src,tar,src_type,tar_type
u13_ac97_rst_force_reg,g221873,cell,cell
u13_ac97_rst_force_reg,g178214,cell,cell
u13_ac97_rst_force_reg,g175813,cell,cell
u13_ac97_rst_force_reg,g175811,cell,cell
u15_crac_din_reg\[0\],g193561,cell,cell
u15_crac_din_reg\[0\],g159414,cell,cell
u15_crac_din_reg\[10\],g193568,cell,cell
u15_crac_din_reg\[10\],g169948,cell,cell
u15_crac_din_reg\[11\],g193564,cell,cell
u15_crac_din_reg\[11\],g159381,cell,cell
u15_crac_din_reg\[12\],g193555,cell,cell
u15_crac_din_reg\[12\],g159403,cell,cell
u15_crac_din_reg\[13\],g193559,cell,cell
u15_crac_din_reg\[13\],g159392,cell,cell
u15_crac_din_reg\[14\],g193556,cell,cell
u15_crac_din_reg\[14\],g169953,cell,cell
u15_crac_din_reg\[15\],g193562,cell,cell
u15_crac_din_reg\[15\],g159413,cell,cell
u15_crac_din_reg\[1\],g193563,cell,cell
u15_crac_din_reg\[1\],g159411,cell,cell
u15_crac_din_reg\[2\],g193569,cell,cell
u15_crac_din_reg\[2\],g159401,cell,cell
u15_crac_din_reg\[3\],g193565,cell,cell
u15_crac_din_reg\[3\],g159384,cell,cell
u15_crac_din_reg\[4\],g193567,cell,cell
u15_crac_din_reg\[4\],g159385,cell,cell
u15_crac_din_reg\[5\],g193557,cell,cell
u15_crac_din_reg\[5\],g181770,cell,cell
u15_crac_din_reg\[6\],g193552,cell,cell
u15_crac_din_reg\[6\],g159383,cell,cell
u15_crac_din_reg\[7\],g193558,cell,cell
u15_crac_din_reg\[7\],g159396,cell,cell
u15_crac_din_reg\[8\],g193554,cell,cell
u15_crac_din_reg\[8\],g159376,cell,cell
u15_crac_din_reg\[9\],g193570,cell,cell
u15_crac_din_reg\[9\],g169958,cell,cell
u13_crac_dout_r_reg\[0\],g176743,cell,cell
u13_crac_dout_r_reg\[0\],g152528__2346,cell,cell
u13_crac_dout_r_reg\[10\],g213854,cell,cell
u13_crac_dout_r_reg\[10\],g152508__7098,cell,cell
u13_crac_dout_r_reg\[11\],g172169,cell,cell
u13_crac_dout_r_reg\[11\],g152506__8246,cell,cell
u13_crac_dout_r_reg\[12\],g82,cell,cell
u13_crac_dout_r_reg\[12\],g152504__5122,cell,cell
u13_crac_dout_r_reg\[13\],g172175,cell,cell
u13_crac_dout_r_reg\[13\],g152502__1705,cell,cell
u13_crac_dout_r_reg\[14\],g172128,cell,cell
u13_crac_dout_r_reg\[14\],g152500__2802,cell,cell
u13_crac_dout_r_reg\[15\],g172136,cell,cell
u13_crac_dout_r_reg\[15\],g152498__1617,cell,cell
u13_crac_r_reg\[0\],g171495,cell,cell
u13_crac_r_reg\[0\],g163689,cell,cell
u13_crac_r_reg\[0\],g152472__2346,cell,cell
u13_crac_r_reg\[1\],g159501,cell,cell
u13_crac_r_reg\[1\],g152470__2883,cell,cell
u13_crac_r_reg\[2\],g196639,cell,cell
u13_crac_r_reg\[2\],g159475,cell,cell
u13_crac_r_reg\[2\],g152468__9945,cell,cell
u13_crac_r_reg\[3\],g171504,cell,cell
u13_crac_r_reg\[3\],g159453,cell,cell
u13_crac_r_reg\[3\],g152466__9315,cell,cell
u13_crac_dout_r_reg\[1\],g172114,cell,cell
u13_crac_dout_r_reg\[1\],g152526__2883,cell,cell
u13_crac_r_reg\[4\],g171473,cell,cell
u13_crac_r_reg\[4\],g163204,cell,cell
u13_crac_r_reg\[4\],g152464__6161,cell,cell
u13_crac_r_reg\[5\],g210439,cell,cell
u13_crac_r_reg\[5\],g164286,cell,cell
u13_crac_r_reg\[5\],g152462__4733,cell,cell
u13_crac_r_reg\[6\],g213833,cell,cell
u13_crac_r_reg\[6\],g163310,cell,cell
u13_crac_r_reg\[6\],g152460__7482,cell,cell
u13_crac_dout_r_reg\[2\],g172126,cell,cell
u13_crac_dout_r_reg\[2\],g152524__9945,cell,cell
u13_crac_r_reg\[7\],g175582,cell,cell
u13_crac_r_reg\[7\],g171492,cell,cell
u13_crac_r_reg\[7\],g158039,cell,cell
u13_crac_r_reg\[7\],g156687,cell,cell
u13_crac_r_reg\[7\],g152458__5115,cell,cell
u13_crac_dout_r_reg\[3\],g172155,cell,cell
u13_crac_dout_r_reg\[3\],g152522__9315,cell,cell
u13_crac_dout_r_reg\[4\],g215497,cell,cell
u13_crac_dout_r_reg\[4\],g152520__6161,cell,cell
u13_crac_dout_r_reg\[5\],g172159,cell,cell
u13_crac_dout_r_reg\[5\],g152518__4733,cell,cell
u13_crac_dout_r_reg\[6\],g85,cell,cell
u13_crac_dout_r_reg\[6\],g152516__7482,cell,cell
u13_crac_dout_r_reg\[7\],g181508,cell,cell
u13_crac_dout_r_reg\[7\],g152514__5115,cell,cell
u13_crac_dout_r_reg\[8\],g172124,cell,cell
u13_crac_dout_r_reg\[8\],g152512__1881,cell,cell
u13_crac_dout_r_reg\[9\],g172157,cell,cell
u13_crac_dout_r_reg\[9\],g152510__6131,cell,cell
u15_crac_rd_done_reg,g193570,cell,cell
u15_crac_rd_done_reg,g193569,cell,cell
u15_crac_rd_done_reg,g193568,cell,cell
u15_crac_rd_done_reg,g193567,cell,cell
u15_crac_rd_done_reg,g193565,cell,cell
u15_crac_rd_done_reg,g193564,cell,cell
u15_crac_rd_done_reg,g193563,cell,cell
u15_crac_rd_done_reg,g193562,cell,cell
u15_crac_rd_done_reg,g193561,cell,cell
u15_crac_rd_done_reg,g193560,cell,cell
u15_crac_rd_done_reg,g193559,cell,cell
u15_crac_rd_done_reg,g193558,cell,cell
u15_crac_rd_done_reg,g193557,cell,cell
u15_crac_rd_done_reg,g193556,cell,cell
u15_crac_rd_done_reg,g193555,cell,cell
u15_crac_rd_done_reg,g193554,cell,cell
u15_crac_rd_done_reg,g193553,cell,cell
u15_crac_rd_done_reg,g193552,cell,cell
u15_crac_rd_done_reg,g169477,cell,cell
u15_crac_rd_done_reg,g159011,cell,cell
u15_crac_wr_reg,g188085,cell,cell
u15_crac_wr_reg,g159575,cell,cell
u15_crac_wr_reg,g159295,cell,cell
u15_crac_wr_reg,g154123__175580,cell,cell
u9_dout_reg\[0\],g163757,cell,cell
u9_dout_reg\[10\],g170001,cell,cell
u9_dout_reg\[11\],g176679,cell,cell
u9_dout_reg\[12\],g163764,cell,cell
u9_dout_reg\[13\],g451,cell,cell
u9_dout_reg\[14\],g163765,cell,cell
u9_dout_reg\[15\],g202337,cell,cell
u9_dout_reg\[16\],g213145,cell,cell
u9_dout_reg\[17\],g163752,cell,cell
u9_dout_reg\[18\],g487,cell,cell
u9_dout_reg\[19\],g434,cell,cell
u9_dout_reg\[1\],g163774,cell,cell
u9_dout_reg\[20\],g157331,cell,cell
u9_dout_reg\[21\],g157332,cell,cell
u9_dout_reg\[22\],g157333,cell,cell
u9_dout_reg\[23\],g163771,cell,cell
u9_dout_reg\[24\],g163768,cell,cell
u9_dout_reg\[25\],g157334,cell,cell
u9_dout_reg\[26\],g157335,cell,cell
u9_dout_reg\[27\],g116,cell,cell
u9_dout_reg\[28\],g157337,cell,cell
u9_dout_reg\[29\],g163776,cell,cell
u9_dout_reg\[2\],g163758,cell,cell
u9_dout_reg\[30\],g163775,cell,cell
u9_dout_reg\[31\],g163767,cell,cell
u9_dout_reg\[3\],g112,cell,cell
u9_dout_reg\[4\],g163759,cell,cell
u9_dout_reg\[5\],g429,cell,cell
u9_dout_reg\[6\],g163754,cell,cell
u9_dout_reg\[7\],g163756,cell,cell
u9_dout_reg\[8\],g174,cell,cell
u9_dout_reg\[9\],g163762,cell,cell
u9_empty_reg,g156715,cell,cell
u9_full_reg,g157343,cell,cell
u12_i3_re_reg,g168964,cell,cell
u12_i3_re_reg,g167058,cell,cell
u12_i3_re_reg,g157293,cell,cell
u12_i3_re_reg,g157280,cell,cell
u12_i3_re_reg,g156715,cell,cell
u12_i3_re_reg,g156701,cell,cell
u9_status_reg\[0\],g157067,cell,cell
u9_status_reg\[0\],g156993,cell,cell
u9_status_reg\[1\],g157067,cell,cell
u9_status_reg\[1\],g156993,cell,cell
u10_dout_reg\[0\],g156983,cell,cell
u10_dout_reg\[10\],g170002,cell,cell
u10_dout_reg\[11\],g163706,cell,cell
u10_dout_reg\[12\],g156982,cell,cell
u10_dout_reg\[13\],g606,cell,cell
u10_dout_reg\[14\],g198086,cell,cell
u10_dout_reg\[15\],g202338,cell,cell
u10_dout_reg\[16\],g200638,cell,cell
u10_dout_reg\[17\],g157221,cell,cell
u10_dout_reg\[18\],g487,cell,cell
u10_dout_reg\[19\],g434,cell,cell
u10_dout_reg\[1\],g157220,cell,cell
u10_dout_reg\[20\],g157215,cell,cell
u10_dout_reg\[21\],g157214,cell,cell
u10_dout_reg\[22\],g157212,cell,cell
u10_dout_reg\[23\],g157338,cell,cell
u10_dout_reg\[24\],g163768,cell,cell
u10_dout_reg\[25\],g157275,cell,cell
u10_dout_reg\[26\],g157270,cell,cell
u10_dout_reg\[27\],g157223,cell,cell
u10_dout_reg\[28\],g157224,cell,cell
u10_dout_reg\[29\],g163776,cell,cell
u10_dout_reg\[2\],g156981,cell,cell
u10_dout_reg\[30\],g163775,cell,cell
u10_dout_reg\[31\],g157073,cell,cell
u10_dout_reg\[3\],g110,cell,cell
u10_dout_reg\[4\],g156986,cell,cell
u10_dout_reg\[5\],g181767,cell,cell
u10_dout_reg\[6\],g171441,cell,cell
u10_dout_reg\[7\],g156984,cell,cell
u10_dout_reg\[8\],g171437,cell,cell
u10_dout_reg\[9\],g172003,cell,cell
u10_empty_reg,g156713,cell,cell
u10_full_reg,g157349,cell,cell
u12_i4_re_reg,g200646,cell,cell
u12_i4_re_reg,g197827,cell,cell
u12_i4_re_reg,g175269,cell,cell
u12_i4_re_reg,g175268,cell,cell
u12_i4_re_reg,g172269,cell,cell
u12_i4_re_reg,g169866,cell,cell
u12_i4_re_reg,g156713,cell,cell
u10_status_reg\[0\],g267,cell,cell
u10_status_reg\[0\],g266,cell,cell
u10_status_reg\[1\],g267,cell,cell
u10_status_reg\[1\],g266,cell,cell
u11_dout_reg\[0\],g163757,cell,cell
u11_dout_reg\[10\],g170001,cell,cell
u11_dout_reg\[11\],g163706,cell,cell
u11_dout_reg\[12\],g163764,cell,cell
u11_dout_reg\[13\],g451,cell,cell
u11_dout_reg\[14\],g163765,cell,cell
u11_dout_reg\[15\],g202337,cell,cell
u11_dout_reg\[16\],g163727,cell,cell
u11_dout_reg\[17\],g163752,cell,cell
u11_dout_reg\[18\],g487,cell,cell
u11_dout_reg\[19\],g434,cell,cell
u11_dout_reg\[1\],g92,cell,cell
u11_dout_reg\[20\],g163729,cell,cell
u11_dout_reg\[21\],g163726,cell,cell
u11_dout_reg\[22\],g163724,cell,cell
u11_dout_reg\[23\],g163720,cell,cell
u11_dout_reg\[24\],g166246,cell,cell
u11_dout_reg\[25\],g163721,cell,cell
u11_dout_reg\[26\],g163725,cell,cell
u11_dout_reg\[27\],g163722,cell,cell
u11_dout_reg\[28\],g163728,cell,cell
u11_dout_reg\[29\],g157339,cell,cell
u11_dout_reg\[2\],g163758,cell,cell
u11_dout_reg\[30\],g155,cell,cell
u11_dout_reg\[31\],g157073,cell,cell
u11_dout_reg\[3\],g110,cell,cell
u11_dout_reg\[4\],g163759,cell,cell
u11_dout_reg\[5\],g429,cell,cell
u11_dout_reg\[6\],g163754,cell,cell
u11_dout_reg\[7\],g163756,cell,cell
u11_dout_reg\[8\],g174,cell,cell
u11_dout_reg\[9\],g163762,cell,cell
u11_empty_reg,g156714,cell,cell
u11_full_reg,g157347,cell,cell
u12_i6_re_reg,g196701,cell,cell
u12_i6_re_reg,g167023,cell,cell
u12_i6_re_reg,g157294,cell,cell
u12_i6_re_reg,g157281,cell,cell
u12_i6_re_reg,g156714,cell,cell
u12_i6_re_reg,g156703,cell,cell
u11_status_reg\[0\],g157069,cell,cell
u11_status_reg\[0\],g156995,cell,cell
u11_status_reg\[1\],g157069,cell,cell
u11_status_reg\[1\],g156995,cell,cell
u13_icc_r_reg\[0\],g60,cell,cell
u13_icc_r_reg\[1\],g180238,cell,cell
u13_icc_r_reg\[1\],g169254,cell,cell
u13_icc_r_reg\[2\],g159909,cell,cell
u13_icc_r_reg\[2\],g159907,cell,cell
u13_icc_r_reg\[3\],g160028,cell,cell
u13_icc_r_reg\[4\],g159518,cell,cell
u13_icc_r_reg\[4\],g157067,cell,cell
u13_icc_r_reg\[4\],g156993,cell,cell
u13_icc_r_reg\[5\],g159444,cell,cell
u13_icc_r_reg\[5\],g157067,cell,cell
u13_icc_r_reg\[6\],g179851,cell,cell
u23_int_set_reg\[0\],g176238,cell,cell
u23_int_set_reg\[1\],g176242,cell,cell
u23_int_set_reg\[1\],g156715,cell,cell
u23_int_set_reg\[2\],g176154,cell,cell
u23_int_set_reg\[2\],g172010,cell,cell
u13_icc_r_reg\[8\],g182896,cell,cell
u13_icc_r_reg\[9\],g159511,cell,cell
u13_icc_r_reg\[10\],g159918,cell,cell
u13_icc_r_reg\[10\],g159916,cell,cell
u13_icc_r_reg\[11\],g160019,cell,cell
u13_icc_r_reg\[12\],g267,cell,cell
u13_icc_r_reg\[12\],g266,cell,cell
u13_icc_r_reg\[12\],g159495,cell,cell
u13_icc_r_reg\[13\],g266,cell,cell
u13_icc_r_reg\[13\],g159466,cell,cell
u13_icc_r_reg\[14\],g178721,cell,cell
u24_int_set_reg\[0\],g176237,cell,cell
u24_int_set_reg\[1\],g176166,cell,cell
u24_int_set_reg\[1\],g156713,cell,cell
u24_int_set_reg\[2\],g176167,cell,cell
u24_int_set_reg\[2\],g154311,cell,cell
u13_icc_r_reg\[16\],g170044,cell,cell
u13_icc_r_reg\[16\],g170042,cell,cell
u13_icc_r_reg\[16\],g163689,cell,cell
u13_icc_r_reg\[16\],g159885,cell,cell
u13_icc_r_reg\[16\],g159879,cell,cell
u13_icc_r_reg\[17\],g159450,cell,cell
u13_icc_r_reg\[18\],g47,cell,cell
u13_icc_r_reg\[18\],g159898,cell,cell
u13_icc_r_reg\[19\],g45,cell,cell
u13_icc_r_reg\[19\],g160051,cell,cell
u13_icc_r_reg\[20\],g163204,cell,cell
u13_icc_r_reg\[20\],g159449,cell,cell
u13_icc_r_reg\[20\],g157069,cell,cell
u13_icc_r_reg\[20\],g156995,cell,cell
u13_icc_r_reg\[21\],g164286,cell,cell
u13_icc_r_reg\[21\],g159451,cell,cell
u13_icc_r_reg\[21\],g157069,cell,cell
u13_icc_r_reg\[22\],g170043,cell,cell
u13_icc_r_reg\[22\],g163310,cell,cell
u25_int_set_reg\[0\],g176239,cell,cell
u25_int_set_reg\[1\],g176241,cell,cell
u25_int_set_reg\[1\],g156714,cell,cell
u25_int_set_reg\[2\],g187484,cell,cell
u25_int_set_reg\[2\],g176243,cell,cell
u1_slt0_reg\[11\],g155583,cell,cell
u1_slt0_reg\[11\],g153401__4319,cell,cell
u1_slt0_reg\[12\],g180237,cell,cell
u1_slt0_reg\[12\],g152964__6417,cell,cell
u1_slt0_reg\[15\],g160159,cell,cell
u1_slt0_reg\[15\],g152859__2802,cell,cell
u1_slt0_reg\[9\],g175346,cell,cell
u1_slt0_reg\[9\],g153994__8246,cell,cell
u1_slt1_reg\[10\],g186369,cell,cell
u1_slt1_reg\[10\],g153590__3680,cell,cell
u1_slt1_reg\[11\],g159149,cell,cell
u1_slt1_reg\[11\],g153402__6260,cell,cell
u1_slt1_reg\[5\],g187725,cell,cell
u1_slt1_reg\[5\],g156116__5115,cell,cell
u1_slt1_reg\[6\],g189273,cell,cell
u1_slt1_reg\[6\],g155592__5477,cell,cell
u1_slt1_reg\[7\],g158306,cell,cell
u1_slt1_reg\[7\],g154858__6260,cell,cell
u1_slt1_reg\[8\],g193874,cell,cell
u1_slt1_reg\[8\],g154395__7482,cell,cell
u1_slt2_reg\[10\],g193552,cell,cell
u1_slt2_reg\[10\],g153589__6783,cell,cell
u1_slt2_reg\[11\],g193558,cell,cell
u1_slt2_reg\[11\],g153403__5526,cell,cell
u1_slt2_reg\[12\],g193554,cell,cell
u1_slt2_reg\[12\],g152963__7410,cell,cell
u1_slt2_reg\[13\],g193570,cell,cell
u1_slt2_reg\[13\],g152879__6161,cell,cell
u1_slt2_reg\[14\],g193568,cell,cell
u1_slt2_reg\[14\],g152867__6131,cell,cell
u1_slt2_reg\[15\],g193564,cell,cell
u1_slt2_reg\[15\],g152857__5122,cell,cell
u1_slt2_reg\[16\],g193555,cell,cell
u1_slt2_reg\[16\],g152845__5526,cell,cell
u1_slt2_reg\[17\],g193559,cell,cell
u1_slt2_reg\[17\],g152833__5477,cell,cell
u1_slt2_reg\[18\],g193556,cell,cell
u1_slt2_reg\[18\],g152825__2346,cell,cell
u1_slt2_reg\[19\],g193562,cell,cell
u1_slt2_reg\[19\],g152816__6161,cell,cell
u1_slt2_reg\[4\],g193561,cell,cell
u1_slt2_reg\[4\],g155591,cell,cell
u1_slt2_reg\[5\],g193563,cell,cell
u1_slt2_reg\[5\],g155590,cell,cell
u1_slt2_reg\[6\],g193569,cell,cell
u1_slt2_reg\[6\],g155589__6417,cell,cell
u1_slt2_reg\[7\],g193565,cell,cell
u1_slt2_reg\[7\],g154857__5107,cell,cell
u1_slt2_reg\[8\],g193567,cell,cell
u1_slt2_reg\[8\],g154396__4733,cell,cell
u1_slt2_reg\[9\],g193557,cell,cell
u1_slt2_reg\[9\],g153995__7098,cell,cell
u1_slt3_reg\[0\],g200341,cell,cell
u1_slt3_reg\[0\],g156719,cell,cell
u1_slt3_reg\[10\],g178338,cell,cell
u1_slt3_reg\[10\],g153875__1705,cell,cell
u1_slt3_reg\[11\],g160131,cell,cell
u1_slt3_reg\[11\],g153341__8428,cell,cell
u1_slt3_reg\[12\],g198254,cell,cell
u1_slt3_reg\[12\],g152962__1666,cell,cell
u1_slt3_reg\[13\],g186722,cell,cell
u1_slt3_reg\[13\],g152878__4733,cell,cell
u1_slt3_reg\[14\],g198253,cell,cell
u1_slt3_reg\[14\],g152866__7098,cell,cell
u1_slt3_reg\[15\],g186730,cell,cell
u1_slt3_reg\[15\],g152856__1617,cell,cell
u1_slt3_reg\[16\],g200347,cell,cell
u1_slt3_reg\[16\],g175719,cell,cell
u1_slt3_reg\[16\],g152844__8428,cell,cell
u1_slt3_reg\[17\],g200345,cell,cell
u1_slt3_reg\[17\],g186734,cell,cell
u1_slt3_reg\[17\],g152832__6417,cell,cell
u1_slt3_reg\[18\],g200347,cell,cell
u1_slt3_reg\[18\],g160144,cell,cell
u1_slt3_reg\[18\],g152824__2883,cell,cell
u1_slt3_reg\[19\],g200345,cell,cell
u1_slt3_reg\[19\],g160140,cell,cell
u1_slt3_reg\[19\],g152815__4733,cell,cell
u1_slt3_reg\[1\],g200343,cell,cell
u1_slt3_reg\[1\],g156720,cell,cell
u1_slt3_reg\[2\],g200349,cell,cell
u1_slt3_reg\[2\],g198742,cell,cell
u1_slt3_reg\[2\],g156721,cell,cell
u1_slt3_reg\[3\],g200348,cell,cell
u1_slt3_reg\[3\],g198750,cell,cell
u1_slt3_reg\[3\],g156722,cell,cell
u1_slt3_reg\[4\],g198741,cell,cell
u1_slt3_reg\[4\],g198258,cell,cell
u1_slt3_reg\[4\],g156723,cell,cell
u1_slt3_reg\[5\],g198740,cell,cell
u1_slt3_reg\[5\],g175711,cell,cell
u1_slt3_reg\[5\],g156115__1881,cell,cell
u1_slt3_reg\[6\],g38,cell,cell
u1_slt3_reg\[6\],g155582__7410,cell,cell
u1_slt3_reg\[7\],g169452,cell,cell
u1_slt3_reg\[7\],g154840__2398,cell,cell
u1_slt3_reg\[8\],g186718,cell,cell
u1_slt3_reg\[8\],g154399__9945,cell,cell
u1_slt3_reg\[9\],g160112,cell,cell
u1_slt3_reg\[9\],g154127__6131,cell,cell
u1_slt4_reg\[0\],g191946,cell,cell
u1_slt4_reg\[0\],g157156,cell,cell
u1_slt4_reg\[10\],g184549,cell,cell
u1_slt4_reg\[10\],g180085,cell,cell
u1_slt4_reg\[10\],g153876__2802,cell,cell
u1_slt4_reg\[11\],g169431,cell,cell
u1_slt4_reg\[11\],g153340__5107,cell,cell
u1_slt4_reg\[12\],g181839,cell,cell
u1_slt4_reg\[12\],g180081,cell,cell
u1_slt4_reg\[12\],g152961__2346,cell,cell
u1_slt4_reg\[13\],g175906,cell,cell
u1_slt4_reg\[13\],g152877__7482,cell,cell
u1_slt4_reg\[14\],g181839,cell,cell
u1_slt4_reg\[14\],g175715,cell,cell
u1_slt4_reg\[14\],g152869__1881,cell,cell
u1_slt4_reg\[15\],g169439,cell,cell
u1_slt4_reg\[15\],g152855__3680,cell,cell
u1_slt4_reg\[16\],g180069,cell,cell
u1_slt4_reg\[16\],g158997,cell,cell
u1_slt4_reg\[16\],g152843__4319,cell,cell
u1_slt4_reg\[17\],g180073,cell,cell
u1_slt4_reg\[17\],g158998,cell,cell
u1_slt4_reg\[17\],g152835__2398,cell,cell
u1_slt4_reg\[18\],g167218,cell,cell
u1_slt4_reg\[18\],g158997,cell,cell
u1_slt4_reg\[18\],g152823__9945,cell,cell
u1_slt4_reg\[19\],g160142,cell,cell
u1_slt4_reg\[19\],g158998,cell,cell
u1_slt4_reg\[19\],g152814__7482,cell,cell
u1_slt4_reg\[1\],g198623,cell,cell
u1_slt4_reg\[1\],g157159,cell,cell
u1_slt4_reg\[2\],g210420,cell,cell
u1_slt4_reg\[2\],g191945,cell,cell
u1_slt4_reg\[2\],g157157,cell,cell
u1_slt4_reg\[3\],g198622,cell,cell
u1_slt4_reg\[3\],g187479,cell,cell
u1_slt4_reg\[3\],g157158,cell,cell
u1_slt4_reg\[4\],g210419,cell,cell
u1_slt4_reg\[4\],g180108,cell,cell
u1_slt4_reg\[4\],g156724,cell,cell
u1_slt4_reg\[5\],g187478,cell,cell
u1_slt4_reg\[5\],g180093,cell,cell
u1_slt4_reg\[5\],g156114,cell,cell
u1_slt4_reg\[6\],g169443,cell,cell
u1_slt4_reg\[6\],g155581__1666,cell,cell
u1_slt4_reg\[7\],g212106,cell,cell
u1_slt4_reg\[7\],g154839__5477,cell,cell
u1_slt4_reg\[8\],g180089,cell,cell
u1_slt4_reg\[8\],g154400__9315,cell,cell
u1_slt4_reg\[9\],g180077,cell,cell
u1_slt4_reg\[9\],g154128__1881,cell,cell
u1_slt6_reg\[0\],g213327,cell,cell
u1_slt6_reg\[0\],g155588,cell,cell
u1_slt6_reg\[10\],g175684,cell,cell
u1_slt6_reg\[10\],g153877__1617,cell,cell
u1_slt6_reg\[11\],g188258,cell,cell
u1_slt6_reg\[11\],g153339__5477,cell,cell
u1_slt6_reg\[12\],g175692,cell,cell
u1_slt6_reg\[12\],g152960__2883,cell,cell
u1_slt6_reg\[13\],g169460,cell,cell
u1_slt6_reg\[13\],g152880__9315,cell,cell
u1_slt6_reg\[14\],g160147,cell,cell
u1_slt6_reg\[14\],g152870__5115,cell,cell
u1_slt6_reg\[15\],g175751,cell,cell
u1_slt6_reg\[15\],g152858__1705,cell,cell
u1_slt6_reg\[16\],g160110,cell,cell
u1_slt6_reg\[16\],g159000,cell,cell
u1_slt6_reg\[16\],g152846__6783,cell,cell
u1_slt6_reg\[17\],g175743,cell,cell
u1_slt6_reg\[17\],g158992,cell,cell
u1_slt6_reg\[17\],g152836__5107,cell,cell
u1_slt6_reg\[18\],g160103,cell,cell
u1_slt6_reg\[18\],g159000,cell,cell
u1_slt6_reg\[18\],g152826__1666,cell,cell
u1_slt6_reg\[19\],g160151,cell,cell
u1_slt6_reg\[19\],g158992,cell,cell
u1_slt6_reg\[19\],g152817__9315,cell,cell
u1_slt6_reg\[1\],g178920,cell,cell
u1_slt6_reg\[1\],g155587,cell,cell
u1_slt6_reg\[2\],g213327,cell,cell
u1_slt6_reg\[2\],g170134,cell,cell
u1_slt6_reg\[2\],g155586,cell,cell
u1_slt6_reg\[3\],g178919,cell,cell
u1_slt6_reg\[3\],g170138,cell,cell
u1_slt6_reg\[3\],g155585,cell,cell
u1_slt6_reg\[4\],g170134,cell,cell
u1_slt6_reg\[4\],g160145,cell,cell
u1_slt6_reg\[4\],g155584,cell,cell
u1_slt6_reg\[5\],g186710,cell,cell
u1_slt6_reg\[5\],g170138,cell,cell
u1_slt6_reg\[5\],g155579,cell,cell
u1_slt6_reg\[6\],g169464,cell,cell
u1_slt6_reg\[6\],g155578__2346,cell,cell
u1_slt6_reg\[7\],g186714,cell,cell
u1_slt6_reg\[7\],g154838__6417,cell,cell
u1_slt6_reg\[8\],g175755,cell,cell
u1_slt6_reg\[8\],g154401__6161,cell,cell
u1_slt6_reg\[9\],g175677,cell,cell
u1_slt6_reg\[9\],g154129__5115,cell,cell
u2_in_valid_reg\[0\],g156877,cell,cell
u2_in_valid_reg\[1\],g157198,cell,cell
u2_in_valid_reg\[2\],g156879,cell,cell
in_valid_s1_reg\[0\],g174970,cell,cell
in_valid_s1_reg\[1\],g156876,cell,cell
in_valid_s1_reg\[2\],g173250,cell,cell
in_valid_s_reg\[0\],g184059,cell,cell
in_valid_s_reg\[0\],g183349,cell,cell
in_valid_s_reg\[0\],g180237,cell,cell
in_valid_s_reg\[0\],g174972,cell,cell
in_valid_s_reg\[1\],g182846,cell,cell
in_valid_s_reg\[1\],g167578,cell,cell
in_valid_s_reg\[1\],g156643,cell,cell
in_valid_s_reg\[1\],g155583,cell,cell
in_valid_s_reg\[2\],g182134,cell,cell
in_valid_s_reg\[2\],g181936,cell,cell
in_valid_s_reg\[2\],g175347,cell,cell
in_valid_s_reg\[2\],g173254,cell,cell
in_valid_s_reg\[2\],g173253,cell,cell
u2_ld_reg,g156919,cell,cell
u2_ld_reg,drc_buf_sp165083,cell,cell
u2_ld_reg,drc_buf_sp165033,cell,cell
u2_ld_reg,drc_buf_sp165032,cell,cell
u2_ld_reg,drc_buf_sp165031,cell,cell
u2_ld_reg,drc_buf_sp165030,cell,cell
u2_ld_reg,drc_buf_sp165029,cell,cell
u2_ld_reg,drc_buf_sp165028,cell,cell
u2_ld_reg,drc_buf_sp165027,cell,cell
u2_ld_reg,drc_buf_sp165026,cell,cell
g160098,g179537,cell,cell
g159562,g168648,cell,cell
drc_buf_sp165634,g212607,cell,cell
drc_buf_sp165634,g187540,cell,cell
drc_buf_sp165634,g179685,cell,cell
drc_buf_sp165634,g178275,cell,cell
drc_buf_sp165634,g172169,cell,cell
drc_buf_sp165634,g165652,cell,cell
drc_buf_sp165634,g165650,cell,cell
drc_buf_sp165634,g165646,cell,cell
drc_buf_sp165634,g165642,cell,cell
drc_buf_sp165634,g165640,cell,cell
drc_buf_sp165634,g165638,cell,cell
drc_buf_sp165634,g165633,cell,cell
g165633,u5_mem_reg\[3\]\[11\],cell,cell
g165638,u6_mem_reg\[0\]\[11\],cell,cell
g165640,u5_mem_reg\[1\]\[11\],cell,cell
g165642,u6_mem_reg\[1\]\[11\],cell,cell
g165646,u8_mem_reg\[2\]\[11\],cell,cell
g165647,u5_mem_reg\[2\]\[11\],cell,cell
g165650,u7_mem_reg\[2\]\[11\],cell,cell
g165651,u4_mem_reg\[2\]\[11\],cell,cell
g165652,u8_mem_reg\[0\]\[11\],cell,cell
g165655,u13_icc_r_reg\[11\],cell,cell
drc_buf_sp165660,drc_buf_sp165659,cell,cell
drc_buf_sp165659,g216476,cell,cell
drc_buf_sp165659,g202318,cell,cell
drc_buf_sp165659,g200154,cell,cell
drc_buf_sp165659,g191971,cell,cell
drc_buf_sp165659,g184894,cell,cell
drc_buf_sp165659,g179690,cell,cell
drc_buf_sp165659,g172868,cell,cell
drc_buf_sp165659,g170387,cell,cell
drc_buf_sp165659,g167906,cell,cell
drc_buf_sp165659,g167883,cell,cell
drc_buf_sp165659,g166570,cell,cell
drc_buf_sp165659,g165680,cell,cell
drc_buf_sp165659,g165676,cell,cell
g165662,u5_mem_reg\[3\]\[12\],cell,cell
g165667,u6_mem_reg\[0\]\[12\],cell,cell
g165669,u5_mem_reg\[1\]\[12\],cell,cell
g165671,u6_mem_reg\[1\]\[12\],cell,cell
g165675,u8_mem_reg\[2\]\[12\],cell,cell
g165676,u5_mem_reg\[2\]\[12\],cell,cell
g165679,u7_mem_reg\[2\]\[12\],cell,cell
g165680,u4_mem_reg\[2\]\[12\],cell,cell
g165681,u8_mem_reg\[0\]\[12\],cell,cell
g165683,u13_icc_r_reg\[12\],cell,cell
drc_buf_sp165689,drc_buf_sp165692,cell,cell
g165690,u6_mem_reg\[0\]\[5\],cell,cell
drc_buf_sp165692,g202315,cell,cell
drc_buf_sp165692,g200146,cell,cell
drc_buf_sp165692,g186038,cell,cell
drc_buf_sp165692,g178277,cell,cell
drc_buf_sp165692,g172159,cell,cell
drc_buf_sp165692,g169548,cell,cell
drc_buf_sp165692,g165712,cell,cell
drc_buf_sp165692,g165708,cell,cell
drc_buf_sp165692,g165704,cell,cell
drc_buf_sp165692,g165702,cell,cell
drc_buf_sp165692,g165698,cell,cell
drc_buf_sp165692,g165694,cell,cell
g165694,u5_mem_reg\[3\]\[5\],cell,cell
g165698,u5_mem_reg\[1\]\[5\],cell,cell
g165702,u8_mem_reg\[0\]\[5\],cell,cell
g165704,u8_mem_reg\[2\]\[5\],cell,cell
g165705,u5_mem_reg\[2\]\[5\],cell,cell
g165708,u7_mem_reg\[2\]\[5\],cell,cell
g165709,u4_mem_reg\[2\]\[5\],cell,cell
g165712,u13_icc_r_reg\[5\],cell,cell
drc_buf_sp165718,g187152,cell,cell
g165722,u5_mem_reg\[3\]\[13\],cell,cell
g165725,u6_mem_reg\[0\]\[13\],cell,cell
g165727,u5_mem_reg\[1\]\[13\],cell,cell
g165732,u8_mem_reg\[2\]\[13\],cell,cell
g159671,g166609,cell,cell
g159671,g159668,cell,cell
g165733,u5_mem_reg\[2\]\[13\],cell,cell
g165736,u7_mem_reg\[2\]\[13\],cell,cell
g165737,u4_mem_reg\[2\]\[13\],cell,cell
g165738,u8_mem_reg\[0\]\[13\],cell,cell
g165740,u13_icc_r_reg\[13\],cell,cell
drc_buf_sp165747,g181433,cell,cell
g165752,u6_mem_reg\[0\]\[16\],cell,cell
g165755,u5_mem_reg\[1\]\[16\],cell,cell
g165757,u6_mem_reg\[1\]\[16\],cell,cell
g165761,u8_mem_reg\[2\]\[16\],cell,cell
g165762,u5_mem_reg\[2\]\[16\],cell,cell
g165765,u7_mem_reg\[2\]\[16\],cell,cell
g165766,u4_mem_reg\[2\]\[16\],cell,cell
g165767,u8_mem_reg\[0\]\[16\],cell,cell
g165771,u13_icc_r_reg\[16\],cell,cell
drc_buf_sp165775,drc_buf_sp165777,cell,cell
drc_buf_sp165777,g212609,cell,cell
drc_buf_sp165777,g196753,cell,cell
drc_buf_sp165777,g186019,cell,cell
drc_buf_sp165777,g178269,cell,cell
drc_buf_sp165777,g171489,cell,cell
drc_buf_sp165777,g170393,cell,cell
drc_buf_sp165777,g169550,cell,cell
drc_buf_sp165777,g167903,cell,cell
drc_buf_sp165777,g165795,cell,cell
drc_buf_sp165777,g165793,cell,cell
drc_buf_sp165777,g165789,cell,cell
drc_buf_sp165777,g165779,cell,cell
g165779,u6_mem_reg\[0\]\[17\],cell,cell
g165784,u5_mem_reg\[1\]\[17\],cell,cell
g165789,u8_mem_reg\[2\]\[17\],cell,cell
g165790,u5_mem_reg\[2\]\[17\],cell,cell
g165793,u7_mem_reg\[2\]\[17\],cell,cell
g165794,u4_mem_reg\[2\]\[17\],cell,cell
g165795,u8_mem_reg\[0\]\[17\],cell,cell
g165798,u13_icc_r_reg\[17\],cell,cell
drc_buf_sp41,drc_buf_sp40,cell,cell
g158346,g164005,cell,cell
drc_buf_sp40,g219306,cell,cell
drc_buf_sp40,g212604,cell,cell
drc_buf_sp40,g196639,cell,cell
drc_buf_sp40,g179673,cell,cell
drc_buf_sp40,g178280,cell,cell
drc_buf_sp40,g170405,cell,cell
drc_buf_sp40,g169551,cell,cell
drc_buf_sp40,g165822,cell,cell
drc_buf_sp40,g165818,cell,cell
drc_buf_sp40,g165816,cell,cell
drc_buf_sp40,g165812,cell,cell
g165805,u6_mem_reg\[0\]\[18\],cell,cell
g165807,u5_mem_reg\[1\]\[18\],cell,cell
g165812,u8_mem_reg\[2\]\[18\],cell,cell
g165813,u5_mem_reg\[2\]\[18\],cell,cell
g165816,u7_mem_reg\[2\]\[18\],cell,cell
g165817,u4_mem_reg\[2\]\[18\],cell,cell
g165818,u8_mem_reg\[0\]\[18\],cell,cell
g165822,u13_icc_r_reg\[18\],cell,cell
g213181,g216451,cell,cell
g213181,g202307,cell,cell
g213181,g200151,cell,cell
g213181,g186012,cell,cell
g213181,g178752,cell,cell
g213181,g177544,cell,cell
g213181,g168478,cell,cell
g213181,g167866,cell,cell
g213181,g166777,cell,cell
g213181,g166732,cell,cell
g213181,g165817,cell,cell
g213181,g165813,cell,cell
g213181,g165807,cell,cell
g213181,g165805,cell,cell
g213181,g155745,cell,cell
drc_buf_sp165827,drc_buf_sp165829,cell,cell
drc_buf_sp165827,drc_buf_sp165826,cell,cell
drc_buf_sp165826,g216465,cell,cell
drc_buf_sp165826,g202310,cell,cell
drc_buf_sp165826,g200155,cell,cell
drc_buf_sp165826,g186037,cell,cell
drc_buf_sp165826,g184888,cell,cell
drc_buf_sp165826,g167865,cell,cell
drc_buf_sp165826,g165848,cell,cell
drc_buf_sp165826,g165844,cell,cell
drc_buf_sp165826,g165840,cell,cell
drc_buf_sp165826,g165834,cell,cell
drc_buf_sp165826,g165832,cell,cell
drc_buf_sp165829,g212610,cell,cell
drc_buf_sp165829,g179672,cell,cell
drc_buf_sp165829,g178267,cell,cell
drc_buf_sp165829,g171504,cell,cell
drc_buf_sp165829,g171179,cell,cell
drc_buf_sp165829,g169552,cell,cell
drc_buf_sp165829,g167901,cell,cell
drc_buf_sp165829,g165845,cell,cell
drc_buf_sp165829,g165843,cell,cell
drc_buf_sp165829,g165839,cell,cell
drc_buf_sp165829,g165833,cell,cell
g165832,u6_mem_reg\[0\]\[19\],cell,cell
g165833,u8_mem_reg\[1\]\[19\],cell,cell
g165834,u5_mem_reg\[1\]\[19\],cell,cell
g165839,u8_mem_reg\[2\]\[19\],cell,cell
g165840,u5_mem_reg\[2\]\[19\],cell,cell
g165843,u7_mem_reg\[2\]\[19\],cell,cell
g165844,u4_mem_reg\[2\]\[19\],cell,cell
g165845,u8_mem_reg\[0\]\[19\],cell,cell
g165848,u13_icc_r_reg\[19\],cell,cell
g165857,u8_mem_reg\[2\]\[20\],cell,cell
g165860,u6_mem_reg\[0\]\[20\],cell,cell
g165861,u5_mem_reg\[1\]\[20\],cell,cell
g165864,u6_mem_reg\[1\]\[20\],cell,cell
g165868,u5_mem_reg\[2\]\[20\],cell,cell
g165870,u7_mem_reg\[2\]\[20\],cell,cell
g165871,u4_mem_reg\[2\]\[20\],cell,cell
g165872,u8_mem_reg\[0\]\[20\],cell,cell
g165874,u13_icc_r_reg\[20\],cell,cell
g213278,g202297,cell,cell
g213278,g197748,cell,cell
g213278,g186018,cell,cell
g213278,g167882,cell,cell
g213278,g166730,cell,cell
g213278,g165861,cell,cell
g165884,u8_mem_reg\[2\]\[21\],cell,cell
g165887,u6_mem_reg\[0\]\[21\],cell,cell
g165889,u3_mem_reg\[1\]\[21\],cell,cell
g165890,u5_mem_reg\[1\]\[21\],cell,cell
g165895,u5_mem_reg\[2\]\[21\],cell,cell
g165897,u7_mem_reg\[2\]\[21\],cell,cell
g165898,u4_mem_reg\[2\]\[21\],cell,cell
g165899,u8_mem_reg\[0\]\[21\],cell,cell
g165902,u13_icc_r_reg\[21\],cell,cell
g213185,g214228,cell,cell
g213185,g213193,cell,cell
g165918,u6_mem_reg\[1\]\[22\],cell,cell
g159145,g153616__5526,cell,cell
g165922,u5_mem_reg\[2\]\[22\],cell,cell
g159548,g166616,cell,cell
g165932,g182413,cell,cell
g165932,g178810,cell,cell
g165932,g168473,cell,cell
g165932,g166773,cell,cell
drc_buf_sp165935,g181523,cell,cell
g165936,u8_mem_reg\[2\]\[23\],cell,cell
g165940,u6_mem_reg\[0\]\[23\],cell,cell
g165945,u5_mem_reg\[1\]\[23\],cell,cell
g165947,u6_mem_reg\[1\]\[23\],cell,cell
g158322,g164102,cell,cell
g165951,u5_mem_reg\[2\]\[23\],cell,cell
g165953,u7_mem_reg\[2\]\[23\],cell,cell
g165954,u4_mem_reg\[2\]\[23\],cell,cell
g165956,u8_mem_reg\[0\]\[23\],cell,cell
g165957,u13_icc_r_reg\[23\],cell,cell
g165959,g182414,cell,cell
g165959,g178808,cell,cell
g165959,g166772,cell,cell
g165959,g166727,cell,cell
g158321,g157913,cell,cell
drc_buf_sp165962,g213149,cell,cell
drc_buf_sp165962,g170749,cell,cell
g165965,u5_mem_reg\[2\]\[31\],cell,cell
g165966,u8_mem_reg\[2\]\[31\],cell,cell
g165969,u6_mem_reg\[0\]\[31\],cell,cell
g165974,u5_mem_reg\[1\]\[31\],cell,cell
g165976,u6_mem_reg\[1\]\[31\],cell,cell
g165980,u7_mem_reg\[2\]\[31\],cell,cell
g165981,u4_mem_reg\[2\]\[31\],cell,cell
g165982,u8_mem_reg\[0\]\[31\],cell,cell
drc_buf_sp165988,g176538,cell,cell
g165993,u8_mem_reg\[2\]\[28\],cell,cell
g165996,u6_mem_reg\[0\]\[28\],cell,cell
g165999,u8_mem_reg\[1\]\[28\],cell,cell
g166000,u5_mem_reg\[1\]\[28\],cell,cell
g166002,u6_mem_reg\[1\]\[28\],cell,cell
g166006,u5_mem_reg\[2\]\[28\],cell,cell
g166007,u7_mem_reg\[2\]\[28\],cell,cell
g166008,u4_mem_reg\[2\]\[28\],cell,cell
g166009,u8_mem_reg\[0\]\[28\],cell,cell
g159409,g177869,cell,cell
g158313,g157921,cell,cell
g213157,g213160,cell,cell
g213157,g213156,cell,cell
g213157,g181557,cell,cell
g158312,g169265,cell,cell
g166042,u8_mem_reg\[2\]\[24\],cell,cell
g166043,u6_mem_reg\[0\]\[24\],cell,cell
g169481,g188091,cell,cell
g169481,g188084,cell,cell
g169481,g188060,cell,cell
g169481,g158311,cell,cell
g169481,g152432__4319,cell,cell
g166049,u5_mem_reg\[1\]\[24\],cell,cell
g166051,u6_mem_reg\[1\]\[24\],cell,cell
g166055,u5_mem_reg\[2\]\[24\],cell,cell
g166058,u7_mem_reg\[2\]\[24\],cell,cell
g166059,u4_mem_reg\[2\]\[24\],cell,cell
g166060,u8_mem_reg\[0\]\[24\],cell,cell
g213167,g213171,cell,cell
g213167,g213166,cell,cell
g213167,g181469,cell,cell
g166068,u8_mem_reg\[2\]\[25\],cell,cell
g158311,g157118,cell,cell
g166071,u6_mem_reg\[0\]\[25\],cell,cell
g166075,u5_mem_reg\[1\]\[25\],cell,cell
g166081,u5_mem_reg\[2\]\[25\],cell,cell
g166084,u7_mem_reg\[2\]\[25\],cell,cell
g166085,u4_mem_reg\[2\]\[25\],cell,cell
g166086,u8_mem_reg\[0\]\[25\],cell,cell
g213259,g213263,cell,cell
g213259,g187520,cell,cell
g166092,u8_mem_reg\[2\]\[26\],cell,cell
g166096,u6_mem_reg\[0\]\[26\],cell,cell
g166099,u8_mem_reg\[1\]\[26\],cell,cell
g166100,u5_mem_reg\[1\]\[26\],cell,cell
g166102,u6_mem_reg\[1\]\[26\],cell,cell
g166106,u5_mem_reg\[2\]\[26\],cell,cell
g166110,u7_mem_reg\[2\]\[26\],cell,cell
g166111,u4_mem_reg\[2\]\[26\],cell,cell
g166112,u8_mem_reg\[0\]\[26\],cell,cell
g72,g71,cell,cell
g72,g210690,cell,cell
g166118,u8_mem_reg\[2\]\[27\],cell,cell
g166122,u6_mem_reg\[0\]\[27\],cell,cell
g166125,u8_mem_reg\[1\]\[27\],cell,cell
g166126,u5_mem_reg\[1\]\[27\],cell,cell
g166128,u6_mem_reg\[1\]\[27\],cell,cell
g159586,g159025,cell,cell
g166132,u5_mem_reg\[2\]\[27\],cell,cell
g166135,u7_mem_reg\[2\]\[27\],cell,cell
g166136,u4_mem_reg\[2\]\[27\],cell,cell
g166138,u8_mem_reg\[0\]\[27\],cell,cell
g158306,g188068,cell,cell
g158301,g177292,cell,cell
g166192,g181983,cell,cell
g166192,g164284_dup,cell,cell
g166190,g181981,cell,cell
g166190,g164286,cell,cell
g164284_dup,g198075,cell,cell
g164284_dup,g196605,cell,cell
g164284_dup,g166622,cell,cell
g164284_dup,g166620,cell,cell
g164284_dup,g166614,cell,cell
g164284_dup,g166613,cell,cell
g164284_dup,g166498,cell,cell
g164284_dup,g166487,cell,cell
g164284_dup,g166484,cell,cell
g164284_dup,g166482,cell,cell
g159025,g158297,cell,cell
g159025,g157856,cell,cell
g158297,g166544,cell,cell
g160065,g177869,cell,cell
g166238,g199212,cell,cell
g166238,g166240,cell,cell
g166238,g164348,cell,cell
g166238,g164308,cell,cell
g166238,g158250_dup,cell,cell
g166238,g157566,cell,cell
g166238,g157561,cell,cell
g166238,g157559,cell,cell
g166238,g156707,cell,cell
g166238,g156706,cell,cell
g166240,g489,cell,cell
g166240,g435,cell,cell
g166240,g171439,cell,cell
g166240,g171436,cell,cell
g166240,g166249,cell,cell
g166240,g166248,cell,cell
g166240,g166247,cell,cell
g166240,g166246,cell,cell
g166240,g166245,cell,cell
g166240,g166242,cell,cell
g166240,g166239,cell,cell
g166239,g156158,cell,cell
g166242,g156144,cell,cell
g166245,g426,cell,cell
g166246,g156126,cell,cell
g166247,g155577,cell,cell
g166248,g156146,cell,cell
g166249,g156137,cell,cell
g158250_dup,g202339,cell,cell
g158250_dup,g166260,cell,cell
g158250_dup,g166259,cell,cell
g158250_dup,g166257,cell,cell
g158250_dup,g166255,cell,cell
g158250_dup,g166253,cell,cell
g158250_dup,g166252,cell,cell
g158250_dup,g166251,cell,cell
g158250_dup,g129,cell,cell
g158250_dup,g111,cell,cell
g166251,g448,cell,cell
g166252,g156132,cell,cell
g166253,g176677,cell,cell
g166255,g156139,cell,cell
g166257,g156143,cell,cell
g166259,g171440,cell,cell
g166260,g156147,cell,cell
drc_buf_sp49,drc_buf_sp48,cell,cell
drc_buf_sp49,drc_buf_sp47,cell,cell
drc_buf_sp47,g216460,cell,cell
drc_buf_sp47,g202300,cell,cell
drc_buf_sp47,g197738,cell,cell
drc_buf_sp47,g178282,cell,cell
drc_buf_sp47,g167876,cell,cell
drc_buf_sp47,g166277,cell,cell
drc_buf_sp47,g166275,cell,cell
drc_buf_sp47,g166265,cell,cell
drc_buf_sp47,g166263,cell,cell
drc_buf_sp48,g212605,cell,cell
drc_buf_sp48,g200149,cell,cell
drc_buf_sp48,g186029,cell,cell
drc_buf_sp48,g179669,cell,cell
drc_buf_sp48,g176436,cell,cell
drc_buf_sp48,g166278,cell,cell
drc_buf_sp48,g166272,cell,cell
drc_buf_sp48,g166270,cell,cell
drc_buf_sp48,g166262,cell,cell
g166262,u5_mem_reg\[2\]\[30\],cell,cell
g166263,u8_mem_reg\[2\]\[30\],cell,cell
g166265,u8_mem_reg\[0\]\[30\],cell,cell
g166270,u6_mem_reg\[0\]\[30\],cell,cell
g166272,u5_mem_reg\[1\]\[30\],cell,cell
g166275,u6_mem_reg\[1\]\[30\],cell,cell
g166277,u7_mem_reg\[2\]\[30\],cell,cell
g166278,u4_mem_reg\[2\]\[30\],cell,cell
g166280,g183172,cell,cell
g166280,g178804,cell,cell
g166281,g197482,cell,cell
g166281,g173513,cell,cell
g166281,g168471,cell,cell
g166281,g166721,cell,cell
drc_buf_sp166284,g176608,cell,cell
drc_buf_sp166284,drc_buf_sp170772,cell,cell
g166285,u8_mem_reg\[0\]\[29\],cell,cell
g166287,u8_mem_reg\[2\]\[29\],cell,cell
g166290,u6_mem_reg\[0\]\[29\],cell,cell
g166291,u5_mem_reg\[1\]\[29\],cell,cell
g166297,u6_mem_reg\[1\]\[29\],cell,cell
g166300,u5_mem_reg\[2\]\[29\],cell,cell
g166301,u7_mem_reg\[2\]\[29\],cell,cell
g166302,u4_mem_reg\[2\]\[29\],cell,cell
g166304,g53,cell,cell
g166304,g178805,cell,cell
g166305,g197613,cell,cell
g166305,g173512,cell,cell
g166305,g168472,cell,cell
g166305,g166722,cell,cell
g160064,u1_sdata_in_r_reg,cell,cell
drc_buf_sp166329,g157158,cell,cell
drc_buf_sp166329,g157156,cell,cell
drc_buf_sp166329,g156114,cell,cell
drc_buf_sp166329,g154839__5477,cell,cell
drc_buf_sp166329,g154128__1881,cell,cell
drc_buf_sp166329,g153340__5107,cell,cell
drc_buf_sp166329,g152877__7482,cell,cell
drc_buf_sp166329,g152855__3680,cell,cell
drc_buf_sp166329,g152835__2398,cell,cell
drc_buf_sp166329,g152823__9945,cell,cell
drc_buf_sp166354,g156722,cell,cell
drc_buf_sp166354,g156719,cell,cell
drc_buf_sp166354,g156115__1881,cell,cell
drc_buf_sp166354,g154840__2398,cell,cell
drc_buf_sp166354,g154127__6131,cell,cell
drc_buf_sp166354,g153341__8428,cell,cell
drc_buf_sp166354,g152878__4733,cell,cell
drc_buf_sp166354,g152856__1617,cell,cell
drc_buf_sp166354,g152832__6417,cell,cell
drc_buf_sp166354,g152824__2883,cell,cell
drc_buf_sp166379,g156722,cell,cell
drc_buf_sp166379,g156719,cell,cell
drc_buf_sp166379,g156115__1881,cell,cell
drc_buf_sp166379,g154840__2398,cell,cell
drc_buf_sp166379,g154127__6131,cell,cell
drc_buf_sp166379,g153341__8428,cell,cell
drc_buf_sp166379,g152878__4733,cell,cell
drc_buf_sp166379,g152856__1617,cell,cell
drc_buf_sp166379,g152832__6417,cell,cell
drc_buf_sp166379,g152824__2883,cell,cell
drc_buf_sp166404,g157158,cell,cell
drc_buf_sp166404,g157156,cell,cell
drc_buf_sp166404,g156114,cell,cell
drc_buf_sp166404,g154839__5477,cell,cell
drc_buf_sp166404,g154128__1881,cell,cell
drc_buf_sp166404,g153340__5107,cell,cell
drc_buf_sp166404,g152877__7482,cell,cell
drc_buf_sp166404,g152855__3680,cell,cell
drc_buf_sp166404,g152835__2398,cell,cell
drc_buf_sp166404,g152823__9945,cell,cell
drc_bufs164441,g159161,cell,cell
drc_bufs164441,drc_bufs164586,cell,cell
drc_buf_sp166429,g155588,cell,cell
drc_buf_sp166429,g155585,cell,cell
drc_buf_sp166429,g155579,cell,cell
drc_buf_sp166429,g154838__6417,cell,cell
drc_buf_sp166429,g154129__5115,cell,cell
drc_buf_sp166429,g153339__5477,cell,cell
drc_buf_sp166429,g152880__9315,cell,cell
drc_buf_sp166429,g152858__1705,cell,cell
drc_buf_sp166429,g152836__5107,cell,cell
drc_buf_sp166429,g152826__1666,cell,cell
g159022,g158017,cell,cell
g159022,g157289,cell,cell
g158017,g157286,cell,cell
drc_buf_sp166454,g155588,cell,cell
drc_buf_sp166454,g155585,cell,cell
drc_buf_sp166454,g155579,cell,cell
drc_buf_sp166454,g154838__6417,cell,cell
drc_buf_sp166454,g154129__5115,cell,cell
drc_buf_sp166454,g153339__5477,cell,cell
drc_buf_sp166454,g152880__9315,cell,cell
drc_buf_sp166454,g152858__1705,cell,cell
drc_buf_sp166454,g152836__5107,cell,cell
drc_buf_sp166454,g152826__1666,cell,cell
g158011,g169382,cell,cell
g158009,g169382,cell,cell
g166481,g181766,cell,cell
g166481,g169954,cell,cell
g166481,g169953,cell,cell
g166481,g164286,cell,cell
g166481,g163310,cell,cell
g166482,g435,cell,cell
g166484,g176040,cell,cell
g166485,g156982,cell,cell
g166487,g166247,cell,cell
g166491,g202338,cell,cell
g166492,g156981,cell,cell
g159178,g158895,cell,cell
g159178,g158013,cell,cell
g159178,g157581,cell,cell
g166494,g156983,cell,cell
g166495,g156986,cell,cell
g166497,g143,cell,cell
g166498,g166252,cell,cell
g166500,g156984,cell,cell
g166501,g171436,cell,cell
g181766,g181768,cell,cell
g181766,g169945,cell,cell
g181766,g169001,cell,cell
g181766,g166610,cell,cell
g181766,g166501,cell,cell
g181766,g166500,cell,cell
g181766,g166498,cell,cell
g181766,g166497,cell,cell
g181766,g166495,cell,cell
g181766,g166494,cell,cell
g157581,u2_out_le_reg\[3\],cell,cell
drc_buf_sp46,g223600,cell,cell
drc_buf_sp46,drc_buf_sp45,cell,cell
drc_buf_sp45,g202288,cell,cell
drc_buf_sp45,g186040,cell,cell
drc_buf_sp45,g179699,cell,cell
drc_buf_sp45,g167912,cell,cell
drc_buf_sp45,g166567,cell,cell
drc_buf_sp45,g166516,cell,cell
drc_buf_sp45,g166512,cell,cell
drc_buf_sp45,g166506,cell,cell
drc_buf_sp45,g166503,cell,cell
g166503,u8_mem_reg\[2\]\[1\],cell,cell
g166504,u5_mem_reg\[2\]\[1\],cell,cell
g166505,u7_mem_reg\[2\]\[1\],cell,cell
g166506,u4_mem_reg\[2\]\[1\],cell,cell
g166512,u6_mem_reg\[0\]\[1\],cell,cell
g166516,u8_mem_reg\[0\]\[1\],cell,cell
g166520,u13_resume_req_reg,cell,cell
g166526,u13_ac97_rst_force_reg,cell,cell
g166528,u4_mem_reg\[2\]\[0\],cell,cell
g166529,u7_mem_reg\[2\]\[0\],cell,cell
g166531,u5_mem_reg\[2\]\[0\],cell,cell
g166532,u8_mem_reg\[2\]\[0\],cell,cell
g166533,u8_mem_reg\[0\]\[0\],cell,cell
g164246_dup,g216466,cell,cell
g164246_dup,g202305,cell,cell
g164246_dup,g186039,cell,cell
g164246_dup,g184877,cell,cell
g164246_dup,g179700,cell,cell
g164246_dup,g176743,cell,cell
g164246_dup,g175414,cell,cell
g164246_dup,g167858,cell,cell
g164246_dup,g166538,cell,cell
g166538,u6_mem_reg\[0\]\[0\],cell,cell
g166545,g166553,cell,cell
g166545,g166552,cell,cell
g166545,g166551,cell,cell
g166545,g166550,cell,cell
g166545,g166546,cell,cell
g166545,g166544,cell,cell
g166544,u11_empty_reg,cell,cell
g166546,g44,cell,cell
g166546,g196187,cell,cell
g166546,g175618,cell,cell
g166546,g158933,cell,cell
g166546,g158932,cell,cell
g166546,g158929,cell,cell
g166546,g158927,cell,cell
g166546,g158913,cell,cell
g166546,g158912,cell,cell
g166546,g158911,cell,cell
g166546,g158910,cell,cell
g166546,g158909,cell,cell
g166546,g158907,cell,cell
g166546,g158906,cell,cell
g166546,g158829,cell,cell
g166546,g158530,cell,cell
g166550,g179828,cell,cell
g166551,g158477,cell,cell
g166552,g158521,cell,cell
g166553,g158527,cell,cell
g166567,u13_occ1_r_reg\[1\],cell,cell
g166568,u13_occ1_r_reg\[13\],cell,cell
g166569,u13_occ1_r_reg\[5\],cell,cell
g166570,u13_occ1_r_reg\[12\],cell,cell
g166571,u13_occ1_r_reg\[11\],cell,cell
g166576,u13_occ1_r_reg\[3\],cell,cell
g166577,u13_occ1_r_reg\[2\],cell,cell
g166578,u13_occ1_r_reg\[7\],cell,cell
g166608,g181987,cell,cell
g166609,g166242,cell,cell
g166610,g166253,cell,cell
g181986,g92,cell,cell
g181986,g181981,cell,cell
g166613,g166251,cell,cell
g166614,g166255,cell,cell
g166615,g166249,cell,cell
g166616,g166245,cell,cell
g181987,g200192,cell,cell
g181987,g196605,cell,cell
g181987,g181986,cell,cell
g181987,g179852,cell,cell
g181987,g166624,cell,cell
g181987,g166622,cell,cell
g181987,g166620,cell,cell
g181987,g166618,cell,cell
g181987,g166617,cell,cell
g181987,g166616,cell,cell
g181987,g166615,cell,cell
g181987,g166614,cell,cell
g181987,g166613,cell,cell
g181987,g166610,cell,cell
g181987,g166609,cell,cell
g181987,g10,cell,cell
g166617,g171439,cell,cell
g166618,g166248,cell,cell
g166620,g202339,cell,cell
g166622,g166257,cell,cell
g166624,g166260,cell,cell
drc_buf_sp166649,g155591,cell,cell
drc_buf_sp166649,g155589__6417,cell,cell
drc_buf_sp166649,g154396__4733,cell,cell
drc_buf_sp166649,g153589__6783,cell,cell
drc_buf_sp166649,g152963__7410,cell,cell
drc_buf_sp166649,g152867__6131,cell,cell
drc_buf_sp166649,g152845__5526,cell,cell
drc_buf_sp166649,g152816__6161,cell,cell
g160078,g158090,cell,cell
g166713,g169195,cell,cell
g166713,g165153,cell,cell
g166713,g156772_dup166716,cell,cell
g166713,g156772_dup165220_dup,cell,cell
g166713,g156764,cell,cell
g156772_dup166716,g166723,cell,cell
g156772_dup166716,g166722,cell,cell
g156772_dup166716,g166721,cell,cell
g156772_dup166716,g166720,cell,cell
g156772_dup166716,g166719,cell,cell
g156772_dup166716,g166717,cell,cell
g156772_dup166716,g166715,cell,cell
g156772_dup166716,g166714,cell,cell
g156772_dup166716,g156665_dup166718,cell,cell
g166715,g166730,cell,cell
g166715,g166729,cell,cell
g166715,g166728,cell,cell
g166715,g166725,cell,cell
g166715,g166722,cell,cell
g166715,g166720,cell,cell
g166715,g166714,cell,cell
g166715,g165722,cell,cell
g166715,g165694,cell,cell
g166715,g165662,cell,cell
g166715,g165577,cell,cell
g166715,g165519,cell,cell
g166715,g165433,cell,cell
g166715,g165371,cell,cell
g166715,g155658,cell,cell
g166715,g155632,cell,cell
g166714,u5_mem_reg\[3\]\[17\],cell,cell
g156665_dup166718,g214960,cell,cell
g156665_dup166718,g166732,cell,cell
g156665_dup166718,g166731,cell,cell
g156665_dup166718,g166727,cell,cell
g156665_dup166718,g166726,cell,cell
g156665_dup166718,g166724,cell,cell
g156665_dup166718,g166723,cell,cell
g156665_dup166718,g166721,cell,cell
g156665_dup166718,g166717,cell,cell
g156665_dup166718,g165633,cell,cell
g156665_dup166718,g165546,cell,cell
g156665_dup166718,g165490,cell,cell
g156665_dup166718,g165461,cell,cell
g156665_dup166718,g165400,cell,cell
g156665_dup166718,g165344,cell,cell
g156665_dup166718,g155631,cell,cell
g166717,u5_mem_reg\[3\]\[16\],cell,cell
g158238,g173015,cell,cell
g166719,u5_wp_reg\[2\],cell,cell
g166720,u5_mem_reg\[3\]\[31\],cell,cell
g166721,u5_mem_reg\[3\]\[30\],cell,cell
g166722,u5_mem_reg\[3\]\[29\],cell,cell
g166723,u5_mem_reg\[3\]\[28\],cell,cell
g156772_dup165220_dup,g166732,cell,cell
g156772_dup165220_dup,g166731,cell,cell
g156772_dup165220_dup,g166730,cell,cell
g156772_dup165220_dup,g166729,cell,cell
g156772_dup165220_dup,g166728,cell,cell
g156772_dup165220_dup,g166727,cell,cell
g156772_dup165220_dup,g166726,cell,cell
g156772_dup165220_dup,g166725,cell,cell
g156772_dup165220_dup,g166724,cell,cell
g166724,u5_mem_reg\[3\]\[26\],cell,cell
g166725,u5_mem_reg\[3\]\[25\],cell,cell
g166726,u5_mem_reg\[3\]\[24\],cell,cell
g166727,u5_mem_reg\[3\]\[23\],cell,cell
g166728,u5_mem_reg\[3\]\[22\],cell,cell
g166729,u5_mem_reg\[3\]\[21\],cell,cell
g166730,u5_mem_reg\[3\]\[20\],cell,cell
g166731,u5_mem_reg\[3\]\[19\],cell,cell
g166732,u5_mem_reg\[3\]\[18\],cell,cell
g166769,u4_mem_reg\[3\]\[26\],cell,cell
g166770,u4_mem_reg\[3\]\[25\],cell,cell
g166771,u4_mem_reg\[3\]\[24\],cell,cell
g166772,u4_mem_reg\[3\]\[23\],cell,cell
g166773,u4_mem_reg\[3\]\[22\],cell,cell
g166774,u4_mem_reg\[3\]\[21\],cell,cell
g166776,u4_mem_reg\[3\]\[19\],cell,cell
g166777,u4_mem_reg\[3\]\[18\],cell,cell
g166783,u8_mem_reg\[3\]\[17\],cell,cell
g160100,u14_crac_valid_r_reg,cell,cell
g156773_dup165222_dup,g197748,cell,cell
g156773_dup165222_dup,g197708,cell,cell
g156773_dup165222_dup,g197686,cell,cell
g156773_dup165222_dup,g197631,cell,cell
g156773_dup165222_dup,g197608,cell,cell
g156773_dup165222_dup,g197544,cell,cell
g156773_dup165222_dup,g197539,cell,cell
g156773_dup165222_dup,g177544,cell,cell
g156773_dup165222_dup,g166797,cell,cell
g166797,u8_mem_reg\[3\]\[19\],cell,cell
g166841,u7_mem_reg\[3\]\[3\],cell,cell
g166878,u6_mem_reg\[3\]\[1\],cell,cell
g184056,g184059,cell,cell
g184056,g159627,cell,cell
g184056,g158303,cell,cell
g166892,g182066,cell,cell
g166892,g182064,cell,cell
g158771,g157921,cell,cell
g167024,g167161,cell,cell
g167024,g167160,cell,cell
g167024,g167159,cell,cell
g167024,g167158,cell,cell
g167024,g167157,cell,cell
g167024,g167156,cell,cell
g167024,g167155,cell,cell
g167024,g167154,cell,cell
g167024,g167153,cell,cell
g167024,g167152,cell,cell
g167024,g167151,cell,cell
g167024,g167150,cell,cell
g167024,g167149,cell,cell
g167024,g167148,cell,cell
g167024,g167147,cell,cell
g167024,g167146,cell,cell
g167024,g167145,cell,cell
g167024,g167144,cell,cell
g167024,g167143,cell,cell
g167024,g167142,cell,cell
g167024,g167141,cell,cell
g167024,g167140,cell,cell
g167024,g167139,cell,cell
g167024,g167138,cell,cell
g167024,g167137,cell,cell
g167024,g167136,cell,cell
g167024,g167135,cell,cell
g167024,g167134,cell,cell
g167024,g167133,cell,cell
g167024,g167132,cell,cell
g167024,g167131,cell,cell
g167024,g167129,cell,cell
g167024,g167023,cell,cell
g167023,u11_rp_reg\[1\],cell,cell
g167059,g167196,cell,cell
g167059,g167195,cell,cell
g167059,g167194,cell,cell
g167059,g167193,cell,cell
g167059,g167192,cell,cell
g167059,g167191,cell,cell
g167059,g167190,cell,cell
g167059,g167189,cell,cell
g167059,g167188,cell,cell
g167059,g167187,cell,cell
g167059,g167186,cell,cell
g167059,g167185,cell,cell
g167059,g167184,cell,cell
g167059,g167183,cell,cell
g167059,g167182,cell,cell
g167059,g167181,cell,cell
g167059,g167180,cell,cell
g167059,g167179,cell,cell
g167059,g167178,cell,cell
g167059,g167177,cell,cell
g167059,g167176,cell,cell
g167059,g167175,cell,cell
g167059,g167174,cell,cell
g167059,g167173,cell,cell
g167059,g167172,cell,cell
g167059,g167171,cell,cell
g167059,g167170,cell,cell
g167059,g167169,cell,cell
g167059,g167168,cell,cell
g167059,g167167,cell,cell
g167059,g167166,cell,cell
g167059,g167164,cell,cell
g167059,g167058,cell,cell
g167058,u9_rp_reg\[1\],cell,cell
g158559,g173047,cell,cell
g167095,g184510,cell,cell
g167095,g167126,cell,cell
g167095,g167125,cell,cell
g167095,g167124,cell,cell
g167095,g167123,cell,cell
g167095,g167122,cell,cell
g167095,g167121,cell,cell
g167095,g167120,cell,cell
g167095,g167119,cell,cell
g167095,g167118,cell,cell
g167095,g167117,cell,cell
g167095,g167116,cell,cell
g167095,g167115,cell,cell
g167095,g167114,cell,cell
g167095,g167113,cell,cell
g167095,g167112,cell,cell
g167095,g167111,cell,cell
g167095,g167110,cell,cell
g167095,g167109,cell,cell
g167095,g167108,cell,cell
g167095,g167107,cell,cell
g167095,g167106,cell,cell
g167095,g167105,cell,cell
g167095,g167104,cell,cell
g167095,g167103,cell,cell
g167095,g167102,cell,cell
g167095,g167101,cell,cell
g167095,g167100,cell,cell
g167095,g167099,cell,cell
g167095,g167098,cell,cell
g167095,g167097,cell,cell
g167095,g167096,cell,cell
g167096,g157816,cell,cell
g167097,g157871,cell,cell
g167098,g157860,cell,cell
g167099,g157841,cell,cell
g167100,g157822,cell,cell
g167101,g157779,cell,cell
g167102,g157869,cell,cell
g167103,g157858,cell,cell
g167104,g157821,cell,cell
g167105,g157776,cell,cell
g167106,g157781,cell,cell
g167107,g157820,cell,cell
g167108,g157827,cell,cell
g167109,g157874,cell,cell
g167110,g157803,cell,cell
g167111,g157861,cell,cell
g167112,g157817,cell,cell
g167113,g157828,cell,cell
g167114,g158006,cell,cell
g167115,g157854,cell,cell
g167116,g157814,cell,cell
g167117,g157868,cell,cell
g167118,g157780,cell,cell
g167119,g157863,cell,cell
g167120,g157867,cell,cell
g167121,g157818,cell,cell
g167122,g157815,cell,cell
g167123,g157826,cell,cell
g167124,g157824,cell,cell
g167125,g157819,cell,cell
g167126,g157778,cell,cell
g167130,g167161,cell,cell
g167130,g167160,cell,cell
g167130,g167159,cell,cell
g167130,g167158,cell,cell
g167130,g167157,cell,cell
g167130,g167156,cell,cell
g167130,g167155,cell,cell
g167130,g167154,cell,cell
g167130,g167153,cell,cell
g167130,g167152,cell,cell
g167130,g167151,cell,cell
g167130,g167150,cell,cell
g167130,g167149,cell,cell
g167130,g167148,cell,cell
g167130,g167147,cell,cell
g167130,g167146,cell,cell
g167130,g167145,cell,cell
g167130,g167144,cell,cell
g167130,g167143,cell,cell
g167130,g167142,cell,cell
g167130,g167141,cell,cell
g167130,g167140,cell,cell
g167130,g167139,cell,cell
g167130,g167138,cell,cell
g167130,g167137,cell,cell
g167130,g167136,cell,cell
g167130,g167135,cell,cell
g167130,g167134,cell,cell
g167130,g167133,cell,cell
g167130,g167132,cell,cell
g167130,g167131,cell,cell
g167130,g167129,cell,cell
g167129,g157835,cell,cell
g167131,g157777,cell,cell
g167132,g157855,cell,cell
g167133,g157848,cell,cell
g167134,g157843,cell,cell
g167135,g157830,cell,cell
g167136,g157831,cell,cell
g167137,g157862,cell,cell
g167138,g157840,cell,cell
g167139,g157833,cell,cell
g167140,g157836,cell,cell
g167141,g157850,cell,cell
g167142,g157851,cell,cell
g167143,g157838,cell,cell
g167144,g157864,cell,cell
g167145,g157847,cell,cell
g160081,g212411,cell,cell
g167146,g157857,cell,cell
g167147,g158008,cell,cell
g167148,g157845,cell,cell
g167149,g157849,cell,cell
g167150,g157859,cell,cell
g167151,g157846,cell,cell
g167152,g157839,cell,cell
g167153,g157837,cell,cell
g167154,g157834,cell,cell
g167155,g157829,cell,cell
g167156,g157853,cell,cell
g167157,g157825,cell,cell
g167158,g157832,cell,cell
g167159,g157844,cell,cell
g167160,g157852,cell,cell
g167161,g157842,cell,cell
g167165,g167196,cell,cell
g167165,g167195,cell,cell
g167165,g167194,cell,cell
g167165,g167193,cell,cell
g167165,g167192,cell,cell
g167165,g167191,cell,cell
g167165,g167190,cell,cell
g167165,g167189,cell,cell
g167165,g167188,cell,cell
g167165,g167187,cell,cell
g167165,g167186,cell,cell
g167165,g167185,cell,cell
g167165,g167184,cell,cell
g167165,g167183,cell,cell
g167165,g167182,cell,cell
g167165,g167181,cell,cell
g167165,g167180,cell,cell
g167165,g167179,cell,cell
g167165,g167178,cell,cell
g167165,g167177,cell,cell
g167165,g167176,cell,cell
g167165,g167175,cell,cell
g167165,g167174,cell,cell
g167165,g167173,cell,cell
g167165,g167172,cell,cell
g167165,g167171,cell,cell
g167165,g167170,cell,cell
g167165,g167169,cell,cell
g167165,g167168,cell,cell
g167165,g167167,cell,cell
g167165,g167166,cell,cell
g167165,g167164,cell,cell
g167164,g157799,cell,cell
g167166,g157797,cell,cell
g167167,g157793,cell,cell
g167168,g157783,cell,cell
g167169,g157804,cell,cell
g167170,g157811,cell,cell
g167171,g157810,cell,cell
g167172,g157809,cell,cell
g167173,g157808,cell,cell
g167174,g157807,cell,cell
g167175,g157805,cell,cell
g167176,g157802,cell,cell
g167177,g157800,cell,cell
g167178,g157798,cell,cell
g167179,g157812,cell,cell
g167180,g157792,cell,cell
g167181,g157790,cell,cell
g167182,g157789,cell,cell
g167183,g157788,cell,cell
g167184,g157784,cell,cell
g167185,g157806,cell,cell
g167186,g157813,cell,cell
g167187,g157786,cell,cell
g167188,g157787,cell,cell
g167189,g157866,cell,cell
g167190,g157791,cell,cell
g167191,g157795,cell,cell
g167192,g157794,cell,cell
g167193,g157796,cell,cell
g167194,g157782,cell,cell
g167195,g157801,cell,cell
g167196,g157785,cell,cell
g159365,g196730,cell,cell
g159365,g196729,cell,cell
g159365,g196728,cell,cell
g159365,g196727,cell,cell
g159365,g196726,cell,cell
g159365,g196725,cell,cell
g159365,g196724,cell,cell
g159365,g196723,cell,cell
g159365,g196722,cell,cell
g159365,g196721,cell,cell
g159365,g196720,cell,cell
g159365,g196719,cell,cell
g159365,g196718,cell,cell
g159365,g196717,cell,cell
g159365,g196716,cell,cell
g159365,g196715,cell,cell
g159365,g196714,cell,cell
g159365,g196713,cell,cell
g159365,g196712,cell,cell
g159365,g196711,cell,cell
g159365,g196710,cell,cell
g159365,g196709,cell,cell
g159365,g196708,cell,cell
g159365,g196707,cell,cell
g159365,g196706,cell,cell
g159365,g196705,cell,cell
g159365,g196704,cell,cell
g159365,g196703,cell,cell
g159365,g167023,cell,cell
g159365,g165302,cell,cell
g159365,g165300,cell,cell
g159365,g165292,cell,cell
g159365,g165288,cell,cell
g167218,g200413,cell,cell
g167218,g182872,cell,cell
g167218,g158924,cell,cell
g154082__167222,u10_mem_reg\[0\]\[18\],cell,cell
g153869__167224,u10_mem_reg\[1\]\[18\],cell,cell
g170042,g39,cell,cell
g170042,g170041,cell,cell
g159366,g184964,cell,cell
g159366,g184963,cell,cell
g159366,g184962,cell,cell
g159366,g184961,cell,cell
g159366,g184960,cell,cell
g159366,g184959,cell,cell
g159366,g184958,cell,cell
g159366,g184957,cell,cell
g159366,g184956,cell,cell
g159366,g184955,cell,cell
g159366,g184954,cell,cell
g159366,g184953,cell,cell
g159366,g184952,cell,cell
g159366,g184951,cell,cell
g159366,g184950,cell,cell
g159366,g184949,cell,cell
g159366,g184948,cell,cell
g159366,g184947,cell,cell
g159366,g184946,cell,cell
g159366,g184945,cell,cell
g159366,g184944,cell,cell
g159366,g184943,cell,cell
g159366,g184942,cell,cell
g159366,g184941,cell,cell
g159366,g184940,cell,cell
g159366,g184939,cell,cell
g159366,g184938,cell,cell
g159366,g184936,cell,cell
g159366,g167058,cell,cell
g159366,g165339,cell,cell
g159366,g165337,cell,cell
g159366,g165323,cell,cell
g159366,g165319,cell,cell
g158782,g170077,cell,cell
g158782,g169200,cell,cell
g158792,g176922,cell,cell
g158792,g169219,cell,cell
g160092,g158114,cell,cell
g158842,g168999,cell,cell
g167355,g154319__198592,cell,cell
drc_bufs164429,g176749,cell,cell
drc_bufs164429,drc_bufs164580,cell,cell
g159847,g159327,cell,cell
g159847,g158372,cell,cell
g159847,g157297,cell,cell
g159847,g157291,cell,cell
g159320,g157581,cell,cell
g159320,g157579,cell,cell
g159320,g157297,cell,cell
g157297,u2_out_le_reg\[1\],cell,cell
g159402,g156963,cell,cell
g158890,g172206,cell,cell
g167520,g186487,cell,cell
g167529,g167528,cell,cell
g167528,g86,cell,cell
g167533,g189113,cell,cell
g167534,g61,cell,cell
g167537,g197943,cell,cell
g167537,g188352,cell,cell
g158879,g172208,cell,cell
g158878,g181838,cell,cell
g175201,g171453,cell,cell
g175201,g167562,cell,cell
g175201,g122,cell,cell
g175201,fopt162752,cell,cell
g167562,g86,cell,cell
g167562,g167564,cell,cell
g167562,g153873__167561,cell,cell
g153873__167561,u6_rp_reg\[1\],cell,cell
g167564,g154319__198592,cell,cell
g167564,g154187__4733,cell,cell
g159,g219093,cell,cell
g167578,g192710,cell,cell
g167578,g167580,cell,cell
g167578,g167577,cell,cell
g167577,u14_u7_en_out_l2_reg,cell,cell
g167580,g154983,cell,cell
g167580,g154311,cell,cell
g158877,g172207,cell,cell
g167603,g173,cell,cell
g167603,g170821,cell,cell
g167603,g156882,cell,cell
g167603,g100,cell,cell
g167604,g175616,cell,cell
g167604,g175589,cell,cell
g167677,g213833,cell,cell
g167677,g196639,cell,cell
g167677,g176743,cell,cell
g167677,g172169,cell,cell
g167677,g172114,cell,cell
g167677,g171492,cell,cell
g167677,g171473,cell,cell
g167677,fopt205430,cell,cell
g167677,fopt205429,cell,cell
g167682,u6_status_reg\[0\],cell,cell
g167682,g167685,cell,cell
g167684,u20_int_set_reg\[2\],cell,cell
g167685,g189098,cell,cell
g167730,g217561,cell,cell
g167730,g178136,cell,cell
g167730,g159705,cell,cell
g158849,g196917,cell,cell
g158846,g180443,cell,cell
g159435,g158104,cell,cell
g158836,u1_sr_reg\[1\],cell,cell
g167859,g214946,cell,cell
g167859,g213863,cell,cell
g167859,g213847,cell,cell
g167859,g167890,cell,cell
g167859,g167889,cell,cell
g167859,g167888,cell,cell
g167859,g167887,cell,cell
g167859,g167886,cell,cell
g167859,g167884,cell,cell
g167859,g167883,cell,cell
g167859,g167882,cell,cell
g167859,g167880,cell,cell
g167859,g167879,cell,cell
g167859,g167878,cell,cell
g167859,g167877,cell,cell
g167859,g167876,cell,cell
g167859,g167875,cell,cell
g167859,g167874,cell,cell
g167859,g167873,cell,cell
g167859,g167872,cell,cell
g167859,g167870,cell,cell
g167859,g167869,cell,cell
g167859,g167868,cell,cell
g167859,g167867,cell,cell
g167859,g167866,cell,cell
g167859,g167865,cell,cell
g167859,g167864,cell,cell
g167859,g167863,cell,cell
g167859,g167862,cell,cell
g167859,g167861,cell,cell
g167859,g167860,cell,cell
g167859,g167858,cell,cell
g167858,u7_mem_reg\[0\]\[0\],cell,cell
g167860,u7_mem_reg\[0\]\[1\],cell,cell
g167861,u7_mem_reg\[0\]\[24\],cell,cell
g167862,u7_mem_reg\[0\]\[31\],cell,cell
g167863,u7_mem_reg\[0\]\[23\],cell,cell
g167864,u7_mem_reg\[0\]\[21\],cell,cell
g158796,g173053,cell,cell
g167865,u7_mem_reg\[0\]\[19\],cell,cell
g167866,u7_mem_reg\[0\]\[18\],cell,cell
g167867,u7_mem_reg\[0\]\[17\],cell,cell
g167868,u7_mem_reg\[0\]\[16\],cell,cell
g167869,u7_mem_reg\[0\]\[13\],cell,cell
g167870,u7_mem_reg\[0\]\[5\],cell,cell
g167872,u7_mem_reg\[0\]\[8\],cell,cell
g167873,u7_mem_reg\[0\]\[15\],cell,cell
g167874,u7_mem_reg\[0\]\[14\],cell,cell
g167875,u7_mem_reg\[0\]\[29\],cell,cell
g167876,u7_mem_reg\[0\]\[30\],cell,cell
g167877,u7_mem_reg\[0\]\[27\],cell,cell
g167878,u7_mem_reg\[0\]\[26\],cell,cell
g167879,u7_mem_reg\[0\]\[25\],cell,cell
g167880,u7_mem_reg\[0\]\[28\],cell,cell
g167882,u7_mem_reg\[0\]\[20\],cell,cell
g167883,u7_mem_reg\[0\]\[12\],cell,cell
g167884,u7_mem_reg\[0\]\[11\],cell,cell
g167886,u7_mem_reg\[0\]\[9\],cell,cell
g167887,u7_mem_reg\[0\]\[3\],cell,cell
g167888,u7_mem_reg\[0\]\[2\],cell,cell
g167889,u7_mem_reg\[0\]\[7\],cell,cell
g167890,u7_mem_reg\[0\]\[6\],cell,cell
g167892,u13_occ0_r_reg\[30\],cell,cell
g158789,g171388,cell,cell
g167895,u13_occ0_r_reg\[27\],cell,cell
g167897,u13_occ0_r_reg\[26\],cell,cell
g167898,u13_occ0_r_reg\[25\],cell,cell
g167900,u13_occ0_r_reg\[31\],cell,cell
g167901,u13_occ0_r_reg\[19\],cell,cell
g167903,u13_occ0_r_reg\[17\],cell,cell
g167904,u13_occ0_r_reg\[13\],cell,cell
g167906,u13_occ0_r_reg\[12\],cell,cell
g167908,u13_occ0_r_reg\[7\],cell,cell
g167909,u13_occ0_r_reg\[14\],cell,cell
g167910,u13_occ0_r_reg\[6\],cell,cell
g167911,u13_occ0_r_reg\[0\],cell,cell
g167912,u13_occ0_r_reg\[1\],cell,cell
g167913,u13_occ0_r_reg\[29\],cell,cell
g167914,u13_occ0_r_reg\[24\],cell,cell
g167915,u13_occ0_r_reg\[23\],cell,cell
g167917,u13_occ0_r_reg\[21\],cell,cell
g167919,u13_occ0_r_reg\[16\],cell,cell
g167922,u13_occ0_r_reg\[9\],cell,cell
g167924,u13_occ0_r_reg\[3\],cell,cell
g167925,u13_occ0_r_reg\[2\],cell,cell
g167926,u13_occ0_r_reg\[15\],cell,cell
g107,g208862,cell,cell
g107,g176367,cell,cell
g107,g153577__6417,cell,cell
g107,g153557__168323,cell,cell
fopt167964,g175,cell,cell
g158725,g125,cell,cell
g158713,g157899,cell,cell
g160060,u12_dout_reg\[0\],cell,cell
g153820__168262,u11_mem_reg\[2\]\[11\],cell,cell
g153909__168264,u11_mem_reg\[2\]\[24\],cell,cell
g153908__168265,u11_mem_reg\[2\]\[23\],cell,cell
g158299,g157570,cell,cell
g153907__168268,u11_mem_reg\[2\]\[22\],cell,cell
g153912__168269,u11_mem_reg\[2\]\[27\],cell,cell
g153914__168271,u11_mem_reg\[2\]\[29\],cell,cell
g153906__168272,u11_mem_reg\[2\]\[21\],cell,cell
g153913__168273,u11_mem_reg\[2\]\[28\],cell,cell
g153911__168274,u11_mem_reg\[2\]\[26\],cell,cell
g153915__168275,u11_mem_reg\[2\]\[30\],cell,cell
g159073,g178026,cell,cell
g159073,g178023,cell,cell
g159073,g158294,cell,cell
g159073,g158284,cell,cell
g153814__168277,u11_mem_reg\[2\]\[5\],cell,cell
g153824__168280,u11_mem_reg\[2\]\[15\],cell,cell
g153826__168281,u11_mem_reg\[2\]\[17\],cell,cell
g153825__168282,u11_mem_reg\[2\]\[16\],cell,cell
g153827__168283,u11_mem_reg\[2\]\[18\],cell,cell
g153822__168284,u11_mem_reg\[2\]\[13\],cell,cell
g153821__168285,u11_mem_reg\[2\]\[12\],cell,cell
g158294,g157316,cell,cell
g153818__168287,u11_mem_reg\[2\]\[9\],cell,cell
g153815__168289,u11_mem_reg\[2\]\[6\],cell,cell
g153811__168291,u11_mem_reg\[2\]\[2\],cell,cell
g153810__168293,u11_mem_reg\[2\]\[1\],cell,cell
g154432__168296,g168298,cell,cell
g154432__168296,g168295,cell,cell
g168295,g153976__168300,cell,cell
g168295,g153904__168302,cell,cell
g168295,g153903__168303,cell,cell
g168295,g153902__168304,cell,cell
g168295,g153900__168305,cell,cell
g168295,g153899__168306,cell,cell
g168295,g153898__168307,cell,cell
g168295,g153897__168308,cell,cell
g168295,g153896__168309,cell,cell
g168295,g153895__168310,cell,cell
g168295,g153894__168311,cell,cell
g168295,g153893__168312,cell,cell
g168295,g153763__168294,cell,cell
g168295,g153552__168299,cell,cell
g168295,g153544__168301,cell,cell
g158293,g158038,cell,cell
g153763__168294,u9_mem_reg\[2\]\[19\],cell,cell
g168298,g168313,cell,cell
g168298,g153901__168297,cell,cell
g168298,g153762__168314,cell,cell
g168298,g153761__168317,cell,cell
g168298,g153558__168322,cell,cell
g168298,g153557__168323,cell,cell
g168298,g153556__168324,cell,cell
g168298,g153555__168325,cell,cell
g168298,g153553__168326,cell,cell
g168298,g153551__168327,cell,cell
g168298,g153550__178342,cell,cell
g168298,g153549__168316,cell,cell
g168298,g153548__168315,cell,cell
g168298,g153547__168319,cell,cell
g168298,g153546__168328,cell,cell
g168298,g153545__168318,cell,cell
g168298,g153543__168321,cell,cell
g153901__168297,u9_mem_reg\[2\]\[28\],cell,cell
g153552__168299,u9_mem_reg\[2\]\[6\],cell,cell
g153976__168300,u9_mem_reg\[2\]\[16\],cell,cell
g153544__168301,u9_mem_reg\[2\]\[14\],cell,cell
g153904__168302,u9_mem_reg\[2\]\[31\],cell,cell
g153903__168303,u9_mem_reg\[2\]\[30\],cell,cell
g153902__168304,u9_mem_reg\[2\]\[29\],cell,cell
g153900__168305,u9_mem_reg\[2\]\[27\],cell,cell
g158292,g158070,cell,cell
g153899__168306,u9_mem_reg\[2\]\[26\],cell,cell
g153898__168307,u9_mem_reg\[2\]\[25\],cell,cell
g153897__168308,u9_mem_reg\[2\]\[24\],cell,cell
g153896__168309,u9_mem_reg\[2\]\[23\],cell,cell
g153895__168310,u9_mem_reg\[2\]\[22\],cell,cell
g153894__168311,u9_mem_reg\[2\]\[21\],cell,cell
g153893__168312,u9_mem_reg\[2\]\[20\],cell,cell
g168313,u9_mem_reg\[2\]\[4\],cell,cell
g153762__168314,u9_mem_reg\[2\]\[18\],cell,cell
g153548__168315,u9_mem_reg\[2\]\[10\],cell,cell
g158834,g194198,cell,cell
g158834,g158289,cell,cell
g153549__168316,u9_mem_reg\[2\]\[9\],cell,cell
g153761__168317,u9_mem_reg\[2\]\[17\],cell,cell
g153545__168318,u9_mem_reg\[2\]\[13\],cell,cell
g153547__168319,u9_mem_reg\[2\]\[11\],cell,cell
g153543__168321,u9_mem_reg\[2\]\[15\],cell,cell
g153558__168322,u9_mem_reg\[2\]\[0\],cell,cell
g153557__168323,u9_mem_reg\[2\]\[1\],cell,cell
g153556__168324,u9_mem_reg\[2\]\[2\],cell,cell
g153555__168325,u9_mem_reg\[2\]\[3\],cell,cell
g158289,g194197,cell,cell
g153553__168326,u9_mem_reg\[2\]\[5\],cell,cell
g153551__168327,u9_mem_reg\[2\]\[7\],cell,cell
g153546__168328,u9_mem_reg\[2\]\[12\],cell,cell
g168335,g182070,cell,cell
g158288,g175899,cell,cell
g158284,g157307,cell,cell
g158283,g158084,cell,cell
g159381,g166610,cell,cell
g168438,g182020,cell,cell
g168438,g167130,cell,cell
g168438,g167024,cell,cell
g168438,g157281,cell,cell
g168438,g156703,cell,cell
g168446,g178198,cell,cell
g168446,g167165,cell,cell
g168446,g167059,cell,cell
g168446,g157280,cell,cell
g168446,g156701,cell,cell
g158235,g157875,cell,cell
g168463,u3_mem_reg\[3\]\[27\],cell,cell
g168465,u3_mem_reg\[3\]\[26\],cell,cell
g168466,u3_mem_reg\[3\]\[25\],cell,cell
g168467,u3_mem_reg\[3\]\[24\],cell,cell
g168468,u3_mem_reg\[3\]\[28\],cell,cell
g168469,u3_mem_reg\[3\]\[31\],cell,cell
g168470,u3_mem_reg\[3\]\[23\],cell,cell
g168471,u3_mem_reg\[3\]\[30\],cell,cell
g168472,u3_mem_reg\[3\]\[29\],cell,cell
g168473,u3_mem_reg\[3\]\[22\],cell,cell
g168476,u3_mem_reg\[3\]\[20\],cell,cell
g168477,u3_mem_reg\[3\]\[19\],cell,cell
g168478,u3_mem_reg\[3\]\[18\],cell,cell
g168480,u3_mem_reg\[3\]\[16\],cell,cell
g168481,u3_mem_reg\[3\]\[15\],cell,cell
g168482,u3_mem_reg\[3\]\[14\],cell,cell
g168483,u3_mem_reg\[3\]\[13\],cell,cell
g168484,u3_mem_reg\[3\]\[12\],cell,cell
g168485,u3_mem_reg\[3\]\[11\],cell,cell
g168486,u3_mem_reg\[3\]\[10\],cell,cell
g168487,u3_mem_reg\[3\]\[9\],cell,cell
g168488,u3_mem_reg\[3\]\[8\],cell,cell
g168489,u3_mem_reg\[3\]\[7\],cell,cell
g168490,u3_mem_reg\[3\]\[6\],cell,cell
g168491,u3_mem_reg\[3\]\[5\],cell,cell
g168493,u3_mem_reg\[3\]\[3\],cell,cell
g168494,u3_mem_reg\[3\]\[2\],cell,cell
g168495,u3_mem_reg\[3\]\[0\],cell,cell
g168496,u3_mem_reg\[3\]\[1\],cell,cell
drc_bufs164399,g176756,cell,cell
drc_bufs164399,drc_bufs164598,cell,cell
g158231,g157630,cell,cell
g168541,g176501,cell,cell
g168541,g176437,cell,cell
g159453,g166482,cell,cell
g159561,g169996,cell,cell
g159501,g171490,cell,cell
g159501,g166498,cell,cell
g159280_dup168589,g213327,cell,cell
g159280_dup168589,g184544,cell,cell
g159280_dup168589,g184542,cell,cell
g159280_dup168589,g184540,cell,cell
g159280_dup168589,g178919,cell,cell
g159280_dup168589,g170137,cell,cell
g159280_dup168589,g170133,cell,cell
g159280_dup168589,g168599,cell,cell
g159280_dup168589,g168597,cell,cell
g159280_dup168589,g168596,cell,cell
g159280_dup168589,g168594,cell,cell
g159280_dup168589,g168586,cell,cell
g168586,g158532,cell,cell
g168594,g175424,cell,cell
g168596,g175428,cell,cell
g168597,g158474,cell,cell
g168599,g175420,cell,cell
g159475,g166484,cell,cell
g168615,g184027,cell,cell
g168615,g168616,cell,cell
g168615,g153871__223685,cell,cell
g168616,g154317__201203,cell,cell
g168616,g154189__2802,cell,cell
g158039,g156710,cell,cell
fopt168634,g214950,cell,cell
fopt168634,g178287,cell,cell
fopt168634,g178286,cell,cell
fopt168634,g178284,cell,cell
fopt168634,g178282,cell,cell
fopt168634,g178280,cell,cell
fopt168634,g178279,cell,cell
fopt168634,g178277,cell,cell
fopt168634,g178276,cell,cell
fopt168634,g178272,cell,cell
fopt168634,g178271,cell,cell
fopt168634,g178270,cell,cell
fopt168634,g178269,cell,cell
fopt168634,g178268,cell,cell
fopt168634,g178267,cell,cell
fopt168634,g178266,cell,cell
g159387,g166618,cell,cell
g158013,g157295,cell,cell
fopt168635,g213861,cell,cell
fopt168635,g213844,cell,cell
fopt168635,g166528,cell,cell
fopt168635,g166302,cell,cell
fopt168635,g166278,cell,cell
fopt168635,g166136,cell,cell
fopt168635,g166111,cell,cell
fopt168635,g166085,cell,cell
fopt168635,g166059,cell,cell
fopt168635,g166008,cell,cell
fopt168635,g165981,cell,cell
fopt168635,g165954,cell,cell
fopt168635,g165680,cell,cell
fopt168635,g165507,cell,cell
fopt168635,g165477,cell,cell
fopt168635,g165360,cell,cell
fopt168636,g215508,cell,cell
fopt168636,g166506,cell,cell
fopt168636,g165898,cell,cell
fopt168636,g165871,cell,cell
fopt168636,g165844,cell,cell
fopt168636,g165817,cell,cell
fopt168636,g165794,cell,cell
fopt168636,g165766,cell,cell
fopt168636,g165737,cell,cell
fopt168636,g165709,cell,cell
fopt168636,g165651,cell,cell
fopt168636,g165591,cell,cell
fopt168636,g165536,cell,cell
fopt168636,g165448,cell,cell
fopt168636,g165418,cell,cell
fopt168636,g165389,cell,cell
fopt168641,g215501,cell,cell
fopt168641,g213836,cell,cell
fopt168641,g166277,cell,cell
fopt168641,g166110,cell,cell
fopt168641,g166058,cell,cell
fopt168641,g165897,cell,cell
fopt168641,g165843,cell,cell
fopt168641,g165816,cell,cell
fopt168641,g165793,cell,cell
fopt168641,g165765,cell,cell
fopt168641,g165708,cell,cell
fopt168641,g165679,cell,cell
fopt168641,g165590,cell,cell
fopt168641,g165563,cell,cell
fopt168641,g165476,cell,cell
fopt168641,g165359,cell,cell
fopt168642,g166529,cell,cell
fopt168642,g166505,cell,cell
fopt168642,g166301,cell,cell
fopt168642,g166135,cell,cell
fopt168642,g166084,cell,cell
fopt168642,g166007,cell,cell
fopt168642,g165980,cell,cell
fopt168642,g165953,cell,cell
fopt168642,g165870,cell,cell
fopt168642,g165736,cell,cell
fopt168642,g165650,cell,cell
fopt168642,g165535,cell,cell
fopt168642,g165506,cell,cell
fopt168642,g165447,cell,cell
fopt168642,g165417,cell,cell
fopt168642,g165388,cell,cell
g168648,g156157,cell,cell
g159034,g158018,cell,cell
g159034,g157297,cell,cell
g159034,g157291,cell,cell
g157291,u2_ld_reg,cell,cell
g158266,g168994,cell,cell
g158266,g157487,cell,cell
g160089,g158164,cell,cell
g182917,u5_rp_reg\[0\],cell,cell
g182917,g189005,cell,cell
g182917,g173875,cell,cell
fopt168704,u12_we2_reg,cell,cell
g168710,g178194,cell,cell
g168710,g172433,cell,cell
g168710,g154432__168296,cell,cell
g168710,g154431__2883,cell,cell
g168710,g154314__9315,cell,cell
g168710,g153628__178191,cell,cell
g158239,g157298,cell,cell
g158760,g168994,cell,cell
g158760,g157487,cell,cell
fopt168784,g215505,cell,cell
fopt168784,g213841,cell,cell
fopt168784,g166272,cell,cell
fopt168784,g166126,cell,cell
fopt168784,g166049,cell,cell
fopt168784,g165974,cell,cell
fopt168784,g165945,cell,cell
fopt168784,g165861,cell,cell
fopt168784,g165784,cell,cell
fopt168784,g165727,cell,cell
fopt168784,g165669,cell,cell
fopt168784,g165640,cell,cell
fopt168784,g165496,cell,cell
fopt168784,g165467,cell,cell
fopt168784,g165350,cell,cell
fopt168784,g155827,cell,cell
fopt168785,g213853,cell,cell
fopt168785,g166291,cell,cell
fopt168785,g166100,cell,cell
fopt168785,g166075,cell,cell
fopt168785,g166000,cell,cell
fopt168785,g165890,cell,cell
fopt168785,g165834,cell,cell
fopt168785,g165807,cell,cell
fopt168785,g165755,cell,cell
fopt168785,g165698,cell,cell
fopt168785,g165582,cell,cell
fopt168785,g165525,cell,cell
fopt168785,g165437,cell,cell
fopt168785,g165407,cell,cell
fopt168785,g165378,cell,cell
fopt168785,g155828,cell,cell
g168801,g168800,cell,cell
g168800,g187549,cell,cell
g168800,g157718,cell,cell
g168800,g157546,cell,cell
g168808,g197876,cell,cell
g158862,g200419,cell,cell
g158862,g200417,cell,cell
g34,g168834,cell,cell
g168835,g168834,cell,cell
g168834,u14_u6_en_out_l_reg,cell,cell
g42,g181937,cell,cell
g39,g181937,cell,cell
g159683,g194248,cell,cell
g159895,g170138,cell,cell
g159895,g170134,cell,cell
g159895,g159000,cell,cell
g159895,g158992,cell,cell
g160045,g170138,cell,cell
g160045,g170134,cell,cell
g159288,g187220,cell,cell
g159288,g158940,cell,cell
g159288,g158939,cell,cell
g159288,g158935,cell,cell
g159288,g158924,cell,cell
g159288,g158922,cell,cell
g159288,g158918,cell,cell
g159288,g158905,cell,cell
g160093,g158071,cell,cell
g158960,u7_status_reg\[0\],cell,cell
g158960,g158065,cell,cell
g168946,g168948,cell,cell
g168946,g157006,cell,cell
g168946,g154355__9315,cell,cell
g168946,g154354__6161,cell,cell
g168950,g168948,cell,cell
g168951,g168948,cell,cell
g168948,g153844__219225,cell,cell
g168955,g170077,cell,cell
g168955,g169200,cell,cell
g168960,g156117,cell,cell
g168964,g2,cell,cell
g168968,g175150,cell,cell
g168968,g171468,cell,cell
g168971,g169031,cell,cell
g168971,g167165,cell,cell
g168971,g159366,cell,cell
g168971,g157293,cell,cell
g159518,g166622,cell,cell
g159518,g156938,cell,cell
g168974,g172269,cell,cell
g168974,g169869,cell,cell
g168974,g169866,cell,cell
g168974,g169049,cell,cell
g168974,g167095,cell,cell
g168976,g180464,cell,cell
g168976,g167130,cell,cell
g168976,g159365,cell,cell
g168976,g157294,cell,cell
g168986,u14_u5_en_out_l_reg,cell,cell
g168994,g188049,cell,cell
g159466,g166613,cell,cell
g159466,g156945,cell,cell
g10,u12_o6_we_reg,cell,cell
g168999,u12_o9_we_reg,cell,cell
g169001,u12_o8_we_reg,cell,cell
g159459,g504,cell,cell
g159459,g166624,cell,cell
g169026,g169025,cell,cell
g169027,g169025,cell,cell
g169025,g187550,cell,cell
g169025,g169029,cell,cell
g169025,g169028,cell,cell
g169028,g180714,cell,cell
g169029,g154386__1881,cell,cell
g169029,g1287,cell,cell
g169031,g175647,cell,cell
g169031,g175646,cell,cell
g169034,g175646,cell,cell
g169049,g175742,cell,cell
g169049,g175741,cell,cell
g169052,g175741,cell,cell
g158198,g131,cell,cell
g158197,g157107,cell,cell
g158194,g194036,cell,cell
g61,g190134,cell,cell
g61,g181270,cell,cell
g169092,g181270,cell,cell
g159485,g167906,cell,cell
g158193,g157103,cell,cell
g158192,g188465,cell,cell
g169135,g2351,cell,cell
g169135,g190187,cell,cell
g169148,g179289,cell,cell
g169148,g155029,cell,cell
g169148,g154849,cell,cell
g169156,g188533,cell,cell
g153764__169153,u6_dout_reg\[2\],cell,cell
fopt169158,g199221,cell,cell
fopt169162,g175904,cell,cell
g169163,g217132,cell,cell
g169164,g212888,cell,cell
g169169,g224656,cell,cell
g169169,g179262,cell,cell
g169170,g157975,cell,cell
g169171,g224640,cell,cell
g169171,g224638,cell,cell
g169176,g214470,cell,cell
g169180,g172211,cell,cell
g169180,g172210,cell,cell
g159512,g164308,cell,cell
g160062,u12_dout_reg\[30\],cell,cell
g158180,g157094,cell,cell
g169182,g200562,cell,cell
g169182,g194375,cell,cell
g169182,g168950,cell,cell
g169182,g158126,cell,cell
g169182,g158125,cell,cell
g169182,g158124,cell,cell
g169182,g158123,cell,cell
g169182,g158122,cell,cell
g169182,g158120,cell,cell
g169182,g158118,cell,cell
g169182,g158116,cell,cell
g169182,g158111,cell,cell
g169184,g170366,cell,cell
g169187,g169186,cell,cell
g169186,g153887__169189,cell,cell
g169186,g153833__178097,cell,cell
g169186,fopt169190,cell,cell
g153887__169189,u3_dout_reg\[0\],cell,cell
fopt169190,g123,cell,cell
g158179,g253,cell,cell
fopt169192,g184622,cell,cell
fopt169192,fopt179709,cell,cell
fopt169193,g169195,cell,cell
fopt169193,fopt212236,cell,cell
g169195,g173879,cell,cell
g169195,g162475,cell,cell
g169200,g180577,cell,cell
g169200,g157755,cell,cell
g158177,g172284,cell,cell
g169206,u7_mem_reg\[3\]\[12\],cell,cell
g169219,fopt188226,cell,cell
g158174,g224335,cell,cell
g169257,g169254,cell,cell
g169257,g164248,cell,cell
g169254,u13_icc_r_reg\[1\],cell,cell
g169265,g157700,cell,cell
g169265,g157628,cell,cell
g158171,g157082,cell,cell
g158139,g176064,cell,cell
g158137,g157094,cell,cell
g158136,g253,cell,cell
g158135,g199219,cell,cell
g57,g169382,cell,cell
g169382,u13_int_reg,cell,cell
g158131,g157082,cell,cell
g169431,g187220,cell,cell
g169431,g182874,cell,cell
g169431,g172542,cell,cell
g169431,g172202,cell,cell
g169439,g186649,cell,cell
g169439,g172208,cell,cell
g169439,g172206,cell,cell
g169439,g158939,cell,cell
g169443,g200413,cell,cell
g169443,g191487,cell,cell
g169443,g188414,cell,cell
g169443,g182868,cell,cell
g159451,g156962,cell,cell
g158129,g224335,cell,cell
g169452,g182520,cell,cell
g169452,g176529,cell,cell
g169452,g172183,cell,cell
g169452,g158831,cell,cell
g169460,g182140,cell,cell
g169460,g158927,cell,cell
g169460,g158532,cell,cell
g169460,g158521,cell,cell
g169464,g182138,cell,cell
g169464,g175428,cell,cell
g169464,g158829,cell,cell
g169464,g158477,cell,cell
g169471,g187485,cell,cell
g158126,g180360,cell,cell
g169475,g188078,cell,cell
g169478,g169477,cell,cell
g169477,g188078,cell,cell
g169480,g188060,cell,cell
g158125,g105,cell,cell
g169483,g188090,cell,cell
g158124,g157107,cell,cell
g169494,g188088,cell,cell
g169496,g188079,cell,cell
g158123,g224666,cell,cell
g169500,g188089,cell,cell
g158122,g157006,cell,cell
g158120,g131,cell,cell
g169536,g181643,cell,cell
g169536,g156760_169534,cell,cell
g156760_169534,g166297,cell,cell
g156760_169534,g166275,cell,cell
g156760_169534,g166128,cell,cell
g156760_169534,g166102,cell,cell
g156760_169534,g166051,cell,cell
g156760_169534,g166002,cell,cell
g156760_169534,g165976,cell,cell
g156760_169534,g165947,cell,cell
g156760_169534,g165918,cell,cell
g156760_169534,g165864,cell,cell
g156760_169534,g165757,cell,cell
g156760_169534,g165671,cell,cell
g156760_169534,g165642,cell,cell
g156760_169534,g165555,cell,cell
g156760_169534,g165409,cell,cell
g156760_169534,g165380,cell,cell
g158118,g194036,cell,cell
g169540,u6_mem_reg\[1\]\[0\],cell,cell
g169541,u6_mem_reg\[1\]\[6\],cell,cell
g169542,u6_mem_reg\[1\]\[7\],cell,cell
g169543,u6_mem_reg\[1\]\[2\],cell,cell
g169544,u6_mem_reg\[1\]\[3\],cell,cell
g169545,u6_mem_reg\[1\]\[8\],cell,cell
g169546,u6_mem_reg\[1\]\[9\],cell,cell
g169548,u6_mem_reg\[1\]\[5\],cell,cell
g169549,u6_mem_reg\[1\]\[13\],cell,cell
g160068,g158156,cell,cell
g158116,g157103,cell,cell
g169550,u6_mem_reg\[1\]\[17\],cell,cell
g169551,u6_mem_reg\[1\]\[18\],cell,cell
g169552,u6_mem_reg\[1\]\[19\],cell,cell
g169553,u6_mem_reg\[1\]\[21\],cell,cell
g169555,u6_mem_reg\[1\]\[1\],cell,cell
g439,u3_dout_reg\[5\],cell,cell
g131,g130,cell,cell
g130,u8_dout_reg\[13\],cell,cell
g169569,g169567,cell,cell
g169569,g169483,cell,cell
g169569,g169480,cell,cell
g169567,g186756,cell,cell
g169567,g170036,cell,cell
g158111,g188465,cell,cell
g253,g179299,cell,cell
g158083,g583,cell,cell
g169660,g184533,cell,cell
g158076,g197985,cell,cell
g158075,g157010,cell,cell
g158074,g138,cell,cell
g69,g215510,cell,cell
g69,g169206,cell,cell
g69,g166841,cell,cell
g69,g155745,cell,cell
g69,g155744,cell,cell
g69,g155742,cell,cell
g69,g155741,cell,cell
g69,g155740,cell,cell
g69,g155738,cell,cell
g69,g155737,cell,cell
g69,g155736,cell,cell
g69,g155735,cell,cell
g69,g155734,cell,cell
g69,g155733,cell,cell
g69,g155732,cell,cell
g159064,g219107,cell,cell
g159064,g207469,cell,cell
g159064,g170092,cell,cell
g159064,g158083,cell,cell
g159064,g158076,cell,cell
g159064,g158075,cell,cell
g159064,g158074,cell,cell
g159064,g158073,cell,cell
g159064,g158072,cell,cell
g159571,g184513,cell,cell
g158073,g132,cell,cell
g158072,g194438,cell,cell
g169752,g174499,cell,cell
g159631,g159178,cell,cell
g158057,g156126,cell,cell
g158052,g156706,cell,cell
g191967,g3,cell,cell
g191967,g221583,cell,cell
g191967,g219878,cell,cell
g191967,g175310,cell,cell
g191967,g171526,cell,cell
g191967,g157115,cell,cell
g169816,g218183,cell,cell
g81,g169838,cell,cell
g80,g169838,cell,cell
g79,g169838,cell,cell
g169838,g2349,cell,cell
g84,g154344__6260,cell,cell
g159616,g159181,cell,cell
g153627__169861,u15_crac_rd_reg,cell,cell
g169866,g182902,cell,cell
g169867,g184558,cell,cell
g169867,g182902,cell,cell
g169867,g175244,cell,cell
g169867,g175243,cell,cell
g169867,g175242,cell,cell
g169867,g175241,cell,cell
g169867,g175240,cell,cell
g169867,g175239,cell,cell
g169867,g175238,cell,cell
g169867,g175237,cell,cell
g169867,g175236,cell,cell
g169867,g175235,cell,cell
g169867,g175234,cell,cell
g169867,g175233,cell,cell
g169867,g175232,cell,cell
g169867,g175231,cell,cell
g169867,g175230,cell,cell
g169867,g175229,cell,cell
g169867,g175228,cell,cell
g169867,g175227,cell,cell
g169867,g175226,cell,cell
g169867,g175225,cell,cell
g169867,g175224,cell,cell
g169867,g175223,cell,cell
g169867,g175222,cell,cell
g169867,g175221,cell,cell
g169867,g175220,cell,cell
g169867,g175219,cell,cell
g169867,g175218,cell,cell
g169867,g175217,cell,cell
g169867,g175216,cell,cell
g169867,g175215,cell,cell
g169867,g175213,cell,cell
g169869,g184510,cell,cell
g169869,g167126,cell,cell
g169869,g167125,cell,cell
g169869,g167124,cell,cell
g169869,g167123,cell,cell
g169869,g167122,cell,cell
g169869,g167121,cell,cell
g169869,g167120,cell,cell
g169869,g167119,cell,cell
g169869,g167118,cell,cell
g169869,g167117,cell,cell
g169869,g167116,cell,cell
g169869,g167115,cell,cell
g169869,g167114,cell,cell
g169869,g167113,cell,cell
g169869,g167112,cell,cell
g169869,g167111,cell,cell
g169869,g167110,cell,cell
g169869,g167109,cell,cell
g169869,g167108,cell,cell
g169869,g167107,cell,cell
g169869,g167106,cell,cell
g169869,g167105,cell,cell
g169869,g167104,cell,cell
g169869,g167103,cell,cell
g169869,g167102,cell,cell
g169869,g167101,cell,cell
g169869,g167100,cell,cell
g169869,g167099,cell,cell
g169869,g167098,cell,cell
g169869,g167097,cell,cell
g169869,g167096,cell,cell
g158045,g156132,cell,cell
g158044,g157128,cell,cell
g169903,g197985,cell,cell
g169906,g153585__5526,cell,cell
g158040,g156707,cell,cell
g159394,g158149,cell,cell
g158036,g157129,cell,cell
g169948,g169945,cell,cell
g169945,g170002,cell,cell
g169955,g170032,cell,cell
g169955,g169950,cell,cell
g169955,g159534,cell,cell
g169953,g169950,cell,cell
g169950,g198086,cell,cell
g169954,g607,cell,cell
g169954,g200192,cell,cell
g169954,g169957,cell,cell
g169954,g166492,cell,cell
g169954,g166491,cell,cell
g169954,g166487,cell,cell
g169954,g166485,cell,cell
g169954,g166484,cell,cell
g169954,g166482,cell,cell
g169958,g169957,cell,cell
g169957,g172003,cell,cell
g169959,g102,cell,cell
g102,g185116,cell,cell
g169961,g169963,cell,cell
g169961,g154391__1705,cell,cell
g169961,g154386__1881,cell,cell
g678,g169963,cell,cell
g678,g169962,cell,cell
g169962,g185123,cell,cell
g169963,g185123,cell,cell
g169965,g429,cell,cell
g169965,g202337,cell,cell
g169965,g174,cell,cell
g169965,g170001,cell,cell
g169965,g169967,cell,cell
g169965,g166246,cell,cell
g169965,g163765,cell,cell
g169965,g163764,cell,cell
g169965,g163762,cell,cell
g169965,g163759,cell,cell
g169965,g163758,cell,cell
g169965,g163757,cell,cell
g169965,g163756,cell,cell
g169965,g163706,cell,cell
g169965,g157073,cell,cell
g169965,g110,cell,cell
g169967,u12_i6_re_reg,cell,cell
g159407,g166620,cell,cell
g159407,g156942,cell,cell
g169976,g169975,cell,cell
g169975,u2_to_cnt_reg\[2\],cell,cell
g549,g175895,cell,cell
g194,g188727,cell,cell
g159399,g166618,cell,cell
g159399,g156941,cell,cell
g195,g188727,cell,cell
g199,g154340__1705,cell,cell
g122,g189101,cell,cell
g122,g121,cell,cell
g121,g179298,cell,cell
g169996,g174501,cell,cell
g169996,g169752,cell,cell
g170001,g170000,cell,cell
g170002,g170000,cell,cell
g170000,u12_wb_data_o_reg\[10\],cell,cell
drc_bufs164417,g159159,cell,cell
drc_bufs164417,drc_bufs164574,cell,cell
g170017,g170016,cell,cell
g170016,g224664,cell,cell
g170016,g224663,cell,cell
g170016,g223687,cell,cell
g170016,g155543,cell,cell
g170016,g155542,cell,cell
g159495,g166615,cell,cell
g159495,g156957,cell,cell
g170032,g183009,cell,cell
g170033,u18_int_set_reg\[0\],cell,cell
g170035,g176896,cell,cell
g170035,g173212,cell,cell
g170036,g176896,cell,cell
g170036,g173212,cell,cell
g170038,g186754,cell,cell
g159444,g166616,cell,cell
g159444,g156936,cell,cell
g170043,g171484,cell,cell
g170043,g170041,cell,cell
g170041,g173214,cell,cell
g170044,u25_int_set_reg\[0\],cell,cell
g170049,g192556,cell,cell
g170050,u21_int_set_reg\[0\],cell,cell
g170063,u22_int_set_reg\[0\],cell,cell
g170065,g175810,cell,cell
g170076,g157144,cell,cell
g170076,g154389__170080,cell,cell
g170076,g102,cell,cell
g170077,g75,cell,cell
g170077,g154389__170080,cell,cell
g154389__170080,g185127,cell,cell
g170083,g196790,cell,cell
g170084,g196790,cell,cell
g170086,g196790,cell,cell
g170087,g170089,cell,cell
g170087,g154380__189848,cell,cell
g170091,g170089,cell,cell
g170092,g170089,cell,cell
g170089,g153579__213705,cell,cell
g158018,u2_out_le_reg\[4\],cell,cell
g170097,g200197,cell,cell
g170097,g194404,cell,cell
g170097,g171873,cell,cell
g170097,g171749,cell,cell
g170097,g157098,cell,cell
g170097,g157084,cell,cell
g170097,g157078,cell,cell
g170098,g154112__9945,cell,cell
g170133,g170132,cell,cell
g170134,g170132,cell,cell
g170132,g170131,cell,cell
g170132,g153811__168291,cell,cell
g170132,g153791__182078,cell,cell
g170132,g153359__5107,cell,cell
g170131,u11_mem_reg\[3\]\[2\],cell,cell
g170137,g181064,cell,cell
g170138,g181064,cell,cell
g170135,u11_mem_reg\[3\]\[3\],cell,cell
g173,g213850,cell,cell
g173,g176436,cell,cell
g173,g176310,cell,cell
g173,g172,cell,cell
g173,g171322,cell,cell
g173,g171179,cell,cell
g173,g170840,cell,cell
g173,g170689,cell,cell
g173,g170625,cell,cell
g173,g170623,cell,cell
g173,g170621,cell,cell
g173,g170405,cell,cell
g173,g170393,cell,cell
g173,g170356,cell,cell
g173,g170351,cell,cell
g173,g170302,cell,cell
g172,u3_mem_reg\[1\]\[20\],cell,cell
g158008,u11_dout_reg\[24\],cell,cell
g170156,u3_mem_reg\[1\]\[5\],cell,cell
g158006,u10_dout_reg\[17\],cell,cell
g159413,g166491,cell,cell
g159896,g213327,cell,cell
g159896,g178919,cell,cell
g170220,g181899,cell,cell
g170220,g170221,cell,cell
g158997,g158516,cell,cell
g170215,u13_occ1_r_reg\[15\],cell,cell
g170221,g213864,cell,cell
g170221,g178167,cell,cell
g170221,g170248,cell,cell
g170221,g170222,cell,cell
g170221,g166578,cell,cell
g170221,g166577,cell,cell
g170221,g166576,cell,cell
g170222,u13_occ1_r_reg\[14\],cell,cell
g158998,g158479,cell,cell
g159396,g166500,cell,cell
g157799,u9_dout_reg\[17\],cell,cell
g170248,u13_occ1_r_reg\[8\],cell,cell
g157791,u9_dout_reg\[9\],cell,cell
g159291,g200415,cell,cell
g159291,g200413,cell,cell
g159291,g158937,cell,cell
g159291,g158934,cell,cell
g159291,g158916,cell,cell
g159291,g158908,cell,cell
g159291,g158516,cell,cell
g159291,g158479,cell,cell
g158464,g157636,cell,cell
g158464,g157070,cell,cell
g160075,g158084,cell,cell
g157871,u10_dout_reg\[8\],cell,cell
g170302,u3_mem_reg\[1\]\[31\],cell,cell
g157869,u10_dout_reg\[31\],cell,cell
g157868,u10_dout_reg\[13\],cell,cell
g157867,u10_dout_reg\[19\],cell,cell
g170345,u3_mem_reg\[1\]\[8\],cell,cell
g157866,u9_dout_reg\[23\],cell,cell
g170349,u3_mem_reg\[1\]\[13\],cell,cell
g170351,u3_mem_reg\[1\]\[24\],cell,cell
g157864,u11_dout_reg\[28\],cell,cell
g170356,u3_mem_reg\[1\]\[16\],cell,cell
g170358,u3_mem_reg\[1\]\[7\],cell,cell
g170362,u3_mem_reg\[1\]\[14\],cell,cell
g157863,u10_dout_reg\[21\],cell,cell
g170366,g157752,cell,cell
g170366,g157643,cell,cell
g170366,g157567,cell,cell
g100,g99,cell,cell
g99,u3_mem_reg\[1\]\[0\],cell,cell
g159651,g159302,cell,cell
g157862,u11_dout_reg\[5\],cell,cell
g170378,u3_mem_reg\[1\]\[9\],cell,cell
g157861,u10_dout_reg\[6\],cell,cell
g170387,u3_mem_reg\[1\]\[12\],cell,cell
g157860,u10_dout_reg\[10\],cell,cell
g170393,u3_mem_reg\[1\]\[17\],cell,cell
g157859,u11_dout_reg\[19\],cell,cell
g170405,u3_mem_reg\[1\]\[18\],cell,cell
g157858,u10_dout_reg\[4\],cell,cell
g157857,u11_dout_reg\[23\],cell,cell
g157856,u11_full_reg,cell,cell
g157855,u11_dout_reg\[31\],cell,cell
g159386,g158090,cell,cell
g157854,u10_dout_reg\[20\],cell,cell
g157853,u11_dout_reg\[29\],cell,cell
g157851,u11_dout_reg\[26\],cell,cell
g157850,u11_dout_reg\[25\],cell,cell
g157849,u11_dout_reg\[22\],cell,cell
g157848,u11_dout_reg\[21\],cell,cell
g157847,u11_dout_reg\[20\],cell,cell
g157846,u11_dout_reg\[18\],cell,cell
g157845,u11_dout_reg\[17\],cell,cell
g141,g41,cell,cell
g141,g153567__1881,cell,cell
g141,g153547__168319,cell,cell
g141,g140,cell,cell
g140,u9_mem_reg\[3\]\[11\],cell,cell
g159411,g166487,cell,cell
g157844,u11_dout_reg\[16\],cell,cell
g157843,u11_dout_reg\[15\],cell,cell
g157842,u11_dout_reg\[14\],cell,cell
g157841,u10_dout_reg\[22\],cell,cell
g157840,u11_dout_reg\[13\],cell,cell
g157839,u11_dout_reg\[12\],cell,cell
g157838,u11_dout_reg\[10\],cell,cell
g157837,u11_dout_reg\[9\],cell,cell
g170621,u3_mem_reg\[1\]\[27\],cell,cell
g170623,u3_mem_reg\[1\]\[28\],cell,cell
g170625,u3_mem_reg\[1\]\[23\],cell,cell
g157836,u11_dout_reg\[8\],cell,cell
g157835,u11_dout_reg\[7\],cell,cell
g159385,g166495,cell,cell
g157834,u11_dout_reg\[6\],cell,cell
g157833,u11_dout_reg\[4\],cell,cell
g157832,u11_dout_reg\[3\],cell,cell
g157831,u11_dout_reg\[2\],cell,cell
g157830,u11_dout_reg\[1\],cell,cell
g157829,u11_dout_reg\[0\],cell,cell
g170689,u3_mem_reg\[1\]\[26\],cell,cell
g157828,u10_dout_reg\[29\],cell,cell
g170703,g216472,cell,cell
g170703,g212597,cell,cell
g170703,g176500,cell,cell
g170703,g173649,cell,cell
g170703,g172533,cell,cell
g170703,g172155,cell,cell
g170703,g169544,cell,cell
g170703,g167924,cell,cell
g170703,g167887,cell,cell
g170703,g165507,cell,cell
g170703,g165503,cell,cell
g170703,g165493,cell,cell
g97,u8_mem_reg\[1\]\[3\],cell,cell
g157827,u10_dout_reg\[24\],cell,cell
g157826,u10_dout_reg\[16\],cell,cell
g157825,u11_dout_reg\[30\],cell,cell
g157824,u10_dout_reg\[15\],cell,cell
g157822,u10_dout_reg\[28\],cell,cell
g170740,u8_mem_reg\[1\]\[25\],cell,cell
g157821,u10_dout_reg\[27\],cell,cell
g170749,g216477,cell,cell
g170749,g212593,cell,cell
g170749,g202308,cell,cell
g170749,g200173,cell,cell
g170749,g179670,cell,cell
g170749,g170748,cell,cell
g170749,g170302,cell,cell
g170749,g167900,cell,cell
g170749,g165981,cell,cell
g170749,g165976,cell,cell
g170749,g165969,cell,cell
g170748,u8_mem_reg\[1\]\[31\],cell,cell
g89,u8_mem_reg\[1\]\[24\],cell,cell
g157820,u10_dout_reg\[25\],cell,cell
g170754,u8_mem_reg\[1\]\[20\],cell,cell
g157819,u10_dout_reg\[9\],cell,cell
g157818,u10_dout_reg\[14\],cell,cell
drc_buf_sp170772,g216473,cell,cell
drc_buf_sp170772,g212622,cell,cell
drc_buf_sp170772,g186041,cell,cell
drc_buf_sp170772,g178291,cell,cell
drc_buf_sp170772,g167875,cell,cell
drc_buf_sp170772,g166301,cell,cell
drc_buf_sp170772,g166297,cell,cell
drc_buf_sp170772,g166291,cell,cell
drc_buf_sp170772,g166287,cell,cell
fopt170775,g213846,cell,cell
fopt170775,g178292,cell,cell
fopt170775,g178291,cell,cell
fopt170775,g178289,cell,cell
fopt170775,g178285,cell,cell
fopt170775,g178283,cell,cell
fopt170775,g178281,cell,cell
fopt170775,g178278,cell,cell
fopt170775,g178275,cell,cell
fopt170775,g178274,cell,cell
fopt170775,g178273,cell,cell
fopt170775,g178265,cell,cell
fopt170775,g178264,cell,cell
fopt170775,g178263,cell,cell
fopt170775,g178262,cell,cell
fopt170775,g178260,cell,cell
g157817,u10_dout_reg\[12\],cell,cell
g157816,u10_dout_reg\[11\],cell,cell
g157815,u10_dout_reg\[0\],cell,cell
g157814,u10_dout_reg\[1\],cell,cell
g159635,g157279,cell,cell
g159434,g158087,cell,cell
g157813,u9_dout_reg\[31\],cell,cell
g170821,g215512,cell,cell
g170821,g213858,cell,cell
g170821,g176500,cell,cell
g170821,g176265,cell,cell
g170821,g171168,cell,cell
g170821,g171075,cell,cell
g170821,g170387,cell,cell
g170821,g170378,cell,cell
g170821,g170362,cell,cell
g170821,g170358,cell,cell
g170821,g170349,cell,cell
g170821,g170345,cell,cell
g170821,g170156,cell,cell
g170821,g165889,cell,cell
g170821,g155838,cell,cell
g170821,g155567,cell,cell
g157812,u9_dout_reg\[30\],cell,cell
g157811,u9_dout_reg\[29\],cell,cell
g157810,u9_dout_reg\[28\],cell,cell
g170840,u3_mem_reg\[1\]\[25\],cell,cell
g157809,u9_dout_reg\[27\],cell,cell
g157808,u9_dout_reg\[26\],cell,cell
g157807,u9_dout_reg\[25\],cell,cell
g157806,u9_dout_reg\[24\],cell,cell
g157805,u9_dout_reg\[22\],cell,cell
g157804,u9_dout_reg\[21\],cell,cell
g160069,g158104,cell,cell
g157803,u10_dout_reg\[2\],cell,cell
g157802,u9_dout_reg\[20\],cell,cell
g157801,u9_dout_reg\[19\],cell,cell
g157800,u9_dout_reg\[18\],cell,cell
g157798,u9_dout_reg\[16\],cell,cell
g157797,u9_dout_reg\[15\],cell,cell
g157796,u9_dout_reg\[14\],cell,cell
g157795,u9_dout_reg\[13\],cell,cell
g157794,u9_dout_reg\[12\],cell,cell
g157793,u9_dout_reg\[11\],cell,cell
g159445,g158982,cell,cell
g157792,u9_dout_reg\[10\],cell,cell
g157790,u9_dout_reg\[8\],cell,cell
g157789,u9_dout_reg\[7\],cell,cell
g157788,u9_dout_reg\[6\],cell,cell
g157787,u9_dout_reg\[5\],cell,cell
g157786,u9_dout_reg\[4\],cell,cell
g157785,u9_dout_reg\[3\],cell,cell
g157784,u9_dout_reg\[2\],cell,cell
g157783,u9_dout_reg\[1\],cell,cell
g157782,u9_dout_reg\[0\],cell,cell
g157781,u10_dout_reg\[30\],cell,cell
g171075,u3_mem_reg\[1\]\[11\],cell,cell
g157780,u10_dout_reg\[26\],cell,cell
g171085,u8_mem_reg\[1\]\[16\],cell,cell
g157779,u10_dout_reg\[3\],cell,cell
g157778,u10_dout_reg\[5\],cell,cell
g157777,u11_dout_reg\[11\],cell,cell
g157776,u10_dout_reg\[7\],cell,cell
g157874,u10_dout_reg\[18\],cell,cell
g171168,u3_mem_reg\[1\]\[2\],cell,cell
g171179,u3_mem_reg\[1\]\[19\],cell,cell
g158753,g200568,cell,cell
g158753,g200566,cell,cell
g171192,g184540,cell,cell
g171189,u11_mem_reg\[1\]\[9\],cell,cell
g159327,g159233,cell,cell
g159327,g158018,cell,cell
g159327,g157513,cell,cell
g159327,g157469,cell,cell
g171209,g200561,cell,cell
g171209,g157762,cell,cell
g171209,g157317,cell,cell
g157513,u2_in_valid_reg\[1\],cell,cell
g159585,g172048,cell,cell
g159585,g157465,cell,cell
g158469,g172048,cell,cell
g158469,g158235,cell,cell
g158469,g157465,cell,cell
g157465,g156728,cell,cell
g157289,u2_valid_reg,cell,cell
g171322,u3_mem_reg\[1\]\[15\],cell,cell
g159898,g166484,cell,cell
g159898,g159897,cell,cell
g157852,u11_dout_reg\[27\],cell,cell
g158517,g180293,cell,cell
g158517,g173226,cell,cell
g158517,g158015,cell,cell
g158517,fopt168704,cell,cell
g159913,g210419,cell,cell
g159913,g198622,cell,cell
g159913,g191945,cell,cell
g159913,g187478,cell,cell
g159913,g184549,cell,cell
g159913,g181839,cell,cell
g159913,g158998,cell,cell
g159913,g158997,cell,cell
g171378,u10_mem_reg\[0\]\[19\],cell,cell
g200412,g210420,cell,cell
g200412,g198623,cell,cell
g200412,g191946,cell,cell
g200412,g187479,cell,cell
g200412,g158998,cell,cell
g200412,g158997,cell,cell
g171389,g171388,cell,cell
g171388,g2351,cell,cell
g171388,g199521,cell,cell
g171388,g190187,cell,cell
g171388,g154344__6260,cell,cell
g171388,g123,cell,cell
g171394,u8_mem_reg\[1\]\[22\],cell,cell
g171397,u8_mem_reg\[1\]\[23\],cell,cell
g171436,g171435,cell,cell
g171437,g171435,cell,cell
g174,g171435,cell,cell
g171435,u12_wb_data_o_reg\[8\],cell,cell
g171439,g171438,cell,cell
g171438,u12_wb_data_o_reg\[0\],cell,cell
g143,g171440,cell,cell
g171441,g171440,cell,cell
g171440,u12_wb_data_o_reg\[6\],cell,cell
g111,g171442,cell,cell
g110,g171442,cell,cell
g112,g171442,cell,cell
g171442,u12_wb_data_o_reg\[3\],cell,cell
g171447,g171446,cell,cell
g171448,g171446,cell,cell
g171446,g171445,cell,cell
g171445,g583,cell,cell
g492,g490,cell,cell
g493,g490,cell,cell
g490,g185115,cell,cell
g171451,g224742,cell,cell
g171452,g224742,cell,cell
g171453,g224742,cell,cell
g160140,g182522,cell,cell
g160140,g179068,cell,cell
g160140,g158831,cell,cell
g160144,g224,cell,cell
g160144,g182524,cell,cell
g160144,g179067,cell,cell
g171468,g472,cell,cell
g171468,g154380__189848,cell,cell
g171473,u13_crac_r_reg\[4\],cell,cell
g196662,g196187,cell,cell
g196662,g179828,cell,cell
g196662,g175428,cell,cell
g196662,g175424,cell,cell
g196662,g175420,cell,cell
g196662,g172863,cell,cell
g196662,g172563,cell,cell
g196662,g171192,cell,cell
g196662,g160049,cell,cell
g196662,g158829,cell,cell
g196662,g158532,cell,cell
g196662,g158527,cell,cell
g196662,g158521,cell,cell
g196662,g158477,cell,cell
g196662,g158474,cell,cell
g171483,g214958,cell,cell
g171483,g213838,cell,cell
g171483,g169254,cell,cell
g171483,g165957,cell,cell
g171483,g165902,cell,cell
g171483,g165874,cell,cell
g171483,g165848,cell,cell
g171483,g165822,cell,cell
g171483,g165798,cell,cell
g171483,g165771,cell,cell
g171483,g165740,cell,cell
g171483,g165712,cell,cell
g171483,g165683,cell,cell
g171483,g165655,cell,cell
g171483,g165596,cell,cell
g171483,g165569,cell,cell
g171483,g165540,cell,cell
g171483,g165510,cell,cell
g171483,g165482,cell,cell
g171483,g165450,cell,cell
g171483,g165423,cell,cell
g171483,g165393,cell,cell
g171483,g165364,cell,cell
g171484,g213838,cell,cell
g160103,g182152,cell,cell
g160103,g158906,cell,cell
g160103,g158829,cell,cell
g171490,g171489,cell,cell
g171489,u13_crac_r_reg\[1\],cell,cell
g160110,g182154,cell,cell
g160110,g172563,cell,cell
g160110,g158911,cell,cell
g171492,u13_crac_r_reg\[7\],cell,cell
g171495,u13_crac_r_reg\[0\],cell,cell
g171504,u13_crac_r_reg\[3\],cell,cell
g171526,g218182,cell,cell
g171526,g218181,cell,cell
g171528,g171521,cell,cell
g171521,g184219,cell,cell
g171550,g200197,cell,cell
g171562,g180444,cell,cell
g165,u7_rp_reg\[1\],cell,cell
g159727,g173874,cell,cell
g159727,g157194,cell,cell
fopt171563,g215499,cell,cell
fopt171563,g213842,cell,cell
fopt171563,g166287,cell,cell
fopt171563,g166263,cell,cell
fopt171563,g166118,cell,cell
fopt171563,g166092,cell,cell
fopt171563,g166068,cell,cell
fopt171563,g166042,cell,cell
fopt171563,g165993,cell,cell
fopt171563,g165966,cell,cell
fopt171563,g165936,cell,cell
fopt171563,g165884,cell,cell
fopt171563,g165857,cell,cell
fopt171563,g165704,cell,cell
fopt171563,g165443,cell,cell
fopt171563,g165384,cell,cell
fopt171564,g166532,cell,cell
fopt171564,g166503,cell,cell
fopt171564,g165839,cell,cell
fopt171564,g165812,cell,cell
fopt171564,g165789,cell,cell
fopt171564,g165761,cell,cell
fopt171564,g165732,cell,cell
fopt171564,g165675,cell,cell
fopt171564,g165646,cell,cell
fopt171564,g165587,cell,cell
fopt171564,g165559,cell,cell
fopt171564,g165531,cell,cell
fopt171564,g165502,cell,cell
fopt171564,g165473,cell,cell
fopt171564,g165413,cell,cell
fopt171564,g165355,cell,cell
g159904,g200347,cell,cell
g159904,g200345,cell,cell
g159904,g198750,cell,cell
g159904,g198742,cell,cell
g159904,g198741,cell,cell
g159904,g198740,cell,cell
g160142,g200415,cell,cell
g160142,g182870,cell,cell
g160142,g158935,cell,cell
g160151,g44,cell,cell
g160151,g196187,cell,cell
g160151,g182135,cell,cell
g160147,g182142,cell,cell
g160147,g172863,cell,cell
g160147,g172563,cell,cell
g160147,g158909,cell,cell
g159894,g179828,cell,cell
g159894,g175428,cell,cell
g159894,g175424,cell,cell
g159894,g175420,cell,cell
g159894,g172863,cell,cell
g159894,g172563,cell,cell
g159894,g171192,cell,cell
g159894,g158532,cell,cell
g159894,g158527,cell,cell
g159894,g158521,cell,cell
g159894,g158477,cell,cell
g159894,g158474,cell,cell
g160145,g182148,cell,cell
g160145,g175618,cell,cell
g160145,g175428,cell,cell
g171722,u2_to_cnt_reg\[1\],cell,cell
g159578,g193487,cell,cell
g159578,g174933,cell,cell
g171749,g171748,cell,cell
g171748,u7_dout_reg\[14\],cell,cell
g160112,g182540,cell,cell
g160112,g175597,cell,cell
g160112,g172183,cell,cell
g160112,g158938,cell,cell
g154121__171814,g153656__5122,cell,cell
g159614,g182134,cell,cell
g159614,g159612,cell,cell
g157970,g177281,cell,cell
g157970,g153841__191897,cell,cell
g171873,g171872,cell,cell
g171872,u7_dout_reg\[12\],cell,cell
g153675__171918,u5_dout_reg\[17\],cell,cell
g157752,g154355__9315,cell,cell
g157726,g154116__7410,cell,cell
g172003,g156139,cell,cell
g157701,g156929,cell,cell
g183349,g175375,cell,cell
g183349,g172010,cell,cell
g183349,g168834,cell,cell
g183349,fopt163956,cell,cell
g172012,g172010,cell,cell
g172010,u23_int_set_reg\[2\],cell,cell
g172013,g198739,cell,cell
g172013,g198738,cell,cell
g172014,g154785,cell,cell
g157694,g154329__9945,cell,cell
g158201,g164219,cell,cell
g172048,g172047,cell,cell
g172047,u2_to_cnt_reg\[4\],cell,cell
g158195,g173054,cell,cell
g158189,g197877,cell,cell
g119,g172095,cell,cell
g119,g154347__8246,cell,cell
g158167,g157015,cell,cell
g172097,g172095,cell,cell
g172095,g163920,cell,cell
g158165,g62,cell,cell
g172114,u13_crac_dout_r_reg\[1\],cell,cell
g158164,g180146,cell,cell
g82,u13_crac_dout_r_reg\[12\],cell,cell
g85,u13_crac_dout_r_reg\[6\],cell,cell
g158163,g162,cell,cell
g172124,u13_crac_dout_r_reg\[8\],cell,cell
g172126,u13_crac_dout_r_reg\[2\],cell,cell
g172128,u13_crac_dout_r_reg\[14\],cell,cell
g158162,g181575,cell,cell
g172136,u13_crac_dout_r_reg\[15\],cell,cell
g3,g191982,cell,cell
g158161,g157137,cell,cell
g172155,u13_crac_dout_r_reg\[3\],cell,cell
g172157,u13_crac_dout_r_reg\[9\],cell,cell
g172159,u13_crac_dout_r_reg\[5\],cell,cell
g172163,g182635,cell,cell
g158159,g176923,cell,cell
g172167,g172165,cell,cell
g172165,u5_wp_reg\[1\],cell,cell
g172169,u13_crac_dout_r_reg\[11\],cell,cell
g172172,g216479,cell,cell
g172172,g212614,cell,cell
g172172,g191975,cell,cell
g172172,g186027,cell,cell
g172172,g184900,cell,cell
g172172,g181508,cell,cell
g172172,g172501,cell,cell
g172172,g170358,cell,cell
g172172,g169542,cell,cell
g172172,g167889,cell,cell
g172172,g165450,cell,cell
g172172,g165448,cell,cell
g172172,g165444,cell,cell
g172173,g85,cell,cell
g172173,g82,cell,cell
g172173,g215497,cell,cell
g172173,g213854,cell,cell
g172173,g210439,cell,cell
g172173,g181508,cell,cell
g172173,g172175,cell,cell
g172173,g172159,cell,cell
g172173,g172157,cell,cell
g172173,g172155,cell,cell
g172173,g172136,cell,cell
g172173,g172128,cell,cell
g172173,g172126,cell,cell
g172173,g172124,cell,cell
g172173,g171504,cell,cell
g172173,g171495,cell,cell
g172173,g171489,cell,cell
g172175,u13_crac_dout_r_reg\[13\],cell,cell
g172177,g200340,cell,cell
g172177,g184495,cell,cell
g172177,g178335,cell,cell
g172183,g153571__6161,cell,cell
g172183,g153551__168327,cell,cell
g172183,g153411__9945,cell,cell
g172183,g153374__5526,cell,cell
g172187,g141,cell,cell
g172188,g153564__8246,cell,cell
g172188,g153544__168301,cell,cell
g172188,g153418__2398,cell,cell
g172188,g153367__1666,cell,cell
g172189,g153565__7098,cell,cell
g172189,g153545__168318,cell,cell
g172189,g153417__5477,cell,cell
g172189,g153368__6417,cell,cell
g172190,g153572__9315,cell,cell
g172190,g153552__168299,cell,cell
g172190,g153410__9315,cell,cell
g172190,g153375__6783,cell,cell
g172192,g153563__5122,cell,cell
g172192,g153543__168321,cell,cell
g172192,g153419__5107,cell,cell
g172192,g153366__2346,cell,cell
g159934,g197875,cell,cell
g159934,g184495,cell,cell
g159934,g181979,cell,cell
g159934,g154360__7410,cell,cell
g159934,g154356__9945,cell,cell
g159934,g154352__7482,cell,cell
g159934,fopt181975,cell,cell
g158156,g58,cell,cell
g172193,g200411,cell,cell
g172193,g180065,cell,cell
g172193,g172200,cell,cell
g172200,g188414,cell,cell
g172200,g181843,cell,cell
g172200,g172898,cell,cell
g172200,g172542,cell,cell
g172200,g172208,cell,cell
g172200,g172207,cell,cell
g172200,g172206,cell,cell
g172200,g172202,cell,cell
g172200,g172201,cell,cell
g172201,g184549,cell,cell
g172202,g127,cell,cell
g172206,g154097__198367,cell,cell
g172206,g154077__1617,cell,cell
g172206,g153864__1705,cell,cell
g172206,g153779__178438,cell,cell
g172207,g154099__198356,cell,cell
g172207,g154078__2802,cell,cell
g172207,g153865__5122,cell,cell
g172207,g153780__178437,cell,cell
g172208,g154100__198368,cell,cell
g172208,g154079__1705,cell,cell
g172208,g153866__8246,cell,cell
g172208,g153781__178436,cell,cell
g172209,g153972__182369,cell,cell
g172210,g224667,cell,cell
g172210,g154355__9315,cell,cell
g172210,g154121__171814,cell,cell
g172211,g200560,cell,cell
g159070,g177869,cell,cell
g159070,g158156,cell,cell
g159070,g158154,cell,cell
g159070,g158152,cell,cell
g172216,g158090,cell,cell
g172216,g158087,cell,cell
g172216,g158071,cell,cell
g8,g493,cell,cell
g8,g183256,cell,cell
g8,g180579,cell,cell
g8,g158092,cell,cell
g8,g158091,cell,cell
g8,g158088,cell,cell
g8,g158085,cell,cell
g8,g158082,cell,cell
g8,g158081,cell,cell
g172218,g172217,cell,cell
g172217,g182616,cell,cell
g158154,g157605,cell,cell
g159071,g492,cell,cell
g159071,g196922,cell,cell
g159071,g180578,cell,cell
g159071,g158163,cell,cell
g159071,g158162,cell,cell
g159071,g158161,cell,cell
g159071,g158159,cell,cell
g159071,g158153,cell,cell
g158969,g492,cell,cell
g158969,g196922,cell,cell
g158969,g180578,cell,cell
g158969,g158163,cell,cell
g158969,g158162,cell,cell
g158969,g158161,cell,cell
g158969,g158159,cell,cell
g158969,g158153,cell,cell
g158153,g180714,cell,cell
g172262,u7_status_reg\[1\],cell,cell
g158152,g157602,cell,cell
g172264,g159887,cell,cell
g172264,g154859__4319,cell,cell
g172264,g153979__173338,cell,cell
g172266,g197826,cell,cell
g172266,g182902,cell,cell
g172266,g182901,cell,cell
g172266,g182899,cell,cell
g172266,g181981,cell,cell
g172267,g165540,cell,cell
g158149,g163909,cell,cell
g172269,g182902,cell,cell
g158148,g172218,cell,cell
g172283,g224211,cell,cell
g172283,g188956,cell,cell
g172283,g183375,cell,cell
g172283,g176883,cell,cell
g172283,g172285,cell,cell
g172283,g171452,cell,cell
g172283,g158139,cell,cell
g172283,g158137,cell,cell
g172283,g158136,cell,cell
g172283,g158135,cell,cell
g172283,g158131,cell,cell
g172283,g158129,cell,cell
g172285,g172284,cell,cell
g172284,g153639__182909,cell,cell
g172292,g456,cell,cell
fopt172293,g456,cell,cell
g158142,g157596,cell,cell
g158128,g164219,cell,cell
g172326,u8_mem_reg\[3\]\[13\],cell,cell
g172330,u8_mem_reg\[3\]\[8\],cell,cell
g172332,u8_mem_reg\[3\]\[16\],cell,cell
g158117,g173054,cell,cell
g159560,g194198,cell,cell
g159560,g158469,cell,cell
g159560,g158289,cell,cell
g158115,g197877,cell,cell
g172336,u8_mem_reg\[3\]\[10\],cell,cell
g172340,u8_mem_reg\[3\]\[6\],cell,cell
g158114,g196698,cell,cell
g159055,g158114,cell,cell
g159055,g158113,cell,cell
g159055,g158098,cell,cell
g159065,g223143,cell,cell
g159065,g223142,cell,cell
g159065,g158114,cell,cell
g159065,g158113,cell,cell
g159065,g158098,cell,cell
g158113,g173186,cell,cell
g158108,g157606,cell,cell
g158104,g163916,cell,cell
g158103,g212433,cell,cell
g159846,g278,cell,cell
g159846,g181642,cell,cell
g159846,g159845,cell,cell
g172434,g172433,cell,cell
g172433,g197008,cell,cell
g172431,u9_mem_reg\[0\]\[18\],cell,cell
g158101,fopt188959,cell,cell
g172438,u8_mem_reg\[3\]\[9\],cell,cell
g158098,g157597,cell,cell
g158095,g157003,cell,cell
g172475,u8_mem_reg\[3\]\[5\],cell,cell
g158093,g62,cell,cell
g172501,u8_mem_reg\[3\]\[7\],cell,cell
g158092,g75,cell,cell
g158091,g162,cell,cell
g158088,g176923,cell,cell
g172533,u8_mem_reg\[3\]\[3\],cell,cell
g172535,u8_mem_reg\[3\]\[11\],cell,cell
g172542,g173050,cell,cell
g172541,u10_mem_reg\[0\]\[9\],cell,cell
g158085,g180714,cell,cell
g158084,g157596,cell,cell
g172563,g184542,cell,cell
g158082,g181575,cell,cell
g172560,u11_mem_reg\[3\]\[14\],cell,cell
g159601,g188068,cell,cell
g159601,g157118,cell,cell
g159601,g152440__3680,cell,cell
g158081,g157137,cell,cell
g158070,g180146,cell,cell
g172635,u8_mem_reg\[3\]\[14\],cell,cell
g160131,g182536,cell,cell
g160131,g179059,cell,cell
g160131,g175597,cell,cell
g160131,g172187,cell,cell
g157913,g187547,cell,cell
g157913,fopt172293,cell,cell
g157913,fopt163801,cell,cell
g172710,u8_mem_reg\[3\]\[2\],cell,cell
g159590,g158902,cell,cell
g157906,g157688,cell,cell
g157906,g157662,cell,cell
g157892,g157675,cell,cell
g157892,g157653,cell,cell
g157971,g157747,cell,cell
g157971,g153842__8246,cell,cell
g159595,g175809,cell,cell
g159595,g159594,cell,cell
g157948,g204759,cell,cell
g157948,g170098,cell,cell
g157948,g157656,cell,cell
g158216,g157670,cell,cell
g158216,g157469,cell,cell
g158216,g157146,cell,cell
g157950,g180433,cell,cell
g157950,g157655,cell,cell
g157951,g157725,cell,cell
g157951,g157654,cell,cell
g172840,u8_mem_reg\[3\]\[15\],cell,cell
g157732,g154115__1666,cell,cell
g157741,g154357__2883,cell,cell
g157717,g154386__1881,cell,cell
g172863,g184544,cell,cell
g172860,u11_mem_reg\[1\]\[12\],cell,cell
g157748,g154354__6161,cell,cell
g172868,u8_mem_reg\[3\]\[12\],cell,cell
g159916,g196605,cell,cell
g159916,g159915,cell,cell
g157755,g154110__8428,cell,cell
g157760,g154358__2346,cell,cell
g172898,g196917,cell,cell
g157709,g154330__9315,cell,cell
g157774,u12_i4_re_reg,cell,cell
g172949,u10_mem_reg\[0\]\[11\],cell,cell
g160019,g160018,cell,cell
g160019,g158302,cell,cell
g157875,g156728,cell,cell
g158795,g79,cell,cell
g158795,g181979,cell,cell
g173002,g173001,cell,cell
g173004,g173003,cell,cell
g173003,g173001,cell,cell
g173001,u11_wp_reg\[0\],cell,cell
g173007,g173006,cell,cell
g173006,u7_empty_reg,cell,cell
g173014,g173013,cell,cell
g173015,g173013,cell,cell
g173013,u6_empty_reg,cell,cell
g173024,g188049,cell,cell
g173024,g154382__6161,cell,cell
g173028,g173027,cell,cell
g173027,g193869,cell,cell
g173027,g172292,cell,cell
g173027,g153880__193867,cell,cell
g158015,u12_rf_we_reg,cell,cell
g173047,g213724,cell,cell
g173047,g213707,cell,cell
g173047,g202329,cell,cell
g173051,g173050,cell,cell
g173050,g197155,cell,cell
g173050,g172541,cell,cell
g173050,g154093__198350,cell,cell
g173050,g153775__178441,cell,cell
g173053,g173055,cell,cell
g173053,g172097,cell,cell
g173053,g157740,cell,cell
g173055,g173054,cell,cell
g173054,g164111,cell,cell
g157677,g154114__200937,cell,cell
fopt173083,g224740,cell,cell
fopt173083,g223450,cell,cell
fopt173083,g223449,cell,cell
g173086,g162472,cell,cell
fopt173087,g154849,cell,cell
fopt173087,g154191,cell,cell
fopt173087,g153873__167561,cell,cell
g173089,g158472,cell,cell
g173186,g199521,cell,cell
g157566,g156129,cell,cell
g173202,g245,cell,cell
g173202,g184503,cell,cell
g157561,g156127,cell,cell
g173212,u16_u0_dma_req_r1_reg,cell,cell
g173214,u16_u8_dma_req_r1_reg,cell,cell
g173214,g173213,cell,cell
g173213,g154126,cell,cell
g173216,u16_u1_dma_req_r1_reg,cell,cell
g157559,g156128,cell,cell
g173226,g173229,cell,cell
g173226,g157290,cell,cell
g173227,g173230,cell,cell
g173227,g158948,cell,cell
g173228,g187713,cell,cell
g173228,g173230,cell,cell
g173230,g173229,cell,cell
g173229,u12_we1_reg,cell,cell
fopt173235,g173237,cell,cell
fopt173235,fopt173238,cell,cell
fopt173235,fopt173234,cell,cell
fopt173234,g173237,cell,cell
fopt173234,fopt162739,cell,cell
g173237,g167684,cell,cell
g173237,g162472,cell,cell
fopt173238,g158472,cell,cell
fopt173240,g215513,cell,cell
fopt1,g166495,cell,cell
fopt1,fopt173240,cell,cell
fopt173241,g167904,cell,cell
fopt173242,g607,cell,cell
fopt173242,fopt173241,cell,cell
g158233,g192329,cell,cell
g158233,g153760__193866,cell,cell
g173250,in_valid_s_reg\[2\],cell,cell
g173253,g175346,cell,cell
g173254,g155999,cell,cell
g173254,g154862,cell,cell
g157636,g157512,cell,cell
g157636,g157116,cell,cell
g157512,g157153,cell,cell
g158038,g163774,cell,cell
fopt173279,g223449,cell,cell
fopt173279,g184504,cell,cell
fopt173279,g176333,cell,cell
fopt173279,fopt173278,cell,cell
fopt173278,g223943,cell,cell
g159885,g159884,cell,cell
g159885,g159881,cell,cell
g159885,g157294,cell,cell
g159885,g156968,cell,cell
g159885,g156703,cell,cell
g159829,g198782,cell,cell
g159829,g198781,cell,cell
fopt173311,g184878,cell,cell
g173314,g173313,cell,cell
g173313,u13_occ0_r_reg\[20\],cell,cell
g173312,g181968,cell,cell
g173312,g178049,cell,cell
g173315,g181968,cell,cell
g173315,g178049,cell,cell
g173316,g157127,cell,cell
fopt173318,g549,cell,cell
fopt173318,g158288,cell,cell
fopt173319,g158848,cell,cell
fopt173319,g158847,cell,cell
fopt173319,fopt173318,cell,cell
fopt173320,g197865,cell,cell
fopt173320,g197863,cell,cell
fopt173320,g176669,cell,cell
fopt173320,fopt173319,cell,cell
g159869,g159327,cell,cell
g159869,g158372,cell,cell
g159869,g157581,cell,cell
g159869,g157291,cell,cell
g159869,g157286,cell,cell
g159869,g157070,cell,cell
g157286,u2_in_valid_reg\[2\],cell,cell
g173339,g173340,cell,cell
g173339,g153979__173338,cell,cell
g173340,g153979__173338,cell,cell
g153979__173338,u10_wp_reg\[1\],cell,cell
g173359,g173358,cell,cell
g173358,u13_occ0_r_reg\[5\],cell,cell
g173357,g186756,cell,cell
g173357,g170035,cell,cell
g157118,g152426__2398,cell,cell
g9,g173416,cell,cell
g173416,g216899,cell,cell
g173416,g186762,cell,cell
g173416,g184605,cell,cell
g159787,g158216,cell,cell
g159787,g157583,cell,cell
g159787,g157070,cell,cell
g157070,u2_out_le_reg\[5\],cell,cell
g158065,g157551,cell,cell
g159574,g181896,cell,cell
g159574,g181894,cell,cell
g159574,g168648,cell,cell
g159574,g158982,cell,cell
g159570,g207848,cell,cell
g159570,g181895,cell,cell
g159570,g168648,cell,cell
g173512,u6_mem_reg\[3\]\[29\],cell,cell
g173513,u6_mem_reg\[3\]\[30\],cell,cell
g173515,u6_mem_reg\[3\]\[31\],cell,cell
g173519,u6_mem_reg\[3\]\[26\],cell,cell
g160033,g197107,cell,cell
g160033,g176924,cell,cell
g160033,g169961,cell,cell
g160033,g169959,cell,cell
g160033,g157628,cell,cell
g160033,g1292,cell,cell
g173649,g97,cell,cell
g173655,g156909,cell,cell
g173655,g156908,cell,cell
g173655,g156907,cell,cell
g173655,g156906,cell,cell
g173763,g180562,cell,cell
g173763,g171550,cell,cell
g173764,g157892,cell,cell
g173765,g157951,cell,cell
g159776,g186370,cell,cell
g159776,g182630,cell,cell
g159776,g179660,cell,cell
g159776,g179657,cell,cell
g173769,g188094,cell,cell
g173770,g199174,cell,cell
g173771,g200194,cell,cell
g173771,g194,cell,cell
g173772,g157948,cell,cell
g173773,g157950,cell,cell
g173774,g157906,cell,cell
g173778,g173777,cell,cell
g173777,g178,cell,cell
g157723,g692,cell,cell
g157743,g154352__7482,cell,cell
g173838,g173837,cell,cell
g173839,g173837,cell,cell
g173837,u2_suspended_reg,cell,cell
g173837,g194199,cell,cell
g173837,g171722,cell,cell
g173837,g158239,cell,cell
g157744,g154356__9945,cell,cell
fopt176458,g176460,cell,cell
fopt176458,g153891__176455,cell,cell
fopt176458,g11,cell,cell
g11,g162475,cell,cell
g173872,g192702,cell,cell
g173872,g173876,cell,cell
g173872,g11,cell,cell
fopt173873,g173876,cell,cell
fopt173873,g159311,cell,cell
fopt173873,fopt164034,cell,cell
g173874,g192701,cell,cell
g173874,g173876,cell,cell
g173874,g159725,cell,cell
g173876,g173880,cell,cell
g173876,g173878,cell,cell
g173876,g173875,cell,cell
g173878,u5_status_reg\[0\],cell,cell
g173878,g173875,cell,cell
g173875,g176943,cell,cell
g173880,g173879,cell,cell
g173879,u19_int_set_reg\[2\],cell,cell
g158071,g157602,cell,cell
g173927,g180354,cell,cell
g173925,g189101,cell,cell
g157899,g170083,cell,cell
g157899,fopt162394,cell,cell
g173940,g156940,cell,cell
g153829__173944,u7_dout_reg\[2\],cell,cell
g158087,g58,cell,cell
g159840,g196651,cell,cell
g159840,g167914,cell,cell
g158090,g157605,cell,cell
g158144,g132,cell,cell
g157659,g176064,cell,cell
g159547,g157566,cell,cell
g160088,g158098,cell,cell
g159072,fopt212376,cell,cell
g157639,g194036,cell,cell
g159772,g193858,cell,cell
g159772,g166501,cell,cell
g159958,g200561,cell,cell
g159958,g159957,cell,cell
g159958,g157642,cell,cell
g159958,g157640,cell,cell
g159958,g157639,cell,cell
g159958,g157637,cell,cell
g159958,g157634,cell,cell
g157637,g157107,cell,cell
g157634,g131,cell,cell
g157469,g157341,cell,cell
g157469,g156711,cell,cell
g157341,g156711,cell,cell
g159488,g176166,cell,cell
g159488,g166246,cell,cell
g174499,u10_empty_reg,cell,cell
g174501,u10_full_reg,cell,cell
g174502,u10_status_reg\[0\],cell,cell
g159531,g176163,cell,cell
g159531,g129,cell,cell
g159695,g208863,cell,cell
g159695,g159297,cell,cell
g159695,g154062__178195,cell,cell
g159458,g176162,cell,cell
g159458,g166255,cell,cell
g174551,g174550,cell,cell
g174550,g221644,cell,cell
g174550,g174553,cell,cell
g174550,g153972__182369,cell,cell
g174553,g221644,cell,cell
g159519,g176160,cell,cell
g159519,g166259,cell,cell
g159507,g176159,cell,cell
g159507,g166257,cell,cell
g159492,g176158,cell,cell
g159492,g111,cell,cell
g174613,g181939,cell,cell
g174613,g166545,cell,cell
g174613,g159280_dup168589,cell,cell
g159447,g489,cell,cell
g159447,g176240,cell,cell
g157577,g131,cell,cell
g157575,g157107,cell,cell
g157569,g194036,cell,cell
g157567,g157103,cell,cell
g154065__9315_dup174764,g264,cell,cell
g154065__9315_dup174764,g172860,cell,cell
g154065__9315_dup174764,g171189,cell,cell
g154065__9315_dup174764,g153361__4319,cell,cell
g154065__9315_dup174764,g153360__6260,cell,cell
g154065__9315_dup174764,g153359__5107,cell,cell
g154065__9315_dup174764,g153358__2398,cell,cell
g154065__9315_dup174764,g153357__5477,cell,cell
g154065__9315_dup174764,g153356__6417,cell,cell
g154065__9315_dup174764,g153355__7410,cell,cell
g154065__9315_dup174764,g153353__2346,cell,cell
g154065__9315_dup174764,g153351__6161,cell,cell
g154065__9315_dup174764,g153350__5115,cell,cell
g154065__9315_dup174764,g153348__1705,cell,cell
g154065__9315_dup174764,g153347__6783,cell,cell
g154065__9315_dup174764,g153346__8428,cell,cell
g154063__174765,g263,cell,cell
g154063__174765,g172560,cell,cell
g154063__174765,g170135,cell,cell
g154063__174765,g170131,cell,cell
g154063__174765,g153432__7482,cell,cell
g154063__174765,g153430__1666,cell,cell
g154063__174765,g153429__7410,cell,cell
g154063__174765,g153428__2346,cell,cell
g154063__174765,g153425__6161,cell,cell
g154063__174765,g153424__4733,cell,cell
g154063__174765,g153394__7098,cell,cell
g154063__174765,g153392__5122,cell,cell
g154063__174765,g153391__1705,cell,cell
g154063__174765,g153390__2802,cell,cell
g154063__174765,g153389__1617,cell,cell
g154063__174765,g153388__3680,cell,cell
g154063__9945_dup174766,g153436__3680,cell,cell
g154063__9945_dup174766,g153435__6783,cell,cell
g154063__9945_dup174766,g153434__5526,cell,cell
g154063__9945_dup174766,g153433__8428,cell,cell
g154063__9945_dup174766,g153325__1881,cell,cell
g154063__9945_dup174766,g153324__6131,cell,cell
g154063__9945_dup174766,g153323__7098,cell,cell
g154063__9945_dup174766,g153322__8246,cell,cell
g154063__9945_dup174766,g153321__5122,cell,cell
g154063__9945_dup174766,g153320__1705,cell,cell
g154063__9945_dup174766,g153319__2802,cell,cell
g154063__9945_dup174766,g153318__1617,cell,cell
g154063__9945_dup174766,g153317__3680,cell,cell
g154063__9945_dup174766,g153316__6783,cell,cell
g154063__9945_dup174766,g153315__5526,cell,cell
g154063__9945_dup174766,g153314__8428,cell,cell
g153396__174767,u11_wp_reg\[2\],cell,cell
g159538,g184896,cell,cell
g159476,g175585,cell,cell
g159476,g166247,cell,cell
g159465,g166253,cell,cell
g159465,g153667__176231,cell,cell
fopt174830,g216450,cell,cell
fopt174830,g198082,cell,cell
fopt174830,fopt174833,cell,cell
fopt174832,g223599,cell,cell
fopt174833,g223712,cell,cell
fopt174833,g206338,cell,cell
fopt174833,g206337,cell,cell
fopt174833,g173086,cell,cell
g157547,g211605,cell,cell
g157546,g162,cell,cell
g174908,g218108,cell,cell
g174906,g172095,cell,cell
g174910,g157080,cell,cell
g174910,g154325__7410,cell,cell
g174933,g184295,cell,cell
g159554,g166242,cell,cell
g159554,g153664__176232,cell,cell
g174970,in_valid_s_reg\[0\],cell,cell
g174972,g156001,cell,cell
g174972,g154785,cell,cell
g157529,g253,cell,cell
g159487,g171436,cell,cell
g159487,g153666__176235,cell,cell
g175105,g175104,cell,cell
g175104,g212241,cell,cell
g175104,g176012,cell,cell
g175104,g1292,cell,cell
g157525,g172284,cell,cell
g160086,g158152,cell,cell
g175146,g207749,cell,cell
g175146,g157697,cell,cell
g175146,g157433,cell,cell
g175149,g206950,cell,cell
g175149,g175148,cell,cell
g175151,g212936,cell,cell
g175151,g175150,cell,cell
g175150,g163908,cell,cell
g175150,g154000__189844,cell,cell
g159464,g166245,cell,cell
g159464,g153665__176236,cell,cell
g175200,g224333,cell,cell
g175200,g223596,cell,cell
g175200,g223595,cell,cell
g175200,g223535,cell,cell
g175200,g175201,cell,cell
g175200,fopt162754,cell,cell
g157516,g176064,cell,cell
g175212,g200646,cell,cell
g175212,g197827,cell,cell
g175212,g184558,cell,cell
g175212,g175214,cell,cell
g175214,g175244,cell,cell
g175214,g175243,cell,cell
g175214,g175242,cell,cell
g175214,g175241,cell,cell
g175214,g175240,cell,cell
g175214,g175239,cell,cell
g175214,g175238,cell,cell
g175214,g175237,cell,cell
g175214,g175236,cell,cell
g175214,g175235,cell,cell
g175214,g175234,cell,cell
g175214,g175233,cell,cell
g175214,g175232,cell,cell
g175214,g175231,cell,cell
g175214,g175230,cell,cell
g175214,g175229,cell,cell
g175214,g175228,cell,cell
g175214,g175227,cell,cell
g175214,g175226,cell,cell
g175214,g175225,cell,cell
g175214,g175224,cell,cell
g175214,g175223,cell,cell
g175214,g175222,cell,cell
g175214,g175221,cell,cell
g175214,g175220,cell,cell
g175214,g175219,cell,cell
g175214,g175218,cell,cell
g175214,g175217,cell,cell
g175214,g175216,cell,cell
g175214,g175215,cell,cell
g175214,g175213,cell,cell
g175213,g157803,cell,cell
g175215,g157780,cell,cell
g175216,g157779,cell,cell
g175217,g157871,cell,cell
g175218,g157817,cell,cell
g175219,g157826,cell,cell
g159483,g213865,cell,cell
g175220,g157841,cell,cell
g175221,g157869,cell,cell
g175222,g157860,cell,cell
g175223,g157815,cell,cell
g175224,g157867,cell,cell
g175225,g157874,cell,cell
g175226,g157822,cell,cell
g175227,g157814,cell,cell
g175228,g157858,cell,cell
g175229,g157778,cell,cell
g175230,g157861,cell,cell
g175231,g157776,cell,cell
g175232,g157819,cell,cell
g175233,g157868,cell,cell
g175234,g157824,cell,cell
g175235,g158006,cell,cell
g175236,g157854,cell,cell
g175237,g157863,cell,cell
g175238,g157821,cell,cell
g175239,g157781,cell,cell
g175240,g157828,cell,cell
g175241,g157820,cell,cell
g175242,g157816,cell,cell
g175243,g157827,cell,cell
g175244,g157818,cell,cell
g157495,g224335,cell,cell
g175263,g212625,cell,cell
g175269,g175268,cell,cell
g175268,u10_rp_reg\[0\],cell,cell
g157299,g92,cell,cell
g159758,g157636,cell,cell
g159758,g157295,cell,cell
g159758,g157286,cell,cell
g159758,g156711,cell,cell
g175310,g218182,cell,cell
g175310,g218181,cell,cell
g159463,g157075,cell,cell
g157295,u2_in_valid_reg\[0\],cell,cell
g175346,g42,cell,cell
g175347,g182067,cell,cell
g37,g169186,cell,cell
g175352,u3_rp_reg\[0\],cell,cell
g157279,g173006,cell,cell
g175375,g184483,cell,cell
g175375,g178199,cell,cell
g175375,g178196,cell,cell
g175375,g168710,cell,cell
g175375,g154068__178190,cell,cell
g175375,g154062__178195,cell,cell
g1,g153395__175376,cell,cell
g153395__175376,u9_wp_reg\[2\],cell,cell
g157116,u2_out_le_reg\[0\],cell,cell
g159498,g166260,cell,cell
g159498,g153668__176233,cell,cell
g175415,g215502,cell,cell
g175415,g187726,cell,cell
g175415,g175414,cell,cell
g175415,g166571,cell,cell
g175415,g166570,cell,cell
g175415,g166569,cell,cell
g175415,g166568,cell,cell
g175415,g166567,cell,cell
g175414,u13_occ1_r_reg\[0\],cell,cell
g175420,g153819__175422,cell,cell
g175420,g153799__182068,cell,cell
g175420,g153434__5526,cell,cell
g175420,g153351__6161,cell,cell
g153819__175422,u11_mem_reg\[2\]\[10\],cell,cell
g175424,g153817__175426,cell,cell
g175424,g153797__182082,cell,cell
g175424,g153432__7482,cell,cell
g175424,g153353__2346,cell,cell
g153817__175426,u11_mem_reg\[2\]\[8\],cell,cell
g175428,g153813__175430,cell,cell
g175428,g153793__182084,cell,cell
g175428,g153428__2346,cell,cell
g175428,g153357__5477,cell,cell
g153813__175430,u11_mem_reg\[2\]\[4\],cell,cell
g175436,g25,cell,cell
g25,g179815,cell,cell
g25,g175415,cell,cell
g175437,g181899,cell,cell
g175437,g175415,cell,cell
g175437,g170221,cell,cell
g175442,g219218,cell,cell
g175442,g175441,cell,cell
g175442,g170017,cell,cell
g175441,g175440,cell,cell
g175440,g168615,cell,cell
g175440,g155531,cell,cell
g175440,g155046,cell,cell
g158243,u1_sr_reg\[2\],cell,cell
g157769,g157767,cell,cell
g157606,g157098,cell,cell
g157596,g77,cell,cell
fopt175575,g175352,cell,cell
fopt175575,g154318__186128,cell,cell
g175581,g175584,cell,cell
g175581,g154725,cell,cell
g175581,g154123__175580,cell,cell
g175582,g154123__175580,cell,cell
g154123__175580,u15_crac_wr_reg,cell,cell
g175585,g175586,cell,cell
g175585,g175584,cell,cell
g175584,g176229,cell,cell
g175586,g176229,cell,cell
g175589,g175615,cell,cell
g175589,g175610,cell,cell
g175589,g175594,cell,cell
g175589,g175588,cell,cell
g175588,g198600,cell,cell
g175588,g198599,cell,cell
g175594,g215511,cell,cell
g175594,g168496,cell,cell
g175594,g168495,cell,cell
g175594,g168494,cell,cell
g175594,g168493,cell,cell
g175594,g168491,cell,cell
g175594,g168490,cell,cell
g175594,g168489,cell,cell
g175594,g168488,cell,cell
g175594,g168487,cell,cell
g175594,g168486,cell,cell
g175594,g168485,cell,cell
g175594,g168484,cell,cell
g175594,g168483,cell,cell
g175594,g168482,cell,cell
g175594,g168481,cell,cell
g175597,g153569__7482,cell,cell
g175597,g153549__168316,cell,cell
g175597,g153413__175598,cell,cell
g175597,g153372__4319,cell,cell
g153413__175598,u9_mem_reg\[3\]\[9\],cell,cell
g175601,g153568__5115,cell,cell
g175601,g153548__168315,cell,cell
g175601,g153414__175602,cell,cell
g175601,g153371__5107,cell,cell
g153414__175602,u9_mem_reg\[3\]\[10\],cell,cell
g175605,g175604,cell,cell
g175607,g175608,cell,cell
g175607,g175604,cell,cell
g175608,g175604,cell,cell
g175604,u11_status_reg\[1\],cell,cell
g175610,g198598,cell,cell
g175610,g198596,cell,cell
g175614,g198598,cell,cell
g175615,g168480,cell,cell
g175615,g168478,cell,cell
g175615,g168477,cell,cell
g175615,g168476,cell,cell
g175615,g168473,cell,cell
g175615,g168472,cell,cell
g175615,g168471,cell,cell
g175615,g168470,cell,cell
g175615,g168469,cell,cell
g175615,g168468,cell,cell
g175615,g168467,cell,cell
g175615,g168466,cell,cell
g175615,g168465,cell,cell
g175615,g168463,cell,cell
g157589,u12_o3_we_reg,cell,cell
g175616,g215511,cell,cell
g175616,g168496,cell,cell
g175616,g168495,cell,cell
g175616,g168494,cell,cell
g175616,g168493,cell,cell
g175616,g168491,cell,cell
g175616,g168490,cell,cell
g175616,g168489,cell,cell
g175616,g168488,cell,cell
g175616,g168487,cell,cell
g175616,g168486,cell,cell
g175616,g168485,cell,cell
g175616,g168484,cell,cell
g175616,g168483,cell,cell
g175616,g168482,cell,cell
g175616,g168481,cell,cell
g175616,g168480,cell,cell
g175616,g168478,cell,cell
g175616,g168477,cell,cell
g175616,g168476,cell,cell
g175616,g168473,cell,cell
g175616,g168472,cell,cell
g175616,g168471,cell,cell
g175616,g168470,cell,cell
g175616,g168469,cell,cell
g175616,g168468,cell,cell
g175616,g168467,cell,cell
g175616,g168466,cell,cell
g175616,g168465,cell,cell
g175616,g168463,cell,cell
g175616,g155573,cell,cell
g175618,g153825__168282,cell,cell
g175618,g153805__182079,cell,cell
g175618,g153391__1705,cell,cell
g175618,g153345__175619,cell,cell
g154065__175620,g153345__175619,cell,cell
g154065__175620,g153344__6260,cell,cell
g154065__175620,g153343__5107,cell,cell
g154065__175620,g153342__2398,cell,cell
g154065__175620,g153301__6417,cell,cell
g154065__175620,g153300__7410,cell,cell
g154065__175620,g153299__2883,cell,cell
g154065__175620,g153298__6161,cell,cell
g154065__175620,g153297__4733,cell,cell
g154065__175620,g153296__7482,cell,cell
g154065__175620,g153295__5115,cell,cell
g154065__175620,g153294__1881,cell,cell
g154065__175620,g153293__7098,cell,cell
g154065__175620,g153292__1705,cell,cell
g154065__175620,g153291__3680,cell,cell
g154065__175620,g153290__5526,cell,cell
g153345__175619,u11_mem_reg\[1\]\[16\],cell,cell
g175646,u9_status_reg\[1\],cell,cell
g175647,g200315,cell,cell
g175647,g198743,cell,cell
g157554,g221645,cell,cell
g175677,g182156,cell,cell
g175677,g179828,cell,cell
g175677,g171192,cell,cell
g175677,g158912,cell,cell
g175684,g182158,cell,cell
g175684,g175424,cell,cell
g175684,g175420,cell,cell
g175684,g158932,cell,cell
g157551,g173007,cell,cell
g175692,g182160,cell,cell
g175692,g175420,cell,cell
g175692,g172863,cell,cell
g175692,g158907,cell,cell
g175711,g182546,cell,cell
g175711,g179065,cell,cell
g175711,g176529,cell,cell
g175715,g182847,cell,cell
g175715,g172207,cell,cell
g175715,g158940,cell,cell
g175719,g182548,cell,cell
g175719,g179069,cell,cell
g175719,g172188,cell,cell
g158227,g164088,cell,cell
g158227,g158003,cell,cell
g158227,g157307,cell,cell
g175741,u10_status_reg\[1\],cell,cell
g175742,g174501,cell,cell
g175742,g174499,cell,cell
g175743,g182162,cell,cell
g175743,g158929,cell,cell
g175743,g158527,cell,cell
g159737,g182018,cell,cell
g175751,g182164,cell,cell
g175751,g158933,cell,cell
g175751,g158532,cell,cell
g175751,g158527,cell,cell
g175755,g182166,cell,cell
g175755,g175424,cell,cell
g175755,g158913,cell,cell
g175755,g158477,cell,cell
g157641,g173054,cell,cell
g157644,g197877,cell,cell
g175809,g175813,cell,cell
g175809,g175811,cell,cell
g175809,g156172,cell,cell
g175811,g178217,cell,cell
g175811,g175810,cell,cell
g175810,g153338__5122,cell,cell
g175813,g178215,cell,cell
g175813,g175892,cell,cell
g175813,g175817,cell,cell
g175817,g154249,cell,cell
g157337,g157166,cell,cell
g175821,g221643,cell,cell
g175821,g175819,cell,cell
g175822,g175819,cell,cell
g175819,u3_rp_reg\[3\],cell,cell
g159468,g159467,cell,cell
g159468,g156707,cell,cell
g157333,g157185,cell,cell
g157483,g132,cell,cell
g157480,g194438,cell,cell
g175892,u26_cnt_reg\[0\],cell,cell
g175895,u26_ps_cnt_reg\[5\],cell,cell
g175898,u26_ps_cnt_reg\[2\],cell,cell
g175899,u26_ps_cnt_reg\[3\],cell,cell
g175901,g154249,cell,cell
g175904,g184027,cell,cell
g175906,g182866,cell,cell
g175906,g172206,cell,cell
g175906,g172202,cell,cell
g175906,g158905,cell,cell
g175148,g212122,cell,cell
g175148,g175151,cell,cell
g175148,g159985,cell,cell
g175148,g157479,cell,cell
g159467,g176239,cell,cell
g156878,valid_s1_reg,cell,cell
g157462,g62,cell,cell
g157454,g194438,cell,cell
g175956,u10_mem_reg\[0\]\[6\],cell,cell
g175968,u10_mem_reg\[0\]\[8\],cell,cell
g157433,g132,cell,cell
g176012,g181575,cell,cell
g160080,g158294,cell,cell
g159470,g182846,cell,cell
g176040,g486,cell,cell
g489,g486,cell,cell
g487,g486,cell,cell
g486,u12_wb_data_o_reg\[18\],cell,cell
g157339,g157075,cell,cell
g157335,g157164,cell,cell
g176065,g176064,cell,cell
g157334,g157163,cell,cell
g176064,g153634__188333,cell,cell
g176067,g223141,cell,cell
g176067,g207843,cell,cell
g176067,g180534,cell,cell
g176067,g170084,cell,cell
g176067,g158128,cell,cell
g176067,g158117,cell,cell
g176067,g158115,cell,cell
g176067,g158095,cell,cell
g176067,g158093,cell,cell
g176068,g153843__5477,cell,cell
g157332,g157184,cell,cell
g157331,g157183,cell,cell
g157290,u12_wb_ack_o_reg,cell,cell
g176147,g213720,cell,cell
g176147,g213707,cell,cell
g157287,g156718,cell,cell
g176153,g176160,cell,cell
g176153,g176159,cell,cell
g176153,g176158,cell,cell
g176153,g176157,cell,cell
g176153,g176156,cell,cell
g176153,g176155,cell,cell
g176153,g176154,cell,cell
g176153,g176152,cell,cell
g176152,u13_ints_r_reg\[12\],cell,cell
g176154,u13_ints_r_reg\[22\],cell,cell
g176155,u13_ints_r_reg\[15\],cell,cell
g176156,u13_ints_r_reg\[13\],cell,cell
g176157,u13_ints_r_reg\[0\],cell,cell
g176158,u13_ints_r_reg\[3\],cell,cell
g176159,u13_ints_r_reg\[4\],cell,cell
g176160,u13_ints_r_reg\[6\],cell,cell
g168393_dup,g176167,cell,cell
g168393_dup,g176166,cell,cell
g168393_dup,g176165,cell,cell
g168393_dup,g176164,cell,cell
g168393_dup,g176163,cell,cell
g168393_dup,g176162,cell,cell
g168393_dup,g176161,cell,cell
g176161,u13_ints_r_reg\[7\],cell,cell
g176162,u13_ints_r_reg\[9\],cell,cell
g176163,u13_ints_r_reg\[10\],cell,cell
g176164,u13_ints_r_reg\[16\],cell,cell
g176165,u13_ints_r_reg\[19\],cell,cell
g176166,u13_ints_r_reg\[24\],cell,cell
g176167,u13_ints_r_reg\[25\],cell,cell
g157198,in_valid_s1_reg\[1\],cell,cell
g157153,u2_out_le_reg\[2\],cell,cell
g157463,g164219,cell,cell
g176215,g176214,cell,cell
g176216,g176214,cell,cell
g176214,g193162,cell,cell
g176220,g176219,cell,cell
g176221,g176219,cell,cell
g176222,g176219,cell,cell
g176219,g176218,cell,cell
g176218,u7_dout_reg\[15\],cell,cell
g157343,g172014,cell,cell
g157343,g172012,cell,cell
g157343,g156993,cell,cell
g176228,g176153,cell,cell
g176228,g168393_dup,cell,cell
g176228,g164270_dup_dup,cell,cell
g176228,g164270_dup176230,cell,cell
g164270_dup176230,g176229,cell,cell
g164270_dup176230,g153669__176234,cell,cell
g164270_dup176230,g153668__176233,cell,cell
g164270_dup176230,g153667__176231,cell,cell
g164270_dup176230,g153666__176235,cell,cell
g164270_dup176230,g153665__176236,cell,cell
g164270_dup176230,g153664__176232,cell,cell
g176229,u13_ints_r_reg\[1\],cell,cell
g157347,g187485,cell,cell
g157347,g176761,cell,cell
g157347,g156995,cell,cell
g153667__176231,u13_ints_r_reg\[11\],cell,cell
g153664__176232,u13_ints_r_reg\[2\],cell,cell
g153668__176233,u13_ints_r_reg\[14\],cell,cell
g153669__176234,u13_ints_r_reg\[17\],cell,cell
g153666__176235,u13_ints_r_reg\[8\],cell,cell
g153665__176236,u13_ints_r_reg\[5\],cell,cell
g164270_dup_dup,g176243,cell,cell
g164270_dup_dup,g176242,cell,cell
g164270_dup_dup,g176241,cell,cell
g164270_dup_dup,g176240,cell,cell
g164270_dup_dup,g176239,cell,cell
g164270_dup_dup,g176238,cell,cell
g164270_dup_dup,g176237,cell,cell
g176237,u13_ints_r_reg\[23\],cell,cell
g176238,u13_ints_r_reg\[20\],cell,cell
g176239,u13_ints_r_reg\[26\],cell,cell
g157349,g267,cell,cell
g157349,g157348,cell,cell
g176240,u13_ints_r_reg\[18\],cell,cell
g176241,u13_ints_r_reg\[27\],cell,cell
g176242,u13_ints_r_reg\[21\],cell,cell
g176243,u13_ints_r_reg\[28\],cell,cell
g159506,g184889,cell,cell
g159506,g181788,cell,cell
g157597,g157080,cell,cell
g176265,u3_mem_reg\[1\]\[6\],cell,cell
g176269,u6_mem_reg\[3\]\[16\],cell,cell
g157602,g157139,cell,cell
g157605,g157144,cell,cell
g157338,g184582,cell,cell
g157318,g224666,cell,cell
g157226,g156728,cell,cell
g176310,u3_mem_reg\[1\]\[29\],cell,cell
g157316,g176068,cell,cell
g176333,g223942,cell,cell
g176333,g169552,cell,cell
g176333,g169551,cell,cell
g176333,g169548,cell,cell
g176333,g169546,cell,cell
g176333,g169544,cell,cell
g176333,g169541,cell,cell
g176333,g166275,cell,cell
g176333,g166102,cell,cell
g176333,g166002,cell,cell
g176333,g165976,cell,cell
g176333,g165947,cell,cell
g176333,g165757,cell,cell
g176333,g165671,cell,cell
g176333,g165642,cell,cell
g176333,g165380,cell,cell
g176342,u9_mem_reg\[3\]\[23\],cell,cell
g176348,u9_mem_reg\[3\]\[24\],cell,cell
g176350,u9_mem_reg\[3\]\[28\],cell,cell
g176359,u9_mem_reg\[3\]\[29\],cell,cell
g176365,u9_mem_reg\[3\]\[31\],cell,cell
g176367,u9_mem_reg\[3\]\[1\],cell,cell
g157307,g169906,cell,cell
g176413,u9_mem_reg\[3\]\[30\],cell,cell
g166696,g166892,cell,cell
g166696,g159733,cell,cell
g166696,g159146,cell,cell
g166696,g154063__9945_dup174766,cell,cell
g166696,g154063__174765,cell,cell
g176437,g99,cell,cell
g176437,g176436,cell,cell
g176437,g176310,cell,cell
g176437,g171322,cell,cell
g176437,g171179,cell,cell
g176437,g171075,cell,cell
g176437,g170840,cell,cell
g176437,g170621,cell,cell
g176437,g170405,cell,cell
g176437,g170393,cell,cell
g176437,g170387,cell,cell
g176437,g170378,cell,cell
g176437,g170302,cell,cell
g176437,g170156,cell,cell
g176437,g165889,cell,cell
g176437,g155838,cell,cell
g176436,u3_mem_reg\[1\]\[30\],cell,cell
g176438,u8_mem_reg\[3\]\[0\],cell,cell
g157296,u2_res_cnt_reg\[0\],cell,cell
g176460,g153891__176455,cell,cell
g153891__176455,u5_rp_reg\[1\],cell,cell
g157285,g105,cell,cell
g157275,g157163,cell,cell
g176501,g215512,cell,cell
g176501,g213858,cell,cell
g176501,g213850,cell,cell
g176501,g176500,cell,cell
g176501,g176265,cell,cell
g176501,g172,cell,cell
g176501,g171168,cell,cell
g176501,g170689,cell,cell
g176501,g170625,cell,cell
g176501,g170623,cell,cell
g176501,g170362,cell,cell
g176501,g170358,cell,cell
g176501,g170356,cell,cell
g176501,g170351,cell,cell
g176501,g170349,cell,cell
g176501,g170345,cell,cell
g176500,u3_mem_reg\[1\]\[3\],cell,cell
g159733,g177057,cell,cell
g157270,g157164,cell,cell
g153369__176525,u9_mem_reg\[1\]\[12\],cell,cell
g157317,g157006,cell,cell
g176529,g153573__9945,cell,cell
g176529,g153553__168326,cell,cell
g176529,g153409__6161,cell,cell
g176529,g153376__176531,cell,cell
g153376__176531,u9_mem_reg\[1\]\[5\],cell,cell
g176538,g200174,cell,cell
g176538,g186033,cell,cell
g176538,g184883,cell,cell
g176538,g178260,cell,cell
g176538,g176537,cell,cell
g176538,g170623,cell,cell
g176538,g166009,cell,cell
g176538,g166007,cell,cell
g176538,g166002,cell,cell
g176538,g165999,cell,cell
g176538,g165993,cell,cell
g176537,u6_mem_reg\[3\]\[28\],cell,cell
g157215,g157127,cell,cell
g157214,g157128,cell,cell
g157212,g157129,cell,cell
g41,u9_mem_reg\[1\]\[11\],cell,cell
g159543,g184882,cell,cell
g159543,g158057,cell,cell
g156879,in_valid_s1_reg\[2\],cell,cell
g176608,g202309,cell,cell
g176608,g200145,cell,cell
g176608,g179664,cell,cell
g176608,g176607,cell,cell
g176608,g176310,cell,cell
g176608,g166302,cell,cell
g176608,g166300,cell,cell
g176608,g166290,cell,cell
g176608,g166285,cell,cell
g176607,u8_mem_reg\[1\]\[29\],cell,cell
g157223,g164307,cell,cell
g156720,u1_slt3_reg\[1\],cell,cell
g156719,u1_slt3_reg\[0\],cell,cell
g156688,u0_slt9_r_reg\[0\],cell,cell
g176647,g188072,cell,cell
g176648,g188072,cell,cell
g157224,g157166,cell,cell
fopt176651_dup,g184964,cell,cell
fopt176651_dup,g184963,cell,cell
fopt176651_dup,g184962,cell,cell
fopt176651_dup,g184961,cell,cell
fopt176651_dup,g184960,cell,cell
fopt176651_dup,g184959,cell,cell
fopt176651_dup,g184958,cell,cell
fopt176651_dup,g184957,cell,cell
fopt176651_dup,g184956,cell,cell
fopt176651_dup,g184955,cell,cell
fopt176651_dup,g184954,cell,cell
fopt176651_dup,g184953,cell,cell
fopt176651_dup,g184952,cell,cell
fopt176651_dup,g184951,cell,cell
fopt176651_dup,g165339,cell,cell
fopt176651_dup,g165337,cell,cell
fopt176651_dup,g165323,cell,cell
fopt176651_dup,g165319,cell,cell
g157220,g155577,cell,cell
g157221,g156132,cell,cell
g176661,g176660,cell,cell
g176662,g176660,cell,cell
g176660,u4_rp_reg\[3\],cell,cell
g176669,g176667,cell,cell
g176667,g200047,cell,cell
g176672,g154333__7482,cell,cell
g176672,g154331__176675,cell,cell
g176676,g154331__176675,cell,cell
g154331__176675,g153635__188335,cell,cell
g176678,g176677,cell,cell
g176679,g176677,cell,cell
g176677,u12_wb_data_o_reg\[11\],cell,cell
g20,g19,cell,cell
g20,g172173,cell,cell
g20,g167677,cell,cell
g20,g163689,cell,cell
g20,g163204,cell,cell
g20,g158039,cell,cell
g19,g181509,cell,cell
g157345,g194199,cell,cell
g157345,g171722,cell,cell
g157345,g157298,cell,cell
g159638,g159320,cell,cell
g159638,g159181,cell,cell
g159638,g157579,cell,cell
g159638,g157464,cell,cell
g159638,g157291,cell,cell
g157464,u2_cnt_reg\[0\],cell,cell
g159553,g166622,cell,cell
g159553,g159552,cell,cell
g158930,g158299,cell,cell
g158930,g158216,cell,cell
g158930,g157580,cell,cell
g158930,g157570,cell,cell
g157580,u2_cnt_reg\[2\],cell,cell
g176743,u13_crac_dout_r_reg\[0\],cell,cell
g157766,u1_sr_reg\[3\],cell,cell
g176748,g153382__176747,cell,cell
g176749,g153382__176747,cell,cell
g153382__176747,u16_u5_dma_req_reg,cell,cell
g607,g606,cell,cell
g606,g448,cell,cell
g176756,g153386__176754,cell,cell
g153386__176754,u16_u1_dma_req_reg,cell,cell
g176761,g154862,cell,cell
g176786,u9_mem_reg\[3\]\[25\],cell,cell
g157306,g157003,cell,cell
g159575,g175586,cell,cell
g159552,g215502,cell,cell
g157298,u2_to_cnt_reg\[0\],cell,cell
g157281,g156703,cell,cell
g157280,g156701,cell,cell
g176883,g197062,cell,cell
g176896,g153387__176895,cell,cell
g159724,g159723,cell,cell
g159724,g157195,cell,cell
g176897,g153387__176895,cell,cell
g153387__176895,u16_u0_dma_req_reg,cell,cell
g176906,g180001,cell,cell
g176922,g212241,cell,cell
g176922,g193863,cell,cell
g176922,g176924,cell,cell
g176924,g176923,cell,cell
g176923,g212239,cell,cell
g176943,g176941,cell,cell
g176941,u5_empty_reg,cell,cell
g159723,g156764,cell,cell
g177057,g209722,cell,cell
g177057,g154436__177060,cell,cell
g177057,g154436__168261_dup,cell,cell
g177058,g209722,cell,cell
g177058,g182016,cell,cell
g177058,g154436__177060,cell,cell
g177058,g154436__168261_dup,cell,cell
g177058,g154433__5122,cell,cell
g177058,g154316__3680,cell,cell
g177058,g153629__182014,cell,cell
g154436__177060,g196188,cell,cell
g154436__168261_dup,g181635,cell,cell
g177066,g171209,cell,cell
g157670,g157287,cell,cell
g157670,g157146,cell,cell
g157670,g156718,cell,cell
g157146,u2_cnt_reg\[5\],cell,cell
g157487,g162,cell,cell
g157487,g154393__1617,cell,cell
g157137,g153618__185117,cell,cell
g132,g177081,cell,cell
g177081,u5_dout_reg\[11\],cell,cell
g159713,g184862,cell,cell
g159713,g184562,cell,cell
g159713,g178256,cell,cell
g159713,g169049,cell,cell
g157630,g180360,cell,cell
g157630,g154367__8428,cell,cell
g157107,g153659__1617,cell,cell
g157094,g198417,cell,cell
g30,g185556,cell,cell
g177137,g184595,cell,cell
fopt177154,g200565,cell,cell
fopt177154,fopt177156,cell,cell
fopt177156,g234,cell,cell
fopt177156,g193607,cell,cell
fopt177156,g177158,cell,cell
g177158,g192329,cell,cell
g177158,g158233,cell,cell
g177159,g158090,cell,cell
g177159,g158087,cell,cell
g177159,g158071,cell,cell
g177160,g493,cell,cell
g177160,g183256,cell,cell
g177160,g180579,cell,cell
g177160,g158092,cell,cell
g177160,g158091,cell,cell
g177160,g158088,cell,cell
g177160,g158085,cell,cell
g177160,g158082,cell,cell
g177160,g158081,cell,cell
g157493,g157082,cell,cell
g157493,g154098__181547,cell,cell
g157082,g153632__179287,cell,cell
g177280,g224667,cell,cell
g177280,g177279,cell,cell
g177280,g156931,cell,cell
g177280,g156929,cell,cell
g177281,g177279,cell,cell
g177281,g154351__5115,cell,cell
g177284,g177282,cell,cell
g177282,g177279,cell,cell
g177279,g153593__219227,cell,cell
g177292,g456,cell,cell
g177292,g199344,cell,cell
g177292,g154384__7482,cell,cell
g177292,g154382__6161,cell,cell
g157073,g156710,cell,cell
g157069,g173214,cell,cell
g157069,g170044,cell,cell
g157067,g184089,cell,cell
g157067,g178044,cell,cell
g157687,g189103,cell,cell
g157687,g154326__1666,cell,cell
g157675,g157028,cell,cell
g157675,g154350__1881,cell,cell
g157028,g153602__193161,cell,cell
g157700,g188048,cell,cell
g157700,g154392__2802,cell,cell
g177544,u8_mem_reg\[3\]\[18\],cell,cell
g159433,g158071,cell,cell
g157653,g210507,cell,cell
g157653,g154117__8246,cell,cell
g157654,g212201,cell,cell
g157654,g154116__7410,cell,cell
g156986,g156143,cell,cell
g156984,g156146,cell,cell
g156983,g171438,cell,cell
g156982,g156137,cell,cell
g156981,g156144,cell,cell
g157676,g200197,cell,cell
g157676,g154341__1617,cell,cell
g157725,g156940,cell,cell
g157725,g154346__5122,cell,cell
g159976,g159974,cell,cell
g159976,g157028,cell,cell
g159976,g156940,cell,cell
g159976,g154340__1705,cell,cell
g156940,g153603__6161,cell,cell
g177835,g69,cell,cell
g177835,g188517,cell,cell
g157646,g156931,cell,cell
g157646,g154351__5115,cell,cell
g156931,g153595__219229,cell,cell
g177855,g210419,cell,cell
g177855,g198622,cell,cell
g177855,g191945,cell,cell
g177855,g191491,cell,cell
g177855,g191486,cell,cell
g177855,g187478,cell,cell
g177855,g184549,cell,cell
g177855,g177857,cell,cell
g177855,g174499,cell,cell
g177855,g173051,cell,cell
g177855,g159291,cell,cell
g177855,g159288,cell,cell
g177855,g158890,cell,cell
g177855,g158879,cell,cell
g177855,g158878,cell,cell
g177855,g158877,cell,cell
g177855,g158862,cell,cell
g177855,g158849,cell,cell
g177855,g127,cell,cell
g177857,g213136,cell,cell
g157643,g156929,cell,cell
g157643,g154353__4733,cell,cell
g177859,g164308,cell,cell
g156929,g153594__219232,cell,cell
g177868,g187550,cell,cell
g177868,g186390,cell,cell
g177868,g183257,cell,cell
g177868,g180577,cell,cell
g177868,g176012,cell,cell
g177868,g169028,cell,cell
g177868,g164006,cell,cell
g177868,g157546,cell,cell
g177869,g183257,cell,cell
g13,g165153,cell,cell
g13,g156772_dup166716,cell,cell
g13,g156772_dup165220_dup,cell,cell
g191527,g191533,cell,cell
g191527,g191530,cell,cell
g191527,g177888,cell,cell
g191527,g177886,cell,cell
g191527,g156872,cell,cell
g177886,g155573,cell,cell
g177888,g162474,cell,cell
g157747,g224667,cell,cell
g157747,g154353__4733,cell,cell
g156877,in_valid_s1_reg\[0\],cell,cell
g157642,g188465,cell,cell
g157642,g154120__4319,cell,cell
g157640,g157103,cell,cell
g157640,g154121__171814,cell,cell
g157103,g153656__5122,cell,cell
g159845,g223712,cell,cell
g36,g178023,cell,cell
g178024,g178023,cell,cell
g178023,g196698,cell,cell
g178025,g173186,cell,cell
g178025,g170086,cell,cell
g178025,g158201,cell,cell
g178025,g158195,cell,cell
g178025,g158189,cell,cell
g178025,g158167,cell,cell
g178025,g158165,cell,cell
g178025,g157597,cell,cell
g178025,g157316,cell,cell
g178025,g157307,cell,cell
g178025,g157306,cell,cell
g178026,g173186,cell,cell
g178026,g170086,cell,cell
g178026,g158201,cell,cell
g178026,g158195,cell,cell
g178026,g158189,cell,cell
g178026,g158167,cell,cell
g178026,g158165,cell,cell
g178026,g157597,cell,cell
g178026,g157306,cell,cell
g178030,g196990,cell,cell
g157293,g167058,cell,cell
g178037,g192557,cell,cell
g178037,g192554,cell,cell
g178038,g192557,cell,cell
g178038,g192554,cell,cell
g157294,g167023,cell,cell
g178044,u23_int_set_reg\[0\],cell,cell
g178049,u19_int_set_reg\[0\],cell,cell
g159825,g221644,cell,cell
g159825,g174553,cell,cell
g159825,g155567,cell,cell
g178060,g171872,cell,cell
g158472,g173015,cell,cell
g158472,g158238,cell,cell
g158472,g153973__5526,cell,cell
g178081,g171748,cell,cell
fopt178090,g194061,cell,cell
fopt178090,fopt178089,cell,cell
fopt178089,g198604,cell,cell
fopt178089,fopt178088,cell,cell
fopt178088,g198604,cell,cell
fopt178088,g174550,cell,cell
fopt178088,fopt162854,cell,cell
g178099,g180442,cell,cell
g178099,g178098,cell,cell
g178099,g175352,cell,cell
g178099,g172209,cell,cell
g178099,g154223,cell,cell
g178098,g153833__178097,cell,cell
g153833__178097,u3_dout_reg\[2\],cell,cell
g158466,g184595,cell,cell
g158466,g153974__6783,cell,cell
g178126,g178125,cell,cell
g178125,u13_occ0_r_reg\[28\],cell,cell
g178124,g154994,cell,cell
g178127,g154994,cell,cell
g178128,g164348,cell,cell
g178130,u12_o4_we_reg,cell,cell
g178129,g212590,cell,cell
g178134,g184533,cell,cell
g178134,g178136,cell,cell
g178134,g156969,cell,cell
g178135,g215508,cell,cell
g178135,g213861,cell,cell
g178135,g213844,cell,cell
g178135,g166528,cell,cell
g178135,g166506,cell,cell
g178135,g166302,cell,cell
g178135,g166278,cell,cell
g178135,g166136,cell,cell
g178135,g166111,cell,cell
g178135,g166085,cell,cell
g178135,g166059,cell,cell
g178135,g166008,cell,cell
g178135,g165981,cell,cell
g178135,g165954,cell,cell
g178135,g165898,cell,cell
g178135,g165871,cell,cell
g178135,g165844,cell,cell
g178135,g165817,cell,cell
g178135,g165794,cell,cell
g178135,g165766,cell,cell
g178135,g165737,cell,cell
g178135,g165709,cell,cell
g178135,g165680,cell,cell
g178135,g165651,cell,cell
g178135,g165591,cell,cell
g178135,g165536,cell,cell
g178135,g165507,cell,cell
g178135,g165477,cell,cell
g178135,g165448,cell,cell
g178135,g165418,cell,cell
g178135,g165389,cell,cell
g178135,g165360,cell,cell
g178136,g156161,cell,cell
fopt178139,g184880,cell,cell
g157570,u2_cnt_reg\[3\],cell,cell
g178142,u4_rp_reg\[0\],cell,cell
g178142,g176662,cell,cell
g157767,g157579,cell,cell
g157767,g157464,cell,cell
g157767,g157146,cell,cell
g157767,g156711,cell,cell
g157579,u2_cnt_reg\[1\],cell,cell
g178168,g178167,cell,cell
g157770,g157769,cell,cell
g157770,g157583,cell,cell
g157770,g157580,cell,cell
g157770,g157570,cell,cell
g157770,g156718,cell,cell
g157770,g154846,cell,cell
g157770,drc_bufs164453,cell,cell
g178167,u13_occ1_r_reg\[6\],cell,cell
g178169,g179852,cell,cell
g157583,u2_cnt_reg\[4\],cell,cell
g159668,g211698,cell,cell
g159668,g211697,cell,cell
g159668,g199705,cell,cell
g159668,g166577,cell,cell
g159668,g157551,cell,cell
g159668,g155050,cell,cell
g157185,g156127,cell,cell
g157183,g156129,cell,cell
fopt178188,g549,cell,cell
fopt178188,g197863,cell,cell
fopt178188,g176667,cell,cell
fopt178189,g197865,cell,cell
fopt178189,g158288,cell,cell
fopt178189,fopt178188,cell,cell
g157166,g164347,cell,cell
g178193,g178194,cell,cell
g178193,g153628__178191,cell,cell
g178194,g153628__178191,cell,cell
g153628__178191,u9_wp_reg\[1\],cell,cell
g154068__178190,g41,cell,cell
g154068__178190,g208862,cell,cell
g154068__178190,g153395__175376,cell,cell
g154068__178190,g153381__8246,cell,cell
g154068__178190,g153379__1705,cell,cell
g154068__178190,g153378__2802,cell,cell
g154068__178190,g153377__1617,cell,cell
g154068__178190,g153376__176531,cell,cell
g154068__178190,g153375__6783,cell,cell
g154068__178190,g153374__5526,cell,cell
g154068__178190,g153373__178344,cell,cell
g154068__178190,g153372__4319,cell,cell
g154068__178190,g153371__5107,cell,cell
g154068__178190,g153369__176525,cell,cell
g154068__178190,g153368__6417,cell,cell
g154068__178190,g153367__1666,cell,cell
g154068__178190,g153366__2346,cell,cell
g154068__178190,g153365__2883,cell,cell
g154068__178190,g153364__9945,cell,cell
g154068__178190,g153363__9315,cell,cell
g154068__178190,g153362__6161,cell,cell
g154068__178190,g153313__2883,cell,cell
g154068__178190,g153312__9945,cell,cell
g154068__178190,g153311__9315,cell,cell
g154068__178190,g153310__6161,cell,cell
g154068__178190,g153309__4733,cell,cell
g154068__178190,g153308__7482,cell,cell
g154068__178190,g153307__5115,cell,cell
g154068__178190,g153306__1881,cell,cell
g154068__178190,g153305__6131,cell,cell
g154068__178190,g153304__7098,cell,cell
g154068__178190,g153303__8246,cell,cell
g154068__178190,g153302__5122,cell,cell
g154062__178195,g223,cell,cell
g154062__178195,g196984,cell,cell
g154062__178195,g176786,cell,cell
g154062__178195,g176413,cell,cell
g154062__178195,g176367,cell,cell
g154062__178195,g176365,cell,cell
g154062__178195,g176359,cell,cell
g154062__178195,g176350,cell,cell
g154062__178195,g176348,cell,cell
g154062__178195,g176342,cell,cell
g154062__178195,g153423__1705,cell,cell
g154062__178195,g153421__4319,cell,cell
g154062__178195,g153420__6260,cell,cell
g154062__178195,g153419__5107,cell,cell
g154062__178195,g153418__2398,cell,cell
g154062__178195,g153417__5477,cell,cell
g154062__178195,g153416__6417,cell,cell
g154062__178195,g153414__175602,cell,cell
g154062__178195,g153413__175598,cell,cell
g154062__178195,g153412__178339,cell,cell
g154062__178195,g153411__9945,cell,cell
g154062__178195,g153410__9315,cell,cell
g154062__178195,g153409__6161,cell,cell
g154062__178195,g153408__4733,cell,cell
g154062__178195,g153404__6131,cell,cell
g154062__178195,g153397__1881,cell,cell
g154062__178195,g153337__4733,cell,cell
g154062__178195,g153336__7482,cell,cell
g154062__178195,g153335__5115,cell,cell
g154062__178195,g153331__6783,cell,cell
g154062__178195,g153330__4319,cell,cell
g154062__178195,g140,cell,cell
g154062__178195,g118,cell,cell
g178196,g208863,cell,cell
g178196,g1,cell,cell
g178197,g178198,cell,cell
g178197,g169034,cell,cell
g178197,g159307,cell,cell
g178197,g159297,cell,cell
g178197,g154314__9315,cell,cell
g178198,g200315,cell,cell
g178198,g198743,cell,cell
g178198,g158946,cell,cell
g178199,g195911,cell,cell
fopt178202,g223712,cell,cell
fopt178202,g181643,cell,cell
fopt178202,g173015,cell,cell
fopt178203,g173237,cell,cell
fopt178203,g173015,cell,cell
fopt178203,fopt178202,cell,cell
fopt178204,g198083,cell,cell
fopt178204,g198082,cell,cell
fopt178204,fopt178203,cell,cell
g157164,g156124,cell,cell
fopt178207,g223599,cell,cell
fopt178207,g216450,cell,cell
fopt178207,g216235,cell,cell
fopt178207,fopt182409,cell,cell
g178210,u13_occ0_r_reg\[18\],cell,cell
g178216,g178217,cell,cell
g178216,g178215,cell,cell
g178217,g178215,cell,cell
g178215,u26_cnt_reg\[1\],cell,cell
g178214,g153338__5122,cell,cell
g178219,g175809,cell,cell
g178219,g170065,cell,cell
g157163,g156125,cell,cell
g157159,u1_slt4_reg\[1\],cell,cell
g157156,u1_slt4_reg\[0\],cell,cell
g178256,g22,cell,cell
g22,g224146,cell,cell
g22,g210458,cell,cell
g22,g210032,cell,cell
g22,g209881,cell,cell
g22,g209875,cell,cell
g22,g209819,cell,cell
g22,g209813,cell,cell
g22,g209807,cell,cell
g22,g209805,cell,cell
g22,g209803,cell,cell
g22,g209801,cell,cell
g22,g208465,cell,cell
g22,g200520,cell,cell
g22,g197155,cell,cell
g22,g195169,cell,cell
g22,g156,cell,cell
g22,g153964__7410,cell,cell
g22,g153963__1666,cell,cell
g22,g153960__9945,cell,cell
g22,g153959__9315,cell,cell
g22,g153956__7482,cell,cell
g22,g153954__1881,cell,cell
g22,g153870__5115,cell,cell
g22,g153869__167224,cell,cell
g22,g153868__6131,cell,cell
g22,g153867__7098,cell,cell
g22,g153866__8246,cell,cell
g22,g153865__5122,cell,cell
g22,g153864__1705,cell,cell
g22,g153863__2802,cell,cell
g22,g153862__6417,cell,cell
g22,g153859__4319,cell,cell
g22,g153625__179916,cell,cell
g178258,g178261,cell,cell
g178258,g157193,cell,cell
g178259,g178261,cell,cell
g178259,g157193,cell,cell
g178261,g214950,cell,cell
g178261,g213846,cell,cell
g178261,g178292,cell,cell
g178261,g178291,cell,cell
g178261,g178289,cell,cell
g178261,g178287,cell,cell
g178261,g178286,cell,cell
g178261,g178285,cell,cell
g178261,g178284,cell,cell
g178261,g178283,cell,cell
g178261,g178282,cell,cell
g178261,g178281,cell,cell
g178261,g178280,cell,cell
g178261,g178279,cell,cell
g178261,g178278,cell,cell
g178261,g178277,cell,cell
g178261,g178276,cell,cell
g178261,g178275,cell,cell
g178261,g178274,cell,cell
g178261,g178273,cell,cell
g178261,g178272,cell,cell
g178261,g178271,cell,cell
g178261,g178270,cell,cell
g178261,g178269,cell,cell
g178261,g178268,cell,cell
g178261,g178267,cell,cell
g178261,g178266,cell,cell
g178261,g178265,cell,cell
g178261,g178264,cell,cell
g178261,g178263,cell,cell
g178261,g178262,cell,cell
g178261,g178260,cell,cell
g178260,u3_mem_reg\[2\]\[28\],cell,cell
g178262,u3_mem_reg\[2\]\[25\],cell,cell
g178263,u3_mem_reg\[2\]\[24\],cell,cell
g178264,u3_mem_reg\[2\]\[23\],cell,cell
g178265,u3_mem_reg\[2\]\[15\],cell,cell
g178266,u3_mem_reg\[2\]\[0\],cell,cell
g178267,u3_mem_reg\[2\]\[19\],cell,cell
g178268,u3_mem_reg\[2\]\[20\],cell,cell
g178269,u3_mem_reg\[2\]\[17\],cell,cell
g178270,u3_mem_reg\[2\]\[14\],cell,cell
g178271,u3_mem_reg\[2\]\[7\],cell,cell
g178272,u3_mem_reg\[2\]\[3\],cell,cell
g178273,u3_mem_reg\[2\]\[1\],cell,cell
g178274,u3_mem_reg\[2\]\[12\],cell,cell
g178275,u3_mem_reg\[2\]\[11\],cell,cell
g178276,u3_mem_reg\[2\]\[2\],cell,cell
g178277,u3_mem_reg\[2\]\[5\],cell,cell
g178278,u3_mem_reg\[2\]\[10\],cell,cell
g178279,u3_mem_reg\[2\]\[16\],cell,cell
g178280,u3_mem_reg\[2\]\[18\],cell,cell
g178281,u3_mem_reg\[2\]\[31\],cell,cell
g178282,u3_mem_reg\[2\]\[30\],cell,cell
g178283,u3_mem_reg\[2\]\[8\],cell,cell
g178284,u3_mem_reg\[2\]\[13\],cell,cell
g178285,u3_mem_reg\[2\]\[6\],cell,cell
g178286,u3_mem_reg\[2\]\[9\],cell,cell
g178287,u3_mem_reg\[2\]\[21\],cell,cell
g178289,u3_mem_reg\[2\]\[27\],cell,cell
g178291,u3_mem_reg\[2\]\[29\],cell,cell
g178292,u3_mem_reg\[2\]\[26\],cell,cell
g157479,g77,cell,cell
g157479,g153998__189854,cell,cell
g178335,g178340,cell,cell
g178335,g175601,cell,cell
g178335,g175597,cell,cell
g178335,g172192,cell,cell
g178335,g172190,cell,cell
g178335,g172189,cell,cell
g178335,g172188,cell,cell
g178335,g172187,cell,cell
g178335,g172183,cell,cell
g178338,g182538,cell,cell
g178338,g178340,cell,cell
g178338,g175601,cell,cell
g178338,g158931,cell,cell
g178340,g153570__178343,cell,cell
g178340,g153550__178342,cell,cell
g178340,g153412__178339,cell,cell
g178340,g153373__178344,cell,cell
g153412__178339,u9_mem_reg\[3\]\[8\],cell,cell
g153550__178342,u9_mem_reg\[2\]\[8\],cell,cell
g153570__178343,u9_mem_reg\[0\]\[8\],cell,cell
g153373__178344,u9_mem_reg\[1\]\[8\],cell,cell
g157129,g156127,cell,cell
g157128,g156128,cell,cell
g157127,g156129,cell,cell
g157184,g156128,cell,cell
g178425,g209220,cell,cell
g178425,g187222,cell,cell
g178423,u10_mem_reg\[3\]\[19\],cell,cell
g153926__178427,u10_mem_reg\[3\]\[29\],cell,cell
g157688,g171873,cell,cell
g157688,g154111__9315,cell,cell
g153928__178428,u10_mem_reg\[3\]\[31\],cell,cell
g153921__178429,u10_mem_reg\[3\]\[24\],cell,cell
g153924__178430,u10_mem_reg\[3\]\[27\],cell,cell
g153917__178432,u10_mem_reg\[3\]\[20\],cell,cell
g153784__178433,u10_mem_reg\[3\]\[18\],cell,cell
g153783__178434,u10_mem_reg\[3\]\[17\],cell,cell
g153782__178435,u10_mem_reg\[3\]\[16\],cell,cell
g153781__178436,u10_mem_reg\[3\]\[15\],cell,cell
g153780__178437,u10_mem_reg\[3\]\[14\],cell,cell
g153779__178438,u10_mem_reg\[3\]\[13\],cell,cell
g153778__178439,u10_mem_reg\[3\]\[12\],cell,cell
g153776__178440,u10_mem_reg\[3\]\[10\],cell,cell
g153775__178441,u10_mem_reg\[3\]\[9\],cell,cell
g153774__178442,u10_mem_reg\[3\]\[8\],cell,cell
g153772__178444,u10_mem_reg\[3\]\[6\],cell,cell
g153771__178445,u10_mem_reg\[3\]\[5\],cell,cell
g153770__178446,u10_mem_reg\[3\]\[4\],cell,cell
drc_bufs164411,g179983,cell,cell
drc_bufs164411,drc_bufs164604,cell,cell
g157649,g171749,cell,cell
g157649,g154115__1666,cell,cell
g153768__178448,u10_mem_reg\[3\]\[2\],cell,cell
g153767__178449,u10_mem_reg\[3\]\[1\],cell,cell
g153766__178451,u10_mem_reg\[3\]\[0\],cell,cell
g153919__178452,u10_mem_reg\[3\]\[22\],cell,cell
g153923__178453,u10_mem_reg\[3\]\[26\],cell,cell
g153922__178454,u10_mem_reg\[3\]\[25\],cell,cell
g153918__178455,u10_mem_reg\[3\]\[21\],cell,cell
g153927__178456,u10_mem_reg\[3\]\[30\],cell,cell
g153925__178457,u10_mem_reg\[3\]\[28\],cell,cell
g157500,g40,cell,cell
g157500,g154112__9945,cell,cell
g157662,g157084,cell,cell
g157662,g154108__4733,cell,cell
g157084,g153643__1666,cell,cell
g157656,g157078,cell,cell
g157656,g154109__6161,cell,cell
g157078,g153644__2346,cell,cell
g157075,g163776,cell,cell
g159442,g173202,cell,cell
g159442,g157074,cell,cell
g157074,g163775,cell,cell
g157071,u2_res_cnt_reg\[1\],cell,cell
g157065,g178038,cell,cell
g157065,g170050,cell,cell
g157063,g183008,cell,cell
g157063,g170033,cell,cell
g159242,g79,cell,cell
g159242,g181261,cell,cell
g159242,g123,cell,cell
g159919,g190187,cell,cell
g159919,g181261,cell,cell
g159919,g176068,cell,cell
g159919,g169906,cell,cell
g159919,g154365__6260,cell,cell
g159919,g154349__6131,cell,cell
g159919,g154347__8246,cell,cell
g159919,g154344__6260,cell,cell
g159919,g154323__5477,cell,cell
g159919,g154322__2398,cell,cell
g159919,g154321__6260,cell,cell
g159919,g123,cell,cell
g178721,g178723,cell,cell
g178721,g166624,cell,cell
g178721,g156944,cell,cell
g178723,g182899,cell,cell
g178723,g181966,cell,cell
g159966,g224652,cell,cell
g159966,g159333,cell,cell
g178750,u6_mem_reg\[3\]\[20\],cell,cell
g178751,u6_mem_reg\[3\]\[19\],cell,cell
g178752,u6_mem_reg\[3\]\[18\],cell,cell
g178753,u6_mem_reg\[3\]\[17\],cell,cell
g178797,g178806,cell,cell
g178797,g178805,cell,cell
g178797,g178804,cell,cell
g178797,g178803,cell,cell
g178797,g178802,cell,cell
g178797,g178801,cell,cell
g178797,g178800,cell,cell
g178797,g178796,cell,cell
g178796,u7_mem_reg\[3\]\[26\],cell,cell
g178800,u7_mem_reg\[3\]\[27\],cell,cell
g178801,u7_mem_reg\[3\]\[0\],cell,cell
g178802,u7_mem_reg\[3\]\[19\],cell,cell
g178803,u7_mem_reg\[3\]\[21\],cell,cell
g178804,u7_mem_reg\[3\]\[30\],cell,cell
g178805,u7_mem_reg\[3\]\[29\],cell,cell
g178806,u7_mem_reg\[3\]\[28\],cell,cell
g176041_dup,g178814,cell,cell
g176041_dup,g178813,cell,cell
g176041_dup,g178812,cell,cell
g176041_dup,g178811,cell,cell
g176041_dup,g178810,cell,cell
g176041_dup,g178809,cell,cell
g176041_dup,g178808,cell,cell
g176041_dup,g178807,cell,cell
g178807,u7_mem_reg\[3\]\[20\],cell,cell
g178808,u7_mem_reg\[3\]\[23\],cell,cell
g157015,g153584__6783,cell,cell
g178809,u7_mem_reg\[3\]\[1\],cell,cell
g178810,u7_mem_reg\[3\]\[22\],cell,cell
g178811,u7_mem_reg\[3\]\[2\],cell,cell
g178812,u7_mem_reg\[3\]\[31\],cell,cell
g178813,u7_mem_reg\[3\]\[24\],cell,cell
g178814,u7_mem_reg\[3\]\[25\],cell,cell
g178817,g194315,cell,cell
g157655,g157098,cell,cell
g157655,g154111__9315,cell,cell
fopt178822,g439,cell,cell
fopt178822,g2349,cell,cell
fopt178822,g184615,cell,cell
fopt178822,g184613,cell,cell
fopt178822,g164218,cell,cell
fopt178822,g164113,cell,cell
fopt178822,g164111,cell,cell
fopt178822,g163920,cell,cell
fopt178822,g153843__5477,cell,cell
fopt178822,g153652__1881,cell,cell
fopt178822,g153651__5115,cell,cell
fopt178822,g153631__1617,cell,cell
fopt178822,g153599__2346,cell,cell
fopt178822,g153586__8428,cell,cell
fopt178822,g153585__5526,cell,cell
fopt178822,g153584__6783,cell,cell
g157098,g153645__2883,cell,cell
g21,g198064,cell,cell
g21,g184562,cell,cell
g21,g178833,cell,cell
g21,g169052,cell,cell
g21,g154859__4319,cell,cell
g178834,g178833,cell,cell
g178834,g175269,cell,cell
g178834,g175268,cell,cell
g178834,g169867,cell,cell
g178834,g167095,cell,cell
g156995,g173214,cell,cell
g156995,g170044,cell,cell
g178833,g174502,cell,cell
g178833,g174501,cell,cell
g178833,g174499,cell,cell
g156993,g184089,cell,cell
g156993,g178044,cell,cell
g178919,g178918,cell,cell
g178920,g178918,cell,cell
g178918,g153810__168293,cell,cell
g178918,g153790__182072,cell,cell
g178918,g153425__6161,cell,cell
g178918,g153360__6260,cell,cell
g156876,in_valid_s_reg\[1\],cell,cell
g159607,g159604,cell,cell
g159607,g159173,cell,cell
g156718,u2_cnt_reg\[6\],cell,cell
g156715,u23_int_set_reg\[1\],cell,cell
g156714,u25_int_set_reg\[1\],cell,cell
g156713,u24_int_set_reg\[1\],cell,cell
g156711,u2_cnt_reg\[7\],cell,cell
g179059,g176342,cell,cell
g179059,g153932__2802,cell,cell
g179059,g153896__168309,cell,cell
g179059,g153310__6161,cell,cell
g179061,g176348,cell,cell
g179061,g153933__5122,cell,cell
g179061,g153897__168308,cell,cell
g179061,g153309__4733,cell,cell
g179062,g153929__5526,cell,cell
g179062,g153893__168312,cell,cell
g179062,g153337__4733,cell,cell
g179062,g153313__2883,cell,cell
g179063,g153976__168300,cell,cell
g179063,g153562__1705,cell,cell
g179063,g153420__6260,cell,cell
g179063,g153365__2883,cell,cell
g179065,g153761__168317,cell,cell
g179065,g153561__2802,cell,cell
g179065,g153421__4319,cell,cell
g179065,g153364__9945,cell,cell
g179066,g176359,cell,cell
g179066,g153938__4733,cell,cell
g179066,g153902__168304,cell,cell
g179066,g153304__7098,cell,cell
g179067,g176413,cell,cell
g179067,g153939__9315,cell,cell
g179067,g153903__168303,cell,cell
g179067,g153303__8246,cell,cell
g179068,g176365,cell,cell
g179068,g153940__9945,cell,cell
g179068,g153904__168302,cell,cell
g179068,g153302__5122,cell,cell
g179069,g176350,cell,cell
g179069,g153937__7482,cell,cell
g179069,g153901__168297,cell,cell
g179069,g153305__6131,cell,cell
g159480,g170038,cell,cell
g159480,g166497,cell,cell
g159480,g159478,cell,cell
g156627,valid_s_reg,cell,cell
g156976,g165569,cell,cell
g155587,u1_slt6_reg\[1\],cell,cell
g155588,u1_slt6_reg\[0\],cell,cell
g157157,u1_slt4_reg\[2\],cell,cell
g157628,g157144,cell,cell
g157628,g154110__8428,cell,cell
g157144,g153619__185121,cell,cell
g159551,g173838,cell,cell
g159551,g159549,cell,cell
g159551,g157226,cell,cell
g157139,g153677__185118,cell,cell
g159696,g169031,cell,cell
g159696,g159695,cell,cell
g159696,g159307,cell,cell
g159696,g154068__178190,cell,cell
g179262,g224667,cell,cell
g157080,g153631__1617,cell,cell
g156975,g165482,cell,cell
g179289,g179291,cell,cell
g179289,g179288,cell,cell
g179288,g519,cell,cell
g179288,g198417,cell,cell
g179288,g182911,cell,cell
g179288,g179301,cell,cell
g179288,g179299,cell,cell
g179288,g179298,cell,cell
g179288,g153634__188333,cell,cell
g179288,g153632__179287,cell,cell
g179288,g153607__179418,cell,cell
g153632__179287,u6_dout_reg\[8\],cell,cell
g179291,g224630,cell,cell
g179291,g194039,cell,cell
g179291,g179295,cell,cell
g179291,g153639__182909,cell,cell
g179291,g153635__188335,cell,cell
g179291,g153633__188954,cell,cell
g179291,g126,cell,cell
fopt163978,g583,cell,cell
fopt163978,g181785,cell,cell
fopt163978,g176147,cell,cell
fopt163978,g160007,cell,cell
fopt163978,g138,cell,cell
g179295,u6_dout_reg\[12\],cell,cell
g179298,u6_dout_reg\[5\],cell,cell
g179299,u6_dout_reg\[18\],cell,cell
g179301,u6_dout_reg\[16\],cell,cell
g157010,g164104,cell,cell
g157006,g153845__200405,cell,cell
g179383,g187966,cell,cell
g179383,g156762_dup187968,cell,cell
g179383,g156762_dup166760_dup187969,cell,cell
g179383,g156762_dup165229_dup187967,cell,cell
g179385,u4_mem_reg\[3\]\[27\],cell,cell
g179388,u4_mem_reg\[3\]\[31\],cell,cell
g179390,u4_mem_reg\[3\]\[28\],cell,cell
g156980,g165510,cell,cell
g156979,g165848,cell,cell
g179414,g213720,cell,cell
g179414,g153882__213722,cell,cell
g156978,g165655,cell,cell
g153607__179418,u6_dout_reg\[4\],cell,cell
g156977,g165822,cell,cell
g155586,u1_slt6_reg\[2\],cell,cell
g179498,g179496,cell,cell
g179498,g169500,cell,cell
g179498,g169496,cell,cell
g179496,g178037,cell,cell
g179496,g170050,cell,cell
g156963,g165957,cell,cell
g159522,g169957,cell,cell
g159522,g159521,cell,cell
g156962,g165902,cell,cell
g156958,g165874,cell,cell
g156957,g165683,cell,cell
g179532,g196915,cell,cell
g179537,g193489,cell,cell
g179537,g179534,cell,cell
g179537,g158947,cell,cell
g179534,g176153,cell,cell
g179534,g168393_dup,cell,cell
g179534,g164270_dup_dup,cell,cell
g179534,g164270_dup176230,cell,cell
g160051,g196662,cell,cell
g160051,g196661,cell,cell
g160051,g166482,cell,cell
g160051,g160046,cell,cell
g179657,g1300,cell,cell
g179657,fopt162431,cell,cell
g179660,g185112,cell,cell
g179660,g178142,cell,cell
g179660,g1306,cell,cell
g179663,g179666,cell,cell
g179663,g166713,cell,cell
g179663,g159768,cell,cell
g179663,g159761,cell,cell
g179667,g179666,cell,cell
g179666,g179671,cell,cell
g179666,g179668,cell,cell
g179666,g179665,cell,cell
g179665,g215504,cell,cell
g179665,g179700,cell,cell
g179665,g179699,cell,cell
g179665,g179698,cell,cell
g179665,g179697,cell,cell
g179665,g179696,cell,cell
g179665,g179695,cell,cell
g179665,g179694,cell,cell
g179665,g179693,cell,cell
g179665,g179692,cell,cell
g179665,g179691,cell,cell
g179665,g179690,cell,cell
g179665,g179689,cell,cell
g179665,g179688,cell,cell
g179665,g179687,cell,cell
g179665,g179686,cell,cell
g179665,g179685,cell,cell
g179665,g179684,cell,cell
g179665,g179683,cell,cell
g179665,g179682,cell,cell
g179665,g179681,cell,cell
g179665,g179680,cell,cell
g179665,g179679,cell,cell
g179665,g179677,cell,cell
g179665,g179676,cell,cell
g179665,g179675,cell,cell
g179665,g179674,cell,cell
g179665,g179673,cell,cell
g179665,g179672,cell,cell
g179665,g179670,cell,cell
g179665,g179669,cell,cell
g179665,g179664,cell,cell
g179668,g179699,cell,cell
g179668,g179691,cell,cell
g179668,g179690,cell,cell
g179668,g179687,cell,cell
g179668,g179685,cell,cell
g179668,g179682,cell,cell
g179668,g179681,cell,cell
g179668,g179680,cell,cell
g179668,g179679,cell,cell
g179668,g179677,cell,cell
g179668,g179676,cell,cell
g179668,g179675,cell,cell
g179668,g179674,cell,cell
g179668,g179672,cell,cell
g179668,g179669,cell,cell
g179668,g179664,cell,cell
g179664,u5_mem_reg\[0\]\[29\],cell,cell
g179669,u5_mem_reg\[0\]\[30\],cell,cell
g179671,g215504,cell,cell
g179671,g179700,cell,cell
g179671,g179698,cell,cell
g179671,g179697,cell,cell
g179671,g179696,cell,cell
g179671,g179695,cell,cell
g179671,g179694,cell,cell
g179671,g179693,cell,cell
g179671,g179692,cell,cell
g179671,g179689,cell,cell
g179671,g179688,cell,cell
g179671,g179686,cell,cell
g179671,g179684,cell,cell
g179671,g179683,cell,cell
g179671,g179673,cell,cell
g179671,g179670,cell,cell
g156944,g165393,cell,cell
g179670,u5_mem_reg\[0\]\[31\],cell,cell
g179672,u5_mem_reg\[0\]\[19\],cell,cell
g179673,u5_mem_reg\[0\]\[18\],cell,cell
g179674,u5_mem_reg\[0\]\[17\],cell,cell
g179675,u5_mem_reg\[0\]\[16\],cell,cell
g179676,u5_mem_reg\[0\]\[13\],cell,cell
g179677,u5_mem_reg\[0\]\[5\],cell,cell
g179679,u5_mem_reg\[0\]\[9\],cell,cell
g179680,u5_mem_reg\[0\]\[10\],cell,cell
g159907,g166609,cell,cell
g159907,g159906,cell,cell
g159907,g159903,cell,cell
g159450,g175346,cell,cell
g159450,g166498,cell,cell
g159450,g156943,cell,cell
g179681,u5_mem_reg\[0\]\[8\],cell,cell
g179682,u5_mem_reg\[0\]\[3\],cell,cell
g179683,u5_mem_reg\[0\]\[7\],cell,cell
g179684,u5_mem_reg\[0\]\[6\],cell,cell
g179685,u5_mem_reg\[0\]\[11\],cell,cell
g179686,u5_mem_reg\[0\]\[22\],cell,cell
g179687,u5_mem_reg\[0\]\[27\],cell,cell
g179688,u5_mem_reg\[0\]\[23\],cell,cell
g179689,u5_mem_reg\[0\]\[25\],cell,cell
g179690,u5_mem_reg\[0\]\[12\],cell,cell
g156943,g165798,cell,cell
g179691,u5_mem_reg\[0\]\[2\],cell,cell
g179692,u5_mem_reg\[0\]\[21\],cell,cell
g179693,u5_mem_reg\[0\]\[24\],cell,cell
g179694,u5_mem_reg\[0\]\[28\],cell,cell
g179695,u5_mem_reg\[0\]\[26\],cell,cell
g179696,u5_mem_reg\[0\]\[20\],cell,cell
g179697,u5_mem_reg\[0\]\[15\],cell,cell
g179698,u5_mem_reg\[0\]\[14\],cell,cell
g179699,u5_mem_reg\[0\]\[1\],cell,cell
g179700,u5_mem_reg\[0\]\[0\],cell,cell
g156942,g165423,cell,cell
fopt179709,g169195,cell,cell
fopt179709,fopt179708,cell,cell
fopt179709,fopt169193,cell,cell
fopt179708,g95,cell,cell
fopt179708,g184298,cell,cell
fopt179708,g180521,cell,cell
g156941,g165450,cell,cell
g156938,g214958,cell,cell
g159511,g166614,cell,cell
g159511,g156937,cell,cell
g159511,g155583,cell,cell
g156937,g165596,cell,cell
g156936,g165712,cell,cell
g179776,g179775,cell,cell
g179776,g167452_dup,cell,cell
g179777,g179775,cell,cell
g179777,g167452_dup,cell,cell
g179775,fopt184227,cell,cell
g179775,fopt184226,cell,cell
g160028,g160027,cell,cell
g160028,g158303,cell,cell
g156968,g165771,cell,cell
g167452_dup,g221584,cell,cell
g167452_dup,g219307,cell,cell
g156721,u1_slt3_reg\[2\],cell,cell
g156712,u2_res_cnt_reg\[2\],cell,cell
g156710,u12_wb_data_o_reg\[31\],cell,cell
g179815,g179814,cell,cell
g179814,g179813,cell,cell
g179813,g215502,cell,cell
g179813,g213864,cell,cell
g179813,g187726,cell,cell
g179813,g178167,cell,cell
g179813,g175414,cell,cell
g179813,g170248,cell,cell
g179813,g170222,cell,cell
g179813,g170215,cell,cell
g179813,g166578,cell,cell
g179813,g166577,cell,cell
g179813,g166576,cell,cell
g179813,g166571,cell,cell
g179813,g166570,cell,cell
g179813,g166569,cell,cell
g179813,g166568,cell,cell
g179813,g166567,cell,cell
g156707,g156124,cell,cell
g179828,g264,cell,cell
g179828,g263,cell,cell
g179828,g182085,cell,cell
g179828,g179827,cell,cell
g179827,u11_mem_reg\[2\]\[7\],cell,cell
g156706,g156125,cell,cell
g179851,g181760,cell,cell
g179851,g179853,cell,cell
g179851,g179852,cell,cell
g179852,g166259,cell,cell
g179853,g165364,cell,cell
g156945,g165740,cell,cell
g159682,g182420,cell,cell
g159682,g182417,cell,cell
g159682,g157189,cell,cell
g159682,g157188,cell,cell
g159813,g157189,cell,cell
g159813,g157188,cell,cell
g179917,g153625__179916,cell,cell
g153625__179916,u10_wp_reg\[2\],cell,cell
g159761,g157195,cell,cell
g159761,g157194,cell,cell
g159313,g158466,cell,cell
g248,g244,cell,cell
g179982,g245,cell,cell
g245,g244,cell,cell
g179983,g244,cell,cell
g244,u16_u3_dma_req_reg,cell,cell
g180001,g197107,cell,cell
g180001,g183257,cell,cell
g180001,g157717,cell,cell
g159510,g176237,cell,cell
g159510,g166239,cell,cell
g180062,g456,cell,cell
g180062,g188049,cell,cell
g180062,g188048,cell,cell
g180062,g188044,cell,cell
g180062,g180067,cell,cell
g180064,g193870,cell,cell
g180064,g193869,cell,cell
g180065,g176678,cell,cell
g180067,g153880__193867,cell,cell
g180067,g153879__193871,cell,cell
g180069,g186614,cell,cell
g180069,g172207,cell,cell
g180069,g158908,cell,cell
g180073,g182862,cell,cell
g180073,g172208,cell,cell
g180073,g158937,cell,cell
g180077,g193622,cell,cell
g180077,g182860,cell,cell
g180077,g172542,cell,cell
g180077,g158934,cell,cell
g180081,g186599,cell,cell
g180081,g172898,cell,cell
g180081,g158916,cell,cell
g180085,g186658,cell,cell
g180085,g172898,cell,cell
g180085,g158918,cell,cell
g180089,g188414,cell,cell
g180089,g182854,cell,cell
g180089,g172201,cell,cell
g180089,g158922,cell,cell
g155577,u12_wb_data_o_reg\[1\],cell,cell
g180093,g200418,cell,cell
g180093,g182852,cell,cell
g180093,g158479,cell,cell
g157350,u1_sr_reg\[4\],cell,cell
g157477,g157003,cell,cell
g157477,g153996__4733,cell,cell
g180108,g200420,cell,cell
g180108,g186831,cell,cell
g180108,g158516,cell,cell
g157003,g153586__8428,cell,cell
g159664,g175822,cell,cell
g159664,g159304,cell,cell
g159664,g158611,cell,cell
g159664,g156974,cell,cell
g156974,g199186,cell,cell
g159666,g184027,cell,cell
g159666,g175904,cell,cell
g159666,g159305,cell,cell
g159666,g113,cell,cell
g159149,g186758,cell,cell
g180146,g93,cell,cell
g159655,g190190,cell,cell
g159655,g178817,cell,cell
g159655,g178,cell,cell
g159655,g173777,cell,cell
g159655,g159308,cell,cell
g159655,g156972,cell,cell
g156972,g193853,cell,cell
g159645,g86,cell,cell
g159645,g167528,cell,cell
g159645,g159306,cell,cell
g159645,g156971,cell,cell
g156971,g167684,cell,cell
g156970,g173879,cell,cell
g156969,g233,cell,cell
g180238,g180237,cell,cell
g180238,g166487,cell,cell
g180237,g34,cell,cell
g180246,g77,cell,cell
g180246,g472,cell,cell
g180246,g154372__189851,cell,cell
g180246,g154370__189852,cell,cell
g156728,u2_to_cnt_reg\[5\],cell,cell
g180273,g198833,cell,cell
g180290,g180289,cell,cell
g180290,g178135,cell,cell
g180289,fopt168636,cell,cell
g180289,fopt168635,cell,cell
g180292,g180291,cell,cell
g156703,u11_rp_reg\[0\],cell,cell
g180293,g180291,cell,cell
g180291,g198075,cell,cell
g180291,g178130,cell,cell
g180291,g169001,cell,cell
g180291,g168999,cell,cell
g180291,g157589,cell,cell
g180291,g10,cell,cell
g156701,u9_rp_reg\[0\],cell,cell
g156147,u12_wb_data_o_reg\[14\],cell,cell
g180353,g180356,cell,cell
g180353,g153764__169153,cell,cell
g180354,g196660,cell,cell
g180354,g180356,cell,cell
g180354,g173925,cell,cell
g156146,u12_wb_data_o_reg\[7\],cell,cell
g180357,g180356,cell,cell
g180356,u6_dout_reg\[3\],cell,cell
g180358,g200563,cell,cell
g180358,g194376,cell,cell
g180358,g180361,cell,cell
g180358,g168951,cell,cell
g180358,g158198,cell,cell
g180358,g158197,cell,cell
g180358,g158194,cell,cell
g180358,g158193,cell,cell
g180358,g158192,cell,cell
g180358,g157318,cell,cell
g180358,g157317,cell,cell
g180358,g157285,cell,cell
g180359,g200563,cell,cell
g180359,g194376,cell,cell
g180359,g180361,cell,cell
g180359,g168951,cell,cell
g180359,g158198,cell,cell
g180359,g158197,cell,cell
g180359,g158194,cell,cell
g180359,g158193,cell,cell
g180359,g158192,cell,cell
g180359,g157318,cell,cell
g180359,g157317,cell,cell
g180359,g157285,cell,cell
g180361,g180360,cell,cell
g180360,g153662__6783,cell,cell
g156144,u12_wb_data_o_reg\[2\],cell,cell
g156143,u12_wb_data_o_reg\[4\],cell,cell
g156139,u12_wb_data_o_reg\[9\],cell,cell
g156137,u12_wb_data_o_reg\[12\],cell,cell
g180428,g197062,cell,cell
g180432,g180431,cell,cell
g180432,g171873,cell,cell
g180433,g180431,cell,cell
g180433,g171749,cell,cell
g180434,g180431,cell,cell
g180434,g154350__1881,cell,cell
g180434,g154346__5122,cell,cell
g180434,g154345__5107,cell,cell
g180434,g154343__4319,cell,cell
g180434,g154342__5526,cell,cell
g180434,g154341__1617,cell,cell
g180434,g154340__1705,cell,cell
g180434,g154117__8246,cell,cell
g180434,g154116__7410,cell,cell
g180434,g154115__1666,cell,cell
g180434,g154114__200937,cell,cell
g180434,g154112__9945,cell,cell
g180434,g154111__9315,cell,cell
g180434,g154109__6161,cell,cell
g180434,g154108__4733,cell,cell
g180431,g171872,cell,cell
g180442,g180441,cell,cell
g180443,g180441,cell,cell
g180444,g180441,cell,cell
g180441,u3_rp_reg\[1\],cell,cell
g156132,u12_wb_data_o_reg\[17\],cell,cell
g180464,g175605,cell,cell
g180464,g175604,cell,cell
g180464,g166544,cell,cell
g180464,g157856,cell,cell
g156126,u12_wb_data_o_reg\[24\],cell,cell
g159311,g95,cell,cell
g159311,g180518,cell,cell
g159311,g180517,cell,cell
g180508,g194049,cell,cell
g180508,g194048,cell,cell
g180518,g95,cell,cell
g180518,g180517,cell,cell
g180519,g180517,cell,cell
g180517,g184298,cell,cell
g180521,g95,cell,cell
g95,g212234,cell,cell
g157197,fopt171564,cell,cell
g157197,fopt171563,cell,cell
g157195,fopt193818,cell,cell
g157195,fopt193817,cell,cell
g180534,g176068,cell,cell
g157193,fopt170775,cell,cell
g157193,fopt168634,cell,cell
g180562,g180564,cell,cell
g180562,g154350__1881,cell,cell
g180565,g180564,cell,cell
g157189,fopt168642,cell,cell
g157189,fopt168641,cell,cell
g180566,g180564,cell,cell
g180564,g153839__180563,cell,cell
g153839__180563,u7_dout_reg\[19\],cell,cell
g180577,g186850,cell,cell
g180578,g186850,cell,cell
g180579,g186850,cell,cell
g159918,g159917,cell,cell
g159918,g158302,cell,cell
g154841,u0_slt9_r_reg\[1\],cell,cell
g157204,g157115,cell,cell
g157204,g156870,cell,cell
g157204,g113,cell,cell
g157115,g218860,cell,cell
g157203,g192701,cell,cell
g157203,g187654,cell,cell
g157203,g156970,cell,cell
g157205,g177886,cell,cell
g157205,g156974,cell,cell
g157205,g156872,cell,cell
g159917,g159374,cell,cell
g157202,g206150,cell,cell
g157202,g182421,cell,cell
g157202,g156972,cell,cell
g180714,g185123,cell,cell
g159835,g206149,cell,cell
g159835,g182421,cell,cell
g159835,g177136,cell,cell
g156882,g155567,cell,cell
g156872,g156163,cell,cell
g156870,g156162,cell,cell
g159152,g174933,cell,cell
g181064,g181062,cell,cell
g181064,g170135,cell,cell
g181064,g153792__182075,cell,cell
g181064,g153358__2398,cell,cell
g159879,g167023,cell,cell
g159879,g167023,cell,cell
g181062,u11_mem_reg\[2\]\[3\],cell,cell
g159295,u14_crac_valid_r_reg,cell,cell
g159881,g156117,cell,cell
g181262,g181261,cell,cell
g181261,g439,cell,cell
g86,g181270,cell,cell
g181270,u6_rp_reg\[3\],cell,cell
g181281,g181280,cell,cell
g181280,g176662,cell,cell
g156157,u2_res_cnt_reg\[3\],cell,cell
g181393,u10_mem_reg\[0\]\[12\],cell,cell
g181397,g193159,cell,cell
g181397,g173940,cell,cell
g181397,g153829__173944,cell,cell
g181400,g202301,cell,cell
g181400,g200169,cell,cell
g181400,g186025,cell,cell
g181400,g184898,cell,cell
g181400,g182633,cell,cell
g181400,g178283,cell,cell
g181400,g172330,cell,cell
g181400,g170248,cell,cell
g181400,g165535,cell,cell
g181400,g165531,cell,cell
g181400,g165529,cell,cell
g181400,g165525,cell,cell
g181400,g165519,cell,cell
g181402,g157094,cell,cell
g181410,g216453,cell,cell
g181410,g202314,cell,cell
g181410,g200163,cell,cell
g181410,g191977,cell,cell
g181410,g186016,cell,cell
g181410,g172635,cell,cell
g181410,g170362,cell,cell
g181410,g167874,cell,cell
g181410,g165393,cell,cell
g181410,g165389,cell,cell
g181410,g165385,cell,cell
g181410,g165384,cell,cell
g181410,g165375,cell,cell
g181433,g216470,cell,cell
g181433,g202311,cell,cell
g181433,g200168,cell,cell
g181433,g184891,cell,cell
g181433,g179675,cell,cell
g181433,g171085,cell,cell
g181433,g170356,cell,cell
g181433,g167919,cell,cell
g181433,g167868,cell,cell
g181433,g165766,cell,cell
g181433,g165762,cell,cell
g181433,g165752,cell,cell
g181449,g193968,cell,cell
g181449,g188211,cell,cell
g181469,g212600,cell,cell
g181469,g200150,cell,cell
g181469,g197487,cell,cell
g181469,g186032,cell,cell
g181469,g184881,cell,cell
g181469,g178262,cell,cell
g181469,g170840,cell,cell
g181469,g170740,cell,cell
g181469,g167879,cell,cell
g181469,g166086,cell,cell
g181469,g166084,cell,cell
g181479,g180428,cell,cell
g181479,g157714,cell,cell
g181479,g157659,cell,cell
g181484,g202316,cell,cell
g181484,g200162,cell,cell
g181484,g184899,cell,cell
g181484,g179691,cell,cell
g181484,g178276,cell,cell
g181484,g167925,cell,cell
g181484,g166577,cell,cell
g181484,g165477,cell,cell
g181484,g165473,cell,cell
g181484,g165471,cell,cell
g181484,g165467,cell,cell
g181484,g165465,cell,cell
g181484,g165461,cell,cell
g156764,fopt168785,cell,cell
g156764,fopt168784,cell,cell
g181507,g181512,cell,cell
g181509,u15_crac_we_r_reg,cell,cell
g181509,g85,cell,cell
g181509,g82,cell,cell
g181509,g215497,cell,cell
g181509,g213854,cell,cell
g181509,g181508,cell,cell
g181509,g176743,cell,cell
g181509,g172175,cell,cell
g181509,g172169,cell,cell
g181509,g172159,cell,cell
g181509,g172157,cell,cell
g181509,g172155,cell,cell
g181509,g172136,cell,cell
g181509,g172128,cell,cell
g181509,g172126,cell,cell
g181509,g172124,cell,cell
g181509,g172114,cell,cell
g181508,u13_crac_dout_r_reg\[7\],cell,cell
g181512,g181510,cell,cell
g181512,g181402,cell,cell
g181512,g157678,cell,cell
g181510,g172284,cell,cell
g181523,g200161,cell,cell
g181523,g197679,cell,cell
g181523,g186017,cell,cell
g181523,g178264,cell,cell
g181523,g171397,cell,cell
g181523,g170625,cell,cell
g181523,g167915,cell,cell
g181523,g167863,cell,cell
g181523,g165956,cell,cell
g181523,g165954,cell,cell
g181523,g165940,cell,cell
g181532,g181574,cell,cell
g154098__181547,g153632__179287,cell,cell
g181550,g188087,cell,cell
g181557,g89,cell,cell
g181557,g212594,cell,cell
g181557,g200164,cell,cell
g181557,g197522,cell,cell
g181557,g184882,cell,cell
g181557,g179693,cell,cell
g181557,g178263,cell,cell
g181557,g170351,cell,cell
g181557,g167861,cell,cell
g181557,g166060,cell,cell
g181557,g166058,cell,cell
g181574,g187548,cell,cell
g181574,g170076,cell,cell
g181575,g185116,cell,cell
g159909,g159908,cell,cell
g159909,g158303,cell,cell
g181635,g209721,cell,cell
g181635,g181634,cell,cell
g181635,g181062,cell,cell
g181635,g179827,cell,cell
g181635,g153827__168283,cell,cell
g181635,g153826__168281,cell,cell
g181635,g153825__168282,cell,cell
g181635,g153824__168280,cell,cell
g181635,g153822__168284,cell,cell
g181635,g153821__168285,cell,cell
g181635,g153820__168262,cell,cell
g181635,g153819__175422,cell,cell
g181635,g153818__168287,cell,cell
g181635,g153817__175426,cell,cell
g181635,g153815__168289,cell,cell
g181635,g153811__168291,cell,cell
g181635,g153810__168293,cell,cell
g181634,u11_mem_reg\[2\]\[14\],cell,cell
g181643,g181642,cell,cell
g181642,u6_wp_reg\[1\],cell,cell
g181707,g181705,cell,cell
g181705,u16_u4_dma_req_reg,cell,cell
g159908,g198737,cell,cell
g181759,g181757,cell,cell
g181757,u16_u6_dma_req_reg,cell,cell
g181760,g184089,cell,cell
g181765,g607,cell,cell
g181765,g181768,cell,cell
g181765,g166495,cell,cell
g181765,g166485,cell,cell
g181769,g181768,cell,cell
g181770,g181768,cell,cell
g181768,g181767,cell,cell
g181767,g426,cell,cell
g181786,g189837,cell,cell
g181786,g181792,cell,cell
g181786,g181788,cell,cell
g181786,g181787,cell,cell
g181786,g181785,cell,cell
g181786,g178210,cell,cell
g181785,g213724,cell,cell
g181785,g153882__213722,cell,cell
g181787,g212233,cell,cell
g181787,g176943,cell,cell
g181788,g486,cell,cell
g181792,g76,cell,cell
g181792,g154739,cell,cell
g181843,g181839,cell,cell
g181839,g181838,cell,cell
g181838,g181393,cell,cell
g181838,g154096__198353,cell,cell
g181838,g153863__2802,cell,cell
g181838,g153778__178439,cell,cell
g181864,g200646,cell,cell
g181864,g197827,cell,cell
g181864,g169996,cell,cell
g181895,g181894,cell,cell
g181896,g181894,cell,cell
g181894,g157071,cell,cell
g181899,g170215,cell,cell
g181936,g187484,cell,cell
g181936,g181939,cell,cell
g181936,g181937,cell,cell
g181936,fopt181935,cell,cell
g181937,u14_u8_en_out_l_reg,cell,cell
fopt181935,u14_u8_en_out_l2_reg,cell,cell
g181939,g173003,cell,cell
g181966,g181964,cell,cell
g181964,g154125,cell,cell
g181968,u16_u2_dma_req_r1_reg,cell,cell
g181968,g183968,cell,cell
g181970,g181972,cell,cell
g181970,g169475,cell,cell
g181970,g154792,cell,cell
g181972,g188073,cell,cell
g181979,g157015,cell,cell
g181979,g154324__6417,cell,cell
g181983,g184495,cell,cell
g181983,g180065,cell,cell
g181983,g179852,cell,cell
g181983,g166624,cell,cell
g181983,g166618,cell,cell
g181983,g166617,cell,cell
g181983,g166616,cell,cell
g181983,g166615,cell,cell
g181983,g166609,cell,cell
g181983,g166190,cell,cell
g159455,g163649,cell,cell
g159455,g159454,cell,cell
g181981,g171435,cell,cell
fopt181996,g216464,cell,cell
fopt181996,g212620,cell,cell
fopt181996,g202312,cell,cell
fopt181996,g200156,cell,cell
fopt181996,g196865,cell,cell
fopt181996,g191970,cell,cell
fopt181996,g186028,cell,cell
fopt181996,g179697,cell,cell
fopt181996,g178265,cell,cell
fopt181996,g172840,cell,cell
fopt181996,g172136,cell,cell
fopt181996,g171322,cell,cell
fopt181996,g168481,cell,cell
fopt181996,g167873,cell,cell
fopt181996,g165419,cell,cell
fopt181996,g165418,cell,cell
fopt181996,g165417,cell,cell
fopt181996,g165414,cell,cell
fopt181996,g165413,cell,cell
fopt181996,g165409,cell,cell
fopt181996,g165407,cell,cell
fopt181996,g165405,cell,cell
fopt181996,g165400,cell,cell
fopt181996,g155774,cell,cell
fopt181996,g155742,cell,cell
fopt3,g181899,cell,cell
g182015,g182016,cell,cell
g182015,g153629__182014,cell,cell
g182016,g153629__182014,cell,cell
g153629__182014,u11_wp_reg\[1\],cell,cell
g182013,g154065__9315_dup174764,cell,cell
g182013,g154065__175620,cell,cell
g182013,g154063__9945_dup174766,cell,cell
g182013,g154063__174765,cell,cell
g182013,fopt192214,cell,cell
g182018,g264,cell,cell
g182018,g172860,cell,cell
g182018,g171189,cell,cell
g182018,g153396__174767,cell,cell
g182018,g153361__4319,cell,cell
g182018,g153360__6260,cell,cell
g182018,g153359__5107,cell,cell
g182018,g153358__2398,cell,cell
g182018,g153357__5477,cell,cell
g182018,g153356__6417,cell,cell
g182018,g153355__7410,cell,cell
g182018,g153353__2346,cell,cell
g182018,g153351__6161,cell,cell
g182018,g153350__5115,cell,cell
g182018,g153348__1705,cell,cell
g182018,g153347__6783,cell,cell
g182018,g153346__8428,cell,cell
g182018,g153345__175619,cell,cell
g182018,g153344__6260,cell,cell
g182018,g153343__5107,cell,cell
g182018,g153342__2398,cell,cell
g182018,g153301__6417,cell,cell
g182018,g153300__7410,cell,cell
g182018,g153299__2883,cell,cell
g182018,g153298__6161,cell,cell
g182018,g153297__4733,cell,cell
g182018,g153296__7482,cell,cell
g182018,g153295__5115,cell,cell
g182018,g153294__1881,cell,cell
g182018,g153293__7098,cell,cell
g182018,g153292__1705,cell,cell
g182018,g153291__3680,cell,cell
g182018,g153290__5526,cell,cell
g182019,g182020,cell,cell
g182019,g177057,cell,cell
g182019,g175607,cell,cell
g182019,g159146,cell,cell
g182019,g154316__3680,cell,cell
g182020,g166544,cell,cell
g182020,g158944,cell,cell
g182020,g157856,cell,cell
g159454,g184874,cell,cell
g182064,g154065__9315_dup174764,cell,cell
g182064,g154065__175620,cell,cell
g182066,g182065,cell,cell
g182067,g182070,cell,cell
g182067,g182065,cell,cell
g182067,g182018,cell,cell
g182067,g182013,cell,cell
g182067,g177058,cell,cell
g182065,g263,cell,cell
g182065,g172560,cell,cell
g182065,g170135,cell,cell
g182065,g170131,cell,cell
g182065,g153436__3680,cell,cell
g182065,g153435__6783,cell,cell
g182065,g153434__5526,cell,cell
g182065,g153433__8428,cell,cell
g182065,g153432__7482,cell,cell
g182065,g153430__1666,cell,cell
g182065,g153429__7410,cell,cell
g182065,g153428__2346,cell,cell
g182065,g153425__6161,cell,cell
g182065,g153424__4733,cell,cell
g182065,g153398__1617,cell,cell
g182065,g153394__7098,cell,cell
g182065,g153392__5122,cell,cell
g182065,g153391__1705,cell,cell
g182065,g153390__2802,cell,cell
g182065,g153389__1617,cell,cell
g182065,g153388__3680,cell,cell
g182065,g153325__1881,cell,cell
g182065,g153324__6131,cell,cell
g182065,g153323__7098,cell,cell
g182065,g153322__8246,cell,cell
g182065,g153321__5122,cell,cell
g182065,g153320__1705,cell,cell
g182065,g153319__2802,cell,cell
g182065,g153318__1617,cell,cell
g182065,g153317__3680,cell,cell
g182065,g153316__6783,cell,cell
g182065,g153315__5526,cell,cell
g182065,g153314__8428,cell,cell
g182070,g182073,cell,cell
g182070,g182069,cell,cell
g182069,g182085,cell,cell
g182069,g153807__182076,cell,cell
g182069,g153805__182079,cell,cell
g182069,g153804__182077,cell,cell
g182069,g153803__182081,cell,cell
g182069,g153802__182074,cell,cell
g182069,g153801__182083,cell,cell
g182069,g153799__182068,cell,cell
g182069,g153798__182071,cell,cell
g182069,g153797__182082,cell,cell
g182069,g153795__182086,cell,cell
g182069,g153793__182084,cell,cell
g182069,g153792__182075,cell,cell
g182069,g153791__182078,cell,cell
g182069,g153788__182080,cell,cell
g153799__182068,u11_mem_reg\[0\]\[10\],cell,cell
g153798__182071,u11_mem_reg\[0\]\[9\],cell,cell
g182073,g182102,cell,cell
g182073,g153952__182095,cell,cell
g182073,g153951__182100,cell,cell
g182073,g153950__182087,cell,cell
g182073,g153949__182092,cell,cell
g182073,g153948__182101,cell,cell
g182073,g153947__182090,cell,cell
g182073,g153946__182093,cell,cell
g182073,g153945__182096,cell,cell
g182073,g153944__182088,cell,cell
g182073,g153943__182099,cell,cell
g182073,g153942__182098,cell,cell
g182073,g153941__182091,cell,cell
g182073,g153808__182089,cell,cell
g182073,g153806__182097,cell,cell
g182073,g153794__182094,cell,cell
g182073,g153790__182072,cell,cell
g153790__182072,u11_mem_reg\[0\]\[1\],cell,cell
g153802__182074,u11_mem_reg\[0\]\[13\],cell,cell
g153792__182075,u11_mem_reg\[0\]\[3\],cell,cell
g153807__182076,u11_mem_reg\[0\]\[18\],cell,cell
g153804__182077,u11_mem_reg\[0\]\[15\],cell,cell
g153791__182078,u11_mem_reg\[0\]\[2\],cell,cell
g153805__182079,u11_mem_reg\[0\]\[16\],cell,cell
g153788__182080,u11_mem_reg\[0\]\[0\],cell,cell
g153803__182081,u11_mem_reg\[0\]\[14\],cell,cell
g153797__182082,u11_mem_reg\[0\]\[8\],cell,cell
g153801__182083,u11_mem_reg\[0\]\[12\],cell,cell
g153793__182084,u11_mem_reg\[0\]\[4\],cell,cell
g182085,u11_mem_reg\[0\]\[7\],cell,cell
g153795__182086,u11_mem_reg\[0\]\[6\],cell,cell
g153950__182087,u11_mem_reg\[0\]\[29\],cell,cell
g153944__182088,u11_mem_reg\[0\]\[23\],cell,cell
g153808__182089,u11_mem_reg\[0\]\[19\],cell,cell
g153947__182090,u11_mem_reg\[0\]\[26\],cell,cell
g153941__182091,u11_mem_reg\[0\]\[20\],cell,cell
g153949__182092,u11_mem_reg\[0\]\[28\],cell,cell
g153946__182093,u11_mem_reg\[0\]\[25\],cell,cell
g153794__182094,u11_mem_reg\[0\]\[5\],cell,cell
g153952__182095,u11_mem_reg\[0\]\[31\],cell,cell
g153945__182096,u11_mem_reg\[0\]\[24\],cell,cell
g153806__182097,u11_mem_reg\[0\]\[17\],cell,cell
g153942__182098,u11_mem_reg\[0\]\[21\],cell,cell
g153943__182099,u11_mem_reg\[0\]\[22\],cell,cell
g153951__182100,u11_mem_reg\[0\]\[30\],cell,cell
g153948__182101,u11_mem_reg\[0\]\[27\],cell,cell
g182102,u11_mem_reg\[0\]\[11\],cell,cell
g182134,g182133,cell,cell
g182134,g155546_dup188259,cell,cell
g182133,g182138,cell,cell
g182133,g154424__182157,cell,cell
g182133,g154423__182155,cell,cell
g182133,g154422__182165,cell,cell
g182133,g154421__186716,cell,cell
g182133,g154420__182137,cell,cell
g182133,g154419__186712,cell,cell
g182133,g154418__182147,cell,cell
g182133,g154369__188260,cell,cell
g182133,g154315__182159,cell,cell
g182133,g154310__182141,cell,cell
g182133,g154309__182163,cell,cell
g182133,g154308__182153,cell,cell
g182133,g154307__182161,cell,cell
g182133,g154306__182151,cell,cell
g182133,g154305__182132,cell,cell
g182135,g154305__182132,cell,cell
g154305__182132,u11_din_tmp1_reg\[15\],cell,cell
g182138,g154420__182137,cell,cell
g154420__182137,u11_din_tmp1_reg\[2\],cell,cell
g182140,g154313__182139,cell,cell
g154313__182139,u11_din_tmp1_reg\[9\],cell,cell
g182142,g154310__182141,cell,cell
g154310__182141,u11_din_tmp1_reg\[10\],cell,cell
g182148,g154418__182147,cell,cell
g154418__182147,u11_din_tmp1_reg\[0\],cell,cell
g182152,g154306__182151,cell,cell
g154306__182151,u11_din_tmp1_reg\[14\],cell,cell
g182154,g154308__182153,cell,cell
g154308__182153,u11_din_tmp1_reg\[12\],cell,cell
g182156,g154423__182155,cell,cell
g154423__182155,u11_din_tmp1_reg\[5\],cell,cell
g182158,g154424__182157,cell,cell
g154424__182157,u11_din_tmp1_reg\[6\],cell,cell
g159457,g436,cell,cell
g159457,g184888,cell,cell
g182160,g154315__182159,cell,cell
g154315__182159,u11_din_tmp1_reg\[8\],cell,cell
g182162,g154307__182161,cell,cell
g154307__182161,u11_din_tmp1_reg\[13\],cell,cell
g182164,g154309__182163,cell,cell
g154309__182163,u11_din_tmp1_reg\[11\],cell,cell
g182166,g154422__182165,cell,cell
g154422__182165,u11_din_tmp1_reg\[4\],cell,cell
g159529,g166615,cell,cell
g159529,g159528,cell,cell
g156129,u12_wb_data_o_reg\[20\],cell,cell
g182367,g182370,cell,cell
g182367,g155025,cell,cell
g182367,g154244,cell,cell
g182370,u3_rp_reg\[0\],cell,cell
g182370,g182371,cell,cell
g182370,g153972__182369,cell,cell
g153972__182369,u3_rp_reg\[2\],cell,cell
g182371,g175819,cell,cell
g156128,u12_wb_data_o_reg\[21\],cell,cell
g156127,u12_wb_data_o_reg\[22\],cell,cell
g156125,u12_wb_data_o_reg\[25\],cell,cell
g156124,u12_wb_data_o_reg\[26\],cell,cell
fopt182409,g223943,cell,cell
fopt182409,g187310,cell,cell
fopt182409,g156770_dup214508,cell,cell
g182412,u6_mem_reg\[3\]\[21\],cell,cell
g182413,u6_mem_reg\[3\]\[22\],cell,cell
g182414,u6_mem_reg\[3\]\[23\],cell,cell
g182417,g206150,cell,cell
g182419,g206151,cell,cell
g182419,g182422,cell,cell
g182419,g182421,cell,cell
g182420,g193853,cell,cell
g182420,g158960,cell,cell
g182420,g158065,cell,cell
g182421,g155575,cell,cell
g182422,g172262,cell,cell
g159528,g166570,cell,cell
g155585,u1_slt6_reg\[3\],cell,cell
g157158,u1_slt4_reg\[3\],cell,cell
g156687,g153627__169861,cell,cell
g156722,u1_slt3_reg\[3\],cell,cell
g182485,g202328,cell,cell
g182485,g1360,cell,cell
g159472,g182134,cell,cell
g159472,g181939,cell,cell
g159472,g169471,cell,cell
g156636,g173315,cell,cell
g156636,g156635,cell,cell
g156632,g156631,cell,cell
g156632,g156167,cell,cell
g156643,g156642,cell,cell
g156643,g155580,cell,cell
g182517,g154404__182514,cell,cell
g154404__182514,u9_din_tmp1_reg\[2\],cell,cell
g182520,g154405__182519,cell,cell
g156642,g155580,cell,cell
g154405__182519,u9_din_tmp1_reg\[3\],cell,cell
g182522,g154417__182521,cell,cell
g154417__182521,u9_din_tmp1_reg\[15\],cell,cell
g182524,g154416__182523,cell,cell
g154416__182523,u9_din_tmp1_reg\[14\],cell,cell
g182534,g154410__182533,cell,cell
g154410__182533,u9_din_tmp1_reg\[8\],cell,cell
g182536,g154409__182535,cell,cell
g154409__182535,u9_din_tmp1_reg\[7\],cell,cell
g182538,g154408__182537,cell,cell
g154408__182537,u9_din_tmp1_reg\[6\],cell,cell
g182540,g154407__182539,cell,cell
g156172,u26_ac97_rst__reg,cell,cell
g154407__182539,u9_din_tmp1_reg\[5\],cell,cell
g182544,g154402__182543,cell,cell
g154402__182543,u9_din_tmp1_reg\[0\],cell,cell
g182546,g154403__182545,cell,cell
g154403__182545,u9_din_tmp1_reg\[1\],cell,cell
g182548,g154414__182547,cell,cell
g154414__182547,u9_din_tmp1_reg\[12\],cell,cell
g156119,u9_rp_reg\[2\],cell,cell
g156117,u11_rp_reg\[2\],cell,cell
g182605,g182607,cell,cell
g182605,g181765,cell,cell
g182607,g214230,cell,cell
g182607,fopt182608,cell,cell
fopt182608,g213868,cell,cell
fopt182608,g187540,cell,cell
fopt182608,g178210,cell,cell
fopt182608,g178125,cell,cell
fopt182608,g173313,cell,cell
fopt182608,g167924,cell,cell
fopt182608,g167922,cell,cell
fopt182608,g167919,cell,cell
fopt182608,g167912,cell,cell
fopt182608,g167910,cell,cell
fopt182608,g167909,cell,cell
fopt182608,g167908,cell,cell
fopt182608,g167906,cell,cell
fopt182608,g167898,cell,cell
fopt182608,g167897,cell,cell
fopt182608,g167895,cell,cell
g182616,u5_dout_reg\[16\],cell,cell
g156640,g503,cell,cell
g156640,g189210,cell,cell
g155583,g192711,cell,cell
g182630,g184533,cell,cell
g182630,g182632,cell,cell
g182630,g156161,cell,cell
g182632,g182635,cell,cell
g182632,g182633,cell,cell
g182632,g182631,cell,cell
g182631,g192333,cell,cell
g182633,u13_occ0_r_reg\[8\],cell,cell
g182635,u4_wp_reg\[1\],cell,cell
g155999,g154862,cell,cell
g182658,g182657,cell,cell
g182657,g193869,cell,cell
g182657,g173024,cell,cell
g157199,u1_sr_reg\[5\],cell,cell
g154846,u2_sync_resume_reg,cell,cell
g156158,u12_wb_data_o_reg\[23\],cell,cell
g182756,g200650,cell,cell
g182756,g186009,cell,cell
g182759,g215500,cell,cell
g182759,g213866,cell,cell
g182759,g213849,cell,cell
g182759,g186042,cell,cell
g182759,g186041,cell,cell
g182759,g186040,cell,cell
g182759,g186039,cell,cell
g182759,g186038,cell,cell
g182759,g186037,cell,cell
g182759,g186036,cell,cell
g182759,g186034,cell,cell
g182759,g186033,cell,cell
g182759,g186032,cell,cell
g182759,g186031,cell,cell
g182759,g186030,cell,cell
g182759,g186029,cell,cell
g182759,g186028,cell,cell
g182759,g186027,cell,cell
g182759,g186026,cell,cell
g182759,g186025,cell,cell
g182759,g186023,cell,cell
g182759,g186022,cell,cell
g182759,g186021,cell,cell
g182759,g186020,cell,cell
g182759,g186019,cell,cell
g182759,g186018,cell,cell
g182759,g186017,cell,cell
g182759,g186016,cell,cell
g182759,g186015,cell,cell
g182759,g186014,cell,cell
g182759,g186012,cell,cell
g182759,g186010,cell,cell
g156167,g183007,cell,cell
g156167,g170033,cell,cell
g156163,u3_wp_reg\[0\],cell,cell
g156162,u8_wp_reg\[0\],cell,cell
g156161,u4_wp_reg\[0\],cell,cell
g291,u10_dout_reg\[23\],cell,cell
g182846,g186656,cell,cell
g182846,g182848,cell,cell
g182848,g186658,cell,cell
g182848,g186649,cell,cell
g182848,g186614,cell,cell
g182848,g186599,cell,cell
g182848,g182878,cell,cell
g182848,g182874,cell,cell
g182848,g182872,cell,cell
g182848,g182870,cell,cell
g182848,g182868,cell,cell
g182848,g182866,cell,cell
g182848,g182862,cell,cell
g182848,g182860,cell,cell
g182848,g182854,cell,cell
g182848,g182852,cell,cell
g182848,g182847,cell,cell
g182847,g182844,cell,cell
g182844,u10_din_tmp1_reg\[10\],cell,cell
g182852,g182851,cell,cell
g182851,u10_din_tmp1_reg\[1\],cell,cell
g182854,g182853,cell,cell
g182853,u10_din_tmp1_reg\[4\],cell,cell
g182860,g182859,cell,cell
g182859,u10_din_tmp1_reg\[5\],cell,cell
g182862,g182861,cell,cell
g182861,u10_din_tmp1_reg\[13\],cell,cell
g156634,g178127,cell,cell
g156634,g156633,cell,cell
g182866,g182865,cell,cell
g182865,u10_din_tmp1_reg\[9\],cell,cell
g182868,g182867,cell,cell
g182867,u10_din_tmp1_reg\[2\],cell,cell
g182870,g182869,cell,cell
g182869,u10_din_tmp1_reg\[15\],cell,cell
g182872,g182871,cell,cell
g182871,u10_din_tmp1_reg\[14\],cell,cell
g182874,g182873,cell,cell
g182873,u10_din_tmp1_reg\[7\],cell,cell
g182878,g182877,cell,cell
g182877,u10_din_tmp1_reg\[3\],cell,cell
g182896,g192711,cell,cell
g182896,g181964,cell,cell
g182896,g175268,cell,cell
g182896,g172269,cell,cell
g182896,g172267,cell,cell
g182896,g172266,cell,cell
g182896,g172264,cell,cell
g182899,u16_u7_dma_req_r1_reg,cell,cell
g182901,u24_int_set_reg\[0\],cell,cell
g182902,u10_rp_reg\[1\],cell,cell
g153639__182909,u6_dout_reg\[15\],cell,cell
g182911,u6_dout_reg\[7\],cell,cell
fopt182915,g157630,cell,cell
g519,u6_dout_reg\[6\],cell,cell
g159412,g158148,cell,cell
g183007,g183006,cell,cell
g183007,g173216,cell,cell
g183008,g183006,cell,cell
g183008,g173216,cell,cell
g183009,g183006,cell,cell
g183009,g173216,cell,cell
g183006,g153386__176754,cell,cell
g183025,g212655,cell,cell
g183025,g188525,cell,cell
g183025,g187708,cell,cell
g183025,g186389,cell,cell
g183025,g181281,cell,cell
g183025,g177160,cell,cell
g183025,g177159,cell,cell
g183025,g169027,cell,cell
g183025,g162476,cell,cell
g183025,g158819,cell,cell
g183025,g158803,cell,cell
g183025,g158792,cell,cell
g183025,g158786,cell,cell
g183025,g158784,cell,cell
g183025,g158782,cell,cell
g183025,g158775,cell,cell
g183025,g158771,cell,cell
g183025,g158768,cell,cell
g183025,g158760,cell,cell
g183025,g158758,cell,cell
g183025,g158753,cell,cell
g183025,g158738,cell,cell
g183025,g158734,cell,cell
g183025,g158728,cell,cell
g183025,g158721,cell,cell
g159500,g184898,cell,cell
g159500,g171437,cell,cell
g183172,u4_mem_reg\[3\]\[30\],cell,cell
g53,u4_mem_reg\[3\]\[29\],cell,cell
g54,g53,cell,cell
g54,g215507,cell,cell
g54,g183188,cell,cell
g54,g179390,cell,cell
g54,g179388,cell,cell
g54,g179385,cell,cell
g54,g166777,cell,cell
g54,g166773,cell,cell
g54,g166772,cell,cell
g54,g166771,cell,cell
g54,g155776,cell,cell
g54,g155773,cell,cell
g54,g155771,cell,cell
g54,g155768,cell,cell
g54,g155762,cell,cell
g54,g155760,cell,cell
g183188,u4_mem_reg\[3\]\[10\],cell,cell
g159490,g549,cell,cell
g159490,g175895,cell,cell
g183256,g183255,cell,cell
g183257,g183255,cell,cell
g183255,g185125,cell,cell
g126,u6_dout_reg\[14\],cell,cell
g183362,g178797,cell,cell
g183362,g176041_dup,cell,cell
g183363,g186110,cell,cell
g183363,g186104,cell,cell
g183375,g194040,cell,cell
g183377,g194040,cell,cell
g183378,g194040,cell,cell
g44,g196171,cell,cell
g44,g153952__182095,cell,cell
g44,g153314__8428,cell,cell
g44,g153290__5526,cell,cell
g159502,g172013,cell,cell
g159502,g172012,cell,cell
g183511,g194062,cell,cell
g156001,g154785,cell,cell
g159517,g214954,cell,cell
g159517,g156986,cell,cell
g155575,u7_wp_reg\[2\],cell,cell
g155573,u3_wp_reg\[2\],cell,cell
g159481,g184903,cell,cell
g183902,g183901,cell,cell
g183903,g183901,cell,cell
g183901,g153835__6131,cell,cell
g183901,g119,cell,cell
g183923,g202325,cell,cell
g183946,g224210,cell,cell
g183946,g183377,cell,cell
g183946,g157736,cell,cell
g183968,g183967,cell,cell
g183969,g183967,cell,cell
g183967,u16_u2_dma_req_reg,cell,cell
g184027,g184025,cell,cell
g184025,u8_rp_reg\[3\],cell,cell
g159533,g184884,cell,cell
g159533,g163172,cell,cell
g184057,g184059,cell,cell
g184057,g159502,cell,cell
g184059,g186735,cell,cell
g184089,u16_u6_dma_req_r1_reg,cell,cell
g184089,g70,cell,cell
g70,g181757,cell,cell
g184114,g181397,cell,cell
g26,g184164,cell,cell
g184164,g156157,cell,cell
g184212,g192278,cell,cell
g184212,g157749,cell,cell
g184212,g157483,cell,cell
g184219,u8_empty_reg,cell,cell
fopt184226,g89,cell,cell
fopt184226,g199410,cell,cell
fopt184226,g191977,cell,cell
fopt184226,g191976,cell,cell
fopt184226,g171397,cell,cell
fopt184226,g171394,cell,cell
fopt184226,g171085,cell,cell
fopt184226,g165999,cell,cell
fopt184227,g97,cell,cell
fopt184227,g214948,cell,cell
fopt184227,g213856,cell,cell
fopt184227,g191975,cell,cell
fopt184227,g191974,cell,cell
fopt184227,g191973,cell,cell
fopt184227,g170754,cell,cell
fopt184227,g166099,cell,cell
g184294,g26,cell,cell
g184294,g188567,cell,cell
g184294,g187553,cell,cell
g184295,g91,cell,cell
g184295,g211606,cell,cell
g184295,g207849,cell,cell
g184295,g207848,cell,cell
g184295,g193485,cell,cell
g184295,g188567,cell,cell
g184295,g181895,cell,cell
g184295,g181894,cell,cell
g184295,g175813,cell,cell
g184295,g175811,cell,cell
g184295,g168648,cell,cell
g184298,g176941,cell,cell
g159421,g157290,cell,cell
g184324,g181550,cell,cell
g184324,g159183,cell,cell
g300,g186702,cell,cell
g300,g169494,cell,cell
g159541,g163647,cell,cell
g159541,g159540,cell,cell
g159540,g184904,cell,cell
g184483,g197007,cell,cell
g184483,g172431,cell,cell
g184483,g153940__9945,cell,cell
g184483,g153939__9315,cell,cell
g184483,g153938__4733,cell,cell
g184483,g153937__7482,cell,cell
g184483,g153936__1881,cell,cell
g184483,g153935__6131,cell,cell
g184483,g153934__8246,cell,cell
g184483,g153933__5122,cell,cell
g184483,g153932__2802,cell,cell
g184483,g153931__1617,cell,cell
g184483,g153930__3680,cell,cell
g184483,g153929__5526,cell,cell
g184483,g153577__6417,cell,cell
g184483,g153576__7410,cell,cell
g184483,g153575__1666,cell,cell
g184483,g153574__2883,cell,cell
g184483,g153573__9945,cell,cell
g184483,g153572__9315,cell,cell
g184483,g153571__6161,cell,cell
g184483,g153570__178343,cell,cell
g184483,g153569__7482,cell,cell
g184483,g153568__5115,cell,cell
g184483,g153567__1881,cell,cell
g184483,g153566__6131,cell,cell
g184483,g153565__7098,cell,cell
g184483,g153564__8246,cell,cell
g184483,g153563__5122,cell,cell
g184483,g153562__1705,cell,cell
g184483,g153561__2802,cell,cell
g184483,g153559__3680,cell,cell
g184487,drc_bufs164466,cell,cell
g184489,g168986,cell,cell
g184495,g171442,cell,cell
g184496,g472,cell,cell
g184503,u16_u3_dma_req_r1_reg,cell,cell
g184504,g214943,cell,cell
g184504,g169555,cell,cell
g184504,g169553,cell,cell
g184504,g169550,cell,cell
g184504,g169549,cell,cell
g184504,g169545,cell,cell
g184504,g169543,cell,cell
g184504,g169542,cell,cell
g184504,g169540,cell,cell
g184504,g166297,cell,cell
g184504,g166128,cell,cell
g184504,g166051,cell,cell
g184504,g165918,cell,cell
g184504,g165864,cell,cell
g184504,g165555,cell,cell
g184504,g165409,cell,cell
g184505,g178060,cell,cell
g184506,g178081,cell,cell
g184510,g291,cell,cell
g184511,g153760__193866,cell,cell
g184513,g171722,cell,cell
g184517,g176941,cell,cell
g184533,g192333,cell,cell
g184540,g171189,cell,cell
g184540,g153818__168287,cell,cell
g184540,g153798__182071,cell,cell
g184540,g153433__8428,cell,cell
g184542,g181634,cell,cell
g184542,g172560,cell,cell
g184542,g153803__182081,cell,cell
g184542,g153347__6783,cell,cell
g184544,g172860,cell,cell
g184544,g153821__168285,cell,cell
g184544,g153801__182083,cell,cell
g184544,g153436__3680,cell,cell
g184549,g175968,cell,cell
g184549,g154092__198348,cell,cell
g184549,g153859__4319,cell,cell
g184549,g153774__178442,cell,cell
g184558,g291,cell,cell
g184562,g196916,cell,cell
g184562,g179532,cell,cell
g184582,g166239,cell,cell
g184595,g173006,cell,cell
g184605,g182370,cell,cell
g184605,g180443,cell,cell
g184605,fopt178822,cell,cell
g49,g184610,cell,cell
g184610,g64,cell,cell
g184610,g63,cell,cell
g184610,fopt184619,cell,cell
fopt,g153843__5477,cell,cell
fopt,g153599__2346,cell,cell
fopt,g153585__5526,cell,cell
fopt,g153584__6783,cell,cell
g184614,g184613,cell,cell
g184613,u3_dout_reg\[14\],cell,cell
g184616,g184615,cell,cell
g184615,u3_dout_reg\[15\],cell,cell
fopt184617,g154000__189844,cell,cell
fopt184617,fopt167964,cell,cell
g32,g170089,cell,cell
g33,g197985,cell,cell
fopt184619,g154321__6260,cell,cell
fopt184619,g153996__4733,cell,cell
g157188,g215501,cell,cell
g157188,g213836,cell,cell
g157188,g166529,cell,cell
g157188,g166505,cell,cell
g157188,g166301,cell,cell
g157188,g166277,cell,cell
g157188,g166135,cell,cell
g157188,g166110,cell,cell
g157188,g166084,cell,cell
g157188,g166058,cell,cell
g157188,g166007,cell,cell
g157188,g165980,cell,cell
g157188,g165953,cell,cell
g157188,g165897,cell,cell
g157188,g165870,cell,cell
g157188,g165843,cell,cell
g157188,g165816,cell,cell
g157188,g165793,cell,cell
g157188,g165765,cell,cell
g157188,g165736,cell,cell
g157188,g165708,cell,cell
g157188,g165679,cell,cell
g157188,g165650,cell,cell
g157188,g165590,cell,cell
g157188,g165563,cell,cell
g157188,g165535,cell,cell
g157188,g165506,cell,cell
g157188,g165476,cell,cell
g157188,g165447,cell,cell
g157188,g165417,cell,cell
g157188,g165388,cell,cell
g157188,g165359,cell,cell
fopt2,g189100,cell,cell
g184622,g184630,cell,cell
g184622,g159072,cell,cell
g184622,fopt212222,cell,cell
g184623,g184212,cell,cell
g184625,g180246,cell,cell
g184626,g175146,cell,cell
g184630,g212119,cell,cell
g184630,g205401,cell,cell
g184630,g205400,cell,cell
g184630,g205398,cell,cell
g184630,g198008,cell,cell
g159544,g184892,cell,cell
g184634,g157898,cell,cell
g184641,g1369,cell,cell
g184641,g1365,cell,cell
g159598,g184513,cell,cell
g159598,g157298,cell,cell
g184752,g184750,cell,cell
g184752,g172167,cell,cell
g184752,g172166_dup,cell,cell
g184750,g213841,cell,cell
g184750,g166291,cell,cell
g184750,g166272,cell,cell
g184750,g166126,cell,cell
g184750,g166100,cell,cell
g184750,g166049,cell,cell
g184750,g166000,cell,cell
g184750,g165890,cell,cell
g184750,g165861,cell,cell
g184750,g165784,cell,cell
g184750,g165640,cell,cell
g184750,g165525,cell,cell
g184750,g165496,cell,cell
g184750,g165437,cell,cell
g184750,g165407,cell,cell
g184750,g165350,cell,cell
g184750,g155827,cell,cell
g172166_dup,g215505,cell,cell
g172166_dup,g213853,cell,cell
g172166_dup,g172165,cell,cell
g172166_dup,g166075,cell,cell
g172166_dup,g165974,cell,cell
g172166_dup,g165945,cell,cell
g172166_dup,g165834,cell,cell
g172166_dup,g165807,cell,cell
g172166_dup,g165755,cell,cell
g172166_dup,g165727,cell,cell
g172166_dup,g165698,cell,cell
g172166_dup,g165669,cell,cell
g172166_dup,g165582,cell,cell
g172166_dup,g165467,cell,cell
g172166_dup,g165378,cell,cell
g172166_dup,g155828,cell,cell
g184861,g224147,cell,cell
g184861,g179917,cell,cell
g184861,g154290__179919_dup,cell,cell
g184862,g224147,cell,cell
g184862,g185961,cell,cell
g184862,g154290__179919_dup,cell,cell
g154290__179919_dup,g156,cell,cell
g154290__179919_dup,g153964__7410,cell,cell
g154290__179919_dup,g153963__1666,cell,cell
g154290__179919_dup,g153960__9945,cell,cell
g154290__179919_dup,g153959__9315,cell,cell
g154290__179919_dup,g153956__7482,cell,cell
g154290__179919_dup,g153954__1881,cell,cell
g154290__179919_dup,g153870__5115,cell,cell
g154290__179919_dup,g153869__167224,cell,cell
g154290__179919_dup,g153868__6131,cell,cell
g154290__179919_dup,g153867__7098,cell,cell
g154290__179919_dup,g153866__8246,cell,cell
g154290__179919_dup,g153865__5122,cell,cell
g154290__179919_dup,g153864__1705,cell,cell
g154290__179919_dup,g153863__2802,cell,cell
g154290__179919_dup,g153862__6417,cell,cell
g184873,g184875,cell,cell
g184873,g163649,cell,cell
g184873,g163648_dup,cell,cell
g184873,g163647,cell,cell
g184873,g163646,cell,cell
g184876,g184875,cell,cell
g184876,g163648_dup,cell,cell
g184875,g213848,cell,cell
g184875,g184890,cell,cell
g184875,g184889,cell,cell
g184875,g184888,cell,cell
g184875,g184887,cell,cell
g184875,g184886,cell,cell
g184875,g184884,cell,cell
g184875,g184883,cell,cell
g184875,g184882,cell,cell
g184875,g184881,cell,cell
g184875,g184880,cell,cell
g184875,g184879,cell,cell
g184875,g184878,cell,cell
g184875,g184877,cell,cell
g184875,g184874,cell,cell
g184874,u13_intm_r_reg\[11\],cell,cell
g184877,u13_intm_r_reg\[0\],cell,cell
g184878,u13_intm_r_reg\[1\],cell,cell
g184879,u13_intm_r_reg\[27\],cell,cell
g184880,u13_intm_r_reg\[26\],cell,cell
g184881,u13_intm_r_reg\[25\],cell,cell
g184882,u13_intm_r_reg\[24\],cell,cell
g184883,u13_intm_r_reg\[28\],cell,cell
g184884,u13_intm_r_reg\[23\],cell,cell
g184886,u13_intm_r_reg\[21\],cell,cell
g184887,u13_intm_r_reg\[20\],cell,cell
g184888,u13_intm_r_reg\[19\],cell,cell
g184889,u13_intm_r_reg\[18\],cell,cell
g184890,u13_intm_r_reg\[17\],cell,cell
g163648_dup,g214954,cell,cell
g163648_dup,g213865,cell,cell
g163648_dup,g198087,cell,cell
g163648_dup,g184904,cell,cell
g163648_dup,g184903,cell,cell
g163648_dup,g184901,cell,cell
g163648_dup,g184900,cell,cell
g163648_dup,g184899,cell,cell
g163648_dup,g184898,cell,cell
g163648_dup,g184896,cell,cell
g163648_dup,g184894,cell,cell
g163648_dup,g184893,cell,cell
g163648_dup,g184892,cell,cell
g163648_dup,g184891,cell,cell
g184891,u13_intm_r_reg\[16\],cell,cell
g184892,u13_intm_r_reg\[13\],cell,cell
g184893,u13_intm_r_reg\[5\],cell,cell
g184894,u13_intm_r_reg\[12\],cell,cell
g184896,u13_intm_r_reg\[9\],cell,cell
g184898,u13_intm_r_reg\[8\],cell,cell
g184899,u13_intm_r_reg\[2\],cell,cell
g184900,u13_intm_r_reg\[7\],cell,cell
g184901,u13_intm_r_reg\[15\],cell,cell
g184903,u13_intm_r_reg\[6\],cell,cell
g184904,u13_intm_r_reg\[3\],cell,cell
g184935,g168964,cell,cell
g184935,fopt184937,cell,cell
g184935,fopt176651_dup,cell,cell
fopt184937,g184950,cell,cell
fopt184937,g184949,cell,cell
fopt184937,g184948,cell,cell
fopt184937,g184947,cell,cell
fopt184937,g184946,cell,cell
fopt184937,g184945,cell,cell
fopt184937,g184944,cell,cell
fopt184937,g184943,cell,cell
fopt184937,g184942,cell,cell
fopt184937,g184941,cell,cell
fopt184937,g184940,cell,cell
fopt184937,g184939,cell,cell
fopt184937,g184938,cell,cell
fopt184937,g184936,cell,cell
g184936,g157799,cell,cell
g184938,g157793,cell,cell
g184939,g157783,cell,cell
g184940,g157797,cell,cell
g184941,g157785,cell,cell
g184942,g157811,cell,cell
g184943,g157784,cell,cell
g184944,g157812,cell,cell
g184945,g157804,cell,cell
g184946,g157800,cell,cell
g184947,g157786,cell,cell
g184948,g157807,cell,cell
g184949,g157791,cell,cell
g184950,g157806,cell,cell
g184951,g157810,cell,cell
g184952,g157788,cell,cell
g184953,g157813,cell,cell
g184954,g157866,cell,cell
g184955,g157787,cell,cell
g184956,g157802,cell,cell
g184957,g157795,cell,cell
g184958,g157808,cell,cell
g184959,g157794,cell,cell
g184960,g157809,cell,cell
g184961,g157792,cell,cell
g184962,g157790,cell,cell
g184963,g157798,cell,cell
g184964,g157782,cell,cell
g185112,g455,cell,cell
g185112,g186849,cell,cell
g185112,g185129,cell,cell
g185112,g185127,cell,cell
g185112,g185125,cell,cell
g185112,g185123,cell,cell
g185112,g185120,cell,cell
g185112,g185119,cell,cell
g185112,g185115,cell,cell
g185112,g154171__185111,cell,cell
g185112,g153760__193866,cell,cell
g185112,g153624__185113,cell,cell
g185112,g153619__185121,cell,cell
g185112,g153618__185117,cell,cell
g185112,g153611__185128,cell,cell
g185112,drc_bufs15,cell,cell
g154171__185111,g200463,cell,cell
g153624__185113,u4_dout_reg\[9\],cell,cell
drc_bufs15,g212239,cell,cell
drc_bufs15,g185116,cell,cell
drc_bufs15,g153677__185118,cell,cell
g185115,u4_dout_reg\[11\],cell,cell
g185116,u4_dout_reg\[12\],cell,cell
g153618__185117,u4_dout_reg\[17\],cell,cell
g153677__185118,u4_dout_reg\[8\],cell,cell
g185119,u4_dout_reg\[7\],cell,cell
g185120,u4_dout_reg\[6\],cell,cell
g153619__185121,u4_dout_reg\[16\],cell,cell
g185123,u4_dout_reg\[15\],cell,cell
g185125,u4_dout_reg\[13\],cell,cell
g185127,u4_dout_reg\[14\],cell,cell
g153611__185128,u4_dout_reg\[4\],cell,cell
g185129,u4_dout_reg\[19\],cell,cell
fopt185166,g222740,cell,cell
fopt185166,g212613,cell,cell
fopt185166,g197605,cell,cell
fopt185166,g179684,cell,cell
fopt185166,g178285,cell,cell
fopt185166,g176265,cell,cell
fopt185166,g172340,cell,cell
fopt185166,g169541,cell,cell
fopt185166,g168490,cell,cell
fopt185166,g167890,cell,cell
fopt185166,g165359,cell,cell
fopt185166,g165355,cell,cell
fopt185167,g199410,cell,cell
fopt185167,g184903,cell,cell
fopt185167,g178167,cell,cell
fopt185167,g167910,cell,cell
fopt185167,g155733,cell,cell
g157194,g215506,cell,cell
g157194,g213860,cell,cell
g157194,g166531,cell,cell
g157194,g166504,cell,cell
g157194,g166300,cell,cell
g157194,g166262,cell,cell
g157194,g166132,cell,cell
g157194,g166106,cell,cell
g157194,g166081,cell,cell
g157194,g166055,cell,cell
g157194,g166006,cell,cell
g157194,g165965,cell,cell
g157194,g165951,cell,cell
g157194,g165922,cell,cell
g157194,g165895,cell,cell
g157194,g165868,cell,cell
g157194,g165840,cell,cell
g157194,g165813,cell,cell
g157194,g165790,cell,cell
g157194,g165762,cell,cell
g157194,g165733,cell,cell
g157194,g165705,cell,cell
g157194,g165676,cell,cell
g157194,g165647,cell,cell
g157194,g165593,cell,cell
g157194,g165532,cell,cell
g157194,g165503,cell,cell
g157194,g165474,cell,cell
g157194,g165444,cell,cell
g157194,g165414,cell,cell
g157194,g165385,cell,cell
g157194,g165356,cell,cell
g159903,g198257,cell,cell
fopt185394,g216461,cell,cell
fopt185394,g212601,cell,cell
fopt185394,g198599,cell,cell
fopt185394,g182412,cell,cell
fopt185394,g179692,cell,cell
fopt185394,g178803,cell,cell
fopt185394,g169553,cell,cell
fopt185394,g166774,cell,cell
fopt185394,g165899,cell,cell
fopt185394,g165897,cell,cell
fopt185394,g165895,cell,cell
fopt185394,g165889,cell,cell
fopt185394,g165887,cell,cell
drc_bufs164405,g183969,cell,cell
drc_bufs164405,drc_bufs164601,cell,cell
g159915,g212105,cell,cell
g159915,g193622,cell,cell
g159915,g191487,cell,cell
g159915,g188414,cell,cell
g159915,g172898,cell,cell
g159915,g172542,cell,cell
g159915,g172208,cell,cell
g159915,g172207,cell,cell
g159915,g172206,cell,cell
g159915,g172202,cell,cell
g159915,g159913,cell,cell
g159915,g156976,cell,cell
fopt185483,g216463,cell,cell
fopt185483,g212602,cell,cell
fopt185483,g197673,cell,cell
fopt185483,g179696,cell,cell
fopt185483,g178807,cell,cell
fopt185483,g178750,cell,cell
fopt185483,g170754,cell,cell
fopt185483,g165872,cell,cell
fopt185483,g165870,cell,cell
fopt185483,g165868,cell,cell
fopt185483,g165864,cell,cell
fopt185483,g165860,cell,cell
g159836,g193148,cell,cell
g159836,g159835,cell,cell
g185545,g30,cell,cell
g185545,g194250,cell,cell
g185545,g194249,cell,cell
g185545,g181571_dup194251,cell,cell
g185556,u7_wp_reg\[1\],cell,cell
g159662,g159661,cell,cell
g159662,g155037,cell,cell
g157196,g215499,cell,cell
g157196,g213842,cell,cell
g157196,g166532,cell,cell
g157196,g166503,cell,cell
g157196,g166287,cell,cell
g157196,g166263,cell,cell
g157196,g166118,cell,cell
g157196,g166092,cell,cell
g157196,g166068,cell,cell
g157196,g166042,cell,cell
g157196,g165993,cell,cell
g157196,g165966,cell,cell
g157196,g165936,cell,cell
g157196,g165884,cell,cell
g157196,g165857,cell,cell
g157196,g165839,cell,cell
g157196,g165812,cell,cell
g157196,g165789,cell,cell
g157196,g165761,cell,cell
g157196,g165732,cell,cell
g157196,g165704,cell,cell
g157196,g165675,cell,cell
g157196,g165646,cell,cell
g157196,g165587,cell,cell
g157196,g165559,cell,cell
g157196,g165531,cell,cell
g157196,g165502,cell,cell
g157196,g165473,cell,cell
g157196,g165443,cell,cell
g157196,g165413,cell,cell
g157196,g165384,cell,cell
g157196,g165355,cell,cell
fopt185622,g200148,cell,cell
fopt185622,g178801,cell,cell
fopt185622,g178266,cell,cell
fopt185622,g166531,cell,cell
fopt185622,g166529,cell,cell
fopt185622,g166528,cell,cell
fopt185622,g155827,cell,cell
fopt185622,g155631,cell,cell
g160018,g172193,cell,cell
g160018,g159374,cell,cell
g185961,g209219,cell,cell
g185962,g22,cell,cell
g185962,g209219,cell,cell
g185962,g198065,cell,cell
g185962,g196916,cell,cell
g185962,g189142,cell,cell
g185962,g184861,cell,cell
g185962,g179532,cell,cell
g185962,g178425,cell,cell
g186001,g216677,cell,cell
g186001,g216676,cell,cell
g156903,g213847,cell,cell
g156903,g167890,cell,cell
g156903,g167889,cell,cell
g156903,g167888,cell,cell
g156903,g167887,cell,cell
g156903,g167882,cell,cell
g156903,g167880,cell,cell
g156903,g167877,cell,cell
g156903,g167875,cell,cell
g156903,g167866,cell,cell
g156903,g167865,cell,cell
g156903,g167864,cell,cell
g156903,g167863,cell,cell
g156903,g167861,cell,cell
g156903,g167860,cell,cell
g156903,g167858,cell,cell
g186009,g186013,cell,cell
g186009,g186011,cell,cell
g186009,g182759,cell,cell
g186011,g215500,cell,cell
g186011,g213849,cell,cell
g186011,g186042,cell,cell
g186011,g186041,cell,cell
g186011,g186040,cell,cell
g186011,g186039,cell,cell
g186011,g186038,cell,cell
g186011,g186037,cell,cell
g186011,g186036,cell,cell
g186011,g186034,cell,cell
g186011,g186033,cell,cell
g186011,g186032,cell,cell
g186011,g186031,cell,cell
g186011,g186030,cell,cell
g186011,g186029,cell,cell
g186011,g186010,cell,cell
g186010,u4_mem_reg\[0\]\[24\],cell,cell
g186013,g213866,cell,cell
g186013,g186028,cell,cell
g186013,g186027,cell,cell
g186013,g186026,cell,cell
g186013,g186025,cell,cell
g186013,g186023,cell,cell
g186013,g186022,cell,cell
g186013,g186021,cell,cell
g186013,g186020,cell,cell
g186013,g186019,cell,cell
g186013,g186018,cell,cell
g186013,g186017,cell,cell
g186013,g186016,cell,cell
g186013,g186015,cell,cell
g186013,g186014,cell,cell
g186013,g186012,cell,cell
g186012,u4_mem_reg\[0\]\[18\],cell,cell
g186014,u4_mem_reg\[0\]\[13\],cell,cell
g186015,u4_mem_reg\[0\]\[2\],cell,cell
g186016,u4_mem_reg\[0\]\[14\],cell,cell
g186017,u4_mem_reg\[0\]\[23\],cell,cell
g186018,u4_mem_reg\[0\]\[20\],cell,cell
g186019,u4_mem_reg\[0\]\[17\],cell,cell
g186020,u4_mem_reg\[0\]\[16\],cell,cell
g186021,u4_mem_reg\[0\]\[12\],cell,cell
g186022,u4_mem_reg\[0\]\[11\],cell,cell
g186023,u4_mem_reg\[0\]\[9\],cell,cell
g186025,u4_mem_reg\[0\]\[8\],cell,cell
g186026,u4_mem_reg\[0\]\[3\],cell,cell
g186027,u4_mem_reg\[0\]\[7\],cell,cell
g186028,u4_mem_reg\[0\]\[15\],cell,cell
g186029,u4_mem_reg\[0\]\[30\],cell,cell
g186030,u4_mem_reg\[0\]\[27\],cell,cell
g186031,u4_mem_reg\[0\]\[26\],cell,cell
g186032,u4_mem_reg\[0\]\[25\],cell,cell
g186033,u4_mem_reg\[0\]\[28\],cell,cell
g186034,u4_mem_reg\[0\]\[31\],cell,cell
g186036,u4_mem_reg\[0\]\[21\],cell,cell
g186037,u4_mem_reg\[0\]\[19\],cell,cell
g186038,u4_mem_reg\[0\]\[5\],cell,cell
g186039,u4_mem_reg\[0\]\[0\],cell,cell
g186040,u4_mem_reg\[0\]\[1\],cell,cell
g186041,u4_mem_reg\[0\]\[29\],cell,cell
g186042,u4_mem_reg\[0\]\[6\],cell,cell
g186105,g200142,cell,cell
g186105,g193854,cell,cell
g186105,g188519,cell,cell
g186105,g186110,cell,cell
g186105,g186107,cell,cell
g186105,g186104,cell,cell
g186104,g215510,cell,cell
g186104,g169206,cell,cell
g186104,g155745,cell,cell
g186104,g155744,cell,cell
g186104,g155742,cell,cell
g186104,g155741,cell,cell
g186104,g155740,cell,cell
g186104,g155738,cell,cell
g186104,g155737,cell,cell
g186104,g155736,cell,cell
g186104,g155735,cell,cell
g186104,g155734,cell,cell
g186104,g155733,cell,cell
g186104,g155732,cell,cell
g186104,g155575,cell,cell
g186107,g69,cell,cell
g186107,g178797,cell,cell
g186107,g176041_dup,cell,cell
g186110,g178814,cell,cell
g186110,g178813,cell,cell
g186110,g178812,cell,cell
g186110,g178811,cell,cell
g186110,g178810,cell,cell
g186110,g178809,cell,cell
g186110,g178808,cell,cell
g186110,g178807,cell,cell
g186110,g178806,cell,cell
g186110,g178805,cell,cell
g186110,g178804,cell,cell
g186110,g178803,cell,cell
g186110,g178802,cell,cell
g186110,g178801,cell,cell
g186110,g178800,cell,cell
g186110,g178796,cell,cell
g186110,g166841,cell,cell
fopt186117,g52,cell,cell
fopt186117,g218106,cell,cell
g186118,g196697,cell,cell
g186120,g196789,cell,cell
g186121,g184610,cell,cell
g186122,g157947,cell,cell
g186123,g157899,cell,cell
g186124,g200241,cell,cell
g186125,g213425,cell,cell
g186125,g213424,cell,cell
g186126,g158227,cell,cell
g186129,g154318__186128,cell,cell
g154318__186128,g153972__182369,cell,cell
g156902,g214946,cell,cell
g156902,g213863,cell,cell
g156902,g167886,cell,cell
g156902,g167884,cell,cell
g156902,g167883,cell,cell
g156902,g167879,cell,cell
g156902,g167878,cell,cell
g156902,g167876,cell,cell
g156902,g167874,cell,cell
g156902,g167873,cell,cell
g156902,g167872,cell,cell
g156902,g167870,cell,cell
g156902,g167869,cell,cell
g156902,g167868,cell,cell
g156902,g167867,cell,cell
g156902,g167862,cell,cell
g159594,g178217,cell,cell
g159594,g175814,cell,cell
g159594,g175810,cell,cell
g159504,g157559,cell,cell
g159702,g178199,cell,cell
g159702,g159700,cell,cell
g159702,g153395__175376,cell,cell
g186370,g186369,cell,cell
g186369,g188065,cell,cell
g186388,g188887,cell,cell
g186388,g188886,cell,cell
g186389,g188887,cell,cell
g186389,g188886,cell,cell
g186390,g157137,cell,cell
g156894,g213862,cell,cell
g156894,g213837,cell,cell
g156894,g166270,cell,cell
g156894,g166071,cell,cell
g156894,g166043,cell,cell
g156894,g165940,cell,cell
g156894,g165779,cell,cell
g156894,g165752,cell,cell
g156894,g165725,cell,cell
g156894,g165667,cell,cell
g156894,g165638,cell,cell
g156894,g165574,cell,cell
g156894,g165522,cell,cell
g156894,g165493,cell,cell
g156894,g165405,cell,cell
g156894,g165375,cell,cell
g186474,g310,cell,cell
g186474,g171453,cell,cell
g186474,g157727,cell,cell
g156896,g215503,cell,cell
g156896,g213862,cell,cell
g156896,g213837,cell,cell
g156896,g166538,cell,cell
g156896,g166512,cell,cell
g156896,g166290,cell,cell
g156896,g166270,cell,cell
g156896,g166122,cell,cell
g156896,g166096,cell,cell
g156896,g166071,cell,cell
g156896,g166043,cell,cell
g156896,g165996,cell,cell
g156896,g165969,cell,cell
g156896,g165940,cell,cell
g156896,g165887,cell,cell
g156896,g165860,cell,cell
g156896,g165832,cell,cell
g156896,g165805,cell,cell
g156896,g165779,cell,cell
g156896,g165752,cell,cell
g156896,g165725,cell,cell
g156896,g165690,cell,cell
g156896,g165667,cell,cell
g156896,g165638,cell,cell
g156896,g165574,cell,cell
g156896,g165522,cell,cell
g156896,g165493,cell,cell
g156896,g165465,cell,cell
g156896,g165435,cell,cell
g156896,g165405,cell,cell
g156896,g165375,cell,cell
g156896,g165346,cell,cell
g186487,g171451,cell,cell
g186487,g157709,cell,cell
g186487,g157493,cell,cell
g186516,g186515,cell,cell
g186516,g167562,cell,cell
g186516,g155529,cell,cell
g186515,g198416,cell,cell
g186515,g180356,cell,cell
g186515,g153764__169153,cell,cell
g156895,g215503,cell,cell
g156895,g166538,cell,cell
g156895,g166512,cell,cell
g156895,g166290,cell,cell
g156895,g166122,cell,cell
g156895,g166096,cell,cell
g156895,g165996,cell,cell
g156895,g165969,cell,cell
g156895,g165887,cell,cell
g156895,g165860,cell,cell
g156895,g165832,cell,cell
g156895,g165805,cell,cell
g156895,g165690,cell,cell
g156895,g165465,cell,cell
g156895,g165435,cell,cell
g156895,g165346,cell,cell
g186599,g186598,cell,cell
g186598,u10_din_tmp1_reg\[8\],cell,cell
g186614,g186613,cell,cell
g186613,u10_din_tmp1_reg\[12\],cell,cell
g186649,g186648,cell,cell
g186648,u10_din_tmp1_reg\[11\],cell,cell
g186656,g186831,cell,cell
g186656,g186830,cell,cell
g186656,g186657,cell,cell
g186656,g186648,cell,cell
g186656,g186613,cell,cell
g186656,g186598,cell,cell
g186656,g182877,cell,cell
g186656,g182873,cell,cell
g186656,g182871,cell,cell
g186656,g182869,cell,cell
g186656,g182867,cell,cell
g186656,g182865,cell,cell
g186656,g182861,cell,cell
g186656,g182859,cell,cell
g186656,g182853,cell,cell
g186656,g182851,cell,cell
g186656,g182844,cell,cell
g186658,g186657,cell,cell
g186657,u10_din_tmp1_reg\[6\],cell,cell
g186670,g186669,cell,cell
g186669,g188727,cell,cell
g186669,g157098,cell,cell
g186669,g154342__5526,cell,cell
g186669,g154108__4733,cell,cell
g186702,g224524,cell,cell
g186702,g224523,cell,cell
g186702,g213702,cell,cell
g186702,g206953,cell,cell
g186703,g224572,cell,cell
g186703,g206952,cell,cell
g186708,g182616,cell,cell
g186708,g153975__213703,cell,cell
g186709,g153891__176455,cell,cell
g186710,g186713,cell,cell
g186710,g158530,cell,cell
g186710,g158474,cell,cell
g186713,g154419__186712,cell,cell
g154419__186712,u11_din_tmp1_reg\[1\],cell,cell
g186714,g196187,cell,cell
g186714,g186717,cell,cell
g186714,g179828,cell,cell
g186714,g158474,cell,cell
g186717,g154421__186716,cell,cell
g154421__186716,u11_din_tmp1_reg\[3\],cell,cell
g186718,g186721,cell,cell
g186718,g179062,cell,cell
g186718,g178340,cell,cell
g186718,g172190,cell,cell
g186721,g154406__186720,cell,cell
g154406__186720,u9_din_tmp1_reg\[4\],cell,cell
g186722,g186725,cell,cell
g186722,g172189,cell,cell
g186722,g172187,cell,cell
g186722,g158926,cell,cell
g186725,g154411__186724,cell,cell
g154411__186724,u9_din_tmp1_reg\[9\],cell,cell
g186729,g154412__186728,cell,cell
g154412__186728,u9_din_tmp1_reg\[10\],cell,cell
g186730,g186733,cell,cell
g186730,g172192,cell,cell
g186730,g172189,cell,cell
g186730,g158915,cell,cell
g186733,g154413__186732,cell,cell
g154413__186732,u9_din_tmp1_reg\[11\],cell,cell
g186734,g186737,cell,cell
g186734,g179066,cell,cell
g186734,g172192,cell,cell
g186735,g186737,cell,cell
g186735,g186733,cell,cell
g186735,g186729,cell,cell
g186735,g186725,cell,cell
g186735,g186721,cell,cell
g186735,g182548,cell,cell
g186735,g182546,cell,cell
g186735,g182544,cell,cell
g186735,g182540,cell,cell
g186735,g182538,cell,cell
g186735,g182536,cell,cell
g186735,g182534,cell,cell
g186735,g182524,cell,cell
g186735,g182522,cell,cell
g186735,g182520,cell,cell
g186735,g182517,cell,cell
g186735,g154417__182521,cell,cell
g186735,g154416__182523,cell,cell
g186735,g154415__186736,cell,cell
g186735,g154414__182547,cell,cell
g186735,g154413__186732,cell,cell
g186735,g154412__186728,cell,cell
g186735,g154411__186724,cell,cell
g186735,g154410__182533,cell,cell
g186735,g154409__182535,cell,cell
g186735,g154408__182537,cell,cell
g186735,g154407__182539,cell,cell
g186735,g154406__186720,cell,cell
g186735,g154405__182519,cell,cell
g186735,g154404__182514,cell,cell
g186735,g154403__182545,cell,cell
g186735,g154402__182543,cell,cell
g186737,g154415__186736,cell,cell
g154415__186736,u9_din_tmp1_reg\[13\],cell,cell
g267,g265,cell,cell
g267,g182901,cell,cell
g267,g182899,cell,cell
g266,g265,cell,cell
g266,g182901,cell,cell
g266,g182899,cell,cell
g265,g181964,cell,cell
g156906,g213851,cell,cell
g156906,g213840,cell,cell
g156906,g166533,cell,cell
g156906,g166516,cell,cell
g156906,g166285,cell,cell
g156906,g166265,cell,cell
g156906,g166009,cell,cell
g156906,g165899,cell,cell
g156906,g165872,cell,cell
g156906,g165795,cell,cell
g156906,g165702,cell,cell
g156906,g165681,cell,cell
g156906,g165652,cell,cell
g156906,g165529,cell,cell
g156906,g165419,cell,cell
g156906,g165390,cell,cell
g186753,g186757,cell,cell
g186753,g186755,cell,cell
g186753,g166494,cell,cell
g186755,g186760,cell,cell
g186755,g186759,cell,cell
g186755,g186758,cell,cell
g186755,g186754,cell,cell
g186754,g176896,cell,cell
g186754,g173212,cell,cell
g186757,g186762,cell,cell
g186757,g186761,cell,cell
g186757,g186756,cell,cell
g186756,u17_int_set_reg\[0\],cell,cell
g186758,g188937,cell,cell
g186759,g216899,cell,cell
g186760,g184605,cell,cell
g156908,g213851,cell,cell
g156908,g166533,cell,cell
g156908,g166516,cell,cell
g156908,g166138,cell,cell
g156908,g166112,cell,cell
g156908,g166086,cell,cell
g156908,g165956,cell,cell
g156908,g165899,cell,cell
g156908,g165872,cell,cell
g156908,g165818,cell,cell
g156908,g165795,cell,cell
g156908,g165767,cell,cell
g156908,g165738,cell,cell
g156908,g165652,cell,cell
g156908,g165471,cell,cell
g156908,g165390,cell,cell
g186761,g177886,cell,cell
g186761,g159852,cell,cell
g186761,g156163,cell,cell
g186762,g178099,cell,cell
g186762,g175822,cell,cell
g186762,g154770,cell,cell
g186762,fopt2363,cell,cell
g156907,g215495,cell,cell
g156907,g166138,cell,cell
g156907,g166112,cell,cell
g156907,g166086,cell,cell
g156907,g166060,cell,cell
g156907,g165982,cell,cell
g156907,g165956,cell,cell
g156907,g165845,cell,cell
g156907,g165818,cell,cell
g156907,g165767,cell,cell
g156907,g165738,cell,cell
g156907,g165592,cell,cell
g156907,g165500,cell,cell
g156907,g165471,cell,cell
g156907,g165441,cell,cell
g156907,g165354,cell,cell
g156909,g215495,cell,cell
g156909,g213840,cell,cell
g156909,g166285,cell,cell
g156909,g166265,cell,cell
g156909,g166060,cell,cell
g156909,g166009,cell,cell
g156909,g165982,cell,cell
g156909,g165845,cell,cell
g156909,g165702,cell,cell
g156909,g165681,cell,cell
g156909,g165592,cell,cell
g156909,g165529,cell,cell
g156909,g165500,cell,cell
g156909,g165441,cell,cell
g156909,g165419,cell,cell
g156909,g165354,cell,cell
g186831,g186830,cell,cell
g186830,u10_din_tmp1_reg\[0\],cell,cell
g186850,g186849,cell,cell
g186849,u4_dout_reg\[18\],cell,cell
g186857,g186856,cell,cell
g186856,g176215,cell,cell
g186856,g157726,cell,cell
g186856,g157649,cell,cell
g186861,g186860,cell,cell
g186860,g157078,cell,cell
g186860,g157028,cell,cell
g186860,g154343__4319,cell,cell
g186860,g154341__1617,cell,cell
g159183,g196651,cell,cell
g159183,g186516,cell,cell
g159183,g169148,cell,cell
g159177,g159085,cell,cell
g159177,g158902,cell,cell
g187014,g189100,cell,cell
g187014,g187013,cell,cell
g187014,g154329__9945,cell,cell
g187013,g153633__188954,cell,cell
g187152,g216478,cell,cell
g187152,g202299,cell,cell
g187152,g200165,cell,cell
g187152,g186014,cell,cell
g187152,g179676,cell,cell
g187152,g172326,cell,cell
g187152,g172175,cell,cell
g187152,g168483,cell,cell
g187152,g167869,cell,cell
g187152,g166568,cell,cell
g187152,g165737,cell,cell
g187152,g165733,cell,cell
g187152,g165727,cell,cell
g187152,g165725,cell,cell
g187152,g155772,cell,cell
g187152,g155740,cell,cell
g187220,g154145__5115,cell,cell
g187220,g154133__198344,cell,cell
g187220,g153956__7482,cell,cell
g187220,g153920__187221,cell,cell
g187222,g178423,cell,cell
g187222,g153928__178428,cell,cell
g187222,g153926__178427,cell,cell
g187222,g153924__178430,cell,cell
g187222,g153921__178429,cell,cell
g187222,g153920__187221,cell,cell
g187222,g153917__178432,cell,cell
g187222,g153784__178433,cell,cell
g187222,g153783__178434,cell,cell
g187222,g153782__178435,cell,cell
g187222,g153781__178436,cell,cell
g187222,g153780__178437,cell,cell
g187222,g153779__178438,cell,cell
g187222,g153778__178439,cell,cell
g187222,g153776__178440,cell,cell
g187222,g153775__178441,cell,cell
g153920__187221,u10_mem_reg\[3\]\[23\],cell,cell
g187310,g209205,cell,cell
g187310,g182414,cell,cell
g187478,g187477,cell,cell
g187479,g187477,cell,cell
g187477,g209803,cell,cell
g187477,g187476,cell,cell
g187477,g154087__198359,cell,cell
g187477,g153986__5115,cell,cell
g187476,u10_mem_reg\[3\]\[3\],cell,cell
g187485,g187484,cell,cell
g187484,u25_int_set_reg\[2\],cell,cell
g187491,g212202,cell,cell
g187491,g180432,cell,cell
g187491,g157732,cell,cell
g187520,g216474,cell,cell
g187520,g202304,cell,cell
g187520,g200166,cell,cell
g187520,g186031,cell,cell
g187520,g179695,cell,cell
g187520,g173519,cell,cell
g187520,g170689,cell,cell
g187520,g167897,cell,cell
g187520,g166111,cell,cell
g187520,g166099,cell,cell
g187520,g166092,cell,cell
g187539,g187543,cell,cell
g187539,g187538,cell,cell
g187539,g178143,cell,cell
g187539,g169019,cell,cell
g187538,g187541,cell,cell
g187538,g180065,cell,cell
g187538,g180064,cell,cell
g187538,g180062,cell,cell
g187541,g187550,cell,cell
g187541,g187549,cell,cell
g187541,g187548,cell,cell
g187541,g187547,cell,cell
g187541,g187540,cell,cell
g187540,u13_occ0_r_reg\[11\],cell,cell
g187543,g212241,cell,cell
g187543,g200568,cell,cell
g187543,g187544,cell,cell
g187543,g187542,cell,cell
g187542,g1300,cell,cell
g187544,g183255,cell,cell
g187544,g1287,cell,cell
g187547,g157137,cell,cell
g187548,g181575,cell,cell
g187549,g180714,cell,cell
g187550,g490,cell,cell
g187553,g91,cell,cell
g91,g156712,cell,cell
g187623,g194374,cell,cell
g187623,g158000,cell,cell
g187653,g172165,cell,cell
g187653,g167919,cell,cell
g187653,g166719,cell,cell
g187654,g166719,cell,cell
g159478,g167910,cell,cell
g187709,g8,cell,cell
g187709,g207116,cell,cell
g187709,g187708,cell,cell
g187709,g186389,cell,cell
g187709,g184511,cell,cell
g187709,g182658,cell,cell
g187709,g181532,cell,cell
g187709,g180508,cell,cell
g187709,g176906,cell,cell
g187709,g173028,cell,cell
g187709,g172216,cell,cell
g187709,g169026,cell,cell
g187709,g168955,cell,cell
g187709,g158803,cell,cell
g187709,g158784,cell,cell
g187709,g158775,cell,cell
g187709,g158771,cell,cell
g187709,g158760,cell,cell
g187709,g158753,cell,cell
g187709,g158738,cell,cell
g187709,g158734,cell,cell
g187709,g158728,cell,cell
g187709,g158576,cell,cell
g187708,g169265,cell,cell
g187711,u12_re2_reg,cell,cell
g187712,g179534,cell,cell
g187714,g187713,cell,cell
g187713,u12_re1_reg,cell,cell
fopt187722,g190188,cell,cell
fopt187722,g188080,cell,cell
fopt187722,g188079,cell,cell
fopt187722,g157118,cell,cell
fopt187722,g152442__1617,cell,cell
g187727,g187726,cell,cell
g187726,u13_occ1_r_reg\[9\],cell,cell
g187725,g184489,cell,cell
g187728,g166614,cell,cell
g159521,g186369,cell,cell
g159521,g167922,cell,cell
g187960,g198302,cell,cell
g187960,g187963,cell,cell
g187960,g186009,cell,cell
g187963,g212590,cell,cell
g187963,g187966,cell,cell
g187963,g156762_dup187968,cell,cell
g187963,g156762_dup166760_dup187969,cell,cell
g187963,g156762_dup165229_dup187967,cell,cell
g187966,g215507,cell,cell
g187966,g197726,cell,cell
g187966,g197661,cell,cell
g187966,g197605,cell,cell
g187966,g155776,cell,cell
g187966,g155775,cell,cell
g187966,g155774,cell,cell
g187966,g155773,cell,cell
g187966,g155772,cell,cell
g187966,g155771,cell,cell
g187966,g155770,cell,cell
g187966,g155768,cell,cell
g187966,g155767,cell,cell
g187966,g155762,cell,cell
g187966,g155761,cell,cell
g187966,g155760,cell,cell
g187966,g155759,cell,cell
g156762_dup165229_dup187967,g197673,cell,cell
g156762_dup165229_dup187967,g166777,cell,cell
g156762_dup165229_dup187967,g166776,cell,cell
g156762_dup165229_dup187967,g166774,cell,cell
g156762_dup165229_dup187967,g166773,cell,cell
g156762_dup165229_dup187967,g166772,cell,cell
g156762_dup165229_dup187967,g166771,cell,cell
g156762_dup165229_dup187967,g166770,cell,cell
g156762_dup165229_dup187967,g166769,cell,cell
g156762_dup187968,g54,cell,cell
g156762_dup187968,g192333,cell,cell
g156762_dup187968,g179390,cell,cell
g156762_dup187968,g179388,cell,cell
g156762_dup187968,g179385,cell,cell
g156762_dup166760_dup187969,g53,cell,cell
g156762_dup166760_dup187969,g197727,cell,cell
g156762_dup166760_dup187969,g183188,cell,cell
g156762_dup166760_dup187969,g183172,cell,cell
g159534,g167909,cell,cell
g188043,g456,cell,cell
g188043,g188049,cell,cell
g188043,g188048,cell,cell
g188043,g188047,cell,cell
g188043,g188046,cell,cell
g188043,g188044,cell,cell
g188043,g188042,cell,cell
g188042,g8,cell,cell
g188042,g217564,cell,cell
g188042,g177160,cell,cell
g188042,g177159,cell,cell
g188042,g172216,cell,cell
g188042,g159071,cell,cell
g188042,g159070,cell,cell
g188044,g185120,cell,cell
g188046,g177869,cell,cell
g188046,g158969,cell,cell
g188046,g158156,cell,cell
g188046,g158154,cell,cell
g188046,g158152,cell,cell
g188047,g154171__185111,cell,cell
g188048,g153611__185128,cell,cell
g188049,g185119,cell,cell
fopt188056,g224524,cell,cell
fopt188056,g224522,cell,cell
fopt188056,g216675,cell,cell
fopt188056,g210670,cell,cell
fopt188056,g206952,cell,cell
fopt188056,g202203,cell,cell
fopt188056,g193857,cell,cell
fopt188056,g179660,cell,cell
fopt188056,g179657,cell,cell
fopt188056,g175440,cell,cell
g188058,g168986,cell,cell
g188060,u17_int_set_reg\[1\],cell,cell
g188061,g168986,cell,cell
g188063,u14_u5_en_out_l2_reg,cell,cell
g188065,u14_u1_en_out_l_reg,cell,cell
fopt188067,g188090,cell,cell
fopt188067,g188089,cell,cell
fopt188067,g188085,cell,cell
fopt188067,g188074,cell,cell
fopt188067,g188069,cell,cell
fopt188067,g188066,cell,cell
g188066,u14_u2_full_empty_r_reg,cell,cell
g188068,u14_u3_en_out_l_reg,cell,cell
g188069,u14_u1_full_empty_r_reg,cell,cell
fopt188071,u15_valid_r_reg,cell,cell
fopt188071,g188070,cell,cell
fopt188071,g153627__169861,cell,cell
g188070,u14_u3_full_empty_r_reg,cell,cell
g188072,u15_rdd1_reg,cell,cell
g188073,u15_crac_rd_done_reg,cell,cell
g188074,u14_u5_full_empty_r_reg,cell,cell
g188077,u14_u1_en_out_l2_reg,cell,cell
g188077,g197059,cell,cell
g188078,u15_rdd3_reg,cell,cell
g188079,u21_int_set_reg\[1\],cell,cell
g188080,u14_u4_en_out_l2_reg,cell,cell
g188082,u14_u3_en_out_l2_reg,cell,cell
g188084,g188937,cell,cell
g188085,u14_crac_wr_r_reg,cell,cell
g188086,u14_u2_en_out_l_reg,cell,cell
g188087,u20_int_set_reg\[1\],cell,cell
g188088,u19_int_set_reg\[1\],cell,cell
g188089,u14_u4_full_empty_r_reg,cell,cell
g188090,u14_u0_full_empty_r_reg,cell,cell
g188091,u14_u0_en_out_l2_reg,cell,cell
g188094,g157676,cell,cell
g188094,g153830__205422,cell,cell
g159549,g157465,cell,cell
g155838,u3_mem_reg\[1\]\[1\],cell,cell
g188211,g213707,cell,cell
fopt188226,g75,cell,cell
g188258,g188261,cell,cell
g188258,g171192,cell,cell
g188258,g158910,cell,cell
g188258,g158521,cell,cell
g155546_dup188259,g188261,cell,cell
g155546_dup188259,g186717,cell,cell
g155546_dup188259,g186713,cell,cell
g155546_dup188259,g182166,cell,cell
g155546_dup188259,g182164,cell,cell
g155546_dup188259,g182162,cell,cell
g155546_dup188259,g182160,cell,cell
g155546_dup188259,g182158,cell,cell
g155546_dup188259,g182156,cell,cell
g155546_dup188259,g182154,cell,cell
g155546_dup188259,g182152,cell,cell
g155546_dup188259,g182148,cell,cell
g155546_dup188259,g182142,cell,cell
g155546_dup188259,g182140,cell,cell
g155546_dup188259,g182135,cell,cell
g155546_dup188259,g154313__182139,cell,cell
g188261,g154369__188260,cell,cell
g154369__188260,u11_din_tmp1_reg\[7\],cell,cell
g159002,g57,cell,cell
g155828,u5_mem_reg\[1\]\[1\],cell,cell
g188330,g519,cell,cell
g188330,g188332,cell,cell
g188330,g188331,cell,cell
g188330,g182911,cell,cell
g188330,g153639__182909,cell,cell
g188330,g153635__188335,cell,cell
g188330,g153634__188333,cell,cell
g188330,g153607__179418,cell,cell
g188331,g121,cell,cell
g188332,g179301,cell,cell
g153634__188333,u6_dout_reg\[10\],cell,cell
g153635__188335,u6_dout_reg\[11\],cell,cell
g155827,u5_mem_reg\[1\]\[0\],cell,cell
g188350,g188349,cell,cell
g188349,g157687,cell,cell
g188349,g153764__169153,cell,cell
g188352,fopt2,cell,cell
g153773__188371,u10_mem_reg\[3\]\[7\],cell,cell
g188414,g213136,cell,cell
g188460,g188957,cell,cell
g188460,g157694,cell,cell
g188460,g122,cell,cell
g188463,g223687,cell,cell
g188463,g200560,cell,cell
g188463,g194374,cell,cell
g188463,g192383,cell,cell
g188463,g188466,cell,cell
g188463,g177280,cell,cell
g188463,g168951,cell,cell
g188463,g157577,cell,cell
g188463,g157575,cell,cell
g188463,g157569,cell,cell
g188463,g157567,cell,cell
g188463,g157318,cell,cell
g188463,g157317,cell,cell
g188463,g157285,cell,cell
g188466,g188465,cell,cell
g188465,g153655__8246,cell,cell
g188517,g194246,cell,cell
g188517,g188518,cell,cell
g188519,g188518,cell,cell
g188520,g188518,cell,cell
g188518,g194246,cell,cell
g159612,g173004,cell,cell
g159612,g158297,cell,cell
g188525,g180001,cell,cell
g188533,g153883__196657,cell,cell
g188533,g153764__169153,cell,cell
g188533,fopt169158,cell,cell
g188542,g212384,cell,cell
g188542,g212383,cell,cell
g188567,g91,cell,cell
g188672,g157082,cell,cell
g188676,g154328__2883,cell,cell
g188677,g199221,cell,cell
g188677,g154326__1666,cell,cell
g159309,g156969,cell,cell
g188727,g153601__193160,cell,cell
g159306,g156971,cell,cell
g188804,g188803,cell,cell
g188803,g193971,cell,cell
g188803,g193969,cell,cell
g188803,g157454,cell,cell
g155776,u4_mem_reg\[3\]\[17\],cell,cell
fopt182304_dup188806,g210417,cell,cell
fopt182304_dup188806,g154141__198362,cell,cell
fopt182304_dup188806,g154140__198346,cell,cell
fopt182304_dup188806,g154136__198361,cell,cell
fopt182304_dup188806,g154133__198344,cell,cell
fopt182304_dup188806,g154132__198345,cell,cell
fopt182304_dup188806,g154131__198347,cell,cell
fopt182304_dup188806,g154104__198357,cell,cell
fopt182304_dup188806,g154103__198365,cell,cell
fopt182304_dup188806,g154100__198368,cell,cell
fopt182304_dup188806,g154099__198356,cell,cell
fopt182304_dup188806,g154097__198367,cell,cell
fopt182304_dup188806,g154095__198358,cell,cell
fopt182304_dup188806,g154094__198366,cell,cell
fopt182304_dup188806,g154091__198355,cell,cell
fopt182304_dup188806,g154089__198371,cell,cell
fopt182304_dup188806,g154087__198359,cell,cell
fopt188811,g198372,cell,cell
fopt188811,g198369,cell,cell
fopt188811,g198066,cell,cell
fopt188811,g154139__198340,cell,cell
fopt188811,g154138__198364,cell,cell
fopt188811,g154137__198363,cell,cell
fopt188811,g154135__198360,cell,cell
fopt188811,g154130__198343,cell,cell
fopt188811,g154102__198352,cell,cell
fopt188811,g154101__198351,cell,cell
fopt188811,g154096__198353,cell,cell
fopt188811,g154093__198350,cell,cell
fopt188811,g154092__198348,cell,cell
fopt188811,g154088__198370,cell,cell
fopt188811,g154085__198354,cell,cell
g155775,u4_mem_reg\[3\]\[16\],cell,cell
g155774,u4_mem_reg\[3\]\[15\],cell,cell
g159423,g158154,cell,cell
g159301,g202203,cell,cell
g155773,u4_mem_reg\[3\]\[14\],cell,cell
g155772,u4_mem_reg\[3\]\[13\],cell,cell
g155771,u4_mem_reg\[3\]\[12\],cell,cell
g155770,u4_mem_reg\[3\]\[11\],cell,cell
g188886,g183255,cell,cell
g188886,g169963,cell,cell
g188886,g1287,cell,cell
g188887,g186390,cell,cell
g155745,u7_mem_reg\[3\]\[18\],cell,cell
g155744,u7_mem_reg\[3\]\[17\],cell,cell
g188938,g188937,cell,cell
g188937,u14_u0_en_out_l_reg,cell,cell
g155742,u7_mem_reg\[3\]\[15\],cell,cell
g155741,u7_mem_reg\[3\]\[14\],cell,cell
g188953,g188955,cell,cell
g188953,g187013,cell,cell
g188956,g188955,cell,cell
g188957,g188955,cell,cell
g188958,g188955,cell,cell
g155740,u7_mem_reg\[3\]\[13\],cell,cell
g188955,g153633__188954,cell,cell
g153633__188954,u6_dout_reg\[9\],cell,cell
fopt188959,g178060,cell,cell
g155738,u7_mem_reg\[3\]\[11\],cell,cell
g155737,u7_mem_reg\[3\]\[10\],cell,cell
g155736,u7_mem_reg\[3\]\[9\],cell,cell
g155735,u7_mem_reg\[3\]\[8\],cell,cell
g155734,u7_mem_reg\[3\]\[7\],cell,cell
g189005,g32,cell,cell
g189005,g219106,cell,cell
g189005,g212378,cell,cell
g189005,g202359,cell,cell
g189005,g202329,cell,cell
g189005,g192278,cell,cell
g189005,g176460,cell,cell
g189005,g171445,cell,cell
g189005,g157454,cell,cell
g189005,g157433,cell,cell
g189005,g114,cell,cell
g155733,u7_mem_reg\[3\]\[6\],cell,cell
g155732,u7_mem_reg\[3\]\[5\],cell,cell
g66,g184517,cell,cell
g66,g153975__213703,cell,cell
fopt189096,g189095,cell,cell
g189095,g189097,cell,cell
g189095,g189094,cell,cell
g189094,g224741,cell,cell
g189094,g224740,cell,cell
g189094,g198582,cell,cell
g189094,g189099,cell,cell
g189094,g172283,cell,cell
g189097,g154849,cell,cell
g189099,g199221,cell,cell
g189099,g189103,cell,cell
g189099,g189101,cell,cell
g189099,g189100,cell,cell
g189099,g189098,cell,cell
g189098,g173014,cell,cell
g189100,g182911,cell,cell
g189101,g179298,cell,cell
g189103,g519,cell,cell
g189110,g197062,cell,cell
g189113,g176672,cell,cell
g189113,g157525,cell,cell
g189113,g157495,cell,cell
g189123,g189103,cell,cell
g189123,g154328__2883,cell,cell
g189123,g154098__181547,cell,cell
g189125,g157516,cell,cell
g189138,g189137,cell,cell
g189140,g189137,cell,cell
g189137,g196990,cell,cell
g189143,g189142,cell,cell
g189142,fopt188811,cell,cell
g189142,fopt182304_dup188806,cell,cell
g159725,g187654,cell,cell
g189209,g189208,cell,cell
g189209,g188084,cell,cell
g189209,g188065,cell,cell
g189209,g188061,cell,cell
g189209,g188060,cell,cell
g189209,g188058,cell,cell
g189212,g189211,cell,cell
g189212,g188063,cell,cell
g189212,g188061,cell,cell
g189212,g157118,cell,cell
g189212,g152444__2802,cell,cell
g189211,g189210,cell,cell
g189210,g189208,cell,cell
g189208,u22_int_set_reg\[1\],cell,cell
g59,g178044,cell,cell
g59,g167058,cell,cell
g59,g167058,cell,cell
g59,g164248,cell,cell
g59,g156119,cell,cell
g189273,g190189,cell,cell
drc_bufs189335,drc_bufs189334,cell,cell
drc_bufs189337,drc_bufs189336,cell,cell
drc_bufs189339,drc_bufs189338,cell,cell
drc_bufs189341,drc_bufs189340,cell,cell
drc_bufs189343,drc_bufs189342,cell,cell
drc_bufs189345,drc_bufs189344,cell,cell
g159768,g184751,cell,cell
g159768,g169195,cell,cell
g189476,g198305,cell,cell
g189476,g187970_dup198303,cell,cell
g189476,g172163,cell,cell
g160097,g179537,cell,cell
g166522,g212621,cell,cell
g166522,g200140,cell,cell
g166522,g191981,cell,cell
g166522,g178809,cell,cell
g166522,g169555,cell,cell
g166522,g168496,cell,cell
g166522,g166878,cell,cell
g166522,g155838,cell,cell
g166522,g155828,cell,cell
g166522,g155760,cell,cell
g166522,g155632,cell,cell
g166522,g155600,cell,cell
g189837,g213720,cell,cell
g189837,g213707,cell,cell
g189837,g189839,cell,cell
g189837,g171917_dup,cell,cell
g189839,g207000,cell,cell
g189839,g189847,cell,cell
g189839,g189845,cell,cell
g189839,g189843,cell,cell
g189839,g189842,cell,cell
g189839,g189841,cell,cell
g189839,g189840,cell,cell
g189839,g189838,cell,cell
g189839,g154000__189844,cell,cell
g189838,g164094,cell,cell
g189840,g194437,cell,cell
g189841,g175,cell,cell
g189842,g202325,cell,cell
g189843,g182616,cell,cell
g154000__189844,g153675__171918,cell,cell
g189845,g177081,cell,cell
g189847,g175,cell,cell
g171917_dup,g189855,cell,cell
g171917_dup,g154380__189848,cell,cell
g171917_dup,g154376__189849,cell,cell
g171917_dup,g154375__189850,cell,cell
g171917_dup,g154372__189851,cell,cell
g171917_dup,g154370__189852,cell,cell
g171917_dup,g153998__189854,cell,cell
g171917_dup,g153997__189853,cell,cell
g154380__189848,g153579__213705,cell,cell
g154376__189849,g164104,cell,cell
g154375__189850,g137,cell,cell
g154372__189851,g73,cell,cell
g154370__189852,g471,cell,cell
g153997__189853,g93,cell,cell
g153998__189854,g76,cell,cell
g189855,g219103,cell,cell
g155632,u5_mem_reg\[3\]\[1\],cell,cell
g155631,u5_mem_reg\[3\]\[0\],cell,cell
g159158,g184489,cell,cell
g190134,g173013,cell,cell
g190187,g2349,cell,cell
g190189,g190188,cell,cell
g190188,u14_u4_en_out_l_reg,cell,cell
g190190,g194315,cell,cell
drc_bufs190212,drc_bufs190211,cell,cell
drc_bufs190214,drc_bufs190213,cell,cell
g159157,g186369,cell,cell
drc_bufs190216,drc_bufs190215,cell,cell
g159156,g158306,cell,cell
g159379,g159011,cell,cell
g159154,g186758,cell,cell
g155600,u8_mem_reg\[3\]\[1\],cell,cell
g155591,u1_slt2_reg\[4\],cell,cell
g155584,u1_slt6_reg\[4\],cell,cell
g157348,g155580,cell,cell
g157348,g154311,cell,cell
g155580,u14_u7_full_empty_r_reg,cell,cell
g159161,g154126,cell,cell
g155567,u3_wp_reg\[1\],cell,cell
g155759,u4_mem_reg\[3\]\[0\],cell,cell
g155760,u4_mem_reg\[3\]\[1\],cell,cell
g155761,u4_mem_reg\[3\]\[2\],cell,cell
g156635,g188066,cell,cell
g156635,g169494,cell,cell
g155762,u4_mem_reg\[3\]\[3\],cell,cell
g156724,u1_slt4_reg\[4\],cell,cell
g156723,u1_slt3_reg\[4\],cell,cell
g155767,u4_mem_reg\[3\]\[8\],cell,cell
g155768,u4_mem_reg\[3\]\[9\],cell,cell
g155658,u5_mem_reg\[3\]\[27\],cell,cell
g159674,g213868,cell,cell
g159674,g180067,cell,cell
g159674,g1306,cell,cell
g153840,u0_slt9_r_reg\[2\],cell,cell
g159627,g200312,cell,cell
g159627,g197929,cell,cell
g154983,g154122__6417,cell,cell
g154862,u14_u8_full_empty_r_reg,cell,cell
g154776,g184027,cell,cell
g154776,g154774,cell,cell
g154776,g153971__218177,cell,cell
g154762,g86,cell,cell
g154762,g153973__5526,cell,cell
g160099,g202360,cell,cell
g159537,g164348,cell,cell
g156892,u1_sr_reg\[6\],cell,cell
g159619,g159618,cell,cell
g159618,g169752,cell,cell
g159618,g154122__6417,cell,cell
g169946,g169945,cell,cell
g169946,g164013,cell,cell
g159652,g189098,cell,cell
g159652,g186515,cell,cell
g159652,g167897,cell,cell
g159652,g154241,cell,cell
g159661,g216898,cell,cell
g159661,g167925,cell,cell
g159661,g157554,cell,cell
g159661,g154244,cell,cell
g191423,g191422,cell,cell
g191422,g199522,cell,cell
g191422,g157743,cell,cell
g191422,g157316,cell,cell
g191487,g191486,cell,cell
g191486,g200420,cell,cell
g191491,g200418,cell,cell
g156631,g197058,cell,cell
g156631,g188069,cell,cell
fopt191529,g200239,cell,cell
fopt191529,g194061,cell,cell
fopt191529,g191533,cell,cell
fopt191529,fopt191528,cell,cell
fopt191528,g191533,cell,cell
fopt191528,g180443,cell,cell
fopt191528,g180442,cell,cell
fopt191528,g177888,cell,cell
fopt191528,g174551,cell,cell
fopt191528,g171562,cell,cell
fopt191528,g158846,cell,cell
g191530,g191533,cell,cell
g191530,g156872,cell,cell
g191533,g199186,cell,cell
g191533,g191532,cell,cell
g191533,g191531,cell,cell
g156633,g188070,cell,cell
g156633,g181550,cell,cell
g191532,u3_status_reg\[0\],cell,cell
g191532,g191531,cell,cell
g191531,g157554,cell,cell
g154849,g153873__167561,cell,cell
g154785,u14_u6_full_empty_r_reg,cell,cell
g191781,g197007,cell,cell
g191781,g153558__168322,cell,cell
g191781,g153404__6131,cell,cell
g191781,g153381__8246,cell,cell
g160159,g39,cell,cell
g160159,g193874,cell,cell
g160159,g192711,cell,cell
g160159,g168835,cell,cell
g160159,g159158,cell,cell
g160159,g159157,cell,cell
g160159,g159156,cell,cell
g160159,g159154,cell,cell
g160159,g159153,cell,cell
g154311,u24_int_set_reg\[2\],cell,cell
g154249,g153338__5122,cell,cell
g154191,g153873__167561,cell,cell
g154231,g153842__8246,cell,cell
fopt191858,g213838,cell,cell
g154230,g153841__191897,cell,cell
g154223,g153835__6131,cell,cell
g154216,g153830__205422,cell,cell
g154215,g153829__173944,cell,cell
g191894,g191893,cell,cell
g191893,g191896,cell,cell
g191893,g153889__219219,cell,cell
g191893,g153841__191897,cell,cell
g191896,g156931,cell,cell
g153841__191897,u8_dout_reg\[2\],cell,cell
g154206,g153764__169153,cell,cell
g191945,g191944,cell,cell
g191946,g191944,cell,cell
g191944,g209807,cell,cell
g191944,g198372,cell,cell
g191944,g154002__2346,cell,cell
g191944,g153766__178451,cell,cell
g191966,g3,cell,cell
g191966,g221583,cell,cell
g191966,g219878,cell,cell
g191966,g173649,cell,cell
g154190,g165,cell,cell
g191970,u8_mem_reg\[1\]\[15\],cell,cell
g191971,u8_mem_reg\[1\]\[12\],cell,cell
g191973,u8_mem_reg\[1\]\[13\],cell,cell
g191974,u8_mem_reg\[1\]\[2\],cell,cell
g191975,u8_mem_reg\[1\]\[7\],cell,cell
g191976,u8_mem_reg\[1\]\[8\],cell,cell
g191977,u8_mem_reg\[1\]\[14\],cell,cell
g191978,u8_mem_reg\[1\]\[5\],cell,cell
g191980,u8_mem_reg\[1\]\[11\],cell,cell
g191981,u8_mem_reg\[1\]\[1\],cell,cell
g191982,u8_wp_reg\[1\],cell,cell
g159389,g166500,cell,cell
g192019,g197876,cell,cell
g155528,g155025,cell,cell
g155528,g154244,cell,cell
g192138,g222523,cell,cell
g192138,g216709,cell,cell
g192138,g211398,cell,cell
g192138,g199218,cell,cell
g192138,g198590,cell,cell
g192138,g198580,cell,cell
g192138,g198579,cell,cell
g192138,g198574,cell,cell
g192138,g198572,cell,cell
g192138,g198570,cell,cell
g192138,g197695,cell,cell
g192138,g197647,cell,cell
g192138,g188350,cell,cell
g192138,g181507,cell,cell
g192138,g173927,cell,cell
g192138,g172283,cell,cell
g192138,g169156,cell,cell
g192138,g167537,cell,cell
g192138,g167534,cell,cell
g192138,g167533,cell,cell
g192138,g167529,cell,cell
g192138,g167528,cell,cell
g192138,g167520,cell,cell
g192138,g159,cell,cell
g192139,g189100,cell,cell
g155530,g199705,cell,cell
g155530,g155024,cell,cell
g155529,g180353,cell,cell
g155529,g154241,cell,cell
g155531,g224655,cell,cell
g155531,g224653,cell,cell
fopt192214,g153396__174767,cell,cell
g192278,g197985,cell,cell
g192331,g192332,cell,cell
g192331,g192330,cell,cell
g192330,g192329,cell,cell
g192330,g172163,cell,cell
g192332,g192333,cell,cell
g192332,g192329,cell,cell
g192329,g67,cell,cell
g192333,u4_wp_reg\[2\],cell,cell
fopt192379,g168948,cell,cell
fopt192379,g154364__224657,cell,cell
fopt192379,g154362__224659,cell,cell
g192383,g180360,cell,cell
g154792,g153627__169861,cell,cell
g192438,g192437,cell,cell
g192438,g180565,cell,cell
g192438,g176220,cell,cell
g192437,g154345__5107,cell,cell
g192437,g154117__8246,cell,cell
g159343,g207117,cell,cell
g159343,g188046,cell,cell
g155579,u1_slt6_reg\[5\],cell,cell
g155590,u1_slt2_reg\[5\],cell,cell
g192552,g196789,cell,cell
g192553,g192555,cell,cell
g192553,g170050,cell,cell
g192556,g192555,cell,cell
g154125,u16_u7_dma_req_reg,cell,cell
g192555,g192557,cell,cell
g192555,g192554,cell,cell
g192554,u16_u4_dma_req_r1_reg,cell,cell
g192557,g181705,cell,cell
g154126,u16_u8_dma_req_reg,cell,cell
g192581,g192579,cell,cell
g192579,g171445,cell,cell
g192579,g157480,cell,cell
g192579,fopt162413,cell,cell
g160155,g197875,cell,cell
g160155,g191531,cell,cell
g160155,g159332,cell,cell
g192701,g192700,cell,cell
g192702,g192700,cell,cell
g192700,u5_wp_reg\[0\],cell,cell
g192710,g192709,cell,cell
g192710,g185962,cell,cell
g192711,g192709,cell,cell
g192709,u14_u7_en_out_l_reg,cell,cell
g156114,u1_slt4_reg\[5\],cell,cell
g154229,g154119__6417,cell,cell
g154228,g154118__5477,cell,cell
g154221,g154112__9945,cell,cell
g160157,g200193,cell,cell
g160157,g158065,cell,cell
g192845,g198603,cell,cell
g192845,g174069_dup202286,cell,cell
g159384,g200192,cell,cell
g154725,g154154__7410,cell,cell
g87,g192950,cell,cell
g192950,g207750,cell,cell
g192950,g170087,cell,cell
g156116__5115,u1_slt1_reg\[5\],cell,cell
g156115__1881,u1_slt3_reg\[5\],cell,cell
g154859__4319,g153616__5526,cell,cell
g193148,g200936,cell,cell
g193148,g193147,cell,cell
g193148,g154216,cell,cell
g193148,g154215,cell,cell
g193148,g154190,cell,cell
g193148,g154186__6783,cell,cell
g193147,g193153,cell,cell
g193147,g178,cell,cell
g193147,g154745,cell,cell
g193147,g153974__6783,cell,cell
g154745,g176218,cell,cell
g154745,g153839__180563,cell,cell
g154745,g153603__6161,cell,cell
g193149,g154111__9315,cell,cell
g193151,g154108__4733,cell,cell
g193153,g193162,cell,cell
g193153,g193159,cell,cell
g193153,g193152,cell,cell
g193153,g153602__193161,cell,cell
g193153,g153601__193160,cell,cell
g193153,g153600__193163,cell,cell
g193152,g154109__6161,cell,cell
g193154,g154115__1666,cell,cell
g193155,g154116__7410,cell,cell
g193156,g154117__8246,cell,cell
g193157,g180431,cell,cell
g193159,u7_dout_reg\[0\],cell,cell
g153601__193160,u7_dout_reg\[6\],cell,cell
g153602__193161,u7_dout_reg\[5\],cell,cell
g193162,u7_dout_reg\[18\],cell,cell
g153600__193163,u7_dout_reg\[7\],cell,cell
g159897,g159896,cell,cell
g159897,g159895,cell,cell
g159897,g159894,cell,cell
g159897,g156977,cell,cell
g156644,u1_sr_reg\[7\],cell,cell
g154122__6417,g153591__6783,cell,cell
fopt181975,g80,cell,cell
fopt181975,g63,cell,cell
fopt181975,g199522,cell,cell
fopt181975,g182367,cell,cell
fopt181975,g172097,cell,cell
fopt181975,g164088,cell,cell
fopt181975,g155037,cell,cell
fopt181975,g139,cell,cell
g154757,g197109,cell,cell
g154757,g154219__2802,cell,cell
g154219__2802,g154110__8428,cell,cell
g154200__6783,g153996__4733,cell,cell
g155037,g175822,cell,cell
g155037,g171562,cell,cell
g155037,fopt175575,cell,cell
g193484,g221874,cell,cell
g193484,g193486,cell,cell
g193487,g193488,cell,cell
g193487,g193486,cell,cell
g193488,g193486,cell,cell
g193486,g193485,cell,cell
g193485,u26_ps_cnt_reg\[1\],cell,cell
g193491,g193490,cell,cell
g193490,g193489,cell,cell
g193489,g187711,cell,cell
g193489,g169967,cell,cell
g193489,g163770,cell,cell
g193489,g157774,cell,cell
g193489,g157290,cell,cell
g160027,g198737,cell,cell
g160027,g172177,cell,cell
g193553,g193558,cell,cell
g193553,g193557,cell,cell
g193553,g193556,cell,cell
g193553,g193555,cell,cell
g193553,g193554,cell,cell
g193553,g193552,cell,cell
g193552,u15_crac_din_reg\[6\],cell,cell
g193554,u15_crac_din_reg\[8\],cell,cell
g193555,u15_crac_din_reg\[12\],cell,cell
g193556,u15_crac_din_reg\[14\],cell,cell
g193557,u15_crac_din_reg\[5\],cell,cell
g193558,u15_crac_din_reg\[7\],cell,cell
g193560,g193570,cell,cell
g193560,g193569,cell,cell
g193560,g193568,cell,cell
g193560,g193567,cell,cell
g193560,g193566,cell,cell
g193560,g193565,cell,cell
g193560,g193564,cell,cell
g193560,g193563,cell,cell
g193560,g193562,cell,cell
g193560,g193561,cell,cell
g193560,g193559,cell,cell
g193559,u15_crac_din_reg\[13\],cell,cell
g193561,u15_crac_din_reg\[0\],cell,cell
g193562,u15_crac_din_reg\[15\],cell,cell
g193563,u15_crac_din_reg\[1\],cell,cell
g193564,u15_crac_din_reg\[11\],cell,cell
g193565,u15_crac_din_reg\[3\],cell,cell
g193566,g176157,cell,cell
g193567,u15_crac_din_reg\[4\],cell,cell
g193568,u15_crac_din_reg\[10\],cell,cell
g193569,u15_crac_din_reg\[2\],cell,cell
g193570,u15_crac_din_reg\[9\],cell,cell
g159297,g154432__168296,cell,cell
g159297,g154431__2883,cell,cell
g193607,g234,cell,cell
g193607,g153760__193866,cell,cell
g193622,g200419,cell,cell
g193622,g200417,cell,cell
g154994,u20_int_set_reg\[0\],cell,cell
g154994,g248,cell,cell
g154994,g184503,cell,cell
g156,u10_mem_reg\[1\]\[7\],cell,cell
g159426,g197058,cell,cell
fopt193817,g215506,cell,cell
fopt193817,g166531,cell,cell
fopt193817,g166504,cell,cell
fopt193817,g166300,cell,cell
fopt193817,g166262,cell,cell
fopt193817,g166106,cell,cell
fopt193817,g166055,cell,cell
fopt193817,g166006,cell,cell
fopt193817,g165965,cell,cell
fopt193817,g165951,cell,cell
fopt193817,g165895,cell,cell
fopt193817,g165733,cell,cell
fopt193817,g165532,cell,cell
fopt193817,g165444,cell,cell
fopt193817,g165385,cell,cell
fopt193817,g165356,cell,cell
fopt193818,g213860,cell,cell
fopt193818,g166132,cell,cell
fopt193818,g166081,cell,cell
fopt193818,g165922,cell,cell
fopt193818,g165868,cell,cell
fopt193818,g165840,cell,cell
fopt193818,g165813,cell,cell
fopt193818,g165790,cell,cell
fopt193818,g165762,cell,cell
fopt193818,g165705,cell,cell
fopt193818,g165676,cell,cell
fopt193818,g165647,cell,cell
fopt193818,g165593,cell,cell
fopt193818,g165503,cell,cell
fopt193818,g165474,cell,cell
fopt193818,g165414,cell,cell
g113,g224455,cell,cell
g193854,g193853,cell,cell
g193854,g172262,cell,cell
g193853,u21_int_set_reg\[2\],cell,cell
g193857,g216899,cell,cell
g193857,g193860,cell,cell
g193857,g189209,cell,cell
g193857,g186762,cell,cell
g193857,g186516,cell,cell
g193857,g184605,cell,cell
g193857,g175581,cell,cell
g193858,g193860,cell,cell
g193858,g183009,cell,cell
g193858,g170033,cell,cell
g193861,g193860,cell,cell
g193860,g193865,cell,cell
g193860,g193862,cell,cell
g193860,g193859,cell,cell
g193860,fopt193864,cell,cell
g193859,g154106__6260,cell,cell
g193862,g463,cell,cell
g193862,g309,cell,cell
g193862,g186849,cell,cell
g193862,g163987,cell,cell
g193862,g163907,cell,cell
g193862,g163,cell,cell
g193862,g153618__185117,cell,cell
g193862,g153611__185128,cell,cell
g193862,g128,cell,cell
fopt193864,g200464,cell,cell
fopt193864,g193870,cell,cell
fopt193864,g193869,cell,cell
fopt193864,g193863,cell,cell
fopt193864,g154184__193872,cell,cell
fopt193864,g153880__193867,cell,cell
fopt193864,g153879__193871,cell,cell
fopt193864,g153760__193866,cell,cell
g193863,g102,cell,cell
g193865,g176662,cell,cell
g193865,g154757,cell,cell
g193865,fopt1322,cell,cell
g153760__193866,u4_rp_reg\[2\],cell,cell
g153880__193867,u4_dout_reg\[1\],cell,cell
g193869,u4_dout_reg\[3\],cell,cell
g193870,u4_dout_reg\[2\],cell,cell
g153879__193871,u4_dout_reg\[0\],cell,cell
g154184__193872,u4_rp_reg\[0\],cell,cell
g193874,g193873,cell,cell
g193873,g188086,cell,cell
g159906,g159904,cell,cell
g159906,g156975,cell,cell
g193875,g213702,cell,cell
g193875,g192700,cell,cell
g193875,g187654,cell,cell
g193875,g187653,cell,cell
g154187__4733,u6_rp_reg\[0\],cell,cell
g157898,g189841,cell,cell
g157898,g163908,cell,cell
g157898,g157010,cell,cell
g157898,g154376__189849,cell,cell
g436,g433,cell,cell
g435,g433,cell,cell
g434,g433,cell,cell
g433,u12_wb_data_o_reg\[19\],cell,cell
g159998,g207000,cell,cell
g159998,g189847,cell,cell
g159998,g183923,cell,cell
g159998,g157010,cell,cell
g159998,g154375__189850,cell,cell
g159644,g199334,cell,cell
g159644,g196605,cell,cell
g159644,g159640,cell,cell
g157991,g273,cell,cell
g157991,g164096,cell,cell
g157991,g154375__189850,cell,cell
g157991,g138,cell,cell
g193968,g193966,cell,cell
g193968,g183923,cell,cell
g193969,g193966,cell,cell
g193970,g193966,cell,cell
g193966,g1809,cell,cell
g193971,g1811,cell,cell
g193971,g153997__189853,cell,cell
g98,g472,cell,cell
g157749,g692,cell,cell
g157749,g154376__189849,cell,cell
g194036,g194035,cell,cell
g194035,u8_dout_reg\[10\],cell,cell
g194040,g194039,cell,cell
g194039,u6_dout_reg\[17\],cell,cell
g194048,g188044,cell,cell
g194048,g154381__9945,cell,cell
g194049,g193870,cell,cell
g194060,g194063,cell,cell
g194060,g192019,cell,cell
g194060,g191423,cell,cell
g194060,g183902,cell,cell
g194060,g180273,cell,cell
g194060,g169187,cell,cell
g194060,g162693,cell,cell
g194060,g162672,cell,cell
g194060,g158796,cell,cell
g194060,g158795,cell,cell
g194060,g158789,cell,cell
g194061,g194063,cell,cell
g194061,g186123,cell,cell
g194061,g186122,cell,cell
g194061,g186121,cell,cell
g194061,g186120,cell,cell
g194061,g183902,cell,cell
g194061,g180273,cell,cell
g194061,g163897,cell,cell
g194061,g163896,cell,cell
g194061,g162693,cell,cell
g194063,g194062,cell,cell
g157697,g154372__189851,cell,cell
g157697,g153998__189854,cell,cell
g194062,g84,cell,cell
g194062,g81,cell,cell
g194062,g153833__178097,cell,cell
g157978,g156929,cell,cell
g157978,g154368__5526,cell,cell
g157978,g154366__224661,cell,cell
g157978,fopt164030,cell,cell
fopt60,g194136,cell,cell
g194136,g213425,cell,cell
g194136,g213424,cell,cell
g160160,u2_bit_clk_r_reg,cell,cell
g160160,u1_sdata_in_r_reg,cell,cell
g154368__5526,g218313,cell,cell
g157975,g224666,cell,cell
g157975,g156931,cell,cell
g157975,g154367__8428,cell,cell
g157975,g154364__224657,cell,cell
g154367__8428,g153662__6783,cell,cell
g158000,g157006,cell,cell
g158000,g154366__224661,cell,cell
g158000,g154363__224660,cell,cell
g157759,g154365__6260,cell,cell
g157759,g154356__9945,cell,cell
g158003,g154365__6260,cell,cell
g158003,g154322__2398,cell,cell
g194198,g194197,cell,cell
g194199,g194197,cell,cell
g194199,g172047,cell,cell
g194199,g169975,cell,cell
g194199,g156728,cell,cell
g194197,u2_to_cnt_reg\[3\],cell,cell
g154365__6260,g164218,cell,cell
g160046,g160045,cell,cell
g160046,g156979,cell,cell
g157765,g154363__224660,cell,cell
g157765,g154361__6417,cell,cell
g157763,g154362__224659,cell,cell
g157763,g154359__1666,cell,cell
g194245,g194248,cell,cell
g194245,g194244,cell,cell
g194244,g194247,cell,cell
g194244,g193854,cell,cell
g194246,u7_mem_reg\[3\]\[16\],cell,cell
g194248,g167859,cell,cell
g194248,g156903,cell,cell
g194248,g156902,cell,cell
g194249,g214952,cell,cell
g194249,g200165,cell,cell
g194249,g200162,cell,cell
g194249,g200161,cell,cell
g194249,g200160,cell,cell
g194249,g200159,cell,cell
g194249,g200148,cell,cell
g194249,g185556,cell,cell
g194250,g200174,cell,cell
g194250,g200173,cell,cell
g194250,g200166,cell,cell
g194250,g200158,cell,cell
g194250,g200156,cell,cell
g194250,g200155,cell,cell
g194250,g200153,cell,cell
g194250,g200145,cell,cell
g194250,g200143,cell,cell
g181571_dup194251,g213867,cell,cell
g181571_dup194251,g213843,cell,cell
g181571_dup194251,g200170,cell,cell
g181571_dup194251,g200169,cell,cell
g181571_dup194251,g200168,cell,cell
g181571_dup194251,g200164,cell,cell
g181571_dup194251,g200163,cell,cell
g181571_dup194251,g200157,cell,cell
g181571_dup194251,g200154,cell,cell
g181571_dup194251,g200152,cell,cell
g181571_dup194251,g200151,cell,cell
g181571_dup194251,g200150,cell,cell
g181571_dup194251,g200149,cell,cell
g181571_dup194251,g200147,cell,cell
g181571_dup194251,g200146,cell,cell
g181571_dup194251,g200140,cell,cell
g157762,g154361__6417,cell,cell
g157762,g154358__2346,cell,cell
g154361__6417,g130,cell,cell
g157751,g154360__7410,cell,cell
g157751,g154352__7482,cell,cell
g154360__7410,g153843__5477,cell,cell
g194315,g176,cell,cell
g194315,g157279,cell,cell
g179,g176,cell,cell
g178,g176,cell,cell
g176,u7_rp_reg\[3\],cell,cell
g154359__1666,g153659__1617,cell,cell
g159957,g154361__6417,cell,cell
g159957,g154359__1666,cell,cell
g159957,g154358__2346,cell,cell
g159957,g154357__2883,cell,cell
g154358__2346,g200558,cell,cell
g154357__2883,g194035,cell,cell
g154356__9945,g164111,cell,cell
g194374,g218314,cell,cell
g194375,g218314,cell,cell
g194376,g218314,cell,cell
g154355__9315,g153592__219228,cell,cell
g154354__6161,g153593__219227,cell,cell
g154353__4733,g153594__219232,cell,cell
g194404,g40,cell,cell
g40,g153646__9945,cell,cell
g154352__7482,g164113,cell,cell
g154351__5115,g153595__219229,cell,cell
g154350__1881,g153839__180563,cell,cell
g194438,g194437,cell,cell
g194437,u5_dout_reg\[10\],cell,cell
g157740,g154349__6131,cell,cell
g157740,g154119__6417,cell,cell
g154349__6131,g163920,cell,cell
g157735,g2351,cell,cell
g157735,g154118__5477,cell,cell
g154347__8246,g439,cell,cell
g154346__5122,g193162,cell,cell
g159884,g173002,cell,cell
g159884,g159882,cell,cell
g159884,g154316__3680,cell,cell
g159884,g153629__182014,cell,cell
g154316__3680,g153398__1617,cell,cell
g160061,u12_dout_reg\[29\],cell,cell
g154321__6260,g184613,cell,cell
g154322__2398,g184615,cell,cell
g157907,g181261,cell,cell
g157907,g169906,cell,cell
g157907,g154325__7410,cell,cell
g157907,g154323__5477,cell,cell
g154323__5477,g153585__5526,cell,cell
g154324__6417,g153584__6783,cell,cell
g154325__7410,g153631__1617,cell,cell
g154326__1666,g153607__179418,cell,cell
g154328__2883,g519,cell,cell
g154329__9945,g182911,cell,cell
g157714,g154332__4733,cell,cell
g157714,g154330__9315,cell,cell
g154330__9315,g153634__188333,cell,cell
g158988,g158011,cell,cell
g157727,g154334__5115,cell,cell
g157727,g154332__4733,cell,cell
g154332__4733,g179295,cell,cell
g157736,g154335__1881,cell,cell
g157736,g154333__7482,cell,cell
g154333__7482,g224630,cell,cell
g157758,g154336__199215,cell,cell
g157758,g154334__5115,cell,cell
g154334__5115,g126,cell,cell
g157678,g154337__7098,cell,cell
g157678,g154335__1881,cell,cell
g158995,g158009,cell,cell
g154335__1881,g153639__182909,cell,cell
g154337__7098,g194039,cell,cell
g154340__1705,g153603__6161,cell,cell
g154189__2802,u8_rp_reg\[0\],cell,cell
g154341__1617,g153602__193161,cell,cell
g154186__6783,u7_rp_reg\[0\],cell,cell
g195056,u6_mem_reg\[3\]\[11\],cell,cell
g195063,u6_mem_reg\[3\]\[8\],cell,cell
g154342__5526,g153601__193160,cell,cell
g195068,u6_mem_reg\[3\]\[5\],cell,cell
g195072,u6_mem_reg\[3\]\[0\],cell,cell
g157945,g200197,cell,cell
g157945,g194404,cell,cell
g157945,g154343__4319,cell,cell
g157945,g154109__6161,cell,cell
g158991,g57,cell,cell
g154343__4319,g153600__193163,cell,cell
g154344__6260,g153599__2346,cell,cell
g154345__5107,g176218,cell,cell
g195169,u10_mem_reg\[1\]\[6\],cell,cell
g154116__7410,g153837__9945,cell,cell
g154115__1666,g171748,cell,cell
g154112__9945,g153646__9945,cell,cell
g154111__9315,g153645__2883,cell,cell
g154109__6161,g153644__2346,cell,cell
g154108__4733,g153643__1666,cell,cell
g154081__7098,u10_mem_reg\[0\]\[17\],cell,cell
g154117__8246,g210505,cell,cell
g154080__5122,u10_mem_reg\[0\]\[16\],cell,cell
g154079__1705,u10_mem_reg\[0\]\[15\],cell,cell
g154078__2802,u10_mem_reg\[0\]\[14\],cell,cell
g154077__1617,u10_mem_reg\[0\]\[13\],cell,cell
g154071__6260,u10_mem_reg\[0\]\[7\],cell,cell
g154069__2398,u10_mem_reg\[0\]\[5\],cell,cell
g154118__5477,g153651__5115,cell,cell
g154731,g190187,cell,cell
g154731,g154365__6260,cell,cell
g154731,g154360__7410,cell,cell
g154731,g154356__9945,cell,cell
g154731,g154352__7482,cell,cell
g154731,g154349__6131,cell,cell
g154731,g154347__8246,cell,cell
g154731,g154344__6260,cell,cell
g154731,g154325__7410,cell,cell
g154731,g154324__6417,cell,cell
g154731,g154323__5477,cell,cell
g154731,g154322__2398,cell,cell
g154731,g154321__6260,cell,cell
g154731,g154119__6417,cell,cell
g154731,g154118__5477,cell,cell
g154731,g153996__4733,cell,cell
g154119__6417,g153652__1881,cell,cell
g195458,u6_mem_reg\[3\]\[9\],cell,cell
g152881__7410,u0_slt9_r_reg\[3\],cell,cell
g154003__1666,u10_mem_reg\[0\]\[2\],cell,cell
g154002__2346,u10_mem_reg\[0\]\[0\],cell,cell
g153996__4733,g153586__8428,cell,cell
g154724,g200463,cell,cell
g154724,g176661,cell,cell
g153986__5115,u10_mem_reg\[0\]\[3\],cell,cell
g159266,g158611,cell,cell
g153985__1881,u10_mem_reg\[0\]\[4\],cell,cell
g153978__7098,u10_mem_reg\[0\]\[1\],cell,cell
g153338__5122,u26_cnt_reg\[2\],cell,cell
g159001,g158011,cell,cell
g154770,g184616,cell,cell
g154770,g164220,cell,cell
g154770,g164114,cell,cell
g154770,g164112,cell,cell
g154770,g154200__6783,cell,cell
g154770,g153888__3680,cell,cell
g154770,g153887__169189,cell,cell
g154244,g153888__3680,cell,cell
g154244,g153887__169189,cell,cell
g157947,g181262,cell,cell
g157947,g153888__3680,cell,cell
g157947,g153835__6131,cell,cell
g153888__3680,u3_dout_reg\[1\],cell,cell
g159003,g57,cell,cell
g154729,g154368__5526,cell,cell
g154729,g154367__8428,cell,cell
g154729,g154366__224661,cell,cell
g154729,g154364__224657,cell,cell
g154729,g154363__224660,cell,cell
g154729,g154362__224659,cell,cell
g154729,g154361__6417,cell,cell
g154729,g154359__1666,cell,cell
g154729,g154358__2346,cell,cell
g154729,g154357__2883,cell,cell
g154729,g154355__9315,cell,cell
g154729,g154354__6161,cell,cell
g154729,g154353__4733,cell,cell
g154729,g154351__5115,cell,cell
g154729,g154121__171814,cell,cell
g154729,g154120__4319,cell,cell
g154120__4319,g153655__8246,cell,cell
g154241,g196660,cell,cell
g154241,g153883__196657,cell,cell
g155592__5477,u1_slt1_reg\[6\],cell,cell
g195911,g223,cell,cell
g195911,g196984,cell,cell
g195911,g176786,cell,cell
g195911,g176413,cell,cell
g195911,g176367,cell,cell
g195911,g176365,cell,cell
g195911,g176359,cell,cell
g195911,g176350,cell,cell
g195911,g176348,cell,cell
g195911,g176342,cell,cell
g195911,g153423__1705,cell,cell
g195911,g153421__4319,cell,cell
g195911,g153420__6260,cell,cell
g195911,g153419__5107,cell,cell
g195911,g153418__2398,cell,cell
g195911,g153417__5477,cell,cell
g195911,g153416__6417,cell,cell
g195911,g153414__175602,cell,cell
g195911,g153413__175598,cell,cell
g195911,g153412__178339,cell,cell
g195911,g153411__9945,cell,cell
g195911,g153410__9315,cell,cell
g195911,g153409__6161,cell,cell
g195911,g153408__4733,cell,cell
g195911,g153404__6131,cell,cell
g195911,g153337__4733,cell,cell
g195911,g153336__7482,cell,cell
g195911,g153335__5115,cell,cell
g195911,g153331__6783,cell,cell
g195911,g153330__4319,cell,cell
g195911,g140,cell,cell
g195911,g118,cell,cell
g155589__6417,u1_slt2_reg\[6\],cell,cell
g155582__7410,u1_slt3_reg\[6\],cell,cell
g155581__1666,u1_slt4_reg\[6\],cell,cell
g155578__2346,u1_slt6_reg\[6\],cell,cell
g195965,u6_mem_reg\[3\]\[3\],cell,cell
g158994,g158009,cell,cell
g157921,g188048,cell,cell
g157921,g157139,cell,cell
g157921,g154383__4733,cell,cell
g157921,g154381__9945,cell,cell
g154381__9945,g153611__185128,cell,cell
g159873,g159871,cell,cell
g159873,g154314__9315,cell,cell
g159873,g153628__178191,cell,cell
g154314__9315,g153397__1881,cell,cell
g154382__6161,g455,cell,cell
g169019,g178142,cell,cell
g169019,g170077,cell,cell
g169019,g160033,cell,cell
g169019,g157487,cell,cell
g169019,g154384__7482,cell,cell
g169019,g154383__4733,cell,cell
g169019,g154382__6161,cell,cell
g169019,g154381__9945,cell,cell
g169019,g153760__193866,cell,cell
g154383__4733,g185120,cell,cell
g159659,g159293,cell,cell
g159659,g156970,cell,cell
g196136,u11_mem_reg\[2\]\[25\],cell,cell
g154384__7482,g185119,cell,cell
g159293,g156970,cell,cell
g196171,u11_mem_reg\[2\]\[31\],cell,cell
g154386__1881,g185115,cell,cell
g196187,g90,cell,cell
g196187,g153808__182089,cell,cell
g196187,g153388__3680,cell,cell
g196187,g153342__2398,cell,cell
g196188,g90,cell,cell
g196188,g209708,cell,cell
g196188,g196171,cell,cell
g196188,g196136,cell,cell
g196188,g153915__168275,cell,cell
g196188,g153914__168271,cell,cell
g196188,g153913__168273,cell,cell
g196188,g153912__168269,cell,cell
g196188,g153911__168274,cell,cell
g196188,g153909__168264,cell,cell
g196188,g153908__168265,cell,cell
g196188,g153907__168268,cell,cell
g196188,g153906__168272,cell,cell
g196188,g153814__168277,cell,cell
g196188,g153813__175430,cell,cell
g90,u11_mem_reg\[2\]\[19\],cell,cell
g157718,g169963,cell,cell
g157718,g154391__1705,cell,cell
g154391__1705,g153618__185117,cell,cell
g154392__2802,g186849,cell,cell
g154393__1617,g185129,cell,cell
g153591__6783,u10_wp_reg\[0\],cell,cell
g153616__5526,u10_wp_reg\[3\],cell,cell
g154142__6417,u10_mem_reg\[0\]\[20\],cell,cell
g159302,g169148,cell,cell
g154154__7410,u15_rdd2_reg,cell,cell
g154153__1666,u10_mem_reg\[0\]\[31\],cell,cell
g154152__2346,u10_mem_reg\[0\]\[30\],cell,cell
g154151__2883,u10_mem_reg\[0\]\[29\],cell,cell
g154150__9945,u10_mem_reg\[0\]\[28\],cell,cell
g154149__9315,u10_mem_reg\[0\]\[27\],cell,cell
g154148__6161,u10_mem_reg\[0\]\[26\],cell,cell
g154147__4733,u10_mem_reg\[0\]\[25\],cell,cell
g154146__7482,u10_mem_reg\[0\]\[24\],cell,cell
drc_bufs164393,g176897,cell,cell
drc_bufs164393,drc_bufs164592,cell,cell
g159011,g154154__7410,cell,cell
g154145__5115,u10_mem_reg\[0\]\[23\],cell,cell
g154144__1881,u10_mem_reg\[0\]\[22\],cell,cell
g154143__6131,u10_mem_reg\[0\]\[21\],cell,cell
g158996,g158009,cell,cell
g196605,g129,cell,cell
g129,g170000,cell,cell
g154110__8428,g153619__185121,cell,cell
g196639,u13_crac_r_reg\[2\],cell,cell
g154106__6260,g153677__185118,cell,cell
g196651,g196654,cell,cell
g196651,g196652,cell,cell
g196651,g188330,cell,cell
g196651,g180357,cell,cell
g196651,g154762,cell,cell
g196651,g154206,cell,cell
g196651,g154191,cell,cell
g196651,g154187__4733,cell,cell
g196652,g196656,cell,cell
g196652,g154759,cell,cell
g196654,g196660,cell,cell
g196654,g196659,cell,cell
g196654,g196658,cell,cell
g196654,g196653,cell,cell
g196654,g153883__196657,cell,cell
g196653,g198417,cell,cell
g196656,g196655,cell,cell
g196655,g199220,cell,cell
g153883__196657,u6_dout_reg\[0\],cell,cell
g196658,g154098__181547,cell,cell
g196659,g187013,cell,cell
g196660,u6_dout_reg\[1\],cell,cell
g196661,g213327,cell,cell
g196661,g178920,cell,cell
g158990,g158011,cell,cell
g196696,g199521,cell,cell
g196696,g172095,cell,cell
g196696,g157080,cell,cell
g196696,g136,cell,cell
g196696,g123,cell,cell
g196697,g181261,cell,cell
g196697,g154349__6131,cell,cell
g196697,g154347__8246,cell,cell
g196697,g136,cell,cell
g196698,g136,cell,cell
g139,g154119__6417,cell,cell
g139,g136,cell,cell
g136,g153652__1881,cell,cell
g196700,fopt196702,cell,cell
g196700,fopt196699,cell,cell
fopt196699,g165302,cell,cell
fopt196699,g165300,cell,cell
fopt196699,g165292,cell,cell
fopt196699,g165288,cell,cell
fopt196702,g196730,cell,cell
fopt196702,g196729,cell,cell
fopt196702,g196728,cell,cell
fopt196702,g196727,cell,cell
fopt196702,g196726,cell,cell
fopt196702,g196725,cell,cell
fopt196702,g196724,cell,cell
fopt196702,g196723,cell,cell
fopt196702,g196722,cell,cell
fopt196702,g196721,cell,cell
fopt196702,g196720,cell,cell
fopt196702,g196719,cell,cell
fopt196702,g196718,cell,cell
fopt196702,g196717,cell,cell
fopt196702,g196716,cell,cell
fopt196702,g196715,cell,cell
fopt196702,g196714,cell,cell
fopt196702,g196713,cell,cell
fopt196702,g196712,cell,cell
fopt196702,g196711,cell,cell
fopt196702,g196710,cell,cell
fopt196702,g196709,cell,cell
fopt196702,g196708,cell,cell
fopt196702,g196707,cell,cell
fopt196702,g196706,cell,cell
fopt196702,g196705,cell,cell
fopt196702,g196704,cell,cell
fopt196702,g196703,cell,cell
fopt196702,g196701,cell,cell
g196701,g168960,cell,cell
g196703,g157843,cell,cell
g196704,g157837,cell,cell
g196705,g158008,cell,cell
g196706,g157831,cell,cell
g156003,u1_sr_reg\[8\],cell,cell
g196707,g157838,cell,cell
g196708,g157832,cell,cell
g196709,g157839,cell,cell
g196710,g157836,cell,cell
g196711,g157847,cell,cell
g196712,g157833,cell,cell
g196713,g157829,cell,cell
g196714,g157849,cell,cell
g196715,g157857,cell,cell
g196716,g157850,cell,cell
g196717,g157834,cell,cell
g196718,g157842,cell,cell
g196719,g157859,cell,cell
g196720,g157830,cell,cell
g196721,g157845,cell,cell
g196722,g157862,cell,cell
g196723,g157853,cell,cell
g196724,g157852,cell,cell
g196725,g157825,cell,cell
g196726,g157846,cell,cell
g196727,g157777,cell,cell
g196728,g157855,cell,cell
g196729,g157848,cell,cell
g196730,g157835,cell,cell
g196753,u8_mem_reg\[1\]\[17\],cell,cell
g159305,g113,cell,cell
g196789,g196791,cell,cell
g196789,g157759,cell,cell
g196789,g157641,cell,cell
g196791,g196790,cell,cell
g196790,g184615,cell,cell
g159308,g156972,cell,cell
g153398__1617,u11_wp_reg\[3\],cell,cell
g196865,u6_mem_reg\[3\]\[15\],cell,cell
g153974__6783,u7_rp_reg\[2\],cell,cell
g155029,u6_rp_reg\[0\],cell,cell
g155029,g169092,cell,cell
g155029,g153973__5526,cell,cell
g153973__5526,u6_rp_reg\[2\],cell,cell
g196915,g196914,cell,cell
g196915,g181393,cell,cell
g196915,g175968,cell,cell
g196915,g175956,cell,cell
g196915,g172949,cell,cell
g196915,g172541,cell,cell
g196915,g171378,cell,cell
g196915,g154153__1666,cell,cell
g196915,g154152__2346,cell,cell
g196915,g154151__2883,cell,cell
g196915,g154150__9945,cell,cell
g196915,g154149__9315,cell,cell
g196915,g154148__6161,cell,cell
g196915,g154147__4733,cell,cell
g196915,g154146__7482,cell,cell
g196915,g154145__5115,cell,cell
g196915,g154144__1881,cell,cell
g196915,g154143__6131,cell,cell
g196915,g154142__6417,cell,cell
g196915,g154082__167222,cell,cell
g196915,g154081__7098,cell,cell
g196915,g154080__5122,cell,cell
g196915,g154079__1705,cell,cell
g196915,g154078__2802,cell,cell
g196915,g154077__1617,cell,cell
g196915,g154071__6260,cell,cell
g196915,g154069__2398,cell,cell
g196915,g154003__1666,cell,cell
g196915,g154002__2346,cell,cell
g196915,g153986__5115,cell,cell
g196915,g153985__1881,cell,cell
g196915,g153978__7098,cell,cell
g196916,g196914,cell,cell
g196916,g181393,cell,cell
g196916,g175968,cell,cell
g196916,g175956,cell,cell
g196916,g172949,cell,cell
g196916,g172541,cell,cell
g196916,g171378,cell,cell
g196916,g154153__1666,cell,cell
g196916,g154152__2346,cell,cell
g196916,g154151__2883,cell,cell
g196916,g154150__9945,cell,cell
g196916,g154149__9315,cell,cell
g196916,g154148__6161,cell,cell
g196916,g154147__4733,cell,cell
g196916,g154146__7482,cell,cell
g196916,g154145__5115,cell,cell
g196916,g154144__1881,cell,cell
g196916,g154143__6131,cell,cell
g196916,g154142__6417,cell,cell
g196916,g154082__167222,cell,cell
g196916,g154081__7098,cell,cell
g196916,g154080__5122,cell,cell
g196916,g154079__1705,cell,cell
g196916,g154078__2802,cell,cell
g196916,g154077__1617,cell,cell
g196916,g154071__6260,cell,cell
g196916,g154069__2398,cell,cell
g196916,g154003__1666,cell,cell
g196916,g154002__2346,cell,cell
g196916,g153986__5115,cell,cell
g196916,g153985__1881,cell,cell
g196916,g153978__7098,cell,cell
g196917,g209801,cell,cell
g196917,g196914,cell,cell
g196917,g154094__198366,cell,cell
g196917,g153776__178440,cell,cell
g196914,u10_mem_reg\[0\]\[10\],cell,cell
g196922,g75,cell,cell
g75,g185127,cell,cell
g196982,g153576__7410,cell,cell
g196982,g153556__168324,cell,cell
g196982,g153379__1705,cell,cell
g196982,g118,cell,cell
g118,u9_mem_reg\[3\]\[2\],cell,cell
g153862__6417,u10_mem_reg\[1\]\[11\],cell,cell
g196985,g196984,cell,cell
g196985,g153575__1666,cell,cell
g196985,g153555__168325,cell,cell
g196985,g153378__2802,cell,cell
g196984,u9_mem_reg\[3\]\[3\],cell,cell
g196990,g196989,cell,cell
g196989,g153648__196988,cell,cell
g153648__196988,u7_dout_reg\[13\],cell,cell
g153964__7410,u10_mem_reg\[1\]\[31\],cell,cell
g153963__1666,u10_mem_reg\[1\]\[30\],cell,cell
g197008,g197007,cell,cell
g197008,g172431,cell,cell
g197008,g153940__9945,cell,cell
g197008,g153939__9315,cell,cell
g197008,g153938__4733,cell,cell
g197008,g153937__7482,cell,cell
g197008,g153936__1881,cell,cell
g197008,g153935__6131,cell,cell
g197008,g153934__8246,cell,cell
g197008,g153933__5122,cell,cell
g197008,g153932__2802,cell,cell
g197008,g153931__1617,cell,cell
g197008,g153930__3680,cell,cell
g197008,g153929__5526,cell,cell
g197008,g153577__6417,cell,cell
g197008,g153576__7410,cell,cell
g197008,g153575__1666,cell,cell
g197008,g153574__2883,cell,cell
g197008,g153573__9945,cell,cell
g197008,g153572__9315,cell,cell
g197008,g153571__6161,cell,cell
g197008,g153570__178343,cell,cell
g197008,g153569__7482,cell,cell
g197008,g153568__5115,cell,cell
g197008,g153567__1881,cell,cell
g197008,g153566__6131,cell,cell
g197008,g153565__7098,cell,cell
g197008,g153564__8246,cell,cell
g197008,g153563__5122,cell,cell
g197008,g153562__1705,cell,cell
g197008,g153561__2802,cell,cell
g197008,g153559__3680,cell,cell
g197007,u9_mem_reg\[0\]\[0\],cell,cell
g158939,g154149__9315,cell,cell
g158939,g154137__198363,cell,cell
g158939,g153960__9945,cell,cell
g158939,g153924__178430,cell,cell
g153960__9945,u10_mem_reg\[1\]\[27\],cell,cell
g158940,g154148__6161,cell,cell
g158940,g154136__198361,cell,cell
g158940,g153959__9315,cell,cell
g158940,g153923__178453,cell,cell
g197058,g197057,cell,cell
g197059,g197057,cell,cell
g153959__9315,u10_mem_reg\[1\]\[26\],cell,cell
g197057,u18_int_set_reg\[1\],cell,cell
g197061,g197063,cell,cell
g197061,g157758,cell,cell
g197061,g157529,cell,cell
g197063,g197062,cell,cell
g197062,g126,cell,cell
g158905,g209881,cell,cell
g158905,g154147__4733,cell,cell
g158905,g154135__198360,cell,cell
g158905,g153922__178454,cell,cell
g158916,g210032,cell,cell
g158916,g198066,cell,cell
g158916,g154146__7482,cell,cell
g158916,g153921__178429,cell,cell
g197106,g197105,cell,cell
g197106,g188049,cell,cell
g197106,g154384__7482,cell,cell
g197107,g199344,cell,cell
g197107,g197105,cell,cell
g158989,g158011,cell,cell
g153956__7482,u10_mem_reg\[1\]\[23\],cell,cell
g197109,g197105,cell,cell
g197105,g153624__185113,cell,cell
g158918,g209819,cell,cell
g158918,g154144__1881,cell,cell
g158918,g154132__198345,cell,cell
g158918,g153919__178452,cell,cell
g158934,g154143__6131,cell,cell
g158934,g154131__198347,cell,cell
g158934,g153954__1881,cell,cell
g158934,g153918__178455,cell,cell
g153954__1881,u10_mem_reg\[1\]\[21\],cell,cell
g158922,g209813,cell,cell
g158922,g154142__6417,cell,cell
g158922,g154130__198343,cell,cell
g158922,g153917__178432,cell,cell
g197155,u10_mem_reg\[1\]\[9\],cell,cell
g158985,g157865,cell,cell
g158935,g154153__1666,cell,cell
g158935,g154141__198362,cell,cell
g158935,g153964__7410,cell,cell
g158935,g153928__178428,cell,cell
g159304,g156974,cell,cell
g158924,g154152__2346,cell,cell
g158924,g154140__198346,cell,cell
g158924,g153963__1666,cell,cell
g158924,g153927__178456,cell,cell
g158937,g208465,cell,cell
g158937,g154151__2883,cell,cell
g158937,g154139__198340,cell,cell
g158937,g153926__178427,cell,cell
g158908,g209875,cell,cell
g158908,g154150__9945,cell,cell
g158908,g154138__198364,cell,cell
g158908,g153925__178457,cell,cell
g159392,g607,cell,cell
g153870__5115,u10_mem_reg\[1\]\[19\],cell,cell
g158479,g154102__198352,cell,cell
g158479,g154081__7098,cell,cell
g158479,g153868__6131,cell,cell
g158479,g153783__178434,cell,cell
g153868__6131,u10_mem_reg\[1\]\[17\],cell,cell
g158516,g154101__198351,cell,cell
g158516,g154080__5122,cell,cell
g158516,g153867__7098,cell,cell
g158516,g153782__178435,cell,cell
g197482,u8_mem_reg\[3\]\[30\],cell,cell
g197487,u6_mem_reg\[3\]\[25\],cell,cell
g153867__7098,u10_mem_reg\[1\]\[16\],cell,cell
g153866__8246,u10_mem_reg\[1\]\[15\],cell,cell
g88,u8_mem_reg\[3\]\[28\],cell,cell
g197522,u6_mem_reg\[3\]\[24\],cell,cell
g153865__5122,u10_mem_reg\[1\]\[14\],cell,cell
g197539,u8_mem_reg\[3\]\[25\],cell,cell
g153864__1705,u10_mem_reg\[1\]\[13\],cell,cell
g197544,u8_mem_reg\[3\]\[27\],cell,cell
g153863__2802,u10_mem_reg\[1\]\[12\],cell,cell
g197567,u8_mem_reg\[3\]\[31\],cell,cell
g197605,u4_mem_reg\[3\]\[6\],cell,cell
g197608,u8_mem_reg\[3\]\[21\],cell,cell
g197613,u8_mem_reg\[3\]\[29\],cell,cell
g197631,u8_mem_reg\[3\]\[26\],cell,cell
g197647,g181479,cell,cell
g197661,u4_mem_reg\[3\]\[5\],cell,cell
g197673,u4_mem_reg\[3\]\[20\],cell,cell
g197679,u8_mem_reg\[3\]\[23\],cell,cell
g197686,u8_mem_reg\[3\]\[22\],cell,cell
g197695,g197061,cell,cell
g197708,u8_mem_reg\[3\]\[24\],cell,cell
g197727,g197726,cell,cell
g197727,g197673,cell,cell
g197727,g197661,cell,cell
g197727,g197605,cell,cell
g197727,g183172,cell,cell
g197727,g166776,cell,cell
g197727,g166774,cell,cell
g197727,g166770,cell,cell
g197727,g166769,cell,cell
g197727,g155775,cell,cell
g197727,g155774,cell,cell
g197727,g155772,cell,cell
g197727,g155770,cell,cell
g197727,g155767,cell,cell
g197727,g155761,cell,cell
g197727,g155759,cell,cell
g197726,u4_mem_reg\[3\]\[7\],cell,cell
g197738,u8_mem_reg\[1\]\[30\],cell,cell
g197748,u8_mem_reg\[3\]\[20\],cell,cell
g197827,g197826,cell,cell
g197826,u10_rp_reg\[2\],cell,cell
g197864,g197866,cell,cell
g197864,g197865,cell,cell
g197864,g197863,cell,cell
g197863,g175899,cell,cell
g197865,g157547,cell,cell
g197866,g549,cell,cell
g197866,g176667,cell,cell
g197866,g158848,cell,cell
g197866,g158847,cell,cell
g197866,g158288,cell,cell
g197875,g81,cell,cell
g197875,g64,cell,cell
g197875,g197878,cell,cell
g197875,g196791,cell,cell
g197875,g196696,cell,cell
g197875,g181262,cell,cell
g197875,g180443,cell,cell
g197875,g173055,cell,cell
g197875,g157463,cell,cell
g197875,g157462,cell,cell
g197875,g157316,cell,cell
g197875,g157307,cell,cell
g197875,g157306,cell,cell
g197876,g80,cell,cell
g197876,g197878,cell,cell
g197876,g157735,cell,cell
g197878,g197877,cell,cell
g197877,g164113,cell,cell
g197929,g198739,cell,cell
g197929,g198738,cell,cell
g197927,g153399__5115,cell,cell
g197943,g197944,cell,cell
g197943,g180356,cell,cell
g197944,g121,cell,cell
g197985,g175,cell,cell
g175,u5_dout_reg\[15\],cell,cell
g159640,g224653,cell,cell
g159640,g213864,cell,cell
g159640,g171528,cell,cell
g159640,g168615,cell,cell
g159640,g155046,cell,cell
g198008,g212237,cell,cell
g198009,g212237,cell,cell
g198038,g504,cell,cell
g198039,g219218,cell,cell
g198039,g199334,cell,cell
g198039,g184489,cell,cell
g198039,g181981,cell,cell
g198039,g175440,cell,cell
g198039,g170063,cell,cell
g198039,g159864,cell,cell
g198064,g198342,cell,cell
g198064,g198068,cell,cell
g198064,g189143,cell,cell
g198065,g198342,cell,cell
g198065,g198069,cell,cell
g198065,g173340,cell,cell
g198065,g154859__4319,cell,cell
g198065,g153979__173338,cell,cell
g198068,g198067,cell,cell
g198069,g198067,cell,cell
g198067,g198066,cell,cell
g198066,u10_mem_reg\[2\]\[24\],cell,cell
g198075,u12_o7_we_reg,cell,cell
g198076,g187310,cell,cell
g198082,g156896,cell,cell
g198082,g156895,cell,cell
g198082,g156894,cell,cell
g198083,g184504,cell,cell
g198083,g176333,cell,cell
g198088,g198087,cell,cell
g198087,u13_intm_r_reg\[14\],cell,cell
g198086,g156147,cell,cell
g198089,g57,cell,cell
g154433__5122,g182102,cell,cell
g154433__5122,g182085,cell,cell
g154433__5122,g153952__182095,cell,cell
g154433__5122,g153951__182100,cell,cell
g154433__5122,g153950__182087,cell,cell
g154433__5122,g153949__182092,cell,cell
g154433__5122,g153948__182101,cell,cell
g154433__5122,g153947__182090,cell,cell
g154433__5122,g153946__182093,cell,cell
g154433__5122,g153945__182096,cell,cell
g154433__5122,g153944__182088,cell,cell
g154433__5122,g153943__182099,cell,cell
g154433__5122,g153942__182098,cell,cell
g154433__5122,g153941__182091,cell,cell
g154433__5122,g153808__182089,cell,cell
g154433__5122,g153807__182076,cell,cell
g154433__5122,g153806__182097,cell,cell
g154433__5122,g153805__182079,cell,cell
g154433__5122,g153804__182077,cell,cell
g154433__5122,g153803__182081,cell,cell
g154433__5122,g153802__182074,cell,cell
g154433__5122,g153801__182083,cell,cell
g154433__5122,g153799__182068,cell,cell
g154433__5122,g153798__182071,cell,cell
g154433__5122,g153797__182082,cell,cell
g154433__5122,g153795__182086,cell,cell
g154433__5122,g153794__182094,cell,cell
g154433__5122,g153793__182084,cell,cell
g154433__5122,g153792__182075,cell,cell
g154433__5122,g153791__182078,cell,cell
g154433__5122,g153790__182072,cell,cell
g154433__5122,g153788__182080,cell,cell
g155024,g153830__205422,cell,cell
g155024,g153829__173944,cell,cell
g155050,g180434,cell,cell
g155050,g153830__205422,cell,cell
g155050,g153829__173944,cell,cell
g155025,g153835__6131,cell,cell
g155025,g153833__178097,cell,cell
g153835__6131,u3_dout_reg\[3\],cell,cell
g155046,g154729,cell,cell
g155046,g153842__8246,cell,cell
g155046,g153841__191897,cell,cell
g153842__8246,u8_dout_reg\[3\],cell,cell
g160090,g158098,cell,cell
g198253,g198251,cell,cell
g198253,g186729,cell,cell
g198253,g172188,cell,cell
g198253,g158936,cell,cell
g198254,g198251,cell,cell
g198254,g182534,cell,cell
g198254,g179061,cell,cell
g198254,g175601,cell,cell
g198251,g153566__6131,cell,cell
g198251,g153546__168328,cell,cell
g198251,g153416__6417,cell,cell
g198251,g153369__176525,cell,cell
g38,g224,cell,cell
g38,g198256,cell,cell
g38,g182517,cell,cell
g38,g172190,cell,cell
g198257,g198256,cell,cell
g198257,g198251,cell,cell
g198257,g178340,cell,cell
g198257,g176529,cell,cell
g198257,g175601,cell,cell
g198257,g175597,cell,cell
g198257,g172192,cell,cell
g198257,g172190,cell,cell
g198257,g172189,cell,cell
g198257,g172188,cell,cell
g198257,g172187,cell,cell
g198257,g172183,cell,cell
g198258,g198256,cell,cell
g198258,g182544,cell,cell
g198258,g179063,cell,cell
g198256,g198753,cell,cell
g153859__4319,u10_mem_reg\[1\]\[8\],cell,cell
g198302,g198304,cell,cell
g198302,g192331,cell,cell
g198302,g180289,cell,cell
g198302,g178135,cell,cell
g198304,g234,cell,cell
g198304,g198308,cell,cell
g198304,g198305,cell,cell
g198304,g187970_dup198303,cell,cell
g187970_dup198303,g215509,cell,cell
g187970_dup198303,g213021,cell,cell
g187970_dup198303,g212621,cell,cell
g187970_dup198303,g212619,cell,cell
g187970_dup198303,g212617,cell,cell
g187970_dup198303,g212615,cell,cell
g187970_dup198303,g212614,cell,cell
g187970_dup198303,g212612,cell,cell
g187970_dup198303,g212610,cell,cell
g187970_dup198303,g212607,cell,cell
g187970_dup198303,g212601,cell,cell
g187970_dup198303,g212600,cell,cell
g187970_dup198303,g212597,cell,cell
g187970_dup198303,g212595,cell,cell
g187970_dup198303,g212593,cell,cell
g187970_dup198303,g182635,cell,cell
g198305,g212622,cell,cell
g198305,g212620,cell,cell
g198305,g212618,cell,cell
g198305,g212613,cell,cell
g198305,g212609,cell,cell
g198305,g212608,cell,cell
g198305,g212606,cell,cell
g198305,g212605,cell,cell
g198305,g212604,cell,cell
g198305,g212603,cell,cell
g198305,g212602,cell,cell
g198305,g212599,cell,cell
g198305,g212598,cell,cell
g198305,g212596,cell,cell
g198305,g212594,cell,cell
g198305,g212591,cell,cell
g198305,g212588,cell,cell
g198308,g234,cell,cell
g198342,fopt198349,cell,cell
g198342,fopt198341,cell,cell
fopt198341,g154141__198362,cell,cell
fopt198341,g154140__198346,cell,cell
fopt198341,g154139__198340,cell,cell
fopt198341,g154138__198364,cell,cell
fopt198341,g154137__198363,cell,cell
fopt198341,g154136__198361,cell,cell
fopt198341,g154135__198360,cell,cell
fopt198341,g154133__198344,cell,cell
fopt198341,g154132__198345,cell,cell
fopt198341,g154131__198347,cell,cell
fopt198341,g154130__198343,cell,cell
fopt198341,g154104__198357,cell,cell
fopt198341,g154102__198352,cell,cell
fopt198341,g154101__198351,cell,cell
fopt198341,g154099__198356,cell,cell
fopt198341,g154096__198353,cell,cell
fopt198341,g154095__198358,cell,cell
fopt198341,g154093__198350,cell,cell
fopt198341,g154091__198355,cell,cell
fopt198341,g154087__198359,cell,cell
fopt198341,g154085__198354,cell,cell
g154139__198340,u10_mem_reg\[2\]\[29\],cell,cell
g154130__198343,u10_mem_reg\[2\]\[20\],cell,cell
g154133__198344,u10_mem_reg\[2\]\[23\],cell,cell
g154132__198345,u10_mem_reg\[2\]\[22\],cell,cell
g154140__198346,u10_mem_reg\[2\]\[30\],cell,cell
g154131__198347,u10_mem_reg\[2\]\[21\],cell,cell
fopt198349,g210417,cell,cell
fopt198349,g198372,cell,cell
fopt198349,g198369,cell,cell
fopt198349,g154103__198365,cell,cell
fopt198349,g154100__198368,cell,cell
fopt198349,g154097__198367,cell,cell
fopt198349,g154094__198366,cell,cell
fopt198349,g154092__198348,cell,cell
fopt198349,g154089__198371,cell,cell
fopt198349,g154088__198370,cell,cell
g154092__198348,u10_mem_reg\[2\]\[8\],cell,cell
g154093__198350,u10_mem_reg\[2\]\[9\],cell,cell
g154101__198351,u10_mem_reg\[2\]\[16\],cell,cell
g154102__198352,u10_mem_reg\[2\]\[17\],cell,cell
g154096__198353,u10_mem_reg\[2\]\[12\],cell,cell
g154085__198354,u10_mem_reg\[2\]\[1\],cell,cell
g154091__198355,u10_mem_reg\[2\]\[7\],cell,cell
g154099__198356,u10_mem_reg\[2\]\[14\],cell,cell
g154104__198357,u10_mem_reg\[2\]\[19\],cell,cell
g154095__198358,u10_mem_reg\[2\]\[11\],cell,cell
g154087__198359,u10_mem_reg\[2\]\[3\],cell,cell
g154135__198360,u10_mem_reg\[2\]\[25\],cell,cell
g154136__198361,u10_mem_reg\[2\]\[26\],cell,cell
g154141__198362,u10_mem_reg\[2\]\[31\],cell,cell
g154137__198363,u10_mem_reg\[2\]\[27\],cell,cell
g154138__198364,u10_mem_reg\[2\]\[28\],cell,cell
g153429__7410,u11_mem_reg\[3\]\[5\],cell,cell
g154103__198365,u10_mem_reg\[2\]\[18\],cell,cell
g154094__198366,u10_mem_reg\[2\]\[10\],cell,cell
g154097__198367,u10_mem_reg\[2\]\[13\],cell,cell
g154100__198368,u10_mem_reg\[2\]\[15\],cell,cell
g198369,u10_mem_reg\[2\]\[6\],cell,cell
g154088__198370,u10_mem_reg\[2\]\[4\],cell,cell
g154089__198371,u10_mem_reg\[2\]\[5\],cell,cell
g198372,u10_mem_reg\[2\]\[0\],cell,cell
g153430__1666,u11_mem_reg\[3\]\[6\],cell,cell
g153428__2346,u11_mem_reg\[3\]\[4\],cell,cell
g198416,g199220,cell,cell
g198416,g187013,cell,cell
g198416,g154339__198418,cell,cell
g198416,g154337__7098,cell,cell
g198416,g154336__199215,cell,cell
g198416,g154335__1881,cell,cell
g198416,g154334__5115,cell,cell
g198416,g154333__7482,cell,cell
g198416,g154332__4733,cell,cell
g198416,g154331__176675,cell,cell
g198416,g154330__9315,cell,cell
g198416,g154329__9945,cell,cell
g198416,g154328__2883,cell,cell
g198416,g154326__1666,cell,cell
g198416,g154098__181547,cell,cell
g198416,g121,cell,cell
g154339__198418,g198417,cell,cell
g198417,u6_dout_reg\[19\],cell,cell
g153425__6161,u11_mem_reg\[3\]\[1\],cell,cell
g153424__4733,u11_mem_reg\[3\]\[0\],cell,cell
g153432__7482,u11_mem_reg\[3\]\[8\],cell,cell
g153399__5115,u9_wp_reg\[0\],cell,cell
g153397__1881,u9_wp_reg\[3\],cell,cell
g153394__7098,u11_mem_reg\[3\]\[13\],cell,cell
g153392__5122,u11_mem_reg\[3\]\[15\],cell,cell
g153391__1705,u11_mem_reg\[3\]\[16\],cell,cell
g153390__2802,u11_mem_reg\[3\]\[17\],cell,cell
g153389__1617,u11_mem_reg\[3\]\[18\],cell,cell
g153388__3680,u11_mem_reg\[3\]\[19\],cell,cell
g153361__4319,u11_mem_reg\[1\]\[0\],cell,cell
g198570,g223535,cell,cell
g198570,g223485,cell,cell
g198572,g186474,cell,cell
g198574,g189125,cell,cell
g198574,g189123,cell,cell
g198579,g188460,cell,cell
g198580,g224755,cell,cell
g198582,g224211,cell,cell
g198582,g188956,cell,cell
g198582,g183375,cell,cell
g198582,g176883,cell,cell
g198582,g172285,cell,cell
g198582,g171452,cell,cell
g198582,g158139,cell,cell
g198582,g158137,cell,cell
g198582,g158136,cell,cell
g198582,g158135,cell,cell
g198582,g158131,cell,cell
g198582,g158129,cell,cell
g153360__6260,u11_mem_reg\[1\]\[1\],cell,cell
g198590,g223595,cell,cell
g198590,g192139,cell,cell
g198593,g154319__198592,cell,cell
g154319__198592,g153973__5526,cell,cell
g198595,g198594,cell,cell
g198595,g175616,cell,cell
g198595,g168541,cell,cell
g198594,g198597,cell,cell
g198594,g175615,cell,cell
g198594,g175594,cell,cell
g198597,g198599,cell,cell
g198597,g198598,cell,cell
g198597,g198596,cell,cell
g198598,g198596,cell,cell
g198596,u3_mem_reg\[3\]\[17\],cell,cell
g198601,g198604,cell,cell
g198601,g198603,cell,cell
g198601,g198600,cell,cell
g198601,g174069_dup202286,cell,cell
g198600,g198599,cell,cell
g198599,u3_mem_reg\[3\]\[21\],cell,cell
g198603,fopt201049,cell,cell
g198603,fopt201048,cell,cell
g198604,g199186,cell,cell
g198604,g162474,cell,cell
g153359__5107,u11_mem_reg\[1\]\[2\],cell,cell
g198622,g198621,cell,cell
g198623,g198621,cell,cell
g198621,g209805,cell,cell
g198621,g154085__198354,cell,cell
g198621,g153978__7098,cell,cell
g198621,g153767__178449,cell,cell
g153358__2398,u11_mem_reg\[1\]\[3\],cell,cell
g153357__5477,u11_mem_reg\[1\]\[4\],cell,cell
g158474,g153814__168277,cell,cell
g158474,g153794__182094,cell,cell
g158474,g153429__7410,cell,cell
g158474,g153356__6417,cell,cell
g153356__6417,u11_mem_reg\[1\]\[5\],cell,cell
g158477,g153815__168289,cell,cell
g158477,g153795__182086,cell,cell
g158477,g153430__1666,cell,cell
g158477,g153355__7410,cell,cell
g153355__7410,u11_mem_reg\[1\]\[6\],cell,cell
g153353__2346,u11_mem_reg\[1\]\[8\],cell,cell
g153940__9945,u9_mem_reg\[0\]\[31\],cell,cell
g153939__9315,u9_mem_reg\[0\]\[30\],cell,cell
g153351__6161,u11_mem_reg\[1\]\[10\],cell,cell
g153938__4733,u9_mem_reg\[0\]\[29\],cell,cell
g153937__7482,u9_mem_reg\[0\]\[28\],cell,cell
g198737,fopt198745,cell,cell
g198737,fopt198736,cell,cell
fopt198736,g198751,cell,cell
fopt198736,g198750,cell,cell
fopt198736,g198749,cell,cell
fopt198736,g198747,cell,cell
fopt198736,g198746,cell,cell
fopt198736,g198743,cell,cell
fopt198736,g198742,cell,cell
fopt198736,g198741,cell,cell
fopt198736,g198740,cell,cell
fopt198736,g198739,cell,cell
fopt198736,g198738,cell,cell
fopt198736,g198735,cell,cell
fopt198736,fopt198752,cell,cell
g198735,g198251,cell,cell
g198738,g197927,cell,cell
g198739,g197927,cell,cell
g198740,g196985,cell,cell
g153350__5115,u11_mem_reg\[1\]\[11\],cell,cell
g198741,g196982,cell,cell
g198742,g191781,cell,cell
g198743,u9_empty_reg,cell,cell
fopt198745,g198758,cell,cell
fopt198745,g198757,cell,cell
fopt198745,g198756,cell,cell
fopt198745,g198755,cell,cell
fopt198745,g198754,cell,cell
fopt198745,g198753,cell,cell
fopt198745,g198744,cell,cell
fopt198745,fopt198759,cell,cell
g198744,g176529,cell,cell
g198746,g175601,cell,cell
g198747,g175597,cell,cell
fopt198752,g179069,cell,cell
fopt198752,g179068,cell,cell
fopt198752,g179067,cell,cell
fopt198752,g179066,cell,cell
fopt198752,g179065,cell,cell
fopt198752,g179063,cell,cell
fopt198752,g179062,cell,cell
fopt198752,g179061,cell,cell
fopt198752,g179059,cell,cell
fopt198752,g158938,cell,cell
fopt198752,g158936,cell,cell
fopt198752,g158931,cell,cell
fopt198752,g158915,cell,cell
g198749,g172190,cell,cell
g198750,g107,cell,cell
g153936__1881,u9_mem_reg\[0\]\[27\],cell,cell
g198751,g178340,cell,cell
g198753,g168313,cell,cell
g198753,g153574__2883,cell,cell
g198753,g153408__4733,cell,cell
g198753,g153377__1617,cell,cell
g198754,g141,cell,cell
g198755,g172192,cell,cell
g198756,g172183,cell,cell
g198757,g172188,cell,cell
g198758,g172189,cell,cell
fopt198759,g224,cell,cell
fopt198759,g158926,cell,cell
fopt198759,g158831,cell,cell
g153935__6131,u9_mem_reg\[0\]\[26\],cell,cell
g153934__8246,u9_mem_reg\[0\]\[25\],cell,cell
g198781,g177886,cell,cell
g198781,g173,cell,cell
g198781,g170821,cell,cell
g198781,g159825,cell,cell
g198781,g100,cell,cell
g198782,g198604,cell,cell
g153933__5122,u9_mem_reg\[0\]\[24\],cell,cell
g158532,g153822__168284,cell,cell
g158532,g153802__182074,cell,cell
g158532,g153394__7098,cell,cell
g158532,g153348__1705,cell,cell
g159159,g154125,cell,cell
g153348__1705,u11_mem_reg\[1\]\[13\],cell,cell
g153932__2802,u9_mem_reg\[0\]\[23\],cell,cell
g153931__1617,u9_mem_reg\[0\]\[22\],cell,cell
g198833,g157744,cell,cell
g198833,g157463,cell,cell
g198833,g139,cell,cell
g153930__3680,u9_mem_reg\[0\]\[21\],cell,cell
g153347__6783,u11_mem_reg\[1\]\[14\],cell,cell
g153929__5526,u9_mem_reg\[0\]\[20\],cell,cell
g158527,g153824__168280,cell,cell
g158527,g153804__182077,cell,cell
g158527,g153392__5122,cell,cell
g158527,g153346__8428,cell,cell
g153346__8428,u11_mem_reg\[1\]\[15\],cell,cell
g159705,g178136,cell,cell
g159705,g169660,cell,cell
g158530,g153826__168281,cell,cell
g158530,g153806__182097,cell,cell
g158530,g153390__2802,cell,cell
g158530,g153344__6260,cell,cell
g153344__6260,u11_mem_reg\[1\]\[17\],cell,cell
g158829,g153827__168283,cell,cell
g158829,g153807__182076,cell,cell
g158829,g153389__1617,cell,cell
g158829,g153343__5107,cell,cell
g153343__5107,u11_mem_reg\[1\]\[18\],cell,cell
g153342__2398,u11_mem_reg\[1\]\[19\],cell,cell
g154,g153,cell,cell
g153,g188466,cell,cell
g153,g157748,cell,cell
g153,g157646,cell,cell
g158913,g209708,cell,cell
g158913,g153941__182091,cell,cell
g158913,g153325__1881,cell,cell
g158913,g153301__6417,cell,cell
g159383,g166497,cell,cell
g158986,g158009,cell,cell
g153325__1881,u11_mem_reg\[3\]\[20\],cell,cell
g158912,g153942__182098,cell,cell
g158912,g153906__168272,cell,cell
g158912,g153324__6131,cell,cell
g158912,g153300__7410,cell,cell
g153324__6131,u11_mem_reg\[3\]\[21\],cell,cell
g158932,g153943__182099,cell,cell
g158932,g153907__168268,cell,cell
g158932,g153323__7098,cell,cell
g158932,g153299__2883,cell,cell
g153323__7098,u11_mem_reg\[3\]\[22\],cell,cell
g158910,g153944__182088,cell,cell
g158910,g153908__168265,cell,cell
g158910,g153322__8246,cell,cell
g158910,g153298__6161,cell,cell
g153322__8246,u11_mem_reg\[3\]\[23\],cell,cell
g158907,g153945__182096,cell,cell
g158907,g153909__168264,cell,cell
g158907,g153321__5122,cell,cell
g158907,g153297__4733,cell,cell
g153321__5122,u11_mem_reg\[3\]\[24\],cell,cell
g158927,g196136,cell,cell
g158927,g153946__182093,cell,cell
g158927,g153320__1705,cell,cell
g158927,g153296__7482,cell,cell
g159153,g190189,cell,cell
g153320__1705,u11_mem_reg\[3\]\[25\],cell,cell
g158909,g153947__182090,cell,cell
g158909,g153911__168274,cell,cell
g158909,g153319__2802,cell,cell
g158909,g153295__5115,cell,cell
g153319__2802,u11_mem_reg\[3\]\[26\],cell,cell
g199173,g205420,cell,cell
g199173,g204762,cell,cell
g199173,g200852,cell,cell
g199173,g200850,cell,cell
g199173,g200848,cell,cell
g199173,g200847,cell,cell
g199173,g200846,cell,cell
g199173,g200845,cell,cell
g199173,g200844,cell,cell
g199173,g200840,cell,cell
g199173,g200839,cell,cell
g199173,g200836,cell,cell
g199173,g200833,cell,cell
g199173,g186861,cell,cell
g199173,g186857,cell,cell
g199173,g186670,cell,cell
g199173,g162910,cell,cell
g199173,g162906,cell,cell
g199173,g162904,cell,cell
g199173,g159059_dup212431,cell,cell
g199173,g158886,cell,cell
g158933,g153948__182101,cell,cell
g158933,g153912__168269,cell,cell
g158933,g153318__1617,cell,cell
g158933,g153294__1881,cell,cell
g199174,g199,cell,cell
g199174,g195,cell,cell
g199174,g153829__173944,cell,cell
g153318__1617,u11_mem_reg\[3\]\[27\],cell,cell
g199186,u17_int_set_reg\[2\],cell,cell
g158911,g153949__182092,cell,cell
g158911,g153913__168273,cell,cell
g158911,g153317__3680,cell,cell
g158911,g153293__7098,cell,cell
g153317__3680,u11_mem_reg\[3\]\[28\],cell,cell
g158929,g153950__182087,cell,cell
g158929,g153914__168271,cell,cell
g158929,g153316__6783,cell,cell
g158929,g153292__1705,cell,cell
g199212,g199211,cell,cell
g199213,g199211,cell,cell
g199211,u12_wb_data_o_reg\[16\],cell,cell
g199218,g199216,cell,cell
g199216,g199221,cell,cell
g199216,g199220,cell,cell
g199216,g199219,cell,cell
g199216,g154336__199215,cell,cell
g154336__199215,g179301,cell,cell
g153316__6783,u11_mem_reg\[3\]\[29\],cell,cell
g199219,g179301,cell,cell
g199220,g179299,cell,cell
g199221,g153607__179418,cell,cell
g158906,g153951__182100,cell,cell
g158906,g153915__168275,cell,cell
g158906,g153315__5526,cell,cell
g158906,g153291__3680,cell,cell
g153315__5526,u11_mem_reg\[3\]\[30\],cell,cell
g199240,g219102,cell,cell
g199240,g193970,cell,cell
g153314__8428,u11_mem_reg\[3\]\[31\],cell,cell
g153843__5477,u3_dout_reg\[12\],cell,cell
g153301__6417,u11_mem_reg\[1\]\[20\],cell,cell
g153300__7410,u11_mem_reg\[1\]\[21\],cell,cell
g199334,g170016,cell,cell
g58,g199344,cell,cell
g153299__2883,u11_mem_reg\[1\]\[22\],cell,cell
g199344,g153624__185113,cell,cell
g153837__9945,u7_dout_reg\[16\],cell,cell
g153298__6161,u11_mem_reg\[1\]\[23\],cell,cell
g153297__4733,u11_mem_reg\[1\]\[24\],cell,cell
g153296__7482,u11_mem_reg\[1\]\[25\],cell,cell
g199410,u8_mem_reg\[1\]\[6\],cell,cell
g153295__5115,u11_mem_reg\[1\]\[26\],cell,cell
g153294__1881,u11_mem_reg\[1\]\[27\],cell,cell
g153293__7098,u11_mem_reg\[1\]\[28\],cell,cell
g153292__1705,u11_mem_reg\[1\]\[29\],cell,cell
g199522,g199521,cell,cell
g199522,g154118__5477,cell,cell
g153291__3680,u11_mem_reg\[1\]\[30\],cell,cell
g199521,g153651__5115,cell,cell
g153290__5526,u11_mem_reg\[1\]\[31\],cell,cell
g158521,g182102,cell,cell
g158521,g153820__168262,cell,cell
g158521,g153435__6783,cell,cell
g158521,g153350__5115,cell,cell
g199621,g212432,cell,cell
g199621,g205421,cell,cell
g199621,g204762,cell,cell
g199621,g199624,cell,cell
g199621,g186861,cell,cell
g199621,g186857,cell,cell
g199621,g186670,cell,cell
g199621,g184114,cell,cell
g199621,g175263,cell,cell
g199621,g173774,cell,cell
g199621,g173773,cell,cell
g199621,g173772,cell,cell
g199621,g173771,cell,cell
g199621,g173770,cell,cell
g199621,g173769,cell,cell
g199621,g173765,cell,cell
g199621,g173764,cell,cell
g199621,g173763,cell,cell
g199621,g162910,cell,cell
g199621,g162909,cell,cell
g199621,g162906,cell,cell
g199621,g162904,cell,cell
g199622,g219108,cell,cell
g199622,g212626,cell,cell
g199622,g211406,cell,cell
g199622,g205421,cell,cell
g199622,g204761,cell,cell
g199622,g200841,cell,cell
g199622,g200838,cell,cell
g199622,g200837,cell,cell
g199622,g200832,cell,cell
g199622,g200830,cell,cell
g199622,g199624,cell,cell
g199622,g194315,cell,cell
g199622,g190190,cell,cell
g199622,g184114,cell,cell
g199622,g173778,cell,cell
g199622,g173777,cell,cell
g199622,g173774,cell,cell
g199622,g173773,cell,cell
g199622,g173772,cell,cell
g199622,g173771,cell,cell
g199622,g173770,cell,cell
g199622,g173769,cell,cell
g199622,g173765,cell,cell
g199622,g173764,cell,cell
g199622,g173763,cell,cell
g199624,g199623,cell,cell
g199623,g176221,cell,cell
g199623,g157677,cell,cell
g199623,g157500,cell,cell
g224,g223,cell,cell
g224,g172431,cell,cell
g224,g153762__168314,cell,cell
g224,g153363__9315,cell,cell
g223,u9_mem_reg\[3\]\[18\],cell,cell
g199637,u6_mem_reg\[3\]\[13\],cell,cell
g160153,g224457,cell,cell
g160153,g188463,cell,cell
g199705,g193159,cell,cell
g199705,g153886__205418,cell,cell
g154739,g93,cell,cell
g154739,g153675__171918,cell,cell
g154774,g218313,cell,cell
g154774,g200558,cell,cell
g154774,g194035,cell,cell
g154774,g153662__6783,cell,cell
g154774,g153659__1617,cell,cell
g154774,g130,cell,cell
g153662__6783,u8_dout_reg\[18\],cell,cell
g153433__8428,u11_mem_reg\[3\]\[9\],cell,cell
g153577__6417,u9_mem_reg\[0\]\[1\],cell,cell
g153576__7410,u9_mem_reg\[0\]\[2\],cell,cell
g159596,g173839,cell,cell
g153575__1666,u9_mem_reg\[0\]\[3\],cell,cell
g153574__2883,u9_mem_reg\[0\]\[4\],cell,cell
g153573__9945,u9_mem_reg\[0\]\[5\],cell,cell
g153572__9315,u9_mem_reg\[0\]\[6\],cell,cell
g153571__6161,u9_mem_reg\[0\]\[7\],cell,cell
g153569__7482,u9_mem_reg\[0\]\[9\],cell,cell
g153568__5115,u9_mem_reg\[0\]\[10\],cell,cell
g200045,g549,cell,cell
g200045,g157547,cell,cell
g153567__1881,u9_mem_reg\[0\]\[11\],cell,cell
g200047,g175895,cell,cell
g200049,g184295,cell,cell
g153566__6131,u9_mem_reg\[0\]\[12\],cell,cell
fopt200058,g223715,cell,cell
fopt200058,g206337,cell,cell
fopt200058,g156971,cell,cell
g153565__7098,u9_mem_reg\[0\]\[13\],cell,cell
g153564__8246,u9_mem_reg\[0\]\[14\],cell,cell
g153563__5122,u9_mem_reg\[0\]\[15\],cell,cell
g153562__1705,u9_mem_reg\[0\]\[16\],cell,cell
g153561__2802,u9_mem_reg\[0\]\[17\],cell,cell
g153559__3680,u9_mem_reg\[0\]\[19\],cell,cell
g153584__6783,u3_dout_reg\[18\],cell,cell
g200142,g200144,cell,cell
g200142,g200141,cell,cell
g200141,g200157,cell,cell
g200141,g200156,cell,cell
g200141,g200155,cell,cell
g200141,g200154,cell,cell
g200141,g200153,cell,cell
g200141,g200152,cell,cell
g200141,g200151,cell,cell
g200141,g200150,cell,cell
g200141,g200149,cell,cell
g200141,g200148,cell,cell
g200141,g200147,cell,cell
g200141,g200146,cell,cell
g200141,g200145,cell,cell
g200141,g200140,cell,cell
g200140,u7_mem_reg\[1\]\[1\],cell,cell
g153585__5526,u3_dout_reg\[17\],cell,cell
g200144,g214952,cell,cell
g200144,g213867,cell,cell
g200144,g213843,cell,cell
g200144,g200174,cell,cell
g200144,g200173,cell,cell
g200144,g200170,cell,cell
g200144,g200169,cell,cell
g200144,g200168,cell,cell
g200144,g200166,cell,cell
g200144,g200165,cell,cell
g200144,g200164,cell,cell
g200144,g200163,cell,cell
g200144,g200162,cell,cell
g200144,g200161,cell,cell
g200144,g200160,cell,cell
g200144,g200159,cell,cell
g200144,g200158,cell,cell
g200144,g200143,cell,cell
g200143,u7_mem_reg\[1\]\[21\],cell,cell
g200145,u7_mem_reg\[1\]\[29\],cell,cell
g200146,u7_mem_reg\[1\]\[5\],cell,cell
g200147,u7_mem_reg\[1\]\[27\],cell,cell
g200148,u7_mem_reg\[1\]\[0\],cell,cell
g200149,u7_mem_reg\[1\]\[30\],cell,cell
g200150,u7_mem_reg\[1\]\[25\],cell,cell
g200151,u7_mem_reg\[1\]\[18\],cell,cell
g200152,u7_mem_reg\[1\]\[11\],cell,cell
g153586__8428,u3_dout_reg\[16\],cell,cell
g200153,u7_mem_reg\[1\]\[9\],cell,cell
g200154,u7_mem_reg\[1\]\[12\],cell,cell
g200155,u7_mem_reg\[1\]\[19\],cell,cell
g200156,u7_mem_reg\[1\]\[15\],cell,cell
g200157,u7_mem_reg\[1\]\[7\],cell,cell
g200158,u7_mem_reg\[1\]\[17\],cell,cell
g200159,u7_mem_reg\[1\]\[6\],cell,cell
g200160,u7_mem_reg\[1\]\[20\],cell,cell
g200161,u7_mem_reg\[1\]\[23\],cell,cell
g200162,u7_mem_reg\[1\]\[2\],cell,cell
fopt2363,g184614,cell,cell
fopt2363,g169135,cell,cell
fopt2363,g163921,cell,cell
fopt2363,g163919,cell,cell
fopt2363,g154229,cell,cell
fopt2363,g154228,cell,cell
fopt2363,g153631__1617,cell,cell
fopt2363,fopt,cell,cell
g200163,u7_mem_reg\[1\]\[14\],cell,cell
g200164,u7_mem_reg\[1\]\[24\],cell,cell
g200165,u7_mem_reg\[1\]\[13\],cell,cell
g200166,u7_mem_reg\[1\]\[26\],cell,cell
g200168,u7_mem_reg\[1\]\[16\],cell,cell
g200169,u7_mem_reg\[1\]\[8\],cell,cell
g200170,u7_mem_reg\[1\]\[3\],cell,cell
g200173,u7_mem_reg\[1\]\[31\],cell,cell
g200174,u7_mem_reg\[1\]\[28\],cell,cell
g155543,g218313,cell,cell
g155543,g153844__219225,cell,cell
g155543,g153662__6783,cell,cell
g155543,g153595__219229,cell,cell
g155543,g153594__219232,cell,cell
g155543,g153593__219227,cell,cell
g155543,g153592__219228,cell,cell
g155543,g104,cell,cell
g200191,g202672,cell,cell
g200191,g200196,cell,cell
g200191,g200195,cell,cell
g200191,g200194,cell,cell
g200191,g200193,cell,cell
g200191,g200192,cell,cell
g200192,g111,cell,cell
g200193,g212358,cell,cell
g200193,g212202,cell,cell
g200193,g206130,cell,cell
g200193,g205423,cell,cell
g200193,g204759,cell,cell
g200193,g195,cell,cell
g200193,g180565,cell,cell
g200193,g176221,cell,cell
g200193,g176215,cell,cell
g200193,g173940,cell,cell
g200193,g170097,cell,cell
g200194,g176214,cell,cell
g200194,g154346__5122,cell,cell
g200195,g200197,cell,cell
g200195,g199705,cell,cell
g200195,g188727,cell,cell
g200195,g154345__5107,cell,cell
g200195,g154343__4319,cell,cell
g200195,g154342__5526,cell,cell
g200195,g154341__1617,cell,cell
g200196,g27,cell,cell
g200196,g211698,cell,cell
g200196,g211697,cell,cell
g200196,g204763,cell,cell
g200196,g204759,cell,cell
g200196,g180562,cell,cell
g200196,g180432,cell,cell
g200196,g166576,cell,cell
g200196,g157662,cell,cell
g200196,g157656,cell,cell
g200196,g157655,cell,cell
g200196,g157500,cell,cell
g200197,g153600__193163,cell,cell
g194247,g30,cell,cell
g194247,g194250,cell,cell
g194247,g194249,cell,cell
g194247,g194246,cell,cell
g194247,g182421,cell,cell
g194247,g181571_dup194251,cell,cell
g194247,g177137,cell,cell
g200217,g154359__1666,cell,cell
g200217,g154357__2883,cell,cell
g200239,g83,cell,cell
g200239,g200242,cell,cell
g200239,g194136,cell,cell
g200239,g178025,cell,cell
g200239,g178024,cell,cell
g200239,g174908,cell,cell
g200239,g171389,cell,cell
g200239,g169187,cell,cell
g200239,g168808,cell,cell
g200239,g163893,cell,cell
g200239,g162680,cell,cell
g200239,g162672,cell,cell
fopt200240,g49,cell,cell
fopt200240,g200242,cell,cell
fopt200240,g174908,cell,cell
fopt200240,g168808,cell,cell
fopt200240,g163896,cell,cell
fopt200240,g163893,cell,cell
fopt200240,g163890,cell,cell
fopt200240,g163888,cell,cell
g200242,g200241,cell,cell
g200241,g157751,cell,cell
g200241,g157644,cell,cell
g200241,g157462,cell,cell
g153599__2346,u3_dout_reg\[4\],cell,cell
fopt200277,g37,cell,cell
fopt200277,g200276,cell,cell
fopt200277,g192552,cell,cell
fopt200277,g183903,cell,cell
fopt200277,g183511,cell,cell
fopt200277,g171389,cell,cell
fopt200277,g163897,cell,cell
fopt200277,g163886,cell,cell
fopt200277,g158725,cell,cell
fopt200277,g158713,cell,cell
g200276,g198833,cell,cell
g153603__6161,u7_dout_reg\[4\],cell,cell
g200312,g198743,cell,cell
g200315,u9_full_reg,cell,cell
g200340,g200344,cell,cell
g200340,g200342,cell,cell
g200340,g198256,cell,cell
g200340,g198251,cell,cell
g200340,g176529,cell,cell
g200340,g156980,cell,cell
g200342,g200347,cell,cell
g200342,g200346,cell,cell
g200342,g200345,cell,cell
g200342,g200341,cell,cell
g200341,g191781,cell,cell
g200344,g200349,cell,cell
g200344,g200348,cell,cell
g200344,g200343,cell,cell
g200343,g107,cell,cell
g200345,g179065,cell,cell
g200346,g224,cell,cell
g200346,g158831,cell,cell
g200347,g179063,cell,cell
g200348,g196985,cell,cell
g200349,g196982,cell,cell
fopt200350,g153891__176455,cell,cell
g153631__1617,u3_dout_reg\[19\],cell,cell
g153845__200405,u8_dout_reg\[15\],cell,cell
g200411,g200415,cell,cell
g200411,g200414,cell,cell
g200411,g200412,cell,cell
g200411,g156978,cell,cell
g200414,g200420,cell,cell
g200414,g200419,cell,cell
g200414,g200418,cell,cell
g200414,g200417,cell,cell
g200414,g200413,cell,cell
g200413,g154103__198365,cell,cell
g200413,g154082__167222,cell,cell
g200413,g153869__167224,cell,cell
g200413,g153784__178433,cell,cell
g200415,g178423,cell,cell
g200415,g171378,cell,cell
g200415,g154104__198357,cell,cell
g200415,g153870__5115,cell,cell
g200417,g154091__198355,cell,cell
g200417,g154071__6260,cell,cell
g200417,g153773__188371,cell,cell
g200418,g224146,cell,cell
g200418,g154089__198371,cell,cell
g200418,g154069__2398,cell,cell
g200418,g153771__178445,cell,cell
g200419,g156,cell,cell
g200420,g200520,cell,cell
g200420,g154088__198370,cell,cell
g200420,g153985__1881,cell,cell
g200420,g153770__178446,cell,cell
g159572,g168960,cell,cell
g159572,g159025,cell,cell
g200464,g200463,cell,cell
g200463,u4_rp_reg\[1\],cell,cell
fopt200481,g178081,cell,cell
g154759,g224630,cell,cell
g154759,g194039,cell,cell
g154759,g163992,cell,cell
g154759,g126,cell,cell
g200520,u10_mem_reg\[1\]\[4\],cell,cell
g200560,g200559,cell,cell
g200561,g200559,cell,cell
g200562,g200559,cell,cell
g200563,g200559,cell,cell
g200559,g200558,cell,cell
g200558,u8_dout_reg\[11\],cell,cell
g200565,g200567,cell,cell
g200565,g188525,cell,cell
g200565,g186388,cell,cell
g200565,g184511,cell,cell
g200565,g175105,cell,cell
g200565,g169027,cell,cell
g200565,g168801,cell,cell
g200565,g159071,cell,cell
g200565,g159070,cell,cell
g200565,g158819,cell,cell
g200565,g158792,cell,cell
g200565,g158786,cell,cell
g200565,g158782,cell,cell
g200565,g158768,cell,cell
g200565,g158758,cell,cell
g200565,g158721,cell,cell
g200565,g158346,cell,cell
g200565,g158322,cell,cell
g200565,g158321,cell,cell
g200565,g158313,cell,cell
g200565,g158312,cell,cell
g200565,g158301,cell,cell
g200565,g158266,cell,cell
g153643__1666,u7_dout_reg\[8\],cell,cell
g200567,g200568,cell,cell
g200567,g200566,cell,cell
g200566,g188044,cell,cell
g200568,g186850,cell,cell
g200568,g154392__2802,cell,cell
g153644__2346,u7_dout_reg\[9\],cell,cell
g153645__2883,u7_dout_reg\[10\],cell,cell
g153646__9945,u7_dout_reg\[11\],cell,cell
g155541,g210505,cell,cell
g155541,g193162,cell,cell
g155541,g176218,cell,cell
g155541,g171872,cell,cell
g155541,g171748,cell,cell
g155541,g153839__180563,cell,cell
g155541,g153837__9945,cell,cell
g155541,g153648__196988,cell,cell
g155541,g153646__9945,cell,cell
g155541,g153645__2883,cell,cell
g155541,g153644__2346,cell,cell
g155541,g153643__1666,cell,cell
g155541,g153603__6161,cell,cell
g155541,g153602__193161,cell,cell
g155541,g153601__193160,cell,cell
g155541,g153600__193163,cell,cell
g200638,g200637,cell,cell
g200639,g200637,cell,cell
g200637,g199211,cell,cell
g200646,g197826,cell,cell
fopt200649,g187709,cell,cell
fopt200649,fopt200648,cell,cell
g153651__5115,u3_dout_reg\[8\],cell,cell
fopt200648,g217561,cell,cell
fopt200648,g200652,cell,cell
fopt200648,g200650,cell,cell
fopt200648,fopt200647,cell,cell
g200650,g162473,cell,cell
g200652,g177158,cell,cell
g153652__1881,u3_dout_reg\[9\],cell,cell
g153655__8246,u8_dout_reg\[8\],cell,cell
g153656__5122,u8_dout_reg\[9\],cell,cell
g159864,g159863,cell,cell
g159864,g157115,cell,cell
g159864,g156162,cell,cell
g155542,g200558,cell,cell
g155542,g194035,cell,cell
g155542,g164106,cell,cell
g155542,g153845__200405,cell,cell
g155542,g153659__1617,cell,cell
g155542,g153656__5122,cell,cell
g155542,g153655__8246,cell,cell
g155542,g130,cell,cell
g153659__1617,u8_dout_reg\[12\],cell,cell
g153436__3680,u11_mem_reg\[3\]\[12\],cell,cell
g153435__6783,u11_mem_reg\[3\]\[11\],cell,cell
g153434__5526,u11_mem_reg\[3\]\[10\],cell,cell
g160066,g158149,cell,cell
g153421__4319,u9_mem_reg\[3\]\[17\],cell,cell
g153420__6260,u9_mem_reg\[3\]\[16\],cell,cell
g153419__5107,u9_mem_reg\[3\]\[15\],cell,cell
fopt200829,g212124,cell,cell
fopt200829,g211407,cell,cell
fopt200829,g199173,cell,cell
g200830,g186669,cell,cell
g200832,g192438,cell,cell
g200833,g199174,cell,cell
g200835,g154320__200834,cell,cell
g154320__200834,g153974__6783,cell,cell
g200836,g188094,cell,cell
g200837,g157945,cell,cell
g200838,g187491,cell,cell
g153418__2398,u9_mem_reg\[3\]\[14\],cell,cell
g200839,g157951,cell,cell
g200840,g180562,cell,cell
g200840,g171550,cell,cell
g200841,g186860,cell,cell
g200844,g199623,cell,cell
g200845,g157948,cell,cell
g200846,g157906,cell,cell
g200847,g200194,cell,cell
g200847,g194,cell,cell
g200848,g157950,cell,cell
g153417__5477,u9_mem_reg\[3\]\[13\],cell,cell
g200850,g181397,cell,cell
g200852,g157892,cell,cell
g153416__6417,u9_mem_reg\[3\]\[12\],cell,cell
g153411__9945,u9_mem_reg\[3\]\[7\],cell,cell
g153410__9315,u9_mem_reg\[3\]\[6\],cell,cell
g153409__6161,u9_mem_reg\[3\]\[5\],cell,cell
g153408__4733,u9_mem_reg\[3\]\[4\],cell,cell
g200936,g200938,cell,cell
g200936,g193157,cell,cell
g200936,g193156,cell,cell
g200936,g193155,cell,cell
g200936,g193154,cell,cell
g200936,g193151,cell,cell
g200936,g193149,cell,cell
g200936,g154221,cell,cell
g200936,g153886__205418,cell,cell
g200938,g154114__200937,cell,cell
g154114__200937,g153648__196988,cell,cell
g153404__6131,u9_mem_reg\[3\]\[0\],cell,cell
g159997,g436,cell,cell
g159997,g159996,cell,cell
g153381__8246,u9_mem_reg\[1\]\[0\],cell,cell
g153379__1705,u9_mem_reg\[1\]\[2\],cell,cell
g153378__2802,u9_mem_reg\[1\]\[3\],cell,cell
fopt201048,g213869,cell,cell
fopt201048,g202318,cell,cell
fopt201048,g202316,cell,cell
fopt201048,g202315,cell,cell
fopt201048,g202314,cell,cell
fopt201048,g202313,cell,cell
fopt201048,g202311,cell,cell
fopt201048,g202308,cell,cell
fopt201048,g202303,cell,cell
fopt201048,g202302,cell,cell
fopt201048,g202299,cell,cell
fopt201048,g202298,cell,cell
fopt201048,g202297,cell,cell
fopt201048,g202295,cell,cell
fopt201048,g202293,cell,cell
fopt201048,g202290,cell,cell
g153377__1617,u9_mem_reg\[1\]\[4\],cell,cell
fopt201049,g214962,cell,cell
fopt201049,g213839,cell,cell
fopt201049,g202312,cell,cell
fopt201049,g202310,cell,cell
fopt201049,g202309,cell,cell
fopt201049,g202307,cell,cell
fopt201049,g202306,cell,cell
fopt201049,g202305,cell,cell
fopt201049,g202304,cell,cell
fopt201049,g202301,cell,cell
fopt201049,g202300,cell,cell
fopt201049,g202294,cell,cell
fopt201049,g202292,cell,cell
fopt201049,g202289,cell,cell
fopt201049,g202288,cell,cell
fopt201049,g202287,cell,cell
g153375__6783,u9_mem_reg\[1\]\[6\],cell,cell
g153374__5526,u9_mem_reg\[1\]\[7\],cell,cell
g153372__4319,u9_mem_reg\[1\]\[9\],cell,cell
g153371__5107,u9_mem_reg\[1\]\[10\],cell,cell
g309,g455,cell,cell
g201204,g154317__201203,cell,cell
g154317__201203,g153971__218177,cell,cell
g201208,g191893,cell,cell
g201209,g157970,cell,cell
g201210,g187623,cell,cell
g201211,g207597,cell,cell
g201213,g157975,cell,cell
g201214,g177284,cell,cell
g201214,fopt182915,cell,cell
g201215,g200562,cell,cell
g201215,g194375,cell,cell
g201215,g168950,cell,cell
g201215,g158126,cell,cell
g201215,g158125,cell,cell
g201215,g158124,cell,cell
g201215,g158123,cell,cell
g201215,g158122,cell,cell
g201215,g158120,cell,cell
g201215,g158118,cell,cell
g201215,g158116,cell,cell
g201215,g158111,cell,cell
g201216,g157978,cell,cell
g153368__6417,u9_mem_reg\[1\]\[13\],cell,cell
g201217,g170366,cell,cell
g201220,g172211,cell,cell
g201220,g172210,cell,cell
g201222,g157971,cell,cell
g201223,g224656,cell,cell
g201223,g179262,cell,cell
g201225,g205710,cell,cell
g201226,g171209,cell,cell
g201227,g153,cell,cell
g153367__1666,u9_mem_reg\[1\]\[14\],cell,cell
g153366__2346,u9_mem_reg\[1\]\[15\],cell,cell
g153365__2883,u9_mem_reg\[1\]\[16\],cell,cell
g153364__9945,u9_mem_reg\[1\]\[17\],cell,cell
g153363__9315,u9_mem_reg\[1\]\[18\],cell,cell
g153362__6161,u9_mem_reg\[1\]\[19\],cell,cell
g153337__4733,u9_mem_reg\[3\]\[20\],cell,cell
g153336__7482,u9_mem_reg\[3\]\[21\],cell,cell
g153335__5115,u9_mem_reg\[3\]\[22\],cell,cell
g159604,g188065,cell,cell
g159604,g157118,cell,cell
g159604,g152434__8428,cell,cell
g158936,g153935__6131,cell,cell
g158936,g153899__168306,cell,cell
g158936,g153331__6783,cell,cell
g158936,g153307__5115,cell,cell
g153331__6783,u9_mem_reg\[3\]\[26\],cell,cell
g158926,g176786,cell,cell
g158926,g153934__8246,cell,cell
g158926,g153898__168307,cell,cell
g158926,g153308__7482,cell,cell
g158915,g153936__1881,cell,cell
g158915,g153900__168305,cell,cell
g158915,g153330__4319,cell,cell
g158915,g153306__1881,cell,cell
g153330__4319,u9_mem_reg\[3\]\[27\],cell,cell
g158931,g153931__1617,cell,cell
g158931,g153895__168310,cell,cell
g158931,g153335__5115,cell,cell
g158931,g153311__9315,cell,cell
g158938,g153930__3680,cell,cell
g158938,g153894__168311,cell,cell
g158938,g153336__7482,cell,cell
g158938,g153312__9945,cell,cell
g159173,g193861,cell,cell
g159173,g179660,cell,cell
g159173,g179657,cell,cell
g153313__2883,u9_mem_reg\[1\]\[20\],cell,cell
g153312__9945,u9_mem_reg\[1\]\[21\],cell,cell
g153311__9315,u9_mem_reg\[1\]\[22\],cell,cell
g153310__6161,u9_mem_reg\[1\]\[23\],cell,cell
g153309__4733,u9_mem_reg\[1\]\[24\],cell,cell
g160072,g158113,cell,cell
g153308__7482,u9_mem_reg\[1\]\[25\],cell,cell
g153307__5115,u9_mem_reg\[1\]\[26\],cell,cell
g153306__1881,u9_mem_reg\[1\]\[27\],cell,cell
g153305__6131,u9_mem_reg\[1\]\[28\],cell,cell
g153304__7098,u9_mem_reg\[1\]\[29\],cell,cell
g153303__8246,u9_mem_reg\[1\]\[30\],cell,cell
g153302__5122,u9_mem_reg\[1\]\[31\],cell,cell
g159871,g159147,cell,cell
g159871,g153399__5115,cell,cell
g159871,g153395__175376,cell,cell
g158831,g153763__168294,cell,cell
g158831,g153559__3680,cell,cell
g158831,g153423__1705,cell,cell
g158831,g153362__6161,cell,cell
g153423__1705,u9_mem_reg\[3\]\[19\],cell,cell
g159307,g172434,cell,cell
g159307,g159223,cell,cell
g154858__6260,u1_slt1_reg\[7\],cell,cell
g154857__5107,u1_slt2_reg\[7\],cell,cell
g154840__2398,u1_slt3_reg\[7\],cell,cell
g154839__5477,u1_slt4_reg\[7\],cell,cell
g154838__6417,u1_slt6_reg\[7\],cell,cell
g159223,g184483,cell,cell
g154431__2883,g168313,cell,cell
g154431__2883,g153976__168300,cell,cell
g154431__2883,g153904__168302,cell,cell
g154431__2883,g153903__168303,cell,cell
g154431__2883,g153902__168304,cell,cell
g154431__2883,g153901__168297,cell,cell
g154431__2883,g153900__168305,cell,cell
g154431__2883,g153899__168306,cell,cell
g154431__2883,g153898__168307,cell,cell
g154431__2883,g153897__168308,cell,cell
g154431__2883,g153896__168309,cell,cell
g154431__2883,g153895__168310,cell,cell
g154431__2883,g153894__168311,cell,cell
g154431__2883,g153893__168312,cell,cell
g154431__2883,g153763__168294,cell,cell
g154431__2883,g153762__168314,cell,cell
g154431__2883,g153761__168317,cell,cell
g154431__2883,g153558__168322,cell,cell
g154431__2883,g153557__168323,cell,cell
g154431__2883,g153556__168324,cell,cell
g154431__2883,g153555__168325,cell,cell
g154431__2883,g153553__168326,cell,cell
g154431__2883,g153552__168299,cell,cell
g154431__2883,g153551__168327,cell,cell
g154431__2883,g153550__178342,cell,cell
g154431__2883,g153549__168316,cell,cell
g154431__2883,g153548__168315,cell,cell
g154431__2883,g153547__168319,cell,cell
g154431__2883,g153546__168328,cell,cell
g154431__2883,g153545__168318,cell,cell
g154431__2883,g153544__168301,cell,cell
g154431__2883,g153543__168321,cell,cell
g155073,u1_sr_reg\[9\],cell,cell
g152847__2883,u0_slt9_r_reg\[4\],cell,cell
g154399__9945,u1_slt3_reg\[8\],cell,cell
g154400__9315,u1_slt4_reg\[8\],cell,cell
g154401__6161,u1_slt6_reg\[8\],cell,cell
g154396__4733,u1_slt2_reg\[8\],cell,cell
g154395__7482,u1_slt1_reg\[8\],cell,cell
g154437,u1_sr_reg\[10\],cell,cell
g154129__5115,u1_slt6_reg\[9\],cell,cell
g154128__1881,u1_slt4_reg\[9\],cell,cell
g154127__6131,u1_slt3_reg\[9\],cell,cell
g27,g202202,cell,cell
g27,g159976,cell,cell
g27,g155024,cell,cell
g202203,g206130,cell,cell
g202203,g202202,cell,cell
g202203,g155541,cell,cell
g153995__7098,u1_slt2_reg\[9\],cell,cell
g202202,u7_rp_reg\[0\],cell,cell
g202202,g179,cell,cell
g202202,g153974__6783,cell,cell
g153994__8246,u1_slt0_reg\[9\],cell,cell
g152818__5122,u0_slt9_r_reg\[5\],cell,cell
g159319,g159034,cell,cell
g159319,g158372,cell,cell
g159319,g157581,cell,cell
g154157,u1_sr_reg\[11\],cell,cell
g153875__1705,u1_slt3_reg\[10\],cell,cell
g153876__2802,u1_slt4_reg\[10\],cell,cell
g153877__1617,u1_slt6_reg\[10\],cell,cell
g156893,g156116__5115,cell,cell
g156893,g155592__5477,cell,cell
g156893,g154858__6260,cell,cell
g156893,g154395__7482,cell,cell
g156893,g153590__3680,cell,cell
g156893,g153402__6260,cell,cell
g153590__3680,u1_slt1_reg\[10\],cell,cell
g153589__6783,u1_slt2_reg\[10\],cell,cell
g153977,u1_sr_reg\[12\],cell,cell
g153403__5526,u1_slt2_reg\[11\],cell,cell
g202272,g184496,cell,cell
g202272,g179414,cell,cell
g153341__8428,u1_slt3_reg\[11\],cell,cell
g174069_dup202286,fopt202291,cell,cell
g174069_dup202286,fopt202285,cell,cell
fopt202285,g214962,cell,cell
fopt202285,g213869,cell,cell
fopt202285,g202302,cell,cell
fopt202285,g202301,cell,cell
fopt202285,g202300,cell,cell
fopt202285,g202299,cell,cell
fopt202285,g202298,cell,cell
fopt202285,g202297,cell,cell
fopt202285,g202295,cell,cell
fopt202285,g202294,cell,cell
fopt202285,g202293,cell,cell
fopt202285,g202292,cell,cell
fopt202285,g202289,cell,cell
fopt202285,g202288,cell,cell
fopt202285,g202287,cell,cell
g202287,u3_mem_reg\[0\]\[3\],cell,cell
g202288,u3_mem_reg\[0\]\[1\],cell,cell
g202289,u3_mem_reg\[0\]\[21\],cell,cell
fopt202291,g213839,cell,cell
fopt202291,g202318,cell,cell
fopt202291,g202316,cell,cell
fopt202291,g202315,cell,cell
fopt202291,g202314,cell,cell
fopt202291,g202313,cell,cell
fopt202291,g202312,cell,cell
fopt202291,g202311,cell,cell
fopt202291,g202310,cell,cell
fopt202291,g202309,cell,cell
fopt202291,g202308,cell,cell
fopt202291,g202307,cell,cell
fopt202291,g202306,cell,cell
fopt202291,g202305,cell,cell
fopt202291,g202304,cell,cell
fopt202291,g202303,cell,cell
fopt202291,g202290,cell,cell
g202290,u3_mem_reg\[0\]\[6\],cell,cell
g158372,u2_sync_beat_reg,cell,cell
g153401__4319,u1_slt0_reg\[11\],cell,cell
g202292,u3_mem_reg\[0\]\[11\],cell,cell
g202293,u3_mem_reg\[0\]\[17\],cell,cell
g202294,u3_mem_reg\[0\]\[7\],cell,cell
g202295,u3_mem_reg\[0\]\[24\],cell,cell
g202297,u3_mem_reg\[0\]\[20\],cell,cell
g202298,u3_mem_reg\[0\]\[25\],cell,cell
g202299,u3_mem_reg\[0\]\[13\],cell,cell
g202300,u3_mem_reg\[0\]\[30\],cell,cell
g202301,u3_mem_reg\[0\]\[8\],cell,cell
g153402__6260,u1_slt1_reg\[11\],cell,cell
g202302,u3_mem_reg\[0\]\[27\],cell,cell
g202303,u3_mem_reg\[0\]\[9\],cell,cell
g202304,u3_mem_reg\[0\]\[26\],cell,cell
g202305,u3_mem_reg\[0\]\[0\],cell,cell
g202306,u3_mem_reg\[0\]\[28\],cell,cell
g202307,u3_mem_reg\[0\]\[18\],cell,cell
g202308,u3_mem_reg\[0\]\[31\],cell,cell
g202309,u3_mem_reg\[0\]\[29\],cell,cell
g202310,u3_mem_reg\[0\]\[19\],cell,cell
g202311,u3_mem_reg\[0\]\[16\],cell,cell
g153340__5107,u1_slt4_reg\[11\],cell,cell
g202312,u3_mem_reg\[0\]\[15\],cell,cell
g202313,u3_mem_reg\[0\]\[23\],cell,cell
g202314,u3_mem_reg\[0\]\[14\],cell,cell
g202315,u3_mem_reg\[0\]\[5\],cell,cell
g202316,u3_mem_reg\[0\]\[2\],cell,cell
g202318,u3_mem_reg\[0\]\[12\],cell,cell
g152804__2398,u0_slt9_r_reg\[6\],cell,cell
g202323,g213720,cell,cell
g202323,g207748,cell,cell
g456,g455,cell,cell
g455,u4_dout_reg\[5\],cell,cell
g202327,g202326,cell,cell
g202328,g202326,cell,cell
g202329,g202326,cell,cell
g202330,g202326,cell,cell
g202326,g202325,cell,cell
g153339__5477,u1_slt6_reg\[11\],cell,cell
g202325,u5_dout_reg\[4\],cell,cell
g202337,g202336,cell,cell
g202338,g202336,cell,cell
g153542,u1_sr_reg\[13\],cell,cell
g202339,g202336,cell,cell
g202336,u12_wb_data_o_reg\[15\],cell,cell
g156645,g153994__8246,cell,cell
g156645,g153401__4319,cell,cell
g156645,g152964__6417,cell,cell
g156645,g152859__2802,cell,cell
g152964__6417,u1_slt0_reg\[12\],cell,cell
g202360,g202359,cell,cell
g202359,g157010,cell,cell
g152963__7410,u1_slt2_reg\[12\],cell,cell
g152962__1666,u1_slt3_reg\[12\],cell,cell
g160074,g158284,cell,cell
g152961__2346,u1_slt4_reg\[12\],cell,cell
g202384,g202383,cell,cell
g202383,g202359,cell,cell
g202383,g157723,cell,cell
g202383,g157479,cell,cell
g152960__2883,u1_slt6_reg\[12\],cell,cell
g153037,u1_sr_reg\[14\],cell,cell
g152802__9945,u0_slt9_r_reg\[7\],cell,cell
g152880__9315,u1_slt6_reg\[13\],cell,cell
g152879__6161,u1_slt2_reg\[13\],cell,cell
g152878__4733,u1_slt3_reg\[13\],cell,cell
g152877__7482,u1_slt4_reg\[13\],cell,cell
g152883,u1_sr_reg\[15\],cell,cell
g152870__5115,u1_slt6_reg\[14\],cell,cell
g152869__1881,u1_slt4_reg\[14\],cell,cell
g202448,g202447,cell,cell
g202448,g202272,cell,cell
g202448,g184641,cell,cell
g202448,g184626,cell,cell
g202448,g184625,cell,cell
g202448,g184623,cell,cell
g202448,g181449,cell,cell
g202448,g168968,cell,cell
g202448,g158559,cell,cell
g202447,g202323,cell,cell
g152867__6131,u1_slt2_reg\[14\],cell,cell
g152866__7098,u1_slt3_reg\[14\],cell,cell
g152871,u1_sr_reg\[16\],cell,cell
g152800__8246,u0_slt9_r_reg\[8\],cell,cell
g152857__5122,u1_slt2_reg\[15\],cell,cell
g152858__1705,u1_slt6_reg\[15\],cell,cell
g152859__2802,u1_slt0_reg\[15\],cell,cell
g152856__1617,u1_slt3_reg\[15\],cell,cell
g152855__3680,u1_slt4_reg\[15\],cell,cell
g159700,g154314__9315,cell,cell
g152860,u1_sr_reg\[17\],cell,cell
g152846__6783,u1_slt6_reg\[16\],cell,cell
g152845__5526,u1_slt2_reg\[16\],cell,cell
g152844__8428,u1_slt3_reg\[16\],cell,cell
g152843__4319,u1_slt4_reg\[16\],cell,cell
g152798__6260,u0_slt9_r_reg\[9\],cell,cell
g152849,u1_sr_reg\[18\],cell,cell
fopt202580,g207595,cell,cell
fopt202581,g224642,cell,cell
g152836__5107,u1_slt6_reg\[17\],cell,cell
g152835__2398,u1_slt4_reg\[17\],cell,cell
g152833__5477,u1_slt2_reg\[17\],cell,cell
g152832__6417,u1_slt3_reg\[17\],cell,cell
g152837,u1_sr_reg\[19\],cell,cell
g152796__7410,u0_slt9_r_reg\[10\],cell,cell
g156648,g155587,cell,cell
g156648,g155586,cell,cell
g156648,g155584,cell,cell
g156648,g155578__2346,cell,cell
g156648,g154401__6161,cell,cell
g156648,g153877__1617,cell,cell
g156648,g152960__2883,cell,cell
g156648,g152870__5115,cell,cell
g156648,g152846__6783,cell,cell
g156648,g152817__9315,cell,cell
g156648,drc_buf_sp166429,cell,cell
g152826__1666,u1_slt6_reg\[18\],cell,cell
g156646,g155591,cell,cell
g156646,g155590,cell,cell
g156646,g155589__6417,cell,cell
g156646,g154857__5107,cell,cell
g156646,g154396__4733,cell,cell
g156646,g153995__7098,cell,cell
g156646,g153589__6783,cell,cell
g156646,g153403__5526,cell,cell
g156646,g152963__7410,cell,cell
g156646,g152879__6161,cell,cell
g156646,g152867__6131,cell,cell
g156646,g152857__5122,cell,cell
g156646,g152845__5526,cell,cell
g156646,g152833__5477,cell,cell
g156646,g152825__2346,cell,cell
g156646,g152816__6161,cell,cell
g202672,g219108,cell,cell
g202672,g212432,cell,cell
g202672,g212125,cell,cell
g202672,g202674,cell,cell
g202672,g200851_dup,cell,cell
g202672,g159059_dup212431,cell,cell
g202674,g202676,cell,cell
g202674,g202675,cell,cell
g202674,g202673,cell,cell
g202673,g210507,cell,cell
g202675,g212201,cell,cell
g202676,g180564,cell,cell
g152825__2346,u1_slt2_reg\[18\],cell,cell
g200851_dup,g212412,cell,cell
g200851_dup,g202678,cell,cell
g200851_dup,g202677,cell,cell
g202677,g176219,cell,cell
g202678,g176214,cell,cell
g157207,g156723,cell,cell
g157207,g156721,cell,cell
g157207,g156720,cell,cell
g157207,g155582__7410,cell,cell
g157207,g154399__9945,cell,cell
g157207,g153875__1705,cell,cell
g157207,g152962__1666,cell,cell
g157207,g152866__7098,cell,cell
g157207,g152844__8428,cell,cell
g157207,g152815__4733,cell,cell
g157207,drc_buf_sp166379,cell,cell
g178426,g209220,cell,cell
g178426,g187222,cell,cell
g178426,g154859__4319,cell,cell
g152824__2883,u1_slt3_reg\[18\],cell,cell
g157353,g157159,cell,cell
g157353,g157157,cell,cell
g157353,g156724,cell,cell
g157353,g155581__1666,cell,cell
g157353,g154400__9315,cell,cell
g157353,g153876__2802,cell,cell
g157353,g152961__2346,cell,cell
g157353,g152869__1881,cell,cell
g157353,g152843__4319,cell,cell
g157353,g152814__7482,cell,cell
g157353,drc_buf_sp166404,cell,cell
g152823__9945,u1_slt4_reg\[18\],cell,cell
g152817__9315,u1_slt6_reg\[19\],cell,cell
g152816__6161,u1_slt2_reg\[19\],cell,cell
g152815__4733,u1_slt3_reg\[19\],cell,cell
g152814__7482,u1_slt4_reg\[19\],cell,cell
g152794__5115,u0_slt9_r_reg\[11\],cell,cell
g152792__1881,u0_slt9_r_reg\[12\],cell,cell
g152790__6131,u0_slt9_r_reg\[13\],cell,cell
g152788__7098,u0_slt9_r_reg\[14\],cell,cell
g152786__8246,u0_slt9_r_reg\[15\],cell,cell
g152784__5122,u0_slt9_r_reg\[16\],cell,cell
g152782__1705,u0_slt9_r_reg\[17\],cell,cell
g152780__2802,u0_slt9_r_reg\[18\],cell,cell
g152778__1617,u0_slt9_r_reg\[19\],cell,cell
g152776__3680,u0_slt8_r_reg\[0\],cell,cell
g152774__6783,u0_slt8_r_reg\[1\],cell,cell
g152772__5526,u0_slt8_r_reg\[2\],cell,cell
g152770__8428,u0_slt8_r_reg\[3\],cell,cell
g152768__4319,u0_slt8_r_reg\[4\],cell,cell
g152766__6260,u0_slt8_r_reg\[5\],cell,cell
g152764__5107,u0_slt8_r_reg\[6\],cell,cell
g152762__2398,u0_slt8_r_reg\[7\],cell,cell
g152760__5477,u0_slt8_r_reg\[8\],cell,cell
g152758__6417,u0_slt8_r_reg\[9\],cell,cell
g152756__7410,u0_slt8_r_reg\[10\],cell,cell
g152754__1666,u0_slt8_r_reg\[11\],cell,cell
g152752__2346,u0_slt8_r_reg\[12\],cell,cell
g152750__2883,u0_slt8_r_reg\[13\],cell,cell
g152748__9945,u0_slt8_r_reg\[14\],cell,cell
g152746__9315,u0_slt8_r_reg\[15\],cell,cell
g152744__6161,u0_slt8_r_reg\[16\],cell,cell
g152742__4733,u0_slt8_r_reg\[17\],cell,cell
g152740__7482,u0_slt8_r_reg\[18\],cell,cell
g152738__5115,u0_slt8_r_reg\[19\],cell,cell
g152736__1881,u0_slt7_r_reg\[0\],cell,cell
g152734__6131,u0_slt7_r_reg\[1\],cell,cell
g152732__7098,u0_slt7_r_reg\[2\],cell,cell
g152730__8246,u0_slt7_r_reg\[3\],cell,cell
g152728__5122,u0_slt7_r_reg\[4\],cell,cell
g152726__1705,u0_slt7_r_reg\[5\],cell,cell
g152724__2802,u0_slt7_r_reg\[6\],cell,cell
g152722__1617,u0_slt7_r_reg\[7\],cell,cell
g152720__3680,u0_slt7_r_reg\[8\],cell,cell
g152718__6783,u0_slt7_r_reg\[9\],cell,cell
g152716__5526,u0_slt7_r_reg\[10\],cell,cell
g152714__8428,u0_slt7_r_reg\[11\],cell,cell
g152712__4319,u0_slt7_r_reg\[12\],cell,cell
g152710__6260,u0_slt7_r_reg\[13\],cell,cell
g152708__5107,u0_slt7_r_reg\[14\],cell,cell
g152706__2398,u0_slt7_r_reg\[15\],cell,cell
g152704__5477,u0_slt7_r_reg\[16\],cell,cell
g152702__6417,u0_slt7_r_reg\[17\],cell,cell
g152700__7410,u0_slt7_r_reg\[18\],cell,cell
g152698__1666,u0_slt7_r_reg\[19\],cell,cell
g152696__2346,u0_slt6_r_reg\[0\],cell,cell
g152694__2883,u0_slt6_r_reg\[1\],cell,cell
g152692__9945,u0_slt6_r_reg\[2\],cell,cell
g152690__9315,u0_slt6_r_reg\[3\],cell,cell
g152688__6161,u0_slt6_r_reg\[4\],cell,cell
g152686__4733,u0_slt6_r_reg\[5\],cell,cell
g152684__7482,u0_slt6_r_reg\[6\],cell,cell
g152682__5115,u0_slt6_r_reg\[7\],cell,cell
g152680__1881,u0_slt6_r_reg\[8\],cell,cell
g152678__6131,u0_slt6_r_reg\[9\],cell,cell
g152676__7098,u0_slt6_r_reg\[10\],cell,cell
g152674__8246,u0_slt6_r_reg\[11\],cell,cell
g152672__5122,u0_slt6_r_reg\[12\],cell,cell
g152670__1705,u0_slt6_r_reg\[13\],cell,cell
g152668__2802,u0_slt6_r_reg\[14\],cell,cell
g152666__1617,u0_slt6_r_reg\[15\],cell,cell
g152664__3680,u0_slt6_r_reg\[16\],cell,cell
g152662__6783,u0_slt6_r_reg\[17\],cell,cell
g152660__5526,u0_slt6_r_reg\[18\],cell,cell
g152658__8428,u0_slt6_r_reg\[19\],cell,cell
g152656__4319,u0_slt5_r_reg\[0\],cell,cell
g152654__6260,u0_slt5_r_reg\[1\],cell,cell
g152652__5107,u0_slt5_r_reg\[2\],cell,cell
g152650__2398,u0_slt5_r_reg\[3\],cell,cell
g152648__5477,u0_slt5_r_reg\[4\],cell,cell
g152646__6417,u0_slt5_r_reg\[5\],cell,cell
g152644__7410,u0_slt5_r_reg\[6\],cell,cell
g152642__1666,u0_slt5_r_reg\[7\],cell,cell
g152640__2346,u0_slt5_r_reg\[8\],cell,cell
g152638__2883,u0_slt5_r_reg\[9\],cell,cell
g152636__9945,u0_slt5_r_reg\[10\],cell,cell
g152634__9315,u0_slt5_r_reg\[11\],cell,cell
g152632__6161,u0_slt5_r_reg\[12\],cell,cell
g168980,g180464,cell,cell
g168980,g154316__3680,cell,cell
g152630__4733,u0_slt5_r_reg\[13\],cell,cell
g152628__7482,u0_slt5_r_reg\[14\],cell,cell
g152626__5115,u0_slt5_r_reg\[15\],cell,cell
g152624__1881,u0_slt5_r_reg\[16\],cell,cell
g152622__6131,u0_slt5_r_reg\[17\],cell,cell
g152620__7098,u0_slt5_r_reg\[18\],cell,cell
g152618__8246,u0_slt5_r_reg\[19\],cell,cell
g152616__5122,u0_slt4_r_reg\[0\],cell,cell
g152614__1705,u0_slt4_r_reg\[1\],cell,cell
g152612__2802,u0_slt4_r_reg\[2\],cell,cell
g152610__1617,u0_slt4_r_reg\[3\],cell,cell
g152608__3680,u0_slt4_r_reg\[4\],cell,cell
g152606__6783,u0_slt4_r_reg\[5\],cell,cell
g152604__5526,u0_slt4_r_reg\[6\],cell,cell
g152602__8428,u0_slt4_r_reg\[7\],cell,cell
g152600__4319,u0_slt4_r_reg\[8\],cell,cell
g152598__6260,u0_slt4_r_reg\[9\],cell,cell
g152596__5107,u0_slt4_r_reg\[10\],cell,cell
g152594__2398,u0_slt4_r_reg\[11\],cell,cell
g152592__5477,u0_slt4_r_reg\[12\],cell,cell
g152590__6417,u0_slt4_r_reg\[13\],cell,cell
g152588__7410,u0_slt4_r_reg\[14\],cell,cell
g152586__1666,u0_slt4_r_reg\[15\],cell,cell
g152584__2346,u0_slt4_r_reg\[16\],cell,cell
g152582__2883,u0_slt4_r_reg\[17\],cell,cell
g152580__9945,u0_slt4_r_reg\[18\],cell,cell
g152578__9315,u0_slt4_r_reg\[19\],cell,cell
g472,g471,cell,cell
g471,u5_dout_reg\[5\],cell,cell
g152576__6161,u0_slt3_r_reg\[0\],cell,cell
g152574__4733,u0_slt3_r_reg\[1\],cell,cell
g152572__7482,u0_slt3_r_reg\[2\],cell,cell
g152570__5115,u0_slt3_r_reg\[3\],cell,cell
g152568__1881,u0_slt3_r_reg\[4\],cell,cell
g152566__6131,u0_slt3_r_reg\[5\],cell,cell
g152564__7098,u0_slt3_r_reg\[6\],cell,cell
g152562__8246,u0_slt3_r_reg\[7\],cell,cell
g152560__5122,u0_slt3_r_reg\[8\],cell,cell
g152558__1705,u0_slt3_r_reg\[9\],cell,cell
g152556__2802,u0_slt3_r_reg\[10\],cell,cell
g152554__1617,u0_slt3_r_reg\[11\],cell,cell
g152552__3680,u0_slt3_r_reg\[12\],cell,cell
g152550__6783,u0_slt3_r_reg\[13\],cell,cell
g152548__5526,u0_slt3_r_reg\[14\],cell,cell
g152546__8428,u0_slt3_r_reg\[15\],cell,cell
g152544__4319,u0_slt3_r_reg\[16\],cell,cell
g152542__6260,u0_slt3_r_reg\[17\],cell,cell
g152540__5107,u0_slt3_r_reg\[18\],cell,cell
g152538__2398,u0_slt3_r_reg\[19\],cell,cell
g152536__5477,u0_slt2_r_reg\[0\],cell,cell
g152534__6417,u0_slt2_r_reg\[1\],cell,cell
g152532__7410,u0_slt2_r_reg\[2\],cell,cell
g152530__1666,u0_slt2_r_reg\[3\],cell,cell
g152528__2346,u0_slt2_r_reg\[4\],cell,cell
g152526__2883,u0_slt2_r_reg\[5\],cell,cell
g152524__9945,u0_slt2_r_reg\[6\],cell,cell
g152522__9315,u0_slt2_r_reg\[7\],cell,cell
g152520__6161,u0_slt2_r_reg\[8\],cell,cell
g152518__4733,u0_slt2_r_reg\[9\],cell,cell
g152516__7482,u0_slt2_r_reg\[10\],cell,cell
g152514__5115,u0_slt2_r_reg\[11\],cell,cell
g152512__1881,u0_slt2_r_reg\[12\],cell,cell
g177136,g185556,cell,cell
g177136,g175414,cell,cell
g177136,g155575,cell,cell
g152510__6131,u0_slt2_r_reg\[13\],cell,cell
g152508__7098,u0_slt2_r_reg\[14\],cell,cell
g152506__8246,u0_slt2_r_reg\[15\],cell,cell
g152504__5122,u0_slt2_r_reg\[16\],cell,cell
g152502__1705,u0_slt2_r_reg\[17\],cell,cell
g152500__2802,u0_slt2_r_reg\[18\],cell,cell
g152498__1617,u0_slt2_r_reg\[19\],cell,cell
g152496__3680,u0_slt1_r_reg\[0\],cell,cell
g152494__6783,u0_slt1_r_reg\[1\],cell,cell
g152492__5526,u0_slt1_r_reg\[2\],cell,cell
g160067,g158108,cell,cell
g175814,g175892,cell,cell
g175814,g175813,cell,cell
g152490__8428,u0_slt1_r_reg\[3\],cell,cell
g152488__4319,u0_slt1_r_reg\[4\],cell,cell
g152486__6260,u0_slt1_r_reg\[5\],cell,cell
g152484__5107,u0_slt1_r_reg\[6\],cell,cell
g152482__2398,u0_slt1_r_reg\[7\],cell,cell
g152480__5477,u0_slt1_r_reg\[8\],cell,cell
g152478__6417,u0_slt1_r_reg\[9\],cell,cell
g152476__7410,u0_slt1_r_reg\[10\],cell,cell
g152474__1666,u0_slt1_r_reg\[11\],cell,cell
g152472__2346,u0_slt1_r_reg\[12\],cell,cell
g152470__2883,u0_slt1_r_reg\[13\],cell,cell
g152468__9945,u0_slt1_r_reg\[14\],cell,cell
g152466__9315,u0_slt1_r_reg\[15\],cell,cell
g152464__6161,u0_slt1_r_reg\[16\],cell,cell
g152462__4733,u0_slt1_r_reg\[17\],cell,cell
g152460__7482,u0_slt1_r_reg\[18\],cell,cell
g152458__5115,u0_slt1_r_reg\[19\],cell,cell
g152456__1881,u0_slt0_r_reg\[0\],cell,cell
g152454__6131,u0_slt0_r_reg\[1\],cell,cell
g152452__7098,u0_slt0_r_reg\[2\],cell,cell
g159852,g167911,cell,cell
g159852,g155573,cell,cell
g159852,g155567,cell,cell
g152450__8246,u0_slt0_r_reg\[3\],cell,cell
g152448__5122,u0_slt0_r_reg\[4\],cell,cell
g156921,g152748__9945,cell,cell
g156921,g152698__1666,cell,cell
g156921,g152688__6161,cell,cell
g156921,g152682__5115,cell,cell
g156921,g152664__3680,cell,cell
g156921,g152602__8428,cell,cell
g156921,g152550__6783,cell,cell
g156921,g152490__8428,cell,cell
g156921,g152446__1705,cell,cell
g156921,g152426__2398,cell,cell
g156921,drc_buf_sp165148,cell,cell
g156921,drc_buf_sp165147,cell,cell
g156921,drc_buf_sp165146,cell,cell
g152446__1705,u0_slt0_r_reg\[5\],cell,cell
g152444__2802,u0_slt0_r_reg\[6\],cell,cell
g152442__1617,u0_slt0_r_reg\[7\],cell,cell
g152440__3680,u0_slt0_r_reg\[8\],cell,cell
g152438__6783,u0_slt0_r_reg\[9\],cell,cell
g152436__5526,u0_slt0_r_reg\[10\],cell,cell
g156919,drc_buf_sp164984,cell,cell
g156919,drc_buf_sp164983,cell,cell
g156919,drc_buf_sp164982,cell,cell
g156919,drc_buf_sp164981,cell,cell
g156919,drc_buf_sp164980,cell,cell
g156919,drc_buf_sp164979,cell,cell
g156919,drc_buf_sp164978,cell,cell
g156919,drc_buf_sp164977,cell,cell
g152434__8428,u0_slt0_r_reg\[11\],cell,cell
g156920,drc_buf_sp165271,cell,cell
g156920,drc_buf_sp165270,cell,cell
g152432__4319,u0_slt0_r_reg\[12\],cell,cell
g152430__6260,u0_slt0_r_reg\[13\],cell,cell
g152428__5107,u0_slt0_r_reg\[14\],cell,cell
g152426__2398,u0_slt0_r_reg\[15\],cell,cell
g159863,g218860,cell,cell
g159863,g191982,cell,cell
g159863,g170248,cell,cell
g159887,g159145,cell,cell
g159887,g153625__179916,cell,cell
g159887,g153591__6783,cell,cell
g160087,g172217,cell,cell
g159082,u1_sr_reg\[0\],cell,cell
g204761,g312,cell,cell
g204762,g312,cell,cell
g204759,g196989,cell,cell
g204763,g154114__200937,cell,cell
g204765,g154345__5107,cell,cell
fopt162394,g157080,cell,cell
fopt162394,g154323__5477,cell,cell
fopt162394,g154322__2398,cell,cell
g205395,g50,cell,cell
g205395,g212120,cell,cell
g205395,g205417,cell,cell
g205395,g205416,cell,cell
g205395,g205415,cell,cell
g205395,g205413,cell,cell
g205395,g205412,cell,cell
g205395,g205411,cell,cell
g205395,g205410,cell,cell
g205395,g205409,cell,cell
g205395,g205408,cell,cell
g205395,g205407,cell,cell
g205395,g205406,cell,cell
g205395,g205405,cell,cell
g205395,g205404,cell,cell
g205395,g205403,cell,cell
g205395,g205402,cell,cell
g205395,g205401,cell,cell
g205395,g205400,cell,cell
g205395,g205399,cell,cell
g205395,g205398,cell,cell
g205395,g205397,cell,cell
g205395,g205396,cell,cell
g205396,g202323,cell,cell
g205397,g193968,cell,cell
g205397,g188211,cell,cell
g205398,g173047,cell,cell
g205399,g212936,cell,cell
g205399,g182485,cell,cell
g205400,g184496,cell,cell
g205400,g179414,cell,cell
g205401,g157991,cell,cell
g205402,g153975__213703,cell,cell
g205403,g175146,cell,cell
g205404,g180246,cell,cell
g205405,g192950,cell,cell
g205406,g216619,cell,cell
g205407,g184212,cell,cell
g205408,g192579,cell,cell
g205409,g66,cell,cell
g205410,g202383,cell,cell
g205411,g175150,cell,cell
g205411,g171468,cell,cell
g205412,g188803,cell,cell
g205413,g212384,cell,cell
g205413,g212383,cell,cell
g205415,g157898,cell,cell
g205416,g1368,cell,cell
g205416,g1365,cell,cell
g205417,g219107,cell,cell
g205417,g207470,cell,cell
g205417,g172218,cell,cell
g205417,g170092,cell,cell
g205417,g158292,cell,cell
g205417,g158283,cell,cell
g205417,g158083,cell,cell
g205417,g158076,cell,cell
g205417,g158075,cell,cell
g205417,g158074,cell,cell
g205417,g158073,cell,cell
g205417,g158072,cell,cell
g205420,g205419,cell,cell
g205421,g205419,cell,cell
g205419,g205423,cell,cell
g205419,g153886__205418,cell,cell
g205419,g153830__205422,cell,cell
g153886__205418,u7_dout_reg\[1\],cell,cell
fopt162402,g200463,cell,cell
fopt162402,g188047,cell,cell
g153830__205422,u7_dout_reg\[3\],cell,cell
g205423,g157028,cell,cell
fopt205429,g171504,cell,cell
fopt205429,g171495,cell,cell
fopt205429,g171492,cell,cell
fopt205429,g171489,cell,cell
fopt205430,g213833,cell,cell
fopt205430,g210439,cell,cell
fopt205430,g196639,cell,cell
fopt205430,g171473,cell,cell
fopt200647,g200463,cell,cell
fopt200647,g188047,cell,cell
fopt200647,fopt162402,cell,cell
g159486,g166485,cell,cell
g205517,g154354__6161,cell,cell
g205517,g154120__4319,cell,cell
fopt162413,g756,cell,cell
fopt162413,g154375__189850,cell,cell
g205538,g224667,cell,cell
g205538,g223688,cell,cell
g205538,g177284,cell,cell
g205538,g171528,cell,cell
g205538,g156931,cell,cell
g205538,g156929,cell,cell
g205710,g157741,cell,cell
g205710,g157642,cell,cell
g205710,g157575,cell,cell
fopt164092,g174910,cell,cell
fopt164092,g170083,cell,cell
fopt164092,g167924,cell,cell
fopt164092,g159919,cell,cell
fopt164092,g157644,cell,cell
fopt164092,g157641,cell,cell
fopt164092,g157477,cell,cell
fopt162431,g180067,cell,cell
fopt162431,g180064,cell,cell
fopt162437,g212233,cell,cell
fopt162437,g181785,cell,cell
fopt162437,g176147,cell,cell
g206130,g165,cell,cell
g206150,g206149,cell,cell
g206151,g206149,cell,cell
g206149,u7_wp_reg\[0\],cell,cell
fopt8,g213702,cell,cell
g206338,g206337,cell,cell
g223715,g223713,cell,cell
g223715,g206337,cell,cell
g206339,g206337,cell,cell
g206339,g186516,cell,cell
g206339,g159840,cell,cell
g206339,g158306,cell,cell
g206337,u6_wp_reg\[0\],cell,cell
g159432,g158152,cell,cell
g329,u8_status_reg\[1\],cell,cell
g162472,u6_status_reg\[1\],cell,cell
g162473,u4_status_reg\[1\],cell,cell
g162474,u3_status_reg\[1\],cell,cell
g162475,u5_status_reg\[1\],cell,cell
g162476,g176661,cell,cell
g206950,g212233,cell,cell
g206950,g206949,cell,cell
g206952,g206951,cell,cell
g206953,g206951,cell,cell
g206951,g206949,cell,cell
g206951,g186709,cell,cell
g206951,g186708,cell,cell
g206949,u5_rp_reg\[0\],cell,cell
g206949,g212234,cell,cell
g207000,g1809,cell,cell
g234,g233,cell,cell
g234,g162473,cell,cell
g233,u18_int_set_reg\[2\],cell,cell
g159233,g157295,cell,cell
g159239,g212377,cell,cell
g207117,g207116,cell,cell
g207117,g200567,cell,cell
g207117,g186388,cell,cell
g207117,g182658,cell,cell
g207117,g181532,cell,cell
g207117,g180508,cell,cell
g207117,g176906,cell,cell
g207117,g175105,cell,cell
g207117,g173028,cell,cell
g207117,g169026,cell,cell
g207117,g168955,cell,cell
g207117,g168801,cell,cell
g207117,g158576,cell,cell
g207117,g158346,cell,cell
g207117,g158322,cell,cell
g207117,g158321,cell,cell
g207117,g158313,cell,cell
g207117,g158312,cell,cell
g207117,g158301,cell,cell
g207117,g158266,cell,cell
g207116,g176922,cell,cell
g207116,g169219,cell,cell
g159441,g166613,cell,cell
g207382,g219109,cell,cell
g207385,g212411,cell,cell
g207385,g158108,cell,cell
g207385,g158104,cell,cell
g207385,g158103,cell,cell
g207385,g158101,cell,cell
g207468,g207467,cell,cell
g207469,g207467,cell,cell
g207469,g172217,cell,cell
g207469,g158084,cell,cell
g207469,g158070,cell,cell
g207470,g207467,cell,cell
g207467,g163909,cell,cell
g207595,g224641,cell,cell
g207595,g207598,cell,cell
g207595,g201225,cell,cell
g207595,g191894,cell,cell
g207595,g177066,cell,cell
g207595,g163932,cell,cell
g207595,g163931,cell,cell
g207595,g163930,cell,cell
g207595,g163929,cell,cell
g207595,g163923,cell,cell
g207595,g158,cell,cell
g207598,g207597,cell,cell
g207597,g157701,cell,cell
g207597,g153890__219221,cell,cell
g207597,g153842__8246,cell,cell
g114,g94,cell,cell
g114,g77,cell,cell
g114,g472,cell,cell
g114,g273,cell,cell
g114,g193966,cell,cell
g114,g163908,cell,cell
g114,g109,cell,cell
g207748,g154370__189852,cell,cell
g207748,g109,cell,cell
g207749,g109,cell,cell
g207750,g109,cell,cell
g109,g73,cell,cell
g207751,g472,cell,cell
g158362,g157865,cell,cell
g207843,g169906,cell,cell
g207849,g207848,cell,cell
g207849,g184164,cell,cell
g207848,g157296,cell,cell
g159431,g212411,cell,cell
g158948,g158517,cell,cell
g162672,g125,cell,cell
g208465,u10_mem_reg\[1\]\[29\],cell,cell
g162680,g191422,cell,cell
g208588,u6_mem_reg\[3\]\[14\],cell,cell
g162693,g157907,cell,cell
g158982,g154846,cell,cell
fopt162699,g219105,cell,cell
fopt162699,g212183,cell,cell
fopt162699,g170091,cell,cell
fopt162699,g169903,cell,cell
fopt162699,g158144,cell,cell
g159663,g186760,cell,cell
g159663,g166492,cell,cell
g159663,g159662,cell,cell
g208863,g41,cell,cell
g208863,g208862,cell,cell
g208863,g153381__8246,cell,cell
g208863,g153379__1705,cell,cell
g208863,g153378__2802,cell,cell
g208863,g153377__1617,cell,cell
g208863,g153376__176531,cell,cell
g208863,g153375__6783,cell,cell
g208863,g153374__5526,cell,cell
g208863,g153373__178344,cell,cell
g208863,g153372__4319,cell,cell
g208863,g153371__5107,cell,cell
g208863,g153369__176525,cell,cell
g208863,g153368__6417,cell,cell
g208863,g153367__1666,cell,cell
g208863,g153366__2346,cell,cell
g208863,g153365__2883,cell,cell
g208863,g153364__9945,cell,cell
g208863,g153363__9315,cell,cell
g208863,g153362__6161,cell,cell
g208863,g153313__2883,cell,cell
g208863,g153312__9945,cell,cell
g208863,g153311__9315,cell,cell
g208863,g153310__6161,cell,cell
g208863,g153309__4733,cell,cell
g208863,g153308__7482,cell,cell
g208863,g153307__5115,cell,cell
g208863,g153306__1881,cell,cell
g208863,g153305__6131,cell,cell
g208863,g153304__7098,cell,cell
g208863,g153303__8246,cell,cell
g208863,g153302__5122,cell,cell
g208862,u9_mem_reg\[1\]\[1\],cell,cell
fopt162739,g153973__5526,cell,cell
fopt176671,g199219,cell,cell
fopt176671,g189100,cell,cell
fopt176671,g154337__7098,cell,cell
fopt176671,g154336__199215,cell,cell
fopt176671,g154335__1881,cell,cell
fopt176671,g154334__5115,cell,cell
fopt176671,g154333__7482,cell,cell
fopt176671,g154332__4733,cell,cell
fopt176671,g154331__176675,cell,cell
fopt176671,g154330__9315,cell,cell
fopt176671,g154329__9945,cell,cell
fopt176671,g154328__2883,cell,cell
g209205,g222985,cell,cell
g209205,g222740,cell,cell
g209205,g222537,cell,cell
g209205,g215498,cell,cell
g209205,g213855,cell,cell
g209205,g209203,cell,cell
g209205,g208588,cell,cell
g209205,g199637,cell,cell
g209205,g196865,cell,cell
g209205,g195965,cell,cell
g209205,g195458,cell,cell
g209205,g195072,cell,cell
g209205,g195068,cell,cell
g209205,g195063,cell,cell
g209205,g195056,cell,cell
g209205,g166878,cell,cell
g209203,u6_mem_reg\[3\]\[7\],cell,cell
g209219,g209218,cell,cell
g209219,g187476,cell,cell
g209219,g178423,cell,cell
g209219,g153928__178428,cell,cell
g209219,g153927__178456,cell,cell
g209219,g153926__178427,cell,cell
g209219,g153925__178457,cell,cell
g209219,g153924__178430,cell,cell
g209219,g153923__178453,cell,cell
g209219,g153922__178454,cell,cell
g209219,g153921__178429,cell,cell
g209219,g153920__187221,cell,cell
g209219,g153919__178452,cell,cell
g209219,g153918__178455,cell,cell
g209219,g153917__178432,cell,cell
g209219,g153784__178433,cell,cell
g209219,g153783__178434,cell,cell
g209219,g153782__178435,cell,cell
g209219,g153781__178436,cell,cell
g209219,g153780__178437,cell,cell
g209219,g153779__178438,cell,cell
g209219,g153778__178439,cell,cell
g209219,g153776__178440,cell,cell
g209219,g153775__178441,cell,cell
g209219,g153774__178442,cell,cell
g209219,g153773__188371,cell,cell
g209219,g153772__178444,cell,cell
g209219,g153771__178445,cell,cell
g209219,g153770__178446,cell,cell
g209219,g153768__178448,cell,cell
g209219,g153767__178449,cell,cell
g209219,g153766__178451,cell,cell
g209219,g153616__5526,cell,cell
g127,g209218,cell,cell
g127,g172949,cell,cell
g127,g154095__198358,cell,cell
g127,g153862__6417,cell,cell
g209220,g209218,cell,cell
g209220,g187476,cell,cell
g209220,g153927__178456,cell,cell
g209220,g153925__178457,cell,cell
g209220,g153923__178453,cell,cell
g209220,g153922__178454,cell,cell
g209220,g153919__178452,cell,cell
g209220,g153918__178455,cell,cell
g209220,g153774__178442,cell,cell
g209220,g153773__188371,cell,cell
g209220,g153772__178444,cell,cell
g209220,g153771__178445,cell,cell
g209220,g153770__178446,cell,cell
g209220,g153768__178448,cell,cell
g209220,g153767__178449,cell,cell
g209220,g153766__178451,cell,cell
g209218,u10_mem_reg\[3\]\[11\],cell,cell
fopt162752,g155029,cell,cell
fopt162754,g189103,cell,cell
fopt162754,g180353,cell,cell
fopt162754,g154241,cell,cell
fopt162757,g175200,cell,cell
fopt162758,g206130,cell,cell
fopt162758,g165,cell,cell
fopt162758,g154190,cell,cell
fopt162760,fopt162758,cell,cell
g158901,g175821,cell,cell
g209708,u11_mem_reg\[2\]\[20\],cell,cell
g209722,g90,cell,cell
g209722,g209721,cell,cell
g209722,g209708,cell,cell
g209722,g196171,cell,cell
g209722,g196136,cell,cell
g209722,g181634,cell,cell
g209722,g181062,cell,cell
g209722,g179827,cell,cell
g209722,g153915__168275,cell,cell
g209722,g153914__168271,cell,cell
g209722,g153913__168273,cell,cell
g209722,g153912__168269,cell,cell
g209722,g153911__168274,cell,cell
g209722,g153909__168264,cell,cell
g209722,g153908__168265,cell,cell
g209722,g153907__168268,cell,cell
g209722,g153906__168272,cell,cell
g209722,g153827__168283,cell,cell
g209722,g153826__168281,cell,cell
g209722,g153825__168282,cell,cell
g209722,g153824__168280,cell,cell
g209722,g153822__168284,cell,cell
g209722,g153821__168285,cell,cell
g209722,g153820__168262,cell,cell
g209722,g153819__175422,cell,cell
g209722,g153818__168287,cell,cell
g209722,g153817__175426,cell,cell
g209722,g153815__168289,cell,cell
g209722,g153814__168277,cell,cell
g209722,g153813__175430,cell,cell
g209722,g153811__168291,cell,cell
g209722,g153810__168293,cell,cell
g209721,u11_mem_reg\[2\]\[0\],cell,cell
g209801,u10_mem_reg\[1\]\[10\],cell,cell
g209803,u10_mem_reg\[1\]\[3\],cell,cell
g209805,u10_mem_reg\[1\]\[1\],cell,cell
g209807,u10_mem_reg\[1\]\[0\],cell,cell
g209813,u10_mem_reg\[1\]\[20\],cell,cell
g209819,u10_mem_reg\[1\]\[22\],cell,cell
g209875,u10_mem_reg\[1\]\[28\],cell,cell
g209881,u10_mem_reg\[1\]\[25\],cell,cell
g160076,g158087,cell,cell
g210032,u10_mem_reg\[1\]\[24\],cell,cell
g162845,g157606,cell,cell
g159088,g202203,cell,cell
fopt162854,g153972__182369,cell,cell
fopt162859,g200239,cell,cell
fopt162860,g163948,cell,cell
fopt162860,g163947,cell,cell
g159146,g168335,cell,cell
g159146,g154433__5122,cell,cell
g210419,g210418,cell,cell
g210420,g210418,cell,cell
g210418,g210458,cell,cell
g210418,g210417,cell,cell
g210418,g154003__1666,cell,cell
g210418,g153768__178448,cell,cell
g210417,u10_mem_reg\[2\]\[2\],cell,cell
g210439,u13_crac_r_reg\[5\],cell,cell
g210458,u10_mem_reg\[1\]\[2\],cell,cell
g210507,g210505,cell,cell
g210505,u7_dout_reg\[17\],cell,cell
g210669,g210671,cell,cell
g210669,g188088,cell,cell
g210669,g188086,cell,cell
g210669,g158311,cell,cell
g210669,g152438__6783,cell,cell
g210670,u14_crac_valid_r_reg,cell,cell
g210670,g210671,cell,cell
g210670,g190188,cell,cell
g210670,g188938,cell,cell
g210670,g188091,cell,cell
g210670,g188090,cell,cell
g210670,g188089,cell,cell
g210670,g188088,cell,cell
g210670,g188087,cell,cell
g210670,g188086,cell,cell
g210670,g188085,cell,cell
g210670,g188082,cell,cell
g210670,g188080,cell,cell
g210670,g188079,cell,cell
g210670,g188078,cell,cell
g210670,g188077,cell,cell
g210670,g188074,cell,cell
g210670,g188073,cell,cell
g210670,g188072,cell,cell
g210670,g188070,cell,cell
g210670,g188069,cell,cell
g210670,g188068,cell,cell
g210670,g188066,cell,cell
g210670,g188063,cell,cell
g210670,fopt188071,cell,cell
g210670,fopt188067,cell,cell
g210671,u14_u2_en_out_l2_reg,cell,cell
g210690,g212247,cell,cell
g210690,g202302,cell,cell
g210690,g200147,cell,cell
g210690,g186030,cell,cell
g210690,g179687,cell,cell
g210690,g178289,cell,cell
g210690,g170621,cell,cell
g210690,g167895,cell,cell
g210690,g166135,cell,cell
g210690,g166125,cell,cell
g210690,g166118,cell,cell
g162904,g187491,cell,cell
g162906,g192438,cell,cell
g162909,g154320__200834,cell,cell
g159496,g156706,cell,cell
g162910,g157945,cell,cell
g159186,g159022,cell,cell
g159186,g158984,cell,cell
g159186,g158894,cell,cell
g159186,g157291,cell,cell
g159802,g159178,cell,cell
g159802,g159034,cell,cell
g159802,g159022,cell,cell
g159802,g158984,cell,cell
g159802,g158216,cell,cell
g158984,g157513,cell,cell
g159333,g205538,cell,cell
g159333,g201215,cell,cell
g159333,g180359,cell,cell
g159333,g180358,cell,cell
g159333,g169182,cell,cell
g211398,g183946,cell,cell
g211407,g212626,cell,cell
g211407,g211406,cell,cell
g211407,g205420,cell,cell
g211407,g204761,cell,cell
g211407,g202674,cell,cell
g211407,g200852,cell,cell
g211407,g200851_dup,cell,cell
g211407,g200850,cell,cell
g211407,g200848,cell,cell
g211407,g200847,cell,cell
g211407,g200846,cell,cell
g211407,g200845,cell,cell
g211407,g200844,cell,cell
g211407,g200841,cell,cell
g211407,g200840,cell,cell
g211407,g200839,cell,cell
g211407,g200838,cell,cell
g211407,g200837,cell,cell
g211407,g200836,cell,cell
g211407,g200835,cell,cell
g211407,g200833,cell,cell
g211407,g200832,cell,cell
g211407,g200830,cell,cell
g211406,g186856,cell,cell
g211606,g211605,cell,cell
g211606,g178215,cell,cell
g211606,g175901,cell,cell
g211606,g175899,cell,cell
g211606,g175898,cell,cell
g211606,g175895,cell,cell
g211606,g175892,cell,cell
g160063,u12_dout_reg\[1\],cell,cell
g159332,g159247,cell,cell
g159332,g159073,cell,cell
g159332,g159065,cell,cell
g159332,g158846,cell,cell
g159332,g157554,cell,cell
g211605,u26_ps_cnt_reg\[4\],cell,cell
g67,g212653,cell,cell
g211697,g154320__200834,cell,cell
g211697,g154186__6783,cell,cell
g211698,g178,cell,cell
g211698,g165,cell,cell
g2,g156119,cell,cell
g14,g212208,cell,cell
g14,g212206,cell,cell
g15,g218861,cell,cell
g15,g216872,cell,cell
g15,g156773_dup165222_dup,cell,cell
g211860,g12,cell,cell
g12,g181968,cell,cell
g160007,g33,cell,cell
g160007,g219102,cell,cell
g160007,g207749,cell,cell
g160007,g170087,cell,cell
g160007,g159998,cell,cell
g159996,g167901,cell,cell
g159996,g159993,cell,cell
g159996,g157483,cell,cell
g159996,g157480,cell,cell
g212080,g205710,cell,cell
g212106,g212105,cell,cell
g212106,g200419,cell,cell
g212106,g200417,cell,cell
g212106,g200415,cell,cell
g212106,g182878,cell,cell
g212105,g191491,cell,cell
g212119,g212118,cell,cell
g212120,g212118,cell,cell
g212118,g212378,cell,cell
g212118,g212122,cell,cell
g212118,g212117,cell,cell
g212117,g756,cell,cell
g212122,g94,cell,cell
g212122,g153997__189853,cell,cell
g212124,g212123,cell,cell
g212124,g182422,cell,cell
g212124,g182420,cell,cell
g212124,g159313,cell,cell
g212124,fopt162760,cell,cell
g212125,g212123,cell,cell
g212125,g200197,cell,cell
g212125,g188727,cell,cell
g212125,g157551,cell,cell
g212125,g157028,cell,cell
g212125,g156940,cell,cell
g212123,g206130,cell,cell
g312,g212358,cell,cell
g312,g204765,cell,cell
g312,g204763,cell,cell
g312,g204759,cell,cell
g311,g212358,cell,cell
g212184,g219105,cell,cell
g212184,g212183,cell,cell
g212184,g170091,cell,cell
g212184,g169903,cell,cell
g212184,g158144,cell,cell
g212183,g194438,cell,cell
g212202,g212201,cell,cell
g212201,g153837__9945,cell,cell
g212204,g216873,cell,cell
g212204,g191967,cell,cell
g212204,g179777,cell,cell
g212204,g169816,cell,cell
g212204,g157197,cell,cell
g212204,g157196,cell,cell
g212205,g212207,cell,cell
g212205,g173655,cell,cell
g212205,g173649,cell,cell
g212207,g218184,cell,cell
g212207,g212208,cell,cell
g212207,g212206,cell,cell
g212206,g214944,cell,cell
g212206,g197708,cell,cell
g212206,g197686,cell,cell
g212206,g197631,cell,cell
g212206,g197608,cell,cell
g212206,g197567,cell,cell
g212206,g197544,cell,cell
g212206,g197482,cell,cell
g212206,g172868,cell,cell
g212206,g172635,cell,cell
g212206,g172501,cell,cell
g212206,g172438,cell,cell
g212206,g172336,cell,cell
g212206,g172332,cell,cell
g212206,g172330,cell,cell
g212206,g166797,cell,cell
g212208,g88,cell,cell
g212208,g197748,cell,cell
g212208,g197679,cell,cell
g212208,g197613,cell,cell
g212208,g197539,cell,cell
g212208,g177544,cell,cell
g212208,g176438,cell,cell
g212208,g172840,cell,cell
g212208,g172710,cell,cell
g212208,g172535,cell,cell
g212208,g172533,cell,cell
g212208,g172475,cell,cell
g212208,g172340,cell,cell
g212208,g172326,cell,cell
g212208,g166783,cell,cell
g212208,g155600,cell,cell
fopt212222,g87,cell,cell
fopt212222,g50,cell,cell
fopt212222,g216620,cell,cell
fopt212222,g205411,cell,cell
fopt212222,g205410,cell,cell
fopt212222,g205399,cell,cell
fopt212222,g205397,cell,cell
fopt212222,g205396,cell,cell
fopt212222,g192581,cell,cell
fopt212222,g188804,cell,cell
fopt212222,g188542,cell,cell
fopt212222,g184641,cell,cell
fopt212222,g184634,cell,cell
fopt212222,g184626,cell,cell
fopt212222,g184625,cell,cell
fopt212222,g184623,cell,cell
g50,g199240,cell,cell
g212233,g213716,cell,cell
g212233,g213700,cell,cell
g212233,g153975__213703,cell,cell
g212233,fopt200350,cell,cell
fopt212236,g213700,cell,cell
g212237,g213700,cell,cell
g212234,u5_rp_reg\[2\],cell,cell
g212238,g212240,cell,cell
g212238,g197105,cell,cell
g212238,g169962,cell,cell
g212238,g154393__1617,cell,cell
g212238,g154392__2802,cell,cell
g212238,g154391__1705,cell,cell
g212238,g154389__170080,cell,cell
g212238,g154386__1881,cell,cell
g212238,g154384__7482,cell,cell
g212238,g154383__4733,cell,cell
g212238,g154382__6161,cell,cell
g212238,g154381__9945,cell,cell
g212238,g154110__8428,cell,cell
g212238,g154106__6260,cell,cell
g212238,g1287,cell,cell
g212241,g212240,cell,cell
g212242,g212240,cell,cell
g212240,g212239,cell,cell
g212239,u4_dout_reg\[10\],cell,cell
g212248,g212247,cell,cell
g212248,g197522,cell,cell
g212248,g197487,cell,cell
g212248,g182414,cell,cell
g212248,g182413,cell,cell
g212248,g182412,cell,cell
g212248,g178753,cell,cell
g212248,g178752,cell,cell
g212248,g178751,cell,cell
g212248,g178750,cell,cell
g212248,g176537,cell,cell
g212248,g176269,cell,cell
g212248,g173519,cell,cell
g212248,g173515,cell,cell
g212248,g173513,cell,cell
g212248,g173512,cell,cell
g212247,u6_mem_reg\[3\]\[27\],cell,cell
g212358,g210505,cell,cell
fopt212376,g212379,cell,cell
fopt212376,g202360,cell,cell
fopt212376,g171446,cell,cell
fopt212376,g158164,cell,cell
fopt212376,g158149,cell,cell
fopt212376,g158148,cell,cell
fopt212376,g158142,cell,cell
fopt212376,fopt162699,cell,cell
g212377,g212379,cell,cell
g212377,g212184,cell,cell
g212377,g202360,cell,cell
g212377,g171446,cell,cell
g212377,g158164,cell,cell
g212377,g158149,cell,cell
g212377,g158148,cell,cell
g212377,g158142,cell,cell
g212380,g212379,cell,cell
g212381,g212379,cell,cell
g212379,g212378,cell,cell
g212378,g138,cell,cell
g159414,g166494,cell,cell
g212383,g583,cell,cell
g212383,g189843,cell,cell
g212383,g164096,cell,cell
g212384,g219106,cell,cell
g212412,g219109,cell,cell
g212412,g212411,cell,cell
g212412,g189137,cell,cell
g212412,g158108,cell,cell
g212412,g158104,cell,cell
g212412,g158103,cell,cell
g212412,g158101,cell,cell
g212411,fopt200481,cell,cell
g212430,g212429,cell,cell
g212429,g157084,cell,cell
g159059_dup212431,g311,cell,cell
g159059_dup212431,g212434,cell,cell
g159059_dup212431,g212430,cell,cell
g159059_dup212431,g212202,cell,cell
g159059_dup212431,g184506,cell,cell
g159059_dup212431,g184505,cell,cell
g159059_dup212431,g180566,cell,cell
g159059_dup212431,g178030,cell,cell
g159059_dup212431,g176222,cell,cell
g159059_dup212431,g176216,cell,cell
g159059_dup212431,g163917,cell,cell
g159059_dup212431,g162845,cell,cell
g212432,g311,cell,cell
g212432,g212434,cell,cell
g212432,g212430,cell,cell
g212432,g212202,cell,cell
g212432,g184506,cell,cell
g212432,g184505,cell,cell
g212432,g180566,cell,cell
g212432,g178030,cell,cell
g212432,g176222,cell,cell
g212432,g176216,cell,cell
g212432,g163917,cell,cell
g212432,g162845,cell,cell
g212434,g212433,cell,cell
g212433,g40,cell,cell
g212590,g213022,cell,cell
g212590,fopt212592,cell,cell
g212588,u4_mem_reg\[1\]\[26\],cell,cell
fopt212592,g212604,cell,cell
fopt212592,g212603,cell,cell
fopt212592,g212602,cell,cell
fopt212592,g212601,cell,cell
fopt212592,g212600,cell,cell
fopt212592,g212599,cell,cell
fopt212592,g212598,cell,cell
fopt212592,g212597,cell,cell
fopt212592,g212596,cell,cell
fopt212592,g212595,cell,cell
fopt212592,g212594,cell,cell
fopt212592,g212593,cell,cell
fopt212592,g212591,cell,cell
g212591,u4_mem_reg\[1\]\[27\],cell,cell
g212593,u4_mem_reg\[1\]\[31\],cell,cell
g212594,u4_mem_reg\[1\]\[24\],cell,cell
g212595,u4_mem_reg\[1\]\[23\],cell,cell
g212596,u4_mem_reg\[1\]\[13\],cell,cell
g212597,u4_mem_reg\[1\]\[3\],cell,cell
g212598,u4_mem_reg\[1\]\[2\],cell,cell
g212599,u4_mem_reg\[1\]\[14\],cell,cell
g212600,u4_mem_reg\[1\]\[25\],cell,cell
g212601,u4_mem_reg\[1\]\[21\],cell,cell
g212602,u4_mem_reg\[1\]\[20\],cell,cell
g212603,u4_mem_reg\[1\]\[0\],cell,cell
g212604,u4_mem_reg\[1\]\[18\],cell,cell
g212605,u4_mem_reg\[1\]\[30\],cell,cell
g212606,u4_mem_reg\[1\]\[8\],cell,cell
g212607,u4_mem_reg\[1\]\[11\],cell,cell
g212608,u4_mem_reg\[1\]\[16\],cell,cell
g212609,u4_mem_reg\[1\]\[17\],cell,cell
g212610,u4_mem_reg\[1\]\[19\],cell,cell
g212612,u4_mem_reg\[1\]\[28\],cell,cell
g212613,u4_mem_reg\[1\]\[6\],cell,cell
g212614,u4_mem_reg\[1\]\[7\],cell,cell
g212615,u4_mem_reg\[1\]\[12\],cell,cell
g212617,u4_mem_reg\[1\]\[5\],cell,cell
g212618,u4_mem_reg\[1\]\[9\],cell,cell
g212619,u4_mem_reg\[1\]\[22\],cell,cell
g212620,u4_mem_reg\[1\]\[15\],cell,cell
g212621,u4_mem_reg\[1\]\[1\],cell,cell
g212622,u4_mem_reg\[1\]\[29\],cell,cell
g145,g205517,cell,cell
g145,g144,cell,cell
g144,g177282,cell,cell
g144,g157569,cell,cell
g212626,g212625,cell,cell
g212625,g157084,cell,cell
g212625,g156940,cell,cell
g212625,g154342__5526,cell,cell
g212625,g154340__1705,cell,cell
g212652,g212656,cell,cell
g212652,g181280,cell,cell
g212652,g176662,cell,cell
g212652,g159309,cell,cell
g212652,g156969,cell,cell
g212655,g212654,cell,cell
g212656,g212654,cell,cell
g212654,g212653,cell,cell
g212653,u4_empty_reg,cell,cell
g212713,g188677,cell,cell
g212713,g188676,cell,cell
g212713,g188672,cell,cell
g159181,g158930,cell,cell
g159181,g158895,cell,cell
g159181,g157580,cell,cell
fopt163741_dup,g164352,cell,cell
fopt163741_dup,g164350,cell,cell
fopt163741_dup,g164337,cell,cell
fopt163741_dup,g164280,cell,cell
fopt163741_dup,g159185_dup163779,cell,cell
g212889,g212888,cell,cell
g212888,g157760,cell,cell
g212888,g157640,cell,cell
g212888,g157577,cell,cell
fopt212932,g87,cell,cell
fopt212932,g216620,cell,cell
fopt212932,g212935,cell,cell
fopt212932,g212119,cell,cell
fopt212932,g202384,cell,cell
fopt212932,g192581,cell,cell
fopt212932,g188804,cell,cell
fopt212932,g188542,cell,cell
fopt212932,g184634,cell,cell
fopt212932,g164049,cell,cell
fopt212932,g164047,cell,cell
g212933,g212935,cell,cell
g212933,g212120,cell,cell
g212933,g205416,cell,cell
g212933,g205415,cell,cell
g212933,g205413,cell,cell
g212933,g205412,cell,cell
g212933,g205408,cell,cell
g212933,g205407,cell,cell
g212933,g205406,cell,cell
g212933,g205405,cell,cell
g212933,g205404,cell,cell
g212933,g205403,cell,cell
g212933,g202447,cell,cell
g212933,g202384,cell,cell
g212933,g202272,cell,cell
g212933,g198009,cell,cell
g212933,g181449,cell,cell
g212933,g168968,cell,cell
g212933,g164049,cell,cell
g212933,g164047,cell,cell
g212933,g159064,cell,cell
g212933,g158559,cell,cell
g212935,g212936,cell,cell
g212935,g212934,cell,cell
g212934,g202327,cell,cell
g212934,g1360,cell,cell
g212936,g273,cell,cell
g212936,g189843,cell,cell
g213022,g215509,cell,cell
g213022,g213021,cell,cell
g213022,g212622,cell,cell
g213022,g212621,cell,cell
g213022,g212620,cell,cell
g213022,g212619,cell,cell
g213022,g212618,cell,cell
g213022,g212617,cell,cell
g213022,g212615,cell,cell
g213022,g212614,cell,cell
g213022,g212613,cell,cell
g213022,g212612,cell,cell
g213022,g212610,cell,cell
g213022,g212609,cell,cell
g213022,g212608,cell,cell
g213022,g212607,cell,cell
g213022,g212606,cell,cell
g213022,g212605,cell,cell
g213022,g212588,cell,cell
g213021,u4_mem_reg\[1\]\[10\],cell,cell
g163172,g156158,cell,cell
g213136,g198369,cell,cell
g213136,g195169,cell,cell
g213136,g175956,cell,cell
g213136,g153772__178444,cell,cell
g155,g157074,cell,cell
g116,g164307,cell,cell
g213145,g199213,cell,cell
g171,u12_dout_reg\[31\],cell,cell
u12_dout_reg\[31\],g213146,cell,cell
u12_dout_reg\[31\],drc_buf_sp165962,cell,cell
g159882,g159303,cell,cell
g159882,g153396__174767,cell,cell
g213146,g197567,cell,cell
g213146,g178812,cell,cell
g213146,g173515,cell,cell
g213146,g165982,cell,cell
g213149,g186034,cell,cell
g213149,g179388,cell,cell
g213149,g178281,cell,cell
g213149,g171492,cell,cell
g213149,g168469,cell,cell
g213149,g167862,cell,cell
g213149,g166720,cell,cell
g213149,g165980,cell,cell
g213149,g165974,cell,cell
g213149,g165966,cell,cell
g213149,g165965,cell,cell
g186,u12_dout_reg\[27\],cell,cell
u12_dout_reg\[27\],g72,cell,cell
u12_dout_reg\[27\],g213155,cell,cell
g71,g216457,cell,cell
g71,g212591,cell,cell
g71,g197544,cell,cell
g71,g184879,cell,cell
g71,g179385,cell,cell
g71,g178800,cell,cell
g71,g168463,cell,cell
g71,g166138,cell,cell
g71,g166136,cell,cell
g71,g166132,cell,cell
g71,g166128,cell,cell
g213155,g167877,cell,cell
g213155,g166126,cell,cell
g213155,g166122,cell,cell
g213155,g155658,cell,cell
g184,u12_dout_reg\[24\],cell,cell
u12_dout_reg\[24\],g213162,cell,cell
u12_dout_reg\[24\],g213157,cell,cell
g213156,g216462,cell,cell
g213156,g167914,cell,cell
g213156,g166059,cell,cell
g213160,g202295,cell,cell
g213160,g186010,cell,cell
g213160,g168467,cell,cell
g213160,g166771,cell,cell
g213160,g166726,cell,cell
g213160,g166055,cell,cell
g213160,g166043,cell,cell
g213160,g166042,cell,cell
g213162,g197708,cell,cell
g213162,g178813,cell,cell
g213162,g166051,cell,cell
g213162,g166049,cell,cell
g180,u12_dout_reg\[28\],cell,cell
u12_dout_reg\[28\],g213163,cell,cell
u12_dout_reg\[28\],g178125,cell,cell
u12_dout_reg\[28\],drc_buf_sp165988,cell,cell
g213163,g88,cell,cell
g213163,g216455,cell,cell
g213163,g212612,cell,cell
g213163,g202306,cell,cell
g213163,g179694,cell,cell
g213163,g179390,cell,cell
g213163,g178806,cell,cell
g213163,g168468,cell,cell
g213163,g167880,cell,cell
g213163,g166723,cell,cell
g213163,g166008,cell,cell
g213163,g166006,cell,cell
g213163,g166000,cell,cell
g213163,g165996,cell,cell
g213170,u12_dout_reg\[25\],cell,cell
u12_dout_reg\[25\],g213173,cell,cell
u12_dout_reg\[25\],g213167,cell,cell
g213166,g167898,cell,cell
g213166,g166081,cell,cell
g213166,g166068,cell,cell
g213171,g223942,cell,cell
g213171,g216458,cell,cell
g213171,g202298,cell,cell
g213171,g179689,cell,cell
g213171,g166770,cell,cell
g213171,g166725,cell,cell
g213171,g166085,cell,cell
g213171,g166071,cell,cell
g213173,g197539,cell,cell
g213173,g178814,cell,cell
g213173,g168466,cell,cell
g213173,g166075,cell,cell
g213177,u12_dout_reg\[23\],cell,cell
u12_dout_reg\[23\],g213174,cell,cell
u12_dout_reg\[23\],g165959,cell,cell
u12_dout_reg\[23\],drc_buf_sp165935,cell,cell
g213174,g216454,cell,cell
g213174,g212595,cell,cell
g213174,g202313,cell,cell
g213174,g184884,cell,cell
g213174,g179688,cell,cell
g213174,g168470,cell,cell
g213174,g165957,cell,cell
g213174,g165953,cell,cell
g213174,g165951,cell,cell
g213174,g165947,cell,cell
g213174,g165945,cell,cell
g213174,g165936,cell,cell
g213180,u12_dout_reg\[19\],cell,cell
u12_dout_reg\[19\],g178802,cell,cell
u12_dout_reg\[19\],g178751,cell,cell
u12_dout_reg\[19\],g168477,cell,cell
u12_dout_reg\[19\],g166797,cell,cell
u12_dout_reg\[19\],g166776,cell,cell
u12_dout_reg\[19\],g166731,cell,cell
u12_dout_reg\[19\],drc_buf_sp165827,cell,cell
g181,u12_dout_reg\[18\],cell,cell
u12_dout_reg\[18\],g213181,cell,cell
u12_dout_reg\[18\],g184889,cell,cell
u12_dout_reg\[18\],g178210,cell,cell
u12_dout_reg\[18\],drc_buf_sp41,cell,cell
g213188,u12_dout_reg\[22\],cell,cell
u12_dout_reg\[22\],g213185,cell,cell
u12_dout_reg\[22\],g165932,cell,cell
g213193,g212619,cell,cell
g213193,g197686,cell,cell
g213193,g179686,cell,cell
g213193,g171394,cell,cell
g213193,g166728,cell,cell
g213193,g165922,cell,cell
g213193,g165918,cell,cell
g160,u12_dout_reg\[16\],cell,cell
u12_dout_reg\[16\],g213196,cell,cell
u12_dout_reg\[16\],drc_buf_sp165747,cell,cell
g213196,g212608,cell,cell
g213196,g194246,cell,cell
g213196,g186020,cell,cell
g213196,g178279,cell,cell
g213196,g176269,cell,cell
g213196,g172332,cell,cell
g213196,g171495,cell,cell
g213196,g168480,cell,cell
g213196,g166717,cell,cell
g213196,g165771,cell,cell
g213196,g165767,cell,cell
g213196,g165765,cell,cell
g213196,g165761,cell,cell
g213196,g165757,cell,cell
g213196,g165755,cell,cell
g213196,g155775,cell,cell
g161,u12_dout_reg\[17\],cell,cell
u12_dout_reg\[17\],g213199,cell,cell
u12_dout_reg\[17\],drc_buf_sp165775,cell,cell
g213199,g216481,cell,cell
g213199,g202293,cell,cell
g213199,g200158,cell,cell
g213199,g198596,cell,cell
g213199,g184890,cell,cell
g213199,g179674,cell,cell
g213199,g178753,cell,cell
g213199,g167867,cell,cell
g213199,g166783,cell,cell
g213199,g166714,cell,cell
g213199,g165798,cell,cell
g213199,g165794,cell,cell
g213199,g165790,cell,cell
g213199,g165784,cell,cell
g213199,g155776,cell,cell
g213199,g155744,cell,cell
g213204,u12_dout_reg\[13\],cell,cell
u12_dout_reg\[13\],g108,cell,cell
u12_dout_reg\[13\],drc_buf_sp165718,cell,cell
g108,g212596,cell,cell
g108,g199637,cell,cell
g108,g191973,cell,cell
g108,g184892,cell,cell
g108,g178284,cell,cell
g108,g170349,cell,cell
g108,g169549,cell,cell
g108,g167904,cell,cell
g108,g165740,cell,cell
g108,g165738,cell,cell
g108,g165736,cell,cell
g108,g165732,cell,cell
g108,g165722,cell,cell
g213210,u12_dout_reg\[5\],cell,cell
u12_dout_reg\[5\],drc_buf_sp213901,cell,cell
u12_dout_reg\[5\],drc_buf_sp165689,cell,cell
g213214,u12_dout_reg\[3\],cell,cell
u12_dout_reg\[3\],drc_buf_sp213889,cell,cell
u12_dout_reg\[3\],drc_buf_sp165486,cell,cell
g185,u12_dout_reg\[11\],cell,cell
u12_dout_reg\[11\],drc_buf_sp213877,cell,cell
u12_dout_reg\[11\],drc_buf_sp165631,cell,cell
g182,u12_dout_reg\[7\],cell,cell
u12_dout_reg\[7\],g213218,cell,cell
u12_dout_reg\[7\],drc_buf_sp165428,cell,cell
g213218,g209203,cell,cell
g213218,g202294,cell,cell
g213218,g200157,cell,cell
g213218,g197726,cell,cell
g213218,g179683,cell,cell
g213218,g178271,cell,cell
g213218,g168489,cell,cell
g213218,g167908,cell,cell
g213218,g166578,cell,cell
g213218,g165447,cell,cell
g213218,g165443,cell,cell
g213218,g165441,cell,cell
g213218,g165437,cell,cell
g213218,g165435,cell,cell
g213218,g165433,cell,cell
g213218,g155734,cell,cell
g213223,u12_dout_reg\[10\],cell,cell
u12_dout_reg\[10\],g4,cell,cell
u12_dout_reg\[10\],g213225,cell,cell
g4,g179680,cell,cell
g4,g178278,cell,cell
g4,g172336,cell,cell
g4,g165563,cell,cell
g213226,g213021,cell,cell
g213226,g183188,cell,cell
g213226,g168486,cell,cell
g213226,g165569,cell,cell
g213226,g165559,cell,cell
g213226,g165555,cell,cell
g213226,g165546,cell,cell
g213226,g155737,cell,cell
g164,u12_dout_reg\[8\],cell,cell
u12_dout_reg\[8\],g17,cell,cell
g213231,g216469,cell,cell
g213231,g212606,cell,cell
g213231,g195063,cell,cell
g213231,g191976,cell,cell
g213231,g179681,cell,cell
g213231,g172124,cell,cell
g213231,g170345,cell,cell
g213231,g169545,cell,cell
g213231,g168488,cell,cell
g213231,g167872,cell,cell
g213231,g165540,cell,cell
g213231,g165536,cell,cell
g213231,g165532,cell,cell
g213231,g165522,cell,cell
g213231,g155767,cell,cell
g213231,g155735,cell,cell
g213237,u12_dout_reg\[4\],cell,cell
u12_dout_reg\[4\],g213234,cell,cell
g177,u12_dout_reg\[15\],cell,cell
u12_dout_reg\[15\],g184901,cell,cell
u12_dout_reg\[15\],g167926,cell,cell
u12_dout_reg\[15\],g165423,cell,cell
u12_dout_reg\[15\],fopt3,cell,cell
u12_dout_reg\[15\],fopt181996,cell,cell
g166,u12_dout_reg\[9\],cell,cell
u12_dout_reg\[9\],drc_buf_sp213913,cell,cell
u12_dout_reg\[9\],drc_buf_sp165573,cell,cell
g167,u12_dout_reg\[12\],cell,cell
u12_dout_reg\[12\],g213246,cell,cell
u12_dout_reg\[12\],drc_buf_sp165660,cell,cell
g213246,g82,cell,cell
g213246,g222985,cell,cell
g213246,g212615,cell,cell
g213246,g186021,cell,cell
g213246,g178274,cell,cell
g213246,g169206,cell,cell
g213246,g168484,cell,cell
g213246,g165683,cell,cell
g213246,g165681,cell,cell
g213246,g165679,cell,cell
g213246,g165675,cell,cell
g213246,g165671,cell,cell
g213246,g165669,cell,cell
g213246,g165667,cell,cell
g213246,g165662,cell,cell
g213246,g155771,cell,cell
g183,u12_dout_reg\[2\],cell,cell
u12_dout_reg\[2\],g213249,cell,cell
u12_dout_reg\[2\],drc_buf_sp165457,cell,cell
g159406,g158154,cell,cell
g159303,g153398__1617,cell,cell
g213249,g222537,cell,cell
g213249,g216468,cell,cell
g213249,g212598,cell,cell
g213249,g191974,cell,cell
g213249,g186015,cell,cell
g213249,g178811,cell,cell
g213249,g172710,cell,cell
g213249,g172126,cell,cell
g213249,g171168,cell,cell
g213249,g169543,cell,cell
g213249,g168494,cell,cell
g213249,g167888,cell,cell
g213249,g165482,cell,cell
g213249,g165476,cell,cell
g213249,g165474,cell,cell
g213249,g155761,cell,cell
g213254,u12_dout_reg\[6\],cell,cell
u12_dout_reg\[6\],g213256,cell,cell
u12_dout_reg\[6\],fopt185167,cell,cell
u12_dout_reg\[6\],fopt185166,cell,cell
g213256,g35,cell,cell
g213256,g213255,cell,cell
g213255,g85,cell,cell
g213255,g216475,cell,cell
g213255,g202290,cell,cell
g213255,g200159,cell,cell
g213255,g186042,cell,cell
g213255,g165354,cell,cell
g213255,g165350,cell,cell
g213255,g165346,cell,cell
g213255,g165344,cell,cell
g35,g165364,cell,cell
g35,g165360,cell,cell
g35,g165356,cell,cell
g168,u12_dout_reg\[26\],cell,cell
u12_dout_reg\[26\],g213262,cell,cell
u12_dout_reg\[26\],g213259,cell,cell
g213263,g212588,cell,cell
g213263,g197631,cell,cell
g213263,g184880,cell,cell
g213263,g178292,cell,cell
g213263,g168465,cell,cell
g213263,g167878,cell,cell
g213263,g166769,cell,cell
g213263,g166724,cell,cell
g213263,g166112,cell,cell
g213263,g166102,cell,cell
g213263,g166096,cell,cell
g213262,g178796,cell,cell
g213262,g166110,cell,cell
g213262,g166106,cell,cell
g213262,g166100,cell,cell
g169,u12_dout_reg\[21\],cell,cell
u12_dout_reg\[21\],g51,cell,cell
u12_dout_reg\[21\],g213267,cell,cell
u12_dout_reg\[21\],g167917,cell,cell
u12_dout_reg\[21\],fopt185394,cell,cell
g213267,g202289,cell,cell
g213267,g186036,cell,cell
g213267,g166729,cell,cell
g213267,g165890,cell,cell
g51,g219877,cell,cell
g213275,u12_dout_reg\[20\],cell,cell
u12_dout_reg\[20\],g213278,cell,cell
u12_dout_reg\[20\],g213277,cell,cell
u12_dout_reg\[20\],fopt185483,cell,cell
g213277,g213276,cell,cell
g213276,g200160,cell,cell
g213276,g184887,cell,cell
g213276,g178268,cell,cell
g213276,g173313,cell,cell
g213276,g172,cell,cell
g213276,g171473,cell,cell
g213276,g168476,cell,cell
g213276,g165874,cell,cell
g213276,g165871,cell,cell
g213276,g165857,cell,cell
g170,u12_dout_reg\[14\],cell,cell
u12_dout_reg\[14\],g213281,cell,cell
u12_dout_reg\[14\],drc_buf_sp165370,cell,cell
g213281,g212599,cell,cell
g213281,g208588,cell,cell
g213281,g198087,cell,cell
g213281,g179698,cell,cell
g213281,g178270,cell,cell
g213281,g172128,cell,cell
g213281,g170222,cell,cell
g213281,g168482,cell,cell
g213281,g167909,cell,cell
g213281,g165390,cell,cell
g213281,g165388,cell,cell
g213281,g165380,cell,cell
g213281,g165378,cell,cell
g213281,g165371,cell,cell
g213281,g155773,cell,cell
g213281,g155741,cell,cell
g213305,g200315,cell,cell
g213305,g200312,cell,cell
g213327,g209721,cell,cell
g213327,g153788__182080,cell,cell
g213327,g153424__4733,cell,cell
g213327,g153361__4319,cell,cell
g164251,g171483,cell,cell
g164251,g164250,cell,cell
g164251,g163310,cell,cell
g164251,g163204,cell,cell
g164251,g163172,cell,cell
g163204,g157566,cell,cell
g213424,g176068,cell,cell
g213424,g154360__7410,cell,cell
g213424,g154321__6260,cell,cell
g213425,g157306,cell,cell
g159974,g176220,cell,cell
g159974,g157654,cell,cell
g159974,g157653,cell,cell
g159974,g157649,cell,cell
g213702,g213701,cell,cell
g213702,g212232_dup,cell,cell
g213701,g213713,cell,cell
g213701,g213712,cell,cell
g213701,g213711,cell,cell
g213701,g213710,cell,cell
g213701,g213709,cell,cell
g213701,g213708,cell,cell
g213701,g213707,cell,cell
g213701,g213706,cell,cell
g213701,g213704,cell,cell
g213701,g213700,cell,cell
g213701,g153975__213703,cell,cell
g213701,g153579__213705,cell,cell
g213700,g212234,cell,cell
g153975__213703,u5_rp_reg\[3\],cell,cell
g213704,g471,cell,cell
g153579__213705,u5_dout_reg\[19\],cell,cell
g213706,g154000__189844,cell,cell
g213707,u5_dout_reg\[2\],cell,cell
g213708,g189838,cell,cell
g213708,g164096,cell,cell
g213709,g692,cell,cell
g213709,g189845,cell,cell
g213710,g207000,cell,cell
g213710,g1811,cell,cell
g213711,g189855,cell,cell
g213712,g189841,cell,cell
g213712,g153891__176455,cell,cell
g213713,g137,cell,cell
g212232_dup,g213724,cell,cell
g212232_dup,g213723,cell,cell
g212232_dup,g213721,cell,cell
g212232_dup,g213720,cell,cell
g212232_dup,g213719,cell,cell
g212232_dup,g213718,cell,cell
g212232_dup,g213717,cell,cell
g212232_dup,g213716,cell,cell
g212232_dup,g213715,cell,cell
g212232_dup,g213714,cell,cell
g212232_dup,g153882__213722,cell,cell
g213714,g153998__189854,cell,cell
g213715,g153997__189853,cell,cell
g213716,u5_rp_reg\[0\],cell,cell
g213717,g73,cell,cell
g213718,g189843,cell,cell
g213719,g164104,cell,cell
g213720,u5_dout_reg\[3\],cell,cell
g213721,g756,cell,cell
g213721,g189840,cell,cell
g153882__213722,u5_dout_reg\[1\],cell,cell
g213723,g189842,cell,cell
g213723,g183923,cell,cell
g213724,u5_dout_reg\[0\],cell,cell
g213833,u13_crac_r_reg\[6\],cell,cell
drc_bufs6,g213850,cell,cell
drc_bufs6,g213836,cell,cell
g213836,u7_mem_reg\[2\]\[22\],cell,cell
g213837,u6_mem_reg\[0\]\[22\],cell,cell
g213838,u13_icc_r_reg\[22\],cell,cell
g213839,u3_mem_reg\[0\]\[22\],cell,cell
g213840,u8_mem_reg\[0\]\[22\],cell,cell
g213841,u5_mem_reg\[1\]\[22\],cell,cell
g213842,u8_mem_reg\[2\]\[22\],cell,cell
g213843,u7_mem_reg\[1\]\[22\],cell,cell
g213844,u4_mem_reg\[2\]\[22\],cell,cell
g213846,u3_mem_reg\[2\]\[22\],cell,cell
g213847,u7_mem_reg\[0\]\[22\],cell,cell
g213848,u13_intm_r_reg\[22\],cell,cell
g213849,u4_mem_reg\[0\]\[22\],cell,cell
g213850,u3_mem_reg\[1\]\[22\],cell,cell
g213852,g216467,cell,cell
g213852,g213869,cell,cell
g213852,g213867,cell,cell
g213852,g213866,cell,cell
g213852,g213865,cell,cell
g213852,g213864,cell,cell
g213852,g213863,cell,cell
g213852,g213862,cell,cell
g213852,g213861,cell,cell
g213852,g213860,cell,cell
g213852,g213856,cell,cell
g213852,g213855,cell,cell
g213852,g213854,cell,cell
g213852,g213853,cell,cell
g213852,g213851,cell,cell
g213852,drc_bufs213859,cell,cell
g213851,u8_mem_reg\[0\]\[10\],cell,cell
g213853,u5_mem_reg\[1\]\[10\],cell,cell
g213854,u13_crac_dout_r_reg\[10\],cell,cell
g213855,u6_mem_reg\[3\]\[10\],cell,cell
g213856,u8_mem_reg\[1\]\[10\],cell,cell
drc_bufs213859,g213868,cell,cell
drc_bufs213859,g213858,cell,cell
g213858,u3_mem_reg\[1\]\[10\],cell,cell
g213860,u5_mem_reg\[2\]\[10\],cell,cell
g213861,u4_mem_reg\[2\]\[10\],cell,cell
g213862,u6_mem_reg\[0\]\[10\],cell,cell
g213863,u7_mem_reg\[0\]\[10\],cell,cell
g213864,u13_occ1_r_reg\[10\],cell,cell
g213865,u13_intm_r_reg\[10\],cell,cell
g213866,u4_mem_reg\[0\]\[10\],cell,cell
g213867,u7_mem_reg\[1\]\[10\],cell,cell
g213868,u13_occ0_r_reg\[10\],cell,cell
g213869,u3_mem_reg\[0\]\[10\],cell,cell
drc_buf_sp213877,g202292,cell,cell
drc_buf_sp213877,g200152,cell,cell
drc_buf_sp213877,g191980,cell,cell
drc_buf_sp213877,g184874,cell,cell
drc_buf_sp213877,g171075,cell,cell
drc_buf_sp213877,g166571,cell,cell
drc_buf_sp213877,g165651,cell,cell
drc_buf_sp213877,g165647,cell,cell
drc_buf_sp213877,drc_buf_sp213876,cell,cell
drc_buf_sp213876,g216480,cell,cell
drc_buf_sp213876,g195056,cell,cell
drc_buf_sp213876,g186022,cell,cell
drc_buf_sp213876,g172535,cell,cell
drc_buf_sp213876,g168485,cell,cell
drc_buf_sp213876,g167884,cell,cell
drc_buf_sp213876,g165655,cell,cell
drc_buf_sp213876,g155770,cell,cell
drc_buf_sp213876,g155738,cell,cell
drc_buf_sp213889,g200170,cell,cell
drc_buf_sp213889,g186026,cell,cell
drc_buf_sp213889,g166576,cell,cell
drc_buf_sp213889,g165502,cell,cell
drc_buf_sp213889,g165500,cell,cell
drc_buf_sp213889,g165496,cell,cell
drc_buf_sp213889,g165490,cell,cell
drc_buf_sp213889,g155762,cell,cell
drc_buf_sp213889,drc_buf_sp213888,cell,cell
drc_buf_sp213888,g202287,cell,cell
drc_buf_sp213888,g195965,cell,cell
drc_buf_sp213888,g184904,cell,cell
drc_buf_sp213888,g179682,cell,cell
drc_buf_sp213888,g178272,cell,cell
drc_buf_sp213888,g168493,cell,cell
drc_buf_sp213888,g166841,cell,cell
drc_buf_sp213888,g165510,cell,cell
drc_buf_sp213888,g165506,cell,cell
drc_buf_sp213901,g212617,cell,cell
drc_buf_sp213901,g197661,cell,cell
drc_buf_sp213901,g191978,cell,cell
drc_buf_sp213901,g184893,cell,cell
drc_buf_sp213901,g173358,cell,cell
drc_buf_sp213901,g172475,cell,cell
drc_buf_sp213901,g168491,cell,cell
drc_buf_sp213901,g166569,cell,cell
drc_buf_sp213901,drc_buf_sp213900,cell,cell
drc_buf_sp213900,g216456,cell,cell
drc_buf_sp213900,g195068,cell,cell
drc_buf_sp213900,g179677,cell,cell
drc_buf_sp213900,g170156,cell,cell
drc_buf_sp213900,g167870,cell,cell
drc_buf_sp213900,g165709,cell,cell
drc_buf_sp213900,g165705,cell,cell
drc_buf_sp213900,g165690,cell,cell
drc_buf_sp213900,g155732,cell,cell
drc_buf_sp213913,drc_buf_sp225157,cell,cell
g159429,g158101,cell,cell
g158947,g187713,cell,cell
g158886,g212625,cell,cell
g163310,g157561,cell,cell
g214228,g216482,cell,cell
g214228,g214227,cell,cell
g214228,g213849,cell,cell
g214228,g213848,cell,cell
g214228,g213847,cell,cell
g214228,g213846,cell,cell
g214228,g213844,cell,cell
g214228,g213843,cell,cell
g214228,g213842,cell,cell
g214228,g213841,cell,cell
g214228,g213840,cell,cell
g214228,g213839,cell,cell
g214228,g213838,cell,cell
g214228,g213837,cell,cell
g214228,g213833,cell,cell
g214228,drc_bufs6,cell,cell
g214229,g215513,cell,cell
g214229,g214227,cell,cell
g214229,g213868,cell,cell
g214229,g187540,cell,cell
g214229,g182633,cell,cell
g214229,g178210,cell,cell
g214229,g178125,cell,cell
g214229,g173358,cell,cell
g214229,g173313,cell,cell
g214229,g167926,cell,cell
g214229,g167925,cell,cell
g214229,g167924,cell,cell
g214229,g167922,cell,cell
g214229,g167919,cell,cell
g214229,g167917,cell,cell
g214229,g167915,cell,cell
g214229,g167914,cell,cell
g214229,g167913,cell,cell
g214229,g167912,cell,cell
g214229,g167911,cell,cell
g214229,g167910,cell,cell
g214229,g167909,cell,cell
g214229,g167908,cell,cell
g214229,g167906,cell,cell
g214229,g167904,cell,cell
g214229,g167903,cell,cell
g214229,g167901,cell,cell
g214229,g167900,cell,cell
g214229,g167898,cell,cell
g214229,g167897,cell,cell
g214229,g167895,cell,cell
g214229,g167892,cell,cell
g214230,g215513,cell,cell
g214230,g214227,cell,cell
g214230,g182633,cell,cell
g214230,g173358,cell,cell
g214230,g167926,cell,cell
g214230,g167925,cell,cell
g214230,g167917,cell,cell
g214230,g167915,cell,cell
g214230,g167914,cell,cell
g214230,g167913,cell,cell
g214230,g167911,cell,cell
g214230,g167904,cell,cell
g214230,g167903,cell,cell
g214230,g167901,cell,cell
g214230,g167900,cell,cell
g214230,g167892,cell,cell
g214227,u13_occ0_r_reg\[22\],cell,cell
g163319,g214954,cell,cell
g163319,g213865,cell,cell
g163319,g198087,cell,cell
g163319,g184904,cell,cell
g163319,g184903,cell,cell
g163319,g184900,cell,cell
g163319,g184899,cell,cell
g163319,g184898,cell,cell
g163319,g184896,cell,cell
g163319,g184894,cell,cell
g163319,g184893,cell,cell
g163319,g184892,cell,cell
g163319,g184878,cell,cell
g163319,g184877,cell,cell
g163319,g184874,cell,cell
fopt214309,g189210,cell,cell
fopt214310,g175442,cell,cell
fopt214310,fopt214309,cell,cell
g157327_dup,g213848,cell,cell
g157327_dup,g184901,cell,cell
g157327_dup,g184891,cell,cell
g157327_dup,g184890,cell,cell
g157327_dup,g184889,cell,cell
g157327_dup,g184888,cell,cell
g157327_dup,g184887,cell,cell
g157327_dup,g184886,cell,cell
g157327_dup,g184884,cell,cell
g157327_dup,g184883,cell,cell
g157327_dup,g184882,cell,cell
g157327_dup,g184881,cell,cell
g157327_dup,g184880,cell,cell
g157327_dup,g184879,cell,cell
g214470,g157765,cell,cell
g214470,g157634,cell,cell
g214470,g157285,cell,cell
g184751,g187654,cell,cell
g184751,g184750,cell,cell
g184751,g180519,cell,cell
g184751,g180517,cell,cell
g184751,g172167,cell,cell
g184751,g172166_dup,cell,cell
g214503,g214470,cell,cell
g156770_dup214508,g212248,cell,cell
g156770_dup214508,g182413,cell,cell
g156770_dup214508,g182412,cell,cell
g156770_dup214508,g178753,cell,cell
g156770_dup214508,g178752,cell,cell
g156770_dup214508,g178751,cell,cell
g156770_dup214508,g178750,cell,cell
g160156,g224333,cell,cell
g160156,g167685,cell,cell
g159527,g199212,cell,cell
g214942,g216448,cell,cell
g214942,g214962,cell,cell
g214942,g214960,cell,cell
g214942,g214958,cell,cell
g214942,g214954,cell,cell
g214942,g214952,cell,cell
g214942,g214950,cell,cell
g214942,g214948,cell,cell
g214942,g214946,cell,cell
g214942,g214944,cell,cell
g214942,g214943,cell,cell
g214943,u6_mem_reg\[1\]\[4\],cell,cell
g214944,u8_mem_reg\[3\]\[4\],cell,cell
g214946,u7_mem_reg\[0\]\[4\],cell,cell
g214948,u8_mem_reg\[1\]\[4\],cell,cell
g214950,u3_mem_reg\[2\]\[4\],cell,cell
g214952,u7_mem_reg\[1\]\[4\],cell,cell
g214954,u13_intm_r_reg\[4\],cell,cell
g214958,u13_icc_r_reg\[4\],cell,cell
g214960,u5_mem_reg\[3\]\[4\],cell,cell
g214962,u3_mem_reg\[0\]\[4\],cell,cell
g159374,g177855,cell,cell
g159374,g154983,cell,cell
g160079,g158070,cell,cell
drc_buf_sp215496,g215513,cell,cell
drc_buf_sp215496,g215509,cell,cell
drc_buf_sp215496,g215508,cell,cell
drc_buf_sp215496,g215507,cell,cell
drc_buf_sp215496,g215506,cell,cell
drc_buf_sp215496,g215505,cell,cell
drc_buf_sp215496,g215504,cell,cell
drc_buf_sp215496,g215503,cell,cell
drc_buf_sp215496,g215502,cell,cell
drc_buf_sp215496,g215501,cell,cell
drc_buf_sp215496,g215500,cell,cell
drc_buf_sp215496,g215499,cell,cell
drc_buf_sp215496,g215498,cell,cell
drc_buf_sp215496,g215497,cell,cell
drc_buf_sp215496,g215495,cell,cell
drc_buf_sp215496,drc_bufs12,cell,cell
g215495,u8_mem_reg\[0\]\[4\],cell,cell
g215497,u13_crac_dout_r_reg\[4\],cell,cell
g215498,u6_mem_reg\[3\]\[4\],cell,cell
g215499,u8_mem_reg\[2\]\[4\],cell,cell
g215500,u4_mem_reg\[0\]\[4\],cell,cell
g215501,u7_mem_reg\[2\]\[4\],cell,cell
g215502,u13_occ1_r_reg\[4\],cell,cell
g215503,u6_mem_reg\[0\]\[4\],cell,cell
g215504,u5_mem_reg\[0\]\[4\],cell,cell
g215505,u5_mem_reg\[1\]\[4\],cell,cell
g215506,u5_mem_reg\[2\]\[4\],cell,cell
g215507,u4_mem_reg\[3\]\[4\],cell,cell
g215508,u4_mem_reg\[2\]\[4\],cell,cell
g215509,u4_mem_reg\[1\]\[4\],cell,cell
drc_bufs12,g215512,cell,cell
drc_bufs12,g215511,cell,cell
drc_bufs12,g215510,cell,cell
g215510,u7_mem_reg\[3\]\[4\],cell,cell
g215511,u3_mem_reg\[3\]\[4\],cell,cell
g215512,u3_mem_reg\[1\]\[4\],cell,cell
g215513,u13_occ0_r_reg\[4\],cell,cell
g159247,g178025,cell,cell
g159247,g178024,cell,cell
g159247,g176067,cell,cell
g159247,g174906,cell,cell
g159247,g159242,cell,cell
g159247,g159055,cell,cell
fopt163534,g157075,cell,cell
fopt163534,g157074,cell,cell
g158902,g158834,cell,cell
g158902,g158469,cell,cell
g169951,g184495,cell,cell
g169951,g178130,cell,cell
g169951,g169957,cell,cell
g169951,g169950,cell,cell
g169951,g169945,cell,cell
g169951,g166501,cell,cell
g169951,g166500,cell,cell
g169951,g166497,cell,cell
g169951,g166494,cell,cell
g169951,g166492,cell,cell
g169951,g166491,cell,cell
g169951,g158038,cell,cell
g169951,fopt163538,cell,cell
fopt163538,g436,cell,cell
fopt163538,g181788,cell,cell
fopt163538,g163720,cell,cell
fopt163538,g158057,cell,cell
fopt163538,g158045,cell,cell
fopt163538,g158039,cell,cell
fopt163540,g180065,cell,cell
g216235,g276,cell,cell
g216235,g222986,cell,cell
g216235,g173237,cell,cell
g216235,g156760_169534,cell,cell
g216236,g276,cell,cell
g216236,g222986,cell,cell
g216236,g169536,cell,cell
g216236,g156770_dup214508,cell,cell
fopt1385,g207751,cell,cell
fopt1385,g207750,cell,cell
fopt1385,g202328,cell,cell
fopt1385,g202327,cell,cell
fopt1385,g193970,cell,cell
fopt1385,g176943,cell,cell
fopt1385,g176460,cell,cell
g160091,g158142,cell,cell
g160083,g202360,cell,cell
g158963,g157589,cell,cell
g216450,g223598,cell,cell
g216450,g216449,cell,cell
g216449,g216482,cell,cell
g216449,g216481,cell,cell
g216449,g216480,cell,cell
g216449,g216479,cell,cell
g216449,g216478,cell,cell
g216449,g216477,cell,cell
g216449,g216476,cell,cell
g216449,g216475,cell,cell
g216449,g216474,cell,cell
g216449,g216473,cell,cell
g216449,g216472,cell,cell
g216449,g216471,cell,cell
g216449,g216470,cell,cell
g216449,g216469,cell,cell
g216449,g216468,cell,cell
g216449,g216467,cell,cell
g216449,g216448,cell,cell
g216448,u6_mem_reg\[2\]\[4\],cell,cell
g216451,u6_mem_reg\[2\]\[18\],cell,cell
g216453,u6_mem_reg\[2\]\[14\],cell,cell
g216454,u6_mem_reg\[2\]\[23\],cell,cell
g216455,u6_mem_reg\[2\]\[28\],cell,cell
g216456,u6_mem_reg\[2\]\[5\],cell,cell
g216457,u6_mem_reg\[2\]\[27\],cell,cell
g216458,u6_mem_reg\[2\]\[25\],cell,cell
g216460,u6_mem_reg\[2\]\[30\],cell,cell
g216461,u6_mem_reg\[2\]\[21\],cell,cell
g216462,u6_mem_reg\[2\]\[24\],cell,cell
g216463,u6_mem_reg\[2\]\[20\],cell,cell
g216464,u6_mem_reg\[2\]\[15\],cell,cell
g216465,u6_mem_reg\[2\]\[19\],cell,cell
g216466,u6_mem_reg\[2\]\[0\],cell,cell
g216467,u6_mem_reg\[2\]\[10\],cell,cell
g216468,u6_mem_reg\[2\]\[2\],cell,cell
g216469,u6_mem_reg\[2\]\[8\],cell,cell
g216470,u6_mem_reg\[2\]\[16\],cell,cell
g216471,u6_mem_reg\[2\]\[9\],cell,cell
g216472,u6_mem_reg\[2\]\[3\],cell,cell
g216473,u6_mem_reg\[2\]\[29\],cell,cell
g216474,u6_mem_reg\[2\]\[26\],cell,cell
g216475,u6_mem_reg\[2\]\[6\],cell,cell
g216476,u6_mem_reg\[2\]\[12\],cell,cell
g216477,u6_mem_reg\[2\]\[31\],cell,cell
g216478,u6_mem_reg\[2\]\[13\],cell,cell
g216479,u6_mem_reg\[2\]\[7\],cell,cell
g216480,u6_mem_reg\[2\]\[11\],cell,cell
g216481,u6_mem_reg\[2\]\[17\],cell,cell
g216482,u6_mem_reg\[2\]\[22\],cell,cell
g503,g501,cell,cell
g503,g170063,cell,cell
g502,g501,cell,cell
g502,g170063,cell,cell
g504,g501,cell,cell
g501,u16_u5_dma_req_r1_reg,cell,cell
g501,g176748,cell,cell
g216620,g216619,cell,cell
g216619,g33,cell,cell
g216619,g32,cell,cell
g216619,fopt184617,cell,cell
g158946,u9_status_reg\[0\],cell,cell
g216675,g219218,cell,cell
g216675,g216674,cell,cell
g216675,g196651,cell,cell
g216675,g193148,cell,cell
g216675,g170017,cell,cell
g216675,g169148,cell,cell
g216675,fopt8,cell,cell
g216676,g216674,cell,cell
g216674,g211698,cell,cell
g216674,g211697,cell,cell
g216674,g155530,cell,cell
g216674,g155050,cell,cell
g216677,g193148,cell,cell
g216677,g159088,cell,cell
g216678,g192553,cell,cell
g216678,g189273,cell,cell
g216678,g166617,cell,cell
g216678,g159836,cell,cell
g216678,g159301,cell,cell
g216709,g216708,cell,cell
g216708,g216711,cell,cell
g216708,g216707,cell,cell
g216707,g194040,cell,cell
g216711,g189101,cell,cell
g216711,g154339__198418,cell,cell
g216711,g154337__7098,cell,cell
g159085,g169976,cell,cell
g159085,g158854,cell,cell
g158854,g169975,cell,cell
g216873,g218861,cell,cell
g216873,g216872,cell,cell
g216873,g156773_dup165222_dup,cell,cell
g216872,g214944,cell,cell
g216872,g176438,cell,cell
g216872,g172868,cell,cell
g216872,g172840,cell,cell
g216872,g172710,cell,cell
g216872,g172635,cell,cell
g216872,g172535,cell,cell
g216872,g172533,cell,cell
g216872,g172501,cell,cell
g216872,g172475,cell,cell
g216872,g172438,cell,cell
g216872,g172340,cell,cell
g216872,g172336,cell,cell
g216872,g172332,cell,cell
g216872,g172330,cell,cell
g216872,g172326,cell,cell
g216872,g155600,cell,cell
g216899,g216898,cell,cell
g216899,g155528,cell,cell
g216899,g155037,cell,cell
g216898,g154731,cell,cell
g216898,g153835__6131,cell,cell
g216898,g153833__178097,cell,cell
g158944,u11_status_reg\[0\],cell,cell
g163643,g606,cell,cell
g163643,g202338,cell,cell
g163643,g200638,cell,cell
g163643,g198086,cell,cell
g163643,g181767,cell,cell
g163643,g178128,cell,cell
g163643,g177859,cell,cell
g163643,g173316,cell,cell
g163643,g172003,cell,cell
g163643,g158052,cell,cell
g163643,g158044,cell,cell
g163643,g158040,cell,cell
g163643,g158036,cell,cell
g163643,g156986,cell,cell
g163643,g156983,cell,cell
g163643,g156982,cell,cell
g163644,g436,cell,cell
g163644,g181788,cell,cell
g163644,g171441,cell,cell
g163644,g171437,cell,cell
g163644,g170002,cell,cell
g163644,g163172,cell,cell
g163644,g158045,cell,cell
g163644,g156984,cell,cell
g164316,g163319,cell,cell
g164316,g158842,cell,cell
g164316,g158057,cell,cell
g164316,g157327_dup,cell,cell
g164316,g156981,cell,cell
g163646,g158293,cell,cell
g163647,g110,cell,cell
g8_dup217131,g217133,cell,cell
g8_dup217131,g214503,cell,cell
g8_dup217131,g212889,cell,cell
g8_dup217131,g201227,cell,cell
g8_dup217131,g201223,cell,cell
g8_dup217131,g201220,cell,cell
g8_dup217131,g201217,cell,cell
g8_dup217131,g201213,cell,cell
g8_dup217131,g180358,cell,cell
g8_dup217131,g145,cell,cell
g217133,g217132,cell,cell
g217132,g157763,cell,cell
g217132,g157637,cell,cell
g217132,g157318,cell,cell
g163649,g163706,cell,cell
g158302,g185962,cell,cell
g159427,g158103,cell,cell
g158303,g175375,cell,cell
g158894,g158832,cell,cell
g158894,g158464,cell,cell
g163689,g199212,cell,cell
g157,g217531,cell,cell
g157,g200217,cell,cell
g158,g217531,cell,cell
g158,g200217,cell,cell
g217531,g168951,cell,cell
g217531,g157639,cell,cell
g217560,u4_rp_reg\[0\],cell,cell
g217560,g217565,cell,cell
g217560,g188043,cell,cell
g217561,g233,cell,cell
g217561,g217565,cell,cell
g217561,g217563,cell,cell
g217562,g217565,cell,cell
g217562,g212655,cell,cell
g217562,g200652,cell,cell
g217562,g181281,cell,cell
g217562,g178143,cell,cell
g217563,u4_status_reg\[0\],cell,cell
g217563,g217565,cell,cell
g217565,g217564,cell,cell
g217564,g212653,cell,cell
g158832,g158018,cell,cell
g163706,g176677,cell,cell
g163720,g156158,cell,cell
g163721,g156706,cell,cell
g163722,g164308,cell,cell
g163723,g157075,cell,cell
g163723,g157074,cell,cell
g163724,g157185,cell,cell
g163725,g156707,cell,cell
g163726,g157184,cell,cell
g163727,g199213,cell,cell
g163728,g164348,cell,cell
g163729,g157183,cell,cell
g158848,g175898,cell,cell
g163703_dup,g169965,cell,cell
g163703_dup,g163746,cell,cell
g163746,g166526,cell,cell
g163746,g166520,cell,cell
g163746,g158963,cell,cell
g163746,g157299,cell,cell
g218106,g218109,cell,cell
g218106,g186129,cell,cell
g218106,g186126,cell,cell
g218106,g186125,cell,cell
g218106,g186124,cell,cell
g218106,g186123,cell,cell
g218106,g186122,cell,cell
g218106,g186121,cell,cell
g218106,g186120,cell,cell
g218106,g186118,cell,cell
g218107,g49,cell,cell
g218107,g37,cell,cell
g218107,g218109,cell,cell
g218107,g200276,cell,cell
g218107,g192552,cell,cell
g218107,g192019,cell,cell
g218107,g191423,cell,cell
g218107,g186126,cell,cell
g218107,g186125,cell,cell
g218107,g186124,cell,cell
g218107,g186118,cell,cell
g218107,g183903,cell,cell
g218107,g183511,cell,cell
g218107,g176067,cell,cell
g218107,g163890,cell,cell
g218107,g163888,cell,cell
g218107,g159266,cell,cell
g218107,g159055,cell,cell
g218107,g158901,cell,cell
g218107,g158796,cell,cell
g218107,g158795,cell,cell
g218107,g158789,cell,cell
g218107,g158725,cell,cell
g218107,g158713,cell,cell
g218107,g158611,cell,cell
g218109,g218108,cell,cell
g218108,g174910,cell,cell
g218108,g174906,cell,cell
g159477,g158038,cell,cell
g158847,g175898,cell,cell
g163752,g156132,cell,cell
g163754,g171440,cell,cell
g218176,g8_dup217131,cell,cell
g218176,g207595,cell,cell
g218176,fopt218179,cell,cell
fopt218179,g218184,cell,cell
fopt218179,g218183,cell,cell
fopt218179,g218180,cell,cell
fopt218179,g218178,cell,cell
g218178,g218182,cell,cell
g218178,g218181,cell,cell
g218178,g153971__218177,cell,cell
g163756,g156146,cell,cell
g218180,g153971__218177,cell,cell
g153971__218177,u8_rp_reg\[2\],cell,cell
g218181,g171521,cell,cell
g218182,g171521,cell,cell
g218184,g218183,cell,cell
g218183,g329,cell,cell
g218183,g224455,cell,cell
g163757,g171438,cell,cell
g163758,g156144,cell,cell
g279,g275,cell,cell
g278,g275,cell,cell
g275,g218198,cell,cell
g276,g218198,cell,cell
g276,g212247,cell,cell
g276,g197522,cell,cell
g276,g197487,cell,cell
g276,g176537,cell,cell
g276,g173519,cell,cell
g276,g173515,cell,cell
g276,g173513,cell,cell
g276,g173512,cell,cell
g218198,u6_wp_reg\[2\],cell,cell
g163759,g156143,cell,cell
g163762,g156139,cell,cell
g163764,g156137,cell,cell
g163765,g156147,cell,cell
g163767,g156710,cell,cell
g163768,g156126,cell,cell
g163770,u12_i3_re_reg,cell,cell
g163771,g156158,cell,cell
g163774,g155577,cell,cell
g163775,u12_wb_data_o_reg\[30\],cell,cell
g163776,u12_wb_data_o_reg\[29\],cell,cell
g218314,g218313,cell,cell
g218313,u8_dout_reg\[19\],cell,cell
g159185_dup163779,g184582,cell,cell
g138,g137,cell,cell
g159993,g164096,cell,cell
g159993,g154376__189849,cell,cell
g159993,g154370__189852,cell,cell
g159993,g153975__213703,cell,cell
g137,u5_dout_reg\[12\],cell,cell
g586,g189841,cell,cell
g160049,g159000,cell,cell
g160049,g158992,cell,cell
g1811,g1809,cell,cell
g1809,u5_dout_reg\[6\],cell,cell
g158992,g158530,cell,cell
g218861,g88,cell,cell
g218861,g218860,cell,cell
g218861,g197679,cell,cell
g218861,g197613,cell,cell
g218861,g197567,cell,cell
g218861,g197482,cell,cell
g218861,g166783,cell,cell
g218860,u8_wp_reg\[2\],cell,cell
g159620,g182846,cell,cell
g159620,g159619,cell,cell
g159620,g158302,cell,cell
g73,u5_dout_reg\[7\],cell,cell
g219093,g224209,cell,cell
g219093,g188953,cell,cell
g219093,g176676,cell,cell
g219102,g219104,cell,cell
g219102,g189855,cell,cell
g219105,g219104,cell,cell
g219106,g219104,cell,cell
g219107,g219104,cell,cell
g219104,g219103,cell,cell
g219103,u5_dout_reg\[18\],cell,cell
g219108,g219110,cell,cell
g219108,g207385,cell,cell
g219108,g202678,cell,cell
g219108,g202677,cell,cell
g219108,g202676,cell,cell
g219108,g202675,cell,cell
g219108,g202673,cell,cell
g219108,g189140,cell,cell
g219110,g219109,cell,cell
g219109,g212429,cell,cell
fopt163801,g154393__1617,cell,cell
fopt163801,g154391__1705,cell,cell
g219218,g223689,cell,cell
g219218,g219220,cell,cell
g219218,g154776,cell,cell
g219218,g154231,cell,cell
g219218,g154230,cell,cell
g219218,g154189__2802,cell,cell
g219220,g219231,cell,cell
g219220,g219230,cell,cell
g219220,g219226,cell,cell
g219220,g219224,cell,cell
g219220,g219222,cell,cell
g219220,g154233__219223,cell,cell
g219220,g153890__219221,cell,cell
g219220,g153889__219219,cell,cell
g219220,g153595__219229,cell,cell
g219220,g153594__219232,cell,cell
g219220,g153593__219227,cell,cell
g219220,g153592__219228,cell,cell
g153889__219219,u8_dout_reg\[0\],cell,cell
g153890__219221,u8_dout_reg\[1\],cell,cell
g219222,g154120__4319,cell,cell
g154233__219223,g154121__171814,cell,cell
g219224,g104,cell,cell
g219226,g153844__219225,cell,cell
g153844__219225,u8_dout_reg\[14\],cell,cell
g153593__219227,u8_dout_reg\[6\],cell,cell
g153592__219228,u8_dout_reg\[7\],cell,cell
g153595__219229,u8_dout_reg\[4\],cell,cell
g219230,g164106,cell,cell
g219231,g153845__200405,cell,cell
g153594__219232,u8_dout_reg\[5\],cell,cell
g163815,g154317__201203,cell,cell
g219293,u8_mem_reg\[1\]\[9\],cell,cell
g219307,g219306,cell,cell
g219307,g196753,cell,cell
g219307,g191981,cell,cell
g219307,g191978,cell,cell
g219307,g191971,cell,cell
g219307,g191970,cell,cell
g219307,g166125,cell,cell
g219307,g165833,cell,cell
g219306,u8_mem_reg\[1\]\[18\],cell,cell
g158895,g158833,cell,cell
g158895,g157583,cell,cell
g158833,g157583,cell,cell
g219877,g219876,cell,cell
g219877,g210439,cell,cell
g219877,g200143,cell,cell
g219877,g197608,cell,cell
g219877,g184886,cell,cell
g219877,g178287,cell,cell
g219877,g167864,cell,cell
g219877,g165902,cell,cell
g219877,g165898,cell,cell
g219877,g165884,cell,cell
g219878,g89,cell,cell
g219878,g219876,cell,cell
g219878,g219306,cell,cell
g219878,g197738,cell,cell
g219878,g196753,cell,cell
g219878,g176607,cell,cell
g219878,g171397,cell,cell
g219878,g171394,cell,cell
g219878,g171085,cell,cell
g219878,g170754,cell,cell
g219878,g170748,cell,cell
g219878,g170740,cell,cell
g219878,g166125,cell,cell
g219878,g166099,cell,cell
g219878,g165999,cell,cell
g219878,g165833,cell,cell
g219876,u8_mem_reg\[1\]\[21\],cell,cell
g159436,g158108,cell,cell
g163886,g154318__186128,cell,cell
g163888,g157947,cell,cell
g163890,g157907,cell,cell
g163893,g79,cell,cell
g163893,g181979,cell,cell
g163896,g173053,cell,cell
g163897,g196697,cell,cell
g158819,g173027,cell,cell
g463,g185120,cell,cell
g756,g194437,cell,cell
g159000,g175618,cell,cell
g676,g199221,cell,cell
g676,g189103,cell,cell
g676,g189100,cell,cell
g2351,g2349,cell,cell
g2349,u3_dout_reg\[6\],cell,cell
g159514,g157561,cell,cell
g263,u11_mem_reg\[3\]\[7\],cell,cell
g264,u11_mem_reg\[1\]\[7\],cell,cell
g163907,g185119,cell,cell
g163909,g163908,cell,cell
g163908,g153675__171918,cell,cell
g163910,g105,cell,cell
g158803,g175104,cell,cell
g163917,g163916,cell,cell
g163916,g157078,cell,cell
g163919,g439,cell,cell
g163921,g163920,cell,cell
g163920,u3_dout_reg\[7\],cell,cell
g163923,g187623,cell,cell
g163929,g157978,cell,cell
g163930,g157970,cell,cell
g163931,g157971,cell,cell
g163932,g177284,cell,cell
g163932,g158231,cell,cell
g163947,g83,cell,cell
g163947,g162680,cell,cell
g83,g158227,cell,cell
g163948,g159065,cell,cell
g163948,fopt60,cell,cell
g163948,fopt200277,cell,cell
g163948,fopt200240,cell,cell
g52,g194060,cell,cell
g52,g159073,cell,cell
g310,g199219,cell,cell
g125,g157477,cell,cell
g125,g124,cell,cell
g124,g154324__6417,cell,cell
g124,g123,cell,cell
g123,g153599__2346,cell,cell
g221582,g221581,cell,cell
g221582,g212603,cell,cell
g221582,g195072,cell,cell
g221582,g176438,cell,cell
g221582,g169540,cell,cell
g221582,g168495,cell,cell
g221582,g167911,cell,cell
g221582,g166533,cell,cell
g221582,g166532,cell,cell
g221582,g166526,cell,cell
g221582,g164250,cell,cell
g221582,g164246_dup,cell,cell
g221582,g155759,cell,cell
g221582,g100,cell,cell
g221582,fopt185622,cell,cell
g221583,g221581,cell,cell
g221583,g219293,cell,cell
g221583,g214948,cell,cell
g221583,g213856,cell,cell
g221583,g199410,cell,cell
g221583,g191982,cell,cell
g221583,g191981,cell,cell
g221583,g191980,cell,cell
g221583,g191978,cell,cell
g221583,g191977,cell,cell
g221583,g191976,cell,cell
g221583,g191975,cell,cell
g221583,g191974,cell,cell
g221583,g191973,cell,cell
g221583,g191971,cell,cell
g221583,g191970,cell,cell
g221584,g221581,cell,cell
g221584,g219876,cell,cell
g221584,g219293,cell,cell
g221584,g197738,cell,cell
g221584,g191980,cell,cell
g221584,g176607,cell,cell
g221584,g170748,cell,cell
g221584,g170740,cell,cell
g221581,u8_mem_reg\[1\]\[0\],cell,cell
g221643,g221642,cell,cell
g221644,g221642,cell,cell
g221645,g221642,cell,cell
g221642,u3_empty_reg,cell,cell
fopt163956,u14_u6_en_out_l2_reg,cell,cell
fopt163956,g172013,cell,cell
g128,g185127,cell,cell
g162,g185129,cell,cell
g163,g185129,cell,cell
g158786,g164213,cell,cell
g158786,g164212,cell,cell
g692,g177081,cell,cell
g159403,g166485,cell,cell
g221873,g221872,cell,cell
g221873,g211606,cell,cell
g221873,g193485,cell,cell
g221873,g156172,cell,cell
g221874,g221872,cell,cell
g221874,g193486,cell,cell
g221872,u26_ps_cnt_reg\[0\],cell,cell
g158784,g164102,cell,cell
g273,g182616,cell,cell
fopt163967,g199621,cell,cell
fopt163967,g199173,cell,cell
fopt163968,g193854,cell,cell
fopt163968,g158466,cell,cell
fopt163968,g153974__6783,cell,cell
g1365,g94,cell,cell
g1365,g207000,cell,cell
g1365,g183923,cell,cell
g1365,g1811,cell,cell
fopt163976,g1359,cell,cell
g1359,g205417,cell,cell
g1359,g159239,cell,cell
g1359,g159072,cell,cell
g1359,g159064,cell,cell
g1359,fopt1385,cell,cell
fopt1378,g189005,cell,cell
fopt1378,g175149,cell,cell
fopt1378,g159997,cell,cell
fopt1378,fopt163978,cell,cell
fopt1378,fopt1377,cell,cell
fopt1377,g98,cell,cell
fopt1377,g202328,cell,cell
fopt1377,g202327,cell,cell
fopt1377,g193969,cell,cell
g1369,g202327,cell,cell
g1368,g202328,cell,cell
g222524,g224480,cell,cell
g222524,g224479,cell,cell
g222524,g224478,cell,cell
g222524,g224477,cell,cell
g222524,g224476,cell,cell
g222524,g224475,cell,cell
g222524,g224474,cell,cell
g222524,g224473,cell,cell
g222524,g224472,cell,cell
g222524,g224471,cell,cell
g222524,g224465,cell,cell
g222524,g224464,cell,cell
g222524,g224461,cell,cell
g222524,g222523,cell,cell
g222524,g198593,cell,cell
g222524,g198590,cell,cell
g222524,g198582,cell,cell
g222524,g198580,cell,cell
g222524,g198579,cell,cell
g222524,g198574,cell,cell
g222524,g198572,cell,cell
g222524,g198570,cell,cell
g222523,g212713,cell,cell
g222537,u6_mem_reg\[3\]\[2\],cell,cell
g1360,g189855,cell,cell
g158775,g164005,cell,cell
g48,g43,cell,cell
g47,g43,cell,cell
g47,g174613,cell,cell
g45,g43,cell,cell
g45,g174613,cell,cell
g43,g182067,cell,cell
g46,g175347,cell,cell
g222740,u6_mem_reg\[3\]\[6\],cell,cell
g23,g224740,cell,cell
g222986,g222985,cell,cell
g222986,g222740,cell,cell
g222986,g222537,cell,cell
g222986,g215498,cell,cell
g222986,g213855,cell,cell
g222986,g209203,cell,cell
g222986,g208588,cell,cell
g222986,g199637,cell,cell
g222986,g196865,cell,cell
g222986,g195965,cell,cell
g222986,g195458,cell,cell
g222986,g195072,cell,cell
g222986,g195068,cell,cell
g222986,g195063,cell,cell
g222986,g195056,cell,cell
g222986,g176269,cell,cell
g222986,g166878,cell,cell
g222985,u6_mem_reg\[3\]\[12\],cell,cell
g163987,g185125,cell,cell
g163992,g179295,cell,cell
g223142,g223141,cell,cell
g223141,g157015,cell,cell
g223143,g207843,cell,cell
g223143,g180534,cell,cell
g223143,g170084,cell,cell
g223143,g158128,cell,cell
g223143,g158117,cell,cell
g223143,g158115,cell,cell
g223143,g158095,cell,cell
g223143,g158093,cell,cell
g105,g104,cell,cell
g104,u8_dout_reg\[17\],cell,cell
g158768,g182657,cell,cell
g164005,g164007,cell,cell
g164005,g164006,cell,cell
g164005,g164004,cell,cell
g164004,g154383__4733,cell,cell
g164004,g154106__6260,cell,cell
g164006,g176923,cell,cell
g164007,g188044,cell,cell
g164013,g217564,cell,cell
g164013,g185112,cell,cell
g164013,g178142,cell,cell
g164013,g159674,cell,cell
g164013,g1300,cell,cell
g1306,g212238,cell,cell
g1306,g193870,cell,cell
g1306,g193869,cell,cell
g1306,g193863,cell,cell
g1306,g169959,cell,cell
g223450,g223449,cell,cell
g223450,g189097,cell,cell
g223450,g173089,cell,cell
g223450,g173086,cell,cell
g223450,fopt173087,cell,cell
g223449,g167685,cell,cell
g223449,g167684,cell,cell
g223449,g167682,cell,cell
g157865,g169382,cell,cell
fopt1322,g678,cell,cell
fopt1322,g212242,cell,cell
fopt1322,g1282,cell,cell
g223484,g224741,cell,cell
g223484,g224481,cell,cell
g223484,g224470,cell,cell
g223484,g224469,cell,cell
g223484,g224468,cell,cell
g223484,g224467,cell,cell
g223484,g224466,cell,cell
g223484,g224463,cell,cell
g223484,g216709,cell,cell
g223484,g211398,cell,cell
g223484,g199218,cell,cell
g223484,g197695,cell,cell
g223484,g197647,cell,cell
g223484,g188350,cell,cell
g223484,g181507,cell,cell
g223484,g173927,cell,cell
g223484,g169156,cell,cell
g223484,g167537,cell,cell
g223484,g167533,cell,cell
g223484,g167520,cell,cell
g223484,g167355,cell,cell
g223484,g159,cell,cell
g223485,g189103,cell,cell
g1282,g185115,cell,cell
g223535,g253,cell,cell
g223535,g199220,cell,cell
g1287,g185125,cell,cell
g223555,g205517,cell,cell
g223555,g144,cell,cell
g1300,g154724,cell,cell
g1300,g154184__193872,cell,cell
g1300,g153760__193866,cell,cell
g223595,g157094,cell,cell
g223595,g154339__198418,cell,cell
g223596,g224210,cell,cell
g223596,g216707,cell,cell
g223596,g197063,cell,cell
g223596,g188953,cell,cell
g223596,g188677,cell,cell
g223596,g181510,cell,cell
g223596,g177859,cell,cell
g223596,g167895,cell,cell
g223596,g157659,cell,cell
g223596,g157495,cell,cell
g223596,g157493,cell,cell
g223596,fopt176671,cell,cell
g223598,g223597,cell,cell
g223598,g216466,cell,cell
g223598,g216465,cell,cell
g223598,g216464,cell,cell
g223598,g216463,cell,cell
g223598,g216462,cell,cell
g223598,g216461,cell,cell
g223598,g216460,cell,cell
g223598,g216458,cell,cell
g223598,g216457,cell,cell
g223598,g216456,cell,cell
g223598,g216455,cell,cell
g223598,g216454,cell,cell
g223598,g216453,cell,cell
g223598,g216451,cell,cell
g223599,g223597,cell,cell
g223599,g216482,cell,cell
g223599,g216481,cell,cell
g223599,g216480,cell,cell
g223599,g216479,cell,cell
g223599,g216478,cell,cell
g223599,g216477,cell,cell
g223599,g216476,cell,cell
g223599,g216475,cell,cell
g223599,g216474,cell,cell
g223599,g216473,cell,cell
g223599,g216472,cell,cell
g223599,g216471,cell,cell
g223599,g216470,cell,cell
g223599,g216469,cell,cell
g223599,g216468,cell,cell
g223599,g216467,cell,cell
g223599,g216466,cell,cell
g223599,g216465,cell,cell
g223599,g216464,cell,cell
g223599,g216463,cell,cell
g223599,g216462,cell,cell
g223599,g216461,cell,cell
g223599,g216460,cell,cell
g223599,g216458,cell,cell
g223599,g216457,cell,cell
g223599,g216456,cell,cell
g223599,g216455,cell,cell
g223599,g216454,cell,cell
g223599,g216453,cell,cell
g223599,g216451,cell,cell
g223599,g216448,cell,cell
g223600,g223597,cell,cell
g223600,g184878,cell,cell
g223600,g178273,cell,cell
g223600,g172114,cell,cell
g223600,g169254,cell,cell
g223600,g167860,cell,cell
g223600,g166520,cell,cell
g223600,g166505,cell,cell
g223600,g166504,cell,cell
g223597,u6_mem_reg\[2\]\[1\],cell,cell
g1292,g157139,cell,cell
g1292,g154106__6260,cell,cell
g223648,g224524,cell,cell
g223648,g224522,cell,cell
g223648,g206953,cell,cell
g223648,g200639,cell,cell
g223648,g193875,cell,cell
g223648,g193873,cell,cell
g223648,g178049,cell,cell
g223648,g12,cell,cell
g223681,g329,cell,cell
g223683,g218180,cell,cell
g223683,g175310,cell,cell
g223683,g171526,cell,cell
fopt223686,g223689,cell,cell
fopt223686,g223687,cell,cell
fopt223686,g153871__223685,cell,cell
g223688,g223687,cell,cell
g223687,g153871__223685,cell,cell
g223689,g153871__223685,cell,cell
g153871__223685,u8_rp_reg\[1\],cell,cell
g223714,g223713,cell,cell
g223713,g223712,cell,cell
g223712,g218198,cell,cell
g158758,g181574,cell,cell
g223809,g223812,cell,cell
g223809,g223555,cell,cell
g223809,g212080,cell,cell
g223809,g201226,cell,cell
g223809,g201222,cell,cell
g223809,g201216,cell,cell
g223809,g201214,cell,cell
g223809,g201211,cell,cell
g223809,g201210,cell,cell
g223809,g201209,cell,cell
g223809,g201208,cell,cell
g223809,g175904,cell,cell
g223809,g169184,cell,cell
g223809,g169182,cell,cell
g223809,g169180,cell,cell
g223809,g169176,cell,cell
g223809,g169171,cell,cell
g223809,g169170,cell,cell
g223809,g169169,cell,cell
g223809,g169164,cell,cell
g223809,g169163,cell,cell
g223809,g157,cell,cell
g223809,g154,cell,cell
g223809,fopt169162,cell,cell
g223810,g223812,cell,cell
g223810,g223555,cell,cell
g223810,g212080,cell,cell
g223810,g207598,cell,cell
g223810,g191894,cell,cell
g223810,g180359,cell,cell
g223810,g177066,cell,cell
g223810,g169184,cell,cell
g223810,g169180,cell,cell
g223810,g169176,cell,cell
g223810,g169170,cell,cell
g223810,g169169,cell,cell
g223810,g169164,cell,cell
g223810,g169163,cell,cell
g223810,g163932,cell,cell
g223810,g163931,cell,cell
g223810,g163930,cell,cell
g223810,g163929,cell,cell
g223810,g163923,cell,cell
g223810,g163815,cell,cell
g223810,g158,cell,cell
g223810,g154,cell,cell
g223812,g223811,cell,cell
g223811,g192383,cell,cell
g223811,fopt192379,cell,cell
g223943,g223942,cell,cell
g223943,g214943,cell,cell
g223943,g181642,cell,cell
g223943,g169555,cell,cell
g223943,g169553,cell,cell
g223943,g169552,cell,cell
g223943,g169551,cell,cell
g223943,g169550,cell,cell
g223943,g169549,cell,cell
g223943,g169548,cell,cell
g223943,g169546,cell,cell
g223943,g169545,cell,cell
g223943,g169544,cell,cell
g223943,g169543,cell,cell
g223943,g169542,cell,cell
g223943,g169541,cell,cell
g223943,g169540,cell,cell
g223942,u6_mem_reg\[1\]\[25\],cell,cell
fopt164030,g163910,cell,cell
g159147,g153397__1881,cell,cell
g224147,g224146,cell,cell
g224147,g210458,cell,cell
g224147,g210032,cell,cell
g224147,g209881,cell,cell
g224147,g209875,cell,cell
g224147,g209819,cell,cell
g224147,g209813,cell,cell
g224147,g209807,cell,cell
g224147,g209805,cell,cell
g224147,g209803,cell,cell
g224147,g209801,cell,cell
g224147,g208465,cell,cell
g224147,g200520,cell,cell
g224147,g197155,cell,cell
g224147,g195169,cell,cell
g224147,g153859__4319,cell,cell
g224146,u10_mem_reg\[1\]\[5\],cell,cell
fopt164034,g176460,cell,cell
fopt164034,g153891__176455,cell,cell
fopt164034,fopt176458,cell,cell
g224208,g224631,cell,cell
g224209,g224631,cell,cell
g224210,g224631,cell,cell
g224211,g224631,cell,cell
fopt164037,g212933,cell,cell
fopt164037,g173876,cell,cell
fopt164037,fopt173873,cell,cell
g164038,g212377,cell,cell
g164038,g202448,cell,cell
g164038,fopt212932,cell,cell
g164047,g157991,cell,cell
g224333,g676,cell,cell
g224333,g310,cell,cell
g224333,g224209,cell,cell
g224333,g188957,cell,cell
g224333,g188672,cell,cell
g224333,g183377,cell,cell
g224333,g181402,cell,cell
g224333,g180428,cell,cell
g224333,g18,cell,cell
g224333,g173925,cell,cell
g224333,g171451,cell,cell
g224333,g157529,cell,cell
g224333,g157525,cell,cell
g224333,g157516,cell,cell
g224333,g154849,cell,cell
g224335,g153635__188335,cell,cell
g164049,g199240,cell,cell
g164055,g223810,cell,cell
fopt224452,g8_dup217131,cell,cell
fopt224452,g224456,cell,cell
fopt224452,fopt224454,cell,cell
g224453,g224456,cell,cell
g224453,g223681,cell,cell
g224453,g173655,cell,cell
g224453,g157197,cell,cell
g224453,g157196,cell,cell
g224453,g157115,cell,cell
g224453,g156870,cell,cell
fopt224454,g224456,cell,cell
fopt224454,g223688,cell,cell
fopt224454,g223683,cell,cell
fopt224454,g223681,cell,cell
fopt224454,fopt223686,cell,cell
g224456,g224458,cell,cell
g224456,g224457,cell,cell
g224456,g224455,cell,cell
g224455,u22_int_set_reg\[2\],cell,cell
g224458,u8_status_reg\[0\],cell,cell
g224458,g224457,cell,cell
g224457,g171528,cell,cell
fopt224459,g224462,cell,cell
fopt224459,g223484,cell,cell
fopt224459,fopt173083,cell,cell
fopt224460,g23,cell,cell
fopt224460,g224462,cell,cell
fopt224460,g222524,cell,cell
fopt224460,fopt173235,cell,cell
g224462,g224481,cell,cell
g224462,g224480,cell,cell
g224462,g224479,cell,cell
g224462,g224478,cell,cell
g224462,g224477,cell,cell
g224462,g224476,cell,cell
g224462,g224475,cell,cell
g224462,g224474,cell,cell
g224462,g224473,cell,cell
g224462,g224472,cell,cell
g224462,g224471,cell,cell
g224462,g224470,cell,cell
g224462,g224469,cell,cell
g224462,g224468,cell,cell
g224462,g224467,cell,cell
g224462,g224466,cell,cell
g224462,g224465,cell,cell
g224462,g224464,cell,cell
g224462,g224463,cell,cell
g224462,g224461,cell,cell
g224461,g186487,cell,cell
g224463,g223535,cell,cell
g224463,g223485,cell,cell
g224464,g216708,cell,cell
g224465,g181479,cell,cell
g224466,g188460,cell,cell
g224467,g186474,cell,cell
g224468,g223595,cell,cell
g224468,g192139,cell,cell
g224469,g189125,cell,cell
g224469,g189123,cell,cell
g224470,g224755,cell,cell
g224471,g189113,cell,cell
g224472,g181512,cell,cell
g224473,g188349,cell,cell
g224474,g180354,cell,cell
g224475,g188533,cell,cell
g224476,g219093,cell,cell
g224477,g197061,cell,cell
g224478,g183946,cell,cell
g224479,g197943,cell,cell
g224479,g188352,cell,cell
g224480,g199216,cell,cell
g224481,g212713,cell,cell
g160095,g158113,cell,cell
g224522,g224573,cell,cell
g224523,g224573,cell,cell
g224524,g181792,cell,cell
g224524,fopt162437,cell,cell
g224573,g224572,cell,cell
g224573,g189837,cell,cell
g224572,g73,cell,cell
g224572,g471,cell,cell
g224572,g219103,cell,cell
g224572,g202330,cell,cell
g224572,g194437,cell,cell
g224572,g1809,cell,cell
g224572,g177081,cell,cell
g224572,g175,cell,cell
g224572,g164104,cell,cell
g224572,g164094,cell,cell
g224572,g153579__213705,cell,cell
g224572,g137,cell,cell
g224631,g224630,cell,cell
g224630,u6_dout_reg\[13\],cell,cell
g224639,g224638,cell,cell
g224638,g184219,cell,cell
g224640,g184025,cell,cell
g224642,g224641,cell,cell
g224642,g217133,cell,cell
g224642,g214503,cell,cell
g224642,g212889,cell,cell
g224642,g201227,cell,cell
g224642,g201226,cell,cell
g224642,g201225,cell,cell
g224642,g201223,cell,cell
g224642,g201222,cell,cell
g224642,g201220,cell,cell
g224642,g201217,cell,cell
g224642,g201216,cell,cell
g224642,g201215,cell,cell
g224642,g201214,cell,cell
g224642,g201213,cell,cell
g224642,g201211,cell,cell
g224642,g201210,cell,cell
g224642,g201209,cell,cell
g224642,g201208,cell,cell
g224642,g201204,cell,cell
g224642,g157,cell,cell
g224642,g145,cell,cell
g224641,g223811,cell,cell
g224652,g224654,cell,cell
g224652,g224651,cell,cell
g224652,g188463,cell,cell
g224652,g166610,cell,cell
g224651,g224658,cell,cell
g224651,g177282,cell,cell
g224651,g168615,cell,cell
g224651,g166571,cell,cell
g224651,g159958,cell,cell
g224651,g157646,cell,cell
g224654,g224662,cell,cell
g224654,g224656,cell,cell
g224654,g224655,cell,cell
g224654,g224653,cell,cell
g224654,g154366__224661,cell,cell
g224654,g154363__224660,cell,cell
g224654,g154362__224659,cell,cell
g224653,g153890__219221,cell,cell
g224653,g153889__219219,cell,cell
g224655,g153842__8246,cell,cell
g224655,g153841__191897,cell,cell
g224656,g218314,cell,cell
g224656,g154368__5526,cell,cell
g224658,g224667,cell,cell
g224658,g224666,cell,cell
g224658,g224665,cell,cell
g224658,g224664,cell,cell
g224658,g224663,cell,cell
g224658,g154364__224657,cell,cell
g154364__224657,g164106,cell,cell
g154362__224659,g153844__219225,cell,cell
g154363__224660,g153845__200405,cell,cell
g154366__224661,g104,cell,cell
g224662,g168946,cell,cell
g224662,g157643,cell,cell
g224662,g157630,cell,cell
g224663,u8_rp_reg\[0\],cell,cell
g224663,g153971__218177,cell,cell
g224664,g184025,cell,cell
g224665,g163910,cell,cell
g224666,g164106,cell,cell
g224667,g153592__219228,cell,cell
g164088,g164219,cell,cell
g224740,g310,cell,cell
g224740,g224743,cell,cell
g224740,g224208,cell,cell
g224740,g189110,cell,cell
g224740,g188958,cell,cell
g224740,g183378,cell,cell
g224740,g176065,cell,cell
g224740,g158180,cell,cell
g224740,g158179,cell,cell
g224740,g158177,cell,cell
g224740,g158174,cell,cell
g224740,g158171,cell,cell
g224741,g310,cell,cell
g224741,g224743,cell,cell
g224741,g224208,cell,cell
g224741,g189110,cell,cell
g224741,g188958,cell,cell
g224741,g183378,cell,cell
g224741,g176065,cell,cell
g224741,g158180,cell,cell
g224741,g158179,cell,cell
g224741,g158177,cell,cell
g224741,g158174,cell,cell
g224741,g158171,cell,cell
g224743,g224742,cell,cell
g224742,g179295,cell,cell
g224755,g187014,cell,cell
g224755,g18,cell,cell
g18,g224335,cell,cell
g164096,g164094,cell,cell
g583,g164094,cell,cell
g164094,u5_dout_reg\[14\],cell,cell
g158738,g157913,cell,cell
g164102,g197106,cell,cell
g164102,g187550,cell,cell
g77,g76,cell,cell
g76,u5_dout_reg\[9\],cell,cell
g164104,u5_dout_reg\[13\],cell,cell
drc_buf_sp225155,g219293,cell,cell
drc_buf_sp225155,g195458,cell,cell
drc_buf_sp225155,g186023,cell,cell
drc_buf_sp225155,g184896,cell,cell
drc_buf_sp225155,g170378,cell,cell
drc_buf_sp225155,g168487,cell,cell
drc_buf_sp225155,g165593,cell,cell
drc_buf_sp225155,g165587,cell,cell
drc_buf_sp225155,g155736,cell,cell
drc_buf_sp225156,g216471,cell,cell
drc_buf_sp225156,g212618,cell,cell
drc_buf_sp225156,g187726,cell,cell
drc_buf_sp225156,g167922,cell,cell
drc_buf_sp225156,g165591,cell,cell
drc_buf_sp225156,g165577,cell,cell
drc_buf_sp225156,g165574,cell,cell
drc_buf_sp225156,g155768,cell,cell
drc_buf_sp225157,drc_buf_sp225156,cell,cell
drc_buf_sp225157,drc_buf_sp225155,cell,cell
g164106,u8_dout_reg\[16\],cell,cell
g175593,g198600,cell,cell
g175593,g158114,cell,cell
drc_bufs164354,drc_bufs164353,cell,cell
g164112,g164111,cell,cell
g164111,u3_dout_reg\[11\],cell,cell
g164114,g164113,cell,cell
g164113,u3_dout_reg\[10\],cell,cell
g158734,g177292,cell,cell
g94,g93,cell,cell
g93,u5_dout_reg\[8\],cell,cell
g158728,g168800,cell,cell
g159086,u2_bit_clk_r1_reg,cell,cell
g159086,u2_bit_clk_e_reg,cell,cell
g159393,g166620,cell,cell
g158721,g194049,cell,cell
g158721,g194048,cell,cell
g164212,g188048,cell,cell
g164213,g193870,cell,cell
g164213,g153879__193871,cell,cell
g178143,g456,cell,cell
g178143,g199344,cell,cell
g178143,g188049,cell,cell
g178143,g188048,cell,cell
g178143,g188047,cell,cell
g178143,g188044,cell,cell
g178143,g177868,cell,cell
g178143,g169219,cell,cell
g178143,g157144,cell,cell
g178143,g157139,cell,cell
g164219,g164218,cell,cell
g164220,g164218,cell,cell
g164218,u3_dout_reg\[13\],cell,cell
g63,g62,cell,cell
g62,g184613,cell,cell
g64,g157015,cell,cell
g164241,g487,cell,cell
g164241,g434,cell,cell
g164241,g200638,cell,cell
g164241,g198086,cell,cell
g164241,g164244,cell,cell
g164241,g163768,cell,cell
g164241,g157223,cell,cell
g164241,g157221,cell,cell
g164241,g157220,cell,cell
g164241,g157215,cell,cell
g164241,g157214,cell,cell
g164241,g157212,cell,cell
g164241,g157073,cell,cell
g164241,g156981,cell,cell
g164243,g606,cell,cell
g164243,g202338,cell,cell
g164243,g181767,cell,cell
g164243,g172003,cell,cell
g164243,g171441,cell,cell
g164243,g171437,cell,cell
g164243,g170002,cell,cell
g164243,g163706,cell,cell
g164243,g157275,cell,cell
g164243,g157270,cell,cell
g164243,g157224,cell,cell
g164243,g156986,cell,cell
g164243,g156984,cell,cell
g164243,g156983,cell,cell
g164243,g156982,cell,cell
g164243,g110,cell,cell
g164244,g163776,cell,cell
g164244,g163775,cell,cell
g164244,g157774,cell,cell
g16,g184873,cell,cell
g16,g179815,cell,cell
g55,g164288,cell,cell
g60,g59,cell,cell
g60,g181760,cell,cell
g60,g168835,cell,cell
g60,g166617,cell,cell
g60,g159873,cell,cell
g60,g157293,cell,cell
g60,g156701,cell,cell
g56,g164251,cell,cell
g164250,g164248,cell,cell
g164248,u13_icc_r_reg\[0\],cell,cell
g164265,g200639,cell,cell
g164265,g178128,cell,cell
g164265,g177859,cell,cell
g164265,g173316,cell,cell
g164265,g158052,cell,cell
g164265,g158044,cell,cell
g164265,g158040,cell,cell
g164265,g158036,cell,cell
g164265,fopt163540,cell,cell
g164265,fopt163534,cell,cell
g78,g176228,cell,cell
g164274,g20,cell,cell
g164277,g7,cell,cell
g164277,g6,cell,cell
g164277,g164279,cell,cell
g164280,g31,cell,cell
g164280,g164279,cell,cell
g164279,g487,cell,cell
g164279,g451,cell,cell
g164279,g434,cell,cell
g164279,g429,cell,cell
g164279,g174,cell,cell
g164279,g170001,cell,cell
g164279,g163762,cell,cell
g164279,g163759,cell,cell
g164279,g163758,cell,cell
g164279,g163757,cell,cell
g164279,g163756,cell,cell
g164279,g163754,cell,cell
g164279,g163752,cell,cell
g31,g180292,cell,cell
g96,g166608,cell,cell
g96,g164351,cell,cell
g92,g155577,cell,cell
g164286,g157559,cell,cell
g164288,g169257,cell,cell
g164288,g164326,cell,cell
g164288,g163689,cell,cell
g451,g448,cell,cell
g448,u12_wb_data_o_reg\[13\],cell,cell
g429,g426,cell,cell
g426,u12_wb_data_o_reg\[5\],cell,cell
g164289,g184582,cell,cell
g164289,g169965,cell,cell
g164289,g165213,cell,cell
g164289,g164351,cell,cell
g164289,g163746,cell,cell
g164296,g25,cell,cell
g164296,g165213,cell,cell
g164307,g164306,cell,cell
g164308,g164306,cell,cell
g164306,u12_wb_data_o_reg\[27\],cell,cell
g24,g166481,cell,cell
g164320,g184582,cell,cell
g164320,g164319,cell,cell
drc_bufs164423,g181707,cell,cell
drc_bufs164423,drc_bufs164577,cell,cell
g164319,g164243,cell,cell
g164319,g164241,cell,cell
g164326,g179853,cell,cell
g164326,g172267,cell,cell
g164326,g156980,cell,cell
g164326,g156979,cell,cell
g164326,g156978,cell,cell
g164326,g156977,cell,cell
g164326,g156976,cell,cell
g164326,g156975,cell,cell
g164326,g156968,cell,cell
g164326,g156963,cell,cell
g164326,g156962,cell,cell
g164326,g156958,cell,cell
g164326,g156957,cell,cell
g164326,g156945,cell,cell
g164326,g156944,cell,cell
g164326,g156943,cell,cell
g164326,g156942,cell,cell
g164326,g156941,cell,cell
g164326,g156938,cell,cell
g164326,g156937,cell,cell
g164326,g156936,cell,cell
g164326,fopt191858,cell,cell
g164328,g164327,cell,cell
g164327,g169951,cell,cell
g164327,g164265,cell,cell
g164330,g164334,cell,cell
g164332,g182605,cell,cell
g164332,g176228,cell,cell
g164334,g166238,cell,cell
g164334,g164277,cell,cell
g164336,g164335,cell,cell
g164335,g7,cell,cell
g164335,g6,cell,cell
g164335,g166238,cell,cell
g164337,g164319,cell,cell
g164340,g164339,cell,cell
g164339,g164316,cell,cell
g164339,g163644,cell,cell
g164339,g163643,cell,cell
g164348,g164347,cell,cell
g164347,u12_wb_data_o_reg\[28\],cell,cell
g164350,g28,cell,cell
g164350,g169965,cell,cell
g28,g157299,cell,cell
g164352,g164351,cell,cell
g164351,g92,cell,cell
g164351,g487,cell,cell
g164351,g451,cell,cell
g164351,g434,cell,cell
g164351,g163754,cell,cell
g164351,g163752,cell,cell
g164351,g163729,cell,cell
g164351,g163728,cell,cell
g164351,g163727,cell,cell
g164351,g163726,cell,cell
g164351,g163725,cell,cell
g164351,g163724,cell,cell
g164351,g163723,cell,cell
g164351,g163722,cell,cell
g164351,g163721,cell,cell
g164351,g163720,cell,cell
g6,g5,cell,cell
g5,g199213,cell,cell
g5,g164307,cell,cell
g5,g157185,cell,cell
g5,g157184,cell,cell
g5,g157183,cell,cell
g5,g157166,cell,cell
g5,g157164,cell,cell
g5,g157163,cell,cell
g7,g202337,cell,cell
g7,g176679,cell,cell
g7,g163776,cell,cell
g7,g163775,cell,cell
g7,g163774,cell,cell
g7,g163771,cell,cell
g7,g163770,cell,cell
g7,g163768,cell,cell
g7,g163767,cell,cell
g7,g163765,cell,cell
g7,g163764,cell,cell
g7,g112,cell,cell
drc_bufs164361,drc_bufs164536,cell,cell
drc_bufs164364,drc_bufs164560,cell,cell
drc_bufs164367,drc_bufs164539,cell,cell
drc_bufs164370,drc_bufs164548,cell,cell
drc_bufs164373,drc_bufs164563,cell,cell
drc_bufs164376,drc_bufs164566,cell,cell
drc_bufs164379,drc_bufs164542,cell,cell
drc_bufs164382,drc_bufs164545,cell,cell
drc_bufs164385,drc_bufs164551,cell,cell
drc_bufs164388,drc_bufs164554,cell,cell
g160084,g158101,cell,cell
g159985,g756,cell,cell
g159985,g692,cell,cell
g159985,g154372__189851,cell,cell
drc_bufs164453,drc_bufs164572,cell,cell
drc_bufs164456,drc_bufs164557,cell,cell
drc_bufs164459,drc_bufs164590,cell,cell
drc_bufs164462,drc_bufs164596,cell,cell
drc_bufs164470,drc_bufs164469,cell,cell
drc_bufs164473,drc_bufs164472,cell,cell
drc_bufs164476,drc_bufs164475,cell,cell
drc_bufs164479,drc_bufs164478,cell,cell
drc_bufs164482,drc_bufs164481,cell,cell
drc_bufs164485,drc_bufs164484,cell,cell
drc_bufs164488,drc_bufs164487,cell,cell
drc_bufs164491,drc_bufs164490,cell,cell
drc_bufs164494,drc_bufs164493,cell,cell
drc_bufs164497,drc_bufs164496,cell,cell
drc_bufs164500,drc_bufs164499,cell,cell
drc_bufs164503,drc_bufs164502,cell,cell
drc_bufs164506,drc_bufs164505,cell,cell
drc_bufs164509,drc_bufs164508,cell,cell
drc_bufs164512,drc_bufs164511,cell,cell
drc_bufs164515,drc_bufs164514,cell,cell
drc_bufs164518,drc_bufs164517,cell,cell
drc_bufs164521,drc_bufs164520,cell,cell
drc_bufs164524,drc_bufs164523,cell,cell
drc_bufs164527,drc_bufs164526,cell,cell
drc_bufs164530,drc_bufs164529,cell,cell
drc_bufs164533,drc_bufs164532,cell,cell
drc_bufs164536,drc_bufs164535,cell,cell
drc_bufs164539,drc_bufs164538,cell,cell
drc_bufs164542,drc_bufs164541,cell,cell
drc_bufs164545,drc_bufs164544,cell,cell
drc_bufs164548,drc_bufs164547,cell,cell
drc_bufs164551,drc_bufs164550,cell,cell
drc_bufs164435,g181759,cell,cell
drc_bufs164435,drc_bufs164583,cell,cell
drc_bufs164554,drc_bufs164553,cell,cell
drc_bufs164557,drc_bufs164556,cell,cell
drc_bufs164560,drc_bufs164559,cell,cell
drc_bufs164563,drc_bufs164562,cell,cell
drc_bufs164566,drc_bufs164565,cell,cell
drc_bufs164572,drc_bufs164571,cell,cell
drc_bufs164574,drc_bufs189335,cell,cell
drc_bufs164577,drc_bufs189337,cell,cell
drc_bufs164580,drc_bufs189339,cell,cell
drc_bufs164583,drc_bufs190212,cell,cell
drc_bufs164586,drc_bufs190214,cell,cell
drc_bufs164590,drc_bufs164589,cell,cell
drc_bufs164592,drc_bufs189341,cell,cell
drc_bufs164596,drc_bufs164595,cell,cell
drc_bufs164598,drc_bufs189345,cell,cell
drc_bufs164601,drc_bufs189343,cell,cell
drc_bufs164604,drc_bufs190216,cell,cell
g159449,g156958,cell,cell
g160077,g158142,cell,cell
g160085,g158148,cell,cell
g159398,g158164,cell,cell
g158611,g175822,cell,cell
drc_buf_sp164977,g152794__5115,cell,cell
drc_buf_sp164977,g152766__6260,cell,cell
drc_buf_sp164977,g152744__6161,cell,cell
drc_buf_sp164977,g152714__8428,cell,cell
drc_buf_sp164977,g152678__6131,cell,cell
drc_buf_sp164977,g152658__8428,cell,cell
drc_buf_sp164977,g152650__2398,cell,cell
drc_buf_sp164977,g152608__3680,cell,cell
drc_buf_sp164977,g152598__6260,cell,cell
drc_buf_sp164977,g152572__7482,cell,cell
drc_buf_sp164977,g152548__5526,cell,cell
drc_buf_sp164977,g152532__7410,cell,cell
drc_buf_sp164977,g152522__9315,cell,cell
drc_buf_sp164977,g152504__5122,cell,cell
drc_buf_sp164977,g152468__9945,cell,cell
drc_buf_sp164978,g153840,cell,cell
drc_buf_sp164978,g152792__1881,cell,cell
drc_buf_sp164978,g152764__5107,cell,cell
drc_buf_sp164978,g152742__4733,cell,cell
drc_buf_sp164978,g152712__4319,cell,cell
drc_buf_sp164978,g152676__7098,cell,cell
drc_buf_sp164978,g152642__1666,cell,cell
drc_buf_sp164978,g152596__5107,cell,cell
drc_buf_sp164978,g152570__5115,cell,cell
drc_buf_sp164978,g152546__8428,cell,cell
drc_buf_sp164978,g152520__6161,cell,cell
drc_buf_sp164978,g152502__1705,cell,cell
drc_buf_sp164978,g152470__2883,cell,cell
drc_buf_sp164978,g152436__5526,cell,cell
drc_buf_sp164978,g152434__8428,cell,cell
drc_buf_sp164979,g152881__7410,cell,cell
drc_buf_sp164979,g152790__6131,cell,cell
drc_buf_sp164979,g152762__2398,cell,cell
drc_buf_sp164979,g152740__7482,cell,cell
drc_buf_sp164979,g152710__6260,cell,cell
drc_buf_sp164979,g152674__8246,cell,cell
drc_buf_sp164979,g152652__5107,cell,cell
drc_buf_sp164979,g152644__7410,cell,cell
drc_buf_sp164979,g152640__2346,cell,cell
drc_buf_sp164979,g152592__5477,cell,cell
drc_buf_sp164979,g152568__1881,cell,cell
drc_buf_sp164979,g152544__4319,cell,cell
drc_buf_sp164979,g152516__7482,cell,cell
drc_buf_sp164979,g152498__1617,cell,cell
drc_buf_sp164979,g152484__5107,cell,cell
drc_buf_sp164979,g152430__6260,cell,cell
drc_buf_sp164980,g152847__2883,cell,cell
drc_buf_sp164980,g152786__8246,cell,cell
drc_buf_sp164980,g152760__5477,cell,cell
drc_buf_sp164980,g152730__8246,cell,cell
drc_buf_sp164980,g152706__2398,cell,cell
drc_buf_sp164980,g152672__5122,cell,cell
drc_buf_sp164980,g152654__6260,cell,cell
drc_buf_sp164980,g152646__6417,cell,cell
drc_buf_sp164980,g152614__1705,cell,cell
drc_buf_sp164980,g152590__6417,cell,cell
drc_buf_sp164980,g152566__6131,cell,cell
drc_buf_sp164980,g152542__6260,cell,cell
drc_buf_sp164980,g152514__5115,cell,cell
drc_buf_sp164980,g152496__3680,cell,cell
drc_buf_sp164980,g152482__2398,cell,cell
drc_buf_sp164980,g152440__3680,cell,cell
drc_buf_sp164981,g152804__2398,cell,cell
drc_buf_sp164981,g152782__1705,cell,cell
drc_buf_sp164981,g152758__6417,cell,cell
drc_buf_sp164981,g152724__2802,cell,cell
drc_buf_sp164981,g152700__7410,cell,cell
drc_buf_sp164981,g152670__1705,cell,cell
drc_buf_sp164981,g152656__4319,cell,cell
drc_buf_sp164981,g152610__1617,cell,cell
drc_buf_sp164981,g152584__2346,cell,cell
drc_buf_sp164981,g152562__8246,cell,cell
drc_buf_sp164981,g152540__5107,cell,cell
drc_buf_sp164981,g152512__1881,cell,cell
drc_buf_sp164981,g152494__6783,cell,cell
drc_buf_sp164981,g152478__6417,cell,cell
drc_buf_sp164981,g152454__6131,cell,cell
drc_buf_sp164981,g152442__1617,cell,cell
drc_buf_sp164982,g154841,cell,cell
drc_buf_sp164982,g152802__9945,cell,cell
drc_buf_sp164982,g152780__2802,cell,cell
drc_buf_sp164982,g152754__1666,cell,cell
drc_buf_sp164982,g152722__1617,cell,cell
drc_buf_sp164982,g152692__9945,cell,cell
drc_buf_sp164982,g152668__2802,cell,cell
drc_buf_sp164982,g152582__2883,cell,cell
drc_buf_sp164982,g152560__5122,cell,cell
drc_buf_sp164982,g152510__6131,cell,cell
drc_buf_sp164982,g152500__2802,cell,cell
drc_buf_sp164982,g152492__5526,cell,cell
drc_buf_sp164982,g152476__7410,cell,cell
drc_buf_sp164982,g152460__7482,cell,cell
drc_buf_sp164982,g152452__7098,cell,cell
g159378,g158103,cell,cell
drc_buf_sp164983,g152798__6260,cell,cell
drc_buf_sp164983,g152776__3680,cell,cell
drc_buf_sp164983,g152750__2883,cell,cell
drc_buf_sp164983,g152720__3680,cell,cell
drc_buf_sp164983,g152684__7482,cell,cell
drc_buf_sp164983,g152662__6783,cell,cell
drc_buf_sp164983,g152604__5526,cell,cell
drc_buf_sp164983,g152580__9945,cell,cell
drc_buf_sp164983,g152558__1705,cell,cell
drc_buf_sp164983,g152528__2346,cell,cell
drc_buf_sp164983,g152508__7098,cell,cell
drc_buf_sp164983,g152488__4319,cell,cell
drc_buf_sp164983,g152474__1666,cell,cell
drc_buf_sp164983,g152464__6161,cell,cell
drc_buf_sp164983,g152450__8246,cell,cell
drc_buf_sp164984,g152796__7410,cell,cell
drc_buf_sp164984,g152772__5526,cell,cell
drc_buf_sp164984,g152746__9315,cell,cell
drc_buf_sp164984,g152718__6783,cell,cell
drc_buf_sp164984,g152680__1881,cell,cell
drc_buf_sp164984,g152660__5526,cell,cell
drc_buf_sp164984,g152648__5477,cell,cell
drc_buf_sp164984,g152628__7482,cell,cell
drc_buf_sp164984,g152600__4319,cell,cell
drc_buf_sp164984,g152578__9315,cell,cell
drc_buf_sp164984,g152556__2802,cell,cell
drc_buf_sp164984,g152526__2883,cell,cell
drc_buf_sp164984,g152506__8246,cell,cell
drc_buf_sp164984,g152486__6260,cell,cell
drc_buf_sp164984,g152466__9315,cell,cell
g158576,g164213,cell,cell
g158576,g164212,cell,cell
drc_buf_sp165026,g152786__8246,cell,cell
drc_buf_sp165026,g152756__7410,cell,cell
drc_buf_sp165026,g152730__8246,cell,cell
drc_buf_sp165026,g152708__5107,cell,cell
drc_buf_sp165026,g152678__6131,cell,cell
drc_buf_sp165026,g152658__8428,cell,cell
drc_buf_sp165026,g152590__6417,cell,cell
drc_buf_sp165026,g152572__7482,cell,cell
drc_buf_sp165026,g152556__2802,cell,cell
drc_buf_sp165026,g152524__9945,cell,cell
drc_buf_sp165026,g152502__1705,cell,cell
drc_buf_sp165026,g152428__5107,cell,cell
drc_buf_sp165027,g156688,cell,cell
drc_buf_sp165027,g153840,cell,cell
drc_buf_sp165027,g152776__3680,cell,cell
drc_buf_sp165027,g152752__2346,cell,cell
drc_buf_sp165027,g152724__2802,cell,cell
drc_buf_sp165027,g152704__5477,cell,cell
drc_buf_sp165027,g152674__8246,cell,cell
drc_buf_sp165027,g152588__7410,cell,cell
drc_buf_sp165027,g152570__5115,cell,cell
drc_buf_sp165027,g152554__1617,cell,cell
drc_buf_sp165027,g152522__9315,cell,cell
drc_buf_sp165027,g152500__2802,cell,cell
drc_buf_sp165028,g152881__7410,cell,cell
drc_buf_sp165028,g152774__6783,cell,cell
drc_buf_sp165028,g152748__9945,cell,cell
drc_buf_sp165028,g152722__1617,cell,cell
drc_buf_sp165028,g152702__6417,cell,cell
drc_buf_sp165028,g152666__1617,cell,cell
drc_buf_sp165028,g152586__1666,cell,cell
drc_buf_sp165028,g152568__1881,cell,cell
drc_buf_sp165028,g152552__3680,cell,cell
drc_buf_sp165028,g152520__6161,cell,cell
drc_buf_sp165028,g152472__2346,cell,cell
drc_buf_sp165029,g152818__5122,cell,cell
drc_buf_sp165029,g152770__8428,cell,cell
drc_buf_sp165029,g152742__4733,cell,cell
drc_buf_sp165029,g152720__3680,cell,cell
drc_buf_sp165029,g152700__7410,cell,cell
drc_buf_sp165029,g152664__3680,cell,cell
drc_buf_sp165029,g152584__2346,cell,cell
drc_buf_sp165029,g152566__6131,cell,cell
drc_buf_sp165029,g152550__6783,cell,cell
drc_buf_sp165029,g152518__4733,cell,cell
drc_buf_sp165029,g152470__2883,cell,cell
drc_buf_sp165030,g154841,cell,cell
drc_buf_sp165030,g152802__9945,cell,cell
drc_buf_sp165030,g152768__4319,cell,cell
drc_buf_sp165030,g152738__5115,cell,cell
drc_buf_sp165030,g152718__6783,cell,cell
drc_buf_sp165030,g152694__2883,cell,cell
drc_buf_sp165030,g152582__2883,cell,cell
drc_buf_sp165030,g152564__7098,cell,cell
drc_buf_sp165030,g152548__5526,cell,cell
drc_buf_sp165030,g152514__5115,cell,cell
drc_buf_sp165030,g152468__9945,cell,cell
drc_buf_sp165031,g152800__8246,cell,cell
drc_buf_sp165031,g152766__6260,cell,cell
drc_buf_sp165031,g152736__1881,cell,cell
drc_buf_sp165031,g152714__8428,cell,cell
drc_buf_sp165031,g152692__9945,cell,cell
drc_buf_sp165031,g152616__5122,cell,cell
drc_buf_sp165031,g152580__9945,cell,cell
drc_buf_sp165031,g152562__8246,cell,cell
drc_buf_sp165031,g152546__8428,cell,cell
drc_buf_sp165031,g152512__1881,cell,cell
drc_buf_sp165031,g152460__7482,cell,cell
drc_buf_sp165032,g152794__5115,cell,cell
drc_buf_sp165032,g152764__5107,cell,cell
drc_buf_sp165032,g152734__6131,cell,cell
drc_buf_sp165032,g152712__4319,cell,cell
drc_buf_sp165032,g152686__4733,cell,cell
drc_buf_sp165032,g152606__6783,cell,cell
drc_buf_sp165032,g152578__9315,cell,cell
drc_buf_sp165032,g152560__5122,cell,cell
drc_buf_sp165032,g152544__4319,cell,cell
drc_buf_sp165032,g152508__7098,cell,cell
drc_buf_sp165032,g152458__5115,cell,cell
drc_buf_sp165033,g152792__1881,cell,cell
drc_buf_sp165033,g152760__5477,cell,cell
drc_buf_sp165033,g152732__7098,cell,cell
drc_buf_sp165033,g152710__6260,cell,cell
drc_buf_sp165033,g152680__1881,cell,cell
drc_buf_sp165033,g152592__5477,cell,cell
drc_buf_sp165033,g152576__6161,cell,cell
drc_buf_sp165033,g152558__1705,cell,cell
drc_buf_sp165033,g152526__2883,cell,cell
drc_buf_sp165033,g152506__8246,cell,cell
drc_buf_sp165033,g152426__2398,cell,cell
drc_buf_sp165083,g156920,cell,cell
drc_buf_sp165083,g152784__5122,cell,cell
drc_buf_sp165083,g152750__2883,cell,cell
drc_buf_sp165083,g152698__1666,cell,cell
drc_buf_sp165083,g152670__1705,cell,cell
drc_buf_sp165083,g152604__5526,cell,cell
drc_buf_sp165083,g152540__5107,cell,cell
drc_buf_sp165083,g152464__6161,cell,cell
drc_buf_sp165083,g152432__4319,cell,cell
drc_buf_sp165083,drc_buf_sp165082,cell,cell
drc_buf_sp165083,drc_buf_sp165079,cell,cell
drc_buf_sp165083,drc_buf_sp165078,cell,cell
drc_buf_sp165083,drc_buf_sp165077,cell,cell
drc_buf_sp165082,g156921,cell,cell
drc_buf_sp165082,g152788__7098,cell,cell
drc_buf_sp165082,g152782__1705,cell,cell
drc_buf_sp165082,g152754__1666,cell,cell
drc_buf_sp165082,g152746__9315,cell,cell
drc_buf_sp165082,g152706__2398,cell,cell
drc_buf_sp165082,g152696__2346,cell,cell
drc_buf_sp165082,g152672__5122,cell,cell
drc_buf_sp165082,g152668__2802,cell,cell
drc_buf_sp165082,g152608__3680,cell,cell
drc_buf_sp165082,g152602__8428,cell,cell
drc_buf_sp165082,g152542__6260,cell,cell
drc_buf_sp165082,g152538__2398,cell,cell
drc_buf_sp165082,g152466__9315,cell,cell
drc_buf_sp165082,g152462__4733,cell,cell
drc_buf_sp165082,g152430__6260,cell,cell
drc_buf_sp165077,g152847__2883,cell,cell
drc_buf_sp165077,g152790__6131,cell,cell
drc_buf_sp165077,g152780__2802,cell,cell
drc_buf_sp165077,g152758__6417,cell,cell
drc_buf_sp165077,g152744__6161,cell,cell
drc_buf_sp165077,g152716__5526,cell,cell
drc_buf_sp165077,g152690__9315,cell,cell
drc_buf_sp165077,g152676__7098,cell,cell
drc_buf_sp165077,g152662__6783,cell,cell
drc_buf_sp165077,g152610__1617,cell,cell
drc_buf_sp165077,g152600__4319,cell,cell
drc_buf_sp165077,g152574__4733,cell,cell
drc_buf_sp165077,g152528__2346,cell,cell
drc_buf_sp165077,g152498__1617,cell,cell
drc_buf_sp165077,g152444__2802,cell,cell
drc_buf_sp165077,g152434__8428,cell,cell
drc_buf_sp165078,g152804__2398,cell,cell
drc_buf_sp165078,g152778__1617,cell,cell
drc_buf_sp165078,g152740__7482,cell,cell
drc_buf_sp165078,g152688__6161,cell,cell
drc_buf_sp165078,g152660__5526,cell,cell
drc_buf_sp165078,g152598__6260,cell,cell
drc_buf_sp165078,g152516__7482,cell,cell
drc_buf_sp165078,g152442__1617,cell,cell
drc_buf_sp165079,g152798__6260,cell,cell
drc_buf_sp165079,g152796__7410,cell,cell
drc_buf_sp165079,g152772__5526,cell,cell
drc_buf_sp165079,g152762__2398,cell,cell
drc_buf_sp165079,g152728__5122,cell,cell
drc_buf_sp165079,g152726__1705,cell,cell
drc_buf_sp165079,g152684__7482,cell,cell
drc_buf_sp165079,g152682__5115,cell,cell
drc_buf_sp165079,g152614__1705,cell,cell
drc_buf_sp165079,g152612__2802,cell,cell
drc_buf_sp165079,g152596__5107,cell,cell
drc_buf_sp165079,g152594__2398,cell,cell
drc_buf_sp165079,g152510__6131,cell,cell
drc_buf_sp165079,g152504__5122,cell,cell
drc_buf_sp165079,g152440__3680,cell,cell
drc_buf_sp165079,g152438__6783,cell,cell
g159438,g158156,cell,cell
drc_buf_sp165146,g152800__8246,cell,cell
drc_buf_sp165146,g152778__1617,cell,cell
drc_buf_sp165146,g152708__5107,cell,cell
drc_buf_sp165146,g152696__2346,cell,cell
drc_buf_sp165146,g152686__4733,cell,cell
drc_buf_sp165146,g152632__6161,cell,cell
drc_buf_sp165146,g152620__7098,cell,cell
drc_buf_sp165146,g152576__6161,cell,cell
drc_buf_sp165146,g152538__2398,cell,cell
drc_buf_sp165146,g152534__6417,cell,cell
drc_buf_sp165147,g152784__5122,cell,cell
drc_buf_sp165147,g152756__7410,cell,cell
drc_buf_sp165147,g152704__5477,cell,cell
drc_buf_sp165147,g152694__2883,cell,cell
drc_buf_sp165147,g152630__4733,cell,cell
drc_buf_sp165147,g152612__2802,cell,cell
drc_buf_sp165147,g152574__4733,cell,cell
drc_buf_sp165147,g152530__1666,cell,cell
drc_buf_sp165147,g152518__4733,cell,cell
drc_buf_sp165147,g152456__1881,cell,cell
drc_buf_sp165148,g152752__2346,cell,cell
drc_buf_sp165148,g152702__6417,cell,cell
drc_buf_sp165148,g152690__9315,cell,cell
drc_buf_sp165148,g152666__1617,cell,cell
drc_buf_sp165148,g152638__2883,cell,cell
drc_buf_sp165148,g152622__6131,cell,cell
drc_buf_sp165148,g152606__6783,cell,cell
drc_buf_sp165148,g152564__7098,cell,cell
drc_buf_sp165148,g152536__5477,cell,cell
drc_buf_sp165148,g152458__5115,cell,cell
g165153,g214960,cell,cell
g165153,g165722,cell,cell
g165153,g165694,cell,cell
g165153,g165662,cell,cell
g165153,g165633,cell,cell
g165153,g165577,cell,cell
g165153,g165546,cell,cell
g165153,g165519,cell,cell
g165153,g165490,cell,cell
g165153,g165461,cell,cell
g165153,g165433,cell,cell
g165153,g165400,cell,cell
g165153,g165371,cell,cell
g165153,g165344,cell,cell
g165153,g155658,cell,cell
g165153,g155632,cell,cell
g165153,g155631,cell,cell
g159401,g166492,cell,cell
g165213,g214229,cell,cell
drc_buf_sp165270,g152788__7098,cell,cell
drc_buf_sp165270,g152770__8428,cell,cell
drc_buf_sp165270,g152738__5115,cell,cell
drc_buf_sp165270,g152734__6131,cell,cell
drc_buf_sp165270,g152728__5122,cell,cell
drc_buf_sp165270,g152716__5526,cell,cell
drc_buf_sp165270,g152636__9945,cell,cell
drc_buf_sp165270,g152616__5122,cell,cell
drc_buf_sp165270,g152588__7410,cell,cell
drc_buf_sp165270,g152554__1617,cell,cell
drc_buf_sp165270,g152524__9945,cell,cell
drc_buf_sp165270,g152480__5477,cell,cell
drc_buf_sp165270,g152462__4733,cell,cell
drc_buf_sp165270,g152448__5122,cell,cell
drc_buf_sp165270,g152438__6783,cell,cell
drc_buf_sp165270,g152432__4319,cell,cell
drc_buf_sp165271,g152818__5122,cell,cell
drc_buf_sp165271,g152774__6783,cell,cell
drc_buf_sp165271,g152768__4319,cell,cell
drc_buf_sp165271,g152736__1881,cell,cell
drc_buf_sp165271,g152732__7098,cell,cell
drc_buf_sp165271,g152726__1705,cell,cell
drc_buf_sp165271,g152634__9315,cell,cell
drc_buf_sp165271,g152626__5115,cell,cell
drc_buf_sp165271,g152624__1881,cell,cell
drc_buf_sp165271,g152618__8246,cell,cell
drc_buf_sp165271,g152594__2398,cell,cell
drc_buf_sp165271,g152586__1666,cell,cell
drc_buf_sp165271,g152552__3680,cell,cell
drc_buf_sp165271,g152472__2346,cell,cell
drc_buf_sp165271,g152444__2802,cell,cell
drc_buf_sp165271,g152428__5107,cell,cell
g165288,g157851,cell,cell
g165292,g157844,cell,cell
g165300,g157840,cell,cell
g165302,g157864,cell,cell
g165319,g157801,cell,cell
g165323,g157796,cell,cell
g159390,g166491,cell,cell
g165337,g157805,cell,cell
g165339,g157789,cell,cell
g165344,u5_mem_reg\[3\]\[6\],cell,cell
g165346,u6_mem_reg\[0\]\[6\],cell,cell
g165350,u5_mem_reg\[1\]\[6\],cell,cell
g165354,u8_mem_reg\[0\]\[6\],cell,cell
g165355,u8_mem_reg\[2\]\[6\],cell,cell
g165356,u5_mem_reg\[2\]\[6\],cell,cell
g165359,u7_mem_reg\[2\]\[6\],cell,cell
g165360,u4_mem_reg\[2\]\[6\],cell,cell
g165364,u13_icc_r_reg\[6\],cell,cell
drc_buf_sp165370,g181410,cell,cell
g165371,u5_mem_reg\[3\]\[14\],cell,cell
g165375,u6_mem_reg\[0\]\[14\],cell,cell
g165378,u5_mem_reg\[1\]\[14\],cell,cell
g165380,u6_mem_reg\[1\]\[14\],cell,cell
g165384,u8_mem_reg\[2\]\[14\],cell,cell
g165385,u5_mem_reg\[2\]\[14\],cell,cell
g165388,u7_mem_reg\[2\]\[14\],cell,cell
g165389,u4_mem_reg\[2\]\[14\],cell,cell
g165390,u8_mem_reg\[0\]\[14\],cell,cell
g165393,u13_icc_r_reg\[14\],cell,cell
g165400,u5_mem_reg\[3\]\[15\],cell,cell
g165405,u6_mem_reg\[0\]\[15\],cell,cell
g165407,u5_mem_reg\[1\]\[15\],cell,cell
g165409,u6_mem_reg\[1\]\[15\],cell,cell
g165413,u8_mem_reg\[2\]\[15\],cell,cell
g165414,u5_mem_reg\[2\]\[15\],cell,cell
g165417,u7_mem_reg\[2\]\[15\],cell,cell
g165418,u4_mem_reg\[2\]\[15\],cell,cell
g165419,u8_mem_reg\[0\]\[15\],cell,cell
g165423,u13_icc_r_reg\[15\],cell,cell
drc_buf_sp165428,g172172,cell,cell
g165433,u5_mem_reg\[3\]\[7\],cell,cell
g165435,u6_mem_reg\[0\]\[7\],cell,cell
g165437,u5_mem_reg\[1\]\[7\],cell,cell
g165441,u8_mem_reg\[0\]\[7\],cell,cell
g165443,u8_mem_reg\[2\]\[7\],cell,cell
g165444,u5_mem_reg\[2\]\[7\],cell,cell
g165447,u7_mem_reg\[2\]\[7\],cell,cell
g165448,u4_mem_reg\[2\]\[7\],cell,cell
g165450,u13_icc_r_reg\[7\],cell,cell
drc_buf_sp165457,g181484,cell,cell
g165461,u5_mem_reg\[3\]\[2\],cell,cell
g165465,u6_mem_reg\[0\]\[2\],cell,cell
g165467,u5_mem_reg\[1\]\[2\],cell,cell
g165471,u8_mem_reg\[0\]\[2\],cell,cell
g165473,u8_mem_reg\[2\]\[2\],cell,cell
g165474,u5_mem_reg\[2\]\[2\],cell,cell
g165476,u7_mem_reg\[2\]\[2\],cell,cell
g165477,u4_mem_reg\[2\]\[2\],cell,cell
g165482,u13_icc_r_reg\[2\],cell,cell
drc_buf_sp165486,g170703,cell,cell
g165490,u5_mem_reg\[3\]\[3\],cell,cell
g165493,u6_mem_reg\[0\]\[3\],cell,cell
g165496,u5_mem_reg\[1\]\[3\],cell,cell
g165500,u8_mem_reg\[0\]\[3\],cell,cell
g165502,u8_mem_reg\[2\]\[3\],cell,cell
g165503,u5_mem_reg\[2\]\[3\],cell,cell
g165506,u7_mem_reg\[2\]\[3\],cell,cell
g165507,u4_mem_reg\[2\]\[3\],cell,cell
g165510,u13_icc_r_reg\[3\],cell,cell
g17,g213231,cell,cell
g17,g181400,cell,cell
g165519,u5_mem_reg\[3\]\[8\],cell,cell
g165522,u6_mem_reg\[0\]\[8\],cell,cell
g165525,u5_mem_reg\[1\]\[8\],cell,cell
g165529,u8_mem_reg\[0\]\[8\],cell,cell
g165531,u8_mem_reg\[2\]\[8\],cell,cell
g165532,u5_mem_reg\[2\]\[8\],cell,cell
g159376,g166501,cell,cell
g165535,u7_mem_reg\[2\]\[8\],cell,cell
g165536,u4_mem_reg\[2\]\[8\],cell,cell
g165540,u13_icc_r_reg\[8\],cell,cell
g213225,g213852,cell,cell
g213225,g213226,cell,cell
g165546,u5_mem_reg\[3\]\[10\],cell,cell
g165555,u6_mem_reg\[1\]\[10\],cell,cell
g165559,u8_mem_reg\[2\]\[10\],cell,cell
g165563,u7_mem_reg\[2\]\[10\],cell,cell
g165569,u13_icc_r_reg\[10\],cell,cell
drc_buf_sp165573,drc_buf_sp165576,cell,cell
g165574,u6_mem_reg\[0\]\[9\],cell,cell
drc_buf_sp165576,g202303,cell,cell
drc_buf_sp165576,g200153,cell,cell
drc_buf_sp165576,g179679,cell,cell
drc_buf_sp165576,g178286,cell,cell
drc_buf_sp165576,g172438,cell,cell
drc_buf_sp165576,g172157,cell,cell
drc_buf_sp165576,g169546,cell,cell
drc_buf_sp165576,g167886,cell,cell
drc_buf_sp165576,g165596,cell,cell
drc_buf_sp165576,g165592,cell,cell
drc_buf_sp165576,g165590,cell,cell
drc_buf_sp165576,g165582,cell,cell
g165577,u5_mem_reg\[3\]\[9\],cell,cell
g165582,u5_mem_reg\[1\]\[9\],cell,cell
g165587,u8_mem_reg\[2\]\[9\],cell,cell
g165590,u7_mem_reg\[2\]\[9\],cell,cell
g165591,u4_mem_reg\[2\]\[9\],cell,cell
g165592,u8_mem_reg\[0\]\[9\],cell,cell
g165593,u5_mem_reg\[2\]\[9\],cell,cell
g165596,u13_icc_r_reg\[9\],cell,cell
g213234,g214942,cell,cell
g213234,drc_buf_sp215496,cell,cell
drc_buf_sp165631,drc_buf_sp165634,cell,cell
u3_empty_reg,g169569,cell,cell
u3_status_reg\[0\],g173357,cell,cell
u3_status_reg\[0\],g169567,cell,cell
u3_status_reg\[1\],g173357,cell,cell
u3_status_reg\[1\],g169567,cell,cell
u12_o3_we_reg,g198603,cell,cell
u12_o3_we_reg,g178261,cell,cell
u12_o3_we_reg,g174069_dup202286,cell,cell
u12_o3_we_reg,g168541,cell,cell
u12_o3_we_reg,g167604,cell,cell
u12_o3_we_reg,g167603,cell,cell
u12_o3_we_reg,g157205,cell,cell
u12_o3_we_reg,g157193,cell,cell
u12_o3_we_reg,g156872,cell,cell
u4_empty_reg,g156632,cell,cell
u4_status_reg\[0\],g157063,cell,cell
u4_status_reg\[0\],g156167,cell,cell
u4_status_reg\[1\],g157063,cell,cell
u4_status_reg\[1\],g156167,cell,cell
u12_o4_we_reg,g189476,cell,cell
u12_o4_we_reg,g186009,cell,cell
u12_o4_we_reg,g180289,cell,cell
u12_o4_we_reg,g179383,cell,cell
u12_o4_we_reg,g178136,cell,cell
u12_o4_we_reg,g178135,cell,cell
u12_o4_we_reg,g178134,cell,cell
u12_o4_we_reg,g178129,cell,cell
u5_empty_reg,g156636,cell,cell
u5_status_reg\[0\],g173315,cell,cell
u5_status_reg\[0\],g173312,cell,cell
u5_status_reg\[1\],g173315,cell,cell
u5_status_reg\[1\],g173312,cell,cell
u12_o6_we_reg,g192702,cell,cell
u12_o6_we_reg,g184752,cell,cell
u12_o6_we_reg,g179666,cell,cell
u12_o6_we_reg,g157203,cell,cell
u12_o6_we_reg,g157195,cell,cell
u12_o6_we_reg,g157194,cell,cell
u12_o6_we_reg,g156764,cell,cell
u12_o6_we_reg,g13,cell,cell
u6_empty_reg,g156634,cell,cell
u6_status_reg\[0\],g178127,cell,cell
u6_status_reg\[0\],g178124,cell,cell
u6_status_reg\[1\],g178127,cell,cell
u6_status_reg\[1\],g178124,cell,cell
u12_o7_we_reg,g223943,cell,cell
u12_o7_we_reg,g223599,cell,cell
u12_o7_we_reg,g216450,cell,cell
u12_o7_we_reg,g216236,cell,cell
u12_o7_we_reg,g198083,cell,cell
u12_o7_we_reg,g198082,cell,cell
u12_o7_we_reg,g198076,cell,cell
u12_o7_we_reg,fopt200058,cell,cell
u7_empty_reg,g179498,cell,cell
u7_status_reg\[0\],g179496,cell,cell
u7_status_reg\[0\],g157065,cell,cell
u7_status_reg\[1\],g179496,cell,cell
u7_status_reg\[1\],g157065,cell,cell
u12_o8_we_reg,g206151,cell,cell
u12_o8_we_reg,g200142,cell,cell
u12_o8_we_reg,g194248,cell,cell
u12_o8_we_reg,g185545,cell,cell
u12_o8_we_reg,g183363,cell,cell
u12_o8_we_reg,g183362,cell,cell
u12_o8_we_reg,g177835,cell,cell
u12_o8_we_reg,g157202,cell,cell
u12_o8_we_reg,g157189,cell,cell
u12_o8_we_reg,g157188,cell,cell
u8_empty_reg,g188074,cell,cell
u8_empty_reg,g156640,cell,cell
u8_status_reg\[0\],g503,cell,cell
u8_status_reg\[0\],g502,cell,cell
u8_status_reg\[1\],g503,cell,cell
u8_status_reg\[1\],g502,cell,cell
u12_o9_we_reg,g191966,cell,cell
u12_o9_we_reg,g179776,cell,cell
u12_o9_we_reg,g173655,cell,cell
u12_o9_we_reg,g157204,cell,cell
u12_o9_we_reg,g157197,cell,cell
u12_o9_we_reg,g157196,cell,cell
u12_o9_we_reg,g156870,cell,cell
u12_o9_we_reg,g15,cell,cell
u12_o9_we_reg,g14,cell,cell
u13_occ0_r_reg\[0\],g186753,cell,cell
u13_occ0_r_reg\[1\],g167912,cell,cell
u13_occ0_r_reg\[1\],g159477,cell,cell
u13_occ0_r_reg\[1\],g159149,cell,cell
u13_occ0_r_reg\[2\],g159663,cell,cell
u13_occ0_r_reg\[3\],g159934,cell,cell
u13_occ0_r_reg\[3\],g159332,cell,cell
u13_occ0_r_reg\[3\],fopt164092,cell,cell
u13_occ0_r_reg\[4\],g173357,cell,cell
u13_occ0_r_reg\[4\],g169567,cell,cell
u13_occ0_r_reg\[4\],fopt1,cell,cell
u13_occ0_r_reg\[5\],g181769,cell,cell
u13_occ0_r_reg\[5\],g173359,cell,cell
u13_occ0_r_reg\[5\],g173357,cell,cell
u13_occ0_r_reg\[6\],g159480,cell,cell
u17_int_set_reg\[0\],g153664__176232,cell,cell
u17_int_set_reg\[1\],g188060,cell,cell
u17_int_set_reg\[1\],g176158,cell,cell
u17_int_set_reg\[2\],g199186,cell,cell
u17_int_set_reg\[2\],g176159,cell,cell
u13_occ0_r_reg\[8\],g159776,cell,cell
u13_occ0_r_reg\[8\],g159772,cell,cell
u13_occ0_r_reg\[9\],g159522,cell,cell
u13_occ0_r_reg\[10\],g169946,cell,cell
u13_occ0_r_reg\[11\],g188043,cell,cell
u13_occ0_r_reg\[11\],g187539,cell,cell
u13_occ0_r_reg\[12\],g159486,cell,cell
u13_occ0_r_reg\[12\],g159485,cell,cell
u13_occ0_r_reg\[12\],g157063,cell,cell
u13_occ0_r_reg\[12\],g156167,cell,cell
u13_occ0_r_reg\[13\],g157063,cell,cell
u13_occ0_r_reg\[13\],fopt173242,cell,cell
u13_occ0_r_reg\[14\],g169955,cell,cell
u18_int_set_reg\[0\],g153665__176236,cell,cell
u18_int_set_reg\[1\],g197057,cell,cell
u18_int_set_reg\[1\],g176160,cell,cell
u18_int_set_reg\[2\],g233,cell,cell
u18_int_set_reg\[2\],g176161,cell,cell
u13_occ0_r_reg\[16\],g223648,cell,cell
u13_occ0_r_reg\[17\],g193874,cell,cell
u13_occ0_r_reg\[17\],g167903,cell,cell
u13_occ0_r_reg\[17\],g158045,cell,cell
u13_occ0_r_reg\[18\],g186703,cell,cell
u13_occ0_r_reg\[18\],g181786,cell,cell
u13_occ0_r_reg\[19\],fopt163976,cell,cell
u13_occ0_r_reg\[19\],fopt1378,cell,cell
u13_occ0_r_reg\[20\],g173316,cell,cell
u13_occ0_r_reg\[20\],g173315,cell,cell
u13_occ0_r_reg\[20\],g173314,cell,cell
u13_occ0_r_reg\[20\],g173312,cell,cell
u13_occ0_r_reg\[21\],g173312,cell,cell
u13_occ0_r_reg\[21\],g167917,cell,cell
u13_occ0_r_reg\[21\],g158044,cell,cell
u13_occ0_r_reg\[22\],g214227,cell,cell
u13_occ0_r_reg\[22\],g158036,cell,cell
u13_occ0_r_reg\[22\],g12,cell,cell
u19_int_set_reg\[0\],g153666__176235,cell,cell
u19_int_set_reg\[1\],g188088,cell,cell
u19_int_set_reg\[1\],g176162,cell,cell
u19_int_set_reg\[2\],g176163,cell,cell
u19_int_set_reg\[2\],g173879,cell,cell
u13_occ0_r_reg\[24\],g206339,cell,cell
u13_occ0_r_reg\[24\],g159846,cell,cell
u13_occ0_r_reg\[24\],g159302,cell,cell
u13_occ0_r_reg\[24\],g158057,cell,cell
u13_occ0_r_reg\[24\],g154994,cell,cell
u13_occ0_r_reg\[25\],g167898,cell,cell
u13_occ0_r_reg\[25\],g158306,cell,cell
u13_occ0_r_reg\[25\],g158052,cell,cell
u13_occ0_r_reg\[26\],g167562,cell,cell
u13_occ0_r_reg\[26\],g159652,cell,cell
u13_occ0_r_reg\[26\],g159651,cell,cell
u13_occ0_r_reg\[26\],g158040,cell,cell
u13_occ0_r_reg\[27\],fopt189096,cell,cell
u13_occ0_r_reg\[27\],fopt162757,cell,cell
u13_occ0_r_reg\[28\],g178128,cell,cell
u13_occ0_r_reg\[28\],g178127,cell,cell
u13_occ0_r_reg\[28\],g178126,cell,cell
u13_occ0_r_reg\[28\],g178124,cell,cell
u13_occ0_r_reg\[29\],g178124,cell,cell
u13_occ0_r_reg\[29\],g167913,cell,cell
u13_occ0_r_reg\[29\],g159463,cell,cell
u13_occ0_r_reg\[30\],g167892,cell,cell
u13_occ0_r_reg\[30\],g159442,cell,cell
u20_int_set_reg\[0\],g153667__176231,cell,cell
u20_int_set_reg\[1\],g188087,cell,cell
u20_int_set_reg\[1\],g176152,cell,cell
u20_int_set_reg\[2\],g176156,cell,cell
u20_int_set_reg\[2\],g167684,cell,cell
u13_occ1_r_reg\[0\],g216678,cell,cell
u13_occ1_r_reg\[0\],g216676,cell,cell
u13_occ1_r_reg\[1\],g92,cell,cell
u13_occ1_r_reg\[1\],g189273,cell,cell
u13_occ1_r_reg\[1\],g166567,cell,cell
u13_occ1_r_reg\[2\],g159671,cell,cell
u13_occ1_r_reg\[2\],g159301,cell,cell
u13_occ1_r_reg\[3\],g200191,cell,cell
u13_occ1_r_reg\[4\],g179496,cell,cell
u13_occ1_r_reg\[4\],g159553,cell,cell
u13_occ1_r_reg\[4\],g157065,cell,cell
u13_occ1_r_reg\[5\],g166569,cell,cell
u13_occ1_r_reg\[5\],g159548,cell,cell
u13_occ1_r_reg\[5\],g157065,cell,cell
u13_occ1_r_reg\[6\],g192556,cell,cell
u13_occ1_r_reg\[6\],g178169,cell,cell
u13_occ1_r_reg\[6\],g178168,cell,cell
u21_int_set_reg\[0\],g153668__176233,cell,cell
u21_int_set_reg\[1\],g188079,cell,cell
u21_int_set_reg\[1\],g176155,cell,cell
u21_int_set_reg\[2\],g193853,cell,cell
u21_int_set_reg\[2\],g176164,cell,cell
u13_occ1_r_reg\[8\],g198039,cell,cell
u13_occ1_r_reg\[8\],g198038,cell,cell
u13_occ1_r_reg\[9\],g187728,cell,cell
u13_occ1_r_reg\[9\],g187727,cell,cell
u13_occ1_r_reg\[9\],g187725,cell,cell
u13_occ1_r_reg\[10\],g159644,cell,cell
u13_occ1_r_reg\[11\],g159966,cell,cell
u13_occ1_r_reg\[12\],g503,cell,cell
u13_occ1_r_reg\[12\],g502,cell,cell
u13_occ1_r_reg\[12\],g159529,cell,cell
u13_occ1_r_reg\[13\],g502,cell,cell
u13_occ1_r_reg\[13\],g166568,cell,cell
u13_occ1_r_reg\[13\],g159441,cell,cell
u13_occ1_r_reg\[14\],g170222,cell,cell
u13_occ1_r_reg\[14\],g159459,cell,cell
u22_int_set_reg\[0\],g153669__176234,cell,cell
u22_int_set_reg\[1\],g189208,cell,cell
u22_int_set_reg\[1\],g176240,cell,cell
u22_int_set_reg\[2\],g224455,cell,cell
u22_int_set_reg\[2\],g176165,cell,cell
u2_out_le_reg\[0\],g156645,cell,cell
u2_out_le_reg\[0\],g153994__8246,cell,cell
u2_out_le_reg\[0\],g153401__4319,cell,cell
u2_out_le_reg\[0\],g152964__6417,cell,cell
u2_out_le_reg\[0\],g152859__2802,cell,cell
u2_out_le_reg\[1\],g156893,cell,cell
u2_out_le_reg\[1\],g156116__5115,cell,cell
u2_out_le_reg\[1\],g155592__5477,cell,cell
u2_out_le_reg\[1\],g154858__6260,cell,cell
u2_out_le_reg\[1\],g154395__7482,cell,cell
u2_out_le_reg\[1\],g153590__3680,cell,cell
u2_out_le_reg\[1\],g153402__6260,cell,cell
u2_out_le_reg\[2\],g156646,cell,cell
u2_out_le_reg\[2\],g155590,cell,cell
u2_out_le_reg\[2\],g154857__5107,cell,cell
u2_out_le_reg\[2\],g153995__7098,cell,cell
u2_out_le_reg\[2\],g153403__5526,cell,cell
u2_out_le_reg\[2\],g152879__6161,cell,cell
u2_out_le_reg\[2\],g152857__5122,cell,cell
u2_out_le_reg\[2\],g152833__5477,cell,cell
u2_out_le_reg\[2\],g152825__2346,cell,cell
u2_out_le_reg\[2\],drc_buf_sp166649,cell,cell
u2_out_le_reg\[3\],g157207,cell,cell
u2_out_le_reg\[3\],g156723,cell,cell
u2_out_le_reg\[3\],g156721,cell,cell
u2_out_le_reg\[3\],g156720,cell,cell
u2_out_le_reg\[3\],g155582__7410,cell,cell
u2_out_le_reg\[3\],g154399__9945,cell,cell
u2_out_le_reg\[3\],g153875__1705,cell,cell
u2_out_le_reg\[3\],g152962__1666,cell,cell
u2_out_le_reg\[3\],g152866__7098,cell,cell
u2_out_le_reg\[3\],g152844__8428,cell,cell
u2_out_le_reg\[3\],g152815__4733,cell,cell
u2_out_le_reg\[3\],drc_buf_sp166354,cell,cell
u2_out_le_reg\[4\],g157353,cell,cell
u2_out_le_reg\[4\],g157159,cell,cell
u2_out_le_reg\[4\],g157157,cell,cell
u2_out_le_reg\[4\],g156724,cell,cell
u2_out_le_reg\[4\],g155581__1666,cell,cell
u2_out_le_reg\[4\],g154400__9315,cell,cell
u2_out_le_reg\[4\],g153876__2802,cell,cell
u2_out_le_reg\[4\],g152961__2346,cell,cell
u2_out_le_reg\[4\],g152869__1881,cell,cell
u2_out_le_reg\[4\],g152843__4319,cell,cell
u2_out_le_reg\[4\],g152814__7482,cell,cell
u2_out_le_reg\[4\],drc_buf_sp166329,cell,cell
u2_out_le_reg\[5\],g156648,cell,cell
u2_out_le_reg\[5\],g155587,cell,cell
u2_out_le_reg\[5\],g155586,cell,cell
u2_out_le_reg\[5\],g155584,cell,cell
u2_out_le_reg\[5\],g155578__2346,cell,cell
u2_out_le_reg\[5\],g154401__6161,cell,cell
u2_out_le_reg\[5\],g153877__1617,cell,cell
u2_out_le_reg\[5\],g152960__2883,cell,cell
u2_out_le_reg\[5\],g152870__5115,cell,cell
u2_out_le_reg\[5\],g152846__6783,cell,cell
u2_out_le_reg\[5\],g152817__9315,cell,cell
u2_out_le_reg\[5\],drc_buf_sp166454,cell,cell
u14_u1_en_out_l_reg,g188077,cell,cell
u14_u1_en_out_l_reg,g159607,cell,cell
u14_u0_en_out_l_reg,g188938,cell,cell
u14_u0_en_out_l_reg,g173416,cell,cell
u14_u0_en_out_l_reg,g169481,cell,cell
u14_crac_wr_r_reg,g188085,cell,cell
u14_crac_wr_r_reg,g158311,cell,cell
u14_crac_wr_r_reg,g152430__6260,cell,cell
u14_crac_valid_r_reg,g160100,cell,cell
u14_crac_valid_r_reg,g158311,cell,cell
u14_crac_valid_r_reg,g152428__5107,cell,cell
u14_u5_en_out_l_reg,g189212,cell,cell
u14_u5_en_out_l_reg,g188058,cell,cell
u14_u5_en_out_l_reg,g175442,cell,cell
u14_u4_en_out_l_reg,g216677,cell,cell
u14_u4_en_out_l_reg,g216676,cell,cell
u14_u4_en_out_l_reg,fopt187722,cell,cell
u14_u3_en_out_l_reg,g188087,cell,cell
u14_u3_en_out_l_reg,g188082,cell,cell
u14_u3_en_out_l_reg,g159601,cell,cell
u14_u3_en_out_l_reg,g159183,cell,cell
u14_u2_en_out_l_reg,g210669,cell,cell
u14_u2_en_out_l_reg,g186702,cell,cell
u3_dout_reg\[0\],g153887__169189,cell,cell
u3_dout_reg\[0\],g152576__6161,cell,cell
u3_dout_reg\[10\],g164114,cell,cell
u3_dout_reg\[10\],g152556__2802,cell,cell
u3_dout_reg\[11\],g164112,cell,cell
u3_dout_reg\[11\],g152554__1617,cell,cell
u3_dout_reg\[12\],g153843__5477,cell,cell
u3_dout_reg\[12\],g152552__3680,cell,cell
u3_dout_reg\[13\],g164220,cell,cell
u3_dout_reg\[13\],g152550__6783,cell,cell
u3_dout_reg\[14\],g184614,cell,cell
u3_dout_reg\[14\],g152548__5526,cell,cell
u3_dout_reg\[15\],g184616,cell,cell
u3_dout_reg\[15\],g152546__8428,cell,cell
u3_dout_reg\[16\],g154200__6783,cell,cell
u3_dout_reg\[16\],g152544__4319,cell,cell
u3_dout_reg\[17\],g153585__5526,cell,cell
u3_dout_reg\[17\],g152542__6260,cell,cell
u3_dout_reg\[18\],g153584__6783,cell,cell
u3_dout_reg\[18\],g152540__5107,cell,cell
u3_dout_reg\[19\],g153631__1617,cell,cell
u3_dout_reg\[19\],g152538__2398,cell,cell
u3_dout_reg\[1\],g153888__3680,cell,cell
u3_dout_reg\[1\],g152574__4733,cell,cell
u3_dout_reg\[2\],g178098,cell,cell
u3_dout_reg\[2\],g152572__7482,cell,cell
u3_dout_reg\[3\],g154223,cell,cell
u3_dout_reg\[3\],g152570__5115,cell,cell
u3_dout_reg\[4\],g153599__2346,cell,cell
u3_dout_reg\[4\],g152568__1881,cell,cell
u3_dout_reg\[5\],g163919,cell,cell
u3_dout_reg\[5\],g152566__6131,cell,cell
u3_dout_reg\[6\],g169135,cell,cell
u3_dout_reg\[6\],g152564__7098,cell,cell
u3_dout_reg\[7\],g163921,cell,cell
u3_dout_reg\[7\],g152562__8246,cell,cell
u3_dout_reg\[8\],g154228,cell,cell
u3_dout_reg\[8\],g152560__5122,cell,cell
u3_dout_reg\[9\],g154229,cell,cell
u3_dout_reg\[9\],g152558__1705,cell,cell
u4_dout_reg\[0\],g153879__193871,cell,cell
u4_dout_reg\[0\],g152616__5122,cell,cell
u4_dout_reg\[10\],g212242,cell,cell
u4_dout_reg\[10\],g152596__5107,cell,cell
u4_dout_reg\[11\],g152594__2398,cell,cell
u4_dout_reg\[11\],g1282,cell,cell
u4_dout_reg\[12\],g193863,cell,cell
u4_dout_reg\[12\],g152592__5477,cell,cell
u4_dout_reg\[13\],g163987,cell,cell
u4_dout_reg\[13\],g152590__6417,cell,cell
u4_dout_reg\[14\],g152588__7410,cell,cell
u4_dout_reg\[14\],g128,cell,cell
u4_dout_reg\[15\],g678,cell,cell
u4_dout_reg\[15\],g152586__1666,cell,cell
u4_dout_reg\[16\],g154219__2802,cell,cell
u4_dout_reg\[16\],g152584__2346,cell,cell
u4_dout_reg\[17\],g153618__185117,cell,cell
u4_dout_reg\[17\],g152582__2883,cell,cell
u4_dout_reg\[18\],g186849,cell,cell
u4_dout_reg\[18\],g152580__9945,cell,cell
u4_dout_reg\[19\],g163,cell,cell
u4_dout_reg\[19\],g152578__9315,cell,cell
u4_dout_reg\[1\],g153880__193867,cell,cell
u4_dout_reg\[1\],g152614__1705,cell,cell
u4_dout_reg\[2\],g193870,cell,cell
u4_dout_reg\[2\],g152612__2802,cell,cell
u4_dout_reg\[3\],g193869,cell,cell
u4_dout_reg\[3\],g152610__1617,cell,cell
u4_dout_reg\[4\],g153611__185128,cell,cell
u4_dout_reg\[4\],g152608__3680,cell,cell
u4_dout_reg\[5\],g309,cell,cell
u4_dout_reg\[5\],g152606__6783,cell,cell
u4_dout_reg\[6\],g463,cell,cell
u4_dout_reg\[6\],g152604__5526,cell,cell
u4_dout_reg\[7\],g163907,cell,cell
u4_dout_reg\[7\],g152602__8428,cell,cell
u4_dout_reg\[8\],g193859,cell,cell
u4_dout_reg\[8\],g152600__4319,cell,cell
u4_dout_reg\[9\],g197109,cell,cell
u4_dout_reg\[9\],g152598__6260,cell,cell
u5_dout_reg\[0\],g213724,cell,cell
u5_dout_reg\[0\],g152696__2346,cell,cell
u5_dout_reg\[10\],g213721,cell,cell
u5_dout_reg\[10\],g152676__7098,cell,cell
u5_dout_reg\[11\],g213709,cell,cell
u5_dout_reg\[11\],g152674__8246,cell,cell
u5_dout_reg\[12\],g213713,cell,cell
u5_dout_reg\[12\],g152672__5122,cell,cell
u5_dout_reg\[13\],g213719,cell,cell
u5_dout_reg\[13\],g152670__1705,cell,cell
u5_dout_reg\[14\],g213708,cell,cell
u5_dout_reg\[14\],g152668__2802,cell,cell
u5_dout_reg\[15\],g586,cell,cell
u5_dout_reg\[15\],g152666__1617,cell,cell
u5_dout_reg\[16\],g213718,cell,cell
u5_dout_reg\[16\],g152664__3680,cell,cell
u5_dout_reg\[17\],g213706,cell,cell
u5_dout_reg\[17\],g152662__6783,cell,cell
u5_dout_reg\[18\],g213711,cell,cell
u5_dout_reg\[18\],g152660__5526,cell,cell
u5_dout_reg\[19\],g153579__213705,cell,cell
u5_dout_reg\[19\],g152658__8428,cell,cell
u5_dout_reg\[1\],g153882__213722,cell,cell
u5_dout_reg\[1\],g152694__2883,cell,cell
u5_dout_reg\[2\],g213707,cell,cell
u5_dout_reg\[2\],g152692__9945,cell,cell
u5_dout_reg\[3\],g213720,cell,cell
u5_dout_reg\[3\],g152690__9315,cell,cell
u5_dout_reg\[4\],g213723,cell,cell
u5_dout_reg\[4\],g152688__6161,cell,cell
u5_dout_reg\[5\],g213704,cell,cell
u5_dout_reg\[5\],g152686__4733,cell,cell
u5_dout_reg\[6\],g213710,cell,cell
u5_dout_reg\[6\],g152684__7482,cell,cell
u5_dout_reg\[7\],g213717,cell,cell
u5_dout_reg\[7\],g152682__5115,cell,cell
u5_dout_reg\[8\],g213715,cell,cell
u5_dout_reg\[8\],g152680__1881,cell,cell
u5_dout_reg\[9\],g213714,cell,cell
u5_dout_reg\[9\],g152678__6131,cell,cell
u6_dout_reg\[0\],g153883__196657,cell,cell
u6_dout_reg\[0\],g152736__1881,cell,cell
u6_dout_reg\[10\],g153634__188333,cell,cell
u6_dout_reg\[10\],g152716__5526,cell,cell
u6_dout_reg\[11\],g153635__188335,cell,cell
u6_dout_reg\[11\],g152714__8428,cell,cell
u6_dout_reg\[12\],g163992,cell,cell
u6_dout_reg\[12\],g152712__4319,cell,cell
u6_dout_reg\[13\],g224630,cell,cell
u6_dout_reg\[13\],g152710__6260,cell,cell
u6_dout_reg\[14\],g152708__5107,cell,cell
u6_dout_reg\[14\],g126,cell,cell
u6_dout_reg\[15\],g153639__182909,cell,cell
u6_dout_reg\[15\],g152706__2398,cell,cell
u6_dout_reg\[16\],g188332,cell,cell
u6_dout_reg\[16\],g152704__5477,cell,cell
u6_dout_reg\[17\],g194039,cell,cell
u6_dout_reg\[17\],g152702__6417,cell,cell
u6_dout_reg\[18\],g196655,cell,cell
u6_dout_reg\[18\],g152700__7410,cell,cell
u6_dout_reg\[19\],g196653,cell,cell
u6_dout_reg\[19\],g152698__1666,cell,cell
u6_dout_reg\[1\],g196660,cell,cell
u6_dout_reg\[1\],g152734__6131,cell,cell
u6_dout_reg\[2\],g154206,cell,cell
u6_dout_reg\[2\],g152732__7098,cell,cell
u6_dout_reg\[3\],g180357,cell,cell
u6_dout_reg\[3\],g152730__8246,cell,cell
u6_dout_reg\[4\],g153607__179418,cell,cell
u6_dout_reg\[4\],g152728__5122,cell,cell
u6_dout_reg\[5\],g188331,cell,cell
u6_dout_reg\[5\],g152726__1705,cell,cell
u6_dout_reg\[6\],g519,cell,cell
u6_dout_reg\[6\],g152724__2802,cell,cell
u6_dout_reg\[7\],g182911,cell,cell
u6_dout_reg\[7\],g152722__1617,cell,cell
u6_dout_reg\[8\],g196658,cell,cell
u6_dout_reg\[8\],g152720__3680,cell,cell
u6_dout_reg\[9\],g196659,cell,cell
u6_dout_reg\[9\],g152718__6783,cell,cell
u7_dout_reg\[0\],g193159,cell,cell
u7_dout_reg\[0\],g152776__3680,cell,cell
u7_dout_reg\[10\],g193149,cell,cell
u7_dout_reg\[10\],g152756__7410,cell,cell
u7_dout_reg\[11\],g154221,cell,cell
u7_dout_reg\[11\],g152754__1666,cell,cell
u7_dout_reg\[12\],g193157,cell,cell
u7_dout_reg\[12\],g152752__2346,cell,cell
u7_dout_reg\[13\],g200938,cell,cell
u7_dout_reg\[13\],g152750__2883,cell,cell
u7_dout_reg\[14\],g193154,cell,cell
u7_dout_reg\[14\],g152748__9945,cell,cell
u7_dout_reg\[15\],g176218,cell,cell
u7_dout_reg\[15\],g152746__9315,cell,cell
u7_dout_reg\[16\],g193155,cell,cell
u7_dout_reg\[16\],g152744__6161,cell,cell
u7_dout_reg\[17\],g193156,cell,cell
u7_dout_reg\[17\],g152742__4733,cell,cell
u7_dout_reg\[18\],g193162,cell,cell
u7_dout_reg\[18\],g152740__7482,cell,cell
u7_dout_reg\[19\],g153839__180563,cell,cell
u7_dout_reg\[19\],g152738__5115,cell,cell
u7_dout_reg\[1\],g153886__205418,cell,cell
u7_dout_reg\[1\],g152774__6783,cell,cell
u7_dout_reg\[2\],g154215,cell,cell
u7_dout_reg\[2\],g152772__5526,cell,cell
u7_dout_reg\[3\],g154216,cell,cell
u7_dout_reg\[3\],g152770__8428,cell,cell
u7_dout_reg\[4\],g153603__6161,cell,cell
u7_dout_reg\[4\],g152768__4319,cell,cell
u7_dout_reg\[5\],g153602__193161,cell,cell
u7_dout_reg\[5\],g152766__6260,cell,cell
u7_dout_reg\[6\],g153601__193160,cell,cell
u7_dout_reg\[6\],g152764__5107,cell,cell
u7_dout_reg\[7\],g153600__193163,cell,cell
u7_dout_reg\[7\],g152762__2398,cell,cell
u7_dout_reg\[8\],g193151,cell,cell
u7_dout_reg\[8\],g152760__5477,cell,cell
u7_dout_reg\[9\],g193152,cell,cell
u7_dout_reg\[9\],g152758__6417,cell,cell
u8_dout_reg\[0\],g156688,cell,cell
u8_dout_reg\[0\],g153889__219219,cell,cell
u8_dout_reg\[10\],g194035,cell,cell
u8_dout_reg\[10\],g152796__7410,cell,cell
u8_dout_reg\[11\],g200558,cell,cell
u8_dout_reg\[11\],g152794__5115,cell,cell
u8_dout_reg\[12\],g153659__1617,cell,cell
u8_dout_reg\[12\],g152792__1881,cell,cell
u8_dout_reg\[13\],g152790__6131,cell,cell
u8_dout_reg\[13\],g130,cell,cell
u8_dout_reg\[14\],g153844__219225,cell,cell
u8_dout_reg\[14\],g152788__7098,cell,cell
u8_dout_reg\[15\],g153845__200405,cell,cell
u8_dout_reg\[15\],g152786__8246,cell,cell
u8_dout_reg\[16\],g219230,cell,cell
u8_dout_reg\[16\],g152784__5122,cell,cell
u8_dout_reg\[17\],g219224,cell,cell
u8_dout_reg\[17\],g152782__1705,cell,cell
u8_dout_reg\[18\],g153662__6783,cell,cell
u8_dout_reg\[18\],g152780__2802,cell,cell
u8_dout_reg\[19\],g218313,cell,cell
u8_dout_reg\[19\],g152778__1617,cell,cell
u8_dout_reg\[1\],g154841,cell,cell
u8_dout_reg\[1\],g153890__219221,cell,cell
u8_dout_reg\[2\],g154230,cell,cell
u8_dout_reg\[2\],g153840,cell,cell
u8_dout_reg\[3\],g154231,cell,cell
u8_dout_reg\[3\],g152881__7410,cell,cell
u8_dout_reg\[4\],g153595__219229,cell,cell
u8_dout_reg\[4\],g152847__2883,cell,cell
u8_dout_reg\[5\],g153594__219232,cell,cell
u8_dout_reg\[5\],g152818__5122,cell,cell
u8_dout_reg\[6\],g153593__219227,cell,cell
u8_dout_reg\[6\],g152804__2398,cell,cell
u8_dout_reg\[7\],g153592__219228,cell,cell
u8_dout_reg\[7\],g152802__9945,cell,cell
u8_dout_reg\[8\],g219222,cell,cell
u8_dout_reg\[8\],g152800__8246,cell,cell
u8_dout_reg\[9\],g154233__219223,cell,cell
u8_dout_reg\[9\],g152798__6260,cell,cell
u13_resume_req_reg,g154846,cell,cell
u12_rf_we_reg,g19,cell,cell
u12_rf_we_reg,g184876,cell,cell
u12_rf_we_reg,g182607,cell,cell
u12_rf_we_reg,g179814,cell,cell
u12_rf_we_reg,g175437,cell,cell
u12_rf_we_reg,g172173,cell,cell
u12_rf_we_reg,g171483,cell,cell
u12_rf_we_reg,g169257,cell,cell
u12_rf_we_reg,g167677,cell,cell
u12_rf_we_reg,g166526,cell,cell
u12_rf_we_reg,g166520,cell,cell
u12_rf_we_reg,g165213,cell,cell
u12_rf_we_reg,g164326,cell,cell
u12_rf_we_reg,g164250,cell,cell
u12_rf_we_reg,g163319,cell,cell
u12_rf_we_reg,g157327_dup,cell,cell
u0_slt0_r_reg\[0\],g152454__6131,cell,cell
u0_slt0_r_reg\[10\],g152434__8428,cell,cell
u0_slt0_r_reg\[11\],g152432__4319,cell,cell
u0_slt0_r_reg\[12\],g152430__6260,cell,cell
u0_slt0_r_reg\[13\],g152428__5107,cell,cell
u0_slt0_r_reg\[14\],g152426__2398,cell,cell
u0_slt0_r_reg\[15\],drc_bufs164456,cell,cell
u0_slt0_r_reg\[1\],g152452__7098,cell,cell
u0_slt0_r_reg\[2\],g152450__8246,cell,cell
u0_slt0_r_reg\[3\],g152448__5122,cell,cell
u0_slt0_r_reg\[4\],g152446__1705,cell,cell
u0_slt0_r_reg\[5\],g152444__2802,cell,cell
u0_slt0_r_reg\[6\],g152442__1617,cell,cell
u0_slt0_r_reg\[7\],g152440__3680,cell,cell
u0_slt0_r_reg\[8\],g152438__6783,cell,cell
u0_slt0_r_reg\[9\],g152436__5526,cell,cell
u0_slt1_r_reg\[0\],g152494__6783,cell,cell
u0_slt1_r_reg\[10\],g152474__1666,cell,cell
u0_slt1_r_reg\[11\],g152472__2346,cell,cell
u0_slt1_r_reg\[12\],g152470__2883,cell,cell
u0_slt1_r_reg\[13\],g152468__9945,cell,cell
u0_slt1_r_reg\[14\],g152466__9315,cell,cell
u0_slt1_r_reg\[15\],g152464__6161,cell,cell
u0_slt1_r_reg\[16\],g152462__4733,cell,cell
u0_slt1_r_reg\[17\],g152460__7482,cell,cell
u0_slt1_r_reg\[18\],g152458__5115,cell,cell
u0_slt1_r_reg\[19\],g152456__1881,cell,cell
u0_slt1_r_reg\[1\],g152492__5526,cell,cell
u0_slt1_r_reg\[2\],g152490__8428,cell,cell
u0_slt1_r_reg\[3\],g152488__4319,cell,cell
u0_slt1_r_reg\[4\],g152486__6260,cell,cell
u0_slt1_r_reg\[5\],g152484__5107,cell,cell
u0_slt1_r_reg\[6\],g152482__2398,cell,cell
u0_slt1_r_reg\[7\],g152480__5477,cell,cell
u0_slt1_r_reg\[8\],g152478__6417,cell,cell
u0_slt1_r_reg\[9\],g152476__7410,cell,cell
u0_slt2_r_reg\[0\],g152534__6417,cell,cell
u0_slt2_r_reg\[10\],g152514__5115,cell,cell
u0_slt2_r_reg\[11\],g152512__1881,cell,cell
u0_slt2_r_reg\[12\],g152510__6131,cell,cell
u0_slt2_r_reg\[13\],g152508__7098,cell,cell
u0_slt2_r_reg\[14\],g152506__8246,cell,cell
u0_slt2_r_reg\[15\],g152504__5122,cell,cell
u0_slt2_r_reg\[16\],g152502__1705,cell,cell
u0_slt2_r_reg\[17\],g152500__2802,cell,cell
u0_slt2_r_reg\[18\],g152498__1617,cell,cell
u0_slt2_r_reg\[19\],g152496__3680,cell,cell
u0_slt2_r_reg\[1\],g152532__7410,cell,cell
u0_slt2_r_reg\[2\],g152530__1666,cell,cell
u0_slt2_r_reg\[3\],g152528__2346,cell,cell
u0_slt2_r_reg\[4\],g152526__2883,cell,cell
u0_slt2_r_reg\[5\],g152524__9945,cell,cell
u0_slt2_r_reg\[6\],g152522__9315,cell,cell
u0_slt2_r_reg\[7\],g152520__6161,cell,cell
u0_slt2_r_reg\[8\],g152518__4733,cell,cell
u0_slt2_r_reg\[9\],g152516__7482,cell,cell
u0_slt3_r_reg\[0\],g152574__4733,cell,cell
u0_slt3_r_reg\[10\],g152554__1617,cell,cell
u0_slt3_r_reg\[11\],g152552__3680,cell,cell
u0_slt3_r_reg\[12\],g152550__6783,cell,cell
u0_slt3_r_reg\[13\],g152548__5526,cell,cell
u0_slt3_r_reg\[14\],g152546__8428,cell,cell
u0_slt3_r_reg\[15\],g152544__4319,cell,cell
u0_slt3_r_reg\[16\],g152542__6260,cell,cell
u0_slt3_r_reg\[17\],g152540__5107,cell,cell
u0_slt3_r_reg\[18\],g152538__2398,cell,cell
u0_slt3_r_reg\[19\],g152536__5477,cell,cell
u0_slt3_r_reg\[1\],g152572__7482,cell,cell
u0_slt3_r_reg\[2\],g152570__5115,cell,cell
u0_slt3_r_reg\[3\],g152568__1881,cell,cell
u0_slt3_r_reg\[4\],g152566__6131,cell,cell
u0_slt3_r_reg\[5\],g152564__7098,cell,cell
u0_slt3_r_reg\[6\],g152562__8246,cell,cell
u0_slt3_r_reg\[7\],g152560__5122,cell,cell
u0_slt3_r_reg\[8\],g152558__1705,cell,cell
u0_slt3_r_reg\[9\],g152556__2802,cell,cell
u0_slt4_r_reg\[0\],g152614__1705,cell,cell
u0_slt4_r_reg\[10\],g152594__2398,cell,cell
u0_slt4_r_reg\[11\],g152592__5477,cell,cell
u0_slt4_r_reg\[12\],g152590__6417,cell,cell
u0_slt4_r_reg\[13\],g152588__7410,cell,cell
u0_slt4_r_reg\[14\],g152586__1666,cell,cell
u0_slt4_r_reg\[15\],g152584__2346,cell,cell
u0_slt4_r_reg\[16\],g152582__2883,cell,cell
u0_slt4_r_reg\[17\],g152580__9945,cell,cell
u0_slt4_r_reg\[18\],g152578__9315,cell,cell
u0_slt4_r_reg\[19\],g152576__6161,cell,cell
u0_slt4_r_reg\[1\],g152612__2802,cell,cell
u0_slt4_r_reg\[2\],g152610__1617,cell,cell
u0_slt4_r_reg\[3\],g152608__3680,cell,cell
u0_slt4_r_reg\[4\],g152606__6783,cell,cell
u0_slt4_r_reg\[5\],g152604__5526,cell,cell
u0_slt4_r_reg\[6\],g152602__8428,cell,cell
u0_slt4_r_reg\[7\],g152600__4319,cell,cell
u0_slt4_r_reg\[8\],g152598__6260,cell,cell
u0_slt4_r_reg\[9\],g152596__5107,cell,cell
u0_slt5_r_reg\[0\],g152654__6260,cell,cell
u0_slt5_r_reg\[10\],g152634__9315,cell,cell
u0_slt5_r_reg\[11\],g152632__6161,cell,cell
u0_slt5_r_reg\[12\],g152630__4733,cell,cell
u0_slt5_r_reg\[13\],g152628__7482,cell,cell
u0_slt5_r_reg\[14\],g152626__5115,cell,cell
u0_slt5_r_reg\[15\],g152624__1881,cell,cell
u0_slt5_r_reg\[16\],g152622__6131,cell,cell
u0_slt5_r_reg\[17\],g152620__7098,cell,cell
u0_slt5_r_reg\[18\],g152618__8246,cell,cell
u0_slt5_r_reg\[19\],g152616__5122,cell,cell
u0_slt5_r_reg\[1\],g152652__5107,cell,cell
u0_slt5_r_reg\[2\],g152650__2398,cell,cell
u0_slt5_r_reg\[3\],g152648__5477,cell,cell
u0_slt5_r_reg\[4\],g152646__6417,cell,cell
u0_slt5_r_reg\[5\],g152644__7410,cell,cell
u0_slt5_r_reg\[6\],g152642__1666,cell,cell
u0_slt5_r_reg\[7\],g152640__2346,cell,cell
u0_slt5_r_reg\[8\],g152638__2883,cell,cell
u0_slt5_r_reg\[9\],g152636__9945,cell,cell
u0_slt6_r_reg\[0\],g152694__2883,cell,cell
u0_slt6_r_reg\[10\],g152674__8246,cell,cell
u0_slt6_r_reg\[11\],g152672__5122,cell,cell
u0_slt6_r_reg\[12\],g152670__1705,cell,cell
u0_slt6_r_reg\[13\],g152668__2802,cell,cell
u0_slt6_r_reg\[14\],g152666__1617,cell,cell
u0_slt6_r_reg\[15\],g152664__3680,cell,cell
u0_slt6_r_reg\[16\],g152662__6783,cell,cell
u0_slt6_r_reg\[17\],g152660__5526,cell,cell
u0_slt6_r_reg\[18\],g152658__8428,cell,cell
u0_slt6_r_reg\[19\],g152656__4319,cell,cell
u0_slt6_r_reg\[1\],g152692__9945,cell,cell
u0_slt6_r_reg\[2\],g152690__9315,cell,cell
u0_slt6_r_reg\[3\],g152688__6161,cell,cell
u0_slt6_r_reg\[4\],g152686__4733,cell,cell
u0_slt6_r_reg\[5\],g152684__7482,cell,cell
u0_slt6_r_reg\[6\],g152682__5115,cell,cell
u0_slt6_r_reg\[7\],g152680__1881,cell,cell
u0_slt6_r_reg\[8\],g152678__6131,cell,cell
u0_slt6_r_reg\[9\],g152676__7098,cell,cell
u0_slt7_r_reg\[0\],g152734__6131,cell,cell
u0_slt7_r_reg\[10\],g152714__8428,cell,cell
u0_slt7_r_reg\[11\],g152712__4319,cell,cell
u0_slt7_r_reg\[12\],g152710__6260,cell,cell
u0_slt7_r_reg\[13\],g152708__5107,cell,cell
u0_slt7_r_reg\[14\],g152706__2398,cell,cell
u0_slt7_r_reg\[15\],g152704__5477,cell,cell
u0_slt7_r_reg\[16\],g152702__6417,cell,cell
u0_slt7_r_reg\[17\],g152700__7410,cell,cell
u0_slt7_r_reg\[18\],g152698__1666,cell,cell
u0_slt7_r_reg\[19\],g152696__2346,cell,cell
u0_slt7_r_reg\[1\],g152732__7098,cell,cell
u0_slt7_r_reg\[2\],g152730__8246,cell,cell
u0_slt7_r_reg\[3\],g152728__5122,cell,cell
u0_slt7_r_reg\[4\],g152726__1705,cell,cell
u0_slt7_r_reg\[5\],g152724__2802,cell,cell
u0_slt7_r_reg\[6\],g152722__1617,cell,cell
u0_slt7_r_reg\[7\],g152720__3680,cell,cell
u0_slt7_r_reg\[8\],g152718__6783,cell,cell
u0_slt7_r_reg\[9\],g152716__5526,cell,cell
u0_slt8_r_reg\[0\],g152774__6783,cell,cell
u0_slt8_r_reg\[10\],g152754__1666,cell,cell
u0_slt8_r_reg\[11\],g152752__2346,cell,cell
u0_slt8_r_reg\[12\],g152750__2883,cell,cell
u0_slt8_r_reg\[13\],g152748__9945,cell,cell
u0_slt8_r_reg\[14\],g152746__9315,cell,cell
u0_slt8_r_reg\[15\],g152744__6161,cell,cell
u0_slt8_r_reg\[16\],g152742__4733,cell,cell
u0_slt8_r_reg\[17\],g152740__7482,cell,cell
u0_slt8_r_reg\[18\],g152738__5115,cell,cell
u0_slt8_r_reg\[19\],g152736__1881,cell,cell
u0_slt8_r_reg\[1\],g152772__5526,cell,cell
u0_slt8_r_reg\[2\],g152770__8428,cell,cell
u0_slt8_r_reg\[3\],g152768__4319,cell,cell
u0_slt8_r_reg\[4\],g152766__6260,cell,cell
u0_slt8_r_reg\[5\],g152764__5107,cell,cell
u0_slt8_r_reg\[6\],g152762__2398,cell,cell
u0_slt8_r_reg\[7\],g152760__5477,cell,cell
u0_slt8_r_reg\[8\],g152758__6417,cell,cell
u0_slt8_r_reg\[9\],g152756__7410,cell,cell
u0_slt9_r_reg\[0\],g154841,cell,cell
u0_slt9_r_reg\[10\],g152794__5115,cell,cell
u0_slt9_r_reg\[11\],g152792__1881,cell,cell
u0_slt9_r_reg\[12\],g152790__6131,cell,cell
u0_slt9_r_reg\[13\],g152788__7098,cell,cell
u0_slt9_r_reg\[14\],g152786__8246,cell,cell
u0_slt9_r_reg\[15\],g152784__5122,cell,cell
u0_slt9_r_reg\[16\],g152782__1705,cell,cell
u0_slt9_r_reg\[17\],g152780__2802,cell,cell
u0_slt9_r_reg\[18\],g152778__1617,cell,cell
u0_slt9_r_reg\[19\],g152776__3680,cell,cell
u0_slt9_r_reg\[1\],g153840,cell,cell
u0_slt9_r_reg\[2\],g152881__7410,cell,cell
u0_slt9_r_reg\[3\],g152847__2883,cell,cell
u0_slt9_r_reg\[4\],g152818__5122,cell,cell
u0_slt9_r_reg\[5\],g152804__2398,cell,cell
u0_slt9_r_reg\[6\],g152802__9945,cell,cell
u0_slt9_r_reg\[7\],g152800__8246,cell,cell
u0_slt9_r_reg\[8\],g152798__6260,cell,cell
u0_slt9_r_reg\[9\],g152796__7410,cell,cell
u10_din_tmp1_reg\[0\],g191945,cell,cell
u10_din_tmp1_reg\[0\],g186830,cell,cell
u10_din_tmp1_reg\[10\],g182844,cell,cell
u10_din_tmp1_reg\[10\],g158849,cell,cell
u10_din_tmp1_reg\[11\],g186648,cell,cell
u10_din_tmp1_reg\[11\],g127,cell,cell
u10_din_tmp1_reg\[12\],g186613,cell,cell
u10_din_tmp1_reg\[12\],g158878,cell,cell
u10_din_tmp1_reg\[13\],g182861,cell,cell
u10_din_tmp1_reg\[13\],g158890,cell,cell
u10_din_tmp1_reg\[14\],g182871,cell,cell
u10_din_tmp1_reg\[14\],g158877,cell,cell
u10_din_tmp1_reg\[15\],g182869,cell,cell
u10_din_tmp1_reg\[15\],g158879,cell,cell
u10_din_tmp1_reg\[1\],g198622,cell,cell
u10_din_tmp1_reg\[1\],g182851,cell,cell
u10_din_tmp1_reg\[2\],g210419,cell,cell
u10_din_tmp1_reg\[2\],g182867,cell,cell
u10_din_tmp1_reg\[3\],g187478,cell,cell
u10_din_tmp1_reg\[3\],g182877,cell,cell
u10_din_tmp1_reg\[4\],g191486,cell,cell
u10_din_tmp1_reg\[4\],g182853,cell,cell
u10_din_tmp1_reg\[5\],g191491,cell,cell
u10_din_tmp1_reg\[5\],g182859,cell,cell
u10_din_tmp1_reg\[6\],g186657,cell,cell
u10_din_tmp1_reg\[6\],g177857,cell,cell
u10_din_tmp1_reg\[7\],g182873,cell,cell
u10_din_tmp1_reg\[7\],g158862,cell,cell
u10_din_tmp1_reg\[8\],g186598,cell,cell
u10_din_tmp1_reg\[8\],g184549,cell,cell
u10_din_tmp1_reg\[9\],g182865,cell,cell
u10_din_tmp1_reg\[9\],g173051,cell,cell
u10_mem_reg\[0\]\[0\],g167122,cell,cell
u10_mem_reg\[0\]\[0\],g154002__2346,cell,cell
u10_mem_reg\[0\]\[10\],g196914,cell,cell
u10_mem_reg\[0\]\[10\],g167098,cell,cell
u10_mem_reg\[0\]\[11\],g172949,cell,cell
u10_mem_reg\[0\]\[11\],g167096,cell,cell
u10_mem_reg\[0\]\[12\],g181393,cell,cell
u10_mem_reg\[0\]\[12\],g167112,cell,cell
u10_mem_reg\[0\]\[13\],g167117,cell,cell
u10_mem_reg\[0\]\[13\],g154077__1617,cell,cell
u10_mem_reg\[0\]\[14\],g167121,cell,cell
u10_mem_reg\[0\]\[14\],g154078__2802,cell,cell
u10_mem_reg\[0\]\[15\],g167124,cell,cell
u10_mem_reg\[0\]\[15\],g154079__1705,cell,cell
u10_mem_reg\[0\]\[16\],g167123,cell,cell
u10_mem_reg\[0\]\[16\],g154080__5122,cell,cell
u10_mem_reg\[0\]\[17\],g167114,cell,cell
u10_mem_reg\[0\]\[17\],g154081__7098,cell,cell
u10_mem_reg\[0\]\[18\],g167109,cell,cell
u10_mem_reg\[0\]\[18\],g154082__167222,cell,cell
u10_mem_reg\[0\]\[19\],g171378,cell,cell
u10_mem_reg\[0\]\[19\],g167120,cell,cell
u10_mem_reg\[0\]\[1\],g167116,cell,cell
u10_mem_reg\[0\]\[1\],g153978__7098,cell,cell
u10_mem_reg\[0\]\[20\],g167115,cell,cell
u10_mem_reg\[0\]\[20\],g154142__6417,cell,cell
u10_mem_reg\[0\]\[21\],g167119,cell,cell
u10_mem_reg\[0\]\[21\],g154143__6131,cell,cell
u10_mem_reg\[0\]\[22\],g167099,cell,cell
u10_mem_reg\[0\]\[22\],g154144__1881,cell,cell
u10_mem_reg\[0\]\[23\],g184510,cell,cell
u10_mem_reg\[0\]\[23\],g154145__5115,cell,cell
u10_mem_reg\[0\]\[24\],g167108,cell,cell
u10_mem_reg\[0\]\[24\],g154146__7482,cell,cell
u10_mem_reg\[0\]\[25\],g167107,cell,cell
u10_mem_reg\[0\]\[25\],g154147__4733,cell,cell
u10_mem_reg\[0\]\[26\],g167118,cell,cell
u10_mem_reg\[0\]\[26\],g154148__6161,cell,cell
u10_mem_reg\[0\]\[27\],g167104,cell,cell
u10_mem_reg\[0\]\[27\],g154149__9315,cell,cell
u10_mem_reg\[0\]\[28\],g167100,cell,cell
u10_mem_reg\[0\]\[28\],g154150__9945,cell,cell
u10_mem_reg\[0\]\[29\],g167113,cell,cell
u10_mem_reg\[0\]\[29\],g154151__2883,cell,cell
u10_mem_reg\[0\]\[2\],g167110,cell,cell
u10_mem_reg\[0\]\[2\],g154003__1666,cell,cell
u10_mem_reg\[0\]\[30\],g167106,cell,cell
u10_mem_reg\[0\]\[30\],g154152__2346,cell,cell
u10_mem_reg\[0\]\[31\],g167102,cell,cell
u10_mem_reg\[0\]\[31\],g154153__1666,cell,cell
u10_mem_reg\[0\]\[3\],g167101,cell,cell
u10_mem_reg\[0\]\[3\],g153986__5115,cell,cell
u10_mem_reg\[0\]\[4\],g167103,cell,cell
u10_mem_reg\[0\]\[4\],g153985__1881,cell,cell
u10_mem_reg\[0\]\[5\],g167126,cell,cell
u10_mem_reg\[0\]\[5\],g154069__2398,cell,cell
u10_mem_reg\[0\]\[6\],g175956,cell,cell
u10_mem_reg\[0\]\[6\],g167111,cell,cell
u10_mem_reg\[0\]\[7\],g167105,cell,cell
u10_mem_reg\[0\]\[7\],g154071__6260,cell,cell
u10_mem_reg\[0\]\[8\],g175968,cell,cell
u10_mem_reg\[0\]\[8\],g167097,cell,cell
u10_mem_reg\[0\]\[9\],g172541,cell,cell
u10_mem_reg\[0\]\[9\],g167125,cell,cell
u10_mem_reg\[1\]\[0\],g209807,cell,cell
u10_mem_reg\[1\]\[0\],g167122,cell,cell
u10_mem_reg\[1\]\[10\],g209801,cell,cell
u10_mem_reg\[1\]\[10\],g167098,cell,cell
u10_mem_reg\[1\]\[11\],g167096,cell,cell
u10_mem_reg\[1\]\[11\],g153862__6417,cell,cell
u10_mem_reg\[1\]\[12\],g167112,cell,cell
u10_mem_reg\[1\]\[12\],g153863__2802,cell,cell
u10_mem_reg\[1\]\[13\],g167117,cell,cell
u10_mem_reg\[1\]\[13\],g153864__1705,cell,cell
u10_mem_reg\[1\]\[14\],g167121,cell,cell
u10_mem_reg\[1\]\[14\],g153865__5122,cell,cell
u10_mem_reg\[1\]\[15\],g167124,cell,cell
u10_mem_reg\[1\]\[15\],g153866__8246,cell,cell
u10_mem_reg\[1\]\[16\],g167123,cell,cell
u10_mem_reg\[1\]\[16\],g153867__7098,cell,cell
u10_mem_reg\[1\]\[17\],g167114,cell,cell
u10_mem_reg\[1\]\[17\],g153868__6131,cell,cell
u10_mem_reg\[1\]\[18\],g167109,cell,cell
u10_mem_reg\[1\]\[18\],g153869__167224,cell,cell
u10_mem_reg\[1\]\[19\],g167120,cell,cell
u10_mem_reg\[1\]\[19\],g153870__5115,cell,cell
u10_mem_reg\[1\]\[1\],g209805,cell,cell
u10_mem_reg\[1\]\[1\],g167116,cell,cell
u10_mem_reg\[1\]\[20\],g209813,cell,cell
u10_mem_reg\[1\]\[20\],g167115,cell,cell
u10_mem_reg\[1\]\[21\],g167119,cell,cell
u10_mem_reg\[1\]\[21\],g153954__1881,cell,cell
u10_mem_reg\[1\]\[22\],g209819,cell,cell
u10_mem_reg\[1\]\[22\],g167099,cell,cell
u10_mem_reg\[1\]\[23\],g184510,cell,cell
u10_mem_reg\[1\]\[23\],g153956__7482,cell,cell
u10_mem_reg\[1\]\[24\],g210032,cell,cell
u10_mem_reg\[1\]\[24\],g167108,cell,cell
u10_mem_reg\[1\]\[25\],g209881,cell,cell
u10_mem_reg\[1\]\[25\],g167107,cell,cell
u10_mem_reg\[1\]\[26\],g167118,cell,cell
u10_mem_reg\[1\]\[26\],g153959__9315,cell,cell
u10_mem_reg\[1\]\[27\],g167104,cell,cell
u10_mem_reg\[1\]\[27\],g153960__9945,cell,cell
u10_mem_reg\[1\]\[28\],g209875,cell,cell
u10_mem_reg\[1\]\[28\],g167100,cell,cell
u10_mem_reg\[1\]\[29\],g208465,cell,cell
u10_mem_reg\[1\]\[29\],g167113,cell,cell
u10_mem_reg\[1\]\[2\],g210458,cell,cell
u10_mem_reg\[1\]\[2\],g167110,cell,cell
u10_mem_reg\[1\]\[30\],g167106,cell,cell
u10_mem_reg\[1\]\[30\],g153963__1666,cell,cell
u10_mem_reg\[1\]\[31\],g167102,cell,cell
u10_mem_reg\[1\]\[31\],g153964__7410,cell,cell
u10_mem_reg\[1\]\[3\],g209803,cell,cell
u10_mem_reg\[1\]\[3\],g167101,cell,cell
u10_mem_reg\[1\]\[4\],g200520,cell,cell
u10_mem_reg\[1\]\[4\],g167103,cell,cell
u10_mem_reg\[1\]\[5\],g224146,cell,cell
u10_mem_reg\[1\]\[5\],g167126,cell,cell
u10_mem_reg\[1\]\[6\],g195169,cell,cell
u10_mem_reg\[1\]\[6\],g167111,cell,cell
u10_mem_reg\[1\]\[7\],g167105,cell,cell
u10_mem_reg\[1\]\[7\],g156,cell,cell
u10_mem_reg\[1\]\[8\],g167097,cell,cell
u10_mem_reg\[1\]\[8\],g153859__4319,cell,cell
u10_mem_reg\[1\]\[9\],g197155,cell,cell
u10_mem_reg\[1\]\[9\],g167125,cell,cell
u10_mem_reg\[2\]\[0\],g198372,cell,cell
u10_mem_reg\[2\]\[0\],g175223,cell,cell
u10_mem_reg\[2\]\[10\],g175222,cell,cell
u10_mem_reg\[2\]\[10\],g154094__198366,cell,cell
u10_mem_reg\[2\]\[11\],g175242,cell,cell
u10_mem_reg\[2\]\[11\],g154095__198358,cell,cell
u10_mem_reg\[2\]\[12\],g175218,cell,cell
u10_mem_reg\[2\]\[12\],g154096__198353,cell,cell
u10_mem_reg\[2\]\[13\],g175233,cell,cell
u10_mem_reg\[2\]\[13\],g154097__198367,cell,cell
u10_mem_reg\[2\]\[14\],g175244,cell,cell
u10_mem_reg\[2\]\[14\],g154099__198356,cell,cell
u10_mem_reg\[2\]\[15\],g175234,cell,cell
u10_mem_reg\[2\]\[15\],g154100__198368,cell,cell
u10_mem_reg\[2\]\[16\],g175219,cell,cell
u10_mem_reg\[2\]\[16\],g154101__198351,cell,cell
u10_mem_reg\[2\]\[17\],g175235,cell,cell
u10_mem_reg\[2\]\[17\],g154102__198352,cell,cell
u10_mem_reg\[2\]\[18\],g175225,cell,cell
u10_mem_reg\[2\]\[18\],g154103__198365,cell,cell
u10_mem_reg\[2\]\[19\],g175224,cell,cell
u10_mem_reg\[2\]\[19\],g154104__198357,cell,cell
u10_mem_reg\[2\]\[1\],g175227,cell,cell
u10_mem_reg\[2\]\[1\],g154085__198354,cell,cell
u10_mem_reg\[2\]\[20\],g175236,cell,cell
u10_mem_reg\[2\]\[20\],g154130__198343,cell,cell
u10_mem_reg\[2\]\[21\],g175237,cell,cell
u10_mem_reg\[2\]\[21\],g154131__198347,cell,cell
u10_mem_reg\[2\]\[22\],g175220,cell,cell
u10_mem_reg\[2\]\[22\],g154132__198345,cell,cell
u10_mem_reg\[2\]\[23\],g184558,cell,cell
u10_mem_reg\[2\]\[23\],g154133__198344,cell,cell
u10_mem_reg\[2\]\[24\],g198069,cell,cell
u10_mem_reg\[2\]\[24\],g198068,cell,cell
u10_mem_reg\[2\]\[24\],g175243,cell,cell
u10_mem_reg\[2\]\[25\],g175241,cell,cell
u10_mem_reg\[2\]\[25\],g154135__198360,cell,cell
u10_mem_reg\[2\]\[26\],g175215,cell,cell
u10_mem_reg\[2\]\[26\],g154136__198361,cell,cell
u10_mem_reg\[2\]\[27\],g175238,cell,cell
u10_mem_reg\[2\]\[27\],g154137__198363,cell,cell
u10_mem_reg\[2\]\[28\],g175226,cell,cell
u10_mem_reg\[2\]\[28\],g154138__198364,cell,cell
u10_mem_reg\[2\]\[29\],g175240,cell,cell
u10_mem_reg\[2\]\[29\],g154139__198340,cell,cell
u10_mem_reg\[2\]\[2\],g210417,cell,cell
u10_mem_reg\[2\]\[2\],g175213,cell,cell
u10_mem_reg\[2\]\[30\],g175239,cell,cell
u10_mem_reg\[2\]\[30\],g154140__198346,cell,cell
u10_mem_reg\[2\]\[31\],g175221,cell,cell
u10_mem_reg\[2\]\[31\],g154141__198362,cell,cell
u10_mem_reg\[2\]\[3\],g175216,cell,cell
u10_mem_reg\[2\]\[3\],g154087__198359,cell,cell
u10_mem_reg\[2\]\[4\],g175228,cell,cell
u10_mem_reg\[2\]\[4\],g154088__198370,cell,cell
u10_mem_reg\[2\]\[5\],g175229,cell,cell
u10_mem_reg\[2\]\[5\],g154089__198371,cell,cell
u10_mem_reg\[2\]\[6\],g198369,cell,cell
u10_mem_reg\[2\]\[6\],g175230,cell,cell
u10_mem_reg\[2\]\[7\],g175231,cell,cell
u10_mem_reg\[2\]\[7\],g154091__198355,cell,cell
u10_mem_reg\[2\]\[8\],g175217,cell,cell
u10_mem_reg\[2\]\[8\],g154092__198348,cell,cell
u10_mem_reg\[2\]\[9\],g175232,cell,cell
u10_mem_reg\[2\]\[9\],g154093__198350,cell,cell
u10_mem_reg\[3\]\[0\],g175223,cell,cell
u10_mem_reg\[3\]\[0\],g153766__178451,cell,cell
u10_mem_reg\[3\]\[10\],g175222,cell,cell
u10_mem_reg\[3\]\[10\],g153776__178440,cell,cell
u10_mem_reg\[3\]\[11\],g209218,cell,cell
u10_mem_reg\[3\]\[11\],g175242,cell,cell
u10_mem_reg\[3\]\[12\],g175218,cell,cell
u10_mem_reg\[3\]\[12\],g153778__178439,cell,cell
u10_mem_reg\[3\]\[13\],g175233,cell,cell
u10_mem_reg\[3\]\[13\],g153779__178438,cell,cell
u10_mem_reg\[3\]\[14\],g175244,cell,cell
u10_mem_reg\[3\]\[14\],g153780__178437,cell,cell
u10_mem_reg\[3\]\[15\],g175234,cell,cell
u10_mem_reg\[3\]\[15\],g153781__178436,cell,cell
u10_mem_reg\[3\]\[16\],g175219,cell,cell
u10_mem_reg\[3\]\[16\],g153782__178435,cell,cell
u10_mem_reg\[3\]\[17\],g175235,cell,cell
u10_mem_reg\[3\]\[17\],g153783__178434,cell,cell
u10_mem_reg\[3\]\[18\],g175225,cell,cell
u10_mem_reg\[3\]\[18\],g153784__178433,cell,cell
u10_mem_reg\[3\]\[19\],g178423,cell,cell
u10_mem_reg\[3\]\[19\],g175224,cell,cell
u10_mem_reg\[3\]\[1\],g175227,cell,cell
u10_mem_reg\[3\]\[1\],g153767__178449,cell,cell
u10_mem_reg\[3\]\[20\],g175236,cell,cell
u10_mem_reg\[3\]\[20\],g153917__178432,cell,cell
u10_mem_reg\[3\]\[21\],g175237,cell,cell
u10_mem_reg\[3\]\[21\],g153918__178455,cell,cell
u10_mem_reg\[3\]\[22\],g175220,cell,cell
u10_mem_reg\[3\]\[22\],g153919__178452,cell,cell
u10_mem_reg\[3\]\[23\],g184558,cell,cell
u10_mem_reg\[3\]\[23\],g153920__187221,cell,cell
u10_mem_reg\[3\]\[24\],g175243,cell,cell
u10_mem_reg\[3\]\[24\],g153921__178429,cell,cell
u10_mem_reg\[3\]\[25\],g175241,cell,cell
u10_mem_reg\[3\]\[25\],g153922__178454,cell,cell
u10_mem_reg\[3\]\[26\],g175215,cell,cell
u10_mem_reg\[3\]\[26\],g153923__178453,cell,cell
u10_mem_reg\[3\]\[27\],g175238,cell,cell
u10_mem_reg\[3\]\[27\],g153924__178430,cell,cell
u10_mem_reg\[3\]\[28\],g175226,cell,cell
u10_mem_reg\[3\]\[28\],g153925__178457,cell,cell
u10_mem_reg\[3\]\[29\],g175240,cell,cell
u10_mem_reg\[3\]\[29\],g153926__178427,cell,cell
u10_mem_reg\[3\]\[2\],g175213,cell,cell
u10_mem_reg\[3\]\[2\],g153768__178448,cell,cell
u10_mem_reg\[3\]\[30\],g175239,cell,cell
u10_mem_reg\[3\]\[30\],g153927__178456,cell,cell
u10_mem_reg\[3\]\[31\],g175221,cell,cell
u10_mem_reg\[3\]\[31\],g153928__178428,cell,cell
u10_mem_reg\[3\]\[3\],g187476,cell,cell
u10_mem_reg\[3\]\[3\],g175216,cell,cell
u10_mem_reg\[3\]\[4\],g175228,cell,cell
u10_mem_reg\[3\]\[4\],g153770__178446,cell,cell
u10_mem_reg\[3\]\[5\],g175229,cell,cell
u10_mem_reg\[3\]\[5\],g153771__178445,cell,cell
u10_mem_reg\[3\]\[6\],g175230,cell,cell
u10_mem_reg\[3\]\[6\],g153772__178444,cell,cell
u10_mem_reg\[3\]\[7\],g175231,cell,cell
u10_mem_reg\[3\]\[7\],g153773__188371,cell,cell
u10_mem_reg\[3\]\[8\],g175217,cell,cell
u10_mem_reg\[3\]\[8\],g153774__178442,cell,cell
u10_mem_reg\[3\]\[9\],g175232,cell,cell
u10_mem_reg\[3\]\[9\],g153775__178441,cell,cell
u10_rp_reg\[0\],g178834,cell,cell
u10_rp_reg\[0\],g178833,cell,cell
u10_rp_reg\[0\],g175212,cell,cell
u10_rp_reg\[0\],g169869,cell,cell
u10_rp_reg\[0\],g169866,cell,cell
u10_rp_reg\[0\],g169052,cell,cell
u10_rp_reg\[1\],g175212,cell,cell
u10_rp_reg\[1\],g169867,cell,cell
u10_rp_reg\[1\],g169049,cell,cell
u10_rp_reg\[1\],g168974,cell,cell
u10_rp_reg\[2\],g181864,cell,cell
u10_rp_reg\[2\],g169996,cell,cell
u10_wp_reg\[0\],g159620,cell,cell
u10_wp_reg\[1\],g21,cell,cell
u10_wp_reg\[1\],g185961,cell,cell
u10_wp_reg\[1\],g184861,cell,cell
u10_wp_reg\[1\],g178833,cell,cell
u10_wp_reg\[1\],g178425,cell,cell
u10_wp_reg\[1\],g178256,cell,cell
u10_wp_reg\[1\],g173339,cell,cell
u10_wp_reg\[2\],g198064,cell,cell
u10_wp_reg\[2\],g178426,cell,cell
u10_wp_reg\[2\],g169049,cell,cell
u10_wp_reg\[2\],g159713,cell,cell
u10_wp_reg\[2\],g153625__179916,cell,cell
u10_wp_reg\[3\],g169996,cell,cell
u10_wp_reg\[3\],g159561,cell,cell
u10_wp_reg\[3\],g159145,cell,cell
u10_wp_reg\[3\],g154859__4319,cell,cell
u11_din_tmp1_reg\[0\],g213327,cell,cell
u11_din_tmp1_reg\[0\],g154418__182147,cell,cell
u11_din_tmp1_reg\[10\],g168599,cell,cell
u11_din_tmp1_reg\[10\],g154310__182141,cell,cell
u11_din_tmp1_reg\[11\],g166552,cell,cell
u11_din_tmp1_reg\[11\],g154309__182163,cell,cell
u11_din_tmp1_reg\[12\],g184544,cell,cell
u11_din_tmp1_reg\[12\],g154308__182153,cell,cell
u11_din_tmp1_reg\[13\],g168586,cell,cell
u11_din_tmp1_reg\[13\],g154307__182161,cell,cell
u11_din_tmp1_reg\[14\],g184542,cell,cell
u11_din_tmp1_reg\[14\],g154306__182151,cell,cell
u11_din_tmp1_reg\[15\],g166553,cell,cell
u11_din_tmp1_reg\[15\],g154305__182132,cell,cell
u11_din_tmp1_reg\[1\],g178919,cell,cell
u11_din_tmp1_reg\[1\],g154419__186712,cell,cell
u11_din_tmp1_reg\[2\],g170133,cell,cell
u11_din_tmp1_reg\[2\],g154420__182137,cell,cell
u11_din_tmp1_reg\[3\],g170137,cell,cell
u11_din_tmp1_reg\[3\],g154421__186716,cell,cell
u11_din_tmp1_reg\[4\],g168596,cell,cell
u11_din_tmp1_reg\[4\],g154422__182165,cell,cell
u11_din_tmp1_reg\[5\],g168597,cell,cell
u11_din_tmp1_reg\[5\],g154423__182155,cell,cell
u11_din_tmp1_reg\[6\],g166551,cell,cell
u11_din_tmp1_reg\[6\],g154424__182157,cell,cell
u11_din_tmp1_reg\[7\],g166550,cell,cell
u11_din_tmp1_reg\[7\],g154369__188260,cell,cell
u11_din_tmp1_reg\[8\],g168594,cell,cell
u11_din_tmp1_reg\[8\],g154315__182159,cell,cell
u11_din_tmp1_reg\[9\],g184540,cell,cell
u11_din_tmp1_reg\[9\],g154313__182139,cell,cell
u11_mem_reg\[0\]\[0\],g167155,cell,cell
u11_mem_reg\[0\]\[0\],g153788__182080,cell,cell
u11_mem_reg\[0\]\[10\],g167143,cell,cell
u11_mem_reg\[0\]\[10\],g153799__182068,cell,cell
u11_mem_reg\[0\]\[11\],g182102,cell,cell
u11_mem_reg\[0\]\[11\],g167131,cell,cell
u11_mem_reg\[0\]\[12\],g167152,cell,cell
u11_mem_reg\[0\]\[12\],g153801__182083,cell,cell
u11_mem_reg\[0\]\[13\],g167138,cell,cell
u11_mem_reg\[0\]\[13\],g153802__182074,cell,cell
u11_mem_reg\[0\]\[14\],g167161,cell,cell
u11_mem_reg\[0\]\[14\],g153803__182081,cell,cell
u11_mem_reg\[0\]\[15\],g167134,cell,cell
u11_mem_reg\[0\]\[15\],g153804__182077,cell,cell
u11_mem_reg\[0\]\[16\],g167159,cell,cell
u11_mem_reg\[0\]\[16\],g153805__182079,cell,cell
u11_mem_reg\[0\]\[17\],g167148,cell,cell
u11_mem_reg\[0\]\[17\],g153806__182097,cell,cell
u11_mem_reg\[0\]\[18\],g167151,cell,cell
u11_mem_reg\[0\]\[18\],g153807__182076,cell,cell
u11_mem_reg\[0\]\[19\],g167150,cell,cell
u11_mem_reg\[0\]\[19\],g153808__182089,cell,cell
u11_mem_reg\[0\]\[1\],g167135,cell,cell
u11_mem_reg\[0\]\[1\],g153790__182072,cell,cell
u11_mem_reg\[0\]\[20\],g167145,cell,cell
u11_mem_reg\[0\]\[20\],g153941__182091,cell,cell
u11_mem_reg\[0\]\[21\],g167133,cell,cell
u11_mem_reg\[0\]\[21\],g153942__182098,cell,cell
u11_mem_reg\[0\]\[22\],g167149,cell,cell
u11_mem_reg\[0\]\[22\],g153943__182099,cell,cell
u11_mem_reg\[0\]\[23\],g167146,cell,cell
u11_mem_reg\[0\]\[23\],g153944__182088,cell,cell
u11_mem_reg\[0\]\[24\],g167147,cell,cell
u11_mem_reg\[0\]\[24\],g153945__182096,cell,cell
u11_mem_reg\[0\]\[25\],g167141,cell,cell
u11_mem_reg\[0\]\[25\],g153946__182093,cell,cell
u11_mem_reg\[0\]\[26\],g167142,cell,cell
u11_mem_reg\[0\]\[26\],g153947__182090,cell,cell
u11_mem_reg\[0\]\[27\],g167160,cell,cell
u11_mem_reg\[0\]\[27\],g153948__182101,cell,cell
u11_mem_reg\[0\]\[28\],g167144,cell,cell
u11_mem_reg\[0\]\[28\],g153949__182092,cell,cell
u11_mem_reg\[0\]\[29\],g167156,cell,cell
u11_mem_reg\[0\]\[29\],g153950__182087,cell,cell
u11_mem_reg\[0\]\[2\],g167136,cell,cell
u11_mem_reg\[0\]\[2\],g153791__182078,cell,cell
u11_mem_reg\[0\]\[30\],g167157,cell,cell
u11_mem_reg\[0\]\[30\],g153951__182100,cell,cell
u11_mem_reg\[0\]\[31\],g167132,cell,cell
u11_mem_reg\[0\]\[31\],g153952__182095,cell,cell
u11_mem_reg\[0\]\[3\],g167158,cell,cell
u11_mem_reg\[0\]\[3\],g153792__182075,cell,cell
u11_mem_reg\[0\]\[4\],g167139,cell,cell
u11_mem_reg\[0\]\[4\],g153793__182084,cell,cell
u11_mem_reg\[0\]\[5\],g167137,cell,cell
u11_mem_reg\[0\]\[5\],g153794__182094,cell,cell
u11_mem_reg\[0\]\[6\],g167154,cell,cell
u11_mem_reg\[0\]\[6\],g153795__182086,cell,cell
u11_mem_reg\[0\]\[7\],g182085,cell,cell
u11_mem_reg\[0\]\[7\],g167129,cell,cell
u11_mem_reg\[0\]\[8\],g167140,cell,cell
u11_mem_reg\[0\]\[8\],g153797__182082,cell,cell
u11_mem_reg\[0\]\[9\],g167153,cell,cell
u11_mem_reg\[0\]\[9\],g153798__182071,cell,cell
u11_mem_reg\[1\]\[0\],g196713,cell,cell
u11_mem_reg\[1\]\[0\],g153361__4319,cell,cell
u11_mem_reg\[1\]\[10\],g196707,cell,cell
u11_mem_reg\[1\]\[10\],g153351__6161,cell,cell
u11_mem_reg\[1\]\[11\],g196727,cell,cell
u11_mem_reg\[1\]\[11\],g153350__5115,cell,cell
u11_mem_reg\[1\]\[12\],g196709,cell,cell
u11_mem_reg\[1\]\[12\],g172860,cell,cell
u11_mem_reg\[1\]\[13\],g165300,cell,cell
u11_mem_reg\[1\]\[13\],g153348__1705,cell,cell
u11_mem_reg\[1\]\[14\],g196718,cell,cell
u11_mem_reg\[1\]\[14\],g153347__6783,cell,cell
u11_mem_reg\[1\]\[15\],g196703,cell,cell
u11_mem_reg\[1\]\[15\],g153346__8428,cell,cell
u11_mem_reg\[1\]\[16\],g165292,cell,cell
u11_mem_reg\[1\]\[16\],g153345__175619,cell,cell
u11_mem_reg\[1\]\[17\],g196721,cell,cell
u11_mem_reg\[1\]\[17\],g153344__6260,cell,cell
u11_mem_reg\[1\]\[18\],g196726,cell,cell
u11_mem_reg\[1\]\[18\],g153343__5107,cell,cell
u11_mem_reg\[1\]\[19\],g196719,cell,cell
u11_mem_reg\[1\]\[19\],g153342__2398,cell,cell
u11_mem_reg\[1\]\[1\],g196720,cell,cell
u11_mem_reg\[1\]\[1\],g153360__6260,cell,cell
u11_mem_reg\[1\]\[20\],g196711,cell,cell
u11_mem_reg\[1\]\[20\],g153301__6417,cell,cell
u11_mem_reg\[1\]\[21\],g196729,cell,cell
u11_mem_reg\[1\]\[21\],g153300__7410,cell,cell
u11_mem_reg\[1\]\[22\],g196714,cell,cell
u11_mem_reg\[1\]\[22\],g153299__2883,cell,cell
u11_mem_reg\[1\]\[23\],g196715,cell,cell
u11_mem_reg\[1\]\[23\],g153298__6161,cell,cell
u11_mem_reg\[1\]\[24\],g196705,cell,cell
u11_mem_reg\[1\]\[24\],g153297__4733,cell,cell
u11_mem_reg\[1\]\[25\],g196716,cell,cell
u11_mem_reg\[1\]\[25\],g153296__7482,cell,cell
u11_mem_reg\[1\]\[26\],g165288,cell,cell
u11_mem_reg\[1\]\[26\],g153295__5115,cell,cell
u11_mem_reg\[1\]\[27\],g196724,cell,cell
u11_mem_reg\[1\]\[27\],g153294__1881,cell,cell
u11_mem_reg\[1\]\[28\],g165302,cell,cell
u11_mem_reg\[1\]\[28\],g153293__7098,cell,cell
u11_mem_reg\[1\]\[29\],g196723,cell,cell
u11_mem_reg\[1\]\[29\],g153292__1705,cell,cell
u11_mem_reg\[1\]\[2\],g196706,cell,cell
u11_mem_reg\[1\]\[2\],g153359__5107,cell,cell
u11_mem_reg\[1\]\[30\],g196725,cell,cell
u11_mem_reg\[1\]\[30\],g153291__3680,cell,cell
u11_mem_reg\[1\]\[31\],g196728,cell,cell
u11_mem_reg\[1\]\[31\],g153290__5526,cell,cell
u11_mem_reg\[1\]\[3\],g196708,cell,cell
u11_mem_reg\[1\]\[3\],g153358__2398,cell,cell
u11_mem_reg\[1\]\[4\],g196712,cell,cell
u11_mem_reg\[1\]\[4\],g153357__5477,cell,cell
u11_mem_reg\[1\]\[5\],g196722,cell,cell
u11_mem_reg\[1\]\[5\],g153356__6417,cell,cell
u11_mem_reg\[1\]\[6\],g196717,cell,cell
u11_mem_reg\[1\]\[6\],g153355__7410,cell,cell
u11_mem_reg\[1\]\[7\],g264,cell,cell
u11_mem_reg\[1\]\[7\],g196730,cell,cell
u11_mem_reg\[1\]\[8\],g196710,cell,cell
u11_mem_reg\[1\]\[8\],g153353__2346,cell,cell
u11_mem_reg\[1\]\[9\],g196704,cell,cell
u11_mem_reg\[1\]\[9\],g171189,cell,cell
u11_mem_reg\[2\]\[0\],g209721,cell,cell
u11_mem_reg\[2\]\[0\],g167155,cell,cell
u11_mem_reg\[2\]\[10\],g167143,cell,cell
u11_mem_reg\[2\]\[10\],g153819__175422,cell,cell
u11_mem_reg\[2\]\[11\],g167131,cell,cell
u11_mem_reg\[2\]\[11\],g153820__168262,cell,cell
u11_mem_reg\[2\]\[12\],g167152,cell,cell
u11_mem_reg\[2\]\[12\],g153821__168285,cell,cell
u11_mem_reg\[2\]\[13\],g167138,cell,cell
u11_mem_reg\[2\]\[13\],g153822__168284,cell,cell
u11_mem_reg\[2\]\[14\],g181634,cell,cell
u11_mem_reg\[2\]\[14\],g167161,cell,cell
u11_mem_reg\[2\]\[15\],g167134,cell,cell
u11_mem_reg\[2\]\[15\],g153824__168280,cell,cell
u11_mem_reg\[2\]\[16\],g167159,cell,cell
u11_mem_reg\[2\]\[16\],g153825__168282,cell,cell
u11_mem_reg\[2\]\[17\],g167148,cell,cell
u11_mem_reg\[2\]\[17\],g153826__168281,cell,cell
u11_mem_reg\[2\]\[18\],g167151,cell,cell
u11_mem_reg\[2\]\[18\],g153827__168283,cell,cell
u11_mem_reg\[2\]\[19\],g90,cell,cell
u11_mem_reg\[2\]\[19\],g167150,cell,cell
u11_mem_reg\[2\]\[1\],g167135,cell,cell
u11_mem_reg\[2\]\[1\],g153810__168293,cell,cell
u11_mem_reg\[2\]\[20\],g209708,cell,cell
u11_mem_reg\[2\]\[20\],g167145,cell,cell
u11_mem_reg\[2\]\[21\],g167133,cell,cell
u11_mem_reg\[2\]\[21\],g153906__168272,cell,cell
u11_mem_reg\[2\]\[22\],g167149,cell,cell
u11_mem_reg\[2\]\[22\],g153907__168268,cell,cell
u11_mem_reg\[2\]\[23\],g167146,cell,cell
u11_mem_reg\[2\]\[23\],g153908__168265,cell,cell
u11_mem_reg\[2\]\[24\],g167147,cell,cell
u11_mem_reg\[2\]\[24\],g153909__168264,cell,cell
u11_mem_reg\[2\]\[25\],g196136,cell,cell
u11_mem_reg\[2\]\[25\],g167141,cell,cell
u11_mem_reg\[2\]\[26\],g167142,cell,cell
u11_mem_reg\[2\]\[26\],g153911__168274,cell,cell
u11_mem_reg\[2\]\[27\],g167160,cell,cell
u11_mem_reg\[2\]\[27\],g153912__168269,cell,cell
u11_mem_reg\[2\]\[28\],g167144,cell,cell
u11_mem_reg\[2\]\[28\],g153913__168273,cell,cell
u11_mem_reg\[2\]\[29\],g167156,cell,cell
u11_mem_reg\[2\]\[29\],g153914__168271,cell,cell
u11_mem_reg\[2\]\[2\],g167136,cell,cell
u11_mem_reg\[2\]\[2\],g153811__168291,cell,cell
u11_mem_reg\[2\]\[30\],g167157,cell,cell
u11_mem_reg\[2\]\[30\],g153915__168275,cell,cell
u11_mem_reg\[2\]\[31\],g196171,cell,cell
u11_mem_reg\[2\]\[31\],g167132,cell,cell
u11_mem_reg\[2\]\[3\],g181062,cell,cell
u11_mem_reg\[2\]\[3\],g167158,cell,cell
u11_mem_reg\[2\]\[4\],g167139,cell,cell
u11_mem_reg\[2\]\[4\],g153813__175430,cell,cell
u11_mem_reg\[2\]\[5\],g167137,cell,cell
u11_mem_reg\[2\]\[5\],g153814__168277,cell,cell
u11_mem_reg\[2\]\[6\],g167154,cell,cell
u11_mem_reg\[2\]\[6\],g153815__168289,cell,cell
u11_mem_reg\[2\]\[7\],g179827,cell,cell
u11_mem_reg\[2\]\[7\],g167129,cell,cell
u11_mem_reg\[2\]\[8\],g167140,cell,cell
u11_mem_reg\[2\]\[8\],g153817__175426,cell,cell
u11_mem_reg\[2\]\[9\],g167153,cell,cell
u11_mem_reg\[2\]\[9\],g153818__168287,cell,cell
u11_mem_reg\[3\]\[0\],g196713,cell,cell
u11_mem_reg\[3\]\[0\],g153424__4733,cell,cell
u11_mem_reg\[3\]\[10\],g196707,cell,cell
u11_mem_reg\[3\]\[10\],g153434__5526,cell,cell
u11_mem_reg\[3\]\[11\],g196727,cell,cell
u11_mem_reg\[3\]\[11\],g153435__6783,cell,cell
u11_mem_reg\[3\]\[12\],g196709,cell,cell
u11_mem_reg\[3\]\[12\],g153436__3680,cell,cell
u11_mem_reg\[3\]\[13\],g165300,cell,cell
u11_mem_reg\[3\]\[13\],g153394__7098,cell,cell
u11_mem_reg\[3\]\[14\],g196718,cell,cell
u11_mem_reg\[3\]\[14\],g172560,cell,cell
u11_mem_reg\[3\]\[15\],g196703,cell,cell
u11_mem_reg\[3\]\[15\],g153392__5122,cell,cell
u11_mem_reg\[3\]\[16\],g165292,cell,cell
u11_mem_reg\[3\]\[16\],g153391__1705,cell,cell
u11_mem_reg\[3\]\[17\],g196721,cell,cell
u11_mem_reg\[3\]\[17\],g153390__2802,cell,cell
u11_mem_reg\[3\]\[18\],g196726,cell,cell
u11_mem_reg\[3\]\[18\],g153389__1617,cell,cell
u11_mem_reg\[3\]\[19\],g196719,cell,cell
u11_mem_reg\[3\]\[19\],g153388__3680,cell,cell
u11_mem_reg\[3\]\[1\],g196720,cell,cell
u11_mem_reg\[3\]\[1\],g153425__6161,cell,cell
u11_mem_reg\[3\]\[20\],g196711,cell,cell
u11_mem_reg\[3\]\[20\],g153325__1881,cell,cell
u11_mem_reg\[3\]\[21\],g196729,cell,cell
u11_mem_reg\[3\]\[21\],g153324__6131,cell,cell
u11_mem_reg\[3\]\[22\],g196714,cell,cell
u11_mem_reg\[3\]\[22\],g153323__7098,cell,cell
u11_mem_reg\[3\]\[23\],g196715,cell,cell
u11_mem_reg\[3\]\[23\],g153322__8246,cell,cell
u11_mem_reg\[3\]\[24\],g196705,cell,cell
u11_mem_reg\[3\]\[24\],g153321__5122,cell,cell
u11_mem_reg\[3\]\[25\],g196716,cell,cell
u11_mem_reg\[3\]\[25\],g153320__1705,cell,cell
u11_mem_reg\[3\]\[26\],g165288,cell,cell
u11_mem_reg\[3\]\[26\],g153319__2802,cell,cell
u11_mem_reg\[3\]\[27\],g196724,cell,cell
u11_mem_reg\[3\]\[27\],g153318__1617,cell,cell
u11_mem_reg\[3\]\[28\],g165302,cell,cell
u11_mem_reg\[3\]\[28\],g153317__3680,cell,cell
u11_mem_reg\[3\]\[29\],g196723,cell,cell
u11_mem_reg\[3\]\[29\],g153316__6783,cell,cell
u11_mem_reg\[3\]\[2\],g196706,cell,cell
u11_mem_reg\[3\]\[2\],g170131,cell,cell
u11_mem_reg\[3\]\[30\],g196725,cell,cell
u11_mem_reg\[3\]\[30\],g153315__5526,cell,cell
u11_mem_reg\[3\]\[31\],g196728,cell,cell
u11_mem_reg\[3\]\[31\],g153314__8428,cell,cell
u11_mem_reg\[3\]\[3\],g196708,cell,cell
u11_mem_reg\[3\]\[3\],g170135,cell,cell
u11_mem_reg\[3\]\[4\],g196712,cell,cell
u11_mem_reg\[3\]\[4\],g153428__2346,cell,cell
u11_mem_reg\[3\]\[5\],g196722,cell,cell
u11_mem_reg\[3\]\[5\],g153429__7410,cell,cell
u11_mem_reg\[3\]\[6\],g196717,cell,cell
u11_mem_reg\[3\]\[6\],g153430__1666,cell,cell
u11_mem_reg\[3\]\[7\],g263,cell,cell
u11_mem_reg\[3\]\[7\],g196730,cell,cell
u11_mem_reg\[3\]\[8\],g196710,cell,cell
u11_mem_reg\[3\]\[8\],g153432__7482,cell,cell
u11_mem_reg\[3\]\[9\],g196704,cell,cell
u11_mem_reg\[3\]\[9\],g153433__8428,cell,cell
u11_rp_reg\[0\],g196700,cell,cell
u11_rp_reg\[0\],g182020,cell,cell
u11_rp_reg\[0\],g175607,cell,cell
u11_rp_reg\[0\],g168438,cell,cell
u11_rp_reg\[0\],g159365,cell,cell
u11_rp_reg\[1\],g196700,cell,cell
u11_rp_reg\[1\],g180464,cell,cell
u11_rp_reg\[1\],g168976,cell,cell
u11_rp_reg\[1\],g167024,cell,cell
u11_rp_reg\[2\],g159572,cell,cell
u11_rp_reg\[2\],g159025,cell,cell
u11_wp_reg\[0\],g48,cell,cell
u11_wp_reg\[0\],g159614,cell,cell
u11_wp_reg\[1\],g182066,cell,cell
u11_wp_reg\[1\],g182020,cell,cell
u11_wp_reg\[1\],g182019,cell,cell
u11_wp_reg\[1\],g182018,cell,cell
u11_wp_reg\[1\],g182015,cell,cell
u11_wp_reg\[1\],g182013,cell,cell
u11_wp_reg\[2\],g180464,cell,cell
u11_wp_reg\[2\],g168980,cell,cell
u11_wp_reg\[2\],g166696,cell,cell
u11_wp_reg\[2\],g159737,cell,cell
u11_wp_reg\[2\],g153396__174767,cell,cell
u11_wp_reg\[3\],g159586,cell,cell
u11_wp_reg\[3\],g159303,cell,cell
u11_wp_reg\[3\],g159025,cell,cell
u11_wp_reg\[3\],g154316__3680,cell,cell
u12_re1_reg,g193491,cell,cell
u12_re1_reg,g179534,cell,cell
u12_re2_reg,g193490,cell,cell
u12_re2_reg,g187714,cell,cell
u12_re2_reg,g187712,cell,cell
u12_wb_ack_o_reg,g159421,cell,cell
u12_wb_ack_o_reg,drc_bufs164354,cell,cell
u12_wb_data_o_reg\[0\],drc_bufs164503,cell,cell
u12_wb_data_o_reg\[10\],drc_bufs164500,cell,cell
u12_wb_data_o_reg\[11\],drc_bufs164515,cell,cell
u12_wb_data_o_reg\[12\],drc_bufs164506,cell,cell
u12_wb_data_o_reg\[13\],drc_bufs164509,cell,cell
u12_wb_data_o_reg\[14\],drc_bufs164488,cell,cell
u12_wb_data_o_reg\[15\],drc_bufs164512,cell,cell
u12_wb_data_o_reg\[16\],drc_bufs164373,cell,cell
u12_wb_data_o_reg\[17\],drc_bufs164470,cell,cell
u12_wb_data_o_reg\[18\],drc_bufs164497,cell,cell
u12_wb_data_o_reg\[19\],drc_bufs164473,cell,cell
u12_wb_data_o_reg\[1\],drc_bufs164482,cell,cell
u12_wb_data_o_reg\[20\],drc_bufs164376,cell,cell
u12_wb_data_o_reg\[21\],drc_bufs164379,cell,cell
u12_wb_data_o_reg\[22\],drc_bufs164382,cell,cell
u12_wb_data_o_reg\[23\],drc_bufs164518,cell,cell
u12_wb_data_o_reg\[24\],drc_bufs164527,cell,cell
u12_wb_data_o_reg\[25\],drc_bufs164385,cell,cell
u12_wb_data_o_reg\[26\],drc_bufs164459,cell,cell
u12_wb_data_o_reg\[27\],drc_bufs164388,cell,cell
u12_wb_data_o_reg\[28\],drc_bufs164462,cell,cell
u12_wb_data_o_reg\[29\],drc_bufs164364,cell,cell
u12_wb_data_o_reg\[2\],drc_bufs164485,cell,cell
u12_wb_data_o_reg\[30\],drc_bufs164367,cell,cell
u12_wb_data_o_reg\[31\],drc_bufs164479,cell,cell
u12_wb_data_o_reg\[3\],drc_bufs164530,cell,cell
u12_wb_data_o_reg\[4\],drc_bufs164524,cell,cell
u12_wb_data_o_reg\[5\],drc_bufs164476,cell,cell
u12_wb_data_o_reg\[6\],drc_bufs164494,cell,cell
u12_wb_data_o_reg\[7\],drc_bufs164521,cell,cell
u12_wb_data_o_reg\[8\],drc_bufs164491,cell,cell
u12_wb_data_o_reg\[9\],drc_bufs164533,cell,cell
u12_we1_reg,g158517,cell,cell
u12_we2_reg,g180292,cell,cell
u12_we2_reg,g173226,cell,cell
u12_we2_reg,g158015,cell,cell
u2_suspended_reg,g157770,cell,cell
u2_suspended_reg,g157299,cell,cell
u13_icc_r_reg\[15\],g159407,cell,cell
u13_icc_r_reg\[23\],g163172,cell,cell
u13_icc_r_reg\[23\],g159402,cell,cell
u13_icc_r_reg\[7\],g159399,cell,cell
u13_int_reg,drc_bufs164370,cell,cell
u13_intm_r_reg\[0\],g184877,cell,cell
u13_intm_r_reg\[0\],g158362,cell,cell
u13_intm_r_reg\[0\],g156983,cell,cell
u13_intm_r_reg\[10\],g170002,cell,cell
u13_intm_r_reg\[10\],g159483,cell,cell
u13_intm_r_reg\[10\],g158989,cell,cell
u13_intm_r_reg\[11\],g159455,cell,cell
u13_intm_r_reg\[11\],g158989,cell,cell
u13_intm_r_reg\[12\],g184894,cell,cell
u13_intm_r_reg\[12\],g158990,cell,cell
u13_intm_r_reg\[12\],g156982,cell,cell
u13_intm_r_reg\[13\],g606,cell,cell
u13_intm_r_reg\[13\],g159544,cell,cell
u13_intm_r_reg\[13\],g158991,cell,cell
u13_intm_r_reg\[14\],g198089,cell,cell
u13_intm_r_reg\[14\],g198088,cell,cell
u13_intm_r_reg\[14\],g198086,cell,cell
u13_intm_r_reg\[15\],g202338,cell,cell
u13_intm_r_reg\[15\],g198089,cell,cell
u13_intm_r_reg\[15\],g184901,cell,cell
u13_intm_r_reg\[16\],g200638,cell,cell
u13_intm_r_reg\[16\],g184891,cell,cell
u13_intm_r_reg\[16\],g159001,cell,cell
u13_intm_r_reg\[17\],g184890,cell,cell
u13_intm_r_reg\[17\],g158985,cell,cell
u13_intm_r_reg\[17\],g158045,cell,cell
u13_intm_r_reg\[18\],g159506,cell,cell
u13_intm_r_reg\[18\],g158994,cell,cell
u13_intm_r_reg\[19\],g159457,cell,cell
u13_intm_r_reg\[19\],g158986,cell,cell
u13_intm_r_reg\[1\],g158988,cell,cell
u13_intm_r_reg\[1\],g158293,cell,cell
u13_intm_r_reg\[1\],fopt173311,cell,cell
u13_intm_r_reg\[20\],g184887,cell,cell
u13_intm_r_reg\[20\],g173316,cell,cell
u13_intm_r_reg\[20\],g158985,cell,cell
u13_intm_r_reg\[21\],g184886,cell,cell
u13_intm_r_reg\[21\],g158362,cell,cell
u13_intm_r_reg\[21\],g158044,cell,cell
u13_intm_r_reg\[22\],g213848,cell,cell
u13_intm_r_reg\[22\],g158986,cell,cell
u13_intm_r_reg\[22\],g158036,cell,cell
u13_intm_r_reg\[23\],g159533,cell,cell
u13_intm_r_reg\[23\],g158994,cell,cell
u13_intm_r_reg\[24\],g159543,cell,cell
u13_intm_r_reg\[24\],g158996,cell,cell
u13_intm_r_reg\[25\],g184881,cell,cell
u13_intm_r_reg\[25\],g158996,cell,cell
u13_intm_r_reg\[25\],g158052,cell,cell
u13_intm_r_reg\[26\],g158995,cell,cell
u13_intm_r_reg\[26\],g158040,cell,cell
u13_intm_r_reg\[26\],fopt178139,cell,cell
u13_intm_r_reg\[27\],g184879,cell,cell
u13_intm_r_reg\[27\],g177859,cell,cell
u13_intm_r_reg\[27\],g158995,cell,cell
u13_intm_r_reg\[28\],g184883,cell,cell
u13_intm_r_reg\[28\],g178128,cell,cell
u13_intm_r_reg\[28\],g158362,cell,cell
u13_intm_r_reg\[2\],g184899,cell,cell
u13_intm_r_reg\[2\],g158988,cell,cell
u13_intm_r_reg\[2\],g156981,cell,cell
u13_intm_r_reg\[3\],g159541,cell,cell
u13_intm_r_reg\[3\],g159003,cell,cell
u13_intm_r_reg\[4\],g159517,cell,cell
u13_intm_r_reg\[4\],g159001,cell,cell
u13_intm_r_reg\[5\],g184893,cell,cell
u13_intm_r_reg\[5\],g181767,cell,cell
u13_intm_r_reg\[5\],g159003,cell,cell
u13_intm_r_reg\[6\],g171441,cell,cell
u13_intm_r_reg\[6\],g159481,cell,cell
u13_intm_r_reg\[6\],g159002,cell,cell
u13_intm_r_reg\[7\],g184900,cell,cell
u13_intm_r_reg\[7\],g159002,cell,cell
u13_intm_r_reg\[7\],g156984,cell,cell
u13_intm_r_reg\[8\],g159500,cell,cell
u13_intm_r_reg\[8\],g158991,cell,cell
u13_intm_r_reg\[9\],g172003,cell,cell
u13_intm_r_reg\[9\],g159538,cell,cell
u13_intm_r_reg\[9\],g158990,cell,cell
u13_ints_r_reg\[0\],g176157,cell,cell
u13_ints_r_reg\[0\],g171439,cell,cell
u13_ints_r_reg\[0\],g158362,cell,cell
u13_ints_r_reg\[10\],g159531,cell,cell
u13_ints_r_reg\[10\],g158989,cell,cell
u13_ints_r_reg\[11\],g159465,cell,cell
u13_ints_r_reg\[11\],g158989,cell,cell
u13_ints_r_reg\[12\],g176152,cell,cell
u13_ints_r_reg\[12\],g166249,cell,cell
u13_ints_r_reg\[12\],g158990,cell,cell
u13_ints_r_reg\[13\],g176156,cell,cell
u13_ints_r_reg\[13\],g166251,cell,cell
u13_ints_r_reg\[13\],g158991,cell,cell
u13_ints_r_reg\[14\],g198089,cell,cell
u13_ints_r_reg\[14\],g159498,cell,cell
u13_ints_r_reg\[15\],g202339,cell,cell
u13_ints_r_reg\[15\],g198089,cell,cell
u13_ints_r_reg\[15\],g176155,cell,cell
u13_ints_r_reg\[16\],g176164,cell,cell
u13_ints_r_reg\[16\],g159527,cell,cell
u13_ints_r_reg\[16\],g159001,cell,cell
u13_ints_r_reg\[17\],g166252,cell,cell
u13_ints_r_reg\[17\],g158985,cell,cell
u13_ints_r_reg\[17\],g153669__176234,cell,cell
u13_ints_r_reg\[18\],g159447,cell,cell
u13_ints_r_reg\[18\],g158994,cell,cell
u13_ints_r_reg\[19\],g435,cell,cell
u13_ints_r_reg\[19\],g176165,cell,cell
u13_ints_r_reg\[19\],g158986,cell,cell
u13_ints_r_reg\[1\],g159476,cell,cell
u13_ints_r_reg\[1\],g158988,cell,cell
u13_ints_r_reg\[20\],g176238,cell,cell
u13_ints_r_reg\[20\],g159547,cell,cell
u13_ints_r_reg\[20\],g158985,cell,cell
u13_ints_r_reg\[21\],g176242,cell,cell
u13_ints_r_reg\[21\],g159504,cell,cell
u13_ints_r_reg\[21\],g158362,cell,cell
u13_ints_r_reg\[22\],g176154,cell,cell
u13_ints_r_reg\[22\],g159514,cell,cell
u13_ints_r_reg\[22\],g158986,cell,cell
u13_ints_r_reg\[23\],g159510,cell,cell
u13_ints_r_reg\[23\],g158994,cell,cell
u13_ints_r_reg\[24\],g159488,cell,cell
u13_ints_r_reg\[24\],g158996,cell,cell
u13_ints_r_reg\[25\],g176167,cell,cell
u13_ints_r_reg\[25\],g159496,cell,cell
u13_ints_r_reg\[25\],g158996,cell,cell
u13_ints_r_reg\[26\],g159468,cell,cell
u13_ints_r_reg\[26\],g158995,cell,cell
u13_ints_r_reg\[27\],g176241,cell,cell
u13_ints_r_reg\[27\],g159512,cell,cell
u13_ints_r_reg\[27\],g158995,cell,cell
u13_ints_r_reg\[28\],g176243,cell,cell
u13_ints_r_reg\[28\],g159537,cell,cell
u13_ints_r_reg\[28\],g158362,cell,cell
u13_ints_r_reg\[2\],g159554,cell,cell
u13_ints_r_reg\[2\],g158988,cell,cell
u13_ints_r_reg\[3\],g159492,cell,cell
u13_ints_r_reg\[3\],g159003,cell,cell
u13_ints_r_reg\[4\],g159507,cell,cell
u13_ints_r_reg\[4\],g159001,cell,cell
u13_ints_r_reg\[5\],g159464,cell,cell
u13_ints_r_reg\[5\],g159003,cell,cell
u13_ints_r_reg\[6\],g159519,cell,cell
u13_ints_r_reg\[6\],g159002,cell,cell
u13_ints_r_reg\[7\],g176161,cell,cell
u13_ints_r_reg\[7\],g166248,cell,cell
u13_ints_r_reg\[7\],g159002,cell,cell
u13_ints_r_reg\[8\],g159487,cell,cell
u13_ints_r_reg\[8\],g158991,cell,cell
u13_ints_r_reg\[9\],g159458,cell,cell
u13_ints_r_reg\[9\],g158990,cell,cell
u13_occ0_r_reg\[15\],g167926,cell,cell
u13_occ0_r_reg\[15\],g159390,cell,cell
u13_occ0_r_reg\[23\],g167915,cell,cell
u13_occ0_r_reg\[23\],g163720,cell,cell
u13_occ0_r_reg\[31\],g167900,cell,cell
u13_occ0_r_reg\[31\],g158039,cell,cell
u13_occ0_r_reg\[7\],g167908,cell,cell
u13_occ0_r_reg\[7\],g159389,cell,cell
u13_occ1_r_reg\[15\],g170215,cell,cell
u13_occ1_r_reg\[15\],g159393,cell,cell
u13_occ1_r_reg\[7\],g166578,cell,cell
u13_occ1_r_reg\[7\],g159387,cell,cell
u14_u0_en_out_l2_reg,g9,cell,cell
u14_u0_en_out_l2_reg,g169480,cell,cell
u14_u0_full_empty_r_reg,g188090,cell,cell
u14_u0_full_empty_r_reg,g159154,cell,cell
u14_u1_en_out_l2_reg,g159426,cell,cell
u14_u1_en_out_l2_reg,g159173,cell,cell
u14_u1_full_empty_r_reg,g188069,cell,cell
u14_u1_full_empty_r_reg,g159157,cell,cell
u14_u2_en_out_l2_reg,g300,cell,cell
u14_u2_full_empty_r_reg,g193874,cell,cell
u14_u2_full_empty_r_reg,g188066,cell,cell
u14_u3_en_out_l2_reg,g184324,cell,cell
u14_u3_full_empty_r_reg,g188070,cell,cell
u14_u3_full_empty_r_reg,g159156,cell,cell
u14_u4_en_out_l2_reg,g186001,cell,cell
u14_u4_en_out_l2_reg,g169496,cell,cell
u14_u4_full_empty_r_reg,g188089,cell,cell
u14_u4_full_empty_r_reg,g159153,cell,cell
u14_u5_en_out_l2_reg,fopt214310,cell,cell
u14_u5_full_empty_r_reg,g188074,cell,cell
u14_u5_full_empty_r_reg,g159158,cell,cell
u14_u6_en_out_l2_reg,g184057,cell,cell
u14_u6_en_out_l2_reg,g158303,cell,cell
u14_u6_en_out_l_reg,g184059,cell,cell
u14_u6_en_out_l_reg,g183349,cell,cell
u14_u6_en_out_l_reg,g180237,cell,cell
u14_u6_full_empty_r_reg,g168835,cell,cell
u14_u6_full_empty_r_reg,g154785,cell,cell
u14_u7_en_out_l2_reg,g167580,cell,cell
u14_u7_en_out_l2_reg,g159470,cell,cell
u14_u7_en_out_l2_reg,g158302,cell,cell
u14_u7_en_out_l_reg,g182846,cell,cell
u14_u7_en_out_l_reg,g167578,cell,cell
u14_u7_en_out_l_reg,g155583,cell,cell
u14_u7_full_empty_r_reg,g192711,cell,cell
u14_u7_full_empty_r_reg,g155580,cell,cell
u14_u8_en_out_l2_reg,g46,cell,cell
u14_u8_en_out_l2_reg,g159472,cell,cell
u14_u8_en_out_l_reg,g182134,cell,cell
u14_u8_en_out_l_reg,g181936,cell,cell
u14_u8_en_out_l_reg,g175347,cell,cell
u14_u8_en_out_l_reg,g175346,cell,cell
u14_u8_full_empty_r_reg,g39,cell,cell
u14_u8_full_empty_r_reg,g154862,cell,cell
u15_crac_rd_reg,g176648,cell,cell
u15_crac_rd_reg,g159295,cell,cell
u15_crac_rd_reg,g154154__7410,cell,cell
u15_crac_rd_reg,g153627__169861,cell,cell
u15_crac_we_r_reg,g156687,cell,cell
u15_crac_we_r_reg,g154123__175580,cell,cell
u15_rdd1_reg,g176648,cell,cell
u15_rdd1_reg,g176647,cell,cell
u15_rdd1_reg,g154792,cell,cell
u15_rdd2_reg,g169475,cell,cell
u15_rdd2_reg,g159379,cell,cell
u15_rdd3_reg,g181972,cell,cell
u15_rdd3_reg,g169478,cell,cell
u15_rdd3_reg,g159011,cell,cell
u15_valid_r_reg,g181970,cell,cell
u15_valid_r_reg,g176648,cell,cell
u15_valid_r_reg,g175581,cell,cell
u16_u0_dma_req_reg,drc_bufs164393,cell,cell
u16_u0_dma_req_r1_reg,g153387__176895,cell,cell
u16_u1_dma_req_reg,drc_bufs164399,cell,cell
u16_u1_dma_req_r1_reg,g153386__176754,cell,cell
u16_u2_dma_req_reg,drc_bufs164405,cell,cell
u16_u2_dma_req_r1_reg,g183967,cell,cell
u16_u3_dma_req_reg,drc_bufs164411,cell,cell
u16_u3_dma_req_r1_reg,g179982,cell,cell
u16_u4_dma_req_reg,drc_bufs164423,cell,cell
u16_u4_dma_req_r1_reg,g181705,cell,cell
u16_u5_dma_req_reg,drc_bufs164429,cell,cell
u16_u5_dma_req_r1_reg,g153382__176747,cell,cell
u16_u6_dma_req_reg,drc_bufs164435,cell,cell
u16_u6_dma_req_r1_reg,g181757,cell,cell
u16_u7_dma_req_reg,drc_bufs164417,cell,cell
u16_u7_dma_req_r1_reg,g154125,cell,cell
u16_u8_dma_req_reg,drc_bufs164441,cell,cell
u16_u8_dma_req_r1_reg,g154126,cell,cell
u1_sdata_in_r_reg,g159082,cell,cell
u1_sr_reg\[0\],g158836,cell,cell
u1_sr_reg\[0\],g157156,cell,cell
u1_sr_reg\[0\],g156719,cell,cell
u1_sr_reg\[0\],g155588,cell,cell
u1_sr_reg\[10\],g154157,cell,cell
u1_sr_reg\[10\],g153877__1617,cell,cell
u1_sr_reg\[10\],g153876__2802,cell,cell
u1_sr_reg\[10\],g153875__1705,cell,cell
u1_sr_reg\[10\],g153590__3680,cell,cell
u1_sr_reg\[10\],g153589__6783,cell,cell
u1_sr_reg\[11\],g153977,cell,cell
u1_sr_reg\[11\],g153403__5526,cell,cell
u1_sr_reg\[11\],g153402__6260,cell,cell
u1_sr_reg\[11\],g153401__4319,cell,cell
u1_sr_reg\[11\],g153341__8428,cell,cell
u1_sr_reg\[11\],g153340__5107,cell,cell
u1_sr_reg\[11\],g153339__5477,cell,cell
u1_sr_reg\[12\],g153542,cell,cell
u1_sr_reg\[12\],g152964__6417,cell,cell
u1_sr_reg\[12\],g152963__7410,cell,cell
u1_sr_reg\[12\],g152962__1666,cell,cell
u1_sr_reg\[12\],g152961__2346,cell,cell
u1_sr_reg\[12\],g152960__2883,cell,cell
u1_sr_reg\[13\],g153037,cell,cell
u1_sr_reg\[13\],g152880__9315,cell,cell
u1_sr_reg\[13\],g152879__6161,cell,cell
u1_sr_reg\[13\],g152878__4733,cell,cell
u1_sr_reg\[13\],g152877__7482,cell,cell
u1_sr_reg\[14\],g152883,cell,cell
u1_sr_reg\[14\],g152870__5115,cell,cell
u1_sr_reg\[14\],g152869__1881,cell,cell
u1_sr_reg\[14\],g152867__6131,cell,cell
u1_sr_reg\[14\],g152866__7098,cell,cell
u1_sr_reg\[15\],g152871,cell,cell
u1_sr_reg\[15\],g152859__2802,cell,cell
u1_sr_reg\[15\],g152858__1705,cell,cell
u1_sr_reg\[15\],g152857__5122,cell,cell
u1_sr_reg\[15\],g152856__1617,cell,cell
u1_sr_reg\[15\],g152855__3680,cell,cell
u1_sr_reg\[16\],g152860,cell,cell
u1_sr_reg\[16\],g152846__6783,cell,cell
u1_sr_reg\[16\],g152845__5526,cell,cell
u1_sr_reg\[16\],g152844__8428,cell,cell
u1_sr_reg\[16\],g152843__4319,cell,cell
u1_sr_reg\[17\],g152849,cell,cell
u1_sr_reg\[17\],g152836__5107,cell,cell
u1_sr_reg\[17\],g152835__2398,cell,cell
u1_sr_reg\[17\],g152833__5477,cell,cell
u1_sr_reg\[17\],g152832__6417,cell,cell
u1_sr_reg\[18\],g152837,cell,cell
u1_sr_reg\[18\],g152826__1666,cell,cell
u1_sr_reg\[18\],g152825__2346,cell,cell
u1_sr_reg\[18\],g152824__2883,cell,cell
u1_sr_reg\[18\],g152823__9945,cell,cell
u1_sr_reg\[19\],g152817__9315,cell,cell
u1_sr_reg\[19\],g152816__6161,cell,cell
u1_sr_reg\[19\],g152815__4733,cell,cell
u1_sr_reg\[19\],g152814__7482,cell,cell
u1_sr_reg\[1\],g158243,cell,cell
u1_sr_reg\[1\],g157159,cell,cell
u1_sr_reg\[1\],g156720,cell,cell
u1_sr_reg\[1\],g155587,cell,cell
u1_sr_reg\[2\],g157766,cell,cell
u1_sr_reg\[2\],g157157,cell,cell
u1_sr_reg\[2\],g156721,cell,cell
u1_sr_reg\[2\],g155586,cell,cell
u1_sr_reg\[3\],g157350,cell,cell
u1_sr_reg\[3\],g157158,cell,cell
u1_sr_reg\[3\],g156722,cell,cell
u1_sr_reg\[3\],g155585,cell,cell
u1_sr_reg\[4\],g157199,cell,cell
u1_sr_reg\[4\],g156724,cell,cell
u1_sr_reg\[4\],g156723,cell,cell
u1_sr_reg\[4\],g155591,cell,cell
u1_sr_reg\[4\],g155584,cell,cell
u1_sr_reg\[5\],g156892,cell,cell
u1_sr_reg\[5\],g156116__5115,cell,cell
u1_sr_reg\[5\],g156115__1881,cell,cell
u1_sr_reg\[5\],g156114,cell,cell
u1_sr_reg\[5\],g155590,cell,cell
u1_sr_reg\[5\],g155579,cell,cell
u1_sr_reg\[6\],g156644,cell,cell
u1_sr_reg\[6\],g155592__5477,cell,cell
u1_sr_reg\[6\],g155589__6417,cell,cell
u1_sr_reg\[6\],g155582__7410,cell,cell
u1_sr_reg\[6\],g155581__1666,cell,cell
u1_sr_reg\[6\],g155578__2346,cell,cell
u1_sr_reg\[7\],g156003,cell,cell
u1_sr_reg\[7\],g154858__6260,cell,cell
u1_sr_reg\[7\],g154857__5107,cell,cell
u1_sr_reg\[7\],g154840__2398,cell,cell
u1_sr_reg\[7\],g154839__5477,cell,cell
u1_sr_reg\[7\],g154838__6417,cell,cell
u1_sr_reg\[8\],g155073,cell,cell
u1_sr_reg\[8\],g154401__6161,cell,cell
u1_sr_reg\[8\],g154400__9315,cell,cell
u1_sr_reg\[8\],g154399__9945,cell,cell
u1_sr_reg\[8\],g154396__4733,cell,cell
u1_sr_reg\[8\],g154395__7482,cell,cell
u1_sr_reg\[9\],g154437,cell,cell
u1_sr_reg\[9\],g154129__5115,cell,cell
u1_sr_reg\[9\],g154128__1881,cell,cell
u1_sr_reg\[9\],g154127__6131,cell,cell
u1_sr_reg\[9\],g153995__7098,cell,cell
u1_sr_reg\[9\],g153994__8246,cell,cell
u26_ac97_rst__reg,g156172,cell,cell
u26_ac97_rst__reg,drc_bufs164361,cell,cell
u26_cnt_reg\[0\],g159595,cell,cell
u26_cnt_reg\[1\],g178219,cell,cell
u26_cnt_reg\[1\],g178216,cell,cell
u26_cnt_reg\[1\],g178214,cell,cell
u26_cnt_reg\[2\],g175810,cell,cell
u26_cnt_reg\[2\],g175809,cell,cell
u26_cnt_reg\[2\],g153338__5122,cell,cell
u26_ps_cnt_reg\[0\],g200049,cell,cell
u26_ps_cnt_reg\[0\],g197864,cell,cell
u26_ps_cnt_reg\[0\],g193484,cell,cell
u26_ps_cnt_reg\[1\],g197864,cell,cell
u26_ps_cnt_reg\[1\],g159578,cell,cell
u26_ps_cnt_reg\[2\],g159152,cell,cell
u26_ps_cnt_reg\[2\],fopt173320,cell,cell
u26_ps_cnt_reg\[3\],g159152,cell,cell
u26_ps_cnt_reg\[3\],fopt178189,cell,cell
u26_ps_cnt_reg\[4\],g200049,cell,cell
u26_ps_cnt_reg\[4\],g200047,cell,cell
u26_ps_cnt_reg\[4\],g200045,cell,cell
u26_ps_cnt_reg\[5\],g200049,cell,cell
u26_ps_cnt_reg\[5\],g159490,cell,cell
u2_bit_clk_e_reg,g157345,cell,cell
u2_bit_clk_e_reg,g157226,cell,cell
u2_bit_clk_r_reg,u2_bit_clk_e_reg,cell,cell
u2_bit_clk_r_reg,g159086,cell,cell
u2_bit_clk_r1_reg,u2_bit_clk_e_reg,cell,cell
u2_cnt_reg\[0\],g159638,cell,cell
u2_cnt_reg\[0\],g158894,cell,cell
u2_cnt_reg\[1\],g159616,cell,cell
u2_cnt_reg\[1\],g159320,cell,cell
u2_cnt_reg\[1\],g159186,cell,cell
u2_cnt_reg\[1\],g158013,cell,cell
u2_cnt_reg\[1\],g157579,cell,cell
u2_cnt_reg\[2\],g159631,cell,cell
u2_cnt_reg\[2\],g159186,cell,cell
u2_cnt_reg\[2\],g158930,cell,cell
u2_cnt_reg\[2\],g157580,cell,cell
u2_cnt_reg\[2\],g157297,cell,cell
u2_cnt_reg\[3\],g159802,cell,cell
u2_cnt_reg\[3\],g158299,cell,cell
u2_cnt_reg\[3\],g157570,cell,cell
u2_cnt_reg\[3\],g157153,cell,cell
u2_cnt_reg\[3\],g157116,cell,cell
u2_cnt_reg\[3\],g157070,cell,cell
u2_cnt_reg\[4\],g159787,cell,cell
u2_cnt_reg\[4\],g159319,cell,cell
u2_cnt_reg\[4\],g158017,cell,cell
u2_cnt_reg\[4\],g158013,cell,cell
u2_cnt_reg\[4\],g157636,cell,cell
u2_cnt_reg\[4\],g157583,cell,cell
u2_cnt_reg\[4\],g157513,cell,cell
u2_cnt_reg\[4\],g157289,cell,cell
u2_cnt_reg\[5\],g159869,cell,cell
u2_cnt_reg\[5\],g157670,cell,cell
u2_cnt_reg\[5\],g157297,cell,cell
u2_cnt_reg\[5\],g157289,cell,cell
u2_cnt_reg\[5\],g157153,cell,cell
u2_cnt_reg\[5\],g157146,cell,cell
u2_cnt_reg\[5\],g157116,cell,cell
u2_cnt_reg\[6\],g159847,cell,cell
u2_cnt_reg\[6\],g158464,cell,cell
u2_cnt_reg\[6\],g158017,cell,cell
u2_cnt_reg\[6\],g158013,cell,cell
u2_cnt_reg\[6\],g157581,cell,cell
u2_cnt_reg\[6\],g157289,cell,cell
u2_cnt_reg\[6\],g157287,cell,cell
u2_cnt_reg\[6\],g156718,cell,cell
u2_cnt_reg\[7\],g159758,cell,cell
u2_cnt_reg\[7\],g159319,cell,cell
u2_cnt_reg\[7\],g157513,cell,cell
u2_cnt_reg\[7\],g157289,cell,cell
u2_cnt_reg\[7\],g157070,cell,cell
u2_cnt_reg\[7\],g156711,cell,cell
u2_res_cnt_reg\[0\],g207848,cell,cell
u2_res_cnt_reg\[0\],g184294,cell,cell
u2_res_cnt_reg\[0\],g181896,cell,cell
u2_res_cnt_reg\[0\],g159570,cell,cell
u2_res_cnt_reg\[0\],g158982,cell,cell
u2_res_cnt_reg\[1\],g184294,cell,cell
u2_res_cnt_reg\[1\],g159574,cell,cell
u2_res_cnt_reg\[2\],g188567,cell,cell
u2_res_cnt_reg\[2\],g187553,cell,cell
u2_res_cnt_reg\[2\],g184164,cell,cell
u2_res_cnt_reg\[2\],g159562,cell,cell
u2_res_cnt_reg\[2\],g158982,cell,cell
u2_res_cnt_reg\[3\],g168648,cell,cell
u2_res_cnt_reg\[3\],g159445,cell,cell
u2_res_cnt_reg\[3\],g156157,cell,cell
u2_sync_beat_reg,g184487,cell,cell
u2_sync_resume_reg,g184487,cell,cell
u2_sync_resume_reg,g157296,cell,cell
u2_sync_resume_reg,g157071,cell,cell
u2_sync_resume_reg,g156712,cell,cell
u2_sync_resume_reg,g156157,cell,cell
u2_sync_resume_reg,g154846,cell,cell
u2_to_cnt_reg\[0\],g159598,cell,cell
u2_to_cnt_reg\[0\],g159596,cell,cell
u2_to_cnt_reg\[0\],g159177,cell,cell
u2_to_cnt_reg\[1\],g173838,cell,cell
u2_to_cnt_reg\[1\],g159571,cell,cell
u2_to_cnt_reg\[1\],g159177,cell,cell
u2_to_cnt_reg\[2\],g173839,cell,cell
u2_to_cnt_reg\[2\],g169976,cell,cell
u2_to_cnt_reg\[2\],g159590,cell,cell
u2_to_cnt_reg\[2\],g158854,cell,cell
u2_to_cnt_reg\[3\],g173839,cell,cell
u2_to_cnt_reg\[3\],g159560,cell,cell
u2_to_cnt_reg\[4\],g173838,cell,cell
u2_to_cnt_reg\[4\],g159585,cell,cell
u2_to_cnt_reg\[4\],g157875,cell,cell
u2_to_cnt_reg\[5\],g159551,cell,cell
u3_mem_reg\[0\]\[0\],g202305,cell,cell
u3_mem_reg\[0\]\[0\],g169187,cell,cell
u3_mem_reg\[0\]\[10\],g213869,cell,cell
u3_mem_reg\[0\]\[10\],g200242,cell,cell
u3_mem_reg\[0\]\[11\],g202292,cell,cell
u3_mem_reg\[0\]\[11\],g186120,cell,cell
u3_mem_reg\[0\]\[12\],g202318,cell,cell
u3_mem_reg\[0\]\[12\],g194136,cell,cell
u3_mem_reg\[0\]\[13\],g83,cell,cell
u3_mem_reg\[0\]\[13\],g202299,cell,cell
u3_mem_reg\[0\]\[14\],g202314,cell,cell
u3_mem_reg\[0\]\[14\],g186121,cell,cell
u3_mem_reg\[0\]\[15\],g202312,cell,cell
u3_mem_reg\[0\]\[15\],g186123,cell,cell
u3_mem_reg\[0\]\[16\],g202311,cell,cell
u3_mem_reg\[0\]\[16\],g162672,cell,cell
u3_mem_reg\[0\]\[17\],g202293,cell,cell
u3_mem_reg\[0\]\[17\],g162693,cell,cell
u3_mem_reg\[0\]\[18\],g202307,cell,cell
u3_mem_reg\[0\]\[18\],g163893,cell,cell
u3_mem_reg\[0\]\[19\],g202310,cell,cell
u3_mem_reg\[0\]\[19\],g174908,cell,cell
u3_mem_reg\[0\]\[1\],g202288,cell,cell
u3_mem_reg\[0\]\[1\],g186122,cell,cell
u3_mem_reg\[0\]\[20\],g202297,cell,cell
u3_mem_reg\[0\]\[20\],g173186,cell,cell
u3_mem_reg\[0\]\[21\],g202289,cell,cell
u3_mem_reg\[0\]\[21\],g178024,cell,cell
u3_mem_reg\[0\]\[22\],g213839,cell,cell
u3_mem_reg\[0\]\[22\],g158189,cell,cell
u3_mem_reg\[0\]\[23\],g202313,cell,cell
u3_mem_reg\[0\]\[23\],g158195,cell,cell
u3_mem_reg\[0\]\[24\],g202295,cell,cell
u3_mem_reg\[0\]\[24\],g157316,cell,cell
u3_mem_reg\[0\]\[25\],g202298,cell,cell
u3_mem_reg\[0\]\[25\],g158201,cell,cell
u3_mem_reg\[0\]\[26\],g202304,cell,cell
u3_mem_reg\[0\]\[26\],g158165,cell,cell
u3_mem_reg\[0\]\[27\],g202302,cell,cell
u3_mem_reg\[0\]\[27\],g170086,cell,cell
u3_mem_reg\[0\]\[28\],g202306,cell,cell
u3_mem_reg\[0\]\[28\],g157306,cell,cell
u3_mem_reg\[0\]\[29\],g202309,cell,cell
u3_mem_reg\[0\]\[29\],g157307,cell,cell
u3_mem_reg\[0\]\[2\],g202316,cell,cell
u3_mem_reg\[0\]\[2\],g194063,cell,cell
u3_mem_reg\[0\]\[30\],g202300,cell,cell
u3_mem_reg\[0\]\[30\],g158167,cell,cell
u3_mem_reg\[0\]\[31\],g202308,cell,cell
u3_mem_reg\[0\]\[31\],g157597,cell,cell
u3_mem_reg\[0\]\[3\],g202287,cell,cell
u3_mem_reg\[0\]\[3\],g183902,cell,cell
u3_mem_reg\[0\]\[4\],g214962,cell,cell
u3_mem_reg\[0\]\[4\],g171389,cell,cell
u3_mem_reg\[0\]\[5\],g202315,cell,cell
u3_mem_reg\[0\]\[5\],g163897,cell,cell
u3_mem_reg\[0\]\[6\],g202290,cell,cell
u3_mem_reg\[0\]\[6\],g168808,cell,cell
u3_mem_reg\[0\]\[7\],g202294,cell,cell
u3_mem_reg\[0\]\[7\],g163896,cell,cell
u3_mem_reg\[0\]\[8\],g202301,cell,cell
u3_mem_reg\[0\]\[8\],g162680,cell,cell
u3_mem_reg\[0\]\[9\],g202303,cell,cell
u3_mem_reg\[0\]\[9\],g180273,cell,cell
u3_mem_reg\[1\]\[0\],g99,cell,cell
u3_mem_reg\[1\]\[0\],g169187,cell,cell
u3_mem_reg\[1\]\[10\],g213858,cell,cell
u3_mem_reg\[1\]\[10\],g186124,cell,cell
u3_mem_reg\[1\]\[11\],g186120,cell,cell
u3_mem_reg\[1\]\[11\],g171075,cell,cell
u3_mem_reg\[1\]\[12\],g186125,cell,cell
u3_mem_reg\[1\]\[12\],g170387,cell,cell
u3_mem_reg\[1\]\[13\],g186126,cell,cell
u3_mem_reg\[1\]\[13\],g170349,cell,cell
u3_mem_reg\[1\]\[14\],g186121,cell,cell
u3_mem_reg\[1\]\[14\],g170362,cell,cell
u3_mem_reg\[1\]\[15\],g186123,cell,cell
u3_mem_reg\[1\]\[15\],g171322,cell,cell
u3_mem_reg\[1\]\[16\],g170356,cell,cell
u3_mem_reg\[1\]\[16\],g162672,cell,cell
u3_mem_reg\[1\]\[17\],g170393,cell,cell
u3_mem_reg\[1\]\[17\],g162693,cell,cell
u3_mem_reg\[1\]\[18\],g170405,cell,cell
u3_mem_reg\[1\]\[18\],g158795,cell,cell
u3_mem_reg\[1\]\[19\],g218109,cell,cell
u3_mem_reg\[1\]\[19\],g171179,cell,cell
u3_mem_reg\[1\]\[1\],g186122,cell,cell
u3_mem_reg\[1\]\[1\],g155838,cell,cell
u3_mem_reg\[1\]\[20\],g173186,cell,cell
u3_mem_reg\[1\]\[20\],g172,cell,cell
u3_mem_reg\[1\]\[21\],g36,cell,cell
u3_mem_reg\[1\]\[21\],g165889,cell,cell
u3_mem_reg\[1\]\[22\],g213850,cell,cell
u3_mem_reg\[1\]\[22\],g158189,cell,cell
u3_mem_reg\[1\]\[23\],g170625,cell,cell
u3_mem_reg\[1\]\[23\],g158195,cell,cell
u3_mem_reg\[1\]\[24\],g170351,cell,cell
u3_mem_reg\[1\]\[24\],g160080,cell,cell
u3_mem_reg\[1\]\[25\],g170840,cell,cell
u3_mem_reg\[1\]\[25\],g158201,cell,cell
u3_mem_reg\[1\]\[26\],g170689,cell,cell
u3_mem_reg\[1\]\[26\],g158165,cell,cell
u3_mem_reg\[1\]\[27\],g170621,cell,cell
u3_mem_reg\[1\]\[27\],g170086,cell,cell
u3_mem_reg\[1\]\[28\],g170623,cell,cell
u3_mem_reg\[1\]\[28\],g157306,cell,cell
u3_mem_reg\[1\]\[29\],g176310,cell,cell
u3_mem_reg\[1\]\[29\],g160074,cell,cell
u3_mem_reg\[1\]\[2\],g194063,cell,cell
u3_mem_reg\[1\]\[2\],g171168,cell,cell
u3_mem_reg\[1\]\[30\],g176436,cell,cell
u3_mem_reg\[1\]\[30\],g158167,cell,cell
u3_mem_reg\[1\]\[31\],g170302,cell,cell
u3_mem_reg\[1\]\[31\],g157597,cell,cell
u3_mem_reg\[1\]\[3\],g183902,cell,cell
u3_mem_reg\[1\]\[3\],g176500,cell,cell
u3_mem_reg\[1\]\[4\],g215512,cell,cell
u3_mem_reg\[1\]\[4\],g158789,cell,cell
u3_mem_reg\[1\]\[5\],g186118,cell,cell
u3_mem_reg\[1\]\[5\],g170156,cell,cell
u3_mem_reg\[1\]\[6\],g192019,cell,cell
u3_mem_reg\[1\]\[6\],g176265,cell,cell
u3_mem_reg\[1\]\[7\],g170358,cell,cell
u3_mem_reg\[1\]\[7\],g158796,cell,cell
u3_mem_reg\[1\]\[8\],g191423,cell,cell
u3_mem_reg\[1\]\[8\],g170345,cell,cell
u3_mem_reg\[1\]\[9\],g180273,cell,cell
u3_mem_reg\[1\]\[9\],g170378,cell,cell
u3_mem_reg\[2\]\[0\],g37,cell,cell
u3_mem_reg\[2\]\[0\],g178266,cell,cell
u3_mem_reg\[2\]\[10\],g200242,cell,cell
u3_mem_reg\[2\]\[10\],g178278,cell,cell
u3_mem_reg\[2\]\[11\],g192552,cell,cell
u3_mem_reg\[2\]\[11\],g178275,cell,cell
u3_mem_reg\[2\]\[12\],g194136,cell,cell
u3_mem_reg\[2\]\[12\],g178274,cell,cell
u3_mem_reg\[2\]\[13\],g83,cell,cell
u3_mem_reg\[2\]\[13\],g178284,cell,cell
u3_mem_reg\[2\]\[14\],g49,cell,cell
u3_mem_reg\[2\]\[14\],g178270,cell,cell
u3_mem_reg\[2\]\[15\],g178265,cell,cell
u3_mem_reg\[2\]\[15\],g158713,cell,cell
u3_mem_reg\[2\]\[16\],g178279,cell,cell
u3_mem_reg\[2\]\[16\],g158725,cell,cell
u3_mem_reg\[2\]\[17\],g178269,cell,cell
u3_mem_reg\[2\]\[17\],g163890,cell,cell
u3_mem_reg\[2\]\[18\],g178280,cell,cell
u3_mem_reg\[2\]\[18\],g163893,cell,cell
u3_mem_reg\[2\]\[19\],g178267,cell,cell
u3_mem_reg\[2\]\[19\],g174908,cell,cell
u3_mem_reg\[2\]\[1\],g178273,cell,cell
u3_mem_reg\[2\]\[1\],g163888,cell,cell
u3_mem_reg\[2\]\[20\],g178268,cell,cell
u3_mem_reg\[2\]\[20\],g160072,cell,cell
u3_mem_reg\[2\]\[21\],g178287,cell,cell
u3_mem_reg\[2\]\[21\],g160092,cell,cell
u3_mem_reg\[2\]\[22\],g213846,cell,cell
u3_mem_reg\[2\]\[22\],g158115,cell,cell
u3_mem_reg\[2\]\[23\],g178264,cell,cell
u3_mem_reg\[2\]\[23\],g158117,cell,cell
u3_mem_reg\[2\]\[24\],g180534,cell,cell
u3_mem_reg\[2\]\[24\],g178263,cell,cell
u3_mem_reg\[2\]\[25\],g178262,cell,cell
u3_mem_reg\[2\]\[25\],g158128,cell,cell
u3_mem_reg\[2\]\[26\],g178292,cell,cell
u3_mem_reg\[2\]\[26\],g158093,cell,cell
u3_mem_reg\[2\]\[27\],g178289,cell,cell
u3_mem_reg\[2\]\[27\],g170084,cell,cell
u3_mem_reg\[2\]\[28\],g178260,cell,cell
u3_mem_reg\[2\]\[28\],g158095,cell,cell
u3_mem_reg\[2\]\[29\],g207843,cell,cell
u3_mem_reg\[2\]\[29\],g178291,cell,cell
u3_mem_reg\[2\]\[2\],g183511,cell,cell
u3_mem_reg\[2\]\[2\],g178276,cell,cell
u3_mem_reg\[2\]\[30\],g223141,cell,cell
u3_mem_reg\[2\]\[30\],g178282,cell,cell
u3_mem_reg\[2\]\[31\],g178281,cell,cell
u3_mem_reg\[2\]\[31\],g160090,cell,cell
u3_mem_reg\[2\]\[3\],g183903,cell,cell
u3_mem_reg\[2\]\[3\],g178272,cell,cell
u3_mem_reg\[2\]\[4\],g214950,cell,cell
u3_mem_reg\[2\]\[4\],g171389,cell,cell
u3_mem_reg\[2\]\[5\],g178277,cell,cell
u3_mem_reg\[2\]\[5\],g163897,cell,cell
u3_mem_reg\[2\]\[6\],g178285,cell,cell
u3_mem_reg\[2\]\[6\],g168808,cell,cell
u3_mem_reg\[2\]\[7\],g178271,cell,cell
u3_mem_reg\[2\]\[7\],g163896,cell,cell
u3_mem_reg\[2\]\[8\],g178283,cell,cell
u3_mem_reg\[2\]\[8\],g162680,cell,cell
u3_mem_reg\[2\]\[9\],g200276,cell,cell
u3_mem_reg\[2\]\[9\],g178286,cell,cell
u3_mem_reg\[3\]\[0\],g37,cell,cell
u3_mem_reg\[3\]\[0\],g168495,cell,cell
u3_mem_reg\[3\]\[10\],g186124,cell,cell
u3_mem_reg\[3\]\[10\],g168486,cell,cell
u3_mem_reg\[3\]\[11\],g192552,cell,cell
u3_mem_reg\[3\]\[11\],g168485,cell,cell
u3_mem_reg\[3\]\[12\],g186125,cell,cell
u3_mem_reg\[3\]\[12\],g168484,cell,cell
u3_mem_reg\[3\]\[13\],g186126,cell,cell
u3_mem_reg\[3\]\[13\],g168483,cell,cell
u3_mem_reg\[3\]\[14\],g49,cell,cell
u3_mem_reg\[3\]\[14\],g168482,cell,cell
u3_mem_reg\[3\]\[15\],g168481,cell,cell
u3_mem_reg\[3\]\[15\],g158713,cell,cell
u3_mem_reg\[3\]\[16\],g168480,cell,cell
u3_mem_reg\[3\]\[16\],g158725,cell,cell
u3_mem_reg\[3\]\[17\],g175614,cell,cell
u3_mem_reg\[3\]\[17\],g163890,cell,cell
u3_mem_reg\[3\]\[18\],g168478,cell,cell
u3_mem_reg\[3\]\[18\],g158795,cell,cell
u3_mem_reg\[3\]\[19\],g218109,cell,cell
u3_mem_reg\[3\]\[19\],g168477,cell,cell
u3_mem_reg\[3\]\[1\],g168496,cell,cell
u3_mem_reg\[3\]\[1\],g163888,cell,cell
u3_mem_reg\[3\]\[20\],g168476,cell,cell
u3_mem_reg\[3\]\[20\],g160095,cell,cell
u3_mem_reg\[3\]\[21\],g175593,cell,cell
u3_mem_reg\[3\]\[22\],g168473,cell,cell
u3_mem_reg\[3\]\[22\],g158115,cell,cell
u3_mem_reg\[3\]\[23\],g168470,cell,cell
u3_mem_reg\[3\]\[23\],g158117,cell,cell
u3_mem_reg\[3\]\[24\],g180534,cell,cell
u3_mem_reg\[3\]\[24\],g168467,cell,cell
u3_mem_reg\[3\]\[25\],g168466,cell,cell
u3_mem_reg\[3\]\[25\],g158128,cell,cell
u3_mem_reg\[3\]\[26\],g168465,cell,cell
u3_mem_reg\[3\]\[26\],g158093,cell,cell
u3_mem_reg\[3\]\[27\],g170084,cell,cell
u3_mem_reg\[3\]\[27\],g168463,cell,cell
u3_mem_reg\[3\]\[28\],g168468,cell,cell
u3_mem_reg\[3\]\[28\],g158095,cell,cell
u3_mem_reg\[3\]\[29\],g207843,cell,cell
u3_mem_reg\[3\]\[29\],g168472,cell,cell
u3_mem_reg\[3\]\[2\],g183511,cell,cell
u3_mem_reg\[3\]\[2\],g168494,cell,cell
u3_mem_reg\[3\]\[30\],g223141,cell,cell
u3_mem_reg\[3\]\[30\],g168471,cell,cell
u3_mem_reg\[3\]\[31\],g168469,cell,cell
u3_mem_reg\[3\]\[31\],g160088,cell,cell
u3_mem_reg\[3\]\[3\],g183903,cell,cell
u3_mem_reg\[3\]\[3\],g168493,cell,cell
u3_mem_reg\[3\]\[4\],g215511,cell,cell
u3_mem_reg\[3\]\[4\],g158789,cell,cell
u3_mem_reg\[3\]\[5\],g186118,cell,cell
u3_mem_reg\[3\]\[5\],g168491,cell,cell
u3_mem_reg\[3\]\[6\],g192019,cell,cell
u3_mem_reg\[3\]\[6\],g168490,cell,cell
u3_mem_reg\[3\]\[7\],g168489,cell,cell
u3_mem_reg\[3\]\[7\],g158796,cell,cell
u3_mem_reg\[3\]\[8\],g191423,cell,cell
u3_mem_reg\[3\]\[8\],g168488,cell,cell
u3_mem_reg\[3\]\[9\],g200276,cell,cell
u3_mem_reg\[3\]\[9\],g168487,cell,cell
u3_rp_reg\[0\],u3_rp_reg\[0\],cell,cell
u3_rp_reg\[0\],g191531,cell,cell
u3_rp_reg\[0\],g174551,cell,cell
u3_rp_reg\[0\],g160155,cell,cell
u3_rp_reg\[0\],g158901,cell,cell
u3_rp_reg\[1\],g52,cell,cell
u3_rp_reg\[1\],g218107,cell,cell
u3_rp_reg\[1\],g218106,cell,cell
u3_rp_reg\[1\],g163948,cell,cell
u3_rp_reg\[1\],g163947,cell,cell
u3_rp_reg\[1\],fopt191529,cell,cell
u3_rp_reg\[2\],g218107,cell,cell
u3_rp_reg\[2\],fopt186117,cell,cell
u3_rp_reg\[2\],fopt178090,cell,cell
u3_rp_reg\[2\],fopt162860,cell,cell
u3_rp_reg\[2\],fopt162859,cell,cell
u3_rp_reg\[3\],g175821,cell,cell
u3_rp_reg\[3\],g159664,cell,cell
u3_rp_reg\[3\],g158611,cell,cell
u3_wp_reg\[0\],g192845,cell,cell
u3_wp_reg\[0\],g191527,cell,cell
u3_wp_reg\[0\],g178259,cell,cell
u3_wp_reg\[0\],g168541,cell,cell
u3_wp_reg\[0\],g167604,cell,cell
u3_wp_reg\[0\],g167603,cell,cell
u3_wp_reg\[1\],g198601,cell,cell
u3_wp_reg\[1\],g198595,cell,cell
u3_wp_reg\[1\],g178258,cell,cell
u3_wp_reg\[1\],g159829,cell,cell
u3_wp_reg\[2\],g221643,cell,cell
u3_wp_reg\[2\],g177886,cell,cell
u3_wp_reg\[2\],g159304,cell,cell
u3_wp_reg\[2\],g156974,cell,cell
u3_wp_reg\[2\],g155573,cell,cell
u4_mem_reg\[0\]\[0\],g186039,cell,cell
u4_mem_reg\[0\]\[0\],g158576,cell,cell
u4_mem_reg\[0\]\[10\],g213866,cell,cell
u4_mem_reg\[0\]\[10\],g207116,cell,cell
u4_mem_reg\[0\]\[11\],g186022,cell,cell
u4_mem_reg\[0\]\[11\],g169026,cell,cell
u4_mem_reg\[0\]\[12\],g186021,cell,cell
u4_mem_reg\[0\]\[12\],g181532,cell,cell
u4_mem_reg\[0\]\[13\],g186388,cell,cell
u4_mem_reg\[0\]\[13\],g186014,cell,cell
u4_mem_reg\[0\]\[14\],g186016,cell,cell
u4_mem_reg\[0\]\[14\],g168955,cell,cell
u4_mem_reg\[0\]\[15\],g186028,cell,cell
u4_mem_reg\[0\]\[15\],g168801,cell,cell
u4_mem_reg\[0\]\[16\],g186020,cell,cell
u4_mem_reg\[0\]\[16\],g158312,cell,cell
u4_mem_reg\[0\]\[17\],g186019,cell,cell
u4_mem_reg\[0\]\[17\],g158321,cell,cell
u4_mem_reg\[0\]\[18\],g200567,cell,cell
u4_mem_reg\[0\]\[18\],g186012,cell,cell
u4_mem_reg\[0\]\[19\],g186037,cell,cell
u4_mem_reg\[0\]\[19\],g158266,cell,cell
u4_mem_reg\[0\]\[1\],g186040,cell,cell
u4_mem_reg\[0\]\[1\],g173028,cell,cell
u4_mem_reg\[0\]\[20\],g186018,cell,cell
u4_mem_reg\[0\]\[20\],g160086,cell,cell
u4_mem_reg\[0\]\[21\],g186036,cell,cell
u4_mem_reg\[0\]\[21\],g159438,cell,cell
u4_mem_reg\[0\]\[22\],g213849,cell,cell
u4_mem_reg\[0\]\[22\],g158159,cell,cell
u4_mem_reg\[0\]\[23\],g492,cell,cell
u4_mem_reg\[0\]\[23\],g186017,cell,cell
u4_mem_reg\[0\]\[24\],g186010,cell,cell
u4_mem_reg\[0\]\[24\],g158162,cell,cell
u4_mem_reg\[0\]\[25\],g186032,cell,cell
u4_mem_reg\[0\]\[25\],g160065,cell,cell
u4_mem_reg\[0\]\[26\],g196922,cell,cell
u4_mem_reg\[0\]\[26\],g186031,cell,cell
u4_mem_reg\[0\]\[27\],g186030,cell,cell
u4_mem_reg\[0\]\[27\],g158153,cell,cell
u4_mem_reg\[0\]\[28\],g186033,cell,cell
u4_mem_reg\[0\]\[28\],g159406,cell,cell
u4_mem_reg\[0\]\[29\],g186041,cell,cell
u4_mem_reg\[0\]\[29\],g158161,cell,cell
u4_mem_reg\[0\]\[2\],g186015,cell,cell
u4_mem_reg\[0\]\[2\],g180508,cell,cell
u4_mem_reg\[0\]\[30\],g186029,cell,cell
u4_mem_reg\[0\]\[30\],g180578,cell,cell
u4_mem_reg\[0\]\[31\],g186034,cell,cell
u4_mem_reg\[0\]\[31\],g158163,cell,cell
u4_mem_reg\[0\]\[3\],g186026,cell,cell
u4_mem_reg\[0\]\[3\],g182658,cell,cell
u4_mem_reg\[0\]\[4\],g215500,cell,cell
u4_mem_reg\[0\]\[4\],g158313,cell,cell
u4_mem_reg\[0\]\[5\],g186038,cell,cell
u4_mem_reg\[0\]\[5\],g158301,cell,cell
u4_mem_reg\[0\]\[6\],g186042,cell,cell
u4_mem_reg\[0\]\[6\],g158346,cell,cell
u4_mem_reg\[0\]\[7\],g186027,cell,cell
u4_mem_reg\[0\]\[7\],g158322,cell,cell
u4_mem_reg\[0\]\[8\],g186025,cell,cell
u4_mem_reg\[0\]\[8\],g175105,cell,cell
u4_mem_reg\[0\]\[9\],g186023,cell,cell
u4_mem_reg\[0\]\[9\],g176906,cell,cell
u4_mem_reg\[1\]\[0\],g212603,cell,cell
u4_mem_reg\[1\]\[0\],g158786,cell,cell
u4_mem_reg\[1\]\[10\],g213021,cell,cell
u4_mem_reg\[1\]\[10\],g158792,cell,cell
u4_mem_reg\[1\]\[11\],g212607,cell,cell
u4_mem_reg\[1\]\[11\],g169027,cell,cell
u4_mem_reg\[1\]\[12\],g212615,cell,cell
u4_mem_reg\[1\]\[12\],g158758,cell,cell
u4_mem_reg\[1\]\[13\],g212596,cell,cell
u4_mem_reg\[1\]\[13\],g186388,cell,cell
u4_mem_reg\[1\]\[14\],g212599,cell,cell
u4_mem_reg\[1\]\[14\],g158782,cell,cell
u4_mem_reg\[1\]\[15\],g212620,cell,cell
u4_mem_reg\[1\]\[15\],g168801,cell,cell
u4_mem_reg\[1\]\[16\],g212608,cell,cell
u4_mem_reg\[1\]\[16\],g158312,cell,cell
u4_mem_reg\[1\]\[17\],g212609,cell,cell
u4_mem_reg\[1\]\[17\],g158321,cell,cell
u4_mem_reg\[1\]\[18\],g212604,cell,cell
u4_mem_reg\[1\]\[18\],g200567,cell,cell
u4_mem_reg\[1\]\[19\],g212610,cell,cell
u4_mem_reg\[1\]\[19\],g158266,cell,cell
u4_mem_reg\[1\]\[1\],g212621,cell,cell
u4_mem_reg\[1\]\[1\],g158819,cell,cell
u4_mem_reg\[1\]\[20\],g212602,cell,cell
u4_mem_reg\[1\]\[20\],g159432,cell,cell
u4_mem_reg\[1\]\[21\],g212601,cell,cell
u4_mem_reg\[1\]\[21\],g160068,cell,cell
u4_mem_reg\[1\]\[22\],g212619,cell,cell
u4_mem_reg\[1\]\[22\],g158159,cell,cell
u4_mem_reg\[1\]\[23\],g492,cell,cell
u4_mem_reg\[1\]\[23\],g212595,cell,cell
u4_mem_reg\[1\]\[24\],g212594,cell,cell
u4_mem_reg\[1\]\[24\],g158162,cell,cell
u4_mem_reg\[1\]\[25\],g212600,cell,cell
u4_mem_reg\[1\]\[25\],g159409,cell,cell
u4_mem_reg\[1\]\[26\],g212588,cell,cell
u4_mem_reg\[1\]\[26\],g196922,cell,cell
u4_mem_reg\[1\]\[27\],g212591,cell,cell
u4_mem_reg\[1\]\[27\],g158153,cell,cell
u4_mem_reg\[1\]\[28\],g212612,cell,cell
u4_mem_reg\[1\]\[28\],g159423,cell,cell
u4_mem_reg\[1\]\[29\],g212622,cell,cell
u4_mem_reg\[1\]\[29\],g158161,cell,cell
u4_mem_reg\[1\]\[2\],g212598,cell,cell
u4_mem_reg\[1\]\[2\],g158721,cell,cell
u4_mem_reg\[1\]\[30\],g212605,cell,cell
u4_mem_reg\[1\]\[30\],g180578,cell,cell
u4_mem_reg\[1\]\[31\],g212593,cell,cell
u4_mem_reg\[1\]\[31\],g158163,cell,cell
u4_mem_reg\[1\]\[3\],g212597,cell,cell
u4_mem_reg\[1\]\[3\],g158768,cell,cell
u4_mem_reg\[1\]\[4\],g215509,cell,cell
u4_mem_reg\[1\]\[4\],g158313,cell,cell
u4_mem_reg\[1\]\[5\],g212617,cell,cell
u4_mem_reg\[1\]\[5\],g158301,cell,cell
u4_mem_reg\[1\]\[6\],g212613,cell,cell
u4_mem_reg\[1\]\[6\],g158346,cell,cell
u4_mem_reg\[1\]\[7\],g212614,cell,cell
u4_mem_reg\[1\]\[7\],g158322,cell,cell
u4_mem_reg\[1\]\[8\],g212606,cell,cell
u4_mem_reg\[1\]\[8\],g175105,cell,cell
u4_mem_reg\[1\]\[9\],g212618,cell,cell
u4_mem_reg\[1\]\[9\],g188525,cell,cell
u4_mem_reg\[2\]\[0\],g166528,cell,cell
u4_mem_reg\[2\]\[0\],g158576,cell,cell
u4_mem_reg\[2\]\[10\],g213861,cell,cell
u4_mem_reg\[2\]\[10\],g207116,cell,cell
u4_mem_reg\[2\]\[11\],g169026,cell,cell
u4_mem_reg\[2\]\[11\],g165651,cell,cell
u4_mem_reg\[2\]\[12\],g181532,cell,cell
u4_mem_reg\[2\]\[12\],g165680,cell,cell
u4_mem_reg\[2\]\[13\],g186389,cell,cell
u4_mem_reg\[2\]\[13\],g165737,cell,cell
u4_mem_reg\[2\]\[14\],g168955,cell,cell
u4_mem_reg\[2\]\[14\],g165389,cell,cell
u4_mem_reg\[2\]\[15\],g165418,cell,cell
u4_mem_reg\[2\]\[15\],g158728,cell,cell
u4_mem_reg\[2\]\[16\],g187708,cell,cell
u4_mem_reg\[2\]\[16\],g165766,cell,cell
u4_mem_reg\[2\]\[17\],g165794,cell,cell
u4_mem_reg\[2\]\[17\],g158738,cell,cell
u4_mem_reg\[2\]\[18\],g165817,cell,cell
u4_mem_reg\[2\]\[18\],g158753,cell,cell
u4_mem_reg\[2\]\[19\],g165844,cell,cell
u4_mem_reg\[2\]\[19\],g158760,cell,cell
u4_mem_reg\[2\]\[1\],g173028,cell,cell
u4_mem_reg\[2\]\[1\],g166506,cell,cell
u4_mem_reg\[2\]\[20\],g165871,cell,cell
u4_mem_reg\[2\]\[20\],g159433,cell,cell
u4_mem_reg\[2\]\[21\],g165898,cell,cell
u4_mem_reg\[2\]\[21\],g160076,cell,cell
u4_mem_reg\[2\]\[22\],g213844,cell,cell
u4_mem_reg\[2\]\[22\],g158088,cell,cell
u4_mem_reg\[2\]\[23\],g493,cell,cell
u4_mem_reg\[2\]\[23\],g165954,cell,cell
u4_mem_reg\[2\]\[24\],g166059,cell,cell
u4_mem_reg\[2\]\[24\],g158082,cell,cell
u4_mem_reg\[2\]\[25\],g183256,cell,cell
u4_mem_reg\[2\]\[25\],g166085,cell,cell
u4_mem_reg\[2\]\[26\],g166111,cell,cell
u4_mem_reg\[2\]\[26\],g158092,cell,cell
u4_mem_reg\[2\]\[27\],g166136,cell,cell
u4_mem_reg\[2\]\[27\],g158085,cell,cell
u4_mem_reg\[2\]\[28\],g166008,cell,cell
u4_mem_reg\[2\]\[28\],g160078,cell,cell
u4_mem_reg\[2\]\[29\],g166302,cell,cell
u4_mem_reg\[2\]\[29\],g158081,cell,cell
u4_mem_reg\[2\]\[2\],g180508,cell,cell
u4_mem_reg\[2\]\[2\],g165477,cell,cell
u4_mem_reg\[2\]\[30\],g180579,cell,cell
u4_mem_reg\[2\]\[30\],g166278,cell,cell
u4_mem_reg\[2\]\[31\],g165981,cell,cell
u4_mem_reg\[2\]\[31\],g158091,cell,cell
u4_mem_reg\[2\]\[3\],g182658,cell,cell
u4_mem_reg\[2\]\[3\],g165507,cell,cell
u4_mem_reg\[2\]\[4\],g215508,cell,cell
u4_mem_reg\[2\]\[4\],g158771,cell,cell
u4_mem_reg\[2\]\[5\],g165709,cell,cell
u4_mem_reg\[2\]\[5\],g158734,cell,cell
u4_mem_reg\[2\]\[6\],g165360,cell,cell
u4_mem_reg\[2\]\[6\],g158775,cell,cell
u4_mem_reg\[2\]\[7\],g165448,cell,cell
u4_mem_reg\[2\]\[7\],g158784,cell,cell
u4_mem_reg\[2\]\[8\],g165536,cell,cell
u4_mem_reg\[2\]\[8\],g158803,cell,cell
u4_mem_reg\[2\]\[9\],g176906,cell,cell
u4_mem_reg\[2\]\[9\],g165591,cell,cell
u4_mem_reg\[3\]\[0\],g158786,cell,cell
u4_mem_reg\[3\]\[0\],g155759,cell,cell
u4_mem_reg\[3\]\[10\],g183188,cell,cell
u4_mem_reg\[3\]\[10\],g158792,cell,cell
u4_mem_reg\[3\]\[11\],g169027,cell,cell
u4_mem_reg\[3\]\[11\],g155770,cell,cell
u4_mem_reg\[3\]\[12\],g158758,cell,cell
u4_mem_reg\[3\]\[12\],g155771,cell,cell
u4_mem_reg\[3\]\[13\],g186389,cell,cell
u4_mem_reg\[3\]\[13\],g155772,cell,cell
u4_mem_reg\[3\]\[14\],g158782,cell,cell
u4_mem_reg\[3\]\[14\],g155773,cell,cell
u4_mem_reg\[3\]\[15\],g158728,cell,cell
u4_mem_reg\[3\]\[15\],g155774,cell,cell
u4_mem_reg\[3\]\[16\],g187708,cell,cell
u4_mem_reg\[3\]\[16\],g155775,cell,cell
u4_mem_reg\[3\]\[17\],g158738,cell,cell
u4_mem_reg\[3\]\[17\],g155776,cell,cell
u4_mem_reg\[3\]\[18\],g166777,cell,cell
u4_mem_reg\[3\]\[18\],g158753,cell,cell
u4_mem_reg\[3\]\[19\],g166776,cell,cell
u4_mem_reg\[3\]\[19\],g158760,cell,cell
u4_mem_reg\[3\]\[1\],g158819,cell,cell
u4_mem_reg\[3\]\[1\],g155760,cell,cell
u4_mem_reg\[3\]\[20\],g197673,cell,cell
u4_mem_reg\[3\]\[20\],g160093,cell,cell
u4_mem_reg\[3\]\[21\],g166774,cell,cell
u4_mem_reg\[3\]\[21\],g159434,cell,cell
u4_mem_reg\[3\]\[22\],g166773,cell,cell
u4_mem_reg\[3\]\[22\],g158088,cell,cell
u4_mem_reg\[3\]\[23\],g493,cell,cell
u4_mem_reg\[3\]\[23\],g166772,cell,cell
u4_mem_reg\[3\]\[24\],g166771,cell,cell
u4_mem_reg\[3\]\[24\],g158082,cell,cell
u4_mem_reg\[3\]\[25\],g183256,cell,cell
u4_mem_reg\[3\]\[25\],g166770,cell,cell
u4_mem_reg\[3\]\[26\],g166769,cell,cell
u4_mem_reg\[3\]\[26\],g158092,cell,cell
u4_mem_reg\[3\]\[27\],g179385,cell,cell
u4_mem_reg\[3\]\[27\],g158085,cell,cell
u4_mem_reg\[3\]\[28\],g179390,cell,cell
u4_mem_reg\[3\]\[28\],g159386,cell,cell
u4_mem_reg\[3\]\[29\],g53,cell,cell
u4_mem_reg\[3\]\[29\],g158081,cell,cell
u4_mem_reg\[3\]\[2\],g158721,cell,cell
u4_mem_reg\[3\]\[2\],g155761,cell,cell
u4_mem_reg\[3\]\[30\],g183172,cell,cell
u4_mem_reg\[3\]\[30\],g180579,cell,cell
u4_mem_reg\[3\]\[31\],g179388,cell,cell
u4_mem_reg\[3\]\[31\],g158091,cell,cell
u4_mem_reg\[3\]\[3\],g158768,cell,cell
u4_mem_reg\[3\]\[3\],g155762,cell,cell
u4_mem_reg\[3\]\[4\],g215507,cell,cell
u4_mem_reg\[3\]\[4\],g158771,cell,cell
u4_mem_reg\[3\]\[5\],g197661,cell,cell
u4_mem_reg\[3\]\[5\],g158734,cell,cell
u4_mem_reg\[3\]\[6\],g197605,cell,cell
u4_mem_reg\[3\]\[6\],g158775,cell,cell
u4_mem_reg\[3\]\[7\],g197726,cell,cell
u4_mem_reg\[3\]\[7\],g158784,cell,cell
u4_mem_reg\[3\]\[8\],g158803,cell,cell
u4_mem_reg\[3\]\[8\],g155767,cell,cell
u4_mem_reg\[3\]\[9\],g188525,cell,cell
u4_mem_reg\[3\]\[9\],g155768,cell,cell
u4_rp_reg\[0\],g217562,cell,cell
u4_rp_reg\[0\],g217560,cell,cell
u4_rp_reg\[1\],g200565,cell,cell
u4_rp_reg\[1\],g183025,cell,cell
u4_rp_reg\[1\],g159343,cell,cell
u4_rp_reg\[1\],fopt200649,cell,cell
u4_rp_reg\[2\],g187709,cell,cell
u4_rp_reg\[2\],g183025,cell,cell
u4_rp_reg\[2\],g159343,cell,cell
u4_rp_reg\[2\],fopt177154,cell,cell
u4_rp_reg\[3\],g212652,cell,cell
u4_rp_reg\[3\],g162476,cell,cell
u4_wp_reg\[0\],g189476,cell,cell
u4_wp_reg\[0\],g182756,cell,cell
u4_wp_reg\[0\],g180290,cell,cell
u4_wp_reg\[0\],g179383,cell,cell
u4_wp_reg\[0\],g178129,cell,cell
u4_wp_reg\[0\],g167730,cell,cell
u4_wp_reg\[1\],g187960,cell,cell
u4_wp_reg\[2\],g212656,cell,cell
u4_wp_reg\[2\],g184533,cell,cell
u4_wp_reg\[2\],g182631,cell,cell
u4_wp_reg\[2\],g159309,cell,cell
u4_wp_reg\[2\],g156969,cell,cell
u5_mem_reg\[0\]\[0\],g179700,cell,cell
u5_mem_reg\[0\]\[0\],g158559,cell,cell
u5_mem_reg\[0\]\[10\],g192581,cell,cell
u5_mem_reg\[0\]\[10\],g179680,cell,cell
u5_mem_reg\[0\]\[11\],g184623,cell,cell
u5_mem_reg\[0\]\[11\],g179685,cell,cell
u5_mem_reg\[0\]\[12\],g179690,cell,cell
u5_mem_reg\[0\]\[12\],g164047,cell,cell
u5_mem_reg\[0\]\[13\],g184634,cell,cell
u5_mem_reg\[0\]\[13\],g179676,cell,cell
u5_mem_reg\[0\]\[14\],g188542,cell,cell
u5_mem_reg\[0\]\[14\],g179698,cell,cell
u5_mem_reg\[0\]\[15\],g216620,cell,cell
u5_mem_reg\[0\]\[15\],g179697,cell,cell
u5_mem_reg\[0\]\[16\],g212935,cell,cell
u5_mem_reg\[0\]\[16\],g179675,cell,cell
u5_mem_reg\[0\]\[17\],g179674,cell,cell
u5_mem_reg\[0\]\[17\],g168968,cell,cell
u5_mem_reg\[0\]\[18\],g179673,cell,cell
u5_mem_reg\[0\]\[18\],g164049,cell,cell
u5_mem_reg\[0\]\[19\],g87,cell,cell
u5_mem_reg\[0\]\[19\],g179672,cell,cell
u5_mem_reg\[0\]\[1\],g202272,cell,cell
u5_mem_reg\[0\]\[1\],g179699,cell,cell
u5_mem_reg\[0\]\[20\],g179696,cell,cell
u5_mem_reg\[0\]\[20\],g159398,cell,cell
u5_mem_reg\[0\]\[21\],g179692,cell,cell
u5_mem_reg\[0\]\[21\],g160077,cell,cell
u5_mem_reg\[0\]\[22\],g212183,cell,cell
u5_mem_reg\[0\]\[22\],g179686,cell,cell
u5_mem_reg\[0\]\[23\],g179688,cell,cell
u5_mem_reg\[0\]\[23\],g158144,cell,cell
u5_mem_reg\[0\]\[24\],g212381,cell,cell
u5_mem_reg\[0\]\[24\],g179693,cell,cell
u5_mem_reg\[0\]\[25\],g179689,cell,cell
u5_mem_reg\[0\]\[25\],g160083,cell,cell
u5_mem_reg\[0\]\[26\],g179695,cell,cell
u5_mem_reg\[0\]\[26\],g171447,cell,cell
u5_mem_reg\[0\]\[27\],g179687,cell,cell
u5_mem_reg\[0\]\[27\],g169903,cell,cell
u5_mem_reg\[0\]\[28\],g179694,cell,cell
u5_mem_reg\[0\]\[28\],g160085,cell,cell
u5_mem_reg\[0\]\[29\],g179664,cell,cell
u5_mem_reg\[0\]\[29\],g160066,cell,cell
u5_mem_reg\[0\]\[2\],g181449,cell,cell
u5_mem_reg\[0\]\[2\],g179691,cell,cell
u5_mem_reg\[0\]\[30\],g219105,cell,cell
u5_mem_reg\[0\]\[30\],g179669,cell,cell
u5_mem_reg\[0\]\[31\],g179670,cell,cell
u5_mem_reg\[0\]\[31\],g170091,cell,cell
u5_mem_reg\[0\]\[3\],g202447,cell,cell
u5_mem_reg\[0\]\[3\],g179682,cell,cell
u5_mem_reg\[0\]\[4\],g215504,cell,cell
u5_mem_reg\[0\]\[4\],g184641,cell,cell
u5_mem_reg\[0\]\[5\],g184625,cell,cell
u5_mem_reg\[0\]\[5\],g179677,cell,cell
u5_mem_reg\[0\]\[6\],g188804,cell,cell
u5_mem_reg\[0\]\[6\],g179684,cell,cell
u5_mem_reg\[0\]\[7\],g184626,cell,cell
u5_mem_reg\[0\]\[7\],g179683,cell,cell
u5_mem_reg\[0\]\[8\],g212119,cell,cell
u5_mem_reg\[0\]\[8\],g179681,cell,cell
u5_mem_reg\[0\]\[9\],g202384,cell,cell
u5_mem_reg\[0\]\[9\],g179679,cell,cell
u5_mem_reg\[1\]\[0\],g205398,cell,cell
u5_mem_reg\[1\]\[0\],g155827,cell,cell
u5_mem_reg\[1\]\[10\],g213853,cell,cell
u5_mem_reg\[1\]\[10\],g192581,cell,cell
u5_mem_reg\[1\]\[11\],g184623,cell,cell
u5_mem_reg\[1\]\[11\],g165640,cell,cell
u5_mem_reg\[1\]\[12\],g205401,cell,cell
u5_mem_reg\[1\]\[12\],g165669,cell,cell
u5_mem_reg\[1\]\[13\],g184634,cell,cell
u5_mem_reg\[1\]\[13\],g165727,cell,cell
u5_mem_reg\[1\]\[14\],g188542,cell,cell
u5_mem_reg\[1\]\[14\],g165378,cell,cell
u5_mem_reg\[1\]\[15\],g216620,cell,cell
u5_mem_reg\[1\]\[15\],g165407,cell,cell
u5_mem_reg\[1\]\[16\],g205399,cell,cell
u5_mem_reg\[1\]\[16\],g165755,cell,cell
u5_mem_reg\[1\]\[17\],g205411,cell,cell
u5_mem_reg\[1\]\[17\],g165784,cell,cell
u5_mem_reg\[1\]\[18\],g50,cell,cell
u5_mem_reg\[1\]\[18\],g165807,cell,cell
u5_mem_reg\[1\]\[19\],g87,cell,cell
u5_mem_reg\[1\]\[19\],g165834,cell,cell
u5_mem_reg\[1\]\[1\],g205400,cell,cell
u5_mem_reg\[1\]\[1\],g155828,cell,cell
u5_mem_reg\[1\]\[20\],g165861,cell,cell
u5_mem_reg\[1\]\[20\],g160089,cell,cell
u5_mem_reg\[1\]\[21\],g165890,cell,cell
u5_mem_reg\[1\]\[21\],g160091,cell,cell
u5_mem_reg\[1\]\[22\],g213841,cell,cell
u5_mem_reg\[1\]\[22\],g212183,cell,cell
u5_mem_reg\[1\]\[23\],g165945,cell,cell
u5_mem_reg\[1\]\[23\],g158144,cell,cell
u5_mem_reg\[1\]\[24\],g212380,cell,cell
u5_mem_reg\[1\]\[24\],g166049,cell,cell
u5_mem_reg\[1\]\[25\],g166075,cell,cell
u5_mem_reg\[1\]\[25\],g160099,cell,cell
u5_mem_reg\[1\]\[26\],g171448,cell,cell
u5_mem_reg\[1\]\[26\],g166100,cell,cell
u5_mem_reg\[1\]\[27\],g169903,cell,cell
u5_mem_reg\[1\]\[27\],g166126,cell,cell
u5_mem_reg\[1\]\[28\],g166000,cell,cell
u5_mem_reg\[1\]\[28\],g159412,cell,cell
u5_mem_reg\[1\]\[29\],g166291,cell,cell
u5_mem_reg\[1\]\[29\],g159394,cell,cell
u5_mem_reg\[1\]\[2\],g205397,cell,cell
u5_mem_reg\[1\]\[2\],g165467,cell,cell
u5_mem_reg\[1\]\[30\],g219105,cell,cell
u5_mem_reg\[1\]\[30\],g166272,cell,cell
u5_mem_reg\[1\]\[31\],g170091,cell,cell
u5_mem_reg\[1\]\[31\],g165974,cell,cell
u5_mem_reg\[1\]\[3\],g205396,cell,cell
u5_mem_reg\[1\]\[3\],g165496,cell,cell
u5_mem_reg\[1\]\[4\],g215505,cell,cell
u5_mem_reg\[1\]\[4\],g184641,cell,cell
u5_mem_reg\[1\]\[5\],g184625,cell,cell
u5_mem_reg\[1\]\[5\],g165698,cell,cell
u5_mem_reg\[1\]\[6\],g188804,cell,cell
u5_mem_reg\[1\]\[6\],g165350,cell,cell
u5_mem_reg\[1\]\[7\],g184626,cell,cell
u5_mem_reg\[1\]\[7\],g165437,cell,cell
u5_mem_reg\[1\]\[8\],g212119,cell,cell
u5_mem_reg\[1\]\[8\],g165525,cell,cell
u5_mem_reg\[1\]\[9\],g205410,cell,cell
u5_mem_reg\[1\]\[9\],g165582,cell,cell
u5_mem_reg\[2\]\[0\],g166531,cell,cell
u5_mem_reg\[2\]\[0\],g158559,cell,cell
u5_mem_reg\[2\]\[10\],g213860,cell,cell
u5_mem_reg\[2\]\[10\],g205408,cell,cell
u5_mem_reg\[2\]\[11\],g205407,cell,cell
u5_mem_reg\[2\]\[11\],g165647,cell,cell
u5_mem_reg\[2\]\[12\],g165676,cell,cell
u5_mem_reg\[2\]\[12\],g164047,cell,cell
u5_mem_reg\[2\]\[13\],g205415,cell,cell
u5_mem_reg\[2\]\[13\],g165733,cell,cell
u5_mem_reg\[2\]\[14\],g205413,cell,cell
u5_mem_reg\[2\]\[14\],g165385,cell,cell
u5_mem_reg\[2\]\[15\],g205406,cell,cell
u5_mem_reg\[2\]\[15\],g165414,cell,cell
u5_mem_reg\[2\]\[16\],g212935,cell,cell
u5_mem_reg\[2\]\[16\],g165762,cell,cell
u5_mem_reg\[2\]\[17\],g168968,cell,cell
u5_mem_reg\[2\]\[17\],g165790,cell,cell
u5_mem_reg\[2\]\[18\],g165813,cell,cell
u5_mem_reg\[2\]\[18\],g164049,cell,cell
u5_mem_reg\[2\]\[19\],g205405,cell,cell
u5_mem_reg\[2\]\[19\],g165840,cell,cell
u5_mem_reg\[2\]\[1\],g202272,cell,cell
u5_mem_reg\[2\]\[1\],g166504,cell,cell
u5_mem_reg\[2\]\[20\],g165868,cell,cell
u5_mem_reg\[2\]\[20\],g160079,cell,cell
u5_mem_reg\[2\]\[21\],g165895,cell,cell
u5_mem_reg\[2\]\[21\],g160075,cell,cell
u5_mem_reg\[2\]\[22\],g165922,cell,cell
u5_mem_reg\[2\]\[22\],g158072,cell,cell
u5_mem_reg\[2\]\[23\],g165951,cell,cell
u5_mem_reg\[2\]\[23\],g158073,cell,cell
u5_mem_reg\[2\]\[24\],g166055,cell,cell
u5_mem_reg\[2\]\[24\],g158074,cell,cell
u5_mem_reg\[2\]\[25\],g166081,cell,cell
u5_mem_reg\[2\]\[25\],g158075,cell,cell
u5_mem_reg\[2\]\[26\],g166106,cell,cell
u5_mem_reg\[2\]\[26\],g158083,cell,cell
u5_mem_reg\[2\]\[27\],g166132,cell,cell
u5_mem_reg\[2\]\[27\],g158076,cell,cell
u5_mem_reg\[2\]\[28\],g166006,cell,cell
u5_mem_reg\[2\]\[28\],g160087,cell,cell
u5_mem_reg\[2\]\[29\],g207468,cell,cell
u5_mem_reg\[2\]\[29\],g166300,cell,cell
u5_mem_reg\[2\]\[2\],g181449,cell,cell
u5_mem_reg\[2\]\[2\],g165474,cell,cell
u5_mem_reg\[2\]\[30\],g219107,cell,cell
u5_mem_reg\[2\]\[30\],g166262,cell,cell
u5_mem_reg\[2\]\[31\],g170092,cell,cell
u5_mem_reg\[2\]\[31\],g165965,cell,cell
u5_mem_reg\[2\]\[3\],g202447,cell,cell
u5_mem_reg\[2\]\[3\],g165503,cell,cell
u5_mem_reg\[2\]\[4\],g215506,cell,cell
u5_mem_reg\[2\]\[4\],g205416,cell,cell
u5_mem_reg\[2\]\[5\],g205404,cell,cell
u5_mem_reg\[2\]\[5\],g165705,cell,cell
u5_mem_reg\[2\]\[6\],g205412,cell,cell
u5_mem_reg\[2\]\[6\],g165356,cell,cell
u5_mem_reg\[2\]\[7\],g205403,cell,cell
u5_mem_reg\[2\]\[7\],g165444,cell,cell
u5_mem_reg\[2\]\[8\],g212120,cell,cell
u5_mem_reg\[2\]\[8\],g165532,cell,cell
u5_mem_reg\[2\]\[9\],g202384,cell,cell
u5_mem_reg\[2\]\[9\],g165593,cell,cell
u5_mem_reg\[3\]\[0\],g205398,cell,cell
u5_mem_reg\[3\]\[0\],g155631,cell,cell
u5_mem_reg\[3\]\[10\],g205408,cell,cell
u5_mem_reg\[3\]\[10\],g165546,cell,cell
u5_mem_reg\[3\]\[11\],g205407,cell,cell
u5_mem_reg\[3\]\[11\],g165633,cell,cell
u5_mem_reg\[3\]\[12\],g205401,cell,cell
u5_mem_reg\[3\]\[12\],g165662,cell,cell
u5_mem_reg\[3\]\[13\],g205415,cell,cell
u5_mem_reg\[3\]\[13\],g165722,cell,cell
u5_mem_reg\[3\]\[14\],g205413,cell,cell
u5_mem_reg\[3\]\[14\],g165371,cell,cell
u5_mem_reg\[3\]\[15\],g205406,cell,cell
u5_mem_reg\[3\]\[15\],g165400,cell,cell
u5_mem_reg\[3\]\[16\],g205399,cell,cell
u5_mem_reg\[3\]\[16\],g166717,cell,cell
u5_mem_reg\[3\]\[17\],g205411,cell,cell
u5_mem_reg\[3\]\[17\],g166714,cell,cell
u5_mem_reg\[3\]\[18\],g50,cell,cell
u5_mem_reg\[3\]\[18\],g166732,cell,cell
u5_mem_reg\[3\]\[19\],g205405,cell,cell
u5_mem_reg\[3\]\[19\],g166731,cell,cell
u5_mem_reg\[3\]\[1\],g205400,cell,cell
u5_mem_reg\[3\]\[1\],g155632,cell,cell
u5_mem_reg\[3\]\[20\],g166730,cell,cell
u5_mem_reg\[3\]\[20\],g158292,cell,cell
u5_mem_reg\[3\]\[21\],g166729,cell,cell
u5_mem_reg\[3\]\[21\],g158283,cell,cell
u5_mem_reg\[3\]\[22\],g166728,cell,cell
u5_mem_reg\[3\]\[22\],g158072,cell,cell
u5_mem_reg\[3\]\[23\],g166727,cell,cell
u5_mem_reg\[3\]\[23\],g158073,cell,cell
u5_mem_reg\[3\]\[24\],g166726,cell,cell
u5_mem_reg\[3\]\[24\],g158074,cell,cell
u5_mem_reg\[3\]\[25\],g166725,cell,cell
u5_mem_reg\[3\]\[25\],g158075,cell,cell
u5_mem_reg\[3\]\[26\],g166724,cell,cell
u5_mem_reg\[3\]\[26\],g158083,cell,cell
u5_mem_reg\[3\]\[27\],g158076,cell,cell
u5_mem_reg\[3\]\[27\],g155658,cell,cell
u5_mem_reg\[3\]\[28\],g172218,cell,cell
u5_mem_reg\[3\]\[28\],g166723,cell,cell
u5_mem_reg\[3\]\[29\],g207470,cell,cell
u5_mem_reg\[3\]\[29\],g166722,cell,cell
u5_mem_reg\[3\]\[2\],g205397,cell,cell
u5_mem_reg\[3\]\[2\],g165461,cell,cell
u5_mem_reg\[3\]\[30\],g219107,cell,cell
u5_mem_reg\[3\]\[30\],g166721,cell,cell
u5_mem_reg\[3\]\[31\],g170092,cell,cell
u5_mem_reg\[3\]\[31\],g166720,cell,cell
u5_mem_reg\[3\]\[3\],g205396,cell,cell
u5_mem_reg\[3\]\[3\],g165490,cell,cell
u5_mem_reg\[3\]\[4\],g214960,cell,cell
u5_mem_reg\[3\]\[4\],g205416,cell,cell
u5_mem_reg\[3\]\[5\],g205404,cell,cell
u5_mem_reg\[3\]\[5\],g165694,cell,cell
u5_mem_reg\[3\]\[6\],g205412,cell,cell
u5_mem_reg\[3\]\[6\],g165344,cell,cell
u5_mem_reg\[3\]\[7\],g205403,cell,cell
u5_mem_reg\[3\]\[7\],g165433,cell,cell
u5_mem_reg\[3\]\[8\],g212120,cell,cell
u5_mem_reg\[3\]\[8\],g165519,cell,cell
u5_mem_reg\[3\]\[9\],g205410,cell,cell
u5_mem_reg\[3\]\[9\],g165577,cell,cell
u5_rp_reg\[0\],g205409,cell,cell
u5_rp_reg\[0\],g182917,cell,cell
u5_rp_reg\[0\],g173875,cell,cell
u5_rp_reg\[0\],g159311,cell,cell
u5_rp_reg\[0\],g1359,cell,cell
u5_rp_reg\[1\],g205395,cell,cell
u5_rp_reg\[1\],g184622,cell,cell
u5_rp_reg\[1\],g164038,cell,cell
u5_rp_reg\[1\],fopt164037,cell,cell
u5_rp_reg\[2\],g212933,cell,cell
u5_rp_reg\[2\],g205395,cell,cell
u5_rp_reg\[2\],g164038,cell,cell
u5_rp_reg\[2\],fopt169192,cell,cell
u5_rp_reg\[3\],g66,cell,cell
u5_rp_reg\[3\],g205402,cell,cell
u5_rp_reg\[3\],g159659,cell,cell
u5_rp_reg\[3\],g153975__213703,cell,cell
u5_wp_reg\[0\],g184752,cell,cell
u5_wp_reg\[0\],g179667,cell,cell
u5_wp_reg\[0\],g173872,cell,cell
u5_wp_reg\[0\],g159727,cell,cell
u5_wp_reg\[0\],g159724,cell,cell
u5_wp_reg\[0\],g13,cell,cell
u5_wp_reg\[1\],g179663,cell,cell
u5_wp_reg\[2\],g187654,cell,cell
u5_wp_reg\[2\],g184517,cell,cell
u5_wp_reg\[2\],g166719,cell,cell
u5_wp_reg\[2\],g159293,cell,cell
u5_wp_reg\[2\],g156970,cell,cell
u6_mem_reg\[0\]\[0\],g224475,cell,cell
u6_mem_reg\[0\]\[0\],g166538,cell,cell
u6_mem_reg\[0\]\[10\],g224465,cell,cell
u6_mem_reg\[0\]\[10\],g213862,cell,cell
u6_mem_reg\[0\]\[11\],g224471,cell,cell
u6_mem_reg\[0\]\[11\],g165638,cell,cell
u6_mem_reg\[0\]\[12\],g224467,cell,cell
u6_mem_reg\[0\]\[12\],g165667,cell,cell
u6_mem_reg\[0\]\[13\],g224478,cell,cell
u6_mem_reg\[0\]\[13\],g165725,cell,cell
u6_mem_reg\[0\]\[14\],g224477,cell,cell
u6_mem_reg\[0\]\[14\],g165375,cell,cell
u6_mem_reg\[0\]\[15\],g224472,cell,cell
u6_mem_reg\[0\]\[15\],g165405,cell,cell
u6_mem_reg\[0\]\[16\],g224480,cell,cell
u6_mem_reg\[0\]\[16\],g165752,cell,cell
u6_mem_reg\[0\]\[17\],g224464,cell,cell
u6_mem_reg\[0\]\[17\],g165779,cell,cell
u6_mem_reg\[0\]\[18\],g224463,cell,cell
u6_mem_reg\[0\]\[18\],g165805,cell,cell
u6_mem_reg\[0\]\[19\],g224468,cell,cell
u6_mem_reg\[0\]\[19\],g165832,cell,cell
u6_mem_reg\[0\]\[1\],g224474,cell,cell
u6_mem_reg\[0\]\[1\],g166512,cell,cell
u6_mem_reg\[0\]\[20\],g165860,cell,cell
u6_mem_reg\[0\]\[20\],g158171,cell,cell
u6_mem_reg\[0\]\[21\],g188958,cell,cell
u6_mem_reg\[0\]\[21\],g165887,cell,cell
u6_mem_reg\[0\]\[22\],g213837,cell,cell
u6_mem_reg\[0\]\[22\],g176065,cell,cell
u6_mem_reg\[0\]\[23\],g165940,cell,cell
u6_mem_reg\[0\]\[23\],g158174,cell,cell
u6_mem_reg\[0\]\[24\],g224743,cell,cell
u6_mem_reg\[0\]\[24\],g166043,cell,cell
u6_mem_reg\[0\]\[25\],g224208,cell,cell
u6_mem_reg\[0\]\[25\],g166071,cell,cell
u6_mem_reg\[0\]\[26\],g189110,cell,cell
u6_mem_reg\[0\]\[26\],g166096,cell,cell
u6_mem_reg\[0\]\[27\],g166122,cell,cell
u6_mem_reg\[0\]\[27\],g158177,cell,cell
u6_mem_reg\[0\]\[28\],g310,cell,cell
u6_mem_reg\[0\]\[28\],g165996,cell,cell
u6_mem_reg\[0\]\[29\],g183378,cell,cell
u6_mem_reg\[0\]\[29\],g166290,cell,cell
u6_mem_reg\[0\]\[2\],g224473,cell,cell
u6_mem_reg\[0\]\[2\],g165465,cell,cell
u6_mem_reg\[0\]\[30\],g166270,cell,cell
u6_mem_reg\[0\]\[30\],g158179,cell,cell
u6_mem_reg\[0\]\[31\],g165969,cell,cell
u6_mem_reg\[0\]\[31\],g158180,cell,cell
u6_mem_reg\[0\]\[3\],g224479,cell,cell
u6_mem_reg\[0\]\[3\],g165493,cell,cell
u6_mem_reg\[0\]\[4\],g224481,cell,cell
u6_mem_reg\[0\]\[4\],g215503,cell,cell
u6_mem_reg\[0\]\[5\],g224466,cell,cell
u6_mem_reg\[0\]\[5\],g165690,cell,cell
u6_mem_reg\[0\]\[6\],g224469,cell,cell
u6_mem_reg\[0\]\[6\],g165346,cell,cell
u6_mem_reg\[0\]\[7\],g224470,cell,cell
u6_mem_reg\[0\]\[7\],g165435,cell,cell
u6_mem_reg\[0\]\[8\],g224461,cell,cell
u6_mem_reg\[0\]\[8\],g165522,cell,cell
u6_mem_reg\[0\]\[9\],g224476,cell,cell
u6_mem_reg\[0\]\[9\],g165574,cell,cell
u6_mem_reg\[1\]\[0\],g224475,cell,cell
u6_mem_reg\[1\]\[0\],g169540,cell,cell
u6_mem_reg\[1\]\[10\],g224465,cell,cell
u6_mem_reg\[1\]\[10\],g165555,cell,cell
u6_mem_reg\[1\]\[11\],g224471,cell,cell
u6_mem_reg\[1\]\[11\],g165642,cell,cell
u6_mem_reg\[1\]\[12\],g198572,cell,cell
u6_mem_reg\[1\]\[12\],g165671,cell,cell
u6_mem_reg\[1\]\[13\],g224478,cell,cell
u6_mem_reg\[1\]\[13\],g169549,cell,cell
u6_mem_reg\[1\]\[14\],g224477,cell,cell
u6_mem_reg\[1\]\[14\],g165380,cell,cell
u6_mem_reg\[1\]\[15\],g224472,cell,cell
u6_mem_reg\[1\]\[15\],g165409,cell,cell
u6_mem_reg\[1\]\[16\],g224480,cell,cell
u6_mem_reg\[1\]\[16\],g165757,cell,cell
u6_mem_reg\[1\]\[17\],g224464,cell,cell
u6_mem_reg\[1\]\[17\],g169550,cell,cell
u6_mem_reg\[1\]\[18\],g198570,cell,cell
u6_mem_reg\[1\]\[18\],g169551,cell,cell
u6_mem_reg\[1\]\[19\],g198590,cell,cell
u6_mem_reg\[1\]\[19\],g169552,cell,cell
u6_mem_reg\[1\]\[1\],g224474,cell,cell
u6_mem_reg\[1\]\[1\],g169555,cell,cell
u6_mem_reg\[1\]\[20\],g165864,cell,cell
u6_mem_reg\[1\]\[20\],g158131,cell,cell
u6_mem_reg\[1\]\[21\],g188956,cell,cell
u6_mem_reg\[1\]\[21\],g169553,cell,cell
u6_mem_reg\[1\]\[22\],g165918,cell,cell
u6_mem_reg\[1\]\[22\],g158139,cell,cell
u6_mem_reg\[1\]\[23\],g165947,cell,cell
u6_mem_reg\[1\]\[23\],g158129,cell,cell
u6_mem_reg\[1\]\[24\],g171452,cell,cell
u6_mem_reg\[1\]\[24\],g166051,cell,cell
u6_mem_reg\[1\]\[25\],g224211,cell,cell
u6_mem_reg\[1\]\[25\],g223942,cell,cell
u6_mem_reg\[1\]\[26\],g176883,cell,cell
u6_mem_reg\[1\]\[26\],g166102,cell,cell
u6_mem_reg\[1\]\[27\],g172285,cell,cell
u6_mem_reg\[1\]\[27\],g166128,cell,cell
u6_mem_reg\[1\]\[28\],g166002,cell,cell
u6_mem_reg\[1\]\[28\],g158135,cell,cell
u6_mem_reg\[1\]\[29\],g183375,cell,cell
u6_mem_reg\[1\]\[29\],g166297,cell,cell
u6_mem_reg\[1\]\[2\],g224473,cell,cell
u6_mem_reg\[1\]\[2\],g169543,cell,cell
u6_mem_reg\[1\]\[30\],g166275,cell,cell
u6_mem_reg\[1\]\[30\],g158136,cell,cell
u6_mem_reg\[1\]\[31\],g165976,cell,cell
u6_mem_reg\[1\]\[31\],g158137,cell,cell
u6_mem_reg\[1\]\[3\],g224479,cell,cell
u6_mem_reg\[1\]\[3\],g169544,cell,cell
u6_mem_reg\[1\]\[4\],g222523,cell,cell
u6_mem_reg\[1\]\[4\],g214943,cell,cell
u6_mem_reg\[1\]\[5\],g198579,cell,cell
u6_mem_reg\[1\]\[5\],g169548,cell,cell
u6_mem_reg\[1\]\[6\],g198574,cell,cell
u6_mem_reg\[1\]\[6\],g169541,cell,cell
u6_mem_reg\[1\]\[7\],g198580,cell,cell
u6_mem_reg\[1\]\[7\],g169542,cell,cell
u6_mem_reg\[1\]\[8\],g224461,cell,cell
u6_mem_reg\[1\]\[8\],g169545,cell,cell
u6_mem_reg\[1\]\[9\],g224476,cell,cell
u6_mem_reg\[1\]\[9\],g169546,cell,cell
u6_mem_reg\[2\]\[0\],g216466,cell,cell
u6_mem_reg\[2\]\[0\],g169156,cell,cell
u6_mem_reg\[2\]\[10\],g216467,cell,cell
u6_mem_reg\[2\]\[10\],g197647,cell,cell
u6_mem_reg\[2\]\[11\],g216480,cell,cell
u6_mem_reg\[2\]\[11\],g167533,cell,cell
u6_mem_reg\[2\]\[12\],g224467,cell,cell
u6_mem_reg\[2\]\[12\],g216476,cell,cell
u6_mem_reg\[2\]\[13\],g216478,cell,cell
u6_mem_reg\[2\]\[13\],g211398,cell,cell
u6_mem_reg\[2\]\[14\],g216453,cell,cell
u6_mem_reg\[2\]\[14\],g197695,cell,cell
u6_mem_reg\[2\]\[15\],g216464,cell,cell
u6_mem_reg\[2\]\[15\],g181507,cell,cell
u6_mem_reg\[2\]\[16\],g216470,cell,cell
u6_mem_reg\[2\]\[16\],g199218,cell,cell
u6_mem_reg\[2\]\[17\],g216709,cell,cell
u6_mem_reg\[2\]\[17\],g216481,cell,cell
u6_mem_reg\[2\]\[18\],g224463,cell,cell
u6_mem_reg\[2\]\[18\],g216451,cell,cell
u6_mem_reg\[2\]\[19\],g224468,cell,cell
u6_mem_reg\[2\]\[19\],g216465,cell,cell
u6_mem_reg\[2\]\[1\],g223597,cell,cell
u6_mem_reg\[2\]\[1\],g173927,cell,cell
u6_mem_reg\[2\]\[20\],g216463,cell,cell
u6_mem_reg\[2\]\[20\],g158171,cell,cell
u6_mem_reg\[2\]\[21\],g216461,cell,cell
u6_mem_reg\[2\]\[21\],g188958,cell,cell
u6_mem_reg\[2\]\[22\],g216482,cell,cell
u6_mem_reg\[2\]\[22\],g176065,cell,cell
u6_mem_reg\[2\]\[23\],g216454,cell,cell
u6_mem_reg\[2\]\[23\],g158174,cell,cell
u6_mem_reg\[2\]\[24\],g224743,cell,cell
u6_mem_reg\[2\]\[24\],g216462,cell,cell
u6_mem_reg\[2\]\[25\],g224208,cell,cell
u6_mem_reg\[2\]\[25\],g216458,cell,cell
u6_mem_reg\[2\]\[26\],g216474,cell,cell
u6_mem_reg\[2\]\[26\],g189110,cell,cell
u6_mem_reg\[2\]\[27\],g216457,cell,cell
u6_mem_reg\[2\]\[27\],g158177,cell,cell
u6_mem_reg\[2\]\[28\],g310,cell,cell
u6_mem_reg\[2\]\[28\],g216455,cell,cell
u6_mem_reg\[2\]\[29\],g216473,cell,cell
u6_mem_reg\[2\]\[29\],g183378,cell,cell
u6_mem_reg\[2\]\[2\],g216468,cell,cell
u6_mem_reg\[2\]\[2\],g188350,cell,cell
u6_mem_reg\[2\]\[30\],g216460,cell,cell
u6_mem_reg\[2\]\[30\],g158179,cell,cell
u6_mem_reg\[2\]\[31\],g216477,cell,cell
u6_mem_reg\[2\]\[31\],g158180,cell,cell
u6_mem_reg\[2\]\[3\],g216472,cell,cell
u6_mem_reg\[2\]\[3\],g167537,cell,cell
u6_mem_reg\[2\]\[4\],g224481,cell,cell
u6_mem_reg\[2\]\[4\],g216448,cell,cell
u6_mem_reg\[2\]\[5\],g224466,cell,cell
u6_mem_reg\[2\]\[5\],g216456,cell,cell
u6_mem_reg\[2\]\[6\],g224469,cell,cell
u6_mem_reg\[2\]\[6\],g216475,cell,cell
u6_mem_reg\[2\]\[7\],g224470,cell,cell
u6_mem_reg\[2\]\[7\],g216479,cell,cell
u6_mem_reg\[2\]\[8\],g216469,cell,cell
u6_mem_reg\[2\]\[8\],g167520,cell,cell
u6_mem_reg\[2\]\[9\],g216471,cell,cell
u6_mem_reg\[2\]\[9\],g159,cell,cell
u6_mem_reg\[3\]\[0\],g195072,cell,cell
u6_mem_reg\[3\]\[0\],g169156,cell,cell
u6_mem_reg\[3\]\[10\],g213855,cell,cell
u6_mem_reg\[3\]\[10\],g197647,cell,cell
u6_mem_reg\[3\]\[11\],g195056,cell,cell
u6_mem_reg\[3\]\[11\],g167533,cell,cell
u6_mem_reg\[3\]\[12\],g222985,cell,cell
u6_mem_reg\[3\]\[12\],g198572,cell,cell
u6_mem_reg\[3\]\[13\],g211398,cell,cell
u6_mem_reg\[3\]\[13\],g199637,cell,cell
u6_mem_reg\[3\]\[14\],g208588,cell,cell
u6_mem_reg\[3\]\[14\],g197695,cell,cell
u6_mem_reg\[3\]\[15\],g196865,cell,cell
u6_mem_reg\[3\]\[15\],g181507,cell,cell
u6_mem_reg\[3\]\[16\],g199218,cell,cell
u6_mem_reg\[3\]\[16\],g176269,cell,cell
u6_mem_reg\[3\]\[17\],g216709,cell,cell
u6_mem_reg\[3\]\[17\],g178753,cell,cell
u6_mem_reg\[3\]\[18\],g198570,cell,cell
u6_mem_reg\[3\]\[18\],g178752,cell,cell
u6_mem_reg\[3\]\[19\],g198590,cell,cell
u6_mem_reg\[3\]\[19\],g178751,cell,cell
u6_mem_reg\[3\]\[1\],g173927,cell,cell
u6_mem_reg\[3\]\[1\],g166878,cell,cell
u6_mem_reg\[3\]\[20\],g178750,cell,cell
u6_mem_reg\[3\]\[20\],g158131,cell,cell
u6_mem_reg\[3\]\[21\],g188956,cell,cell
u6_mem_reg\[3\]\[21\],g182412,cell,cell
u6_mem_reg\[3\]\[22\],g182413,cell,cell
u6_mem_reg\[3\]\[22\],g158139,cell,cell
u6_mem_reg\[3\]\[23\],g182414,cell,cell
u6_mem_reg\[3\]\[23\],g158129,cell,cell
u6_mem_reg\[3\]\[24\],g197522,cell,cell
u6_mem_reg\[3\]\[24\],g171452,cell,cell
u6_mem_reg\[3\]\[25\],g224211,cell,cell
u6_mem_reg\[3\]\[25\],g197487,cell,cell
u6_mem_reg\[3\]\[26\],g176883,cell,cell
u6_mem_reg\[3\]\[26\],g173519,cell,cell
u6_mem_reg\[3\]\[27\],g212247,cell,cell
u6_mem_reg\[3\]\[27\],g172285,cell,cell
u6_mem_reg\[3\]\[28\],g176537,cell,cell
u6_mem_reg\[3\]\[28\],g158135,cell,cell
u6_mem_reg\[3\]\[29\],g183375,cell,cell
u6_mem_reg\[3\]\[29\],g173512,cell,cell
u6_mem_reg\[3\]\[2\],g222537,cell,cell
u6_mem_reg\[3\]\[2\],g188350,cell,cell
u6_mem_reg\[3\]\[30\],g173513,cell,cell
u6_mem_reg\[3\]\[30\],g158136,cell,cell
u6_mem_reg\[3\]\[31\],g173515,cell,cell
u6_mem_reg\[3\]\[31\],g158137,cell,cell
u6_mem_reg\[3\]\[3\],g195965,cell,cell
u6_mem_reg\[3\]\[3\],g167537,cell,cell
u6_mem_reg\[3\]\[4\],g222523,cell,cell
u6_mem_reg\[3\]\[4\],g215498,cell,cell
u6_mem_reg\[3\]\[5\],g198579,cell,cell
u6_mem_reg\[3\]\[5\],g195068,cell,cell
u6_mem_reg\[3\]\[6\],g222740,cell,cell
u6_mem_reg\[3\]\[6\],g198574,cell,cell
u6_mem_reg\[3\]\[7\],g209203,cell,cell
u6_mem_reg\[3\]\[7\],g198580,cell,cell
u6_mem_reg\[3\]\[8\],g195063,cell,cell
u6_mem_reg\[3\]\[8\],g167520,cell,cell
u6_mem_reg\[3\]\[9\],g195458,cell,cell
u6_mem_reg\[3\]\[9\],g159,cell,cell
u6_rp_reg\[0\],u6_rp_reg\[0\],cell,cell
u6_rp_reg\[0\],g189095,cell,cell
u6_rp_reg\[0\],g173089,cell,cell
u6_rp_reg\[0\],g167685,cell,cell
u6_rp_reg\[0\],g167534,cell,cell
u6_rp_reg\[0\],g160156,cell,cell
u6_rp_reg\[1\],g222524,cell,cell
u6_rp_reg\[1\],g192138,cell,cell
u6_rp_reg\[1\],fopt224459,cell,cell
u6_rp_reg\[2\],g223484,cell,cell
u6_rp_reg\[2\],g192138,cell,cell
u6_rp_reg\[2\],fopt224460,cell,cell
u6_rp_reg\[3\],g61,cell,cell
u6_rp_reg\[3\],g167528,cell,cell
u6_rp_reg\[3\],g159645,cell,cell
u6_wp_reg\[0\],g223449,cell,cell
u6_wp_reg\[0\],g216236,cell,cell
u6_wp_reg\[0\],g198076,cell,cell
u6_wp_reg\[0\],fopt174832,cell,cell
u6_wp_reg\[0\],fopt174830,cell,cell
u6_wp_reg\[0\],fopt173279,cell,cell
u6_wp_reg\[1\],fopt178207,cell,cell
u6_wp_reg\[1\],fopt178204,cell,cell
u6_wp_reg\[2\],g279,cell,cell
u6_wp_reg\[2\],g223714,cell,cell
u6_wp_reg\[2\],g190134,cell,cell
u6_wp_reg\[2\],g159306,cell,cell
u6_wp_reg\[2\],g156971,cell,cell
u7_mem_reg\[0\]\[0\],g200850,cell,cell
u7_mem_reg\[0\]\[0\],g167858,cell,cell
u7_mem_reg\[0\]\[10\],g213863,cell,cell
u7_mem_reg\[0\]\[10\],g200848,cell,cell
u7_mem_reg\[0\]\[11\],g200844,cell,cell
u7_mem_reg\[0\]\[11\],g167884,cell,cell
u7_mem_reg\[0\]\[12\],g167883,cell,cell
u7_mem_reg\[0\]\[12\],g162904,cell,cell
u7_mem_reg\[0\]\[13\],g204762,cell,cell
u7_mem_reg\[0\]\[13\],g167869,cell,cell
u7_mem_reg\[0\]\[14\],g186857,cell,cell
u7_mem_reg\[0\]\[14\],g167874,cell,cell
u7_mem_reg\[0\]\[15\],g167873,cell,cell
u7_mem_reg\[0\]\[15\],g162906,cell,cell
u7_mem_reg\[0\]\[16\],g200839,cell,cell
u7_mem_reg\[0\]\[16\],g167868,cell,cell
u7_mem_reg\[0\]\[17\],g200852,cell,cell
u7_mem_reg\[0\]\[17\],g167867,cell,cell
u7_mem_reg\[0\]\[18\],g200847,cell,cell
u7_mem_reg\[0\]\[18\],g167866,cell,cell
u7_mem_reg\[0\]\[19\],g200840,cell,cell
u7_mem_reg\[0\]\[19\],g167865,cell,cell
u7_mem_reg\[0\]\[1\],g205420,cell,cell
u7_mem_reg\[0\]\[1\],g167860,cell,cell
u7_mem_reg\[0\]\[20\],g212430,cell,cell
u7_mem_reg\[0\]\[20\],g167882,cell,cell
u7_mem_reg\[0\]\[21\],g167864,cell,cell
u7_mem_reg\[0\]\[21\],g163917,cell,cell
u7_mem_reg\[0\]\[22\],g213847,cell,cell
u7_mem_reg\[0\]\[22\],g162845,cell,cell
u7_mem_reg\[0\]\[23\],g212434,cell,cell
u7_mem_reg\[0\]\[23\],g167863,cell,cell
u7_mem_reg\[0\]\[24\],g184505,cell,cell
u7_mem_reg\[0\]\[24\],g167861,cell,cell
u7_mem_reg\[0\]\[25\],g178030,cell,cell
u7_mem_reg\[0\]\[25\],g167879,cell,cell
u7_mem_reg\[0\]\[26\],g184506,cell,cell
u7_mem_reg\[0\]\[26\],g167878,cell,cell
u7_mem_reg\[0\]\[27\],g176222,cell,cell
u7_mem_reg\[0\]\[27\],g167877,cell,cell
u7_mem_reg\[0\]\[28\],g212202,cell,cell
u7_mem_reg\[0\]\[28\],g167880,cell,cell
u7_mem_reg\[0\]\[29\],g311,cell,cell
u7_mem_reg\[0\]\[29\],g167875,cell,cell
u7_mem_reg\[0\]\[2\],g200833,cell,cell
u7_mem_reg\[0\]\[2\],g167888,cell,cell
u7_mem_reg\[0\]\[30\],g176216,cell,cell
u7_mem_reg\[0\]\[30\],g167876,cell,cell
u7_mem_reg\[0\]\[31\],g180566,cell,cell
u7_mem_reg\[0\]\[31\],g167862,cell,cell
u7_mem_reg\[0\]\[3\],g200836,cell,cell
u7_mem_reg\[0\]\[3\],g167887,cell,cell
u7_mem_reg\[0\]\[4\],g214946,cell,cell
u7_mem_reg\[0\]\[4\],g158886,cell,cell
u7_mem_reg\[0\]\[5\],g186861,cell,cell
u7_mem_reg\[0\]\[5\],g167870,cell,cell
u7_mem_reg\[0\]\[6\],g186670,cell,cell
u7_mem_reg\[0\]\[6\],g167890,cell,cell
u7_mem_reg\[0\]\[7\],g167889,cell,cell
u7_mem_reg\[0\]\[7\],g162910,cell,cell
u7_mem_reg\[0\]\[8\],g200846,cell,cell
u7_mem_reg\[0\]\[8\],g167872,cell,cell
u7_mem_reg\[0\]\[9\],g200845,cell,cell
u7_mem_reg\[0\]\[9\],g167886,cell,cell
u7_mem_reg\[1\]\[0\],g200148,cell,cell
u7_mem_reg\[1\]\[0\],g184114,cell,cell
u7_mem_reg\[1\]\[10\],g213867,cell,cell
u7_mem_reg\[1\]\[10\],g173773,cell,cell
u7_mem_reg\[1\]\[11\],g200152,cell,cell
u7_mem_reg\[1\]\[11\],g199624,cell,cell
u7_mem_reg\[1\]\[12\],g200154,cell,cell
u7_mem_reg\[1\]\[12\],g162904,cell,cell
u7_mem_reg\[1\]\[13\],g204762,cell,cell
u7_mem_reg\[1\]\[13\],g200165,cell,cell
u7_mem_reg\[1\]\[14\],g200163,cell,cell
u7_mem_reg\[1\]\[14\],g186857,cell,cell
u7_mem_reg\[1\]\[15\],g200156,cell,cell
u7_mem_reg\[1\]\[15\],g162906,cell,cell
u7_mem_reg\[1\]\[16\],g200168,cell,cell
u7_mem_reg\[1\]\[16\],g173765,cell,cell
u7_mem_reg\[1\]\[17\],g200158,cell,cell
u7_mem_reg\[1\]\[17\],g173764,cell,cell
u7_mem_reg\[1\]\[18\],g200151,cell,cell
u7_mem_reg\[1\]\[18\],g173771,cell,cell
u7_mem_reg\[1\]\[19\],g200155,cell,cell
u7_mem_reg\[1\]\[19\],g173763,cell,cell
u7_mem_reg\[1\]\[1\],g205421,cell,cell
u7_mem_reg\[1\]\[1\],g200140,cell,cell
u7_mem_reg\[1\]\[20\],g212430,cell,cell
u7_mem_reg\[1\]\[20\],g200160,cell,cell
u7_mem_reg\[1\]\[21\],g200143,cell,cell
u7_mem_reg\[1\]\[21\],g163917,cell,cell
u7_mem_reg\[1\]\[22\],g213843,cell,cell
u7_mem_reg\[1\]\[22\],g162845,cell,cell
u7_mem_reg\[1\]\[23\],g212434,cell,cell
u7_mem_reg\[1\]\[23\],g200161,cell,cell
u7_mem_reg\[1\]\[24\],g200164,cell,cell
u7_mem_reg\[1\]\[24\],g184505,cell,cell
u7_mem_reg\[1\]\[25\],g200150,cell,cell
u7_mem_reg\[1\]\[25\],g178030,cell,cell
u7_mem_reg\[1\]\[26\],g200166,cell,cell
u7_mem_reg\[1\]\[26\],g184506,cell,cell
u7_mem_reg\[1\]\[27\],g200147,cell,cell
u7_mem_reg\[1\]\[27\],g176222,cell,cell
u7_mem_reg\[1\]\[28\],g212202,cell,cell
u7_mem_reg\[1\]\[28\],g200174,cell,cell
u7_mem_reg\[1\]\[29\],g311,cell,cell
u7_mem_reg\[1\]\[29\],g200145,cell,cell
u7_mem_reg\[1\]\[2\],g200162,cell,cell
u7_mem_reg\[1\]\[2\],g173770,cell,cell
u7_mem_reg\[1\]\[30\],g200149,cell,cell
u7_mem_reg\[1\]\[30\],g176216,cell,cell
u7_mem_reg\[1\]\[31\],g200173,cell,cell
u7_mem_reg\[1\]\[31\],g180566,cell,cell
u7_mem_reg\[1\]\[3\],g200170,cell,cell
u7_mem_reg\[1\]\[3\],g173769,cell,cell
u7_mem_reg\[1\]\[4\],g214952,cell,cell
u7_mem_reg\[1\]\[4\],g175263,cell,cell
u7_mem_reg\[1\]\[5\],g200146,cell,cell
u7_mem_reg\[1\]\[5\],g186861,cell,cell
u7_mem_reg\[1\]\[6\],g200159,cell,cell
u7_mem_reg\[1\]\[6\],g186670,cell,cell
u7_mem_reg\[1\]\[7\],g200157,cell,cell
u7_mem_reg\[1\]\[7\],g162910,cell,cell
u7_mem_reg\[1\]\[8\],g200169,cell,cell
u7_mem_reg\[1\]\[8\],g173774,cell,cell
u7_mem_reg\[1\]\[9\],g200153,cell,cell
u7_mem_reg\[1\]\[9\],g173772,cell,cell
u7_mem_reg\[2\]\[0\],g200850,cell,cell
u7_mem_reg\[2\]\[0\],g166529,cell,cell
u7_mem_reg\[2\]\[10\],g200848,cell,cell
u7_mem_reg\[2\]\[10\],g165563,cell,cell
u7_mem_reg\[2\]\[11\],g200844,cell,cell
u7_mem_reg\[2\]\[11\],g165650,cell,cell
u7_mem_reg\[2\]\[12\],g200838,cell,cell
u7_mem_reg\[2\]\[12\],g165679,cell,cell
u7_mem_reg\[2\]\[13\],g204761,cell,cell
u7_mem_reg\[2\]\[13\],g165736,cell,cell
u7_mem_reg\[2\]\[14\],g211406,cell,cell
u7_mem_reg\[2\]\[14\],g165388,cell,cell
u7_mem_reg\[2\]\[15\],g200832,cell,cell
u7_mem_reg\[2\]\[15\],g165417,cell,cell
u7_mem_reg\[2\]\[16\],g200839,cell,cell
u7_mem_reg\[2\]\[16\],g165765,cell,cell
u7_mem_reg\[2\]\[17\],g200852,cell,cell
u7_mem_reg\[2\]\[17\],g165793,cell,cell
u7_mem_reg\[2\]\[18\],g200847,cell,cell
u7_mem_reg\[2\]\[18\],g165816,cell,cell
u7_mem_reg\[2\]\[19\],g200840,cell,cell
u7_mem_reg\[2\]\[19\],g165843,cell,cell
u7_mem_reg\[2\]\[1\],g205420,cell,cell
u7_mem_reg\[2\]\[1\],g166505,cell,cell
u7_mem_reg\[2\]\[20\],g207382,cell,cell
u7_mem_reg\[2\]\[20\],g165870,cell,cell
u7_mem_reg\[2\]\[21\],g165897,cell,cell
u7_mem_reg\[2\]\[21\],g159435,cell,cell
u7_mem_reg\[2\]\[22\],g213836,cell,cell
u7_mem_reg\[2\]\[22\],g160067,cell,cell
u7_mem_reg\[2\]\[23\],g165953,cell,cell
u7_mem_reg\[2\]\[23\],g159378,cell,cell
u7_mem_reg\[2\]\[24\],g166058,cell,cell
u7_mem_reg\[2\]\[24\],g160084,cell,cell
u7_mem_reg\[2\]\[25\],g189138,cell,cell
u7_mem_reg\[2\]\[25\],g166084,cell,cell
u7_mem_reg\[2\]\[26\],g166110,cell,cell
u7_mem_reg\[2\]\[26\],g160081,cell,cell
u7_mem_reg\[2\]\[27\],g202677,cell,cell
u7_mem_reg\[2\]\[27\],g166135,cell,cell
u7_mem_reg\[2\]\[28\],g202675,cell,cell
u7_mem_reg\[2\]\[28\],g166007,cell,cell
u7_mem_reg\[2\]\[29\],g202673,cell,cell
u7_mem_reg\[2\]\[29\],g166301,cell,cell
u7_mem_reg\[2\]\[2\],g200833,cell,cell
u7_mem_reg\[2\]\[2\],g165476,cell,cell
u7_mem_reg\[2\]\[30\],g202678,cell,cell
u7_mem_reg\[2\]\[30\],g166277,cell,cell
u7_mem_reg\[2\]\[31\],g202676,cell,cell
u7_mem_reg\[2\]\[31\],g165980,cell,cell
u7_mem_reg\[2\]\[3\],g200836,cell,cell
u7_mem_reg\[2\]\[3\],g165506,cell,cell
u7_mem_reg\[2\]\[4\],g215501,cell,cell
u7_mem_reg\[2\]\[4\],g212626,cell,cell
u7_mem_reg\[2\]\[5\],g200841,cell,cell
u7_mem_reg\[2\]\[5\],g165708,cell,cell
u7_mem_reg\[2\]\[6\],g200830,cell,cell
u7_mem_reg\[2\]\[6\],g165359,cell,cell
u7_mem_reg\[2\]\[7\],g200837,cell,cell
u7_mem_reg\[2\]\[7\],g165447,cell,cell
u7_mem_reg\[2\]\[8\],g200846,cell,cell
u7_mem_reg\[2\]\[8\],g165535,cell,cell
u7_mem_reg\[2\]\[9\],g200845,cell,cell
u7_mem_reg\[2\]\[9\],g165590,cell,cell
u7_mem_reg\[3\]\[0\],g184114,cell,cell
u7_mem_reg\[3\]\[0\],g178801,cell,cell
u7_mem_reg\[3\]\[10\],g173773,cell,cell
u7_mem_reg\[3\]\[10\],g155737,cell,cell
u7_mem_reg\[3\]\[11\],g199624,cell,cell
u7_mem_reg\[3\]\[11\],g155738,cell,cell
u7_mem_reg\[3\]\[12\],g200838,cell,cell
u7_mem_reg\[3\]\[12\],g169206,cell,cell
u7_mem_reg\[3\]\[13\],g204761,cell,cell
u7_mem_reg\[3\]\[13\],g155740,cell,cell
u7_mem_reg\[3\]\[14\],g211406,cell,cell
u7_mem_reg\[3\]\[14\],g155741,cell,cell
u7_mem_reg\[3\]\[15\],g200832,cell,cell
u7_mem_reg\[3\]\[15\],g155742,cell,cell
u7_mem_reg\[3\]\[16\],g188520,cell,cell
u7_mem_reg\[3\]\[16\],g173765,cell,cell
u7_mem_reg\[3\]\[17\],g173764,cell,cell
u7_mem_reg\[3\]\[17\],g155744,cell,cell
u7_mem_reg\[3\]\[18\],g173771,cell,cell
u7_mem_reg\[3\]\[18\],g155745,cell,cell
u7_mem_reg\[3\]\[19\],g178802,cell,cell
u7_mem_reg\[3\]\[19\],g173763,cell,cell
u7_mem_reg\[3\]\[1\],g205421,cell,cell
u7_mem_reg\[3\]\[1\],g178809,cell,cell
u7_mem_reg\[3\]\[20\],g219110,cell,cell
u7_mem_reg\[3\]\[20\],g178807,cell,cell
u7_mem_reg\[3\]\[21\],g178803,cell,cell
u7_mem_reg\[3\]\[21\],g160069,cell,cell
u7_mem_reg\[3\]\[22\],g178810,cell,cell
u7_mem_reg\[3\]\[22\],g159436,cell,cell
u7_mem_reg\[3\]\[23\],g178808,cell,cell
u7_mem_reg\[3\]\[23\],g159427,cell,cell
u7_mem_reg\[3\]\[24\],g178813,cell,cell
u7_mem_reg\[3\]\[24\],g159429,cell,cell
u7_mem_reg\[3\]\[25\],g189140,cell,cell
u7_mem_reg\[3\]\[25\],g178814,cell,cell
u7_mem_reg\[3\]\[26\],g178796,cell,cell
u7_mem_reg\[3\]\[26\],g159431,cell,cell
u7_mem_reg\[3\]\[27\],g202677,cell,cell
u7_mem_reg\[3\]\[27\],g178800,cell,cell
u7_mem_reg\[3\]\[28\],g202675,cell,cell
u7_mem_reg\[3\]\[28\],g178806,cell,cell
u7_mem_reg\[3\]\[29\],g202673,cell,cell
u7_mem_reg\[3\]\[29\],g178805,cell,cell
u7_mem_reg\[3\]\[2\],g178811,cell,cell
u7_mem_reg\[3\]\[2\],g173770,cell,cell
u7_mem_reg\[3\]\[30\],g202678,cell,cell
u7_mem_reg\[3\]\[30\],g178804,cell,cell
u7_mem_reg\[3\]\[31\],g202676,cell,cell
u7_mem_reg\[3\]\[31\],g178812,cell,cell
u7_mem_reg\[3\]\[3\],g173769,cell,cell
u7_mem_reg\[3\]\[3\],g166841,cell,cell
u7_mem_reg\[3\]\[4\],g215510,cell,cell
u7_mem_reg\[3\]\[4\],g212626,cell,cell
u7_mem_reg\[3\]\[5\],g200841,cell,cell
u7_mem_reg\[3\]\[5\],g155732,cell,cell
u7_mem_reg\[3\]\[6\],g200830,cell,cell
u7_mem_reg\[3\]\[6\],g155733,cell,cell
u7_mem_reg\[3\]\[7\],g200837,cell,cell
u7_mem_reg\[3\]\[7\],g155734,cell,cell
u7_mem_reg\[3\]\[8\],g173774,cell,cell
u7_mem_reg\[3\]\[8\],g155735,cell,cell
u7_mem_reg\[3\]\[9\],g173772,cell,cell
u7_mem_reg\[3\]\[9\],g155736,cell,cell
u7_rp_reg\[0\],u7_rp_reg\[0\],cell,cell
u7_rp_reg\[0\],g202672,cell,cell
u7_rp_reg\[0\],g190190,cell,cell
u7_rp_reg\[0\],g178817,cell,cell
u7_rp_reg\[0\],g160157,cell,cell
u7_rp_reg\[0\],g159313,cell,cell
u7_rp_reg\[0\],g158065,cell,cell
u7_rp_reg\[1\],g199622,cell,cell
u7_rp_reg\[1\],g199621,cell,cell
u7_rp_reg\[1\],fopt200829,cell,cell
u7_rp_reg\[2\],g211407,cell,cell
u7_rp_reg\[2\],g199622,cell,cell
u7_rp_reg\[2\],g193854,cell,cell
u7_rp_reg\[2\],fopt163968,cell,cell
u7_rp_reg\[2\],fopt163967,cell,cell
u7_rp_reg\[3\],g173777,cell,cell
u7_rp_reg\[3\],g159655,cell,cell
u7_wp_reg\[0\],g200142,cell,cell
u7_wp_reg\[0\],g185545,cell,cell
u7_wp_reg\[0\],g183363,cell,cell
u7_wp_reg\[0\],g183362,cell,cell
u7_wp_reg\[0\],g182419,cell,cell
u7_wp_reg\[0\],g177835,cell,cell
u7_wp_reg\[0\],g159683,cell,cell
u7_wp_reg\[0\],g159682,cell,cell
u7_wp_reg\[1\],g194245,cell,cell
u7_wp_reg\[1\],g186105,cell,cell
u7_wp_reg\[1\],g159813,cell,cell
u7_wp_reg\[2\],g182421,cell,cell
u7_wp_reg\[2\],g159635,cell,cell
u7_wp_reg\[2\],g159308,cell,cell
u7_wp_reg\[2\],g156972,cell,cell
u7_wp_reg\[2\],g155575,cell,cell
u8_mem_reg\[0\]\[0\],g191894,cell,cell
u8_mem_reg\[0\]\[0\],g166533,cell,cell
u8_mem_reg\[0\]\[10\],g213851,cell,cell
u8_mem_reg\[0\]\[10\],g158,cell,cell
u8_mem_reg\[0\]\[11\],g177066,cell,cell
u8_mem_reg\[0\]\[11\],g165652,cell,cell
u8_mem_reg\[0\]\[12\],g217133,cell,cell
u8_mem_reg\[0\]\[12\],g165681,cell,cell
u8_mem_reg\[0\]\[13\],g214503,cell,cell
u8_mem_reg\[0\]\[13\],g165738,cell,cell
u8_mem_reg\[0\]\[14\],g224641,cell,cell
u8_mem_reg\[0\]\[14\],g165390,cell,cell
u8_mem_reg\[0\]\[15\],g165419,cell,cell
u8_mem_reg\[0\]\[15\],g163923,cell,cell
u8_mem_reg\[0\]\[16\],g201213,cell,cell
u8_mem_reg\[0\]\[16\],g165767,cell,cell
u8_mem_reg\[0\]\[17\],g165795,cell,cell
u8_mem_reg\[0\]\[17\],g163929,cell,cell
u8_mem_reg\[0\]\[18\],g165818,cell,cell
u8_mem_reg\[0\]\[18\],g163932,cell,cell
u8_mem_reg\[0\]\[19\],g201223,cell,cell
u8_mem_reg\[0\]\[19\],g165845,cell,cell
u8_mem_reg\[0\]\[1\],g207598,cell,cell
u8_mem_reg\[0\]\[1\],g166516,cell,cell
u8_mem_reg\[0\]\[20\],g165872,cell,cell
u8_mem_reg\[0\]\[20\],g158192,cell,cell
u8_mem_reg\[0\]\[21\],g165899,cell,cell
u8_mem_reg\[0\]\[21\],g158193,cell,cell
u8_mem_reg\[0\]\[22\],g213840,cell,cell
u8_mem_reg\[0\]\[22\],g158194,cell,cell
u8_mem_reg\[0\]\[23\],g200563,cell,cell
u8_mem_reg\[0\]\[23\],g165956,cell,cell
u8_mem_reg\[0\]\[24\],g166060,cell,cell
u8_mem_reg\[0\]\[24\],g158197,cell,cell
u8_mem_reg\[0\]\[25\],g166086,cell,cell
u8_mem_reg\[0\]\[25\],g158198,cell,cell
u8_mem_reg\[0\]\[26\],g168951,cell,cell
u8_mem_reg\[0\]\[26\],g166112,cell,cell
u8_mem_reg\[0\]\[27\],g166138,cell,cell
u8_mem_reg\[0\]\[27\],g157317,cell,cell
u8_mem_reg\[0\]\[28\],g166009,cell,cell
u8_mem_reg\[0\]\[28\],g157318,cell,cell
u8_mem_reg\[0\]\[29\],g166285,cell,cell
u8_mem_reg\[0\]\[29\],g157285,cell,cell
u8_mem_reg\[0\]\[2\],g165471,cell,cell
u8_mem_reg\[0\]\[2\],g163930,cell,cell
u8_mem_reg\[0\]\[30\],g180361,cell,cell
u8_mem_reg\[0\]\[30\],g166265,cell,cell
u8_mem_reg\[0\]\[31\],g194376,cell,cell
u8_mem_reg\[0\]\[31\],g165982,cell,cell
u8_mem_reg\[0\]\[3\],g165500,cell,cell
u8_mem_reg\[0\]\[3\],g163931,cell,cell
u8_mem_reg\[0\]\[4\],g215495,cell,cell
u8_mem_reg\[0\]\[4\],g201227,cell,cell
u8_mem_reg\[0\]\[5\],g201217,cell,cell
u8_mem_reg\[0\]\[5\],g165702,cell,cell
u8_mem_reg\[0\]\[6\],g165354,cell,cell
u8_mem_reg\[0\]\[6\],g145,cell,cell
u8_mem_reg\[0\]\[7\],g201220,cell,cell
u8_mem_reg\[0\]\[7\],g165441,cell,cell
u8_mem_reg\[0\]\[8\],g201225,cell,cell
u8_mem_reg\[0\]\[8\],g165529,cell,cell
u8_mem_reg\[0\]\[9\],g212889,cell,cell
u8_mem_reg\[0\]\[9\],g165592,cell,cell
u8_mem_reg\[1\]\[0\],g221581,cell,cell
u8_mem_reg\[1\]\[0\],g191894,cell,cell
u8_mem_reg\[1\]\[10\],g213856,cell,cell
u8_mem_reg\[1\]\[10\],g158,cell,cell
u8_mem_reg\[1\]\[11\],g191980,cell,cell
u8_mem_reg\[1\]\[11\],g177066,cell,cell
u8_mem_reg\[1\]\[12\],g191971,cell,cell
u8_mem_reg\[1\]\[12\],g169163,cell,cell
u8_mem_reg\[1\]\[13\],g191973,cell,cell
u8_mem_reg\[1\]\[13\],g169176,cell,cell
u8_mem_reg\[1\]\[14\],g223812,cell,cell
u8_mem_reg\[1\]\[14\],g191977,cell,cell
u8_mem_reg\[1\]\[15\],g191970,cell,cell
u8_mem_reg\[1\]\[15\],g163923,cell,cell
u8_mem_reg\[1\]\[16\],g171085,cell,cell
u8_mem_reg\[1\]\[16\],g169170,cell,cell
u8_mem_reg\[1\]\[17\],g196753,cell,cell
u8_mem_reg\[1\]\[17\],g163929,cell,cell
u8_mem_reg\[1\]\[18\],g219306,cell,cell
u8_mem_reg\[1\]\[18\],g163932,cell,cell
u8_mem_reg\[1\]\[19\],g169169,cell,cell
u8_mem_reg\[1\]\[19\],g165833,cell,cell
u8_mem_reg\[1\]\[1\],g207598,cell,cell
u8_mem_reg\[1\]\[1\],g191981,cell,cell
u8_mem_reg\[1\]\[20\],g170754,cell,cell
u8_mem_reg\[1\]\[20\],g158192,cell,cell
u8_mem_reg\[1\]\[21\],g219876,cell,cell
u8_mem_reg\[1\]\[21\],g158193,cell,cell
u8_mem_reg\[1\]\[22\],g171394,cell,cell
u8_mem_reg\[1\]\[22\],g158194,cell,cell
u8_mem_reg\[1\]\[23\],g200563,cell,cell
u8_mem_reg\[1\]\[23\],g171397,cell,cell
u8_mem_reg\[1\]\[24\],g89,cell,cell
u8_mem_reg\[1\]\[24\],g158197,cell,cell
u8_mem_reg\[1\]\[25\],g170740,cell,cell
u8_mem_reg\[1\]\[25\],g158198,cell,cell
u8_mem_reg\[1\]\[26\],g168951,cell,cell
u8_mem_reg\[1\]\[26\],g166099,cell,cell
u8_mem_reg\[1\]\[27\],g166125,cell,cell
u8_mem_reg\[1\]\[27\],g157317,cell,cell
u8_mem_reg\[1\]\[28\],g165999,cell,cell
u8_mem_reg\[1\]\[28\],g157318,cell,cell
u8_mem_reg\[1\]\[29\],g176607,cell,cell
u8_mem_reg\[1\]\[29\],g157285,cell,cell
u8_mem_reg\[1\]\[2\],g191974,cell,cell
u8_mem_reg\[1\]\[2\],g163930,cell,cell
u8_mem_reg\[1\]\[30\],g197738,cell,cell
u8_mem_reg\[1\]\[30\],g180361,cell,cell
u8_mem_reg\[1\]\[31\],g194376,cell,cell
u8_mem_reg\[1\]\[31\],g170748,cell,cell
u8_mem_reg\[1\]\[3\],g97,cell,cell
u8_mem_reg\[1\]\[3\],g163931,cell,cell
u8_mem_reg\[1\]\[4\],g214948,cell,cell
u8_mem_reg\[1\]\[4\],g154,cell,cell
u8_mem_reg\[1\]\[5\],g191978,cell,cell
u8_mem_reg\[1\]\[5\],g169184,cell,cell
u8_mem_reg\[1\]\[6\],g223555,cell,cell
u8_mem_reg\[1\]\[6\],g199410,cell,cell
u8_mem_reg\[1\]\[7\],g191975,cell,cell
u8_mem_reg\[1\]\[7\],g169180,cell,cell
u8_mem_reg\[1\]\[8\],g212080,cell,cell
u8_mem_reg\[1\]\[8\],g191976,cell,cell
u8_mem_reg\[1\]\[9\],g219293,cell,cell
u8_mem_reg\[1\]\[9\],g169164,cell,cell
u8_mem_reg\[2\]\[0\],g201208,cell,cell
u8_mem_reg\[2\]\[0\],g166532,cell,cell
u8_mem_reg\[2\]\[10\],g165559,cell,cell
u8_mem_reg\[2\]\[10\],g157,cell,cell
u8_mem_reg\[2\]\[11\],g201226,cell,cell
u8_mem_reg\[2\]\[11\],g165646,cell,cell
u8_mem_reg\[2\]\[12\],g217133,cell,cell
u8_mem_reg\[2\]\[12\],g165675,cell,cell
u8_mem_reg\[2\]\[13\],g214503,cell,cell
u8_mem_reg\[2\]\[13\],g165732,cell,cell
u8_mem_reg\[2\]\[14\],g224641,cell,cell
u8_mem_reg\[2\]\[14\],g165384,cell,cell
u8_mem_reg\[2\]\[15\],g201210,cell,cell
u8_mem_reg\[2\]\[15\],g165413,cell,cell
u8_mem_reg\[2\]\[16\],g201213,cell,cell
u8_mem_reg\[2\]\[16\],g165761,cell,cell
u8_mem_reg\[2\]\[17\],g201216,cell,cell
u8_mem_reg\[2\]\[17\],g165789,cell,cell
u8_mem_reg\[2\]\[18\],g201214,cell,cell
u8_mem_reg\[2\]\[18\],g165812,cell,cell
u8_mem_reg\[2\]\[19\],g201223,cell,cell
u8_mem_reg\[2\]\[19\],g165839,cell,cell
u8_mem_reg\[2\]\[1\],g201211,cell,cell
u8_mem_reg\[2\]\[1\],g166503,cell,cell
u8_mem_reg\[2\]\[20\],g165857,cell,cell
u8_mem_reg\[2\]\[20\],g158111,cell,cell
u8_mem_reg\[2\]\[21\],g165884,cell,cell
u8_mem_reg\[2\]\[21\],g158116,cell,cell
u8_mem_reg\[2\]\[22\],g213842,cell,cell
u8_mem_reg\[2\]\[22\],g158118,cell,cell
u8_mem_reg\[2\]\[23\],g200562,cell,cell
u8_mem_reg\[2\]\[23\],g165936,cell,cell
u8_mem_reg\[2\]\[24\],g166042,cell,cell
u8_mem_reg\[2\]\[24\],g158124,cell,cell
u8_mem_reg\[2\]\[25\],g166068,cell,cell
u8_mem_reg\[2\]\[25\],g158120,cell,cell
u8_mem_reg\[2\]\[26\],g168950,cell,cell
u8_mem_reg\[2\]\[26\],g166092,cell,cell
u8_mem_reg\[2\]\[27\],g166118,cell,cell
u8_mem_reg\[2\]\[27\],g158122,cell,cell
u8_mem_reg\[2\]\[28\],g165993,cell,cell
u8_mem_reg\[2\]\[28\],g158123,cell,cell
u8_mem_reg\[2\]\[29\],g166287,cell,cell
u8_mem_reg\[2\]\[29\],g158125,cell,cell
u8_mem_reg\[2\]\[2\],g201209,cell,cell
u8_mem_reg\[2\]\[2\],g165473,cell,cell
u8_mem_reg\[2\]\[30\],g166263,cell,cell
u8_mem_reg\[2\]\[30\],g158126,cell,cell
u8_mem_reg\[2\]\[31\],g194375,cell,cell
u8_mem_reg\[2\]\[31\],g165966,cell,cell
u8_mem_reg\[2\]\[3\],g201222,cell,cell
u8_mem_reg\[2\]\[3\],g165502,cell,cell
u8_mem_reg\[2\]\[4\],g215499,cell,cell
u8_mem_reg\[2\]\[4\],g201227,cell,cell
u8_mem_reg\[2\]\[5\],g201217,cell,cell
u8_mem_reg\[2\]\[5\],g165704,cell,cell
u8_mem_reg\[2\]\[6\],g165355,cell,cell
u8_mem_reg\[2\]\[6\],g145,cell,cell
u8_mem_reg\[2\]\[7\],g201220,cell,cell
u8_mem_reg\[2\]\[7\],g165443,cell,cell
u8_mem_reg\[2\]\[8\],g201225,cell,cell
u8_mem_reg\[2\]\[8\],g165531,cell,cell
u8_mem_reg\[2\]\[9\],g212889,cell,cell
u8_mem_reg\[2\]\[9\],g165587,cell,cell
u8_mem_reg\[3\]\[0\],g201208,cell,cell
u8_mem_reg\[3\]\[0\],g176438,cell,cell
u8_mem_reg\[3\]\[10\],g172336,cell,cell
u8_mem_reg\[3\]\[10\],g157,cell,cell
u8_mem_reg\[3\]\[11\],g201226,cell,cell
u8_mem_reg\[3\]\[11\],g172535,cell,cell
u8_mem_reg\[3\]\[12\],g172868,cell,cell
u8_mem_reg\[3\]\[12\],g169163,cell,cell
u8_mem_reg\[3\]\[13\],g172326,cell,cell
u8_mem_reg\[3\]\[13\],g169176,cell,cell
u8_mem_reg\[3\]\[14\],g223812,cell,cell
u8_mem_reg\[3\]\[14\],g172635,cell,cell
u8_mem_reg\[3\]\[15\],g201210,cell,cell
u8_mem_reg\[3\]\[15\],g172840,cell,cell
u8_mem_reg\[3\]\[16\],g172332,cell,cell
u8_mem_reg\[3\]\[16\],g169170,cell,cell
u8_mem_reg\[3\]\[17\],g201216,cell,cell
u8_mem_reg\[3\]\[17\],g166783,cell,cell
u8_mem_reg\[3\]\[18\],g201214,cell,cell
u8_mem_reg\[3\]\[18\],g177544,cell,cell
u8_mem_reg\[3\]\[19\],g169169,cell,cell
u8_mem_reg\[3\]\[19\],g166797,cell,cell
u8_mem_reg\[3\]\[1\],g201211,cell,cell
u8_mem_reg\[3\]\[1\],g155600,cell,cell
u8_mem_reg\[3\]\[20\],g197748,cell,cell
u8_mem_reg\[3\]\[20\],g158111,cell,cell
u8_mem_reg\[3\]\[21\],g197608,cell,cell
u8_mem_reg\[3\]\[21\],g158116,cell,cell
u8_mem_reg\[3\]\[22\],g197686,cell,cell
u8_mem_reg\[3\]\[22\],g158118,cell,cell
u8_mem_reg\[3\]\[23\],g200562,cell,cell
u8_mem_reg\[3\]\[23\],g197679,cell,cell
u8_mem_reg\[3\]\[24\],g197708,cell,cell
u8_mem_reg\[3\]\[24\],g158124,cell,cell
u8_mem_reg\[3\]\[25\],g197539,cell,cell
u8_mem_reg\[3\]\[25\],g158120,cell,cell
u8_mem_reg\[3\]\[26\],g197631,cell,cell
u8_mem_reg\[3\]\[26\],g168950,cell,cell
u8_mem_reg\[3\]\[27\],g197544,cell,cell
u8_mem_reg\[3\]\[27\],g158122,cell,cell
u8_mem_reg\[3\]\[28\],g88,cell,cell
u8_mem_reg\[3\]\[28\],g158123,cell,cell
u8_mem_reg\[3\]\[29\],g197613,cell,cell
u8_mem_reg\[3\]\[29\],g158125,cell,cell
u8_mem_reg\[3\]\[2\],g201209,cell,cell
u8_mem_reg\[3\]\[2\],g172710,cell,cell
u8_mem_reg\[3\]\[30\],g197482,cell,cell
u8_mem_reg\[3\]\[30\],g158126,cell,cell
u8_mem_reg\[3\]\[31\],g197567,cell,cell
u8_mem_reg\[3\]\[31\],g194375,cell,cell
u8_mem_reg\[3\]\[3\],g201222,cell,cell
u8_mem_reg\[3\]\[3\],g172533,cell,cell
u8_mem_reg\[3\]\[4\],g214944,cell,cell
u8_mem_reg\[3\]\[4\],g154,cell,cell
u8_mem_reg\[3\]\[5\],g172475,cell,cell
u8_mem_reg\[3\]\[5\],g169184,cell,cell
u8_mem_reg\[3\]\[6\],g223555,cell,cell
u8_mem_reg\[3\]\[6\],g172340,cell,cell
u8_mem_reg\[3\]\[7\],g172501,cell,cell
u8_mem_reg\[3\]\[7\],g169180,cell,cell
u8_mem_reg\[3\]\[8\],g212080,cell,cell
u8_mem_reg\[3\]\[8\],g172330,cell,cell
u8_mem_reg\[3\]\[9\],g172438,cell,cell
u8_mem_reg\[3\]\[9\],g169164,cell,cell
u8_rp_reg\[0\],u8_rp_reg\[0\],cell,cell
u8_rp_reg\[0\],g224457,cell,cell
u8_rp_reg\[0\],g223683,cell,cell
u8_rp_reg\[0\],g169171,cell,cell
u8_rp_reg\[0\],g160153,cell,cell
u8_rp_reg\[0\],g159333,cell,cell
u8_rp_reg\[1\],g223810,cell,cell
u8_rp_reg\[1\],g223809,cell,cell
u8_rp_reg\[1\],fopt224452,cell,cell
u8_rp_reg\[1\],fopt202581,cell,cell
u8_rp_reg\[1\],fopt202580,cell,cell
u8_rp_reg\[2\],g224642,cell,cell
u8_rp_reg\[2\],g223809,cell,cell
u8_rp_reg\[2\],g218176,cell,cell
u8_rp_reg\[2\],g164055,cell,cell
u8_rp_reg\[3\],g224640,cell,cell
u8_rp_reg\[3\],g224639,cell,cell
u8_rp_reg\[3\],g175904,cell,cell
u8_rp_reg\[3\],g159666,cell,cell
u8_wp_reg\[0\],g224456,cell,cell
u8_wp_reg\[0\],g224453,cell,cell
u8_wp_reg\[0\],g191966,cell,cell
u8_wp_reg\[0\],g179776,cell,cell
u8_wp_reg\[0\],g156870,cell,cell
u8_wp_reg\[0\],g15,cell,cell
u8_wp_reg\[0\],g14,cell,cell
u8_wp_reg\[1\],g212205,cell,cell
u8_wp_reg\[1\],g212204,cell,cell
u8_wp_reg\[2\],g224639,cell,cell
u8_wp_reg\[2\],g218860,cell,cell
u8_wp_reg\[2\],g159305,cell,cell
u8_wp_reg\[2\],g157115,cell,cell
u8_wp_reg\[2\],g113,cell,cell
u9_din_tmp1_reg\[0\],g198742,cell,cell
u9_din_tmp1_reg\[0\],g154402__182543,cell,cell
u9_din_tmp1_reg\[10\],g198746,cell,cell
u9_din_tmp1_reg\[10\],g154412__186728,cell,cell
u9_din_tmp1_reg\[11\],g198754,cell,cell
u9_din_tmp1_reg\[11\],g154413__186732,cell,cell
u9_din_tmp1_reg\[12\],g198735,cell,cell
u9_din_tmp1_reg\[12\],g154414__182547,cell,cell
u9_din_tmp1_reg\[13\],g198758,cell,cell
u9_din_tmp1_reg\[13\],g154415__186736,cell,cell
u9_din_tmp1_reg\[14\],g198757,cell,cell
u9_din_tmp1_reg\[14\],g154416__182523,cell,cell
u9_din_tmp1_reg\[15\],g198755,cell,cell
u9_din_tmp1_reg\[15\],g154417__182521,cell,cell
u9_din_tmp1_reg\[1\],g198750,cell,cell
u9_din_tmp1_reg\[1\],g154403__182545,cell,cell
u9_din_tmp1_reg\[2\],g198741,cell,cell
u9_din_tmp1_reg\[2\],g154404__182514,cell,cell
u9_din_tmp1_reg\[3\],g198740,cell,cell
u9_din_tmp1_reg\[3\],g154405__182519,cell,cell
u9_din_tmp1_reg\[4\],g198753,cell,cell
u9_din_tmp1_reg\[4\],g154406__186720,cell,cell
u9_din_tmp1_reg\[5\],g198744,cell,cell
u9_din_tmp1_reg\[5\],g154407__182539,cell,cell
u9_din_tmp1_reg\[6\],g198749,cell,cell
u9_din_tmp1_reg\[6\],g154408__182537,cell,cell
u9_din_tmp1_reg\[7\],g198756,cell,cell
u9_din_tmp1_reg\[7\],g154409__182535,cell,cell
u9_din_tmp1_reg\[8\],g198751,cell,cell
u9_din_tmp1_reg\[8\],g154410__182533,cell,cell
u9_din_tmp1_reg\[9\],g198747,cell,cell
u9_din_tmp1_reg\[9\],g154411__186724,cell,cell
u9_mem_reg\[0\]\[0\],g197007,cell,cell
u9_mem_reg\[0\]\[0\],g167194,cell,cell
u9_mem_reg\[0\]\[10\],g167180,cell,cell
u9_mem_reg\[0\]\[10\],g153568__5115,cell,cell
u9_mem_reg\[0\]\[11\],g167167,cell,cell
u9_mem_reg\[0\]\[11\],g153567__1881,cell,cell
u9_mem_reg\[0\]\[12\],g167192,cell,cell
u9_mem_reg\[0\]\[12\],g153566__6131,cell,cell
u9_mem_reg\[0\]\[13\],g167191,cell,cell
u9_mem_reg\[0\]\[13\],g153565__7098,cell,cell
u9_mem_reg\[0\]\[14\],g167193,cell,cell
u9_mem_reg\[0\]\[14\],g153564__8246,cell,cell
u9_mem_reg\[0\]\[15\],g167166,cell,cell
u9_mem_reg\[0\]\[15\],g153563__5122,cell,cell
u9_mem_reg\[0\]\[16\],g167178,cell,cell
u9_mem_reg\[0\]\[16\],g153562__1705,cell,cell
u9_mem_reg\[0\]\[17\],g167164,cell,cell
u9_mem_reg\[0\]\[17\],g153561__2802,cell,cell
u9_mem_reg\[0\]\[18\],g172431,cell,cell
u9_mem_reg\[0\]\[18\],g167177,cell,cell
u9_mem_reg\[0\]\[19\],g167195,cell,cell
u9_mem_reg\[0\]\[19\],g153559__3680,cell,cell
u9_mem_reg\[0\]\[1\],g167168,cell,cell
u9_mem_reg\[0\]\[1\],g153577__6417,cell,cell
u9_mem_reg\[0\]\[20\],g167176,cell,cell
u9_mem_reg\[0\]\[20\],g153929__5526,cell,cell
u9_mem_reg\[0\]\[21\],g167169,cell,cell
u9_mem_reg\[0\]\[21\],g153930__3680,cell,cell
u9_mem_reg\[0\]\[22\],g167175,cell,cell
u9_mem_reg\[0\]\[22\],g153931__1617,cell,cell
u9_mem_reg\[0\]\[23\],g167189,cell,cell
u9_mem_reg\[0\]\[23\],g153932__2802,cell,cell
u9_mem_reg\[0\]\[24\],g167185,cell,cell
u9_mem_reg\[0\]\[24\],g153933__5122,cell,cell
u9_mem_reg\[0\]\[25\],g167174,cell,cell
u9_mem_reg\[0\]\[25\],g153934__8246,cell,cell
u9_mem_reg\[0\]\[26\],g167173,cell,cell
u9_mem_reg\[0\]\[26\],g153935__6131,cell,cell
u9_mem_reg\[0\]\[27\],g167172,cell,cell
u9_mem_reg\[0\]\[27\],g153936__1881,cell,cell
u9_mem_reg\[0\]\[28\],g167171,cell,cell
u9_mem_reg\[0\]\[28\],g153937__7482,cell,cell
u9_mem_reg\[0\]\[29\],g167170,cell,cell
u9_mem_reg\[0\]\[29\],g153938__4733,cell,cell
u9_mem_reg\[0\]\[2\],g167184,cell,cell
u9_mem_reg\[0\]\[2\],g153576__7410,cell,cell
u9_mem_reg\[0\]\[30\],g167179,cell,cell
u9_mem_reg\[0\]\[30\],g153939__9315,cell,cell
u9_mem_reg\[0\]\[31\],g167186,cell,cell
u9_mem_reg\[0\]\[31\],g153940__9945,cell,cell
u9_mem_reg\[0\]\[3\],g167196,cell,cell
u9_mem_reg\[0\]\[3\],g153575__1666,cell,cell
u9_mem_reg\[0\]\[4\],g167187,cell,cell
u9_mem_reg\[0\]\[4\],g153574__2883,cell,cell
u9_mem_reg\[0\]\[5\],g167188,cell,cell
u9_mem_reg\[0\]\[5\],g153573__9945,cell,cell
u9_mem_reg\[0\]\[6\],g167183,cell,cell
u9_mem_reg\[0\]\[6\],g153572__9315,cell,cell
u9_mem_reg\[0\]\[7\],g167182,cell,cell
u9_mem_reg\[0\]\[7\],g153571__6161,cell,cell
u9_mem_reg\[0\]\[8\],g167181,cell,cell
u9_mem_reg\[0\]\[8\],g153570__178343,cell,cell
u9_mem_reg\[0\]\[9\],g167190,cell,cell
u9_mem_reg\[0\]\[9\],g153569__7482,cell,cell
u9_mem_reg\[1\]\[0\],g184964,cell,cell
u9_mem_reg\[1\]\[0\],g153381__8246,cell,cell
u9_mem_reg\[1\]\[10\],g184961,cell,cell
u9_mem_reg\[1\]\[10\],g153371__5107,cell,cell
u9_mem_reg\[1\]\[11\],g41,cell,cell
u9_mem_reg\[1\]\[11\],g184938,cell,cell
u9_mem_reg\[1\]\[12\],g184959,cell,cell
u9_mem_reg\[1\]\[12\],g153369__176525,cell,cell
u9_mem_reg\[1\]\[13\],g184957,cell,cell
u9_mem_reg\[1\]\[13\],g153368__6417,cell,cell
u9_mem_reg\[1\]\[14\],g165323,cell,cell
u9_mem_reg\[1\]\[14\],g153367__1666,cell,cell
u9_mem_reg\[1\]\[15\],g184940,cell,cell
u9_mem_reg\[1\]\[15\],g153366__2346,cell,cell
u9_mem_reg\[1\]\[16\],g184963,cell,cell
u9_mem_reg\[1\]\[16\],g153365__2883,cell,cell
u9_mem_reg\[1\]\[17\],g184936,cell,cell
u9_mem_reg\[1\]\[17\],g153364__9945,cell,cell
u9_mem_reg\[1\]\[18\],g184946,cell,cell
u9_mem_reg\[1\]\[18\],g153363__9315,cell,cell
u9_mem_reg\[1\]\[19\],g165319,cell,cell
u9_mem_reg\[1\]\[19\],g153362__6161,cell,cell
u9_mem_reg\[1\]\[1\],g208862,cell,cell
u9_mem_reg\[1\]\[1\],g184939,cell,cell
u9_mem_reg\[1\]\[20\],g184956,cell,cell
u9_mem_reg\[1\]\[20\],g153313__2883,cell,cell
u9_mem_reg\[1\]\[21\],g184945,cell,cell
u9_mem_reg\[1\]\[21\],g153312__9945,cell,cell
u9_mem_reg\[1\]\[22\],g165337,cell,cell
u9_mem_reg\[1\]\[22\],g153311__9315,cell,cell
u9_mem_reg\[1\]\[23\],g184954,cell,cell
u9_mem_reg\[1\]\[23\],g153310__6161,cell,cell
u9_mem_reg\[1\]\[24\],g184950,cell,cell
u9_mem_reg\[1\]\[24\],g153309__4733,cell,cell
u9_mem_reg\[1\]\[25\],g184948,cell,cell
u9_mem_reg\[1\]\[25\],g153308__7482,cell,cell
u9_mem_reg\[1\]\[26\],g184958,cell,cell
u9_mem_reg\[1\]\[26\],g153307__5115,cell,cell
u9_mem_reg\[1\]\[27\],g184960,cell,cell
u9_mem_reg\[1\]\[27\],g153306__1881,cell,cell
u9_mem_reg\[1\]\[28\],g184951,cell,cell
u9_mem_reg\[1\]\[28\],g153305__6131,cell,cell
u9_mem_reg\[1\]\[29\],g184942,cell,cell
u9_mem_reg\[1\]\[29\],g153304__7098,cell,cell
u9_mem_reg\[1\]\[2\],g184943,cell,cell
u9_mem_reg\[1\]\[2\],g153379__1705,cell,cell
u9_mem_reg\[1\]\[30\],g184944,cell,cell
u9_mem_reg\[1\]\[30\],g153303__8246,cell,cell
u9_mem_reg\[1\]\[31\],g184953,cell,cell
u9_mem_reg\[1\]\[31\],g153302__5122,cell,cell
u9_mem_reg\[1\]\[3\],g184941,cell,cell
u9_mem_reg\[1\]\[3\],g153378__2802,cell,cell
u9_mem_reg\[1\]\[4\],g184947,cell,cell
u9_mem_reg\[1\]\[4\],g153377__1617,cell,cell
u9_mem_reg\[1\]\[5\],g184955,cell,cell
u9_mem_reg\[1\]\[5\],g153376__176531,cell,cell
u9_mem_reg\[1\]\[6\],g184952,cell,cell
u9_mem_reg\[1\]\[6\],g153375__6783,cell,cell
u9_mem_reg\[1\]\[7\],g165339,cell,cell
u9_mem_reg\[1\]\[7\],g153374__5526,cell,cell
u9_mem_reg\[1\]\[8\],g184962,cell,cell
u9_mem_reg\[1\]\[8\],g153373__178344,cell,cell
u9_mem_reg\[1\]\[9\],g184949,cell,cell
u9_mem_reg\[1\]\[9\],g153372__4319,cell,cell
u9_mem_reg\[2\]\[0\],g167194,cell,cell
u9_mem_reg\[2\]\[0\],g153558__168322,cell,cell
u9_mem_reg\[2\]\[10\],g167180,cell,cell
u9_mem_reg\[2\]\[10\],g153548__168315,cell,cell
u9_mem_reg\[2\]\[11\],g167167,cell,cell
u9_mem_reg\[2\]\[11\],g153547__168319,cell,cell
u9_mem_reg\[2\]\[12\],g167192,cell,cell
u9_mem_reg\[2\]\[12\],g153546__168328,cell,cell
u9_mem_reg\[2\]\[13\],g167191,cell,cell
u9_mem_reg\[2\]\[13\],g153545__168318,cell,cell
u9_mem_reg\[2\]\[14\],g167193,cell,cell
u9_mem_reg\[2\]\[14\],g153544__168301,cell,cell
u9_mem_reg\[2\]\[15\],g167166,cell,cell
u9_mem_reg\[2\]\[15\],g153543__168321,cell,cell
u9_mem_reg\[2\]\[16\],g167178,cell,cell
u9_mem_reg\[2\]\[16\],g153976__168300,cell,cell
u9_mem_reg\[2\]\[17\],g167164,cell,cell
u9_mem_reg\[2\]\[17\],g153761__168317,cell,cell
u9_mem_reg\[2\]\[18\],g167177,cell,cell
u9_mem_reg\[2\]\[18\],g153762__168314,cell,cell
u9_mem_reg\[2\]\[19\],g167195,cell,cell
u9_mem_reg\[2\]\[19\],g153763__168294,cell,cell
u9_mem_reg\[2\]\[1\],g167168,cell,cell
u9_mem_reg\[2\]\[1\],g153557__168323,cell,cell
u9_mem_reg\[2\]\[20\],g167176,cell,cell
u9_mem_reg\[2\]\[20\],g153893__168312,cell,cell
u9_mem_reg\[2\]\[21\],g167169,cell,cell
u9_mem_reg\[2\]\[21\],g153894__168311,cell,cell
u9_mem_reg\[2\]\[22\],g167175,cell,cell
u9_mem_reg\[2\]\[22\],g153895__168310,cell,cell
u9_mem_reg\[2\]\[23\],g167189,cell,cell
u9_mem_reg\[2\]\[23\],g153896__168309,cell,cell
u9_mem_reg\[2\]\[24\],g167185,cell,cell
u9_mem_reg\[2\]\[24\],g153897__168308,cell,cell
u9_mem_reg\[2\]\[25\],g167174,cell,cell
u9_mem_reg\[2\]\[25\],g153898__168307,cell,cell
u9_mem_reg\[2\]\[26\],g167173,cell,cell
u9_mem_reg\[2\]\[26\],g153899__168306,cell,cell
u9_mem_reg\[2\]\[27\],g167172,cell,cell
u9_mem_reg\[2\]\[27\],g153900__168305,cell,cell
u9_mem_reg\[2\]\[28\],g167171,cell,cell
u9_mem_reg\[2\]\[28\],g153901__168297,cell,cell
u9_mem_reg\[2\]\[29\],g167170,cell,cell
u9_mem_reg\[2\]\[29\],g153902__168304,cell,cell
u9_mem_reg\[2\]\[2\],g167184,cell,cell
u9_mem_reg\[2\]\[2\],g153556__168324,cell,cell
u9_mem_reg\[2\]\[30\],g167179,cell,cell
u9_mem_reg\[2\]\[30\],g153903__168303,cell,cell
u9_mem_reg\[2\]\[31\],g167186,cell,cell
u9_mem_reg\[2\]\[31\],g153904__168302,cell,cell
u9_mem_reg\[2\]\[3\],g167196,cell,cell
u9_mem_reg\[2\]\[3\],g153555__168325,cell,cell
u9_mem_reg\[2\]\[4\],g168313,cell,cell
u9_mem_reg\[2\]\[4\],g167187,cell,cell
u9_mem_reg\[2\]\[5\],g167188,cell,cell
u9_mem_reg\[2\]\[5\],g153553__168326,cell,cell
u9_mem_reg\[2\]\[6\],g167183,cell,cell
u9_mem_reg\[2\]\[6\],g153552__168299,cell,cell
u9_mem_reg\[2\]\[7\],g167182,cell,cell
u9_mem_reg\[2\]\[7\],g153551__168327,cell,cell
u9_mem_reg\[2\]\[8\],g167181,cell,cell
u9_mem_reg\[2\]\[8\],g153550__178342,cell,cell
u9_mem_reg\[2\]\[9\],g167190,cell,cell
u9_mem_reg\[2\]\[9\],g153549__168316,cell,cell
u9_mem_reg\[3\]\[0\],g184964,cell,cell
u9_mem_reg\[3\]\[0\],g153404__6131,cell,cell
u9_mem_reg\[3\]\[10\],g184961,cell,cell
u9_mem_reg\[3\]\[10\],g153414__175602,cell,cell
u9_mem_reg\[3\]\[11\],g184938,cell,cell
u9_mem_reg\[3\]\[11\],g140,cell,cell
u9_mem_reg\[3\]\[12\],g184959,cell,cell
u9_mem_reg\[3\]\[12\],g153416__6417,cell,cell
u9_mem_reg\[3\]\[13\],g184957,cell,cell
u9_mem_reg\[3\]\[13\],g153417__5477,cell,cell
u9_mem_reg\[3\]\[14\],g165323,cell,cell
u9_mem_reg\[3\]\[14\],g153418__2398,cell,cell
u9_mem_reg\[3\]\[15\],g184940,cell,cell
u9_mem_reg\[3\]\[15\],g153419__5107,cell,cell
u9_mem_reg\[3\]\[16\],g184963,cell,cell
u9_mem_reg\[3\]\[16\],g153420__6260,cell,cell
u9_mem_reg\[3\]\[17\],g184936,cell,cell
u9_mem_reg\[3\]\[17\],g153421__4319,cell,cell
u9_mem_reg\[3\]\[18\],g223,cell,cell
u9_mem_reg\[3\]\[18\],g184946,cell,cell
u9_mem_reg\[3\]\[19\],g165319,cell,cell
u9_mem_reg\[3\]\[19\],g153423__1705,cell,cell
u9_mem_reg\[3\]\[1\],g184939,cell,cell
u9_mem_reg\[3\]\[1\],g176367,cell,cell
u9_mem_reg\[3\]\[20\],g184956,cell,cell
u9_mem_reg\[3\]\[20\],g153337__4733,cell,cell
u9_mem_reg\[3\]\[21\],g184945,cell,cell
u9_mem_reg\[3\]\[21\],g153336__7482,cell,cell
u9_mem_reg\[3\]\[22\],g165337,cell,cell
u9_mem_reg\[3\]\[22\],g153335__5115,cell,cell
u9_mem_reg\[3\]\[23\],g184954,cell,cell
u9_mem_reg\[3\]\[23\],g176342,cell,cell
u9_mem_reg\[3\]\[24\],g184950,cell,cell
u9_mem_reg\[3\]\[24\],g176348,cell,cell
u9_mem_reg\[3\]\[25\],g184948,cell,cell
u9_mem_reg\[3\]\[25\],g176786,cell,cell
u9_mem_reg\[3\]\[26\],g184958,cell,cell
u9_mem_reg\[3\]\[26\],g153331__6783,cell,cell
u9_mem_reg\[3\]\[27\],g184960,cell,cell
u9_mem_reg\[3\]\[27\],g153330__4319,cell,cell
u9_mem_reg\[3\]\[28\],g184951,cell,cell
u9_mem_reg\[3\]\[28\],g176350,cell,cell
u9_mem_reg\[3\]\[29\],g184942,cell,cell
u9_mem_reg\[3\]\[29\],g176359,cell,cell
u9_mem_reg\[3\]\[2\],g184943,cell,cell
u9_mem_reg\[3\]\[2\],g118,cell,cell
u9_mem_reg\[3\]\[30\],g184944,cell,cell
u9_mem_reg\[3\]\[30\],g176413,cell,cell
u9_mem_reg\[3\]\[31\],g184953,cell,cell
u9_mem_reg\[3\]\[31\],g176365,cell,cell
u9_mem_reg\[3\]\[3\],g196984,cell,cell
u9_mem_reg\[3\]\[3\],g184941,cell,cell
u9_mem_reg\[3\]\[4\],g184947,cell,cell
u9_mem_reg\[3\]\[4\],g153408__4733,cell,cell
u9_mem_reg\[3\]\[5\],g184955,cell,cell
u9_mem_reg\[3\]\[5\],g153409__6161,cell,cell
u9_mem_reg\[3\]\[6\],g184952,cell,cell
u9_mem_reg\[3\]\[6\],g153410__9315,cell,cell
u9_mem_reg\[3\]\[7\],g165339,cell,cell
u9_mem_reg\[3\]\[7\],g153411__9945,cell,cell
u9_mem_reg\[3\]\[8\],g184962,cell,cell
u9_mem_reg\[3\]\[8\],g153412__178339,cell,cell
u9_mem_reg\[3\]\[9\],g184949,cell,cell
u9_mem_reg\[3\]\[9\],g153413__175598,cell,cell
u9_rp_reg\[0\],g184935,cell,cell
u9_rp_reg\[0\],g178198,cell,cell
u9_rp_reg\[0\],g169034,cell,cell
u9_rp_reg\[0\],g168446,cell,cell
u9_rp_reg\[0\],g159366,cell,cell
u9_rp_reg\[1\],g184935,cell,cell
u9_rp_reg\[1\],g169031,cell,cell
u9_rp_reg\[1\],g168971,cell,cell
u9_rp_reg\[1\],g167059,cell,cell
u9_rp_reg\[2\],g213305,cell,cell
u9_rp_reg\[2\],g2,cell,cell
u9_wp_reg\[0\],g184056,cell,cell
u9_wp_reg\[1\],g178199,cell,cell
u9_wp_reg\[1\],g178198,cell,cell
u9_wp_reg\[1\],g178197,cell,cell
u9_wp_reg\[1\],g178196,cell,cell
u9_wp_reg\[1\],g178193,cell,cell
u9_wp_reg\[1\],g154068__178190,cell,cell
u9_wp_reg\[1\],g154062__178195,cell,cell
u9_wp_reg\[2\],g169031,cell,cell
u9_wp_reg\[2\],g159702,cell,cell
u9_wp_reg\[2\],g159696,cell,cell
u9_wp_reg\[3\],g213305,cell,cell
u9_wp_reg\[3\],g159147,cell,cell
u9_wp_reg\[3\],g154314__9315,cell,cell
u2_valid_reg,g156878,cell,cell
valid_s_reg,fopt188056,cell,cell
valid_s1_reg,g156627,cell,cell
u12_dout_reg\[0\],g221582,cell,cell
u12_dout_reg\[1\],g166522,cell,cell
u12_dout_reg\[1\],drc_buf_sp46,cell,cell
u12_dout_reg\[29\],g167913,cell,cell
u12_dout_reg\[29\],g166305,cell,cell
u12_dout_reg\[29\],g166304,cell,cell
u12_dout_reg\[29\],drc_buf_sp166284,cell,cell
u12_dout_reg\[30\],g167892,cell,cell
u12_dout_reg\[30\],g166281,cell,cell
u12_dout_reg\[30\],g166280,cell,cell
u12_dout_reg\[30\],drc_buf_sp49,cell,cell
