net_name,net_route_length,net_steiner_length,fanout,total_cap,net_cap,net_coupling,net_res
UNCONNECTED,0,-1,0,0.0,0.0,0.0,0.0
UNCONNECTED0,0,-1,0,0.0,0.0,0.0,0.0
UNCONNECTED1,0,-1,0,0.0,0.0,0.0,0.0
UNCONNECTED2,0,-1,0,0.0,0.0,0.0,0.0
UNCONNECTED3,0,-1,0,0.0,0.0,0.0,0.0
UNCONNECTED4,0,-1,0,0.0,0.0,0.0,0.0
conf_cache_lsize_not_zero_to_wb_out,0,-1,7,2.7248867801087182e-15,0.0,0.0,0.0
conf_int_out,0,-1,1,2.7572301508644724e-16,0.0,0.0,0.0
conf_latency_tim_out[0],0,-1,3,1.33829109259635e-15,0.0,0.0,0.0
conf_pci_am1_out[0],0,-1,4,1.6305350353327391e-15,0.0,0.0,0.0
conf_pci_ba0_out[0],0,-1,4,1.5693830681892413e-15,0.0,0.0,0.0
conf_pci_ba1_out[0],0,-1,3,1.7289299823758245e-15,0.0,0.0,0.0
conf_pci_err_bc_in[1],0,-1,2,7.845989957451331e-16,0.0,0.0,0.0
conf_pci_err_bc_in[2],0,-1,2,9.152110526952726e-16,0.0,0.0,0.0
conf_pci_err_bc_in[3],0,-1,2,9.152110526952726e-16,0.0,0.0,0.0
conf_pci_img_ctrl1_out[0],0,-1,3,1.4127459239347134e-15,0.0,0.0,0.0
conf_pci_init_complete_out,0,-1,6,2.8428541174640087e-15,0.0,0.0,0.0
conf_soft_res_out,0,-1,3,1.479606046109758e-15,0.0,0.0,0.0
conf_w_addr_in[2],0,-1,2,1.8519401303825934e-15,0.0,0.0,0.0
conf_w_addr_in[3],0,-1,4,2.2302100097915502e-15,0.0,0.0,0.0
conf_w_addr_in[4],0,-1,3,1.8020769948436273e-15,0.0,0.0,0.0
conf_w_addr_in[5],0,-1,2,1.647475906036062e-15,0.0,0.0,0.0
conf_w_addr_in[6],0,-1,2,1.6566519198327862e-15,0.0,0.0,0.0
conf_w_addr_in[7],0,-1,4,2.0663118873549217e-15,0.0,0.0,0.0
conf_w_addr_in[8],0,-1,2,1.7338539966564506e-15,0.0,0.0,0.0
conf_w_addr_in[9],0,-1,1,1.2861600263411105e-15,0.0,0.0,0.0
conf_wb_am1_out[19],0,-1,4,1.8493571034099415e-15,0.0,0.0,0.0
conf_wb_am2_out[19],0,-1,4,1.979071940710702e-15,0.0,0.0,0.0
conf_wb_ba1_out[19],0,-1,3,1.8648700883224303e-15,0.0,0.0,0.0
conf_wb_ba2_out[19],0,-1,3,1.9755410838700723e-15,0.0,0.0,0.0
conf_wb_err_addr_in[10],0,-1,5,2.12314483350037e-15,0.0,0.0,0.0
conf_wb_err_addr_in[11],0,-1,5,2.743819025271036e-15,0.0,0.0,0.0
conf_wb_err_addr_in[12],0,-1,6,3.2910950593050383e-15,0.0,0.0,0.0
conf_wb_err_addr_in[13],0,-1,5,2.7314360388568885e-15,0.0,0.0,0.0
conf_wb_err_addr_in[14],0,-1,6,3.3103311775371834e-15,0.0,0.0,0.0
conf_wb_err_addr_in[15],0,-1,5,2.7108671142822387e-15,0.0,0.0,0.0
conf_wb_err_addr_in[16],0,-1,6,3.3176050729717297e-15,0.0,0.0,0.0
conf_wb_err_addr_in[17],0,-1,5,3.0035261031627824e-15,0.0,0.0,0.0
conf_wb_err_addr_in[18],0,-1,5,2.6272920674425514e-15,0.0,0.0,0.0
conf_wb_err_addr_in[19],0,-1,5,2.8052090086727122e-15,0.0,0.0,0.0
conf_wb_err_addr_in[20],0,-1,6,3.3402621455195982e-15,0.0,0.0,0.0
conf_wb_err_addr_in[21],0,-1,5,2.808560082770287e-15,0.0,0.0,0.0
conf_wb_err_addr_in[22],0,-1,6,3.3620571502853986e-15,0.0,0.0,0.0
conf_wb_err_addr_in[23],0,-1,5,2.7549500969891415e-15,0.0,0.0,0.0
conf_wb_err_addr_in[24],0,-1,6,3.3585220582800328e-15,0.0,0.0,0.0
conf_wb_err_addr_in[25],0,-1,5,2.8359160705930487e-15,0.0,0.0,0.0
conf_wb_err_addr_in[26],0,-1,6,3.4243200011392205e-15,0.0,0.0,0.0
conf_wb_err_addr_in[27],0,-1,5,2.796705009640516e-15,0.0,0.0,0.0
conf_wb_err_addr_in[28],0,-1,6,3.4054150727894517e-15,0.0,0.0,0.0
conf_wb_err_addr_in[29],0,-1,5,2.8669610986593397e-15,0.0,0.0,0.0
conf_wb_err_addr_in[2],0,-1,6,3.2162179820424686e-15,0.0,0.0,0.0
conf_wb_err_addr_in[30],0,-1,5,2.8709360125225673e-15,0.0,0.0,0.0
conf_wb_err_addr_in[31],0,-1,4,2.3458569003878375e-15,0.0,0.0,0.0
conf_wb_err_addr_in[3],0,-1,5,2.8254581783097735e-15,0.0,0.0,0.0
conf_wb_err_addr_in[4],0,-1,6,3.1613899628831713e-15,0.0,0.0,0.0
conf_wb_err_addr_in[5],0,-1,5,2.7652150775186795e-15,0.0,0.0,0.0
conf_wb_err_addr_in[6],0,-1,6,3.098109825459697e-15,0.0,0.0,0.0
conf_wb_err_addr_in[7],0,-1,5,2.7108832079082365e-15,0.0,0.0,0.0
conf_wb_err_addr_in[8],0,-1,6,3.288988064848743e-15,0.0,0.0,0.0
conf_wb_err_addr_in[9],0,-1,5,2.7188389648653225e-15,0.0,0.0,0.0
conf_wb_err_bc_in[1],0,-1,5,2.39297099049649e-15,0.0,0.0,0.0
conf_wb_err_bc_in[2],0,-1,5,2.6614160602721117e-15,0.0,0.0,0.0
conf_wb_err_bc_in[3],0,-1,6,2.6092269722599853e-15,0.0,0.0,0.0
conf_wb_err_data_in[10],0,-1,3,1.9744149535666977e-15,0.0,0.0,0.0
conf_wb_err_data_in[11],0,-1,3,1.899013986426251e-15,0.0,0.0,0.0
conf_wb_err_data_in[12],0,-1,3,1.6839380274373994e-15,0.0,0.0,0.0
conf_wb_err_data_in[13],0,-1,3,1.901663081968789e-15,0.0,0.0,0.0
conf_wb_err_data_in[14],0,-1,3,1.9210910531634873e-15,0.0,0.0,0.0
conf_wb_err_data_in[15],0,-1,3,2.0447529930231684e-15,0.0,0.0,0.0
conf_wb_err_data_in[16],0,-1,3,1.6839380274373994e-15,0.0,0.0,0.0
conf_wb_err_data_in[17],0,-1,3,1.6406580319644937e-15,0.0,0.0,0.0
conf_wb_err_data_in[18],0,-1,3,2.9734909501278554e-15,0.0,0.0,0.0
conf_wb_err_data_in[19],0,-1,3,2.875039040119067e-15,0.0,0.0,0.0
conf_wb_err_data_in[1],0,-1,3,1.8812030011278614e-15,0.0,0.0,0.0
conf_wb_err_data_in[20],0,-1,3,1.8365249777755124e-15,0.0,0.0,0.0
conf_wb_err_data_in[21],0,-1,3,1.8577639054114404e-15,0.0,0.0,0.0
conf_wb_err_data_in[22],0,-1,3,2.829656920629313e-15,0.0,0.0,0.0
conf_wb_err_data_in[23],0,-1,3,3.1798991150883355e-15,0.0,0.0,0.0
conf_wb_err_data_in[24],0,-1,3,1.8365249777755124e-15,0.0,0.0,0.0
conf_wb_err_data_in[25],0,-1,3,1.8393669850717874e-15,0.0,0.0,0.0
conf_wb_err_data_in[26],0,-1,4,3.1916688496486708e-15,0.0,0.0,0.0
conf_wb_err_data_in[27],0,-1,3,2.751475991355978e-15,0.0,0.0,0.0
conf_wb_err_data_in[28],0,-1,3,2.341548043785155e-15,0.0,0.0,0.0
conf_wb_err_data_in[29],0,-1,3,2.868611118840591e-15,0.0,0.0,0.0
conf_wb_err_data_in[2],0,-1,3,1.88281998702417e-15,0.0,0.0,0.0
conf_wb_err_data_in[30],0,-1,3,2.491449158526643e-15,0.0,0.0,0.0
conf_wb_err_data_in[31],0,-1,3,3.080498104662149e-15,0.0,0.0,0.0
conf_wb_err_data_in[3],0,-1,3,1.9005801503457244e-15,0.0,0.0,0.0
conf_wb_err_data_in[4],0,-1,4,2.084320019571785e-15,0.0,0.0,0.0
conf_wb_err_data_in[5],0,-1,3,1.9005801503457244e-15,0.0,0.0,0.0
conf_wb_err_data_in[6],0,-1,3,1.9006309723225596e-15,0.0,0.0,0.0
conf_wb_err_data_in[7],0,-1,3,1.828963938171847e-15,0.0,0.0,0.0
conf_wb_err_data_in[8],0,-1,3,1.863228961987125e-15,0.0,0.0,0.0
conf_wb_err_data_in[9],0,-1,3,1.8812030011278614e-15,0.0,0.0,0.0
conf_wb_img_ctrl1_out[0],0,-1,3,1.3728930237663986e-15,0.0,0.0,0.0
conf_wb_img_ctrl1_out[1],0,-1,3,1.250312956738598e-15,0.0,0.0,0.0
conf_wb_img_ctrl2_out[0],0,-1,3,1.086910030938758e-15,0.0,0.0,0.0
conf_wb_img_ctrl2_out[1],0,-1,3,1.086910030938758e-15,0.0,0.0,0.0
conf_wb_init_complete_out,0,-1,2,6.223599990939389e-16,0.0,0.0,0.0
conf_wb_mem_io1_out,0,-1,3,1.4426451281816062e-15,0.0,0.0,0.0
conf_wb_mem_io2_out,0,-1,3,1.4898269809260388e-15,0.0,0.0,0.0
configuration_block_set_isr_bit2,0,-1,2,6.783000666338627e-16,0.0,0.0,0.0
configuration_block_set_pci_err_cs_bit8,0,-1,2,6.997749988247193e-16,0.0,0.0,0.0
configuration_cache_line_size_reg[0],0,-1,3,1.4502430137184772e-15,0.0,0.0,0.0
configuration_cache_line_size_reg[1],0,-1,3,1.3588479469515014e-15,0.0,0.0,0.0
configuration_command_bit2_0[0],0,-1,3,1.4208159244605604e-15,0.0,0.0,0.0
configuration_command_bit2_0[1],0,-1,3,1.3679990791554e-15,0.0,0.0,0.0
configuration_command_bit2_0[2],0,-1,3,1.08959406659037e-15,0.0,0.0,0.0
configuration_command_bit6,0,-1,3,1.4805009364185322e-15,0.0,0.0,0.0
configuration_command_bit8,0,-1,3,1.3559010134488853e-15,0.0,0.0,0.0
configuration_icr_bit2_0[0],0,-1,3,1.2306630629117191e-15,0.0,0.0,0.0
configuration_icr_bit2_0[1],0,-1,3,1.3591810426580092e-15,0.0,0.0,0.0
configuration_icr_bit2_0[2],0,-1,3,1.2775719592888991e-15,0.0,0.0,0.0
configuration_int_meta,0,-1,1,2.7572301508644724e-16,0.0,0.0,0.0
configuration_interrupt_line[0],0,-1,2,1.1672480354913946e-15,0.0,0.0,0.0
configuration_interrupt_line[1],0,-1,2,1.0277980367696038e-15,0.0,0.0,0.0
configuration_interrupt_line[2],0,-1,2,1.0832290375082276e-15,0.0,0.0,0.0
configuration_interrupt_line[3],0,-1,2,1.1276560214708341e-15,0.0,0.0,0.0
configuration_interrupt_line[4],0,-1,2,1.001930074076931e-15,0.0,0.0,0.0
configuration_interrupt_line[5],0,-1,2,1.0974120748144089e-15,0.0,0.0,0.0
configuration_interrupt_line[6],0,-1,2,1.1698211098269164e-15,0.0,0.0,0.0
configuration_interrupt_line[7],0,-1,2,1.088844971827642e-15,0.0,0.0,0.0
configuration_isr_bit2_0[0],0,-1,1,2.7572301508644724e-16,0.0,0.0,0.0
configuration_isr_bit2_0[1],0,-1,3,1.296099005065074e-15,0.0,0.0,0.0
configuration_isr_bit2_0[2],0,-1,1,5.561349928106575e-16,0.0,0.0,0.0
configuration_meta_cache_lsize_to_wb_bits[2],0,-1,1,2.7572301508644724e-16,0.0,0.0,0.0
configuration_meta_cache_lsize_to_wb_bits[3],0,-1,1,2.7572301508644724e-16,0.0,0.0,0.0
configuration_meta_cache_lsize_to_wb_bits[4],0,-1,1,2.7572301508644724e-16,0.0,0.0,0.0
configuration_meta_cache_lsize_to_wb_bits[5],0,-1,1,2.7572301508644724e-16,0.0,0.0,0.0
configuration_meta_cache_lsize_to_wb_bits[6],0,-1,1,2.7572301508644724e-16,0.0,0.0,0.0
configuration_meta_cache_lsize_to_wb_bits[7],0,-1,1,2.7572301508644724e-16,0.0,0.0,0.0
configuration_meta_cache_lsize_to_wb_bits[8],0,-1,1,2.7572301508644724e-16,0.0,0.0,0.0
configuration_meta_command_bit,0,-1,1,2.7572301508644724e-16,0.0,0.0,0.0
configuration_meta_isr_bit2,0,-1,1,2.7572301508644724e-16,0.0,0.0,0.0
configuration_meta_isr_int_prop_bit,0,-1,1,2.7572301508644724e-16,0.0,0.0,0.0
configuration_meta_pci_err_cs_bits,0,-1,1,2.7572301508644724e-16,0.0,0.0,0.0
configuration_n_8596,0,-1,2,9.62309049177927e-16,0.0,0.0,0.0
configuration_n_8597,0,-1,2,9.333340637556072e-16,0.0,0.0,0.0
configuration_pci_err_addr[0],0,-1,2,8.208139952841091e-16,0.0,0.0,0.0
configuration_pci_err_addr[10],0,-1,2,9.46763982892561e-16,0.0,0.0,0.0
configuration_pci_err_addr[11],0,-1,2,9.806829937488858e-16,0.0,0.0,0.0
configuration_pci_err_addr[12],0,-1,2,9.289529975941711e-16,0.0,0.0,0.0
configuration_pci_err_addr[13],0,-1,2,8.090859770964261e-16,0.0,0.0,0.0
configuration_pci_err_addr[14],0,-1,2,8.05542997096739e-16,0.0,0.0,0.0
configuration_pci_err_addr[15],0,-1,2,7.745320091670158e-16,0.0,0.0,0.0
configuration_pci_err_addr[16],0,-1,2,8.090859770964261e-16,0.0,0.0,0.0
configuration_pci_err_addr[17],0,-1,2,7.847670259060447e-16,0.0,0.0,0.0
configuration_pci_err_addr[18],0,-1,2,7.669560406076549e-16,0.0,0.0,0.0
configuration_pci_err_addr[19],0,-1,3,1.4655829921514894e-15,0.0,0.0,0.0
configuration_pci_err_addr[1],0,-1,2,6.41645033478788e-16,0.0,0.0,0.0
configuration_pci_err_addr[20],0,-1,2,7.669560406076549e-16,0.0,0.0,0.0
configuration_pci_err_addr[21],0,-1,2,1.113486007296217e-15,0.0,0.0,0.0
configuration_pci_err_addr[22],0,-1,2,7.669560406076549e-16,0.0,0.0,0.0
configuration_pci_err_addr[23],0,-1,2,8.119540306558292e-16,0.0,0.0,0.0
configuration_pci_err_addr[24],0,-1,2,7.275280333415065e-16,0.0,0.0,0.0
configuration_pci_err_addr[25],0,-1,2,9.289529975941711e-16,0.0,0.0,0.0
configuration_pci_err_addr[26],0,-1,2,9.448410063440569e-16,0.0,0.0,0.0
configuration_pci_err_addr[27],0,-1,2,1.0980049978774869e-15,0.0,0.0,0.0
configuration_pci_err_addr[28],0,-1,2,9.37265037784696e-16,0.0,0.0,0.0
configuration_pci_err_addr[29],0,-1,2,9.289529975941711e-16,0.0,0.0,0.0
configuration_pci_err_addr[2],0,-1,2,8.119540306558292e-16,0.0,0.0,0.0
configuration_pci_err_addr[30],0,-1,2,9.289529975941711e-16,0.0,0.0,0.0
configuration_pci_err_addr[31],0,-1,2,8.119540306558292e-16,0.0,0.0,0.0
configuration_pci_err_addr[3],0,-1,2,8.608609718764636e-16,0.0,0.0,0.0
configuration_pci_err_addr[4],0,-1,2,9.793949742734672e-16,0.0,0.0,0.0
configuration_pci_err_addr[5],0,-1,2,1.0130689808497987e-15,0.0,0.0,0.0
configuration_pci_err_addr[6],0,-1,2,6.41645033478788e-16,0.0,0.0,0.0
configuration_pci_err_addr[7],0,-1,2,6.41645033478788e-16,0.0,0.0,0.0
configuration_pci_err_addr[8],0,-1,2,6.41645033478788e-16,0.0,0.0,0.0
configuration_pci_err_addr[9],0,-1,2,8.090859770964261e-16,0.0,0.0,0.0
configuration_pci_err_cs_bit0,0,-1,3,1.4493009013228936e-15,0.0,0.0,0.0
configuration_pci_err_cs_bit10,0,-1,2,9.88961046742402e-16,0.0,0.0,0.0
configuration_pci_err_cs_bit31_24[24],0,-1,2,7.782260257291102e-16,0.0,0.0,0.0
configuration_pci_err_cs_bit31_24[25],0,-1,2,9.455069859988356e-16,0.0,0.0,0.0
configuration_pci_err_cs_bit31_24[26],0,-1,2,7.854790629773303e-16,0.0,0.0,0.0
configuration_pci_err_cs_bit31_24[27],0,-1,2,1.0660210337891645e-15,0.0,0.0,0.0
configuration_pci_err_cs_bit31_24[28],0,-1,2,9.032510533591603e-16,0.0,0.0,0.0
configuration_pci_err_cs_bit31_24[29],0,-1,2,1.071530030198988e-15,0.0,0.0,0.0
configuration_pci_err_cs_bit31_24[30],0,-1,2,7.669560406076549e-16,0.0,0.0,0.0
configuration_pci_err_cs_bit31_24[31],0,-1,2,1.0799060213770306e-15,0.0,0.0,0.0
configuration_pci_err_cs_bit8,0,-1,1,5.716630125579601e-16,0.0,0.0,0.0
configuration_pci_err_cs_bit9,0,-1,2,7.722939893016923e-16,0.0,0.0,0.0
configuration_pci_err_data[0],0,-1,2,9.276960007004458e-16,0.0,0.0,0.0
configuration_pci_err_data[10],0,-1,2,8.818959763303401e-16,0.0,0.0,0.0
configuration_pci_err_data[11],0,-1,2,9.276960007004458e-16,0.0,0.0,0.0
configuration_pci_err_data[12],0,-1,2,8.090859770964261e-16,0.0,0.0,0.0
configuration_pci_err_data[13],0,-1,2,8.090859770964261e-16,0.0,0.0,0.0
configuration_pci_err_data[14],0,-1,2,8.208490412723018e-16,0.0,0.0,0.0
configuration_pci_err_data[15],0,-1,2,9.64683070770844e-16,0.0,0.0,0.0
configuration_pci_err_data[16],0,-1,2,6.41645033478788e-16,0.0,0.0,0.0
configuration_pci_err_data[17],0,-1,2,9.737559583062401e-16,0.0,0.0,0.0
configuration_pci_err_data[18],0,-1,2,9.965740729932053e-16,0.0,0.0,0.0
configuration_pci_err_data[19],0,-1,2,8.208490412723018e-16,0.0,0.0,0.0
configuration_pci_err_data[1],0,-1,2,1.0036609859046452e-15,0.0,0.0,0.0
configuration_pci_err_data[20],0,-1,2,8.934889986420545e-16,0.0,0.0,0.0
configuration_pci_err_data[21],0,-1,2,9.455069859988356e-16,0.0,0.0,0.0
configuration_pci_err_data[22],0,-1,2,9.107899642270788e-16,0.0,0.0,0.0
configuration_pci_err_data[23],0,-1,2,7.854790629773303e-16,0.0,0.0,0.0
configuration_pci_err_data[24],0,-1,2,8.758750014434605e-16,0.0,0.0,0.0
configuration_pci_err_data[25],0,-1,2,7.854790629773303e-16,0.0,0.0,0.0
configuration_pci_err_data[26],0,-1,2,1.338832981924356e-15,0.0,0.0,0.0
configuration_pci_err_data[27],0,-1,2,7.945800084791042e-16,0.0,0.0,0.0
configuration_pci_err_data[28],0,-1,2,1.071530030198988e-15,0.0,0.0,0.0
configuration_pci_err_data[29],0,-1,2,9.289529975941711e-16,0.0,0.0,0.0
configuration_pci_err_data[2],0,-1,2,9.221870042906222e-16,0.0,0.0,0.0
configuration_pci_err_data[30],0,-1,2,1.2822639924210959e-15,0.0,0.0,0.0
configuration_pci_err_data[31],0,-1,2,6.41645033478788e-16,0.0,0.0,0.0
configuration_pci_err_data[3],0,-1,2,9.670530689572616e-16,0.0,0.0,0.0
configuration_pci_err_data[4],0,-1,2,6.41645033478788e-16,0.0,0.0,0.0
configuration_pci_err_data[5],0,-1,2,8.934889986420545e-16,0.0,0.0,0.0
configuration_pci_err_data[6],0,-1,2,6.41645033478788e-16,0.0,0.0,0.0
configuration_pci_err_data[7],0,-1,2,6.594560187771778e-16,0.0,0.0,0.0
configuration_pci_err_data[8],0,-1,2,8.000970517019266e-16,0.0,0.0,0.0
configuration_pci_err_data[9],0,-1,2,6.41645033478788e-16,0.0,0.0,0.0
configuration_pci_img_ctrl1_bit2_1[2],0,-1,2,6.995290416326604e-16,0.0,0.0,0.0
configuration_pci_ta1[10],0,-1,2,8.457410102515007e-16,0.0,0.0,0.0
configuration_pci_ta1[11],0,-1,2,1.069536008762033e-15,0.0,0.0,0.0
configuration_pci_ta1[12],0,-1,2,8.574690284391838e-16,0.0,0.0,0.0
configuration_pci_ta1[13],0,-1,2,8.840260524344478e-16,0.0,0.0,0.0
configuration_pci_ta1[14],0,-1,2,9.116500203058971e-16,0.0,0.0,0.0
configuration_pci_ta1[15],0,-1,2,9.656080307492458e-16,0.0,0.0,0.0
configuration_pci_ta1[16],0,-1,2,1.0037079962332178e-15,0.0,0.0,0.0
configuration_pci_ta1[17],0,-1,2,8.574690284391838e-16,0.0,0.0,0.0
configuration_pci_ta1[18],0,-1,2,8.574690284391838e-16,0.0,0.0,0.0
configuration_pci_ta1[19],0,-1,2,8.111870423220904e-16,0.0,0.0,0.0
configuration_pci_ta1[20],0,-1,2,8.574690284391838e-16,0.0,0.0,0.0
configuration_pci_ta1[21],0,-1,2,9.381420345224594e-16,0.0,0.0,0.0
configuration_pci_ta1[22],0,-1,2,8.574690284391838e-16,0.0,0.0,0.0
configuration_pci_ta1[23],0,-1,2,8.367520319174421e-16,0.0,0.0,0.0
configuration_pci_ta1[24],0,-1,2,1.0277630966605295e-15,0.0,0.0,0.0
configuration_pci_ta1[25],0,-1,2,1.1346451020768662e-15,0.0,0.0,0.0
configuration_pci_ta1[26],0,-1,2,8.4859402897609e-16,0.0,0.0,0.0
configuration_pci_ta1[27],0,-1,2,9.739050361049569e-16,0.0,0.0,0.0
configuration_pci_ta1[28],0,-1,2,1.1691470833591388e-15,0.0,0.0,0.0
configuration_pci_ta1[29],0,-1,2,1.1698211098269164e-15,0.0,0.0,0.0
configuration_pci_ta1[30],0,-1,2,1.0561970397877907e-15,0.0,0.0,0.0
configuration_pci_ta1[31],0,-1,2,1.001930074076931e-15,0.0,0.0,0.0
configuration_pci_ta1[8],0,-1,2,8.367520319174421e-16,0.0,0.0,0.0
configuration_pci_ta1[9],0,-1,2,9.995270416055706e-16,0.0,0.0,0.0
configuration_rst_inactive,0,-1,1,3.385409901580759e-16,0.0,0.0,0.0
configuration_rst_inactive_sync,0,-1,1,2.7572301508644724e-16,0.0,0.0,0.0
configuration_set_isr_bit2,0,-1,2,7.704430105537048e-16,0.0,0.0,0.0
configuration_set_pci_err_cs_bit8,0,-1,2,8.982060192461953e-16,0.0,0.0,0.0
configuration_status_bit15_11[11],0,-1,2,9.332579366694727e-16,0.0,0.0,0.0
configuration_status_bit15_11[12],0,-1,2,8.029130127350736e-16,0.0,0.0,0.0
configuration_status_bit15_11[13],0,-1,2,9.561130031687619e-16,0.0,0.0,0.0
configuration_status_bit15_11[14],0,-1,2,1.312194007491445e-15,0.0,0.0,0.0
configuration_status_bit15_11[15],0,-1,2,7.908530635111852e-16,0.0,0.0,0.0
configuration_status_bit8,0,-1,2,9.803430158996816e-16,0.0,0.0,0.0
configuration_sync_command_bit,0,-1,2,7.294840441749535e-16,0.0,0.0,0.0
configuration_sync_init_complete,0,-1,1,2.7572301508644724e-16,0.0,0.0,0.0
configuration_sync_isr_2_delayed_bckp_bit,0,-1,1,2.7572301508644724e-16,0.0,0.0,0.0
configuration_sync_isr_2_delayed_del_bit,0,-1,1,2.7572301508644724e-16,0.0,0.0,0.0
configuration_sync_isr_2_meta_bckp_bit,0,-1,1,2.7572301508644724e-16,0.0,0.0,0.0
configuration_sync_isr_2_meta_del_bit,0,-1,1,2.7572301508644724e-16,0.0,0.0,0.0
configuration_sync_isr_2_sync_bckp_bit,0,-1,2,6.124059855351616e-16,0.0,0.0,0.0
configuration_sync_isr_2_sync_del_bit,0,-1,2,6.124059855351616e-16,0.0,0.0,0.0
configuration_sync_pci_err_cs_8_delayed_bckp_bit,0,-1,1,2.7572301508644724e-16,0.0,0.0,0.0
configuration_sync_pci_err_cs_8_delayed_del_bit,0,-1,1,5.392289563372905e-16,0.0,0.0,0.0
configuration_sync_pci_err_cs_8_meta_bckp_bit,0,-1,1,2.7572301508644724e-16,0.0,0.0,0.0
configuration_sync_pci_err_cs_8_meta_del_bit,0,-1,1,2.7572301508644724e-16,0.0,0.0,0.0
configuration_sync_pci_err_cs_8_sync_bckp_bit,0,-1,2,6.124059855351616e-16,0.0,0.0,0.0
configuration_sync_pci_err_cs_8_sync_del_bit,0,-1,1,2.7572301508644724e-16,0.0,0.0,0.0
configuration_wb_err_addr[0],0,-1,2,9.995270416055706e-16,0.0,0.0,0.0
configuration_wb_err_addr[10],0,-1,2,7.863100022985868e-16,0.0,0.0,0.0
configuration_wb_err_addr[11],0,-1,2,8.212540289002077e-16,0.0,0.0,0.0
configuration_wb_err_addr[12],0,-1,2,9.643510338555204e-16,0.0,0.0,0.0
configuration_wb_err_addr[13],0,-1,2,8.457410102515007e-16,0.0,0.0,0.0
configuration_wb_err_addr[14],0,-1,2,8.457410102515007e-16,0.0,0.0,0.0
configuration_wb_err_addr[15],0,-1,2,8.457410102515007e-16,0.0,0.0,0.0
configuration_wb_err_addr[16],0,-1,2,6.783000666338627e-16,0.0,0.0,0.0
configuration_wb_err_addr[17],0,-1,2,1.0855199439931953e-15,0.0,0.0,0.0
configuration_wb_err_addr[18],0,-1,2,9.643510338555204e-16,0.0,0.0,0.0
configuration_wb_err_addr[19],0,-1,2,1.0156270203505067e-15,0.0,0.0,0.0
configuration_wb_err_addr[1],0,-1,2,1.02250503376133e-15,0.0,0.0,0.0
configuration_wb_err_addr[20],0,-1,2,8.212540289002077e-16,0.0,0.0,0.0
configuration_wb_err_addr[21],0,-1,2,9.995270416055706e-16,0.0,0.0,0.0
configuration_wb_err_addr[22],0,-1,2,8.574690284391838e-16,0.0,0.0,0.0
configuration_wb_err_addr[23],0,-1,2,7.392600219961298e-16,0.0,0.0,0.0
configuration_wb_err_addr[24],0,-1,2,8.024099810435229e-16,0.0,0.0,0.0
configuration_wb_err_addr[25],0,-1,2,1.0493289790140976e-15,0.0,0.0,0.0
configuration_wb_err_addr[26],0,-1,2,7.932520725760462e-16,0.0,0.0,0.0
configuration_wb_err_addr[27],0,-1,2,8.574690284391838e-16,0.0,0.0,0.0
configuration_wb_err_addr[28],0,-1,2,1.0332290002691615e-15,0.0,0.0,0.0
configuration_wb_err_addr[29],0,-1,2,9.995270416055706e-16,0.0,0.0,0.0
configuration_wb_err_addr[2],0,-1,2,9.677620355341135e-16,0.0,0.0,0.0
configuration_wb_err_addr[30],0,-1,2,8.024099810435229e-16,0.0,0.0,0.0
configuration_wb_err_addr[31],0,-1,2,8.024099810435229e-16,0.0,0.0,0.0
configuration_wb_err_addr[3],0,-1,2,8.024099810435229e-16,0.0,0.0,0.0
configuration_wb_err_addr[4],0,-1,2,6.944000453787988e-16,0.0,0.0,0.0
configuration_wb_err_addr[5],0,-1,2,8.036110208231703e-16,0.0,0.0,0.0
configuration_wb_err_addr[6],0,-1,2,8.457410102515007e-16,0.0,0.0,0.0
configuration_wb_err_addr[7],0,-1,2,6.783000666338627e-16,0.0,0.0,0.0
configuration_wb_err_addr[8],0,-1,2,8.197109995681064e-16,0.0,0.0,0.0
configuration_wb_err_addr[9],0,-1,2,6.936850436921977e-16,0.0,0.0,0.0
configuration_wb_err_cs_bit0,0,-1,3,1.462378031237316e-15,0.0,0.0,0.0
configuration_wb_err_cs_bit31_24[24],0,-1,2,8.212540289002077e-16,0.0,0.0,0.0
configuration_wb_err_cs_bit31_24[25],0,-1,2,9.995270416055706e-16,0.0,0.0,0.0
configuration_wb_err_cs_bit31_24[26],0,-1,2,9.185510094854147e-16,0.0,0.0,0.0
configuration_wb_err_cs_bit31_24[27],0,-1,2,9.995270416055706e-16,0.0,0.0,0.0
configuration_wb_err_cs_bit31_24[28],0,-1,2,8.735690071841199e-16,0.0,0.0,0.0
configuration_wb_err_cs_bit31_24[29],0,-1,2,1.1799410359642371e-15,0.0,0.0,0.0
configuration_wb_err_cs_bit31_24[30],0,-1,2,8.574690284391838e-16,0.0,0.0,0.0
configuration_wb_err_cs_bit31_24[31],0,-1,2,9.953050058799815e-16,0.0,0.0,0.0
configuration_wb_err_cs_bit8,0,-1,2,1.1677790192702047e-15,0.0,0.0,0.0
configuration_wb_err_cs_bit9,0,-1,2,8.255510270416288e-16,0.0,0.0,0.0
configuration_wb_err_data[0],0,-1,2,9.503230035786867e-16,0.0,0.0,0.0
configuration_wb_err_data[10],0,-1,2,9.67965958716165e-16,0.0,0.0,0.0
configuration_wb_err_data[11],0,-1,2,8.024099810435229e-16,0.0,0.0,0.0
configuration_wb_err_data[12],0,-1,2,9.995270416055706e-16,0.0,0.0,0.0
configuration_wb_err_data[13],0,-1,2,8.837600311494508e-16,0.0,0.0,0.0
configuration_wb_err_data[14],0,-1,2,8.998600628339461e-16,0.0,0.0,0.0
configuration_wb_err_data[15],0,-1,2,1.1462390773006462e-15,0.0,0.0,0.0
configuration_wb_err_data[16],0,-1,2,8.457410102515007e-16,0.0,0.0,0.0
configuration_wb_err_data[17],0,-1,2,9.421429946488151e-16,0.0,0.0,0.0
configuration_wb_err_data[18],0,-1,2,1.4944060410388956e-15,0.0,0.0,0.0
configuration_wb_err_data[19],0,-1,2,8.980910345236055e-16,0.0,0.0,0.0
configuration_wb_err_data[1],0,-1,2,8.457410102515007e-16,0.0,0.0,0.0
configuration_wb_err_data[20],0,-1,2,8.477359846005214e-16,0.0,0.0,0.0
configuration_wb_err_data[21],0,-1,2,1.0156270203505067e-15,0.0,0.0,0.0
configuration_wb_err_data[22],0,-1,2,9.643510338555204e-16,0.0,0.0,0.0
configuration_wb_err_data[23],0,-1,2,1.044803070218681e-15,0.0,0.0,0.0
configuration_wb_err_data[24],0,-1,2,8.373540076451439e-16,0.0,0.0,0.0
configuration_wb_err_data[25],0,-1,2,9.643510338555204e-16,0.0,0.0,0.0
configuration_wb_err_data[26],0,-1,2,8.155700143076578e-16,0.0,0.0,0.0
configuration_wb_err_data[27],0,-1,2,1.0156270203505067e-15,0.0,0.0,0.0
configuration_wb_err_data[28],0,-1,2,8.367520319174421e-16,0.0,0.0,0.0
configuration_wb_err_data[29],0,-1,2,1.111063069550596e-15,0.0,0.0,0.0
configuration_wb_err_data[2],0,-1,2,6.783000666338627e-16,0.0,0.0,0.0
configuration_wb_err_data[30],0,-1,2,8.373540076451439e-16,0.0,0.0,0.0
configuration_wb_err_data[31],0,-1,2,8.212540289002077e-16,0.0,0.0,0.0
configuration_wb_err_data[3],0,-1,2,8.212540289002077e-16,0.0,0.0,0.0
configuration_wb_err_data[4],0,-1,2,8.457410102515007e-16,0.0,0.0,0.0
configuration_wb_err_data[5],0,-1,2,8.367520319174421e-16,0.0,0.0,0.0
configuration_wb_err_data[6],0,-1,2,8.618409889964368e-16,0.0,0.0,0.0
configuration_wb_err_data[7],0,-1,2,6.783000666338627e-16,0.0,0.0,0.0
configuration_wb_err_data[8],0,-1,2,1.0151649638777795e-15,0.0,0.0,0.0
configuration_wb_err_data[9],0,-1,2,8.457410102515007e-16,0.0,0.0,0.0
configuration_wb_img_ctrl1_bit2_0[2],0,-1,2,8.212540289002077e-16,0.0,0.0,0.0
configuration_wb_img_ctrl2_bit2_0[2],0,-1,2,6.783000666338627e-16,0.0,0.0,0.0
configuration_wb_ta1[31],0,-1,2,9.268130747320516e-16,0.0,0.0,0.0
configuration_wb_ta2[31],0,-1,2,8.76891017463692e-16,0.0,0.0,0.0
i_pci_wbs_wbb3_2_wbb2_wbs_dat_i_o_valid,0,-1,3,1.2686699606506116e-15,0.0,0.0,0.0
in_reg_ad_out[0],0,-1,3,1.6738539943212186e-15,0.0,0.0,0.0
in_reg_ad_out[1],0,-1,4,2.2706770088466244e-15,0.0,0.0,0.0
in_reg_ad_out[2],0,-1,4,2.0247409926113383e-15,0.0,0.0,0.0
in_reg_ad_out[3],0,-1,6,3.007661106253041e-15,0.0,0.0,0.0
in_reg_cbe_out[0],0,-1,1,6.771590073747927e-16,0.0,0.0,0.0
in_reg_cbe_out[1],0,-1,2,1.6106791007414406e-15,0.0,0.0,0.0
in_reg_cbe_out[2],0,-1,1,1.297109938887622e-15,0.0,0.0,0.0
in_reg_cbe_out[3],0,-1,3,2.02699706486635e-15,0.0,0.0,0.0
in_reg_devsel_out,0,-1,3,1.2373249770418742e-15,0.0,0.0,0.0
in_reg_frame_out,0,-1,4,1.4938241294041319e-15,0.0,0.0,0.0
in_reg_idsel_out,0,-1,2,6.41645033478788e-16,0.0,0.0,0.0
in_reg_irdy_out,0,-1,3,1.6127719073958692e-15,0.0,0.0,0.0
in_reg_stop_out,0,-1,4,1.693974097312942e-15,0.0,0.0,0.0
in_reg_trdy_out,0,-1,3,1.2445699674770955e-15,0.0,0.0,0.0
inc_i_pci_wbs_wbb3_2_wbb2_add_239_48_n_285,0,-1,1,1.0644999743741326e-15,0.0,0.0,0.0
inc_i_pci_wbs_wbb3_2_wbb2_add_239_48_n_288,0,-1,1,1.0271899729925936e-15,0.0,0.0,0.0
inc_i_pci_wbs_wbb3_2_wbb2_add_239_48_n_289,0,-1,1,1.0271899729925936e-15,0.0,0.0,0.0
inc_i_pci_wbs_wbb3_2_wbb2_add_239_48_n_291,0,-1,1,1.0271899729925936e-15,0.0,0.0,0.0
inc_i_pci_wbs_wbb3_2_wbb2_add_239_48_n_294,0,-1,1,1.0644999743741326e-15,0.0,0.0,0.0
inc_i_pci_wbs_wbb3_2_wbb2_add_239_48_n_297,0,-1,1,1.0161499573163178e-15,0.0,0.0,0.0
inc_i_pci_wbs_wbb3_2_wbb2_add_239_48_n_299,0,-1,1,1.0161499573163178e-15,0.0,0.0,0.0
inc_i_pci_wbs_wbb3_2_wbb2_add_239_48_n_305,0,-1,1,9.818610048202797e-16,0.0,0.0,0.0
inc_i_pci_wbs_wbb3_2_wbb2_add_239_48_n_307,0,-1,1,9.818610048202797e-16,0.0,0.0,0.0
inc_i_pci_wbs_wbb3_2_wbb2_add_239_48_n_310,0,-1,1,9.818610048202797e-16,0.0,0.0,0.0
inc_i_pci_wbs_wbb3_2_wbb2_add_239_48_n_312,0,-1,1,1.0161499573163178e-15,0.0,0.0,0.0
inc_i_pci_wbs_wbb3_2_wbb2_add_239_48_n_314,0,-1,1,1.0161499573163178e-15,0.0,0.0,0.0
inc_i_pci_wbs_wbb3_2_wbb2_add_239_48_n_318,0,-1,1,9.818610048202797e-16,0.0,0.0,0.0
inc_i_pci_wbs_wbb3_2_wbb2_add_239_48_n_320,0,-1,1,9.818610048202797e-16,0.0,0.0,0.0
inc_i_pci_wbs_wbb3_2_wbb2_add_239_48_n_322,0,-1,3,1.0464840071025073e-15,0.0,0.0,0.0
inc_i_pci_wbs_wbb3_2_wbb2_add_239_48_n_331,0,-1,1,9.818610048202797e-16,0.0,0.0,0.0
inc_i_pci_wbs_wbb3_2_wbb2_add_239_48_n_335,0,-1,1,9.694659481866339e-16,0.0,0.0,0.0
inc_i_pci_wbs_wbb3_2_wbb2_add_239_48_n_337,0,-1,1,9.818610048202797e-16,0.0,0.0,0.0
inc_i_pci_wbs_wbb3_2_wbb2_add_239_48_n_339,0,-1,5,2.5561091126211945e-15,0.0,0.0,0.0
inc_i_pci_wbs_wbb3_2_wbb2_add_239_48_n_340,0,-1,2,1.0059549628840467e-15,0.0,0.0,0.0
inc_i_pci_wbs_wbb3_2_wbb2_add_239_48_n_342,0,-1,1,9.694659481866339e-16,0.0,0.0,0.0
inc_i_pci_wbs_wbb3_2_wbb2_add_239_48_n_348,0,-1,1,9.694659481866339e-16,0.0,0.0,0.0
inc_i_pci_wbs_wbb3_2_wbb2_add_239_48_n_350,0,-1,1,6.32291036884022e-16,0.0,0.0,0.0
inc_i_pci_wbs_wbb3_2_wbb2_add_239_48_n_353,0,-1,2,1.0398760913227396e-15,0.0,0.0,0.0
inc_i_pci_wbs_wbb3_2_wbb2_add_239_48_n_355,0,-1,4,2.047255975382305e-15,0.0,0.0,0.0
inc_i_pci_wbs_wbb3_2_wbb2_add_239_48_n_356,0,-1,2,1.0059549628840467e-15,0.0,0.0,0.0
inc_i_pci_wbs_wbb3_2_wbb2_add_239_48_n_362,0,-1,2,8.529619661268436e-16,0.0,0.0,0.0
inc_i_pci_wbs_wbb3_2_wbb2_add_239_48_n_364,0,-1,3,1.268178893299441e-15,0.0,0.0,0.0
inc_i_pci_wbs_wbb3_2_wbb2_add_239_48_n_365,0,-1,3,1.5387458864870533e-15,0.0,0.0,0.0
inc_i_pci_wbs_wbb3_2_wbb2_add_239_48_n_369,0,-1,1,5.159739844077789e-16,0.0,0.0,0.0
inc_i_pci_wbs_wbb3_2_wbb2_add_239_48_n_371,0,-1,2,1.0802480109294845e-15,0.0,0.0,0.0
inc_i_pci_wbs_wbb3_2_wbb2_add_239_48_n_372,0,-1,2,9.277170706450087e-16,0.0,0.0,0.0
inc_i_pci_wbs_wbb3_2_wbb2_add_239_48_n_374,0,-1,3,1.5300591400964868e-15,0.0,0.0,0.0
inc_i_pci_wbs_wbb3_2_wbb2_add_239_48_n_378,0,-1,2,9.935520711956388e-16,0.0,0.0,0.0
inc_i_pci_wbs_wbb3_2_wbb2_add_239_48_n_379,0,-1,2,7.972229630327744e-16,0.0,0.0,0.0
inc_i_pci_wbs_wbb3_2_wbb2_add_239_48_n_381,0,-1,3,1.6289781887756857e-15,0.0,0.0,0.0
inc_i_pci_wbs_wbb3_2_wbb2_add_239_48_n_383,0,-1,3,1.2809169982767247e-15,0.0,0.0,0.0
inc_i_pci_wbs_wbb3_2_wbb2_add_239_48_n_384,0,-1,1,3.385409901580759e-16,0.0,0.0,0.0
inc_i_pci_wbs_wbb3_2_wbb2_add_239_48_n_386,0,-1,3,1.8721840060637344e-15,0.0,0.0,0.0
inc_i_pci_wbs_wbb3_2_wbb2_add_239_48_n_390,0,-1,3,1.2809169982767247e-15,0.0,0.0,0.0
inc_i_pci_wbs_wbb3_2_wbb2_add_239_48_n_391,0,-1,1,3.385409901580759e-16,0.0,0.0,0.0
inc_i_pci_wbs_wbb3_2_wbb2_add_239_48_n_402,0,-1,1,9.135900433924647e-16,0.0,0.0,0.0
inc_i_pci_wbs_wbb3_2_wbb2_add_239_48_n_420,0,-1,5,3.1015000748310824e-15,0.0,0.0,0.0
inc_wishbone_slave_unit_pci_initiator_if_add_395_67_n_285,0,-1,1,1.0161499573163178e-15,0.0,0.0,0.0
inc_wishbone_slave_unit_pci_initiator_if_add_395_67_n_288,0,-1,1,1.0271899729925936e-15,0.0,0.0,0.0
inc_wishbone_slave_unit_pci_initiator_if_add_395_67_n_289,0,-1,1,1.0271899729925936e-15,0.0,0.0,0.0
inc_wishbone_slave_unit_pci_initiator_if_add_395_67_n_291,0,-1,1,1.0763600238224689e-15,0.0,0.0,0.0
inc_wishbone_slave_unit_pci_initiator_if_add_395_67_n_294,0,-1,1,1.0161499573163178e-15,0.0,0.0,0.0
inc_wishbone_slave_unit_pci_initiator_if_add_395_67_n_297,0,-1,1,1.0161499573163178e-15,0.0,0.0,0.0
inc_wishbone_slave_unit_pci_initiator_if_add_395_67_n_299,0,-1,1,1.0161499573163178e-15,0.0,0.0,0.0
inc_wishbone_slave_unit_pci_initiator_if_add_395_67_n_305,0,-1,1,1.0271899729925936e-15,0.0,0.0,0.0
inc_wishbone_slave_unit_pci_initiator_if_add_395_67_n_307,0,-1,1,1.0271899729925936e-15,0.0,0.0,0.0
inc_wishbone_slave_unit_pci_initiator_if_add_395_67_n_310,0,-1,1,1.0271899729925936e-15,0.0,0.0,0.0
inc_wishbone_slave_unit_pci_initiator_if_add_395_67_n_312,0,-1,1,1.0161499573163178e-15,0.0,0.0,0.0
inc_wishbone_slave_unit_pci_initiator_if_add_395_67_n_314,0,-1,1,1.0161499573163178e-15,0.0,0.0,0.0
inc_wishbone_slave_unit_pci_initiator_if_add_395_67_n_316,0,-1,1,9.694659481866339e-16,0.0,0.0,0.0
inc_wishbone_slave_unit_pci_initiator_if_add_395_67_n_318,0,-1,1,1.0271899729925936e-15,0.0,0.0,0.0
inc_wishbone_slave_unit_pci_initiator_if_add_395_67_n_320,0,-1,1,1.0271899729925936e-15,0.0,0.0,0.0
inc_wishbone_slave_unit_pci_initiator_if_add_395_67_n_321,0,-1,11,6.405061553295573e-15,0.0,0.0,0.0
inc_wishbone_slave_unit_pci_initiator_if_add_395_67_n_322,0,-1,3,1.0706339752199114e-15,0.0,0.0,0.0
inc_wishbone_slave_unit_pci_initiator_if_add_395_67_n_324,0,-1,1,9.694659481866339e-16,0.0,0.0,0.0
inc_wishbone_slave_unit_pci_initiator_if_add_395_67_n_327,0,-1,1,9.694659481866339e-16,0.0,0.0,0.0
inc_wishbone_slave_unit_pci_initiator_if_add_395_67_n_329,0,-1,1,9.694659481866339e-16,0.0,0.0,0.0
inc_wishbone_slave_unit_pci_initiator_if_add_395_67_n_331,0,-1,1,9.818610048202797e-16,0.0,0.0,0.0
inc_wishbone_slave_unit_pci_initiator_if_add_395_67_n_335,0,-1,1,9.694659481866339e-16,0.0,0.0,0.0
inc_wishbone_slave_unit_pci_initiator_if_add_395_67_n_337,0,-1,1,9.818610048202797e-16,0.0,0.0,0.0
inc_wishbone_slave_unit_pci_initiator_if_add_395_67_n_339,0,-1,5,2.5561091126211945e-15,0.0,0.0,0.0
inc_wishbone_slave_unit_pci_initiator_if_add_395_67_n_340,0,-1,2,1.0059549628840467e-15,0.0,0.0,0.0
inc_wishbone_slave_unit_pci_initiator_if_add_395_67_n_342,0,-1,1,9.694659481866339e-16,0.0,0.0,0.0
inc_wishbone_slave_unit_pci_initiator_if_add_395_67_n_345,0,-1,6,3.163720997554015e-15,0.0,0.0,0.0
inc_wishbone_slave_unit_pci_initiator_if_add_395_67_n_346,0,-1,4,2.185309852048784e-15,0.0,0.0,0.0
inc_wishbone_slave_unit_pci_initiator_if_add_395_67_n_348,0,-1,1,9.694659481866339e-16,0.0,0.0,0.0
inc_wishbone_slave_unit_pci_initiator_if_add_395_67_n_350,0,-1,1,6.32291036884022e-16,0.0,0.0,0.0
inc_wishbone_slave_unit_pci_initiator_if_add_395_67_n_353,0,-1,2,1.0398760913227396e-15,0.0,0.0,0.0
inc_wishbone_slave_unit_pci_initiator_if_add_395_67_n_355,0,-1,4,2.047255975382305e-15,0.0,0.0,0.0
inc_wishbone_slave_unit_pci_initiator_if_add_395_67_n_356,0,-1,2,9.930819679099126e-16,0.0,0.0,0.0
inc_wishbone_slave_unit_pci_initiator_if_add_395_67_n_359,0,-1,1,1.035410004229223e-15,0.0,0.0,0.0
inc_wishbone_slave_unit_pci_initiator_if_add_395_67_n_361,0,-1,4,2.644296889133392e-15,0.0,0.0,0.0
inc_wishbone_slave_unit_pci_initiator_if_add_395_67_n_362,0,-1,2,8.529619661268436e-16,0.0,0.0,0.0
inc_wishbone_slave_unit_pci_initiator_if_add_395_67_n_364,0,-1,3,1.2521199956524467e-15,0.0,0.0,0.0
inc_wishbone_slave_unit_pci_initiator_if_add_395_67_n_365,0,-1,3,1.5387458864870533e-15,0.0,0.0,0.0
inc_wishbone_slave_unit_pci_initiator_if_add_395_67_n_369,0,-1,1,1.0253500056729204e-15,0.0,0.0,0.0
inc_wishbone_slave_unit_pci_initiator_if_add_395_67_n_371,0,-1,2,1.0802480109294845e-15,0.0,0.0,0.0
inc_wishbone_slave_unit_pci_initiator_if_add_395_67_n_372,0,-1,2,9.277170706450087e-16,0.0,0.0,0.0
inc_wishbone_slave_unit_pci_initiator_if_add_395_67_n_374,0,-1,3,1.5300591400964868e-15,0.0,0.0,0.0
inc_wishbone_slave_unit_pci_initiator_if_add_395_67_n_376,0,-1,1,5.633400138786802e-16,0.0,0.0,0.0
inc_wishbone_slave_unit_pci_initiator_if_add_395_67_n_378,0,-1,2,1.0052779718009537e-15,0.0,0.0,0.0
inc_wishbone_slave_unit_pci_initiator_if_add_395_67_n_379,0,-1,2,7.972229630327744e-16,0.0,0.0,0.0
inc_wishbone_slave_unit_pci_initiator_if_add_395_67_n_381,0,-1,3,1.6289781887756857e-15,0.0,0.0,0.0
inc_wishbone_slave_unit_pci_initiator_if_add_395_67_n_383,0,-1,3,1.2809169982767247e-15,0.0,0.0,0.0
inc_wishbone_slave_unit_pci_initiator_if_add_395_67_n_384,0,-1,1,3.4990399008505153e-16,0.0,0.0,0.0
inc_wishbone_slave_unit_pci_initiator_if_add_395_67_n_386,0,-1,3,2.3571228621027934e-15,0.0,0.0,0.0
inc_wishbone_slave_unit_pci_initiator_if_add_395_67_n_390,0,-1,3,1.2809169982767247e-15,0.0,0.0,0.0
inc_wishbone_slave_unit_pci_initiator_if_add_395_67_n_391,0,-1,1,3.385409901580759e-16,0.0,0.0,0.0
inc_wishbone_slave_unit_pci_initiator_if_add_395_67_n_402,0,-1,1,9.455530434153425e-16,0.0,0.0,0.0
inc_wishbone_slave_unit_pci_initiator_if_add_395_67_n_420,0,-1,2,1.3139520243734713e-15,0.0,0.0,0.0
int_pci_cbe[0],0,-1,1,4.2380600007643353e-16,0.0,0.0,0.0
int_pci_cbe[1],0,-1,3,1.2941170538476173e-15,0.0,0.0,0.0
int_pci_cbe[2],0,-1,1,4.2380600007643353e-16,0.0,0.0,0.0
int_pci_cbe[3],0,-1,3,1.243468083491836e-15,0.0,0.0,0.0
int_pci_stop,0,-1,3,1.5152000646192782e-15,0.0,0.0,0.0
int_pci_trdy,0,-1,5,2.1074961115580835e-15,0.0,0.0,0.0
n_1,0,-1,9,4.829994046997308e-15,0.0,0.0,0.0
n_10,0,-1,10,5.256728822307551e-15,0.0,0.0,0.0
n_100,0,-1,1,4.431639851738649e-16,0.0,0.0,0.0
n_1000,0,-1,2,8.846740326390974e-16,0.0,0.0,0.0
n_10007,0,-1,9,5.11848499850265e-15,0.0,0.0,0.0
n_10008,0,-1,12,7.60957882670792e-15,0.0,0.0,0.0
n_1001,0,-1,2,8.846740326390974e-16,0.0,0.0,0.0
n_10010,0,-1,9,4.583515082642832e-15,0.0,0.0,0.0
n_10013,0,-1,3,1.5197839951715817e-15,0.0,0.0,0.0
n_1002,0,-1,2,8.211309973646191e-16,0.0,0.0,0.0
n_10020,0,-1,1,6.202159998857607e-16,0.0,0.0,0.0
n_1003,0,-1,1,3.36682996918494e-16,0.0,0.0,0.0
n_10031,0,-1,1,3.494820088586413e-16,0.0,0.0,0.0
n_10035,0,-1,1,3.616060149491657e-16,0.0,0.0,0.0
n_10038,0,-1,1,3.616060149491657e-16,0.0,0.0,0.0
n_1004,0,-1,2,9.985389776725985e-16,0.0,0.0,0.0
n_10046,0,-1,4,1.9002279963979034e-15,0.0,0.0,0.0
n_10047,0,-1,1,5.205109575710689e-16,0.0,0.0,0.0
n_1005,0,-1,2,7.075400145499955e-16,0.0,0.0,0.0
n_1006,0,-1,2,8.846740326390974e-16,0.0,0.0,0.0
n_1007,0,-1,2,8.846740326390974e-16,0.0,0.0,0.0
n_1008,0,-1,2,7.772490261640115e-16,0.0,0.0,0.0
n_1009,0,-1,2,8.82427965960775e-16,0.0,0.0,0.0
n_101,0,-1,1,6.431780042946407e-16,0.0,0.0,0.0
n_1010,0,-1,2,9.490400663009517e-16,0.0,0.0,0.0
n_1013,0,-1,7,4.920271665548618e-15,0.0,0.0,0.0
n_1014,0,-1,1,3.712599935561578e-16,0.0,0.0,0.0
n_1015,0,-1,1,5.678290238013319e-16,0.0,0.0,0.0
n_1016,0,-1,1,5.678290238013319e-16,0.0,0.0,0.0
n_1017,0,-1,1,6.286339721342515e-16,0.0,0.0,0.0
n_1018,0,-1,1,6.037300388146726e-16,0.0,0.0,0.0
n_1019,0,-1,1,5.238390029603903e-16,0.0,0.0,0.0
n_102,0,-1,1,6.199280086836942e-16,0.0,0.0,0.0
n_1020,0,-1,1,4.7960101322414e-16,0.0,0.0,0.0
n_1022,0,-1,1,5.467370034421934e-16,0.0,0.0,0.0
n_1023,0,-1,1,4.443300319048789e-16,0.0,0.0,0.0
n_1025,0,-1,1,4.025770250776358e-16,0.0,0.0,0.0
n_10250,0,-1,1,4.431639851738649e-16,0.0,0.0,0.0
n_10256,0,-1,1,4.431639851738649e-16,0.0,0.0,0.0
n_1026,0,-1,12,8.376357943308717e-15,0.0,0.0,0.0
n_10262,0,-1,1,4.431639851738649e-16,0.0,0.0,0.0
n_10273,0,-1,1,4.431639851738649e-16,0.0,0.0,0.0
n_10279,0,-1,1,4.431639851738649e-16,0.0,0.0,0.0
n_1028,0,-1,8,3.748830605210078e-15,0.0,0.0,0.0
n_10285,0,-1,1,4.431639851738649e-16,0.0,0.0,0.0
n_1029,0,-1,16,7.472768606166247e-15,0.0,0.0,0.0
n_10291,0,-1,1,4.431639851738649e-16,0.0,0.0,0.0
n_10297,0,-1,1,4.431639851738649e-16,0.0,0.0,0.0
n_103,0,-1,1,6.431780042946407e-16,0.0,0.0,0.0
n_1030,0,-1,16,8.049746274012195e-15,0.0,0.0,0.0
n_10303,0,-1,1,4.431639851738649e-16,0.0,0.0,0.0
n_10309,0,-1,1,4.431639851738649e-16,0.0,0.0,0.0
n_1031,0,-1,13,5.808627538651193e-15,0.0,0.0,0.0
n_10315,0,-1,1,4.431639851738649e-16,0.0,0.0,0.0
n_1032,0,-1,13,5.4267478165792755e-15,0.0,0.0,0.0
n_10321,0,-1,1,4.431639851738649e-16,0.0,0.0,0.0
n_10335,0,-1,2,8.3017497990069e-16,0.0,0.0,0.0
n_1034,0,-1,16,6.364863487201252e-15,0.0,0.0,0.0
n_10341,0,-1,1,4.431639851738649e-16,0.0,0.0,0.0
n_10347,0,-1,1,4.431639851738649e-16,0.0,0.0,0.0
n_10353,0,-1,1,4.431639851738649e-16,0.0,0.0,0.0
n_10359,0,-1,1,4.431639851738649e-16,0.0,0.0,0.0
n_10365,0,-1,1,4.431639851738649e-16,0.0,0.0,0.0
n_10371,0,-1,1,4.431639851738649e-16,0.0,0.0,0.0
n_10377,0,-1,1,4.431639851738649e-16,0.0,0.0,0.0
n_1038,0,-1,4,1.9759201311139686e-15,0.0,0.0,0.0
n_10383,0,-1,1,4.431639851738649e-16,0.0,0.0,0.0
n_10389,0,-1,1,4.431639851738649e-16,0.0,0.0,0.0
n_1039,0,-1,11,5.35837319949454e-15,0.0,0.0,0.0
n_10395,0,-1,1,4.431639851738649e-16,0.0,0.0,0.0
n_104,0,-1,1,6.431780042946407e-16,0.0,0.0,0.0
n_10401,0,-1,1,4.431639851738649e-16,0.0,0.0,0.0
n_10404,0,-1,2,8.449260057375645e-16,0.0,0.0,0.0
n_10406,0,-1,2,8.269559370637685e-16,0.0,0.0,0.0
n_10413,0,-1,1,4.431639851738649e-16,0.0,0.0,0.0
n_10419,0,-1,1,4.431639851738649e-16,0.0,0.0,0.0
n_10425,0,-1,1,4.431639851738649e-16,0.0,0.0,0.0
n_10436,0,-1,1,4.431639851738649e-16,0.0,0.0,0.0
n_10439,0,-1,2,8.831099863019923e-16,0.0,0.0,0.0
n_10440,0,-1,2,6.570300105371231e-16,0.0,0.0,0.0
n_10441,0,-1,1,4.740920168143164e-16,0.0,0.0,0.0
n_10443,0,-1,1,6.212930022781945e-16,0.0,0.0,0.0
n_10445,0,-1,2,8.831099863019923e-16,0.0,0.0,0.0
n_10446,0,-1,2,6.570300105371231e-16,0.0,0.0,0.0
n_10447,0,-1,1,4.740920168143164e-16,0.0,0.0,0.0
n_10449,0,-1,1,6.212930022781945e-16,0.0,0.0,0.0
n_10454,0,-1,1,4.431639851738649e-16,0.0,0.0,0.0
n_10460,0,-1,1,4.431639851738649e-16,0.0,0.0,0.0
n_10466,0,-1,1,4.431639851738649e-16,0.0,0.0,0.0
n_1047,0,-1,4,1.900810966823851e-15,0.0,0.0,0.0
n_10472,0,-1,1,4.431639851738649e-16,0.0,0.0,0.0
n_10478,0,-1,1,4.431639851738649e-16,0.0,0.0,0.0
n_1048,0,-1,5,2.224429856959487e-15,0.0,0.0,0.0
n_10484,0,-1,1,4.431639851738649e-16,0.0,0.0,0.0
n_10490,0,-1,1,4.431639851738649e-16,0.0,0.0,0.0
n_10496,0,-1,1,4.431639851738649e-16,0.0,0.0,0.0
n_105,0,-1,1,6.199280086836942e-16,0.0,0.0,0.0
n_10502,0,-1,1,4.431639851738649e-16,0.0,0.0,0.0
n_10508,0,-1,1,4.431639851738649e-16,0.0,0.0,0.0
n_1051,0,-1,5,2.3775289445933335e-15,0.0,0.0,0.0
n_10514,0,-1,1,4.431639851738649e-16,0.0,0.0,0.0
n_10520,0,-1,1,4.431639851738649e-16,0.0,0.0,0.0
n_10526,0,-1,1,4.431639851738649e-16,0.0,0.0,0.0
n_10532,0,-1,1,4.431639851738649e-16,0.0,0.0,0.0
n_10538,0,-1,1,4.431639851738649e-16,0.0,0.0,0.0
n_1054,0,-1,4,2.1443020224568878e-15,0.0,0.0,0.0
n_10544,0,-1,1,4.431639851738649e-16,0.0,0.0,0.0
n_1055,0,-1,1,1.0664399974607002e-15,0.0,0.0,0.0
n_10550,0,-1,1,4.431639851738649e-16,0.0,0.0,0.0
n_10556,0,-1,1,4.431639851738649e-16,0.0,0.0,0.0
n_1056,0,-1,4,2.8902371405334143e-15,0.0,0.0,0.0
n_10562,0,-1,1,4.431639851738649e-16,0.0,0.0,0.0
n_10568,0,-1,1,4.431639851738649e-16,0.0,0.0,0.0
n_1057,0,-1,3,1.3283200324995092e-15,0.0,0.0,0.0
n_10574,0,-1,1,4.431639851738649e-16,0.0,0.0,0.0
n_1058,0,-1,1,5.360839759436945e-16,0.0,0.0,0.0
n_10580,0,-1,1,4.431639851738649e-16,0.0,0.0,0.0
n_10586,0,-1,1,4.431639851738649e-16,0.0,0.0,0.0
n_1059,0,-1,3,1.5954800474150279e-15,0.0,0.0,0.0
n_10592,0,-1,1,4.431639851738649e-16,0.0,0.0,0.0
n_10598,0,-1,1,4.431639851738649e-16,0.0,0.0,0.0
n_106,0,-1,1,6.431780042946407e-16,0.0,0.0,0.0
n_10604,0,-1,1,4.431639851738649e-16,0.0,0.0,0.0
n_1061,0,-1,2,1.6101439876770127e-15,0.0,0.0,0.0
n_10610,0,-1,1,4.431639851738649e-16,0.0,0.0,0.0
n_10616,0,-1,1,4.431639851738649e-16,0.0,0.0,0.0
n_1062,0,-1,3,1.5372368972915197e-15,0.0,0.0,0.0
n_10622,0,-1,1,4.431639851738649e-16,0.0,0.0,0.0
n_10628,0,-1,1,4.431639851738649e-16,0.0,0.0,0.0
n_10634,0,-1,1,4.431639851738649e-16,0.0,0.0,0.0
n_10640,0,-1,1,4.431639851738649e-16,0.0,0.0,0.0
n_10646,0,-1,1,4.431639851738649e-16,0.0,0.0,0.0
n_10652,0,-1,1,4.431639851738649e-16,0.0,0.0,0.0
n_10658,0,-1,1,4.431639851738649e-16,0.0,0.0,0.0
n_1066,0,-1,2,8.603820276843505e-16,0.0,0.0,0.0
n_10664,0,-1,1,4.431639851738649e-16,0.0,0.0,0.0
n_1067,0,-1,1,4.804919860055331e-16,0.0,0.0,0.0
n_10670,0,-1,1,4.431639851738649e-16,0.0,0.0,0.0
n_10676,0,-1,1,4.431639851738649e-16,0.0,0.0,0.0
n_1068,0,-1,2,9.525580058891356e-16,0.0,0.0,0.0
n_10682,0,-1,1,4.431639851738649e-16,0.0,0.0,0.0
n_10688,0,-1,1,4.431639851738649e-16,0.0,0.0,0.0
n_1069,0,-1,1,4.12629003290719e-16,0.0,0.0,0.0
n_10694,0,-1,1,4.431639851738649e-16,0.0,0.0,0.0
n_107,0,-1,1,6.199280086836942e-16,0.0,0.0,0.0
n_1070,0,-1,2,8.786180117640251e-16,0.0,0.0,0.0
n_10700,0,-1,1,4.431639851738649e-16,0.0,0.0,0.0
n_10706,0,-1,1,4.431639851738649e-16,0.0,0.0,0.0
n_1071,0,-1,2,8.528240056355596e-16,0.0,0.0,0.0
n_10712,0,-1,1,4.431639851738649e-16,0.0,0.0,0.0
n_10718,0,-1,1,4.431639851738649e-16,0.0,0.0,0.0
n_1072,0,-1,2,7.785510216830598e-16,0.0,0.0,0.0
n_10724,0,-1,1,4.431639851738649e-16,0.0,0.0,0.0
n_1073,0,-1,4,1.662085000914712e-15,0.0,0.0,0.0
n_10730,0,-1,1,4.431639851738649e-16,0.0,0.0,0.0
n_10736,0,-1,1,4.431639851738649e-16,0.0,0.0,0.0
n_1074,0,-1,2,8.199240283543409e-16,0.0,0.0,0.0
n_10742,0,-1,1,4.431639851738649e-16,0.0,0.0,0.0
n_10748,0,-1,1,4.431639851738649e-16,0.0,0.0,0.0
n_1075,0,-1,1,4.240520102080517e-16,0.0,0.0,0.0
n_10754,0,-1,1,4.431639851738649e-16,0.0,0.0,0.0
n_1076,0,-1,1,4.423370163195487e-16,0.0,0.0,0.0
n_10760,0,-1,1,4.431639851738649e-16,0.0,0.0,0.0
n_10766,0,-1,1,4.431639851738649e-16,0.0,0.0,0.0
n_1077,0,-1,2,8.347480049037976e-16,0.0,0.0,0.0
n_10772,0,-1,1,4.431639851738649e-16,0.0,0.0,0.0
n_10778,0,-1,1,4.431639851738649e-16,0.0,0.0,0.0
n_1078,0,-1,1,4.2703499555048533e-16,0.0,0.0,0.0
n_10784,0,-1,1,4.431639851738649e-16,0.0,0.0,0.0
n_1079,0,-1,2,8.304080198403034e-16,0.0,0.0,0.0
n_10790,0,-1,1,4.431639851738649e-16,0.0,0.0,0.0
n_10796,0,-1,1,4.431639851738649e-16,0.0,0.0,0.0
n_108,0,-1,1,6.431780042946407e-16,0.0,0.0,0.0
n_1080,0,-1,2,8.816670127367854e-16,0.0,0.0,0.0
n_10802,0,-1,1,4.431639851738649e-16,0.0,0.0,0.0
n_10808,0,-1,1,4.431639851738649e-16,0.0,0.0,0.0
n_1081,0,-1,1,4.836170081853094e-16,0.0,0.0,0.0
n_10814,0,-1,1,4.431639851738649e-16,0.0,0.0,0.0
n_10820,0,-1,1,4.431639851738649e-16,0.0,0.0,0.0
n_10826,0,-1,1,4.431639851738649e-16,0.0,0.0,0.0
n_1083,0,-1,1,5.548899602573121e-16,0.0,0.0,0.0
n_10832,0,-1,1,4.431639851738649e-16,0.0,0.0,0.0
n_10838,0,-1,1,4.431639851738649e-16,0.0,0.0,0.0
n_10844,0,-1,1,4.431639851738649e-16,0.0,0.0,0.0
n_10850,0,-1,1,4.431639851738649e-16,0.0,0.0,0.0
n_10856,0,-1,1,4.431639851738649e-16,0.0,0.0,0.0
n_1086,0,-1,1,5.205529915810764e-16,0.0,0.0,0.0
n_10862,0,-1,1,4.431639851738649e-16,0.0,0.0,0.0
n_10868,0,-1,1,4.431639851738649e-16,0.0,0.0,0.0
n_10874,0,-1,1,4.431639851738649e-16,0.0,0.0,0.0
n_10880,0,-1,1,4.431639851738649e-16,0.0,0.0,0.0
n_10886,0,-1,1,4.431639851738649e-16,0.0,0.0,0.0
n_10892,0,-1,1,4.431639851738649e-16,0.0,0.0,0.0
n_10898,0,-1,1,4.431639851738649e-16,0.0,0.0,0.0
n_109,0,-1,1,6.199280086836942e-16,0.0,0.0,0.0
n_10904,0,-1,1,4.431639851738649e-16,0.0,0.0,0.0
n_1091,0,-1,1,4.671939922501142e-16,0.0,0.0,0.0
n_10910,0,-1,1,4.431639851738649e-16,0.0,0.0,0.0
n_10916,0,-1,1,4.431639851738649e-16,0.0,0.0,0.0
n_10922,0,-1,1,4.431639851738649e-16,0.0,0.0,0.0
n_10928,0,-1,1,4.431639851738649e-16,0.0,0.0,0.0
n_1093,0,-1,1,5.08158040826549e-16,0.0,0.0,0.0
n_10934,0,-1,1,4.431639851738649e-16,0.0,0.0,0.0
n_1094,0,-1,1,4.653569895457564e-16,0.0,0.0,0.0
n_10940,0,-1,1,4.431639851738649e-16,0.0,0.0,0.0
n_10946,0,-1,1,4.431639851738649e-16,0.0,0.0,0.0
n_1095,0,-1,1,4.675580046591967e-16,0.0,0.0,0.0
n_10952,0,-1,1,4.431639851738649e-16,0.0,0.0,0.0
n_10958,0,-1,1,4.431639851738649e-16,0.0,0.0,0.0
n_1096,0,-1,1,4.84327986465411e-16,0.0,0.0,0.0
n_10964,0,-1,1,4.431639851738649e-16,0.0,0.0,0.0
n_1097,0,-1,1,4.675580046591967e-16,0.0,0.0,0.0
n_10970,0,-1,1,4.431639851738649e-16,0.0,0.0,0.0
n_10974,0,-1,1,4.431639851738649e-16,0.0,0.0,0.0
n_10975,0,-1,1,2.9121000667536726e-16,0.0,0.0,0.0
n_1098,0,-1,1,4.84327986465411e-16,0.0,0.0,0.0
n_10980,0,-1,1,4.431639851738649e-16,0.0,0.0,0.0
n_10981,0,-1,1,2.9121000667536726e-16,0.0,0.0,0.0
n_10986,0,-1,1,4.431639851738649e-16,0.0,0.0,0.0
n_10987,0,-1,1,2.9121000667536726e-16,0.0,0.0,0.0
n_1099,0,-1,1,3.36682996918494e-16,0.0,0.0,0.0
n_11,0,-1,9,4.8665278485618066e-15,0.0,0.0,0.0
n_110,0,-1,1,6.431780042946407e-16,0.0,0.0,0.0
n_1100,0,-1,1,3.659220183923408e-16,0.0,0.0,0.0
n_1101,0,-1,1,3.837330036907306e-16,0.0,0.0,0.0
n_1102,0,-1,1,5.101060048469971e-16,0.0,0.0,0.0
n_11044,0,-1,1,4.431639851738649e-16,0.0,0.0,0.0
n_11050,0,-1,1,4.431639851738649e-16,0.0,0.0,0.0
n_11056,0,-1,1,4.431639851738649e-16,0.0,0.0,0.0
n_1106,0,-1,1,4.80696015066703e-16,0.0,0.0,0.0
n_11062,0,-1,1,4.431639851738649e-16,0.0,0.0,0.0
n_11068,0,-1,1,4.431639851738649e-16,0.0,0.0,0.0
n_11074,0,-1,1,4.431639851738649e-16,0.0,0.0,0.0
n_11080,0,-1,1,4.431639851738649e-16,0.0,0.0,0.0
n_11086,0,-1,1,4.431639851738649e-16,0.0,0.0,0.0
n_11092,0,-1,1,4.431639851738649e-16,0.0,0.0,0.0
n_11098,0,-1,1,4.431639851738649e-16,0.0,0.0,0.0
n_111,0,-1,1,6.199280086836942e-16,0.0,0.0,0.0
n_11104,0,-1,1,4.431639851738649e-16,0.0,0.0,0.0
n_11110,0,-1,1,4.431639851738649e-16,0.0,0.0,0.0
n_11116,0,-1,1,4.431639851738649e-16,0.0,0.0,0.0
n_1112,0,-1,1,4.84327986465411e-16,0.0,0.0,0.0
n_11122,0,-1,1,4.431639851738649e-16,0.0,0.0,0.0
n_11128,0,-1,1,4.431639851738649e-16,0.0,0.0,0.0
n_1113,0,-1,1,3.659220183923408e-16,0.0,0.0,0.0
n_11134,0,-1,1,4.431639851738649e-16,0.0,0.0,0.0
n_11140,0,-1,1,4.431639851738649e-16,0.0,0.0,0.0
n_11146,0,-1,1,4.431639851738649e-16,0.0,0.0,0.0
n_11152,0,-1,1,4.431639851738649e-16,0.0,0.0,0.0
n_11158,0,-1,1,4.431639851738649e-16,0.0,0.0,0.0
n_11164,0,-1,1,4.431639851738649e-16,0.0,0.0,0.0
n_11176,0,-1,1,4.431639851738649e-16,0.0,0.0,0.0
n_1118,0,-1,1,3.659220183923408e-16,0.0,0.0,0.0
n_11182,0,-1,1,4.431639851738649e-16,0.0,0.0,0.0
n_11185,0,-1,1,4.431639851738649e-16,0.0,0.0,0.0
n_11188,0,-1,1,4.431639851738649e-16,0.0,0.0,0.0
n_1119,0,-1,1,5.548899602573121e-16,0.0,0.0,0.0
n_11191,0,-1,1,4.431639851738649e-16,0.0,0.0,0.0
n_11194,0,-1,1,4.431639851738649e-16,0.0,0.0,0.0
n_11197,0,-1,1,4.431639851738649e-16,0.0,0.0,0.0
n_112,0,-1,2,9.463319960894613e-16,0.0,0.0,0.0
n_11200,0,-1,1,4.431639851738649e-16,0.0,0.0,0.0
n_11203,0,-1,1,4.431639851738649e-16,0.0,0.0,0.0
n_11206,0,-1,1,4.431639851738649e-16,0.0,0.0,0.0
n_11209,0,-1,1,4.431639851738649e-16,0.0,0.0,0.0
n_11212,0,-1,1,4.431639851738649e-16,0.0,0.0,0.0
n_11215,0,-1,1,4.431639851738649e-16,0.0,0.0,0.0
n_11218,0,-1,1,4.431639851738649e-16,0.0,0.0,0.0
n_11221,0,-1,1,4.431639851738649e-16,0.0,0.0,0.0
n_11224,0,-1,1,4.431639851738649e-16,0.0,0.0,0.0
n_11227,0,-1,1,4.431639851738649e-16,0.0,0.0,0.0
n_11230,0,-1,1,4.431639851738649e-16,0.0,0.0,0.0
n_11233,0,-1,1,4.431639851738649e-16,0.0,0.0,0.0
n_11236,0,-1,1,4.431639851738649e-16,0.0,0.0,0.0
n_11239,0,-1,1,4.431639851738649e-16,0.0,0.0,0.0
n_11242,0,-1,1,4.431639851738649e-16,0.0,0.0,0.0
n_11245,0,-1,1,4.431639851738649e-16,0.0,0.0,0.0
n_11248,0,-1,1,4.431639851738649e-16,0.0,0.0,0.0
n_11251,0,-1,1,4.431639851738649e-16,0.0,0.0,0.0
n_11254,0,-1,1,4.431639851738649e-16,0.0,0.0,0.0
n_11257,0,-1,1,4.431639851738649e-16,0.0,0.0,0.0
n_11260,0,-1,1,4.431639851738649e-16,0.0,0.0,0.0
n_11263,0,-1,1,4.431639851738649e-16,0.0,0.0,0.0
n_11266,0,-1,1,4.431639851738649e-16,0.0,0.0,0.0
n_11269,0,-1,1,4.431639851738649e-16,0.0,0.0,0.0
n_11272,0,-1,1,4.431639851738649e-16,0.0,0.0,0.0
n_11275,0,-1,1,4.431639851738649e-16,0.0,0.0,0.0
n_11278,0,-1,1,4.431639851738649e-16,0.0,0.0,0.0
n_1128,0,-1,1,5.548899602573121e-16,0.0,0.0,0.0
n_11281,0,-1,1,4.431639851738649e-16,0.0,0.0,0.0
n_11284,0,-1,1,4.431639851738649e-16,0.0,0.0,0.0
n_11287,0,-1,1,4.431639851738649e-16,0.0,0.0,0.0
n_1129,0,-1,1,5.08158040826549e-16,0.0,0.0,0.0
n_11290,0,-1,1,4.431639851738649e-16,0.0,0.0,0.0
n_11293,0,-1,1,4.431639851738649e-16,0.0,0.0,0.0
n_11296,0,-1,1,4.431639851738649e-16,0.0,0.0,0.0
n_11299,0,-1,1,4.431639851738649e-16,0.0,0.0,0.0
n_113,0,-1,2,8.016020174909607e-16,0.0,0.0,0.0
n_1130,0,-1,1,5.205529915810764e-16,0.0,0.0,0.0
n_11302,0,-1,1,4.431639851738649e-16,0.0,0.0,0.0
n_11305,0,-1,1,4.431639851738649e-16,0.0,0.0,0.0
n_11308,0,-1,1,4.431639851738649e-16,0.0,0.0,0.0
n_1131,0,-1,1,5.101060048469971e-16,0.0,0.0,0.0
n_11311,0,-1,1,4.431639851738649e-16,0.0,0.0,0.0
n_11314,0,-1,1,4.431639851738649e-16,0.0,0.0,0.0
n_1132,0,-1,1,5.548899602573121e-16,0.0,0.0,0.0
n_11321,0,-1,1,4.431639851738649e-16,0.0,0.0,0.0
n_11323,0,-1,1,4.431639851738649e-16,0.0,0.0,0.0
n_11324,0,-1,1,2.9121000667536726e-16,0.0,0.0,0.0
n_11329,0,-1,1,4.431639851738649e-16,0.0,0.0,0.0
n_11335,0,-1,1,4.431639851738649e-16,0.0,0.0,0.0
n_1134,0,-1,1,4.807359844339015e-16,0.0,0.0,0.0
n_11346,0,-1,1,4.431639851738649e-16,0.0,0.0,0.0
n_11347,0,-1,1,2.837400231135316e-16,0.0,0.0,0.0
n_1135,0,-1,1,4.685959905964977e-16,0.0,0.0,0.0
n_11352,0,-1,1,4.431639851738649e-16,0.0,0.0,0.0
n_11357,0,-1,1,4.431639851738649e-16,0.0,0.0,0.0
n_1136,0,-1,1,3.466820091025942e-16,0.0,0.0,0.0
n_11362,0,-1,1,4.431639851738649e-16,0.0,0.0,0.0
n_11367,0,-1,1,4.431639851738649e-16,0.0,0.0,0.0
n_1137,0,-1,1,4.653569895457564e-16,0.0,0.0,0.0
n_11372,0,-1,1,4.431639851738649e-16,0.0,0.0,0.0
n_11377,0,-1,1,4.431639851738649e-16,0.0,0.0,0.0
n_1138,0,-1,1,4.804919860055331e-16,0.0,0.0,0.0
n_11382,0,-1,1,4.431639851738649e-16,0.0,0.0,0.0
n_11387,0,-1,1,4.431639851738649e-16,0.0,0.0,0.0
n_1139,0,-1,1,4.675580046591967e-16,0.0,0.0,0.0
n_11392,0,-1,1,4.431639851738649e-16,0.0,0.0,0.0
n_11397,0,-1,1,4.431639851738649e-16,0.0,0.0,0.0
n_114,0,-1,1,6.431780042946407e-16,0.0,0.0,0.0
n_1140,0,-1,1,4.6769601809004e-16,0.0,0.0,0.0
n_11402,0,-1,1,4.431639851738649e-16,0.0,0.0,0.0
n_11407,0,-1,1,4.431639851738649e-16,0.0,0.0,0.0
n_1141,0,-1,1,4.807359844339015e-16,0.0,0.0,0.0
n_11412,0,-1,1,4.431639851738649e-16,0.0,0.0,0.0
n_11417,0,-1,1,4.431639851738649e-16,0.0,0.0,0.0
n_1142,0,-1,1,3.659220183923408e-16,0.0,0.0,0.0
n_11422,0,-1,1,4.431639851738649e-16,0.0,0.0,0.0
n_11427,0,-1,1,4.431639851738649e-16,0.0,0.0,0.0
n_1143,0,-1,1,3.659220183923408e-16,0.0,0.0,0.0
n_11432,0,-1,1,4.431639851738649e-16,0.0,0.0,0.0
n_11437,0,-1,1,4.431639851738649e-16,0.0,0.0,0.0
n_1144,0,-1,1,3.659220183923408e-16,0.0,0.0,0.0
n_11442,0,-1,1,4.431639851738649e-16,0.0,0.0,0.0
n_11447,0,-1,1,4.431639851738649e-16,0.0,0.0,0.0
n_11452,0,-1,1,4.431639851738649e-16,0.0,0.0,0.0
n_11457,0,-1,1,4.431639851738649e-16,0.0,0.0,0.0
n_1146,0,-1,1,4.6769601809004e-16,0.0,0.0,0.0
n_11462,0,-1,1,4.431639851738649e-16,0.0,0.0,0.0
n_11467,0,-1,1,4.431639851738649e-16,0.0,0.0,0.0
n_1147,0,-1,1,3.659220183923408e-16,0.0,0.0,0.0
n_11472,0,-1,1,2.9121000667536726e-16,0.0,0.0,0.0
n_11477,0,-1,1,4.431639851738649e-16,0.0,0.0,0.0
n_1148,0,-1,1,3.659220183923408e-16,0.0,0.0,0.0
n_11482,0,-1,1,2.9121000667536726e-16,0.0,0.0,0.0
n_11487,0,-1,1,2.9121000667536726e-16,0.0,0.0,0.0
n_1149,0,-1,1,4.388929803560127e-16,0.0,0.0,0.0
n_11492,0,-1,1,4.431639851738649e-16,0.0,0.0,0.0
n_11497,0,-1,1,4.431639851738649e-16,0.0,0.0,0.0
n_115,0,-1,1,6.199280086836942e-16,0.0,0.0,0.0
n_1150,0,-1,1,4.388929803560127e-16,0.0,0.0,0.0
n_11502,0,-1,1,2.9121000667536726e-16,0.0,0.0,0.0
n_11507,0,-1,1,2.9121000667536726e-16,0.0,0.0,0.0
n_1151,0,-1,1,4.697130152956893e-16,0.0,0.0,0.0
n_11512,0,-1,1,2.9121000667536726e-16,0.0,0.0,0.0
n_11517,0,-1,1,2.9121000667536726e-16,0.0,0.0,0.0
n_1152,0,-1,1,4.388929803560127e-16,0.0,0.0,0.0
n_11522,0,-1,1,2.9121000667536726e-16,0.0,0.0,0.0
n_11527,0,-1,1,2.9121000667536726e-16,0.0,0.0,0.0
n_1153,0,-1,1,4.388929803560127e-16,0.0,0.0,0.0
n_11532,0,-1,1,2.9121000667536726e-16,0.0,0.0,0.0
n_11537,0,-1,1,4.431639851738649e-16,0.0,0.0,0.0
n_1154,0,-1,1,4.388929803560127e-16,0.0,0.0,0.0
n_11542,0,-1,1,4.431639851738649e-16,0.0,0.0,0.0
n_11547,0,-1,1,2.9121000667536726e-16,0.0,0.0,0.0
n_1155,0,-1,1,3.659220183923408e-16,0.0,0.0,0.0
n_11552,0,-1,1,2.9121000667536726e-16,0.0,0.0,0.0
n_11557,0,-1,1,4.431639851738649e-16,0.0,0.0,0.0
n_1156,0,-1,1,3.659220183923408e-16,0.0,0.0,0.0
n_11562,0,-1,1,2.9121000667536726e-16,0.0,0.0,0.0
n_11567,0,-1,1,2.9121000667536726e-16,0.0,0.0,0.0
n_1157,0,-1,1,3.659220183923408e-16,0.0,0.0,0.0
n_11572,0,-1,1,2.9121000667536726e-16,0.0,0.0,0.0
n_11577,0,-1,1,2.9121000667536726e-16,0.0,0.0,0.0
n_1158,0,-1,1,4.7960101322414e-16,0.0,0.0,0.0
n_11582,0,-1,1,2.9121000667536726e-16,0.0,0.0,0.0
n_11587,0,-1,1,2.9121000667536726e-16,0.0,0.0,0.0
n_1159,0,-1,1,5.620229835248181e-16,0.0,0.0,0.0
n_11592,0,-1,1,2.9121000667536726e-16,0.0,0.0,0.0
n_11597,0,-1,1,2.9121000667536726e-16,0.0,0.0,0.0
n_116,0,-1,1,6.199280086836942e-16,0.0,0.0,0.0
n_11602,0,-1,1,2.9121000667536726e-16,0.0,0.0,0.0
n_11607,0,-1,1,2.9121000667536726e-16,0.0,0.0,0.0
n_1161,0,-1,1,4.7960101322414e-16,0.0,0.0,0.0
n_11612,0,-1,1,2.9121000667536726e-16,0.0,0.0,0.0
n_11617,0,-1,1,2.9121000667536726e-16,0.0,0.0,0.0
n_1162,0,-1,1,4.995600211372075e-16,0.0,0.0,0.0
n_11622,0,-1,1,2.9121000667536726e-16,0.0,0.0,0.0
n_11627,0,-1,1,2.9121000667536726e-16,0.0,0.0,0.0
n_1163,0,-1,1,5.181880226527832e-16,0.0,0.0,0.0
n_11632,0,-1,1,2.9121000667536726e-16,0.0,0.0,0.0
n_11637,0,-1,1,2.9121000667536726e-16,0.0,0.0,0.0
n_1164,0,-1,1,4.850940218870841e-16,0.0,0.0,0.0
n_11642,0,-1,1,2.9121000667536726e-16,0.0,0.0,0.0
n_11647,0,-1,1,2.9121000667536726e-16,0.0,0.0,0.0
n_1165,0,-1,1,4.709559832062258e-16,0.0,0.0,0.0
n_11652,0,-1,1,2.9121000667536726e-16,0.0,0.0,0.0
n_11657,0,-1,1,2.9121000667536726e-16,0.0,0.0,0.0
n_1166,0,-1,1,4.84327986465411e-16,0.0,0.0,0.0
n_11662,0,-1,1,2.9121000667536726e-16,0.0,0.0,0.0
n_11667,0,-1,1,2.9121000667536726e-16,0.0,0.0,0.0
n_1167,0,-1,1,5.551850453603118e-16,0.0,0.0,0.0
n_11672,0,-1,1,2.9121000667536726e-16,0.0,0.0,0.0
n_11677,0,-1,1,2.9121000667536726e-16,0.0,0.0,0.0
n_1168,0,-1,1,5.764250317874238e-16,0.0,0.0,0.0
n_11682,0,-1,1,2.9121000667536726e-16,0.0,0.0,0.0
n_11687,0,-1,1,2.9121000667536726e-16,0.0,0.0,0.0
n_1169,0,-1,1,5.156840344420219e-16,0.0,0.0,0.0
n_11692,0,-1,1,2.9121000667536726e-16,0.0,0.0,0.0
n_11697,0,-1,1,2.9121000667536726e-16,0.0,0.0,0.0
n_117,0,-1,1,6.431780042946407e-16,0.0,0.0,0.0
n_1170,0,-1,1,4.675580046591967e-16,0.0,0.0,0.0
n_11701,0,-1,1,4.431639851738649e-16,0.0,0.0,0.0
n_11702,0,-1,1,2.9121000667536726e-16,0.0,0.0,0.0
n_11706,0,-1,1,4.431639851738649e-16,0.0,0.0,0.0
n_11707,0,-1,1,2.9121000667536726e-16,0.0,0.0,0.0
n_1171,0,-1,1,4.804919860055331e-16,0.0,0.0,0.0
n_11711,0,-1,1,4.431639851738649e-16,0.0,0.0,0.0
n_11712,0,-1,1,2.9121000667536726e-16,0.0,0.0,0.0
n_11716,0,-1,1,4.431639851738649e-16,0.0,0.0,0.0
n_11717,0,-1,1,2.9121000667536726e-16,0.0,0.0,0.0
n_1172,0,-1,1,4.685959905964977e-16,0.0,0.0,0.0
n_11721,0,-1,1,4.431639851738649e-16,0.0,0.0,0.0
n_11722,0,-1,1,2.9121000667536726e-16,0.0,0.0,0.0
n_11726,0,-1,1,4.431639851738649e-16,0.0,0.0,0.0
n_11727,0,-1,1,2.9121000667536726e-16,0.0,0.0,0.0
n_1173,0,-1,1,4.7960101322414e-16,0.0,0.0,0.0
n_11732,0,-1,1,2.9121000667536726e-16,0.0,0.0,0.0
n_11737,0,-1,1,4.431639851738649e-16,0.0,0.0,0.0
n_1174,0,-1,1,5.237699697751891e-16,0.0,0.0,0.0
n_11742,0,-1,1,2.9121000667536726e-16,0.0,0.0,0.0
n_11747,0,-1,1,2.9121000667536726e-16,0.0,0.0,0.0
n_1175,0,-1,1,4.804919860055331e-16,0.0,0.0,0.0
n_11752,0,-1,1,4.431639851738649e-16,0.0,0.0,0.0
n_11757,0,-1,1,4.431639851738649e-16,0.0,0.0,0.0
n_1176,0,-1,1,4.804919860055331e-16,0.0,0.0,0.0
n_11762,0,-1,1,4.431639851738649e-16,0.0,0.0,0.0
n_11767,0,-1,1,4.431639851738649e-16,0.0,0.0,0.0
n_1177,0,-1,1,4.804919860055331e-16,0.0,0.0,0.0
n_11772,0,-1,1,4.431639851738649e-16,0.0,0.0,0.0
n_11777,0,-1,1,4.431639851738649e-16,0.0,0.0,0.0
n_1178,0,-1,1,4.883230173611359e-16,0.0,0.0,0.0
n_11782,0,-1,1,4.431639851738649e-16,0.0,0.0,0.0
n_11787,0,-1,1,4.431639851738649e-16,0.0,0.0,0.0
n_1179,0,-1,1,4.887220228188519e-16,0.0,0.0,0.0
n_11792,0,-1,1,4.431639851738649e-16,0.0,0.0,0.0
n_11797,0,-1,1,4.431639851738649e-16,0.0,0.0,0.0
n_118,0,-1,1,6.431780042946407e-16,0.0,0.0,0.0
n_1180,0,-1,1,4.010339957455345e-16,0.0,0.0,0.0
n_11802,0,-1,1,4.431639851738649e-16,0.0,0.0,0.0
n_11807,0,-1,1,4.431639851738649e-16,0.0,0.0,0.0
n_11812,0,-1,1,4.431639851738649e-16,0.0,0.0,0.0
n_11817,0,-1,1,4.431639851738649e-16,0.0,0.0,0.0
n_11822,0,-1,1,4.431639851738649e-16,0.0,0.0,0.0
n_11827,0,-1,1,2.9121000667536726e-16,0.0,0.0,0.0
n_1183,0,-1,2,1.1004671108969183e-15,0.0,0.0,0.0
n_11832,0,-1,1,4.431639851738649e-16,0.0,0.0,0.0
n_11837,0,-1,1,4.431639851738649e-16,0.0,0.0,0.0
n_1184,0,-1,1,1.5918500877195696e-15,0.0,0.0,0.0
n_11842,0,-1,1,4.431639851738649e-16,0.0,0.0,0.0
n_11847,0,-1,1,4.431639851738649e-16,0.0,0.0,0.0
n_1185,0,-1,1,5.616789822691145e-16,0.0,0.0,0.0
n_11852,0,-1,1,4.431639851738649e-16,0.0,0.0,0.0
n_11857,0,-1,1,4.431639851738649e-16,0.0,0.0,0.0
n_1186,0,-1,1,4.804919860055331e-16,0.0,0.0,0.0
n_11862,0,-1,1,4.431639851738649e-16,0.0,0.0,0.0
n_11867,0,-1,1,4.431639851738649e-16,0.0,0.0,0.0
n_1187,0,-1,1,4.7960101322414e-16,0.0,0.0,0.0
n_11872,0,-1,1,4.431639851738649e-16,0.0,0.0,0.0
n_11877,0,-1,1,4.431639851738649e-16,0.0,0.0,0.0
n_1188,0,-1,1,1.1266100416600935e-15,0.0,0.0,0.0
n_11882,0,-1,1,4.431639851738649e-16,0.0,0.0,0.0
n_11887,0,-1,1,4.431639851738649e-16,0.0,0.0,0.0
n_1189,0,-1,1,4.549309668771216e-16,0.0,0.0,0.0
n_11892,0,-1,1,4.431639851738649e-16,0.0,0.0,0.0
n_11897,0,-1,1,4.431639851738649e-16,0.0,0.0,0.0
n_119,0,-1,3,1.1934120361991327e-15,0.0,0.0,0.0
n_1190,0,-1,1,4.990389899955277e-16,0.0,0.0,0.0
n_11902,0,-1,1,4.431639851738649e-16,0.0,0.0,0.0
n_11907,0,-1,1,4.431639851738649e-16,0.0,0.0,0.0
n_1191,0,-1,1,6.212930022781945e-16,0.0,0.0,0.0
n_11912,0,-1,1,4.431639851738649e-16,0.0,0.0,0.0
n_11917,0,-1,1,4.431639851738649e-16,0.0,0.0,0.0
n_11922,0,-1,1,4.431639851738649e-16,0.0,0.0,0.0
n_11927,0,-1,1,4.431639851738649e-16,0.0,0.0,0.0
n_1193,0,-1,1,4.995600211372075e-16,0.0,0.0,0.0
n_11932,0,-1,1,4.431639851738649e-16,0.0,0.0,0.0
n_11937,0,-1,1,4.431639851738649e-16,0.0,0.0,0.0
n_1194,0,-1,1,5.196369783881801e-16,0.0,0.0,0.0
n_11942,0,-1,1,4.431639851738649e-16,0.0,0.0,0.0
n_11947,0,-1,1,4.431639851738649e-16,0.0,0.0,0.0
n_1195,0,-1,1,4.995600211372075e-16,0.0,0.0,0.0
n_11952,0,-1,1,4.431639851738649e-16,0.0,0.0,0.0
n_11957,0,-1,1,4.431639851738649e-16,0.0,0.0,0.0
n_1196,0,-1,1,5.196369783881801e-16,0.0,0.0,0.0
n_11962,0,-1,1,4.431639851738649e-16,0.0,0.0,0.0
n_11967,0,-1,1,4.431639851738649e-16,0.0,0.0,0.0
n_1197,0,-1,1,5.714570247330997e-16,0.0,0.0,0.0
n_11972,0,-1,1,4.431639851738649e-16,0.0,0.0,0.0
n_11977,0,-1,1,4.431639851738649e-16,0.0,0.0,0.0
n_1198,0,-1,1,5.196369783881801e-16,0.0,0.0,0.0
n_11982,0,-1,1,4.431639851738649e-16,0.0,0.0,0.0
n_11987,0,-1,1,4.431639851738649e-16,0.0,0.0,0.0
n_1199,0,-1,1,5.934590231753854e-16,0.0,0.0,0.0
n_11992,0,-1,1,4.431639851738649e-16,0.0,0.0,0.0
n_11997,0,-1,1,4.431639851738649e-16,0.0,0.0,0.0
n_12,0,-1,10,5.131993903461935e-15,0.0,0.0,0.0
n_120,0,-1,3,1.1934120361991327e-15,0.0,0.0,0.0
n_1200,0,-1,1,5.50993026364791e-16,0.0,0.0,0.0
n_12002,0,-1,1,4.431639851738649e-16,0.0,0.0,0.0
n_12007,0,-1,1,4.431639851738649e-16,0.0,0.0,0.0
n_1201,0,-1,1,5.196369783881801e-16,0.0,0.0,0.0
n_12012,0,-1,1,4.431639851738649e-16,0.0,0.0,0.0
n_12017,0,-1,1,4.431639851738649e-16,0.0,0.0,0.0
n_1202,0,-1,1,4.995600211372075e-16,0.0,0.0,0.0
n_12021,0,-1,1,4.431639851738649e-16,0.0,0.0,0.0
n_12022,0,-1,1,2.9121000667536726e-16,0.0,0.0,0.0
n_12026,0,-1,1,4.431639851738649e-16,0.0,0.0,0.0
n_12027,0,-1,1,2.9121000667536726e-16,0.0,0.0,0.0
n_1203,0,-1,1,5.196369783881801e-16,0.0,0.0,0.0
n_12032,0,-1,1,4.431639851738649e-16,0.0,0.0,0.0
n_12037,0,-1,1,4.431639851738649e-16,0.0,0.0,0.0
n_1204,0,-1,1,5.196369783881801e-16,0.0,0.0,0.0
n_12042,0,-1,1,2.9121000667536726e-16,0.0,0.0,0.0
n_12047,0,-1,1,2.9121000667536726e-16,0.0,0.0,0.0
n_1205,0,-1,1,5.196369783881801e-16,0.0,0.0,0.0
n_12052,0,-1,1,2.9121000667536726e-16,0.0,0.0,0.0
n_12057,0,-1,1,4.431639851738649e-16,0.0,0.0,0.0
n_1206,0,-1,1,5.196369783881801e-16,0.0,0.0,0.0
n_12062,0,-1,1,4.431639851738649e-16,0.0,0.0,0.0
n_12067,0,-1,1,4.431639851738649e-16,0.0,0.0,0.0
n_1207,0,-1,1,4.995600211372075e-16,0.0,0.0,0.0
n_12072,0,-1,1,4.431639851738649e-16,0.0,0.0,0.0
n_12076,0,-1,1,4.431639851738649e-16,0.0,0.0,0.0
n_12077,0,-1,1,2.9121000667536726e-16,0.0,0.0,0.0
n_1208,0,-1,1,5.196369783881801e-16,0.0,0.0,0.0
n_12081,0,-1,1,4.431639851738649e-16,0.0,0.0,0.0
n_12082,0,-1,1,2.9121000667536726e-16,0.0,0.0,0.0
n_12086,0,-1,1,4.431639851738649e-16,0.0,0.0,0.0
n_12087,0,-1,1,2.9121000667536726e-16,0.0,0.0,0.0
n_1209,0,-1,1,5.196369783881801e-16,0.0,0.0,0.0
n_12092,0,-1,1,4.431639851738649e-16,0.0,0.0,0.0
n_12097,0,-1,1,4.431639851738649e-16,0.0,0.0,0.0
n_121,0,-1,3,1.2714180531688598e-15,0.0,0.0,0.0
n_1210,0,-1,1,4.804919860055331e-16,0.0,0.0,0.0
n_12102,0,-1,1,4.431639851738649e-16,0.0,0.0,0.0
n_12107,0,-1,1,2.9121000667536726e-16,0.0,0.0,0.0
n_1211,0,-1,1,4.995600211372075e-16,0.0,0.0,0.0
n_12112,0,-1,1,4.431639851738649e-16,0.0,0.0,0.0
n_12117,0,-1,1,2.9121000667536726e-16,0.0,0.0,0.0
n_1212,0,-1,1,5.196369783881801e-16,0.0,0.0,0.0
n_12122,0,-1,1,4.431639851738649e-16,0.0,0.0,0.0
n_12127,0,-1,1,4.431639851738649e-16,0.0,0.0,0.0
n_1213,0,-1,1,4.995600211372075e-16,0.0,0.0,0.0
n_12132,0,-1,1,4.431639851738649e-16,0.0,0.0,0.0
n_12137,0,-1,1,4.431639851738649e-16,0.0,0.0,0.0
n_1214,0,-1,1,5.196369783881801e-16,0.0,0.0,0.0
n_12142,0,-1,1,4.431639851738649e-16,0.0,0.0,0.0
n_12147,0,-1,1,4.431639851738649e-16,0.0,0.0,0.0
n_1215,0,-1,1,4.995600211372075e-16,0.0,0.0,0.0
n_12152,0,-1,1,4.431639851738649e-16,0.0,0.0,0.0
n_12157,0,-1,1,4.431639851738649e-16,0.0,0.0,0.0
n_1216,0,-1,1,4.995600211372075e-16,0.0,0.0,0.0
n_12162,0,-1,1,4.431639851738649e-16,0.0,0.0,0.0
n_12167,0,-1,1,4.431639851738649e-16,0.0,0.0,0.0
n_1217,0,-1,1,4.995600211372075e-16,0.0,0.0,0.0
n_12172,0,-1,1,4.431639851738649e-16,0.0,0.0,0.0
n_12177,0,-1,1,2.9121000667536726e-16,0.0,0.0,0.0
n_1218,0,-1,1,5.196369783881801e-16,0.0,0.0,0.0
n_12182,0,-1,1,4.431639851738649e-16,0.0,0.0,0.0
n_12187,0,-1,1,4.431639851738649e-16,0.0,0.0,0.0
n_1219,0,-1,1,4.995600211372075e-16,0.0,0.0,0.0
n_12192,0,-1,1,4.431639851738649e-16,0.0,0.0,0.0
n_12197,0,-1,1,4.431639851738649e-16,0.0,0.0,0.0
n_1220,0,-1,1,5.196369783881801e-16,0.0,0.0,0.0
n_12202,0,-1,1,4.431639851738649e-16,0.0,0.0,0.0
n_12207,0,-1,1,4.431639851738649e-16,0.0,0.0,0.0
n_1221,0,-1,1,4.995600211372075e-16,0.0,0.0,0.0
n_12212,0,-1,1,4.431639851738649e-16,0.0,0.0,0.0
n_12217,0,-1,1,4.431639851738649e-16,0.0,0.0,0.0
n_1222,0,-1,1,4.804919860055331e-16,0.0,0.0,0.0
n_12222,0,-1,1,4.431639851738649e-16,0.0,0.0,0.0
n_12227,0,-1,1,4.431639851738649e-16,0.0,0.0,0.0
n_1223,0,-1,1,4.7960101322414e-16,0.0,0.0,0.0
n_12232,0,-1,1,4.431639851738649e-16,0.0,0.0,0.0
n_12237,0,-1,1,4.431639851738649e-16,0.0,0.0,0.0
n_1224,0,-1,1,4.7960101322414e-16,0.0,0.0,0.0
n_12242,0,-1,1,4.431639851738649e-16,0.0,0.0,0.0
n_12247,0,-1,1,4.431639851738649e-16,0.0,0.0,0.0
n_1225,0,-1,1,4.7960101322414e-16,0.0,0.0,0.0
n_12252,0,-1,1,4.431639851738649e-16,0.0,0.0,0.0
n_12257,0,-1,1,4.431639851738649e-16,0.0,0.0,0.0
n_1226,0,-1,1,4.7960101322414e-16,0.0,0.0,0.0
n_12262,0,-1,1,4.431639851738649e-16,0.0,0.0,0.0
n_12267,0,-1,1,4.431639851738649e-16,0.0,0.0,0.0
n_1227,0,-1,1,4.7960101322414e-16,0.0,0.0,0.0
n_12272,0,-1,1,4.431639851738649e-16,0.0,0.0,0.0
n_12277,0,-1,1,4.431639851738649e-16,0.0,0.0,0.0
n_1228,0,-1,1,5.196369783881801e-16,0.0,0.0,0.0
n_12282,0,-1,1,4.431639851738649e-16,0.0,0.0,0.0
n_12287,0,-1,1,4.431639851738649e-16,0.0,0.0,0.0
n_1229,0,-1,1,4.804919860055331e-16,0.0,0.0,0.0
n_12292,0,-1,1,4.431639851738649e-16,0.0,0.0,0.0
n_12297,0,-1,1,4.431639851738649e-16,0.0,0.0,0.0
n_1230,0,-1,1,4.995600211372075e-16,0.0,0.0,0.0
n_12302,0,-1,1,4.431639851738649e-16,0.0,0.0,0.0
n_12307,0,-1,1,4.431639851738649e-16,0.0,0.0,0.0
n_1231,0,-1,1,1.1376999264011388e-15,0.0,0.0,0.0
n_12312,0,-1,1,4.431639851738649e-16,0.0,0.0,0.0
n_12317,0,-1,1,4.431639851738649e-16,0.0,0.0,0.0
n_1232,0,-1,1,4.7960101322414e-16,0.0,0.0,0.0
n_12322,0,-1,1,4.431639851738649e-16,0.0,0.0,0.0
n_1233,0,-1,1,4.804919860055331e-16,0.0,0.0,0.0
n_12332,0,-1,1,2.9121000667536726e-16,0.0,0.0,0.0
n_12337,0,-1,1,2.9121000667536726e-16,0.0,0.0,0.0
n_1234,0,-1,1,5.196369783881801e-16,0.0,0.0,0.0
n_12342,0,-1,1,2.9121000667536726e-16,0.0,0.0,0.0
n_12347,0,-1,1,4.431639851738649e-16,0.0,0.0,0.0
n_1235,0,-1,1,6.212930022781945e-16,0.0,0.0,0.0
n_12352,0,-1,1,4.431639851738649e-16,0.0,0.0,0.0
n_12357,0,-1,1,4.431639851738649e-16,0.0,0.0,0.0
n_12362,0,-1,1,4.431639851738649e-16,0.0,0.0,0.0
n_12367,0,-1,1,4.431639851738649e-16,0.0,0.0,0.0
n_1237,0,-1,1,4.804919860055331e-16,0.0,0.0,0.0
n_12372,0,-1,1,4.431639851738649e-16,0.0,0.0,0.0
n_12377,0,-1,1,4.431639851738649e-16,0.0,0.0,0.0
n_1238,0,-1,1,4.804919860055331e-16,0.0,0.0,0.0
n_12382,0,-1,1,4.431639851738649e-16,0.0,0.0,0.0
n_12387,0,-1,1,4.431639851738649e-16,0.0,0.0,0.0
n_1239,0,-1,1,4.804919860055331e-16,0.0,0.0,0.0
n_12392,0,-1,1,4.431639851738649e-16,0.0,0.0,0.0
n_12397,0,-1,1,4.431639851738649e-16,0.0,0.0,0.0
n_124,0,-1,3,1.4619060221274585e-15,0.0,0.0,0.0
n_1240,0,-1,1,4.025770250776358e-16,0.0,0.0,0.0
n_12402,0,-1,1,4.431639851738649e-16,0.0,0.0,0.0
n_1241,0,-1,1,5.616789822691145e-16,0.0,0.0,0.0
n_125,0,-1,3,1.1934120361991327e-15,0.0,0.0,0.0
n_1251,0,-1,1,5.616789822691145e-16,0.0,0.0,0.0
n_1256,0,-1,1,5.616789822691145e-16,0.0,0.0,0.0
n_1259,0,-1,1,5.616789822691145e-16,0.0,0.0,0.0
n_126,0,-1,3,1.1934120361991327e-15,0.0,0.0,0.0
n_1260,0,-1,1,5.616789822691145e-16,0.0,0.0,0.0
n_1266,0,-1,1,5.616789822691145e-16,0.0,0.0,0.0
n_1267,0,-1,1,5.616789822691145e-16,0.0,0.0,0.0
n_1268,0,-1,1,6.212930022781945e-16,0.0,0.0,0.0
n_1269,0,-1,1,6.212930022781945e-16,0.0,0.0,0.0
n_1270,0,-1,1,6.212930022781945e-16,0.0,0.0,0.0
n_1271,0,-1,1,6.212930022781945e-16,0.0,0.0,0.0
n_1272,0,-1,1,6.212930022781945e-16,0.0,0.0,0.0
n_1273,0,-1,1,6.212930022781945e-16,0.0,0.0,0.0
n_1274,0,-1,1,6.212930022781945e-16,0.0,0.0,0.0
n_1275,0,-1,1,6.212930022781945e-16,0.0,0.0,0.0
n_1276,0,-1,1,5.934590231753854e-16,0.0,0.0,0.0
n_1277,0,-1,1,5.616789822691145e-16,0.0,0.0,0.0
n_1278,0,-1,1,6.212930022781945e-16,0.0,0.0,0.0
n_1279,0,-1,1,6.212930022781945e-16,0.0,0.0,0.0
n_128,0,-1,11,4.6773044997934585e-15,0.0,0.0,0.0
n_1280,0,-1,1,6.212930022781945e-16,0.0,0.0,0.0
n_1281,0,-1,1,6.212930022781945e-16,0.0,0.0,0.0
n_1282,0,-1,1,6.212930022781945e-16,0.0,0.0,0.0
n_1283,0,-1,1,6.212930022781945e-16,0.0,0.0,0.0
n_1284,0,-1,1,6.212930022781945e-16,0.0,0.0,0.0
n_1285,0,-1,1,6.212930022781945e-16,0.0,0.0,0.0
n_1286,0,-1,1,6.212930022781945e-16,0.0,0.0,0.0
n_1287,0,-1,1,6.212930022781945e-16,0.0,0.0,0.0
n_1288,0,-1,1,6.212930022781945e-16,0.0,0.0,0.0
n_1289,0,-1,1,6.212930022781945e-16,0.0,0.0,0.0
n_1290,0,-1,1,6.212930022781945e-16,0.0,0.0,0.0
n_1291,0,-1,1,6.212930022781945e-16,0.0,0.0,0.0
n_1292,0,-1,1,6.212930022781945e-16,0.0,0.0,0.0
n_1293,0,-1,1,6.212930022781945e-16,0.0,0.0,0.0
n_1294,0,-1,1,6.212930022781945e-16,0.0,0.0,0.0
n_1295,0,-1,1,6.212930022781945e-16,0.0,0.0,0.0
n_1296,0,-1,1,6.212930022781945e-16,0.0,0.0,0.0
n_1297,0,-1,1,6.212930022781945e-16,0.0,0.0,0.0
n_1298,0,-1,1,6.212930022781945e-16,0.0,0.0,0.0
n_1299,0,-1,1,6.212930022781945e-16,0.0,0.0,0.0
n_13,0,-1,10,4.666921146409542e-15,0.0,0.0,0.0
n_1300,0,-1,1,6.212930022781945e-16,0.0,0.0,0.0
n_1301,0,-1,1,6.212930022781945e-16,0.0,0.0,0.0
n_1302,0,-1,1,6.212930022781945e-16,0.0,0.0,0.0
n_1303,0,-1,1,6.212930022781945e-16,0.0,0.0,0.0
n_1304,0,-1,1,5.934590231753854e-16,0.0,0.0,0.0
n_1305,0,-1,1,6.212930022781945e-16,0.0,0.0,0.0
n_1306,0,-1,1,4.7960101322414e-16,0.0,0.0,0.0
n_1309,0,-1,1,3.9780399441985783e-16,0.0,0.0,0.0
n_131,0,-1,11,5.586230991536578e-15,0.0,0.0,0.0
n_1310,0,-1,4,1.830259898581146e-15,0.0,0.0,0.0
n_1311,0,-1,4,3.613979148358931e-15,0.0,0.0,0.0
n_1312,0,-1,2,7.770959778983545e-16,0.0,0.0,0.0
n_1315,0,-1,1,5.83877968811196e-16,0.0,0.0,0.0
n_1316,0,-1,1,3.9780399441985783e-16,0.0,0.0,0.0
n_1317,0,-1,1,4.0230300991919905e-16,0.0,0.0,0.0
n_1318,0,-1,1,5.678290238013319e-16,0.0,0.0,0.0
n_1319,0,-1,1,4.537610026187266e-16,0.0,0.0,0.0
n_132,0,-1,11,5.575645620794741e-15,0.0,0.0,0.0
n_1320,0,-1,1,3.659220183923408e-16,0.0,0.0,0.0
n_1321,0,-1,1,6.212930022781945e-16,0.0,0.0,0.0
n_1323,0,-1,1,6.212930022781945e-16,0.0,0.0,0.0
n_1324,0,-1,1,6.212930022781945e-16,0.0,0.0,0.0
n_1325,0,-1,1,6.212930022781945e-16,0.0,0.0,0.0
n_1327,0,-1,1,6.212930022781945e-16,0.0,0.0,0.0
n_1328,0,-1,1,5.616789822691145e-16,0.0,0.0,0.0
n_1329,0,-1,1,6.212930022781945e-16,0.0,0.0,0.0
n_1330,0,-1,1,5.616789822691145e-16,0.0,0.0,0.0
n_1331,0,-1,1,5.616789822691145e-16,0.0,0.0,0.0
n_1332,0,-1,1,6.212930022781945e-16,0.0,0.0,0.0
n_1334,0,-1,1,5.319579725785004e-16,0.0,0.0,0.0
n_1335,0,-1,1,6.212930022781945e-16,0.0,0.0,0.0
n_1336,0,-1,1,5.616789822691145e-16,0.0,0.0,0.0
n_1337,0,-1,1,5.616789822691145e-16,0.0,0.0,0.0
n_1338,0,-1,1,5.616789822691145e-16,0.0,0.0,0.0
n_1339,0,-1,1,5.616789822691145e-16,0.0,0.0,0.0
n_1340,0,-1,1,5.616789822691145e-16,0.0,0.0,0.0
n_1341,0,-1,1,5.616789822691145e-16,0.0,0.0,0.0
n_1342,0,-1,1,4.240520102080517e-16,0.0,0.0,0.0
n_1343,0,-1,1,3.4882799354424255e-16,0.0,0.0,0.0
n_1344,0,-1,1,4.703289670670208e-16,0.0,0.0,0.0
n_1345,0,-1,1,6.212930022781945e-16,0.0,0.0,0.0
n_1348,0,-1,1,8.077660350668079e-16,0.0,0.0,0.0
n_1349,0,-1,1,6.1835903896758325e-16,0.0,0.0,0.0
n_135,0,-1,11,5.5160005252644084e-15,0.0,0.0,0.0
n_1350,0,-1,1,3.659220183923408e-16,0.0,0.0,0.0
n_1351,0,-1,1,5.707369937883744e-16,0.0,0.0,0.0
n_1353,0,-1,1,4.995600211372075e-16,0.0,0.0,0.0
n_1355,0,-1,1,3.4882799354424255e-16,0.0,0.0,0.0
n_1357,0,-1,1,4.240520102080517e-16,0.0,0.0,0.0
n_1358,0,-1,1,4.423370163195487e-16,0.0,0.0,0.0
n_1359,0,-1,1,6.212930022781945e-16,0.0,0.0,0.0
n_136,0,-1,12,4.773647721280057e-15,0.0,0.0,0.0
n_1361,0,-1,1,5.192220381231439e-16,0.0,0.0,0.0
n_1362,0,-1,1,5.985569968475538e-16,0.0,0.0,0.0
n_137,0,-1,12,4.773647721280057e-15,0.0,0.0,0.0
n_138,0,-1,12,5.085672212675439e-15,0.0,0.0,0.0
n_139,0,-1,12,5.085672212675439e-15,0.0,0.0,0.0
n_14,0,-1,10,4.792697068747333e-15,0.0,0.0,0.0
n_140,0,-1,12,5.085672212675439e-15,0.0,0.0,0.0
n_1400,0,-1,1,5.616789822691145e-16,0.0,0.0,0.0
n_1401,0,-1,1,5.616789822691145e-16,0.0,0.0,0.0
n_1402,0,-1,1,5.616789822691145e-16,0.0,0.0,0.0
n_1403,0,-1,1,5.616789822691145e-16,0.0,0.0,0.0
n_1407,0,-1,1,6.212930022781945e-16,0.0,0.0,0.0
n_1408,0,-1,1,5.616789822691145e-16,0.0,0.0,0.0
n_1409,0,-1,1,5.934590231753854e-16,0.0,0.0,0.0
n_141,0,-1,12,4.773647721280057e-15,0.0,0.0,0.0
n_1410,0,-1,1,5.934590231753854e-16,0.0,0.0,0.0
n_1414,0,-1,1,4.7960101322414e-16,0.0,0.0,0.0
n_1415,0,-1,1,5.934590231753854e-16,0.0,0.0,0.0
n_1416,0,-1,1,5.934590231753854e-16,0.0,0.0,0.0
n_1417,0,-1,1,5.934590231753854e-16,0.0,0.0,0.0
n_1418,0,-1,1,6.212930022781945e-16,0.0,0.0,0.0
n_1419,0,-1,1,5.362309890996023e-16,0.0,0.0,0.0
n_142,0,-1,12,4.773647721280057e-15,0.0,0.0,0.0
n_1421,0,-1,1,5.934590231753854e-16,0.0,0.0,0.0
n_1422,0,-1,1,5.049269807096883e-16,0.0,0.0,0.0
n_1423,0,-1,1,5.934590231753854e-16,0.0,0.0,0.0
n_1425,0,-1,1,5.51569008768924e-16,0.0,0.0,0.0
n_1426,0,-1,1,6.212930022781945e-16,0.0,0.0,0.0
n_1427,0,-1,1,6.212930022781945e-16,0.0,0.0,0.0
n_1428,0,-1,1,6.212930022781945e-16,0.0,0.0,0.0
n_1429,0,-1,1,6.212930022781945e-16,0.0,0.0,0.0
n_1430,0,-1,1,3.659220183923408e-16,0.0,0.0,0.0
n_1432,0,-1,12,5.7760328638079006e-15,0.0,0.0,0.0
n_1433,0,-1,10,3.65922002510473e-15,0.0,0.0,0.0
n_1434,0,-1,1,5.66126011121318e-16,0.0,0.0,0.0
n_1435,0,-1,6,3.0781679170242522e-15,0.0,0.0,0.0
n_14355,0,-1,18,1.131861582405599e-14,0.0,0.0,0.0
n_14358,0,-1,19,1.2535906354312933e-14,0.0,0.0,0.0
n_14359,0,-1,18,1.1284330471449978e-14,0.0,0.0,0.0
n_1436,0,-1,2,1.0013289983217357e-15,0.0,0.0,0.0
n_1437,0,-1,13,6.9097661349170475e-15,0.0,0.0,0.0
n_1441,0,-1,5,2.5480498058863066e-15,0.0,0.0,0.0
n_14414,0,-1,19,1.1881280329159236e-14,0.0,0.0,0.0
n_14415,0,-1,18,1.0966830335567071e-14,0.0,0.0,0.0
n_1444,0,-1,8,4.605011084778251e-15,0.0,0.0,0.0
n_1446,0,-1,3,2.8645711951986617e-15,0.0,0.0,0.0
n_145,0,-1,12,5.085672212675439e-15,0.0,0.0,0.0
n_1451,0,-1,9,4.837198909246653e-15,0.0,0.0,0.0
n_1452,0,-1,9,4.824578965365511e-15,0.0,0.0,0.0
n_14520,0,-1,3,4.2780220623037275e-15,0.0,0.0,0.0
n_14521,0,-1,16,6.965266698236465e-15,0.0,0.0,0.0
n_14522,0,-1,16,7.266269596922174e-15,0.0,0.0,0.0
n_14526,0,-1,2,3.1958301107602944e-15,0.0,0.0,0.0
n_14527,0,-1,16,6.685000436648962e-15,0.0,0.0,0.0
n_14529,0,-1,3,4.261963164656733e-15,0.0,0.0,0.0
n_1453,0,-1,9,4.798069798731767e-15,0.0,0.0,0.0
n_14535,0,-1,2,4.434120070087328e-15,0.0,0.0,0.0
n_1455,0,-1,9,4.837198909246653e-15,0.0,0.0,0.0
n_1456,0,-1,9,4.627464657660542e-15,0.0,0.0,0.0
n_14570,0,-1,16,8.480878420868108e-15,0.0,0.0,0.0
n_14571,0,-1,16,8.364956879838674e-15,0.0,0.0,0.0
n_14576,0,-1,2,2.2106600658524473e-15,0.0,0.0,0.0
n_14577,0,-1,2,2.1328799949214003e-15,0.0,0.0,0.0
n_14578,0,-1,15,7.65972148311948e-15,0.0,0.0,0.0
n_14579,0,-1,15,7.638025581208508e-15,0.0,0.0,0.0
n_146,0,-1,12,5.085672212675439e-15,0.0,0.0,0.0
n_1461,0,-1,9,4.824578965365511e-15,0.0,0.0,0.0
n_1464,0,-1,9,4.685954823767293e-15,0.0,0.0,0.0
n_1466,0,-1,9,4.698574767648435e-15,0.0,0.0,0.0
n_1467,0,-1,9,4.659445657133549e-15,0.0,0.0,0.0
n_14677,0,-1,12,5.9982777920249575e-15,0.0,0.0,0.0
n_147,0,-1,12,5.085672212675439e-15,0.0,0.0,0.0
n_1471,0,-1,9,4.837198909246653e-15,0.0,0.0,0.0
n_1472,0,-1,9,4.761535997167268e-15,0.0,0.0,0.0
n_1473,0,-1,9,4.798069798731767e-15,0.0,0.0,0.0
n_14730,0,-1,12,6.5754769589866126e-15,0.0,0.0,0.0
n_14744,0,-1,1,5.912629843805102e-16,0.0,0.0,0.0
n_14745,0,-1,1,6.194319650139584e-16,0.0,0.0,0.0
n_14746,0,-1,1,6.194319650139584e-16,0.0,0.0,0.0
n_14747,0,-1,1,5.912629843805102e-16,0.0,0.0,0.0
n_14748,0,-1,1,5.912629843805102e-16,0.0,0.0,0.0
n_14749,0,-1,1,5.912629843805102e-16,0.0,0.0,0.0
n_14750,0,-1,1,5.912629843805102e-16,0.0,0.0,0.0
n_14751,0,-1,1,5.912629843805102e-16,0.0,0.0,0.0
n_14752,0,-1,1,5.912629843805102e-16,0.0,0.0,0.0
n_14754,0,-1,1,5.912629843805102e-16,0.0,0.0,0.0
n_14755,0,-1,1,5.912629843805102e-16,0.0,0.0,0.0
n_14757,0,-1,1,5.912629843805102e-16,0.0,0.0,0.0
n_14758,0,-1,1,5.912629843805102e-16,0.0,0.0,0.0
n_14759,0,-1,1,5.912629843805102e-16,0.0,0.0,0.0
n_1476,0,-1,9,4.636657082720619e-15,0.0,0.0,0.0
n_14760,0,-1,1,5.912629843805102e-16,0.0,0.0,0.0
n_14761,0,-1,1,5.912629843805102e-16,0.0,0.0,0.0
n_14762,0,-1,1,5.912629843805102e-16,0.0,0.0,0.0
n_14763,0,-1,1,6.194319650139584e-16,0.0,0.0,0.0
n_14764,0,-1,1,5.912629843805102e-16,0.0,0.0,0.0
n_14765,0,-1,1,5.912629843805102e-16,0.0,0.0,0.0
n_14766,0,-1,1,5.912629843805102e-16,0.0,0.0,0.0
n_14767,0,-1,1,5.912629843805102e-16,0.0,0.0,0.0
n_14768,0,-1,1,5.912629843805102e-16,0.0,0.0,0.0
n_1477,0,-1,1,2.7572301508644724e-16,0.0,0.0,0.0
n_1479,0,-1,9,4.798069798731767e-15,0.0,0.0,0.0
n_148,0,-1,12,7.294006537812963e-15,0.0,0.0,0.0
n_1480,0,-1,16,8.295256232675012e-15,0.0,0.0,0.0
n_1482,0,-1,16,8.407231447203189e-15,0.0,0.0,0.0
n_1484,0,-1,16,7.944806515143912e-15,0.0,0.0,0.0
n_1486,0,-1,16,8.341223016656608e-15,0.0,0.0,0.0
n_1488,0,-1,16,7.86946378151859e-15,0.0,0.0,0.0
n_149,0,-1,12,7.294006537812963e-15,0.0,0.0,0.0
n_1490,0,-1,16,8.68000485533928e-15,0.0,0.0,0.0
n_1491,0,-1,16,8.676428682235972e-15,0.0,0.0,0.0
n_1493,0,-1,16,8.403595134760626e-15,0.0,0.0,0.0
n_14931,0,-1,1,5.588219930775849e-16,0.0,0.0,0.0
n_14932,0,-1,1,5.588219930775849e-16,0.0,0.0,0.0
n_14933,0,-1,1,5.588219930775849e-16,0.0,0.0,0.0
n_14936,0,-1,1,5.588219930775849e-16,0.0,0.0,0.0
n_14937,0,-1,1,5.912629843805102e-16,0.0,0.0,0.0
n_14944,0,-1,1,5.912629843805102e-16,0.0,0.0,0.0
n_14945,0,-1,1,5.912629843805102e-16,0.0,0.0,0.0
n_14947,0,-1,1,5.588219930775849e-16,0.0,0.0,0.0
n_14948,0,-1,1,5.588219930775849e-16,0.0,0.0,0.0
n_14949,0,-1,1,5.912629843805102e-16,0.0,0.0,0.0
n_1495,0,-1,16,8.133843093147391e-15,0.0,0.0,0.0
n_14953,0,-1,1,5.912629843805102e-16,0.0,0.0,0.0
n_1496,0,-1,16,8.169841146372751e-15,0.0,0.0,0.0
n_1497,0,-1,16,8.301387904180186e-15,0.0,0.0,0.0
n_15,0,-1,9,4.95221116040721e-15,0.0,0.0,0.0
n_1500,0,-1,16,8.40342403410528e-15,0.0,0.0,0.0
n_15012,0,-1,1,5.912629843805102e-16,0.0,0.0,0.0
n_15013,0,-1,1,6.196590227833818e-16,0.0,0.0,0.0
n_15014,0,-1,1,6.196590227833818e-16,0.0,0.0,0.0
n_15018,0,-1,1,6.196590227833818e-16,0.0,0.0,0.0
n_15019,0,-1,1,5.912629843805102e-16,0.0,0.0,0.0
n_15023,0,-1,1,6.196590227833818e-16,0.0,0.0,0.0
n_15025,0,-1,1,5.912629843805102e-16,0.0,0.0,0.0
n_15026,0,-1,1,6.196590227833818e-16,0.0,0.0,0.0
n_15029,0,-1,1,6.196590227833818e-16,0.0,0.0,0.0
n_15030,0,-1,1,6.196590227833818e-16,0.0,0.0,0.0
n_15032,0,-1,1,5.912629843805102e-16,0.0,0.0,0.0
n_1506,0,-1,16,8.247082927865818e-15,0.0,0.0,0.0
n_1507,0,-1,16,8.069897187827375e-15,0.0,0.0,0.0
n_1508,0,-1,16,8.180483268322054e-15,0.0,0.0,0.0
n_1509,0,-1,16,8.333092347395914e-15,0.0,0.0,0.0
n_15092,0,-1,1,5.912629843805102e-16,0.0,0.0,0.0
n_15095,0,-1,1,6.194319650139584e-16,0.0,0.0,0.0
n_15096,0,-1,1,6.194319650139584e-16,0.0,0.0,0.0
n_15097,0,-1,1,6.194319650139584e-16,0.0,0.0,0.0
n_15099,0,-1,1,5.912629843805102e-16,0.0,0.0,0.0
n_151,0,-1,12,5.578295139853752e-15,0.0,0.0,0.0
n_15100,0,-1,1,6.194319650139584e-16,0.0,0.0,0.0
n_15102,0,-1,1,6.194319650139584e-16,0.0,0.0,0.0
n_15105,0,-1,1,6.194319650139584e-16,0.0,0.0,0.0
n_15107,0,-1,1,6.194319650139584e-16,0.0,0.0,0.0
n_15108,0,-1,1,6.194319650139584e-16,0.0,0.0,0.0
n_15110,0,-1,1,6.194319650139584e-16,0.0,0.0,0.0
n_15111,0,-1,1,6.194319650139584e-16,0.0,0.0,0.0
n_15112,0,-1,1,6.194319650139584e-16,0.0,0.0,0.0
n_15113,0,-1,1,6.194319650139584e-16,0.0,0.0,0.0
n_15114,0,-1,1,6.194319650139584e-16,0.0,0.0,0.0
n_15115,0,-1,1,6.194319650139584e-16,0.0,0.0,0.0
n_15116,0,-1,1,6.194319650139584e-16,0.0,0.0,0.0
n_1512,0,-1,16,7.979523007520077e-15,0.0,0.0,0.0
n_1514,0,-1,9,4.512108087606926e-15,0.0,0.0,0.0
n_15149,0,-1,1,6.194319650139584e-16,0.0,0.0,0.0
n_15151,0,-1,1,6.194319650139584e-16,0.0,0.0,0.0
n_15154,0,-1,1,6.194319650139584e-16,0.0,0.0,0.0
n_15156,0,-1,1,6.194319650139584e-16,0.0,0.0,0.0
n_15159,0,-1,1,6.194319650139584e-16,0.0,0.0,0.0
n_15161,0,-1,1,6.194319650139584e-16,0.0,0.0,0.0
n_15162,0,-1,1,6.194319650139584e-16,0.0,0.0,0.0
n_15165,0,-1,1,6.194319650139584e-16,0.0,0.0,0.0
n_15166,0,-1,1,6.194319650139584e-16,0.0,0.0,0.0
n_15167,0,-1,1,6.194319650139584e-16,0.0,0.0,0.0
n_15168,0,-1,1,6.194319650139584e-16,0.0,0.0,0.0
n_1519,0,-1,5,2.9289420992999627e-15,0.0,0.0,0.0
n_152,0,-1,12,5.244805986541999e-15,0.0,0.0,0.0
n_1520,0,-1,4,2.1136000427342348e-15,0.0,0.0,0.0
n_1523,0,-1,2,9.582500672946845e-16,0.0,0.0,0.0
n_1524,0,-1,6,2.7666931500116383e-15,0.0,0.0,0.0
n_15277,0,-1,10,4.437308725617267e-15,0.0,0.0,0.0
n_15278,0,-1,1,5.934590231753854e-16,0.0,0.0,0.0
n_15279,0,-1,1,5.616789822691145e-16,0.0,0.0,0.0
n_15280,0,-1,1,5.616789822691145e-16,0.0,0.0,0.0
n_15281,0,-1,1,5.616789822691145e-16,0.0,0.0,0.0
n_15282,0,-1,1,5.616789822691145e-16,0.0,0.0,0.0
n_15283,0,-1,1,6.212930022781945e-16,0.0,0.0,0.0
n_15284,0,-1,1,5.934590231753854e-16,0.0,0.0,0.0
n_15285,0,-1,1,5.616789822691145e-16,0.0,0.0,0.0
n_15286,0,-1,1,5.616789822691145e-16,0.0,0.0,0.0
n_15287,0,-1,1,5.616789822691145e-16,0.0,0.0,0.0
n_15288,0,-1,10,4.755577120383334e-15,0.0,0.0,0.0
n_15289,0,-1,1,5.616789822691145e-16,0.0,0.0,0.0
n_1529,0,-1,1,4.889519922640314e-16,0.0,0.0,0.0
n_15290,0,-1,1,5.934590231753854e-16,0.0,0.0,0.0
n_15291,0,-1,1,6.212930022781945e-16,0.0,0.0,0.0
n_15292,0,-1,1,5.616789822691145e-16,0.0,0.0,0.0
n_15293,0,-1,1,5.616789822691145e-16,0.0,0.0,0.0
n_15294,0,-1,1,5.616789822691145e-16,0.0,0.0,0.0
n_15295,0,-1,1,5.616789822691145e-16,0.0,0.0,0.0
n_15296,0,-1,1,6.212930022781945e-16,0.0,0.0,0.0
n_15297,0,-1,1,5.934590231753854e-16,0.0,0.0,0.0
n_15298,0,-1,1,6.212930022781945e-16,0.0,0.0,0.0
n_15299,0,-1,1,1.297109938887622e-15,0.0,0.0,0.0
n_153,0,-1,1,1.2397199627002357e-15,0.0,0.0,0.0
n_1530,0,-1,4,1.617499092395377e-15,0.0,0.0,0.0
n_15301,0,-1,1,6.212930022781945e-16,0.0,0.0,0.0
n_15306,0,-1,1,6.212930022781945e-16,0.0,0.0,0.0
n_1531,0,-1,4,1.7410120603354598e-15,0.0,0.0,0.0
n_15310,0,-1,1,5.934590231753854e-16,0.0,0.0,0.0
n_15313,0,-1,1,6.212930022781945e-16,0.0,0.0,0.0
n_15317,0,-1,1,6.212930022781945e-16,0.0,0.0,0.0
n_1532,0,-1,4,2.102334928052226e-15,0.0,0.0,0.0
n_1536,0,-1,1,4.995600211372075e-16,0.0,0.0,0.0
n_1538,0,-1,1,5.995319847094027e-16,0.0,0.0,0.0
n_1539,0,-1,3,1.373536027652483e-15,0.0,0.0,0.0
n_154,0,-1,12,5.064443025918405e-15,0.0,0.0,0.0
n_1540,0,-1,3,1.341775997899591e-15,0.0,0.0,0.0
n_1542,0,-1,3,1.4021710352255987e-15,0.0,0.0,0.0
n_1543,0,-1,1,4.649190205724667e-16,0.0,0.0,0.0
n_15459,0,-1,7,6.736195955013959e-15,0.0,0.0,0.0
n_15461,0,-1,1,5.912629843805102e-16,0.0,0.0,0.0
n_15462,0,-1,1,5.912629843805102e-16,0.0,0.0,0.0
n_15463,0,-1,1,5.912629843805102e-16,0.0,0.0,0.0
n_15464,0,-1,1,5.912629843805102e-16,0.0,0.0,0.0
n_15465,0,-1,1,5.912629843805102e-16,0.0,0.0,0.0
n_15466,0,-1,1,5.912629843805102e-16,0.0,0.0,0.0
n_15467,0,-1,1,5.912629843805102e-16,0.0,0.0,0.0
n_15468,0,-1,1,5.912629843805102e-16,0.0,0.0,0.0
n_15469,0,-1,1,5.912629843805102e-16,0.0,0.0,0.0
n_15471,0,-1,1,5.912629843805102e-16,0.0,0.0,0.0
n_15472,0,-1,1,5.912629843805102e-16,0.0,0.0,0.0
n_15473,0,-1,1,5.912629843805102e-16,0.0,0.0,0.0
n_15474,0,-1,1,5.912629843805102e-16,0.0,0.0,0.0
n_15475,0,-1,1,5.912629843805102e-16,0.0,0.0,0.0
n_15476,0,-1,1,5.912629843805102e-16,0.0,0.0,0.0
n_15477,0,-1,1,5.912629843805102e-16,0.0,0.0,0.0
n_15478,0,-1,1,5.912629843805102e-16,0.0,0.0,0.0
n_15479,0,-1,1,6.194319650139584e-16,0.0,0.0,0.0
n_1549,0,-1,2,1.1266800277573603e-15,0.0,0.0,0.0
n_155,0,-1,12,4.773647721280057e-15,0.0,0.0,0.0
n_1551,0,-1,2,1.1266800277573603e-15,0.0,0.0,0.0
n_1552,0,-1,2,1.0985960151164336e-15,0.0,0.0,0.0
n_15527,0,-1,2,1.2045999650038227e-15,0.0,0.0,0.0
n_15528,0,-1,2,1.2652339715000746e-15,0.0,0.0,0.0
n_15529,0,-1,1,4.8332599942836835e-16,0.0,0.0,0.0
n_1553,0,-1,2,8.074080048279153e-16,0.0,0.0,0.0
n_15531,0,-1,1,6.212930022781945e-16,0.0,0.0,0.0
n_15532,0,-1,1,5.934590231753854e-16,0.0,0.0,0.0
n_15535,0,-1,1,6.212930022781945e-16,0.0,0.0,0.0
n_15536,0,-1,1,6.212930022781945e-16,0.0,0.0,0.0
n_15538,0,-1,1,5.934590231753854e-16,0.0,0.0,0.0
n_15541,0,-1,1,5.934590231753854e-16,0.0,0.0,0.0
n_15544,0,-1,1,5.934590231753854e-16,0.0,0.0,0.0
n_15545,0,-1,1,5.934590231753854e-16,0.0,0.0,0.0
n_15547,0,-1,1,5.934590231753854e-16,0.0,0.0,0.0
n_1556,0,-1,2,1.0985960151164336e-15,0.0,0.0,0.0
n_1557,0,-1,2,6.732950018880962e-16,0.0,0.0,0.0
n_1558,0,-1,1,4.2380600007643353e-16,0.0,0.0,0.0
n_1559,0,-1,2,8.821679797855271e-16,0.0,0.0,0.0
n_156,0,-1,12,4.773647721280057e-15,0.0,0.0,0.0
n_1560,0,-1,2,7.125590553393917e-16,0.0,0.0,0.0
n_1561,0,-1,2,1.6698400110632988e-15,0.0,0.0,0.0
n_1562,0,-1,2,8.773400508048552e-16,0.0,0.0,0.0
n_1563,0,-1,1,5.1064302373555635e-16,0.0,0.0,0.0
n_15630,0,-1,14,6.635238945063666e-15,0.0,0.0,0.0
n_1564,0,-1,2,8.521810017494752e-16,0.0,0.0,0.0
n_1565,0,-1,2,9.418550034467487e-16,0.0,0.0,0.0
n_1566,0,-1,2,7.200880135701799e-16,0.0,0.0,0.0
n_1568,0,-1,2,6.732950018880962e-16,0.0,0.0,0.0
n_1569,0,-1,1,4.2380600007643353e-16,0.0,0.0,0.0
n_157,0,-1,12,4.804673691105035e-15,0.0,0.0,0.0
n_1573,0,-1,2,1.1060009888995675e-15,0.0,0.0,0.0
n_1574,0,-1,2,1.0019299681978126e-15,0.0,0.0,0.0
n_1575,0,-1,1,5.633400138786802e-16,0.0,0.0,0.0
n_1576,0,-1,1,6.212930022781945e-16,0.0,0.0,0.0
n_1577,0,-1,1,6.212930022781945e-16,0.0,0.0,0.0
n_1579,0,-1,1,5.934590231753854e-16,0.0,0.0,0.0
n_158,0,-1,12,4.773647721280057e-15,0.0,0.0,0.0
n_1580,0,-1,1,6.212930022781945e-16,0.0,0.0,0.0
n_1581,0,-1,1,6.212930022781945e-16,0.0,0.0,0.0
n_1582,0,-1,1,5.934590231753854e-16,0.0,0.0,0.0
n_1583,0,-1,1,5.934590231753854e-16,0.0,0.0,0.0
n_1584,0,-1,1,5.934590231753854e-16,0.0,0.0,0.0
n_1585,0,-1,1,6.212930022781945e-16,0.0,0.0,0.0
n_1586,0,-1,1,5.934590231753854e-16,0.0,0.0,0.0
n_1587,0,-1,1,6.212930022781945e-16,0.0,0.0,0.0
n_1588,0,-1,1,5.934590231753854e-16,0.0,0.0,0.0
n_1589,0,-1,1,5.934590231753854e-16,0.0,0.0,0.0
n_159,0,-1,12,4.773647721280057e-15,0.0,0.0,0.0
n_1590,0,-1,1,6.212930022781945e-16,0.0,0.0,0.0
n_1591,0,-1,1,6.212930022781945e-16,0.0,0.0,0.0
n_1594,0,-1,1,6.212930022781945e-16,0.0,0.0,0.0
n_1595,0,-1,1,6.212930022781945e-16,0.0,0.0,0.0
n_1596,0,-1,1,6.212930022781945e-16,0.0,0.0,0.0
n_1599,0,-1,1,6.212930022781945e-16,0.0,0.0,0.0
n_16,0,-1,9,4.956002903395594e-15,0.0,0.0,0.0
n_160,0,-1,12,6.810980493927041e-15,0.0,0.0,0.0
n_1600,0,-1,1,6.212930022781945e-16,0.0,0.0,0.0
n_16003,0,-1,1,5.934590231753854e-16,0.0,0.0,0.0
n_16008,0,-1,1,4.907040269758677e-16,0.0,0.0,0.0
n_16009,0,-1,2,6.732950018880962e-16,0.0,0.0,0.0
n_1602,0,-1,1,5.934590231753854e-16,0.0,0.0,0.0
n_1603,0,-1,1,6.212930022781945e-16,0.0,0.0,0.0
n_1604,0,-1,1,5.934590231753854e-16,0.0,0.0,0.0
n_1606,0,-1,1,5.934590231753854e-16,0.0,0.0,0.0
n_1607,0,-1,1,6.212930022781945e-16,0.0,0.0,0.0
n_1608,0,-1,1,6.212930022781945e-16,0.0,0.0,0.0
n_1609,0,-1,1,5.934590231753854e-16,0.0,0.0,0.0
n_161,0,-1,12,5.175153620256331e-15,0.0,0.0,0.0
n_1610,0,-1,1,6.212930022781945e-16,0.0,0.0,0.0
n_1614,0,-1,1,5.934590231753854e-16,0.0,0.0,0.0
n_1615,0,-1,1,6.212930022781945e-16,0.0,0.0,0.0
n_1616,0,-1,1,6.212930022781945e-16,0.0,0.0,0.0
n_1617,0,-1,1,5.934590231753854e-16,0.0,0.0,0.0
n_1621,0,-1,1,6.212930022781945e-16,0.0,0.0,0.0
n_1623,0,-1,1,5.934590231753854e-16,0.0,0.0,0.0
n_1626,0,-1,1,5.934590231753854e-16,0.0,0.0,0.0
n_1627,0,-1,1,5.934590231753854e-16,0.0,0.0,0.0
n_1629,0,-1,1,5.616789822691145e-16,0.0,0.0,0.0
n_1630,0,-1,1,6.212930022781945e-16,0.0,0.0,0.0
n_1631,0,-1,1,4.12629003290719e-16,0.0,0.0,0.0
n_1632,0,-1,1,4.12629003290719e-16,0.0,0.0,0.0
n_1633,0,-1,1,4.12629003290719e-16,0.0,0.0,0.0
n_1634,0,-1,1,5.934590231753854e-16,0.0,0.0,0.0
n_1635,0,-1,1,5.934590231753854e-16,0.0,0.0,0.0
n_1636,0,-1,1,6.212930022781945e-16,0.0,0.0,0.0
n_1637,0,-1,1,5.934590231753854e-16,0.0,0.0,0.0
n_1638,0,-1,1,5.934590231753854e-16,0.0,0.0,0.0
n_1639,0,-1,1,5.616789822691145e-16,0.0,0.0,0.0
n_164,0,-1,12,6.15497973429995e-15,0.0,0.0,0.0
n_1640,0,-1,1,6.212930022781945e-16,0.0,0.0,0.0
n_1641,0,-1,1,5.616789822691145e-16,0.0,0.0,0.0
n_1642,0,-1,1,5.934590231753854e-16,0.0,0.0,0.0
n_1643,0,-1,1,5.934590231753854e-16,0.0,0.0,0.0
n_16431,0,-1,2,1.9632879052550916e-15,0.0,0.0,0.0
n_16433,0,-1,31,1.703734606194919e-14,0.0,0.0,0.0
n_16435,0,-1,3,1.6726609484150109e-15,0.0,0.0,0.0
n_1644,0,-1,1,6.212930022781945e-16,0.0,0.0,0.0
n_1645,0,-1,1,5.934590231753854e-16,0.0,0.0,0.0
n_16455,0,-1,1,5.912629843805102e-16,0.0,0.0,0.0
n_1646,0,-1,1,5.934590231753854e-16,0.0,0.0,0.0
n_16461,0,-1,1,5.912629843805102e-16,0.0,0.0,0.0
n_1647,0,-1,1,6.212930022781945e-16,0.0,0.0,0.0
n_1648,0,-1,1,5.616789822691145e-16,0.0,0.0,0.0
n_1649,0,-1,1,5.934590231753854e-16,0.0,0.0,0.0
n_165,0,-1,1,6.674139991957504e-16,0.0,0.0,0.0
n_1650,0,-1,1,5.616789822691145e-16,0.0,0.0,0.0
n_1651,0,-1,1,5.616789822691145e-16,0.0,0.0,0.0
n_1652,0,-1,1,5.616789822691145e-16,0.0,0.0,0.0
n_1653,0,-1,1,5.934590231753854e-16,0.0,0.0,0.0
n_1654,0,-1,1,5.934590231753854e-16,0.0,0.0,0.0
n_1655,0,-1,1,5.934590231753854e-16,0.0,0.0,0.0
n_1656,0,-1,1,5.934590231753854e-16,0.0,0.0,0.0
n_1657,0,-1,1,5.934590231753854e-16,0.0,0.0,0.0
n_1658,0,-1,1,5.616789822691145e-16,0.0,0.0,0.0
n_1659,0,-1,1,5.934590231753854e-16,0.0,0.0,0.0
n_166,0,-1,12,6.868391963575464e-15,0.0,0.0,0.0
n_1660,0,-1,1,5.934590231753854e-16,0.0,0.0,0.0
n_1661,0,-1,1,5.934590231753854e-16,0.0,0.0,0.0
n_1662,0,-1,1,5.934590231753854e-16,0.0,0.0,0.0
n_16622,0,-1,2,1.9632879052550916e-15,0.0,0.0,0.0
n_16624,0,-1,31,1.6599862015021817e-14,0.0,0.0,0.0
n_16627,0,-1,3,1.7885390790058986e-15,0.0,0.0,0.0
n_1663,0,-1,1,5.934590231753854e-16,0.0,0.0,0.0
n_16631,0,-1,1,5.912629843805102e-16,0.0,0.0,0.0
n_16636,0,-1,1,5.912629843805102e-16,0.0,0.0,0.0
n_1664,0,-1,1,5.934590231753854e-16,0.0,0.0,0.0
n_1665,0,-1,1,5.934590231753854e-16,0.0,0.0,0.0
n_1666,0,-1,1,5.934590231753854e-16,0.0,0.0,0.0
n_1667,0,-1,1,5.934590231753854e-16,0.0,0.0,0.0
n_1668,0,-1,1,5.616789822691145e-16,0.0,0.0,0.0
n_1669,0,-1,1,5.616789822691145e-16,0.0,0.0,0.0
n_167,0,-1,13,5.5746283342250885e-15,0.0,0.0,0.0
n_1670,0,-1,1,5.934590231753854e-16,0.0,0.0,0.0
n_1671,0,-1,1,4.685959905964977e-16,0.0,0.0,0.0
n_16713,0,-1,1,5.08158040826549e-16,0.0,0.0,0.0
n_16714,0,-1,1,5.101060048469971e-16,0.0,0.0,0.0
n_16715,0,-1,1,5.101060048469971e-16,0.0,0.0,0.0
n_16716,0,-1,1,5.101060048469971e-16,0.0,0.0,0.0
n_16717,0,-1,1,5.101060048469971e-16,0.0,0.0,0.0
n_16718,0,-1,1,5.548899602573121e-16,0.0,0.0,0.0
n_1672,0,-1,1,6.212930022781945e-16,0.0,0.0,0.0
n_16720,0,-1,1,5.548899602573121e-16,0.0,0.0,0.0
n_16721,0,-1,1,5.548899602573121e-16,0.0,0.0,0.0
n_16722,0,-1,1,5.548899602573121e-16,0.0,0.0,0.0
n_16723,0,-1,1,5.101060048469971e-16,0.0,0.0,0.0
n_16724,0,-1,1,5.101060048469971e-16,0.0,0.0,0.0
n_16725,0,-1,1,5.101060048469971e-16,0.0,0.0,0.0
n_16726,0,-1,1,5.101060048469971e-16,0.0,0.0,0.0
n_16727,0,-1,1,5.101060048469971e-16,0.0,0.0,0.0
n_16728,0,-1,1,5.101060048469971e-16,0.0,0.0,0.0
n_16729,0,-1,1,5.101060048469971e-16,0.0,0.0,0.0
n_16730,0,-1,1,5.548899602573121e-16,0.0,0.0,0.0
n_16731,0,-1,1,5.548899602573121e-16,0.0,0.0,0.0
n_16732,0,-1,1,5.101060048469971e-16,0.0,0.0,0.0
n_16734,0,-1,1,5.101060048469971e-16,0.0,0.0,0.0
n_16735,0,-1,1,5.548899602573121e-16,0.0,0.0,0.0
n_16736,0,-1,1,5.101060048469971e-16,0.0,0.0,0.0
n_16737,0,-1,1,5.548899602573121e-16,0.0,0.0,0.0
n_16739,0,-1,1,5.101060048469971e-16,0.0,0.0,0.0
n_1674,0,-1,1,4.694369884340028e-16,0.0,0.0,0.0
n_16740,0,-1,1,5.101060048469971e-16,0.0,0.0,0.0
n_16741,0,-1,1,5.08158040826549e-16,0.0,0.0,0.0
n_16742,0,-1,1,5.101060048469971e-16,0.0,0.0,0.0
n_16743,0,-1,1,5.101060048469971e-16,0.0,0.0,0.0
n_16744,0,-1,1,5.101060048469971e-16,0.0,0.0,0.0
n_1675,0,-1,1,4.676570016349071e-16,0.0,0.0,0.0
n_1676,0,-1,1,6.212930022781945e-16,0.0,0.0,0.0
n_16762,0,-1,11,1.057153530567654e-14,0.0,0.0,0.0
n_168,0,-1,11,4.742487073216466e-15,0.0,0.0,0.0
n_1681,0,-1,1,4.694310062638128e-16,0.0,0.0,0.0
n_1682,0,-1,1,4.685959905964977e-16,0.0,0.0,0.0
n_1683,0,-1,1,5.934590231753854e-16,0.0,0.0,0.0
n_1684,0,-1,1,4.423370163195487e-16,0.0,0.0,0.0
n_1685,0,-1,1,4.694369884340028e-16,0.0,0.0,0.0
n_1686,0,-1,1,5.141489989833603e-16,0.0,0.0,0.0
n_1687,0,-1,1,5.215520140028037e-16,0.0,0.0,0.0
n_1688,0,-1,1,5.031510173170921e-16,0.0,0.0,0.0
n_1689,0,-1,1,5.333150252391202e-16,0.0,0.0,0.0
n_1690,0,-1,1,4.863050143038617e-16,0.0,0.0,0.0
n_1691,0,-1,1,4.807359844339015e-16,0.0,0.0,0.0
n_1692,0,-1,1,4.804919860055331e-16,0.0,0.0,0.0
n_1693,0,-1,1,4.676570016349071e-16,0.0,0.0,0.0
n_1694,0,-1,1,5.074080460913146e-16,0.0,0.0,0.0
n_16943,0,-1,1,1.2117799456603422e-15,0.0,0.0,0.0
n_16944,0,-1,1,1.601519921724543e-15,0.0,0.0,0.0
n_16945,0,-1,1,1.6071900661525818e-15,0.0,0.0,0.0
n_16946,0,-1,1,1.5916499761857807e-15,0.0,0.0,0.0
n_16947,0,-1,2,8.404580657594756e-16,0.0,0.0,0.0
n_16948,0,-1,1,1.6058600126671557e-15,0.0,0.0,0.0
n_16949,0,-1,1,1.6066400241324585e-15,0.0,0.0,0.0
n_1695,0,-1,1,5.192220381231439e-16,0.0,0.0,0.0
n_1696,0,-1,1,5.168309699921634e-16,0.0,0.0,0.0
n_1697,0,-1,1,4.676570016349071e-16,0.0,0.0,0.0
n_1698,0,-1,1,5.105350270347814e-16,0.0,0.0,0.0
n_1699,0,-1,1,6.212930022781945e-16,0.0,0.0,0.0
n_17,0,-1,9,4.520687684329665e-15,0.0,0.0,0.0
n_1700,0,-1,1,4.3167599494761005e-16,0.0,0.0,0.0
n_1701,0,-1,1,5.454080087479514e-16,0.0,0.0,0.0
n_1702,0,-1,1,5.934590231753854e-16,0.0,0.0,0.0
n_17025,0,-1,11,7.30574895556075e-15,0.0,0.0,0.0
n_1703,0,-1,1,4.804919860055331e-16,0.0,0.0,0.0
n_1704,0,-1,1,4.804919860055331e-16,0.0,0.0,0.0
n_1705,0,-1,1,6.212930022781945e-16,0.0,0.0,0.0
n_1706,0,-1,1,4.6769601809004e-16,0.0,0.0,0.0
n_1707,0,-1,1,5.048919876610549e-16,0.0,0.0,0.0
n_1708,0,-1,1,5.061039859294574e-16,0.0,0.0,0.0
n_1709,0,-1,1,5.077040311668207e-16,0.0,0.0,0.0
n_1710,0,-1,1,6.212930022781945e-16,0.0,0.0,0.0
n_1711,0,-1,1,4.3340600680281775e-16,0.0,0.0,0.0
n_17116,0,-1,16,9.503842652365969e-15,0.0,0.0,0.0
n_1712,0,-1,1,3.9780399441985783e-16,0.0,0.0,0.0
n_1714,0,-1,1,5.934590231753854e-16,0.0,0.0,0.0
n_17144,0,-1,16,9.572678478890484e-15,0.0,0.0,0.0
n_17152,0,-1,16,9.576911102527914e-15,0.0,0.0,0.0
n_1716,0,-1,1,5.934590231753854e-16,0.0,0.0,0.0
n_17167,0,-1,24,1.436050002599342e-14,0.0,0.0,0.0
n_1717,0,-1,1,4.653569895457564e-16,0.0,0.0,0.0
n_1718,0,-1,1,3.9780399441985783e-16,0.0,0.0,0.0
n_17180,0,-1,5,3.9736399256749474e-15,0.0,0.0,0.0
n_172,0,-1,14,5.9332845304656615e-15,0.0,0.0,0.0
n_1720,0,-1,1,5.934590231753854e-16,0.0,0.0,0.0
n_1722,0,-1,1,5.934590231753854e-16,0.0,0.0,0.0
n_1723,0,-1,1,5.678290238013319e-16,0.0,0.0,0.0
n_1725,0,-1,1,5.192220381231439e-16,0.0,0.0,0.0
n_1727,0,-1,1,5.934590231753854e-16,0.0,0.0,0.0
n_173,0,-1,14,5.9332845304656615e-15,0.0,0.0,0.0
n_1731,0,-1,1,6.212930022781945e-16,0.0,0.0,0.0
n_1732,0,-1,1,5.616789822691145e-16,0.0,0.0,0.0
n_17326,0,-1,2,8.750229921776411e-16,0.0,0.0,0.0
n_1733,0,-1,1,3.659220183923408e-16,0.0,0.0,0.0
n_1735,0,-1,1,4.423370163195487e-16,0.0,0.0,0.0
n_1736,0,-1,1,4.12629003290719e-16,0.0,0.0,0.0
n_1737,0,-1,1,5.616789822691145e-16,0.0,0.0,0.0
n_1738,0,-1,1,6.308580159559453e-16,0.0,0.0,0.0
n_174,0,-1,2,1.3105920564299503e-15,0.0,0.0,0.0
n_1740,0,-1,1,5.616789822691145e-16,0.0,0.0,0.0
n_1741,0,-1,1,6.066110096265213e-16,0.0,0.0,0.0
n_1742,0,-1,1,4.132109943348215e-16,0.0,0.0,0.0
n_1743,0,-1,1,5.141489989833603e-16,0.0,0.0,0.0
n_1745,0,-1,1,5.289320003139936e-16,0.0,0.0,0.0
n_17476,0,-1,4,2.6615232099399394e-15,0.0,0.0,0.0
n_17478,0,-1,6,2.9801139007424367e-15,0.0,0.0,0.0
n_17479,0,-1,4,2.185309852048784e-15,0.0,0.0,0.0
n_17480,0,-1,11,6.359666516553373e-15,0.0,0.0,0.0
n_17481,0,-1,1,9.694659481866339e-16,0.0,0.0,0.0
n_17482,0,-1,1,9.694659481866339e-16,0.0,0.0,0.0
n_17483,0,-1,1,9.694659481866339e-16,0.0,0.0,0.0
n_17484,0,-1,1,9.694659481866339e-16,0.0,0.0,0.0
n_175,0,-1,14,6.81473200285043e-15,0.0,0.0,0.0
n_17514,0,-1,2,3.0752562412680656e-15,0.0,0.0,0.0
n_17518,0,-1,14,8.272245735629902e-15,0.0,0.0,0.0
n_17519,0,-1,1,6.212930022781945e-16,0.0,0.0,0.0
n_1753,0,-1,4,3.821193900443434e-15,0.0,0.0,0.0
n_17531,0,-1,1,5.934590231753854e-16,0.0,0.0,0.0
n_17532,0,-1,1,6.212930022781945e-16,0.0,0.0,0.0
n_17533,0,-1,1,6.212930022781945e-16,0.0,0.0,0.0
n_17534,0,-1,1,5.934590231753854e-16,0.0,0.0,0.0
n_17535,0,-1,1,6.212930022781945e-16,0.0,0.0,0.0
n_17536,0,-1,1,6.212930022781945e-16,0.0,0.0,0.0
n_17537,0,-1,1,6.212930022781945e-16,0.0,0.0,0.0
n_17538,0,-1,1,6.212930022781945e-16,0.0,0.0,0.0
n_17539,0,-1,1,6.212930022781945e-16,0.0,0.0,0.0
n_1754,0,-1,2,1.820390058921502e-15,0.0,0.0,0.0
n_17540,0,-1,1,6.212930022781945e-16,0.0,0.0,0.0
n_17541,0,-1,1,6.212930022781945e-16,0.0,0.0,0.0
n_17542,0,-1,1,6.212930022781945e-16,0.0,0.0,0.0
n_17543,0,-1,1,5.934590231753854e-16,0.0,0.0,0.0
n_1755,0,-1,4,2.410762070520619e-15,0.0,0.0,0.0
n_17558,0,-1,10,5.1455536303980556e-15,0.0,0.0,0.0
n_17559,0,-1,2,9.633559819007334e-16,0.0,0.0,0.0
n_1756,0,-1,16,9.032963484460147e-15,0.0,0.0,0.0
n_17564,0,-1,2,9.639279408983669e-16,0.0,0.0,0.0
n_17565,0,-1,2,1.020829073196069e-15,0.0,0.0,0.0
n_1757,0,-1,16,9.194290226627148e-15,0.0,0.0,0.0
n_1758,0,-1,12,6.740595020625524e-15,0.0,0.0,0.0
n_1759,0,-1,16,8.94416563246769e-15,0.0,0.0,0.0
n_176,0,-1,14,8.509674999975913e-15,0.0,0.0,0.0
n_1760,0,-1,16,9.194290226627148e-15,0.0,0.0,0.0
n_1762,0,-1,8,3.3904477888532314e-15,0.0,0.0,0.0
n_1763,0,-1,16,7.894499534340585e-15,0.0,0.0,0.0
n_1764,0,-1,12,5.766161965357073e-15,0.0,0.0,0.0
n_1766,0,-1,1,5.207640086640612e-16,0.0,0.0,0.0
n_1767,0,-1,16,6.2206645982606796e-15,0.0,0.0,0.0
n_1768,0,-1,4,2.034442907989189e-15,0.0,0.0,0.0
n_17689,0,-1,1,5.869650333270235e-16,0.0,0.0,0.0
n_1769,0,-1,12,5.474190131954989e-15,0.0,0.0,0.0
n_17690,0,-1,1,5.633400138786802e-16,0.0,0.0,0.0
n_177,0,-1,2,1.2863560085892814e-15,0.0,0.0,0.0
n_1770,0,-1,3,1.3649370550510758e-15,0.0,0.0,0.0
n_1771,0,-1,7,3.149565806455975e-15,0.0,0.0,0.0
n_1772,0,-1,5,2.392496016771317e-15,0.0,0.0,0.0
n_1774,0,-1,2,9.623860232970088e-16,0.0,0.0,0.0
n_17740,0,-1,2,1.5454821277583299e-15,0.0,0.0,0.0
n_17743,0,-1,3,2.1051371247999802e-15,0.0,0.0,0.0
n_1775,0,-1,3,1.526708065998912e-15,0.0,0.0,0.0
n_1776,0,-1,4,1.9784320073190512e-15,0.0,0.0,0.0
n_1777,0,-1,3,1.5975580309928795e-15,0.0,0.0,0.0
n_1779,0,-1,3,1.5482909948905436e-15,0.0,0.0,0.0
n_178,0,-1,14,8.356733036953782e-15,0.0,0.0,0.0
n_1780,0,-1,3,2.477471844347526e-15,0.0,0.0,0.0
n_17806,0,-1,7,3.86303309287306e-15,0.0,0.0,0.0
n_17807,0,-1,1,5.101060048469971e-16,0.0,0.0,0.0
n_17808,0,-1,11,6.874835766721701e-15,0.0,0.0,0.0
n_17809,0,-1,1,5.548899602573121e-16,0.0,0.0,0.0
n_17810,0,-1,1,5.548899602573121e-16,0.0,0.0,0.0
n_17811,0,-1,1,5.548899602573121e-16,0.0,0.0,0.0
n_17812,0,-1,1,5.101060048469971e-16,0.0,0.0,0.0
n_17817,0,-1,1,5.548899602573121e-16,0.0,0.0,0.0
n_17819,0,-1,1,5.548899602573121e-16,0.0,0.0,0.0
n_1782,0,-1,1,4.2380600007643353e-16,0.0,0.0,0.0
n_17820,0,-1,1,5.548899602573121e-16,0.0,0.0,0.0
n_17821,0,-1,1,5.548899602573121e-16,0.0,0.0,0.0
n_17823,0,-1,1,5.548899602573121e-16,0.0,0.0,0.0
n_17824,0,-1,1,5.101060048469971e-16,0.0,0.0,0.0
n_17825,0,-1,1,5.548899602573121e-16,0.0,0.0,0.0
n_1783,0,-1,2,8.910789781488792e-16,0.0,0.0,0.0
n_17837,0,-1,3,1.7380889496344852e-15,0.0,0.0,0.0
n_17838,0,-1,2,9.20421999386781e-16,0.0,0.0,0.0
n_17839,0,-1,2,7.939110642090101e-16,0.0,0.0,0.0
n_1784,0,-1,2,8.910789781488792e-16,0.0,0.0,0.0
n_1785,0,-1,2,8.910789781488792e-16,0.0,0.0,0.0
n_1786,0,-1,2,9.301730426755726e-16,0.0,0.0,0.0
n_1789,0,-1,2,8.910789781488792e-16,0.0,0.0,0.0
n_17892,0,-1,2,8.388310213469185e-16,0.0,0.0,0.0
n_17893,0,-1,1,6.018490433366169e-16,0.0,0.0,0.0
n_17894,0,-1,2,1.9166970697496056e-15,0.0,0.0,0.0
n_179,0,-1,14,8.509674999975913e-15,0.0,0.0,0.0
n_1790,0,-1,1,5.12269962268995e-16,0.0,0.0,0.0
n_1791,0,-1,1,5.616789822691145e-16,0.0,0.0,0.0
n_1792,0,-1,1,5.616789822691145e-16,0.0,0.0,0.0
n_1793,0,-1,1,5.227159960910087e-16,0.0,0.0,0.0
n_1796,0,-1,1,4.697130152956893e-16,0.0,0.0,0.0
n_1797,0,-1,1,6.066110096265213e-16,0.0,0.0,0.0
n_1798,0,-1,1,4.697130152956893e-16,0.0,0.0,0.0
n_1799,0,-1,1,5.51569008768924e-16,0.0,0.0,0.0
n_18,0,-1,9,4.995049851714596e-15,0.0,0.0,0.0
n_180,0,-1,14,8.509674999975913e-15,0.0,0.0,0.0
n_1800,0,-1,1,5.35974020479229e-16,0.0,0.0,0.0
n_1801,0,-1,1,5.35974020479229e-16,0.0,0.0,0.0
n_1802,0,-1,1,5.042300314127756e-16,0.0,0.0,0.0
n_1804,0,-1,1,5.168309699921634e-16,0.0,0.0,0.0
n_18048,0,-1,2,9.350980098682643e-16,0.0,0.0,0.0
n_1805,0,-1,1,5.392289563372905e-16,0.0,0.0,0.0
n_1806,0,-1,1,5.678290238013319e-16,0.0,0.0,0.0
n_1807,0,-1,1,5.934590231753854e-16,0.0,0.0,0.0
n_1808,0,-1,1,5.168309699921634e-16,0.0,0.0,0.0
n_1809,0,-1,7,3.841368107664663e-15,0.0,0.0,0.0
n_181,0,-1,14,8.509674999975913e-15,0.0,0.0,0.0
n_1810,0,-1,5,2.7319561170865026e-15,0.0,0.0,0.0
n_1811,0,-1,2,1.573559999410389e-15,0.0,0.0,0.0
n_1813,0,-1,2,1.720508992572459e-15,0.0,0.0,0.0
n_1814,0,-1,6,3.0364000871204323e-15,0.0,0.0,0.0
n_18147,0,-1,8,4.044656015005695e-15,0.0,0.0,0.0
n_18152,0,-1,2,8.593609824059946e-16,0.0,0.0,0.0
n_182,0,-1,15,7.52203712457624e-15,0.0,0.0,0.0
n_1822,0,-1,4,1.99170607239371e-15,0.0,0.0,0.0
n_18221,0,-1,3,1.313041993350765e-15,0.0,0.0,0.0
n_18222,0,-1,3,1.5870610693149122e-15,0.0,0.0,0.0
n_18229,0,-1,1,5.616789822691145e-16,0.0,0.0,0.0
n_18232,0,-1,1,6.212930022781945e-16,0.0,0.0,0.0
n_18234,0,-1,1,5.616789822691145e-16,0.0,0.0,0.0
n_18235,0,-1,1,5.934590231753854e-16,0.0,0.0,0.0
n_18255,0,-1,1,5.264370118282968e-16,0.0,0.0,0.0
n_18256,0,-1,2,1.3939620154172837e-15,0.0,0.0,0.0
n_18257,0,-1,1,9.135900433924647e-16,0.0,0.0,0.0
n_18259,0,-1,1,4.0108299130757724e-16,0.0,0.0,0.0
n_1826,0,-1,3,1.5372368972915197e-15,0.0,0.0,0.0
n_18266,0,-1,3,1.391054998342307e-15,0.0,0.0,0.0
n_18267,0,-1,2,1.0846140422561068e-15,0.0,0.0,0.0
n_18277,0,-1,11,8.07764499819591e-15,0.0,0.0,0.0
n_18278,0,-1,13,6.2418251753489865e-15,0.0,0.0,0.0
n_1828,0,-1,1,4.12629003290719e-16,0.0,0.0,0.0
n_1829,0,-1,3,1.2116650668168708e-15,0.0,0.0,0.0
n_18291,0,-1,20,1.1924402776503952e-14,0.0,0.0,0.0
n_18292,0,-1,1,5.985569968475538e-16,0.0,0.0,0.0
n_183,0,-1,15,7.965917117288331e-15,0.0,0.0,0.0
n_1830,0,-1,2,1.5868870040442514e-15,0.0,0.0,0.0
n_18304,0,-1,14,8.045003736540518e-15,0.0,0.0,0.0
n_1831,0,-1,2,8.062099826031425e-16,0.0,0.0,0.0
n_18315,0,-1,6,3.4717720573938272e-15,0.0,0.0,0.0
n_18317,0,-1,3,2.3123808877629267e-15,0.0,0.0,0.0
n_1832,0,-1,2,8.264840338330294e-16,0.0,0.0,0.0
n_1833,0,-1,2,1.0013620326066786e-15,0.0,0.0,0.0
n_1835,0,-1,2,1.0747461084205942e-15,0.0,0.0,0.0
n_18359,0,-1,2,7.68499017000197e-16,0.0,0.0,0.0
n_1836,0,-1,2,1.0913560009997774e-15,0.0,0.0,0.0
n_18360,0,-1,2,8.036110208231703e-16,0.0,0.0,0.0
n_18361,0,-1,1,5.964369792596947e-16,0.0,0.0,0.0
n_18365,0,-1,1,5.558670127619699e-16,0.0,0.0,0.0
n_18369,0,-1,1,1.0856800332202264e-15,0.0,0.0,0.0
n_1837,0,-1,2,1.1034959948371813e-15,0.0,0.0,0.0
n_18380,0,-1,7,3.4289892702609598e-15,0.0,0.0,0.0
n_18382,0,-1,3,1.7854550320449457e-15,0.0,0.0,0.0
n_18383,0,-1,3,1.6580899700189872e-15,0.0,0.0,0.0
n_18384,0,-1,1,1.297109938887622e-15,0.0,0.0,0.0
n_18387,0,-1,1,5.912629843805102e-16,0.0,0.0,0.0
n_18388,0,-1,1,6.194319650139584e-16,0.0,0.0,0.0
n_1839,0,-1,1,5.794730269085592e-16,0.0,0.0,0.0
n_184,0,-1,15,7.52221330742927e-15,0.0,0.0,0.0
n_1840,0,-1,1,5.159739844077789e-16,0.0,0.0,0.0
n_1841,0,-1,1,3.466820091025942e-16,0.0,0.0,0.0
n_18419,0,-1,2,1.3443910003660018e-15,0.0,0.0,0.0
n_1842,0,-1,1,4.907040269758677e-16,0.0,0.0,0.0
n_18420,0,-1,2,1.7557919382321001e-15,0.0,0.0,0.0
n_18423,0,-1,2,1.2507449435416977e-15,0.0,0.0,0.0
n_18424,0,-1,1,6.194319650139584e-16,0.0,0.0,0.0
n_18425,0,-1,1,5.912629843805102e-16,0.0,0.0,0.0
n_18426,0,-1,1,5.912629843805102e-16,0.0,0.0,0.0
n_18427,0,-1,1,5.912629843805102e-16,0.0,0.0,0.0
n_18429,0,-1,1,5.912629843805102e-16,0.0,0.0,0.0
n_1843,0,-1,1,4.836170081853094e-16,0.0,0.0,0.0
n_18430,0,-1,1,5.912629843805102e-16,0.0,0.0,0.0
n_18431,0,-1,1,5.912629843805102e-16,0.0,0.0,0.0
n_18432,0,-1,1,5.912629843805102e-16,0.0,0.0,0.0
n_18433,0,-1,1,5.912629843805102e-16,0.0,0.0,0.0
n_18434,0,-1,1,5.912629843805102e-16,0.0,0.0,0.0
n_18435,0,-1,1,5.912629843805102e-16,0.0,0.0,0.0
n_18436,0,-1,1,5.912629843805102e-16,0.0,0.0,0.0
n_18437,0,-1,1,5.912629843805102e-16,0.0,0.0,0.0
n_18438,0,-1,1,5.912629843805102e-16,0.0,0.0,0.0
n_18439,0,-1,1,5.912629843805102e-16,0.0,0.0,0.0
n_1844,0,-1,1,5.168309699921634e-16,0.0,0.0,0.0
n_18440,0,-1,1,6.194319650139584e-16,0.0,0.0,0.0
n_18441,0,-1,2,1.1492860665701567e-15,0.0,0.0,0.0
n_18442,0,-1,1,5.912629843805102e-16,0.0,0.0,0.0
n_18443,0,-1,1,5.912629843805102e-16,0.0,0.0,0.0
n_18444,0,-1,1,5.912629843805102e-16,0.0,0.0,0.0
n_18445,0,-1,1,5.912629843805102e-16,0.0,0.0,0.0
n_18446,0,-1,1,5.912629843805102e-16,0.0,0.0,0.0
n_18447,0,-1,1,5.912629843805102e-16,0.0,0.0,0.0
n_18448,0,-1,1,5.912629843805102e-16,0.0,0.0,0.0
n_18449,0,-1,1,5.912629843805102e-16,0.0,0.0,0.0
n_18450,0,-1,1,5.912629843805102e-16,0.0,0.0,0.0
n_18451,0,-1,1,5.912629843805102e-16,0.0,0.0,0.0
n_18452,0,-1,1,5.912629843805102e-16,0.0,0.0,0.0
n_18453,0,-1,1,5.912629843805102e-16,0.0,0.0,0.0
n_18454,0,-1,1,5.912629843805102e-16,0.0,0.0,0.0
n_18455,0,-1,1,5.912629843805102e-16,0.0,0.0,0.0
n_18456,0,-1,1,5.912629843805102e-16,0.0,0.0,0.0
n_18457,0,-1,1,5.912629843805102e-16,0.0,0.0,0.0
n_1846,0,-1,1,5.168309699921634e-16,0.0,0.0,0.0
n_1847,0,-1,1,5.168309699921634e-16,0.0,0.0,0.0
n_1848,0,-1,1,5.168309699921634e-16,0.0,0.0,0.0
n_18480,0,-1,1,9.694659481866339e-16,0.0,0.0,0.0
n_18481,0,-1,1,9.672700152708771e-16,0.0,0.0,0.0
n_18482,0,-1,1,1.0271899729925936e-15,0.0,0.0,0.0
n_18483,0,-1,1,1.0243000024556803e-15,0.0,0.0,0.0
n_18484,0,-1,1,1.6727400401164608e-15,0.0,0.0,0.0
n_18488,0,-1,1,5.964369792596947e-16,0.0,0.0,0.0
n_18489,0,-1,1,5.954769732931004e-16,0.0,0.0,0.0
n_1849,0,-1,1,4.907040269758677e-16,0.0,0.0,0.0
n_18490,0,-1,1,7.489850190217932e-16,0.0,0.0,0.0
n_18491,0,-1,2,9.063470646604932e-16,0.0,0.0,0.0
n_18498,0,-1,4,1.5086990867491015e-15,0.0,0.0,0.0
n_185,0,-1,15,7.631258634992893e-15,0.0,0.0,0.0
n_1850,0,-1,1,4.697130152956893e-16,0.0,0.0,0.0
n_18504,0,-1,1,5.868539661318148e-16,0.0,0.0,0.0
n_18505,0,-1,2,1.084720027253632e-15,0.0,0.0,0.0
n_18506,0,-1,1,5.909010366142366e-16,0.0,0.0,0.0
n_18507,0,-1,2,1.0699099738082458e-15,0.0,0.0,0.0
n_18518,0,-1,1,5.101060048469971e-16,0.0,0.0,0.0
n_18519,0,-1,1,6.193060218026136e-16,0.0,0.0,0.0
n_1852,0,-1,1,4.907040269758677e-16,0.0,0.0,0.0
n_18523,0,-1,2,1.0677500397927473e-15,0.0,0.0,0.0
n_18527,0,-1,1,5.101060048469971e-16,0.0,0.0,0.0
n_18528,0,-1,1,6.193060218026136e-16,0.0,0.0,0.0
n_1853,0,-1,1,5.168309699921634e-16,0.0,0.0,0.0
n_18531,0,-1,1,5.08158040826549e-16,0.0,0.0,0.0
n_18532,0,-1,1,6.193060218026136e-16,0.0,0.0,0.0
n_18535,0,-1,1,5.08158040826549e-16,0.0,0.0,0.0
n_18536,0,-1,1,6.193060218026136e-16,0.0,0.0,0.0
n_18539,0,-1,1,5.08158040826549e-16,0.0,0.0,0.0
n_1854,0,-1,1,5.35974020479229e-16,0.0,0.0,0.0
n_18540,0,-1,1,6.193060218026136e-16,0.0,0.0,0.0
n_18546,0,-1,1,5.08158040826549e-16,0.0,0.0,0.0
n_18547,0,-1,1,6.193060218026136e-16,0.0,0.0,0.0
n_1855,0,-1,1,6.212930022781945e-16,0.0,0.0,0.0
n_18550,0,-1,1,5.08158040826549e-16,0.0,0.0,0.0
n_18551,0,-1,1,6.193060218026136e-16,0.0,0.0,0.0
n_18559,0,-1,1,5.08158040826549e-16,0.0,0.0,0.0
n_1856,0,-1,1,5.863069946061253e-16,0.0,0.0,0.0
n_18560,0,-1,1,6.193060218026136e-16,0.0,0.0,0.0
n_18563,0,-1,1,5.08158040826549e-16,0.0,0.0,0.0
n_18564,0,-1,1,6.193060218026136e-16,0.0,0.0,0.0
n_18571,0,-1,1,7.489850190217932e-16,0.0,0.0,0.0
n_18578,0,-1,1,6.212930022781945e-16,0.0,0.0,0.0
n_1858,0,-1,1,6.212930022781945e-16,0.0,0.0,0.0
n_1859,0,-1,1,6.212930022781945e-16,0.0,0.0,0.0
n_18597,0,-1,2,1.118199957405924e-15,0.0,0.0,0.0
n_18598,0,-1,1,5.633400138786802e-16,0.0,0.0,0.0
n_18599,0,-1,2,1.0805969885037533e-15,0.0,0.0,0.0
n_1860,0,-1,1,6.212930022781945e-16,0.0,0.0,0.0
n_18600,0,-1,2,1.123357964538229e-15,0.0,0.0,0.0
n_1862,0,-1,1,5.616789822691145e-16,0.0,0.0,0.0
n_18625,0,-1,1,3.62321996017612e-16,0.0,0.0,0.0
n_18626,0,-1,1,3.720560192381196e-16,0.0,0.0,0.0
n_1863,0,-1,1,5.633400138786802e-16,0.0,0.0,0.0
n_1865,0,-1,1,5.014819918340867e-16,0.0,0.0,0.0
n_1866,0,-1,1,5.014819918340867e-16,0.0,0.0,0.0
n_1867,0,-1,1,6.212930022781945e-16,0.0,0.0,0.0
n_1869,0,-1,1,6.212930022781945e-16,0.0,0.0,0.0
n_1870,0,-1,1,6.212930022781945e-16,0.0,0.0,0.0
n_1871,0,-1,1,5.014819918340867e-16,0.0,0.0,0.0
n_18717,0,-1,1,1.1053300329262237e-15,0.0,0.0,0.0
n_1872,0,-1,1,5.014819918340867e-16,0.0,0.0,0.0
n_1873,0,-1,1,5.934590231753854e-16,0.0,0.0,0.0
n_1874,0,-1,1,5.934590231753854e-16,0.0,0.0,0.0
n_18744,0,-1,16,8.202792422086838e-15,0.0,0.0,0.0
n_18747,0,-1,1,5.912629843805102e-16,0.0,0.0,0.0
n_18749,0,-1,7,2.6184992301753413e-15,0.0,0.0,0.0
n_1875,0,-1,1,5.357459568581808e-16,0.0,0.0,0.0
n_18752,0,-1,9,5.029821401232332e-15,0.0,0.0,0.0
n_18753,0,-1,8,3.5237328700266687e-15,0.0,0.0,0.0
n_18754,0,-1,1,6.212930022781945e-16,0.0,0.0,0.0
n_18755,0,-1,5,1.9158940825156085e-15,0.0,0.0,0.0
n_18757,0,-1,1,1.0829399875149771e-15,0.0,0.0,0.0
n_18758,0,-1,9,5.25421948720131e-15,0.0,0.0,0.0
n_18759,0,-1,8,3.7137651352596446e-15,0.0,0.0,0.0
n_18760,0,-1,1,6.212930022781945e-16,0.0,0.0,0.0
n_18761,0,-1,8,3.0657271206114547e-15,0.0,0.0,0.0
n_18766,0,-1,1,6.212930022781945e-16,0.0,0.0,0.0
n_18767,0,-1,9,4.821963751140863e-15,0.0,0.0,0.0
n_18768,0,-1,7,2.755847951913231e-15,0.0,0.0,0.0
n_18769,0,-1,8,3.304849815577264e-15,0.0,0.0,0.0
n_18770,0,-1,1,6.212930022781945e-16,0.0,0.0,0.0
n_18778,0,-1,24,1.1887795706589516e-14,0.0,0.0,0.0
n_1878,0,-1,1,5.616789822691145e-16,0.0,0.0,0.0
n_18780,0,-1,1,5.912629843805102e-16,0.0,0.0,0.0
n_18784,0,-1,1,5.912629843805102e-16,0.0,0.0,0.0
n_1879,0,-1,1,5.616789822691145e-16,0.0,0.0,0.0
n_188,0,-1,2,1.2863560085892814e-15,0.0,0.0,0.0
n_1880,0,-1,1,5.616789822691145e-16,0.0,0.0,0.0
n_18802,0,-1,1,5.912629843805102e-16,0.0,0.0,0.0
n_1881,0,-1,1,5.616789822691145e-16,0.0,0.0,0.0
n_1882,0,-1,1,5.616789822691145e-16,0.0,0.0,0.0
n_1883,0,-1,1,6.212930022781945e-16,0.0,0.0,0.0
n_1884,0,-1,1,6.212930022781945e-16,0.0,0.0,0.0
n_1885,0,-1,1,6.212930022781945e-16,0.0,0.0,0.0
n_1886,0,-1,1,5.616789822691145e-16,0.0,0.0,0.0
n_18864,0,-1,3,1.3130840273607725e-15,0.0,0.0,0.0
n_1887,0,-1,1,5.616789822691145e-16,0.0,0.0,0.0
n_18870,0,-1,1,5.238390029603903e-16,0.0,0.0,0.0
n_18871,0,-1,3,1.1735871241895274e-15,0.0,0.0,0.0
n_1888,0,-1,1,5.616789822691145e-16,0.0,0.0,0.0
n_1889,0,-1,1,5.616789822691145e-16,0.0,0.0,0.0
n_18898,0,-1,1,5.08158040826549e-16,0.0,0.0,0.0
n_189,0,-1,16,9.725343462138863e-15,0.0,0.0,0.0
n_1890,0,-1,1,5.616789822691145e-16,0.0,0.0,0.0
n_18900,0,-1,1,3.720560192381196e-16,0.0,0.0,0.0
n_18901,0,-1,1,6.196590227833818e-16,0.0,0.0,0.0
n_1891,0,-1,1,5.616789822691145e-16,0.0,0.0,0.0
n_18915,0,-1,1,5.912629843805102e-16,0.0,0.0,0.0
n_18916,0,-1,1,5.912629843805102e-16,0.0,0.0,0.0
n_18917,0,-1,1,6.194319650139584e-16,0.0,0.0,0.0
n_18918,0,-1,1,5.912629843805102e-16,0.0,0.0,0.0
n_1892,0,-1,1,5.934590231753854e-16,0.0,0.0,0.0
n_18920,0,-1,1,5.912629843805102e-16,0.0,0.0,0.0
n_18921,0,-1,1,5.912629843805102e-16,0.0,0.0,0.0
n_18922,0,-1,1,6.194319650139584e-16,0.0,0.0,0.0
n_18923,0,-1,1,5.912629843805102e-16,0.0,0.0,0.0
n_18924,0,-1,1,5.912629843805102e-16,0.0,0.0,0.0
n_18925,0,-1,1,5.912629843805102e-16,0.0,0.0,0.0
n_18926,0,-1,1,5.912629843805102e-16,0.0,0.0,0.0
n_18927,0,-1,1,5.912629843805102e-16,0.0,0.0,0.0
n_18928,0,-1,1,5.912629843805102e-16,0.0,0.0,0.0
n_1893,0,-1,1,5.934590231753854e-16,0.0,0.0,0.0
n_18930,0,-1,1,5.912629843805102e-16,0.0,0.0,0.0
n_18931,0,-1,1,5.912629843805102e-16,0.0,0.0,0.0
n_18932,0,-1,1,5.912629843805102e-16,0.0,0.0,0.0
n_18933,0,-1,1,5.912629843805102e-16,0.0,0.0,0.0
n_18934,0,-1,1,5.912629843805102e-16,0.0,0.0,0.0
n_18935,0,-1,1,5.912629843805102e-16,0.0,0.0,0.0
n_18936,0,-1,1,6.194319650139584e-16,0.0,0.0,0.0
n_18937,0,-1,1,5.912629843805102e-16,0.0,0.0,0.0
n_18939,0,-1,1,5.912629843805102e-16,0.0,0.0,0.0
n_1894,0,-1,1,5.616789822691145e-16,0.0,0.0,0.0
n_18940,0,-1,1,5.912629843805102e-16,0.0,0.0,0.0
n_18942,0,-1,1,5.912629843805102e-16,0.0,0.0,0.0
n_18943,0,-1,1,5.912629843805102e-16,0.0,0.0,0.0
n_18944,0,-1,1,5.912629843805102e-16,0.0,0.0,0.0
n_18945,0,-1,1,6.194319650139584e-16,0.0,0.0,0.0
n_18946,0,-1,1,6.196590227833818e-16,0.0,0.0,0.0
n_18947,0,-1,1,5.912629843805102e-16,0.0,0.0,0.0
n_1895,0,-1,1,5.616789822691145e-16,0.0,0.0,0.0
n_18954,0,-1,1,4.598619691795626e-16,0.0,0.0,0.0
n_1896,0,-1,1,5.934590231753854e-16,0.0,0.0,0.0
n_1897,0,-1,1,5.934590231753854e-16,0.0,0.0,0.0
n_18976,0,-1,1,3.62321996017612e-16,0.0,0.0,0.0
n_1898,0,-1,1,5.616789822691145e-16,0.0,0.0,0.0
n_1899,0,-1,1,5.616789822691145e-16,0.0,0.0,0.0
n_19,0,-1,10,5.0386936478383475e-15,0.0,0.0,0.0
n_190,0,-1,16,9.725343462138863e-15,0.0,0.0,0.0
n_1900,0,-1,1,5.616789822691145e-16,0.0,0.0,0.0
n_1901,0,-1,1,5.616789822691145e-16,0.0,0.0,0.0
n_1902,0,-1,1,6.212930022781945e-16,0.0,0.0,0.0
n_19024,0,-1,2,9.320119512040616e-16,0.0,0.0,0.0
n_19025,0,-1,2,1.0280210181929685e-15,0.0,0.0,0.0
n_19028,0,-1,2,1.5196899745144364e-15,0.0,0.0,0.0
n_19029,0,-1,1,5.467370034421934e-16,0.0,0.0,0.0
n_1903,0,-1,1,5.616789822691145e-16,0.0,0.0,0.0
n_1904,0,-1,1,5.616789822691145e-16,0.0,0.0,0.0
n_1905,0,-1,1,5.616789822691145e-16,0.0,0.0,0.0
n_1906,0,-1,1,5.934590231753854e-16,0.0,0.0,0.0
n_1907,0,-1,1,5.934590231753854e-16,0.0,0.0,0.0
n_19075,0,-1,1,5.548899602573121e-16,0.0,0.0,0.0
n_19077,0,-1,1,5.08158040826549e-16,0.0,0.0,0.0
n_19078,0,-1,1,5.205529915810764e-16,0.0,0.0,0.0
n_1908,0,-1,1,5.616789822691145e-16,0.0,0.0,0.0
n_19080,0,-1,4,4.265759989842801e-15,0.0,0.0,0.0
n_1909,0,-1,1,5.616789822691145e-16,0.0,0.0,0.0
n_1910,0,-1,1,5.616789822691145e-16,0.0,0.0,0.0
n_1911,0,-1,1,5.616789822691145e-16,0.0,0.0,0.0
n_1912,0,-1,1,5.616789822691145e-16,0.0,0.0,0.0
n_1913,0,-1,1,5.616789822691145e-16,0.0,0.0,0.0
n_1914,0,-1,1,5.616789822691145e-16,0.0,0.0,0.0
n_1915,0,-1,1,6.212930022781945e-16,0.0,0.0,0.0
n_1916,0,-1,1,5.616789822691145e-16,0.0,0.0,0.0
n_19162,0,-1,9,4.585416248092944e-15,0.0,0.0,0.0
n_19166,0,-1,1,4.751459904984968e-16,0.0,0.0,0.0
n_19167,0,-1,2,6.933640182051884e-16,0.0,0.0,0.0
n_19168,0,-1,1,5.359600444355993e-16,0.0,0.0,0.0
n_1917,0,-1,1,5.616789822691145e-16,0.0,0.0,0.0
n_19171,0,-1,1,5.026950488936732e-16,0.0,0.0,0.0
n_19172,0,-1,1,6.212930022781945e-16,0.0,0.0,0.0
n_1918,0,-1,1,6.212930022781945e-16,0.0,0.0,0.0
n_1919,0,-1,1,4.697130152956893e-16,0.0,0.0,0.0
n_1920,0,-1,1,5.168309699921634e-16,0.0,0.0,0.0
n_1921,0,-1,1,5.530149998890055e-16,0.0,0.0,0.0
n_1928,0,-1,1,4.423370163195487e-16,0.0,0.0,0.0
n_1929,0,-1,1,4.995600211372075e-16,0.0,0.0,0.0
n_1930,0,-1,1,5.35974020479229e-16,0.0,0.0,0.0
n_19308,0,-1,1,3.466820091025942e-16,0.0,0.0,0.0
n_1931,0,-1,1,5.56265012368061e-16,0.0,0.0,0.0
n_1932,0,-1,1,3.659220183923408e-16,0.0,0.0,0.0
n_1934,0,-1,1,6.212930022781945e-16,0.0,0.0,0.0
n_1935,0,-1,1,4.8332599942836835e-16,0.0,0.0,0.0
n_1936,0,-1,1,5.105350270347814e-16,0.0,0.0,0.0
n_1937,0,-1,1,5.616789822691145e-16,0.0,0.0,0.0
n_1939,0,-1,1,5.616789822691145e-16,0.0,0.0,0.0
n_1941,0,-1,1,5.934590231753854e-16,0.0,0.0,0.0
n_1942,0,-1,1,4.697130152956893e-16,0.0,0.0,0.0
n_1944,0,-1,1,5.616789822691145e-16,0.0,0.0,0.0
n_1945,0,-1,1,4.697130152956893e-16,0.0,0.0,0.0
n_1946,0,-1,1,5.897550010366015e-16,0.0,0.0,0.0
n_19461,0,-1,16,9.193465216536523e-15,0.0,0.0,0.0
n_19463,0,-1,19,1.191498207606459e-14,0.0,0.0,0.0
n_19464,0,-1,1,6.196590227833818e-16,0.0,0.0,0.0
n_19465,0,-1,16,8.721329051736976e-15,0.0,0.0,0.0
n_19468,0,-1,1,5.912629843805102e-16,0.0,0.0,0.0
n_1947,0,-1,1,4.836170081853094e-16,0.0,0.0,0.0
n_1948,0,-1,1,4.694369884340028e-16,0.0,0.0,0.0
n_19490,0,-1,1,4.836170081853094e-16,0.0,0.0,0.0
n_19491,0,-1,1,4.443300319048789e-16,0.0,0.0,0.0
n_19492,0,-1,1,5.934590231753854e-16,0.0,0.0,0.0
n_19502,0,-1,1,5.912629843805102e-16,0.0,0.0,0.0
n_1951,0,-1,1,6.212930022781945e-16,0.0,0.0,0.0
n_1952,0,-1,1,5.436750322774283e-16,0.0,0.0,0.0
n_1953,0,-1,1,5.50993026364791e-16,0.0,0.0,0.0
n_1954,0,-1,1,5.616789822691145e-16,0.0,0.0,0.0
n_1955,0,-1,1,5.161799722326393e-16,0.0,0.0,0.0
n_1956,0,-1,1,4.876690020467372e-16,0.0,0.0,0.0
n_19565,0,-1,1,6.194319650139584e-16,0.0,0.0,0.0
n_1957,0,-1,1,4.697130152956893e-16,0.0,0.0,0.0
n_1959,0,-1,1,5.616789822691145e-16,0.0,0.0,0.0
n_1960,0,-1,1,6.212930022781945e-16,0.0,0.0,0.0
n_1961,0,-1,1,5.616789822691145e-16,0.0,0.0,0.0
n_1962,0,-1,1,6.212930022781945e-16,0.0,0.0,0.0
n_1963,0,-1,1,6.212930022781945e-16,0.0,0.0,0.0
n_1964,0,-1,1,6.212930022781945e-16,0.0,0.0,0.0
n_1965,0,-1,1,6.212930022781945e-16,0.0,0.0,0.0
n_1966,0,-1,1,6.212930022781945e-16,0.0,0.0,0.0
n_1967,0,-1,1,6.212930022781945e-16,0.0,0.0,0.0
n_1968,0,-1,1,6.212930022781945e-16,0.0,0.0,0.0
n_1969,0,-1,1,6.212930022781945e-16,0.0,0.0,0.0
n_1970,0,-1,1,6.212930022781945e-16,0.0,0.0,0.0
n_1971,0,-1,1,6.212930022781945e-16,0.0,0.0,0.0
n_1972,0,-1,1,6.212930022781945e-16,0.0,0.0,0.0
n_1973,0,-1,1,5.934590231753854e-16,0.0,0.0,0.0
n_1974,0,-1,1,6.212930022781945e-16,0.0,0.0,0.0
n_1975,0,-1,1,5.934590231753854e-16,0.0,0.0,0.0
n_1976,0,-1,1,6.212930022781945e-16,0.0,0.0,0.0
n_1977,0,-1,1,5.934590231753854e-16,0.0,0.0,0.0
n_1978,0,-1,1,6.212930022781945e-16,0.0,0.0,0.0
n_1979,0,-1,1,5.934590231753854e-16,0.0,0.0,0.0
n_1980,0,-1,1,6.212930022781945e-16,0.0,0.0,0.0
n_1981,0,-1,1,6.212930022781945e-16,0.0,0.0,0.0
n_1982,0,-1,1,6.212930022781945e-16,0.0,0.0,0.0
n_1983,0,-1,1,6.212930022781945e-16,0.0,0.0,0.0
n_1984,0,-1,1,6.212930022781945e-16,0.0,0.0,0.0
n_1985,0,-1,1,6.212930022781945e-16,0.0,0.0,0.0
n_1986,0,-1,1,6.212930022781945e-16,0.0,0.0,0.0
n_1987,0,-1,1,6.212930022781945e-16,0.0,0.0,0.0
n_19874,0,-1,19,1.1686503408872215e-14,0.0,0.0,0.0
n_19875,0,-1,1,6.196590227833818e-16,0.0,0.0,0.0
n_1988,0,-1,1,5.616789822691145e-16,0.0,0.0,0.0
n_199,0,-1,1,5.934590231753854e-16,0.0,0.0,0.0
n_1990,0,-1,8,3.341598339993892e-15,0.0,0.0,0.0
n_1991,0,-1,5,2.877375792262305e-15,0.0,0.0,0.0
n_1992,0,-1,1,3.4990399008505153e-16,0.0,0.0,0.0
n_1999,0,-1,4,1.8393589382587885e-15,0.0,0.0,0.0
n_2,0,-1,10,5.307075190142925e-15,0.0,0.0,0.0
n_20,0,-1,9,4.882934453233649e-15,0.0,0.0,0.0
n_200,0,-1,1,5.934590231753854e-16,0.0,0.0,0.0
n_2002,0,-1,3,1.6642810397095873e-15,0.0,0.0,0.0
n_2003,0,-1,3,1.245268981416817e-15,0.0,0.0,0.0
n_2004,0,-1,2,9.938909902536589e-16,0.0,0.0,0.0
n_2005,0,-1,2,1.0191191254337994e-15,0.0,0.0,0.0
n_2007,0,-1,2,1.0143770114785962e-15,0.0,0.0,0.0
n_2008,0,-1,1,5.333150252391202e-16,0.0,0.0,0.0
n_201,0,-1,1,5.934590231753854e-16,0.0,0.0,0.0
n_2011,0,-1,2,1.0073610375764888e-15,0.0,0.0,0.0
n_2014,0,-1,2,8.388310213469185e-16,0.0,0.0,0.0
n_2015,0,-1,1,3.712599935561578e-16,0.0,0.0,0.0
n_2016,0,-1,2,1.0997869434402731e-15,0.0,0.0,0.0
n_2017,0,-1,2,8.688749623486734e-16,0.0,0.0,0.0
n_2018,0,-1,2,9.338879174239931e-16,0.0,0.0,0.0
n_2019,0,-1,1,4.0108299130757724e-16,0.0,0.0,0.0
n_202,0,-1,1,5.934590231753854e-16,0.0,0.0,0.0
n_2020,0,-1,1,6.212930022781945e-16,0.0,0.0,0.0
n_2022,0,-1,1,6.212930022781945e-16,0.0,0.0,0.0
n_2023,0,-1,1,4.654890208064097e-16,0.0,0.0,0.0
n_2025,0,-1,1,5.934590231753854e-16,0.0,0.0,0.0
n_2026,0,-1,1,6.212930022781945e-16,0.0,0.0,0.0
n_203,0,-1,1,5.934590231753854e-16,0.0,0.0,0.0
n_2030,0,-1,1,5.616789822691145e-16,0.0,0.0,0.0
n_2032,0,-1,1,5.616789822691145e-16,0.0,0.0,0.0
n_2035,0,-1,1,5.616789822691145e-16,0.0,0.0,0.0
n_2036,0,-1,1,5.616789822691145e-16,0.0,0.0,0.0
n_2037,0,-1,1,5.616789822691145e-16,0.0,0.0,0.0
n_20370,0,-1,16,7.815288401245152e-15,0.0,0.0,0.0
n_20381,0,-1,1,6.212930022781945e-16,0.0,0.0,0.0
n_2039,0,-1,1,6.212930022781945e-16,0.0,0.0,0.0
n_204,0,-1,1,5.934590231753854e-16,0.0,0.0,0.0
n_2041,0,-1,1,6.193060218026136e-16,0.0,0.0,0.0
n_2043,0,-1,1,6.193060218026136e-16,0.0,0.0,0.0
n_2044,0,-1,1,3.62321996017612e-16,0.0,0.0,0.0
n_2045,0,-1,1,6.193060218026136e-16,0.0,0.0,0.0
n_20451,0,-1,1,6.066110096265213e-16,0.0,0.0,0.0
n_20452,0,-1,1,6.212930022781945e-16,0.0,0.0,0.0
n_20461,0,-1,1,3.894380088185047e-16,0.0,0.0,0.0
n_20462,0,-1,2,8.566210425798638e-16,0.0,0.0,0.0
n_20463,0,-1,1,4.580649887819626e-16,0.0,0.0,0.0
n_20472,0,-1,1,5.912629843805102e-16,0.0,0.0,0.0
n_2048,0,-1,1,6.212930022781945e-16,0.0,0.0,0.0
n_20483,0,-1,16,8.092630705098733e-15,0.0,0.0,0.0
n_20486,0,-1,1,6.194319650139584e-16,0.0,0.0,0.0
n_2049,0,-1,1,6.212930022781945e-16,0.0,0.0,0.0
n_20497,0,-1,1,5.912629843805102e-16,0.0,0.0,0.0
n_205,0,-1,1,5.934590231753854e-16,0.0,0.0,0.0
n_2050,0,-1,16,8.958991250143482e-15,0.0,0.0,0.0
n_20502,0,-1,16,8.0935353362864e-15,0.0,0.0,0.0
n_20504,0,-1,7,5.242024330343216e-15,0.0,0.0,0.0
n_20505,0,-1,1,6.194319650139584e-16,0.0,0.0,0.0
n_20506,0,-1,16,8.412542343782473e-15,0.0,0.0,0.0
n_20509,0,-1,1,5.912629843805102e-16,0.0,0.0,0.0
n_2051,0,-1,6,3.062065820696948e-15,0.0,0.0,0.0
n_20510,0,-1,16,8.249702800771676e-15,0.0,0.0,0.0
n_20512,0,-1,19,9.688203608500603e-15,0.0,0.0,0.0
n_2052,0,-1,15,6.558123794996214e-15,0.0,0.0,0.0
n_2054,0,-1,8,3.28295803729724e-15,0.0,0.0,0.0
n_20540,0,-1,16,8.537131572961161e-15,0.0,0.0,0.0
n_20543,0,-1,1,5.912629843805102e-16,0.0,0.0,0.0
n_20563,0,-1,1,5.912629843805102e-16,0.0,0.0,0.0
n_2057,0,-1,4,2.22453997124263e-15,0.0,0.0,0.0
n_2058,0,-1,2,8.75395951372229e-16,0.0,0.0,0.0
n_2059,0,-1,3,2.101348134668675e-15,0.0,0.0,0.0
n_206,0,-1,1,5.934590231753854e-16,0.0,0.0,0.0
n_2060,0,-1,1,5.16605976865549e-16,0.0,0.0,0.0
n_2061,0,-1,4,2.283262012618692e-15,0.0,0.0,0.0
n_2067,0,-1,2,1.2036980866732337e-15,0.0,0.0,0.0
n_2068,0,-1,3,1.341775997899591e-15,0.0,0.0,0.0
n_20680,0,-1,16,8.173880646498207e-15,0.0,0.0,0.0
n_20681,0,-1,24,1.1378591685952226e-14,0.0,0.0,0.0
n_20682,0,-1,32,1.6708265291611422e-14,0.0,0.0,0.0
n_20683,0,-1,1,5.912629843805102e-16,0.0,0.0,0.0
n_2069,0,-1,3,1.3825140474977866e-15,0.0,0.0,0.0
n_207,0,-1,1,5.934590231753854e-16,0.0,0.0,0.0
n_2070,0,-1,2,1.191711935194875e-15,0.0,0.0,0.0
n_2071,0,-1,2,9.263609708964546e-16,0.0,0.0,0.0
n_2072,0,-1,2,1.028829087624649e-15,0.0,0.0,0.0
n_2073,0,-1,2,1.0173240508603307e-15,0.0,0.0,0.0
n_20733,0,-1,1,5.912629843805102e-16,0.0,0.0,0.0
n_2075,0,-1,1,3.36682996918494e-16,0.0,0.0,0.0
n_2076,0,-1,2,9.224000330768567e-16,0.0,0.0,0.0
n_2079,0,-1,2,8.327179845665843e-16,0.0,0.0,0.0
n_20796,0,-1,1,5.912629843805102e-16,0.0,0.0,0.0
n_208,0,-1,1,5.934590231753854e-16,0.0,0.0,0.0
n_2080,0,-1,1,4.995600211372075e-16,0.0,0.0,0.0
n_2081,0,-1,1,4.995600211372075e-16,0.0,0.0,0.0
n_2082,0,-1,1,4.995600211372075e-16,0.0,0.0,0.0
n_2083,0,-1,1,4.995600211372075e-16,0.0,0.0,0.0
n_20832,0,-1,2,9.907670268650666e-16,0.0,0.0,0.0
n_20833,0,-1,1,5.934590231753854e-16,0.0,0.0,0.0
n_2084,0,-1,1,4.995600211372075e-16,0.0,0.0,0.0
n_2085,0,-1,1,4.995600211372075e-16,0.0,0.0,0.0
n_2086,0,-1,1,4.995600211372075e-16,0.0,0.0,0.0
n_2087,0,-1,1,4.995600211372075e-16,0.0,0.0,0.0
n_2088,0,-1,1,4.995600211372075e-16,0.0,0.0,0.0
n_2089,0,-1,1,4.995600211372075e-16,0.0,0.0,0.0
n_209,0,-1,1,5.934590231753854e-16,0.0,0.0,0.0
n_2090,0,-1,1,5.616789822691145e-16,0.0,0.0,0.0
n_2091,0,-1,1,6.212930022781945e-16,0.0,0.0,0.0
n_2092,0,-1,1,5.616789822691145e-16,0.0,0.0,0.0
n_2093,0,-1,1,5.616789822691145e-16,0.0,0.0,0.0
n_20939,0,-1,32,1.6490554107244544e-14,0.0,0.0,0.0
n_2094,0,-1,1,5.616789822691145e-16,0.0,0.0,0.0
n_20940,0,-1,1,5.912629843805102e-16,0.0,0.0,0.0
n_2095,0,-1,1,6.212930022781945e-16,0.0,0.0,0.0
n_2096,0,-1,1,6.212930022781945e-16,0.0,0.0,0.0
n_2097,0,-1,1,6.212930022781945e-16,0.0,0.0,0.0
n_20973,0,-1,2,1.090638034697861e-15,0.0,0.0,0.0
n_20974,0,-1,2,1.0188010645621054e-15,0.0,0.0,0.0
n_20975,0,-1,1,6.311820060582701e-16,0.0,0.0,0.0
n_20976,0,-1,1,6.011460059903958e-16,0.0,0.0,0.0
n_20977,0,-1,1,6.066110096265213e-16,0.0,0.0,0.0
n_20978,0,-1,1,6.212930022781945e-16,0.0,0.0,0.0
n_2098,0,-1,1,6.212930022781945e-16,0.0,0.0,0.0
n_2099,0,-1,1,5.616789822691145e-16,0.0,0.0,0.0
n_21,0,-1,9,4.730726867776787e-15,0.0,0.0,0.0
n_210,0,-1,1,5.934590231753854e-16,0.0,0.0,0.0
n_2100,0,-1,1,5.616789822691145e-16,0.0,0.0,0.0
n_2101,0,-1,1,5.616789822691145e-16,0.0,0.0,0.0
n_2102,0,-1,1,5.616789822691145e-16,0.0,0.0,0.0
n_2103,0,-1,1,6.212930022781945e-16,0.0,0.0,0.0
n_21032,0,-1,1,5.912629843805102e-16,0.0,0.0,0.0
n_2104,0,-1,1,6.212930022781945e-16,0.0,0.0,0.0
n_2105,0,-1,1,5.616789822691145e-16,0.0,0.0,0.0
n_2106,0,-1,1,5.616789822691145e-16,0.0,0.0,0.0
n_21067,0,-1,1,5.548899602573121e-16,0.0,0.0,0.0
n_2107,0,-1,1,6.212930022781945e-16,0.0,0.0,0.0
n_2108,0,-1,1,6.212930022781945e-16,0.0,0.0,0.0
n_2109,0,-1,1,5.616789822691145e-16,0.0,0.0,0.0
n_211,0,-1,1,5.934590231753854e-16,0.0,0.0,0.0
n_2110,0,-1,1,6.212930022781945e-16,0.0,0.0,0.0
n_2111,0,-1,1,6.212930022781945e-16,0.0,0.0,0.0
n_2112,0,-1,1,5.616789822691145e-16,0.0,0.0,0.0
n_21129,0,-1,14,7.681641848761474e-15,0.0,0.0,0.0
n_2113,0,-1,1,5.934590231753854e-16,0.0,0.0,0.0
n_21132,0,-1,1,6.212930022781945e-16,0.0,0.0,0.0
n_21134,0,-1,1,6.212930022781945e-16,0.0,0.0,0.0
n_21135,0,-1,1,5.934590231753854e-16,0.0,0.0,0.0
n_21136,0,-1,1,6.212930022781945e-16,0.0,0.0,0.0
n_21137,0,-1,1,6.212930022781945e-16,0.0,0.0,0.0
n_21138,0,-1,1,6.212930022781945e-16,0.0,0.0,0.0
n_2114,0,-1,1,6.212930022781945e-16,0.0,0.0,0.0
n_21140,0,-1,1,6.212930022781945e-16,0.0,0.0,0.0
n_2115,0,-1,1,5.934590231753854e-16,0.0,0.0,0.0
n_21150,0,-1,2,6.140319711565347e-16,0.0,0.0,0.0
n_21152,0,-1,1,5.616789822691145e-16,0.0,0.0,0.0
n_2116,0,-1,1,6.212930022781945e-16,0.0,0.0,0.0
n_2117,0,-1,1,5.616789822691145e-16,0.0,0.0,0.0
n_21172,0,-1,15,6.34539655249098e-15,0.0,0.0,0.0
n_21175,0,-1,3,1.4641650589977857e-15,0.0,0.0,0.0
n_2118,0,-1,1,5.616789822691145e-16,0.0,0.0,0.0
n_21188,0,-1,8,4.5591129104653825e-15,0.0,0.0,0.0
n_2119,0,-1,1,6.212930022781945e-16,0.0,0.0,0.0
n_212,0,-1,1,5.934590231753854e-16,0.0,0.0,0.0
n_2120,0,-1,1,5.616789822691145e-16,0.0,0.0,0.0
n_2121,0,-1,1,6.212930022781945e-16,0.0,0.0,0.0
n_21214,0,-1,37,1.7779717924174855e-14,0.0,0.0,0.0
n_21215,0,-1,16,8.853681337877249e-15,0.0,0.0,0.0
n_2122,0,-1,1,5.616789822691145e-16,0.0,0.0,0.0
n_2123,0,-1,1,5.616789822691145e-16,0.0,0.0,0.0
n_2124,0,-1,1,6.212930022781945e-16,0.0,0.0,0.0
n_2125,0,-1,1,6.212930022781945e-16,0.0,0.0,0.0
n_21251,0,-1,37,1.699818942286352e-14,0.0,0.0,0.0
n_21253,0,-1,37,1.9382568534659535e-14,0.0,0.0,0.0
n_21254,0,-1,1,5.912629843805102e-16,0.0,0.0,0.0
n_21255,0,-1,37,1.6385376332118083e-14,0.0,0.0,0.0
n_21256,0,-1,16,8.884578558694244e-15,0.0,0.0,0.0
n_21257,0,-1,37,1.8677017194651015e-14,0.0,0.0,0.0
n_21258,0,-1,1,5.912629843805102e-16,0.0,0.0,0.0
n_2126,0,-1,1,6.212930022781945e-16,0.0,0.0,0.0
n_21267,0,-1,2,8.997139496505447e-16,0.0,0.0,0.0
n_21268,0,-1,1,6.311820060582701e-16,0.0,0.0,0.0
n_21269,0,-1,1,6.066110096265213e-16,0.0,0.0,0.0
n_2127,0,-1,1,5.934590231753854e-16,0.0,0.0,0.0
n_21270,0,-1,1,6.212930022781945e-16,0.0,0.0,0.0
n_2128,0,-1,1,5.616789822691145e-16,0.0,0.0,0.0
n_2129,0,-1,1,5.616789822691145e-16,0.0,0.0,0.0
n_213,0,-1,1,5.934590231753854e-16,0.0,0.0,0.0
n_2130,0,-1,1,6.212930022781945e-16,0.0,0.0,0.0
n_21308,0,-1,1,5.08158040826549e-16,0.0,0.0,0.0
n_2131,0,-1,1,5.616789822691145e-16,0.0,0.0,0.0
n_21310,0,-1,1,3.720560192381196e-16,0.0,0.0,0.0
n_21311,0,-1,1,6.196590227833818e-16,0.0,0.0,0.0
n_21315,0,-1,1,5.205529915810764e-16,0.0,0.0,0.0
n_2132,0,-1,1,5.616789822691145e-16,0.0,0.0,0.0
n_2133,0,-1,1,6.212930022781945e-16,0.0,0.0,0.0
n_2134,0,-1,1,6.212930022781945e-16,0.0,0.0,0.0
n_2135,0,-1,1,5.934590231753854e-16,0.0,0.0,0.0
n_2136,0,-1,1,5.616789822691145e-16,0.0,0.0,0.0
n_2137,0,-1,1,5.616789822691145e-16,0.0,0.0,0.0
n_2138,0,-1,1,5.616789822691145e-16,0.0,0.0,0.0
n_2139,0,-1,1,5.616789822691145e-16,0.0,0.0,0.0
n_214,0,-1,1,5.934590231753854e-16,0.0,0.0,0.0
n_2140,0,-1,1,5.616789822691145e-16,0.0,0.0,0.0
n_2141,0,-1,1,5.616789822691145e-16,0.0,0.0,0.0
n_2142,0,-1,1,5.616789822691145e-16,0.0,0.0,0.0
n_21420,0,-1,2,6.954939884301777e-16,0.0,0.0,0.0
n_21423,0,-1,1,4.751459904984968e-16,0.0,0.0,0.0
n_21424,0,-1,1,5.026950488936732e-16,0.0,0.0,0.0
n_21425,0,-1,1,6.212930022781945e-16,0.0,0.0,0.0
n_2143,0,-1,1,6.212930022781945e-16,0.0,0.0,0.0
n_2144,0,-1,1,5.616789822691145e-16,0.0,0.0,0.0
n_21445,0,-1,1,5.548899602573121e-16,0.0,0.0,0.0
n_21447,0,-1,1,5.548899602573121e-16,0.0,0.0,0.0
n_2145,0,-1,1,5.616789822691145e-16,0.0,0.0,0.0
n_21457,0,-1,1,5.548899602573121e-16,0.0,0.0,0.0
n_21459,0,-1,1,5.101060048469971e-16,0.0,0.0,0.0
n_2146,0,-1,1,5.616789822691145e-16,0.0,0.0,0.0
n_21465,0,-1,1,5.08158040826549e-16,0.0,0.0,0.0
n_2147,0,-1,1,6.212930022781945e-16,0.0,0.0,0.0
n_2148,0,-1,1,5.616789822691145e-16,0.0,0.0,0.0
n_2149,0,-1,1,5.616789822691145e-16,0.0,0.0,0.0
n_215,0,-1,1,5.934590231753854e-16,0.0,0.0,0.0
n_2150,0,-1,1,5.616789822691145e-16,0.0,0.0,0.0
n_21502,0,-1,1,5.205529915810764e-16,0.0,0.0,0.0
n_2151,0,-1,1,6.212930022781945e-16,0.0,0.0,0.0
n_21518,0,-1,1,5.08158040826549e-16,0.0,0.0,0.0
n_2152,0,-1,1,5.934590231753854e-16,0.0,0.0,0.0
n_2153,0,-1,1,5.616789822691145e-16,0.0,0.0,0.0
n_2154,0,-1,1,5.934590231753854e-16,0.0,0.0,0.0
n_2155,0,-1,1,6.212930022781945e-16,0.0,0.0,0.0
n_2156,0,-1,1,6.212930022781945e-16,0.0,0.0,0.0
n_2157,0,-1,1,5.616789822691145e-16,0.0,0.0,0.0
n_2158,0,-1,1,6.212930022781945e-16,0.0,0.0,0.0
n_2159,0,-1,1,6.212930022781945e-16,0.0,0.0,0.0
n_216,0,-1,1,5.934590231753854e-16,0.0,0.0,0.0
n_2160,0,-1,1,6.212930022781945e-16,0.0,0.0,0.0
n_21602,0,-1,1,1.3022899688765557e-15,0.0,0.0,0.0
n_21603,0,-1,1,1.2162800199508675e-15,0.0,0.0,0.0
n_21607,0,-1,1,6.212930022781945e-16,0.0,0.0,0.0
n_2161,0,-1,1,5.934590231753854e-16,0.0,0.0,0.0
n_21615,0,-1,1,5.633400138786802e-16,0.0,0.0,0.0
n_2162,0,-1,1,5.501270410553419e-16,0.0,0.0,0.0
n_2163,0,-1,1,6.212930022781945e-16,0.0,0.0,0.0
n_21632,0,-1,2,1.1105088982448549e-15,0.0,0.0,0.0
n_2164,0,-1,1,5.83877968811196e-16,0.0,0.0,0.0
n_2165,0,-1,1,6.212930022781945e-16,0.0,0.0,0.0
n_21659,0,-1,3,1.3362680602809515e-15,0.0,0.0,0.0
n_2166,0,-1,1,6.212930022781945e-16,0.0,0.0,0.0
n_21661,0,-1,4,1.5045619660764746e-15,0.0,0.0,0.0
n_2167,0,-1,1,9.311949879264349e-16,0.0,0.0,0.0
n_2168,0,-1,1,5.616789822691145e-16,0.0,0.0,0.0
n_2169,0,-1,1,5.616789822691145e-16,0.0,0.0,0.0
n_217,0,-1,1,5.934590231753854e-16,0.0,0.0,0.0
n_2170,0,-1,1,5.616789822691145e-16,0.0,0.0,0.0
n_2171,0,-1,1,5.616789822691145e-16,0.0,0.0,0.0
n_2172,0,-1,1,6.212930022781945e-16,0.0,0.0,0.0
n_2173,0,-1,1,4.995600211372075e-16,0.0,0.0,0.0
n_2174,0,-1,1,6.212930022781945e-16,0.0,0.0,0.0
n_2175,0,-1,1,5.934590231753854e-16,0.0,0.0,0.0
n_2176,0,-1,1,6.212930022781945e-16,0.0,0.0,0.0
n_2177,0,-1,1,5.616789822691145e-16,0.0,0.0,0.0
n_2178,0,-1,1,5.616789822691145e-16,0.0,0.0,0.0
n_218,0,-1,1,5.934590231753854e-16,0.0,0.0,0.0
n_2180,0,-1,1,6.212930022781945e-16,0.0,0.0,0.0
n_2181,0,-1,1,5.616789822691145e-16,0.0,0.0,0.0
n_2182,0,-1,1,5.196369783881801e-16,0.0,0.0,0.0
n_2183,0,-1,1,4.995600211372075e-16,0.0,0.0,0.0
n_2184,0,-1,1,3.659220183923408e-16,0.0,0.0,0.0
n_2185,0,-1,1,5.141489989833603e-16,0.0,0.0,0.0
n_2186,0,-1,1,5.616789822691145e-16,0.0,0.0,0.0
n_21872,0,-1,31,1.7678202719512322e-14,0.0,0.0,0.0
n_2188,0,-1,1,6.212930022781945e-16,0.0,0.0,0.0
n_2189,0,-1,1,6.212930022781945e-16,0.0,0.0,0.0
n_219,0,-1,1,5.934590231753854e-16,0.0,0.0,0.0
n_2190,0,-1,1,6.212930022781945e-16,0.0,0.0,0.0
n_2191,0,-1,1,6.212930022781945e-16,0.0,0.0,0.0
n_21910,0,-1,30,1.5830942446163308e-14,0.0,0.0,0.0
n_21919,0,-1,4,2.2434311353070058e-15,0.0,0.0,0.0
n_2192,0,-1,1,6.212930022781945e-16,0.0,0.0,0.0
n_2193,0,-1,1,6.212930022781945e-16,0.0,0.0,0.0
n_2194,0,-1,1,6.212930022781945e-16,0.0,0.0,0.0
n_21941,0,-1,1,5.912629843805102e-16,0.0,0.0,0.0
n_21942,0,-1,1,5.912629843805102e-16,0.0,0.0,0.0
n_2195,0,-1,1,6.212930022781945e-16,0.0,0.0,0.0
n_2196,0,-1,1,6.212930022781945e-16,0.0,0.0,0.0
n_2197,0,-1,1,6.212930022781945e-16,0.0,0.0,0.0
n_2198,0,-1,1,6.212930022781945e-16,0.0,0.0,0.0
n_2199,0,-1,1,6.212930022781945e-16,0.0,0.0,0.0
n_22,0,-1,10,5.20965581329684e-15,0.0,0.0,0.0
n_220,0,-1,1,5.934590231753854e-16,0.0,0.0,0.0
n_2200,0,-1,1,6.212930022781945e-16,0.0,0.0,0.0
n_2201,0,-1,1,6.212930022781945e-16,0.0,0.0,0.0
n_2202,0,-1,1,6.212930022781945e-16,0.0,0.0,0.0
n_2203,0,-1,1,6.212930022781945e-16,0.0,0.0,0.0
n_2204,0,-1,1,6.212930022781945e-16,0.0,0.0,0.0
n_2205,0,-1,1,6.212930022781945e-16,0.0,0.0,0.0
n_2206,0,-1,1,6.212930022781945e-16,0.0,0.0,0.0
n_2207,0,-1,1,6.212930022781945e-16,0.0,0.0,0.0
n_2208,0,-1,1,6.212930022781945e-16,0.0,0.0,0.0
n_2209,0,-1,1,6.212930022781945e-16,0.0,0.0,0.0
n_221,0,-1,1,5.934590231753854e-16,0.0,0.0,0.0
n_2210,0,-1,1,6.212930022781945e-16,0.0,0.0,0.0
n_2211,0,-1,1,6.212930022781945e-16,0.0,0.0,0.0
n_2212,0,-1,1,6.212930022781945e-16,0.0,0.0,0.0
n_2213,0,-1,1,6.212930022781945e-16,0.0,0.0,0.0
n_2214,0,-1,1,6.212930022781945e-16,0.0,0.0,0.0
n_2215,0,-1,1,6.212930022781945e-16,0.0,0.0,0.0
n_2216,0,-1,1,6.212930022781945e-16,0.0,0.0,0.0
n_2217,0,-1,1,6.212930022781945e-16,0.0,0.0,0.0
n_2218,0,-1,1,6.212930022781945e-16,0.0,0.0,0.0
n_2219,0,-1,1,6.212930022781945e-16,0.0,0.0,0.0
n_222,0,-1,1,5.934590231753854e-16,0.0,0.0,0.0
n_2220,0,-1,1,5.934590231753854e-16,0.0,0.0,0.0
n_2221,0,-1,1,6.212930022781945e-16,0.0,0.0,0.0
n_22211,0,-1,2,9.505490554964852e-16,0.0,0.0,0.0
n_2222,0,-1,1,6.212930022781945e-16,0.0,0.0,0.0
n_2223,0,-1,1,6.212930022781945e-16,0.0,0.0,0.0
n_2224,0,-1,1,5.934590231753854e-16,0.0,0.0,0.0
n_2225,0,-1,1,6.212930022781945e-16,0.0,0.0,0.0
n_2226,0,-1,1,5.934590231753854e-16,0.0,0.0,0.0
n_2227,0,-1,1,5.934590231753854e-16,0.0,0.0,0.0
n_2228,0,-1,1,5.934590231753854e-16,0.0,0.0,0.0
n_2229,0,-1,1,6.212930022781945e-16,0.0,0.0,0.0
n_223,0,-1,1,6.212930022781945e-16,0.0,0.0,0.0
n_2230,0,-1,1,5.934590231753854e-16,0.0,0.0,0.0
n_2231,0,-1,1,6.212930022781945e-16,0.0,0.0,0.0
n_2232,0,-1,1,6.212930022781945e-16,0.0,0.0,0.0
n_2233,0,-1,1,5.934590231753854e-16,0.0,0.0,0.0
n_2234,0,-1,1,5.934590231753854e-16,0.0,0.0,0.0
n_2235,0,-1,1,6.212930022781945e-16,0.0,0.0,0.0
n_2236,0,-1,1,5.934590231753854e-16,0.0,0.0,0.0
n_2237,0,-1,1,6.212930022781945e-16,0.0,0.0,0.0
n_2238,0,-1,1,5.934590231753854e-16,0.0,0.0,0.0
n_2239,0,-1,1,6.212930022781945e-16,0.0,0.0,0.0
n_224,0,-1,1,5.934590231753854e-16,0.0,0.0,0.0
n_2240,0,-1,1,5.934590231753854e-16,0.0,0.0,0.0
n_2241,0,-1,1,5.934590231753854e-16,0.0,0.0,0.0
n_2242,0,-1,1,5.934590231753854e-16,0.0,0.0,0.0
n_2243,0,-1,1,6.212930022781945e-16,0.0,0.0,0.0
n_2244,0,-1,1,5.934590231753854e-16,0.0,0.0,0.0
n_2245,0,-1,1,6.212930022781945e-16,0.0,0.0,0.0
n_2246,0,-1,1,6.212930022781945e-16,0.0,0.0,0.0
n_2247,0,-1,1,5.934590231753854e-16,0.0,0.0,0.0
n_2248,0,-1,1,5.934590231753854e-16,0.0,0.0,0.0
n_2249,0,-1,1,5.934590231753854e-16,0.0,0.0,0.0
n_225,0,-1,1,5.934590231753854e-16,0.0,0.0,0.0
n_2250,0,-1,1,5.934590231753854e-16,0.0,0.0,0.0
n_2251,0,-1,1,5.934590231753854e-16,0.0,0.0,0.0
n_2252,0,-1,1,6.212930022781945e-16,0.0,0.0,0.0
n_2253,0,-1,1,5.934590231753854e-16,0.0,0.0,0.0
n_2254,0,-1,1,5.934590231753854e-16,0.0,0.0,0.0
n_2255,0,-1,1,5.934590231753854e-16,0.0,0.0,0.0
n_2256,0,-1,1,5.934590231753854e-16,0.0,0.0,0.0
n_2257,0,-1,1,5.934590231753854e-16,0.0,0.0,0.0
n_2258,0,-1,1,5.934590231753854e-16,0.0,0.0,0.0
n_2259,0,-1,1,6.212930022781945e-16,0.0,0.0,0.0
n_226,0,-1,1,5.934590231753854e-16,0.0,0.0,0.0
n_2260,0,-1,1,5.196369783881801e-16,0.0,0.0,0.0
n_2266,0,-1,1,5.196369783881801e-16,0.0,0.0,0.0
n_2267,0,-1,1,5.196369783881801e-16,0.0,0.0,0.0
n_2268,0,-1,1,4.694369884340028e-16,0.0,0.0,0.0
n_2269,0,-1,1,5.091290052818985e-16,0.0,0.0,0.0
n_227,0,-1,1,5.934590231753854e-16,0.0,0.0,0.0
n_2270,0,-1,1,6.196590227833818e-16,0.0,0.0,0.0
n_2271,0,-1,1,6.212930022781945e-16,0.0,0.0,0.0
n_2272,0,-1,1,6.212930022781945e-16,0.0,0.0,0.0
n_2273,0,-1,1,6.212930022781945e-16,0.0,0.0,0.0
n_22731,0,-1,16,9.215225492951486e-15,0.0,0.0,0.0
n_2274,0,-1,1,6.212930022781945e-16,0.0,0.0,0.0
n_22740,0,-1,5,6.419296365490655e-15,0.0,0.0,0.0
n_22749,0,-1,7,4.38086245001224e-15,0.0,0.0,0.0
n_2275,0,-1,1,6.212930022781945e-16,0.0,0.0,0.0
n_22752,0,-1,4,1.9694839512642568e-15,0.0,0.0,0.0
n_22753,0,-1,1,5.985569968475538e-16,0.0,0.0,0.0
n_2276,0,-1,1,6.212930022781945e-16,0.0,0.0,0.0
n_2277,0,-1,1,6.212930022781945e-16,0.0,0.0,0.0
n_22776,0,-1,3,3.705515034353388e-15,0.0,0.0,0.0
n_22777,0,-1,8,4.788456398296904e-15,0.0,0.0,0.0
n_22781,0,-1,16,9.340752387602784e-15,0.0,0.0,0.0
n_22789,0,-1,6,3.4478581997104702e-15,0.0,0.0,0.0
n_228,0,-1,1,5.934590231753854e-16,0.0,0.0,0.0
n_2281,0,-1,1,5.042300314127756e-16,0.0,0.0,0.0
n_2282,0,-1,1,4.649190205724667e-16,0.0,0.0,0.0
n_22866,0,-1,18,9.685383835819194e-15,0.0,0.0,0.0
n_22870,0,-1,6,3.599895955061407e-15,0.0,0.0,0.0
n_22872,0,-1,9,9.015102100701396e-15,0.0,0.0,0.0
n_22879,0,-1,16,8.852597135704764e-15,0.0,0.0,0.0
n_22883,0,-1,8,4.130952155188437e-15,0.0,0.0,0.0
n_22888,0,-1,16,8.784623588720553e-15,0.0,0.0,0.0
n_2289,0,-1,1,5.105350270347814e-16,0.0,0.0,0.0
n_22890,0,-1,1,5.985569968475538e-16,0.0,0.0,0.0
n_229,0,-1,1,5.934590231753854e-16,0.0,0.0,0.0
n_2299,0,-1,8,3.3904477888532314e-15,0.0,0.0,0.0
n_23,0,-1,10,5.131916823463735e-15,0.0,0.0,0.0
n_230,0,-1,1,5.934590231753854e-16,0.0,0.0,0.0
n_2300,0,-1,9,3.825609906713944e-15,0.0,0.0,0.0
n_2301,0,-1,8,3.3904477888532314e-15,0.0,0.0,0.0
n_2302,0,-1,9,3.802078907922746e-15,0.0,0.0,0.0
n_2303,0,-1,3,1.2089250211116216e-15,0.0,0.0,0.0
n_2307,0,-1,2,9.69946957021556e-16,0.0,0.0,0.0
n_2308,0,-1,2,9.019560458619269e-16,0.0,0.0,0.0
n_23096,0,-1,5,2.414205047692971e-15,0.0,0.0,0.0
n_23098,0,-1,1,5.954769732931004e-16,0.0,0.0,0.0
n_2310,0,-1,1,3.9780399441985783e-16,0.0,0.0,0.0
n_23101,0,-1,8,4.677678888356145e-15,0.0,0.0,0.0
n_23102,0,-1,1,5.159739844077789e-16,0.0,0.0,0.0
n_23105,0,-1,11,6.877444204682771e-15,0.0,0.0,0.0
n_23106,0,-1,16,8.551133027579275e-15,0.0,0.0,0.0
n_23107,0,-1,9,5.786929942674327e-15,0.0,0.0,0.0
n_23108,0,-1,1,6.212930022781945e-16,0.0,0.0,0.0
n_23109,0,-1,1,6.212930022781945e-16,0.0,0.0,0.0
n_23110,0,-1,1,5.934590231753854e-16,0.0,0.0,0.0
n_23111,0,-1,8,4.301802935814366e-15,0.0,0.0,0.0
n_23112,0,-1,1,6.212930022781945e-16,0.0,0.0,0.0
n_23113,0,-1,1,6.212930022781945e-16,0.0,0.0,0.0
n_23114,0,-1,1,5.934590231753854e-16,0.0,0.0,0.0
n_23115,0,-1,1,6.212930022781945e-16,0.0,0.0,0.0
n_23116,0,-1,1,5.934590231753854e-16,0.0,0.0,0.0
n_23117,0,-1,1,6.212930022781945e-16,0.0,0.0,0.0
n_23118,0,-1,1,6.212930022781945e-16,0.0,0.0,0.0
n_23119,0,-1,1,6.212930022781945e-16,0.0,0.0,0.0
n_2312,0,-1,1,4.2380600007643353e-16,0.0,0.0,0.0
n_23120,0,-1,1,6.212930022781945e-16,0.0,0.0,0.0
n_23121,0,-1,1,6.212930022781945e-16,0.0,0.0,0.0
n_23122,0,-1,1,6.212930022781945e-16,0.0,0.0,0.0
n_23123,0,-1,1,6.212930022781945e-16,0.0,0.0,0.0
n_23124,0,-1,1,6.212930022781945e-16,0.0,0.0,0.0
n_23125,0,-1,1,5.934590231753854e-16,0.0,0.0,0.0
n_23126,0,-1,1,6.212930022781945e-16,0.0,0.0,0.0
n_2314,0,-1,1,4.2380600007643353e-16,0.0,0.0,0.0
n_2316,0,-1,1,4.133170058021263e-16,0.0,0.0,0.0
n_23173,0,-1,16,8.938102570631243e-15,0.0,0.0,0.0
n_23174,0,-1,5,2.5031449894623303e-15,0.0,0.0,0.0
n_23177,0,-1,4,3.718961258874576e-15,0.0,0.0,0.0
n_2318,0,-1,1,4.2380600007643353e-16,0.0,0.0,0.0
n_23184,0,-1,6,3.1437598191190203e-15,0.0,0.0,0.0
n_23189,0,-1,7,4.308245044894708e-15,0.0,0.0,0.0
n_2319,0,-1,1,5.616789822691145e-16,0.0,0.0,0.0
n_23193,0,-1,2,1.2429639930091013e-15,0.0,0.0,0.0
n_23199,0,-1,1,8.962160212157397e-16,0.0,0.0,0.0
n_2320,0,-1,1,4.240520102080517e-16,0.0,0.0,0.0
n_23204,0,-1,1,6.311820060582701e-16,0.0,0.0,0.0
n_23205,0,-1,1,6.20466986335944e-16,0.0,0.0,0.0
n_23206,0,-1,1,5.633400138786802e-16,0.0,0.0,0.0
n_23208,0,-1,1,5.657799981623646e-16,0.0,0.0,0.0
n_23209,0,-1,2,1.0786690356366841e-15,0.0,0.0,0.0
n_23211,0,-1,1,4.598619691795626e-16,0.0,0.0,0.0
n_23212,0,-1,1,4.443300319048789e-16,0.0,0.0,0.0
n_23216,0,-1,1,5.657799981623646e-16,0.0,0.0,0.0
n_23218,0,-1,2,9.976690748357683e-16,0.0,0.0,0.0
n_2322,0,-1,1,4.225449797762087e-16,0.0,0.0,0.0
n_23220,0,-1,4,1.6371550213320051e-15,0.0,0.0,0.0
n_23226,0,-1,1,6.212930022781945e-16,0.0,0.0,0.0
n_23228,0,-1,1,5.5913798930647e-16,0.0,0.0,0.0
n_23229,0,-1,2,2.3251700264752826e-15,0.0,0.0,0.0
n_23233,0,-1,2,1.8328971356624223e-15,0.0,0.0,0.0
n_23235,0,-1,17,1.0175467781738112e-14,0.0,0.0,0.0
n_23236,0,-1,2,1.0564949836269874e-15,0.0,0.0,0.0
n_23237,0,-1,2,1.2617160319118906e-15,0.0,0.0,0.0
n_23238,0,-1,1,6.194319650139584e-16,0.0,0.0,0.0
n_23239,0,-1,1,5.912629843805102e-16,0.0,0.0,0.0
n_23240,0,-1,1,5.912629843805102e-16,0.0,0.0,0.0
n_23241,0,-1,1,5.912629843805102e-16,0.0,0.0,0.0
n_23242,0,-1,1,5.912629843805102e-16,0.0,0.0,0.0
n_23243,0,-1,1,5.912629843805102e-16,0.0,0.0,0.0
n_23244,0,-1,1,6.194319650139584e-16,0.0,0.0,0.0
n_23245,0,-1,1,5.912629843805102e-16,0.0,0.0,0.0
n_23246,0,-1,1,6.194319650139584e-16,0.0,0.0,0.0
n_23247,0,-1,1,5.912629843805102e-16,0.0,0.0,0.0
n_23248,0,-1,1,6.194319650139584e-16,0.0,0.0,0.0
n_23249,0,-1,1,5.912629843805102e-16,0.0,0.0,0.0
n_2325,0,-1,1,5.034069800858405e-16,0.0,0.0,0.0
n_23250,0,-1,1,6.194319650139584e-16,0.0,0.0,0.0
n_23251,0,-1,1,6.194319650139584e-16,0.0,0.0,0.0
n_23252,0,-1,1,6.194319650139584e-16,0.0,0.0,0.0
n_23253,0,-1,1,5.912629843805102e-16,0.0,0.0,0.0
n_23254,0,-1,1,5.912629843805102e-16,0.0,0.0,0.0
n_23255,0,-1,1,5.912629843805102e-16,0.0,0.0,0.0
n_23256,0,-1,5,3.3098030524945704e-15,0.0,0.0,0.0
n_23257,0,-1,23,1.172794195471779e-14,0.0,0.0,0.0
n_23258,0,-1,1,5.912629843805102e-16,0.0,0.0,0.0
n_23259,0,-1,1,5.912629843805102e-16,0.0,0.0,0.0
n_2326,0,-1,1,3.36682996918494e-16,0.0,0.0,0.0
n_23260,0,-1,1,5.912629843805102e-16,0.0,0.0,0.0
n_23261,0,-1,9,5.350479275942604e-15,0.0,0.0,0.0
n_23262,0,-1,1,5.912629843805102e-16,0.0,0.0,0.0
n_23263,0,-1,1,5.912629843805102e-16,0.0,0.0,0.0
n_23264,0,-1,1,5.912629843805102e-16,0.0,0.0,0.0
n_23265,0,-1,1,5.912629843805102e-16,0.0,0.0,0.0
n_23266,0,-1,1,5.912629843805102e-16,0.0,0.0,0.0
n_23267,0,-1,1,5.912629843805102e-16,0.0,0.0,0.0
n_23268,0,-1,1,5.912629843805102e-16,0.0,0.0,0.0
n_23269,0,-1,1,5.912629843805102e-16,0.0,0.0,0.0
n_2327,0,-1,1,4.836170081853094e-16,0.0,0.0,0.0
n_23270,0,-1,1,5.912629843805102e-16,0.0,0.0,0.0
n_23271,0,-1,1,5.912629843805102e-16,0.0,0.0,0.0
n_23272,0,-1,1,5.912629843805102e-16,0.0,0.0,0.0
n_23273,0,-1,1,5.912629843805102e-16,0.0,0.0,0.0
n_23274,0,-1,1,5.912629843805102e-16,0.0,0.0,0.0
n_23275,0,-1,1,5.912629843805102e-16,0.0,0.0,0.0
n_23276,0,-1,1,5.912629843805102e-16,0.0,0.0,0.0
n_23277,0,-1,1,5.912629843805102e-16,0.0,0.0,0.0
n_23278,0,-1,1,5.912629843805102e-16,0.0,0.0,0.0
n_23279,0,-1,1,5.912629843805102e-16,0.0,0.0,0.0
n_2328,0,-1,1,5.263220271057071e-16,0.0,0.0,0.0
n_23280,0,-1,1,5.912629843805102e-16,0.0,0.0,0.0
n_23281,0,-1,1,5.912629843805102e-16,0.0,0.0,0.0
n_23282,0,-1,1,5.912629843805102e-16,0.0,0.0,0.0
n_23283,0,-1,1,5.912629843805102e-16,0.0,0.0,0.0
n_23284,0,-1,1,5.912629843805102e-16,0.0,0.0,0.0
n_23285,0,-1,1,6.194319650139584e-16,0.0,0.0,0.0
n_23286,0,-1,1,5.912629843805102e-16,0.0,0.0,0.0
n_23287,0,-1,1,6.194319650139584e-16,0.0,0.0,0.0
n_23288,0,-1,1,6.194319650139584e-16,0.0,0.0,0.0
n_23289,0,-1,1,6.194319650139584e-16,0.0,0.0,0.0
n_23290,0,-1,1,5.912629843805102e-16,0.0,0.0,0.0
n_2332,0,-1,1,5.355650094448236e-16,0.0,0.0,0.0
n_2335,0,-1,1,5.616789822691145e-16,0.0,0.0,0.0
n_23363,0,-1,5,3.132122856973167e-15,0.0,0.0,0.0
n_23364,0,-1,23,1.1995246918146407e-14,0.0,0.0,0.0
n_23365,0,-1,1,5.912629843805102e-16,0.0,0.0,0.0
n_23366,0,-1,9,4.905757332480942e-15,0.0,0.0,0.0
n_23367,0,-1,1,5.912629843805102e-16,0.0,0.0,0.0
n_23368,0,-1,1,5.912629843805102e-16,0.0,0.0,0.0
n_23369,0,-1,1,5.912629843805102e-16,0.0,0.0,0.0
n_23370,0,-1,1,5.912629843805102e-16,0.0,0.0,0.0
n_23371,0,-1,1,5.912629843805102e-16,0.0,0.0,0.0
n_23372,0,-1,1,5.912629843805102e-16,0.0,0.0,0.0
n_23373,0,-1,1,5.912629843805102e-16,0.0,0.0,0.0
n_23374,0,-1,1,5.912629843805102e-16,0.0,0.0,0.0
n_23375,0,-1,1,5.912629843805102e-16,0.0,0.0,0.0
n_23376,0,-1,1,6.194319650139584e-16,0.0,0.0,0.0
n_23377,0,-1,1,5.912629843805102e-16,0.0,0.0,0.0
n_23378,0,-1,1,5.912629843805102e-16,0.0,0.0,0.0
n_23379,0,-1,1,6.194319650139584e-16,0.0,0.0,0.0
n_23380,0,-1,1,5.912629843805102e-16,0.0,0.0,0.0
n_23381,0,-1,1,5.912629843805102e-16,0.0,0.0,0.0
n_23382,0,-1,1,5.912629843805102e-16,0.0,0.0,0.0
n_23383,0,-1,1,5.912629843805102e-16,0.0,0.0,0.0
n_23384,0,-1,1,5.912629843805102e-16,0.0,0.0,0.0
n_23385,0,-1,1,5.912629843805102e-16,0.0,0.0,0.0
n_23386,0,-1,1,5.912629843805102e-16,0.0,0.0,0.0
n_23387,0,-1,1,5.912629843805102e-16,0.0,0.0,0.0
n_23388,0,-1,1,5.912629843805102e-16,0.0,0.0,0.0
n_23389,0,-1,1,5.912629843805102e-16,0.0,0.0,0.0
n_2339,0,-1,1,5.616789822691145e-16,0.0,0.0,0.0
n_23390,0,-1,1,5.912629843805102e-16,0.0,0.0,0.0
n_23391,0,-1,1,6.194319650139584e-16,0.0,0.0,0.0
n_23392,0,-1,1,6.194319650139584e-16,0.0,0.0,0.0
n_23393,0,-1,1,6.194319650139584e-16,0.0,0.0,0.0
n_23394,0,-1,1,5.912629843805102e-16,0.0,0.0,0.0
n_23395,0,-1,1,6.194319650139584e-16,0.0,0.0,0.0
n_23396,0,-1,1,5.912629843805102e-16,0.0,0.0,0.0
n_23397,0,-1,1,5.912629843805102e-16,0.0,0.0,0.0
n_2340,0,-1,1,5.616789822691145e-16,0.0,0.0,0.0
n_2341,0,-1,1,6.212930022781945e-16,0.0,0.0,0.0
n_2342,0,-1,1,6.212930022781945e-16,0.0,0.0,0.0
n_2343,0,-1,1,5.616789822691145e-16,0.0,0.0,0.0
n_23485,0,-1,4,2.0954911135966483e-15,0.0,0.0,0.0
n_23486,0,-1,9,4.513381178126649e-15,0.0,0.0,0.0
n_23487,0,-1,3,1.3747950362494581e-15,0.0,0.0,0.0
n_23488,0,-1,1,6.212930022781945e-16,0.0,0.0,0.0
n_23489,0,-1,1,6.212930022781945e-16,0.0,0.0,0.0
n_23490,0,-1,1,6.212930022781945e-16,0.0,0.0,0.0
n_23491,0,-1,1,6.212930022781945e-16,0.0,0.0,0.0
n_23493,0,-1,1,5.616789822691145e-16,0.0,0.0,0.0
n_23494,0,-1,1,5.616789822691145e-16,0.0,0.0,0.0
n_23495,0,-1,1,5.616789822691145e-16,0.0,0.0,0.0
n_23496,0,-1,1,5.616789822691145e-16,0.0,0.0,0.0
n_2353,0,-1,1,5.263220271057071e-16,0.0,0.0,0.0
n_2356,0,-1,1,5.616789822691145e-16,0.0,0.0,0.0
n_2357,0,-1,1,6.212930022781945e-16,0.0,0.0,0.0
n_2358,0,-1,1,5.454080087479514e-16,0.0,0.0,0.0
n_236,0,-1,16,6.627591508099381e-15,0.0,0.0,0.0
n_2360,0,-1,1,6.212930022781945e-16,0.0,0.0,0.0
n_2361,0,-1,1,6.212930022781945e-16,0.0,0.0,0.0
n_2363,0,-1,1,6.212930022781945e-16,0.0,0.0,0.0
n_2365,0,-1,1,6.212930022781945e-16,0.0,0.0,0.0
n_2366,0,-1,1,5.746430332850784e-16,0.0,0.0,0.0
n_2368,0,-1,1,5.616789822691145e-16,0.0,0.0,0.0
n_237,0,-1,16,6.3803764721137406e-15,0.0,0.0,0.0
n_2370,0,-1,1,3.9780399441985783e-16,0.0,0.0,0.0
n_2371,0,-1,1,4.12629003290719e-16,0.0,0.0,0.0
n_23712,0,-1,5,3.461179063355465e-15,0.0,0.0,0.0
n_23713,0,-1,22,1.0863354249631644e-14,0.0,0.0,0.0
n_23714,0,-1,1,5.912629843805102e-16,0.0,0.0,0.0
n_23715,0,-1,1,5.912629843805102e-16,0.0,0.0,0.0
n_23716,0,-1,1,6.194319650139584e-16,0.0,0.0,0.0
n_23717,0,-1,1,5.912629843805102e-16,0.0,0.0,0.0
n_23718,0,-1,1,5.912629843805102e-16,0.0,0.0,0.0
n_23719,0,-1,1,6.194319650139584e-16,0.0,0.0,0.0
n_23720,0,-1,1,6.19765007780907e-16,0.0,0.0,0.0
n_23721,0,-1,10,5.552142574090802e-15,0.0,0.0,0.0
n_23722,0,-1,1,5.912629843805102e-16,0.0,0.0,0.0
n_23723,0,-1,1,5.912629843805102e-16,0.0,0.0,0.0
n_23724,0,-1,1,6.194319650139584e-16,0.0,0.0,0.0
n_23725,0,-1,1,6.19765007780907e-16,0.0,0.0,0.0
n_23726,0,-1,1,6.19765007780907e-16,0.0,0.0,0.0
n_23727,0,-1,1,5.912629843805102e-16,0.0,0.0,0.0
n_23728,0,-1,1,6.194319650139584e-16,0.0,0.0,0.0
n_23729,0,-1,1,6.19765007780907e-16,0.0,0.0,0.0
n_23730,0,-1,1,6.19765007780907e-16,0.0,0.0,0.0
n_23731,0,-1,1,5.912629843805102e-16,0.0,0.0,0.0
n_23732,0,-1,1,5.912629843805102e-16,0.0,0.0,0.0
n_23733,0,-1,1,5.912629843805102e-16,0.0,0.0,0.0
n_23734,0,-1,1,6.194319650139584e-16,0.0,0.0,0.0
n_23735,0,-1,1,6.194319650139584e-16,0.0,0.0,0.0
n_23736,0,-1,1,5.912629843805102e-16,0.0,0.0,0.0
n_23737,0,-1,1,6.194319650139584e-16,0.0,0.0,0.0
n_23738,0,-1,1,5.912629843805102e-16,0.0,0.0,0.0
n_23739,0,-1,1,5.912629843805102e-16,0.0,0.0,0.0
n_2374,0,-1,2,7.049039950785809e-16,0.0,0.0,0.0
n_23740,0,-1,1,5.912629843805102e-16,0.0,0.0,0.0
n_23741,0,-1,1,5.912629843805102e-16,0.0,0.0,0.0
n_23742,0,-1,1,5.912629843805102e-16,0.0,0.0,0.0
n_23743,0,-1,1,5.912629843805102e-16,0.0,0.0,0.0
n_23744,0,-1,1,5.912629843805102e-16,0.0,0.0,0.0
n_23745,0,-1,1,5.912629843805102e-16,0.0,0.0,0.0
n_23746,0,-1,1,5.912629843805102e-16,0.0,0.0,0.0
n_2375,0,-1,2,1.1908459498854258e-15,0.0,0.0,0.0
n_2376,0,-1,4,2.9275961639467756e-15,0.0,0.0,0.0
n_2377,0,-1,13,5.717714221872968e-15,0.0,0.0,0.0
n_2378,0,-1,9,4.227823925234122e-15,0.0,0.0,0.0
n_2379,0,-1,14,7.917515113583379e-15,0.0,0.0,0.0
n_2380,0,-1,8,3.182431743600626e-15,0.0,0.0,0.0
n_2381,0,-1,9,4.01037616811384e-15,0.0,0.0,0.0
n_2382,0,-1,8,3.182431743600626e-15,0.0,0.0,0.0
n_2383,0,-1,9,4.036178062236627e-15,0.0,0.0,0.0
n_23853,0,-1,1,5.912629843805102e-16,0.0,0.0,0.0
n_23855,0,-1,1,5.912629843805102e-16,0.0,0.0,0.0
n_23856,0,-1,1,6.194319650139584e-16,0.0,0.0,0.0
n_23857,0,-1,1,5.912629843805102e-16,0.0,0.0,0.0
n_23858,0,-1,1,5.912629843805102e-16,0.0,0.0,0.0
n_23859,0,-1,1,5.912629843805102e-16,0.0,0.0,0.0
n_2386,0,-1,8,3.182431743600626e-15,0.0,0.0,0.0
n_23860,0,-1,1,5.912629843805102e-16,0.0,0.0,0.0
n_23861,0,-1,1,5.912629843805102e-16,0.0,0.0,0.0
n_23862,0,-1,1,5.912629843805102e-16,0.0,0.0,0.0
n_23863,0,-1,1,5.912629843805102e-16,0.0,0.0,0.0
n_23864,0,-1,1,6.194319650139584e-16,0.0,0.0,0.0
n_23865,0,-1,1,5.912629843805102e-16,0.0,0.0,0.0
n_23866,0,-1,1,5.912629843805102e-16,0.0,0.0,0.0
n_23867,0,-1,1,5.912629843805102e-16,0.0,0.0,0.0
n_23868,0,-1,1,5.912629843805102e-16,0.0,0.0,0.0
n_23869,0,-1,1,5.912629843805102e-16,0.0,0.0,0.0
n_2387,0,-1,9,4.033359136588165e-15,0.0,0.0,0.0
n_23870,0,-1,1,5.912629843805102e-16,0.0,0.0,0.0
n_23871,0,-1,1,5.912629843805102e-16,0.0,0.0,0.0
n_23872,0,-1,1,5.912629843805102e-16,0.0,0.0,0.0
n_23873,0,-1,1,5.912629843805102e-16,0.0,0.0,0.0
n_23874,0,-1,1,5.912629843805102e-16,0.0,0.0,0.0
n_23875,0,-1,1,5.912629843805102e-16,0.0,0.0,0.0
n_23876,0,-1,1,5.912629843805102e-16,0.0,0.0,0.0
n_23877,0,-1,1,5.912629843805102e-16,0.0,0.0,0.0
n_23878,0,-1,1,5.912629843805102e-16,0.0,0.0,0.0
n_23879,0,-1,1,5.912629843805102e-16,0.0,0.0,0.0
n_2388,0,-1,8,3.182431743600626e-15,0.0,0.0,0.0
n_23880,0,-1,1,5.912629843805102e-16,0.0,0.0,0.0
n_23881,0,-1,1,6.194319650139584e-16,0.0,0.0,0.0
n_23882,0,-1,1,5.912629843805102e-16,0.0,0.0,0.0
n_23883,0,-1,1,5.912629843805102e-16,0.0,0.0,0.0
n_23884,0,-1,1,5.912629843805102e-16,0.0,0.0,0.0
n_23885,0,-1,1,5.912629843805102e-16,0.0,0.0,0.0
n_23889,0,-1,2,9.701050345453373e-16,0.0,0.0,0.0
n_2389,0,-1,9,3.843163817512842e-15,0.0,0.0,0.0
n_2390,0,-1,8,4.862671307552958e-15,0.0,0.0,0.0
n_23905,0,-1,2,1.1315360676439692e-15,0.0,0.0,0.0
n_23909,0,-1,6,2.3300739237234113e-15,0.0,0.0,0.0
n_2391,0,-1,9,5.844175817381562e-15,0.0,0.0,0.0
n_23911,0,-1,1,5.616789822691145e-16,0.0,0.0,0.0
n_23912,0,-1,1,5.616789822691145e-16,0.0,0.0,0.0
n_23913,0,-1,1,5.616789822691145e-16,0.0,0.0,0.0
n_23914,0,-1,1,5.616789822691145e-16,0.0,0.0,0.0
n_2392,0,-1,8,3.3520816432655847e-15,0.0,0.0,0.0
n_2393,0,-1,9,4.803212982787495e-15,0.0,0.0,0.0
n_2396,0,-1,8,4.862671307552958e-15,0.0,0.0,0.0
n_23979,0,-1,1,5.101060048469971e-16,0.0,0.0,0.0
n_23984,0,-1,1,5.548899602573121e-16,0.0,0.0,0.0
n_23986,0,-1,1,5.101060048469971e-16,0.0,0.0,0.0
n_23990,0,-1,1,5.548899602573121e-16,0.0,0.0,0.0
n_24,0,-1,9,4.882934453233649e-15,0.0,0.0,0.0
n_24003,0,-1,1,5.548899602573121e-16,0.0,0.0,0.0
n_24005,0,-1,1,5.548899602573121e-16,0.0,0.0,0.0
n_24007,0,-1,1,5.548899602573121e-16,0.0,0.0,0.0
n_24010,0,-1,1,5.548899602573121e-16,0.0,0.0,0.0
n_24011,0,-1,1,5.548899602573121e-16,0.0,0.0,0.0
n_24012,0,-1,1,5.205529915810764e-16,0.0,0.0,0.0
n_24013,0,-1,1,5.548899602573121e-16,0.0,0.0,0.0
n_24015,0,-1,6,3.268321943243396e-15,0.0,0.0,0.0
n_24016,0,-1,2,1.2762378823969736e-15,0.0,0.0,0.0
n_2403,0,-1,4,1.5912159776794313e-15,0.0,0.0,0.0
n_2404,0,-1,5,2.1383878266609214e-15,0.0,0.0,0.0
n_2405,0,-1,3,1.1934120361991327e-15,0.0,0.0,0.0
n_2407,0,-1,3,1.2714180531688598e-15,0.0,0.0,0.0
n_24083,0,-1,1,5.633400138786802e-16,0.0,0.0,0.0
n_24085,0,-1,18,1.1183223536668022e-14,0.0,0.0,0.0
n_24088,0,-1,1,6.011460059903958e-16,0.0,0.0,0.0
n_24092,0,-1,7,3.784209900867469e-15,0.0,0.0,0.0
n_24093,0,-1,3,1.7338220211626917e-15,0.0,0.0,0.0
n_241,0,-1,16,6.324070803977958e-15,0.0,0.0,0.0
n_2413,0,-1,2,9.48193986265763e-16,0.0,0.0,0.0
n_24145,0,-1,3,2.10062010985051e-15,0.0,0.0,0.0
n_24147,0,-1,1,1.0664399974607002e-15,0.0,0.0,0.0
n_24150,0,-1,11,5.184566697399168e-15,0.0,0.0,0.0
n_24152,0,-1,2,2.2091199481961022e-15,0.0,0.0,0.0
n_24154,0,-1,2,2.2091199481961022e-15,0.0,0.0,0.0
n_24156,0,-1,1,5.522900455652742e-16,0.0,0.0,0.0
n_24157,0,-1,1,9.633579936039831e-16,0.0,0.0,0.0
n_2416,0,-1,3,1.780569134246946e-15,0.0,0.0,0.0
n_2418,0,-1,5,5.61105032744055e-15,0.0,0.0,0.0
n_242,0,-1,16,6.336086389851234e-15,0.0,0.0,0.0
n_2421,0,-1,2,8.263830251540693e-16,0.0,0.0,0.0
n_2422,0,-1,3,1.238230984658081e-15,0.0,0.0,0.0
n_2424,0,-1,2,1.1589460538171184e-15,0.0,0.0,0.0
n_24244,0,-1,7,3.720346157743337e-15,0.0,0.0,0.0
n_24247,0,-1,2,7.752950270338143e-16,0.0,0.0,0.0
n_24249,0,-1,2,1.0532140015057979e-15,0.0,0.0,0.0
n_2425,0,-1,3,1.6326189481412215e-15,0.0,0.0,0.0
n_24250,0,-1,3,1.2917489614853311e-15,0.0,0.0,0.0
n_24251,0,-1,4,2.3432480389102943e-15,0.0,0.0,0.0
n_24252,0,-1,6,2.9016479448823506e-15,0.0,0.0,0.0
n_24253,0,-1,2,1.2533990154028007e-15,0.0,0.0,0.0
n_24254,0,-1,2,1.5322690490558732e-15,0.0,0.0,0.0
n_2427,0,-1,2,1.2013979687049646e-15,0.0,0.0,0.0
n_2428,0,-1,1,5.359600444355993e-16,0.0,0.0,0.0
n_2429,0,-1,1,5.357459568581808e-16,0.0,0.0,0.0
n_2430,0,-1,3,1.6138101580309662e-15,0.0,0.0,0.0
n_2432,0,-1,2,1.1071229899173242e-15,0.0,0.0,0.0
n_2433,0,-1,3,1.5530688959877683e-15,0.0,0.0,0.0
n_2434,0,-1,2,7.844550001440999e-16,0.0,0.0,0.0
n_2435,0,-1,1,4.846319654143569e-16,0.0,0.0,0.0
n_2436,0,-1,2,6.995290416326604e-16,0.0,0.0,0.0
n_2437,0,-1,1,3.9780399441985783e-16,0.0,0.0,0.0
n_2438,0,-1,2,6.995290416326604e-16,0.0,0.0,0.0
n_2439,0,-1,1,3.9780399441985783e-16,0.0,0.0,0.0
n_2440,0,-1,2,8.846740326390974e-16,0.0,0.0,0.0
n_2442,0,-1,2,6.995290416326604e-16,0.0,0.0,0.0
n_2443,0,-1,1,3.9780399441985783e-16,0.0,0.0,0.0
n_2445,0,-1,1,4.2380600007643353e-16,0.0,0.0,0.0
n_2447,0,-1,2,1.0452719029549863e-15,0.0,0.0,0.0
n_2449,0,-1,2,8.311099983953404e-16,0.0,0.0,0.0
n_2450,0,-1,1,4.0230300991919905e-16,0.0,0.0,0.0
n_2451,0,-1,2,6.477790343245669e-16,0.0,0.0,0.0
n_2452,0,-1,1,4.240520102080517e-16,0.0,0.0,0.0
n_2453,0,-1,2,6.995290416326604e-16,0.0,0.0,0.0
n_2454,0,-1,1,3.9780399441985783e-16,0.0,0.0,0.0
n_2456,0,-1,1,1.0271899729925936e-15,0.0,0.0,0.0
n_2457,0,-1,1,5.616789822691145e-16,0.0,0.0,0.0
n_2459,0,-1,1,1.0713900580044543e-15,0.0,0.0,0.0
n_2460,0,-1,1,4.225449797762087e-16,0.0,0.0,0.0
n_24619,0,-1,1,5.018690329514227e-16,0.0,0.0,0.0
n_24620,0,-1,1,5.369850072413362e-16,0.0,0.0,0.0
n_24621,0,-1,1,4.847830019767642e-16,0.0,0.0,0.0
n_24622,0,-1,2,9.953650393401182e-16,0.0,0.0,0.0
n_2463,0,-1,1,6.357480430395628e-16,0.0,0.0,0.0
n_24636,0,-1,1,3.720560192381196e-16,0.0,0.0,0.0
n_2464,0,-1,1,5.934590231753854e-16,0.0,0.0,0.0
n_24642,0,-1,1,6.212930022781945e-16,0.0,0.0,0.0
n_2465,0,-1,1,5.616789822691145e-16,0.0,0.0,0.0
n_24650,0,-1,1,4.010339957455345e-16,0.0,0.0,0.0
n_24659,0,-1,1,6.011460059903958e-16,0.0,0.0,0.0
n_2466,0,-1,1,6.212930022781945e-16,0.0,0.0,0.0
n_24663,0,-1,2,1.0711300188896472e-15,0.0,0.0,0.0
n_24664,0,-1,1,5.436750322774283e-16,0.0,0.0,0.0
n_2467,0,-1,1,4.995600211372075e-16,0.0,0.0,0.0
n_2468,0,-1,1,4.423370163195487e-16,0.0,0.0,0.0
n_24685,0,-1,1,5.08158040826549e-16,0.0,0.0,0.0
n_2469,0,-1,1,4.804919860055331e-16,0.0,0.0,0.0
n_24690,0,-1,1,9.156480158169374e-16,0.0,0.0,0.0
n_24691,0,-1,1,9.18461012234769e-16,0.0,0.0,0.0
n_24693,0,-1,1,5.633400138786802e-16,0.0,0.0,0.0
n_24694,0,-1,2,7.24643992035224e-16,0.0,0.0,0.0
n_24698,0,-1,1,5.205529915810764e-16,0.0,0.0,0.0
n_24699,0,-1,1,3.720560192381196e-16,0.0,0.0,0.0
n_24700,0,-1,1,6.196590227833818e-16,0.0,0.0,0.0
n_24711,0,-1,3,1.363937132656842e-15,0.0,0.0,0.0
n_2474,0,-1,1,4.423370163195487e-16,0.0,0.0,0.0
n_2475,0,-1,1,4.423370163195487e-16,0.0,0.0,0.0
n_2477,0,-1,1,9.005580179824836e-16,0.0,0.0,0.0
n_24774,0,-1,1,1.0652799858394354e-15,0.0,0.0,0.0
n_24776,0,-1,1,1.1053300329262237e-15,0.0,0.0,0.0
n_24777,0,-1,6,7.469239866907985e-15,0.0,0.0,0.0
n_24778,0,-1,4,4.259319998344826e-15,0.0,0.0,0.0
n_2478,0,-1,1,5.196369783881801e-16,0.0,0.0,0.0
n_24786,0,-1,16,8.259510595267933e-15,0.0,0.0,0.0
n_24789,0,-1,1,5.912629843805102e-16,0.0,0.0,0.0
n_2479,0,-1,1,6.212930022781945e-16,0.0,0.0,0.0
n_24794,0,-1,16,8.26965804997604e-15,0.0,0.0,0.0
n_24795,0,-1,32,1.8396684864493626e-14,0.0,0.0,0.0
n_24796,0,-1,33,2.00887534553126e-14,0.0,0.0,0.0
n_24797,0,-1,1,5.912629843805102e-16,0.0,0.0,0.0
n_248,0,-1,19,1.1986303097256349e-14,0.0,0.0,0.0
n_2480,0,-1,1,5.141489989833603e-16,0.0,0.0,0.0
n_2482,0,-1,1,5.934590231753854e-16,0.0,0.0,0.0
n_24829,0,-1,1,5.934590231753854e-16,0.0,0.0,0.0
n_2483,0,-1,1,3.9780399441985783e-16,0.0,0.0,0.0
n_2486,0,-1,1,5.536400043249607e-16,0.0,0.0,0.0
n_2487,0,-1,1,6.212930022781945e-16,0.0,0.0,0.0
n_2488,0,-1,1,6.212930022781945e-16,0.0,0.0,0.0
n_2489,0,-1,1,4.025770250776358e-16,0.0,0.0,0.0
n_249,0,-1,18,1.131861582405599e-14,0.0,0.0,0.0
n_2490,0,-1,1,4.0230300991919905e-16,0.0,0.0,0.0
n_2491,0,-1,1,6.212930022781945e-16,0.0,0.0,0.0
n_2492,0,-1,1,6.212930022781945e-16,0.0,0.0,0.0
n_2493,0,-1,1,6.212930022781945e-16,0.0,0.0,0.0
n_2494,0,-1,1,6.212930022781945e-16,0.0,0.0,0.0
n_2495,0,-1,1,5.481719831339606e-16,0.0,0.0,0.0
n_24958,0,-1,1,1.0675100118313192e-15,0.0,0.0,0.0
n_24959,0,-1,1,1.0763600238224689e-15,0.0,0.0,0.0
n_2496,0,-1,1,5.481719831339606e-16,0.0,0.0,0.0
n_2497,0,-1,1,6.212930022781945e-16,0.0,0.0,0.0
n_2499,0,-1,1,4.423370163195487e-16,0.0,0.0,0.0
n_25,0,-1,9,4.704217701143043e-15,0.0,0.0,0.0
n_250,0,-1,19,1.1986303097256349e-14,0.0,0.0,0.0
n_2500,0,-1,1,5.616789822691145e-16,0.0,0.0,0.0
n_2501,0,-1,1,5.141489989833603e-16,0.0,0.0,0.0
n_2502,0,-1,1,3.659220183923408e-16,0.0,0.0,0.0
n_2503,0,-1,1,6.212930022781945e-16,0.0,0.0,0.0
n_2504,0,-1,1,6.212930022781945e-16,0.0,0.0,0.0
n_2505,0,-1,1,5.002910105706879e-16,0.0,0.0,0.0
n_2506,0,-1,1,4.296709885521203e-16,0.0,0.0,0.0
n_2507,0,-1,1,4.296709885521203e-16,0.0,0.0,0.0
n_2508,0,-1,1,4.580649887819626e-16,0.0,0.0,0.0
n_2509,0,-1,1,6.212930022781945e-16,0.0,0.0,0.0
n_2510,0,-1,1,5.196369783881801e-16,0.0,0.0,0.0
n_2513,0,-1,1,5.1064302373555635e-16,0.0,0.0,0.0
n_25134,0,-1,1,5.359600444355993e-16,0.0,0.0,0.0
n_25135,0,-1,2,7.682819648074631e-16,0.0,0.0,0.0
n_25136,0,-1,1,4.60878991051419e-16,0.0,0.0,0.0
n_25137,0,-1,1,4.12629003290719e-16,0.0,0.0,0.0
n_25139,0,-1,1,3.4882799354424255e-16,0.0,0.0,0.0
n_2514,0,-1,1,5.673570146914745e-16,0.0,0.0,0.0
n_25140,0,-1,1,4.164099995485846e-16,0.0,0.0,0.0
n_25141,0,-1,1,5.026950488936732e-16,0.0,0.0,0.0
n_25142,0,-1,1,6.212930022781945e-16,0.0,0.0,0.0
n_25143,0,-1,1,5.263220271057071e-16,0.0,0.0,0.0
n_25148,0,-1,3,1.468535007851789e-15,0.0,0.0,0.0
n_25149,0,-1,1,4.740920168143164e-16,0.0,0.0,0.0
n_2523,0,-1,1,5.196369783881801e-16,0.0,0.0,0.0
n_2524,0,-1,1,5.196369783881801e-16,0.0,0.0,0.0
n_2525,0,-1,1,5.196369783881801e-16,0.0,0.0,0.0
n_2526,0,-1,1,5.196369783881801e-16,0.0,0.0,0.0
n_2527,0,-1,1,5.196369783881801e-16,0.0,0.0,0.0
n_25271,0,-1,1,6.212930022781945e-16,0.0,0.0,0.0
n_2528,0,-1,1,5.196369783881801e-16,0.0,0.0,0.0
n_2529,0,-1,1,5.196369783881801e-16,0.0,0.0,0.0
n_2530,0,-1,1,5.196369783881801e-16,0.0,0.0,0.0
n_2531,0,-1,1,5.196369783881801e-16,0.0,0.0,0.0
n_2532,0,-1,1,5.196369783881801e-16,0.0,0.0,0.0
n_25321,0,-1,3,1.7566741230466655e-15,0.0,0.0,0.0
n_25324,0,-1,1,5.934590231753854e-16,0.0,0.0,0.0
n_25326,0,-1,1,5.616789822691145e-16,0.0,0.0,0.0
n_2533,0,-1,1,5.196369783881801e-16,0.0,0.0,0.0
n_25335,0,-1,1,6.357480430395628e-16,0.0,0.0,0.0
n_2534,0,-1,1,5.196369783881801e-16,0.0,0.0,0.0
n_2535,0,-1,1,5.105239626669079e-16,0.0,0.0,0.0
n_2536,0,-1,1,6.212930022781945e-16,0.0,0.0,0.0
n_2537,0,-1,1,5.616789822691145e-16,0.0,0.0,0.0
n_2538,0,-1,1,5.934590231753854e-16,0.0,0.0,0.0
n_2540,0,-1,1,6.212930022781945e-16,0.0,0.0,0.0
n_2541,0,-1,1,6.212930022781945e-16,0.0,0.0,0.0
n_2542,0,-1,1,5.616789822691145e-16,0.0,0.0,0.0
n_2544,0,-1,1,3.659220183923408e-16,0.0,0.0,0.0
n_2547,0,-1,1,6.212930022781945e-16,0.0,0.0,0.0
n_2548,0,-1,16,7.77013476889292e-15,0.0,0.0,0.0
n_2549,0,-1,6,3.572045088239212e-15,0.0,0.0,0.0
n_2550,0,-1,16,1.0093728255295125e-14,0.0,0.0,0.0
n_2551,0,-1,13,5.7285833486521356e-15,0.0,0.0,0.0
n_2552,0,-1,16,6.364863487201252e-15,0.0,0.0,0.0
n_25526,0,-1,16,8.300620492329974e-15,0.0,0.0,0.0
n_25529,0,-1,1,5.912629843805102e-16,0.0,0.0,0.0
n_2553,0,-1,16,8.338630248805063e-15,0.0,0.0,0.0
n_2554,0,-1,16,6.759668085015323e-15,0.0,0.0,0.0
n_256,0,-1,10,4.137717830854631e-15,0.0,0.0,0.0
n_2562,0,-1,4,3.84498620889886e-15,0.0,0.0,0.0
n_2563,0,-1,8,4.3726691003134494e-15,0.0,0.0,0.0
n_25649,0,-1,16,8.58778668430581e-15,0.0,0.0,0.0
n_25652,0,-1,1,5.912629843805102e-16,0.0,0.0,0.0
n_25657,0,-1,1,6.011460059903958e-16,0.0,0.0,0.0
n_25658,0,-1,1,6.311820060582701e-16,0.0,0.0,0.0
n_25659,0,-1,1,6.066110096265213e-16,0.0,0.0,0.0
n_25660,0,-1,1,6.212930022781945e-16,0.0,0.0,0.0
n_25665,0,-1,16,8.109713665578958e-15,0.0,0.0,0.0
n_25666,0,-1,5,5.394162882614876e-15,0.0,0.0,0.0
n_25667,0,-1,16,8.440021786657297e-15,0.0,0.0,0.0
n_25668,0,-1,1,5.588219930775849e-16,0.0,0.0,0.0
n_257,0,-1,11,4.6194081037827326e-15,0.0,0.0,0.0
n_25769,0,-1,1,5.934590231753854e-16,0.0,0.0,0.0
n_258,0,-1,12,5.092487016252574e-15,0.0,0.0,0.0
n_259,0,-1,11,4.449575880275877e-15,0.0,0.0,0.0
n_25918,0,-1,16,8.209290011825226e-15,0.0,0.0,0.0
n_25919,0,-1,16,9.479929218199085e-15,0.0,0.0,0.0
n_25920,0,-1,24,1.4302718826463522e-14,0.0,0.0,0.0
n_25921,0,-1,1,6.194319650139584e-16,0.0,0.0,0.0
n_2599,0,-1,2,1.974269052141533e-15,0.0,0.0,0.0
n_25998,0,-1,4,3.7105938439051245e-15,0.0,0.0,0.0
n_26,0,-1,9,4.829994046997308e-15,0.0,0.0,0.0
n_260,0,-1,9,3.644421935999724e-15,0.0,0.0,0.0
n_26002,0,-1,1,5.08158040826549e-16,0.0,0.0,0.0
n_26025,0,-1,16,8.038863594705872e-15,0.0,0.0,0.0
n_26026,0,-1,16,9.163327784273215e-15,0.0,0.0,0.0
n_26061,0,-1,16,7.826902917017903e-15,0.0,0.0,0.0
n_26062,0,-1,17,9.22277594464331e-15,0.0,0.0,0.0
n_26063,0,-1,23,1.3540118970424477e-14,0.0,0.0,0.0
n_26064,0,-1,1,5.912629843805102e-16,0.0,0.0,0.0
n_26140,0,-1,1,5.620229835248181e-16,0.0,0.0,0.0
n_26141,0,-1,4,2.2064420535333577e-15,0.0,0.0,0.0
n_26142,0,-1,2,1.2617160319118906e-15,0.0,0.0,0.0
n_26143,0,-1,1,5.934590231753854e-16,0.0,0.0,0.0
n_26148,0,-1,1,5.192220381231439e-16,0.0,0.0,0.0
n_26216,0,-1,1,4.545760071326629e-16,0.0,0.0,0.0
n_26217,0,-1,1,4.45050009910045e-16,0.0,0.0,0.0
n_26218,0,-1,2,9.502919809969935e-16,0.0,0.0,0.0
n_26242,0,-1,3,1.8954721181573073e-15,0.0,0.0,0.0
n_26243,0,-1,1,6.212930022781945e-16,0.0,0.0,0.0
n_26258,0,-1,1,5.234320036292346e-16,0.0,0.0,0.0
n_26259,0,-1,2,8.997139496505447e-16,0.0,0.0,0.0
n_26263,0,-1,1,5.101060048469971e-16,0.0,0.0,0.0
n_26264,0,-1,1,6.193060218026136e-16,0.0,0.0,0.0
n_26272,0,-1,10,4.596351019925523e-15,0.0,0.0,0.0
n_26273,0,-1,1,5.481719831339606e-16,0.0,0.0,0.0
n_26274,0,-1,1,6.212930022781945e-16,0.0,0.0,0.0
n_26286,0,-1,2,1.009509960163673e-15,0.0,0.0,0.0
n_26287,0,-1,1,6.066110096265213e-16,0.0,0.0,0.0
n_26302,0,-1,1,5.101060048469971e-16,0.0,0.0,0.0
n_26304,0,-1,1,5.205529915810764e-16,0.0,0.0,0.0
n_26305,0,-1,1,8.089889918239655e-16,0.0,0.0,0.0
n_2632,0,-1,5,3.409371140169603e-15,0.0,0.0,0.0
n_26325,0,-1,1,5.548899602573121e-16,0.0,0.0,0.0
n_2633,0,-1,2,1.0332290002691615e-15,0.0,0.0,0.0
n_26330,0,-1,1,5.101060048469971e-16,0.0,0.0,0.0
n_26332,0,-1,1,5.205529915810764e-16,0.0,0.0,0.0
n_26342,0,-1,1,5.08158040826549e-16,0.0,0.0,0.0
n_26343,0,-1,1,5.548899602573121e-16,0.0,0.0,0.0
n_26344,0,-1,1,5.101060048469971e-16,0.0,0.0,0.0
n_2635,0,-1,8,3.635579759063336e-15,0.0,0.0,0.0
n_26385,0,-1,1,3.62321996017612e-16,0.0,0.0,0.0
n_26403,0,-1,1,5.026950488936732e-16,0.0,0.0,0.0
n_26405,0,-1,1,3.720560192381196e-16,0.0,0.0,0.0
n_26406,0,-1,1,3.62321996017612e-16,0.0,0.0,0.0
n_26407,0,-1,1,6.196590227833818e-16,0.0,0.0,0.0
n_2644,0,-1,8,3.3904477888532314e-15,0.0,0.0,0.0
n_2645,0,-1,16,6.780896848255884e-15,0.0,0.0,0.0
n_26455,0,-1,1,5.205529915810764e-16,0.0,0.0,0.0
n_26457,0,-1,1,6.196590227833818e-16,0.0,0.0,0.0
n_2646,0,-1,16,6.364863487201252e-15,0.0,0.0,0.0
n_26482,0,-1,1,1.2154500335416767e-15,0.0,0.0,0.0
n_26483,0,-1,1,1.131109904192382e-15,0.0,0.0,0.0
n_26484,0,-1,1,1.126080010793349e-15,0.0,0.0,0.0
n_26486,0,-1,3,1.867573817490066e-15,0.0,0.0,0.0
n_26488,0,-1,1,6.011460059903958e-16,0.0,0.0,0.0
n_26489,0,-1,1,6.066110096265213e-16,0.0,0.0,0.0
n_2649,0,-1,16,6.364863487201252e-15,0.0,0.0,0.0
n_26490,0,-1,2,7.919920051878871e-16,0.0,0.0,0.0
n_26499,0,-1,15,7.983857275111177e-15,0.0,0.0,0.0
n_2650,0,-1,15,5.885764711575274e-15,0.0,0.0,0.0
n_26500,0,-1,2,1.3543180147495854e-15,0.0,0.0,0.0
n_26501,0,-1,1,5.912629843805102e-16,0.0,0.0,0.0
n_26502,0,-1,1,5.51940962111887e-16,0.0,0.0,0.0
n_26503,0,-1,1,5.912629843805102e-16,0.0,0.0,0.0
n_26504,0,-1,1,5.912629843805102e-16,0.0,0.0,0.0
n_26505,0,-1,1,5.912629843805102e-16,0.0,0.0,0.0
n_26506,0,-1,1,5.912629843805102e-16,0.0,0.0,0.0
n_26507,0,-1,1,5.912629843805102e-16,0.0,0.0,0.0
n_26508,0,-1,1,5.912629843805102e-16,0.0,0.0,0.0
n_26509,0,-1,1,5.912629843805102e-16,0.0,0.0,0.0
n_2651,0,-1,8,3.3904477888532314e-15,0.0,0.0,0.0
n_26510,0,-1,1,5.912629843805102e-16,0.0,0.0,0.0
n_26511,0,-1,1,5.912629843805102e-16,0.0,0.0,0.0
n_26512,0,-1,1,5.912629843805102e-16,0.0,0.0,0.0
n_26513,0,-1,1,5.912629843805102e-16,0.0,0.0,0.0
n_26514,0,-1,1,5.912629843805102e-16,0.0,0.0,0.0
n_26515,0,-1,1,5.588219930775849e-16,0.0,0.0,0.0
n_26516,0,-1,1,5.912629843805102e-16,0.0,0.0,0.0
n_26517,0,-1,1,5.912629843805102e-16,0.0,0.0,0.0
n_26518,0,-1,1,5.912629843805102e-16,0.0,0.0,0.0
n_26519,0,-1,1,5.912629843805102e-16,0.0,0.0,0.0
n_2652,0,-1,16,6.780896848255884e-15,0.0,0.0,0.0
n_26520,0,-1,12,1.106437634383877e-14,0.0,0.0,0.0
n_26522,0,-1,1,5.912629843805102e-16,0.0,0.0,0.0
n_26523,0,-1,3,1.777248976851946e-15,0.0,0.0,0.0
n_26524,0,-1,1,5.969500165279348e-16,0.0,0.0,0.0
n_26525,0,-1,1,6.196590227833818e-16,0.0,0.0,0.0
n_26526,0,-1,1,5.912629843805102e-16,0.0,0.0,0.0
n_26527,0,-1,1,5.912629843805102e-16,0.0,0.0,0.0
n_26528,0,-1,1,5.912629843805102e-16,0.0,0.0,0.0
n_26529,0,-1,1,5.912629843805102e-16,0.0,0.0,0.0
n_2653,0,-1,16,6.364863487201252e-15,0.0,0.0,0.0
n_26530,0,-1,1,5.912629843805102e-16,0.0,0.0,0.0
n_26531,0,-1,1,5.912629843805102e-16,0.0,0.0,0.0
n_26532,0,-1,1,5.912629843805102e-16,0.0,0.0,0.0
n_26533,0,-1,1,5.912629843805102e-16,0.0,0.0,0.0
n_2654,0,-1,8,3.3904477888532314e-15,0.0,0.0,0.0
n_2655,0,-1,16,6.780896848255884e-15,0.0,0.0,0.0
n_26550,0,-1,2,1.1492860665701567e-15,0.0,0.0,0.0
n_26553,0,-1,5,5.8979547862356846e-15,0.0,0.0,0.0
n_26554,0,-1,1,6.194319650139584e-16,0.0,0.0,0.0
n_2656,0,-1,16,6.364863487201252e-15,0.0,0.0,0.0
n_2657,0,-1,4,1.9743859426882542e-15,0.0,0.0,0.0
n_26581,0,-1,1,5.934590231753854e-16,0.0,0.0,0.0
n_26582,0,-1,2,1.1568580117230181e-15,0.0,0.0,0.0
n_26583,0,-1,1,5.633400138786802e-16,0.0,0.0,0.0
n_26584,0,-1,1,6.212930022781945e-16,0.0,0.0,0.0
n_26585,0,-1,2,2.366699840120924e-15,0.0,0.0,0.0
n_26586,0,-1,3,2.9594992363886352e-15,0.0,0.0,0.0
n_2659,0,-1,3,1.8275250409526987e-15,0.0,0.0,0.0
n_26590,0,-1,2,1.1051270626562379e-15,0.0,0.0,0.0
n_2660,0,-1,4,1.9626949821920136e-15,0.0,0.0,0.0
n_26613,0,-1,3,1.4825530854914925e-15,0.0,0.0,0.0
n_26614,0,-1,1,5.355650094448236e-16,0.0,0.0,0.0
n_26616,0,-1,1,1.0713900580044543e-15,0.0,0.0,0.0
n_26618,0,-1,1,1.0495800184038401e-15,0.0,0.0,0.0
n_26619,0,-1,1,6.212930022781945e-16,0.0,0.0,0.0
n_2663,0,-1,4,4.121182053658332e-15,0.0,0.0,0.0
n_2664,0,-1,4,2.1440570181768944e-15,0.0,0.0,0.0
n_2665,0,-1,4,2.248789042214863e-15,0.0,0.0,0.0
n_2666,0,-1,3,1.7263990479294286e-15,0.0,0.0,0.0
n_26664,0,-1,8,3.784033294497967e-15,0.0,0.0,0.0
n_26665,0,-1,9,3.514451294748893e-15,0.0,0.0,0.0
n_2669,0,-1,2,7.826179974397421e-16,0.0,0.0,0.0
n_2670,0,-1,2,7.826179974397421e-16,0.0,0.0,0.0
n_2671,0,-1,2,7.826179974397421e-16,0.0,0.0,0.0
n_2673,0,-1,3,1.6935028293569134e-15,0.0,0.0,0.0
n_2674,0,-1,2,8.511230575983545e-16,0.0,0.0,0.0
n_2675,0,-1,2,9.390219958755382e-16,0.0,0.0,0.0
n_2676,0,-1,2,6.732950018880962e-16,0.0,0.0,0.0
n_2677,0,-1,1,4.2380600007643353e-16,0.0,0.0,0.0
n_2678,0,-1,2,9.938909902536589e-16,0.0,0.0,0.0
n_2679,0,-1,1,4.225449797762087e-16,0.0,0.0,0.0
n_268,0,-1,4,1.8252909915543155e-15,0.0,0.0,0.0
n_2680,0,-1,2,9.06905047614497e-16,0.0,0.0,0.0
n_26806,0,-1,1,1.0644999743741326e-15,0.0,0.0,0.0
n_2681,0,-1,1,3.659220183923408e-16,0.0,0.0,0.0
n_2682,0,-1,2,8.846740326390974e-16,0.0,0.0,0.0
n_2683,0,-1,2,6.732950018880962e-16,0.0,0.0,0.0
n_2684,0,-1,1,4.2380600007643353e-16,0.0,0.0,0.0
n_2685,0,-1,2,6.245510086306898e-16,0.0,0.0,0.0
n_2686,0,-1,1,3.659220183923408e-16,0.0,0.0,0.0
n_2687,0,-1,2,6.732950018880962e-16,0.0,0.0,0.0
n_2688,0,-1,1,4.2380600007643353e-16,0.0,0.0,0.0
n_2690,0,-1,1,5.616789822691145e-16,0.0,0.0,0.0
n_2691,0,-1,1,6.212930022781945e-16,0.0,0.0,0.0
n_2692,0,-1,1,5.616789822691145e-16,0.0,0.0,0.0
n_2693,0,-1,1,5.616789822691145e-16,0.0,0.0,0.0
n_2694,0,-1,1,5.616789822691145e-16,0.0,0.0,0.0
n_2695,0,-1,1,5.616789822691145e-16,0.0,0.0,0.0
n_2696,0,-1,1,6.212930022781945e-16,0.0,0.0,0.0
n_2697,0,-1,1,6.212930022781945e-16,0.0,0.0,0.0
n_2698,0,-1,1,6.212930022781945e-16,0.0,0.0,0.0
n_2699,0,-1,1,6.212930022781945e-16,0.0,0.0,0.0
n_27,0,-1,9,4.9421090219617814e-15,0.0,0.0,0.0
n_270,0,-1,1,5.340149920909074e-16,0.0,0.0,0.0
n_2700,0,-1,1,6.212930022781945e-16,0.0,0.0,0.0
n_2701,0,-1,1,6.212930022781945e-16,0.0,0.0,0.0
n_2702,0,-1,1,6.212930022781945e-16,0.0,0.0,0.0
n_2703,0,-1,1,6.212930022781945e-16,0.0,0.0,0.0
n_2704,0,-1,1,6.212930022781945e-16,0.0,0.0,0.0
n_2705,0,-1,1,6.212930022781945e-16,0.0,0.0,0.0
n_2706,0,-1,1,6.212930022781945e-16,0.0,0.0,0.0
n_2707,0,-1,1,5.934590231753854e-16,0.0,0.0,0.0
n_2708,0,-1,1,5.934590231753854e-16,0.0,0.0,0.0
n_2709,0,-1,1,5.934590231753854e-16,0.0,0.0,0.0
n_271,0,-1,3,1.3414490431819508e-15,0.0,0.0,0.0
n_2710,0,-1,1,5.934590231753854e-16,0.0,0.0,0.0
n_2711,0,-1,1,5.934590231753854e-16,0.0,0.0,0.0
n_2712,0,-1,1,6.212930022781945e-16,0.0,0.0,0.0
n_2713,0,-1,1,6.212930022781945e-16,0.0,0.0,0.0
n_27135,0,-1,1,6.316540151681275e-16,0.0,0.0,0.0
n_27136,0,-1,1,5.558670127619699e-16,0.0,0.0,0.0
n_27137,0,-1,3,2.152262226336947e-15,0.0,0.0,0.0
n_27139,0,-1,16,6.35211860596039e-15,0.0,0.0,0.0
n_2714,0,-1,1,6.212930022781945e-16,0.0,0.0,0.0
n_27140,0,-1,17,6.815218623278628e-15,0.0,0.0,0.0
n_2715,0,-1,1,5.934590231753854e-16,0.0,0.0,0.0
n_2716,0,-1,1,5.934590231753854e-16,0.0,0.0,0.0
n_2717,0,-1,1,6.212930022781945e-16,0.0,0.0,0.0
n_2718,0,-1,1,5.934590231753854e-16,0.0,0.0,0.0
n_27188,0,-1,24,1.427864106790487e-14,0.0,0.0,0.0
n_27189,0,-1,1,5.912629843805102e-16,0.0,0.0,0.0
n_2719,0,-1,1,5.934590231753854e-16,0.0,0.0,0.0
n_27190,0,-1,1,6.194319650139584e-16,0.0,0.0,0.0
n_27191,0,-1,1,6.194319650139584e-16,0.0,0.0,0.0
n_27192,0,-1,1,5.912629843805102e-16,0.0,0.0,0.0
n_27193,0,-1,1,6.194319650139584e-16,0.0,0.0,0.0
n_27194,0,-1,1,6.194319650139584e-16,0.0,0.0,0.0
n_27195,0,-1,1,5.912629843805102e-16,0.0,0.0,0.0
n_27196,0,-1,1,5.912629843805102e-16,0.0,0.0,0.0
n_27197,0,-1,1,6.194319650139584e-16,0.0,0.0,0.0
n_27198,0,-1,1,6.194319650139584e-16,0.0,0.0,0.0
n_27199,0,-1,1,5.912629843805102e-16,0.0,0.0,0.0
n_272,0,-1,8,3.8559298745773855e-15,0.0,0.0,0.0
n_2720,0,-1,1,5.934590231753854e-16,0.0,0.0,0.0
n_27200,0,-1,1,5.912629843805102e-16,0.0,0.0,0.0
n_27201,0,-1,1,6.194319650139584e-16,0.0,0.0,0.0
n_27202,0,-1,1,6.194319650139584e-16,0.0,0.0,0.0
n_27203,0,-1,1,5.912629843805102e-16,0.0,0.0,0.0
n_27204,0,-1,1,5.912629843805102e-16,0.0,0.0,0.0
n_27205,0,-1,1,6.194319650139584e-16,0.0,0.0,0.0
n_27206,0,-1,1,6.194319650139584e-16,0.0,0.0,0.0
n_27207,0,-1,1,6.194319650139584e-16,0.0,0.0,0.0
n_27208,0,-1,1,5.912629843805102e-16,0.0,0.0,0.0
n_27209,0,-1,1,5.912629843805102e-16,0.0,0.0,0.0
n_2721,0,-1,1,6.212930022781945e-16,0.0,0.0,0.0
n_27210,0,-1,1,6.194319650139584e-16,0.0,0.0,0.0
n_27211,0,-1,1,6.194319650139584e-16,0.0,0.0,0.0
n_27212,0,-1,1,6.194319650139584e-16,0.0,0.0,0.0
n_27213,0,-1,9,5.295121437674799e-15,0.0,0.0,0.0
n_27214,0,-1,1,5.912629843805102e-16,0.0,0.0,0.0
n_27215,0,-1,1,6.194319650139584e-16,0.0,0.0,0.0
n_27216,0,-1,1,5.912629843805102e-16,0.0,0.0,0.0
n_27217,0,-1,1,5.912629843805102e-16,0.0,0.0,0.0
n_27218,0,-1,1,6.194319650139584e-16,0.0,0.0,0.0
n_27219,0,-1,1,5.912629843805102e-16,0.0,0.0,0.0
n_2722,0,-1,1,5.616789822691145e-16,0.0,0.0,0.0
n_27220,0,-1,1,5.912629843805102e-16,0.0,0.0,0.0
n_27221,0,-1,1,6.194319650139584e-16,0.0,0.0,0.0
n_27222,0,-1,1,5.912629843805102e-16,0.0,0.0,0.0
n_2723,0,-1,1,5.616789822691145e-16,0.0,0.0,0.0
n_2724,0,-1,1,5.616789822691145e-16,0.0,0.0,0.0
n_2725,0,-1,1,5.616789822691145e-16,0.0,0.0,0.0
n_2726,0,-1,1,6.212930022781945e-16,0.0,0.0,0.0
n_2727,0,-1,1,6.212930022781945e-16,0.0,0.0,0.0
n_2728,0,-1,1,6.212930022781945e-16,0.0,0.0,0.0
n_2729,0,-1,1,6.212930022781945e-16,0.0,0.0,0.0
n_273,0,-1,17,8.77556118321788e-15,0.0,0.0,0.0
n_2730,0,-1,1,6.212930022781945e-16,0.0,0.0,0.0
n_27306,0,-1,1,5.205529915810764e-16,0.0,0.0,0.0
n_2731,0,-1,1,6.212930022781945e-16,0.0,0.0,0.0
n_27310,0,-1,1,5.548899602573121e-16,0.0,0.0,0.0
n_2732,0,-1,1,5.616789822691145e-16,0.0,0.0,0.0
n_27326,0,-1,1,5.205529915810764e-16,0.0,0.0,0.0
n_27327,0,-1,1,5.205529915810764e-16,0.0,0.0,0.0
n_27328,0,-1,1,5.205529915810764e-16,0.0,0.0,0.0
n_27329,0,-1,1,5.205529915810764e-16,0.0,0.0,0.0
n_2733,0,-1,1,6.212930022781945e-16,0.0,0.0,0.0
n_27330,0,-1,1,5.205529915810764e-16,0.0,0.0,0.0
n_27331,0,-1,1,5.205529915810764e-16,0.0,0.0,0.0
n_27332,0,-1,1,5.205529915810764e-16,0.0,0.0,0.0
n_27334,0,-1,1,5.08158040826549e-16,0.0,0.0,0.0
n_2734,0,-1,1,6.212930022781945e-16,0.0,0.0,0.0
n_27358,0,-1,1,5.08158040826549e-16,0.0,0.0,0.0
n_27359,0,-1,1,5.08158040826549e-16,0.0,0.0,0.0
n_2736,0,-1,1,5.934590231753854e-16,0.0,0.0,0.0
n_27360,0,-1,1,5.548899602573121e-16,0.0,0.0,0.0
n_27361,0,-1,1,5.08158040826549e-16,0.0,0.0,0.0
n_27362,0,-1,1,5.548899602573121e-16,0.0,0.0,0.0
n_27363,0,-1,1,5.08158040826549e-16,0.0,0.0,0.0
n_27364,0,-1,1,5.08158040826549e-16,0.0,0.0,0.0
n_27369,0,-1,1,5.08158040826549e-16,0.0,0.0,0.0
n_2737,0,-1,1,6.212930022781945e-16,0.0,0.0,0.0
n_27371,0,-1,1,5.08158040826549e-16,0.0,0.0,0.0
n_27372,0,-1,1,5.101060048469971e-16,0.0,0.0,0.0
n_27373,0,-1,1,5.08158040826549e-16,0.0,0.0,0.0
n_27374,0,-1,1,5.08158040826549e-16,0.0,0.0,0.0
n_27375,0,-1,1,5.101060048469971e-16,0.0,0.0,0.0
n_2738,0,-1,1,6.212930022781945e-16,0.0,0.0,0.0
n_2739,0,-1,1,6.212930022781945e-16,0.0,0.0,0.0
n_27390,0,-1,1,5.101060048469971e-16,0.0,0.0,0.0
n_27391,0,-1,1,5.08158040826549e-16,0.0,0.0,0.0
n_274,0,-1,24,1.3807442568577934e-14,0.0,0.0,0.0
n_2740,0,-1,1,6.212930022781945e-16,0.0,0.0,0.0
n_27400,0,-1,4,2.1444057839929264e-15,0.0,0.0,0.0
n_27401,0,-1,2,1.1428130407872394e-15,0.0,0.0,0.0
n_2741,0,-1,1,5.934590231753854e-16,0.0,0.0,0.0
n_2742,0,-1,1,6.212930022781945e-16,0.0,0.0,0.0
n_2744,0,-1,1,6.212930022781945e-16,0.0,0.0,0.0
n_2745,0,-1,1,6.212930022781945e-16,0.0,0.0,0.0
n_2746,0,-1,1,6.212930022781945e-16,0.0,0.0,0.0
n_2747,0,-1,1,6.212930022781945e-16,0.0,0.0,0.0
n_2748,0,-1,1,6.212930022781945e-16,0.0,0.0,0.0
n_2749,0,-1,1,6.212930022781945e-16,0.0,0.0,0.0
n_275,0,-1,14,5.7091960350389055e-15,0.0,0.0,0.0
n_2750,0,-1,1,6.212930022781945e-16,0.0,0.0,0.0
n_2753,0,-1,1,6.212930022781945e-16,0.0,0.0,0.0
n_2754,0,-1,1,6.212930022781945e-16,0.0,0.0,0.0
n_2755,0,-1,1,6.212930022781945e-16,0.0,0.0,0.0
n_2756,0,-1,1,6.212930022781945e-16,0.0,0.0,0.0
n_27566,0,-1,1,4.12629003290719e-16,0.0,0.0,0.0
n_27567,0,-1,4,1.900736004408019e-15,0.0,0.0,0.0
n_27569,0,-1,2,9.712579522656688e-16,0.0,0.0,0.0
n_2757,0,-1,1,6.212930022781945e-16,0.0,0.0,0.0
n_27571,0,-1,2,9.995350884185695e-16,0.0,0.0,0.0
n_27572,0,-1,2,1.0426579592797596e-15,0.0,0.0,0.0
n_27573,0,-1,2,9.300730927877966e-16,0.0,0.0,0.0
n_27574,0,-1,2,1.0476780059207806e-15,0.0,0.0,0.0
n_27575,0,-1,1,5.1064302373555635e-16,0.0,0.0,0.0
n_27576,0,-1,1,5.55618990927102e-16,0.0,0.0,0.0
n_2758,0,-1,1,6.212930022781945e-16,0.0,0.0,0.0
n_2759,0,-1,1,6.212930022781945e-16,0.0,0.0,0.0
n_2760,0,-1,1,6.212930022781945e-16,0.0,0.0,0.0
n_2761,0,-1,1,6.212930022781945e-16,0.0,0.0,0.0
n_2762,0,-1,1,6.212930022781945e-16,0.0,0.0,0.0
n_2763,0,-1,1,6.212930022781945e-16,0.0,0.0,0.0
n_2764,0,-1,1,6.212930022781945e-16,0.0,0.0,0.0
n_2765,0,-1,1,6.212930022781945e-16,0.0,0.0,0.0
n_2766,0,-1,1,6.212930022781945e-16,0.0,0.0,0.0
n_2767,0,-1,1,6.212930022781945e-16,0.0,0.0,0.0
n_2768,0,-1,1,6.212930022781945e-16,0.0,0.0,0.0
n_2769,0,-1,1,6.212930022781945e-16,0.0,0.0,0.0
n_277,0,-1,14,6.5256909034458466e-15,0.0,0.0,0.0
n_2770,0,-1,1,6.212930022781945e-16,0.0,0.0,0.0
n_2771,0,-1,1,5.616789822691145e-16,0.0,0.0,0.0
n_2772,0,-1,1,6.212930022781945e-16,0.0,0.0,0.0
n_2773,0,-1,1,6.212930022781945e-16,0.0,0.0,0.0
n_2774,0,-1,1,6.212930022781945e-16,0.0,0.0,0.0
n_2775,0,-1,1,6.212930022781945e-16,0.0,0.0,0.0
n_2776,0,-1,1,6.212930022781945e-16,0.0,0.0,0.0
n_2777,0,-1,1,6.212930022781945e-16,0.0,0.0,0.0
n_27771,0,-1,6,2.6061039617834587e-15,0.0,0.0,0.0
n_27773,0,-1,2,9.25394929820111e-16,0.0,0.0,0.0
n_27774,0,-1,2,1.0816050635901043e-15,0.0,0.0,0.0
n_27776,0,-1,1,6.212930022781945e-16,0.0,0.0,0.0
n_2778,0,-1,1,6.212930022781945e-16,0.0,0.0,0.0
n_2779,0,-1,1,6.212930022781945e-16,0.0,0.0,0.0
n_2780,0,-1,1,5.616789822691145e-16,0.0,0.0,0.0
n_27805,0,-1,1,6.212930022781945e-16,0.0,0.0,0.0
n_2781,0,-1,1,5.616789822691145e-16,0.0,0.0,0.0
n_2782,0,-1,1,5.616789822691145e-16,0.0,0.0,0.0
n_2783,0,-1,1,5.934590231753854e-16,0.0,0.0,0.0
n_2784,0,-1,1,5.934590231753854e-16,0.0,0.0,0.0
n_2785,0,-1,1,6.212930022781945e-16,0.0,0.0,0.0
n_2786,0,-1,1,6.212930022781945e-16,0.0,0.0,0.0
n_2787,0,-1,1,6.212930022781945e-16,0.0,0.0,0.0
n_2788,0,-1,1,6.212930022781945e-16,0.0,0.0,0.0
n_2789,0,-1,1,6.212930022781945e-16,0.0,0.0,0.0
n_2790,0,-1,1,6.212930022781945e-16,0.0,0.0,0.0
n_2791,0,-1,1,6.212930022781945e-16,0.0,0.0,0.0
n_2792,0,-1,1,6.212930022781945e-16,0.0,0.0,0.0
n_2793,0,-1,1,6.212930022781945e-16,0.0,0.0,0.0
n_27931,0,-1,26,1.4018791688477986e-14,0.0,0.0,0.0
n_2794,0,-1,1,6.212930022781945e-16,0.0,0.0,0.0
n_27943,0,-1,17,8.820842717545147e-15,0.0,0.0,0.0
n_27944,0,-1,11,9.703140187492486e-15,0.0,0.0,0.0
n_2795,0,-1,1,5.616789822691145e-16,0.0,0.0,0.0
n_27953,0,-1,8,4.088215107834721e-15,0.0,0.0,0.0
n_27959,0,-1,9,5.062023476304573e-15,0.0,0.0,0.0
n_2796,0,-1,1,5.934590231753854e-16,0.0,0.0,0.0
n_2797,0,-1,1,5.616789822691145e-16,0.0,0.0,0.0
n_2798,0,-1,1,6.212930022781945e-16,0.0,0.0,0.0
n_2799,0,-1,1,6.212930022781945e-16,0.0,0.0,0.0
n_28,0,-1,9,4.378581813801758e-15,0.0,0.0,0.0
n_280,0,-1,14,5.952508790236545e-15,0.0,0.0,0.0
n_2800,0,-1,1,5.616789822691145e-16,0.0,0.0,0.0
n_28009,0,-1,4,2.211749985497327e-15,0.0,0.0,0.0
n_2801,0,-1,1,5.616789822691145e-16,0.0,0.0,0.0
n_28015,0,-1,2,9.293609498373925e-16,0.0,0.0,0.0
n_28019,0,-1,1,5.192220381231439e-16,0.0,0.0,0.0
n_2802,0,-1,1,5.934590231753854e-16,0.0,0.0,0.0
n_28020,0,-1,2,1.123357964538229e-15,0.0,0.0,0.0
n_28029,0,-1,3,1.670669044560424e-15,0.0,0.0,0.0
n_2803,0,-1,1,6.212930022781945e-16,0.0,0.0,0.0
n_28036,0,-1,1,1.0495800184038401e-15,0.0,0.0,0.0
n_28037,0,-1,1,1.0763600238224689e-15,0.0,0.0,0.0
n_2804,0,-1,1,6.212930022781945e-16,0.0,0.0,0.0
n_2805,0,-1,1,6.212930022781945e-16,0.0,0.0,0.0
n_2806,0,-1,1,4.759090083652953e-16,0.0,0.0,0.0
n_28065,0,-1,2,1.516067002840793e-15,0.0,0.0,0.0
n_28066,0,-1,2,1.8786629610772826e-15,0.0,0.0,0.0
n_28067,0,-1,2,1.847206063240389e-15,0.0,0.0,0.0
n_28068,0,-1,2,1.832360116773863e-15,0.0,0.0,0.0
n_28070,0,-1,6,3.2133899507898233e-15,0.0,0.0,0.0
n_28071,0,-1,2,1.974269052141533e-15,0.0,0.0,0.0
n_28072,0,-1,1,1.297109938887622e-15,0.0,0.0,0.0
n_28073,0,-1,2,1.974269052141533e-15,0.0,0.0,0.0
n_28074,0,-1,2,1.9632879052550916e-15,0.0,0.0,0.0
n_28075,0,-1,2,1.974269052141533e-15,0.0,0.0,0.0
n_28076,0,-1,2,1.974269052141533e-15,0.0,0.0,0.0
n_28077,0,-1,1,6.771590073747927e-16,0.0,0.0,0.0
n_2808,0,-1,1,5.934590231753854e-16,0.0,0.0,0.0
n_2809,0,-1,1,5.934590231753854e-16,0.0,0.0,0.0
n_2810,0,-1,1,6.212930022781945e-16,0.0,0.0,0.0
n_2811,0,-1,1,6.212930022781945e-16,0.0,0.0,0.0
n_28114,0,-1,2,1.9632879052550916e-15,0.0,0.0,0.0
n_28115,0,-1,5,3.421206096266877e-15,0.0,0.0,0.0
n_28117,0,-1,1,5.912629843805102e-16,0.0,0.0,0.0
n_28118,0,-1,3,1.649842939607164e-15,0.0,0.0,0.0
n_28119,0,-1,1,5.588219930775849e-16,0.0,0.0,0.0
n_2812,0,-1,1,4.423370163195487e-16,0.0,0.0,0.0
n_28120,0,-1,10,5.585104861233203e-15,0.0,0.0,0.0
n_28121,0,-1,22,1.2207233006822794e-14,0.0,0.0,0.0
n_28135,0,-1,1,5.101060048469971e-16,0.0,0.0,0.0
n_2814,0,-1,1,5.616789822691145e-16,0.0,0.0,0.0
n_2816,0,-1,1,6.212930022781945e-16,0.0,0.0,0.0
n_2817,0,-1,1,5.1064302373555635e-16,0.0,0.0,0.0
n_2818,0,-1,1,3.385409901580759e-16,0.0,0.0,0.0
n_28196,0,-1,1,8.089889918239655e-16,0.0,0.0,0.0
n_28197,0,-1,1,7.489850190217932e-16,0.0,0.0,0.0
n_28198,0,-1,1,6.196590227833818e-16,0.0,0.0,0.0
n_2820,0,-1,1,9.311949879264349e-16,0.0,0.0,0.0
n_28201,0,-1,1,5.072140226068341e-16,0.0,0.0,0.0
n_28212,0,-1,1,3.837330036907306e-16,0.0,0.0,0.0
n_28213,0,-1,1,4.3921501169464695e-16,0.0,0.0,0.0
n_28214,0,-1,1,6.010740081898792e-16,0.0,0.0,0.0
n_28215,0,-1,1,5.633400138786802e-16,0.0,0.0,0.0
n_28223,0,-1,1,5.947710242711231e-16,0.0,0.0,0.0
n_28225,0,-1,1,5.529620073902429e-16,0.0,0.0,0.0
n_28229,0,-1,1,5.101060048469971e-16,0.0,0.0,0.0
n_2823,0,-1,1,4.876690020467372e-16,0.0,0.0,0.0
n_28230,0,-1,1,5.08158040826549e-16,0.0,0.0,0.0
n_28231,0,-1,1,5.205529915810764e-16,0.0,0.0,0.0
n_28232,0,-1,1,8.089889918239655e-16,0.0,0.0,0.0
n_2824,0,-1,1,5.218459873750601e-16,0.0,0.0,0.0
n_2825,0,-1,1,5.192220381231439e-16,0.0,0.0,0.0
n_2826,0,-1,1,9.633579936039831e-16,0.0,0.0,0.0
n_2828,0,-1,1,5.673570146914745e-16,0.0,0.0,0.0
n_28294,0,-1,1,5.205529915810764e-16,0.0,0.0,0.0
n_28296,0,-1,1,6.196590227833818e-16,0.0,0.0,0.0
n_28299,0,-1,9,3.8322112579883705e-15,0.0,0.0,0.0
n_283,0,-1,5,2.132642825696169e-15,0.0,0.0,0.0
n_2830,0,-1,1,6.1835903896758325e-16,0.0,0.0,0.0
n_28301,0,-1,1,5.08158040826549e-16,0.0,0.0,0.0
n_28303,0,-1,1,5.548899602573121e-16,0.0,0.0,0.0
n_28304,0,-1,1,5.08158040826549e-16,0.0,0.0,0.0
n_28306,0,-1,1,5.08158040826549e-16,0.0,0.0,0.0
n_28307,0,-1,1,5.101060048469971e-16,0.0,0.0,0.0
n_2831,0,-1,1,5.192220381231439e-16,0.0,0.0,0.0
n_28313,0,-1,1,3.62321996017612e-16,0.0,0.0,0.0
n_2832,0,-1,1,6.212930022781945e-16,0.0,0.0,0.0
n_2833,0,-1,1,6.212930022781945e-16,0.0,0.0,0.0
n_2834,0,-1,1,6.212930022781945e-16,0.0,0.0,0.0
n_2835,0,-1,1,6.212930022781945e-16,0.0,0.0,0.0
n_28352,0,-1,2,8.879820139354806e-16,0.0,0.0,0.0
n_28353,0,-1,1,6.212930022781945e-16,0.0,0.0,0.0
n_28356,0,-1,1,6.316540151681275e-16,0.0,0.0,0.0
n_28357,0,-1,1,5.558670127619699e-16,0.0,0.0,0.0
n_28358,0,-1,1,8.089889918239655e-16,0.0,0.0,0.0
n_2836,0,-1,1,6.212930022781945e-16,0.0,0.0,0.0
n_28367,0,-1,2,7.125590553393917e-16,0.0,0.0,0.0
n_28368,0,-1,1,4.869020137129984e-16,0.0,0.0,0.0
n_28369,0,-1,1,5.673570146914745e-16,0.0,0.0,0.0
n_2837,0,-1,1,6.212930022781945e-16,0.0,0.0,0.0
n_28370,0,-1,1,6.212930022781945e-16,0.0,0.0,0.0
n_28372,0,-1,1,1.3098900778749133e-15,0.0,0.0,0.0
n_28376,0,-1,1,6.212930022781945e-16,0.0,0.0,0.0
n_2838,0,-1,1,6.212930022781945e-16,0.0,0.0,0.0
n_2839,0,-1,1,6.212930022781945e-16,0.0,0.0,0.0
n_28396,0,-1,1,7.489850190217932e-16,0.0,0.0,0.0
n_28408,0,-1,1,5.101060048469971e-16,0.0,0.0,0.0
n_28409,0,-1,1,3.62321996017612e-16,0.0,0.0,0.0
n_28420,0,-1,1,5.08158040826549e-16,0.0,0.0,0.0
n_28421,0,-1,1,3.62321996017612e-16,0.0,0.0,0.0
n_28428,0,-1,1,5.548899602573121e-16,0.0,0.0,0.0
n_28429,0,-1,1,3.62321996017612e-16,0.0,0.0,0.0
n_2843,0,-1,2,6.976559870884851e-16,0.0,0.0,0.0
n_28436,0,-1,1,5.08158040826549e-16,0.0,0.0,0.0
n_28437,0,-1,1,3.62321996017612e-16,0.0,0.0,0.0
n_2844,0,-1,1,9.694659481866339e-16,0.0,0.0,0.0
n_28449,0,-1,1,5.101060048469971e-16,0.0,0.0,0.0
n_28450,0,-1,1,3.62321996017612e-16,0.0,0.0,0.0
n_28453,0,-1,1,5.08158040826549e-16,0.0,0.0,0.0
n_28454,0,-1,1,3.62321996017612e-16,0.0,0.0,0.0
n_28458,0,-1,1,3.62321996017612e-16,0.0,0.0,0.0
n_28461,0,-1,1,5.08158040826549e-16,0.0,0.0,0.0
n_28462,0,-1,1,3.62321996017612e-16,0.0,0.0,0.0
n_28465,0,-1,1,5.101060048469971e-16,0.0,0.0,0.0
n_28466,0,-1,1,3.62321996017612e-16,0.0,0.0,0.0
n_28469,0,-1,1,5.08158040826549e-16,0.0,0.0,0.0
n_2847,0,-1,1,5.196369783881801e-16,0.0,0.0,0.0
n_28470,0,-1,1,3.62321996017612e-16,0.0,0.0,0.0
n_2848,0,-1,1,6.212930022781945e-16,0.0,0.0,0.0
n_2849,0,-1,1,6.212930022781945e-16,0.0,0.0,0.0
n_285,0,-1,5,3.309156131081105e-15,0.0,0.0,0.0
n_2850,0,-1,1,6.212930022781945e-16,0.0,0.0,0.0
n_28509,0,-1,1,5.205529915810764e-16,0.0,0.0,0.0
n_2851,0,-1,1,6.212930022781945e-16,0.0,0.0,0.0
n_28510,0,-1,1,6.193060218026136e-16,0.0,0.0,0.0
n_28511,0,-1,1,5.548899602573121e-16,0.0,0.0,0.0
n_28512,0,-1,1,5.08158040826549e-16,0.0,0.0,0.0
n_28513,0,-1,1,5.101060048469971e-16,0.0,0.0,0.0
n_28514,0,-1,1,5.205529915810764e-16,0.0,0.0,0.0
n_28515,0,-1,1,6.193060218026136e-16,0.0,0.0,0.0
n_28519,0,-1,1,5.355650094448236e-16,0.0,0.0,0.0
n_2852,0,-1,1,4.735409689425683e-16,0.0,0.0,0.0
n_2853,0,-1,1,5.934590231753854e-16,0.0,0.0,0.0
n_2854,0,-1,1,6.212930022781945e-16,0.0,0.0,0.0
n_2855,0,-1,1,5.673570146914745e-16,0.0,0.0,0.0
n_28557,0,-1,1,5.213489907932587e-16,0.0,0.0,0.0
n_28559,0,-1,2,1.0499659477904329e-15,0.0,0.0,0.0
n_2856,0,-1,1,4.296709885521203e-16,0.0,0.0,0.0
n_28560,0,-1,4,1.8483220291483967e-15,0.0,0.0,0.0
n_28563,0,-1,1,5.207640086640612e-16,0.0,0.0,0.0
n_28564,0,-1,2,8.396409966027305e-16,0.0,0.0,0.0
n_2857,0,-1,1,6.212930022781945e-16,0.0,0.0,0.0
n_28579,0,-1,1,6.011460059903958e-16,0.0,0.0,0.0
n_2858,0,-1,1,6.212930022781945e-16,0.0,0.0,0.0
n_28589,0,-1,3,1.3374330482207814e-15,0.0,0.0,0.0
n_28590,0,-1,2,1.0504750145917327e-15,0.0,0.0,0.0
n_28593,0,-1,1,5.947710242711231e-16,0.0,0.0,0.0
n_28594,0,-1,1,6.025109995848961e-16,0.0,0.0,0.0
n_2860,0,-1,1,6.212930022781945e-16,0.0,0.0,0.0
n_2861,0,-1,2,9.051920293577935e-16,0.0,0.0,0.0
n_2862,0,-1,2,8.598039806374086e-16,0.0,0.0,0.0
n_2863,0,-1,1,5.863069946061253e-16,0.0,0.0,0.0
n_2865,0,-1,1,5.863069946061253e-16,0.0,0.0,0.0
n_2866,0,-1,1,3.720560192381196e-16,0.0,0.0,0.0
n_28665,0,-1,4,1.8741378993148133e-15,0.0,0.0,0.0
n_28666,0,-1,1,5.196369783881801e-16,0.0,0.0,0.0
n_2868,0,-1,1,3.720560192381196e-16,0.0,0.0,0.0
n_28681,0,-1,1,1.0161499573163178e-15,0.0,0.0,0.0
n_28682,0,-1,4,2.509737023374337e-15,0.0,0.0,0.0
n_2869,0,-1,1,6.212930022781945e-16,0.0,0.0,0.0
n_28696,0,-1,2,8.997139496505447e-16,0.0,0.0,0.0
n_28697,0,-1,2,1.0985960151164336e-15,0.0,0.0,0.0
n_287,0,-1,3,1.1760130265504637e-15,0.0,0.0,0.0
n_2871,0,-1,1,4.889519922640314e-16,0.0,0.0,0.0
n_28714,0,-1,1,3.62321996017612e-16,0.0,0.0,0.0
n_2872,0,-1,1,6.212930022781945e-16,0.0,0.0,0.0
n_28720,0,-1,1,5.205529915810764e-16,0.0,0.0,0.0
n_2873,0,-1,1,6.212930022781945e-16,0.0,0.0,0.0
n_28734,0,-1,1,5.07333983647989e-16,0.0,0.0,0.0
n_28735,0,-1,1,7.489850190217932e-16,0.0,0.0,0.0
n_28736,0,-1,1,8.089889918239655e-16,0.0,0.0,0.0
n_2874,0,-1,1,4.494229763189229e-16,0.0,0.0,0.0
n_2875,0,-1,1,5.616789822691145e-16,0.0,0.0,0.0
n_2876,0,-1,1,5.934590231753854e-16,0.0,0.0,0.0
n_2877,0,-1,1,6.212930022781945e-16,0.0,0.0,0.0
n_2878,0,-1,1,5.616789822691145e-16,0.0,0.0,0.0
n_28787,0,-1,1,5.205529915810764e-16,0.0,0.0,0.0
n_28789,0,-1,1,5.101060048469971e-16,0.0,0.0,0.0
n_2879,0,-1,1,5.355650094448236e-16,0.0,0.0,0.0
n_28795,0,-1,1,5.101060048469971e-16,0.0,0.0,0.0
n_28799,0,-1,1,5.548899602573121e-16,0.0,0.0,0.0
n_288,0,-1,4,1.726316885733545e-15,0.0,0.0,0.0
n_2880,0,-1,1,5.208110189926338e-16,0.0,0.0,0.0
n_28801,0,-1,1,5.08158040826549e-16,0.0,0.0,0.0
n_2881,0,-1,1,5.046050023106133e-16,0.0,0.0,0.0
n_28811,0,-1,2,8.997139496505447e-16,0.0,0.0,0.0
n_28813,0,-1,1,6.011460059903958e-16,0.0,0.0,0.0
n_2882,0,-1,1,6.212930022781945e-16,0.0,0.0,0.0
n_28829,0,-1,2,1.0229159506198668e-15,0.0,0.0,0.0
n_2883,0,-1,1,5.196369783881801e-16,0.0,0.0,0.0
n_28830,0,-1,1,5.282910081311589e-16,0.0,0.0,0.0
n_28831,0,-1,1,8.089889918239655e-16,0.0,0.0,0.0
n_2884,0,-1,1,5.934590231753854e-16,0.0,0.0,0.0
n_28840,0,-1,16,8.182732987829962e-15,0.0,0.0,0.0
n_28841,0,-1,2,1.0314420783878102e-15,0.0,0.0,0.0
n_28848,0,-1,15,7.671878099978473e-15,0.0,0.0,0.0
n_2885,0,-1,1,5.934590231753854e-16,0.0,0.0,0.0
n_28855,0,-1,2,1.0685580033453095e-15,0.0,0.0,0.0
n_2886,0,-1,1,6.212930022781945e-16,0.0,0.0,0.0
n_2887,0,-1,1,6.212930022781945e-16,0.0,0.0,0.0
n_2888,0,-1,1,6.212930022781945e-16,0.0,0.0,0.0
n_28881,0,-1,2,9.21905048198305e-16,0.0,0.0,0.0
n_2889,0,-1,1,6.212930022781945e-16,0.0,0.0,0.0
n_2890,0,-1,1,6.212930022781945e-16,0.0,0.0,0.0
n_2891,0,-1,1,6.212930022781945e-16,0.0,0.0,0.0
n_2892,0,-1,1,6.212930022781945e-16,0.0,0.0,0.0
n_2893,0,-1,1,6.212930022781945e-16,0.0,0.0,0.0
n_2894,0,-1,1,6.212930022781945e-16,0.0,0.0,0.0
n_2895,0,-1,1,6.212930022781945e-16,0.0,0.0,0.0
n_28950,0,-1,1,6.212930022781945e-16,0.0,0.0,0.0
n_2896,0,-1,1,6.212930022781945e-16,0.0,0.0,0.0
n_2897,0,-1,1,6.212930022781945e-16,0.0,0.0,0.0
n_2898,0,-1,1,6.212930022781945e-16,0.0,0.0,0.0
n_2899,0,-1,1,6.212930022781945e-16,0.0,0.0,0.0
n_2900,0,-1,1,6.212930022781945e-16,0.0,0.0,0.0
n_2901,0,-1,1,6.212930022781945e-16,0.0,0.0,0.0
n_2902,0,-1,1,6.212930022781945e-16,0.0,0.0,0.0
n_2903,0,-1,1,5.934590231753854e-16,0.0,0.0,0.0
n_2904,0,-1,1,6.212930022781945e-16,0.0,0.0,0.0
n_2905,0,-1,1,6.212930022781945e-16,0.0,0.0,0.0
n_29050,0,-1,5,3.021961987018009e-15,0.0,0.0,0.0
n_29051,0,-1,5,2.7358219754577712e-15,0.0,0.0,0.0
n_29052,0,-1,1,6.316540151681275e-16,0.0,0.0,0.0
n_29053,0,-1,1,5.954769732931004e-16,0.0,0.0,0.0
n_29054,0,-1,2,2.207580042297994e-15,0.0,0.0,0.0
n_29055,0,-1,33,1.4109764721078992e-14,0.0,0.0,0.0
n_2906,0,-1,1,6.212930022781945e-16,0.0,0.0,0.0
n_2907,0,-1,1,6.212930022781945e-16,0.0,0.0,0.0
n_2908,0,-1,1,6.212930022781945e-16,0.0,0.0,0.0
n_2909,0,-1,1,6.212930022781945e-16,0.0,0.0,0.0
n_2910,0,-1,1,6.212930022781945e-16,0.0,0.0,0.0
n_2911,0,-1,1,6.212930022781945e-16,0.0,0.0,0.0
n_2912,0,-1,1,6.212930022781945e-16,0.0,0.0,0.0
n_2913,0,-1,1,6.212930022781945e-16,0.0,0.0,0.0
n_2914,0,-1,1,6.212930022781945e-16,0.0,0.0,0.0
n_2915,0,-1,1,5.934590231753854e-16,0.0,0.0,0.0
n_2916,0,-1,1,6.212930022781945e-16,0.0,0.0,0.0
n_2917,0,-1,1,5.934590231753854e-16,0.0,0.0,0.0
n_2918,0,-1,1,6.212930022781945e-16,0.0,0.0,0.0
n_29189,0,-1,1,6.022999825019114e-16,0.0,0.0,0.0
n_2919,0,-1,2,1.1285720876032896e-15,0.0,0.0,0.0
n_29190,0,-1,1,6.20466986335944e-16,0.0,0.0,0.0
n_29194,0,-1,10,7.615120963281805e-15,0.0,0.0,0.0
n_292,0,-1,2,9.53707006082086e-16,0.0,0.0,0.0
n_2920,0,-1,1,5.616789822691145e-16,0.0,0.0,0.0
n_2921,0,-1,1,5.524299648202488e-16,0.0,0.0,0.0
n_29219,0,-1,7,4.766639794190949e-15,0.0,0.0,0.0
n_2922,0,-1,1,5.616789822691145e-16,0.0,0.0,0.0
n_2923,0,-1,1,5.934590231753854e-16,0.0,0.0,0.0
n_29239,0,-1,1,5.205529915810764e-16,0.0,0.0,0.0
n_2924,0,-1,1,5.934590231753854e-16,0.0,0.0,0.0
n_29240,0,-1,1,5.205529915810764e-16,0.0,0.0,0.0
n_29241,0,-1,1,5.205529915810764e-16,0.0,0.0,0.0
n_29242,0,-1,1,5.205529915810764e-16,0.0,0.0,0.0
n_29243,0,-1,1,5.205529915810764e-16,0.0,0.0,0.0
n_29248,0,-1,1,5.08158040826549e-16,0.0,0.0,0.0
n_2925,0,-1,1,6.212930022781945e-16,0.0,0.0,0.0
n_29250,0,-1,1,5.08158040826549e-16,0.0,0.0,0.0
n_29252,0,-1,1,5.08158040826549e-16,0.0,0.0,0.0
n_29253,0,-1,1,5.08158040826549e-16,0.0,0.0,0.0
n_29254,0,-1,1,5.08158040826549e-16,0.0,0.0,0.0
n_29255,0,-1,1,5.08158040826549e-16,0.0,0.0,0.0
n_29256,0,-1,1,5.08158040826549e-16,0.0,0.0,0.0
n_29257,0,-1,1,5.548899602573121e-16,0.0,0.0,0.0
n_29258,0,-1,1,5.205529915810764e-16,0.0,0.0,0.0
n_29259,0,-1,1,5.205529915810764e-16,0.0,0.0,0.0
n_2926,0,-1,1,5.934590231753854e-16,0.0,0.0,0.0
n_29261,0,-1,1,5.205529915810764e-16,0.0,0.0,0.0
n_29262,0,-1,1,5.205529915810764e-16,0.0,0.0,0.0
n_29263,0,-1,1,5.205529915810764e-16,0.0,0.0,0.0
n_29268,0,-1,1,5.205529915810764e-16,0.0,0.0,0.0
n_29269,0,-1,1,5.205529915810764e-16,0.0,0.0,0.0
n_29270,0,-1,1,5.08158040826549e-16,0.0,0.0,0.0
n_29271,0,-1,1,5.205529915810764e-16,0.0,0.0,0.0
n_29273,0,-1,1,5.08158040826549e-16,0.0,0.0,0.0
n_2928,0,-1,1,5.616789822691145e-16,0.0,0.0,0.0
n_293,0,-1,11,4.544430017841203e-15,0.0,0.0,0.0
n_294,0,-1,16,6.590872629835907e-15,0.0,0.0,0.0
n_29402,0,-1,37,1.5310384795901022e-14,0.0,0.0,0.0
n_295,0,-1,13,5.482932782520074e-15,0.0,0.0,0.0
n_29560,0,-1,9,5.434345702116147e-15,0.0,0.0,0.0
n_296,0,-1,16,6.364863487201252e-15,0.0,0.0,0.0
n_2961,0,-1,1,6.212930022781945e-16,0.0,0.0,0.0
n_2962,0,-1,1,5.934590231753854e-16,0.0,0.0,0.0
n_2963,0,-1,1,5.934590231753854e-16,0.0,0.0,0.0
n_2964,0,-1,1,5.934590231753854e-16,0.0,0.0,0.0
n_2965,0,-1,1,5.616789822691145e-16,0.0,0.0,0.0
n_2966,0,-1,1,6.212930022781945e-16,0.0,0.0,0.0
n_2967,0,-1,1,6.212930022781945e-16,0.0,0.0,0.0
n_2968,0,-1,1,5.934590231753854e-16,0.0,0.0,0.0
n_29683,0,-1,3,3.2713788851500367e-15,0.0,0.0,0.0
n_29686,0,-1,1,5.548899602573121e-16,0.0,0.0,0.0
n_29689,0,-1,1,5.548899602573121e-16,0.0,0.0,0.0
n_2969,0,-1,1,5.934590231753854e-16,0.0,0.0,0.0
n_29694,0,-1,1,5.08158040826549e-16,0.0,0.0,0.0
n_29695,0,-1,1,5.548899602573121e-16,0.0,0.0,0.0
n_29697,0,-1,1,5.101060048469971e-16,0.0,0.0,0.0
n_29699,0,-1,1,5.548899602573121e-16,0.0,0.0,0.0
n_297,0,-1,14,5.3273654408779285e-15,0.0,0.0,0.0
n_2970,0,-1,1,5.934590231753854e-16,0.0,0.0,0.0
n_29705,0,-1,1,5.548899602573121e-16,0.0,0.0,0.0
n_29706,0,-1,1,5.548899602573121e-16,0.0,0.0,0.0
n_29708,0,-1,1,1.0648299995862066e-15,0.0,0.0,0.0
n_2971,0,-1,1,5.934590231753854e-16,0.0,0.0,0.0
n_2972,0,-1,1,6.212930022781945e-16,0.0,0.0,0.0
n_29725,0,-1,1,7.489850190217932e-16,0.0,0.0,0.0
n_29726,0,-1,1,6.196590227833818e-16,0.0,0.0,0.0
n_2973,0,-1,14,6.371494484628832e-15,0.0,0.0,0.0
n_2974,0,-1,16,6.364863487201252e-15,0.0,0.0,0.0
n_2975,0,-1,16,6.780896848255884e-15,0.0,0.0,0.0
n_29753,0,-1,4,2.8140399624225487e-15,0.0,0.0,0.0
n_29754,0,-1,4,2.4637859095022648e-15,0.0,0.0,0.0
n_29756,0,-1,2,1.8856920639900724e-15,0.0,0.0,0.0
n_2976,0,-1,16,6.364863487201252e-15,0.0,0.0,0.0
n_2977,0,-1,5,5.191644081189951e-15,0.0,0.0,0.0
n_2978,0,-1,24,9.547295442560114e-15,0.0,0.0,0.0
n_2979,0,-1,16,6.780896848255884e-15,0.0,0.0,0.0
n_298,0,-1,12,5.686570937984796e-15,0.0,0.0,0.0
n_2980,0,-1,14,6.3983610991663175e-15,0.0,0.0,0.0
n_29808,0,-1,6,2.6775490733019908e-15,0.0,0.0,0.0
n_2981,0,-1,16,6.364863487201252e-15,0.0,0.0,0.0
n_2982,0,-1,16,6.780896848255884e-15,0.0,0.0,0.0
n_2983,0,-1,16,6.364863487201252e-15,0.0,0.0,0.0
n_2984,0,-1,5,5.191644081189951e-15,0.0,0.0,0.0
n_29840,0,-1,1,5.205529915810764e-16,0.0,0.0,0.0
n_29843,0,-1,1,5.101060048469971e-16,0.0,0.0,0.0
n_29846,0,-1,1,5.548899602573121e-16,0.0,0.0,0.0
n_29847,0,-1,1,5.205529915810764e-16,0.0,0.0,0.0
n_2985,0,-1,24,9.547295442560114e-15,0.0,0.0,0.0
n_29855,0,-1,32,1.4194158001745727e-14,0.0,0.0,0.0
n_2986,0,-1,16,6.780896848255884e-15,0.0,0.0,0.0
n_2987,0,-1,6,2.785988772308328e-15,0.0,0.0,0.0
n_2988,0,-1,9,3.580235896839161e-15,0.0,0.0,0.0
n_2989,0,-1,8,3.182431743600626e-15,0.0,0.0,0.0
n_29899,0,-1,1,1.1053300329262237e-15,0.0,0.0,0.0
n_299,0,-1,5,2.6294719067323103e-15,0.0,0.0,0.0
n_2990,0,-1,9,4.758327012846595e-15,0.0,0.0,0.0
n_29900,0,-1,2,7.44086998064736e-16,0.0,0.0,0.0
n_29901,0,-1,4,2.311682085581442e-15,0.0,0.0,0.0
n_29903,0,-1,1,5.548899602573121e-16,0.0,0.0,0.0
n_29904,0,-1,1,5.08158040826549e-16,0.0,0.0,0.0
n_29906,0,-1,1,5.205529915810764e-16,0.0,0.0,0.0
n_29907,0,-1,1,3.62321996017612e-16,0.0,0.0,0.0
n_2991,0,-1,8,4.113166157361991e-15,0.0,0.0,0.0
n_2992,0,-1,9,4.865488962651999e-15,0.0,0.0,0.0
n_29928,0,-1,1,5.563640093437714e-16,0.0,0.0,0.0
n_29929,0,-1,1,5.11650992942789e-16,0.0,0.0,0.0
n_2993,0,-1,8,4.597144266280627e-15,0.0,0.0,0.0
n_29930,0,-1,3,1.233661983061473e-15,0.0,0.0,0.0
n_29931,0,-1,1,6.20466986335944e-16,0.0,0.0,0.0
n_29933,0,-1,1,5.238390029603903e-16,0.0,0.0,0.0
n_29934,0,-1,1,3.62321996017612e-16,0.0,0.0,0.0
n_29935,0,-1,1,3.720560192381196e-16,0.0,0.0,0.0
n_2994,0,-1,9,5.010460769156941e-15,0.0,0.0,0.0
n_29940,0,-1,1,4.3167599494761005e-16,0.0,0.0,0.0
n_29941,0,-1,1,4.443300319048789e-16,0.0,0.0,0.0
n_29942,0,-1,1,6.212930022781945e-16,0.0,0.0,0.0
n_2995,0,-1,10,5.539165182305919e-15,0.0,0.0,0.0
n_2996,0,-1,16,8.840611619501115e-15,0.0,0.0,0.0
n_29991,0,-1,1,5.868539661318148e-16,0.0,0.0,0.0
n_29992,0,-1,1,6.150070119579428e-16,0.0,0.0,0.0
n_29993,0,-1,1,5.909010366142366e-16,0.0,0.0,0.0
n_29994,0,-1,1,6.212930022781945e-16,0.0,0.0,0.0
n_29995,0,-1,4,2.1893550696466335e-15,0.0,0.0,0.0
n_29996,0,-1,2,1.170796044749206e-15,0.0,0.0,0.0
n_29997,0,-1,1,6.212930022781945e-16,0.0,0.0,0.0
n_3,0,-1,9,4.8765533305255085e-15,0.0,0.0,0.0
n_300,0,-1,2,7.610859964040642e-16,0.0,0.0,0.0
n_3001,0,-1,3,1.6718050216218104e-15,0.0,0.0,0.0
n_30010,0,-1,1,5.501270410553419e-16,0.0,0.0,0.0
n_30011,0,-1,1,5.091290052818985e-16,0.0,0.0,0.0
n_30012,0,-1,1,5.077040311668207e-16,0.0,0.0,0.0
n_30013,0,-1,1,5.048919876610549e-16,0.0,0.0,0.0
n_30014,0,-1,1,5.215520140028037e-16,0.0,0.0,0.0
n_30015,0,-1,1,5.11650992942789e-16,0.0,0.0,0.0
n_3002,0,-1,4,1.6696220059584993e-15,0.0,0.0,0.0
n_3003,0,-1,5,2.44002409423294e-15,0.0,0.0,0.0
n_30068,0,-1,1,5.548899602573121e-16,0.0,0.0,0.0
n_30091,0,-1,2,1.067873071328336e-15,0.0,0.0,0.0
n_30092,0,-1,1,5.35974020479229e-16,0.0,0.0,0.0
n_30093,0,-1,1,5.673570146914745e-16,0.0,0.0,0.0
n_30094,0,-1,1,5.042300314127756e-16,0.0,0.0,0.0
n_30095,0,-1,1,6.212930022781945e-16,0.0,0.0,0.0
n_30096,0,-1,1,5.84510967120591e-16,0.0,0.0,0.0
n_301,0,-1,14,5.5844844095993395e-15,0.0,0.0,0.0
n_30112,0,-1,1,1.3596200174829237e-15,0.0,0.0,0.0
n_30119,0,-1,1,5.912629843805102e-16,0.0,0.0,0.0
n_30143,0,-1,1,5.633400138786802e-16,0.0,0.0,0.0
n_3015,0,-1,3,2.5983690686673692e-15,0.0,0.0,0.0
n_30155,0,-1,1,5.548899602573121e-16,0.0,0.0,0.0
n_30157,0,-1,1,5.205529915810764e-16,0.0,0.0,0.0
n_3016,0,-1,2,8.564859937643359e-16,0.0,0.0,0.0
n_30168,0,-1,1,5.1064302373555635e-16,0.0,0.0,0.0
n_3017,0,-1,2,8.704760134376616e-16,0.0,0.0,0.0
n_30170,0,-1,1,5.633400138786802e-16,0.0,0.0,0.0
n_3018,0,-1,1,3.720560192381196e-16,0.0,0.0,0.0
n_30192,0,-1,1,5.548899602573121e-16,0.0,0.0,0.0
n_30193,0,-1,1,5.101060048469971e-16,0.0,0.0,0.0
n_30196,0,-1,1,8.089889918239655e-16,0.0,0.0,0.0
n_30197,0,-1,1,6.196590227833818e-16,0.0,0.0,0.0
n_302,0,-1,5,2.021761977735845e-15,0.0,0.0,0.0
n_3021,0,-1,2,7.504559976138187e-16,0.0,0.0,0.0
n_3023,0,-1,2,8.404269902382233e-16,0.0,0.0,0.0
n_3024,0,-1,1,3.466820091025942e-16,0.0,0.0,0.0
n_3029,0,-1,1,5.616789822691145e-16,0.0,0.0,0.0
n_30297,0,-1,1,5.481719831339606e-16,0.0,0.0,0.0
n_30298,0,-1,8,3.3904477888532314e-15,0.0,0.0,0.0
n_303,0,-1,8,3.2415190679351913e-15,0.0,0.0,0.0
n_3030,0,-1,1,5.616789822691145e-16,0.0,0.0,0.0
n_3031,0,-1,1,5.616789822691145e-16,0.0,0.0,0.0
n_3032,0,-1,1,5.616789822691145e-16,0.0,0.0,0.0
n_30321,0,-1,1,5.159739844077789e-16,0.0,0.0,0.0
n_30322,0,-1,1,3.4882799354424255e-16,0.0,0.0,0.0
n_30327,0,-1,1,5.954769732931004e-16,0.0,0.0,0.0
n_30328,0,-1,4,2.0331579590082043e-15,0.0,0.0,0.0
n_30329,0,-1,4,1.79599805113942e-15,0.0,0.0,0.0
n_3033,0,-1,1,5.616789822691145e-16,0.0,0.0,0.0
n_3034,0,-1,1,5.912629843805102e-16,0.0,0.0,0.0
n_3035,0,-1,1,5.912629843805102e-16,0.0,0.0,0.0
n_30389,0,-1,2,1.240933972671888e-15,0.0,0.0,0.0
n_30390,0,-1,18,1.131861582405599e-14,0.0,0.0,0.0
n_30391,0,-1,2,1.0553650416753502e-15,0.0,0.0,0.0
n_304,0,-1,5,2.002880131033889e-15,0.0,0.0,0.0
n_30457,0,-1,1,9.741039829684432e-16,0.0,0.0,0.0
n_30458,0,-1,2,1.1015609480691788e-15,0.0,0.0,0.0
n_30463,0,-1,3,1.2350379880842876e-15,0.0,0.0,0.0
n_30469,0,-1,3,1.6258160030253486e-15,0.0,0.0,0.0
n_305,0,-1,5,2.2983610101782103e-15,0.0,0.0,0.0
n_30580,0,-1,6,2.0400060086285185e-15,0.0,0.0,0.0
n_30581,0,-1,2,8.593419771042406e-16,0.0,0.0,0.0
n_30582,0,-1,2,8.525319910269937e-16,0.0,0.0,0.0
n_30583,0,-1,3,1.1934120361991327e-15,0.0,0.0,0.0
n_30596,0,-1,1,4.955140094459697e-16,0.0,0.0,0.0
n_30597,0,-1,1,3.466820091025942e-16,0.0,0.0,0.0
n_30600,0,-1,1,3.385409901580759e-16,0.0,0.0,0.0
n_30602,0,-1,1,5.633400138786802e-16,0.0,0.0,0.0
n_30603,0,-1,1,5.633400138786802e-16,0.0,0.0,0.0
n_30604,0,-1,2,7.082429989566574e-16,0.0,0.0,0.0
n_30605,0,-1,1,3.616060149491657e-16,0.0,0.0,0.0
n_30606,0,-1,1,3.616060149491657e-16,0.0,0.0,0.0
n_30607,0,-1,3,1.597741943021552e-15,0.0,0.0,0.0
n_30608,0,-1,2,6.933640182051884e-16,0.0,0.0,0.0
n_30615,0,-1,3,3.2808000091058727e-15,0.0,0.0,0.0
n_30616,0,-1,3,1.4189681220861251e-15,0.0,0.0,0.0
n_30617,0,-1,3,1.6424480243402788e-15,0.0,0.0,0.0
n_30618,0,-1,9,4.7435327353898514e-15,0.0,0.0,0.0
n_30624,0,-1,1,6.13784002261226e-16,0.0,0.0,0.0
n_30627,0,-1,1,1.0502799852556274e-15,0.0,0.0,0.0
n_30631,0,-1,1,6.316540151681275e-16,0.0,0.0,0.0
n_30632,0,-1,1,5.954769732931004e-16,0.0,0.0,0.0
n_30633,0,-1,2,1.123357964538229e-15,0.0,0.0,0.0
n_30634,0,-1,1,1.0644999743741326e-15,0.0,0.0,0.0
n_30635,0,-1,1,3.616060149491657e-16,0.0,0.0,0.0
n_30637,0,-1,1,1.0495800184038401e-15,0.0,0.0,0.0
n_30638,0,-1,1,1.0495800184038401e-15,0.0,0.0,0.0
n_30639,0,-1,1,2.0383500592166363e-15,0.0,0.0,0.0
n_30641,0,-1,1,2.1903399572060535e-15,0.0,0.0,0.0
n_30642,0,-1,1,1.0271899729925936e-15,0.0,0.0,0.0
n_30643,0,-1,1,1.0495800184038401e-15,0.0,0.0,0.0
n_30644,0,-1,1,5.616789822691145e-16,0.0,0.0,0.0
n_30645,0,-1,1,5.616789822691145e-16,0.0,0.0,0.0
n_30646,0,-1,1,5.616789822691145e-16,0.0,0.0,0.0
n_30647,0,-1,1,5.616789822691145e-16,0.0,0.0,0.0
n_30648,0,-1,1,6.212930022781945e-16,0.0,0.0,0.0
n_30649,0,-1,1,6.212930022781945e-16,0.0,0.0,0.0
n_30650,0,-1,1,6.212930022781945e-16,0.0,0.0,0.0
n_30651,0,-1,1,6.212930022781945e-16,0.0,0.0,0.0
n_30653,0,-1,2,9.315729763791471e-16,0.0,0.0,0.0
n_30658,0,-1,1,6.212930022781945e-16,0.0,0.0,0.0
n_30659,0,-1,1,6.212930022781945e-16,0.0,0.0,0.0
n_30660,0,-1,1,6.212930022781945e-16,0.0,0.0,0.0
n_30661,0,-1,1,6.212930022781945e-16,0.0,0.0,0.0
n_30662,0,-1,1,6.212930022781945e-16,0.0,0.0,0.0
n_30663,0,-1,1,6.212930022781945e-16,0.0,0.0,0.0
n_30664,0,-1,1,6.212930022781945e-16,0.0,0.0,0.0
n_30668,0,-1,1,6.212930022781945e-16,0.0,0.0,0.0
n_30675,0,-1,1,4.751459904984968e-16,0.0,0.0,0.0
n_30676,0,-1,1,6.212930022781945e-16,0.0,0.0,0.0
n_30679,0,-1,1,6.212930022781945e-16,0.0,0.0,0.0
n_3068,0,-1,1,5.912629843805102e-16,0.0,0.0,0.0
n_30682,0,-1,1,4.0108299130757724e-16,0.0,0.0,0.0
n_30683,0,-1,1,5.616789822691145e-16,0.0,0.0,0.0
n_30684,0,-1,1,5.616789822691145e-16,0.0,0.0,0.0
n_30685,0,-1,1,4.431639851738649e-16,0.0,0.0,0.0
n_30686,0,-1,1,9.694659481866339e-16,0.0,0.0,0.0
n_30687,0,-1,1,2.9121000667536726e-16,0.0,0.0,0.0
n_30688,0,-1,1,4.549269964101814e-16,0.0,0.0,0.0
n_30689,0,-1,1,1.0161499573163178e-15,0.0,0.0,0.0
n_30690,0,-1,1,2.7572301508644724e-16,0.0,0.0,0.0
n_30691,0,-1,1,5.25156986226318e-16,0.0,0.0,0.0
n_30692,0,-1,1,5.934590231753854e-16,0.0,0.0,0.0
n_30693,0,-1,1,1.0644999743741326e-15,0.0,0.0,0.0
n_3071,0,-1,1,5.616789822691145e-16,0.0,0.0,0.0
n_3072,0,-1,1,6.212930022781945e-16,0.0,0.0,0.0
n_3073,0,-1,1,5.912629843805102e-16,0.0,0.0,0.0
n_3074,0,-1,1,5.912629843805102e-16,0.0,0.0,0.0
n_3075,0,-1,1,5.912629843805102e-16,0.0,0.0,0.0
n_30753,0,-1,1,5.633400138786802e-16,0.0,0.0,0.0
n_30757,0,-1,1,5.55618990927102e-16,0.0,0.0,0.0
n_30759,0,-1,2,1.0476780059207806e-15,0.0,0.0,0.0
n_3076,0,-1,1,6.196590227833818e-16,0.0,0.0,0.0
n_30760,0,-1,1,6.011460059903958e-16,0.0,0.0,0.0
n_30762,0,-1,1,6.066110096265213e-16,0.0,0.0,0.0
n_30764,0,-1,1,5.55618990927102e-16,0.0,0.0,0.0
n_30765,0,-1,1,6.011460059903958e-16,0.0,0.0,0.0
n_30766,0,-1,1,6.066110096265213e-16,0.0,0.0,0.0
n_3077,0,-1,1,5.912629843805102e-16,0.0,0.0,0.0
n_30770,0,-1,1,5.633400138786802e-16,0.0,0.0,0.0
n_3078,0,-1,1,5.912629843805102e-16,0.0,0.0,0.0
n_30781,0,-1,1,3.7078200227611035e-16,0.0,0.0,0.0
n_30782,0,-1,1,4.740920168143164e-16,0.0,0.0,0.0
n_30783,0,-1,1,6.212930022781945e-16,0.0,0.0,0.0
n_30784,0,-1,1,4.740920168143164e-16,0.0,0.0,0.0
n_3079,0,-1,1,5.912629843805102e-16,0.0,0.0,0.0
n_3080,0,-1,1,5.588219930775849e-16,0.0,0.0,0.0
n_3081,0,-1,1,5.912629843805102e-16,0.0,0.0,0.0
n_3082,0,-1,1,5.912629843805102e-16,0.0,0.0,0.0
n_30823,0,-1,1,5.234320036292346e-16,0.0,0.0,0.0
n_30824,0,-1,4,1.603139872236167e-15,0.0,0.0,0.0
n_30825,0,-1,2,8.404269902382233e-16,0.0,0.0,0.0
n_3083,0,-1,1,5.912629843805102e-16,0.0,0.0,0.0
n_30830,0,-1,1,3.720560192381196e-16,0.0,0.0,0.0
n_3084,0,-1,1,5.912629843805102e-16,0.0,0.0,0.0
n_30847,0,-1,1,5.355650094448236e-16,0.0,0.0,0.0
n_3085,0,-1,1,5.912629843805102e-16,0.0,0.0,0.0
n_30853,0,-1,4,2.014741980427238e-15,0.0,0.0,0.0
n_3086,0,-1,1,5.912629843805102e-16,0.0,0.0,0.0
n_3087,0,-1,1,5.912629843805102e-16,0.0,0.0,0.0
n_30875,0,-1,1,5.263220271057071e-16,0.0,0.0,0.0
n_3088,0,-1,1,5.588219930775849e-16,0.0,0.0,0.0
n_30888,0,-1,2,9.98862120741976e-16,0.0,0.0,0.0
n_30889,0,-1,2,1.024783022993852e-15,0.0,0.0,0.0
n_3089,0,-1,1,5.588219930775849e-16,0.0,0.0,0.0
n_30893,0,-1,1,3.36682996918494e-16,0.0,0.0,0.0
n_30894,0,-1,1,3.466820091025942e-16,0.0,0.0,0.0
n_30895,0,-1,1,5.075340422422186e-16,0.0,0.0,0.0
n_30896,0,-1,1,8.089889918239655e-16,0.0,0.0,0.0
n_3090,0,-1,1,5.912629843805102e-16,0.0,0.0,0.0
n_3091,0,-1,1,5.912629843805102e-16,0.0,0.0,0.0
n_30911,0,-1,1,3.720560192381196e-16,0.0,0.0,0.0
n_30912,0,-1,1,5.355650094448236e-16,0.0,0.0,0.0
n_30913,0,-1,2,1.2623640121165402e-15,0.0,0.0,0.0
n_30914,0,-1,1,6.212930022781945e-16,0.0,0.0,0.0
n_30915,0,-1,1,6.212930022781945e-16,0.0,0.0,0.0
n_3092,0,-1,1,5.912629843805102e-16,0.0,0.0,0.0
n_30928,0,-1,2,1.045586999211365e-15,0.0,0.0,0.0
n_3093,0,-1,1,5.912629843805102e-16,0.0,0.0,0.0
n_30931,0,-1,1,1.3596200174829237e-15,0.0,0.0,0.0
n_30932,0,-1,1,4.743139923860562e-16,0.0,0.0,0.0
n_30933,0,-1,1,4.743139923860562e-16,0.0,0.0,0.0
n_30934,0,-1,1,5.238390029603903e-16,0.0,0.0,0.0
n_30935,0,-1,1,9.511089442746203e-16,0.0,0.0,0.0
n_30936,0,-1,1,6.177260406581883e-16,0.0,0.0,0.0
n_30939,0,-1,1,5.657799981623646e-16,0.0,0.0,0.0
n_3094,0,-1,1,5.912629843805102e-16,0.0,0.0,0.0
n_30941,0,-1,2,1.0339449548678282e-15,0.0,0.0,0.0
n_30942,0,-1,1,5.242360496544158e-16,0.0,0.0,0.0
n_30943,0,-1,1,5.242360496544158e-16,0.0,0.0,0.0
n_30946,0,-1,1,1.3098900778749133e-15,0.0,0.0,0.0
n_3095,0,-1,1,5.912629843805102e-16,0.0,0.0,0.0
n_30950,0,-1,3,1.5726581210798e-15,0.0,0.0,0.0
n_30951,0,-1,2,1.0707999936775733e-15,0.0,0.0,0.0
n_30952,0,-1,1,4.735409689425683e-16,0.0,0.0,0.0
n_30954,0,-1,16,7.942173936743846e-15,0.0,0.0,0.0
n_30956,0,-1,3,1.4341889865109297e-15,0.0,0.0,0.0
n_3096,0,-1,1,5.588219930775849e-16,0.0,0.0,0.0
n_3097,0,-1,1,5.588219930775849e-16,0.0,0.0,0.0
n_3098,0,-1,1,5.912629843805102e-16,0.0,0.0,0.0
n_3099,0,-1,1,5.912629843805102e-16,0.0,0.0,0.0
n_3100,0,-1,1,5.912629843805102e-16,0.0,0.0,0.0
n_31003,0,-1,1,5.044410484957604e-16,0.0,0.0,0.0
n_31005,0,-1,10,5.229313753936718e-15,0.0,0.0,0.0
n_3101,0,-1,1,5.912629843805102e-16,0.0,0.0,0.0
n_31018,0,-1,2,1.6734580064183772e-15,0.0,0.0,0.0
n_3102,0,-1,1,5.912629843805102e-16,0.0,0.0,0.0
n_31025,0,-1,2,7.24643992035224e-16,0.0,0.0,0.0
n_3103,0,-1,1,5.912629843805102e-16,0.0,0.0,0.0
n_3104,0,-1,1,5.912629843805102e-16,0.0,0.0,0.0
n_31041,0,-1,3,1.6955460845839276e-15,0.0,0.0,0.0
n_3105,0,-1,1,5.912629843805102e-16,0.0,0.0,0.0
n_31052,0,-1,3,1.873557893504181e-15,0.0,0.0,0.0
n_31055,0,-1,7,4.706101078901263e-15,0.0,0.0,0.0
n_3106,0,-1,1,5.912629843805102e-16,0.0,0.0,0.0
n_31061,0,-1,1,5.5913798930647e-16,0.0,0.0,0.0
n_31062,0,-1,3,1.388401985272388e-15,0.0,0.0,0.0
n_31064,0,-1,14,6.594638538319399e-15,0.0,0.0,0.0
n_31065,0,-1,15,7.763030703564298e-15,0.0,0.0,0.0
n_3107,0,-1,1,5.912629843805102e-16,0.0,0.0,0.0
n_3108,0,-1,1,5.912629843805102e-16,0.0,0.0,0.0
n_31085,0,-1,1,5.355650094448236e-16,0.0,0.0,0.0
n_31086,0,-1,1,5.633400138786802e-16,0.0,0.0,0.0
n_31087,0,-1,2,9.749829914094564e-16,0.0,0.0,0.0
n_3109,0,-1,1,5.912629843805102e-16,0.0,0.0,0.0
n_31092,0,-1,2,8.766370134586342e-16,0.0,0.0,0.0
n_31098,0,-1,2,9.947050947950887e-16,0.0,0.0,0.0
n_31099,0,-1,1,5.026950488936732e-16,0.0,0.0,0.0
n_3110,0,-1,1,5.912629843805102e-16,0.0,0.0,0.0
n_31101,0,-1,1,6.212930022781945e-16,0.0,0.0,0.0
n_31105,0,-1,2,9.814080539517355e-16,0.0,0.0,0.0
n_31106,0,-1,2,8.409130283312696e-16,0.0,0.0,0.0
n_31107,0,-1,1,4.60878991051419e-16,0.0,0.0,0.0
n_3111,0,-1,1,5.912629843805102e-16,0.0,0.0,0.0
n_31110,0,-1,1,5.026950488936732e-16,0.0,0.0,0.0
n_31111,0,-1,1,6.212930022781945e-16,0.0,0.0,0.0
n_31112,0,-1,2,8.409130283312696e-16,0.0,0.0,0.0
n_31113,0,-1,1,5.359600444355993e-16,0.0,0.0,0.0
n_31114,0,-1,1,5.026950488936732e-16,0.0,0.0,0.0
n_31115,0,-1,1,6.212930022781945e-16,0.0,0.0,0.0
n_3112,0,-1,1,5.912629843805102e-16,0.0,0.0,0.0
n_31123,0,-1,1,4.752020005521339e-16,0.0,0.0,0.0
n_31125,0,-1,1,6.212930022781945e-16,0.0,0.0,0.0
n_31127,0,-1,1,3.616060149491657e-16,0.0,0.0,0.0
n_3113,0,-1,1,5.912629843805102e-16,0.0,0.0,0.0
n_31133,0,-1,3,1.5052730502356946e-15,0.0,0.0,0.0
n_31137,0,-1,2,8.96263984456378e-16,0.0,0.0,0.0
n_31138,0,-1,6,3.181300107583094e-15,0.0,0.0,0.0
n_31139,0,-1,3,1.5427300118335823e-15,0.0,0.0,0.0
n_3114,0,-1,1,5.912629843805102e-16,0.0,0.0,0.0
n_31140,0,-1,2,8.798490153341817e-16,0.0,0.0,0.0
n_31144,0,-1,1,4.7822199064645075e-16,0.0,0.0,0.0
n_31145,0,-1,4,1.960759935424011e-15,0.0,0.0,0.0
n_31146,0,-1,2,9.473940695261997e-16,0.0,0.0,0.0
n_31147,0,-1,5,2.1746681536159544e-15,0.0,0.0,0.0
n_31148,0,-1,4,1.7702410497628376e-15,0.0,0.0,0.0
n_31149,0,-1,1,5.934590231753854e-16,0.0,0.0,0.0
n_3115,0,-1,1,5.912629843805102e-16,0.0,0.0,0.0
n_31150,0,-1,1,5.934590231753854e-16,0.0,0.0,0.0
n_31151,0,-1,1,5.934590231753854e-16,0.0,0.0,0.0
n_31152,0,-1,1,5.934590231753854e-16,0.0,0.0,0.0
n_3116,0,-1,1,5.912629843805102e-16,0.0,0.0,0.0
n_31163,0,-1,5,2.4099961409780645e-15,0.0,0.0,0.0
n_3117,0,-1,1,5.588219930775849e-16,0.0,0.0,0.0
n_31173,0,-1,2,8.572800342128276e-16,0.0,0.0,0.0
n_31174,0,-1,1,5.359600444355993e-16,0.0,0.0,0.0
n_31177,0,-1,1,5.026950488936732e-16,0.0,0.0,0.0
n_3118,0,-1,1,5.912629843805102e-16,0.0,0.0,0.0
n_31184,0,-1,1,5.359600444355993e-16,0.0,0.0,0.0
n_31185,0,-1,2,7.174190127533816e-16,0.0,0.0,0.0
n_31186,0,-1,1,4.751459904984968e-16,0.0,0.0,0.0
n_31189,0,-1,2,7.695049745041799e-16,0.0,0.0,0.0
n_3119,0,-1,1,5.912629843805102e-16,0.0,0.0,0.0
n_31190,0,-1,1,5.026950488936732e-16,0.0,0.0,0.0
n_312,0,-1,9,4.2535572096881816e-15,0.0,0.0,0.0
n_3120,0,-1,1,5.912629843805102e-16,0.0,0.0,0.0
n_31205,0,-1,1,3.494820088586413e-16,0.0,0.0,0.0
n_3121,0,-1,1,5.912629843805102e-16,0.0,0.0,0.0
n_31210,0,-1,3,1.5349359322903034e-15,0.0,0.0,0.0
n_3122,0,-1,1,5.912629843805102e-16,0.0,0.0,0.0
n_31222,0,-1,1,5.07333983647989e-16,0.0,0.0,0.0
n_3123,0,-1,1,5.912629843805102e-16,0.0,0.0,0.0
n_31235,0,-1,1,3.720560192381196e-16,0.0,0.0,0.0
n_31237,0,-1,2,8.326799739630762e-16,0.0,0.0,0.0
n_3124,0,-1,1,5.912629843805102e-16,0.0,0.0,0.0
n_31244,0,-1,1,6.20466986335944e-16,0.0,0.0,0.0
n_31245,0,-1,1,1.0604700033693334e-15,0.0,0.0,0.0
n_3125,0,-1,1,5.912629843805102e-16,0.0,0.0,0.0
n_31257,0,-1,2,1.0374319777534374e-15,0.0,0.0,0.0
n_31258,0,-1,2,1.0172700525099432e-15,0.0,0.0,0.0
n_31259,0,-1,2,8.239959804295883e-16,0.0,0.0,0.0
n_3126,0,-1,1,5.912629843805102e-16,0.0,0.0,0.0
n_31260,0,-1,1,6.308580159559453e-16,0.0,0.0,0.0
n_31261,0,-1,4,1.820173006728768e-15,0.0,0.0,0.0
n_31262,0,-1,2,9.919549905735908e-16,0.0,0.0,0.0
n_31263,0,-1,4,1.5471410417855274e-15,0.0,0.0,0.0
n_31264,0,-1,2,1.1557850327370838e-15,0.0,0.0,0.0
n_31265,0,-1,2,9.335510100692227e-16,0.0,0.0,0.0
n_31268,0,-1,1,3.62321996017612e-16,0.0,0.0,0.0
n_31269,0,-1,1,6.212930022781945e-16,0.0,0.0,0.0
n_3127,0,-1,1,5.912629843805102e-16,0.0,0.0,0.0
n_31270,0,-1,1,3.7078200227611035e-16,0.0,0.0,0.0
n_31271,0,-1,1,3.62321996017612e-16,0.0,0.0,0.0
n_31274,0,-1,1,9.311949879264349e-16,0.0,0.0,0.0
n_3128,0,-1,1,5.912629843805102e-16,0.0,0.0,0.0
n_31283,0,-1,1,6.066110096265213e-16,0.0,0.0,0.0
n_31284,0,-1,1,5.863069946061253e-16,0.0,0.0,0.0
n_3129,0,-1,1,5.912629843805102e-16,0.0,0.0,0.0
n_31295,0,-1,1,5.55618990927102e-16,0.0,0.0,0.0
n_31296,0,-1,1,4.740920168143164e-16,0.0,0.0,0.0
n_313,0,-1,7,2.5970760728733855e-15,0.0,0.0,0.0
n_3130,0,-1,1,5.912629843805102e-16,0.0,0.0,0.0
n_31302,0,-1,1,4.751459904984968e-16,0.0,0.0,0.0
n_31303,0,-1,1,6.212930022781945e-16,0.0,0.0,0.0
n_31304,0,-1,1,4.751459904984968e-16,0.0,0.0,0.0
n_31306,0,-1,1,5.026950488936732e-16,0.0,0.0,0.0
n_31311,0,-1,2,1.1083280001639119e-15,0.0,0.0,0.0
n_3132,0,-1,1,5.912629843805102e-16,0.0,0.0,0.0
n_31324,0,-1,2,1.0719200888711987e-15,0.0,0.0,0.0
n_31325,0,-1,1,6.212930022781945e-16,0.0,0.0,0.0
n_31326,0,-1,1,6.212930022781945e-16,0.0,0.0,0.0
n_31328,0,-1,1,3.712599935561578e-16,0.0,0.0,0.0
n_31329,0,-1,2,8.430800562477013e-16,0.0,0.0,0.0
n_3133,0,-1,1,5.912629843805102e-16,0.0,0.0,0.0
n_31333,0,-1,2,8.813659984031549e-16,0.0,0.0,0.0
n_31334,0,-1,3,1.354833010781516e-15,0.0,0.0,0.0
n_31337,0,-1,3,1.5501079864415224e-15,0.0,0.0,0.0
n_31339,0,-1,3,1.7244820006115553e-15,0.0,0.0,0.0
n_3134,0,-1,1,5.912629843805102e-16,0.0,0.0,0.0
n_31346,0,-1,2,6.732950018880962e-16,0.0,0.0,0.0
n_31347,0,-1,2,6.732950018880962e-16,0.0,0.0,0.0
n_3135,0,-1,1,5.912629843805102e-16,0.0,0.0,0.0
n_31351,0,-1,6,4.8820590446826614e-15,0.0,0.0,0.0
n_31353,0,-1,1,6.376100332158646e-16,0.0,0.0,0.0
n_31354,0,-1,4,2.3726591404213317e-15,0.0,0.0,0.0
n_31355,0,-1,2,1.0999859961828779e-15,0.0,0.0,0.0
n_31356,0,-1,2,1.399363968038398e-15,0.0,0.0,0.0
n_31357,0,-1,1,6.32291036884022e-16,0.0,0.0,0.0
n_31359,0,-1,3,3.1492640509685156e-15,0.0,0.0,0.0
n_3136,0,-1,1,5.912629843805102e-16,0.0,0.0,0.0
n_31360,0,-1,3,1.4073440771927175e-15,0.0,0.0,0.0
n_31361,0,-1,1,5.467370034421934e-16,0.0,0.0,0.0
n_31362,0,-1,1,6.193259800164332e-16,0.0,0.0,0.0
n_31364,0,-1,3,1.5430200147388985e-15,0.0,0.0,0.0
n_31365,0,-1,2,7.147500119365833e-16,0.0,0.0,0.0
n_31367,0,-1,2,6.995290416326604e-16,0.0,0.0,0.0
n_3137,0,-1,1,5.912629843805102e-16,0.0,0.0,0.0
n_31378,0,-1,2,9.213859228807564e-16,0.0,0.0,0.0
n_31379,0,-1,1,9.739239884671517e-16,0.0,0.0,0.0
n_3138,0,-1,1,5.912629843805102e-16,0.0,0.0,0.0
n_31388,0,-1,2,7.56195016408381e-16,0.0,0.0,0.0
n_31390,0,-1,1,4.549309668771216e-16,0.0,0.0,0.0
n_31391,0,-1,1,4.443300319048789e-16,0.0,0.0,0.0
n_31392,0,-1,1,1.0336899979507047e-15,0.0,0.0,0.0
n_314,0,-1,8,4.071980874367645e-15,0.0,0.0,0.0
n_3140,0,-1,1,5.912629843805102e-16,0.0,0.0,0.0
n_31409,0,-1,1,1.6036900201354086e-15,0.0,0.0,0.0
n_3141,0,-1,1,5.616789822691145e-16,0.0,0.0,0.0
n_31410,0,-1,1,1.6048599843938036e-15,0.0,0.0,0.0
n_31411,0,-1,2,1.953456182078074e-15,0.0,0.0,0.0
n_31412,0,-1,1,1.6025400670303925e-15,0.0,0.0,0.0
n_3142,0,-1,1,5.912629843805102e-16,0.0,0.0,0.0
n_31424,0,-1,1,1.3098900778749133e-15,0.0,0.0,0.0
n_31438,0,-1,1,5.22845962708853e-16,0.0,0.0,0.0
n_31439,0,-1,1,5.536400043249607e-16,0.0,0.0,0.0
n_3144,0,-1,1,5.912629843805102e-16,0.0,0.0,0.0
n_31444,0,-1,1,6.311820060582701e-16,0.0,0.0,0.0
n_31447,0,-1,1,6.212930022781945e-16,0.0,0.0,0.0
n_31448,0,-1,1,5.086529727655416e-16,0.0,0.0,0.0
n_31449,0,-1,4,1.8072451663712994e-15,0.0,0.0,0.0
n_3145,0,-1,1,5.912629843805102e-16,0.0,0.0,0.0
n_31450,0,-1,1,5.11650992942789e-16,0.0,0.0,0.0
n_31456,0,-1,4,1.8978251756847798e-15,0.0,0.0,0.0
n_31457,0,-1,1,5.159739844077789e-16,0.0,0.0,0.0
n_3146,0,-1,1,6.194319650139584e-16,0.0,0.0,0.0
n_31461,0,-1,1,5.657799981623646e-16,0.0,0.0,0.0
n_31464,0,-1,3,1.7434430448940797e-15,0.0,0.0,0.0
n_31465,0,-1,1,6.308580159559453e-16,0.0,0.0,0.0
n_31467,0,-1,3,1.4682100648373986e-15,0.0,0.0,0.0
n_31475,0,-1,1,5.242360496544158e-16,0.0,0.0,0.0
n_31476,0,-1,2,1.8924808213040788e-15,0.0,0.0,0.0
n_31477,0,-1,4,2.2120409413147087e-15,0.0,0.0,0.0
n_31479,0,-1,2,9.787289946186885e-16,0.0,0.0,0.0
n_3148,0,-1,1,6.194319650139584e-16,0.0,0.0,0.0
n_31480,0,-1,1,6.193259800164332e-16,0.0,0.0,0.0
n_31482,0,-1,3,1.3354739668929006e-15,0.0,0.0,0.0
n_31485,0,-1,6,3.1816361679049172e-15,0.0,0.0,0.0
n_31486,0,-1,3,2.0180310093614266e-15,0.0,0.0,0.0
n_31487,0,-1,2,8.784490286910479e-16,0.0,0.0,0.0
n_31488,0,-1,5,4.335166293057292e-15,0.0,0.0,0.0
n_31489,0,-1,6,4.13836115237807e-15,0.0,0.0,0.0
n_3149,0,-1,1,5.912629843805102e-16,0.0,0.0,0.0
n_31490,0,-1,4,2.9719650202733768e-15,0.0,0.0,0.0
n_31492,0,-1,5,3.934503191863536e-15,0.0,0.0,0.0
n_31496,0,-1,3,1.3576189021450354e-15,0.0,0.0,0.0
n_3150,0,-1,1,5.912629843805102e-16,0.0,0.0,0.0
n_3151,0,-1,1,5.912629843805102e-16,0.0,0.0,0.0
n_3152,0,-1,1,5.912629843805102e-16,0.0,0.0,0.0
n_3153,0,-1,1,5.912629843805102e-16,0.0,0.0,0.0
n_3155,0,-1,1,6.194319650139584e-16,0.0,0.0,0.0
n_3156,0,-1,1,5.912629843805102e-16,0.0,0.0,0.0
n_3157,0,-1,1,5.912629843805102e-16,0.0,0.0,0.0
n_31575,0,-1,3,2.161180000963877e-15,0.0,0.0,0.0
n_31576,0,-1,2,2.0348549895180283e-15,0.0,0.0,0.0
n_31578,0,-1,2,1.2676179457301218e-15,0.0,0.0,0.0
n_31580,0,-1,2,1.0350829436324644e-15,0.0,0.0,0.0
n_31593,0,-1,1,5.046050023106133e-16,0.0,0.0,0.0
n_31599,0,-1,1,5.633400138786802e-16,0.0,0.0,0.0
n_3160,0,-1,1,5.912629843805102e-16,0.0,0.0,0.0
n_31600,0,-1,2,7.850059950762888e-16,0.0,0.0,0.0
n_31603,0,-1,1,6.674139991957504e-16,0.0,0.0,0.0
n_31604,0,-1,1,1.3596200174829237e-15,0.0,0.0,0.0
n_31605,0,-1,2,9.953650393401182e-16,0.0,0.0,0.0
n_31606,0,-1,1,6.212930022781945e-16,0.0,0.0,0.0
n_31607,0,-1,11,5.370595461406946e-15,0.0,0.0,0.0
n_31608,0,-1,1,5.355650094448236e-16,0.0,0.0,0.0
n_31609,0,-1,1,5.359600444355993e-16,0.0,0.0,0.0
n_3161,0,-1,1,5.912629843805102e-16,0.0,0.0,0.0
n_31611,0,-1,1,5.238390029603903e-16,0.0,0.0,0.0
n_31617,0,-1,1,5.467370034421934e-16,0.0,0.0,0.0
n_31618,0,-1,5,3.498549945230088e-15,0.0,0.0,0.0
n_31619,0,-1,1,6.202159998857607e-16,0.0,0.0,0.0
n_3162,0,-1,1,5.912629843805102e-16,0.0,0.0,0.0
n_31624,0,-1,21,9.688840577276939e-15,0.0,0.0,0.0
n_31625,0,-1,1,4.8332599942836835e-16,0.0,0.0,0.0
n_31626,0,-1,1,5.633400138786802e-16,0.0,0.0,0.0
n_3163,0,-1,1,5.912629843805102e-16,0.0,0.0,0.0
n_31635,0,-1,2,8.302540186625807e-16,0.0,0.0,0.0
n_31636,0,-1,2,1.0583879963849824e-15,0.0,0.0,0.0
n_31637,0,-1,6,2.788733159057432e-15,0.0,0.0,0.0
n_31638,0,-1,5,2.5124898804529134e-15,0.0,0.0,0.0
n_31639,0,-1,5,2.174471006697481e-15,0.0,0.0,0.0
n_3164,0,-1,1,5.912629843805102e-16,0.0,0.0,0.0
n_31641,0,-1,1,5.863069946061253e-16,0.0,0.0,0.0
n_31642,0,-1,1,1.035410004229223e-15,0.0,0.0,0.0
n_31644,0,-1,1,8.089889918239655e-16,0.0,0.0,0.0
n_31645,0,-1,1,7.489850190217932e-16,0.0,0.0,0.0
n_31646,0,-1,1,5.334570091369037e-16,0.0,0.0,0.0
n_3165,0,-1,1,5.912629843805102e-16,0.0,0.0,0.0
n_31655,0,-1,1,3.712599935561578e-16,0.0,0.0,0.0
n_31656,0,-1,2,9.080140255006896e-16,0.0,0.0,0.0
n_3166,0,-1,1,5.912629843805102e-16,0.0,0.0,0.0
n_31665,0,-1,2,7.68499017000197e-16,0.0,0.0,0.0
n_3167,0,-1,1,5.912629843805102e-16,0.0,0.0,0.0
n_31672,0,-1,2,7.68499017000197e-16,0.0,0.0,0.0
n_3168,0,-1,1,5.912629843805102e-16,0.0,0.0,0.0
n_3169,0,-1,1,5.912629843805102e-16,0.0,0.0,0.0
n_317,0,-1,6,2.7666438103424607e-15,0.0,0.0,0.0
n_3170,0,-1,1,5.912629843805102e-16,0.0,0.0,0.0
n_3171,0,-1,1,5.912629843805102e-16,0.0,0.0,0.0
n_3172,0,-1,1,5.912629843805102e-16,0.0,0.0,0.0
n_3173,0,-1,1,5.912629843805102e-16,0.0,0.0,0.0
n_3174,0,-1,1,5.912629843805102e-16,0.0,0.0,0.0
n_3175,0,-1,1,5.912629843805102e-16,0.0,0.0,0.0
n_3176,0,-1,1,5.912629843805102e-16,0.0,0.0,0.0
n_3177,0,-1,1,5.912629843805102e-16,0.0,0.0,0.0
n_3178,0,-1,1,5.912629843805102e-16,0.0,0.0,0.0
n_31780,0,-1,9,4.911651411244411e-15,0.0,0.0,0.0
n_31781,0,-1,3,1.5312479508379582e-15,0.0,0.0,0.0
n_31782,0,-1,1,1.0856800332202264e-15,0.0,0.0,0.0
n_31789,0,-1,3,1.807697905481607e-15,0.0,0.0,0.0
n_3179,0,-1,1,5.912629843805102e-16,0.0,0.0,0.0
n_31790,0,-1,4,2.456431969454203e-15,0.0,0.0,0.0
n_31791,0,-1,3,1.4360580705881647e-15,0.0,0.0,0.0
n_31792,0,-1,6,3.9845001586081685e-15,0.0,0.0,0.0
n_31793,0,-1,3,1.550322074018941e-15,0.0,0.0,0.0
n_31794,0,-1,1,5.657799981623646e-16,0.0,0.0,0.0
n_31795,0,-1,3,1.9370349660878918e-15,0.0,0.0,0.0
n_31796,0,-1,4,1.7946591038080478e-15,0.0,0.0,0.0
n_31797,0,-1,4,1.9979880922470217e-15,0.0,0.0,0.0
n_31798,0,-1,1,1.2861600263411105e-15,0.0,0.0,0.0
n_318,0,-1,7,2.748100141544696e-15,0.0,0.0,0.0
n_3180,0,-1,1,5.912629843805102e-16,0.0,0.0,0.0
n_31807,0,-1,6,2.791833934919093e-15,0.0,0.0,0.0
n_31808,0,-1,3,2.0723480558952926e-15,0.0,0.0,0.0
n_3181,0,-1,1,5.912629843805102e-16,0.0,0.0,0.0
n_31817,0,-1,1,5.633400138786802e-16,0.0,0.0,0.0
n_31818,0,-1,1,3.616060149491657e-16,0.0,0.0,0.0
n_31819,0,-1,1,6.037160098314837e-16,0.0,0.0,0.0
n_3182,0,-1,1,5.912629843805102e-16,0.0,0.0,0.0
n_31820,0,-1,1,5.355650094448236e-16,0.0,0.0,0.0
n_31821,0,-1,1,5.541640000819559e-16,0.0,0.0,0.0
n_31822,0,-1,1,5.5913798930647e-16,0.0,0.0,0.0
n_31823,0,-1,2,8.609190465729097e-16,0.0,0.0,0.0
n_31824,0,-1,2,6.976559870884851e-16,0.0,0.0,0.0
n_31825,0,-1,3,2.1151861119279684e-15,0.0,0.0,0.0
n_31827,0,-1,1,6.011460059903958e-16,0.0,0.0,0.0
n_31828,0,-1,2,8.796609740198912e-16,0.0,0.0,0.0
n_3183,0,-1,1,5.912629843805102e-16,0.0,0.0,0.0
n_31831,0,-1,2,1.0228929748511725e-15,0.0,0.0,0.0
n_31835,0,-1,2,7.208840127823622e-16,0.0,0.0,0.0
n_31836,0,-1,1,4.743139923860562e-16,0.0,0.0,0.0
n_3184,0,-1,1,5.912629843805102e-16,0.0,0.0,0.0
n_31840,0,-1,1,6.212930022781945e-16,0.0,0.0,0.0
n_31841,0,-1,1,6.311820060582701e-16,0.0,0.0,0.0
n_31842,0,-1,1,5.355650094448236e-16,0.0,0.0,0.0
n_31843,0,-1,1,6.011460059903958e-16,0.0,0.0,0.0
n_31845,0,-1,1,6.212930022781945e-16,0.0,0.0,0.0
n_3185,0,-1,1,5.912629843805102e-16,0.0,0.0,0.0
n_3186,0,-1,1,5.912629843805102e-16,0.0,0.0,0.0
n_3187,0,-1,1,5.912629843805102e-16,0.0,0.0,0.0
n_3188,0,-1,1,5.912629843805102e-16,0.0,0.0,0.0
n_3189,0,-1,1,5.912629843805102e-16,0.0,0.0,0.0
n_319,0,-1,6,2.8568608660380426e-15,0.0,0.0,0.0
n_3190,0,-1,1,5.912629843805102e-16,0.0,0.0,0.0
n_3191,0,-1,1,5.912629843805102e-16,0.0,0.0,0.0
n_3192,0,-1,1,5.912629843805102e-16,0.0,0.0,0.0
n_3193,0,-1,1,5.912629843805102e-16,0.0,0.0,0.0
n_3194,0,-1,1,5.912629843805102e-16,0.0,0.0,0.0
n_3195,0,-1,1,5.912629843805102e-16,0.0,0.0,0.0
n_3196,0,-1,1,5.912629843805102e-16,0.0,0.0,0.0
n_3197,0,-1,1,5.912629843805102e-16,0.0,0.0,0.0
n_3198,0,-1,1,5.912629843805102e-16,0.0,0.0,0.0
n_3199,0,-1,1,5.912629843805102e-16,0.0,0.0,0.0
n_32,0,-1,3,1.7622579759932026e-15,0.0,0.0,0.0
n_320,0,-1,7,2.6143771443375282e-15,0.0,0.0,0.0
n_3200,0,-1,1,5.912629843805102e-16,0.0,0.0,0.0
n_32001,0,-1,3,1.1641970228153846e-15,0.0,0.0,0.0
n_32002,0,-1,3,2.0735650304822602e-15,0.0,0.0,0.0
n_32003,0,-1,1,5.633400138786802e-16,0.0,0.0,0.0
n_32004,0,-1,2,9.48306959285103e-16,0.0,0.0,0.0
n_32005,0,-1,1,1.2051800766935735e-15,0.0,0.0,0.0
n_32006,0,-1,1,5.355650094448236e-16,0.0,0.0,0.0
n_32008,0,-1,3,2.348421080877413e-15,0.0,0.0,0.0
n_32009,0,-1,1,1.0689500737207699e-15,0.0,0.0,0.0
n_3201,0,-1,1,5.912629843805102e-16,0.0,0.0,0.0
n_32011,0,-1,1,1.2117799456603422e-15,0.0,0.0,0.0
n_32012,0,-1,2,1.5374539494842536e-15,0.0,0.0,0.0
n_32017,0,-1,1,1.0652799858394354e-15,0.0,0.0,0.0
n_32018,0,-1,1,1.0604700033693334e-15,0.0,0.0,0.0
n_3202,0,-1,1,5.912629843805102e-16,0.0,0.0,0.0
n_32020,0,-1,1,6.212930022781945e-16,0.0,0.0,0.0
n_32026,0,-1,1,6.037300388146726e-16,0.0,0.0,0.0
n_32027,0,-1,2,1.2354520813163765e-15,0.0,0.0,0.0
n_32029,0,-1,1,6.212930022781945e-16,0.0,0.0,0.0
n_3203,0,-1,1,5.912629843805102e-16,0.0,0.0,0.0
n_32030,0,-1,1,6.037300388146726e-16,0.0,0.0,0.0
n_32032,0,-1,1,6.212930022781945e-16,0.0,0.0,0.0
n_32033,0,-1,1,5.238390029603903e-16,0.0,0.0,0.0
n_32035,0,-1,1,5.1064302373555635e-16,0.0,0.0,0.0
n_32036,0,-1,1,5.55618990927102e-16,0.0,0.0,0.0
n_32039,0,-1,2,8.633519898952201e-16,0.0,0.0,0.0
n_3204,0,-1,1,5.912629843805102e-16,0.0,0.0,0.0
n_32040,0,-1,1,4.549309668771216e-16,0.0,0.0,0.0
n_32041,0,-1,1,4.443300319048789e-16,0.0,0.0,0.0
n_32042,0,-1,1,6.212930022781945e-16,0.0,0.0,0.0
n_32047,0,-1,1,4.172770171794382e-16,0.0,0.0,0.0
n_32048,0,-1,1,3.894380088185047e-16,0.0,0.0,0.0
n_32049,0,-1,5,2.254707049659092e-15,0.0,0.0,0.0
n_3205,0,-1,1,5.912629843805102e-16,0.0,0.0,0.0
n_32052,0,-1,1,3.720560192381196e-16,0.0,0.0,0.0
n_32053,0,-1,1,6.212930022781945e-16,0.0,0.0,0.0
n_32054,0,-1,1,6.1835903896758325e-16,0.0,0.0,0.0
n_32055,0,-1,1,6.1835903896758325e-16,0.0,0.0,0.0
n_32056,0,-1,2,7.232120298983314e-16,0.0,0.0,0.0
n_3206,0,-1,1,5.912629843805102e-16,0.0,0.0,0.0
n_32061,0,-1,1,3.720560192381196e-16,0.0,0.0,0.0
n_32065,0,-1,1,6.311820060582701e-16,0.0,0.0,0.0
n_32066,0,-1,1,6.018490433366169e-16,0.0,0.0,0.0
n_32067,0,-1,1,6.01713994521089e-16,0.0,0.0,0.0
n_32068,0,-1,2,1.1292810541801415e-15,0.0,0.0,0.0
n_3207,0,-1,1,5.912629843805102e-16,0.0,0.0,0.0
n_32073,0,-1,2,2.726289890185845e-15,0.0,0.0,0.0
n_32074,0,-1,2,8.822020199220949e-16,0.0,0.0,0.0
n_32075,0,-1,2,9.254239406985545e-16,0.0,0.0,0.0
n_32077,0,-1,2,7.986110382750874e-16,0.0,0.0,0.0
n_3208,0,-1,1,5.912629843805102e-16,0.0,0.0,0.0
n_3209,0,-1,1,5.912629843805102e-16,0.0,0.0,0.0
n_321,0,-1,6,2.721441897112235e-15,0.0,0.0,0.0
n_3210,0,-1,1,5.912629843805102e-16,0.0,0.0,0.0
n_3211,0,-1,1,5.912629843805102e-16,0.0,0.0,0.0
n_3212,0,-1,1,5.912629843805102e-16,0.0,0.0,0.0
n_3213,0,-1,1,5.912629843805102e-16,0.0,0.0,0.0
n_3214,0,-1,1,5.912629843805102e-16,0.0,0.0,0.0
n_3215,0,-1,1,5.912629843805102e-16,0.0,0.0,0.0
n_3216,0,-1,1,5.912629843805102e-16,0.0,0.0,0.0
n_3217,0,-1,1,5.912629843805102e-16,0.0,0.0,0.0
n_32184,0,-1,2,7.232120298983314e-16,0.0,0.0,0.0
n_322,0,-1,7,2.723099117073538e-15,0.0,0.0,0.0
n_3220,0,-1,1,5.912629843805102e-16,0.0,0.0,0.0
n_3221,0,-1,1,5.588219930775849e-16,0.0,0.0,0.0
n_3222,0,-1,1,5.588219930775849e-16,0.0,0.0,0.0
n_3223,0,-1,1,5.588219930775849e-16,0.0,0.0,0.0
n_3224,0,-1,1,5.912629843805102e-16,0.0,0.0,0.0
n_3225,0,-1,1,5.588219930775849e-16,0.0,0.0,0.0
n_3226,0,-1,1,5.912629843805102e-16,0.0,0.0,0.0
n_3227,0,-1,1,5.912629843805102e-16,0.0,0.0,0.0
n_3228,0,-1,1,5.912629843805102e-16,0.0,0.0,0.0
n_3229,0,-1,1,5.912629843805102e-16,0.0,0.0,0.0
n_323,0,-1,7,3.641979092979843e-15,0.0,0.0,0.0
n_3230,0,-1,1,5.588219930775849e-16,0.0,0.0,0.0
n_3231,0,-1,1,5.588219930775849e-16,0.0,0.0,0.0
n_3232,0,-1,1,5.588219930775849e-16,0.0,0.0,0.0
n_3233,0,-1,1,5.912629843805102e-16,0.0,0.0,0.0
n_3234,0,-1,1,5.912629843805102e-16,0.0,0.0,0.0
n_3235,0,-1,1,5.588219930775849e-16,0.0,0.0,0.0
n_3236,0,-1,1,5.912629843805102e-16,0.0,0.0,0.0
n_3237,0,-1,1,5.588219930775849e-16,0.0,0.0,0.0
n_3238,0,-1,1,5.588219930775849e-16,0.0,0.0,0.0
n_3239,0,-1,1,5.588219930775849e-16,0.0,0.0,0.0
n_3240,0,-1,1,5.588219930775849e-16,0.0,0.0,0.0
n_3241,0,-1,1,5.588219930775849e-16,0.0,0.0,0.0
n_3242,0,-1,1,5.588219930775849e-16,0.0,0.0,0.0
n_3243,0,-1,1,5.588219930775849e-16,0.0,0.0,0.0
n_3244,0,-1,1,5.588219930775849e-16,0.0,0.0,0.0
n_3245,0,-1,1,5.588219930775849e-16,0.0,0.0,0.0
n_3246,0,-1,1,5.588219930775849e-16,0.0,0.0,0.0
n_3247,0,-1,1,5.588219930775849e-16,0.0,0.0,0.0
n_3248,0,-1,1,5.588219930775849e-16,0.0,0.0,0.0
n_3249,0,-1,1,5.588219930775849e-16,0.0,0.0,0.0
n_325,0,-1,3,1.4130659965096572e-15,0.0,0.0,0.0
n_3250,0,-1,1,5.588219930775849e-16,0.0,0.0,0.0
n_3251,0,-1,1,5.588219930775849e-16,0.0,0.0,0.0
n_3252,0,-1,1,5.588219930775849e-16,0.0,0.0,0.0
n_3253,0,-1,1,5.588219930775849e-16,0.0,0.0,0.0
n_3254,0,-1,1,5.588219930775849e-16,0.0,0.0,0.0
n_3255,0,-1,1,5.588219930775849e-16,0.0,0.0,0.0
n_3256,0,-1,1,5.588219930775849e-16,0.0,0.0,0.0
n_3257,0,-1,1,5.588219930775849e-16,0.0,0.0,0.0
n_3258,0,-1,1,5.588219930775849e-16,0.0,0.0,0.0
n_3259,0,-1,1,5.588219930775849e-16,0.0,0.0,0.0
n_326,0,-1,9,4.1376454095376405e-15,0.0,0.0,0.0
n_3260,0,-1,1,5.588219930775849e-16,0.0,0.0,0.0
n_3261,0,-1,1,5.588219930775849e-16,0.0,0.0,0.0
n_3262,0,-1,1,5.588219930775849e-16,0.0,0.0,0.0
n_3263,0,-1,1,5.912629843805102e-16,0.0,0.0,0.0
n_3264,0,-1,1,5.588219930775849e-16,0.0,0.0,0.0
n_3265,0,-1,1,5.588219930775849e-16,0.0,0.0,0.0
n_3266,0,-1,1,5.588219930775849e-16,0.0,0.0,0.0
n_3267,0,-1,1,5.912629843805102e-16,0.0,0.0,0.0
n_3268,0,-1,1,5.912629843805102e-16,0.0,0.0,0.0
n_3269,0,-1,1,5.912629843805102e-16,0.0,0.0,0.0
n_327,0,-1,8,3.909968882546315e-15,0.0,0.0,0.0
n_3270,0,-1,1,5.588219930775849e-16,0.0,0.0,0.0
n_3271,0,-1,1,5.588219930775849e-16,0.0,0.0,0.0
n_3272,0,-1,1,5.588219930775849e-16,0.0,0.0,0.0
n_3273,0,-1,1,5.588219930775849e-16,0.0,0.0,0.0
n_3274,0,-1,1,5.588219930775849e-16,0.0,0.0,0.0
n_3275,0,-1,1,5.588219930775849e-16,0.0,0.0,0.0
n_3276,0,-1,1,5.588219930775849e-16,0.0,0.0,0.0
n_3277,0,-1,1,5.588219930775849e-16,0.0,0.0,0.0
n_3278,0,-1,1,5.588219930775849e-16,0.0,0.0,0.0
n_3279,0,-1,1,5.588219930775849e-16,0.0,0.0,0.0
n_328,0,-1,8,3.725246243343203e-15,0.0,0.0,0.0
n_3280,0,-1,1,5.588219930775849e-16,0.0,0.0,0.0
n_3281,0,-1,1,5.588219930775849e-16,0.0,0.0,0.0
n_3282,0,-1,1,5.588219930775849e-16,0.0,0.0,0.0
n_3283,0,-1,1,5.912629843805102e-16,0.0,0.0,0.0
n_3284,0,-1,1,5.912629843805102e-16,0.0,0.0,0.0
n_3285,0,-1,1,5.912629843805102e-16,0.0,0.0,0.0
n_3288,0,-1,1,5.912629843805102e-16,0.0,0.0,0.0
n_3289,0,-1,1,5.912629843805102e-16,0.0,0.0,0.0
n_329,0,-1,5,1.8825330546132875e-15,0.0,0.0,0.0
n_3290,0,-1,1,5.912629843805102e-16,0.0,0.0,0.0
n_3291,0,-1,1,5.912629843805102e-16,0.0,0.0,0.0
n_3292,0,-1,1,5.912629843805102e-16,0.0,0.0,0.0
n_3293,0,-1,1,5.912629843805102e-16,0.0,0.0,0.0
n_3294,0,-1,1,5.912629843805102e-16,0.0,0.0,0.0
n_3295,0,-1,1,5.912629843805102e-16,0.0,0.0,0.0
n_3296,0,-1,1,5.588219930775849e-16,0.0,0.0,0.0
n_3297,0,-1,1,5.588219930775849e-16,0.0,0.0,0.0
n_3298,0,-1,1,5.912629843805102e-16,0.0,0.0,0.0
n_3299,0,-1,1,5.912629843805102e-16,0.0,0.0,0.0
n_33,0,-1,3,1.858437931879218e-15,0.0,0.0,0.0
n_330,0,-1,8,3.6363429357488125e-15,0.0,0.0,0.0
n_3300,0,-1,1,5.912629843805102e-16,0.0,0.0,0.0
n_3301,0,-1,1,5.912629843805102e-16,0.0,0.0,0.0
n_3302,0,-1,1,5.912629843805102e-16,0.0,0.0,0.0
n_3304,0,-1,1,5.588219930775849e-16,0.0,0.0,0.0
n_3305,0,-1,1,5.912629843805102e-16,0.0,0.0,0.0
n_3306,0,-1,1,5.588219930775849e-16,0.0,0.0,0.0
n_3307,0,-1,1,5.912629843805102e-16,0.0,0.0,0.0
n_3308,0,-1,1,5.588219930775849e-16,0.0,0.0,0.0
n_3309,0,-1,1,5.912629843805102e-16,0.0,0.0,0.0
n_331,0,-1,8,3.914658056942315e-15,0.0,0.0,0.0
n_3310,0,-1,1,5.912629843805102e-16,0.0,0.0,0.0
n_3311,0,-1,1,5.912629843805102e-16,0.0,0.0,0.0
n_3312,0,-1,1,5.912629843805102e-16,0.0,0.0,0.0
n_3313,0,-1,1,5.912629843805102e-16,0.0,0.0,0.0
n_3314,0,-1,1,5.588219930775849e-16,0.0,0.0,0.0
n_3315,0,-1,1,5.588219930775849e-16,0.0,0.0,0.0
n_3316,0,-1,1,5.912629843805102e-16,0.0,0.0,0.0
n_3317,0,-1,1,5.912629843805102e-16,0.0,0.0,0.0
n_3318,0,-1,1,5.912629843805102e-16,0.0,0.0,0.0
n_3319,0,-1,1,5.588219930775849e-16,0.0,0.0,0.0
n_332,0,-1,7,2.7825371130482668e-15,0.0,0.0,0.0
n_3320,0,-1,1,5.912629843805102e-16,0.0,0.0,0.0
n_33299,0,-1,6,3.953680864822321e-15,0.0,0.0,0.0
n_333,0,-1,6,2.9682190170641446e-15,0.0,0.0,0.0
n_33300,0,-1,4,3.2975420388248276e-15,0.0,0.0,0.0
n_33301,0,-1,19,8.345085486896088e-15,0.0,0.0,0.0
n_33302,0,-1,18,7.905870104624527e-15,0.0,0.0,0.0
n_334,0,-1,7,2.8848790218673204e-15,0.0,0.0,0.0
n_3359,0,-1,1,5.912629843805102e-16,0.0,0.0,0.0
n_336,0,-1,7,3.2841508714452107e-15,0.0,0.0,0.0
n_3360,0,-1,1,5.912629843805102e-16,0.0,0.0,0.0
n_3361,0,-1,1,5.912629843805102e-16,0.0,0.0,0.0
n_3365,0,-1,1,5.912629843805102e-16,0.0,0.0,0.0
n_3366,0,-1,1,5.912629843805102e-16,0.0,0.0,0.0
n_3368,0,-1,1,5.912629843805102e-16,0.0,0.0,0.0
n_337,0,-1,4,1.6108381311772876e-15,0.0,0.0,0.0
n_3377,0,-1,1,5.912629843805102e-16,0.0,0.0,0.0
n_33796,0,-1,1,6.212930022781945e-16,0.0,0.0,0.0
n_338,0,-1,7,3.016342982204161e-15,0.0,0.0,0.0
n_33802,0,-1,1,6.212930022781945e-16,0.0,0.0,0.0
n_33813,0,-1,1,6.212930022781945e-16,0.0,0.0,0.0
n_33814,0,-1,1,6.212930022781945e-16,0.0,0.0,0.0
n_3382,0,-1,1,5.912629843805102e-16,0.0,0.0,0.0
n_3383,0,-1,1,5.912629843805102e-16,0.0,0.0,0.0
n_3384,0,-1,1,5.912629843805102e-16,0.0,0.0,0.0
n_3385,0,-1,1,5.912629843805102e-16,0.0,0.0,0.0
n_3386,0,-1,1,5.912629843805102e-16,0.0,0.0,0.0
n_3387,0,-1,1,5.912629843805102e-16,0.0,0.0,0.0
n_3388,0,-1,1,5.912629843805102e-16,0.0,0.0,0.0
n_3389,0,-1,1,5.588219930775849e-16,0.0,0.0,0.0
n_3390,0,-1,1,5.912629843805102e-16,0.0,0.0,0.0
n_3393,0,-1,1,5.912629843805102e-16,0.0,0.0,0.0
n_3394,0,-1,1,5.912629843805102e-16,0.0,0.0,0.0
n_3395,0,-1,1,5.912629843805102e-16,0.0,0.0,0.0
n_3396,0,-1,1,5.912629843805102e-16,0.0,0.0,0.0
n_3397,0,-1,1,5.912629843805102e-16,0.0,0.0,0.0
n_3398,0,-1,1,5.912629843805102e-16,0.0,0.0,0.0
n_3399,0,-1,1,5.912629843805102e-16,0.0,0.0,0.0
n_340,0,-1,3,1.848131023218791e-15,0.0,0.0,0.0
n_3400,0,-1,1,5.912629843805102e-16,0.0,0.0,0.0
n_34002,0,-1,12,6.00561309734818e-15,0.0,0.0,0.0
n_34003,0,-1,1,5.196369783881801e-16,0.0,0.0,0.0
n_34005,0,-1,1,5.042300314127756e-16,0.0,0.0,0.0
n_34006,0,-1,1,5.067480486067259e-16,0.0,0.0,0.0
n_34007,0,-1,1,4.836170081853094e-16,0.0,0.0,0.0
n_34008,0,-1,1,5.530149998890055e-16,0.0,0.0,0.0
n_34009,0,-1,1,3.7078200227611035e-16,0.0,0.0,0.0
n_3401,0,-1,1,5.912629843805102e-16,0.0,0.0,0.0
n_34010,0,-1,1,4.697130152956893e-16,0.0,0.0,0.0
n_34012,0,-1,1,3.7078200227611035e-16,0.0,0.0,0.0
n_34014,0,-1,1,4.836170081853094e-16,0.0,0.0,0.0
n_34016,0,-1,1,4.697130152956893e-16,0.0,0.0,0.0
n_34017,0,-1,8,3.93665211445072e-15,0.0,0.0,0.0
n_34019,0,-1,1,5.042300314127756e-16,0.0,0.0,0.0
n_3402,0,-1,1,5.912629843805102e-16,0.0,0.0,0.0
n_34021,0,-1,1,3.466820091025942e-16,0.0,0.0,0.0
n_34022,0,-1,1,4.836170081853094e-16,0.0,0.0,0.0
n_34023,0,-1,1,3.5881099151168373e-16,0.0,0.0,0.0
n_34024,0,-1,1,3.466820091025942e-16,0.0,0.0,0.0
n_34025,0,-1,1,5.436750322774283e-16,0.0,0.0,0.0
n_34026,0,-1,1,5.168309699921634e-16,0.0,0.0,0.0
n_3403,0,-1,1,5.912629843805102e-16,0.0,0.0,0.0
n_3404,0,-1,1,5.588219930775849e-16,0.0,0.0,0.0
n_3405,0,-1,1,5.912629843805102e-16,0.0,0.0,0.0
n_3407,0,-1,1,6.194319650139584e-16,0.0,0.0,0.0
n_341,0,-1,8,3.7303140414666255e-15,0.0,0.0,0.0
n_34158,0,-1,2,2.594219877775244e-15,0.0,0.0,0.0
n_34162,0,-1,1,5.205529915810764e-16,0.0,0.0,0.0
n_34163,0,-1,1,5.08158040826549e-16,0.0,0.0,0.0
n_34164,0,-1,1,5.548899602573121e-16,0.0,0.0,0.0
n_34165,0,-1,1,5.205529915810764e-16,0.0,0.0,0.0
n_34166,0,-1,1,5.205529915810764e-16,0.0,0.0,0.0
n_34167,0,-1,1,5.08158040826549e-16,0.0,0.0,0.0
n_34168,0,-1,1,5.205529915810764e-16,0.0,0.0,0.0
n_34169,0,-1,1,5.205529915810764e-16,0.0,0.0,0.0
n_34170,0,-1,1,5.205529915810764e-16,0.0,0.0,0.0
n_34172,0,-1,1,5.205529915810764e-16,0.0,0.0,0.0
n_34173,0,-1,1,5.08158040826549e-16,0.0,0.0,0.0
n_34175,0,-1,1,5.08158040826549e-16,0.0,0.0,0.0
n_34177,0,-1,1,5.633400138786802e-16,0.0,0.0,0.0
n_34178,0,-1,1,5.205529915810764e-16,0.0,0.0,0.0
n_34179,0,-1,1,5.205529915810764e-16,0.0,0.0,0.0
n_34180,0,-1,1,5.205529915810764e-16,0.0,0.0,0.0
n_34181,0,-1,1,5.205529915810764e-16,0.0,0.0,0.0
n_34182,0,-1,1,5.08158040826549e-16,0.0,0.0,0.0
n_342,0,-1,7,2.647156895879796e-15,0.0,0.0,0.0
n_3426,0,-1,1,5.912629843805102e-16,0.0,0.0,0.0
n_343,0,-1,7,4.10765366694126e-15,0.0,0.0,0.0
n_3436,0,-1,1,6.194319650139584e-16,0.0,0.0,0.0
n_345,0,-1,5,2.002880131033889e-15,0.0,0.0,0.0
n_346,0,-1,7,3.4294780082715255e-15,0.0,0.0,0.0
n_3474,0,-1,1,6.194319650139584e-16,0.0,0.0,0.0
n_3480,0,-1,1,6.194319650139584e-16,0.0,0.0,0.0
n_3487,0,-1,1,6.194319650139584e-16,0.0,0.0,0.0
n_3488,0,-1,1,6.194319650139584e-16,0.0,0.0,0.0
n_349,0,-1,5,2.273139968899003e-15,0.0,0.0,0.0
n_3493,0,-1,1,6.194319650139584e-16,0.0,0.0,0.0
n_3499,0,-1,1,5.912629843805102e-16,0.0,0.0,0.0
n_35,0,-1,3,1.875775002243619e-15,0.0,0.0,0.0
n_350,0,-1,4,1.6457149245387203e-15,0.0,0.0,0.0
n_3500,0,-1,1,5.912629843805102e-16,0.0,0.0,0.0
n_3501,0,-1,1,5.912629843805102e-16,0.0,0.0,0.0
n_351,0,-1,3,1.2289459153693979e-15,0.0,0.0,0.0
n_3513,0,-1,1,6.194319650139584e-16,0.0,0.0,0.0
n_3517,0,-1,1,6.194319650139584e-16,0.0,0.0,0.0
n_352,0,-1,4,1.4636880735693632e-15,0.0,0.0,0.0
n_35239,0,-1,1,6.212930022781945e-16,0.0,0.0,0.0
n_35240,0,-1,1,5.934590231753854e-16,0.0,0.0,0.0
n_35247,0,-1,1,6.212930022781945e-16,0.0,0.0,0.0
n_35251,0,-1,1,6.212930022781945e-16,0.0,0.0,0.0
n_3527,0,-1,1,5.912629843805102e-16,0.0,0.0,0.0
n_3528,0,-1,1,5.934590231753854e-16,0.0,0.0,0.0
n_3529,0,-1,1,5.934590231753854e-16,0.0,0.0,0.0
n_3530,0,-1,1,5.934590231753854e-16,0.0,0.0,0.0
n_3548,0,-1,1,5.912629843805102e-16,0.0,0.0,0.0
n_355,0,-1,5,2.025405913474933e-15,0.0,0.0,0.0
n_3552,0,-1,1,6.196590227833818e-16,0.0,0.0,0.0
n_356,0,-1,6,3.063556175167642e-15,0.0,0.0,0.0
n_3565,0,-1,1,5.912629843805102e-16,0.0,0.0,0.0
n_357,0,-1,5,3.133387053646944e-15,0.0,0.0,0.0
n_3578,0,-1,1,5.588219930775849e-16,0.0,0.0,0.0
n_358,0,-1,5,2.779155122248117e-15,0.0,0.0,0.0
n_359,0,-1,2,8.801500296678122e-16,0.0,0.0,0.0
n_360,0,-1,5,2.624799037720545e-15,0.0,0.0,0.0
n_3606,0,-1,1,5.616789822691145e-16,0.0,0.0,0.0
n_3607,0,-1,1,5.616789822691145e-16,0.0,0.0,0.0
n_36072,0,-1,12,5.736932552413221e-15,0.0,0.0,0.0
n_36078,0,-1,8,4.239147061673018e-15,0.0,0.0,0.0
n_3608,0,-1,1,5.934590231753854e-16,0.0,0.0,0.0
n_3609,0,-1,1,5.912629843805102e-16,0.0,0.0,0.0
n_36094,0,-1,1,1.0936000030352909e-15,0.0,0.0,0.0
n_3610,0,-1,1,5.912629843805102e-16,0.0,0.0,0.0
n_3611,0,-1,1,5.588219930775849e-16,0.0,0.0,0.0
n_3612,0,-1,1,5.912629843805102e-16,0.0,0.0,0.0
n_3613,0,-1,1,5.912629843805102e-16,0.0,0.0,0.0
n_3614,0,-1,1,5.588219930775849e-16,0.0,0.0,0.0
n_3615,0,-1,1,5.912629843805102e-16,0.0,0.0,0.0
n_3616,0,-1,1,5.912629843805102e-16,0.0,0.0,0.0
n_3617,0,-1,1,5.588219930775849e-16,0.0,0.0,0.0
n_36175,0,-1,16,8.89815988497052e-15,0.0,0.0,0.0
n_3618,0,-1,1,5.588219930775849e-16,0.0,0.0,0.0
n_3619,0,-1,1,5.912629843805102e-16,0.0,0.0,0.0
n_36190,0,-1,1,6.20466986335944e-16,0.0,0.0,0.0
n_36191,0,-1,2,2.136639974174262e-15,0.0,0.0,0.0
n_36192,0,-1,10,5.884806293795456e-15,0.0,0.0,0.0
n_36193,0,-1,16,9.940688036451113e-15,0.0,0.0,0.0
n_362,0,-1,5,2.3708519956283647e-15,0.0,0.0,0.0
n_3620,0,-1,1,5.588219930775849e-16,0.0,0.0,0.0
n_3621,0,-1,1,5.912629843805102e-16,0.0,0.0,0.0
n_3622,0,-1,1,5.912629843805102e-16,0.0,0.0,0.0
n_3623,0,-1,1,5.912629843805102e-16,0.0,0.0,0.0
n_3624,0,-1,1,5.588219930775849e-16,0.0,0.0,0.0
n_3625,0,-1,1,5.588219930775849e-16,0.0,0.0,0.0
n_3626,0,-1,1,5.588219930775849e-16,0.0,0.0,0.0
n_3627,0,-1,1,5.912629843805102e-16,0.0,0.0,0.0
n_3628,0,-1,1,5.588219930775849e-16,0.0,0.0,0.0
n_3629,0,-1,1,5.912629843805102e-16,0.0,0.0,0.0
n_36293,0,-1,2,7.637179924689793e-16,0.0,0.0,0.0
n_36295,0,-1,2,6.765740252455952e-16,0.0,0.0,0.0
n_36297,0,-1,2,8.759590165239163e-16,0.0,0.0,0.0
n_36298,0,-1,2,1.43342803328694e-15,0.0,0.0,0.0
n_363,0,-1,5,2.200727122238233e-15,0.0,0.0,0.0
n_3630,0,-1,1,5.912629843805102e-16,0.0,0.0,0.0
n_3631,0,-1,1,5.912629843805102e-16,0.0,0.0,0.0
n_3632,0,-1,1,5.588219930775849e-16,0.0,0.0,0.0
n_3633,0,-1,1,5.912629843805102e-16,0.0,0.0,0.0
n_3634,0,-1,1,5.588219930775849e-16,0.0,0.0,0.0
n_3635,0,-1,1,5.588219930775849e-16,0.0,0.0,0.0
n_3636,0,-1,1,5.588219930775849e-16,0.0,0.0,0.0
n_3637,0,-1,1,5.588219930775849e-16,0.0,0.0,0.0
n_3638,0,-1,1,5.912629843805102e-16,0.0,0.0,0.0
n_3639,0,-1,1,5.588219930775849e-16,0.0,0.0,0.0
n_364,0,-1,5,2.066250053949772e-15,0.0,0.0,0.0
n_3640,0,-1,1,5.588219930775849e-16,0.0,0.0,0.0
n_3641,0,-1,1,5.588219930775849e-16,0.0,0.0,0.0
n_3643,0,-1,1,5.912629843805102e-16,0.0,0.0,0.0
n_3645,0,-1,1,5.588219930775849e-16,0.0,0.0,0.0
n_36501,0,-1,6,4.30760426447011e-15,0.0,0.0,0.0
n_36502,0,-1,10,4.272697189680813e-15,0.0,0.0,0.0
n_36503,0,-1,1,5.205529915810764e-16,0.0,0.0,0.0
n_36504,0,-1,1,5.08158040826549e-16,0.0,0.0,0.0
n_36505,0,-1,1,5.205529915810764e-16,0.0,0.0,0.0
n_36506,0,-1,1,5.205529915810764e-16,0.0,0.0,0.0
n_36508,0,-1,1,5.101060048469971e-16,0.0,0.0,0.0
n_36509,0,-1,1,5.548899602573121e-16,0.0,0.0,0.0
n_36526,0,-1,4,1.9774771894292588e-15,0.0,0.0,0.0
n_36527,0,-1,1,6.066110096265213e-16,0.0,0.0,0.0
n_36558,0,-1,2,1.0973550059695876e-15,0.0,0.0,0.0
n_36559,0,-1,3,1.5733059954053312e-15,0.0,0.0,0.0
n_3656,0,-1,1,5.616789822691145e-16,0.0,0.0,0.0
n_36560,0,-1,2,1.0615899926838404e-15,0.0,0.0,0.0
n_36561,0,-1,2,8.348480077311328e-16,0.0,0.0,0.0
n_36562,0,-1,1,5.616789822691145e-16,0.0,0.0,0.0
n_366,0,-1,4,1.6356911366409129e-15,0.0,0.0,0.0
n_3660,0,-1,1,6.212930022781945e-16,0.0,0.0,0.0
n_3664,0,-1,1,5.934590231753854e-16,0.0,0.0,0.0
n_3665,0,-1,1,4.423370163195487e-16,0.0,0.0,0.0
n_3666,0,-1,1,5.934590231753854e-16,0.0,0.0,0.0
n_3668,0,-1,1,4.769050132321479e-16,0.0,0.0,0.0
n_367,0,-1,3,1.5529630168693615e-15,0.0,0.0,0.0
n_3670,0,-1,1,5.616789822691145e-16,0.0,0.0,0.0
n_3671,0,-1,1,6.212930022781945e-16,0.0,0.0,0.0
n_36717,0,-1,1,8.077660350668079e-16,0.0,0.0,0.0
n_36718,0,-1,6,4.2781868102119685e-15,0.0,0.0,0.0
n_36721,0,-1,6,3.2299159871072283e-15,0.0,0.0,0.0
n_36722,0,-1,2,9.080140255006896e-16,0.0,0.0,0.0
n_36726,0,-1,2,2.171570130611372e-15,0.0,0.0,0.0
n_36770,0,-1,2,6.332220319721729e-16,0.0,0.0,0.0
n_36771,0,-1,1,3.5881099151168373e-16,0.0,0.0,0.0
n_36772,0,-1,1,5.556099912020374e-16,0.0,0.0,0.0
n_36777,0,-1,1,5.355650094448236e-16,0.0,0.0,0.0
n_368,0,-1,2,8.806389794366147e-16,0.0,0.0,0.0
n_3681,0,-1,1,5.912629843805102e-16,0.0,0.0,0.0
n_3682,0,-1,1,5.912629843805102e-16,0.0,0.0,0.0
n_36826,0,-1,1,3.720560192381196e-16,0.0,0.0,0.0
n_3683,0,-1,1,5.912629843805102e-16,0.0,0.0,0.0
n_3684,0,-1,1,5.912629843805102e-16,0.0,0.0,0.0
n_36840,0,-1,1,5.563640093437714e-16,0.0,0.0,0.0
n_36841,0,-1,2,9.64030008368511e-16,0.0,0.0,0.0
n_36857,0,-1,1,8.089889918239655e-16,0.0,0.0,0.0
n_3686,0,-1,1,5.912629843805102e-16,0.0,0.0,0.0
n_36869,0,-1,5,6.341704335873898e-15,0.0,0.0,0.0
n_3687,0,-1,1,5.912629843805102e-16,0.0,0.0,0.0
n_3689,0,-1,1,3.9780399441985783e-16,0.0,0.0,0.0
n_369,0,-1,3,1.1756110035378731e-15,0.0,0.0,0.0
n_3690,0,-1,1,5.912629843805102e-16,0.0,0.0,0.0
n_36916,0,-1,1,5.556099912020374e-16,0.0,0.0,0.0
n_36918,0,-1,2,1.0083039970050197e-15,0.0,0.0,0.0
n_36919,0,-1,2,6.3732903003561295e-16,0.0,0.0,0.0
n_3692,0,-1,1,5.912629843805102e-16,0.0,0.0,0.0
n_3693,0,-1,1,5.912629843805102e-16,0.0,0.0,0.0
n_3694,0,-1,1,4.423370163195487e-16,0.0,0.0,0.0
n_36945,0,-1,1,5.08158040826549e-16,0.0,0.0,0.0
n_36946,0,-1,1,5.205529915810764e-16,0.0,0.0,0.0
n_3695,0,-1,1,6.212930022781945e-16,0.0,0.0,0.0
n_3696,0,-1,1,5.368499584258084e-16,0.0,0.0,0.0
n_3697,0,-1,1,5.912629843805102e-16,0.0,0.0,0.0
n_3699,0,-1,1,5.912629843805102e-16,0.0,0.0,0.0
n_370,0,-1,2,8.672750229904284e-16,0.0,0.0,0.0
n_3700,0,-1,1,5.912629843805102e-16,0.0,0.0,0.0
n_3701,0,-1,1,5.912629843805102e-16,0.0,0.0,0.0
n_37019,0,-1,1,5.548899602573121e-16,0.0,0.0,0.0
n_3702,0,-1,1,5.912629843805102e-16,0.0,0.0,0.0
n_37020,0,-1,1,5.101060048469971e-16,0.0,0.0,0.0
n_37022,0,-1,1,5.205529915810764e-16,0.0,0.0,0.0
n_37023,0,-1,1,7.489850190217932e-16,0.0,0.0,0.0
n_37024,0,-1,1,6.196590227833818e-16,0.0,0.0,0.0
n_3703,0,-1,1,5.912629843805102e-16,0.0,0.0,0.0
n_3704,0,-1,1,5.912629843805102e-16,0.0,0.0,0.0
n_37047,0,-1,33,1.6978934669906534e-14,0.0,0.0,0.0
n_37048,0,-1,33,1.8187776046514614e-14,0.0,0.0,0.0
n_37049,0,-1,1,5.101060048469971e-16,0.0,0.0,0.0
n_3705,0,-1,1,5.912629843805102e-16,0.0,0.0,0.0
n_37050,0,-1,1,6.193060218026136e-16,0.0,0.0,0.0
n_3707,0,-1,1,5.912629843805102e-16,0.0,0.0,0.0
n_3708,0,-1,1,5.912629843805102e-16,0.0,0.0,0.0
n_37086,0,-1,4,2.1770752094938143e-15,0.0,0.0,0.0
n_37087,0,-1,2,9.929659243961388e-16,0.0,0.0,0.0
n_3709,0,-1,1,5.912629843805102e-16,0.0,0.0,0.0
n_37090,0,-1,1,5.353540453013981e-16,0.0,0.0,0.0
n_37091,0,-1,2,9.613520078266481e-16,0.0,0.0,0.0
n_37092,0,-1,2,7.295929937877941e-16,0.0,0.0,0.0
n_37093,0,-1,1,3.494820088586413e-16,0.0,0.0,0.0
n_37094,0,-1,1,4.549309668771216e-16,0.0,0.0,0.0
n_37095,0,-1,1,6.212930022781945e-16,0.0,0.0,0.0
n_37096,0,-1,1,8.089889918239655e-16,0.0,0.0,0.0
n_37099,0,-1,1,6.212930022781945e-16,0.0,0.0,0.0
n_371,0,-1,2,1.1246140085198887e-15,0.0,0.0,0.0
n_3710,0,-1,1,5.588219930775849e-16,0.0,0.0,0.0
n_3711,0,-1,1,5.912629843805102e-16,0.0,0.0,0.0
n_37111,0,-1,1,6.193060218026136e-16,0.0,0.0,0.0
n_37114,0,-1,1,5.101060048469971e-16,0.0,0.0,0.0
n_37115,0,-1,1,6.193060218026136e-16,0.0,0.0,0.0
n_37118,0,-1,1,5.101060048469971e-16,0.0,0.0,0.0
n_37119,0,-1,1,6.193060218026136e-16,0.0,0.0,0.0
n_3712,0,-1,1,5.912629843805102e-16,0.0,0.0,0.0
n_37122,0,-1,1,5.101060048469971e-16,0.0,0.0,0.0
n_37123,0,-1,1,6.193060218026136e-16,0.0,0.0,0.0
n_37126,0,-1,1,5.101060048469971e-16,0.0,0.0,0.0
n_37127,0,-1,1,6.193060218026136e-16,0.0,0.0,0.0
n_3713,0,-1,1,5.912629843805102e-16,0.0,0.0,0.0
n_37130,0,-1,1,5.101060048469971e-16,0.0,0.0,0.0
n_37131,0,-1,1,6.193060218026136e-16,0.0,0.0,0.0
n_37134,0,-1,1,5.101060048469971e-16,0.0,0.0,0.0
n_37135,0,-1,1,6.193060218026136e-16,0.0,0.0,0.0
n_37138,0,-1,1,5.101060048469971e-16,0.0,0.0,0.0
n_37139,0,-1,1,6.193060218026136e-16,0.0,0.0,0.0
n_3714,0,-1,1,5.912629843805102e-16,0.0,0.0,0.0
n_3715,0,-1,1,5.912629843805102e-16,0.0,0.0,0.0
n_37153,0,-1,1,6.011310240951412e-16,0.0,0.0,0.0
n_37155,0,-1,2,1.1589460538171184e-15,0.0,0.0,0.0
n_372,0,-1,2,8.57478981076314e-16,0.0,0.0,0.0
n_37251,0,-1,1,1.3098900778749133e-15,0.0,0.0,0.0
n_37252,0,-1,1,1.3596200174829237e-15,0.0,0.0,0.0
n_37254,0,-1,2,1.1589460538171184e-15,0.0,0.0,0.0
n_37255,0,-1,1,6.212930022781945e-16,0.0,0.0,0.0
n_37256,0,-1,1,6.212930022781945e-16,0.0,0.0,0.0
n_37279,0,-1,1,5.101060048469971e-16,0.0,0.0,0.0
n_37282,0,-1,1,5.101060048469971e-16,0.0,0.0,0.0
n_37285,0,-1,1,5.548899602573121e-16,0.0,0.0,0.0
n_37290,0,-1,1,6.066110096265213e-16,0.0,0.0,0.0
n_37291,0,-1,1,6.311820060582701e-16,0.0,0.0,0.0
n_373,0,-1,2,8.57478981076314e-16,0.0,0.0,0.0
n_37300,0,-1,8,4.773087832501922e-15,0.0,0.0,0.0
n_37304,0,-1,11,6.7644470449037316e-15,0.0,0.0,0.0
n_37323,0,-1,8,4.788456398296904e-15,0.0,0.0,0.0
n_37327,0,-1,12,7.18268438568712e-15,0.0,0.0,0.0
n_37329,0,-1,12,1.1195078609797793e-14,0.0,0.0,0.0
n_37331,0,-1,4,4.2495202506615676e-15,0.0,0.0,0.0
n_37345,0,-1,2,1.0212860474711127e-15,0.0,0.0,0.0
n_374,0,-1,2,8.57478981076314e-16,0.0,0.0,0.0
n_37408,0,-1,1,5.863069946061253e-16,0.0,0.0,0.0
n_37422,0,-1,6,3.542652833211251e-15,0.0,0.0,0.0
n_37462,0,-1,16,8.50990115777283e-15,0.0,0.0,0.0
n_37463,0,-1,1,5.101060048469971e-16,0.0,0.0,0.0
n_37464,0,-1,1,4.694310062638128e-16,0.0,0.0,0.0
n_37465,0,-1,2,7.939110642090101e-16,0.0,0.0,0.0
n_37482,0,-1,2,7.174190127533816e-16,0.0,0.0,0.0
n_37488,0,-1,1,5.234320036292346e-16,0.0,0.0,0.0
n_37489,0,-1,1,5.11650992942789e-16,0.0,0.0,0.0
n_37490,0,-1,1,6.196590227833818e-16,0.0,0.0,0.0
n_37491,0,-1,2,7.174190127533816e-16,0.0,0.0,0.0
n_37492,0,-1,1,6.311820060582701e-16,0.0,0.0,0.0
n_37493,0,-1,1,6.011460059903958e-16,0.0,0.0,0.0
n_37494,0,-1,1,6.066110096265213e-16,0.0,0.0,0.0
n_37495,0,-1,1,6.212930022781945e-16,0.0,0.0,0.0
n_37496,0,-1,1,5.205529915810764e-16,0.0,0.0,0.0
n_37499,0,-1,1,5.08158040826549e-16,0.0,0.0,0.0
n_375,0,-1,4,2.1664349933686426e-15,0.0,0.0,0.0
n_37510,0,-1,1,4.010339957455345e-16,0.0,0.0,0.0
n_37512,0,-1,1,5.563640093437714e-16,0.0,0.0,0.0
n_37536,0,-1,1,5.205529915810764e-16,0.0,0.0,0.0
n_37539,0,-1,1,5.08158040826549e-16,0.0,0.0,0.0
n_37543,0,-1,1,5.205529915810764e-16,0.0,0.0,0.0
n_37544,0,-1,1,5.548899602573121e-16,0.0,0.0,0.0
n_37545,0,-1,1,5.08158040826549e-16,0.0,0.0,0.0
n_37562,0,-1,5,6.463242552376576e-15,0.0,0.0,0.0
n_37563,0,-1,15,9.7329980988832e-15,0.0,0.0,0.0
n_37564,0,-1,20,1.1483140115598877e-14,0.0,0.0,0.0
n_37565,0,-1,1,5.912629843805102e-16,0.0,0.0,0.0
n_37566,0,-1,1,5.985569968475538e-16,0.0,0.0,0.0
n_37567,0,-1,1,6.194319650139584e-16,0.0,0.0,0.0
n_37568,0,-1,1,5.912629843805102e-16,0.0,0.0,0.0
n_37569,0,-1,1,5.912629843805102e-16,0.0,0.0,0.0
n_37570,0,-1,1,5.912629843805102e-16,0.0,0.0,0.0
n_37571,0,-1,1,5.912629843805102e-16,0.0,0.0,0.0
n_37572,0,-1,1,5.912629843805102e-16,0.0,0.0,0.0
n_37573,0,-1,1,5.912629843805102e-16,0.0,0.0,0.0
n_37574,0,-1,1,5.912629843805102e-16,0.0,0.0,0.0
n_37575,0,-1,1,5.912629843805102e-16,0.0,0.0,0.0
n_37576,0,-1,1,5.912629843805102e-16,0.0,0.0,0.0
n_37577,0,-1,1,5.912629843805102e-16,0.0,0.0,0.0
n_37578,0,-1,1,5.912629843805102e-16,0.0,0.0,0.0
n_37579,0,-1,1,5.912629843805102e-16,0.0,0.0,0.0
n_37580,0,-1,1,5.912629843805102e-16,0.0,0.0,0.0
n_37581,0,-1,1,5.912629843805102e-16,0.0,0.0,0.0
n_37582,0,-1,1,5.912629843805102e-16,0.0,0.0,0.0
n_37583,0,-1,1,5.912629843805102e-16,0.0,0.0,0.0
n_37584,0,-1,1,5.912629843805102e-16,0.0,0.0,0.0
n_37585,0,-1,1,5.912629843805102e-16,0.0,0.0,0.0
n_37586,0,-1,2,1.2617160319118906e-15,0.0,0.0,0.0
n_37590,0,-1,1,5.355650094448236e-16,0.0,0.0,0.0
n_37591,0,-1,3,1.7022629499765358e-15,0.0,0.0,0.0
n_37592,0,-1,1,5.11650992942789e-16,0.0,0.0,0.0
n_376,0,-1,2,8.672750229904284e-16,0.0,0.0,0.0
n_37628,0,-1,4,2.4927980584951454e-15,0.0,0.0,0.0
n_37629,0,-1,6,2.698440293913071e-15,0.0,0.0,0.0
n_37637,0,-1,2,6.86841017478383e-16,0.0,0.0,0.0
n_37663,0,-1,3,1.5548750878686696e-15,0.0,0.0,0.0
n_37699,0,-1,3,1.5275200529579736e-15,0.0,0.0,0.0
n_377,0,-1,3,1.7904040337975158e-15,0.0,0.0,0.0
n_3770,0,-1,1,6.194319650139584e-16,0.0,0.0,0.0
n_37706,0,-1,9,4.479541788367366e-15,0.0,0.0,0.0
n_37707,0,-1,1,5.912629843805102e-16,0.0,0.0,0.0
n_37708,0,-1,1,6.194319650139584e-16,0.0,0.0,0.0
n_37709,0,-1,1,5.912629843805102e-16,0.0,0.0,0.0
n_3771,0,-1,1,5.912629843805102e-16,0.0,0.0,0.0
n_37710,0,-1,1,5.912629843805102e-16,0.0,0.0,0.0
n_37711,0,-1,1,5.912629843805102e-16,0.0,0.0,0.0
n_37712,0,-1,1,5.912629843805102e-16,0.0,0.0,0.0
n_37713,0,-1,1,5.912629843805102e-16,0.0,0.0,0.0
n_37714,0,-1,1,5.912629843805102e-16,0.0,0.0,0.0
n_37715,0,-1,1,5.912629843805102e-16,0.0,0.0,0.0
n_37716,0,-1,1,5.912629843805102e-16,0.0,0.0,0.0
n_37717,0,-1,1,5.912629843805102e-16,0.0,0.0,0.0
n_37718,0,-1,1,5.912629843805102e-16,0.0,0.0,0.0
n_37719,0,-1,1,5.912629843805102e-16,0.0,0.0,0.0
n_37720,0,-1,1,5.912629843805102e-16,0.0,0.0,0.0
n_37721,0,-1,1,5.912629843805102e-16,0.0,0.0,0.0
n_37722,0,-1,1,5.912629843805102e-16,0.0,0.0,0.0
n_37723,0,-1,1,5.912629843805102e-16,0.0,0.0,0.0
n_37724,0,-1,1,5.912629843805102e-16,0.0,0.0,0.0
n_37725,0,-1,1,5.912629843805102e-16,0.0,0.0,0.0
n_378,0,-1,2,9.03791036863035e-16,0.0,0.0,0.0
n_3785,0,-1,1,5.616789822691145e-16,0.0,0.0,0.0
n_3786,0,-1,1,6.212930022781945e-16,0.0,0.0,0.0
n_3787,0,-1,1,6.212930022781945e-16,0.0,0.0,0.0
n_3788,0,-1,1,5.616789822691145e-16,0.0,0.0,0.0
n_3789,0,-1,1,6.212930022781945e-16,0.0,0.0,0.0
n_379,0,-1,4,1.744949916507245e-15,0.0,0.0,0.0
n_380,0,-1,2,8.672750229904284e-16,0.0,0.0,0.0
n_38040,0,-1,1,5.087320115274322e-16,0.0,0.0,0.0
n_38041,0,-1,3,1.407143012746863e-15,0.0,0.0,0.0
n_38042,0,-1,3,1.4302200018783328e-15,0.0,0.0,0.0
n_38045,0,-1,1,5.985569968475538e-16,0.0,0.0,0.0
n_38048,0,-1,3,1.5507110738999675e-15,0.0,0.0,0.0
n_38049,0,-1,3,1.4749269302300068e-15,0.0,0.0,0.0
n_38050,0,-1,2,1.264582073768044e-15,0.0,0.0,0.0
n_38051,0,-1,4,2.759936156433154e-15,0.0,0.0,0.0
n_38052,0,-1,10,4.4019942279803406e-15,0.0,0.0,0.0
n_38053,0,-1,10,4.3200056738508606e-15,0.0,0.0,0.0
n_38054,0,-1,9,4.429602419863147e-15,0.0,0.0,0.0
n_38055,0,-1,9,3.907575590953848e-15,0.0,0.0,0.0
n_38056,0,-1,4,2.1788421202217868e-15,0.0,0.0,0.0
n_38057,0,-1,9,3.930786411290984e-15,0.0,0.0,0.0
n_38058,0,-1,9,4.070350335944181e-15,0.0,0.0,0.0
n_38059,0,-1,9,3.59200541964126e-15,0.0,0.0,0.0
n_38060,0,-1,9,3.7700462394399566e-15,0.0,0.0,0.0
n_381,0,-1,3,1.604321059681113e-15,0.0,0.0,0.0
n_38193,0,-1,21,9.309443508773423e-15,0.0,0.0,0.0
n_382,0,-1,3,1.7968040029887325e-15,0.0,0.0,0.0
n_38202,0,-1,16,6.9936266318599595e-15,0.0,0.0,0.0
n_3822,0,-1,1,5.912629843805102e-16,0.0,0.0,0.0
n_38245,0,-1,1,4.740920168143164e-16,0.0,0.0,0.0
n_38246,0,-1,1,5.5913798930647e-16,0.0,0.0,0.0
n_38250,0,-1,1,1.6025400670303925e-15,0.0,0.0,0.0
n_3826,0,-1,1,5.912629843805102e-16,0.0,0.0,0.0
n_3827,0,-1,1,5.912629843805102e-16,0.0,0.0,0.0
n_38277,0,-1,1,5.08158040826549e-16,0.0,0.0,0.0
n_38279,0,-1,1,5.205529915810764e-16,0.0,0.0,0.0
n_383,0,-1,2,1.0792990163912045e-15,0.0,0.0,0.0
n_3839,0,-1,1,5.912629843805102e-16,0.0,0.0,0.0
n_3840,0,-1,1,5.912629843805102e-16,0.0,0.0,0.0
n_3843,0,-1,1,6.194319650139584e-16,0.0,0.0,0.0
n_3845,0,-1,1,5.912629843805102e-16,0.0,0.0,0.0
n_3849,0,-1,1,5.912629843805102e-16,0.0,0.0,0.0
n_3850,0,-1,1,5.912629843805102e-16,0.0,0.0,0.0
n_38500,0,-1,1,5.548899602573121e-16,0.0,0.0,0.0
n_38501,0,-1,1,5.101060048469971e-16,0.0,0.0,0.0
n_38502,0,-1,1,5.08158040826549e-16,0.0,0.0,0.0
n_3851,0,-1,1,5.912629843805102e-16,0.0,0.0,0.0
n_3856,0,-1,1,5.588219930775849e-16,0.0,0.0,0.0
n_38570,0,-1,2,1.589515982554292e-15,0.0,0.0,0.0
n_38589,0,-1,1,7.489850190217932e-16,0.0,0.0,0.0
n_3861,0,-1,1,5.588219930775849e-16,0.0,0.0,0.0
n_3866,0,-1,15,6.756512463770327e-15,0.0,0.0,0.0
n_3867,0,-1,6,4.8461761879381275e-15,0.0,0.0,0.0
n_38675,0,-1,3,2.6590731671400063e-15,0.0,0.0,0.0
n_38676,0,-1,3,2.6019829347368297e-15,0.0,0.0,0.0
n_38677,0,-1,1,4.1663398682357416e-16,0.0,0.0,0.0
n_38678,0,-1,12,5.463377756383288e-15,0.0,0.0,0.0
n_38679,0,-1,1,4.28658016556543e-16,0.0,0.0,0.0
n_3868,0,-1,8,3.4056689709153912e-15,0.0,0.0,0.0
n_38680,0,-1,1,5.031559936356572e-16,0.0,0.0,0.0
n_38681,0,-1,1,5.355650094448236e-16,0.0,0.0,0.0
n_38682,0,-1,10,4.898939140772019e-15,0.0,0.0,0.0
n_3869,0,-1,8,3.336568658353096e-15,0.0,0.0,0.0
n_3870,0,-1,16,6.811338365347256e-15,0.0,0.0,0.0
n_3871,0,-1,15,6.7089532578478925e-15,0.0,0.0,0.0
n_3872,0,-1,6,5.371346356114687e-15,0.0,0.0,0.0
n_3873,0,-1,8,3.4056689709153912e-15,0.0,0.0,0.0
n_38739,0,-1,1,6.011460059903958e-16,0.0,0.0,0.0
n_3874,0,-1,8,3.182431743600626e-15,0.0,0.0,0.0
n_38740,0,-1,1,6.066110096265213e-16,0.0,0.0,0.0
n_38741,0,-1,1,6.212930022781945e-16,0.0,0.0,0.0
n_3875,0,-1,16,6.95525138066813e-15,0.0,0.0,0.0
n_3880,0,-1,37,2.0987889093218408e-14,0.0,0.0,0.0
n_3881,0,-1,37,2.079485706080273e-14,0.0,0.0,0.0
n_38813,0,-1,12,6.9564613672332826e-15,0.0,0.0,0.0
n_3882,0,-1,37,1.6872167860971024e-14,0.0,0.0,0.0
n_3883,0,-1,37,1.9280434995945506e-14,0.0,0.0,0.0
n_38835,0,-1,1,5.563640093437714e-16,0.0,0.0,0.0
n_38837,0,-1,1,5.11650992942789e-16,0.0,0.0,0.0
n_3891,0,-1,37,2.0987884011020724e-14,0.0,0.0,0.0
n_38919,0,-1,1,5.101060048469971e-16,0.0,0.0,0.0
n_38921,0,-1,1,5.205529915810764e-16,0.0,0.0,0.0
n_38922,0,-1,1,5.08158040826549e-16,0.0,0.0,0.0
n_38931,0,-1,2,8.508670418900469e-16,0.0,0.0,0.0
n_38932,0,-1,2,1.014543029936258e-15,0.0,0.0,0.0
n_38934,0,-1,2,1.0306589964280736e-15,0.0,0.0,0.0
n_3895,0,-1,37,2.0768346623619566e-14,0.0,0.0,0.0
n_38958,0,-1,2,1.071948040958458e-15,0.0,0.0,0.0
n_38977,0,-1,1,3.712599935561578e-16,0.0,0.0,0.0
n_38978,0,-1,1,6.212930022781945e-16,0.0,0.0,0.0
n_38979,0,-1,2,9.340700295076528e-16,0.0,0.0,0.0
n_3898,0,-1,37,2.330492230944413e-14,0.0,0.0,0.0
n_38980,0,-1,1,5.633400138786802e-16,0.0,0.0,0.0
n_38981,0,-1,2,1.0993140872974684e-15,0.0,0.0,0.0
n_38983,0,-1,1,1.0644999743741326e-15,0.0,0.0,0.0
n_38984,0,-1,5,2.551259213723453e-15,0.0,0.0,0.0
n_38985,0,-1,6,2.9796450680061315e-15,0.0,0.0,0.0
n_38986,0,-1,8,4.3374109303675155e-15,0.0,0.0,0.0
n_38987,0,-1,2,1.0549479838279458e-15,0.0,0.0,0.0
n_38988,0,-1,1,6.155670066151963e-16,0.0,0.0,0.0
n_38990,0,-1,1,5.355650094448236e-16,0.0,0.0,0.0
n_39,0,-1,3,1.858437931879218e-15,0.0,0.0,0.0
n_390,0,-1,2,1.3981280410892355e-15,0.0,0.0,0.0
n_3901,0,-1,37,2.079485706080273e-14,0.0,0.0,0.0
n_3904,0,-1,2,1.1675419559240919e-15,0.0,0.0,0.0
n_3909,0,-1,1,4.28658016556543e-16,0.0,0.0,0.0
n_3913,0,-1,1,1.0713900580044543e-15,0.0,0.0,0.0
n_3914,0,-1,2,1.0100309913053528e-15,0.0,0.0,0.0
n_3915,0,-1,1,4.3913700525416075e-16,0.0,0.0,0.0
n_3916,0,-1,2,9.161299775639251e-16,0.0,0.0,0.0
n_39163,0,-1,1,1.297109938887622e-15,0.0,0.0,0.0
n_3919,0,-1,1,1.0856800332202264e-15,0.0,0.0,0.0
n_3920,0,-1,1,5.912629843805102e-16,0.0,0.0,0.0
n_3921,0,-1,1,5.912629843805102e-16,0.0,0.0,0.0
n_3922,0,-1,1,5.912629843805102e-16,0.0,0.0,0.0
n_3923,0,-1,1,5.912629843805102e-16,0.0,0.0,0.0
n_3924,0,-1,1,5.912629843805102e-16,0.0,0.0,0.0
n_3925,0,-1,1,5.912629843805102e-16,0.0,0.0,0.0
n_3926,0,-1,1,5.912629843805102e-16,0.0,0.0,0.0
n_3927,0,-1,1,5.912629843805102e-16,0.0,0.0,0.0
n_3928,0,-1,1,5.912629843805102e-16,0.0,0.0,0.0
n_3929,0,-1,1,5.912629843805102e-16,0.0,0.0,0.0
n_393,0,-1,8,2.9273761471387263e-15,0.0,0.0,0.0
n_3930,0,-1,1,5.912629843805102e-16,0.0,0.0,0.0
n_3931,0,-1,1,5.912629843805102e-16,0.0,0.0,0.0
n_3932,0,-1,1,5.912629843805102e-16,0.0,0.0,0.0
n_3933,0,-1,1,5.912629843805102e-16,0.0,0.0,0.0
n_3934,0,-1,1,5.912629843805102e-16,0.0,0.0,0.0
n_3935,0,-1,1,5.912629843805102e-16,0.0,0.0,0.0
n_3936,0,-1,1,5.912629843805102e-16,0.0,0.0,0.0
n_3937,0,-1,1,5.912629843805102e-16,0.0,0.0,0.0
n_3938,0,-1,1,5.912629843805102e-16,0.0,0.0,0.0
n_3939,0,-1,1,5.912629843805102e-16,0.0,0.0,0.0
n_394,0,-1,12,5.2193649284547425e-15,0.0,0.0,0.0
n_3940,0,-1,1,5.912629843805102e-16,0.0,0.0,0.0
n_3941,0,-1,1,5.912629843805102e-16,0.0,0.0,0.0
n_3942,0,-1,1,5.912629843805102e-16,0.0,0.0,0.0
n_3943,0,-1,1,5.912629843805102e-16,0.0,0.0,0.0
n_39436,0,-1,3,2.6958062332053468e-15,0.0,0.0,0.0
n_39437,0,-1,2,1.6322199956230648e-15,0.0,0.0,0.0
n_39438,0,-1,4,5.190995253952354e-15,0.0,0.0,0.0
n_39439,0,-1,37,2.1817808586806382e-14,0.0,0.0,0.0
n_3944,0,-1,1,5.912629843805102e-16,0.0,0.0,0.0
n_39440,0,-1,1,1.297109938887622e-15,0.0,0.0,0.0
n_39441,0,-1,37,2.1553104014525835e-14,0.0,0.0,0.0
n_39442,0,-1,6,6.561600018211745e-15,0.0,0.0,0.0
n_39443,0,-1,3,2.6643251949294566e-15,0.0,0.0,0.0
n_39444,0,-1,38,2.334100083079948e-14,0.0,0.0,0.0
n_39445,0,-1,37,2.1680216554854394e-14,0.0,0.0,0.0
n_39446,0,-1,1,1.297109938887622e-15,0.0,0.0,0.0
n_3945,0,-1,1,5.912629843805102e-16,0.0,0.0,0.0
n_3946,0,-1,1,5.912629843805102e-16,0.0,0.0,0.0
n_39466,0,-1,3,3.1424079545352025e-15,0.0,0.0,0.0
n_39467,0,-1,1,5.467370034421934e-16,0.0,0.0,0.0
n_39469,0,-1,3,1.2890129391865813e-15,0.0,0.0,0.0
n_3947,0,-1,1,5.912629843805102e-16,0.0,0.0,0.0
n_39474,0,-1,3,2.607054120992041e-15,0.0,0.0,0.0
n_39475,0,-1,4,2.0653079415541885e-15,0.0,0.0,0.0
n_39476,0,-1,5,3.804858870055635e-15,0.0,0.0,0.0
n_3948,0,-1,1,5.912629843805102e-16,0.0,0.0,0.0
n_3949,0,-1,1,5.912629843805102e-16,0.0,0.0,0.0
n_395,0,-1,16,6.8958900411751275e-15,0.0,0.0,0.0
n_3950,0,-1,1,5.912629843805102e-16,0.0,0.0,0.0
n_3951,0,-1,1,5.912629843805102e-16,0.0,0.0,0.0
n_3952,0,-1,1,5.912629843805102e-16,0.0,0.0,0.0
n_3953,0,-1,1,5.912629843805102e-16,0.0,0.0,0.0
n_3954,0,-1,1,5.912629843805102e-16,0.0,0.0,0.0
n_39545,0,-1,1,5.08158040826549e-16,0.0,0.0,0.0
n_39546,0,-1,1,3.62321996017612e-16,0.0,0.0,0.0
n_3955,0,-1,1,5.912629843805102e-16,0.0,0.0,0.0
n_3956,0,-1,1,5.912629843805102e-16,0.0,0.0,0.0
n_3957,0,-1,1,5.912629843805102e-16,0.0,0.0,0.0
n_3958,0,-1,1,5.912629843805102e-16,0.0,0.0,0.0
n_3959,0,-1,1,5.912629843805102e-16,0.0,0.0,0.0
n_3960,0,-1,1,5.912629843805102e-16,0.0,0.0,0.0
n_3961,0,-1,1,5.912629843805102e-16,0.0,0.0,0.0
n_3962,0,-1,1,5.912629843805102e-16,0.0,0.0,0.0
n_3963,0,-1,1,5.912629843805102e-16,0.0,0.0,0.0
n_3964,0,-1,1,5.912629843805102e-16,0.0,0.0,0.0
n_3965,0,-1,1,5.912629843805102e-16,0.0,0.0,0.0
n_3966,0,-1,1,5.912629843805102e-16,0.0,0.0,0.0
n_3967,0,-1,1,5.912629843805102e-16,0.0,0.0,0.0
n_3968,0,-1,1,5.912629843805102e-16,0.0,0.0,0.0
n_3969,0,-1,1,5.912629843805102e-16,0.0,0.0,0.0
n_3970,0,-1,1,5.912629843805102e-16,0.0,0.0,0.0
n_3971,0,-1,1,5.912629843805102e-16,0.0,0.0,0.0
n_3974,0,-1,1,6.212930022781945e-16,0.0,0.0,0.0
n_3976,0,-1,1,5.616789822691145e-16,0.0,0.0,0.0
n_3978,0,-1,1,6.212930022781945e-16,0.0,0.0,0.0
n_3979,0,-1,1,5.616789822691145e-16,0.0,0.0,0.0
n_3980,0,-1,1,5.912629843805102e-16,0.0,0.0,0.0
n_3981,0,-1,1,5.912629843805102e-16,0.0,0.0,0.0
n_39813,0,-1,1,5.234320036292346e-16,0.0,0.0,0.0
n_3982,0,-1,1,5.912629843805102e-16,0.0,0.0,0.0
n_39826,0,-1,33,1.6415027567469667e-14,0.0,0.0,0.0
n_39827,0,-1,33,1.5882591127155087e-14,0.0,0.0,0.0
n_39828,0,-1,1,5.548899602573121e-16,0.0,0.0,0.0
n_3983,0,-1,1,5.912629843805102e-16,0.0,0.0,0.0
n_39834,0,-1,1,7.489850190217932e-16,0.0,0.0,0.0
n_39837,0,-1,1,6.326169857500373e-16,0.0,0.0,0.0
n_39838,0,-1,1,6.022999825019114e-16,0.0,0.0,0.0
n_39839,0,-1,3,1.8028240779031056e-15,0.0,0.0,0.0
n_3984,0,-1,1,5.912629843805102e-16,0.0,0.0,0.0
n_3985,0,-1,1,5.912629843805102e-16,0.0,0.0,0.0
n_3986,0,-1,1,5.912629843805102e-16,0.0,0.0,0.0
n_3987,0,-1,1,5.912629843805102e-16,0.0,0.0,0.0
n_3988,0,-1,1,5.912629843805102e-16,0.0,0.0,0.0
n_3989,0,-1,1,5.912629843805102e-16,0.0,0.0,0.0
n_3990,0,-1,1,5.912629843805102e-16,0.0,0.0,0.0
n_3991,0,-1,1,5.912629843805102e-16,0.0,0.0,0.0
n_3992,0,-1,1,5.912629843805102e-16,0.0,0.0,0.0
n_3993,0,-1,1,5.912629843805102e-16,0.0,0.0,0.0
n_3994,0,-1,1,5.912629843805102e-16,0.0,0.0,0.0
n_3995,0,-1,1,5.912629843805102e-16,0.0,0.0,0.0
n_3996,0,-1,1,5.912629843805102e-16,0.0,0.0,0.0
n_3997,0,-1,1,5.912629843805102e-16,0.0,0.0,0.0
n_3998,0,-1,1,5.912629843805102e-16,0.0,0.0,0.0
n_3999,0,-1,1,5.912629843805102e-16,0.0,0.0,0.0
n_4,0,-1,10,5.358299931144603e-15,0.0,0.0,0.0
n_4000,0,-1,1,5.912629843805102e-16,0.0,0.0,0.0
n_40001,0,-1,1,8.089889918239655e-16,0.0,0.0,0.0
n_4001,0,-1,1,5.912629843805102e-16,0.0,0.0,0.0
n_4002,0,-1,1,5.912629843805102e-16,0.0,0.0,0.0
n_40026,0,-1,1,5.205529915810764e-16,0.0,0.0,0.0
n_40028,0,-1,1,5.08158040826549e-16,0.0,0.0,0.0
n_4003,0,-1,1,5.912629843805102e-16,0.0,0.0,0.0
n_4004,0,-1,1,5.912629843805102e-16,0.0,0.0,0.0
n_4005,0,-1,1,5.912629843805102e-16,0.0,0.0,0.0
n_4006,0,-1,1,5.912629843805102e-16,0.0,0.0,0.0
n_4007,0,-1,1,5.912629843805102e-16,0.0,0.0,0.0
n_4008,0,-1,1,5.912629843805102e-16,0.0,0.0,0.0
n_4009,0,-1,1,5.912629843805102e-16,0.0,0.0,0.0
n_4010,0,-1,1,5.912629843805102e-16,0.0,0.0,0.0
n_4011,0,-1,1,5.912629843805102e-16,0.0,0.0,0.0
n_4012,0,-1,1,5.912629843805102e-16,0.0,0.0,0.0
n_4014,0,-1,1,6.212930022781945e-16,0.0,0.0,0.0
n_4015,0,-1,1,3.7078200227611035e-16,0.0,0.0,0.0
n_4016,0,-1,1,3.5881099151168373e-16,0.0,0.0,0.0
n_4017,0,-1,1,6.212930022781945e-16,0.0,0.0,0.0
n_4020,0,-1,1,6.212930022781945e-16,0.0,0.0,0.0
n_4021,0,-1,1,5.454080087479514e-16,0.0,0.0,0.0
n_4022,0,-1,1,5.912629843805102e-16,0.0,0.0,0.0
n_4023,0,-1,1,5.934590231753854e-16,0.0,0.0,0.0
n_40272,0,-1,23,1.4509735372838367e-14,0.0,0.0,0.0
n_40273,0,-1,1,6.212930022781945e-16,0.0,0.0,0.0
n_40274,0,-1,1,6.212930022781945e-16,0.0,0.0,0.0
n_40275,0,-1,1,6.212930022781945e-16,0.0,0.0,0.0
n_40276,0,-1,1,6.212930022781945e-16,0.0,0.0,0.0
n_40278,0,-1,1,6.212930022781945e-16,0.0,0.0,0.0
n_40279,0,-1,1,6.212930022781945e-16,0.0,0.0,0.0
n_4028,0,-1,1,6.212930022781945e-16,0.0,0.0,0.0
n_40280,0,-1,1,6.212930022781945e-16,0.0,0.0,0.0
n_40281,0,-1,1,6.212930022781945e-16,0.0,0.0,0.0
n_40282,0,-1,1,6.212930022781945e-16,0.0,0.0,0.0
n_40283,0,-1,1,6.212930022781945e-16,0.0,0.0,0.0
n_40284,0,-1,1,6.212930022781945e-16,0.0,0.0,0.0
n_40285,0,-1,1,6.212930022781945e-16,0.0,0.0,0.0
n_40286,0,-1,1,6.212930022781945e-16,0.0,0.0,0.0
n_40287,0,-1,1,6.212930022781945e-16,0.0,0.0,0.0
n_40288,0,-1,1,6.212930022781945e-16,0.0,0.0,0.0
n_40289,0,-1,1,6.212930022781945e-16,0.0,0.0,0.0
n_4029,0,-1,1,3.385409901580759e-16,0.0,0.0,0.0
n_40290,0,-1,1,6.212930022781945e-16,0.0,0.0,0.0
n_40291,0,-1,1,6.212930022781945e-16,0.0,0.0,0.0
n_40292,0,-1,1,6.212930022781945e-16,0.0,0.0,0.0
n_40293,0,-1,1,6.212930022781945e-16,0.0,0.0,0.0
n_40294,0,-1,1,6.212930022781945e-16,0.0,0.0,0.0
n_40295,0,-1,1,6.212930022781945e-16,0.0,0.0,0.0
n_40296,0,-1,1,6.212930022781945e-16,0.0,0.0,0.0
n_40297,0,-1,1,6.212930022781945e-16,0.0,0.0,0.0
n_40298,0,-1,1,6.212930022781945e-16,0.0,0.0,0.0
n_40299,0,-1,1,6.212930022781945e-16,0.0,0.0,0.0
n_4030,0,-1,1,5.616789822691145e-16,0.0,0.0,0.0
n_4031,0,-1,1,5.912629843805102e-16,0.0,0.0,0.0
n_4032,0,-1,1,5.912629843805102e-16,0.0,0.0,0.0
n_4033,0,-1,1,5.912629843805102e-16,0.0,0.0,0.0
n_4034,0,-1,1,5.912629843805102e-16,0.0,0.0,0.0
n_4035,0,-1,1,5.912629843805102e-16,0.0,0.0,0.0
n_4036,0,-1,1,5.912629843805102e-16,0.0,0.0,0.0
n_4037,0,-1,1,5.912629843805102e-16,0.0,0.0,0.0
n_4038,0,-1,1,5.912629843805102e-16,0.0,0.0,0.0
n_4039,0,-1,1,5.912629843805102e-16,0.0,0.0,0.0
n_4040,0,-1,1,5.934590231753854e-16,0.0,0.0,0.0
n_4041,0,-1,1,5.912629843805102e-16,0.0,0.0,0.0
n_4042,0,-1,1,5.588219930775849e-16,0.0,0.0,0.0
n_4043,0,-1,1,5.588219930775849e-16,0.0,0.0,0.0
n_4044,0,-1,1,5.912629843805102e-16,0.0,0.0,0.0
n_4045,0,-1,1,5.912629843805102e-16,0.0,0.0,0.0
n_40457,0,-1,24,1.0482570588193473e-14,0.0,0.0,0.0
n_40459,0,-1,1,6.011460059903958e-16,0.0,0.0,0.0
n_40460,0,-1,1,5.355650094448236e-16,0.0,0.0,0.0
n_40461,0,-1,1,5.633400138786802e-16,0.0,0.0,0.0
n_40462,0,-1,1,6.066110096265213e-16,0.0,0.0,0.0
n_40463,0,-1,4,1.924463938359454e-15,0.0,0.0,0.0
n_40464,0,-1,2,1.0223349918971687e-15,0.0,0.0,0.0
n_40465,0,-1,3,1.4721290745261075e-15,0.0,0.0,0.0
n_40514,0,-1,4,2.1133368272458755e-15,0.0,0.0,0.0
n_40516,0,-1,4,3.4562666957778636e-15,0.0,0.0,0.0
n_40519,0,-1,17,8.308226848196317e-15,0.0,0.0,0.0
n_40589,0,-1,1,1.0675100118313192e-15,0.0,0.0,0.0
n_40590,0,-1,1,1.0495800184038401e-15,0.0,0.0,0.0
n_406,0,-1,3,1.8827670474649665e-15,0.0,0.0,0.0
n_4063,0,-1,1,5.912629843805102e-16,0.0,0.0,0.0
n_4064,0,-1,1,5.912629843805102e-16,0.0,0.0,0.0
n_4065,0,-1,1,5.588219930775849e-16,0.0,0.0,0.0
n_4066,0,-1,1,5.912629843805102e-16,0.0,0.0,0.0
n_4067,0,-1,1,5.912629843805102e-16,0.0,0.0,0.0
n_40673,0,-1,1,5.467370034421934e-16,0.0,0.0,0.0
n_40674,0,-1,1,5.5913798930647e-16,0.0,0.0,0.0
n_40675,0,-1,4,3.16523189257368e-15,0.0,0.0,0.0
n_40677,0,-1,1,3.720560192381196e-16,0.0,0.0,0.0
n_40678,0,-1,1,6.196590227833818e-16,0.0,0.0,0.0
n_40681,0,-1,1,5.08158040826549e-16,0.0,0.0,0.0
n_4069,0,-1,1,5.912629843805102e-16,0.0,0.0,0.0
n_407,0,-1,14,7.340951644848638e-15,0.0,0.0,0.0
n_4070,0,-1,1,5.912629843805102e-16,0.0,0.0,0.0
n_4071,0,-1,1,5.912629843805102e-16,0.0,0.0,0.0
n_4072,0,-1,1,5.912629843805102e-16,0.0,0.0,0.0
n_4073,0,-1,1,5.912629843805102e-16,0.0,0.0,0.0
n_4074,0,-1,1,5.912629843805102e-16,0.0,0.0,0.0
n_4075,0,-1,1,5.912629843805102e-16,0.0,0.0,0.0
n_40750,0,-1,1,5.548899602573121e-16,0.0,0.0,0.0
n_40752,0,-1,1,5.08158040826549e-16,0.0,0.0,0.0
n_40754,0,-1,1,7.489850190217932e-16,0.0,0.0,0.0
n_40755,0,-1,1,6.196590227833818e-16,0.0,0.0,0.0
n_4076,0,-1,1,5.912629843805102e-16,0.0,0.0,0.0
n_40766,0,-1,1,8.089889918239655e-16,0.0,0.0,0.0
n_40767,0,-1,2,1.009879054770439e-15,0.0,0.0,0.0
n_4077,0,-1,1,5.912629843805102e-16,0.0,0.0,0.0
n_40776,0,-1,2,1.0560339859454443e-15,0.0,0.0,0.0
n_4078,0,-1,1,5.912629843805102e-16,0.0,0.0,0.0
n_4079,0,-1,1,5.912629843805102e-16,0.0,0.0,0.0
n_408,0,-1,4,2.751809934095433e-15,0.0,0.0,0.0
n_4080,0,-1,1,5.912629843805102e-16,0.0,0.0,0.0
n_4081,0,-1,1,5.912629843805102e-16,0.0,0.0,0.0
n_40811,0,-1,1,1.0856800332202264e-15,0.0,0.0,0.0
n_40812,0,-1,1,1.3887000349907031e-15,0.0,0.0,0.0
n_4082,0,-1,1,5.912629843805102e-16,0.0,0.0,0.0
n_40825,0,-1,2,2.369099907976969e-15,0.0,0.0,0.0
n_4083,0,-1,1,5.912629843805102e-16,0.0,0.0,0.0
n_4084,0,-1,1,5.912629843805102e-16,0.0,0.0,0.0
n_40849,0,-1,18,8.256567155776225e-15,0.0,0.0,0.0
n_4085,0,-1,1,5.912629843805102e-16,0.0,0.0,0.0
n_4086,0,-1,1,5.912629843805102e-16,0.0,0.0,0.0
n_4087,0,-1,1,5.912629843805102e-16,0.0,0.0,0.0
n_40879,0,-1,1,5.548899602573121e-16,0.0,0.0,0.0
n_4088,0,-1,1,5.912629843805102e-16,0.0,0.0,0.0
n_40881,0,-1,1,5.08158040826549e-16,0.0,0.0,0.0
n_40882,0,-1,1,5.205529915810764e-16,0.0,0.0,0.0
n_40883,0,-1,1,3.720560192381196e-16,0.0,0.0,0.0
n_40884,0,-1,1,5.101060048469971e-16,0.0,0.0,0.0
n_40885,0,-1,1,5.205529915810764e-16,0.0,0.0,0.0
n_40887,0,-1,1,5.08158040826549e-16,0.0,0.0,0.0
n_4089,0,-1,1,5.912629843805102e-16,0.0,0.0,0.0
n_40891,0,-1,1,5.548899602573121e-16,0.0,0.0,0.0
n_40892,0,-1,1,5.205529915810764e-16,0.0,0.0,0.0
n_40893,0,-1,1,5.101060048469971e-16,0.0,0.0,0.0
n_4090,0,-1,1,5.912629843805102e-16,0.0,0.0,0.0
n_40906,0,-1,3,2.647985082343974e-15,0.0,0.0,0.0
n_40907,0,-1,2,1.0758279812524748e-15,0.0,0.0,0.0
n_40909,0,-1,1,5.368499584258084e-16,0.0,0.0,0.0
n_4091,0,-1,1,5.912629843805102e-16,0.0,0.0,0.0
n_40910,0,-1,2,8.583330020453831e-16,0.0,0.0,0.0
n_40911,0,-1,3,1.7036920004376722e-15,0.0,0.0,0.0
n_40915,0,-1,28,1.7627197783560457e-14,0.0,0.0,0.0
n_4092,0,-1,1,5.912629843805102e-16,0.0,0.0,0.0
n_40922,0,-1,1,5.633400138786802e-16,0.0,0.0,0.0
n_40926,0,-1,1,5.11650992942789e-16,0.0,0.0,0.0
n_40928,0,-1,5,2.145768024730348e-15,0.0,0.0,0.0
n_4093,0,-1,1,5.912629843805102e-16,0.0,0.0,0.0
n_40930,0,-1,1,5.633400138786802e-16,0.0,0.0,0.0
n_40937,0,-1,1,5.35974020479229e-16,0.0,0.0,0.0
n_4094,0,-1,1,5.912629843805102e-16,0.0,0.0,0.0
n_40940,0,-1,1,1.0604700033693334e-15,0.0,0.0,0.0
n_40941,0,-1,1,1.0652799858394354e-15,0.0,0.0,0.0
n_40944,0,-1,2,7.995620445166171e-16,0.0,0.0,0.0
n_4095,0,-1,1,5.912629843805102e-16,0.0,0.0,0.0
n_40953,0,-1,2,6.989640177172826e-16,0.0,0.0,0.0
n_40955,0,-1,2,1.5991191127146692e-15,0.0,0.0,0.0
n_4096,0,-1,1,5.912629843805102e-16,0.0,0.0,0.0
n_40962,0,-1,14,7.426588369881942e-15,0.0,0.0,0.0
n_40967,0,-1,1,5.436750322774283e-16,0.0,0.0,0.0
n_4097,0,-1,1,5.912629843805102e-16,0.0,0.0,0.0
n_4098,0,-1,1,5.912629843805102e-16,0.0,0.0,0.0
n_40987,0,-1,1,1.0856800332202264e-15,0.0,0.0,0.0
n_4099,0,-1,1,5.912629843805102e-16,0.0,0.0,0.0
n_41,0,-1,3,1.986519901415909e-15,0.0,0.0,0.0
n_4100,0,-1,1,5.912629843805102e-16,0.0,0.0,0.0
n_4101,0,-1,1,5.912629843805102e-16,0.0,0.0,0.0
n_4102,0,-1,1,5.912629843805102e-16,0.0,0.0,0.0
n_4103,0,-1,1,5.912629843805102e-16,0.0,0.0,0.0
n_4104,0,-1,1,5.912629843805102e-16,0.0,0.0,0.0
n_4105,0,-1,1,5.912629843805102e-16,0.0,0.0,0.0
n_4106,0,-1,1,5.912629843805102e-16,0.0,0.0,0.0
n_4107,0,-1,1,5.912629843805102e-16,0.0,0.0,0.0
n_4108,0,-1,1,5.912629843805102e-16,0.0,0.0,0.0
n_4109,0,-1,1,5.912629843805102e-16,0.0,0.0,0.0
n_4110,0,-1,1,5.912629843805102e-16,0.0,0.0,0.0
n_4111,0,-1,1,5.912629843805102e-16,0.0,0.0,0.0
n_4112,0,-1,1,5.912629843805102e-16,0.0,0.0,0.0
n_4113,0,-1,1,5.912629843805102e-16,0.0,0.0,0.0
n_4114,0,-1,1,5.912629843805102e-16,0.0,0.0,0.0
n_4115,0,-1,1,5.912629843805102e-16,0.0,0.0,0.0
n_4116,0,-1,1,5.912629843805102e-16,0.0,0.0,0.0
n_4117,0,-1,1,5.912629843805102e-16,0.0,0.0,0.0
n_4118,0,-1,1,5.912629843805102e-16,0.0,0.0,0.0
n_4119,0,-1,1,5.912629843805102e-16,0.0,0.0,0.0
n_4120,0,-1,1,5.912629843805102e-16,0.0,0.0,0.0
n_41200,0,-1,2,1.2752200664317291e-15,0.0,0.0,0.0
n_41201,0,-1,2,1.264582073768044e-15,0.0,0.0,0.0
n_41204,0,-1,1,5.355650094448236e-16,0.0,0.0,0.0
n_41205,0,-1,1,5.192220381231439e-16,0.0,0.0,0.0
n_41206,0,-1,1,5.1064302373555635e-16,0.0,0.0,0.0
n_41207,0,-1,1,5.242360496544158e-16,0.0,0.0,0.0
n_41208,0,-1,1,5.046050023106133e-16,0.0,0.0,0.0
n_4121,0,-1,1,5.912629843805102e-16,0.0,0.0,0.0
n_41210,0,-1,1,5.1064302373555635e-16,0.0,0.0,0.0
n_41211,0,-1,1,5.964369792596947e-16,0.0,0.0,0.0
n_41212,0,-1,1,6.0179599789829505e-16,0.0,0.0,0.0
n_41213,0,-1,2,1.0182640456735462e-15,0.0,0.0,0.0
n_41215,0,-1,2,7.329589968410643e-16,0.0,0.0,0.0
n_4122,0,-1,1,5.912629843805102e-16,0.0,0.0,0.0
n_4123,0,-1,1,5.912629843805102e-16,0.0,0.0,0.0
n_4124,0,-1,1,5.912629843805102e-16,0.0,0.0,0.0
n_4125,0,-1,1,5.912629843805102e-16,0.0,0.0,0.0
n_4126,0,-1,1,5.912629843805102e-16,0.0,0.0,0.0
n_4127,0,-1,1,5.912629843805102e-16,0.0,0.0,0.0
n_4128,0,-1,1,5.912629843805102e-16,0.0,0.0,0.0
n_4129,0,-1,1,5.912629843805102e-16,0.0,0.0,0.0
n_4130,0,-1,1,5.912629843805102e-16,0.0,0.0,0.0
n_4131,0,-1,1,5.912629843805102e-16,0.0,0.0,0.0
n_4132,0,-1,1,5.912629843805102e-16,0.0,0.0,0.0
n_4133,0,-1,1,5.912629843805102e-16,0.0,0.0,0.0
n_4134,0,-1,1,5.912629843805102e-16,0.0,0.0,0.0
n_4136,0,-1,1,5.912629843805102e-16,0.0,0.0,0.0
n_4137,0,-1,1,5.912629843805102e-16,0.0,0.0,0.0
n_4138,0,-1,1,5.912629843805102e-16,0.0,0.0,0.0
n_4139,0,-1,1,5.588219930775849e-16,0.0,0.0,0.0
n_4140,0,-1,1,5.588219930775849e-16,0.0,0.0,0.0
n_4141,0,-1,1,5.912629843805102e-16,0.0,0.0,0.0
n_4142,0,-1,1,5.912629843805102e-16,0.0,0.0,0.0
n_4143,0,-1,1,5.588219930775849e-16,0.0,0.0,0.0
n_4144,0,-1,1,5.588219930775849e-16,0.0,0.0,0.0
n_4145,0,-1,1,5.912629843805102e-16,0.0,0.0,0.0
n_4146,0,-1,1,5.912629843805102e-16,0.0,0.0,0.0
n_4147,0,-1,1,5.912629843805102e-16,0.0,0.0,0.0
n_4148,0,-1,1,5.912629843805102e-16,0.0,0.0,0.0
n_4149,0,-1,1,5.912629843805102e-16,0.0,0.0,0.0
n_415,0,-1,4,1.725454076797648e-15,0.0,0.0,0.0
n_4150,0,-1,1,5.912629843805102e-16,0.0,0.0,0.0
n_4151,0,-1,1,5.912629843805102e-16,0.0,0.0,0.0
n_4152,0,-1,1,5.912629843805102e-16,0.0,0.0,0.0
n_4153,0,-1,1,5.912629843805102e-16,0.0,0.0,0.0
n_4154,0,-1,1,5.912629843805102e-16,0.0,0.0,0.0
n_4155,0,-1,1,5.912629843805102e-16,0.0,0.0,0.0
n_4156,0,-1,1,5.588219930775849e-16,0.0,0.0,0.0
n_4157,0,-1,1,5.912629843805102e-16,0.0,0.0,0.0
n_4158,0,-1,1,5.912629843805102e-16,0.0,0.0,0.0
n_4159,0,-1,1,5.912629843805102e-16,0.0,0.0,0.0
n_4160,0,-1,1,5.912629843805102e-16,0.0,0.0,0.0
n_4161,0,-1,1,5.588219930775849e-16,0.0,0.0,0.0
n_4162,0,-1,1,5.912629843805102e-16,0.0,0.0,0.0
n_4163,0,-1,1,5.912629843805102e-16,0.0,0.0,0.0
n_4164,0,-1,1,5.588219930775849e-16,0.0,0.0,0.0
n_4165,0,-1,1,5.912629843805102e-16,0.0,0.0,0.0
n_4166,0,-1,1,5.912629843805102e-16,0.0,0.0,0.0
n_4167,0,-1,1,5.912629843805102e-16,0.0,0.0,0.0
n_4168,0,-1,1,5.912629843805102e-16,0.0,0.0,0.0
n_4169,0,-1,1,5.588219930775849e-16,0.0,0.0,0.0
n_4170,0,-1,1,5.912629843805102e-16,0.0,0.0,0.0
n_4171,0,-1,1,5.588219930775849e-16,0.0,0.0,0.0
n_4172,0,-1,1,5.912629843805102e-16,0.0,0.0,0.0
n_4173,0,-1,1,5.912629843805102e-16,0.0,0.0,0.0
n_4174,0,-1,1,5.912629843805102e-16,0.0,0.0,0.0
n_4175,0,-1,1,5.912629843805102e-16,0.0,0.0,0.0
n_4183,0,-1,1,5.912629843805102e-16,0.0,0.0,0.0
n_4184,0,-1,1,5.912629843805102e-16,0.0,0.0,0.0
n_4185,0,-1,1,5.912629843805102e-16,0.0,0.0,0.0
n_4186,0,-1,1,5.912629843805102e-16,0.0,0.0,0.0
n_4187,0,-1,1,5.912629843805102e-16,0.0,0.0,0.0
n_4188,0,-1,1,5.912629843805102e-16,0.0,0.0,0.0
n_4189,0,-1,1,5.912629843805102e-16,0.0,0.0,0.0
n_4190,0,-1,1,5.912629843805102e-16,0.0,0.0,0.0
n_4191,0,-1,1,5.912629843805102e-16,0.0,0.0,0.0
n_4192,0,-1,1,5.912629843805102e-16,0.0,0.0,0.0
n_4193,0,-1,1,5.912629843805102e-16,0.0,0.0,0.0
n_4194,0,-1,1,5.912629843805102e-16,0.0,0.0,0.0
n_4195,0,-1,1,5.912629843805102e-16,0.0,0.0,0.0
n_4196,0,-1,1,5.912629843805102e-16,0.0,0.0,0.0
n_4197,0,-1,1,5.912629843805102e-16,0.0,0.0,0.0
n_4198,0,-1,1,5.912629843805102e-16,0.0,0.0,0.0
n_4199,0,-1,1,5.912629843805102e-16,0.0,0.0,0.0
n_42,0,-1,3,1.875775002243619e-15,0.0,0.0,0.0
n_4200,0,-1,1,5.912629843805102e-16,0.0,0.0,0.0
n_4201,0,-1,1,5.912629843805102e-16,0.0,0.0,0.0
n_4202,0,-1,1,5.912629843805102e-16,0.0,0.0,0.0
n_4203,0,-1,1,5.912629843805102e-16,0.0,0.0,0.0
n_4204,0,-1,1,5.912629843805102e-16,0.0,0.0,0.0
n_4205,0,-1,1,5.912629843805102e-16,0.0,0.0,0.0
n_4206,0,-1,1,5.912629843805102e-16,0.0,0.0,0.0
n_4207,0,-1,1,5.912629843805102e-16,0.0,0.0,0.0
n_4208,0,-1,1,5.912629843805102e-16,0.0,0.0,0.0
n_4209,0,-1,1,5.912629843805102e-16,0.0,0.0,0.0
n_4210,0,-1,1,5.912629843805102e-16,0.0,0.0,0.0
n_4211,0,-1,1,5.912629843805102e-16,0.0,0.0,0.0
n_4212,0,-1,1,5.912629843805102e-16,0.0,0.0,0.0
n_4213,0,-1,1,5.912629843805102e-16,0.0,0.0,0.0
n_4214,0,-1,1,5.912629843805102e-16,0.0,0.0,0.0
n_4215,0,-1,1,5.912629843805102e-16,0.0,0.0,0.0
n_4216,0,-1,1,5.912629843805102e-16,0.0,0.0,0.0
n_4217,0,-1,1,5.912629843805102e-16,0.0,0.0,0.0
n_4218,0,-1,1,5.912629843805102e-16,0.0,0.0,0.0
n_4219,0,-1,1,5.912629843805102e-16,0.0,0.0,0.0
n_4220,0,-1,1,5.912629843805102e-16,0.0,0.0,0.0
n_4221,0,-1,1,5.912629843805102e-16,0.0,0.0,0.0
n_4222,0,-1,1,5.912629843805102e-16,0.0,0.0,0.0
n_4223,0,-1,1,5.588219930775849e-16,0.0,0.0,0.0
n_4224,0,-1,1,5.912629843805102e-16,0.0,0.0,0.0
n_4225,0,-1,1,5.588219930775849e-16,0.0,0.0,0.0
n_4226,0,-1,1,5.912629843805102e-16,0.0,0.0,0.0
n_4227,0,-1,1,5.588219930775849e-16,0.0,0.0,0.0
n_4228,0,-1,1,5.912629843805102e-16,0.0,0.0,0.0
n_4229,0,-1,1,5.912629843805102e-16,0.0,0.0,0.0
n_4230,0,-1,1,5.588219930775849e-16,0.0,0.0,0.0
n_4231,0,-1,1,5.588219930775849e-16,0.0,0.0,0.0
n_4232,0,-1,1,5.912629843805102e-16,0.0,0.0,0.0
n_4233,0,-1,1,5.912629843805102e-16,0.0,0.0,0.0
n_4234,0,-1,1,5.588219930775849e-16,0.0,0.0,0.0
n_4235,0,-1,1,5.912629843805102e-16,0.0,0.0,0.0
n_4236,0,-1,1,5.912629843805102e-16,0.0,0.0,0.0
n_4237,0,-1,1,5.912629843805102e-16,0.0,0.0,0.0
n_4238,0,-1,1,5.912629843805102e-16,0.0,0.0,0.0
n_4239,0,-1,1,5.912629843805102e-16,0.0,0.0,0.0
n_4240,0,-1,1,5.912629843805102e-16,0.0,0.0,0.0
n_4241,0,-1,1,5.912629843805102e-16,0.0,0.0,0.0
n_4242,0,-1,1,5.912629843805102e-16,0.0,0.0,0.0
n_4243,0,-1,1,5.912629843805102e-16,0.0,0.0,0.0
n_4244,0,-1,1,5.588219930775849e-16,0.0,0.0,0.0
n_4245,0,-1,1,5.912629843805102e-16,0.0,0.0,0.0
n_4246,0,-1,1,5.912629843805102e-16,0.0,0.0,0.0
n_4247,0,-1,1,5.912629843805102e-16,0.0,0.0,0.0
n_4248,0,-1,1,5.588219930775849e-16,0.0,0.0,0.0
n_4249,0,-1,1,5.912629843805102e-16,0.0,0.0,0.0
n_4250,0,-1,1,5.912629843805102e-16,0.0,0.0,0.0
n_4251,0,-1,1,5.912629843805102e-16,0.0,0.0,0.0
n_4252,0,-1,1,5.912629843805102e-16,0.0,0.0,0.0
n_4253,0,-1,1,5.588219930775849e-16,0.0,0.0,0.0
n_4254,0,-1,1,5.912629843805102e-16,0.0,0.0,0.0
n_4255,0,-1,1,5.912629843805102e-16,0.0,0.0,0.0
n_4256,0,-1,1,5.588219930775849e-16,0.0,0.0,0.0
n_4257,0,-1,1,5.912629843805102e-16,0.0,0.0,0.0
n_4258,0,-1,1,5.588219930775849e-16,0.0,0.0,0.0
n_4259,0,-1,1,5.912629843805102e-16,0.0,0.0,0.0
n_426,0,-1,6,2.9507049168137674e-15,0.0,0.0,0.0
n_4260,0,-1,1,5.912629843805102e-16,0.0,0.0,0.0
n_4261,0,-1,1,5.912629843805102e-16,0.0,0.0,0.0
n_4262,0,-1,1,5.912629843805102e-16,0.0,0.0,0.0
n_427,0,-1,16,6.968553186071811e-15,0.0,0.0,0.0
n_4271,0,-1,1,6.212930022781945e-16,0.0,0.0,0.0
n_4272,0,-1,1,6.212930022781945e-16,0.0,0.0,0.0
n_4273,0,-1,1,6.212930022781945e-16,0.0,0.0,0.0
n_4274,0,-1,1,6.212930022781945e-16,0.0,0.0,0.0
n_4275,0,-1,1,6.212930022781945e-16,0.0,0.0,0.0
n_4276,0,-1,1,6.212930022781945e-16,0.0,0.0,0.0
n_4277,0,-1,1,6.212930022781945e-16,0.0,0.0,0.0
n_4279,0,-1,1,6.212930022781945e-16,0.0,0.0,0.0
n_4280,0,-1,1,6.212930022781945e-16,0.0,0.0,0.0
n_4281,0,-1,1,5.934590231753854e-16,0.0,0.0,0.0
n_4282,0,-1,1,6.212930022781945e-16,0.0,0.0,0.0
n_4283,0,-1,1,5.912629843805102e-16,0.0,0.0,0.0
n_4294,0,-1,1,5.213489907932587e-16,0.0,0.0,0.0
n_4297,0,-1,1,5.5913798930647e-16,0.0,0.0,0.0
n_430,0,-1,4,3.078151188123544e-15,0.0,0.0,0.0
n_4304,0,-1,1,5.008039948993688e-16,0.0,0.0,0.0
n_4312,0,-1,1,5.912629843805102e-16,0.0,0.0,0.0
n_43149,0,-1,15,5.605214693950441e-15,0.0,0.0,0.0
n_4315,0,-1,1,5.912629843805102e-16,0.0,0.0,0.0
n_4316,0,-1,1,5.912629843805102e-16,0.0,0.0,0.0
n_4317,0,-1,1,5.912629843805102e-16,0.0,0.0,0.0
n_4318,0,-1,1,5.912629843805102e-16,0.0,0.0,0.0
n_4319,0,-1,1,6.194319650139584e-16,0.0,0.0,0.0
n_4320,0,-1,1,5.912629843805102e-16,0.0,0.0,0.0
n_4321,0,-1,1,6.194319650139584e-16,0.0,0.0,0.0
n_4322,0,-1,1,5.912629843805102e-16,0.0,0.0,0.0
n_4323,0,-1,1,5.912629843805102e-16,0.0,0.0,0.0
n_4324,0,-1,1,6.194319650139584e-16,0.0,0.0,0.0
n_4325,0,-1,1,5.912629843805102e-16,0.0,0.0,0.0
n_4326,0,-1,1,5.912629843805102e-16,0.0,0.0,0.0
n_4327,0,-1,1,5.912629843805102e-16,0.0,0.0,0.0
n_4328,0,-1,1,5.912629843805102e-16,0.0,0.0,0.0
n_4329,0,-1,1,6.194319650139584e-16,0.0,0.0,0.0
n_4330,0,-1,1,5.912629843805102e-16,0.0,0.0,0.0
n_4331,0,-1,1,5.912629843805102e-16,0.0,0.0,0.0
n_4339,0,-1,1,5.912629843805102e-16,0.0,0.0,0.0
n_4341,0,-1,1,5.912629843805102e-16,0.0,0.0,0.0
n_4352,0,-1,1,6.196590227833818e-16,0.0,0.0,0.0
n_4353,0,-1,1,6.196590227833818e-16,0.0,0.0,0.0
n_4354,0,-1,1,6.196590227833818e-16,0.0,0.0,0.0
n_4355,0,-1,1,6.194319650139584e-16,0.0,0.0,0.0
n_4356,0,-1,1,6.196590227833818e-16,0.0,0.0,0.0
n_4357,0,-1,1,6.194319650139584e-16,0.0,0.0,0.0
n_4358,0,-1,1,6.196590227833818e-16,0.0,0.0,0.0
n_4359,0,-1,1,6.194319650139584e-16,0.0,0.0,0.0
n_4360,0,-1,1,6.196590227833818e-16,0.0,0.0,0.0
n_4361,0,-1,1,6.196590227833818e-16,0.0,0.0,0.0
n_4362,0,-1,1,6.194319650139584e-16,0.0,0.0,0.0
n_4363,0,-1,1,6.194319650139584e-16,0.0,0.0,0.0
n_4365,0,-1,1,6.196590227833818e-16,0.0,0.0,0.0
n_4366,0,-1,1,6.196590227833818e-16,0.0,0.0,0.0
n_4367,0,-1,1,5.912629843805102e-16,0.0,0.0,0.0
n_4369,0,-1,1,5.912629843805102e-16,0.0,0.0,0.0
n_437,0,-1,16,7.171924526158148e-15,0.0,0.0,0.0
n_4370,0,-1,1,5.912629843805102e-16,0.0,0.0,0.0
n_4372,0,-1,1,5.912629843805102e-16,0.0,0.0,0.0
n_4374,0,-1,1,5.912629843805102e-16,0.0,0.0,0.0
n_4375,0,-1,1,5.912629843805102e-16,0.0,0.0,0.0
n_4376,0,-1,1,5.912629843805102e-16,0.0,0.0,0.0
n_4377,0,-1,1,5.912629843805102e-16,0.0,0.0,0.0
n_4379,0,-1,1,5.912629843805102e-16,0.0,0.0,0.0
n_438,0,-1,12,5.364507412098556e-15,0.0,0.0,0.0
n_4380,0,-1,1,5.912629843805102e-16,0.0,0.0,0.0
n_4381,0,-1,1,5.912629843805102e-16,0.0,0.0,0.0
n_4382,0,-1,1,5.912629843805102e-16,0.0,0.0,0.0
n_4383,0,-1,1,5.912629843805102e-16,0.0,0.0,0.0
n_4384,0,-1,1,5.912629843805102e-16,0.0,0.0,0.0
n_4385,0,-1,1,5.912629843805102e-16,0.0,0.0,0.0
n_4386,0,-1,1,5.912629843805102e-16,0.0,0.0,0.0
n_439,0,-1,16,7.795434795994458e-15,0.0,0.0,0.0
n_4393,0,-1,1,5.912629843805102e-16,0.0,0.0,0.0
n_4394,0,-1,1,5.912629843805102e-16,0.0,0.0,0.0
n_4398,0,-1,1,5.912629843805102e-16,0.0,0.0,0.0
n_4399,0,-1,1,5.912629843805102e-16,0.0,0.0,0.0
n_44,0,-1,3,1.875775002243619e-15,0.0,0.0,0.0
n_440,0,-1,16,7.186124186485919e-15,0.0,0.0,0.0
n_4400,0,-1,1,5.912629843805102e-16,0.0,0.0,0.0
n_4401,0,-1,1,5.912629843805102e-16,0.0,0.0,0.0
n_4402,0,-1,1,5.912629843805102e-16,0.0,0.0,0.0
n_4403,0,-1,1,5.912629843805102e-16,0.0,0.0,0.0
n_4405,0,-1,1,5.912629843805102e-16,0.0,0.0,0.0
n_441,0,-1,16,7.171924526158148e-15,0.0,0.0,0.0
n_4414,0,-1,1,5.912629843805102e-16,0.0,0.0,0.0
n_4415,0,-1,1,5.912629843805102e-16,0.0,0.0,0.0
n_4418,0,-1,1,5.912629843805102e-16,0.0,0.0,0.0
n_4419,0,-1,1,5.912629843805102e-16,0.0,0.0,0.0
n_44193,0,-1,11,5.516854757991714e-15,0.0,0.0,0.0
n_44198,0,-1,6,3.180211034971162e-15,0.0,0.0,0.0
n_442,0,-1,12,5.364507412098556e-15,0.0,0.0,0.0
n_4420,0,-1,1,5.912629843805102e-16,0.0,0.0,0.0
n_4421,0,-1,1,5.912629843805102e-16,0.0,0.0,0.0
n_4422,0,-1,1,5.912629843805102e-16,0.0,0.0,0.0
n_4424,0,-1,1,5.912629843805102e-16,0.0,0.0,0.0
n_4425,0,-1,1,5.912629843805102e-16,0.0,0.0,0.0
n_4426,0,-1,1,5.912629843805102e-16,0.0,0.0,0.0
n_4427,0,-1,1,5.912629843805102e-16,0.0,0.0,0.0
n_4428,0,-1,1,5.912629843805102e-16,0.0,0.0,0.0
n_4429,0,-1,1,5.912629843805102e-16,0.0,0.0,0.0
n_4430,0,-1,1,5.912629843805102e-16,0.0,0.0,0.0
n_4431,0,-1,1,5.912629843805102e-16,0.0,0.0,0.0
n_4432,0,-1,1,5.912629843805102e-16,0.0,0.0,0.0
n_44324,0,-1,3,3.1919670052461043e-15,0.0,0.0,0.0
n_44325,0,-1,19,8.345085486896088e-15,0.0,0.0,0.0
n_44326,0,-1,18,7.905870104624527e-15,0.0,0.0,0.0
n_4433,0,-1,1,5.912629843805102e-16,0.0,0.0,0.0
n_4434,0,-1,1,5.912629843805102e-16,0.0,0.0,0.0
n_4435,0,-1,1,5.912629843805102e-16,0.0,0.0,0.0
n_4436,0,-1,1,5.912629843805102e-16,0.0,0.0,0.0
n_4437,0,-1,1,5.912629843805102e-16,0.0,0.0,0.0
n_4438,0,-1,1,5.912629843805102e-16,0.0,0.0,0.0
n_4439,0,-1,1,5.912629843805102e-16,0.0,0.0,0.0
n_444,0,-1,4,3.0600047777780415e-15,0.0,0.0,0.0
n_4440,0,-1,1,5.912629843805102e-16,0.0,0.0,0.0
n_4441,0,-1,1,5.912629843805102e-16,0.0,0.0,0.0
n_4442,0,-1,1,6.196590227833818e-16,0.0,0.0,0.0
n_4443,0,-1,1,5.912629843805102e-16,0.0,0.0,0.0
n_4444,0,-1,1,5.912629843805102e-16,0.0,0.0,0.0
n_4445,0,-1,1,5.912629843805102e-16,0.0,0.0,0.0
n_44459,0,-1,1,6.311820060582701e-16,0.0,0.0,0.0
n_4446,0,-1,1,5.912629843805102e-16,0.0,0.0,0.0
n_44468,0,-1,1,7.263010002382902e-16,0.0,0.0,0.0
n_4447,0,-1,1,6.194319650139584e-16,0.0,0.0,0.0
n_44473,0,-1,2,7.074649991946043e-16,0.0,0.0,0.0
n_4448,0,-1,1,5.912629843805102e-16,0.0,0.0,0.0
n_44480,0,-1,1,5.863069946061253e-16,0.0,0.0,0.0
n_44485,0,-1,1,5.075340422422186e-16,0.0,0.0,0.0
n_4449,0,-1,1,5.912629843805102e-16,0.0,0.0,0.0
n_44490,0,-1,1,5.159739844077789e-16,0.0,0.0,0.0
n_44496,0,-1,1,3.712599935561578e-16,0.0,0.0,0.0
n_44497,0,-1,2,6.732950018880962e-16,0.0,0.0,0.0
n_44498,0,-1,1,5.031559936356572e-16,0.0,0.0,0.0
n_44499,0,-1,1,5.355650094448236e-16,0.0,0.0,0.0
n_445,0,-1,4,3.013243900408394e-15,0.0,0.0,0.0
n_4450,0,-1,1,5.912629843805102e-16,0.0,0.0,0.0
n_44500,0,-1,1,6.037300388146726e-16,0.0,0.0,0.0
n_44501,0,-1,1,6.1835903896758325e-16,0.0,0.0,0.0
n_4451,0,-1,1,5.912629843805102e-16,0.0,0.0,0.0
n_4452,0,-1,1,5.912629843805102e-16,0.0,0.0,0.0
n_4453,0,-1,1,5.912629843805102e-16,0.0,0.0,0.0
n_4454,0,-1,1,5.912629843805102e-16,0.0,0.0,0.0
n_4455,0,-1,1,5.912629843805102e-16,0.0,0.0,0.0
n_4456,0,-1,1,5.912629843805102e-16,0.0,0.0,0.0
n_4457,0,-1,1,5.912629843805102e-16,0.0,0.0,0.0
n_4458,0,-1,1,5.912629843805102e-16,0.0,0.0,0.0
n_4459,0,-1,1,5.912629843805102e-16,0.0,0.0,0.0
n_446,0,-1,5,2.7050791263954132e-15,0.0,0.0,0.0
n_4460,0,-1,1,5.912629843805102e-16,0.0,0.0,0.0
n_4461,0,-1,1,5.912629843805102e-16,0.0,0.0,0.0
n_4462,0,-1,1,5.912629843805102e-16,0.0,0.0,0.0
n_4463,0,-1,1,5.912629843805102e-16,0.0,0.0,0.0
n_4464,0,-1,1,5.912629843805102e-16,0.0,0.0,0.0
n_4465,0,-1,1,5.912629843805102e-16,0.0,0.0,0.0
n_4466,0,-1,1,5.912629843805102e-16,0.0,0.0,0.0
n_4467,0,-1,1,5.912629843805102e-16,0.0,0.0,0.0
n_4468,0,-1,1,5.912629843805102e-16,0.0,0.0,0.0
n_4469,0,-1,1,5.912629843805102e-16,0.0,0.0,0.0
n_447,0,-1,16,6.364863487201252e-15,0.0,0.0,0.0
n_4470,0,-1,1,5.912629843805102e-16,0.0,0.0,0.0
n_4471,0,-1,1,5.912629843805102e-16,0.0,0.0,0.0
n_4472,0,-1,1,5.912629843805102e-16,0.0,0.0,0.0
n_4473,0,-1,1,5.912629843805102e-16,0.0,0.0,0.0
n_4474,0,-1,1,5.912629843805102e-16,0.0,0.0,0.0
n_4475,0,-1,1,5.912629843805102e-16,0.0,0.0,0.0
n_4476,0,-1,1,5.912629843805102e-16,0.0,0.0,0.0
n_4477,0,-1,1,5.912629843805102e-16,0.0,0.0,0.0
n_4478,0,-1,1,5.912629843805102e-16,0.0,0.0,0.0
n_4479,0,-1,1,5.912629843805102e-16,0.0,0.0,0.0
n_448,0,-1,2,1.1703740105832366e-15,0.0,0.0,0.0
n_4480,0,-1,1,5.912629843805102e-16,0.0,0.0,0.0
n_4481,0,-1,1,5.912629843805102e-16,0.0,0.0,0.0
n_4482,0,-1,1,5.912629843805102e-16,0.0,0.0,0.0
n_4483,0,-1,1,5.912629843805102e-16,0.0,0.0,0.0
n_4484,0,-1,1,5.912629843805102e-16,0.0,0.0,0.0
n_4485,0,-1,1,5.912629843805102e-16,0.0,0.0,0.0
n_4486,0,-1,1,5.912629843805102e-16,0.0,0.0,0.0
n_4487,0,-1,1,5.912629843805102e-16,0.0,0.0,0.0
n_4488,0,-1,1,5.912629843805102e-16,0.0,0.0,0.0
n_4489,0,-1,1,5.912629843805102e-16,0.0,0.0,0.0
n_449,0,-1,8,4.709641253104312e-15,0.0,0.0,0.0
n_4490,0,-1,1,5.912629843805102e-16,0.0,0.0,0.0
n_4491,0,-1,1,5.912629843805102e-16,0.0,0.0,0.0
n_4492,0,-1,1,5.912629843805102e-16,0.0,0.0,0.0
n_4493,0,-1,1,5.912629843805102e-16,0.0,0.0,0.0
n_4494,0,-1,1,5.912629843805102e-16,0.0,0.0,0.0
n_4495,0,-1,1,5.912629843805102e-16,0.0,0.0,0.0
n_4496,0,-1,1,5.912629843805102e-16,0.0,0.0,0.0
n_4497,0,-1,1,5.912629843805102e-16,0.0,0.0,0.0
n_4498,0,-1,1,5.912629843805102e-16,0.0,0.0,0.0
n_4499,0,-1,1,5.912629843805102e-16,0.0,0.0,0.0
n_450,0,-1,16,7.602737341592947e-15,0.0,0.0,0.0
n_4500,0,-1,1,6.194319650139584e-16,0.0,0.0,0.0
n_4501,0,-1,1,5.912629843805102e-16,0.0,0.0,0.0
n_4502,0,-1,1,5.912629843805102e-16,0.0,0.0,0.0
n_4503,0,-1,1,5.912629843805102e-16,0.0,0.0,0.0
n_4504,0,-1,1,5.912629843805102e-16,0.0,0.0,0.0
n_4505,0,-1,1,5.912629843805102e-16,0.0,0.0,0.0
n_4506,0,-1,1,5.912629843805102e-16,0.0,0.0,0.0
n_4507,0,-1,1,5.912629843805102e-16,0.0,0.0,0.0
n_4508,0,-1,1,5.912629843805102e-16,0.0,0.0,0.0
n_4509,0,-1,1,5.912629843805102e-16,0.0,0.0,0.0
n_451,0,-1,2,1.1703740105832366e-15,0.0,0.0,0.0
n_4510,0,-1,1,5.912629843805102e-16,0.0,0.0,0.0
n_4511,0,-1,1,5.912629843805102e-16,0.0,0.0,0.0
n_4512,0,-1,1,5.912629843805102e-16,0.0,0.0,0.0
n_4513,0,-1,1,5.912629843805102e-16,0.0,0.0,0.0
n_4514,0,-1,1,5.912629843805102e-16,0.0,0.0,0.0
n_4515,0,-1,1,5.912629843805102e-16,0.0,0.0,0.0
n_4516,0,-1,1,5.912629843805102e-16,0.0,0.0,0.0
n_4517,0,-1,1,5.912629843805102e-16,0.0,0.0,0.0
n_4518,0,-1,1,5.912629843805102e-16,0.0,0.0,0.0
n_4519,0,-1,1,5.912629843805102e-16,0.0,0.0,0.0
n_452,0,-1,8,5.3982925917492146e-15,0.0,0.0,0.0
n_453,0,-1,16,9.194290226627148e-15,0.0,0.0,0.0
n_454,0,-1,8,4.707008251187772e-15,0.0,0.0,0.0
n_456,0,-1,8,3.5005699070510526e-15,0.0,0.0,0.0
n_457,0,-1,8,3.583783694338736e-15,0.0,0.0,0.0
n_4616,0,-1,1,5.912629843805102e-16,0.0,0.0,0.0
n_4618,0,-1,1,5.912629843805102e-16,0.0,0.0,0.0
n_4621,0,-1,1,5.912629843805102e-16,0.0,0.0,0.0
n_4622,0,-1,1,5.912629843805102e-16,0.0,0.0,0.0
n_4623,0,-1,1,5.912629843805102e-16,0.0,0.0,0.0
n_4625,0,-1,1,5.912629843805102e-16,0.0,0.0,0.0
n_4626,0,-1,1,5.912629843805102e-16,0.0,0.0,0.0
n_4627,0,-1,1,5.912629843805102e-16,0.0,0.0,0.0
n_4631,0,-1,1,5.912629843805102e-16,0.0,0.0,0.0
n_4633,0,-1,1,5.912629843805102e-16,0.0,0.0,0.0
n_4635,0,-1,1,5.912629843805102e-16,0.0,0.0,0.0
n_4637,0,-1,1,5.912629843805102e-16,0.0,0.0,0.0
n_4641,0,-1,1,5.912629843805102e-16,0.0,0.0,0.0
n_4642,0,-1,1,5.912629843805102e-16,0.0,0.0,0.0
n_4644,0,-1,1,5.912629843805102e-16,0.0,0.0,0.0
n_4645,0,-1,1,5.912629843805102e-16,0.0,0.0,0.0
n_4646,0,-1,1,5.912629843805102e-16,0.0,0.0,0.0
n_4648,0,-1,1,6.194319650139584e-16,0.0,0.0,0.0
n_4649,0,-1,1,6.194319650139584e-16,0.0,0.0,0.0
n_46491,0,-1,4,1.6952240003057341e-15,0.0,0.0,0.0
n_46494,0,-1,16,6.780896848255884e-15,0.0,0.0,0.0
n_4650,0,-1,1,6.194319650139584e-16,0.0,0.0,0.0
n_4651,0,-1,1,6.194319650139584e-16,0.0,0.0,0.0
n_4652,0,-1,1,6.194319650139584e-16,0.0,0.0,0.0
n_46529,0,-1,12,6.318909832230338e-15,0.0,0.0,0.0
n_4653,0,-1,1,6.194319650139584e-16,0.0,0.0,0.0
n_46530,0,-1,14,5.873035076927463e-15,0.0,0.0,0.0
n_46531,0,-1,1,5.616789822691145e-16,0.0,0.0,0.0
n_46532,0,-1,1,5.616789822691145e-16,0.0,0.0,0.0
n_46533,0,-1,1,5.616789822691145e-16,0.0,0.0,0.0
n_46534,0,-1,1,5.616789822691145e-16,0.0,0.0,0.0
n_46535,0,-1,1,5.616789822691145e-16,0.0,0.0,0.0
n_46536,0,-1,1,6.212930022781945e-16,0.0,0.0,0.0
n_46537,0,-1,1,5.616789822691145e-16,0.0,0.0,0.0
n_46538,0,-1,1,5.616789822691145e-16,0.0,0.0,0.0
n_46539,0,-1,1,5.616789822691145e-16,0.0,0.0,0.0
n_4654,0,-1,1,6.194319650139584e-16,0.0,0.0,0.0
n_46540,0,-1,1,6.212930022781945e-16,0.0,0.0,0.0
n_46541,0,-1,1,5.616789822691145e-16,0.0,0.0,0.0
n_46542,0,-1,1,5.616789822691145e-16,0.0,0.0,0.0
n_46543,0,-1,1,6.212930022781945e-16,0.0,0.0,0.0
n_46544,0,-1,1,5.616789822691145e-16,0.0,0.0,0.0
n_46545,0,-1,13,5.50947837157055e-15,0.0,0.0,0.0
n_46546,0,-1,1,5.934590231753854e-16,0.0,0.0,0.0
n_46547,0,-1,1,5.616789822691145e-16,0.0,0.0,0.0
n_46548,0,-1,1,5.616789822691145e-16,0.0,0.0,0.0
n_46549,0,-1,1,5.616789822691145e-16,0.0,0.0,0.0
n_4655,0,-1,1,6.194319650139584e-16,0.0,0.0,0.0
n_46550,0,-1,1,5.616789822691145e-16,0.0,0.0,0.0
n_46551,0,-1,1,5.616789822691145e-16,0.0,0.0,0.0
n_46552,0,-1,1,5.616789822691145e-16,0.0,0.0,0.0
n_46553,0,-1,1,6.212930022781945e-16,0.0,0.0,0.0
n_46554,0,-1,1,5.616789822691145e-16,0.0,0.0,0.0
n_46555,0,-1,1,6.212930022781945e-16,0.0,0.0,0.0
n_46556,0,-1,1,5.616789822691145e-16,0.0,0.0,0.0
n_46557,0,-1,1,5.616789822691145e-16,0.0,0.0,0.0
n_46558,0,-1,1,6.212930022781945e-16,0.0,0.0,0.0
n_4656,0,-1,1,6.194319650139584e-16,0.0,0.0,0.0
n_4657,0,-1,1,6.194319650139584e-16,0.0,0.0,0.0
n_4658,0,-1,1,6.194319650139584e-16,0.0,0.0,0.0
n_4659,0,-1,1,6.194319650139584e-16,0.0,0.0,0.0
n_466,0,-1,10,4.283722594038749e-15,0.0,0.0,0.0
n_4660,0,-1,1,6.194319650139584e-16,0.0,0.0,0.0
n_4661,0,-1,1,6.194319650139584e-16,0.0,0.0,0.0
n_46615,0,-1,16,6.364863487201252e-15,0.0,0.0,0.0
n_4662,0,-1,1,6.194319650139584e-16,0.0,0.0,0.0
n_4663,0,-1,1,6.194319650139584e-16,0.0,0.0,0.0
n_4664,0,-1,1,6.194319650139584e-16,0.0,0.0,0.0
n_4665,0,-1,1,6.194319650139584e-16,0.0,0.0,0.0
n_4666,0,-1,1,6.194319650139584e-16,0.0,0.0,0.0
n_4667,0,-1,1,6.194319650139584e-16,0.0,0.0,0.0
n_4668,0,-1,1,6.194319650139584e-16,0.0,0.0,0.0
n_4669,0,-1,1,6.194319650139584e-16,0.0,0.0,0.0
n_467,0,-1,16,6.970472986246763e-15,0.0,0.0,0.0
n_4670,0,-1,1,6.194319650139584e-16,0.0,0.0,0.0
n_4671,0,-1,1,6.194319650139584e-16,0.0,0.0,0.0
n_4672,0,-1,1,6.194319650139584e-16,0.0,0.0,0.0
n_4673,0,-1,1,6.194319650139584e-16,0.0,0.0,0.0
n_4674,0,-1,1,6.194319650139584e-16,0.0,0.0,0.0
n_4675,0,-1,1,6.194319650139584e-16,0.0,0.0,0.0
n_4676,0,-1,1,6.194319650139584e-16,0.0,0.0,0.0
n_4677,0,-1,1,6.194319650139584e-16,0.0,0.0,0.0
n_4678,0,-1,1,6.194319650139584e-16,0.0,0.0,0.0
n_4679,0,-1,1,6.194319650139584e-16,0.0,0.0,0.0
n_468,0,-1,4,1.6912080053445647e-15,0.0,0.0,0.0
n_4680,0,-1,1,5.912629843805102e-16,0.0,0.0,0.0
n_4681,0,-1,1,5.912629843805102e-16,0.0,0.0,0.0
n_4682,0,-1,1,5.912629843805102e-16,0.0,0.0,0.0
n_4683,0,-1,1,5.912629843805102e-16,0.0,0.0,0.0
n_4684,0,-1,1,5.912629843805102e-16,0.0,0.0,0.0
n_4685,0,-1,1,5.912629843805102e-16,0.0,0.0,0.0
n_4686,0,-1,1,5.912629843805102e-16,0.0,0.0,0.0
n_4687,0,-1,1,5.912629843805102e-16,0.0,0.0,0.0
n_4688,0,-1,1,5.912629843805102e-16,0.0,0.0,0.0
n_4689,0,-1,1,5.912629843805102e-16,0.0,0.0,0.0
n_469,0,-1,4,1.85878203901404e-15,0.0,0.0,0.0
n_4690,0,-1,1,5.912629843805102e-16,0.0,0.0,0.0
n_4691,0,-1,1,5.912629843805102e-16,0.0,0.0,0.0
n_4692,0,-1,1,5.912629843805102e-16,0.0,0.0,0.0
n_4693,0,-1,1,5.912629843805102e-16,0.0,0.0,0.0
n_4695,0,-1,1,5.912629843805102e-16,0.0,0.0,0.0
n_4696,0,-1,1,5.912629843805102e-16,0.0,0.0,0.0
n_4697,0,-1,1,5.912629843805102e-16,0.0,0.0,0.0
n_4698,0,-1,1,5.912629843805102e-16,0.0,0.0,0.0
n_4699,0,-1,1,5.912629843805102e-16,0.0,0.0,0.0
n_47,0,-1,3,1.875775002243619e-15,0.0,0.0,0.0
n_4701,0,-1,1,5.912629843805102e-16,0.0,0.0,0.0
n_4702,0,-1,1,5.912629843805102e-16,0.0,0.0,0.0
n_4703,0,-1,1,5.912629843805102e-16,0.0,0.0,0.0
n_4704,0,-1,1,5.912629843805102e-16,0.0,0.0,0.0
n_4705,0,-1,1,5.912629843805102e-16,0.0,0.0,0.0
n_4706,0,-1,1,5.912629843805102e-16,0.0,0.0,0.0
n_4707,0,-1,1,5.912629843805102e-16,0.0,0.0,0.0
n_4708,0,-1,1,5.912629843805102e-16,0.0,0.0,0.0
n_4709,0,-1,1,5.912629843805102e-16,0.0,0.0,0.0
n_471,0,-1,13,5.6014432797527915e-15,0.0,0.0,0.0
n_4710,0,-1,1,5.912629843805102e-16,0.0,0.0,0.0
n_4711,0,-1,1,5.912629843805102e-16,0.0,0.0,0.0
n_4712,0,-1,1,6.196590227833818e-16,0.0,0.0,0.0
n_4713,0,-1,1,6.196590227833818e-16,0.0,0.0,0.0
n_4714,0,-1,1,6.194319650139584e-16,0.0,0.0,0.0
n_4715,0,-1,1,6.196590227833818e-16,0.0,0.0,0.0
n_4716,0,-1,1,6.196590227833818e-16,0.0,0.0,0.0
n_4717,0,-1,1,6.196590227833818e-16,0.0,0.0,0.0
n_4718,0,-1,1,6.194319650139584e-16,0.0,0.0,0.0
n_4719,0,-1,1,6.194319650139584e-16,0.0,0.0,0.0
n_4720,0,-1,1,6.194319650139584e-16,0.0,0.0,0.0
n_4721,0,-1,1,6.194319650139584e-16,0.0,0.0,0.0
n_4722,0,-1,1,6.194319650139584e-16,0.0,0.0,0.0
n_4723,0,-1,1,6.194319650139584e-16,0.0,0.0,0.0
n_4724,0,-1,1,6.196590227833818e-16,0.0,0.0,0.0
n_4725,0,-1,1,6.194319650139584e-16,0.0,0.0,0.0
n_4726,0,-1,1,6.196590227833818e-16,0.0,0.0,0.0
n_4727,0,-1,1,6.196590227833818e-16,0.0,0.0,0.0
n_4728,0,-1,1,6.196590227833818e-16,0.0,0.0,0.0
n_4729,0,-1,1,6.196590227833818e-16,0.0,0.0,0.0
n_473,0,-1,7,3.468953131745365e-15,0.0,0.0,0.0
n_4730,0,-1,1,6.196590227833818e-16,0.0,0.0,0.0
n_4731,0,-1,1,6.196590227833818e-16,0.0,0.0,0.0
n_4732,0,-1,1,6.196590227833818e-16,0.0,0.0,0.0
n_4733,0,-1,1,6.196590227833818e-16,0.0,0.0,0.0
n_4734,0,-1,1,6.194319650139584e-16,0.0,0.0,0.0
n_4735,0,-1,1,6.194319650139584e-16,0.0,0.0,0.0
n_4736,0,-1,1,6.196590227833818e-16,0.0,0.0,0.0
n_4737,0,-1,1,6.196590227833818e-16,0.0,0.0,0.0
n_4738,0,-1,1,6.194319650139584e-16,0.0,0.0,0.0
n_4739,0,-1,1,6.194319650139584e-16,0.0,0.0,0.0
n_474,0,-1,13,5.50947837157055e-15,0.0,0.0,0.0
n_4740,0,-1,1,6.194319650139584e-16,0.0,0.0,0.0
n_4741,0,-1,1,6.194319650139584e-16,0.0,0.0,0.0
n_4742,0,-1,1,6.194319650139584e-16,0.0,0.0,0.0
n_4743,0,-1,1,6.196590227833818e-16,0.0,0.0,0.0
n_4744,0,-1,1,6.194319650139584e-16,0.0,0.0,0.0
n_4745,0,-1,1,6.196590227833818e-16,0.0,0.0,0.0
n_4746,0,-1,1,6.194319650139584e-16,0.0,0.0,0.0
n_4747,0,-1,1,6.194319650139584e-16,0.0,0.0,0.0
n_4748,0,-1,1,6.194319650139584e-16,0.0,0.0,0.0
n_4749,0,-1,1,6.194319650139584e-16,0.0,0.0,0.0
n_4750,0,-1,1,6.194319650139584e-16,0.0,0.0,0.0
n_4751,0,-1,1,6.194319650139584e-16,0.0,0.0,0.0
n_4752,0,-1,1,6.194319650139584e-16,0.0,0.0,0.0
n_4753,0,-1,1,6.194319650139584e-16,0.0,0.0,0.0
n_4754,0,-1,1,6.194319650139584e-16,0.0,0.0,0.0
n_4755,0,-1,1,6.194319650139584e-16,0.0,0.0,0.0
n_4756,0,-1,1,6.194319650139584e-16,0.0,0.0,0.0
n_47562,0,-1,6,5.425053750684767e-15,0.0,0.0,0.0
n_47564,0,-1,9,5.285203105378925e-15,0.0,0.0,0.0
n_47565,0,-1,1,5.912629843805102e-16,0.0,0.0,0.0
n_47566,0,-1,1,5.912629843805102e-16,0.0,0.0,0.0
n_47567,0,-1,1,5.912629843805102e-16,0.0,0.0,0.0
n_47568,0,-1,1,5.912629843805102e-16,0.0,0.0,0.0
n_47569,0,-1,1,5.912629843805102e-16,0.0,0.0,0.0
n_4757,0,-1,1,6.194319650139584e-16,0.0,0.0,0.0
n_47570,0,-1,1,5.912629843805102e-16,0.0,0.0,0.0
n_47571,0,-1,1,5.912629843805102e-16,0.0,0.0,0.0
n_47572,0,-1,1,5.912629843805102e-16,0.0,0.0,0.0
n_47573,0,-1,1,5.912629843805102e-16,0.0,0.0,0.0
n_47574,0,-1,9,5.313945050861631e-15,0.0,0.0,0.0
n_47575,0,-1,1,5.912629843805102e-16,0.0,0.0,0.0
n_47576,0,-1,1,5.912629843805102e-16,0.0,0.0,0.0
n_47577,0,-1,1,5.912629843805102e-16,0.0,0.0,0.0
n_47578,0,-1,1,5.912629843805102e-16,0.0,0.0,0.0
n_47579,0,-1,1,5.912629843805102e-16,0.0,0.0,0.0
n_4758,0,-1,1,6.194319650139584e-16,0.0,0.0,0.0
n_47580,0,-1,1,5.912629843805102e-16,0.0,0.0,0.0
n_47581,0,-1,1,5.912629843805102e-16,0.0,0.0,0.0
n_47582,0,-1,1,5.912629843805102e-16,0.0,0.0,0.0
n_47583,0,-1,1,5.912629843805102e-16,0.0,0.0,0.0
n_4759,0,-1,1,6.194319650139584e-16,0.0,0.0,0.0
n_476,0,-1,4,2.82077789775972e-15,0.0,0.0,0.0
n_4760,0,-1,1,6.194319650139584e-16,0.0,0.0,0.0
n_4761,0,-1,1,6.194319650139584e-16,0.0,0.0,0.0
n_4762,0,-1,1,6.194319650139584e-16,0.0,0.0,0.0
n_4763,0,-1,1,6.194319650139584e-16,0.0,0.0,0.0
n_4764,0,-1,1,6.194319650139584e-16,0.0,0.0,0.0
n_4765,0,-1,1,6.194319650139584e-16,0.0,0.0,0.0
n_4766,0,-1,1,6.194319650139584e-16,0.0,0.0,0.0
n_4767,0,-1,1,6.194319650139584e-16,0.0,0.0,0.0
n_4768,0,-1,1,6.194319650139584e-16,0.0,0.0,0.0
n_4769,0,-1,1,6.194319650139584e-16,0.0,0.0,0.0
n_4770,0,-1,1,6.196590227833818e-16,0.0,0.0,0.0
n_4771,0,-1,1,6.194319650139584e-16,0.0,0.0,0.0
n_4772,0,-1,1,6.194319650139584e-16,0.0,0.0,0.0
n_4773,0,-1,1,6.194319650139584e-16,0.0,0.0,0.0
n_4774,0,-1,1,6.194319650139584e-16,0.0,0.0,0.0
n_4775,0,-1,1,6.194319650139584e-16,0.0,0.0,0.0
n_4776,0,-1,1,5.912629843805102e-16,0.0,0.0,0.0
n_4777,0,-1,1,5.912629843805102e-16,0.0,0.0,0.0
n_4778,0,-1,1,5.912629843805102e-16,0.0,0.0,0.0
n_4779,0,-1,1,5.912629843805102e-16,0.0,0.0,0.0
n_478,0,-1,4,1.7558469953736716e-15,0.0,0.0,0.0
n_4780,0,-1,1,5.912629843805102e-16,0.0,0.0,0.0
n_4781,0,-1,1,5.912629843805102e-16,0.0,0.0,0.0
n_4782,0,-1,1,5.912629843805102e-16,0.0,0.0,0.0
n_4783,0,-1,1,5.912629843805102e-16,0.0,0.0,0.0
n_4784,0,-1,1,5.912629843805102e-16,0.0,0.0,0.0
n_4785,0,-1,1,5.912629843805102e-16,0.0,0.0,0.0
n_4786,0,-1,1,5.912629843805102e-16,0.0,0.0,0.0
n_4787,0,-1,1,5.912629843805102e-16,0.0,0.0,0.0
n_4788,0,-1,1,5.912629843805102e-16,0.0,0.0,0.0
n_4789,0,-1,1,5.912629843805102e-16,0.0,0.0,0.0
n_4790,0,-1,1,5.912629843805102e-16,0.0,0.0,0.0
n_4791,0,-1,1,5.912629843805102e-16,0.0,0.0,0.0
n_4792,0,-1,1,5.912629843805102e-16,0.0,0.0,0.0
n_47922,0,-1,2,4.430568884455964e-15,0.0,0.0,0.0
n_4793,0,-1,1,5.912629843805102e-16,0.0,0.0,0.0
n_4794,0,-1,1,5.912629843805102e-16,0.0,0.0,0.0
n_47944,0,-1,5,2.553598083449059e-15,0.0,0.0,0.0
n_4795,0,-1,1,5.912629843805102e-16,0.0,0.0,0.0
n_47955,0,-1,1,5.101060048469971e-16,0.0,0.0,0.0
n_47956,0,-1,1,5.548899602573121e-16,0.0,0.0,0.0
n_4796,0,-1,1,5.912629843805102e-16,0.0,0.0,0.0
n_4797,0,-1,1,5.912629843805102e-16,0.0,0.0,0.0
n_4798,0,-1,1,5.912629843805102e-16,0.0,0.0,0.0
n_4799,0,-1,1,5.912629843805102e-16,0.0,0.0,0.0
n_4800,0,-1,1,5.912629843805102e-16,0.0,0.0,0.0
n_4801,0,-1,1,5.912629843805102e-16,0.0,0.0,0.0
n_4802,0,-1,1,5.912629843805102e-16,0.0,0.0,0.0
n_4803,0,-1,1,5.912629843805102e-16,0.0,0.0,0.0
n_4804,0,-1,1,5.912629843805102e-16,0.0,0.0,0.0
n_4805,0,-1,1,5.912629843805102e-16,0.0,0.0,0.0
n_48051,0,-1,20,1.1711167314230365e-14,0.0,0.0,0.0
n_4806,0,-1,1,5.912629843805102e-16,0.0,0.0,0.0
n_4807,0,-1,1,5.912629843805102e-16,0.0,0.0,0.0
n_4808,0,-1,1,5.912629843805102e-16,0.0,0.0,0.0
n_4809,0,-1,1,5.912629843805102e-16,0.0,0.0,0.0
n_481,0,-1,3,1.660061015687248e-15,0.0,0.0,0.0
n_4810,0,-1,1,5.912629843805102e-16,0.0,0.0,0.0
n_4811,0,-1,1,5.912629843805102e-16,0.0,0.0,0.0
n_4812,0,-1,1,5.912629843805102e-16,0.0,0.0,0.0
n_4813,0,-1,1,5.912629843805102e-16,0.0,0.0,0.0
n_4814,0,-1,1,5.912629843805102e-16,0.0,0.0,0.0
n_4815,0,-1,1,5.912629843805102e-16,0.0,0.0,0.0
n_4816,0,-1,1,5.912629843805102e-16,0.0,0.0,0.0
n_4817,0,-1,1,5.912629843805102e-16,0.0,0.0,0.0
n_4818,0,-1,1,5.912629843805102e-16,0.0,0.0,0.0
n_4819,0,-1,1,5.912629843805102e-16,0.0,0.0,0.0
n_4820,0,-1,1,6.194319650139584e-16,0.0,0.0,0.0
n_4821,0,-1,1,5.912629843805102e-16,0.0,0.0,0.0
n_4822,0,-1,1,5.912629843805102e-16,0.0,0.0,0.0
n_48227,0,-1,1,5.863069946061253e-16,0.0,0.0,0.0
n_48229,0,-1,1,5.863069946061253e-16,0.0,0.0,0.0
n_4823,0,-1,1,5.912629843805102e-16,0.0,0.0,0.0
n_4824,0,-1,1,5.912629843805102e-16,0.0,0.0,0.0
n_4825,0,-1,1,5.912629843805102e-16,0.0,0.0,0.0
n_4826,0,-1,1,5.912629843805102e-16,0.0,0.0,0.0
n_4827,0,-1,1,5.912629843805102e-16,0.0,0.0,0.0
n_4828,0,-1,1,5.912629843805102e-16,0.0,0.0,0.0
n_4829,0,-1,1,5.912629843805102e-16,0.0,0.0,0.0
n_483,0,-1,2,1.1459190047257025e-15,0.0,0.0,0.0
n_4830,0,-1,1,5.912629843805102e-16,0.0,0.0,0.0
n_4831,0,-1,1,5.912629843805102e-16,0.0,0.0,0.0
n_4832,0,-1,1,5.912629843805102e-16,0.0,0.0,0.0
n_4833,0,-1,1,5.912629843805102e-16,0.0,0.0,0.0
n_4834,0,-1,1,5.912629843805102e-16,0.0,0.0,0.0
n_4835,0,-1,1,5.912629843805102e-16,0.0,0.0,0.0
n_4836,0,-1,1,5.912629843805102e-16,0.0,0.0,0.0
n_4837,0,-1,1,6.194319650139584e-16,0.0,0.0,0.0
n_48370,0,-1,8,5.046863704131089e-15,0.0,0.0,0.0
n_48371,0,-1,1,6.212930022781945e-16,0.0,0.0,0.0
n_48372,0,-1,1,6.212930022781945e-16,0.0,0.0,0.0
n_48373,0,-1,1,6.212930022781945e-16,0.0,0.0,0.0
n_48374,0,-1,1,6.212930022781945e-16,0.0,0.0,0.0
n_48375,0,-1,1,6.212930022781945e-16,0.0,0.0,0.0
n_48376,0,-1,1,6.212930022781945e-16,0.0,0.0,0.0
n_48377,0,-1,1,6.212930022781945e-16,0.0,0.0,0.0
n_48378,0,-1,1,6.212930022781945e-16,0.0,0.0,0.0
n_48379,0,-1,8,5.046863704131089e-15,0.0,0.0,0.0
n_4838,0,-1,1,5.912629843805102e-16,0.0,0.0,0.0
n_48380,0,-1,1,6.212930022781945e-16,0.0,0.0,0.0
n_48381,0,-1,1,6.212930022781945e-16,0.0,0.0,0.0
n_48382,0,-1,1,6.212930022781945e-16,0.0,0.0,0.0
n_48383,0,-1,1,6.212930022781945e-16,0.0,0.0,0.0
n_48384,0,-1,1,6.212930022781945e-16,0.0,0.0,0.0
n_48385,0,-1,1,6.212930022781945e-16,0.0,0.0,0.0
n_48386,0,-1,1,6.212930022781945e-16,0.0,0.0,0.0
n_48387,0,-1,1,6.212930022781945e-16,0.0,0.0,0.0
n_4839,0,-1,1,5.912629843805102e-16,0.0,0.0,0.0
n_484,0,-1,1,5.935699844914757e-16,0.0,0.0,0.0
n_4840,0,-1,1,5.616789822691145e-16,0.0,0.0,0.0
n_4841,0,-1,1,5.912629843805102e-16,0.0,0.0,0.0
n_48465,0,-1,1,3.62321996017612e-16,0.0,0.0,0.0
n_48466,0,-1,1,3.720560192381196e-16,0.0,0.0,0.0
n_48467,0,-1,1,6.196590227833818e-16,0.0,0.0,0.0
n_48468,0,-1,1,8.089889918239655e-16,0.0,0.0,0.0
n_48469,0,-1,1,7.489850190217932e-16,0.0,0.0,0.0
n_48470,0,-1,1,6.196590227833818e-16,0.0,0.0,0.0
n_48471,0,-1,1,3.62321996017612e-16,0.0,0.0,0.0
n_48472,0,-1,1,3.720560192381196e-16,0.0,0.0,0.0
n_48473,0,-1,1,6.196590227833818e-16,0.0,0.0,0.0
n_4850,0,-1,1,5.912629843805102e-16,0.0,0.0,0.0
n_4851,0,-1,1,5.912629843805102e-16,0.0,0.0,0.0
n_4852,0,-1,1,6.194319650139584e-16,0.0,0.0,0.0
n_4853,0,-1,1,5.912629843805102e-16,0.0,0.0,0.0
n_4854,0,-1,1,5.91575010142455e-16,0.0,0.0,0.0
n_48548,0,-1,1,3.62321996017612e-16,0.0,0.0,0.0
n_48549,0,-1,1,3.720560192381196e-16,0.0,0.0,0.0
n_4855,0,-1,1,6.194319650139584e-16,0.0,0.0,0.0
n_48550,0,-1,1,6.196590227833818e-16,0.0,0.0,0.0
n_4856,0,-1,1,6.194319650139584e-16,0.0,0.0,0.0
n_48563,0,-1,2,1.1561470334429166e-15,0.0,0.0,0.0
n_48564,0,-1,1,5.558670127619699e-16,0.0,0.0,0.0
n_48565,0,-1,1,6.378279853811049e-16,0.0,0.0,0.0
n_48566,0,-1,3,1.3563809634926233e-15,0.0,0.0,0.0
n_4857,0,-1,1,5.912629843805102e-16,0.0,0.0,0.0
n_48572,0,-1,18,7.150771572366366e-15,0.0,0.0,0.0
n_48573,0,-1,9,3.808191097670133e-15,0.0,0.0,0.0
n_48574,0,-1,1,5.548899602573121e-16,0.0,0.0,0.0
n_48575,0,-1,1,3.62321996017612e-16,0.0,0.0,0.0
n_4858,0,-1,1,5.912629843805102e-16,0.0,0.0,0.0
n_4859,0,-1,1,5.91575010142455e-16,0.0,0.0,0.0
n_486,0,-1,1,3.385409901580759e-16,0.0,0.0,0.0
n_4860,0,-1,1,6.194319650139584e-16,0.0,0.0,0.0
n_4861,0,-1,1,5.91575010142455e-16,0.0,0.0,0.0
n_4862,0,-1,1,5.912629843805102e-16,0.0,0.0,0.0
n_4863,0,-1,1,6.194319650139584e-16,0.0,0.0,0.0
n_4864,0,-1,1,5.912629843805102e-16,0.0,0.0,0.0
n_4865,0,-1,1,5.912629843805102e-16,0.0,0.0,0.0
n_4866,0,-1,1,5.912629843805102e-16,0.0,0.0,0.0
n_4867,0,-1,1,6.194319650139584e-16,0.0,0.0,0.0
n_4868,0,-1,1,5.91575010142455e-16,0.0,0.0,0.0
n_4869,0,-1,1,5.912629843805102e-16,0.0,0.0,0.0
n_487,0,-1,2,7.477079580351298e-16,0.0,0.0,0.0
n_4870,0,-1,1,6.194319650139584e-16,0.0,0.0,0.0
n_48700,0,-1,1,5.355650094448236e-16,0.0,0.0,0.0
n_48701,0,-1,1,5.633400138786802e-16,0.0,0.0,0.0
n_48702,0,-1,1,6.1835903896758325e-16,0.0,0.0,0.0
n_4871,0,-1,1,6.194319650139584e-16,0.0,0.0,0.0
n_48715,0,-1,1,5.964369792596947e-16,0.0,0.0,0.0
n_48716,0,-1,1,6.316540151681275e-16,0.0,0.0,0.0
n_48718,0,-1,2,8.71199961909768e-16,0.0,0.0,0.0
n_48719,0,-1,1,6.212930022781945e-16,0.0,0.0,0.0
n_4872,0,-1,1,6.194319650139584e-16,0.0,0.0,0.0
n_4873,0,-1,1,6.194319650139584e-16,0.0,0.0,0.0
n_48731,0,-1,1,4.60878991051419e-16,0.0,0.0,0.0
n_48732,0,-1,1,4.751459904984968e-16,0.0,0.0,0.0
n_48733,0,-1,1,5.026950488936732e-16,0.0,0.0,0.0
n_48734,0,-1,1,6.212930022781945e-16,0.0,0.0,0.0
n_4874,0,-1,1,5.912629843805102e-16,0.0,0.0,0.0
n_4875,0,-1,1,5.912629843805102e-16,0.0,0.0,0.0
n_48757,0,-1,1,5.08158040826549e-16,0.0,0.0,0.0
n_48758,0,-1,1,5.205529915810764e-16,0.0,0.0,0.0
n_48759,0,-1,1,7.489850190217932e-16,0.0,0.0,0.0
n_4876,0,-1,1,6.194319650139584e-16,0.0,0.0,0.0
n_4877,0,-1,1,5.912629843805102e-16,0.0,0.0,0.0
n_4878,0,-1,1,6.194319650139584e-16,0.0,0.0,0.0
n_48785,0,-1,1,5.205529915810764e-16,0.0,0.0,0.0
n_4879,0,-1,1,6.194319650139584e-16,0.0,0.0,0.0
n_48790,0,-1,1,7.489850190217932e-16,0.0,0.0,0.0
n_488,0,-1,1,5.794730269085592e-16,0.0,0.0,0.0
n_4880,0,-1,1,6.194319650139584e-16,0.0,0.0,0.0
n_4881,0,-1,1,5.912629843805102e-16,0.0,0.0,0.0
n_4882,0,-1,1,6.194319650139584e-16,0.0,0.0,0.0
n_4883,0,-1,1,5.91575010142455e-16,0.0,0.0,0.0
n_4884,0,-1,1,5.91575010142455e-16,0.0,0.0,0.0
n_48846,0,-1,18,1.018683665795616e-14,0.0,0.0,0.0
n_4885,0,-1,1,6.194319650139584e-16,0.0,0.0,0.0
n_4886,0,-1,1,5.912629843805102e-16,0.0,0.0,0.0
n_4887,0,-1,1,5.91575010142455e-16,0.0,0.0,0.0
n_4888,0,-1,1,6.194319650139584e-16,0.0,0.0,0.0
n_4889,0,-1,1,5.91575010142455e-16,0.0,0.0,0.0
n_4890,0,-1,1,5.912629843805102e-16,0.0,0.0,0.0
n_4891,0,-1,1,5.912629843805102e-16,0.0,0.0,0.0
n_4892,0,-1,1,5.912629843805102e-16,0.0,0.0,0.0
n_4893,0,-1,1,5.912629843805102e-16,0.0,0.0,0.0
n_4894,0,-1,1,5.912629843805102e-16,0.0,0.0,0.0
n_48940,0,-1,1,5.548899602573121e-16,0.0,0.0,0.0
n_48941,0,-1,1,5.101060048469971e-16,0.0,0.0,0.0
n_48942,0,-1,1,5.08158040826549e-16,0.0,0.0,0.0
n_48943,0,-1,1,5.205529915810764e-16,0.0,0.0,0.0
n_48944,0,-1,1,6.193060218026136e-16,0.0,0.0,0.0
n_4895,0,-1,1,5.912629843805102e-16,0.0,0.0,0.0
n_4896,0,-1,1,5.912629843805102e-16,0.0,0.0,0.0
n_48963,0,-1,1,5.242360496544158e-16,0.0,0.0,0.0
n_48966,0,-1,1,5.07333983647989e-16,0.0,0.0,0.0
n_48967,0,-1,1,5.07333983647989e-16,0.0,0.0,0.0
n_4897,0,-1,1,5.912629843805102e-16,0.0,0.0,0.0
n_48974,0,-1,1,6.212930022781945e-16,0.0,0.0,0.0
n_4898,0,-1,1,5.912629843805102e-16,0.0,0.0,0.0
n_4899,0,-1,1,5.912629843805102e-16,0.0,0.0,0.0
n_4900,0,-1,1,5.912629843805102e-16,0.0,0.0,0.0
n_4901,0,-1,1,5.912629843805102e-16,0.0,0.0,0.0
n_4902,0,-1,1,5.912629843805102e-16,0.0,0.0,0.0
n_4903,0,-1,1,5.912629843805102e-16,0.0,0.0,0.0
n_49036,0,-1,1,6.022999825019114e-16,0.0,0.0,0.0
n_49037,0,-1,5,2.8604459329872964e-15,0.0,0.0,0.0
n_49038,0,-1,1,6.20466986335944e-16,0.0,0.0,0.0
n_49039,0,-1,3,2.408638135405379e-15,0.0,0.0,0.0
n_4904,0,-1,1,5.912629843805102e-16,0.0,0.0,0.0
n_4905,0,-1,1,5.912629843805102e-16,0.0,0.0,0.0
n_4906,0,-1,1,5.912629843805102e-16,0.0,0.0,0.0
n_4907,0,-1,1,5.912629843805102e-16,0.0,0.0,0.0
n_4908,0,-1,1,5.912629843805102e-16,0.0,0.0,0.0
n_4909,0,-1,1,5.912629843805102e-16,0.0,0.0,0.0
n_49094,0,-1,1,6.311820060582701e-16,0.0,0.0,0.0
n_49095,0,-1,1,6.066110096265213e-16,0.0,0.0,0.0
n_49096,0,-1,1,6.212930022781945e-16,0.0,0.0,0.0
n_4910,0,-1,1,5.912629843805102e-16,0.0,0.0,0.0
n_4911,0,-1,1,5.912629843805102e-16,0.0,0.0,0.0
n_4912,0,-1,1,5.912629843805102e-16,0.0,0.0,0.0
n_4913,0,-1,1,5.912629843805102e-16,0.0,0.0,0.0
n_4914,0,-1,1,5.912629843805102e-16,0.0,0.0,0.0
n_4915,0,-1,1,5.912629843805102e-16,0.0,0.0,0.0
n_4916,0,-1,1,5.912629843805102e-16,0.0,0.0,0.0
n_4917,0,-1,1,5.912629843805102e-16,0.0,0.0,0.0
n_4918,0,-1,1,5.912629843805102e-16,0.0,0.0,0.0
n_4919,0,-1,1,5.912629843805102e-16,0.0,0.0,0.0
n_4920,0,-1,1,5.912629843805102e-16,0.0,0.0,0.0
n_4921,0,-1,1,5.912629843805102e-16,0.0,0.0,0.0
n_4922,0,-1,1,5.912629843805102e-16,0.0,0.0,0.0
n_4923,0,-1,1,5.912629843805102e-16,0.0,0.0,0.0
n_4924,0,-1,1,5.912629843805102e-16,0.0,0.0,0.0
n_49246,0,-1,2,6.954939884301777e-16,0.0,0.0,0.0
n_49247,0,-1,1,6.311820060582701e-16,0.0,0.0,0.0
n_49248,0,-1,1,6.011460059903958e-16,0.0,0.0,0.0
n_49249,0,-1,1,6.066110096265213e-16,0.0,0.0,0.0
n_4925,0,-1,1,5.912629843805102e-16,0.0,0.0,0.0
n_49250,0,-1,1,6.212930022781945e-16,0.0,0.0,0.0
n_49251,0,-1,2,1.1083280001639119e-15,0.0,0.0,0.0
n_4926,0,-1,1,5.912629843805102e-16,0.0,0.0,0.0
n_49262,0,-1,1,7.489850190217932e-16,0.0,0.0,0.0
n_49263,0,-1,1,6.196590227833818e-16,0.0,0.0,0.0
n_49264,0,-1,1,8.089889918239655e-16,0.0,0.0,0.0
n_49265,0,-1,1,7.489850190217932e-16,0.0,0.0,0.0
n_49266,0,-1,1,6.196590227833818e-16,0.0,0.0,0.0
n_49267,0,-1,1,8.089889918239655e-16,0.0,0.0,0.0
n_49269,0,-1,1,6.196590227833818e-16,0.0,0.0,0.0
n_4927,0,-1,1,5.912629843805102e-16,0.0,0.0,0.0
n_49273,0,-1,1,5.101060048469971e-16,0.0,0.0,0.0
n_49274,0,-1,1,5.08158040826549e-16,0.0,0.0,0.0
n_49275,0,-1,1,5.205529915810764e-16,0.0,0.0,0.0
n_49276,0,-1,1,3.720560192381196e-16,0.0,0.0,0.0
n_49277,0,-1,1,6.196590227833818e-16,0.0,0.0,0.0
n_4928,0,-1,1,5.912629843805102e-16,0.0,0.0,0.0
n_4929,0,-1,1,5.912629843805102e-16,0.0,0.0,0.0
n_4930,0,-1,1,6.212930022781945e-16,0.0,0.0,0.0
n_49308,0,-1,2,7.074649991946043e-16,0.0,0.0,0.0
n_49312,0,-1,1,6.311820060582701e-16,0.0,0.0,0.0
n_49313,0,-1,4,2.2623860386006625e-15,0.0,0.0,0.0
n_49314,0,-1,1,7.489850190217932e-16,0.0,0.0,0.0
n_49315,0,-1,1,6.196590227833818e-16,0.0,0.0,0.0
n_49322,0,-1,1,3.720560192381196e-16,0.0,0.0,0.0
n_49334,0,-1,1,5.101060048469971e-16,0.0,0.0,0.0
n_49335,0,-1,1,5.205529915810764e-16,0.0,0.0,0.0
n_4934,0,-1,1,1.0856800332202264e-15,0.0,0.0,0.0
n_49341,0,-1,2,1.7924320424314794e-15,0.0,0.0,0.0
n_49342,0,-1,2,1.9478479769343034e-15,0.0,0.0,0.0
n_49343,0,-1,2,2.0673799959014093e-15,0.0,0.0,0.0
n_49344,0,-1,1,9.511089442746203e-16,0.0,0.0,0.0
n_49345,0,-1,1,6.212930022781945e-16,0.0,0.0,0.0
n_4935,0,-1,1,6.212930022781945e-16,0.0,0.0,0.0
n_4936,0,-1,1,6.193259800164332e-16,0.0,0.0,0.0
n_4937,0,-1,1,6.212930022781945e-16,0.0,0.0,0.0
n_49379,0,-1,5,3.288261098821762e-15,0.0,0.0,0.0
n_4938,0,-1,1,5.622119777511743e-16,0.0,0.0,0.0
n_49380,0,-1,2,1.4023860757150829e-15,0.0,0.0,0.0
n_49382,0,-1,2,1.1431219960547504e-15,0.0,0.0,0.0
n_49385,0,-1,1,5.954769732931004e-16,0.0,0.0,0.0
n_4939,0,-1,1,5.481719831339606e-16,0.0,0.0,0.0
n_494,0,-1,5,3.2405752614737132e-15,0.0,0.0,0.0
n_49527,0,-1,3,6.335490502172841e-15,0.0,0.0,0.0
n_4965,0,-1,1,5.912629843805102e-16,0.0,0.0,0.0
n_4966,0,-1,1,5.912629843805102e-16,0.0,0.0,0.0
n_4967,0,-1,1,5.912629843805102e-16,0.0,0.0,0.0
n_4968,0,-1,1,5.912629843805102e-16,0.0,0.0,0.0
n_4969,0,-1,1,5.912629843805102e-16,0.0,0.0,0.0
n_497,0,-1,3,1.1764139907718702e-15,0.0,0.0,0.0
n_4970,0,-1,1,5.912629843805102e-16,0.0,0.0,0.0
n_4971,0,-1,1,5.912629843805102e-16,0.0,0.0,0.0
n_4972,0,-1,1,5.912629843805102e-16,0.0,0.0,0.0
n_4973,0,-1,1,5.912629843805102e-16,0.0,0.0,0.0
n_4974,0,-1,1,5.912629843805102e-16,0.0,0.0,0.0
n_4975,0,-1,1,5.912629843805102e-16,0.0,0.0,0.0
n_4976,0,-1,1,5.912629843805102e-16,0.0,0.0,0.0
n_4977,0,-1,1,5.912629843805102e-16,0.0,0.0,0.0
n_49771,0,-1,7,3.561978948694042e-15,0.0,0.0,0.0
n_49772,0,-1,8,4.820757576223973e-15,0.0,0.0,0.0
n_49773,0,-1,1,6.212930022781945e-16,0.0,0.0,0.0
n_49775,0,-1,1,6.212930022781945e-16,0.0,0.0,0.0
n_49776,0,-1,1,6.212930022781945e-16,0.0,0.0,0.0
n_49777,0,-1,1,6.212930022781945e-16,0.0,0.0,0.0
n_49778,0,-1,1,6.212930022781945e-16,0.0,0.0,0.0
n_49779,0,-1,1,6.212930022781945e-16,0.0,0.0,0.0
n_4978,0,-1,1,5.912629843805102e-16,0.0,0.0,0.0
n_49780,0,-1,1,6.212930022781945e-16,0.0,0.0,0.0
n_49781,0,-1,8,4.788456398296904e-15,0.0,0.0,0.0
n_49782,0,-1,1,6.212930022781945e-16,0.0,0.0,0.0
n_49783,0,-1,1,6.212930022781945e-16,0.0,0.0,0.0
n_49784,0,-1,1,6.212930022781945e-16,0.0,0.0,0.0
n_49785,0,-1,1,6.212930022781945e-16,0.0,0.0,0.0
n_49786,0,-1,1,6.212930022781945e-16,0.0,0.0,0.0
n_49787,0,-1,1,6.212930022781945e-16,0.0,0.0,0.0
n_49788,0,-1,1,6.212930022781945e-16,0.0,0.0,0.0
n_49789,0,-1,1,6.212930022781945e-16,0.0,0.0,0.0
n_4979,0,-1,1,5.912629843805102e-16,0.0,0.0,0.0
n_4980,0,-1,1,5.912629843805102e-16,0.0,0.0,0.0
n_4981,0,-1,1,5.912629843805102e-16,0.0,0.0,0.0
n_49819,0,-1,1,5.08158040826549e-16,0.0,0.0,0.0
n_4982,0,-1,1,5.912629843805102e-16,0.0,0.0,0.0
n_49821,0,-1,1,5.08158040826549e-16,0.0,0.0,0.0
n_49822,0,-1,1,5.08158040826549e-16,0.0,0.0,0.0
n_49824,0,-1,1,3.494820088586413e-16,0.0,0.0,0.0
n_49825,0,-1,1,5.08158040826549e-16,0.0,0.0,0.0
n_49826,0,-1,1,5.101060048469971e-16,0.0,0.0,0.0
n_49827,0,-1,1,5.101060048469971e-16,0.0,0.0,0.0
n_49828,0,-1,1,5.548899602573121e-16,0.0,0.0,0.0
n_49829,0,-1,1,5.548899602573121e-16,0.0,0.0,0.0
n_4983,0,-1,1,5.912629843805102e-16,0.0,0.0,0.0
n_49830,0,-1,1,5.101060048469971e-16,0.0,0.0,0.0
n_49831,0,-1,1,5.08158040826549e-16,0.0,0.0,0.0
n_49832,0,-1,3,2.607054120992041e-15,0.0,0.0,0.0
n_49833,0,-1,2,1.3594949742440853e-15,0.0,0.0,0.0
n_49834,0,-1,2,1.1746080106492056e-15,0.0,0.0,0.0
n_49836,0,-1,1,4.78632007532481e-16,0.0,0.0,0.0
n_4984,0,-1,1,5.912629843805102e-16,0.0,0.0,0.0
n_4985,0,-1,1,5.912629843805102e-16,0.0,0.0,0.0
n_4986,0,-1,1,5.912629843805102e-16,0.0,0.0,0.0
n_4987,0,-1,1,5.912629843805102e-16,0.0,0.0,0.0
n_4988,0,-1,1,5.912629843805102e-16,0.0,0.0,0.0
n_4989,0,-1,1,5.912629843805102e-16,0.0,0.0,0.0
n_49898,0,-1,1,3.62321996017612e-16,0.0,0.0,0.0
n_49899,0,-1,1,3.720560192381196e-16,0.0,0.0,0.0
n_499,0,-1,4,2.0210959980810662e-15,0.0,0.0,0.0
n_4990,0,-1,1,5.912629843805102e-16,0.0,0.0,0.0
n_49900,0,-1,1,6.196590227833818e-16,0.0,0.0,0.0
n_49901,0,-1,2,1.3577319810434939e-15,0.0,0.0,0.0
n_49903,0,-1,1,5.863069946061253e-16,0.0,0.0,0.0
n_49904,0,-1,2,7.848669757938207e-16,0.0,0.0,0.0
n_49906,0,-1,1,5.863069946061253e-16,0.0,0.0,0.0
n_4991,0,-1,1,5.912629843805102e-16,0.0,0.0,0.0
n_49910,0,-1,2,9.352950509076193e-16,0.0,0.0,0.0
n_49912,0,-1,1,5.863069946061253e-16,0.0,0.0,0.0
n_4992,0,-1,1,5.912629843805102e-16,0.0,0.0,0.0
n_4993,0,-1,1,5.912629843805102e-16,0.0,0.0,0.0
n_4994,0,-1,1,5.912629843805102e-16,0.0,0.0,0.0
n_4995,0,-1,1,5.912629843805102e-16,0.0,0.0,0.0
n_5,0,-1,10,5.13442785263587e-15,0.0,0.0,0.0
n_50,0,-1,8,4.351973967829659e-15,0.0,0.0,0.0
n_500,0,-1,2,1.1010449991251826e-15,0.0,0.0,0.0
n_50032,0,-1,4,1.9265190520477296e-15,0.0,0.0,0.0
n_50033,0,-1,13,6.393245867197849e-15,0.0,0.0,0.0
n_50034,0,-1,1,5.25156986226318e-16,0.0,0.0,0.0
n_50035,0,-1,1,5.07333983647989e-16,0.0,0.0,0.0
n_50036,0,-1,2,9.953650393401182e-16,0.0,0.0,0.0
n_50064,0,-1,1,5.205529915810764e-16,0.0,0.0,0.0
n_50065,0,-1,1,5.08158040826549e-16,0.0,0.0,0.0
n_50066,0,-1,1,5.101060048469971e-16,0.0,0.0,0.0
n_50068,0,-1,1,6.196590227833818e-16,0.0,0.0,0.0
n_50121,0,-1,1,5.548899602573121e-16,0.0,0.0,0.0
n_50122,0,-1,1,5.101060048469971e-16,0.0,0.0,0.0
n_50124,0,-1,1,5.205529915810764e-16,0.0,0.0,0.0
n_50125,0,-1,1,7.489850190217932e-16,0.0,0.0,0.0
n_5013,0,-1,2,1.0963439662679212e-15,0.0,0.0,0.0
n_50143,0,-1,29,1.2876374635593588e-14,0.0,0.0,0.0
n_50144,0,-1,1,5.08158040826549e-16,0.0,0.0,0.0
n_50145,0,-1,1,3.720560192381196e-16,0.0,0.0,0.0
n_50150,0,-1,15,6.887133838082886e-15,0.0,0.0,0.0
n_5016,0,-1,1,3.9780399441985783e-16,0.0,0.0,0.0
n_50303,0,-1,1,4.60878991051419e-16,0.0,0.0,0.0
n_50304,0,-1,1,5.026950488936732e-16,0.0,0.0,0.0
n_50305,0,-1,1,6.212930022781945e-16,0.0,0.0,0.0
n_50314,0,-1,1,3.7078200227611035e-16,0.0,0.0,0.0
n_50315,0,-1,1,5.205109575710689e-16,0.0,0.0,0.0
n_50324,0,-1,32,1.459568719412805e-14,0.0,0.0,0.0
n_50325,0,-1,14,6.31913895464257e-15,0.0,0.0,0.0
n_50326,0,-1,1,5.08158040826549e-16,0.0,0.0,0.0
n_50367,0,-1,1,1.0856800332202264e-15,0.0,0.0,0.0
n_50372,0,-1,1,7.489850190217932e-16,0.0,0.0,0.0
n_50382,0,-1,1,6.011460059903958e-16,0.0,0.0,0.0
n_50383,0,-1,1,6.311820060582701e-16,0.0,0.0,0.0
n_50384,0,-1,1,6.066110096265213e-16,0.0,0.0,0.0
n_50385,0,-1,1,6.212930022781945e-16,0.0,0.0,0.0
n_50394,0,-1,2,2.171570130611372e-15,0.0,0.0,0.0
n_50398,0,-1,1,5.205529915810764e-16,0.0,0.0,0.0
n_50399,0,-1,1,5.548899602573121e-16,0.0,0.0,0.0
n_50417,0,-1,2,1.0711300188896472e-15,0.0,0.0,0.0
n_50418,0,-1,2,1.1266800277573603e-15,0.0,0.0,0.0
n_50419,0,-1,1,6.011460059903958e-16,0.0,0.0,0.0
n_5044,0,-1,1,5.556279906521666e-16,0.0,0.0,0.0
n_5045,0,-1,1,5.934590231753854e-16,0.0,0.0,0.0
n_5047,0,-1,1,6.212930022781945e-16,0.0,0.0,0.0
n_5049,0,-1,1,3.616060149491657e-16,0.0,0.0,0.0
n_505,0,-1,2,8.846740326390974e-16,0.0,0.0,0.0
n_5051,0,-1,1,5.934590231753854e-16,0.0,0.0,0.0
n_5052,0,-1,1,5.934590231753854e-16,0.0,0.0,0.0
n_50529,0,-1,1,5.548899602573121e-16,0.0,0.0,0.0
n_50532,0,-1,1,5.08158040826549e-16,0.0,0.0,0.0
n_5055,0,-1,1,6.212930022781945e-16,0.0,0.0,0.0
n_50553,0,-1,1,5.08158040826549e-16,0.0,0.0,0.0
n_50554,0,-1,1,5.205529915810764e-16,0.0,0.0,0.0
n_50566,0,-1,1,5.548899602573121e-16,0.0,0.0,0.0
n_50568,0,-1,1,5.08158040826549e-16,0.0,0.0,0.0
n_50569,0,-1,1,5.101060048469971e-16,0.0,0.0,0.0
n_50570,0,-1,1,3.62321996017612e-16,0.0,0.0,0.0
n_50571,0,-1,1,6.196590227833818e-16,0.0,0.0,0.0
n_50589,0,-1,1,7.489850190217932e-16,0.0,0.0,0.0
n_50591,0,-1,1,5.548899602573121e-16,0.0,0.0,0.0
n_50592,0,-1,1,5.08158040826549e-16,0.0,0.0,0.0
n_50594,0,-1,1,5.205529915810764e-16,0.0,0.0,0.0
n_50595,0,-1,1,3.720560192381196e-16,0.0,0.0,0.0
n_50596,0,-1,1,6.196590227833818e-16,0.0,0.0,0.0
n_50598,0,-1,1,5.101060048469971e-16,0.0,0.0,0.0
n_50600,0,-1,1,5.205529915810764e-16,0.0,0.0,0.0
n_50601,0,-1,1,3.62321996017612e-16,0.0,0.0,0.0
n_50602,0,-1,1,6.196590227833818e-16,0.0,0.0,0.0
n_50627,0,-1,2,1.1726139892122506e-15,0.0,0.0,0.0
n_50653,0,-1,25,1.5670316200243686e-14,0.0,0.0,0.0
n_50654,0,-1,1,5.205529915810764e-16,0.0,0.0,0.0
n_50656,0,-1,1,5.08158040826549e-16,0.0,0.0,0.0
n_50658,0,-1,1,5.08158040826549e-16,0.0,0.0,0.0
n_50659,0,-1,1,5.08158040826549e-16,0.0,0.0,0.0
n_50660,0,-1,1,5.08158040826549e-16,0.0,0.0,0.0
n_50661,0,-1,1,5.08158040826549e-16,0.0,0.0,0.0
n_50662,0,-1,1,5.08158040826549e-16,0.0,0.0,0.0
n_50663,0,-1,1,5.101060048469971e-16,0.0,0.0,0.0
n_50664,0,-1,1,5.101060048469971e-16,0.0,0.0,0.0
n_50665,0,-1,1,5.101060048469971e-16,0.0,0.0,0.0
n_50666,0,-1,1,5.08158040826549e-16,0.0,0.0,0.0
n_50667,0,-1,1,5.101060048469971e-16,0.0,0.0,0.0
n_50668,0,-1,1,5.08158040826549e-16,0.0,0.0,0.0
n_50669,0,-1,1,5.08158040826549e-16,0.0,0.0,0.0
n_50670,0,-1,1,5.101060048469971e-16,0.0,0.0,0.0
n_50671,0,-1,1,5.08158040826549e-16,0.0,0.0,0.0
n_50672,0,-1,1,5.101060048469971e-16,0.0,0.0,0.0
n_50673,0,-1,1,5.08158040826549e-16,0.0,0.0,0.0
n_50674,0,-1,1,5.08158040826549e-16,0.0,0.0,0.0
n_50675,0,-1,1,5.101060048469971e-16,0.0,0.0,0.0
n_50680,0,-1,1,5.08158040826549e-16,0.0,0.0,0.0
n_50681,0,-1,1,5.08158040826549e-16,0.0,0.0,0.0
n_50682,0,-1,1,5.548899602573121e-16,0.0,0.0,0.0
n_50685,0,-1,1,5.08158040826549e-16,0.0,0.0,0.0
n_50687,0,-1,1,5.08158040826549e-16,0.0,0.0,0.0
n_507,0,-1,3,2.2633630911053203e-15,0.0,0.0,0.0
n_5070,0,-1,1,5.355650094448236e-16,0.0,0.0,0.0
n_5073,0,-1,4,2.1944550550220517e-15,0.0,0.0,0.0
n_508,0,-1,1,5.1064302373555635e-16,0.0,0.0,0.0
n_5090,0,-1,2,7.938120672332997e-16,0.0,0.0,0.0
n_5093,0,-1,1,5.934590231753854e-16,0.0,0.0,0.0
n_50963,0,-1,1,3.720560192381196e-16,0.0,0.0,0.0
n_5099,0,-1,1,6.212930022781945e-16,0.0,0.0,0.0
n_51,0,-1,8,4.4331654639557724e-15,0.0,0.0,0.0
n_510,0,-1,1,6.212930022781945e-16,0.0,0.0,0.0
n_5100,0,-1,1,6.212930022781945e-16,0.0,0.0,0.0
n_5101,0,-1,1,6.066110096265213e-16,0.0,0.0,0.0
n_5102,0,-1,1,3.5881099151168373e-16,0.0,0.0,0.0
n_5103,0,-1,1,4.443300319048789e-16,0.0,0.0,0.0
n_51033,0,-1,6,3.725361016307556e-15,0.0,0.0,0.0
n_51034,0,-1,5,5.764548367592553e-15,0.0,0.0,0.0
n_51035,0,-1,3,1.9062470125210925e-15,0.0,0.0,0.0
n_51039,0,-1,1,5.205529915810764e-16,0.0,0.0,0.0
n_51041,0,-1,16,7.316195412899237e-15,0.0,0.0,0.0
n_5105,0,-1,2,8.236800371402625e-16,0.0,0.0,0.0
n_5106,0,-1,1,6.212930022781945e-16,0.0,0.0,0.0
n_5107,0,-1,1,6.066110096265213e-16,0.0,0.0,0.0
n_511,0,-1,3,1.2714180531688598e-15,0.0,0.0,0.0
n_51104,0,-1,1,5.548899602573121e-16,0.0,0.0,0.0
n_51105,0,-1,7,3.0655727488568176e-15,0.0,0.0,0.0
n_51106,0,-1,16,7.319846124901903e-15,0.0,0.0,0.0
n_51107,0,-1,1,5.548899602573121e-16,0.0,0.0,0.0
n_51108,0,-1,1,8.089889918239655e-16,0.0,0.0,0.0
n_5112,0,-1,1,5.633400138786802e-16,0.0,0.0,0.0
n_51162,0,-1,3,1.563746063925264e-15,0.0,0.0,0.0
n_51164,0,-1,1,5.07333983647989e-16,0.0,0.0,0.0
n_51165,0,-1,1,6.037160098314837e-16,0.0,0.0,0.0
n_5118,0,-1,1,5.633400138786802e-16,0.0,0.0,0.0
n_512,0,-1,2,9.75489940628388e-16,0.0,0.0,0.0
n_51251,0,-1,1,6.01713994521089e-16,0.0,0.0,0.0
n_513,0,-1,1,3.814010161078211e-16,0.0,0.0,0.0
n_51318,0,-1,3,1.5645569920931415e-15,0.0,0.0,0.0
n_51319,0,-1,4,2.8109720090875936e-15,0.0,0.0,0.0
n_51321,0,-1,16,9.576911102527914e-15,0.0,0.0,0.0
n_51322,0,-1,1,3.62321996017612e-16,0.0,0.0,0.0
n_51323,0,-1,5,3.6042039646311426e-15,0.0,0.0,0.0
n_51324,0,-1,1,6.212930022781945e-16,0.0,0.0,0.0
n_5136,0,-1,1,6.199280086836942e-16,0.0,0.0,0.0
n_51361,0,-1,1,5.548899602573121e-16,0.0,0.0,0.0
n_51362,0,-1,1,5.101060048469971e-16,0.0,0.0,0.0
n_51363,0,-1,1,5.08158040826549e-16,0.0,0.0,0.0
n_51364,0,-1,1,5.205529915810764e-16,0.0,0.0,0.0
n_51365,0,-1,1,3.62321996017612e-16,0.0,0.0,0.0
n_51372,0,-1,1,5.548899602573121e-16,0.0,0.0,0.0
n_51373,0,-1,1,5.205529915810764e-16,0.0,0.0,0.0
n_51374,0,-1,1,5.08158040826549e-16,0.0,0.0,0.0
n_51375,0,-1,1,5.101060048469971e-16,0.0,0.0,0.0
n_51376,0,-1,1,3.62321996017612e-16,0.0,0.0,0.0
n_51377,0,-1,1,6.196590227833818e-16,0.0,0.0,0.0
n_5138,0,-1,1,5.242360496544158e-16,0.0,0.0,0.0
n_5139,0,-1,1,5.355650094448236e-16,0.0,0.0,0.0
n_51429,0,-1,2,7.232120298983314e-16,0.0,0.0,0.0
n_5146,0,-1,1,6.037300388146726e-16,0.0,0.0,0.0
n_51460,0,-1,19,9.184209687521875e-15,0.0,0.0,0.0
n_51464,0,-1,15,6.831084820930122e-15,0.0,0.0,0.0
n_5149,0,-1,1,4.443300319048789e-16,0.0,0.0,0.0
n_515,0,-1,1,5.340149920909074e-16,0.0,0.0,0.0
n_5150,0,-1,1,5.355650094448236e-16,0.0,0.0,0.0
n_516,0,-1,1,3.814010161078211e-16,0.0,0.0,0.0
n_5161,0,-1,2,9.472100516184087e-16,0.0,0.0,0.0
n_51610,0,-1,1,5.548899602573121e-16,0.0,0.0,0.0
n_51611,0,-1,1,5.101060048469971e-16,0.0,0.0,0.0
n_51612,0,-1,1,5.08158040826549e-16,0.0,0.0,0.0
n_51613,0,-1,1,5.205529915810764e-16,0.0,0.0,0.0
n_51614,0,-1,1,8.089889918239655e-16,0.0,0.0,0.0
n_51615,0,-1,1,6.196590227833818e-16,0.0,0.0,0.0
n_51665,0,-1,3,2.9920240310137795e-15,0.0,0.0,0.0
n_51666,0,-1,20,8.876469912290179e-15,0.0,0.0,0.0
n_51668,0,-1,1,5.101060048469971e-16,0.0,0.0,0.0
n_51669,0,-1,1,5.548899602573121e-16,0.0,0.0,0.0
n_51671,0,-1,1,5.548899602573121e-16,0.0,0.0,0.0
n_51672,0,-1,1,5.08158040826549e-16,0.0,0.0,0.0
n_51673,0,-1,1,3.616060149491657e-16,0.0,0.0,0.0
n_51674,0,-1,1,5.205529915810764e-16,0.0,0.0,0.0
n_51676,0,-1,1,5.101060048469971e-16,0.0,0.0,0.0
n_51677,0,-1,1,5.101060048469971e-16,0.0,0.0,0.0
n_51678,0,-1,1,5.101060048469971e-16,0.0,0.0,0.0
n_51679,0,-1,1,5.101060048469971e-16,0.0,0.0,0.0
n_51680,0,-1,1,5.548899602573121e-16,0.0,0.0,0.0
n_51681,0,-1,1,5.101060048469971e-16,0.0,0.0,0.0
n_51682,0,-1,1,5.08158040826549e-16,0.0,0.0,0.0
n_51683,0,-1,1,5.08158040826549e-16,0.0,0.0,0.0
n_51684,0,-1,1,5.101060048469971e-16,0.0,0.0,0.0
n_51686,0,-1,1,5.101060048469971e-16,0.0,0.0,0.0
n_51687,0,-1,1,5.101060048469971e-16,0.0,0.0,0.0
n_51690,0,-1,1,5.101060048469971e-16,0.0,0.0,0.0
n_51691,0,-1,1,5.08158040826549e-16,0.0,0.0,0.0
n_51692,0,-1,1,5.205529915810764e-16,0.0,0.0,0.0
n_51693,0,-1,1,5.548899602573121e-16,0.0,0.0,0.0
n_517,0,-1,1,3.814010161078211e-16,0.0,0.0,0.0
n_51701,0,-1,1,1.2397199627002357e-15,0.0,0.0,0.0
n_51702,0,-1,4,2.1869480137687736e-15,0.0,0.0,0.0
n_5177,0,-1,2,9.953650393401182e-16,0.0,0.0,0.0
n_51809,0,-1,9,4.513653922735665e-15,0.0,0.0,0.0
n_51810,0,-1,14,7.33266173339386e-15,0.0,0.0,0.0
n_51811,0,-1,1,5.205529915810764e-16,0.0,0.0,0.0
n_51812,0,-1,1,3.62321996017612e-16,0.0,0.0,0.0
n_51861,0,-1,1,5.548899602573121e-16,0.0,0.0,0.0
n_51863,0,-1,1,5.08158040826549e-16,0.0,0.0,0.0
n_51865,0,-1,1,5.234320036292346e-16,0.0,0.0,0.0
n_51866,0,-1,1,6.196590227833818e-16,0.0,0.0,0.0
n_519,0,-1,1,5.673570146914745e-16,0.0,0.0,0.0
n_51901,0,-1,1,3.62321996017612e-16,0.0,0.0,0.0
n_51902,0,-1,1,3.720560192381196e-16,0.0,0.0,0.0
n_51903,0,-1,1,6.196590227833818e-16,0.0,0.0,0.0
n_5193,0,-1,1,5.463870200162998e-16,0.0,0.0,0.0
n_51949,0,-1,3,1.7380889496344852e-15,0.0,0.0,0.0
n_51950,0,-1,3,1.702369993765245e-15,0.0,0.0,0.0
n_51952,0,-1,16,9.435874187579442e-15,0.0,0.0,0.0
n_51953,0,-1,4,2.3376771032162028e-15,0.0,0.0,0.0
n_51954,0,-1,2,8.23200987069031e-16,0.0,0.0,0.0
n_51957,0,-1,2,1.0736739764676071e-15,0.0,0.0,0.0
n_51958,0,-1,1,5.467370034421934e-16,0.0,0.0,0.0
n_51959,0,-1,1,3.62321996017612e-16,0.0,0.0,0.0
n_5196,0,-1,1,4.443300319048789e-16,0.0,0.0,0.0
n_51960,0,-1,2,1.079240041722252e-15,0.0,0.0,0.0
n_51965,0,-1,1,6.674139991957504e-16,0.0,0.0,0.0
n_51968,0,-1,1,1.3887000349907031e-15,0.0,0.0,0.0
n_51969,0,-1,2,1.0711300188896472e-15,0.0,0.0,0.0
n_5197,0,-1,1,5.334570091369037e-16,0.0,0.0,0.0
n_5198,0,-1,1,5.334570091369037e-16,0.0,0.0,0.0
n_52,0,-1,8,4.479725171000447e-15,0.0,0.0,0.0
n_520,0,-1,1,3.814010161078211e-16,0.0,0.0,0.0
n_5205,0,-1,1,5.633400138786802e-16,0.0,0.0,0.0
n_5211,0,-1,1,5.044410484957604e-16,0.0,0.0,0.0
n_522,0,-1,1,5.066849975917146e-16,0.0,0.0,0.0
n_52214,0,-1,1,5.07333983647989e-16,0.0,0.0,0.0
n_52215,0,-1,1,6.674139991957504e-16,0.0,0.0,0.0
n_52216,0,-1,12,6.0872691910458625e-15,0.0,0.0,0.0
n_52217,0,-1,1,5.55618990927102e-16,0.0,0.0,0.0
n_52218,0,-1,1,4.751459904984968e-16,0.0,0.0,0.0
n_52219,0,-1,2,7.232120298983314e-16,0.0,0.0,0.0
n_523,0,-1,1,4.423370163195487e-16,0.0,0.0,0.0
n_524,0,-1,1,4.465050007551911e-16,0.0,0.0,0.0
n_525,0,-1,1,5.657799981623646e-16,0.0,0.0,0.0
n_5250,0,-1,1,1.0713900580044543e-15,0.0,0.0,0.0
n_5253,0,-1,1,4.995600211372075e-16,0.0,0.0,0.0
n_5254,0,-1,1,6.081750030240672e-16,0.0,0.0,0.0
n_5256,0,-1,1,5.657799981623646e-16,0.0,0.0,0.0
n_5262,0,-1,2,1.1677180328980023e-15,0.0,0.0,0.0
n_527,0,-1,2,9.228770185052792e-16,0.0,0.0,0.0
n_5291,0,-1,1,6.212930022781945e-16,0.0,0.0,0.0
n_5299,0,-1,1,4.598619691795626e-16,0.0,0.0,0.0
n_53,0,-1,8,4.271839568821718e-15,0.0,0.0,0.0
n_533,0,-1,2,7.724489433914806e-16,0.0,0.0,0.0
n_5336,0,-1,1,6.212930022781945e-16,0.0,0.0,0.0
n_5349,0,-1,1,1.3098900778749133e-15,0.0,0.0,0.0
n_53538,0,-1,5,5.5235700351975465e-15,0.0,0.0,0.0
n_53539,0,-1,5,5.327370099559138e-15,0.0,0.0,0.0
n_53540,0,-1,19,1.0314083029490384e-14,0.0,0.0,0.0
n_53541,0,-1,18,9.813733044250744e-15,0.0,0.0,0.0
n_53652,0,-1,19,1.1986303097256349e-14,0.0,0.0,0.0
n_53653,0,-1,18,1.1331689777596861e-14,0.0,0.0,0.0
n_53682,0,-1,19,1.126297931194854e-14,0.0,0.0,0.0
n_538,0,-1,1,4.025770250776358e-16,0.0,0.0,0.0
n_54,0,-1,10,5.15486718116959e-15,0.0,0.0,0.0
n_540,0,-1,1,4.423370163195487e-16,0.0,0.0,0.0
n_542,0,-1,2,7.724489433914806e-16,0.0,0.0,0.0
n_5426,0,-1,2,7.24643992035224e-16,0.0,0.0,0.0
n_543,0,-1,2,8.525319910269937e-16,0.0,0.0,0.0
n_5430,0,-1,2,1.1726139892122506e-15,0.0,0.0,0.0
n_5431,0,-1,2,1.1726139892122506e-15,0.0,0.0,0.0
n_5447,0,-1,1,6.212930022781945e-16,0.0,0.0,0.0
n_5448,0,-1,1,6.212930022781945e-16,0.0,0.0,0.0
n_5459,0,-1,1,6.212930022781945e-16,0.0,0.0,0.0
n_5460,0,-1,1,6.212930022781945e-16,0.0,0.0,0.0
n_5472,0,-1,1,6.212930022781945e-16,0.0,0.0,0.0
n_5476,0,-1,1,6.212930022781945e-16,0.0,0.0,0.0
n_548,0,-1,2,8.951539477790012e-16,0.0,0.0,0.0
n_549,0,-1,1,5.530620102175781e-16,0.0,0.0,0.0
n_55,0,-1,9,4.9652016812027754e-15,0.0,0.0,0.0
n_5506,0,-1,1,4.025770250776358e-16,0.0,0.0,0.0
n_5507,0,-1,1,4.3417500683980625e-16,0.0,0.0,0.0
n_5510,0,-1,1,1.0161499573163178e-15,0.0,0.0,0.0
n_5511,0,-1,1,1.0161499573163178e-15,0.0,0.0,0.0
n_5512,0,-1,1,4.549650070136894e-16,0.0,0.0,0.0
n_5514,0,-1,1,5.831090217137667e-16,0.0,0.0,0.0
n_5516,0,-1,4,1.457762972224201e-15,0.0,0.0,0.0
n_55200,0,-1,10,6.07833892268296e-15,0.0,0.0,0.0
n_55201,0,-1,1,5.912629843805102e-16,0.0,0.0,0.0
n_55202,0,-1,1,5.912629843805102e-16,0.0,0.0,0.0
n_55203,0,-1,1,5.912629843805102e-16,0.0,0.0,0.0
n_55204,0,-1,1,5.912629843805102e-16,0.0,0.0,0.0
n_55205,0,-1,1,5.912629843805102e-16,0.0,0.0,0.0
n_55206,0,-1,1,5.912629843805102e-16,0.0,0.0,0.0
n_55207,0,-1,1,5.912629843805102e-16,0.0,0.0,0.0
n_55208,0,-1,1,5.912629843805102e-16,0.0,0.0,0.0
n_55209,0,-1,1,5.912629843805102e-16,0.0,0.0,0.0
n_55210,0,-1,1,5.912629843805102e-16,0.0,0.0,0.0
n_55211,0,-1,9,5.470505115117959e-15,0.0,0.0,0.0
n_55212,0,-1,1,5.912629843805102e-16,0.0,0.0,0.0
n_55213,0,-1,1,5.912629843805102e-16,0.0,0.0,0.0
n_55214,0,-1,1,5.912629843805102e-16,0.0,0.0,0.0
n_55215,0,-1,1,5.912629843805102e-16,0.0,0.0,0.0
n_55216,0,-1,1,5.912629843805102e-16,0.0,0.0,0.0
n_55217,0,-1,1,5.912629843805102e-16,0.0,0.0,0.0
n_55218,0,-1,1,5.912629843805102e-16,0.0,0.0,0.0
n_55219,0,-1,1,5.912629843805102e-16,0.0,0.0,0.0
n_55220,0,-1,1,5.912629843805102e-16,0.0,0.0,0.0
n_5523,0,-1,9,3.892077429117936e-15,0.0,0.0,0.0
n_5531,0,-1,9,3.907575590953848e-15,0.0,0.0,0.0
n_5532,0,-1,10,4.326252541836861e-15,0.0,0.0,0.0
n_5539,0,-1,18,7.201312334263136e-15,0.0,0.0,0.0
n_5541,0,-1,10,4.174372758130587e-15,0.0,0.0,0.0
n_55463,0,-1,9,5.470505115117959e-15,0.0,0.0,0.0
n_55464,0,-1,1,5.912629843805102e-16,0.0,0.0,0.0
n_55465,0,-1,1,5.912629843805102e-16,0.0,0.0,0.0
n_55466,0,-1,1,5.912629843805102e-16,0.0,0.0,0.0
n_55467,0,-1,1,5.912629843805102e-16,0.0,0.0,0.0
n_55468,0,-1,1,5.912629843805102e-16,0.0,0.0,0.0
n_55469,0,-1,1,5.912629843805102e-16,0.0,0.0,0.0
n_55470,0,-1,1,5.912629843805102e-16,0.0,0.0,0.0
n_55471,0,-1,1,5.912629843805102e-16,0.0,0.0,0.0
n_55472,0,-1,1,5.912629843805102e-16,0.0,0.0,0.0
n_55473,0,-1,9,5.435542559670617e-15,0.0,0.0,0.0
n_55474,0,-1,1,5.912629843805102e-16,0.0,0.0,0.0
n_55475,0,-1,1,5.912629843805102e-16,0.0,0.0,0.0
n_55476,0,-1,1,5.912629843805102e-16,0.0,0.0,0.0
n_55477,0,-1,1,5.912629843805102e-16,0.0,0.0,0.0
n_55478,0,-1,1,5.912629843805102e-16,0.0,0.0,0.0
n_55479,0,-1,1,5.912629843805102e-16,0.0,0.0,0.0
n_55480,0,-1,1,5.912629843805102e-16,0.0,0.0,0.0
n_55481,0,-1,1,5.912629843805102e-16,0.0,0.0,0.0
n_55482,0,-1,1,5.912629843805102e-16,0.0,0.0,0.0
n_556,0,-1,1,4.225449797762087e-16,0.0,0.0,0.0
n_5563,0,-1,4,2.23655195722588e-15,0.0,0.0,0.0
n_5566,0,-1,4,2.172373117845369e-15,0.0,0.0,0.0
n_5567,0,-1,4,1.8693940912937156e-15,0.0,0.0,0.0
n_5568,0,-1,3,1.460040961456723e-15,0.0,0.0,0.0
n_5569,0,-1,5,1.878524047673933e-15,0.0,0.0,0.0
n_557,0,-1,2,9.228770185052792e-16,0.0,0.0,0.0
n_5574,0,-1,2,8.000970517019266e-16,0.0,0.0,0.0
n_55740,0,-1,9,8.018968484840763e-15,0.0,0.0,0.0
n_55742,0,-1,19,1.0509002251312544e-14,0.0,0.0,0.0
n_55743,0,-1,18,1.0979904289107941e-14,0.0,0.0,0.0
n_5575,0,-1,5,2.2607620646825392e-15,0.0,0.0,0.0
n_55770,0,-1,3,2.827592913095091e-15,0.0,0.0,0.0
n_55771,0,-1,13,7.198777164652004e-15,0.0,0.0,0.0
n_55772,0,-1,1,6.212930022781945e-16,0.0,0.0,0.0
n_55773,0,-1,1,6.212930022781945e-16,0.0,0.0,0.0
n_55774,0,-1,1,6.212930022781945e-16,0.0,0.0,0.0
n_55775,0,-1,1,6.212930022781945e-16,0.0,0.0,0.0
n_55776,0,-1,1,6.212930022781945e-16,0.0,0.0,0.0
n_55777,0,-1,1,6.212930022781945e-16,0.0,0.0,0.0
n_55778,0,-1,1,6.212930022781945e-16,0.0,0.0,0.0
n_55779,0,-1,1,6.212930022781945e-16,0.0,0.0,0.0
n_5578,0,-1,4,1.938475980889408e-15,0.0,0.0,0.0
n_55780,0,-1,1,6.212930022781945e-16,0.0,0.0,0.0
n_55781,0,-1,1,6.212930022781945e-16,0.0,0.0,0.0
n_55782,0,-1,1,6.212930022781945e-16,0.0,0.0,0.0
n_55783,0,-1,1,6.212930022781945e-16,0.0,0.0,0.0
n_55784,0,-1,1,6.212930022781945e-16,0.0,0.0,0.0
n_55786,0,-1,1,6.212930022781945e-16,0.0,0.0,0.0
n_55787,0,-1,1,6.212930022781945e-16,0.0,0.0,0.0
n_55788,0,-1,1,6.212930022781945e-16,0.0,0.0,0.0
n_55789,0,-1,1,6.212930022781945e-16,0.0,0.0,0.0
n_55790,0,-1,1,6.212930022781945e-16,0.0,0.0,0.0
n_55791,0,-1,1,6.212930022781945e-16,0.0,0.0,0.0
n_55792,0,-1,1,6.212930022781945e-16,0.0,0.0,0.0
n_55793,0,-1,1,6.212930022781945e-16,0.0,0.0,0.0
n_55794,0,-1,1,6.212930022781945e-16,0.0,0.0,0.0
n_55795,0,-1,1,6.212930022781945e-16,0.0,0.0,0.0
n_55796,0,-1,1,6.212930022781945e-16,0.0,0.0,0.0
n_55797,0,-1,1,6.212930022781945e-16,0.0,0.0,0.0
n_5582,0,-1,2,1.3902220473178007e-15,0.0,0.0,0.0
n_5583,0,-1,2,1.0033930058559576e-15,0.0,0.0,0.0
n_5584,0,-1,5,2.9789030671443367e-15,0.0,0.0,0.0
n_5585,0,-1,4,1.965147989607262e-15,0.0,0.0,0.0
n_5586,0,-1,3,1.0230460760563887e-15,0.0,0.0,0.0
n_559,0,-1,2,7.724489433914806e-16,0.0,0.0,0.0
n_5593,0,-1,3,1.4910939304568945e-15,0.0,0.0,0.0
n_5594,0,-1,2,1.393112017854714e-15,0.0,0.0,0.0
n_55951,0,-1,10,6.07833892268296e-15,0.0,0.0,0.0
n_55952,0,-1,1,5.912629843805102e-16,0.0,0.0,0.0
n_55953,0,-1,1,5.912629843805102e-16,0.0,0.0,0.0
n_55954,0,-1,1,5.912629843805102e-16,0.0,0.0,0.0
n_55955,0,-1,1,5.912629843805102e-16,0.0,0.0,0.0
n_55956,0,-1,1,5.912629843805102e-16,0.0,0.0,0.0
n_55957,0,-1,1,5.912629843805102e-16,0.0,0.0,0.0
n_55958,0,-1,1,5.912629843805102e-16,0.0,0.0,0.0
n_55959,0,-1,1,5.912629843805102e-16,0.0,0.0,0.0
n_55960,0,-1,1,5.912629843805102e-16,0.0,0.0,0.0
n_55961,0,-1,1,5.912629843805102e-16,0.0,0.0,0.0
n_55962,0,-1,9,5.470505115117959e-15,0.0,0.0,0.0
n_55963,0,-1,1,5.912629843805102e-16,0.0,0.0,0.0
n_55964,0,-1,1,5.912629843805102e-16,0.0,0.0,0.0
n_55965,0,-1,1,5.912629843805102e-16,0.0,0.0,0.0
n_55966,0,-1,1,5.912629843805102e-16,0.0,0.0,0.0
n_55967,0,-1,1,5.912629843805102e-16,0.0,0.0,0.0
n_55968,0,-1,1,5.912629843805102e-16,0.0,0.0,0.0
n_55969,0,-1,1,5.912629843805102e-16,0.0,0.0,0.0
n_5597,0,-1,2,1.0063880084783304e-15,0.0,0.0,0.0
n_55970,0,-1,1,5.912629843805102e-16,0.0,0.0,0.0
n_55971,0,-1,1,5.912629843805102e-16,0.0,0.0,0.0
n_5599,0,-1,3,1.5947719278711233e-15,0.0,0.0,0.0
n_56,0,-1,9,4.690633833767926e-15,0.0,0.0,0.0
n_560,0,-1,1,4.240520102080517e-16,0.0,0.0,0.0
n_5601,0,-1,3,1.522169028192813e-15,0.0,0.0,0.0
n_5603,0,-1,14,5.869596970194558e-15,0.0,0.0,0.0
n_5604,0,-1,11,4.633694584987597e-15,0.0,0.0,0.0
n_56047,0,-1,12,7.482402758908317e-15,0.0,0.0,0.0
n_56048,0,-1,10,8.247462398626188e-15,0.0,0.0,0.0
n_56049,0,-1,9,5.435542136154143e-15,0.0,0.0,0.0
n_5605,0,-1,15,6.266191348626177e-15,0.0,0.0,0.0
n_56050,0,-1,1,5.912629843805102e-16,0.0,0.0,0.0
n_56051,0,-1,1,5.912629843805102e-16,0.0,0.0,0.0
n_56052,0,-1,1,5.912629843805102e-16,0.0,0.0,0.0
n_56053,0,-1,1,5.912629843805102e-16,0.0,0.0,0.0
n_56054,0,-1,1,5.912629843805102e-16,0.0,0.0,0.0
n_56055,0,-1,1,5.912629843805102e-16,0.0,0.0,0.0
n_56056,0,-1,1,5.912629843805102e-16,0.0,0.0,0.0
n_56057,0,-1,1,5.912629843805102e-16,0.0,0.0,0.0
n_56058,0,-1,1,5.912629843805102e-16,0.0,0.0,0.0
n_56059,0,-1,9,5.470505115117959e-15,0.0,0.0,0.0
n_56060,0,-1,1,5.912629843805102e-16,0.0,0.0,0.0
n_56061,0,-1,1,5.912629843805102e-16,0.0,0.0,0.0
n_56062,0,-1,1,5.912629843805102e-16,0.0,0.0,0.0
n_56063,0,-1,1,5.912629843805102e-16,0.0,0.0,0.0
n_56064,0,-1,1,5.912629843805102e-16,0.0,0.0,0.0
n_56065,0,-1,1,5.912629843805102e-16,0.0,0.0,0.0
n_56066,0,-1,1,5.912629843805102e-16,0.0,0.0,0.0
n_56067,0,-1,1,5.912629843805102e-16,0.0,0.0,0.0
n_56068,0,-1,1,5.912629843805102e-16,0.0,0.0,0.0
n_561,0,-1,1,5.242360496544158e-16,0.0,0.0,0.0
n_5615,0,-1,1,5.067170260250327e-16,0.0,0.0,0.0
n_56199,0,-1,1,5.08158040826549e-16,0.0,0.0,0.0
n_562,0,-1,2,9.099300140273789e-16,0.0,0.0,0.0
n_56200,0,-1,1,5.08158040826549e-16,0.0,0.0,0.0
n_56201,0,-1,1,5.08158040826549e-16,0.0,0.0,0.0
n_56202,0,-1,1,5.08158040826549e-16,0.0,0.0,0.0
n_56203,0,-1,1,5.08158040826549e-16,0.0,0.0,0.0
n_56204,0,-1,1,5.08158040826549e-16,0.0,0.0,0.0
n_56205,0,-1,1,5.08158040826549e-16,0.0,0.0,0.0
n_56207,0,-1,1,5.08158040826549e-16,0.0,0.0,0.0
n_56209,0,-1,1,5.08158040826549e-16,0.0,0.0,0.0
n_56210,0,-1,1,5.08158040826549e-16,0.0,0.0,0.0
n_56211,0,-1,1,5.08158040826549e-16,0.0,0.0,0.0
n_56212,0,-1,1,5.08158040826549e-16,0.0,0.0,0.0
n_56213,0,-1,1,5.08158040826549e-16,0.0,0.0,0.0
n_56214,0,-1,1,5.08158040826549e-16,0.0,0.0,0.0
n_56215,0,-1,1,5.08158040826549e-16,0.0,0.0,0.0
n_56216,0,-1,1,5.08158040826549e-16,0.0,0.0,0.0
n_56217,0,-1,1,5.08158040826549e-16,0.0,0.0,0.0
n_56218,0,-1,1,5.08158040826549e-16,0.0,0.0,0.0
n_5629,0,-1,3,1.565458976302849e-15,0.0,0.0,0.0
n_56296,0,-1,10,5.377662257285889e-15,0.0,0.0,0.0
n_56297,0,-1,1,5.912629843805102e-16,0.0,0.0,0.0
n_56298,0,-1,1,5.912629843805102e-16,0.0,0.0,0.0
n_56299,0,-1,1,5.912629843805102e-16,0.0,0.0,0.0
n_56300,0,-1,1,5.912629843805102e-16,0.0,0.0,0.0
n_56301,0,-1,1,5.912629843805102e-16,0.0,0.0,0.0
n_56302,0,-1,1,5.912629843805102e-16,0.0,0.0,0.0
n_56303,0,-1,1,5.912629843805102e-16,0.0,0.0,0.0
n_56304,0,-1,1,5.912629843805102e-16,0.0,0.0,0.0
n_56305,0,-1,1,5.912629843805102e-16,0.0,0.0,0.0
n_56306,0,-1,1,5.912629843805102e-16,0.0,0.0,0.0
n_56307,0,-1,9,5.093789752925451e-15,0.0,0.0,0.0
n_56308,0,-1,1,5.912629843805102e-16,0.0,0.0,0.0
n_56309,0,-1,1,5.912629843805102e-16,0.0,0.0,0.0
n_5631,0,-1,4,1.7032720838540709e-15,0.0,0.0,0.0
n_56310,0,-1,1,5.912629843805102e-16,0.0,0.0,0.0
n_56311,0,-1,1,5.912629843805102e-16,0.0,0.0,0.0
n_56312,0,-1,1,5.912629843805102e-16,0.0,0.0,0.0
n_56313,0,-1,1,5.912629843805102e-16,0.0,0.0,0.0
n_56314,0,-1,1,5.912629843805102e-16,0.0,0.0,0.0
n_56315,0,-1,1,5.912629843805102e-16,0.0,0.0,0.0
n_56316,0,-1,1,5.912629843805102e-16,0.0,0.0,0.0
n_5634,0,-1,4,1.715409007197041e-15,0.0,0.0,0.0
n_5635,0,-1,2,1.1897350661751018e-15,0.0,0.0,0.0
n_5636,0,-1,3,1.1881930426946253e-15,0.0,0.0,0.0
n_56367,0,-1,6,5.384413956908453e-15,0.0,0.0,0.0
n_56368,0,-1,8,6.407628486642227e-15,0.0,0.0,0.0
n_56369,0,-1,9,5.313945050861631e-15,0.0,0.0,0.0
n_5637,0,-1,2,7.758200286424343e-16,0.0,0.0,0.0
n_56370,0,-1,1,5.912629843805102e-16,0.0,0.0,0.0
n_56371,0,-1,1,5.912629843805102e-16,0.0,0.0,0.0
n_56372,0,-1,1,5.912629843805102e-16,0.0,0.0,0.0
n_56373,0,-1,1,5.912629843805102e-16,0.0,0.0,0.0
n_56374,0,-1,1,5.912629843805102e-16,0.0,0.0,0.0
n_56375,0,-1,1,5.912629843805102e-16,0.0,0.0,0.0
n_56376,0,-1,1,5.912629843805102e-16,0.0,0.0,0.0
n_56377,0,-1,1,5.912629843805102e-16,0.0,0.0,0.0
n_56378,0,-1,1,5.912629843805102e-16,0.0,0.0,0.0
n_56379,0,-1,9,5.313945050861631e-15,0.0,0.0,0.0
n_56380,0,-1,1,5.912629843805102e-16,0.0,0.0,0.0
n_56381,0,-1,1,5.912629843805102e-16,0.0,0.0,0.0
n_56382,0,-1,1,5.912629843805102e-16,0.0,0.0,0.0
n_56383,0,-1,1,5.912629843805102e-16,0.0,0.0,0.0
n_56384,0,-1,1,5.912629843805102e-16,0.0,0.0,0.0
n_56385,0,-1,1,5.912629843805102e-16,0.0,0.0,0.0
n_56386,0,-1,1,5.912629843805102e-16,0.0,0.0,0.0
n_56387,0,-1,1,5.912629843805102e-16,0.0,0.0,0.0
n_56388,0,-1,1,5.912629843805102e-16,0.0,0.0,0.0
n_564,0,-1,1,4.8363797225075395e-16,0.0,0.0,0.0
n_5640,0,-1,3,1.1556019677413584e-15,0.0,0.0,0.0
n_5641,0,-1,1,6.212930022781945e-16,0.0,0.0,0.0
n_5642,0,-1,1,5.239089890576572e-16,0.0,0.0,0.0
n_5645,0,-1,1,4.2881799990445563e-16,0.0,0.0,0.0
n_5648,0,-1,1,4.2881799990445563e-16,0.0,0.0,0.0
n_5649,0,-1,1,4.132109943348215e-16,0.0,0.0,0.0
n_5650,0,-1,2,1.0399009729155652e-15,0.0,0.0,0.0
n_5652,0,-1,1,5.55618990927102e-16,0.0,0.0,0.0
n_5653,0,-1,1,5.042300314127756e-16,0.0,0.0,0.0
n_5654,0,-1,3,1.3433589965988909e-15,0.0,0.0,0.0
n_5655,0,-1,1,5.067170260250327e-16,0.0,0.0,0.0
n_5656,0,-1,2,1.0399009729155652e-15,0.0,0.0,0.0
n_5657,0,-1,1,4.132109943348215e-16,0.0,0.0,0.0
n_5658,0,-1,1,4.132109943348215e-16,0.0,0.0,0.0
n_5659,0,-1,2,8.80138012387873e-16,0.0,0.0,0.0
n_566,0,-1,2,9.430800248467152e-16,0.0,0.0,0.0
n_5660,0,-1,1,5.098140431779904e-16,0.0,0.0,0.0
n_5661,0,-1,2,9.083159927463858e-16,0.0,0.0,0.0
n_5662,0,-1,2,8.983619791876085e-16,0.0,0.0,0.0
n_5664,0,-1,1,5.098140431779904e-16,0.0,0.0,0.0
n_5665,0,-1,1,5.067170260250327e-16,0.0,0.0,0.0
n_5667,0,-1,1,4.132109943348215e-16,0.0,0.0,0.0
n_5669,0,-1,1,5.616789822691145e-16,0.0,0.0,0.0
n_567,0,-1,1,3.4990399008505153e-16,0.0,0.0,0.0
n_56707,0,-1,10,4.487122733245292e-15,0.0,0.0,0.0
n_56709,0,-1,1,5.101060048469971e-16,0.0,0.0,0.0
n_5671,0,-1,1,5.616789822691145e-16,0.0,0.0,0.0
n_5672,0,-1,1,5.616789822691145e-16,0.0,0.0,0.0
n_5673,0,-1,1,5.616789822691145e-16,0.0,0.0,0.0
n_5674,0,-1,1,5.616789822691145e-16,0.0,0.0,0.0
n_5675,0,-1,1,5.616789822691145e-16,0.0,0.0,0.0
n_5676,0,-1,1,5.616789822691145e-16,0.0,0.0,0.0
n_56763,0,-1,1,5.08158040826549e-16,0.0,0.0,0.0
n_56764,0,-1,1,5.205529915810764e-16,0.0,0.0,0.0
n_56765,0,-1,1,7.489850190217932e-16,0.0,0.0,0.0
n_56766,0,-1,1,6.196590227833818e-16,0.0,0.0,0.0
n_5677,0,-1,1,5.616789822691145e-16,0.0,0.0,0.0
n_5678,0,-1,1,5.616789822691145e-16,0.0,0.0,0.0
n_5679,0,-1,1,5.616789822691145e-16,0.0,0.0,0.0
n_5680,0,-1,1,6.022999825019114e-16,0.0,0.0,0.0
n_5681,0,-1,1,5.616789822691145e-16,0.0,0.0,0.0
n_5683,0,-1,1,5.616789822691145e-16,0.0,0.0,0.0
n_5684,0,-1,1,5.616789822691145e-16,0.0,0.0,0.0
n_5685,0,-1,1,5.616789822691145e-16,0.0,0.0,0.0
n_5687,0,-1,1,5.616789822691145e-16,0.0,0.0,0.0
n_5688,0,-1,1,5.616789822691145e-16,0.0,0.0,0.0
n_5689,0,-1,1,5.616789822691145e-16,0.0,0.0,0.0
n_5690,0,-1,1,5.616789822691145e-16,0.0,0.0,0.0
n_5691,0,-1,1,5.616789822691145e-16,0.0,0.0,0.0
n_56910,0,-1,2,1.0075490788907793e-15,0.0,0.0,0.0
n_56911,0,-1,1,4.740920168143164e-16,0.0,0.0,0.0
n_5693,0,-1,1,5.616789822691145e-16,0.0,0.0,0.0
n_5694,0,-1,1,5.616789822691145e-16,0.0,0.0,0.0
n_5695,0,-1,1,5.616789822691145e-16,0.0,0.0,0.0
n_5696,0,-1,1,5.616789822691145e-16,0.0,0.0,0.0
n_5698,0,-1,1,5.616789822691145e-16,0.0,0.0,0.0
n_5699,0,-1,1,5.616789822691145e-16,0.0,0.0,0.0
n_57,0,-1,8,4.4204887688671646e-15,0.0,0.0,0.0
n_570,0,-1,1,3.466820091025942e-16,0.0,0.0,0.0
n_5700,0,-1,1,5.616789822691145e-16,0.0,0.0,0.0
n_5702,0,-1,1,5.616789822691145e-16,0.0,0.0,0.0
n_5703,0,-1,1,5.616789822691145e-16,0.0,0.0,0.0
n_5704,0,-1,1,5.616789822691145e-16,0.0,0.0,0.0
n_5705,0,-1,1,5.616789822691145e-16,0.0,0.0,0.0
n_5707,0,-1,1,4.225449797762087e-16,0.0,0.0,0.0
n_5709,0,-1,4,2.663538936596168e-15,0.0,0.0,0.0
n_57092,0,-1,2,8.460010493663078e-16,0.0,0.0,0.0
n_5710,0,-1,3,1.392624020997977e-15,0.0,0.0,0.0
n_57118,0,-1,1,7.489850190217932e-16,0.0,0.0,0.0
n_57165,0,-1,2,1.1537000611374173e-15,0.0,0.0,0.0
n_57168,0,-1,1,7.489850190217932e-16,0.0,0.0,0.0
n_57175,0,-1,1,5.031559936356572e-16,0.0,0.0,0.0
n_57176,0,-1,1,6.066110096265213e-16,0.0,0.0,0.0
n_5719,0,-1,2,8.822889996178661e-16,0.0,0.0,0.0
n_572,0,-1,1,5.541640000819559e-16,0.0,0.0,0.0
n_5720,0,-1,1,5.616789822691145e-16,0.0,0.0,0.0
n_5721,0,-1,1,3.466820091025942e-16,0.0,0.0,0.0
n_57228,0,-1,7,4.157177142268377e-15,0.0,0.0,0.0
n_5723,0,-1,1,5.239089890576572e-16,0.0,0.0,0.0
n_57230,0,-1,1,5.964369792596947e-16,0.0,0.0,0.0
n_57231,0,-1,1,5.558670127619699e-16,0.0,0.0,0.0
n_57233,0,-1,1,5.355650094448236e-16,0.0,0.0,0.0
n_57234,0,-1,1,5.422139533829739e-16,0.0,0.0,0.0
n_5724,0,-1,1,3.466820091025942e-16,0.0,0.0,0.0
n_5725,0,-1,1,5.486539978205075e-16,0.0,0.0,0.0
n_5726,0,-1,1,3.659220183923408e-16,0.0,0.0,0.0
n_5729,0,-1,1,4.132109943348215e-16,0.0,0.0,0.0
n_5735,0,-1,1,5.72365996964622e-16,0.0,0.0,0.0
n_5737,0,-1,2,1.0101930922356336e-15,0.0,0.0,0.0
n_5738,0,-1,2,8.633570720929036e-16,0.0,0.0,0.0
n_5739,0,-1,1,4.132109943348215e-16,0.0,0.0,0.0
n_5740,0,-1,1,4.132109943348215e-16,0.0,0.0,0.0
n_5742,0,-1,1,4.2881799990445563e-16,0.0,0.0,0.0
n_5743,0,-1,1,9.594830296285315e-16,0.0,0.0,0.0
n_5744,0,-1,1,5.72365996964622e-16,0.0,0.0,0.0
n_5745,0,-1,2,8.806970011935016e-16,0.0,0.0,0.0
n_5747,0,-1,2,8.627600197442077e-16,0.0,0.0,0.0
n_5749,0,-1,1,5.616789822691145e-16,0.0,0.0,0.0
n_575,0,-1,1,4.705869944785781e-16,0.0,0.0,0.0
n_5751,0,-1,1,3.4990399008505153e-16,0.0,0.0,0.0
n_5754,0,-1,2,8.983619791876085e-16,0.0,0.0,0.0
n_5755,0,-1,1,3.4990399008505153e-16,0.0,0.0,0.0
n_5756,0,-1,2,8.983619791876085e-16,0.0,0.0,0.0
n_5758,0,-1,2,8.983619791876085e-16,0.0,0.0,0.0
n_5760,0,-1,2,9.083159927463858e-16,0.0,0.0,0.0
n_5761,0,-1,1,5.463870200162998e-16,0.0,0.0,0.0
n_5762,0,-1,2,1.3806499397391167e-15,0.0,0.0,0.0
n_5763,0,-1,1,6.011460059903958e-16,0.0,0.0,0.0
n_5764,0,-1,1,5.616789822691145e-16,0.0,0.0,0.0
n_5765,0,-1,1,6.167800107352236e-16,0.0,0.0,0.0
n_5766,0,-1,1,5.616789822691145e-16,0.0,0.0,0.0
n_5767,0,-1,1,5.239089890576572e-16,0.0,0.0,0.0
n_5768,0,-1,1,5.616789822691145e-16,0.0,0.0,0.0
n_5769,0,-1,1,5.616789822691145e-16,0.0,0.0,0.0
n_5770,0,-1,1,5.616789822691145e-16,0.0,0.0,0.0
n_5771,0,-1,1,5.616789822691145e-16,0.0,0.0,0.0
n_5773,0,-1,1,5.616789822691145e-16,0.0,0.0,0.0
n_5774,0,-1,1,5.616789822691145e-16,0.0,0.0,0.0
n_5775,0,-1,1,5.616789822691145e-16,0.0,0.0,0.0
n_5776,0,-1,1,5.616789822691145e-16,0.0,0.0,0.0
n_5777,0,-1,1,5.616789822691145e-16,0.0,0.0,0.0
n_5778,0,-1,1,5.616789822691145e-16,0.0,0.0,0.0
n_5779,0,-1,1,5.616789822691145e-16,0.0,0.0,0.0
n_578,0,-1,18,7.514605257497031e-15,0.0,0.0,0.0
n_5780,0,-1,1,8.089889918239655e-16,0.0,0.0,0.0
n_5781,0,-1,1,5.616789822691145e-16,0.0,0.0,0.0
n_5782,0,-1,1,5.616789822691145e-16,0.0,0.0,0.0
n_5783,0,-1,1,5.616789822691145e-16,0.0,0.0,0.0
n_5784,0,-1,1,5.616789822691145e-16,0.0,0.0,0.0
n_5785,0,-1,1,5.616789822691145e-16,0.0,0.0,0.0
n_5786,0,-1,1,5.616789822691145e-16,0.0,0.0,0.0
n_5787,0,-1,1,6.011460059903958e-16,0.0,0.0,0.0
n_5788,0,-1,1,5.616789822691145e-16,0.0,0.0,0.0
n_5789,0,-1,1,5.616789822691145e-16,0.0,0.0,0.0
n_579,0,-1,2,7.724489433914806e-16,0.0,0.0,0.0
n_5790,0,-1,1,5.616789822691145e-16,0.0,0.0,0.0
n_5791,0,-1,1,5.616789822691145e-16,0.0,0.0,0.0
n_5792,0,-1,1,5.616789822691145e-16,0.0,0.0,0.0
n_5793,0,-1,1,5.616789822691145e-16,0.0,0.0,0.0
n_5794,0,-1,1,5.616789822691145e-16,0.0,0.0,0.0
n_5795,0,-1,1,6.022999825019114e-16,0.0,0.0,0.0
n_5797,0,-1,1,5.616789822691145e-16,0.0,0.0,0.0
n_5799,0,-1,1,5.616789822691145e-16,0.0,0.0,0.0
n_58,0,-1,8,4.5351990527820255e-15,0.0,0.0,0.0
n_580,0,-1,1,4.850940218870841e-16,0.0,0.0,0.0
n_5800,0,-1,1,5.616789822691145e-16,0.0,0.0,0.0
n_5801,0,-1,1,5.616789822691145e-16,0.0,0.0,0.0
n_5802,0,-1,1,5.616789822691145e-16,0.0,0.0,0.0
n_5803,0,-1,1,5.616789822691145e-16,0.0,0.0,0.0
n_5804,0,-1,1,5.616789822691145e-16,0.0,0.0,0.0
n_5805,0,-1,1,9.672700152708771e-16,0.0,0.0,0.0
n_5806,0,-1,1,3.62321996017612e-16,0.0,0.0,0.0
n_5807,0,-1,1,6.018490433366169e-16,0.0,0.0,0.0
n_5810,0,-1,1,5.964369792596947e-16,0.0,0.0,0.0
n_5811,0,-1,1,5.558670127619699e-16,0.0,0.0,0.0
n_5816,0,-1,1,3.385409901580759e-16,0.0,0.0,0.0
n_582,0,-1,1,4.8363797225075395e-16,0.0,0.0,0.0
n_5820,0,-1,1,4.0230300991919905e-16,0.0,0.0,0.0
n_5821,0,-1,1,5.355650094448236e-16,0.0,0.0,0.0
n_5822,0,-1,1,5.964369792596947e-16,0.0,0.0,0.0
n_5823,0,-1,1,5.558670127619699e-16,0.0,0.0,0.0
n_5827,0,-1,1,5.616789822691145e-16,0.0,0.0,0.0
n_5830,0,-1,3,2.2284659689531536e-15,0.0,0.0,0.0
n_5832,0,-1,2,1.1153890785704605e-15,0.0,0.0,0.0
n_5834,0,-1,2,9.075220052374533e-16,0.0,0.0,0.0
n_5835,0,-1,1,5.35974020479229e-16,0.0,0.0,0.0
n_5837,0,-1,2,7.049039950785809e-16,0.0,0.0,0.0
n_5838,0,-1,2,8.388310213469185e-16,0.0,0.0,0.0
n_5839,0,-1,1,5.436750322774283e-16,0.0,0.0,0.0
n_5841,0,-1,2,2.8793800839737455e-15,0.0,0.0,0.0
n_5843,0,-1,2,9.857100284117216e-16,0.0,0.0,0.0
n_5844,0,-1,1,5.729730019504481e-16,0.0,0.0,0.0
n_5845,0,-1,3,1.2793630104558683e-15,0.0,0.0,0.0
n_5848,0,-1,3,1.502568050518638e-15,0.0,0.0,0.0
n_5849,0,-1,2,1.0830389844906875e-15,0.0,0.0,0.0
n_5850,0,-1,2,1.1913230411929668e-15,0.0,0.0,0.0
n_5852,0,-1,2,8.684130117550645e-16,0.0,0.0,0.0
n_5854,0,-1,3,1.2540199964322565e-15,0.0,0.0,0.0
n_5856,0,-1,2,9.423060484911616e-16,0.0,0.0,0.0
n_5857,0,-1,2,8.374019708857821e-16,0.0,0.0,0.0
n_5858,0,-1,1,5.181880226527832e-16,0.0,0.0,0.0
n_5859,0,-1,2,1.19421301172988e-15,0.0,0.0,0.0
n_5861,0,-1,2,1.0699630192465676e-15,0.0,0.0,0.0
n_5862,0,-1,2,1.0662330037842149e-15,0.0,0.0,0.0
n_5865,0,-1,2,8.374019708857821e-16,0.0,0.0,0.0
n_5866,0,-1,1,4.709559832062258e-16,0.0,0.0,0.0
n_5869,0,-1,2,8.605219998788843e-16,0.0,0.0,0.0
n_5870,0,-1,16,6.364863487201252e-15,0.0,0.0,0.0
n_5871,0,-1,16,6.518052360327507e-15,0.0,0.0,0.0
n_5872,0,-1,2,1.0082790095330757e-15,0.0,0.0,0.0
n_5873,0,-1,2,8.97295988223489e-16,0.0,0.0,0.0
n_5874,0,-1,1,5.616789822691145e-16,0.0,0.0,0.0
n_5875,0,-1,1,6.212930022781945e-16,0.0,0.0,0.0
n_5876,0,-1,1,6.212930022781945e-16,0.0,0.0,0.0
n_5877,0,-1,1,6.212930022781945e-16,0.0,0.0,0.0
n_5878,0,-1,1,5.616789822691145e-16,0.0,0.0,0.0
n_5879,0,-1,1,6.212930022781945e-16,0.0,0.0,0.0
n_5880,0,-1,1,5.934590231753854e-16,0.0,0.0,0.0
n_5881,0,-1,1,6.212930022781945e-16,0.0,0.0,0.0
n_5882,0,-1,1,6.212930022781945e-16,0.0,0.0,0.0
n_5883,0,-1,1,6.212930022781945e-16,0.0,0.0,0.0
n_5884,0,-1,1,6.212930022781945e-16,0.0,0.0,0.0
n_5885,0,-1,1,5.616789822691145e-16,0.0,0.0,0.0
n_5886,0,-1,1,5.616789822691145e-16,0.0,0.0,0.0
n_5887,0,-1,1,5.616789822691145e-16,0.0,0.0,0.0
n_5888,0,-1,1,5.616789822691145e-16,0.0,0.0,0.0
n_5889,0,-1,1,5.616789822691145e-16,0.0,0.0,0.0
n_5890,0,-1,1,6.212930022781945e-16,0.0,0.0,0.0
n_5891,0,-1,1,6.212930022781945e-16,0.0,0.0,0.0
n_5892,0,-1,1,6.212930022781945e-16,0.0,0.0,0.0
n_5893,0,-1,1,6.212930022781945e-16,0.0,0.0,0.0
n_5894,0,-1,1,6.212930022781945e-16,0.0,0.0,0.0
n_5895,0,-1,1,6.212930022781945e-16,0.0,0.0,0.0
n_5896,0,-1,1,6.212930022781945e-16,0.0,0.0,0.0
n_5897,0,-1,1,6.212930022781945e-16,0.0,0.0,0.0
n_5898,0,-1,1,5.616789822691145e-16,0.0,0.0,0.0
n_5899,0,-1,1,5.616789822691145e-16,0.0,0.0,0.0
n_59,0,-1,8,4.326421524909838e-15,0.0,0.0,0.0
n_5900,0,-1,1,5.616789822691145e-16,0.0,0.0,0.0
n_5901,0,-1,1,5.616789822691145e-16,0.0,0.0,0.0
n_5902,0,-1,1,5.616789822691145e-16,0.0,0.0,0.0
n_5903,0,-1,1,5.616789822691145e-16,0.0,0.0,0.0
n_5904,0,-1,1,5.616789822691145e-16,0.0,0.0,0.0
n_5905,0,-1,1,5.616789822691145e-16,0.0,0.0,0.0
n_5906,0,-1,1,5.616789822691145e-16,0.0,0.0,0.0
n_5907,0,-1,1,9.694659481866339e-16,0.0,0.0,0.0
n_5908,0,-1,1,9.672700152708771e-16,0.0,0.0,0.0
n_5909,0,-1,1,9.694659481866339e-16,0.0,0.0,0.0
n_5911,0,-1,1,1.0034899911284183e-15,0.0,0.0,0.0
n_5913,0,-1,1,1.82696006997688e-15,0.0,0.0,0.0
n_5914,0,-1,1,1.5632999951994161e-15,0.0,0.0,0.0
n_5915,0,-1,1,9.694659481866339e-16,0.0,0.0,0.0
n_5916,0,-1,1,9.694659481866339e-16,0.0,0.0,0.0
n_5918,0,-1,1,1.996709919529615e-15,0.0,0.0,0.0
n_592,0,-1,1,6.212930022781945e-16,0.0,0.0,0.0
n_5921,0,-1,1,1.5632999951994161e-15,0.0,0.0,0.0
n_5922,0,-1,1,9.672700152708771e-16,0.0,0.0,0.0
n_5924,0,-1,1,9.672700152708771e-16,0.0,0.0,0.0
n_5925,0,-1,1,1.0243000024556803e-15,0.0,0.0,0.0
n_5926,0,-1,1,1.0271899729925936e-15,0.0,0.0,0.0
n_5927,0,-1,1,1.0243000024556803e-15,0.0,0.0,0.0
n_5928,0,-1,1,1.0161499573163178e-15,0.0,0.0,0.0
n_5929,0,-1,1,9.672700152708771e-16,0.0,0.0,0.0
n_5931,0,-1,1,1.0271899729925936e-15,0.0,0.0,0.0
n_5932,0,-1,1,1.0644999743741326e-15,0.0,0.0,0.0
n_5933,0,-1,1,1.0034899911284183e-15,0.0,0.0,0.0
n_5934,0,-1,1,1.0243000024556803e-15,0.0,0.0,0.0
n_5935,0,-1,1,3.659220183923408e-16,0.0,0.0,0.0
n_5936,0,-1,1,3.9780399441985783e-16,0.0,0.0,0.0
n_5937,0,-1,1,5.098140431779904e-16,0.0,0.0,0.0
n_5938,0,-1,1,4.133170058021263e-16,0.0,0.0,0.0
n_594,0,-1,1,4.704069999772866e-16,0.0,0.0,0.0
n_5941,0,-1,1,4.2380600007643353e-16,0.0,0.0,0.0
n_5942,0,-1,1,4.133170058021263e-16,0.0,0.0,0.0
n_5943,0,-1,1,4.3921501169464695e-16,0.0,0.0,0.0
n_5944,0,-1,1,4.3921501169464695e-16,0.0,0.0,0.0
n_5945,0,-1,1,4.2380600007643353e-16,0.0,0.0,0.0
n_5946,0,-1,1,4.296709885521203e-16,0.0,0.0,0.0
n_5947,0,-1,1,4.010339957455345e-16,0.0,0.0,0.0
n_5948,0,-1,1,5.547850340509709e-16,0.0,0.0,0.0
n_5949,0,-1,1,4.406340036395347e-16,0.0,0.0,0.0
n_5950,0,-1,1,4.549269964101814e-16,0.0,0.0,0.0
n_5951,0,-1,1,3.9780399441985783e-16,0.0,0.0,0.0
n_5952,0,-1,1,5.225399720566574e-16,0.0,0.0,0.0
n_5953,0,-1,1,4.804919860055331e-16,0.0,0.0,0.0
n_5954,0,-1,1,3.712599935561578e-16,0.0,0.0,0.0
n_5955,0,-1,1,5.55618990927102e-16,0.0,0.0,0.0
n_5956,0,-1,1,1.406419964247263e-15,0.0,0.0,0.0
n_5958,0,-1,1,5.633400138786802e-16,0.0,0.0,0.0
n_5959,0,-1,1,3.720560192381196e-16,0.0,0.0,0.0
n_596,0,-1,1,4.1844298450111333e-16,0.0,0.0,0.0
n_5961,0,-1,1,5.657799981623646e-16,0.0,0.0,0.0
n_5962,0,-1,1,5.242360496544158e-16,0.0,0.0,0.0
n_5965,0,-1,1,4.804919860055331e-16,0.0,0.0,0.0
n_5966,0,-1,1,3.6090300407272424e-16,0.0,0.0,0.0
n_5967,0,-1,1,3.4990399008505153e-16,0.0,0.0,0.0
n_5968,0,-1,1,4.995600211372075e-16,0.0,0.0,0.0
n_5969,0,-1,1,4.804919860055331e-16,0.0,0.0,0.0
n_5970,0,-1,1,3.385409901580759e-16,0.0,0.0,0.0
n_5971,0,-1,1,3.4882799354424255e-16,0.0,0.0,0.0
n_5973,0,-1,1,5.355650094448236e-16,0.0,0.0,0.0
n_5974,0,-1,1,4.995600211372075e-16,0.0,0.0,0.0
n_5975,0,-1,6,2.7051720882613744e-15,0.0,0.0,0.0
n_5978,0,-1,1,4.12629003290719e-16,0.0,0.0,0.0
n_5980,0,-1,1,4.713480006421269e-16,0.0,0.0,0.0
n_5981,0,-1,1,5.616789822691145e-16,0.0,0.0,0.0
n_5983,0,-1,1,5.616789822691145e-16,0.0,0.0,0.0
n_5984,0,-1,1,5.355650094448236e-16,0.0,0.0,0.0
n_5985,0,-1,1,5.196369783881801e-16,0.0,0.0,0.0
n_5987,0,-1,1,6.1835903896758325e-16,0.0,0.0,0.0
n_5988,0,-1,1,5.075340422422186e-16,0.0,0.0,0.0
n_5989,0,-1,1,5.906440150543041e-16,0.0,0.0,0.0
n_599,0,-1,1,5.368499584258084e-16,0.0,0.0,0.0
n_5990,0,-1,1,5.5913798930647e-16,0.0,0.0,0.0
n_5992,0,-1,6,2.758288042076034e-15,0.0,0.0,0.0
n_5995,0,-1,2,1.123357964538229e-15,0.0,0.0,0.0
n_5999,0,-1,1,5.616789822691145e-16,0.0,0.0,0.0
n_6,0,-1,10,5.083529219318886e-15,0.0,0.0,0.0
n_60,0,-1,8,4.308373793902691e-15,0.0,0.0,0.0
n_6001,0,-1,2,9.25098997684164e-16,0.0,0.0,0.0
n_6002,0,-1,2,8.663890265276004e-16,0.0,0.0,0.0
n_6005,0,-1,1,5.616789822691145e-16,0.0,0.0,0.0
n_6007,0,-1,1,4.45050009910045e-16,0.0,0.0,0.0
n_6008,0,-1,2,1.0370429778724108e-15,0.0,0.0,0.0
n_6011,0,-1,2,1.0362750366266064e-15,0.0,0.0,0.0
n_6013,0,-1,2,7.626250552692252e-16,0.0,0.0,0.0
n_6014,0,-1,1,4.875250064457039e-16,0.0,0.0,0.0
n_6016,0,-1,2,9.596870586897014e-16,0.0,0.0,0.0
n_6017,0,-1,1,4.45050009910045e-16,0.0,0.0,0.0
n_6019,0,-1,1,5.616789822691145e-16,0.0,0.0,0.0
n_6020,0,-1,1,5.616789822691145e-16,0.0,0.0,0.0
n_6021,0,-1,1,5.616789822691145e-16,0.0,0.0,0.0
n_6022,0,-1,1,4.955140094459697e-16,0.0,0.0,0.0
n_6023,0,-1,1,5.044410484957604e-16,0.0,0.0,0.0
n_6024,0,-1,1,5.215520140028037e-16,0.0,0.0,0.0
n_6025,0,-1,1,4.907040269758677e-16,0.0,0.0,0.0
n_6026,0,-1,1,5.343449643634222e-16,0.0,0.0,0.0
n_6027,0,-1,1,5.616789822691145e-16,0.0,0.0,0.0
n_6029,0,-1,1,5.616789822691145e-16,0.0,0.0,0.0
n_603,0,-1,1,6.212930022781945e-16,0.0,0.0,0.0
n_6030,0,-1,1,5.616789822691145e-16,0.0,0.0,0.0
n_6031,0,-1,1,6.212930022781945e-16,0.0,0.0,0.0
n_6032,0,-1,1,5.616789822691145e-16,0.0,0.0,0.0
n_6033,0,-1,1,5.616789822691145e-16,0.0,0.0,0.0
n_6034,0,-1,1,5.616789822691145e-16,0.0,0.0,0.0
n_6035,0,-1,1,5.616789822691145e-16,0.0,0.0,0.0
n_6036,0,-1,1,5.616789822691145e-16,0.0,0.0,0.0
n_6037,0,-1,1,5.616789822691145e-16,0.0,0.0,0.0
n_6038,0,-1,1,5.616789822691145e-16,0.0,0.0,0.0
n_6039,0,-1,1,5.616789822691145e-16,0.0,0.0,0.0
n_6040,0,-1,1,5.616789822691145e-16,0.0,0.0,0.0
n_6041,0,-1,1,5.616789822691145e-16,0.0,0.0,0.0
n_6042,0,-1,1,5.616789822691145e-16,0.0,0.0,0.0
n_6043,0,-1,1,5.616789822691145e-16,0.0,0.0,0.0
n_6044,0,-1,1,5.616789822691145e-16,0.0,0.0,0.0
n_6045,0,-1,1,5.616789822691145e-16,0.0,0.0,0.0
n_6046,0,-1,1,5.616789822691145e-16,0.0,0.0,0.0
n_6047,0,-1,1,5.616789822691145e-16,0.0,0.0,0.0
n_6048,0,-1,1,5.616789822691145e-16,0.0,0.0,0.0
n_6049,0,-1,1,5.616789822691145e-16,0.0,0.0,0.0
n_6050,0,-1,1,5.616789822691145e-16,0.0,0.0,0.0
n_6051,0,-1,1,5.616789822691145e-16,0.0,0.0,0.0
n_6052,0,-1,1,5.616789822691145e-16,0.0,0.0,0.0
n_6053,0,-1,1,5.616789822691145e-16,0.0,0.0,0.0
n_6054,0,-1,1,5.616789822691145e-16,0.0,0.0,0.0
n_6055,0,-1,1,5.616789822691145e-16,0.0,0.0,0.0
n_6056,0,-1,1,5.616789822691145e-16,0.0,0.0,0.0
n_6057,0,-1,1,5.616789822691145e-16,0.0,0.0,0.0
n_6058,0,-1,1,5.616789822691145e-16,0.0,0.0,0.0
n_6059,0,-1,1,5.616789822691145e-16,0.0,0.0,0.0
n_606,0,-1,1,4.0230300991919905e-16,0.0,0.0,0.0
n_6060,0,-1,1,5.616789822691145e-16,0.0,0.0,0.0
n_6061,0,-1,1,5.616789822691145e-16,0.0,0.0,0.0
n_6062,0,-1,1,5.897550010366015e-16,0.0,0.0,0.0
n_6064,0,-1,1,1.2861600263411105e-15,0.0,0.0,0.0
n_6065,0,-1,1,5.556279906521666e-16,0.0,0.0,0.0
n_60694,0,-1,8,7.296037722820479e-15,0.0,0.0,0.0
n_60695,0,-1,12,7.60036395527474e-15,0.0,0.0,0.0
n_60696,0,-1,9,4.794370805851107e-15,0.0,0.0,0.0
n_60697,0,-1,1,5.912629843805102e-16,0.0,0.0,0.0
n_60698,0,-1,1,5.912629843805102e-16,0.0,0.0,0.0
n_60699,0,-1,1,5.912629843805102e-16,0.0,0.0,0.0
n_607,0,-1,2,9.762420000064315e-16,0.0,0.0,0.0
n_60700,0,-1,1,5.912629843805102e-16,0.0,0.0,0.0
n_60701,0,-1,1,5.912629843805102e-16,0.0,0.0,0.0
n_60702,0,-1,1,5.912629843805102e-16,0.0,0.0,0.0
n_60703,0,-1,1,5.912629843805102e-16,0.0,0.0,0.0
n_60704,0,-1,1,5.912629843805102e-16,0.0,0.0,0.0
n_60705,0,-1,1,5.912629843805102e-16,0.0,0.0,0.0
n_60706,0,-1,9,4.9863893633453945e-15,0.0,0.0,0.0
n_60707,0,-1,1,5.912629843805102e-16,0.0,0.0,0.0
n_60708,0,-1,1,5.912629843805102e-16,0.0,0.0,0.0
n_60709,0,-1,1,5.912629843805102e-16,0.0,0.0,0.0
n_6071,0,-1,1,5.915089945121284e-16,0.0,0.0,0.0
n_60710,0,-1,1,5.912629843805102e-16,0.0,0.0,0.0
n_60711,0,-1,1,5.912629843805102e-16,0.0,0.0,0.0
n_60712,0,-1,1,5.912629843805102e-16,0.0,0.0,0.0
n_60713,0,-1,1,5.912629843805102e-16,0.0,0.0,0.0
n_60714,0,-1,1,5.912629843805102e-16,0.0,0.0,0.0
n_60715,0,-1,1,5.912629843805102e-16,0.0,0.0,0.0
n_6072,0,-1,1,5.616789822691145e-16,0.0,0.0,0.0
n_6073,0,-1,1,4.901829958341879e-16,0.0,0.0,0.0
n_6074,0,-1,1,4.875859928179062e-16,0.0,0.0,0.0
n_6075,0,-1,1,5.1064302373555635e-16,0.0,0.0,0.0
n_6076,0,-1,1,5.633400138786802e-16,0.0,0.0,0.0
n_6077,0,-1,1,5.196369783881801e-16,0.0,0.0,0.0
n_6078,0,-1,1,5.616789822691145e-16,0.0,0.0,0.0
n_6079,0,-1,1,5.616789822691145e-16,0.0,0.0,0.0
n_608,0,-1,19,7.57209338362718e-15,0.0,0.0,0.0
n_6080,0,-1,1,6.212930022781945e-16,0.0,0.0,0.0
n_6081,0,-1,1,5.007100271817828e-16,0.0,0.0,0.0
n_6082,0,-1,1,5.238390029603903e-16,0.0,0.0,0.0
n_6085,0,-1,1,5.934590231753854e-16,0.0,0.0,0.0
n_6089,0,-1,4,1.74523801358843e-15,0.0,0.0,0.0
n_60894,0,-1,1,4.889519922640314e-16,0.0,0.0,0.0
n_6090,0,-1,1,5.5913798930647e-16,0.0,0.0,0.0
n_6091,0,-1,2,1.1179219188409877e-15,0.0,0.0,0.0
n_6094,0,-1,2,8.405449925156876e-16,0.0,0.0,0.0
n_6095,0,-1,2,9.787289946186885e-16,0.0,0.0,0.0
n_6097,0,-1,2,8.208599468214977e-16,0.0,0.0,0.0
n_6098,0,-1,2,1.0257480052790115e-15,0.0,0.0,0.0
n_61,0,-1,8,4.383954543786192e-15,0.0,0.0,0.0
n_610,0,-1,3,1.6532558471098885e-15,0.0,0.0,0.0
n_6100,0,-1,1,6.378279853811049e-16,0.0,0.0,0.0
n_6101,0,-1,2,8.926290484423545e-16,0.0,0.0,0.0
n_6102,0,-1,1,6.177260406581883e-16,0.0,0.0,0.0
n_6103,0,-1,1,5.616789822691145e-16,0.0,0.0,0.0
n_6104,0,-1,1,5.616789822691145e-16,0.0,0.0,0.0
n_6105,0,-1,1,5.616789822691145e-16,0.0,0.0,0.0
n_6109,0,-1,1,1.0495800184038401e-15,0.0,0.0,0.0
n_611,0,-1,1,6.212930022781945e-16,0.0,0.0,0.0
n_6110,0,-1,1,1.0763600238224689e-15,0.0,0.0,0.0
n_6111,0,-1,1,9.818610048202797e-16,0.0,0.0,0.0
n_6114,0,-1,1,9.81332985656785e-16,0.0,0.0,0.0
n_6115,0,-1,1,1.0675100118313192e-15,0.0,0.0,0.0
n_6116,0,-1,1,1.0763600238224689e-15,0.0,0.0,0.0
n_6117,0,-1,1,1.0644999743741326e-15,0.0,0.0,0.0
n_6120,0,-1,1,1.0675100118313192e-15,0.0,0.0,0.0
n_6121,0,-1,1,1.494460039389283e-15,0.0,0.0,0.0
n_6122,0,-1,1,5.616789822691145e-16,0.0,0.0,0.0
n_6124,0,-1,1,6.412960559045193e-16,0.0,0.0,0.0
n_6125,0,-1,1,5.095009586248615e-16,0.0,0.0,0.0
n_6126,0,-1,1,5.077040311668207e-16,0.0,0.0,0.0
n_6129,0,-1,1,5.042300314127756e-16,0.0,0.0,0.0
n_613,0,-1,1,6.212930022781945e-16,0.0,0.0,0.0
n_6130,0,-1,1,5.616789822691145e-16,0.0,0.0,0.0
n_6131,0,-1,1,5.937619962727064e-16,0.0,0.0,0.0
n_6133,0,-1,1,5.97289994377139e-16,0.0,0.0,0.0
n_6134,0,-1,1,5.543670232915009e-16,0.0,0.0,0.0
n_6135,0,-1,1,5.069670066235911e-16,0.0,0.0,0.0
n_6136,0,-1,1,5.196369783881801e-16,0.0,0.0,0.0
n_6137,0,-1,1,5.048919876610549e-16,0.0,0.0,0.0
n_6138,0,-1,1,6.018490433366169e-16,0.0,0.0,0.0
n_6139,0,-1,1,6.01713994521089e-16,0.0,0.0,0.0
n_614,0,-1,1,5.616789822691145e-16,0.0,0.0,0.0
n_6143,0,-1,1,6.152109880795534e-16,0.0,0.0,0.0
n_6145,0,-1,1,5.1064302373555635e-16,0.0,0.0,0.0
n_6149,0,-1,1,5.616789822691145e-16,0.0,0.0,0.0
n_615,0,-1,1,4.964619981326249e-16,0.0,0.0,0.0
n_6151,0,-1,1,4.836170081853094e-16,0.0,0.0,0.0
n_6153,0,-1,2,8.125030138847683e-16,0.0,0.0,0.0
n_6154,0,-1,1,5.168309699921634e-16,0.0,0.0,0.0
n_6155,0,-1,1,5.616789822691145e-16,0.0,0.0,0.0
n_6158,0,-1,1,5.616789822691145e-16,0.0,0.0,0.0
n_6159,0,-1,2,1.0426590180709436e-15,0.0,0.0,0.0
n_616,0,-1,1,3.9780399441985783e-16,0.0,0.0,0.0
n_6160,0,-1,3,1.5283309811258512e-15,0.0,0.0,0.0
n_6163,0,-1,1,5.616789822691145e-16,0.0,0.0,0.0
n_6164,0,-1,2,1.0140960082983446e-15,0.0,0.0,0.0
n_6165,0,-1,1,5.616789822691145e-16,0.0,0.0,0.0
n_6166,0,-1,1,5.616789822691145e-16,0.0,0.0,0.0
n_6167,0,-1,1,5.616789822691145e-16,0.0,0.0,0.0
n_6168,0,-1,1,5.355650094448236e-16,0.0,0.0,0.0
n_6169,0,-1,1,5.501270410553419e-16,0.0,0.0,0.0
n_617,0,-1,1,6.212930022781945e-16,0.0,0.0,0.0
n_6170,0,-1,1,1.0856800332202264e-15,0.0,0.0,0.0
n_6171,0,-1,1,1.0713900580044543e-15,0.0,0.0,0.0
n_6172,0,-1,1,5.091290052818985e-16,0.0,0.0,0.0
n_6173,0,-1,1,5.234320036292346e-16,0.0,0.0,0.0
n_6176,0,-1,1,6.011460059903958e-16,0.0,0.0,0.0
n_6181,0,-1,2,1.123357964538229e-15,0.0,0.0,0.0
n_6184,0,-1,1,5.797029963537387e-16,0.0,0.0,0.0
n_6185,0,-1,1,5.616789822691145e-16,0.0,0.0,0.0
n_6186,0,-1,1,5.934590231753854e-16,0.0,0.0,0.0
n_6187,0,-1,1,3.4990399008505153e-16,0.0,0.0,0.0
n_6189,0,-1,2,1.0488949805077482e-15,0.0,0.0,0.0
n_6190,0,-1,1,5.934590231753854e-16,0.0,0.0,0.0
n_6192,0,-1,1,1.0763600238224689e-15,0.0,0.0,0.0
n_6194,0,-1,1,1.0675100118313192e-15,0.0,0.0,0.0
n_6196,0,-1,1,1.628919955260562e-15,0.0,0.0,0.0
n_6198,0,-1,1,1.6661299008752066e-15,0.0,0.0,0.0
n_6199,0,-1,1,1.0644999743741326e-15,0.0,0.0,0.0
n_62,0,-1,9,4.730726867776787e-15,0.0,0.0,0.0
n_620,0,-1,1,6.212930022781945e-16,0.0,0.0,0.0
n_6200,0,-1,1,5.355650094448236e-16,0.0,0.0,0.0
n_6203,0,-1,1,5.563640093437714e-16,0.0,0.0,0.0
n_6207,0,-1,3,2.7564838618983822e-15,0.0,0.0,0.0
n_6208,0,-1,3,1.6623330756891392e-15,0.0,0.0,0.0
n_6211,0,-1,1,5.467370034421934e-16,0.0,0.0,0.0
n_6213,0,-1,1,6.011460059903958e-16,0.0,0.0,0.0
n_6214,0,-1,1,6.177260406581883e-16,0.0,0.0,0.0
n_6215,0,-1,2,1.0644569874520594e-15,0.0,0.0,0.0
n_6216,0,-1,4,2.246715929076458e-15,0.0,0.0,0.0
n_6223,0,-1,1,4.850940218870841e-16,0.0,0.0,0.0
n_6225,0,-1,1,1.0856800332202264e-15,0.0,0.0,0.0
n_623,0,-1,8,3.182431743600626e-15,0.0,0.0,0.0
n_6230,0,-1,1,1.0763600238224689e-15,0.0,0.0,0.0
n_6232,0,-1,1,5.046050023106133e-16,0.0,0.0,0.0
n_6233,0,-1,1,6.311820060582701e-16,0.0,0.0,0.0
n_6234,0,-1,1,4.990389899955277e-16,0.0,0.0,0.0
n_6236,0,-1,1,3.466820091025942e-16,0.0,0.0,0.0
n_624,0,-1,9,3.629456981404109e-15,0.0,0.0,0.0
n_6241,0,-1,4,1.944893949530754e-15,0.0,0.0,0.0
n_6242,0,-1,2,9.204360813095292e-16,0.0,0.0,0.0
n_6244,0,-1,2,1.0651030618325777e-15,0.0,0.0,0.0
n_6246,0,-1,1,5.156840344420219e-16,0.0,0.0,0.0
n_625,0,-1,16,7.042121385672636e-15,0.0,0.0,0.0
n_6251,0,-1,1,4.423370163195487e-16,0.0,0.0,0.0
n_6253,0,-1,1,6.20466986335944e-16,0.0,0.0,0.0
n_6255,0,-1,1,6.066110096265213e-16,0.0,0.0,0.0
n_6257,0,-1,1,5.616789822691145e-16,0.0,0.0,0.0
n_6259,0,-1,1,5.616789822691145e-16,0.0,0.0,0.0
n_626,0,-1,2,2.1305599716788708e-15,0.0,0.0,0.0
n_6260,0,-1,1,6.212930022781945e-16,0.0,0.0,0.0
n_6261,0,-1,1,4.892939818164853e-16,0.0,0.0,0.0
n_6262,0,-1,4,2.2380249475211552e-15,0.0,0.0,0.0
n_6263,0,-1,4,2.2056699830019354e-15,0.0,0.0,0.0
n_6264,0,-1,3,1.4220440163549607e-15,0.0,0.0,0.0
n_627,0,-1,9,5.750749777365307e-15,0.0,0.0,0.0
n_6270,0,-1,3,2.408638135405379e-15,0.0,0.0,0.0
n_6271,0,-1,1,6.011460059903958e-16,0.0,0.0,0.0
n_6275,0,-1,1,5.044410484957604e-16,0.0,0.0,0.0
n_6276,0,-1,3,1.4390691668365353e-15,0.0,0.0,0.0
n_628,0,-1,10,4.553512328618137e-15,0.0,0.0,0.0
n_6282,0,-1,3,1.879361975017004e-15,0.0,0.0,0.0
n_6283,0,-1,3,1.9426340656274795e-15,0.0,0.0,0.0
n_6284,0,-1,3,1.912830152587153e-15,0.0,0.0,0.0
n_6287,0,-1,2,9.07497970677575e-16,0.0,0.0,0.0
n_629,0,-1,1,1.2162800199508675e-15,0.0,0.0,0.0
n_6291,0,-1,2,1.1843240079498045e-15,0.0,0.0,0.0
n_6292,0,-1,1,5.07333983647989e-16,0.0,0.0,0.0
n_6296,0,-1,4,3.2789659710168303e-15,0.0,0.0,0.0
n_6297,0,-1,3,2.3796340332254973e-15,0.0,0.0,0.0
n_6299,0,-1,6,4.768003940752502e-15,0.0,0.0,0.0
n_63,0,-1,8,4.281864627268947e-15,0.0,0.0,0.0
n_6300,0,-1,2,1.6705149904431421e-15,0.0,0.0,0.0
n_6301,0,-1,4,2.3324269812508838e-15,0.0,0.0,0.0
n_6302,0,-1,4,2.2241509713616034e-15,0.0,0.0,0.0
n_6305,0,-1,1,1.0271899729925936e-15,0.0,0.0,0.0
n_6306,0,-1,1,1.0763600238224689e-15,0.0,0.0,0.0
n_6307,0,-1,1,4.3284601214556425e-16,0.0,0.0,0.0
n_6308,0,-1,1,4.1844298450111333e-16,0.0,0.0,0.0
n_6309,0,-1,1,4.7960101322414e-16,0.0,0.0,0.0
n_6318,0,-1,33,1.3106789620103386e-14,0.0,0.0,0.0
n_632,0,-1,7,3.879083943707055e-15,0.0,0.0,0.0
n_633,0,-1,16,8.12202190133551e-15,0.0,0.0,0.0
n_6334,0,-1,33,1.4042064765736745e-14,0.0,0.0,0.0
n_6337,0,-1,1,4.964619981326249e-16,0.0,0.0,0.0
n_6338,0,-1,1,5.616789822691145e-16,0.0,0.0,0.0
n_6341,0,-1,2,9.654649880602782e-16,0.0,0.0,0.0
n_6342,0,-1,1,5.5913798930647e-16,0.0,0.0,0.0
n_6348,0,-1,1,5.205529915810764e-16,0.0,0.0,0.0
n_6349,0,-1,1,5.08158040826549e-16,0.0,0.0,0.0
n_6351,0,-1,1,5.548899602573121e-16,0.0,0.0,0.0
n_6352,0,-1,1,5.548899602573121e-16,0.0,0.0,0.0
n_6353,0,-1,1,5.08158040826549e-16,0.0,0.0,0.0
n_6354,0,-1,1,5.548899602573121e-16,0.0,0.0,0.0
n_6355,0,-1,1,5.205529915810764e-16,0.0,0.0,0.0
n_6357,0,-1,1,5.205529915810764e-16,0.0,0.0,0.0
n_6358,0,-1,1,5.205529915810764e-16,0.0,0.0,0.0
n_6359,0,-1,1,5.08158040826549e-16,0.0,0.0,0.0
n_636,0,-1,8,3.097685038436649e-15,0.0,0.0,0.0
n_6360,0,-1,1,5.08158040826549e-16,0.0,0.0,0.0
n_6361,0,-1,1,5.08158040826549e-16,0.0,0.0,0.0
n_6362,0,-1,1,5.205529915810764e-16,0.0,0.0,0.0
n_6363,0,-1,1,5.205529915810764e-16,0.0,0.0,0.0
n_6364,0,-1,1,5.205529915810764e-16,0.0,0.0,0.0
n_6365,0,-1,1,5.08158040826549e-16,0.0,0.0,0.0
n_6366,0,-1,1,5.08158040826549e-16,0.0,0.0,0.0
n_6367,0,-1,1,5.08158040826549e-16,0.0,0.0,0.0
n_6368,0,-1,1,5.08158040826549e-16,0.0,0.0,0.0
n_6369,0,-1,1,5.08158040826549e-16,0.0,0.0,0.0
n_637,0,-1,5,1.916140145586786e-15,0.0,0.0,0.0
n_6370,0,-1,1,5.205529915810764e-16,0.0,0.0,0.0
n_6371,0,-1,1,5.08158040826549e-16,0.0,0.0,0.0
n_6372,0,-1,1,5.08158040826549e-16,0.0,0.0,0.0
n_6373,0,-1,1,5.08158040826549e-16,0.0,0.0,0.0
n_6374,0,-1,1,5.08158040826549e-16,0.0,0.0,0.0
n_6375,0,-1,1,5.08158040826549e-16,0.0,0.0,0.0
n_6376,0,-1,1,5.08158040826549e-16,0.0,0.0,0.0
n_6377,0,-1,1,5.205529915810764e-16,0.0,0.0,0.0
n_6378,0,-1,1,5.08158040826549e-16,0.0,0.0,0.0
n_6379,0,-1,1,5.205529915810764e-16,0.0,0.0,0.0
n_638,0,-1,6,2.558605106958516e-15,0.0,0.0,0.0
n_639,0,-1,4,2.592048297056721e-15,0.0,0.0,0.0
n_64,0,-1,8,4.245330825704448e-15,0.0,0.0,0.0
n_6412,0,-1,1,5.101060048469971e-16,0.0,0.0,0.0
n_6418,0,-1,1,5.101060048469971e-16,0.0,0.0,0.0
n_642,0,-1,7,2.7381460221068002e-15,0.0,0.0,0.0
n_6420,0,-1,1,5.205529915810764e-16,0.0,0.0,0.0
n_6426,0,-1,1,5.205529915810764e-16,0.0,0.0,0.0
n_6429,0,-1,1,5.205529915810764e-16,0.0,0.0,0.0
n_643,0,-1,5,1.9414539369737175e-15,0.0,0.0,0.0
n_6432,0,-1,1,5.205529915810764e-16,0.0,0.0,0.0
n_6435,0,-1,1,5.205529915810764e-16,0.0,0.0,0.0
n_6444,0,-1,1,5.205529915810764e-16,0.0,0.0,0.0
n_6447,0,-1,1,5.205529915810764e-16,0.0,0.0,0.0
n_6448,0,-1,1,5.101060048469971e-16,0.0,0.0,0.0
n_645,0,-1,3,1.0905320497003358e-15,0.0,0.0,0.0
n_6450,0,-1,1,5.205529915810764e-16,0.0,0.0,0.0
n_6452,0,-1,1,5.101060048469971e-16,0.0,0.0,0.0
n_6453,0,-1,1,5.205529915810764e-16,0.0,0.0,0.0
n_6456,0,-1,1,5.205529915810764e-16,0.0,0.0,0.0
n_6460,0,-1,1,5.101060048469971e-16,0.0,0.0,0.0
n_6462,0,-1,1,5.205529915810764e-16,0.0,0.0,0.0
n_6463,0,-1,1,5.548899602573121e-16,0.0,0.0,0.0
n_6465,0,-1,1,5.205529915810764e-16,0.0,0.0,0.0
n_6469,0,-1,1,5.101060048469971e-16,0.0,0.0,0.0
n_647,0,-1,5,2.7322949302654043e-15,0.0,0.0,0.0
n_6471,0,-1,1,5.205529915810764e-16,0.0,0.0,0.0
n_6474,0,-1,1,5.205529915810764e-16,0.0,0.0,0.0
n_6475,0,-1,1,5.101060048469971e-16,0.0,0.0,0.0
n_6478,0,-1,1,5.101060048469971e-16,0.0,0.0,0.0
n_648,0,-1,5,1.9999191156085247e-15,0.0,0.0,0.0
n_6480,0,-1,1,5.205529915810764e-16,0.0,0.0,0.0
n_6484,0,-1,1,5.101060048469971e-16,0.0,0.0,0.0
n_6487,0,-1,1,5.101060048469971e-16,0.0,0.0,0.0
n_6488,0,-1,1,5.101060048469971e-16,0.0,0.0,0.0
n_6489,0,-1,1,5.205529915810764e-16,0.0,0.0,0.0
n_649,0,-1,4,1.4988000244527773e-15,0.0,0.0,0.0
n_6490,0,-1,1,5.08158040826549e-16,0.0,0.0,0.0
n_64913,0,-1,10,4.423590180003536e-15,0.0,0.0,0.0
n_6493,0,-1,1,5.101060048469971e-16,0.0,0.0,0.0
n_64960,0,-1,1,5.548899602573121e-16,0.0,0.0,0.0
n_64962,0,-1,1,5.08158040826549e-16,0.0,0.0,0.0
n_64963,0,-1,1,5.205529915810764e-16,0.0,0.0,0.0
n_64964,0,-1,1,8.089889918239655e-16,0.0,0.0,0.0
n_64965,0,-1,1,6.196590227833818e-16,0.0,0.0,0.0
n_64972,0,-1,3,1.9270190132448465e-15,0.0,0.0,0.0
n_64974,0,-1,1,6.193259800164332e-16,0.0,0.0,0.0
n_64976,0,-1,2,6.46504990892778e-16,0.0,0.0,0.0
n_64978,0,-1,1,3.62321996017612e-16,0.0,0.0,0.0
n_6498,0,-1,1,5.205529915810764e-16,0.0,0.0,0.0
n_64980,0,-1,1,6.196590227833818e-16,0.0,0.0,0.0
n_64987,0,-1,1,3.62321996017612e-16,0.0,0.0,0.0
n_64988,0,-1,1,3.720560192381196e-16,0.0,0.0,0.0
n_64989,0,-1,1,6.196590227833818e-16,0.0,0.0,0.0
n_64990,0,-1,2,9.352950509076193e-16,0.0,0.0,0.0
n_64992,0,-1,1,5.863069946061253e-16,0.0,0.0,0.0
n_65,0,-1,9,4.910267359408598e-15,0.0,0.0,0.0
n_650,0,-1,5,1.8647220693148977e-15,0.0,0.0,0.0
n_6501,0,-1,1,5.205529915810764e-16,0.0,0.0,0.0
n_6502,0,-1,1,5.101060048469971e-16,0.0,0.0,0.0
n_6503,0,-1,1,5.101060048469971e-16,0.0,0.0,0.0
n_6504,0,-1,1,5.205529915810764e-16,0.0,0.0,0.0
n_65045,0,-1,1,3.62321996017612e-16,0.0,0.0,0.0
n_65046,0,-1,1,3.720560192381196e-16,0.0,0.0,0.0
n_65047,0,-1,1,6.196590227833818e-16,0.0,0.0,0.0
n_65052,0,-1,5,3.495083039376976e-15,0.0,0.0,0.0
n_65054,0,-1,8,5.011514478143325e-15,0.0,0.0,0.0
n_65066,0,-1,16,9.956058296311989e-15,0.0,0.0,0.0
n_6509,0,-1,1,5.548899602573121e-16,0.0,0.0,0.0
n_6510,0,-1,1,5.205529915810764e-16,0.0,0.0,0.0
n_6512,0,-1,1,5.08158040826549e-16,0.0,0.0,0.0
n_6513,0,-1,1,5.205529915810764e-16,0.0,0.0,0.0
n_6514,0,-1,1,5.205529915810764e-16,0.0,0.0,0.0
n_6515,0,-1,1,5.205529915810764e-16,0.0,0.0,0.0
n_6516,0,-1,1,5.548899602573121e-16,0.0,0.0,0.0
n_6518,0,-1,1,5.548899602573121e-16,0.0,0.0,0.0
n_6519,0,-1,1,5.548899602573121e-16,0.0,0.0,0.0
n_652,0,-1,5,1.847420997850755e-15,0.0,0.0,0.0
n_6520,0,-1,1,5.205529915810764e-16,0.0,0.0,0.0
n_6521,0,-1,1,5.205529915810764e-16,0.0,0.0,0.0
n_65215,0,-1,4,1.470021974190694e-15,0.0,0.0,0.0
n_65216,0,-1,2,1.6449089726894078e-15,0.0,0.0,0.0
n_65217,0,-1,3,1.5476189801260157e-15,0.0,0.0,0.0
n_6522,0,-1,1,5.205529915810764e-16,0.0,0.0,0.0
n_6523,0,-1,1,5.548899602573121e-16,0.0,0.0,0.0
n_6524,0,-1,1,5.548899602573121e-16,0.0,0.0,0.0
n_6525,0,-1,1,5.548899602573121e-16,0.0,0.0,0.0
n_65255,0,-1,2,7.330199832132666e-16,0.0,0.0,0.0
n_65256,0,-1,2,1.0971319186671045e-15,0.0,0.0,0.0
n_6526,0,-1,1,5.205529915810764e-16,0.0,0.0,0.0
n_65261,0,-1,3,2.0389950748059705e-15,0.0,0.0,0.0
n_65262,0,-1,3,1.285488117455701e-15,0.0,0.0,0.0
n_6527,0,-1,1,5.205529915810764e-16,0.0,0.0,0.0
n_6528,0,-1,1,5.205529915810764e-16,0.0,0.0,0.0
n_6529,0,-1,1,5.205529915810764e-16,0.0,0.0,0.0
n_653,0,-1,1,3.385409901580759e-16,0.0,0.0,0.0
n_6530,0,-1,1,5.205529915810764e-16,0.0,0.0,0.0
n_6531,0,-1,1,5.548899602573121e-16,0.0,0.0,0.0
n_6532,0,-1,1,5.205529915810764e-16,0.0,0.0,0.0
n_6533,0,-1,1,5.205529915810764e-16,0.0,0.0,0.0
n_6534,0,-1,1,5.205529915810764e-16,0.0,0.0,0.0
n_6535,0,-1,1,5.205529915810764e-16,0.0,0.0,0.0
n_6536,0,-1,1,5.205529915810764e-16,0.0,0.0,0.0
n_6537,0,-1,1,5.205529915810764e-16,0.0,0.0,0.0
n_6538,0,-1,1,5.548899602573121e-16,0.0,0.0,0.0
n_6539,0,-1,1,5.205529915810764e-16,0.0,0.0,0.0
n_654,0,-1,2,1.4476410343836304e-15,0.0,0.0,0.0
n_6540,0,-1,1,5.548899602573121e-16,0.0,0.0,0.0
n_65488,0,-1,1,5.794730269085592e-16,0.0,0.0,0.0
n_65489,0,-1,1,5.541640000819559e-16,0.0,0.0,0.0
n_65490,0,-1,2,7.24643992035224e-16,0.0,0.0,0.0
n_65491,0,-1,1,6.212930022781945e-16,0.0,0.0,0.0
n_65492,0,-1,1,6.212930022781945e-16,0.0,0.0,0.0
n_6553,0,-1,1,1.0675100118313192e-15,0.0,0.0,0.0
n_657,0,-1,3,1.2728940080794504e-15,0.0,0.0,0.0
n_65722,0,-1,15,1.0190215472382757e-14,0.0,0.0,0.0
n_65723,0,-1,2,2.171570130611372e-15,0.0,0.0,0.0
n_65724,0,-1,5,3.994010221023466e-15,0.0,0.0,0.0
n_65725,0,-1,32,1.7250203747528302e-14,0.0,0.0,0.0
n_65726,0,-1,1,5.205529915810764e-16,0.0,0.0,0.0
n_65727,0,-1,1,4.740920168143164e-16,0.0,0.0,0.0
n_65728,0,-1,1,5.205529915810764e-16,0.0,0.0,0.0
n_65729,0,-1,2,8.683500136796125e-16,0.0,0.0,0.0
n_6575,0,-1,1,5.08158040826549e-16,0.0,0.0,0.0
n_65782,0,-1,16,1.006142750088453e-14,0.0,0.0,0.0
n_65783,0,-1,1,6.212930022781945e-16,0.0,0.0,0.0
n_6579,0,-1,1,5.08158040826549e-16,0.0,0.0,0.0
n_6581,0,-1,1,5.08158040826549e-16,0.0,0.0,0.0
n_6587,0,-1,1,5.101060048469971e-16,0.0,0.0,0.0
n_65870,0,-1,1,3.720560192381196e-16,0.0,0.0,0.0
n_6588,0,-1,1,5.548899602573121e-16,0.0,0.0,0.0
n_6592,0,-1,1,5.548899602573121e-16,0.0,0.0,0.0
n_6595,0,-1,1,5.548899602573121e-16,0.0,0.0,0.0
n_6596,0,-1,1,5.548899602573121e-16,0.0,0.0,0.0
n_6598,0,-1,1,5.548899602573121e-16,0.0,0.0,0.0
n_66,0,-1,9,4.84383075370718e-15,0.0,0.0,0.0
n_6601,0,-1,1,5.548899602573121e-16,0.0,0.0,0.0
n_66010,0,-1,16,9.919229303765372e-15,0.0,0.0,0.0
n_6602,0,-1,1,5.548899602573121e-16,0.0,0.0,0.0
n_66041,0,-1,1,5.101060048469971e-16,0.0,0.0,0.0
n_66042,0,-1,1,5.548899602573121e-16,0.0,0.0,0.0
n_66043,0,-1,1,5.08158040826549e-16,0.0,0.0,0.0
n_66044,0,-1,1,5.205529915810764e-16,0.0,0.0,0.0
n_66045,0,-1,1,3.62321996017612e-16,0.0,0.0,0.0
n_66046,0,-1,1,6.196590227833818e-16,0.0,0.0,0.0
n_66047,0,-1,1,5.548899602573121e-16,0.0,0.0,0.0
n_66048,0,-1,1,5.205529915810764e-16,0.0,0.0,0.0
n_66049,0,-1,1,5.08158040826549e-16,0.0,0.0,0.0
n_6605,0,-1,1,5.548899602573121e-16,0.0,0.0,0.0
n_66050,0,-1,1,5.101060048469971e-16,0.0,0.0,0.0
n_66051,0,-1,1,3.62321996017612e-16,0.0,0.0,0.0
n_66079,0,-1,1,5.548899602573121e-16,0.0,0.0,0.0
n_66081,0,-1,1,5.08158040826549e-16,0.0,0.0,0.0
n_66082,0,-1,1,5.205529915810764e-16,0.0,0.0,0.0
n_66083,0,-1,1,3.720560192381196e-16,0.0,0.0,0.0
n_66084,0,-1,1,6.196590227833818e-16,0.0,0.0,0.0
n_661,0,-1,1,4.955140094459697e-16,0.0,0.0,0.0
n_66164,0,-1,1,5.548899602573121e-16,0.0,0.0,0.0
n_66166,0,-1,1,5.08158040826549e-16,0.0,0.0,0.0
n_66167,0,-1,1,5.205529915810764e-16,0.0,0.0,0.0
n_66168,0,-1,1,3.720560192381196e-16,0.0,0.0,0.0
n_66169,0,-1,1,6.196590227833818e-16,0.0,0.0,0.0
n_662,0,-1,2,8.488219867180198e-16,0.0,0.0,0.0
n_66247,0,-1,3,1.3655819647612915e-15,0.0,0.0,0.0
n_66250,0,-1,3,1.62800897132579e-15,0.0,0.0,0.0
n_66266,0,-1,1,6.326169857500373e-16,0.0,0.0,0.0
n_66267,0,-1,1,6.20466986335944e-16,0.0,0.0,0.0
n_66270,0,-1,1,7.489850190217932e-16,0.0,0.0,0.0
n_66271,0,-1,1,6.674139991957504e-16,0.0,0.0,0.0
n_66272,0,-1,1,6.011460059903958e-16,0.0,0.0,0.0
n_66273,0,-1,2,1.0468640072584692e-15,0.0,0.0,0.0
n_66274,0,-1,1,4.60878991051419e-16,0.0,0.0,0.0
n_66275,0,-1,1,6.316540151681275e-16,0.0,0.0,0.0
n_66276,0,-1,2,9.502919809969935e-16,0.0,0.0,0.0
n_66277,0,-1,1,6.326169857500373e-16,0.0,0.0,0.0
n_66278,0,-1,1,6.177260406581883e-16,0.0,0.0,0.0
n_66279,0,-1,10,6.061336430332725e-15,0.0,0.0,0.0
n_66280,0,-1,1,8.089889918239655e-16,0.0,0.0,0.0
n_663,0,-1,3,1.2680750258842839e-15,0.0,0.0,0.0
n_66378,0,-1,6,4.6810212803660104e-15,0.0,0.0,0.0
n_66379,0,-1,2,2.0899661294399453e-15,0.0,0.0,0.0
n_664,0,-1,3,1.7025189656848434e-15,0.0,0.0,0.0
n_66437,0,-1,15,8.499179414726485e-15,0.0,0.0,0.0
n_66438,0,-1,1,5.548899602573121e-16,0.0,0.0,0.0
n_66439,0,-1,1,5.548899602573121e-16,0.0,0.0,0.0
n_66440,0,-1,1,5.548899602573121e-16,0.0,0.0,0.0
n_66441,0,-1,1,5.548899602573121e-16,0.0,0.0,0.0
n_66442,0,-1,1,5.548899602573121e-16,0.0,0.0,0.0
n_66443,0,-1,1,5.548899602573121e-16,0.0,0.0,0.0
n_66446,0,-1,1,5.548899602573121e-16,0.0,0.0,0.0
n_66447,0,-1,1,5.548899602573121e-16,0.0,0.0,0.0
n_66448,0,-1,1,5.101060048469971e-16,0.0,0.0,0.0
n_66449,0,-1,1,5.548899602573121e-16,0.0,0.0,0.0
n_66450,0,-1,1,5.548899602573121e-16,0.0,0.0,0.0
n_66451,0,-1,1,5.548899602573121e-16,0.0,0.0,0.0
n_66452,0,-1,1,5.548899602573121e-16,0.0,0.0,0.0
n_66453,0,-1,1,5.101060048469971e-16,0.0,0.0,0.0
n_66454,0,-1,1,5.548899602573121e-16,0.0,0.0,0.0
n_665,0,-1,1,3.385409901580759e-16,0.0,0.0,0.0
n_66813,0,-1,2,9.352950509076193e-16,0.0,0.0,0.0
n_66815,0,-1,1,5.863069946061253e-16,0.0,0.0,0.0
n_66816,0,-1,2,9.352950509076193e-16,0.0,0.0,0.0
n_66818,0,-1,1,5.863069946061253e-16,0.0,0.0,0.0
n_66819,0,-1,2,9.352950509076193e-16,0.0,0.0,0.0
n_66821,0,-1,1,5.863069946061253e-16,0.0,0.0,0.0
n_66822,0,-1,2,9.352950509076193e-16,0.0,0.0,0.0
n_66824,0,-1,1,5.863069946061253e-16,0.0,0.0,0.0
n_66825,0,-1,2,9.352950509076193e-16,0.0,0.0,0.0
n_66827,0,-1,1,5.863069946061253e-16,0.0,0.0,0.0
n_66828,0,-1,2,9.352950509076193e-16,0.0,0.0,0.0
n_66830,0,-1,1,5.863069946061253e-16,0.0,0.0,0.0
n_66831,0,-1,2,7.848669757938207e-16,0.0,0.0,0.0
n_66833,0,-1,1,5.863069946061253e-16,0.0,0.0,0.0
n_66834,0,-1,2,7.848669757938207e-16,0.0,0.0,0.0
n_66836,0,-1,1,5.863069946061253e-16,0.0,0.0,0.0
n_66837,0,-1,2,7.848669757938207e-16,0.0,0.0,0.0
n_66839,0,-1,1,5.863069946061253e-16,0.0,0.0,0.0
n_66840,0,-1,2,7.848669757938207e-16,0.0,0.0,0.0
n_66842,0,-1,1,5.863069946061253e-16,0.0,0.0,0.0
n_66843,0,-1,2,7.848669757938207e-16,0.0,0.0,0.0
n_66845,0,-1,1,5.863069946061253e-16,0.0,0.0,0.0
n_66846,0,-1,2,7.848669757938207e-16,0.0,0.0,0.0
n_66848,0,-1,1,5.863069946061253e-16,0.0,0.0,0.0
n_66849,0,-1,2,7.848669757938207e-16,0.0,0.0,0.0
n_66851,0,-1,1,5.863069946061253e-16,0.0,0.0,0.0
n_66852,0,-1,2,7.848669757938207e-16,0.0,0.0,0.0
n_66854,0,-1,1,5.863069946061253e-16,0.0,0.0,0.0
n_66855,0,-1,2,7.848669757938207e-16,0.0,0.0,0.0
n_66857,0,-1,1,5.863069946061253e-16,0.0,0.0,0.0
n_66858,0,-1,2,7.848669757938207e-16,0.0,0.0,0.0
n_66860,0,-1,1,5.863069946061253e-16,0.0,0.0,0.0
n_66861,0,-1,2,7.848669757938207e-16,0.0,0.0,0.0
n_66863,0,-1,1,5.863069946061253e-16,0.0,0.0,0.0
n_66864,0,-1,3,2.8493572129165536e-15,0.0,0.0,0.0
n_66865,0,-1,11,5.57390454457166e-15,0.0,0.0,0.0
n_66888,0,-1,4,1.5471410417855274e-15,0.0,0.0,0.0
n_66889,0,-1,1,5.141959563723737e-16,0.0,0.0,0.0
n_66987,0,-1,1,5.620229835248181e-16,0.0,0.0,0.0
n_66988,0,-1,1,5.355650094448236e-16,0.0,0.0,0.0
n_670,0,-1,2,1.131636970443811e-15,0.0,0.0,0.0
n_67040,0,-1,1,5.541640000819559e-16,0.0,0.0,0.0
n_67041,0,-1,1,5.863069946061253e-16,0.0,0.0,0.0
n_671,0,-1,5,3.1193161423271557e-15,0.0,0.0,0.0
n_67105,0,-1,1,5.08158040826549e-16,0.0,0.0,0.0
n_67181,0,-1,1,5.205529915810764e-16,0.0,0.0,0.0
n_67182,0,-1,1,5.548899602573121e-16,0.0,0.0,0.0
n_67183,0,-1,1,5.101060048469971e-16,0.0,0.0,0.0
n_67184,0,-1,1,5.08158040826549e-16,0.0,0.0,0.0
n_672,0,-1,1,4.686779939737037e-16,0.0,0.0,0.0
n_67266,0,-1,1,6.212930022781945e-16,0.0,0.0,0.0
n_67284,0,-1,1,6.212930022781945e-16,0.0,0.0,0.0
n_67285,0,-1,1,6.212930022781945e-16,0.0,0.0,0.0
n_67286,0,-1,1,6.212930022781945e-16,0.0,0.0,0.0
n_67287,0,-1,1,6.212930022781945e-16,0.0,0.0,0.0
n_67288,0,-1,1,6.212930022781945e-16,0.0,0.0,0.0
n_67289,0,-1,1,6.212930022781945e-16,0.0,0.0,0.0
n_67290,0,-1,1,6.212930022781945e-16,0.0,0.0,0.0
n_67291,0,-1,1,6.212930022781945e-16,0.0,0.0,0.0
n_67292,0,-1,1,6.212930022781945e-16,0.0,0.0,0.0
n_67313,0,-1,1,5.548899602573121e-16,0.0,0.0,0.0
n_67314,0,-1,1,5.101060048469971e-16,0.0,0.0,0.0
n_67315,0,-1,1,5.08158040826549e-16,0.0,0.0,0.0
n_67316,0,-1,1,5.205529915810764e-16,0.0,0.0,0.0
n_67317,0,-1,1,3.62321996017612e-16,0.0,0.0,0.0
n_67318,0,-1,1,6.196590227833818e-16,0.0,0.0,0.0
n_67320,0,-1,1,5.101060048469971e-16,0.0,0.0,0.0
n_67321,0,-1,1,5.08158040826549e-16,0.0,0.0,0.0
n_67322,0,-1,1,5.205529915810764e-16,0.0,0.0,0.0
n_67323,0,-1,1,3.720560192381196e-16,0.0,0.0,0.0
n_67324,0,-1,1,6.196590227833818e-16,0.0,0.0,0.0
n_67366,0,-1,1,5.548899602573121e-16,0.0,0.0,0.0
n_67367,0,-1,1,5.08158040826549e-16,0.0,0.0,0.0
n_67368,0,-1,1,5.205529915810764e-16,0.0,0.0,0.0
n_67369,0,-1,1,5.101060048469971e-16,0.0,0.0,0.0
n_67384,0,-1,1,5.548899602573121e-16,0.0,0.0,0.0
n_67385,0,-1,1,5.101060048469971e-16,0.0,0.0,0.0
n_67387,0,-1,1,5.205529915810764e-16,0.0,0.0,0.0
n_67389,0,-1,1,6.196590227833818e-16,0.0,0.0,0.0
n_674,0,-1,1,1.0502799852556274e-15,0.0,0.0,0.0
n_67455,0,-1,6,3.636602127830672e-15,0.0,0.0,0.0
n_67457,0,-1,1,5.355650094448236e-16,0.0,0.0,0.0
n_67459,0,-1,5,3.2629470956765938e-15,0.0,0.0,0.0
n_6747,0,-1,1,5.616789822691145e-16,0.0,0.0,0.0
n_6748,0,-1,5,6.05065788596669e-15,0.0,0.0,0.0
n_675,0,-1,12,7.213496903209389e-15,0.0,0.0,0.0
n_6750,0,-1,1,5.08158040826549e-16,0.0,0.0,0.0
n_67518,0,-1,5,2.242255030059743e-15,0.0,0.0,0.0
n_67519,0,-1,5,2.498403934298311e-15,0.0,0.0,0.0
n_67520,0,-1,2,1.0449879351594193e-15,0.0,0.0,0.0
n_67521,0,-1,2,1.4724730757818111e-15,0.0,0.0,0.0
n_67522,0,-1,1,6.202159998857607e-16,0.0,0.0,0.0
n_67523,0,-1,2,9.930220403288944e-16,0.0,0.0,0.0
n_6754,0,-1,1,5.205529915810764e-16,0.0,0.0,0.0
n_6756,0,-1,1,5.205529915810764e-16,0.0,0.0,0.0
n_6757,0,-1,1,5.205529915810764e-16,0.0,0.0,0.0
n_676,0,-1,2,8.597159950900126e-16,0.0,0.0,0.0
n_6760,0,-1,1,5.08158040826549e-16,0.0,0.0,0.0
n_6761,0,-1,1,5.101060048469971e-16,0.0,0.0,0.0
n_67647,0,-1,2,5.0492802891296054e-15,0.0,0.0,0.0
n_67648,0,-1,22,1.3168251177789105e-14,0.0,0.0,0.0
n_67649,0,-1,1,5.548899602573121e-16,0.0,0.0,0.0
n_6765,0,-1,1,5.08158040826549e-16,0.0,0.0,0.0
n_67650,0,-1,1,5.548899602573121e-16,0.0,0.0,0.0
n_67652,0,-1,1,5.548899602573121e-16,0.0,0.0,0.0
n_67653,0,-1,1,5.548899602573121e-16,0.0,0.0,0.0
n_67654,0,-1,1,5.101060048469971e-16,0.0,0.0,0.0
n_67655,0,-1,1,5.548899602573121e-16,0.0,0.0,0.0
n_67656,0,-1,1,5.548899602573121e-16,0.0,0.0,0.0
n_67657,0,-1,1,5.548899602573121e-16,0.0,0.0,0.0
n_67658,0,-1,1,5.548899602573121e-16,0.0,0.0,0.0
n_67659,0,-1,1,5.548899602573121e-16,0.0,0.0,0.0
n_67660,0,-1,1,5.548899602573121e-16,0.0,0.0,0.0
n_67661,0,-1,1,5.101060048469971e-16,0.0,0.0,0.0
n_67662,0,-1,1,5.548899602573121e-16,0.0,0.0,0.0
n_67663,0,-1,1,5.101060048469971e-16,0.0,0.0,0.0
n_67665,0,-1,1,5.548899602573121e-16,0.0,0.0,0.0
n_67666,0,-1,12,6.823517852095826e-15,0.0,0.0,0.0
n_67668,0,-1,1,5.101060048469971e-16,0.0,0.0,0.0
n_67669,0,-1,1,5.101060048469971e-16,0.0,0.0,0.0
n_6767,0,-1,1,5.08158040826549e-16,0.0,0.0,0.0
n_67670,0,-1,1,5.101060048469971e-16,0.0,0.0,0.0
n_67671,0,-1,1,5.101060048469971e-16,0.0,0.0,0.0
n_67672,0,-1,1,5.548899602573121e-16,0.0,0.0,0.0
n_67673,0,-1,1,5.205529915810764e-16,0.0,0.0,0.0
n_67674,0,-1,1,5.101060048469971e-16,0.0,0.0,0.0
n_67676,0,-1,1,5.101060048469971e-16,0.0,0.0,0.0
n_67678,0,-1,1,5.101060048469971e-16,0.0,0.0,0.0
n_67680,0,-1,1,5.101060048469971e-16,0.0,0.0,0.0
n_67681,0,-1,1,5.101060048469971e-16,0.0,0.0,0.0
n_67682,0,-1,1,5.101060048469971e-16,0.0,0.0,0.0
n_67683,0,-1,1,5.548899602573121e-16,0.0,0.0,0.0
n_67684,0,-1,3,2.6722801048535954e-15,0.0,0.0,0.0
n_67685,0,-1,2,1.6322199956230648e-15,0.0,0.0,0.0
n_67686,0,-1,10,8.747903016391185e-15,0.0,0.0,0.0
n_67687,0,-1,12,7.056872040932596e-15,0.0,0.0,0.0
n_67690,0,-1,6,3.1310490309542855e-15,0.0,0.0,0.0
n_67691,0,-1,6,3.0504959859121647e-15,0.0,0.0,0.0
n_67692,0,-1,2,1.1203640207070402e-15,0.0,0.0,0.0
n_67693,0,-1,1,5.88886051111837e-16,0.0,0.0,0.0
n_67694,0,-1,1,5.192220381231439e-16,0.0,0.0,0.0
n_67695,0,-1,13,6.769157818639886e-15,0.0,0.0,0.0
n_67696,0,-1,12,6.434080055035558e-15,0.0,0.0,0.0
n_67697,0,-1,12,6.297850052062754e-15,0.0,0.0,0.0
n_6770,0,-1,1,5.205529915810764e-16,0.0,0.0,0.0
n_6774,0,-1,1,5.08158040826549e-16,0.0,0.0,0.0
n_6776,0,-1,1,5.101060048469971e-16,0.0,0.0,0.0
n_6777,0,-1,1,5.101060048469971e-16,0.0,0.0,0.0
n_6780,0,-1,1,5.205529915810764e-16,0.0,0.0,0.0
n_6784,0,-1,1,3.5881099151168373e-16,0.0,0.0,0.0
n_67843,0,-1,1,5.467370034421934e-16,0.0,0.0,0.0
n_67844,0,-1,2,1.1419129624016633e-15,0.0,0.0,0.0
n_67845,0,-1,1,7.489850190217932e-16,0.0,0.0,0.0
n_67846,0,-1,1,1.6048599843938036e-15,0.0,0.0,0.0
n_67847,0,-1,5,3.598543243444642e-15,0.0,0.0,0.0
n_67848,0,-1,4,2.6237410935694245e-15,0.0,0.0,0.0
n_67849,0,-1,6,2.7862291179071115e-15,0.0,0.0,0.0
n_67850,0,-1,1,5.463870200162998e-16,0.0,0.0,0.0
n_67851,0,-1,1,3.36682996918494e-16,0.0,0.0,0.0
n_67852,0,-1,1,4.907040269758677e-16,0.0,0.0,0.0
n_67853,0,-1,1,5.307809673587313e-16,0.0,0.0,0.0
n_67854,0,-1,1,3.36682996918494e-16,0.0,0.0,0.0
n_67855,0,-1,1,4.836170081853094e-16,0.0,0.0,0.0
n_67856,0,-1,6,5.140244004368192e-15,0.0,0.0,0.0
n_67857,0,-1,7,3.4294542913490024e-15,0.0,0.0,0.0
n_67858,0,-1,1,4.836170081853094e-16,0.0,0.0,0.0
n_67859,0,-1,1,3.466820091025942e-16,0.0,0.0,0.0
n_67860,0,-1,1,5.159739844077789e-16,0.0,0.0,0.0
n_67861,0,-1,1,3.36682996918494e-16,0.0,0.0,0.0
n_67862,0,-1,1,3.1420100608082297e-15,0.0,0.0,0.0
n_67871,0,-1,1,5.101060048469971e-16,0.0,0.0,0.0
n_67872,0,-1,1,5.101060048469971e-16,0.0,0.0,0.0
n_679,0,-1,1,3.814010161078211e-16,0.0,0.0,0.0
n_67957,0,-1,1,5.548899602573121e-16,0.0,0.0,0.0
n_67958,0,-1,1,5.101060048469971e-16,0.0,0.0,0.0
n_67959,0,-1,1,5.08158040826549e-16,0.0,0.0,0.0
n_67960,0,-1,1,5.205529915810764e-16,0.0,0.0,0.0
n_67961,0,-1,1,8.089889918239655e-16,0.0,0.0,0.0
n_67962,0,-1,1,6.196590227833818e-16,0.0,0.0,0.0
n_68,0,-1,9,4.557356164132777e-15,0.0,0.0,0.0
n_681,0,-1,2,7.874539732334129e-16,0.0,0.0,0.0
n_68120,0,-1,3,1.392649008469921e-15,0.0,0.0,0.0
n_68122,0,-1,2,8.627500671070775e-16,0.0,0.0,0.0
n_68123,0,-1,1,5.046050023106133e-16,0.0,0.0,0.0
n_68124,0,-1,1,5.239089890576572e-16,0.0,0.0,0.0
n_68142,0,-1,5,1.6622710305257528e-15,0.0,0.0,0.0
n_682,0,-1,1,5.141959563723737e-16,0.0,0.0,0.0
n_6824,0,-1,1,5.205529915810764e-16,0.0,0.0,0.0
n_6825,0,-1,1,5.548899602573121e-16,0.0,0.0,0.0
n_6832,0,-1,1,5.548899602573121e-16,0.0,0.0,0.0
n_6836,0,-1,1,5.08158040826549e-16,0.0,0.0,0.0
n_6839,0,-1,1,5.355650094448236e-16,0.0,0.0,0.0
n_68391,0,-1,15,6.970457316137239e-15,0.0,0.0,0.0
n_68392,0,-1,14,7.323728076899169e-15,0.0,0.0,0.0
n_68393,0,-1,1,5.08158040826549e-16,0.0,0.0,0.0
n_68394,0,-1,1,8.089889918239655e-16,0.0,0.0,0.0
n_6845,0,-1,1,5.205529915810764e-16,0.0,0.0,0.0
n_68466,0,-1,12,6.232358311613999e-15,0.0,0.0,0.0
n_68467,0,-1,1,5.101060048469971e-16,0.0,0.0,0.0
n_6847,0,-1,1,5.205529915810764e-16,0.0,0.0,0.0
n_68476,0,-1,1,5.101060048469971e-16,0.0,0.0,0.0
n_68477,0,-1,1,5.101060048469971e-16,0.0,0.0,0.0
n_68478,0,-1,1,5.355650094448236e-16,0.0,0.0,0.0
n_68479,0,-1,1,5.548899602573121e-16,0.0,0.0,0.0
n_68480,0,-1,1,5.548899602573121e-16,0.0,0.0,0.0
n_68481,0,-1,1,5.548899602573121e-16,0.0,0.0,0.0
n_68482,0,-1,1,5.548899602573121e-16,0.0,0.0,0.0
n_68483,0,-1,1,5.08158040826549e-16,0.0,0.0,0.0
n_68484,0,-1,1,5.101060048469971e-16,0.0,0.0,0.0
n_68485,0,-1,1,5.548899602573121e-16,0.0,0.0,0.0
n_68486,0,-1,1,5.101060048469971e-16,0.0,0.0,0.0
n_68497,0,-1,2,9.352950509076193e-16,0.0,0.0,0.0
n_68499,0,-1,1,5.863069946061253e-16,0.0,0.0,0.0
n_685,0,-1,1,5.242360496544158e-16,0.0,0.0,0.0
n_68500,0,-1,1,5.548899602573121e-16,0.0,0.0,0.0
n_68501,0,-1,1,5.101060048469971e-16,0.0,0.0,0.0
n_68502,0,-1,1,5.08158040826549e-16,0.0,0.0,0.0
n_68503,0,-1,1,5.205529915810764e-16,0.0,0.0,0.0
n_68504,0,-1,1,3.720560192381196e-16,0.0,0.0,0.0
n_68505,0,-1,1,6.196590227833818e-16,0.0,0.0,0.0
n_6851,0,-1,1,5.205529915810764e-16,0.0,0.0,0.0
n_68515,0,-1,1,5.620229835248181e-16,0.0,0.0,0.0
n_68516,0,-1,1,5.034069800858405e-16,0.0,0.0,0.0
n_68517,0,-1,1,1.3596200174829237e-15,0.0,0.0,0.0
n_686,0,-1,2,8.619520561916456e-16,0.0,0.0,0.0
n_6861,0,-1,1,5.205529915810764e-16,0.0,0.0,0.0
n_6863,0,-1,1,5.08158040826549e-16,0.0,0.0,0.0
n_68636,0,-1,2,9.579760521362477e-16,0.0,0.0,0.0
n_68638,0,-1,4,1.6856509398149844e-15,0.0,0.0,0.0
n_687,0,-1,3,1.394124010468446e-15,0.0,0.0,0.0
n_6876,0,-1,1,5.548899602573121e-16,0.0,0.0,0.0
n_6879,0,-1,1,5.205529915810764e-16,0.0,0.0,0.0
n_688,0,-1,4,1.8465710002881853e-15,0.0,0.0,0.0
n_68886,0,-1,1,6.212930022781945e-16,0.0,0.0,0.0
n_689,0,-1,3,1.460236943704894e-15,0.0,0.0,0.0
n_68910,0,-1,1,8.089889918239655e-16,0.0,0.0,0.0
n_68912,0,-1,1,6.196590227833818e-16,0.0,0.0,0.0
n_69,0,-1,8,4.6952243288255705e-15,0.0,0.0,0.0
n_690,0,-1,4,2.0894130169253882e-15,0.0,0.0,0.0
n_69093,0,-1,1,5.548899602573121e-16,0.0,0.0,0.0
n_69094,0,-1,1,5.101060048469971e-16,0.0,0.0,0.0
n_69095,0,-1,1,5.08158040826549e-16,0.0,0.0,0.0
n_69096,0,-1,1,5.205529915810764e-16,0.0,0.0,0.0
n_69097,0,-1,1,3.720560192381196e-16,0.0,0.0,0.0
n_69098,0,-1,1,6.196590227833818e-16,0.0,0.0,0.0
n_69104,0,-1,1,5.55618990927102e-16,0.0,0.0,0.0
n_69106,0,-1,1,6.066110096265213e-16,0.0,0.0,0.0
n_69107,0,-1,1,5.205529915810764e-16,0.0,0.0,0.0
n_69108,0,-1,1,3.720560192381196e-16,0.0,0.0,0.0
n_69125,0,-1,2,2.0630999384189334e-15,0.0,0.0,0.0
n_692,0,-1,2,8.672750229904284e-16,0.0,0.0,0.0
n_693,0,-1,2,8.624370354935078e-16,0.0,0.0,0.0
n_69304,0,-1,40,1.70218572174757e-14,0.0,0.0,0.0
n_69305,0,-1,3,2.4824909380764815e-15,0.0,0.0,0.0
n_69306,0,-1,1,5.1064302373555635e-16,0.0,0.0,0.0
n_69308,0,-1,4,1.937080070592333e-15,0.0,0.0,0.0
n_69309,0,-1,2,9.21757982102838e-16,0.0,0.0,0.0
n_69314,0,-1,3,1.5588430137100824e-15,0.0,0.0,0.0
n_69320,0,-1,2,9.246370470905553e-16,0.0,0.0,0.0
n_69324,0,-1,1,5.046050023106133e-16,0.0,0.0,0.0
n_69345,0,-1,2,1.1219900063284133e-15,0.0,0.0,0.0
n_69346,0,-1,1,5.863069946061253e-16,0.0,0.0,0.0
n_69347,0,-1,1,8.962160212157397e-16,0.0,0.0,0.0
n_69348,0,-1,2,1.357650030605847e-15,0.0,0.0,0.0
n_69350,0,-1,1,7.290329991305406e-16,0.0,0.0,0.0
n_69351,0,-1,1,5.620229835248181e-16,0.0,0.0,0.0
n_69418,0,-1,4,1.9416188966401952e-15,0.0,0.0,0.0
n_69419,0,-1,2,8.959820283640607e-16,0.0,0.0,0.0
n_69420,0,-1,3,1.1550540433036033e-15,0.0,0.0,0.0
n_6944,0,-1,1,1.0644999743741326e-15,0.0,0.0,0.0
n_69460,0,-1,2,1.7712020086414976e-15,0.0,0.0,0.0
n_695,0,-1,1,5.239089890576572e-16,0.0,0.0,0.0
n_6964,0,-1,1,6.193060218026136e-16,0.0,0.0,0.0
n_6966,0,-1,1,6.193060218026136e-16,0.0,0.0,0.0
n_6967,0,-1,1,6.193060218026136e-16,0.0,0.0,0.0
n_6968,0,-1,1,5.08158040826549e-16,0.0,0.0,0.0
n_6969,0,-1,1,5.101060048469971e-16,0.0,0.0,0.0
n_697,0,-1,1,4.1844298450111333e-16,0.0,0.0,0.0
n_6970,0,-1,1,5.355650094448236e-16,0.0,0.0,0.0
n_6971,0,-1,1,5.08158040826549e-16,0.0,0.0,0.0
n_6972,0,-1,1,5.101060048469971e-16,0.0,0.0,0.0
n_6976,0,-1,1,5.101060048469971e-16,0.0,0.0,0.0
n_698,0,-1,1,2.7572301508644724e-16,0.0,0.0,0.0
n_6983,0,-1,1,5.08158040826549e-16,0.0,0.0,0.0
n_6989,0,-1,1,5.08158040826549e-16,0.0,0.0,0.0
n_699,0,-1,2,9.105080081347615e-16,0.0,0.0,0.0
n_6990,0,-1,1,5.101060048469971e-16,0.0,0.0,0.0
n_6991,0,-1,1,5.548899602573121e-16,0.0,0.0,0.0
n_6994,0,-1,1,5.101060048469971e-16,0.0,0.0,0.0
n_7,0,-1,9,4.9424190360204765e-15,0.0,0.0,0.0
n_70,0,-1,8,4.6221558786636256e-15,0.0,0.0,0.0
n_700,0,-1,2,9.380019564488072e-16,0.0,0.0,0.0
n_7000,0,-1,1,5.08158040826549e-16,0.0,0.0,0.0
n_7011,0,-1,1,5.101060048469971e-16,0.0,0.0,0.0
n_7014,0,-1,1,5.633400138786802e-16,0.0,0.0,0.0
n_7017,0,-1,1,5.548899602573121e-16,0.0,0.0,0.0
n_7018,0,-1,1,5.205529915810764e-16,0.0,0.0,0.0
n_702,0,-1,2,1.1141999501916339e-15,0.0,0.0,0.0
n_7022,0,-1,1,5.205529915810764e-16,0.0,0.0,0.0
n_7027,0,-1,1,5.101060048469971e-16,0.0,0.0,0.0
n_703,0,-1,2,9.565589660154913e-16,0.0,0.0,0.0
n_7031,0,-1,1,5.205529915810764e-16,0.0,0.0,0.0
n_7033,0,-1,1,5.205529915810764e-16,0.0,0.0,0.0
n_7034,0,-1,1,5.205529915810764e-16,0.0,0.0,0.0
n_7037,0,-1,1,5.548899602573121e-16,0.0,0.0,0.0
n_704,0,-1,3,1.2239520208706233e-15,0.0,0.0,0.0
n_7042,0,-1,1,3.720560192381196e-16,0.0,0.0,0.0
n_7043,0,-1,1,3.720560192381196e-16,0.0,0.0,0.0
n_7044,0,-1,1,3.720560192381196e-16,0.0,0.0,0.0
n_7047,0,-1,1,3.720560192381196e-16,0.0,0.0,0.0
n_7049,0,-1,1,3.720560192381196e-16,0.0,0.0,0.0
n_7054,0,-1,1,3.720560192381196e-16,0.0,0.0,0.0
n_7058,0,-1,1,3.720560192381196e-16,0.0,0.0,0.0
n_7059,0,-1,1,3.720560192381196e-16,0.0,0.0,0.0
n_7061,0,-1,1,3.720560192381196e-16,0.0,0.0,0.0
n_7063,0,-1,1,3.720560192381196e-16,0.0,0.0,0.0
n_7064,0,-1,1,3.720560192381196e-16,0.0,0.0,0.0
n_7067,0,-1,1,3.720560192381196e-16,0.0,0.0,0.0
n_7071,0,-1,1,3.720560192381196e-16,0.0,0.0,0.0
n_7072,0,-1,1,3.720560192381196e-16,0.0,0.0,0.0
n_7078,0,-1,1,6.193060218026136e-16,0.0,0.0,0.0
n_708,0,-1,2,8.283749819482154e-16,0.0,0.0,0.0
n_7080,0,-1,1,6.193060218026136e-16,0.0,0.0,0.0
n_7085,0,-1,1,6.193060218026136e-16,0.0,0.0,0.0
n_7086,0,-1,1,6.193060218026136e-16,0.0,0.0,0.0
n_7090,0,-1,1,6.193060218026136e-16,0.0,0.0,0.0
n_7093,0,-1,1,6.193060218026136e-16,0.0,0.0,0.0
n_7094,0,-1,1,6.193060218026136e-16,0.0,0.0,0.0
n_7097,0,-1,1,6.193060218026136e-16,0.0,0.0,0.0
n_71,0,-1,8,4.585622077099127e-15,0.0,0.0,0.0
n_710,0,-1,2,8.57478981076314e-16,0.0,0.0,0.0
n_7105,0,-1,1,3.720560192381196e-16,0.0,0.0,0.0
n_7107,0,-1,1,3.62321996017612e-16,0.0,0.0,0.0
n_7111,0,-1,1,3.62321996017612e-16,0.0,0.0,0.0
n_712,0,-1,2,1.0896040192275003e-15,0.0,0.0,0.0
n_7120,0,-1,1,3.62321996017612e-16,0.0,0.0,0.0
n_7121,0,-1,1,3.62321996017612e-16,0.0,0.0,0.0
n_7126,0,-1,1,3.62321996017612e-16,0.0,0.0,0.0
n_713,0,-1,1,7.489850190217932e-16,0.0,0.0,0.0
n_7130,0,-1,1,3.62321996017612e-16,0.0,0.0,0.0
n_7131,0,-1,1,3.62321996017612e-16,0.0,0.0,0.0
n_7135,0,-1,2,9.451289975461233e-16,0.0,0.0,0.0
n_7136,0,-1,1,6.196590227833818e-16,0.0,0.0,0.0
n_7139,0,-1,1,6.196590227833818e-16,0.0,0.0,0.0
n_7141,0,-1,1,6.196590227833818e-16,0.0,0.0,0.0
n_7146,0,-1,1,6.196590227833818e-16,0.0,0.0,0.0
n_7148,0,-1,1,6.196590227833818e-16,0.0,0.0,0.0
n_7150,0,-1,1,6.196590227833818e-16,0.0,0.0,0.0
n_7151,0,-1,1,6.196590227833818e-16,0.0,0.0,0.0
n_7153,0,-1,1,6.196590227833818e-16,0.0,0.0,0.0
n_7156,0,-1,1,6.196590227833818e-16,0.0,0.0,0.0
n_7159,0,-1,1,6.196590227833818e-16,0.0,0.0,0.0
n_7163,0,-1,1,6.196590227833818e-16,0.0,0.0,0.0
n_7164,0,-1,1,6.196590227833818e-16,0.0,0.0,0.0
n_7170,0,-1,4,4.856589610991672e-15,0.0,0.0,0.0
n_7172,0,-1,3,2.4152801442612736e-15,0.0,0.0,0.0
n_7173,0,-1,3,2.37313707876182e-15,0.0,0.0,0.0
n_7174,0,-1,1,1.0644999743741326e-15,0.0,0.0,0.0
n_7176,0,-1,1,3.62321996017612e-16,0.0,0.0,0.0
n_718,0,-1,2,9.064699903169634e-16,0.0,0.0,0.0
n_7184,0,-1,1,3.720560192381196e-16,0.0,0.0,0.0
n_72,0,-1,1,1.2045299789065558e-15,0.0,0.0,0.0
n_720,0,-1,2,9.896070152438019e-16,0.0,0.0,0.0
n_7202,0,-1,1,3.720560192381196e-16,0.0,0.0,0.0
n_721,0,-1,2,8.219929592675687e-16,0.0,0.0,0.0
n_723,0,-1,2,8.484090052166742e-16,0.0,0.0,0.0
n_72368,0,-1,11,6.511059256314976e-15,0.0,0.0,0.0
n_724,0,-1,2,9.748900295434952e-16,0.0,0.0,0.0
n_7243,0,-1,1,8.089889918239655e-16,0.0,0.0,0.0
n_7247,0,-1,2,9.89860066336794e-16,0.0,0.0,0.0
n_7248,0,-1,2,1.123357964538229e-15,0.0,0.0,0.0
n_725,0,-1,1,2.7572301508644724e-16,0.0,0.0,0.0
n_7252,0,-1,2,2.1872000060705818e-15,0.0,0.0,0.0
n_7253,0,-1,2,2.1872000060705818e-15,0.0,0.0,0.0
n_7255,0,-1,1,6.196590227833818e-16,0.0,0.0,0.0
n_726,0,-1,2,9.105080081347615e-16,0.0,0.0,0.0
n_7273,0,-1,1,6.196590227833818e-16,0.0,0.0,0.0
n_7287,0,-1,1,6.212930022781945e-16,0.0,0.0,0.0
n_729,0,-1,1,5.060059948053719e-16,0.0,0.0,0.0
n_7296,0,-1,37,1.5232710180571908e-14,0.0,0.0,0.0
n_7299,0,-1,1,5.616789822691145e-16,0.0,0.0,0.0
n_73,0,-1,1,1.6025400670303925e-15,0.0,0.0,0.0
n_730,0,-1,1,3.814010161078211e-16,0.0,0.0,0.0
n_7300,0,-1,3,1.3904169707747876e-15,0.0,0.0,0.0
n_7301,0,-1,2,1.242586004556389e-15,0.0,0.0,0.0
n_7302,0,-1,3,1.537774974971263e-15,0.0,0.0,0.0
n_7303,0,-1,1,5.08158040826549e-16,0.0,0.0,0.0
n_73039,0,-1,4,2.4985669881406576e-15,0.0,0.0,0.0
n_7304,0,-1,1,5.08158040826549e-16,0.0,0.0,0.0
n_73040,0,-1,2,1.1784760924819608e-15,0.0,0.0,0.0
n_73041,0,-1,2,1.1711219406756622e-15,0.0,0.0,0.0
n_73042,0,-1,2,9.352240060191684e-16,0.0,0.0,0.0
n_73043,0,-1,3,1.4475189557601074e-15,0.0,0.0,0.0
n_73044,0,-1,10,5.898636224241751e-15,0.0,0.0,0.0
n_73045,0,-1,1,5.633400138786802e-16,0.0,0.0,0.0
n_73046,0,-1,1,1.0713900580044543e-15,0.0,0.0,0.0
n_73047,0,-1,8,4.960148282639456e-15,0.0,0.0,0.0
n_73048,0,-1,3,2.4265020602629722e-15,0.0,0.0,0.0
n_73049,0,-1,3,9.947380232009132e-16,0.0,0.0,0.0
n_7305,0,-1,1,5.08158040826549e-16,0.0,0.0,0.0
n_73050,0,-1,1,5.55618990927102e-16,0.0,0.0,0.0
n_73051,0,-1,1,1.0336899979507047e-15,0.0,0.0,0.0
n_73052,0,-1,1,6.1835903896758325e-16,0.0,0.0,0.0
n_73053,0,-1,1,3.62321996017612e-16,0.0,0.0,0.0
n_7306,0,-1,1,5.08158040826549e-16,0.0,0.0,0.0
n_73060,0,-1,1,6.212930022781945e-16,0.0,0.0,0.0
n_73067,0,-1,1,6.212930022781945e-16,0.0,0.0,0.0
n_73068,0,-1,1,6.212930022781945e-16,0.0,0.0,0.0
n_73069,0,-1,1,6.212930022781945e-16,0.0,0.0,0.0
n_73070,0,-1,1,6.212930022781945e-16,0.0,0.0,0.0
n_73071,0,-1,1,6.212930022781945e-16,0.0,0.0,0.0
n_73073,0,-1,1,6.212930022781945e-16,0.0,0.0,0.0
n_73074,0,-1,1,6.212930022781945e-16,0.0,0.0,0.0
n_73076,0,-1,1,6.212930022781945e-16,0.0,0.0,0.0
n_73078,0,-1,1,6.212930022781945e-16,0.0,0.0,0.0
n_7308,0,-1,1,5.08158040826549e-16,0.0,0.0,0.0
n_73080,0,-1,1,6.212930022781945e-16,0.0,0.0,0.0
n_73081,0,-1,1,6.212930022781945e-16,0.0,0.0,0.0
n_73083,0,-1,1,6.212930022781945e-16,0.0,0.0,0.0
n_73084,0,-1,1,6.212930022781945e-16,0.0,0.0,0.0
n_73085,0,-1,1,6.212930022781945e-16,0.0,0.0,0.0
n_73087,0,-1,1,6.212930022781945e-16,0.0,0.0,0.0
n_73088,0,-1,1,6.212930022781945e-16,0.0,0.0,0.0
n_73089,0,-1,1,6.212930022781945e-16,0.0,0.0,0.0
n_731,0,-1,1,4.704069999772866e-16,0.0,0.0,0.0
n_7310,0,-1,1,5.08158040826549e-16,0.0,0.0,0.0
n_7311,0,-1,1,5.08158040826549e-16,0.0,0.0,0.0
n_7313,0,-1,1,5.08158040826549e-16,0.0,0.0,0.0
n_7315,0,-1,1,5.08158040826549e-16,0.0,0.0,0.0
n_7316,0,-1,1,5.08158040826549e-16,0.0,0.0,0.0
n_73176,0,-1,5,4.686937805502582e-15,0.0,0.0,0.0
n_73177,0,-1,12,6.808378408713076e-15,0.0,0.0,0.0
n_73178,0,-1,1,5.548899602573121e-16,0.0,0.0,0.0
n_73179,0,-1,1,5.548899602573121e-16,0.0,0.0,0.0
n_73180,0,-1,1,5.548899602573121e-16,0.0,0.0,0.0
n_73182,0,-1,1,5.101060048469971e-16,0.0,0.0,0.0
n_73183,0,-1,1,5.101060048469971e-16,0.0,0.0,0.0
n_73184,0,-1,1,5.101060048469971e-16,0.0,0.0,0.0
n_73185,0,-1,1,5.101060048469971e-16,0.0,0.0,0.0
n_73186,0,-1,1,5.08158040826549e-16,0.0,0.0,0.0
n_73187,0,-1,1,5.205529915810764e-16,0.0,0.0,0.0
n_73188,0,-1,1,5.101060048469971e-16,0.0,0.0,0.0
n_73189,0,-1,11,5.167444349886896e-15,0.0,0.0,0.0
n_73190,0,-1,1,5.548899602573121e-16,0.0,0.0,0.0
n_73191,0,-1,1,5.205529915810764e-16,0.0,0.0,0.0
n_73192,0,-1,1,5.101060048469971e-16,0.0,0.0,0.0
n_73193,0,-1,1,5.205529915810764e-16,0.0,0.0,0.0
n_73194,0,-1,1,5.101060048469971e-16,0.0,0.0,0.0
n_73195,0,-1,1,5.548899602573121e-16,0.0,0.0,0.0
n_73196,0,-1,1,5.08158040826549e-16,0.0,0.0,0.0
n_73197,0,-1,1,5.548899602573121e-16,0.0,0.0,0.0
n_73198,0,-1,1,5.548899602573121e-16,0.0,0.0,0.0
n_73199,0,-1,1,5.101060048469971e-16,0.0,0.0,0.0
n_73200,0,-1,1,5.101060048469971e-16,0.0,0.0,0.0
n_73201,0,-1,1,5.08158040826549e-16,0.0,0.0,0.0
n_7323,0,-1,1,5.08158040826549e-16,0.0,0.0,0.0
n_73234,0,-1,2,8.379470365873403e-16,0.0,0.0,0.0
n_73235,0,-1,1,5.355650094448236e-16,0.0,0.0,0.0
n_73236,0,-1,2,1.4023860757150829e-15,0.0,0.0,0.0
n_73237,0,-1,1,1.0936000030352909e-15,0.0,0.0,0.0
n_73238,0,-1,1,1.0829399875149771e-15,0.0,0.0,0.0
n_73240,0,-1,1,9.005580179824836e-16,0.0,0.0,0.0
n_73244,0,-1,6,2.4740100206920978e-15,0.0,0.0,0.0
n_73245,0,-1,2,9.023010000296962e-16,0.0,0.0,0.0
n_73246,0,-1,12,5.483913223156521e-15,0.0,0.0,0.0
n_73247,0,-1,9,5.929066729904809e-15,0.0,0.0,0.0
n_73250,0,-1,7,3.2315217498169856e-15,0.0,0.0,0.0
n_73251,0,-1,11,4.277608286708994e-15,0.0,0.0,0.0
n_73252,0,-1,11,5.4511161074388345e-15,0.0,0.0,0.0
n_73253,0,-1,11,6.1383512069959276e-15,0.0,0.0,0.0
n_73264,0,-1,2,2.594219877775244e-15,0.0,0.0,0.0
n_73265,0,-1,14,8.577817953549574e-15,0.0,0.0,0.0
n_73266,0,-1,1,5.863069946061253e-16,0.0,0.0,0.0
n_73267,0,-1,1,5.863069946061253e-16,0.0,0.0,0.0
n_73268,0,-1,1,5.863069946061253e-16,0.0,0.0,0.0
n_73269,0,-1,1,5.863069946061253e-16,0.0,0.0,0.0
n_73270,0,-1,1,5.863069946061253e-16,0.0,0.0,0.0
n_73271,0,-1,1,5.863069946061253e-16,0.0,0.0,0.0
n_73272,0,-1,2,8.593419771042406e-16,0.0,0.0,0.0
n_73273,0,-1,1,6.212930022781945e-16,0.0,0.0,0.0
n_73274,0,-1,1,6.212930022781945e-16,0.0,0.0,0.0
n_73275,0,-1,4,2.317892107634237e-15,0.0,0.0,0.0
n_73276,0,-1,1,5.863069946061253e-16,0.0,0.0,0.0
n_73277,0,-1,1,5.794730269085592e-16,0.0,0.0,0.0
n_73278,0,-1,1,6.212930022781945e-16,0.0,0.0,0.0
n_73279,0,-1,18,1.0430514484354066e-14,0.0,0.0,0.0
n_7328,0,-1,1,5.08158040826549e-16,0.0,0.0,0.0
n_73280,0,-1,11,6.374203295994151e-15,0.0,0.0,0.0
n_73283,0,-1,2,8.801390182394979e-16,0.0,0.0,0.0
n_733,0,-1,1,3.814010161078211e-16,0.0,0.0,0.0
n_7330,0,-1,1,5.08158040826549e-16,0.0,0.0,0.0
n_73308,0,-1,11,7.294002302648227e-15,0.0,0.0,0.0
n_73309,0,-1,2,8.364140128319284e-16,0.0,0.0,0.0
n_73311,0,-1,16,9.035767163515559e-15,0.0,0.0,0.0
n_73313,0,-1,1,7.489850190217932e-16,0.0,0.0,0.0
n_73314,0,-1,1,5.436750322774283e-16,0.0,0.0,0.0
n_73316,0,-1,4,2.2274690111742353e-15,0.0,0.0,0.0
n_7333,0,-1,1,5.08158040826549e-16,0.0,0.0,0.0
n_7334,0,-1,1,5.08158040826549e-16,0.0,0.0,0.0
n_7337,0,-1,1,5.08158040826549e-16,0.0,0.0,0.0
n_7338,0,-1,1,5.08158040826549e-16,0.0,0.0,0.0
n_734,0,-1,1,5.300249904533069e-16,0.0,0.0,0.0
n_73438,0,-1,31,1.4788726002807305e-14,0.0,0.0,0.0
n_73439,0,-1,14,7.416441762206783e-15,0.0,0.0,0.0
n_73440,0,-1,1,3.616060149491657e-16,0.0,0.0,0.0
n_73441,0,-1,1,5.196369783881801e-16,0.0,0.0,0.0
n_735,0,-1,2,1.0442209468256806e-15,0.0,0.0,0.0
n_73575,0,-1,1,5.355650094448236e-16,0.0,0.0,0.0
n_73576,0,-1,3,1.4140820125298887e-15,0.0,0.0,0.0
n_73577,0,-1,2,8.542729613709565e-16,0.0,0.0,0.0
n_73578,0,-1,2,8.83404012613808e-16,0.0,0.0,0.0
n_736,0,-1,1,5.300249904533069e-16,0.0,0.0,0.0
n_73613,0,-1,1,6.011460059903958e-16,0.0,0.0,0.0
n_73614,0,-1,1,6.311820060582701e-16,0.0,0.0,0.0
n_73615,0,-1,2,7.415640045522207e-16,0.0,0.0,0.0
n_73616,0,-1,1,3.720560192381196e-16,0.0,0.0,0.0
n_73617,0,-1,1,3.720560192381196e-16,0.0,0.0,0.0
n_73668,0,-1,2,1.0223349918971687e-15,0.0,0.0,0.0
n_73669,0,-1,1,5.355650094448236e-16,0.0,0.0,0.0
n_73670,0,-1,1,5.985569968475538e-16,0.0,0.0,0.0
n_73671,0,-1,2,1.5646339662122232e-15,0.0,0.0,0.0
n_73698,0,-1,2,1.0229509966080594e-15,0.0,0.0,0.0
n_737,0,-1,1,6.022999825019114e-16,0.0,0.0,0.0
n_73727,0,-1,1,4.697130152956893e-16,0.0,0.0,0.0
n_73728,0,-1,2,1.0603959938655671e-15,0.0,0.0,0.0
n_73729,0,-1,2,9.293609498373925e-16,0.0,0.0,0.0
n_73730,0,-1,2,1.0297110606809776e-15,0.0,0.0,0.0
n_73731,0,-1,2,9.733719347437787e-16,0.0,0.0,0.0
n_73732,0,-1,2,1.2981409897426673e-15,0.0,0.0,0.0
n_73737,0,-1,1,6.139709847843323e-16,0.0,0.0,0.0
n_738,0,-1,1,3.814010161078211e-16,0.0,0.0,0.0
n_739,0,-1,2,8.672750229904284e-16,0.0,0.0,0.0
n_74,0,-1,1,1.6036900201354086e-15,0.0,0.0,0.0
n_740,0,-1,1,5.616789822691145e-16,0.0,0.0,0.0
n_741,0,-1,1,5.300249904533069e-16,0.0,0.0,0.0
n_7414,0,-1,1,5.205529915810764e-16,0.0,0.0,0.0
n_7415,0,-1,1,5.205529915810764e-16,0.0,0.0,0.0
n_7416,0,-1,1,5.205529915810764e-16,0.0,0.0,0.0
n_7417,0,-1,1,5.205529915810764e-16,0.0,0.0,0.0
n_7418,0,-1,1,5.205529915810764e-16,0.0,0.0,0.0
n_7419,0,-1,1,5.205529915810764e-16,0.0,0.0,0.0
n_742,0,-1,1,4.132109943348215e-16,0.0,0.0,0.0
n_7420,0,-1,1,5.205529915810764e-16,0.0,0.0,0.0
n_7421,0,-1,1,5.205529915810764e-16,0.0,0.0,0.0
n_7422,0,-1,1,5.205529915810764e-16,0.0,0.0,0.0
n_7423,0,-1,1,5.205529915810764e-16,0.0,0.0,0.0
n_7424,0,-1,1,5.205529915810764e-16,0.0,0.0,0.0
n_7425,0,-1,1,5.205529915810764e-16,0.0,0.0,0.0
n_7426,0,-1,1,5.205529915810764e-16,0.0,0.0,0.0
n_7427,0,-1,1,5.205529915810764e-16,0.0,0.0,0.0
n_7428,0,-1,1,5.205529915810764e-16,0.0,0.0,0.0
n_7429,0,-1,1,5.205529915810764e-16,0.0,0.0,0.0
n_743,0,-1,1,5.300249904533069e-16,0.0,0.0,0.0
n_7430,0,-1,1,5.205529915810764e-16,0.0,0.0,0.0
n_7431,0,-1,1,5.205529915810764e-16,0.0,0.0,0.0
n_7433,0,-1,1,5.205529915810764e-16,0.0,0.0,0.0
n_7434,0,-1,1,5.205529915810764e-16,0.0,0.0,0.0
n_7436,0,-1,1,5.205529915810764e-16,0.0,0.0,0.0
n_7438,0,-1,1,5.205529915810764e-16,0.0,0.0,0.0
n_7439,0,-1,1,5.205529915810764e-16,0.0,0.0,0.0
n_744,0,-1,2,1.0834140083280843e-15,0.0,0.0,0.0
n_7440,0,-1,1,5.205529915810764e-16,0.0,0.0,0.0
n_7441,0,-1,1,5.205529915810764e-16,0.0,0.0,0.0
n_7442,0,-1,1,5.205529915810764e-16,0.0,0.0,0.0
n_7443,0,-1,1,5.205529915810764e-16,0.0,0.0,0.0
n_7444,0,-1,1,5.205529915810764e-16,0.0,0.0,0.0
n_7445,0,-1,1,5.205529915810764e-16,0.0,0.0,0.0
n_7446,0,-1,1,5.205529915810764e-16,0.0,0.0,0.0
n_7447,0,-1,1,5.205529915810764e-16,0.0,0.0,0.0
n_7448,0,-1,1,5.205529915810764e-16,0.0,0.0,0.0
n_7449,0,-1,1,5.205529915810764e-16,0.0,0.0,0.0
n_745,0,-1,2,9.526520265462808e-16,0.0,0.0,0.0
n_7450,0,-1,1,5.205529915810764e-16,0.0,0.0,0.0
n_7451,0,-1,2,1.0921020252680717e-15,0.0,0.0,0.0
n_7452,0,-1,1,1.0495800184038401e-15,0.0,0.0,0.0
n_7453,0,-1,1,6.193060218026136e-16,0.0,0.0,0.0
n_7454,0,-1,1,6.193060218026136e-16,0.0,0.0,0.0
n_7455,0,-1,1,6.193060218026136e-16,0.0,0.0,0.0
n_7456,0,-1,1,6.193060218026136e-16,0.0,0.0,0.0
n_7457,0,-1,1,6.193060218026136e-16,0.0,0.0,0.0
n_7459,0,-1,1,6.193060218026136e-16,0.0,0.0,0.0
n_746,0,-1,1,4.240520102080517e-16,0.0,0.0,0.0
n_7460,0,-1,1,6.193060218026136e-16,0.0,0.0,0.0
n_7461,0,-1,1,6.193060218026136e-16,0.0,0.0,0.0
n_7462,0,-1,1,6.193060218026136e-16,0.0,0.0,0.0
n_7463,0,-1,1,6.193060218026136e-16,0.0,0.0,0.0
n_7464,0,-1,1,6.193060218026136e-16,0.0,0.0,0.0
n_7465,0,-1,1,6.193060218026136e-16,0.0,0.0,0.0
n_7467,0,-1,1,6.193060218026136e-16,0.0,0.0,0.0
n_7468,0,-1,1,6.193060218026136e-16,0.0,0.0,0.0
n_7469,0,-1,1,6.193060218026136e-16,0.0,0.0,0.0
n_747,0,-1,1,3.814010161078211e-16,0.0,0.0,0.0
n_7470,0,-1,1,6.193060218026136e-16,0.0,0.0,0.0
n_7471,0,-1,1,6.193060218026136e-16,0.0,0.0,0.0
n_7473,0,-1,1,6.193060218026136e-16,0.0,0.0,0.0
n_7475,0,-1,1,6.193060218026136e-16,0.0,0.0,0.0
n_7477,0,-1,1,6.193060218026136e-16,0.0,0.0,0.0
n_7479,0,-1,1,6.193060218026136e-16,0.0,0.0,0.0
n_748,0,-1,2,9.475179480947357e-16,0.0,0.0,0.0
n_7480,0,-1,1,6.193060218026136e-16,0.0,0.0,0.0
n_7481,0,-1,1,6.193060218026136e-16,0.0,0.0,0.0
n_7482,0,-1,1,6.193060218026136e-16,0.0,0.0,0.0
n_7483,0,-1,1,6.193060218026136e-16,0.0,0.0,0.0
n_7484,0,-1,1,6.193060218026136e-16,0.0,0.0,0.0
n_7485,0,-1,1,6.193060218026136e-16,0.0,0.0,0.0
n_7486,0,-1,1,6.193060218026136e-16,0.0,0.0,0.0
n_7487,0,-1,1,6.193060218026136e-16,0.0,0.0,0.0
n_7488,0,-1,1,6.193060218026136e-16,0.0,0.0,0.0
n_7489,0,-1,1,6.193060218026136e-16,0.0,0.0,0.0
n_749,0,-1,1,3.814010161078211e-16,0.0,0.0,0.0
n_7498,0,-1,1,6.212930022781945e-16,0.0,0.0,0.0
n_7499,0,-1,1,5.340149920909074e-16,0.0,0.0,0.0
n_75,0,-1,1,1.6048599843938036e-15,0.0,0.0,0.0
n_750,0,-1,2,8.514379950360555e-16,0.0,0.0,0.0
n_7503,0,-1,1,5.678290238013319e-16,0.0,0.0,0.0
n_7504,0,-1,1,5.616789822691145e-16,0.0,0.0,0.0
n_7505,0,-1,1,1.2861600263411105e-15,0.0,0.0,0.0
n_7506,0,-1,1,1.2861600263411105e-15,0.0,0.0,0.0
n_7507,0,-1,1,6.011460059903958e-16,0.0,0.0,0.0
n_7508,0,-1,1,4.649190205724667e-16,0.0,0.0,0.0
n_7509,0,-1,1,1.0856800332202264e-15,0.0,0.0,0.0
n_751,0,-1,1,4.465050007551911e-16,0.0,0.0,0.0
n_7510,0,-1,1,1.6036900201354086e-15,0.0,0.0,0.0
n_7515,0,-1,1,7.290329991305406e-16,0.0,0.0,0.0
n_7518,0,-1,1,8.089889918239655e-16,0.0,0.0,0.0
n_752,0,-1,1,3.814010161078211e-16,0.0,0.0,0.0
n_7525,0,-1,2,1.1505339578596991e-15,0.0,0.0,0.0
n_753,0,-1,2,1.0002779363133115e-15,0.0,0.0,0.0
n_7530,0,-1,1,5.392289563372905e-16,0.0,0.0,0.0
n_7535,0,-1,3,2.097954073649027e-15,0.0,0.0,0.0
n_7536,0,-1,2,6.245510086306898e-16,0.0,0.0,0.0
n_7537,0,-1,3,1.6746839807304094e-15,0.0,0.0,0.0
n_7539,0,-1,3,1.6120419767535728e-15,0.0,0.0,0.0
n_754,0,-1,1,3.814010161078211e-16,0.0,0.0,0.0
n_7540,0,-1,3,1.210087044436136e-15,0.0,0.0,0.0
n_7541,0,-1,3,1.2211180603873472e-15,0.0,0.0,0.0
n_7542,0,-1,2,9.614410521652282e-16,0.0,0.0,0.0
n_7544,0,-1,2,9.866559524555679e-16,0.0,0.0,0.0
n_7545,0,-1,3,1.5801219636527681e-15,0.0,0.0,0.0
n_7546,0,-1,2,9.546650003454307e-16,0.0,0.0,0.0
n_7547,0,-1,2,1.0206579725407236e-15,0.0,0.0,0.0
n_7548,0,-1,1,5.25156986226318e-16,0.0,0.0,0.0
n_7549,0,-1,1,5.25156986226318e-16,0.0,0.0,0.0
n_755,0,-1,1,3.814010161078211e-16,0.0,0.0,0.0
n_7550,0,-1,1,5.25156986226318e-16,0.0,0.0,0.0
n_7551,0,-1,1,5.25156986226318e-16,0.0,0.0,0.0
n_7552,0,-1,1,5.25156986226318e-16,0.0,0.0,0.0
n_7553,0,-1,1,5.25156986226318e-16,0.0,0.0,0.0
n_7554,0,-1,1,5.25156986226318e-16,0.0,0.0,0.0
n_7555,0,-1,1,5.25156986226318e-16,0.0,0.0,0.0
n_7556,0,-1,1,5.25156986226318e-16,0.0,0.0,0.0
n_7557,0,-1,1,5.25156986226318e-16,0.0,0.0,0.0
n_7558,0,-1,1,5.25156986226318e-16,0.0,0.0,0.0
n_7559,0,-1,1,5.25156986226318e-16,0.0,0.0,0.0
n_756,0,-1,1,5.300249904533069e-16,0.0,0.0,0.0
n_7560,0,-1,1,5.25156986226318e-16,0.0,0.0,0.0
n_7561,0,-1,1,5.25156986226318e-16,0.0,0.0,0.0
n_7562,0,-1,1,5.25156986226318e-16,0.0,0.0,0.0
n_7564,0,-1,1,5.25156986226318e-16,0.0,0.0,0.0
n_7565,0,-1,1,5.25156986226318e-16,0.0,0.0,0.0
n_7566,0,-1,1,5.25156986226318e-16,0.0,0.0,0.0
n_7567,0,-1,1,5.25156986226318e-16,0.0,0.0,0.0
n_7568,0,-1,1,5.25156986226318e-16,0.0,0.0,0.0
n_7569,0,-1,1,5.561349928106575e-16,0.0,0.0,0.0
n_757,0,-1,1,5.300249904533069e-16,0.0,0.0,0.0
n_7570,0,-1,1,5.25156986226318e-16,0.0,0.0,0.0
n_7571,0,-1,1,5.25156986226318e-16,0.0,0.0,0.0
n_7572,0,-1,1,5.25156986226318e-16,0.0,0.0,0.0
n_7573,0,-1,1,5.25156986226318e-16,0.0,0.0,0.0
n_7574,0,-1,1,5.25156986226318e-16,0.0,0.0,0.0
n_7575,0,-1,1,5.25156986226318e-16,0.0,0.0,0.0
n_7576,0,-1,1,5.25156986226318e-16,0.0,0.0,0.0
n_7577,0,-1,1,4.1299301569980155e-16,0.0,0.0,0.0
n_7578,0,-1,1,4.1299301569980155e-16,0.0,0.0,0.0
n_7579,0,-1,1,4.1299301569980155e-16,0.0,0.0,0.0
n_758,0,-1,2,8.787509959367441e-16,0.0,0.0,0.0
n_7580,0,-1,1,4.1299301569980155e-16,0.0,0.0,0.0
n_7581,0,-1,1,4.1299301569980155e-16,0.0,0.0,0.0
n_7582,0,-1,1,4.1299301569980155e-16,0.0,0.0,0.0
n_7583,0,-1,1,4.1299301569980155e-16,0.0,0.0,0.0
n_7584,0,-1,1,4.1299301569980155e-16,0.0,0.0,0.0
n_7585,0,-1,1,4.3922099386483693e-16,0.0,0.0,0.0
n_7586,0,-1,1,4.549269964101814e-16,0.0,0.0,0.0
n_7587,0,-1,1,4.3922099386483693e-16,0.0,0.0,0.0
n_7588,0,-1,1,4.549269964101814e-16,0.0,0.0,0.0
n_7589,0,-1,1,4.3922099386483693e-16,0.0,0.0,0.0
n_759,0,-1,1,3.814010161078211e-16,0.0,0.0,0.0
n_7590,0,-1,1,4.549269964101814e-16,0.0,0.0,0.0
n_7591,0,-1,1,4.549269964101814e-16,0.0,0.0,0.0
n_7593,0,-1,1,5.547850340509709e-16,0.0,0.0,0.0
n_7594,0,-1,1,5.547850340509709e-16,0.0,0.0,0.0
n_7595,0,-1,1,5.547850340509709e-16,0.0,0.0,0.0
n_7596,0,-1,1,5.547850340509709e-16,0.0,0.0,0.0
n_7597,0,-1,1,5.547850340509709e-16,0.0,0.0,0.0
n_7598,0,-1,1,5.547850340509709e-16,0.0,0.0,0.0
n_7599,0,-1,1,5.245410344549865e-16,0.0,0.0,0.0
n_760,0,-1,1,3.814010161078211e-16,0.0,0.0,0.0
n_7600,0,-1,1,5.245410344549865e-16,0.0,0.0,0.0
n_7601,0,-1,1,5.245410344549865e-16,0.0,0.0,0.0
n_7602,0,-1,1,5.547850340509709e-16,0.0,0.0,0.0
n_7603,0,-1,1,5.547850340509709e-16,0.0,0.0,0.0
n_7604,0,-1,1,5.547850340509709e-16,0.0,0.0,0.0
n_7605,0,-1,1,5.547850340509709e-16,0.0,0.0,0.0
n_7607,0,-1,2,8.80138012387873e-16,0.0,0.0,0.0
n_7608,0,-1,2,8.82333998243189e-16,0.0,0.0,0.0
n_761,0,-1,1,3.385409901580759e-16,0.0,0.0,0.0
n_7610,0,-1,3,1.3399189840418544e-15,0.0,0.0,0.0
n_762,0,-1,1,5.300249904533069e-16,0.0,0.0,0.0
n_763,0,-1,1,5.300249904533069e-16,0.0,0.0,0.0
n_764,0,-1,1,5.300249904533069e-16,0.0,0.0,0.0
n_7641,0,-1,2,9.788399559347788e-16,0.0,0.0,0.0
n_7642,0,-1,2,1.0244889966820364e-15,0.0,0.0,0.0
n_765,0,-1,1,3.814010161078211e-16,0.0,0.0,0.0
n_766,0,-1,1,3.814010161078211e-16,0.0,0.0,0.0
n_767,0,-1,2,1.0002779363133115e-15,0.0,0.0,0.0
n_768,0,-1,1,5.362309890996023e-16,0.0,0.0,0.0
n_769,0,-1,1,4.465050007551911e-16,0.0,0.0,0.0
n_7697,0,-1,14,6.4933965017823555e-15,0.0,0.0,0.0
n_7699,0,-1,10,5.95584991169699e-15,0.0,0.0,0.0
n_77,0,-1,2,1.2398560173673885e-15,0.0,0.0,0.0
n_770,0,-1,1,4.465050007551911e-16,0.0,0.0,0.0
n_7708,0,-1,3,1.1934120361991327e-15,0.0,0.0,0.0
n_771,0,-1,1,3.814010161078211e-16,0.0,0.0,0.0
n_7711,0,-1,16,8.958005303792878e-15,0.0,0.0,0.0
n_7714,0,-1,10,4.4124148508139366e-15,0.0,0.0,0.0
n_7715,0,-1,16,7.76216927105694e-15,0.0,0.0,0.0
n_772,0,-1,1,5.355650094448236e-16,0.0,0.0,0.0
n_773,0,-1,2,8.514379950360555e-16,0.0,0.0,0.0
n_7735,0,-1,8,4.090764253489483e-15,0.0,0.0,0.0
n_7737,0,-1,8,4.117326783198904e-15,0.0,0.0,0.0
n_7738,0,-1,9,3.642287836489117e-15,0.0,0.0,0.0
n_774,0,-1,2,8.514379950360555e-16,0.0,0.0,0.0
n_7740,0,-1,13,6.482565491485815e-15,0.0,0.0,0.0
n_775,0,-1,1,3.814010161078211e-16,0.0,0.0,0.0
n_7753,0,-1,16,7.376428772811437e-15,0.0,0.0,0.0
n_7755,0,-1,8,3.946503107627288e-15,0.0,0.0,0.0
n_77573,0,-1,3,2.3625519197782198e-15,0.0,0.0,0.0
n_77574,0,-1,3,2.1651301391133974e-15,0.0,0.0,0.0
n_77575,0,-1,2,1.390958965981912e-15,0.0,0.0,0.0
n_77576,0,-1,11,6.7786229883089796e-15,0.0,0.0,0.0
n_7759,0,-1,15,8.083707212999409e-15,0.0,0.0,0.0
n_776,0,-1,3,1.230916008125593e-15,0.0,0.0,0.0
n_7763,0,-1,12,4.773647721280057e-15,0.0,0.0,0.0
n_777,0,-1,2,1.0858229700300755e-15,0.0,0.0,0.0
n_778,0,-1,2,9.007110133085815e-16,0.0,0.0,0.0
n_7787,0,-1,1,5.616789822691145e-16,0.0,0.0,0.0
n_7788,0,-1,1,5.616789822691145e-16,0.0,0.0,0.0
n_7789,0,-1,1,5.616789822691145e-16,0.0,0.0,0.0
n_779,0,-1,1,3.466820091025942e-16,0.0,0.0,0.0
n_7790,0,-1,1,5.616789822691145e-16,0.0,0.0,0.0
n_7791,0,-1,1,5.616789822691145e-16,0.0,0.0,0.0
n_7792,0,-1,1,5.616789822691145e-16,0.0,0.0,0.0
n_7793,0,-1,1,3.712599935561578e-16,0.0,0.0,0.0
n_7794,0,-1,1,3.712599935561578e-16,0.0,0.0,0.0
n_7795,0,-1,1,3.712599935561578e-16,0.0,0.0,0.0
n_78,0,-1,2,1.3105920564299503e-15,0.0,0.0,0.0
n_780,0,-1,2,9.435279993966943e-16,0.0,0.0,0.0
n_7802,0,-1,1,5.616789822691145e-16,0.0,0.0,0.0
n_7803,0,-1,1,5.616789822691145e-16,0.0,0.0,0.0
n_7810,0,-1,1,5.157210391939051e-16,0.0,0.0,0.0
n_7811,0,-1,1,6.212930022781945e-16,0.0,0.0,0.0
n_7812,0,-1,2,1.3543180147495854e-15,0.0,0.0,0.0
n_7813,0,-1,2,1.1008920037990848e-15,0.0,0.0,0.0
n_783,0,-1,3,1.3996810759980263e-15,0.0,0.0,0.0
n_7833,0,-1,2,7.087390426263932e-16,0.0,0.0,0.0
n_7835,0,-1,2,7.454360039123569e-16,0.0,0.0,0.0
n_7836,0,-1,1,5.16605976865549e-16,0.0,0.0,0.0
n_7850,0,-1,1,6.32291036884022e-16,0.0,0.0,0.0
n_786,0,-1,1,4.025770250776358e-16,0.0,0.0,0.0
n_787,0,-1,1,5.087320115274322e-16,0.0,0.0,0.0
n_789,0,-1,2,9.246440351123701e-16,0.0,0.0,0.0
n_791,0,-1,1,3.659220183923408e-16,0.0,0.0,0.0
n_793,0,-1,2,9.123110236421107e-16,0.0,0.0,0.0
n_794,0,-1,2,9.123110236421107e-16,0.0,0.0,0.0
n_797,0,-1,1,5.728710403594224e-16,0.0,0.0,0.0
n_799,0,-1,1,4.564469970340292e-16,0.0,0.0,0.0
n_8,0,-1,10,4.887721036418583e-15,0.0,0.0,0.0
n_80,0,-1,13,6.33010294911183e-15,0.0,0.0,0.0
n_801,0,-1,1,5.22845962708853e-16,0.0,0.0,0.0
n_804,0,-1,1,5.678290238013319e-16,0.0,0.0,0.0
n_805,0,-1,2,1.0993750736696707e-15,0.0,0.0,0.0
n_806,0,-1,1,5.5913798930647e-16,0.0,0.0,0.0
n_807,0,-1,2,7.68499017000197e-16,0.0,0.0,0.0
n_808,0,-1,1,5.985569968475538e-16,0.0,0.0,0.0
n_809,0,-1,1,5.964369792596947e-16,0.0,0.0,0.0
n_80904,0,-1,3,2.124310986110502e-15,0.0,0.0,0.0
n_80905,0,-1,8,4.751650275639863e-15,0.0,0.0,0.0
n_80906,0,-1,9,4.6614645601633295e-15,0.0,0.0,0.0
n_80907,0,-1,8,3.275509653075559e-15,0.0,0.0,0.0
n_80908,0,-1,1,4.3921501169464695e-16,0.0,0.0,0.0
n_80909,0,-1,1,5.934590231753854e-16,0.0,0.0,0.0
n_80910,0,-1,1,5.934590231753854e-16,0.0,0.0,0.0
n_80911,0,-1,1,6.212930022781945e-16,0.0,0.0,0.0
n_80912,0,-1,1,6.212930022781945e-16,0.0,0.0,0.0
n_80913,0,-1,1,6.212930022781945e-16,0.0,0.0,0.0
n_80914,0,-1,1,6.212930022781945e-16,0.0,0.0,0.0
n_80915,0,-1,1,6.212930022781945e-16,0.0,0.0,0.0
n_80916,0,-1,1,6.212930022781945e-16,0.0,0.0,0.0
n_80917,0,-1,4,2.1875811708968462e-15,0.0,0.0,0.0
n_80918,0,-1,2,1.0945899727923944e-15,0.0,0.0,0.0
n_80919,0,-1,4,2.3200259953866072e-15,0.0,0.0,0.0
n_80921,0,-1,3,5.720280308186675e-15,0.0,0.0,0.0
n_80922,0,-1,2,1.6071969482952782e-15,0.0,0.0,0.0
n_80923,0,-1,2,4.4278799783649056e-15,0.0,0.0,0.0
n_80927,0,-1,4,2.1875811708968462e-15,0.0,0.0,0.0
n_80928,0,-1,2,1.0945899727923944e-15,0.0,0.0,0.0
n_80929,0,-1,4,2.3076250095223306e-15,0.0,0.0,0.0
n_80930,0,-1,2,4.4278799783649056e-15,0.0,0.0,0.0
n_80931,0,-1,1,3.763610059590245e-15,0.0,0.0,0.0
n_80932,0,-1,2,4.434120070087328e-15,0.0,0.0,0.0
n_80933,0,-1,2,1.547706012761346e-15,0.0,0.0,0.0
n_81,0,-1,3,2.452194051860853e-15,0.0,0.0,0.0
n_810,0,-1,1,5.536400043249607e-16,0.0,0.0,0.0
n_814,0,-1,1,4.3284601214556425e-16,0.0,0.0,0.0
n_81402,0,-1,1,1.0652799858394354e-15,0.0,0.0,0.0
n_81403,0,-1,1,1.0604700033693334e-15,0.0,0.0,0.0
n_81404,0,-1,4,2.8996190892154397e-15,0.0,0.0,0.0
n_81405,0,-1,1,6.011460059903958e-16,0.0,0.0,0.0
n_81406,0,-1,4,2.0376400338486004e-15,0.0,0.0,0.0
n_81407,0,-1,1,1.3098900778749133e-15,0.0,0.0,0.0
n_81408,0,-1,2,7.20263984664972e-16,0.0,0.0,0.0
n_815,0,-1,2,8.072190106015592e-16,0.0,0.0,0.0
n_81545,0,-1,3,6.958570055755472e-15,0.0,0.0,0.0
n_81546,0,-1,10,5.414451015767511e-15,0.0,0.0,0.0
n_81547,0,-1,1,5.548899602573121e-16,0.0,0.0,0.0
n_81548,0,-1,15,8.430344435234917e-15,0.0,0.0,0.0
n_81549,0,-1,1,5.548899602573121e-16,0.0,0.0,0.0
n_81550,0,-1,1,5.548899602573121e-16,0.0,0.0,0.0
n_81551,0,-1,1,5.548899602573121e-16,0.0,0.0,0.0
n_81552,0,-1,1,5.548899602573121e-16,0.0,0.0,0.0
n_81554,0,-1,1,5.548899602573121e-16,0.0,0.0,0.0
n_81555,0,-1,1,5.548899602573121e-16,0.0,0.0,0.0
n_81556,0,-1,1,5.548899602573121e-16,0.0,0.0,0.0
n_81557,0,-1,1,5.548899602573121e-16,0.0,0.0,0.0
n_81558,0,-1,1,5.548899602573121e-16,0.0,0.0,0.0
n_81559,0,-1,1,5.548899602573121e-16,0.0,0.0,0.0
n_81560,0,-1,1,5.548899602573121e-16,0.0,0.0,0.0
n_81561,0,-1,1,5.548899602573121e-16,0.0,0.0,0.0
n_81562,0,-1,1,5.548899602573121e-16,0.0,0.0,0.0
n_81563,0,-1,1,5.548899602573121e-16,0.0,0.0,0.0
n_81564,0,-1,1,5.205529915810764e-16,0.0,0.0,0.0
n_81565,0,-1,1,5.548899602573121e-16,0.0,0.0,0.0
n_81567,0,-1,1,5.548899602573121e-16,0.0,0.0,0.0
n_81568,0,-1,1,5.548899602573121e-16,0.0,0.0,0.0
n_81569,0,-1,1,5.548899602573121e-16,0.0,0.0,0.0
n_81570,0,-1,1,5.101060048469971e-16,0.0,0.0,0.0
n_81571,0,-1,1,5.205529915810764e-16,0.0,0.0,0.0
n_81572,0,-1,1,5.548899602573121e-16,0.0,0.0,0.0
n_81702,0,-1,20,1.2910082311729573e-14,0.0,0.0,0.0
n_81703,0,-1,2,1.0629880205632837e-15,0.0,0.0,0.0
n_81704,0,-1,1,4.60878991051419e-16,0.0,0.0,0.0
n_81705,0,-1,1,5.359600444355993e-16,0.0,0.0,0.0
n_81741,0,-1,1,5.07333983647989e-16,0.0,0.0,0.0
n_81742,0,-1,1,5.863069946061253e-16,0.0,0.0,0.0
n_81743,0,-1,1,6.212930022781945e-16,0.0,0.0,0.0
n_81745,0,-1,5,2.6185511109433606e-15,0.0,0.0,0.0
n_81746,0,-1,1,5.07333983647989e-16,0.0,0.0,0.0
n_81747,0,-1,1,5.863069946061253e-16,0.0,0.0,0.0
n_81748,0,-1,1,6.212930022781945e-16,0.0,0.0,0.0
n_81749,0,-1,4,3.389827972494078e-15,0.0,0.0,0.0
n_81750,0,-1,19,9.686196987448558e-15,0.0,0.0,0.0
n_81751,0,-1,1,5.101060048469971e-16,0.0,0.0,0.0
n_81752,0,-1,1,5.101060048469971e-16,0.0,0.0,0.0
n_81753,0,-1,1,5.548899602573121e-16,0.0,0.0,0.0
n_81754,0,-1,16,8.40146230579944e-15,0.0,0.0,0.0
n_81755,0,-1,1,5.548899602573121e-16,0.0,0.0,0.0
n_81756,0,-1,1,5.548899602573121e-16,0.0,0.0,0.0
n_81757,0,-1,1,5.08158040826549e-16,0.0,0.0,0.0
n_81758,0,-1,1,5.101060048469971e-16,0.0,0.0,0.0
n_81759,0,-1,1,5.548899602573121e-16,0.0,0.0,0.0
n_81760,0,-1,1,5.548899602573121e-16,0.0,0.0,0.0
n_81762,0,-1,1,5.548899602573121e-16,0.0,0.0,0.0
n_81763,0,-1,1,5.101060048469971e-16,0.0,0.0,0.0
n_81764,0,-1,1,5.548899602573121e-16,0.0,0.0,0.0
n_81765,0,-1,1,5.548899602573121e-16,0.0,0.0,0.0
n_81766,0,-1,1,5.101060048469971e-16,0.0,0.0,0.0
n_81767,0,-1,1,5.101060048469971e-16,0.0,0.0,0.0
n_81768,0,-1,1,5.101060048469971e-16,0.0,0.0,0.0
n_81769,0,-1,1,5.548899602573121e-16,0.0,0.0,0.0
n_81770,0,-1,1,5.548899602573121e-16,0.0,0.0,0.0
n_81771,0,-1,1,5.101060048469971e-16,0.0,0.0,0.0
n_81772,0,-1,1,5.101060048469971e-16,0.0,0.0,0.0
n_81773,0,-1,1,5.633400138786802e-16,0.0,0.0,0.0
n_81774,0,-1,1,5.08158040826549e-16,0.0,0.0,0.0
n_81775,0,-1,1,5.548899602573121e-16,0.0,0.0,0.0
n_81776,0,-1,1,5.101060048469971e-16,0.0,0.0,0.0
n_81777,0,-1,1,5.101060048469971e-16,0.0,0.0,0.0
n_81778,0,-1,1,5.08158040826549e-16,0.0,0.0,0.0
n_81779,0,-1,1,5.548899602573121e-16,0.0,0.0,0.0
n_81780,0,-1,1,5.205529915810764e-16,0.0,0.0,0.0
n_81781,0,-1,1,5.548899602573121e-16,0.0,0.0,0.0
n_81782,0,-1,1,5.548899602573121e-16,0.0,0.0,0.0
n_81783,0,-1,1,5.08158040826549e-16,0.0,0.0,0.0
n_81784,0,-1,1,5.548899602573121e-16,0.0,0.0,0.0
n_81785,0,-1,1,5.08158040826549e-16,0.0,0.0,0.0
n_81786,0,-1,1,5.548899602573121e-16,0.0,0.0,0.0
n_81787,0,-1,3,8.808830096287187e-15,0.0,0.0,0.0
n_81789,0,-1,1,5.101060048469971e-16,0.0,0.0,0.0
n_81805,0,-1,1,5.101060048469971e-16,0.0,0.0,0.0
n_81808,0,-1,1,5.205529915810764e-16,0.0,0.0,0.0
n_81809,0,-1,1,5.08158040826549e-16,0.0,0.0,0.0
n_81810,0,-1,1,5.08158040826549e-16,0.0,0.0,0.0
n_81812,0,-1,1,5.548899602573121e-16,0.0,0.0,0.0
n_81813,0,-1,1,5.101060048469971e-16,0.0,0.0,0.0
n_81814,0,-1,1,5.101060048469971e-16,0.0,0.0,0.0
n_81818,0,-1,14,8.492107536649859e-15,0.0,0.0,0.0
n_81819,0,-1,1,5.101060048469971e-16,0.0,0.0,0.0
n_81820,0,-1,1,5.101060048469971e-16,0.0,0.0,0.0
n_81821,0,-1,1,5.101060048469971e-16,0.0,0.0,0.0
n_81822,0,-1,1,5.101060048469971e-16,0.0,0.0,0.0
n_81823,0,-1,1,5.101060048469971e-16,0.0,0.0,0.0
n_81824,0,-1,1,5.101060048469971e-16,0.0,0.0,0.0
n_81825,0,-1,1,5.101060048469971e-16,0.0,0.0,0.0
n_81826,0,-1,1,5.101060048469971e-16,0.0,0.0,0.0
n_81827,0,-1,1,5.101060048469971e-16,0.0,0.0,0.0
n_81828,0,-1,1,5.101060048469971e-16,0.0,0.0,0.0
n_81829,0,-1,1,5.101060048469971e-16,0.0,0.0,0.0
n_81830,0,-1,1,5.101060048469971e-16,0.0,0.0,0.0
n_81831,0,-1,1,5.101060048469971e-16,0.0,0.0,0.0
n_81832,0,-1,1,5.101060048469971e-16,0.0,0.0,0.0
n_81852,0,-1,7,3.068337040880182e-15,0.0,0.0,0.0
n_81853,0,-1,8,3.325696990475087e-15,0.0,0.0,0.0
n_81854,0,-1,1,6.212930022781945e-16,0.0,0.0,0.0
n_81944,0,-1,4,2.946245711862947e-15,0.0,0.0,0.0
n_81951,0,-1,1,3.62321996017612e-16,0.0,0.0,0.0
n_81952,0,-1,1,3.720560192381196e-16,0.0,0.0,0.0
n_81953,0,-1,1,6.196590227833818e-16,0.0,0.0,0.0
n_81954,0,-1,1,3.720560192381196e-16,0.0,0.0,0.0
n_81955,0,-1,1,6.196590227833818e-16,0.0,0.0,0.0
n_81956,0,-1,1,3.62321996017612e-16,0.0,0.0,0.0
n_81957,0,-1,1,3.720560192381196e-16,0.0,0.0,0.0
n_81958,0,-1,1,6.196590227833818e-16,0.0,0.0,0.0
n_82056,0,-1,1,8.089889918239655e-16,0.0,0.0,0.0
n_82057,0,-1,1,7.489850190217932e-16,0.0,0.0,0.0
n_82058,0,-1,1,6.196590227833818e-16,0.0,0.0,0.0
n_82061,0,-1,16,8.341014646551584e-15,0.0,0.0,0.0
n_82062,0,-1,16,7.41772925228661e-15,0.0,0.0,0.0
n_82063,0,-1,1,5.08158040826549e-16,0.0,0.0,0.0
n_82064,0,-1,1,3.62321996017612e-16,0.0,0.0,0.0
n_82069,0,-1,2,1.001841029738351e-15,0.0,0.0,0.0
n_82070,0,-1,2,8.460010493663078e-16,0.0,0.0,0.0
n_8209,0,-1,4,1.6911350546319824e-15,0.0,0.0,0.0
n_821,0,-1,1,5.360839759436945e-16,0.0,0.0,0.0
n_8211,0,-1,16,7.111916477009917e-15,0.0,0.0,0.0
n_82187,0,-1,24,1.1679163868384256e-14,0.0,0.0,0.0
n_82188,0,-1,1,5.548899602573121e-16,0.0,0.0,0.0
n_822,0,-1,2,9.251630545508002e-16,0.0,0.0,0.0
n_82309,0,-1,15,1.9086474615419638e-14,0.0,0.0,0.0
n_82310,0,-1,7,4.127020651763756e-15,0.0,0.0,0.0
n_82311,0,-1,10,3.9790228200547485e-15,0.0,0.0,0.0
n_82312,0,-1,2,1.053454029467226e-15,0.0,0.0,0.0
n_824,0,-1,1,5.964369792596947e-16,0.0,0.0,0.0
n_82438,0,-1,1,5.548899602573121e-16,0.0,0.0,0.0
n_82439,0,-1,1,5.101060048469971e-16,0.0,0.0,0.0
n_82440,0,-1,1,5.08158040826549e-16,0.0,0.0,0.0
n_82441,0,-1,1,5.205529915810764e-16,0.0,0.0,0.0
n_82442,0,-1,1,6.193060218026136e-16,0.0,0.0,0.0
n_82443,0,-1,1,5.548899602573121e-16,0.0,0.0,0.0
n_82445,0,-1,1,5.08158040826549e-16,0.0,0.0,0.0
n_82446,0,-1,1,5.205529915810764e-16,0.0,0.0,0.0
n_82447,0,-1,1,6.193060218026136e-16,0.0,0.0,0.0
n_825,0,-1,1,9.851840209514767e-16,0.0,0.0,0.0
n_82522,0,-1,1,5.794730269085592e-16,0.0,0.0,0.0
n_82523,0,-1,1,5.541640000819559e-16,0.0,0.0,0.0
n_82524,0,-1,12,7.270748707147254e-15,0.0,0.0,0.0
n_82525,0,-1,2,7.24643992035224e-16,0.0,0.0,0.0
n_82528,0,-1,1,1.0713900580044543e-15,0.0,0.0,0.0
n_82529,0,-1,1,1.0856800332202264e-15,0.0,0.0,0.0
n_82530,0,-1,1,1.3887000349907031e-15,0.0,0.0,0.0
n_82531,0,-1,2,1.1589460538171184e-15,0.0,0.0,0.0
n_826,0,-1,1,5.492890078331522e-16,0.0,0.0,0.0
n_82699,0,-1,34,1.5163295830544418e-14,0.0,0.0,0.0
n_82700,0,-1,1,5.08158040826549e-16,0.0,0.0,0.0
n_82731,0,-1,1,4.068739967492773e-16,0.0,0.0,0.0
n_82732,0,-1,1,6.674139991957504e-16,0.0,0.0,0.0
n_82733,0,-1,1,4.735409689425683e-16,0.0,0.0,0.0
n_82734,0,-1,1,5.07333983647989e-16,0.0,0.0,0.0
n_82808,0,-1,1,5.548899602573121e-16,0.0,0.0,0.0
n_82813,0,-1,1,5.548899602573121e-16,0.0,0.0,0.0
n_829,0,-1,1,4.545760071326629e-16,0.0,0.0,0.0
n_82940,0,-1,5,3.0052070400466086e-15,0.0,0.0,0.0
n_82941,0,-1,2,1.1218720569905081e-15,0.0,0.0,0.0
n_83038,0,-1,1,7.489850190217932e-16,0.0,0.0,0.0
n_83039,0,-1,1,6.196590227833818e-16,0.0,0.0,0.0
n_83040,0,-1,1,8.089889918239655e-16,0.0,0.0,0.0
n_83041,0,-1,1,7.489850190217932e-16,0.0,0.0,0.0
n_83042,0,-1,1,6.196590227833818e-16,0.0,0.0,0.0
n_83072,0,-1,1,5.548899602573121e-16,0.0,0.0,0.0
n_83073,0,-1,1,5.101060048469971e-16,0.0,0.0,0.0
n_83074,0,-1,1,5.08158040826549e-16,0.0,0.0,0.0
n_83075,0,-1,1,5.205529915810764e-16,0.0,0.0,0.0
n_83076,0,-1,1,3.62321996017612e-16,0.0,0.0,0.0
n_83077,0,-1,1,6.196590227833818e-16,0.0,0.0,0.0
n_83084,0,-1,1,5.355650094448236e-16,0.0,0.0,0.0
n_83085,0,-1,1,5.551850453603118e-16,0.0,0.0,0.0
n_83101,0,-1,1,8.089889918239655e-16,0.0,0.0,0.0
n_83102,0,-1,1,7.489850190217932e-16,0.0,0.0,0.0
n_83103,0,-1,1,6.196590227833818e-16,0.0,0.0,0.0
n_83116,0,-1,1,1.406419964247263e-15,0.0,0.0,0.0
n_83117,0,-1,1,1.3283999712339063e-15,0.0,0.0,0.0
n_83118,0,-1,1,1.3887000349907031e-15,0.0,0.0,0.0
n_83164,0,-1,1,5.849670414231282e-16,0.0,0.0,0.0
n_83165,0,-1,2,7.873420060656978e-16,0.0,0.0,0.0
n_83166,0,-1,2,6.695309992287349e-16,0.0,0.0,0.0
n_832,0,-1,2,1.1551659575317593e-15,0.0,0.0,0.0
n_83344,0,-1,19,7.379473856256816e-15,0.0,0.0,0.0
n_83345,0,-1,9,3.911485495038374e-15,0.0,0.0,0.0
n_83346,0,-1,1,5.548899602573121e-16,0.0,0.0,0.0
n_83347,0,-1,1,8.089889918239655e-16,0.0,0.0,0.0
n_835,0,-1,1,5.564080021174694e-16,0.0,0.0,0.0
n_83569,0,-1,2,9.612030359070498e-16,0.0,0.0,0.0
n_83570,0,-1,1,3.466820091025942e-16,0.0,0.0,0.0
n_83571,0,-1,2,8.070160403315734e-16,0.0,0.0,0.0
n_836,0,-1,1,4.769050132321479e-16,0.0,0.0,0.0
n_83654,0,-1,2,1.0719200888711987e-15,0.0,0.0,0.0
n_83655,0,-1,1,4.60878991051419e-16,0.0,0.0,0.0
n_83656,0,-1,2,9.360249815499157e-16,0.0,0.0,0.0
n_83657,0,-1,1,5.026950488936732e-16,0.0,0.0,0.0
n_83658,0,-1,1,6.212930022781945e-16,0.0,0.0,0.0
n_838,0,-1,1,5.087320115274322e-16,0.0,0.0,0.0
n_83841,0,-1,29,1.7999665275522485e-14,0.0,0.0,0.0
n_83842,0,-1,1,5.548899602573121e-16,0.0,0.0,0.0
n_83854,0,-1,11,6.285041643350848e-15,0.0,0.0,0.0
n_83855,0,-1,9,5.439953907259917e-15,0.0,0.0,0.0
n_83856,0,-1,1,5.548899602573121e-16,0.0,0.0,0.0
n_83857,0,-1,1,6.193060218026136e-16,0.0,0.0,0.0
n_83860,0,-1,15,8.430344435234917e-15,0.0,0.0,0.0
n_83863,0,-1,1,6.193060218026136e-16,0.0,0.0,0.0
n_83867,0,-1,1,6.193060218026136e-16,0.0,0.0,0.0
n_8387,0,-1,4,1.7320830625219786e-15,0.0,0.0,0.0
n_839,0,-1,1,6.022999825019114e-16,0.0,0.0,0.0
n_8398,0,-1,14,7.231337111144459e-15,0.0,0.0,0.0
n_8405,0,-1,14,7.574615000711157e-15,0.0,0.0,0.0
n_8407,0,-1,1,5.067170260250327e-16,0.0,0.0,0.0
n_841,0,-1,1,5.729730019504481e-16,0.0,0.0,0.0
n_842,0,-1,1,4.688560297113047e-16,0.0,0.0,0.0
n_84230,0,-1,4,8.859960393115245e-15,0.0,0.0,0.0
n_84232,0,-1,1,5.101060048469971e-16,0.0,0.0,0.0
n_84233,0,-1,11,6.8360662216929245e-15,0.0,0.0,0.0
n_84234,0,-1,1,5.101060048469971e-16,0.0,0.0,0.0
n_84235,0,-1,1,5.101060048469971e-16,0.0,0.0,0.0
n_84236,0,-1,1,5.101060048469971e-16,0.0,0.0,0.0
n_84237,0,-1,1,5.101060048469971e-16,0.0,0.0,0.0
n_84238,0,-1,1,5.101060048469971e-16,0.0,0.0,0.0
n_84239,0,-1,1,5.101060048469971e-16,0.0,0.0,0.0
n_84240,0,-1,1,5.101060048469971e-16,0.0,0.0,0.0
n_84241,0,-1,1,5.101060048469971e-16,0.0,0.0,0.0
n_84242,0,-1,1,5.101060048469971e-16,0.0,0.0,0.0
n_84243,0,-1,1,5.101060048469971e-16,0.0,0.0,0.0
n_84244,0,-1,1,5.101060048469971e-16,0.0,0.0,0.0
n_84245,0,-1,1,5.101060048469971e-16,0.0,0.0,0.0
n_84247,0,-1,1,5.101060048469971e-16,0.0,0.0,0.0
n_84248,0,-1,1,5.08158040826549e-16,0.0,0.0,0.0
n_84249,0,-1,1,5.101060048469971e-16,0.0,0.0,0.0
n_84298,0,-1,3,1.5493299866794694e-15,0.0,0.0,0.0
n_84299,0,-1,1,6.022999825019114e-16,0.0,0.0,0.0
n_843,0,-1,1,4.545760071326629e-16,0.0,0.0,0.0
n_84300,0,-1,1,6.20466986335944e-16,0.0,0.0,0.0
n_84303,0,-1,1,6.212930022781945e-16,0.0,0.0,0.0
n_84336,0,-1,1,5.915089945121284e-16,0.0,0.0,0.0
n_84337,0,-1,2,1.4185279825909081e-15,0.0,0.0,0.0
n_844,0,-1,2,9.293129865967542e-16,0.0,0.0,0.0
n_84482,0,-1,20,1.2221709646924317e-14,0.0,0.0,0.0
n_84483,0,-1,1,6.376119919795551e-16,0.0,0.0,0.0
n_84484,0,-1,1,1.3887000349907031e-15,0.0,0.0,0.0
n_845,0,-1,1,4.769050132321479e-16,0.0,0.0,0.0
n_84531,0,-1,1,5.355650094448236e-16,0.0,0.0,0.0
n_84532,0,-1,1,5.633400138786802e-16,0.0,0.0,0.0
n_84533,0,-1,1,5.112120181178744e-16,0.0,0.0,0.0
n_84534,0,-1,1,6.196590227833818e-16,0.0,0.0,0.0
n_84535,0,-1,1,5.548899602573121e-16,0.0,0.0,0.0
n_84536,0,-1,1,5.101060048469971e-16,0.0,0.0,0.0
n_84537,0,-1,1,5.08158040826549e-16,0.0,0.0,0.0
n_84538,0,-1,1,5.205529915810764e-16,0.0,0.0,0.0
n_84539,0,-1,1,3.62321996017612e-16,0.0,0.0,0.0
n_84540,0,-1,1,6.196590227833818e-16,0.0,0.0,0.0
n_84557,0,-1,2,9.56828004855363e-16,0.0,0.0,0.0
n_84558,0,-1,2,6.714649872055533e-16,0.0,0.0,0.0
n_846,0,-1,1,4.025770250776358e-16,0.0,0.0,0.0
n_84615,0,-1,1,4.60878991051419e-16,0.0,0.0,0.0
n_84639,0,-1,1,1.3887000349907031e-15,0.0,0.0,0.0
n_84640,0,-1,2,9.953650393401182e-16,0.0,0.0,0.0
n_84666,0,-1,14,7.868321134072744e-15,0.0,0.0,0.0
n_84667,0,-1,6,3.58169999328849e-15,0.0,0.0,0.0
n_84668,0,-1,1,5.101060048469971e-16,0.0,0.0,0.0
n_84669,0,-1,1,6.193060218026136e-16,0.0,0.0,0.0
n_84687,0,-1,3,1.3659149545886809e-15,0.0,0.0,0.0
n_84688,0,-1,2,8.766370134586342e-16,0.0,0.0,0.0
n_84689,0,-1,2,8.680429642362328e-16,0.0,0.0,0.0
n_84690,0,-1,2,1.0443369903394544e-15,0.0,0.0,0.0
n_84691,0,-1,2,8.467710023153619e-16,0.0,0.0,0.0
n_84692,0,-1,1,5.563640093437714e-16,0.0,0.0,0.0
n_848,0,-1,1,5.536400043249607e-16,0.0,0.0,0.0
n_8491,0,-1,2,1.0598010590992394e-15,0.0,0.0,0.0
n_8492,0,-1,2,1.1291200120410448e-15,0.0,0.0,0.0
n_8493,0,-1,4,3.451940898516236e-15,0.0,0.0,0.0
n_8494,0,-1,3,1.5738659900625847e-15,0.0,0.0,0.0
n_85,0,-1,1,6.199280086836942e-16,0.0,0.0,0.0
n_8501,0,-1,1,8.089889918239655e-16,0.0,0.0,0.0
n_8514,0,-1,1,5.213489907932587e-16,0.0,0.0,0.0
n_8516,0,-1,1,5.046050023106133e-16,0.0,0.0,0.0
n_8529,0,-1,2,1.7063440605955254e-15,0.0,0.0,0.0
n_8530,0,-1,3,9.543219520017927e-16,0.0,0.0,0.0
n_8531,0,-1,1,1.2117799456603422e-15,0.0,0.0,0.0
n_854,0,-1,2,7.68499017000197e-16,0.0,0.0,0.0
n_855,0,-1,1,4.465050007551911e-16,0.0,0.0,0.0
n_856,0,-1,1,1.0009699622312183e-15,0.0,0.0,0.0
n_857,0,-1,1,4.769050132321479e-16,0.0,0.0,0.0
n_858,0,-1,2,9.105069493435774e-16,0.0,0.0,0.0
n_8591,0,-1,1,3.385409901580759e-16,0.0,0.0,0.0
n_86,0,-1,1,6.199280086836942e-16,0.0,0.0,0.0
n_861,0,-1,1,5.28510971999649e-16,0.0,0.0,0.0
n_8610,0,-1,1,9.511089442746203e-16,0.0,0.0,0.0
n_862,0,-1,1,5.964369792596947e-16,0.0,0.0,0.0
n_8626,0,-1,1,3.720560192381196e-16,0.0,0.0,0.0
n_8627,0,-1,1,6.212930022781945e-16,0.0,0.0,0.0
n_8628,0,-1,1,3.720560192381196e-16,0.0,0.0,0.0
n_8629,0,-1,1,6.212930022781945e-16,0.0,0.0,0.0
n_863,0,-1,1,3.36682996918494e-16,0.0,0.0,0.0
n_8634,0,-1,1,3.7078200227611035e-16,0.0,0.0,0.0
n_8636,0,-1,1,6.212930022781945e-16,0.0,0.0,0.0
n_8645,0,-1,2,6.124059855351616e-16,0.0,0.0,0.0
n_8647,0,-1,1,4.443300319048789e-16,0.0,0.0,0.0
n_865,0,-1,1,5.556279906521666e-16,0.0,0.0,0.0
n_8658,0,-1,1,5.83877968811196e-16,0.0,0.0,0.0
n_867,0,-1,1,3.36682996918494e-16,0.0,0.0,0.0
n_8680,0,-1,1,5.863069946061253e-16,0.0,0.0,0.0
n_8682,0,-1,1,5.863069946061253e-16,0.0,0.0,0.0
n_8685,0,-1,2,1.1266800277573603e-15,0.0,0.0,0.0
n_869,0,-1,1,6.022999825019114e-16,0.0,0.0,0.0
n_87,0,-1,1,6.199280086836942e-16,0.0,0.0,0.0
n_870,0,-1,1,5.954769732931004e-16,0.0,0.0,0.0
n_8709,0,-1,2,9.947090123224697e-16,0.0,0.0,0.0
n_871,0,-1,1,5.558670127619699e-16,0.0,0.0,0.0
n_8713,0,-1,2,8.822889996178661e-16,0.0,0.0,0.0
n_8714,0,-1,3,1.6129639721166591e-15,0.0,0.0,0.0
n_8716,0,-1,1,5.937619962727064e-16,0.0,0.0,0.0
n_8717,0,-1,1,5.633400138786802e-16,0.0,0.0,0.0
n_873,0,-1,1,3.4990399008505153e-16,0.0,0.0,0.0
n_8736,0,-1,3,1.3555740587312451e-15,0.0,0.0,0.0
n_8737,0,-1,2,8.549640343767976e-16,0.0,0.0,0.0
n_876,0,-1,1,5.964369792596947e-16,0.0,0.0,0.0
n_8763,0,-1,1,5.481719831339606e-16,0.0,0.0,0.0
n_8764,0,-1,1,4.804919860055331e-16,0.0,0.0,0.0
n_8769,0,-1,1,6.20466986335944e-16,0.0,0.0,0.0
n_877,0,-1,1,4.549309668771216e-16,0.0,0.0,0.0
n_878,0,-1,1,5.954769732931004e-16,0.0,0.0,0.0
n_879,0,-1,1,5.556279906521666e-16,0.0,0.0,0.0
n_8793,0,-1,2,9.947050947950887e-16,0.0,0.0,0.0
n_87959,0,-1,1,3.62321996017612e-16,0.0,0.0,0.0
n_87960,0,-1,27,1.1062264690701266e-14,0.0,0.0,0.0
n_87961,0,-1,1,5.863069946061253e-16,0.0,0.0,0.0
n_87982,0,-1,2,1.009509960163673e-15,0.0,0.0,0.0
n_88,0,-1,1,6.199280086836942e-16,0.0,0.0,0.0
n_880,0,-1,1,4.164989909476055e-16,0.0,0.0,0.0
n_882,0,-1,1,5.964369792596947e-16,0.0,0.0,0.0
n_8823,0,-1,1,5.633400138786802e-16,0.0,0.0,0.0
n_8825,0,-1,1,5.359600444355993e-16,0.0,0.0,0.0
n_8826,0,-1,1,5.026950488936732e-16,0.0,0.0,0.0
n_8828,0,-1,2,9.360249815499157e-16,0.0,0.0,0.0
n_883,0,-1,1,5.954769732931004e-16,0.0,0.0,0.0
n_884,0,-1,1,5.558670127619699e-16,0.0,0.0,0.0
n_8843,0,-1,1,5.863069946061253e-16,0.0,0.0,0.0
n_885,0,-1,1,6.316540151681275e-16,0.0,0.0,0.0
n_8855,0,-1,1,5.355650094448236e-16,0.0,0.0,0.0
n_886,0,-1,1,4.549309668771216e-16,0.0,0.0,0.0
n_8863,0,-1,4,1.745942850879664e-15,0.0,0.0,0.0
n_8866,0,-1,1,4.819459709990543e-16,0.0,0.0,0.0
n_8868,0,-1,1,4.672749897756954e-16,0.0,0.0,0.0
n_8869,0,-1,1,3.385409901580759e-16,0.0,0.0,0.0
n_887,0,-1,1,4.955140094459697e-16,0.0,0.0,0.0
n_8879,0,-1,4,1.5129409218698326e-15,0.0,0.0,0.0
n_888,0,-1,1,3.36682996918494e-16,0.0,0.0,0.0
n_8883,0,-1,1,5.35974020479229e-16,0.0,0.0,0.0
n_8884,0,-1,3,1.3005090821049535e-15,0.0,0.0,0.0
n_889,0,-1,1,6.011460059903958e-16,0.0,0.0,0.0
n_89,0,-1,1,4.431639851738649e-16,0.0,0.0,0.0
n_890,0,-1,1,5.710650072971986e-16,0.0,0.0,0.0
n_8901,0,-1,1,6.011310240951412e-16,0.0,0.0,0.0
n_8905,0,-1,1,1.2051800766935735e-15,0.0,0.0,0.0
n_8907,0,-1,2,6.989640177172826e-16,0.0,0.0,0.0
n_8908,0,-1,2,1.0711300188896472e-15,0.0,0.0,0.0
n_891,0,-1,1,5.954769732931004e-16,0.0,0.0,0.0
n_894,0,-1,2,1.079867057861457e-15,0.0,0.0,0.0
n_8941,0,-1,2,8.928200543719604e-16,0.0,0.0,0.0
n_8945,0,-1,2,6.477790343245669e-16,0.0,0.0,0.0
n_895,0,-1,1,5.964369792596947e-16,0.0,0.0,0.0
n_8957,0,-1,2,9.090420058613011e-16,0.0,0.0,0.0
n_8959,0,-1,2,8.818810473746447e-16,0.0,0.0,0.0
n_8966,0,-1,1,4.743139923860562e-16,0.0,0.0,0.0
n_8983,0,-1,1,5.55618990927102e-16,0.0,0.0,0.0
n_8987,0,-1,2,9.995329708362014e-16,0.0,0.0,0.0
n_8991,0,-1,1,5.334570091369037e-16,0.0,0.0,0.0
n_8992,0,-1,1,4.598619691795626e-16,0.0,0.0,0.0
n_8996,0,-1,1,6.212930022781945e-16,0.0,0.0,0.0
n_9,0,-1,10,5.4087280376593876e-15,0.0,0.0,0.0
n_90,0,-1,1,6.199280086836942e-16,0.0,0.0,0.0
n_9000,0,-1,2,6.73365993836988e-16,0.0,0.0,0.0
n_9002,0,-1,1,4.751459904984968e-16,0.0,0.0,0.0
n_9003,0,-1,1,1.0652799858394354e-15,0.0,0.0,0.0
n_9006,0,-1,1,5.026950488936732e-16,0.0,0.0,0.0
n_901,0,-1,1,5.276680153984534e-16,0.0,0.0,0.0
n_9012,0,-1,6,3.1020269293242746e-15,0.0,0.0,0.0
n_9019,0,-1,2,6.73365993836988e-16,0.0,0.0,0.0
n_9020,0,-1,1,4.60878991051419e-16,0.0,0.0,0.0
n_9021,0,-1,1,5.026950488936732e-16,0.0,0.0,0.0
n_9023,0,-1,2,9.95015955886731e-16,0.0,0.0,0.0
n_9024,0,-1,1,4.443300319048789e-16,0.0,0.0,0.0
n_9025,0,-1,2,9.340700295076528e-16,0.0,0.0,0.0
n_9028,0,-1,2,8.311099983953404e-16,0.0,0.0,0.0
n_9035,0,-1,1,5.954769732931004e-16,0.0,0.0,0.0
n_9042,0,-1,3,2.10158106872917e-15,0.0,0.0,0.0
n_9045,0,-1,2,1.1992039416133392e-15,0.0,0.0,0.0
n_905,0,-1,1,5.436750322774283e-16,0.0,0.0,0.0
n_9050,0,-1,6,2.5739220037437156e-15,0.0,0.0,0.0
n_9056,0,-1,8,3.4520416954369592e-15,0.0,0.0,0.0
n_9059,0,-1,3,1.5534249674629703e-15,0.0,0.0,0.0
n_906,0,-1,1,6.011460059903958e-16,0.0,0.0,0.0
n_9060,0,-1,6,2.4756130305447765e-15,0.0,0.0,0.0
n_9061,0,-1,7,3.1956037412051407e-15,0.0,0.0,0.0
n_908,0,-1,1,4.850940218870841e-16,0.0,0.0,0.0
n_909,0,-1,1,4.545760071326629e-16,0.0,0.0,0.0
n_91,0,-1,1,6.199280086836942e-16,0.0,0.0,0.0
n_910,0,-1,1,6.316540151681275e-16,0.0,0.0,0.0
n_911,0,-1,1,3.36682996918494e-16,0.0,0.0,0.0
n_912,0,-1,1,5.616789822691145e-16,0.0,0.0,0.0
n_914,0,-1,1,3.466820091025942e-16,0.0,0.0,0.0
n_915,0,-1,1,3.466820091025942e-16,0.0,0.0,0.0
n_9156,0,-1,1,6.212930022781945e-16,0.0,0.0,0.0
n_916,0,-1,1,4.0230300991919905e-16,0.0,0.0,0.0
n_9160,0,-1,1,5.863069946061253e-16,0.0,0.0,0.0
n_9161,0,-1,1,6.212930022781945e-16,0.0,0.0,0.0
n_917,0,-1,1,5.536400043249607e-16,0.0,0.0,0.0
n_918,0,-1,1,6.212930022781945e-16,0.0,0.0,0.0
n_919,0,-1,1,6.212930022781945e-16,0.0,0.0,0.0
n_9190,0,-1,1,5.238390029603903e-16,0.0,0.0,0.0
n_9196,0,-1,1,3.616060149491657e-16,0.0,0.0,0.0
n_9198,0,-1,1,3.36682996918494e-16,0.0,0.0,0.0
n_92,0,-1,1,6.199280086836942e-16,0.0,0.0,0.0
n_920,0,-1,1,3.466820091025942e-16,0.0,0.0,0.0
n_9201,0,-1,1,3.4990399008505153e-16,0.0,0.0,0.0
n_921,0,-1,1,6.212930022781945e-16,0.0,0.0,0.0
n_922,0,-1,1,3.466820091025942e-16,0.0,0.0,0.0
n_9220,0,-1,4,2.039142035022319e-15,0.0,0.0,0.0
n_9227,0,-1,1,4.836170081853094e-16,0.0,0.0,0.0
n_9228,0,-1,1,5.467370034421934e-16,0.0,0.0,0.0
n_923,0,-1,1,3.659220183923408e-16,0.0,0.0,0.0
n_924,0,-1,1,6.212930022781945e-16,0.0,0.0,0.0
n_925,0,-1,1,6.212930022781945e-16,0.0,0.0,0.0
n_926,0,-1,1,6.212930022781945e-16,0.0,0.0,0.0
n_927,0,-1,1,6.212930022781945e-16,0.0,0.0,0.0
n_928,0,-1,1,6.212930022781945e-16,0.0,0.0,0.0
n_9286,0,-1,1,1.0713900580044543e-15,0.0,0.0,0.0
n_9287,0,-1,9,5.264558794871969e-15,0.0,0.0,0.0
n_9288,0,-1,1,1.0713900580044543e-15,0.0,0.0,0.0
n_929,0,-1,1,6.212930022781945e-16,0.0,0.0,0.0
n_93,0,-1,1,6.431780042946407e-16,0.0,0.0,0.0
n_930,0,-1,1,6.212930022781945e-16,0.0,0.0,0.0
n_932,0,-1,1,6.066110096265213e-16,0.0,0.0,0.0
n_933,0,-1,1,5.678290238013319e-16,0.0,0.0,0.0
n_9336,0,-1,1,4.740920168143164e-16,0.0,0.0,0.0
n_9338,0,-1,1,5.5913798930647e-16,0.0,0.0,0.0
n_934,0,-1,1,4.12629003290719e-16,0.0,0.0,0.0
n_935,0,-1,1,5.726539881666885e-16,0.0,0.0,0.0
n_9351,0,-1,2,6.954939884301777e-16,0.0,0.0,0.0
n_936,0,-1,1,5.22845962708853e-16,0.0,0.0,0.0
n_9362,0,-1,1,4.740920168143164e-16,0.0,0.0,0.0
n_937,0,-1,1,6.202159998857607e-16,0.0,0.0,0.0
n_9376,0,-1,1,5.205529915810764e-16,0.0,0.0,0.0
n_9384,0,-1,2,1.1953220954951911e-15,0.0,0.0,0.0
n_9385,0,-1,1,6.376100332158646e-16,0.0,0.0,0.0
n_9387,0,-1,1,5.355650094448236e-16,0.0,0.0,0.0
n_939,0,-1,1,5.920609952959422e-16,0.0,0.0,0.0
n_94,0,-1,1,6.199280086836942e-16,0.0,0.0,0.0
n_941,0,-1,1,4.423370163195487e-16,0.0,0.0,0.0
n_9414,0,-1,1,3.720560192381196e-16,0.0,0.0,0.0
n_9416,0,-1,1,3.720560192381196e-16,0.0,0.0,0.0
n_942,0,-1,2,1.626250001531698e-15,0.0,0.0,0.0
n_943,0,-1,1,3.659220183923408e-16,0.0,0.0,0.0
n_944,0,-1,1,5.51569008768924e-16,0.0,0.0,0.0
n_946,0,-1,1,5.454080087479514e-16,0.0,0.0,0.0
n_9463,0,-1,1,5.985569968475538e-16,0.0,0.0,0.0
n_9464,0,-1,1,6.308580159559453e-16,0.0,0.0,0.0
n_9467,0,-1,4,1.6777470636259177e-15,0.0,0.0,0.0
n_9470,0,-1,1,3.4990399008505153e-16,0.0,0.0,0.0
n_9474,0,-1,9,3.828907829494079e-15,0.0,0.0,0.0
n_948,0,-1,11,5.376706804121386e-15,0.0,0.0,0.0
n_9486,0,-1,2,8.915129766552286e-16,0.0,0.0,0.0
n_949,0,-1,5,2.6118951260438363e-15,0.0,0.0,0.0
n_95,0,-1,1,6.199280086836942e-16,0.0,0.0,0.0
n_950,0,-1,9,4.995535201593373e-15,0.0,0.0,0.0
n_951,0,-1,3,2.1501179624309726e-15,0.0,0.0,0.0
n_96,0,-1,1,6.199280086836942e-16,0.0,0.0,0.0
n_962,0,-1,2,1.0703500074243444e-15,0.0,0.0,0.0
n_964,0,-1,2,1.9155830096657294e-15,0.0,0.0,0.0
n_965,0,-1,4,1.5400939394226085e-15,0.0,0.0,0.0
n_966,0,-1,4,1.7042059376784187e-15,0.0,0.0,0.0
n_967,0,-1,4,1.5136889578413765e-15,0.0,0.0,0.0
n_968,0,-1,4,2.8152999239315895e-15,0.0,0.0,0.0
n_97,0,-1,2,1.0630919938575591e-15,0.0,0.0,0.0
n_971,0,-1,1,6.00390981997037e-16,0.0,0.0,0.0
n_9723,0,-1,2,1.0719200888711987e-15,0.0,0.0,0.0
n_9724,0,-1,2,7.232120298983314e-16,0.0,0.0,0.0
n_9725,0,-1,2,7.174190127533816e-16,0.0,0.0,0.0
n_9726,0,-1,1,4.751459904984968e-16,0.0,0.0,0.0
n_9728,0,-1,1,5.026950488936732e-16,0.0,0.0,0.0
n_9729,0,-1,1,6.212930022781945e-16,0.0,0.0,0.0
n_973,0,-1,1,5.996019708066696e-16,0.0,0.0,0.0
n_9730,0,-1,2,7.174190127533816e-16,0.0,0.0,0.0
n_9731,0,-1,1,4.751459904984968e-16,0.0,0.0,0.0
n_9732,0,-1,1,5.026950488936732e-16,0.0,0.0,0.0
n_9733,0,-1,1,6.212930022781945e-16,0.0,0.0,0.0
n_9738,0,-1,2,6.954939884301777e-16,0.0,0.0,0.0
n_974,0,-1,3,1.2066460789670339e-15,0.0,0.0,0.0
n_9743,0,-1,1,5.83877968811196e-16,0.0,0.0,0.0
n_9746,0,-1,1,5.863069946061253e-16,0.0,0.0,0.0
n_975,0,-1,3,9.85454012703414e-16,0.0,0.0,0.0
n_976,0,-1,1,4.423370163195487e-16,0.0,0.0,0.0
n_977,0,-1,3,1.3163130228348243e-15,0.0,0.0,0.0
n_978,0,-1,2,1.4118029645061826e-15,0.0,0.0,0.0
n_9789,0,-1,3,1.5952139731904716e-15,0.0,0.0,0.0
n_979,0,-1,3,1.705187013589576e-15,0.0,0.0,0.0
n_98,0,-1,1,4.431639851738649e-16,0.0,0.0,0.0
n_980,0,-1,2,8.846740326390974e-16,0.0,0.0,0.0
n_981,0,-1,2,7.999590912106426e-16,0.0,0.0,0.0
n_982,0,-1,1,5.51569008768924e-16,0.0,0.0,0.0
n_983,0,-1,2,8.729139860180963e-16,0.0,0.0,0.0
n_9836,0,-1,2,1.4705478757718205e-15,0.0,0.0,0.0
n_9838,0,-1,1,1.1266100416600935e-15,0.0,0.0,0.0
n_9839,0,-1,1,1.0713900580044543e-15,0.0,0.0,0.0
n_984,0,-1,2,1.4397179940741321e-15,0.0,0.0,0.0
n_9841,0,-1,2,1.617033965428216e-15,0.0,0.0,0.0
n_9843,0,-1,3,1.415604977769052e-15,0.0,0.0,0.0
n_9844,0,-1,1,6.311820060582701e-16,0.0,0.0,0.0
n_9846,0,-1,1,5.463870200162998e-16,0.0,0.0,0.0
n_9847,0,-1,9,3.897294728556549e-15,0.0,0.0,0.0
n_9848,0,-1,2,1.3348279983915008e-15,0.0,0.0,0.0
n_9849,0,-1,2,1.5726439332779335e-15,0.0,0.0,0.0
n_985,0,-1,2,2.2106600658524473e-15,0.0,0.0,0.0
n_9850,0,-1,2,1.0343680478249817e-15,0.0,0.0,0.0
n_9851,0,-1,2,8.846740326390974e-16,0.0,0.0,0.0
n_9852,0,-1,2,9.685409882082322e-16,0.0,0.0,0.0
n_9857,0,-1,1,1.909670084419184e-15,0.0,0.0,0.0
n_9876,0,-1,1,6.376119919795551e-16,0.0,0.0,0.0
n_9877,0,-1,1,1.3733700091948212e-15,0.0,0.0,0.0
n_988,0,-1,2,7.798469820923589e-16,0.0,0.0,0.0
n_9880,0,-1,1,1.3596200174829237e-15,0.0,0.0,0.0
n_9881,0,-1,1,5.633400138786802e-16,0.0,0.0,0.0
n_989,0,-1,1,1.6396600153943913e-15,0.0,0.0,0.0
n_9899,0,-1,1,6.212930022781945e-16,0.0,0.0,0.0
n_99,0,-1,1,6.199280086836942e-16,0.0,0.0,0.0
n_990,0,-1,2,8.846740326390974e-16,0.0,0.0,0.0
n_9900,0,-1,1,6.212930022781945e-16,0.0,0.0,0.0
n_991,0,-1,2,1.1351669802514932e-15,0.0,0.0,0.0
n_9919,0,-1,1,3.712599935561578e-16,0.0,0.0,0.0
n_992,0,-1,2,8.846740326390974e-16,0.0,0.0,0.0
n_9920,0,-1,6,3.144351895149151e-15,0.0,0.0,0.0
n_993,0,-1,2,8.821679797855271e-16,0.0,0.0,0.0
n_9936,0,-1,2,9.146209883683916e-16,0.0,0.0,0.0
n_9938,0,-1,5,2.410066021196213e-15,0.0,0.0,0.0
n_994,0,-1,2,6.245510086306898e-16,0.0,0.0,0.0
n_995,0,-1,1,3.466820091025942e-16,0.0,0.0,0.0
n_996,0,-1,2,8.846740326390974e-16,0.0,0.0,0.0
n_998,0,-1,2,8.846740326390974e-16,0.0,0.0,0.0
n_999,0,-1,2,8.846740326390974e-16,0.0,0.0,0.0
out_bckp_ad_out[0],0,-1,3,1.9744149535666977e-15,0.0,0.0,0.0
out_bckp_cbe_en_out,0,-1,5,2.57082419249737e-15,0.0,0.0,0.0
out_bckp_cbe_out[0],0,-1,3,1.3804100176568069e-15,0.0,0.0,0.0
out_bckp_cbe_out[1],0,-1,3,1.5362670445669135e-15,0.0,0.0,0.0
out_bckp_cbe_out[2],0,-1,3,1.2084049428820074e-15,0.0,0.0,0.0
out_bckp_cbe_out[3],0,-1,3,1.410244000366761e-15,0.0,0.0,0.0
out_bckp_devsel_out,0,-1,3,1.0906799628287501e-15,0.0,0.0,0.0
out_bckp_frame_en_out,0,-1,2,6.664130180103326e-16,0.0,0.0,0.0
out_bckp_frame_out,0,-1,7,3.2855901921808326e-15,0.0,0.0,0.0
out_bckp_irdy_en_out,0,-1,3,1.386751012179071e-15,0.0,0.0,0.0
out_bckp_irdy_out,0,-1,1,4.740920168143164e-16,0.0,0.0,0.0
out_bckp_par_en_out,0,-1,2,8.404269902382233e-16,0.0,0.0,0.0
out_bckp_par_out,0,-1,1,3.659220183923408e-16,0.0,0.0,0.0
out_bckp_perr_en_out,0,-1,2,8.801109602731201e-16,0.0,0.0,0.0
out_bckp_perr_out,0,-1,2,6.124059855351616e-16,0.0,0.0,0.0
out_bckp_serr_en_out,0,-1,1,4.423370163195487e-16,0.0,0.0,0.0
out_bckp_serr_out,0,-1,1,3.466820091025942e-16,0.0,0.0,0.0
out_bckp_stop_out,0,-1,3,1.0532529650213716e-15,0.0,0.0,0.0
out_bckp_tar_ad_en_out,0,-1,1,6.771590073747927e-16,0.0,0.0,0.0
out_bckp_trdy_en_out,0,-1,2,1.0357240416944175e-15,0.0,0.0,0.0
out_bckp_trdy_out,0,-1,4,1.6620570488274527e-15,0.0,0.0,0.0
output_backup_mas_ad_en_out_276,0,-1,1,3.385409901580759e-16,0.0,0.0,0.0
parity_checker_check_for_serr_on_second,0,-1,1,5.067170260250327e-16,0.0,0.0,0.0
parity_checker_check_perr,0,-1,1,5.50993026364791e-16,0.0,0.0,0.0
parity_checker_frame_and_irdy_en_prev,0,-1,1,2.7572301508644724e-16,0.0,0.0,0.0
parity_checker_frame_and_irdy_en_prev_prev,0,-1,1,2.7572301508644724e-16,0.0,0.0,0.0
parity_checker_frame_dec2,0,-1,1,4.8332599942836835e-16,0.0,0.0,0.0
parity_checker_master_perr_report,0,-1,1,3.659220183923408e-16,0.0,0.0,0.0
parity_checker_pci_perr_en_reg,0,-1,3,1.3193240132040765e-15,0.0,0.0,0.0
parity_checker_perr_sampled,0,-1,1,5.56025037346192e-16,0.0,0.0,0.0
pci_ad_i[0],0,-1,1,4.025770250776358e-16,0.0,0.0,0.0
pci_ad_i[10],0,-1,1,4.025770250776358e-16,0.0,0.0,0.0
pci_ad_i[11],0,-1,1,4.025770250776358e-16,0.0,0.0,0.0
pci_ad_i[12],0,-1,1,4.025770250776358e-16,0.0,0.0,0.0
pci_ad_i[13],0,-1,1,4.025770250776358e-16,0.0,0.0,0.0
pci_ad_i[14],0,-1,1,4.025770250776358e-16,0.0,0.0,0.0
pci_ad_i[15],0,-1,1,4.025770250776358e-16,0.0,0.0,0.0
pci_ad_i[16],0,-1,1,4.025770250776358e-16,0.0,0.0,0.0
pci_ad_i[17],0,-1,1,4.025770250776358e-16,0.0,0.0,0.0
pci_ad_i[18],0,-1,1,4.025770250776358e-16,0.0,0.0,0.0
pci_ad_i[19],0,-1,1,4.025770250776358e-16,0.0,0.0,0.0
pci_ad_i[1],0,-1,1,4.025770250776358e-16,0.0,0.0,0.0
pci_ad_i[20],0,-1,1,4.025770250776358e-16,0.0,0.0,0.0
pci_ad_i[21],0,-1,1,4.025770250776358e-16,0.0,0.0,0.0
pci_ad_i[22],0,-1,1,4.025770250776358e-16,0.0,0.0,0.0
pci_ad_i[23],0,-1,1,4.025770250776358e-16,0.0,0.0,0.0
pci_ad_i[24],0,-1,1,4.025770250776358e-16,0.0,0.0,0.0
pci_ad_i[25],0,-1,1,4.025770250776358e-16,0.0,0.0,0.0
pci_ad_i[26],0,-1,1,4.025770250776358e-16,0.0,0.0,0.0
pci_ad_i[27],0,-1,1,4.025770250776358e-16,0.0,0.0,0.0
pci_ad_i[28],0,-1,1,4.025770250776358e-16,0.0,0.0,0.0
pci_ad_i[29],0,-1,1,4.025770250776358e-16,0.0,0.0,0.0
pci_ad_i[2],0,-1,1,4.025770250776358e-16,0.0,0.0,0.0
pci_ad_i[30],0,-1,1,4.025770250776358e-16,0.0,0.0,0.0
pci_ad_i[31],0,-1,1,4.025770250776358e-16,0.0,0.0,0.0
pci_ad_i[3],0,-1,1,4.025770250776358e-16,0.0,0.0,0.0
pci_ad_i[4],0,-1,1,4.025770250776358e-16,0.0,0.0,0.0
pci_ad_i[5],0,-1,1,4.025770250776358e-16,0.0,0.0,0.0
pci_ad_i[6],0,-1,1,4.025770250776358e-16,0.0,0.0,0.0
pci_ad_i[7],0,-1,1,4.025770250776358e-16,0.0,0.0,0.0
pci_ad_i[8],0,-1,1,4.025770250776358e-16,0.0,0.0,0.0
pci_ad_i[9],0,-1,1,4.025770250776358e-16,0.0,0.0,0.0
pci_ad_o[0],0,-1,1,0.0,0.0,0.0,0.0
pci_ad_o[10],0,-1,1,0.0,0.0,0.0,0.0
pci_ad_o[11],0,-1,1,0.0,0.0,0.0,0.0
pci_ad_o[12],0,-1,1,0.0,0.0,0.0,0.0
pci_ad_o[13],0,-1,1,0.0,0.0,0.0,0.0
pci_ad_o[14],0,-1,1,0.0,0.0,0.0,0.0
pci_ad_o[15],0,-1,1,0.0,0.0,0.0,0.0
pci_ad_o[16],0,-1,1,0.0,0.0,0.0,0.0
pci_ad_o[17],0,-1,1,0.0,0.0,0.0,0.0
pci_ad_o[18],0,-1,1,0.0,0.0,0.0,0.0
pci_ad_o[19],0,-1,1,0.0,0.0,0.0,0.0
pci_ad_o[1],0,-1,1,0.0,0.0,0.0,0.0
pci_ad_o[20],0,-1,1,0.0,0.0,0.0,0.0
pci_ad_o[21],0,-1,1,0.0,0.0,0.0,0.0
pci_ad_o[22],0,-1,1,0.0,0.0,0.0,0.0
pci_ad_o[23],0,-1,1,0.0,0.0,0.0,0.0
pci_ad_o[24],0,-1,1,0.0,0.0,0.0,0.0
pci_ad_o[25],0,-1,1,0.0,0.0,0.0,0.0
pci_ad_o[26],0,-1,1,0.0,0.0,0.0,0.0
pci_ad_o[27],0,-1,1,0.0,0.0,0.0,0.0
pci_ad_o[28],0,-1,1,0.0,0.0,0.0,0.0
pci_ad_o[29],0,-1,1,0.0,0.0,0.0,0.0
pci_ad_o[2],0,-1,1,0.0,0.0,0.0,0.0
pci_ad_o[30],0,-1,1,0.0,0.0,0.0,0.0
pci_ad_o[31],0,-1,1,0.0,0.0,0.0,0.0
pci_ad_o[3],0,-1,1,0.0,0.0,0.0,0.0
pci_ad_o[4],0,-1,1,0.0,0.0,0.0,0.0
pci_ad_o[5],0,-1,1,0.0,0.0,0.0,0.0
pci_ad_o[6],0,-1,1,0.0,0.0,0.0,0.0
pci_ad_o[7],0,-1,1,0.0,0.0,0.0,0.0
pci_ad_o[8],0,-1,1,0.0,0.0,0.0,0.0
pci_ad_o[9],0,-1,1,0.0,0.0,0.0,0.0
pci_ad_oe_o[0],0,-1,1,0.0,0.0,0.0,0.0
pci_ad_oe_o[10],0,-1,1,0.0,0.0,0.0,0.0
pci_ad_oe_o[11],0,-1,1,0.0,0.0,0.0,0.0
pci_ad_oe_o[12],0,-1,1,0.0,0.0,0.0,0.0
pci_ad_oe_o[13],0,-1,1,0.0,0.0,0.0,0.0
pci_ad_oe_o[14],0,-1,1,0.0,0.0,0.0,0.0
pci_ad_oe_o[15],0,-1,1,0.0,0.0,0.0,0.0
pci_ad_oe_o[16],0,-1,1,0.0,0.0,0.0,0.0
pci_ad_oe_o[17],0,-1,1,0.0,0.0,0.0,0.0
pci_ad_oe_o[18],0,-1,1,0.0,0.0,0.0,0.0
pci_ad_oe_o[19],0,-1,1,0.0,0.0,0.0,0.0
pci_ad_oe_o[1],0,-1,1,0.0,0.0,0.0,0.0
pci_ad_oe_o[20],0,-1,1,0.0,0.0,0.0,0.0
pci_ad_oe_o[21],0,-1,1,0.0,0.0,0.0,0.0
pci_ad_oe_o[22],0,-1,1,0.0,0.0,0.0,0.0
pci_ad_oe_o[23],0,-1,1,0.0,0.0,0.0,0.0
pci_ad_oe_o[24],0,-1,1,0.0,0.0,0.0,0.0
pci_ad_oe_o[25],0,-1,1,0.0,0.0,0.0,0.0
pci_ad_oe_o[26],0,-1,1,0.0,0.0,0.0,0.0
pci_ad_oe_o[27],0,-1,1,0.0,0.0,0.0,0.0
pci_ad_oe_o[28],0,-1,1,0.0,0.0,0.0,0.0
pci_ad_oe_o[29],0,-1,1,0.0,0.0,0.0,0.0
pci_ad_oe_o[2],0,-1,1,0.0,0.0,0.0,0.0
pci_ad_oe_o[30],0,-1,1,0.0,0.0,0.0,0.0
pci_ad_oe_o[31],0,-1,1,0.0,0.0,0.0,0.0
pci_ad_oe_o[3],0,-1,1,0.0,0.0,0.0,0.0
pci_ad_oe_o[4],0,-1,1,0.0,0.0,0.0,0.0
pci_ad_oe_o[5],0,-1,1,0.0,0.0,0.0,0.0
pci_ad_oe_o[6],0,-1,1,0.0,0.0,0.0,0.0
pci_ad_oe_o[7],0,-1,1,0.0,0.0,0.0,0.0
pci_ad_oe_o[8],0,-1,1,0.0,0.0,0.0,0.0
pci_ad_oe_o[9],0,-1,1,0.0,0.0,0.0,0.0
pci_cbe_i[0],0,-1,1,3.659220183923408e-16,0.0,0.0,0.0
pci_cbe_i[1],0,-1,1,5.362309890996023e-16,0.0,0.0,0.0
pci_cbe_i[2],0,-1,1,3.659220183923408e-16,0.0,0.0,0.0
pci_cbe_i[3],0,-1,1,5.362309890996023e-16,0.0,0.0,0.0
pci_cbe_o[0],0,-1,1,0.0,0.0,0.0,0.0
pci_cbe_o[1],0,-1,1,0.0,0.0,0.0,0.0
pci_cbe_o[2],0,-1,1,0.0,0.0,0.0,0.0
pci_cbe_o[3],0,-1,1,0.0,0.0,0.0,0.0
pci_cbe_oe_o[0],0,-1,1,0.0,0.0,0.0,0.0
pci_cbe_oe_o[1],0,-1,1,0.0,0.0,0.0,0.0
pci_cbe_oe_o[2],0,-1,1,0.0,0.0,0.0,0.0
pci_cbe_oe_o[3],0,-1,1,0.0,0.0,0.0,0.0
pci_clk_i,0,-1,3313,1.615968318359473e-12,0.0,0.0,0.0
pci_devsel_i,0,-1,1,3.659220183923408e-16,0.0,0.0,0.0
pci_devsel_o,0,-1,1,0.0,0.0,0.0,0.0
pci_devsel_oe_o,0,-1,1,0.0,0.0,0.0,0.0
pci_frame_i,0,-1,1,5.620229835248181e-16,0.0,0.0,0.0
pci_frame_o,0,-1,1,0.0,0.0,0.0,0.0
pci_frame_oe_o,0,-1,1,0.0,0.0,0.0,0.0
pci_gnt_i,0,-1,3,1.3708479685943715e-15,0.0,0.0,0.0
pci_idsel_i,0,-1,1,4.025770250776358e-16,0.0,0.0,0.0
pci_inta_i,0,-1,0,0.0,0.0,0.0,0.0
pci_inta_oe_o,0,-1,1,0.0,0.0,0.0,0.0
pci_into_pci_intan_en_out,0,-1,2,7.484680112866129e-16,0.0,0.0,0.0
pci_io_mux_ad_en_high_gen_n_5,0,-1,7,3.474761024906451e-15,0.0,0.0,0.0
pci_irdy_i,0,-1,1,2.7572301508644724e-16,0.0,0.0,0.0
pci_irdy_o,0,-1,1,0.0,0.0,0.0,0.0
pci_irdy_oe_o,0,-1,1,0.0,0.0,0.0,0.0
pci_mux_ad_en_out[0],0,-1,1,3.2466201121017935e-16,0.0,0.0,0.0
pci_mux_ad_en_out[10],0,-1,1,3.2466201121017935e-16,0.0,0.0,0.0
pci_mux_ad_en_out[11],0,-1,1,3.2466201121017935e-16,0.0,0.0,0.0
pci_mux_ad_en_out[12],0,-1,1,3.2466201121017935e-16,0.0,0.0,0.0
pci_mux_ad_en_out[13],0,-1,1,3.2466201121017935e-16,0.0,0.0,0.0
pci_mux_ad_en_out[14],0,-1,1,3.2466201121017935e-16,0.0,0.0,0.0
pci_mux_ad_en_out[15],0,-1,1,3.2466201121017935e-16,0.0,0.0,0.0
pci_mux_ad_en_out[16],0,-1,1,3.2466201121017935e-16,0.0,0.0,0.0
pci_mux_ad_en_out[17],0,-1,1,3.2466201121017935e-16,0.0,0.0,0.0
pci_mux_ad_en_out[18],0,-1,1,3.2466201121017935e-16,0.0,0.0,0.0
pci_mux_ad_en_out[19],0,-1,1,3.2466201121017935e-16,0.0,0.0,0.0
pci_mux_ad_en_out[1],0,-1,1,3.2466201121017935e-16,0.0,0.0,0.0
pci_mux_ad_en_out[20],0,-1,1,3.2466201121017935e-16,0.0,0.0,0.0
pci_mux_ad_en_out[21],0,-1,1,3.2466201121017935e-16,0.0,0.0,0.0
pci_mux_ad_en_out[22],0,-1,1,3.2466201121017935e-16,0.0,0.0,0.0
pci_mux_ad_en_out[23],0,-1,1,3.2466201121017935e-16,0.0,0.0,0.0
pci_mux_ad_en_out[24],0,-1,1,3.2466201121017935e-16,0.0,0.0,0.0
pci_mux_ad_en_out[25],0,-1,1,3.2466201121017935e-16,0.0,0.0,0.0
pci_mux_ad_en_out[26],0,-1,1,3.2466201121017935e-16,0.0,0.0,0.0
pci_mux_ad_en_out[27],0,-1,1,3.2466201121017935e-16,0.0,0.0,0.0
pci_mux_ad_en_out[28],0,-1,1,3.2466201121017935e-16,0.0,0.0,0.0
pci_mux_ad_en_out[29],0,-1,1,3.2466201121017935e-16,0.0,0.0,0.0
pci_mux_ad_en_out[2],0,-1,1,3.2466201121017935e-16,0.0,0.0,0.0
pci_mux_ad_en_out[30],0,-1,1,3.2466201121017935e-16,0.0,0.0,0.0
pci_mux_ad_en_out[31],0,-1,1,3.2466201121017935e-16,0.0,0.0,0.0
pci_mux_ad_en_out[3],0,-1,1,3.2466201121017935e-16,0.0,0.0,0.0
pci_mux_ad_en_out[4],0,-1,1,3.2466201121017935e-16,0.0,0.0,0.0
pci_mux_ad_en_out[5],0,-1,1,3.2466201121017935e-16,0.0,0.0,0.0
pci_mux_ad_en_out[6],0,-1,1,3.2466201121017935e-16,0.0,0.0,0.0
pci_mux_ad_en_out[7],0,-1,1,3.2466201121017935e-16,0.0,0.0,0.0
pci_mux_ad_en_out[8],0,-1,1,3.2466201121017935e-16,0.0,0.0,0.0
pci_mux_ad_en_out[9],0,-1,1,3.2466201121017935e-16,0.0,0.0,0.0
pci_mux_ad_out[0],0,-1,2,8.079880106385477e-16,0.0,0.0,0.0
pci_mux_ad_out[10],0,-1,2,8.000320419232249e-16,0.0,0.0,0.0
pci_mux_ad_out[11],0,-1,2,8.409420392097131e-16,0.0,0.0,0.0
pci_mux_ad_out[12],0,-1,2,6.533890394133505e-16,0.0,0.0,0.0
pci_mux_ad_out[13],0,-1,2,8.727310798410486e-16,0.0,0.0,0.0
pci_mux_ad_out[14],0,-1,2,8.727310798410486e-16,0.0,0.0,0.0
pci_mux_ad_out[15],0,-1,2,8.708700425768125e-16,0.0,0.0,0.0
pci_mux_ad_out[16],0,-1,2,6.533890394133505e-16,0.0,0.0,0.0
pci_mux_ad_out[17],0,-1,2,8.409420392097131e-16,0.0,0.0,0.0
pci_mux_ad_out[18],0,-1,2,8.522709990001209e-16,0.0,0.0,0.0
pci_mux_ad_out[19],0,-1,2,8.12219999001267e-16,0.0,0.0,0.0
pci_mux_ad_out[1],0,-1,2,8.60227020655003e-16,0.0,0.0,0.0
pci_mux_ad_out[20],0,-1,2,8.000320419232249e-16,0.0,0.0,0.0
pci_mux_ad_out[21],0,-1,2,8.522709990001209e-16,0.0,0.0,0.0
pci_mux_ad_out[22],0,-1,2,8.522709990001209e-16,0.0,0.0,0.0
pci_mux_ad_out[23],0,-1,2,8.964090388485953e-16,0.0,0.0,0.0
pci_mux_ad_out[24],0,-1,2,8.000320419232249e-16,0.0,0.0,0.0
pci_mux_ad_out[25],0,-1,2,8.326799739630762e-16,0.0,0.0,0.0
pci_mux_ad_out[26],0,-1,2,8.522709990001209e-16,0.0,0.0,0.0
pci_mux_ad_out[27],0,-1,2,6.533890394133505e-16,0.0,0.0,0.0
pci_mux_ad_out[28],0,-1,2,8.000320419232249e-16,0.0,0.0,0.0
pci_mux_ad_out[29],0,-1,2,8.522709990001209e-16,0.0,0.0,0.0
pci_mux_ad_out[2],0,-1,2,8.60227020655003e-16,0.0,0.0,0.0
pci_mux_ad_out[30],0,-1,2,8.000320419232249e-16,0.0,0.0,0.0
pci_mux_ad_out[31],0,-1,2,8.079880106385477e-16,0.0,0.0,0.0
pci_mux_ad_out[3],0,-1,2,8.708700425768125e-16,0.0,0.0,0.0
pci_mux_ad_out[4],0,-1,2,8.522709990001209e-16,0.0,0.0,0.0
pci_mux_ad_out[5],0,-1,2,8.708700425768125e-16,0.0,0.0,0.0
pci_mux_ad_out[6],0,-1,2,8.522709990001209e-16,0.0,0.0,0.0
pci_mux_ad_out[7],0,-1,2,8.000320419232249e-16,0.0,0.0,0.0
pci_mux_ad_out[8],0,-1,2,7.712370510021965e-16,0.0,0.0,0.0
pci_mux_ad_out[9],0,-1,2,8.409420392097131e-16,0.0,0.0,0.0
pci_mux_cbe_en_out[0],0,-1,1,3.167060160250769e-16,0.0,0.0,0.0
pci_mux_cbe_en_out[1],0,-1,1,3.167060160250769e-16,0.0,0.0,0.0
pci_mux_cbe_en_out[2],0,-1,1,3.167060160250769e-16,0.0,0.0,0.0
pci_mux_cbe_en_out[3],0,-1,1,3.2466201121017935e-16,0.0,0.0,0.0
pci_mux_cbe_out[0],0,-1,2,9.213859228807564e-16,0.0,0.0,0.0
pci_mux_cbe_out[1],0,-1,2,9.055590063821914e-16,0.0,0.0,0.0
pci_mux_cbe_out[2],0,-1,2,7.870570324185059e-16,0.0,0.0,0.0
pci_mux_cbe_out[3],0,-1,2,9.055590063821914e-16,0.0,0.0,0.0
pci_mux_devsel_en_out,0,-1,1,2.837400231135316e-16,0.0,0.0,0.0
pci_mux_devsel_out,0,-1,1,2.837400231135316e-16,0.0,0.0,0.0
pci_mux_frame_en_out,0,-1,1,2.7572301508644724e-16,0.0,0.0,0.0
pci_mux_frame_out,0,-1,2,8.186660256089906e-16,0.0,0.0,0.0
pci_mux_irdy_en_out,0,-1,1,2.7572301508644724e-16,0.0,0.0,0.0
pci_mux_irdy_out,0,-1,1,2.7572301508644724e-16,0.0,0.0,0.0
pci_mux_par_en_out,0,-1,1,2.837400231135316e-16,0.0,0.0,0.0
pci_mux_par_out,0,-1,1,3.2466201121017935e-16,0.0,0.0,0.0
pci_mux_perr_en_out,0,-1,1,3.2466201121017935e-16,0.0,0.0,0.0
pci_mux_perr_out,0,-1,1,3.2466201121017935e-16,0.0,0.0,0.0
pci_mux_req_en_out,0,-1,1,2.7572301508644724e-16,0.0,0.0,0.0
pci_mux_req_out,0,-1,1,2.837400231135316e-16,0.0,0.0,0.0
pci_mux_serr_en_out,0,-1,1,3.167060160250769e-16,0.0,0.0,0.0
pci_mux_serr_out,0,-1,1,3.2466201121017935e-16,0.0,0.0,0.0
pci_mux_stop_en_out,0,-1,1,2.837400231135316e-16,0.0,0.0,0.0
pci_mux_stop_out,0,-1,1,3.2466201121017935e-16,0.0,0.0,0.0
pci_mux_trdy_en_out,0,-1,1,2.837400231135316e-16,0.0,0.0,0.0
pci_mux_trdy_out,0,-1,1,3.2466201121017935e-16,0.0,0.0,0.0
pci_par_i,0,-1,1,4.025770250776358e-16,0.0,0.0,0.0
pci_par_o,0,-1,1,0.0,0.0,0.0,0.0
pci_par_oe_o,0,-1,1,0.0,0.0,0.0,0.0
pci_perr_i,0,-1,1,3.385409901580759e-16,0.0,0.0,0.0
pci_perr_o,0,-1,1,0.0,0.0,0.0,0.0
pci_perr_oe_o,0,-1,1,0.0,0.0,0.0,0.0
pci_req_o,0,-1,1,0.0,0.0,0.0,0.0
pci_req_oe_o,0,-1,1,0.0,0.0,0.0,0.0
pci_reso_rst_o,0,-1,1,4.431639851738649e-16,0.0,0.0,0.0
pci_rst_i,0,-1,1450,1.577634615827772e-12,0.0,0.0,0.0
pci_serr_o,0,-1,1,0.0,0.0,0.0,0.0
pci_serr_oe_o,0,-1,1,0.0,0.0,0.0,0.0
pci_stop_i,0,-1,1,3.907249959725188e-16,0.0,0.0,0.0
pci_stop_o,0,-1,1,0.0,0.0,0.0,0.0
pci_stop_oe_o,0,-1,1,0.0,0.0,0.0,0.0
pci_target_unit_del_sync_addr_in[10],0,-1,3,1.1987350029979155e-15,0.0,0.0,0.0
pci_target_unit_del_sync_addr_in[11],0,-1,3,1.1987350029979155e-15,0.0,0.0,0.0
pci_target_unit_del_sync_addr_in[12],0,-1,3,1.1987350029979155e-15,0.0,0.0,0.0
pci_target_unit_del_sync_addr_in[13],0,-1,3,1.1987350029979155e-15,0.0,0.0,0.0
pci_target_unit_del_sync_addr_in[14],0,-1,3,1.1987350029979155e-15,0.0,0.0,0.0
pci_target_unit_del_sync_addr_in[15],0,-1,3,1.1987350029979155e-15,0.0,0.0,0.0
pci_target_unit_del_sync_addr_in[16],0,-1,3,1.1987350029979155e-15,0.0,0.0,0.0
pci_target_unit_del_sync_addr_in[17],0,-1,3,1.1987350029979155e-15,0.0,0.0,0.0
pci_target_unit_del_sync_addr_in[18],0,-1,3,1.1987350029979155e-15,0.0,0.0,0.0
pci_target_unit_del_sync_addr_in[19],0,-1,3,1.1987350029979155e-15,0.0,0.0,0.0
pci_target_unit_del_sync_addr_in[1],0,-1,3,1.2613940535128156e-15,0.0,0.0,0.0
pci_target_unit_del_sync_addr_in[20],0,-1,3,1.1987350029979155e-15,0.0,0.0,0.0
pci_target_unit_del_sync_addr_in[21],0,-1,3,1.1987350029979155e-15,0.0,0.0,0.0
pci_target_unit_del_sync_addr_in[22],0,-1,3,1.1987350029979155e-15,0.0,0.0,0.0
pci_target_unit_del_sync_addr_in[23],0,-1,3,1.1987350029979155e-15,0.0,0.0,0.0
pci_target_unit_del_sync_addr_in[24],0,-1,3,1.1987350029979155e-15,0.0,0.0,0.0
pci_target_unit_del_sync_addr_in[25],0,-1,3,1.1987350029979155e-15,0.0,0.0,0.0
pci_target_unit_del_sync_addr_in[26],0,-1,3,1.1987350029979155e-15,0.0,0.0,0.0
pci_target_unit_del_sync_addr_in[27],0,-1,3,1.1987350029979155e-15,0.0,0.0,0.0
pci_target_unit_del_sync_addr_in[28],0,-1,3,1.1987350029979155e-15,0.0,0.0,0.0
pci_target_unit_del_sync_addr_in[29],0,-1,3,1.1987350029979155e-15,0.0,0.0,0.0
pci_target_unit_del_sync_addr_in[2],0,-1,3,1.1918710715098403e-15,0.0,0.0,0.0
pci_target_unit_del_sync_addr_in[30],0,-1,3,1.1987350029979155e-15,0.0,0.0,0.0
pci_target_unit_del_sync_addr_in[31],0,-1,3,1.1987350029979155e-15,0.0,0.0,0.0
pci_target_unit_del_sync_addr_in[3],0,-1,3,1.1918710715098403e-15,0.0,0.0,0.0
pci_target_unit_del_sync_addr_in[4],0,-1,3,1.1918710715098403e-15,0.0,0.0,0.0
pci_target_unit_del_sync_addr_in[5],0,-1,3,1.1918710715098403e-15,0.0,0.0,0.0
pci_target_unit_del_sync_addr_in[6],0,-1,3,1.1918710715098403e-15,0.0,0.0,0.0
pci_target_unit_del_sync_addr_in[7],0,-1,3,1.1918710715098403e-15,0.0,0.0,0.0
pci_target_unit_del_sync_addr_in[8],0,-1,3,1.1918710715098403e-15,0.0,0.0,0.0
pci_target_unit_del_sync_addr_in[9],0,-1,3,1.1918710715098403e-15,0.0,0.0,0.0
pci_target_unit_del_sync_addr_out[0],0,-1,3,1.1460340953274107e-15,0.0,0.0,0.0
pci_target_unit_del_sync_bc_in[1],0,-1,4,1.4744579916145832e-15,0.0,0.0,0.0
pci_target_unit_del_sync_bc_in[2],0,-1,5,2.090759164036812e-15,0.0,0.0,0.0
pci_target_unit_del_sync_bc_in[3],0,-1,5,2.139934085306134e-15,0.0,0.0,0.0
pci_target_unit_del_sync_bc_out[0],0,-1,2,7.760099757808561e-16,0.0,0.0,0.0
pci_target_unit_del_sync_be_out[0],0,-1,2,6.995290416326604e-16,0.0,0.0,0.0
pci_target_unit_del_sync_burst_out,0,-1,3,1.2164890253306025e-15,0.0,0.0,0.0
pci_target_unit_del_sync_comp_cycle_count[0],0,-1,3,1.5520030109027671e-15,0.0,0.0,0.0
pci_target_unit_del_sync_comp_cycle_count[10],0,-1,3,1.5014131210950568e-15,0.0,0.0,0.0
pci_target_unit_del_sync_comp_cycle_count[11],0,-1,2,1.4714050731144419e-15,0.0,0.0,0.0
pci_target_unit_del_sync_comp_cycle_count[12],0,-1,4,1.7880590230830423e-15,0.0,0.0,0.0
pci_target_unit_del_sync_comp_cycle_count[13],0,-1,3,1.7525820009993615e-15,0.0,0.0,0.0
pci_target_unit_del_sync_comp_cycle_count[14],0,-1,3,1.4987330029708258e-15,0.0,0.0,0.0
pci_target_unit_del_sync_comp_cycle_count[15],0,-1,2,1.4583760123197762e-15,0.0,0.0,0.0
pci_target_unit_del_sync_comp_cycle_count[16],0,-1,3,9.621849588511543e-16,0.0,0.0,0.0
pci_target_unit_del_sync_comp_cycle_count[1],0,-1,2,1.0519329700521942e-15,0.0,0.0,0.0
pci_target_unit_del_sync_comp_cycle_count[2],0,-1,3,1.1610549540975448e-15,0.0,0.0,0.0
pci_target_unit_del_sync_comp_cycle_count[3],0,-1,2,1.2956020084832725e-15,0.0,0.0,0.0
pci_target_unit_del_sync_comp_cycle_count[4],0,-1,4,1.6382030128459955e-15,0.0,0.0,0.0
pci_target_unit_del_sync_comp_cycle_count[5],0,-1,3,1.7537870112459492e-15,0.0,0.0,0.0
pci_target_unit_del_sync_comp_cycle_count[6],0,-1,3,1.2951140116265357e-15,0.0,0.0,0.0
pci_target_unit_del_sync_comp_cycle_count[7],0,-1,2,1.482954049712899e-15,0.0,0.0,0.0
pci_target_unit_del_sync_comp_cycle_count[8],0,-1,3,1.5429619929820115e-15,0.0,0.0,0.0
pci_target_unit_del_sync_comp_cycle_count[9],0,-1,2,7.806149762777225e-16,0.0,0.0,0.0
pci_target_unit_del_sync_comp_done_reg_clr,0,-1,1,2.7572301508644724e-16,0.0,0.0,0.0
pci_target_unit_del_sync_comp_done_reg_main,0,-1,3,1.088917075507277e-15,0.0,0.0,0.0
pci_target_unit_del_sync_comp_flush_out,0,-1,1,4.423370163195487e-16,0.0,0.0,0.0
pci_target_unit_del_sync_comp_req_pending_out,0,-1,6,2.71477998298208e-15,0.0,0.0,0.0
pci_target_unit_del_sync_comp_rty_exp_clr,0,-1,1,2.7572301508644724e-16,0.0,0.0,0.0
pci_target_unit_del_sync_comp_rty_exp_reg,0,-1,4,1.6318990760151738e-15,0.0,0.0,0.0
pci_target_unit_del_sync_inc_add_455_57_n_166,0,-1,2,1.43674088502277e-15,0.0,0.0,0.0
pci_target_unit_del_sync_inc_add_455_57_n_169,0,-1,2,1.483285133716157e-15,0.0,0.0,0.0
pci_target_unit_del_sync_inc_add_455_57_n_176,0,-1,2,1.43674088502277e-15,0.0,0.0,0.0
pci_target_unit_del_sync_inc_add_455_57_n_179,0,-1,3,1.5023800092043476e-15,0.0,0.0,0.0
pci_target_unit_del_sync_inc_add_455_57_n_182,0,-1,2,1.0600429928847989e-15,0.0,0.0,0.0
pci_target_unit_del_sync_inc_add_455_57_n_190,0,-1,3,1.2258599625843136e-15,0.0,0.0,0.0
pci_target_unit_del_sync_inc_add_455_57_n_193,0,-1,2,1.43674088502277e-15,0.0,0.0,0.0
pci_target_unit_del_sync_inc_add_455_57_n_198,0,-1,3,1.5555730430172072e-15,0.0,0.0,0.0
pci_target_unit_del_sync_inc_add_455_57_n_199,0,-1,2,1.0038140871098614e-15,0.0,0.0,0.0
pci_target_unit_del_sync_inc_add_455_57_n_202,0,-1,2,1.4343849687591006e-15,0.0,0.0,0.0
pci_target_unit_del_sync_inc_add_455_57_n_205,0,-1,2,8.6300497108464185e-16,0.0,0.0,0.0
pci_target_unit_del_sync_inc_add_455_57_n_208,0,-1,3,1.5812480939561427e-15,0.0,0.0,0.0
pci_target_unit_del_sync_inc_add_455_57_n_210,0,-1,2,1.4343849687591006e-15,0.0,0.0,0.0
pci_target_unit_del_sync_inc_add_455_57_n_214,0,-1,1,1.0713900580044543e-15,0.0,0.0,0.0
pci_target_unit_del_sync_inc_add_455_57_n_217,0,-1,3,1.710230988911357e-15,0.0,0.0,0.0
pci_target_unit_del_sync_inc_add_455_57_n_218,0,-1,2,8.530509575258645e-16,0.0,0.0,0.0
pci_target_unit_del_sync_inc_add_455_57_n_220,0,-1,1,3.385409901580759e-16,0.0,0.0,0.0
pci_target_unit_del_sync_inc_add_455_57_n_221,0,-1,3,1.2805819967460857e-15,0.0,0.0,0.0
pci_target_unit_del_sync_inc_add_455_57_n_222,0,-1,2,8.6300497108464185e-16,0.0,0.0,0.0
pci_target_unit_del_sync_inc_add_455_57_n_225,0,-1,1,3.4990399008505153e-16,0.0,0.0,0.0
pci_target_unit_del_sync_inc_add_455_57_n_226,0,-1,1,5.264370118282968e-16,0.0,0.0,0.0
pci_target_unit_del_sync_inc_add_455_57_n_239,0,-1,2,7.211389696994857e-16,0.0,0.0,0.0
pci_target_unit_del_sync_n_116,0,-1,1,3.36682996918494e-16,0.0,0.0,0.0
pci_target_unit_del_sync_n_118,0,-1,1,3.466820091025942e-16,0.0,0.0,0.0
pci_target_unit_del_sync_n_120,0,-1,1,3.466820091025942e-16,0.0,0.0,0.0
pci_target_unit_del_sync_n_122,0,-1,1,3.466820091025942e-16,0.0,0.0,0.0
pci_target_unit_del_sync_n_124,0,-1,1,3.466820091025942e-16,0.0,0.0,0.0
pci_target_unit_del_sync_n_126,0,-1,1,3.466820091025942e-16,0.0,0.0,0.0
pci_target_unit_del_sync_n_128,0,-1,1,3.466820091025942e-16,0.0,0.0,0.0
pci_target_unit_del_sync_req_comp_pending,0,-1,3,1.6408469203117314e-15,0.0,0.0,0.0
pci_target_unit_del_sync_req_comp_pending_out,0,-1,5,2.4030900696008634e-15,0.0,0.0,0.0
pci_target_unit_del_sync_req_comp_pending_sample,0,-1,1,4.12629003290719e-16,0.0,0.0,0.0
pci_target_unit_del_sync_req_done_reg,0,-1,4,1.580518057434728e-15,0.0,0.0,0.0
pci_target_unit_del_sync_req_req_pending_out,0,-1,3,1.3575560099487018e-15,0.0,0.0,0.0
pci_target_unit_del_sync_req_rty_exp_clr,0,-1,2,6.124059855351616e-16,0.0,0.0,0.0
pci_target_unit_del_sync_req_rty_exp_reg,0,-1,3,9.93620045589656e-16,0.0,0.0,0.0
pci_target_unit_del_sync_sync_comp_done,0,-1,1,2.7572301508644724e-16,0.0,0.0,0.0
pci_target_unit_del_sync_sync_comp_req_pending,0,-1,1,5.319579725785004e-16,0.0,0.0,0.0
pci_target_unit_del_sync_sync_comp_rty_exp_clr,0,-1,1,2.7572301508644724e-16,0.0,0.0,0.0
pci_target_unit_del_sync_sync_req_comp_pending,0,-1,1,2.7572301508644724e-16,0.0,0.0,0.0
pci_target_unit_del_sync_sync_req_rty_exp,0,-1,1,2.7572301508644724e-16,0.0,0.0,0.0
pci_target_unit_fifos_inGreyCount[0],0,-1,2,6.783000666338627e-16,0.0,0.0,0.0
pci_target_unit_fifos_inGreyCount[1],0,-1,2,6.783000666338627e-16,0.0,0.0,0.0
pci_target_unit_fifos_n_1735,0,-1,2,4.406521195566941e-15,0.0,0.0,0.0
pci_target_unit_fifos_n_869,0,-1,4,1.8710890042211714e-15,0.0,0.0,0.0
pci_target_unit_fifos_n_870,0,-1,4,1.939504067129138e-15,0.0,0.0,0.0
pci_target_unit_fifos_n_966,0,-1,3,3.4522801352116113e-15,0.0,0.0,0.0
pci_target_unit_fifos_outGreyCount[0],0,-1,3,1.2289459153693979e-15,0.0,0.0,0.0
pci_target_unit_fifos_outGreyCount[1],0,-1,2,1.3932720012026266e-15,0.0,0.0,0.0
pci_target_unit_fifos_pcir_data_out[0],0,-1,2,9.361349899539404e-16,0.0,0.0,0.0
pci_target_unit_fifos_pcir_fifo_ctrl_raddr[0],0,-1,6,2.8789701200272744e-15,0.0,0.0,0.0
pci_target_unit_fifos_pcir_fifo_ctrl_raddr[1],0,-1,4,2.962403924123007e-15,0.0,0.0,0.0
pci_target_unit_fifos_pcir_fifo_ctrl_raddr[2],0,-1,7,3.41285498668166e-15,0.0,0.0,0.0
pci_target_unit_fifos_pcir_fifo_ctrl_raddr_plus_one[0],0,-1,7,2.901169159508915e-15,0.0,0.0,0.0
pci_target_unit_fifos_pcir_fifo_ctrl_raddr_plus_one[1],0,-1,4,1.7448240262354594e-15,0.0,0.0,0.0
pci_target_unit_fifos_pcir_fifo_ctrl_raddr_plus_one[2],0,-1,7,3.136128052264259e-15,0.0,0.0,0.0
pci_target_unit_fifos_pcir_fifo_ctrl_rclk_sync_wgrey_addr[0],0,-1,1,2.7572301508644724e-16,0.0,0.0,0.0
pci_target_unit_fifos_pcir_fifo_ctrl_rclk_sync_wgrey_addr[1],0,-1,1,2.7572301508644724e-16,0.0,0.0,0.0
pci_target_unit_fifos_pcir_fifo_ctrl_rclk_sync_wgrey_addr[2],0,-1,1,2.7572301508644724e-16,0.0,0.0,0.0
pci_target_unit_fifos_pcir_fifo_ctrl_rclk_wgrey_addr[0],0,-1,2,8.971990029510283e-16,0.0,0.0,0.0
pci_target_unit_fifos_pcir_fifo_ctrl_rclk_wgrey_addr[1],0,-1,2,8.971990029510283e-16,0.0,0.0,0.0
pci_target_unit_fifos_pcir_fifo_ctrl_rclk_wgrey_addr[2],0,-1,2,1.0742770639260522e-15,0.0,0.0,0.0
pci_target_unit_fifos_pcir_fifo_ctrl_rgrey_addr[0],0,-1,3,1.5224309731317514e-15,0.0,0.0,0.0
pci_target_unit_fifos_pcir_fifo_ctrl_rgrey_addr[1],0,-1,3,1.5224309731317514e-15,0.0,0.0,0.0
pci_target_unit_fifos_pcir_fifo_ctrl_rgrey_addr[2],0,-1,3,1.6992460303766528e-15,0.0,0.0,0.0
pci_target_unit_fifos_pcir_fifo_ctrl_rgrey_next[0],0,-1,2,9.72237969385642e-16,0.0,0.0,0.0
pci_target_unit_fifos_pcir_fifo_ctrl_rgrey_next[1],0,-1,2,9.72237969385642e-16,0.0,0.0,0.0
pci_target_unit_fifos_pcir_fifo_ctrl_rgrey_next[2],0,-1,2,9.228259847702072e-16,0.0,0.0,0.0
pci_target_unit_fifos_pcir_fifo_ctrl_wclk_rgrey_addr[0],0,-1,1,1.0644999743741326e-15,0.0,0.0,0.0
pci_target_unit_fifos_pcir_fifo_ctrl_wclk_rgrey_addr[1],0,-1,2,9.662270000754519e-16,0.0,0.0,0.0
pci_target_unit_fifos_pcir_fifo_ctrl_wclk_rgrey_addr[2],0,-1,2,1.1352049908550012e-15,0.0,0.0,0.0
pci_target_unit_fifos_pcir_fifo_ctrl_wclk_sync_rgrey_addr[0],0,-1,1,2.7572301508644724e-16,0.0,0.0,0.0
pci_target_unit_fifos_pcir_fifo_ctrl_wclk_sync_rgrey_addr[1],0,-1,1,2.7572301508644724e-16,0.0,0.0,0.0
pci_target_unit_fifos_pcir_fifo_ctrl_wclk_sync_rgrey_addr[2],0,-1,1,2.7572301508644724e-16,0.0,0.0,0.0
pci_target_unit_fifos_pcir_fifo_ctrl_wgrey_addr[0],0,-1,3,1.1146380779836012e-15,0.0,0.0,0.0
pci_target_unit_fifos_pcir_fifo_ctrl_wgrey_addr[1],0,-1,3,1.1146380779836012e-15,0.0,0.0,0.0
pci_target_unit_fifos_pcir_fifo_ctrl_wgrey_addr[2],0,-1,3,1.1146380779836012e-15,0.0,0.0,0.0
pci_target_unit_fifos_pcir_fifo_ctrl_wgrey_next[0],0,-1,4,2.224601169373069e-15,0.0,0.0,0.0
pci_target_unit_fifos_pcir_fifo_ctrl_wgrey_next[1],0,-1,5,2.1925801475933043e-15,0.0,0.0,0.0
pci_target_unit_fifos_pcir_fifo_ctrl_wgrey_next[2],0,-1,5,2.399050145958934e-15,0.0,0.0,0.0
pci_target_unit_fifos_pcir_fifo_storage_mem\[0\][0],0,-1,2,7.961580308598389e-16,0.0,0.0,0.0
pci_target_unit_fifos_pcir_fifo_storage_mem\[0\][10],0,-1,2,7.863100022985868e-16,0.0,0.0,0.0
pci_target_unit_fifos_pcir_fifo_storage_mem\[0\][11],0,-1,2,7.863100022985868e-16,0.0,0.0,0.0
pci_target_unit_fifos_pcir_fifo_storage_mem\[0\][12],0,-1,2,7.863100022985868e-16,0.0,0.0,0.0
pci_target_unit_fifos_pcir_fifo_storage_mem\[0\][13],0,-1,2,7.863100022985868e-16,0.0,0.0,0.0
pci_target_unit_fifos_pcir_fifo_storage_mem\[0\][14],0,-1,2,7.863100022985868e-16,0.0,0.0,0.0
pci_target_unit_fifos_pcir_fifo_storage_mem\[0\][15],0,-1,2,7.961580308598389e-16,0.0,0.0,0.0
pci_target_unit_fifos_pcir_fifo_storage_mem\[0\][16],0,-1,2,8.138710779737024e-16,0.0,0.0,0.0
pci_target_unit_fifos_pcir_fifo_storage_mem\[0\][17],0,-1,2,7.961580308598389e-16,0.0,0.0,0.0
pci_target_unit_fifos_pcir_fifo_storage_mem\[0\][18],0,-1,2,7.863100022985868e-16,0.0,0.0,0.0
pci_target_unit_fifos_pcir_fifo_storage_mem\[0\][19],0,-1,2,8.138710779737024e-16,0.0,0.0,0.0
pci_target_unit_fifos_pcir_fifo_storage_mem\[0\][1],0,-1,2,7.863100022985868e-16,0.0,0.0,0.0
pci_target_unit_fifos_pcir_fifo_storage_mem\[0\][20],0,-1,2,8.138710779737024e-16,0.0,0.0,0.0
pci_target_unit_fifos_pcir_fifo_storage_mem\[0\][21],0,-1,2,7.961580308598389e-16,0.0,0.0,0.0
pci_target_unit_fifos_pcir_fifo_storage_mem\[0\][22],0,-1,2,8.138710779737024e-16,0.0,0.0,0.0
pci_target_unit_fifos_pcir_fifo_storage_mem\[0\][23],0,-1,2,8.051540501552716e-16,0.0,0.0,0.0
pci_target_unit_fifos_pcir_fifo_storage_mem\[0\][24],0,-1,2,7.961580308598389e-16,0.0,0.0,0.0
pci_target_unit_fifos_pcir_fifo_storage_mem\[0\][25],0,-1,2,7.863100022985868e-16,0.0,0.0,0.0
pci_target_unit_fifos_pcir_fifo_storage_mem\[0\][26],0,-1,2,7.863100022985868e-16,0.0,0.0,0.0
pci_target_unit_fifos_pcir_fifo_storage_mem\[0\][27],0,-1,2,7.863100022985868e-16,0.0,0.0,0.0
pci_target_unit_fifos_pcir_fifo_storage_mem\[0\][28],0,-1,2,8.30505005112764e-16,0.0,0.0,0.0
pci_target_unit_fifos_pcir_fifo_storage_mem\[0\][29],0,-1,2,8.416040483975515e-16,0.0,0.0,0.0
pci_target_unit_fifos_pcir_fifo_storage_mem\[0\][2],0,-1,2,8.138710779737024e-16,0.0,0.0,0.0
pci_target_unit_fifos_pcir_fifo_storage_mem\[0\][30],0,-1,2,7.863100022985868e-16,0.0,0.0,0.0
pci_target_unit_fifos_pcir_fifo_storage_mem\[0\][31],0,-1,2,7.961580308598389e-16,0.0,0.0,0.0
pci_target_unit_fifos_pcir_fifo_storage_mem\[0\][37],0,-1,2,7.863100022985868e-16,0.0,0.0,0.0
pci_target_unit_fifos_pcir_fifo_storage_mem\[0\][3],0,-1,2,7.863100022985868e-16,0.0,0.0,0.0
pci_target_unit_fifos_pcir_fifo_storage_mem\[0\][4],0,-1,2,7.863100022985868e-16,0.0,0.0,0.0
pci_target_unit_fifos_pcir_fifo_storage_mem\[0\][5],0,-1,2,7.863100022985868e-16,0.0,0.0,0.0
pci_target_unit_fifos_pcir_fifo_storage_mem\[0\][6],0,-1,2,7.863100022985868e-16,0.0,0.0,0.0
pci_target_unit_fifos_pcir_fifo_storage_mem\[0\][7],0,-1,2,7.863100022985868e-16,0.0,0.0,0.0
pci_target_unit_fifos_pcir_fifo_storage_mem\[0\][8],0,-1,2,7.863100022985868e-16,0.0,0.0,0.0
pci_target_unit_fifos_pcir_fifo_storage_mem\[0\][9],0,-1,2,8.138710779737024e-16,0.0,0.0,0.0
pci_target_unit_fifos_pcir_fifo_storage_mem\[1\][0],0,-1,2,8.263830251540693e-16,0.0,0.0,0.0
pci_target_unit_fifos_pcir_fifo_storage_mem\[1\][10],0,-1,2,8.212540289002077e-16,0.0,0.0,0.0
pci_target_unit_fifos_pcir_fifo_storage_mem\[1\][11],0,-1,2,8.212540289002077e-16,0.0,0.0,0.0
pci_target_unit_fifos_pcir_fifo_storage_mem\[1\][12],0,-1,2,8.212540289002077e-16,0.0,0.0,0.0
pci_target_unit_fifos_pcir_fifo_storage_mem\[1\][13],0,-1,2,8.212540289002077e-16,0.0,0.0,0.0
pci_target_unit_fifos_pcir_fifo_storage_mem\[1\][14],0,-1,2,8.212540289002077e-16,0.0,0.0,0.0
pci_target_unit_fifos_pcir_fifo_storage_mem\[1\][15],0,-1,2,8.263830251540693e-16,0.0,0.0,0.0
pci_target_unit_fifos_pcir_fifo_storage_mem\[1\][16],0,-1,2,8.416040483975515e-16,0.0,0.0,0.0
pci_target_unit_fifos_pcir_fifo_storage_mem\[1\][17],0,-1,2,8.263830251540693e-16,0.0,0.0,0.0
pci_target_unit_fifos_pcir_fifo_storage_mem\[1\][18],0,-1,2,8.212540289002077e-16,0.0,0.0,0.0
pci_target_unit_fifos_pcir_fifo_storage_mem\[1\][19],0,-1,2,8.212540289002077e-16,0.0,0.0,0.0
pci_target_unit_fifos_pcir_fifo_storage_mem\[1\][1],0,-1,2,8.212540289002077e-16,0.0,0.0,0.0
pci_target_unit_fifos_pcir_fifo_storage_mem\[1\][20],0,-1,2,8.212540289002077e-16,0.0,0.0,0.0
pci_target_unit_fifos_pcir_fifo_storage_mem\[1\][21],0,-1,2,8.263830251540693e-16,0.0,0.0,0.0
pci_target_unit_fifos_pcir_fifo_storage_mem\[1\][22],0,-1,2,8.416040483975515e-16,0.0,0.0,0.0
pci_target_unit_fifos_pcir_fifo_storage_mem\[1\][23],0,-1,2,7.68499017000197e-16,0.0,0.0,0.0
pci_target_unit_fifos_pcir_fifo_storage_mem\[1\][24],0,-1,2,8.263830251540693e-16,0.0,0.0,0.0
pci_target_unit_fifos_pcir_fifo_storage_mem\[1\][25],0,-1,2,8.212540289002077e-16,0.0,0.0,0.0
pci_target_unit_fifos_pcir_fifo_storage_mem\[1\][26],0,-1,2,8.212540289002077e-16,0.0,0.0,0.0
pci_target_unit_fifos_pcir_fifo_storage_mem\[1\][27],0,-1,2,8.212540289002077e-16,0.0,0.0,0.0
pci_target_unit_fifos_pcir_fifo_storage_mem\[1\][28],0,-1,2,8.574690284391838e-16,0.0,0.0,0.0
pci_target_unit_fifos_pcir_fifo_storage_mem\[1\][29],0,-1,2,7.863100022985868e-16,0.0,0.0,0.0
pci_target_unit_fifos_pcir_fifo_storage_mem\[1\][2],0,-1,2,8.416040483975515e-16,0.0,0.0,0.0
pci_target_unit_fifos_pcir_fifo_storage_mem\[1\][30],0,-1,2,8.212540289002077e-16,0.0,0.0,0.0
pci_target_unit_fifos_pcir_fifo_storage_mem\[1\][31],0,-1,2,8.263830251540693e-16,0.0,0.0,0.0
pci_target_unit_fifos_pcir_fifo_storage_mem\[1\][37],0,-1,2,8.212540289002077e-16,0.0,0.0,0.0
pci_target_unit_fifos_pcir_fifo_storage_mem\[1\][3],0,-1,2,8.212540289002077e-16,0.0,0.0,0.0
pci_target_unit_fifos_pcir_fifo_storage_mem\[1\][4],0,-1,2,8.212540289002077e-16,0.0,0.0,0.0
pci_target_unit_fifos_pcir_fifo_storage_mem\[1\][5],0,-1,2,8.212540289002077e-16,0.0,0.0,0.0
pci_target_unit_fifos_pcir_fifo_storage_mem\[1\][6],0,-1,2,8.212540289002077e-16,0.0,0.0,0.0
pci_target_unit_fifos_pcir_fifo_storage_mem\[1\][7],0,-1,2,8.212540289002077e-16,0.0,0.0,0.0
pci_target_unit_fifos_pcir_fifo_storage_mem\[1\][8],0,-1,2,8.212540289002077e-16,0.0,0.0,0.0
pci_target_unit_fifos_pcir_fifo_storage_mem\[1\][9],0,-1,2,8.416040483975515e-16,0.0,0.0,0.0
pci_target_unit_fifos_pcir_fifo_storage_mem\[2\][0],0,-1,2,9.739050361049569e-16,0.0,0.0,0.0
pci_target_unit_fifos_pcir_fifo_storage_mem\[2\][10],0,-1,2,9.739050361049569e-16,0.0,0.0,0.0
pci_target_unit_fifos_pcir_fifo_storage_mem\[2\][11],0,-1,2,1.1346451020768662e-15,0.0,0.0,0.0
pci_target_unit_fifos_pcir_fifo_storage_mem\[2\][12],0,-1,2,1.0007990733341098e-15,0.0,0.0,0.0
pci_target_unit_fifos_pcir_fifo_storage_mem\[2\][13],0,-1,2,1.0007990733341098e-15,0.0,0.0,0.0
pci_target_unit_fifos_pcir_fifo_storage_mem\[2\][14],0,-1,2,9.739050361049569e-16,0.0,0.0,0.0
pci_target_unit_fifos_pcir_fifo_storage_mem\[2\][15],0,-1,2,9.739050361049569e-16,0.0,0.0,0.0
pci_target_unit_fifos_pcir_fifo_storage_mem\[2\][16],0,-1,2,9.739050361049569e-16,0.0,0.0,0.0
pci_target_unit_fifos_pcir_fifo_storage_mem\[2\][17],0,-1,2,9.739050361049569e-16,0.0,0.0,0.0
pci_target_unit_fifos_pcir_fifo_storage_mem\[2\][18],0,-1,2,1.1346451020768662e-15,0.0,0.0,0.0
pci_target_unit_fifos_pcir_fifo_storage_mem\[2\][19],0,-1,2,9.739050361049569e-16,0.0,0.0,0.0
pci_target_unit_fifos_pcir_fifo_storage_mem\[2\][1],0,-1,2,1.1346451020768662e-15,0.0,0.0,0.0
pci_target_unit_fifos_pcir_fifo_storage_mem\[2\][20],0,-1,2,1.0007990733341098e-15,0.0,0.0,0.0
pci_target_unit_fifos_pcir_fifo_storage_mem\[2\][21],0,-1,2,9.739050361049569e-16,0.0,0.0,0.0
pci_target_unit_fifos_pcir_fifo_storage_mem\[2\][22],0,-1,2,9.739050361049569e-16,0.0,0.0,0.0
pci_target_unit_fifos_pcir_fifo_storage_mem\[2\][23],0,-1,2,1.0070460471992286e-15,0.0,0.0,0.0
pci_target_unit_fifos_pcir_fifo_storage_mem\[2\][24],0,-1,2,8.400610190654502e-16,0.0,0.0,0.0
pci_target_unit_fifos_pcir_fifo_storage_mem\[2\][25],0,-1,2,1.1346451020768662e-15,0.0,0.0,0.0
pci_target_unit_fifos_pcir_fifo_storage_mem\[2\][26],0,-1,2,1.0007990733341098e-15,0.0,0.0,0.0
pci_target_unit_fifos_pcir_fifo_storage_mem\[2\][27],0,-1,2,1.0310970183409224e-15,0.0,0.0,0.0
pci_target_unit_fifos_pcir_fifo_storage_mem\[2\][28],0,-1,2,1.1698211098269164e-15,0.0,0.0,0.0
pci_target_unit_fifos_pcir_fifo_storage_mem\[2\][29],0,-1,2,1.1698211098269164e-15,0.0,0.0,0.0
pci_target_unit_fifos_pcir_fifo_storage_mem\[2\][2],0,-1,2,9.739050361049569e-16,0.0,0.0,0.0
pci_target_unit_fifos_pcir_fifo_storage_mem\[2\][30],0,-1,2,1.0007990733341098e-15,0.0,0.0,0.0
pci_target_unit_fifos_pcir_fifo_storage_mem\[2\][31],0,-1,2,9.739050361049569e-16,0.0,0.0,0.0
pci_target_unit_fifos_pcir_fifo_storage_mem\[2\][37],0,-1,2,1.1691470833591388e-15,0.0,0.0,0.0
pci_target_unit_fifos_pcir_fifo_storage_mem\[2\][3],0,-1,2,1.1698211098269164e-15,0.0,0.0,0.0
pci_target_unit_fifos_pcir_fifo_storage_mem\[2\][4],0,-1,2,1.1346451020768662e-15,0.0,0.0,0.0
pci_target_unit_fifos_pcir_fifo_storage_mem\[2\][5],0,-1,2,1.1346451020768662e-15,0.0,0.0,0.0
pci_target_unit_fifos_pcir_fifo_storage_mem\[2\][6],0,-1,2,1.0007990733341098e-15,0.0,0.0,0.0
pci_target_unit_fifos_pcir_fifo_storage_mem\[2\][7],0,-1,2,1.0007990733341098e-15,0.0,0.0,0.0
pci_target_unit_fifos_pcir_fifo_storage_mem\[2\][8],0,-1,2,9.739050361049569e-16,0.0,0.0,0.0
pci_target_unit_fifos_pcir_fifo_storage_mem\[2\][9],0,-1,2,9.739050361049569e-16,0.0,0.0,0.0
pci_target_unit_fifos_pcir_fifo_storage_mem\[3\][0],0,-1,2,8.574690284391838e-16,0.0,0.0,0.0
pci_target_unit_fifos_pcir_fifo_storage_mem\[3\][10],0,-1,2,9.834640146729585e-16,0.0,0.0,0.0
pci_target_unit_fifos_pcir_fifo_storage_mem\[3\][11],0,-1,2,9.995270416055706e-16,0.0,0.0,0.0
pci_target_unit_fifos_pcir_fifo_storage_mem\[3\][12],0,-1,2,1.0277630966605295e-15,0.0,0.0,0.0
pci_target_unit_fifos_pcir_fifo_storage_mem\[3\][13],0,-1,2,1.0277630966605295e-15,0.0,0.0,0.0
pci_target_unit_fifos_pcir_fifo_storage_mem\[3\][14],0,-1,2,8.367520319174421e-16,0.0,0.0,0.0
pci_target_unit_fifos_pcir_fifo_storage_mem\[3\][15],0,-1,2,1.0041810641342594e-15,0.0,0.0,0.0
pci_target_unit_fifos_pcir_fifo_storage_mem\[3\][16],0,-1,2,1.0277630966605295e-15,0.0,0.0,0.0
pci_target_unit_fifos_pcir_fifo_storage_mem\[3\][17],0,-1,2,1.0277630966605295e-15,0.0,0.0,0.0
pci_target_unit_fifos_pcir_fifo_storage_mem\[3\][18],0,-1,2,1.1698211098269164e-15,0.0,0.0,0.0
pci_target_unit_fifos_pcir_fifo_storage_mem\[3\][19],0,-1,2,9.834640146729585e-16,0.0,0.0,0.0
pci_target_unit_fifos_pcir_fifo_storage_mem\[3\][1],0,-1,2,1.0156270203505067e-15,0.0,0.0,0.0
pci_target_unit_fifos_pcir_fifo_storage_mem\[3\][20],0,-1,2,8.574690284391838e-16,0.0,0.0,0.0
pci_target_unit_fifos_pcir_fifo_storage_mem\[3\][21],0,-1,2,8.574690284391838e-16,0.0,0.0,0.0
pci_target_unit_fifos_pcir_fifo_storage_mem\[3\][22],0,-1,2,8.941800716478956e-16,0.0,0.0,0.0
pci_target_unit_fifos_pcir_fifo_storage_mem\[3\][23],0,-1,2,8.036110208231703e-16,0.0,0.0,0.0
pci_target_unit_fifos_pcir_fifo_storage_mem\[3\][24],0,-1,2,8.574690284391838e-16,0.0,0.0,0.0
pci_target_unit_fifos_pcir_fifo_storage_mem\[3\][25],0,-1,2,1.1698211098269164e-15,0.0,0.0,0.0
pci_target_unit_fifos_pcir_fifo_storage_mem\[3\][26],0,-1,2,8.735690071841199e-16,0.0,0.0,0.0
pci_target_unit_fifos_pcir_fifo_storage_mem\[3\][27],0,-1,2,1.2035230684905073e-15,0.0,0.0,0.0
pci_target_unit_fifos_pcir_fifo_storage_mem\[3\][28],0,-1,2,1.1691470833591388e-15,0.0,0.0,0.0
pci_target_unit_fifos_pcir_fifo_storage_mem\[3\][29],0,-1,2,9.643510338555204e-16,0.0,0.0,0.0
pci_target_unit_fifos_pcir_fifo_storage_mem\[3\][2],0,-1,2,1.0041810641342594e-15,0.0,0.0,0.0
pci_target_unit_fifos_pcir_fifo_storage_mem\[3\][30],0,-1,2,1.0277630966605295e-15,0.0,0.0,0.0
pci_target_unit_fifos_pcir_fifo_storage_mem\[3\][31],0,-1,2,1.0070460471992286e-15,0.0,0.0,0.0
pci_target_unit_fifos_pcir_fifo_storage_mem\[3\][37],0,-1,2,1.0156270203505067e-15,0.0,0.0,0.0
pci_target_unit_fifos_pcir_fifo_storage_mem\[3\][3],0,-1,2,1.1346451020768662e-15,0.0,0.0,0.0
pci_target_unit_fifos_pcir_fifo_storage_mem\[3\][4],0,-1,2,1.1698211098269164e-15,0.0,0.0,0.0
pci_target_unit_fifos_pcir_fifo_storage_mem\[3\][5],0,-1,2,1.1698211098269164e-15,0.0,0.0,0.0
pci_target_unit_fifos_pcir_fifo_storage_mem\[3\][6],0,-1,2,8.574690284391838e-16,0.0,0.0,0.0
pci_target_unit_fifos_pcir_fifo_storage_mem\[3\][7],0,-1,2,8.735690071841199e-16,0.0,0.0,0.0
pci_target_unit_fifos_pcir_fifo_storage_mem\[3\][8],0,-1,2,1.0070460471992286e-15,0.0,0.0,0.0
pci_target_unit_fifos_pcir_fifo_storage_mem\[3\][9],0,-1,2,1.0277630966605295e-15,0.0,0.0,0.0
pci_target_unit_fifos_pcir_fifo_storage_mem\[4\][0],0,-1,2,7.863100022985868e-16,0.0,0.0,0.0
pci_target_unit_fifos_pcir_fifo_storage_mem\[4\][10],0,-1,2,8.138710779737024e-16,0.0,0.0,0.0
pci_target_unit_fifos_pcir_fifo_storage_mem\[4\][11],0,-1,2,8.138710779737024e-16,0.0,0.0,0.0
pci_target_unit_fifos_pcir_fifo_storage_mem\[4\][12],0,-1,2,8.138710779737024e-16,0.0,0.0,0.0
pci_target_unit_fifos_pcir_fifo_storage_mem\[4\][13],0,-1,2,8.138710779737024e-16,0.0,0.0,0.0
pci_target_unit_fifos_pcir_fifo_storage_mem\[4\][14],0,-1,2,8.138710779737024e-16,0.0,0.0,0.0
pci_target_unit_fifos_pcir_fifo_storage_mem\[4\][15],0,-1,2,7.863100022985868e-16,0.0,0.0,0.0
pci_target_unit_fifos_pcir_fifo_storage_mem\[4\][16],0,-1,2,7.863100022985868e-16,0.0,0.0,0.0
pci_target_unit_fifos_pcir_fifo_storage_mem\[4\][17],0,-1,2,7.863100022985868e-16,0.0,0.0,0.0
pci_target_unit_fifos_pcir_fifo_storage_mem\[4\][18],0,-1,2,8.138710779737024e-16,0.0,0.0,0.0
pci_target_unit_fifos_pcir_fifo_storage_mem\[4\][19],0,-1,2,8.138710779737024e-16,0.0,0.0,0.0
pci_target_unit_fifos_pcir_fifo_storage_mem\[4\][1],0,-1,2,8.138710779737024e-16,0.0,0.0,0.0
pci_target_unit_fifos_pcir_fifo_storage_mem\[4\][20],0,-1,2,8.138710779737024e-16,0.0,0.0,0.0
pci_target_unit_fifos_pcir_fifo_storage_mem\[4\][21],0,-1,2,7.863100022985868e-16,0.0,0.0,0.0
pci_target_unit_fifos_pcir_fifo_storage_mem\[4\][22],0,-1,2,7.863100022985868e-16,0.0,0.0,0.0
pci_target_unit_fifos_pcir_fifo_storage_mem\[4\][23],0,-1,2,8.212540289002077e-16,0.0,0.0,0.0
pci_target_unit_fifos_pcir_fifo_storage_mem\[4\][24],0,-1,2,7.863100022985868e-16,0.0,0.0,0.0
pci_target_unit_fifos_pcir_fifo_storage_mem\[4\][25],0,-1,2,8.138710779737024e-16,0.0,0.0,0.0
pci_target_unit_fifos_pcir_fifo_storage_mem\[4\][26],0,-1,2,8.138710779737024e-16,0.0,0.0,0.0
pci_target_unit_fifos_pcir_fifo_storage_mem\[4\][27],0,-1,2,8.138710779737024e-16,0.0,0.0,0.0
pci_target_unit_fifos_pcir_fifo_storage_mem\[4\][28],0,-1,2,7.863100022985868e-16,0.0,0.0,0.0
pci_target_unit_fifos_pcir_fifo_storage_mem\[4\][29],0,-1,2,8.367520319174421e-16,0.0,0.0,0.0
pci_target_unit_fifos_pcir_fifo_storage_mem\[4\][2],0,-1,2,7.863100022985868e-16,0.0,0.0,0.0
pci_target_unit_fifos_pcir_fifo_storage_mem\[4\][30],0,-1,2,8.138710779737024e-16,0.0,0.0,0.0
pci_target_unit_fifos_pcir_fifo_storage_mem\[4\][31],0,-1,2,7.863100022985868e-16,0.0,0.0,0.0
pci_target_unit_fifos_pcir_fifo_storage_mem\[4\][37],0,-1,2,8.138710779737024e-16,0.0,0.0,0.0
pci_target_unit_fifos_pcir_fifo_storage_mem\[4\][3],0,-1,2,8.138710779737024e-16,0.0,0.0,0.0
pci_target_unit_fifos_pcir_fifo_storage_mem\[4\][4],0,-1,2,8.138710779737024e-16,0.0,0.0,0.0
pci_target_unit_fifos_pcir_fifo_storage_mem\[4\][5],0,-1,2,8.138710779737024e-16,0.0,0.0,0.0
pci_target_unit_fifos_pcir_fifo_storage_mem\[4\][6],0,-1,2,8.138710779737024e-16,0.0,0.0,0.0
pci_target_unit_fifos_pcir_fifo_storage_mem\[4\][7],0,-1,2,8.138710779737024e-16,0.0,0.0,0.0
pci_target_unit_fifos_pcir_fifo_storage_mem\[4\][8],0,-1,2,8.138710779737024e-16,0.0,0.0,0.0
pci_target_unit_fifos_pcir_fifo_storage_mem\[4\][9],0,-1,2,7.863100022985868e-16,0.0,0.0,0.0
pci_target_unit_fifos_pcir_fifo_storage_mem\[5\][0],0,-1,2,8.212540289002077e-16,0.0,0.0,0.0
pci_target_unit_fifos_pcir_fifo_storage_mem\[5\][10],0,-1,2,8.416040483975515e-16,0.0,0.0,0.0
pci_target_unit_fifos_pcir_fifo_storage_mem\[5\][11],0,-1,2,8.416040483975515e-16,0.0,0.0,0.0
pci_target_unit_fifos_pcir_fifo_storage_mem\[5\][12],0,-1,2,8.416040483975515e-16,0.0,0.0,0.0
pci_target_unit_fifos_pcir_fifo_storage_mem\[5\][13],0,-1,2,8.416040483975515e-16,0.0,0.0,0.0
pci_target_unit_fifos_pcir_fifo_storage_mem\[5\][14],0,-1,2,8.416040483975515e-16,0.0,0.0,0.0
pci_target_unit_fifos_pcir_fifo_storage_mem\[5\][15],0,-1,2,8.212540289002077e-16,0.0,0.0,0.0
pci_target_unit_fifos_pcir_fifo_storage_mem\[5\][16],0,-1,2,8.212540289002077e-16,0.0,0.0,0.0
pci_target_unit_fifos_pcir_fifo_storage_mem\[5\][17],0,-1,2,8.212540289002077e-16,0.0,0.0,0.0
pci_target_unit_fifos_pcir_fifo_storage_mem\[5\][18],0,-1,2,8.416040483975515e-16,0.0,0.0,0.0
pci_target_unit_fifos_pcir_fifo_storage_mem\[5\][19],0,-1,2,8.416040483975515e-16,0.0,0.0,0.0
pci_target_unit_fifos_pcir_fifo_storage_mem\[5\][1],0,-1,2,8.416040483975515e-16,0.0,0.0,0.0
pci_target_unit_fifos_pcir_fifo_storage_mem\[5\][20],0,-1,2,8.416040483975515e-16,0.0,0.0,0.0
pci_target_unit_fifos_pcir_fifo_storage_mem\[5\][21],0,-1,2,8.212540289002077e-16,0.0,0.0,0.0
pci_target_unit_fifos_pcir_fifo_storage_mem\[5\][22],0,-1,2,8.212540289002077e-16,0.0,0.0,0.0
pci_target_unit_fifos_pcir_fifo_storage_mem\[5\][23],0,-1,2,7.863100022985868e-16,0.0,0.0,0.0
pci_target_unit_fifos_pcir_fifo_storage_mem\[5\][24],0,-1,2,8.212540289002077e-16,0.0,0.0,0.0
pci_target_unit_fifos_pcir_fifo_storage_mem\[5\][25],0,-1,2,8.416040483975515e-16,0.0,0.0,0.0
pci_target_unit_fifos_pcir_fifo_storage_mem\[5\][26],0,-1,2,8.416040483975515e-16,0.0,0.0,0.0
pci_target_unit_fifos_pcir_fifo_storage_mem\[5\][27],0,-1,2,8.416040483975515e-16,0.0,0.0,0.0
pci_target_unit_fifos_pcir_fifo_storage_mem\[5\][28],0,-1,2,8.212540289002077e-16,0.0,0.0,0.0
pci_target_unit_fifos_pcir_fifo_storage_mem\[5\][29],0,-1,2,8.036110208231703e-16,0.0,0.0,0.0
pci_target_unit_fifos_pcir_fifo_storage_mem\[5\][2],0,-1,2,8.212540289002077e-16,0.0,0.0,0.0
pci_target_unit_fifos_pcir_fifo_storage_mem\[5\][30],0,-1,2,8.416040483975515e-16,0.0,0.0,0.0
pci_target_unit_fifos_pcir_fifo_storage_mem\[5\][31],0,-1,2,8.212540289002077e-16,0.0,0.0,0.0
pci_target_unit_fifos_pcir_fifo_storage_mem\[5\][37],0,-1,2,8.416040483975515e-16,0.0,0.0,0.0
pci_target_unit_fifos_pcir_fifo_storage_mem\[5\][3],0,-1,2,8.416040483975515e-16,0.0,0.0,0.0
pci_target_unit_fifos_pcir_fifo_storage_mem\[5\][4],0,-1,2,8.416040483975515e-16,0.0,0.0,0.0
pci_target_unit_fifos_pcir_fifo_storage_mem\[5\][5],0,-1,2,8.416040483975515e-16,0.0,0.0,0.0
pci_target_unit_fifos_pcir_fifo_storage_mem\[5\][6],0,-1,2,8.416040483975515e-16,0.0,0.0,0.0
pci_target_unit_fifos_pcir_fifo_storage_mem\[5\][7],0,-1,2,8.416040483975515e-16,0.0,0.0,0.0
pci_target_unit_fifos_pcir_fifo_storage_mem\[5\][8],0,-1,2,8.416040483975515e-16,0.0,0.0,0.0
pci_target_unit_fifos_pcir_fifo_storage_mem\[5\][9],0,-1,2,8.212540289002077e-16,0.0,0.0,0.0
pci_target_unit_fifos_pcir_fifo_storage_mem\[6\][0],0,-1,2,1.0007990733341098e-15,0.0,0.0,0.0
pci_target_unit_fifos_pcir_fifo_storage_mem\[6\][10],0,-1,2,1.0007990733341098e-15,0.0,0.0,0.0
pci_target_unit_fifos_pcir_fifo_storage_mem\[6\][11],0,-1,2,1.1346451020768662e-15,0.0,0.0,0.0
pci_target_unit_fifos_pcir_fifo_storage_mem\[6\][12],0,-1,2,1.1691470833591388e-15,0.0,0.0,0.0
pci_target_unit_fifos_pcir_fifo_storage_mem\[6\][13],0,-1,2,1.1691470833591388e-15,0.0,0.0,0.0
pci_target_unit_fifos_pcir_fifo_storage_mem\[6\][14],0,-1,2,9.739050361049569e-16,0.0,0.0,0.0
pci_target_unit_fifos_pcir_fifo_storage_mem\[6\][15],0,-1,2,8.036110208231703e-16,0.0,0.0,0.0
pci_target_unit_fifos_pcir_fifo_storage_mem\[6\][16],0,-1,2,9.739050361049569e-16,0.0,0.0,0.0
pci_target_unit_fifos_pcir_fifo_storage_mem\[6\][17],0,-1,2,9.739050361049569e-16,0.0,0.0,0.0
pci_target_unit_fifos_pcir_fifo_storage_mem\[6\][18],0,-1,2,9.643510338555204e-16,0.0,0.0,0.0
pci_target_unit_fifos_pcir_fifo_storage_mem\[6\][19],0,-1,2,1.1346451020768662e-15,0.0,0.0,0.0
pci_target_unit_fifos_pcir_fifo_storage_mem\[6\][1],0,-1,2,1.1346451020768662e-15,0.0,0.0,0.0
pci_target_unit_fifos_pcir_fifo_storage_mem\[6\][20],0,-1,2,1.0149529938827291e-15,0.0,0.0,0.0
pci_target_unit_fifos_pcir_fifo_storage_mem\[6\][21],0,-1,2,8.036110208231703e-16,0.0,0.0,0.0
pci_target_unit_fifos_pcir_fifo_storage_mem\[6\][22],0,-1,2,1.0007990733341098e-15,0.0,0.0,0.0
pci_target_unit_fifos_pcir_fifo_storage_mem\[6\][23],0,-1,2,1.0070460471992286e-15,0.0,0.0,0.0
pci_target_unit_fifos_pcir_fifo_storage_mem\[6\][24],0,-1,2,1.0007990733341098e-15,0.0,0.0,0.0
pci_target_unit_fifos_pcir_fifo_storage_mem\[6\][25],0,-1,2,1.1346451020768662e-15,0.0,0.0,0.0
pci_target_unit_fifos_pcir_fifo_storage_mem\[6\][26],0,-1,2,1.1691470833591388e-15,0.0,0.0,0.0
pci_target_unit_fifos_pcir_fifo_storage_mem\[6\][27],0,-1,2,1.1346451020768662e-15,0.0,0.0,0.0
pci_target_unit_fifos_pcir_fifo_storage_mem\[6\][28],0,-1,2,1.1346451020768662e-15,0.0,0.0,0.0
pci_target_unit_fifos_pcir_fifo_storage_mem\[6\][29],0,-1,2,1.1698211098269164e-15,0.0,0.0,0.0
pci_target_unit_fifos_pcir_fifo_storage_mem\[6\][2],0,-1,2,1.0007990733341098e-15,0.0,0.0,0.0
pci_target_unit_fifos_pcir_fifo_storage_mem\[6\][30],0,-1,2,1.1691470833591388e-15,0.0,0.0,0.0
pci_target_unit_fifos_pcir_fifo_storage_mem\[6\][31],0,-1,2,1.0007990733341098e-15,0.0,0.0,0.0
pci_target_unit_fifos_pcir_fifo_storage_mem\[6\][37],0,-1,2,1.1346451020768662e-15,0.0,0.0,0.0
pci_target_unit_fifos_pcir_fifo_storage_mem\[6\][3],0,-1,2,1.1691470833591388e-15,0.0,0.0,0.0
pci_target_unit_fifos_pcir_fifo_storage_mem\[6\][4],0,-1,2,1.1346451020768662e-15,0.0,0.0,0.0
pci_target_unit_fifos_pcir_fifo_storage_mem\[6\][5],0,-1,2,1.1346451020768662e-15,0.0,0.0,0.0
pci_target_unit_fifos_pcir_fifo_storage_mem\[6\][6],0,-1,2,1.1691470833591388e-15,0.0,0.0,0.0
pci_target_unit_fifos_pcir_fifo_storage_mem\[6\][7],0,-1,2,1.1691470833591388e-15,0.0,0.0,0.0
pci_target_unit_fifos_pcir_fifo_storage_mem\[6\][8],0,-1,2,8.036110208231703e-16,0.0,0.0,0.0
pci_target_unit_fifos_pcir_fifo_storage_mem\[6\][9],0,-1,2,9.739050361049569e-16,0.0,0.0,0.0
pci_target_unit_fifos_pcir_fifo_storage_mem\[7\][0],0,-1,2,8.574690284391838e-16,0.0,0.0,0.0
pci_target_unit_fifos_pcir_fifo_storage_mem\[7\][10],0,-1,2,8.367520319174421e-16,0.0,0.0,0.0
pci_target_unit_fifos_pcir_fifo_storage_mem\[7\][11],0,-1,2,9.995270416055706e-16,0.0,0.0,0.0
pci_target_unit_fifos_pcir_fifo_storage_mem\[7\][12],0,-1,2,9.995270416055706e-16,0.0,0.0,0.0
pci_target_unit_fifos_pcir_fifo_storage_mem\[7\][13],0,-1,2,9.995270416055706e-16,0.0,0.0,0.0
pci_target_unit_fifos_pcir_fifo_storage_mem\[7\][14],0,-1,2,8.367520319174421e-16,0.0,0.0,0.0
pci_target_unit_fifos_pcir_fifo_storage_mem\[7\][15],0,-1,2,8.367520319174421e-16,0.0,0.0,0.0
pci_target_unit_fifos_pcir_fifo_storage_mem\[7\][16],0,-1,2,8.367520319174421e-16,0.0,0.0,0.0
pci_target_unit_fifos_pcir_fifo_storage_mem\[7\][17],0,-1,2,8.367520319174421e-16,0.0,0.0,0.0
pci_target_unit_fifos_pcir_fifo_storage_mem\[7\][18],0,-1,2,9.995270416055706e-16,0.0,0.0,0.0
pci_target_unit_fifos_pcir_fifo_storage_mem\[7\][19],0,-1,2,9.995270416055706e-16,0.0,0.0,0.0
pci_target_unit_fifos_pcir_fifo_storage_mem\[7\][1],0,-1,2,9.995270416055706e-16,0.0,0.0,0.0
pci_target_unit_fifos_pcir_fifo_storage_mem\[7\][20],0,-1,2,9.995270416055706e-16,0.0,0.0,0.0
pci_target_unit_fifos_pcir_fifo_storage_mem\[7\][21],0,-1,2,8.367520319174421e-16,0.0,0.0,0.0
pci_target_unit_fifos_pcir_fifo_storage_mem\[7\][22],0,-1,2,8.367520319174421e-16,0.0,0.0,0.0
pci_target_unit_fifos_pcir_fifo_storage_mem\[7\][23],0,-1,2,8.30505005112764e-16,0.0,0.0,0.0
pci_target_unit_fifos_pcir_fifo_storage_mem\[7\][24],0,-1,2,8.367520319174421e-16,0.0,0.0,0.0
pci_target_unit_fifos_pcir_fifo_storage_mem\[7\][25],0,-1,2,9.995270416055706e-16,0.0,0.0,0.0
pci_target_unit_fifos_pcir_fifo_storage_mem\[7\][26],0,-1,2,9.995270416055706e-16,0.0,0.0,0.0
pci_target_unit_fifos_pcir_fifo_storage_mem\[7\][27],0,-1,2,9.995270416055706e-16,0.0,0.0,0.0
pci_target_unit_fifos_pcir_fifo_storage_mem\[7\][28],0,-1,2,9.995270416055706e-16,0.0,0.0,0.0
pci_target_unit_fifos_pcir_fifo_storage_mem\[7\][29],0,-1,2,9.98853015137793e-16,0.0,0.0,0.0
pci_target_unit_fifos_pcir_fifo_storage_mem\[7\][2],0,-1,2,8.367520319174421e-16,0.0,0.0,0.0
pci_target_unit_fifos_pcir_fifo_storage_mem\[7\][30],0,-1,2,9.995270416055706e-16,0.0,0.0,0.0
pci_target_unit_fifos_pcir_fifo_storage_mem\[7\][31],0,-1,2,8.574690284391838e-16,0.0,0.0,0.0
pci_target_unit_fifos_pcir_fifo_storage_mem\[7\][37],0,-1,2,9.995270416055706e-16,0.0,0.0,0.0
pci_target_unit_fifos_pcir_fifo_storage_mem\[7\][3],0,-1,2,9.995270416055706e-16,0.0,0.0,0.0
pci_target_unit_fifos_pcir_fifo_storage_mem\[7\][4],0,-1,2,9.995270416055706e-16,0.0,0.0,0.0
pci_target_unit_fifos_pcir_fifo_storage_mem\[7\][5],0,-1,2,9.995270416055706e-16,0.0,0.0,0.0
pci_target_unit_fifos_pcir_fifo_storage_mem\[7\][6],0,-1,2,9.995270416055706e-16,0.0,0.0,0.0
pci_target_unit_fifos_pcir_fifo_storage_mem\[7\][7],0,-1,2,9.995270416055706e-16,0.0,0.0,0.0
pci_target_unit_fifos_pcir_fifo_storage_mem\[7\][8],0,-1,2,8.367520319174421e-16,0.0,0.0,0.0
pci_target_unit_fifos_pcir_fifo_storage_mem\[7\][9],0,-1,2,8.367520319174421e-16,0.0,0.0,0.0
pci_target_unit_fifos_pcir_waddr[0],0,-1,7,4.8738987292688135e-15,0.0,0.0,0.0
pci_target_unit_fifos_pcir_whole_waddr[1],0,-1,6,2.9545762808991932e-15,0.0,0.0,0.0
pci_target_unit_fifos_pcir_whole_waddr[2],0,-1,9,4.572782751684646e-15,0.0,0.0,0.0
pci_target_unit_fifos_pciw_addr_data_in[10],0,-1,8,3.0712101766372686e-15,0.0,0.0,0.0
pci_target_unit_fifos_pciw_addr_data_in[11],0,-1,8,2.9273761471387263e-15,0.0,0.0,0.0
pci_target_unit_fifos_pciw_addr_data_in[12],0,-1,8,3.1588501345908293e-15,0.0,0.0,0.0
pci_target_unit_fifos_pciw_addr_data_in[13],0,-1,8,2.9273761471387263e-15,0.0,0.0,0.0
pci_target_unit_fifos_pciw_addr_data_in[14],0,-1,8,3.267062193492592e-15,0.0,0.0,0.0
pci_target_unit_fifos_pciw_addr_data_in[15],0,-1,8,3.1232281639940497e-15,0.0,0.0,0.0
pci_target_unit_fifos_pciw_addr_data_in[16],0,-1,8,3.284873178790982e-15,0.0,0.0,0.0
pci_target_unit_fifos_pciw_addr_data_in[17],0,-1,8,3.1232281639940497e-15,0.0,0.0,0.0
pci_target_unit_fifos_pciw_addr_data_in[18],0,-1,8,2.9273761471387263e-15,0.0,0.0,0.0
pci_target_unit_fifos_pciw_addr_data_in[19],0,-1,8,3.1410391492924395e-15,0.0,0.0,0.0
pci_target_unit_fifos_pciw_addr_data_in[1],0,-1,8,3.1583402207565822e-15,0.0,0.0,0.0
pci_target_unit_fifos_pciw_addr_data_in[20],0,-1,8,3.3113480405903622e-15,0.0,0.0,0.0
pci_target_unit_fifos_pciw_addr_data_in[21],0,-1,8,2.945187132437116e-15,0.0,0.0,0.0
pci_target_unit_fifos_pciw_addr_data_in[22],0,-1,8,2.980298977441412e-15,0.0,0.0,0.0
pci_target_unit_fifos_pciw_addr_data_in[23],0,-1,8,2.945187132437116e-15,0.0,0.0,0.0
pci_target_unit_fifos_pciw_addr_data_in[24],0,-1,8,2.9273761471387263e-15,0.0,0.0,0.0
pci_target_unit_fifos_pciw_addr_data_in[25],0,-1,8,2.962998117735506e-15,0.0,0.0,0.0
pci_target_unit_fifos_pciw_addr_data_in[26],0,-1,8,3.1232281639940497e-15,0.0,0.0,0.0
pci_target_unit_fifos_pciw_addr_data_in[27],0,-1,8,3.1410391492924395e-15,0.0,0.0,0.0
pci_target_unit_fifos_pciw_addr_data_in[28],0,-1,8,2.945187132437116e-15,0.0,0.0,0.0
pci_target_unit_fifos_pciw_addr_data_in[29],0,-1,8,2.9273761471387263e-15,0.0,0.0,0.0
pci_target_unit_fifos_pciw_addr_data_in[2],0,-1,8,2.9273761471387263e-15,0.0,0.0,0.0
pci_target_unit_fifos_pciw_addr_data_in[30],0,-1,8,3.1232281639940497e-15,0.0,0.0,0.0
pci_target_unit_fifos_pciw_addr_data_in[31],0,-1,8,2.9273761471387263e-15,0.0,0.0,0.0
pci_target_unit_fifos_pciw_addr_data_in[3],0,-1,8,2.9273761471387263e-15,0.0,0.0,0.0
pci_target_unit_fifos_pciw_addr_data_in[4],0,-1,8,2.9273761471387263e-15,0.0,0.0,0.0
pci_target_unit_fifos_pciw_addr_data_in[5],0,-1,8,3.0890211619356584e-15,0.0,0.0,0.0
pci_target_unit_fifos_pciw_addr_data_in[6],0,-1,8,2.9273761471387263e-15,0.0,0.0,0.0
pci_target_unit_fifos_pciw_addr_data_in[7],0,-1,8,3.0712101766372686e-15,0.0,0.0,0.0
pci_target_unit_fifos_pciw_addr_data_in[8],0,-1,8,2.9273761471387263e-15,0.0,0.0,0.0
pci_target_unit_fifos_pciw_addr_data_in[9],0,-1,8,3.0712101766372686e-15,0.0,0.0,0.0
pci_target_unit_fifos_pciw_addr_data_out[0],0,-1,2,7.615969690294953e-16,0.0,0.0,0.0
pci_target_unit_fifos_pciw_cbe_in[1],0,-1,8,2.9273761471387263e-15,0.0,0.0,0.0
pci_target_unit_fifos_pciw_cbe_in[2],0,-1,8,2.9273761471387263e-15,0.0,0.0,0.0
pci_target_unit_fifos_pciw_cbe_in[3],0,-1,8,3.1232281639940497e-15,0.0,0.0,0.0
pci_target_unit_fifos_pciw_cbe_out[0],0,-1,2,9.227500694423095e-16,0.0,0.0,0.0
pci_target_unit_fifos_pciw_control_in[1],0,-1,8,3.1232281639940497e-15,0.0,0.0,0.0
pci_target_unit_fifos_pciw_control_in[2],0,-1,8,3.1232281639940497e-15,0.0,0.0,0.0
pci_target_unit_fifos_pciw_control_in[3],0,-1,8,3.1232281639940497e-15,0.0,0.0,0.0
pci_target_unit_fifos_pciw_control_out[0],0,-1,3,2.1739591870391026e-15,0.0,0.0,0.0
pci_target_unit_fifos_pciw_fifo_ctrl_raddr[0],0,-1,2,1.257352012288518e-15,0.0,0.0,0.0
pci_target_unit_fifos_pciw_fifo_ctrl_raddr[1],0,-1,3,3.163903956670622e-15,0.0,0.0,0.0
pci_target_unit_fifos_pciw_fifo_ctrl_raddr[2],0,-1,3,2.5030359339703713e-15,0.0,0.0,0.0
pci_target_unit_fifos_pciw_fifo_ctrl_raddr_plus_one[0],0,-1,3,1.2138651290182455e-15,0.0,0.0,0.0
pci_target_unit_fifos_pciw_fifo_ctrl_raddr_plus_one[1],0,-1,2,1.5761629316573015e-15,0.0,0.0,0.0
pci_target_unit_fifos_pciw_fifo_ctrl_raddr_plus_one[2],0,-1,2,2.3028399086450543e-15,0.0,0.0,0.0
pci_target_unit_fifos_pciw_fifo_ctrl_rclk_sync_wgrey_addr[0],0,-1,1,2.7572301508644724e-16,0.0,0.0,0.0
pci_target_unit_fifos_pciw_fifo_ctrl_rclk_sync_wgrey_addr[1],0,-1,1,2.7572301508644724e-16,0.0,0.0,0.0
pci_target_unit_fifos_pciw_fifo_ctrl_rclk_sync_wgrey_addr[2],0,-1,1,2.7572301508644724e-16,0.0,0.0,0.0
pci_target_unit_fifos_pciw_fifo_ctrl_rclk_wgrey_addr[0],0,-1,2,1.3842160543261757e-15,0.0,0.0,0.0
pci_target_unit_fifos_pciw_fifo_ctrl_rgrey_addr[0],0,-1,2,1.3930660663173254e-15,0.0,0.0,0.0
pci_target_unit_fifos_pciw_fifo_ctrl_rgrey_addr[1],0,-1,4,1.5444930050341737e-15,0.0,0.0,0.0
pci_target_unit_fifos_pciw_fifo_ctrl_rgrey_addr[2],0,-1,3,1.3124330825408075e-15,0.0,0.0,0.0
pci_target_unit_fifos_pciw_fifo_ctrl_rgrey_minus1[0],0,-1,2,7.68499017000197e-16,0.0,0.0,0.0
pci_target_unit_fifos_pciw_fifo_ctrl_rgrey_minus1[1],0,-1,2,7.68499017000197e-16,0.0,0.0,0.0
pci_target_unit_fifos_pciw_fifo_ctrl_rgrey_minus1[2],0,-1,2,7.68499017000197e-16,0.0,0.0,0.0
pci_target_unit_fifos_pciw_fifo_ctrl_rgrey_minus2[0],0,-1,2,6.783000666338627e-16,0.0,0.0,0.0
pci_target_unit_fifos_pciw_fifo_ctrl_rgrey_minus2[1],0,-1,2,6.783000666338627e-16,0.0,0.0,0.0
pci_target_unit_fifos_pciw_fifo_ctrl_rgrey_minus2[2],0,-1,2,6.783000666338627e-16,0.0,0.0,0.0
pci_target_unit_fifos_pciw_fifo_ctrl_rgrey_next[0],0,-1,4,1.53918803768552e-15,0.0,0.0,0.0
pci_target_unit_fifos_pciw_fifo_ctrl_rgrey_next[1],0,-1,4,1.644045951995274e-15,0.0,0.0,0.0
pci_target_unit_fifos_pciw_fifo_ctrl_rgrey_next[2],0,-1,4,1.6443058852309627e-15,0.0,0.0,0.0
pci_target_unit_fifos_pciw_fifo_ctrl_waddr_plus1[0],0,-1,5,1.9223120511569543e-15,0.0,0.0,0.0
pci_target_unit_fifos_pciw_fifo_ctrl_waddr_plus1[1],0,-1,5,2.496422088959973e-15,0.0,0.0,0.0
pci_target_unit_fifos_pciw_fifo_ctrl_waddr_plus1[2],0,-1,6,2.4319969747500477e-15,0.0,0.0,0.0
pci_target_unit_fifos_pciw_fifo_ctrl_wclk_rgrey_minus2[0],0,-1,2,1.3348279983915008e-15,0.0,0.0,0.0
pci_target_unit_fifos_pciw_fifo_ctrl_wclk_rgrey_minus2[1],0,-1,1,6.674139991957504e-16,0.0,0.0,0.0
pci_target_unit_fifos_pciw_fifo_ctrl_wclk_rgrey_minus2[2],0,-1,5,2.4455598780597203e-15,0.0,0.0,0.0
pci_target_unit_fifos_pciw_fifo_ctrl_wclk_sync_rgrey_minus2[0],0,-1,1,2.7572301508644724e-16,0.0,0.0,0.0
pci_target_unit_fifos_pciw_fifo_ctrl_wclk_sync_rgrey_minus2[1],0,-1,1,2.7572301508644724e-16,0.0,0.0,0.0
pci_target_unit_fifos_pciw_fifo_ctrl_wclk_sync_rgrey_minus2[2],0,-1,1,2.7572301508644724e-16,0.0,0.0,0.0
pci_target_unit_fifos_pciw_fifo_ctrl_wgrey_addr[0],0,-1,5,1.9469990381629177e-15,0.0,0.0,0.0
pci_target_unit_fifos_pciw_fifo_ctrl_wgrey_addr[1],0,-1,4,1.4907269534324965e-15,0.0,0.0,0.0
pci_target_unit_fifos_pciw_fifo_ctrl_wgrey_addr[2],0,-1,4,1.6354690022504954e-15,0.0,0.0,0.0
pci_target_unit_fifos_pciw_fifo_ctrl_wgrey_minus1[0],0,-1,3,1.4347058883669916e-15,0.0,0.0,0.0
pci_target_unit_fifos_pciw_fifo_ctrl_wgrey_minus1[1],0,-1,3,1.5215860577668652e-15,0.0,0.0,0.0
pci_target_unit_fifos_pciw_fifo_ctrl_wgrey_minus1[2],0,-1,3,1.200034986813714e-15,0.0,0.0,0.0
pci_target_unit_fifos_pciw_fifo_ctrl_wgrey_next[0],0,-1,4,1.5731930223859911e-15,0.0,0.0,0.0
pci_target_unit_fifos_pciw_fifo_ctrl_wgrey_next[1],0,-1,4,1.5568160638673029e-15,0.0,0.0,0.0
pci_target_unit_fifos_pciw_fifo_ctrl_wgrey_next[2],0,-1,4,1.4574330528912454e-15,0.0,0.0,0.0
pci_target_unit_fifos_pciw_fifo_ctrl_wgrey_next_plus1[0],0,-1,3,1.2315340245397334e-15,0.0,0.0,0.0
pci_target_unit_fifos_pciw_fifo_ctrl_wgrey_next_plus1[1],0,-1,3,1.0597011092114634e-15,0.0,0.0,0.0
pci_target_unit_fifos_pciw_fifo_ctrl_wgrey_next_plus1[2],0,-1,3,1.1630681396549315e-15,0.0,0.0,0.0
pci_target_unit_fifos_pciw_fifo_storage_mem\[0\][0],0,-1,2,7.863100022985868e-16,0.0,0.0,0.0
pci_target_unit_fifos_pciw_fifo_storage_mem\[0\][10],0,-1,2,7.863100022985868e-16,0.0,0.0,0.0
pci_target_unit_fifos_pciw_fifo_storage_mem\[0\][11],0,-1,2,7.863100022985868e-16,0.0,0.0,0.0
pci_target_unit_fifos_pciw_fifo_storage_mem\[0\][12],0,-1,2,7.863100022985868e-16,0.0,0.0,0.0
pci_target_unit_fifos_pciw_fifo_storage_mem\[0\][13],0,-1,2,7.863100022985868e-16,0.0,0.0,0.0
pci_target_unit_fifos_pciw_fifo_storage_mem\[0\][14],0,-1,2,7.863100022985868e-16,0.0,0.0,0.0
pci_target_unit_fifos_pciw_fifo_storage_mem\[0\][15],0,-1,2,7.863100022985868e-16,0.0,0.0,0.0
pci_target_unit_fifos_pciw_fifo_storage_mem\[0\][16],0,-1,2,7.863100022985868e-16,0.0,0.0,0.0
pci_target_unit_fifos_pciw_fifo_storage_mem\[0\][17],0,-1,2,7.863100022985868e-16,0.0,0.0,0.0
pci_target_unit_fifos_pciw_fifo_storage_mem\[0\][18],0,-1,2,7.863100022985868e-16,0.0,0.0,0.0
pci_target_unit_fifos_pciw_fifo_storage_mem\[0\][19],0,-1,2,7.863100022985868e-16,0.0,0.0,0.0
pci_target_unit_fifos_pciw_fifo_storage_mem\[0\][1],0,-1,2,7.863100022985868e-16,0.0,0.0,0.0
pci_target_unit_fifos_pciw_fifo_storage_mem\[0\][20],0,-1,2,7.863100022985868e-16,0.0,0.0,0.0
pci_target_unit_fifos_pciw_fifo_storage_mem\[0\][21],0,-1,2,7.863100022985868e-16,0.0,0.0,0.0
pci_target_unit_fifos_pciw_fifo_storage_mem\[0\][22],0,-1,2,7.863100022985868e-16,0.0,0.0,0.0
pci_target_unit_fifos_pciw_fifo_storage_mem\[0\][23],0,-1,2,8.138710779737024e-16,0.0,0.0,0.0
pci_target_unit_fifos_pciw_fifo_storage_mem\[0\][24],0,-1,2,7.863100022985868e-16,0.0,0.0,0.0
pci_target_unit_fifos_pciw_fifo_storage_mem\[0\][25],0,-1,2,7.863100022985868e-16,0.0,0.0,0.0
pci_target_unit_fifos_pciw_fifo_storage_mem\[0\][26],0,-1,2,7.863100022985868e-16,0.0,0.0,0.0
pci_target_unit_fifos_pciw_fifo_storage_mem\[0\][27],0,-1,2,7.863100022985868e-16,0.0,0.0,0.0
pci_target_unit_fifos_pciw_fifo_storage_mem\[0\][28],0,-1,2,7.863100022985868e-16,0.0,0.0,0.0
pci_target_unit_fifos_pciw_fifo_storage_mem\[0\][29],0,-1,2,7.863100022985868e-16,0.0,0.0,0.0
pci_target_unit_fifos_pciw_fifo_storage_mem\[0\][2],0,-1,2,7.863100022985868e-16,0.0,0.0,0.0
pci_target_unit_fifos_pciw_fifo_storage_mem\[0\][30],0,-1,2,7.863100022985868e-16,0.0,0.0,0.0
pci_target_unit_fifos_pciw_fifo_storage_mem\[0\][31],0,-1,2,8.138710779737024e-16,0.0,0.0,0.0
pci_target_unit_fifos_pciw_fifo_storage_mem\[0\][32],0,-1,2,7.863100022985868e-16,0.0,0.0,0.0
pci_target_unit_fifos_pciw_fifo_storage_mem\[0\][33],0,-1,2,7.863100022985868e-16,0.0,0.0,0.0
pci_target_unit_fifos_pciw_fifo_storage_mem\[0\][34],0,-1,2,7.863100022985868e-16,0.0,0.0,0.0
pci_target_unit_fifos_pciw_fifo_storage_mem\[0\][35],0,-1,2,7.863100022985868e-16,0.0,0.0,0.0
pci_target_unit_fifos_pciw_fifo_storage_mem\[0\][36],0,-1,2,8.051540501552716e-16,0.0,0.0,0.0
pci_target_unit_fifos_pciw_fifo_storage_mem\[0\][37],0,-1,2,7.863100022985868e-16,0.0,0.0,0.0
pci_target_unit_fifos_pciw_fifo_storage_mem\[0\][38],0,-1,2,8.263830251540693e-16,0.0,0.0,0.0
pci_target_unit_fifos_pciw_fifo_storage_mem\[0\][39],0,-1,2,8.051540501552716e-16,0.0,0.0,0.0
pci_target_unit_fifos_pciw_fifo_storage_mem\[0\][3],0,-1,2,7.863100022985868e-16,0.0,0.0,0.0
pci_target_unit_fifos_pciw_fifo_storage_mem\[0\][4],0,-1,2,7.863100022985868e-16,0.0,0.0,0.0
pci_target_unit_fifos_pciw_fifo_storage_mem\[0\][5],0,-1,2,7.863100022985868e-16,0.0,0.0,0.0
pci_target_unit_fifos_pciw_fifo_storage_mem\[0\][6],0,-1,2,7.863100022985868e-16,0.0,0.0,0.0
pci_target_unit_fifos_pciw_fifo_storage_mem\[0\][7],0,-1,2,7.863100022985868e-16,0.0,0.0,0.0
pci_target_unit_fifos_pciw_fifo_storage_mem\[0\][8],0,-1,2,7.863100022985868e-16,0.0,0.0,0.0
pci_target_unit_fifos_pciw_fifo_storage_mem\[0\][9],0,-1,2,7.863100022985868e-16,0.0,0.0,0.0
pci_target_unit_fifos_pciw_fifo_storage_mem\[1\][0],0,-1,2,8.212540289002077e-16,0.0,0.0,0.0
pci_target_unit_fifos_pciw_fifo_storage_mem\[1\][10],0,-1,2,8.212540289002077e-16,0.0,0.0,0.0
pci_target_unit_fifos_pciw_fifo_storage_mem\[1\][11],0,-1,2,8.212540289002077e-16,0.0,0.0,0.0
pci_target_unit_fifos_pciw_fifo_storage_mem\[1\][12],0,-1,2,8.212540289002077e-16,0.0,0.0,0.0
pci_target_unit_fifos_pciw_fifo_storage_mem\[1\][13],0,-1,2,8.212540289002077e-16,0.0,0.0,0.0
pci_target_unit_fifos_pciw_fifo_storage_mem\[1\][14],0,-1,2,8.212540289002077e-16,0.0,0.0,0.0
pci_target_unit_fifos_pciw_fifo_storage_mem\[1\][15],0,-1,2,8.212540289002077e-16,0.0,0.0,0.0
pci_target_unit_fifos_pciw_fifo_storage_mem\[1\][16],0,-1,2,8.212540289002077e-16,0.0,0.0,0.0
pci_target_unit_fifos_pciw_fifo_storage_mem\[1\][17],0,-1,2,8.212540289002077e-16,0.0,0.0,0.0
pci_target_unit_fifos_pciw_fifo_storage_mem\[1\][18],0,-1,2,8.212540289002077e-16,0.0,0.0,0.0
pci_target_unit_fifos_pciw_fifo_storage_mem\[1\][19],0,-1,2,8.212540289002077e-16,0.0,0.0,0.0
pci_target_unit_fifos_pciw_fifo_storage_mem\[1\][1],0,-1,2,8.212540289002077e-16,0.0,0.0,0.0
pci_target_unit_fifos_pciw_fifo_storage_mem\[1\][20],0,-1,2,8.212540289002077e-16,0.0,0.0,0.0
pci_target_unit_fifos_pciw_fifo_storage_mem\[1\][21],0,-1,2,8.212540289002077e-16,0.0,0.0,0.0
pci_target_unit_fifos_pciw_fifo_storage_mem\[1\][22],0,-1,2,8.212540289002077e-16,0.0,0.0,0.0
pci_target_unit_fifos_pciw_fifo_storage_mem\[1\][23],0,-1,2,8.212540289002077e-16,0.0,0.0,0.0
pci_target_unit_fifos_pciw_fifo_storage_mem\[1\][24],0,-1,2,8.212540289002077e-16,0.0,0.0,0.0
pci_target_unit_fifos_pciw_fifo_storage_mem\[1\][25],0,-1,2,8.212540289002077e-16,0.0,0.0,0.0
pci_target_unit_fifos_pciw_fifo_storage_mem\[1\][26],0,-1,2,8.212540289002077e-16,0.0,0.0,0.0
pci_target_unit_fifos_pciw_fifo_storage_mem\[1\][27],0,-1,2,8.212540289002077e-16,0.0,0.0,0.0
pci_target_unit_fifos_pciw_fifo_storage_mem\[1\][28],0,-1,2,8.212540289002077e-16,0.0,0.0,0.0
pci_target_unit_fifos_pciw_fifo_storage_mem\[1\][29],0,-1,2,8.212540289002077e-16,0.0,0.0,0.0
pci_target_unit_fifos_pciw_fifo_storage_mem\[1\][2],0,-1,2,8.212540289002077e-16,0.0,0.0,0.0
pci_target_unit_fifos_pciw_fifo_storage_mem\[1\][30],0,-1,2,8.212540289002077e-16,0.0,0.0,0.0
pci_target_unit_fifos_pciw_fifo_storage_mem\[1\][31],0,-1,2,8.212540289002077e-16,0.0,0.0,0.0
pci_target_unit_fifos_pciw_fifo_storage_mem\[1\][32],0,-1,2,8.212540289002077e-16,0.0,0.0,0.0
pci_target_unit_fifos_pciw_fifo_storage_mem\[1\][33],0,-1,2,8.212540289002077e-16,0.0,0.0,0.0
pci_target_unit_fifos_pciw_fifo_storage_mem\[1\][34],0,-1,2,8.212540289002077e-16,0.0,0.0,0.0
pci_target_unit_fifos_pciw_fifo_storage_mem\[1\][35],0,-1,2,8.212540289002077e-16,0.0,0.0,0.0
pci_target_unit_fifos_pciw_fifo_storage_mem\[1\][36],0,-1,2,7.68499017000197e-16,0.0,0.0,0.0
pci_target_unit_fifos_pciw_fifo_storage_mem\[1\][37],0,-1,2,8.212540289002077e-16,0.0,0.0,0.0
pci_target_unit_fifos_pciw_fifo_storage_mem\[1\][38],0,-1,2,7.68499017000197e-16,0.0,0.0,0.0
pci_target_unit_fifos_pciw_fifo_storage_mem\[1\][39],0,-1,2,7.68499017000197e-16,0.0,0.0,0.0
pci_target_unit_fifos_pciw_fifo_storage_mem\[1\][3],0,-1,2,8.212540289002077e-16,0.0,0.0,0.0
pci_target_unit_fifos_pciw_fifo_storage_mem\[1\][4],0,-1,2,8.212540289002077e-16,0.0,0.0,0.0
pci_target_unit_fifos_pciw_fifo_storage_mem\[1\][5],0,-1,2,8.212540289002077e-16,0.0,0.0,0.0
pci_target_unit_fifos_pciw_fifo_storage_mem\[1\][6],0,-1,2,8.212540289002077e-16,0.0,0.0,0.0
pci_target_unit_fifos_pciw_fifo_storage_mem\[1\][7],0,-1,2,8.212540289002077e-16,0.0,0.0,0.0
pci_target_unit_fifos_pciw_fifo_storage_mem\[1\][8],0,-1,2,8.212540289002077e-16,0.0,0.0,0.0
pci_target_unit_fifos_pciw_fifo_storage_mem\[1\][9],0,-1,2,8.212540289002077e-16,0.0,0.0,0.0
pci_target_unit_fifos_pciw_fifo_storage_mem\[2\][0],0,-1,2,9.98853015137793e-16,0.0,0.0,0.0
pci_target_unit_fifos_pciw_fifo_storage_mem\[2\][10],0,-1,2,9.98853015137793e-16,0.0,0.0,0.0
pci_target_unit_fifos_pciw_fifo_storage_mem\[2\][11],0,-1,2,9.98853015137793e-16,0.0,0.0,0.0
pci_target_unit_fifos_pciw_fifo_storage_mem\[2\][12],0,-1,2,1.0149529938827291e-15,0.0,0.0,0.0
pci_target_unit_fifos_pciw_fifo_storage_mem\[2\][13],0,-1,2,9.98853015137793e-16,0.0,0.0,0.0
pci_target_unit_fifos_pciw_fifo_storage_mem\[2\][14],0,-1,2,1.1455650508328686e-15,0.0,0.0,0.0
pci_target_unit_fifos_pciw_fifo_storage_mem\[2\][15],0,-1,2,9.98853015137793e-16,0.0,0.0,0.0
pci_target_unit_fifos_pciw_fifo_storage_mem\[2\][16],0,-1,2,1.0149529938827291e-15,0.0,0.0,0.0
pci_target_unit_fifos_pciw_fifo_storage_mem\[2\][17],0,-1,2,9.98853015137793e-16,0.0,0.0,0.0
pci_target_unit_fifos_pciw_fifo_storage_mem\[2\][18],0,-1,2,9.98853015137793e-16,0.0,0.0,0.0
pci_target_unit_fifos_pciw_fifo_storage_mem\[2\][19],0,-1,2,1.0149529938827291e-15,0.0,0.0,0.0
pci_target_unit_fifos_pciw_fifo_storage_mem\[2\][1],0,-1,2,1.0310970183409224e-15,0.0,0.0,0.0
pci_target_unit_fifos_pciw_fifo_storage_mem\[2\][20],0,-1,2,1.1691470833591388e-15,0.0,0.0,0.0
pci_target_unit_fifos_pciw_fifo_storage_mem\[2\][21],0,-1,2,1.0149529938827291e-15,0.0,0.0,0.0
pci_target_unit_fifos_pciw_fifo_storage_mem\[2\][22],0,-1,2,1.0310970183409224e-15,0.0,0.0,0.0
pci_target_unit_fifos_pciw_fifo_storage_mem\[2\][23],0,-1,2,9.98853015137793e-16,0.0,0.0,0.0
pci_target_unit_fifos_pciw_fifo_storage_mem\[2\][24],0,-1,2,9.98853015137793e-16,0.0,0.0,0.0
pci_target_unit_fifos_pciw_fifo_storage_mem\[2\][25],0,-1,2,1.0149529938827291e-15,0.0,0.0,0.0
pci_target_unit_fifos_pciw_fifo_storage_mem\[2\][26],0,-1,2,9.98853015137793e-16,0.0,0.0,0.0
pci_target_unit_fifos_pciw_fifo_storage_mem\[2\][27],0,-1,2,1.0149529938827291e-15,0.0,0.0,0.0
pci_target_unit_fifos_pciw_fifo_storage_mem\[2\][28],0,-1,2,9.98853015137793e-16,0.0,0.0,0.0
pci_target_unit_fifos_pciw_fifo_storage_mem\[2\][29],0,-1,2,9.98853015137793e-16,0.0,0.0,0.0
pci_target_unit_fifos_pciw_fifo_storage_mem\[2\][2],0,-1,2,9.98853015137793e-16,0.0,0.0,0.0
pci_target_unit_fifos_pciw_fifo_storage_mem\[2\][30],0,-1,2,9.98853015137793e-16,0.0,0.0,0.0
pci_target_unit_fifos_pciw_fifo_storage_mem\[2\][31],0,-1,2,1.021388961974204e-15,0.0,0.0,0.0
pci_target_unit_fifos_pciw_fifo_storage_mem\[2\][32],0,-1,2,9.98853015137793e-16,0.0,0.0,0.0
pci_target_unit_fifos_pciw_fifo_storage_mem\[2\][33],0,-1,2,9.98853015137793e-16,0.0,0.0,0.0
pci_target_unit_fifos_pciw_fifo_storage_mem\[2\][34],0,-1,2,9.98853015137793e-16,0.0,0.0,0.0
pci_target_unit_fifos_pciw_fifo_storage_mem\[2\][35],0,-1,2,9.98853015137793e-16,0.0,0.0,0.0
pci_target_unit_fifos_pciw_fifo_storage_mem\[2\][36],0,-1,2,1.0332290002691615e-15,0.0,0.0,0.0
pci_target_unit_fifos_pciw_fifo_storage_mem\[2\][37],0,-1,2,9.98853015137793e-16,0.0,0.0,0.0
pci_target_unit_fifos_pciw_fifo_storage_mem\[2\][38],0,-1,2,1.0332290002691615e-15,0.0,0.0,0.0
pci_target_unit_fifos_pciw_fifo_storage_mem\[2\][39],0,-1,2,1.0332290002691615e-15,0.0,0.0,0.0
pci_target_unit_fifos_pciw_fifo_storage_mem\[2\][3],0,-1,2,9.98853015137793e-16,0.0,0.0,0.0
pci_target_unit_fifos_pciw_fifo_storage_mem\[2\][4],0,-1,2,9.98853015137793e-16,0.0,0.0,0.0
pci_target_unit_fifos_pciw_fifo_storage_mem\[2\][5],0,-1,2,1.0149529938827291e-15,0.0,0.0,0.0
pci_target_unit_fifos_pciw_fifo_storage_mem\[2\][6],0,-1,2,9.98853015137793e-16,0.0,0.0,0.0
pci_target_unit_fifos_pciw_fifo_storage_mem\[2\][7],0,-1,2,9.98853015137793e-16,0.0,0.0,0.0
pci_target_unit_fifos_pciw_fifo_storage_mem\[2\][8],0,-1,2,9.98853015137793e-16,0.0,0.0,0.0
pci_target_unit_fifos_pciw_fifo_storage_mem\[2\][9],0,-1,2,9.98853015137793e-16,0.0,0.0,0.0
pci_target_unit_fifos_pciw_fifo_storage_mem\[3\][0],0,-1,2,1.0332290002691615e-15,0.0,0.0,0.0
pci_target_unit_fifos_pciw_fifo_storage_mem\[3\][10],0,-1,2,9.995270416055706e-16,0.0,0.0,0.0
pci_target_unit_fifos_pciw_fifo_storage_mem\[3\][11],0,-1,2,9.995270416055706e-16,0.0,0.0,0.0
pci_target_unit_fifos_pciw_fifo_storage_mem\[3\][12],0,-1,2,1.0332290002691615e-15,0.0,0.0,0.0
pci_target_unit_fifos_pciw_fifo_storage_mem\[3\][13],0,-1,2,1.0332290002691615e-15,0.0,0.0,0.0
pci_target_unit_fifos_pciw_fifo_storage_mem\[3\][14],0,-1,2,1.0332290002691615e-15,0.0,0.0,0.0
pci_target_unit_fifos_pciw_fifo_storage_mem\[3\][15],0,-1,2,1.0332290002691615e-15,0.0,0.0,0.0
pci_target_unit_fifos_pciw_fifo_storage_mem\[3\][16],0,-1,2,9.995270416055706e-16,0.0,0.0,0.0
pci_target_unit_fifos_pciw_fifo_storage_mem\[3\][17],0,-1,2,1.0332290002691615e-15,0.0,0.0,0.0
pci_target_unit_fifos_pciw_fifo_storage_mem\[3\][18],0,-1,2,1.0332290002691615e-15,0.0,0.0,0.0
pci_target_unit_fifos_pciw_fifo_storage_mem\[3\][19],0,-1,2,1.0332290002691615e-15,0.0,0.0,0.0
pci_target_unit_fifos_pciw_fifo_storage_mem\[3\][1],0,-1,2,9.995270416055706e-16,0.0,0.0,0.0
pci_target_unit_fifos_pciw_fifo_storage_mem\[3\][20],0,-1,2,1.0332290002691615e-15,0.0,0.0,0.0
pci_target_unit_fifos_pciw_fifo_storage_mem\[3\][21],0,-1,2,9.995270416055706e-16,0.0,0.0,0.0
pci_target_unit_fifos_pciw_fifo_storage_mem\[3\][22],0,-1,2,1.0332290002691615e-15,0.0,0.0,0.0
pci_target_unit_fifos_pciw_fifo_storage_mem\[3\][23],0,-1,2,1.0332290002691615e-15,0.0,0.0,0.0
pci_target_unit_fifos_pciw_fifo_storage_mem\[3\][24],0,-1,2,1.0332290002691615e-15,0.0,0.0,0.0
pci_target_unit_fifos_pciw_fifo_storage_mem\[3\][25],0,-1,2,1.0332290002691615e-15,0.0,0.0,0.0
pci_target_unit_fifos_pciw_fifo_storage_mem\[3\][26],0,-1,2,9.995270416055706e-16,0.0,0.0,0.0
pci_target_unit_fifos_pciw_fifo_storage_mem\[3\][27],0,-1,2,1.0544579752679592e-15,0.0,0.0,0.0
pci_target_unit_fifos_pciw_fifo_storage_mem\[3\][28],0,-1,2,9.995270416055706e-16,0.0,0.0,0.0
pci_target_unit_fifos_pciw_fifo_storage_mem\[3\][29],0,-1,2,9.995270416055706e-16,0.0,0.0,0.0
pci_target_unit_fifos_pciw_fifo_storage_mem\[3\][2],0,-1,2,1.0544579752679592e-15,0.0,0.0,0.0
pci_target_unit_fifos_pciw_fifo_storage_mem\[3\][30],0,-1,2,9.995270416055706e-16,0.0,0.0,0.0
pci_target_unit_fifos_pciw_fifo_storage_mem\[3\][31],0,-1,2,1.0332290002691615e-15,0.0,0.0,0.0
pci_target_unit_fifos_pciw_fifo_storage_mem\[3\][32],0,-1,2,1.0332290002691615e-15,0.0,0.0,0.0
pci_target_unit_fifos_pciw_fifo_storage_mem\[3\][33],0,-1,2,9.995270416055706e-16,0.0,0.0,0.0
pci_target_unit_fifos_pciw_fifo_storage_mem\[3\][34],0,-1,2,1.0332290002691615e-15,0.0,0.0,0.0
pci_target_unit_fifos_pciw_fifo_storage_mem\[3\][35],0,-1,2,1.0332290002691615e-15,0.0,0.0,0.0
pci_target_unit_fifos_pciw_fifo_storage_mem\[3\][36],0,-1,2,1.0332290002691615e-15,0.0,0.0,0.0
pci_target_unit_fifos_pciw_fifo_storage_mem\[3\][37],0,-1,2,1.0332290002691615e-15,0.0,0.0,0.0
pci_target_unit_fifos_pciw_fifo_storage_mem\[3\][38],0,-1,2,1.0332290002691615e-15,0.0,0.0,0.0
pci_target_unit_fifos_pciw_fifo_storage_mem\[3\][39],0,-1,2,1.0332290002691615e-15,0.0,0.0,0.0
pci_target_unit_fifos_pciw_fifo_storage_mem\[3\][3],0,-1,2,1.0332290002691615e-15,0.0,0.0,0.0
pci_target_unit_fifos_pciw_fifo_storage_mem\[3\][4],0,-1,2,9.995270416055706e-16,0.0,0.0,0.0
pci_target_unit_fifos_pciw_fifo_storage_mem\[3\][5],0,-1,2,9.995270416055706e-16,0.0,0.0,0.0
pci_target_unit_fifos_pciw_fifo_storage_mem\[3\][6],0,-1,2,9.995270416055706e-16,0.0,0.0,0.0
pci_target_unit_fifos_pciw_fifo_storage_mem\[3\][7],0,-1,2,9.995270416055706e-16,0.0,0.0,0.0
pci_target_unit_fifos_pciw_fifo_storage_mem\[3\][8],0,-1,2,1.0332290002691615e-15,0.0,0.0,0.0
pci_target_unit_fifos_pciw_fifo_storage_mem\[3\][9],0,-1,2,1.0332290002691615e-15,0.0,0.0,0.0
pci_target_unit_fifos_pciw_fifo_storage_mem\[4\][0],0,-1,2,9.98853015137793e-16,0.0,0.0,0.0
pci_target_unit_fifos_pciw_fifo_storage_mem\[4\][10],0,-1,2,9.98853015137793e-16,0.0,0.0,0.0
pci_target_unit_fifos_pciw_fifo_storage_mem\[4\][11],0,-1,2,9.98853015137793e-16,0.0,0.0,0.0
pci_target_unit_fifos_pciw_fifo_storage_mem\[4\][12],0,-1,2,9.995270416055706e-16,0.0,0.0,0.0
pci_target_unit_fifos_pciw_fifo_storage_mem\[4\][13],0,-1,2,9.98853015137793e-16,0.0,0.0,0.0
pci_target_unit_fifos_pciw_fifo_storage_mem\[4\][14],0,-1,2,9.98853015137793e-16,0.0,0.0,0.0
pci_target_unit_fifos_pciw_fifo_storage_mem\[4\][15],0,-1,2,9.98853015137793e-16,0.0,0.0,0.0
pci_target_unit_fifos_pciw_fifo_storage_mem\[4\][16],0,-1,2,9.98853015137793e-16,0.0,0.0,0.0
pci_target_unit_fifos_pciw_fifo_storage_mem\[4\][17],0,-1,2,9.98853015137793e-16,0.0,0.0,0.0
pci_target_unit_fifos_pciw_fifo_storage_mem\[4\][18],0,-1,2,9.98853015137793e-16,0.0,0.0,0.0
pci_target_unit_fifos_pciw_fifo_storage_mem\[4\][19],0,-1,2,9.643510338555204e-16,0.0,0.0,0.0
pci_target_unit_fifos_pciw_fifo_storage_mem\[4\][1],0,-1,2,9.98853015137793e-16,0.0,0.0,0.0
pci_target_unit_fifos_pciw_fifo_storage_mem\[4\][20],0,-1,2,9.98853015137793e-16,0.0,0.0,0.0
pci_target_unit_fifos_pciw_fifo_storage_mem\[4\][21],0,-1,2,9.98853015137793e-16,0.0,0.0,0.0
pci_target_unit_fifos_pciw_fifo_storage_mem\[4\][22],0,-1,2,9.643510338555204e-16,0.0,0.0,0.0
pci_target_unit_fifos_pciw_fifo_storage_mem\[4\][23],0,-1,2,9.98853015137793e-16,0.0,0.0,0.0
pci_target_unit_fifos_pciw_fifo_storage_mem\[4\][24],0,-1,2,9.98853015137793e-16,0.0,0.0,0.0
pci_target_unit_fifos_pciw_fifo_storage_mem\[4\][25],0,-1,2,9.98853015137793e-16,0.0,0.0,0.0
pci_target_unit_fifos_pciw_fifo_storage_mem\[4\][26],0,-1,2,9.98853015137793e-16,0.0,0.0,0.0
pci_target_unit_fifos_pciw_fifo_storage_mem\[4\][27],0,-1,2,9.98853015137793e-16,0.0,0.0,0.0
pci_target_unit_fifos_pciw_fifo_storage_mem\[4\][28],0,-1,2,9.98853015137793e-16,0.0,0.0,0.0
pci_target_unit_fifos_pciw_fifo_storage_mem\[4\][29],0,-1,2,9.98853015137793e-16,0.0,0.0,0.0
pci_target_unit_fifos_pciw_fifo_storage_mem\[4\][2],0,-1,2,9.98853015137793e-16,0.0,0.0,0.0
pci_target_unit_fifos_pciw_fifo_storage_mem\[4\][30],0,-1,2,9.98853015137793e-16,0.0,0.0,0.0
pci_target_unit_fifos_pciw_fifo_storage_mem\[4\][31],0,-1,2,9.643510338555204e-16,0.0,0.0,0.0
pci_target_unit_fifos_pciw_fifo_storage_mem\[4\][32],0,-1,2,9.98853015137793e-16,0.0,0.0,0.0
pci_target_unit_fifos_pciw_fifo_storage_mem\[4\][33],0,-1,2,9.98853015137793e-16,0.0,0.0,0.0
pci_target_unit_fifos_pciw_fifo_storage_mem\[4\][34],0,-1,2,9.98853015137793e-16,0.0,0.0,0.0
pci_target_unit_fifos_pciw_fifo_storage_mem\[4\][35],0,-1,2,9.98853015137793e-16,0.0,0.0,0.0
pci_target_unit_fifos_pciw_fifo_storage_mem\[4\][36],0,-1,2,8.574690284391838e-16,0.0,0.0,0.0
pci_target_unit_fifos_pciw_fifo_storage_mem\[4\][37],0,-1,2,9.98853015137793e-16,0.0,0.0,0.0
pci_target_unit_fifos_pciw_fifo_storage_mem\[4\][38],0,-1,2,8.574690284391838e-16,0.0,0.0,0.0
pci_target_unit_fifos_pciw_fifo_storage_mem\[4\][39],0,-1,2,8.574690284391838e-16,0.0,0.0,0.0
pci_target_unit_fifos_pciw_fifo_storage_mem\[4\][3],0,-1,2,9.98853015137793e-16,0.0,0.0,0.0
pci_target_unit_fifos_pciw_fifo_storage_mem\[4\][4],0,-1,2,9.98853015137793e-16,0.0,0.0,0.0
pci_target_unit_fifos_pciw_fifo_storage_mem\[4\][5],0,-1,2,9.98853015137793e-16,0.0,0.0,0.0
pci_target_unit_fifos_pciw_fifo_storage_mem\[4\][6],0,-1,2,9.98853015137793e-16,0.0,0.0,0.0
pci_target_unit_fifos_pciw_fifo_storage_mem\[4\][7],0,-1,2,9.643510338555204e-16,0.0,0.0,0.0
pci_target_unit_fifos_pciw_fifo_storage_mem\[4\][8],0,-1,2,9.98853015137793e-16,0.0,0.0,0.0
pci_target_unit_fifos_pciw_fifo_storage_mem\[4\][9],0,-1,2,9.643510338555204e-16,0.0,0.0,0.0
pci_target_unit_fifos_pciw_fifo_storage_mem\[5\][0],0,-1,2,9.995270416055706e-16,0.0,0.0,0.0
pci_target_unit_fifos_pciw_fifo_storage_mem\[5\][10],0,-1,2,9.995270416055706e-16,0.0,0.0,0.0
pci_target_unit_fifos_pciw_fifo_storage_mem\[5\][11],0,-1,2,9.995270416055706e-16,0.0,0.0,0.0
pci_target_unit_fifos_pciw_fifo_storage_mem\[5\][12],0,-1,2,9.98853015137793e-16,0.0,0.0,0.0
pci_target_unit_fifos_pciw_fifo_storage_mem\[5\][13],0,-1,2,9.995270416055706e-16,0.0,0.0,0.0
pci_target_unit_fifos_pciw_fifo_storage_mem\[5\][14],0,-1,2,9.995270416055706e-16,0.0,0.0,0.0
pci_target_unit_fifos_pciw_fifo_storage_mem\[5\][15],0,-1,2,9.995270416055706e-16,0.0,0.0,0.0
pci_target_unit_fifos_pciw_fifo_storage_mem\[5\][16],0,-1,2,9.995270416055706e-16,0.0,0.0,0.0
pci_target_unit_fifos_pciw_fifo_storage_mem\[5\][17],0,-1,2,9.995270416055706e-16,0.0,0.0,0.0
pci_target_unit_fifos_pciw_fifo_storage_mem\[5\][18],0,-1,2,9.995270416055706e-16,0.0,0.0,0.0
pci_target_unit_fifos_pciw_fifo_storage_mem\[5\][19],0,-1,2,9.995270416055706e-16,0.0,0.0,0.0
pci_target_unit_fifos_pciw_fifo_storage_mem\[5\][1],0,-1,2,9.995270416055706e-16,0.0,0.0,0.0
pci_target_unit_fifos_pciw_fifo_storage_mem\[5\][20],0,-1,2,9.995270416055706e-16,0.0,0.0,0.0
pci_target_unit_fifos_pciw_fifo_storage_mem\[5\][21],0,-1,2,9.995270416055706e-16,0.0,0.0,0.0
pci_target_unit_fifos_pciw_fifo_storage_mem\[5\][22],0,-1,2,1.0332290002691615e-15,0.0,0.0,0.0
pci_target_unit_fifos_pciw_fifo_storage_mem\[5\][23],0,-1,2,9.995270416055706e-16,0.0,0.0,0.0
pci_target_unit_fifos_pciw_fifo_storage_mem\[5\][24],0,-1,2,9.995270416055706e-16,0.0,0.0,0.0
pci_target_unit_fifos_pciw_fifo_storage_mem\[5\][25],0,-1,2,9.995270416055706e-16,0.0,0.0,0.0
pci_target_unit_fifos_pciw_fifo_storage_mem\[5\][26],0,-1,2,1.0332290002691615e-15,0.0,0.0,0.0
pci_target_unit_fifos_pciw_fifo_storage_mem\[5\][27],0,-1,2,9.995270416055706e-16,0.0,0.0,0.0
pci_target_unit_fifos_pciw_fifo_storage_mem\[5\][28],0,-1,2,9.995270416055706e-16,0.0,0.0,0.0
pci_target_unit_fifos_pciw_fifo_storage_mem\[5\][29],0,-1,2,9.995270416055706e-16,0.0,0.0,0.0
pci_target_unit_fifos_pciw_fifo_storage_mem\[5\][2],0,-1,2,9.995270416055706e-16,0.0,0.0,0.0
pci_target_unit_fifos_pciw_fifo_storage_mem\[5\][30],0,-1,2,9.995270416055706e-16,0.0,0.0,0.0
pci_target_unit_fifos_pciw_fifo_storage_mem\[5\][31],0,-1,2,9.995270416055706e-16,0.0,0.0,0.0
pci_target_unit_fifos_pciw_fifo_storage_mem\[5\][32],0,-1,2,9.995270416055706e-16,0.0,0.0,0.0
pci_target_unit_fifos_pciw_fifo_storage_mem\[5\][33],0,-1,2,9.995270416055706e-16,0.0,0.0,0.0
pci_target_unit_fifos_pciw_fifo_storage_mem\[5\][34],0,-1,2,9.995270416055706e-16,0.0,0.0,0.0
pci_target_unit_fifos_pciw_fifo_storage_mem\[5\][35],0,-1,2,9.995270416055706e-16,0.0,0.0,0.0
pci_target_unit_fifos_pciw_fifo_storage_mem\[5\][36],0,-1,2,9.98853015137793e-16,0.0,0.0,0.0
pci_target_unit_fifos_pciw_fifo_storage_mem\[5\][37],0,-1,2,9.995270416055706e-16,0.0,0.0,0.0
pci_target_unit_fifos_pciw_fifo_storage_mem\[5\][38],0,-1,2,9.98853015137793e-16,0.0,0.0,0.0
pci_target_unit_fifos_pciw_fifo_storage_mem\[5\][39],0,-1,2,9.98853015137793e-16,0.0,0.0,0.0
pci_target_unit_fifos_pciw_fifo_storage_mem\[5\][3],0,-1,2,9.995270416055706e-16,0.0,0.0,0.0
pci_target_unit_fifos_pciw_fifo_storage_mem\[5\][4],0,-1,2,9.995270416055706e-16,0.0,0.0,0.0
pci_target_unit_fifos_pciw_fifo_storage_mem\[5\][5],0,-1,2,9.995270416055706e-16,0.0,0.0,0.0
pci_target_unit_fifos_pciw_fifo_storage_mem\[5\][6],0,-1,2,9.995270416055706e-16,0.0,0.0,0.0
pci_target_unit_fifos_pciw_fifo_storage_mem\[5\][7],0,-1,2,9.995270416055706e-16,0.0,0.0,0.0
pci_target_unit_fifos_pciw_fifo_storage_mem\[5\][8],0,-1,2,9.995270416055706e-16,0.0,0.0,0.0
pci_target_unit_fifos_pciw_fifo_storage_mem\[5\][9],0,-1,2,9.995270416055706e-16,0.0,0.0,0.0
pci_target_unit_fifos_pciw_fifo_storage_mem\[6\][0],0,-1,2,8.024099810435229e-16,0.0,0.0,0.0
pci_target_unit_fifos_pciw_fifo_storage_mem\[6\][10],0,-1,2,7.863100022985868e-16,0.0,0.0,0.0
pci_target_unit_fifos_pciw_fifo_storage_mem\[6\][11],0,-1,2,7.863100022985868e-16,0.0,0.0,0.0
pci_target_unit_fifos_pciw_fifo_storage_mem\[6\][12],0,-1,2,8.024099810435229e-16,0.0,0.0,0.0
pci_target_unit_fifos_pciw_fifo_storage_mem\[6\][13],0,-1,2,7.863100022985868e-16,0.0,0.0,0.0
pci_target_unit_fifos_pciw_fifo_storage_mem\[6\][14],0,-1,2,7.863100022985868e-16,0.0,0.0,0.0
pci_target_unit_fifos_pciw_fifo_storage_mem\[6\][15],0,-1,2,7.863100022985868e-16,0.0,0.0,0.0
pci_target_unit_fifos_pciw_fifo_storage_mem\[6\][16],0,-1,2,9.330220379936624e-16,0.0,0.0,0.0
pci_target_unit_fifos_pciw_fifo_storage_mem\[6\][17],0,-1,2,7.863100022985868e-16,0.0,0.0,0.0
pci_target_unit_fifos_pciw_fifo_storage_mem\[6\][18],0,-1,2,7.863100022985868e-16,0.0,0.0,0.0
pci_target_unit_fifos_pciw_fifo_storage_mem\[6\][19],0,-1,2,7.863100022985868e-16,0.0,0.0,0.0
pci_target_unit_fifos_pciw_fifo_storage_mem\[6\][1],0,-1,2,7.863100022985868e-16,0.0,0.0,0.0
pci_target_unit_fifos_pciw_fifo_storage_mem\[6\][20],0,-1,2,8.024099810435229e-16,0.0,0.0,0.0
pci_target_unit_fifos_pciw_fifo_storage_mem\[6\][21],0,-1,2,7.863100022985868e-16,0.0,0.0,0.0
pci_target_unit_fifos_pciw_fifo_storage_mem\[6\][22],0,-1,2,8.024099810435229e-16,0.0,0.0,0.0
pci_target_unit_fifos_pciw_fifo_storage_mem\[6\][23],0,-1,2,8.024099810435229e-16,0.0,0.0,0.0
pci_target_unit_fifos_pciw_fifo_storage_mem\[6\][24],0,-1,2,7.863100022985868e-16,0.0,0.0,0.0
pci_target_unit_fifos_pciw_fifo_storage_mem\[6\][25],0,-1,2,8.227600534804259e-16,0.0,0.0,0.0
pci_target_unit_fifos_pciw_fifo_storage_mem\[6\][26],0,-1,2,8.138710779737024e-16,0.0,0.0,0.0
pci_target_unit_fifos_pciw_fifo_storage_mem\[6\][27],0,-1,2,7.863100022985868e-16,0.0,0.0,0.0
pci_target_unit_fifos_pciw_fifo_storage_mem\[6\][28],0,-1,2,7.863100022985868e-16,0.0,0.0,0.0
pci_target_unit_fifos_pciw_fifo_storage_mem\[6\][29],0,-1,2,7.863100022985868e-16,0.0,0.0,0.0
pci_target_unit_fifos_pciw_fifo_storage_mem\[6\][2],0,-1,2,7.863100022985868e-16,0.0,0.0,0.0
pci_target_unit_fifos_pciw_fifo_storage_mem\[6\][30],0,-1,2,7.863100022985868e-16,0.0,0.0,0.0
pci_target_unit_fifos_pciw_fifo_storage_mem\[6\][31],0,-1,2,7.863100022985868e-16,0.0,0.0,0.0
pci_target_unit_fifos_pciw_fifo_storage_mem\[6\][32],0,-1,2,7.863100022985868e-16,0.0,0.0,0.0
pci_target_unit_fifos_pciw_fifo_storage_mem\[6\][33],0,-1,2,7.863100022985868e-16,0.0,0.0,0.0
pci_target_unit_fifos_pciw_fifo_storage_mem\[6\][34],0,-1,2,7.863100022985868e-16,0.0,0.0,0.0
pci_target_unit_fifos_pciw_fifo_storage_mem\[6\][35],0,-1,2,7.863100022985868e-16,0.0,0.0,0.0
pci_target_unit_fifos_pciw_fifo_storage_mem\[6\][36],0,-1,2,9.643510338555204e-16,0.0,0.0,0.0
pci_target_unit_fifos_pciw_fifo_storage_mem\[6\][37],0,-1,2,7.863100022985868e-16,0.0,0.0,0.0
pci_target_unit_fifos_pciw_fifo_storage_mem\[6\][38],0,-1,2,9.643510338555204e-16,0.0,0.0,0.0
pci_target_unit_fifos_pciw_fifo_storage_mem\[6\][39],0,-1,2,9.98853015137793e-16,0.0,0.0,0.0
pci_target_unit_fifos_pciw_fifo_storage_mem\[6\][3],0,-1,2,7.863100022985868e-16,0.0,0.0,0.0
pci_target_unit_fifos_pciw_fifo_storage_mem\[6\][4],0,-1,2,7.863100022985868e-16,0.0,0.0,0.0
pci_target_unit_fifos_pciw_fifo_storage_mem\[6\][5],0,-1,2,9.330220379936624e-16,0.0,0.0,0.0
pci_target_unit_fifos_pciw_fifo_storage_mem\[6\][6],0,-1,2,7.863100022985868e-16,0.0,0.0,0.0
pci_target_unit_fifos_pciw_fifo_storage_mem\[6\][7],0,-1,2,7.863100022985868e-16,0.0,0.0,0.0
pci_target_unit_fifos_pciw_fifo_storage_mem\[6\][8],0,-1,2,7.863100022985868e-16,0.0,0.0,0.0
pci_target_unit_fifos_pciw_fifo_storage_mem\[6\][9],0,-1,2,7.863100022985868e-16,0.0,0.0,0.0
pci_target_unit_fifos_pciw_fifo_storage_mem\[7\][0],0,-1,2,1.0156270203505067e-15,0.0,0.0,0.0
pci_target_unit_fifos_pciw_fifo_storage_mem\[7\][10],0,-1,2,9.67965958716165e-16,0.0,0.0,0.0
pci_target_unit_fifos_pciw_fifo_storage_mem\[7\][11],0,-1,2,8.212540289002077e-16,0.0,0.0,0.0
pci_target_unit_fifos_pciw_fifo_storage_mem\[7\][12],0,-1,2,1.0156270203505067e-15,0.0,0.0,0.0
pci_target_unit_fifos_pciw_fifo_storage_mem\[7\][13],0,-1,2,8.212540289002077e-16,0.0,0.0,0.0
pci_target_unit_fifos_pciw_fifo_storage_mem\[7\][14],0,-1,2,1.0156270203505067e-15,0.0,0.0,0.0
pci_target_unit_fifos_pciw_fifo_storage_mem\[7\][15],0,-1,2,1.0156270203505067e-15,0.0,0.0,0.0
pci_target_unit_fifos_pciw_fifo_storage_mem\[7\][16],0,-1,2,1.0156270203505067e-15,0.0,0.0,0.0
pci_target_unit_fifos_pciw_fifo_storage_mem\[7\][17],0,-1,2,1.0156270203505067e-15,0.0,0.0,0.0
pci_target_unit_fifos_pciw_fifo_storage_mem\[7\][18],0,-1,2,8.212540289002077e-16,0.0,0.0,0.0
pci_target_unit_fifos_pciw_fifo_storage_mem\[7\][19],0,-1,2,1.0156270203505067e-15,0.0,0.0,0.0
pci_target_unit_fifos_pciw_fifo_storage_mem\[7\][1],0,-1,2,1.0156270203505067e-15,0.0,0.0,0.0
pci_target_unit_fifos_pciw_fifo_storage_mem\[7\][20],0,-1,2,1.0156270203505067e-15,0.0,0.0,0.0
pci_target_unit_fifos_pciw_fifo_storage_mem\[7\][21],0,-1,2,8.212540289002077e-16,0.0,0.0,0.0
pci_target_unit_fifos_pciw_fifo_storage_mem\[7\][22],0,-1,2,8.212540289002077e-16,0.0,0.0,0.0
pci_target_unit_fifos_pciw_fifo_storage_mem\[7\][23],0,-1,2,8.212540289002077e-16,0.0,0.0,0.0
pci_target_unit_fifos_pciw_fifo_storage_mem\[7\][24],0,-1,2,8.212540289002077e-16,0.0,0.0,0.0
pci_target_unit_fifos_pciw_fifo_storage_mem\[7\][25],0,-1,2,8.212540289002077e-16,0.0,0.0,0.0
pci_target_unit_fifos_pciw_fifo_storage_mem\[7\][26],0,-1,2,1.0156270203505067e-15,0.0,0.0,0.0
pci_target_unit_fifos_pciw_fifo_storage_mem\[7\][27],0,-1,2,1.0156270203505067e-15,0.0,0.0,0.0
pci_target_unit_fifos_pciw_fifo_storage_mem\[7\][28],0,-1,2,8.373540076451439e-16,0.0,0.0,0.0
pci_target_unit_fifos_pciw_fifo_storage_mem\[7\][29],0,-1,2,8.212540289002077e-16,0.0,0.0,0.0
pci_target_unit_fifos_pciw_fifo_storage_mem\[7\][2],0,-1,2,8.212540289002077e-16,0.0,0.0,0.0
pci_target_unit_fifos_pciw_fifo_storage_mem\[7\][30],0,-1,2,1.0156270203505067e-15,0.0,0.0,0.0
pci_target_unit_fifos_pciw_fifo_storage_mem\[7\][31],0,-1,2,8.212540289002077e-16,0.0,0.0,0.0
pci_target_unit_fifos_pciw_fifo_storage_mem\[7\][32],0,-1,2,8.212540289002077e-16,0.0,0.0,0.0
pci_target_unit_fifos_pciw_fifo_storage_mem\[7\][33],0,-1,2,8.212540289002077e-16,0.0,0.0,0.0
pci_target_unit_fifos_pciw_fifo_storage_mem\[7\][34],0,-1,2,8.212540289002077e-16,0.0,0.0,0.0
pci_target_unit_fifos_pciw_fifo_storage_mem\[7\][35],0,-1,2,1.0156270203505067e-15,0.0,0.0,0.0
pci_target_unit_fifos_pciw_fifo_storage_mem\[7\][36],0,-1,2,9.503230035786867e-16,0.0,0.0,0.0
pci_target_unit_fifos_pciw_fifo_storage_mem\[7\][37],0,-1,2,1.0156270203505067e-15,0.0,0.0,0.0
pci_target_unit_fifos_pciw_fifo_storage_mem\[7\][38],0,-1,2,9.9798395933391e-16,0.0,0.0,0.0
pci_target_unit_fifos_pciw_fifo_storage_mem\[7\][39],0,-1,2,9.9798395933391e-16,0.0,0.0,0.0
pci_target_unit_fifos_pciw_fifo_storage_mem\[7\][3],0,-1,2,8.212540289002077e-16,0.0,0.0,0.0
pci_target_unit_fifos_pciw_fifo_storage_mem\[7\][4],0,-1,2,8.212540289002077e-16,0.0,0.0,0.0
pci_target_unit_fifos_pciw_fifo_storage_mem\[7\][5],0,-1,2,8.212540289002077e-16,0.0,0.0,0.0
pci_target_unit_fifos_pciw_fifo_storage_mem\[7\][6],0,-1,2,8.212540289002077e-16,0.0,0.0,0.0
pci_target_unit_fifos_pciw_fifo_storage_mem\[7\][7],0,-1,2,9.67965958716165e-16,0.0,0.0,0.0
pci_target_unit_fifos_pciw_fifo_storage_mem\[7\][8],0,-1,2,8.212540289002077e-16,0.0,0.0,0.0
pci_target_unit_fifos_pciw_fifo_storage_mem\[7\][9],0,-1,2,9.67965958716165e-16,0.0,0.0,0.0
pci_target_unit_fifos_pciw_inTransactionCount[0],0,-1,3,2.458180033699099e-15,0.0,0.0,0.0
pci_target_unit_fifos_pciw_inTransactionCount[1],0,-1,4,2.0565460209895532e-15,0.0,0.0,0.0
pci_target_unit_fifos_pciw_outTransactionCount[0],0,-1,2,2.007912989048237e-15,0.0,0.0,0.0
pci_target_unit_fifos_pciw_outTransactionCount[1],0,-1,3,1.6222610057457223e-15,0.0,0.0,0.0
pci_target_unit_fifos_pciw_waddr[0],0,-1,4,1.5329411696995195e-15,0.0,0.0,0.0
pci_target_unit_fifos_pciw_whole_waddr[1],0,-1,6,2.7712770805639417e-15,0.0,0.0,0.0
pci_target_unit_fifos_pciw_whole_waddr[2],0,-1,9,4.904753598438446e-15,0.0,0.0,0.0
pci_target_unit_fifos_wb_clk_inGreyCount[0],0,-1,2,7.093510239307844e-16,0.0,0.0,0.0
pci_target_unit_fifos_wb_clk_inGreyCount[1],0,-1,1,9.672700152708771e-16,0.0,0.0,0.0
pci_target_unit_fifos_wb_clk_sync_inGreyCount[0],0,-1,1,2.7572301508644724e-16,0.0,0.0,0.0
pci_target_unit_fifos_wb_clk_sync_inGreyCount[1],0,-1,1,2.7572301508644724e-16,0.0,0.0,0.0
pci_target_unit_pci_target_if_decoder1_n_110,0,-1,1,5.954769732931004e-16,0.0,0.0,0.0
pci_target_unit_pci_target_if_decoder1_n_113,0,-1,1,5.556279906521666e-16,0.0,0.0,0.0
pci_target_unit_pci_target_if_decoder1_n_116,0,-1,2,1.2451889368033015e-15,0.0,0.0,0.0
pci_target_unit_pci_target_if_decoder1_n_119,0,-1,1,5.300249904533069e-16,0.0,0.0,0.0
pci_target_unit_pci_target_if_decoder1_n_123,0,-1,1,4.164989909476055e-16,0.0,0.0,0.0
pci_target_unit_pci_target_if_decoder1_n_129,0,-1,1,4.45050009910045e-16,0.0,0.0,0.0
pci_target_unit_pci_target_if_decoder1_n_132,0,-1,2,8.89668985929056e-16,0.0,0.0,0.0
pci_target_unit_pci_target_if_decoder1_n_137,0,-1,1,4.549309668771216e-16,0.0,0.0,0.0
pci_target_unit_pci_target_if_decoder1_n_140,0,-1,1,4.549309668771216e-16,0.0,0.0,0.0
pci_target_unit_pci_target_if_decoder1_n_143,0,-1,1,4.549309668771216e-16,0.0,0.0,0.0
pci_target_unit_pci_target_if_decoder1_n_146_BAR,0,-1,1,5.633400138786802e-16,0.0,0.0,0.0
pci_target_unit_pci_target_if_decoder1_n_150_BAR,0,-1,1,5.633400138786802e-16,0.0,0.0,0.0
pci_target_unit_pci_target_if_decoder1_n_153_BAR,0,-1,1,4.010339957455345e-16,0.0,0.0,0.0
pci_target_unit_pci_target_if_decoder1_n_156_BAR,0,-1,1,5.620229835248181e-16,0.0,0.0,0.0
pci_target_unit_pci_target_if_decoder1_n_159_BAR,0,-1,1,5.159739844077789e-16,0.0,0.0,0.0
pci_target_unit_pci_target_if_decoder1_n_166,0,-1,1,1.0009699622312183e-15,0.0,0.0,0.0
pci_target_unit_pci_target_if_decoder1_n_172,0,-1,1,4.45050009910045e-16,0.0,0.0,0.0
pci_target_unit_pci_target_if_decoder1_n_176,0,-1,1,9.851840209514767e-16,0.0,0.0,0.0
pci_target_unit_pci_target_if_decoder1_n_179,0,-1,1,4.769050132321479e-16,0.0,0.0,0.0
pci_target_unit_pci_target_if_decoder1_n_182,0,-1,1,4.769050132321479e-16,0.0,0.0,0.0
pci_target_unit_pci_target_if_decoder1_n_185,0,-1,1,4.164989909476055e-16,0.0,0.0,0.0
pci_target_unit_pci_target_if_io_memory_bus_command,0,-1,3,9.73309042547445e-16,0.0,0.0,0.0
pci_target_unit_pci_target_if_keep_desconnect_wo_data_set,0,-1,3,1.281883992265134e-15,0.0,0.0,0.0
pci_target_unit_pci_target_if_n_1058,0,-1,2,6.140319711565347e-16,0.0,0.0,0.0
pci_target_unit_pci_target_if_norm_prf_en,0,-1,2,8.340579906891406e-16,0.0,0.0,0.0
pci_target_unit_pci_target_if_pcir_fifo_ctrl_reg[1],0,-1,2,1.0549880061347036e-15,0.0,0.0,0.0
pci_target_unit_pci_target_if_pcir_fifo_data_reg[0],0,-1,2,9.31161953641492e-16,0.0,0.0,0.0
pci_target_unit_pci_target_if_pcir_fifo_data_reg[10],0,-1,2,8.000970517019266e-16,0.0,0.0,0.0
pci_target_unit_pci_target_if_pcir_fifo_data_reg[11],0,-1,2,9.388080141772381e-16,0.0,0.0,0.0
pci_target_unit_pci_target_if_pcir_fifo_data_reg[12],0,-1,2,7.845989957451331e-16,0.0,0.0,0.0
pci_target_unit_pci_target_if_pcir_fifo_data_reg[13],0,-1,2,9.549079929221742e-16,0.0,0.0,0.0
pci_target_unit_pci_target_if_pcir_fifo_data_reg[14],0,-1,2,1.0535220038612432e-15,0.0,0.0,0.0
pci_target_unit_pci_target_if_pcir_fifo_data_reg[15],0,-1,2,8.30505005112764e-16,0.0,0.0,0.0
pci_target_unit_pci_target_if_pcir_fifo_data_reg[16],0,-1,2,9.643510338555204e-16,0.0,0.0,0.0
pci_target_unit_pci_target_if_pcir_fifo_data_reg[17],0,-1,2,8.6221098357570935e-16,0.0,0.0,0.0
pci_target_unit_pci_target_if_pcir_fifo_data_reg[18],0,-1,2,7.476710062228058e-16,0.0,0.0,0.0
pci_target_unit_pci_target_if_pcir_fifo_data_reg[19],0,-1,2,9.388080141772381e-16,0.0,0.0,0.0
pci_target_unit_pci_target_if_pcir_fifo_data_reg[1],0,-1,2,1.1133909278478876e-15,0.0,0.0,0.0
pci_target_unit_pci_target_if_pcir_fifo_data_reg[20],0,-1,2,1.0910160231505732e-15,0.0,0.0,0.0
pci_target_unit_pci_target_if_pcir_fifo_data_reg[21],0,-1,2,1.0221049165728708e-15,0.0,0.0,0.0
pci_target_unit_pci_target_if_pcir_fifo_data_reg[22],0,-1,2,1.0607719706150296e-15,0.0,0.0,0.0
pci_target_unit_pci_target_if_pcir_fifo_data_reg[23],0,-1,2,9.600369891760358e-16,0.0,0.0,0.0
pci_target_unit_pci_target_if_pcir_fifo_data_reg[24],0,-1,2,9.388080141772381e-16,0.0,0.0,0.0
pci_target_unit_pci_target_if_pcir_fifo_data_reg[25],0,-1,2,7.68499017000197e-16,0.0,0.0,0.0
pci_target_unit_pci_target_if_pcir_fifo_data_reg[26],0,-1,2,1.1107270092287728e-15,0.0,0.0,0.0
pci_target_unit_pci_target_if_pcir_fifo_data_reg[27],0,-1,2,1.097734053213484e-15,0.0,0.0,0.0
pci_target_unit_pci_target_if_pcir_fifo_data_reg[28],0,-1,2,9.388080141772381e-16,0.0,0.0,0.0
pci_target_unit_pci_target_if_pcir_fifo_data_reg[29],0,-1,2,7.845989957451331e-16,0.0,0.0,0.0
pci_target_unit_pci_target_if_pcir_fifo_data_reg[2],0,-1,2,1.0008999761339514e-15,0.0,0.0,0.0
pci_target_unit_pci_target_if_pcir_fifo_data_reg[30],0,-1,2,9.388080141772381e-16,0.0,0.0,0.0
pci_target_unit_pci_target_if_pcir_fifo_data_reg[31],0,-1,2,1.04842900650764e-15,0.0,0.0,0.0
pci_target_unit_pci_target_if_pcir_fifo_data_reg[3],0,-1,2,8.30505005112764e-16,0.0,0.0,0.0
pci_target_unit_pci_target_if_pcir_fifo_data_reg[4],0,-1,2,9.962219190453843e-16,0.0,0.0,0.0
pci_target_unit_pci_target_if_pcir_fifo_data_reg[5],0,-1,2,7.68499017000197e-16,0.0,0.0,0.0
pci_target_unit_pci_target_if_pcir_fifo_data_reg[6],0,-1,2,9.743909153793256e-16,0.0,0.0,0.0
pci_target_unit_pci_target_if_pcir_fifo_data_reg[7],0,-1,2,1.0135200258942116e-15,0.0,0.0,0.0
pci_target_unit_pci_target_if_pcir_fifo_data_reg[8],0,-1,2,1.1101569560552707e-15,0.0,0.0,0.0
pci_target_unit_pci_target_if_pcir_fifo_data_reg[9],0,-1,2,9.549079929221742e-16,0.0,0.0,0.0
pci_target_unit_pci_target_if_same_read_reg,0,-1,4,1.6424359541207805e-15,0.0,0.0,0.0
pci_target_unit_pci_target_if_strd_address[0],0,-1,4,2.3871442508523275e-15,0.0,0.0,0.0
pci_target_unit_pci_target_if_strd_address[1],0,-1,3,1.231236927733484e-15,0.0,0.0,0.0
pci_target_unit_pci_target_if_target_rd,0,-1,2,7.615969690294953e-16,0.0,0.0,0.0
pci_target_unit_pci_target_sm_backoff,0,-1,5,1.950795016316038e-15,0.0,0.0,0.0
pci_target_unit_pci_target_sm_bckp_trdy_reg,0,-1,1,1.2861600263411105e-15,0.0,0.0,0.0
pci_target_unit_pci_target_sm_c_state[0],0,-1,3,1.4321879770521598e-15,0.0,0.0,0.0
pci_target_unit_pci_target_sm_c_state[1],0,-1,2,1.1047410273905267e-15,0.0,0.0,0.0
pci_target_unit_pci_target_sm_c_state[2],0,-1,2,8.920619598841678e-16,0.0,0.0,0.0
pci_target_unit_pci_target_sm_cnf_progress,0,-1,5,2.251815914451876e-15,0.0,0.0,0.0
pci_target_unit_pci_target_sm_master_will_request_read,0,-1,1,3.36682996918494e-16,0.0,0.0,0.0
pci_target_unit_pci_target_sm_norm_access_to_conf_reg,0,-1,4,1.90606108878917e-15,0.0,0.0,0.0
pci_target_unit_pci_target_sm_previous_frame,0,-1,1,5.159739844077789e-16,0.0,0.0,0.0
pci_target_unit_pci_target_sm_rd_from_fifo,0,-1,2,8.457410102515007e-16,0.0,0.0,0.0
pci_target_unit_pci_target_sm_rd_progress,0,-1,4,1.6445260079181304e-15,0.0,0.0,0.0
pci_target_unit_pci_target_sm_rd_request,0,-1,2,8.984639407786342e-16,0.0,0.0,0.0
pci_target_unit_pci_target_sm_read_completed_reg,0,-1,1,4.593039862255588e-16,0.0,0.0,0.0
pci_target_unit_pci_target_sm_same_read_reg,0,-1,4,1.4774760758847687e-15,0.0,0.0,0.0
pci_target_unit_pci_target_sm_state_backoff,0,-1,5,2.249434057804197e-15,0.0,0.0,0.0
pci_target_unit_pci_target_sm_state_backoff_reg,0,-1,1,3.385409901580759e-16,0.0,0.0,0.0
pci_target_unit_pci_target_sm_state_transfere_reg,0,-1,2,8.925030522914505e-16,0.0,0.0,0.0
pci_target_unit_pci_target_sm_wr_progress,0,-1,3,1.3017979486133193e-15,0.0,0.0,0.0
pci_target_unit_pci_target_sm_wr_to_fifo,0,-1,2,8.722900403733251e-16,0.0,0.0,0.0
pci_target_unit_pcit_if_addr_out[0],0,-1,3,1.2613940535128156e-15,0.0,0.0,0.0
pci_target_unit_pcit_if_bc_out[0],0,-1,3,1.1987350029979155e-15,0.0,0.0,0.0
pci_target_unit_pcit_if_pcir_fifo_control_in[1],0,-1,2,6.41645033478788e-16,0.0,0.0,0.0
pci_target_unit_pcit_if_pcir_fifo_data_in[10],0,-1,2,7.392600219961298e-16,0.0,0.0,0.0
pci_target_unit_pcit_if_pcir_fifo_data_in[11],0,-1,2,9.441310868551394e-16,0.0,0.0,0.0
pci_target_unit_pcit_if_pcir_fifo_data_in[12],0,-1,2,7.392600219961298e-16,0.0,0.0,0.0
pci_target_unit_pcit_if_pcir_fifo_data_in[13],0,-1,2,9.095540372779163e-16,0.0,0.0,0.0
pci_target_unit_pcit_if_pcir_fifo_data_in[14],0,-1,2,9.336329605068696e-16,0.0,0.0,0.0
pci_target_unit_pcit_if_pcir_fifo_data_in[15],0,-1,2,7.708580037583002e-16,0.0,0.0,0.0
pci_target_unit_pcit_if_pcir_fifo_data_in[16],0,-1,2,1.4657440342905862e-15,0.0,0.0,0.0
pci_target_unit_pcit_if_pcir_fifo_data_in[17],0,-1,2,8.352090025853407e-16,0.0,0.0,0.0
pci_target_unit_pcit_if_pcir_fifo_data_in[18],0,-1,2,7.098979954564739e-16,0.0,0.0,0.0
pci_target_unit_pcit_if_pcir_fifo_data_in[19],0,-1,2,9.441310868551394e-16,0.0,0.0,0.0
pci_target_unit_pcit_if_pcir_fifo_data_in[1],0,-1,2,1.0646160178879064e-15,0.0,0.0,0.0
pci_target_unit_pcit_if_pcir_fifo_data_in[20],0,-1,2,1.049190065610748e-15,0.0,0.0,0.0
pci_target_unit_pcit_if_pcir_fifo_data_in[21],0,-1,2,1.0058600951939542e-15,0.0,0.0,0.0
pci_target_unit_pcit_if_pcir_fifo_data_in[22],0,-1,2,1.049190065610748e-15,0.0,0.0,0.0
pci_target_unit_pcit_if_pcir_fifo_data_in[23],0,-1,2,9.441310868551394e-16,0.0,0.0,0.0
pci_target_unit_pcit_if_pcir_fifo_data_in[24],0,-1,2,9.387930852215428e-16,0.0,0.0,0.0
pci_target_unit_pcit_if_pcir_fifo_data_in[25],0,-1,2,7.68499017000197e-16,0.0,0.0,0.0
pci_target_unit_pcit_if_pcir_fifo_data_in[26],0,-1,2,1.0275780199615545e-15,0.0,0.0,0.0
pci_target_unit_pcit_if_pcir_fifo_data_in[27],0,-1,2,1.049190065610748e-15,0.0,0.0,0.0
pci_target_unit_pcit_if_pcir_fifo_data_in[28],0,-1,2,9.387930852215428e-16,0.0,0.0,0.0
pci_target_unit_pcit_if_pcir_fifo_data_in[29],0,-1,2,7.863100022985868e-16,0.0,0.0,0.0
pci_target_unit_pcit_if_pcir_fifo_data_in[2],0,-1,2,1.083069054160315e-15,0.0,0.0,0.0
pci_target_unit_pcit_if_pcir_fifo_data_in[30],0,-1,2,9.387930852215428e-16,0.0,0.0,0.0
pci_target_unit_pcit_if_pcir_fifo_data_in[31],0,-1,2,1.0092090517091609e-15,0.0,0.0,0.0
pci_target_unit_pcit_if_pcir_fifo_data_in[3],0,-1,2,7.708580037583002e-16,0.0,0.0,0.0
pci_target_unit_pcit_if_pcir_fifo_data_in[4],0,-1,2,1.0980280795252996e-15,0.0,0.0,0.0
pci_target_unit_pcit_if_pcir_fifo_data_in[5],0,-1,2,7.392600219961298e-16,0.0,0.0,0.0
pci_target_unit_pcit_if_pcir_fifo_data_in[6],0,-1,2,1.0314959708590792e-15,0.0,0.0,0.0
pci_target_unit_pcit_if_pcir_fifo_data_in[7],0,-1,2,1.0092090517091609e-15,0.0,0.0,0.0
pci_target_unit_pcit_if_pcir_fifo_data_in[8],0,-1,2,8.4859402897609e-16,0.0,0.0,0.0
pci_target_unit_pcit_if_pcir_fifo_data_in[9],0,-1,2,9.095540372779163e-16,0.0,0.0,0.0
pci_target_unit_pcit_if_pcir_fifo_flush_out,0,-1,12,5.815572361785731e-15,0.0,0.0,0.0
pci_target_unit_pcit_if_pciw_fifo_addr_data_out[0],0,-1,8,3.1410391492924395e-15,0.0,0.0,0.0
pci_target_unit_pcit_if_pciw_fifo_cbe_out[0],0,-1,8,2.9273761471387263e-15,0.0,0.0,0.0
pci_target_unit_pcit_if_pciw_fifo_control_out[0],0,-1,9,3.57461710378355e-15,0.0,0.0,0.0
pci_target_unit_pcit_if_pciw_fifo_wenable_out,0,-1,1,5.355650094448236e-16,0.0,0.0,0.0
pci_target_unit_pcit_if_target_abort_out,0,-1,3,1.2302619928111942e-15,0.0,0.0,0.0
pci_target_unit_pcit_sm_bc0_out,0,-1,2,1.1094710711262315e-15,0.0,0.0,0.0
pci_target_unit_pcit_sm_sel_conf_fifo_out,0,-1,7,4.545605276055518e-15,0.0,0.0,0.0
pci_target_unit_wbm_sm_pci_tar_address[10],0,-1,3,1.6801840832942868e-15,0.0,0.0,0.0
pci_target_unit_wbm_sm_pci_tar_address[11],0,-1,4,1.561966024186609e-15,0.0,0.0,0.0
pci_target_unit_wbm_sm_pci_tar_address[12],0,-1,4,1.628461075161387e-15,0.0,0.0,0.0
pci_target_unit_wbm_sm_pci_tar_address[13],0,-1,4,1.6146150510890946e-15,0.0,0.0,0.0
pci_target_unit_wbm_sm_pci_tar_address[14],0,-1,3,1.6801840832942868e-15,0.0,0.0,0.0
pci_target_unit_wbm_sm_pci_tar_address[15],0,-1,3,1.2152500278870063e-15,0.0,0.0,0.0
pci_target_unit_wbm_sm_pci_tar_address[16],0,-1,4,1.628461075161387e-15,0.0,0.0,0.0
pci_target_unit_wbm_sm_pci_tar_address[17],0,-1,4,1.6146150510890946e-15,0.0,0.0,0.0
pci_target_unit_wbm_sm_pci_tar_address[18],0,-1,3,1.6801840832942868e-15,0.0,0.0,0.0
pci_target_unit_wbm_sm_pci_tar_address[19],0,-1,3,1.2152500278870063e-15,0.0,0.0,0.0
pci_target_unit_wbm_sm_pci_tar_address[1],0,-1,4,1.6375308922023492e-15,0.0,0.0,0.0
pci_target_unit_wbm_sm_pci_tar_address[20],0,-1,4,1.6375308922023492e-15,0.0,0.0,0.0
pci_target_unit_wbm_sm_pci_tar_address[21],0,-1,4,1.561966024186609e-15,0.0,0.0,0.0
pci_target_unit_wbm_sm_pci_tar_address[22],0,-1,3,1.2152500278870063e-15,0.0,0.0,0.0
pci_target_unit_wbm_sm_pci_tar_address[23],0,-1,3,1.6801840832942868e-15,0.0,0.0,0.0
pci_target_unit_wbm_sm_pci_tar_address[24],0,-1,4,1.6527518625062722e-15,0.0,0.0,0.0
pci_target_unit_wbm_sm_pci_tar_address[25],0,-1,4,1.5796789654213541e-15,0.0,0.0,0.0
pci_target_unit_wbm_sm_pci_tar_address[26],0,-1,3,1.6689949898192943e-15,0.0,0.0,0.0
pci_target_unit_wbm_sm_pci_tar_address[27],0,-1,3,1.1683849654648467e-15,0.0,0.0,0.0
pci_target_unit_wbm_sm_pci_tar_address[28],0,-1,3,1.6801840832942868e-15,0.0,0.0,0.0
pci_target_unit_wbm_sm_pci_tar_address[29],0,-1,4,1.628461075161387e-15,0.0,0.0,0.0
pci_target_unit_wbm_sm_pci_tar_address[2],0,-1,4,1.4827169863667862e-15,0.0,0.0,0.0
pci_target_unit_wbm_sm_pci_tar_address[30],0,-1,4,1.6146150510890946e-15,0.0,0.0,0.0
pci_target_unit_wbm_sm_pci_tar_address[31],0,-1,3,1.2152500278870063e-15,0.0,0.0,0.0
pci_target_unit_wbm_sm_pci_tar_address[3],0,-1,4,1.561966024186609e-15,0.0,0.0,0.0
pci_target_unit_wbm_sm_pci_tar_address[4],0,-1,4,1.6375308922023492e-15,0.0,0.0,0.0
pci_target_unit_wbm_sm_pci_tar_address[5],0,-1,3,1.726719014625254e-15,0.0,0.0,0.0
pci_target_unit_wbm_sm_pci_tar_address[6],0,-1,3,1.726719014625254e-15,0.0,0.0,0.0
pci_target_unit_wbm_sm_pci_tar_address[7],0,-1,4,1.561966024186609e-15,0.0,0.0,0.0
pci_target_unit_wbm_sm_pci_tar_address[8],0,-1,3,1.2152500278870063e-15,0.0,0.0,0.0
pci_target_unit_wbm_sm_pci_tar_address[9],0,-1,4,1.6375308922023492e-15,0.0,0.0,0.0
pci_target_unit_wbm_sm_pci_tar_be[1],0,-1,2,6.783000666338627e-16,0.0,0.0,0.0
pci_target_unit_wbm_sm_pci_tar_be[2],0,-1,2,6.783000666338627e-16,0.0,0.0,0.0
pci_target_unit_wbm_sm_pci_tar_be[3],0,-1,2,6.783000666338627e-16,0.0,0.0,0.0
pci_target_unit_wbm_sm_pci_tar_cmd[1],0,-1,2,8.330739501626679e-16,0.0,0.0,0.0
pci_target_unit_wbm_sm_pci_tar_cmd[2],0,-1,2,8.12219999001267e-16,0.0,0.0,0.0
pci_target_unit_wbm_sm_pci_tar_cmd[3],0,-1,2,7.984549724545558e-16,0.0,0.0,0.0
pci_target_unit_wbm_sm_pcir_fifo_control_out[1],0,-1,8,3.2858049150329615e-15,0.0,0.0,0.0
pci_target_unit_wbm_sm_pcir_fifo_data_out[0],0,-1,8,3.2679939297345717e-15,0.0,0.0,0.0
pci_target_unit_wbm_sm_pcir_fifo_data_out[10],0,-1,8,3.411827959233114e-15,0.0,0.0,0.0
pci_target_unit_wbm_sm_pcir_fifo_data_out[11],0,-1,8,3.2679941414928085e-15,0.0,0.0,0.0
pci_target_unit_wbm_sm_pcir_fifo_data_out[12],0,-1,8,3.4383028210324944e-15,0.0,0.0,0.0
pci_target_unit_wbm_sm_pcir_fifo_data_out[13],0,-1,8,3.4383030327907313e-15,0.0,0.0,0.0
pci_target_unit_wbm_sm_pcir_fifo_data_out[14],0,-1,8,3.2679939297345717e-15,0.0,0.0,0.0
pci_target_unit_wbm_sm_pcir_fifo_data_out[15],0,-1,8,3.2415190679351913e-15,0.0,0.0,0.0
pci_target_unit_wbm_sm_pcir_fifo_data_out[16],0,-1,8,3.4383030327907313e-15,0.0,0.0,0.0
pci_target_unit_wbm_sm_pcir_fifo_data_out[17],0,-1,8,3.4383030327907313e-15,0.0,0.0,0.0
pci_target_unit_wbm_sm_pcir_fifo_data_out[18],0,-1,8,3.2679939297345717e-15,0.0,0.0,0.0
pci_target_unit_wbm_sm_pcir_fifo_data_out[19],0,-1,8,3.411828170991351e-15,0.0,0.0,0.0
pci_target_unit_wbm_sm_pcir_fifo_data_out[1],0,-1,8,3.2858051267911983e-15,0.0,0.0,0.0
pci_target_unit_wbm_sm_pcir_fifo_data_out[20],0,-1,8,3.115496023735039e-15,0.0,0.0,0.0
pci_target_unit_wbm_sm_pcir_fifo_data_out[21],0,-1,8,3.097685038436649e-15,0.0,0.0,0.0
pci_target_unit_wbm_sm_pcir_fifo_data_out[22],0,-1,8,3.320256921371346e-15,0.0,0.0,0.0
pci_target_unit_wbm_sm_pcir_fifo_data_out[23],0,-1,8,3.2679939297345717e-15,0.0,0.0,0.0
pci_target_unit_wbm_sm_pcir_fifo_data_out[24],0,-1,8,3.115496023735039e-15,0.0,0.0,0.0
pci_target_unit_wbm_sm_pcir_fifo_data_out[25],0,-1,8,3.4383028210324944e-15,0.0,0.0,0.0
pci_target_unit_wbm_sm_pcir_fifo_data_out[26],0,-1,8,3.2858049150329615e-15,0.0,0.0,0.0
pci_target_unit_wbm_sm_pcir_fifo_data_out[27],0,-1,8,3.3031057747388674e-15,0.0,0.0,0.0
pci_target_unit_wbm_sm_pcir_fifo_data_out[28],0,-1,8,3.4383028210324944e-15,0.0,0.0,0.0
pci_target_unit_wbm_sm_pcir_fifo_data_out[29],0,-1,8,3.2679941414928085e-15,0.0,0.0,0.0
pci_target_unit_wbm_sm_pcir_fifo_data_out[2],0,-1,8,3.411828170991351e-15,0.0,0.0,0.0
pci_target_unit_wbm_sm_pcir_fifo_data_out[30],0,-1,8,3.4383028210324944e-15,0.0,0.0,0.0
pci_target_unit_wbm_sm_pcir_fifo_data_out[31],0,-1,8,3.4383028210324944e-15,0.0,0.0,0.0
pci_target_unit_wbm_sm_pcir_fifo_data_out[3],0,-1,8,3.4383030327907313e-15,0.0,0.0,0.0
pci_target_unit_wbm_sm_pcir_fifo_data_out[4],0,-1,8,3.4383030327907313e-15,0.0,0.0,0.0
pci_target_unit_wbm_sm_pcir_fifo_data_out[5],0,-1,8,3.4383030327907313e-15,0.0,0.0,0.0
pci_target_unit_wbm_sm_pcir_fifo_data_out[6],0,-1,8,3.2679939297345717e-15,0.0,0.0,0.0
pci_target_unit_wbm_sm_pcir_fifo_data_out[7],0,-1,8,3.2858051267911983e-15,0.0,0.0,0.0
pci_target_unit_wbm_sm_pcir_fifo_data_out[8],0,-1,8,3.2679939297345717e-15,0.0,0.0,0.0
pci_target_unit_wbm_sm_pcir_fifo_data_out[9],0,-1,8,3.4383030327907313e-15,0.0,0.0,0.0
pci_target_unit_wbm_sm_pcir_fifo_wenable_out,0,-1,1,4.431639851738649e-16,0.0,0.0,0.0
pci_target_unit_wbm_sm_pciw_fifo_addr_data_in[10],0,-1,1,6.199280086836942e-16,0.0,0.0,0.0
pci_target_unit_wbm_sm_pciw_fifo_addr_data_in[11],0,-1,1,6.199280086836942e-16,0.0,0.0,0.0
pci_target_unit_wbm_sm_pciw_fifo_addr_data_in[12],0,-1,1,6.199280086836942e-16,0.0,0.0,0.0
pci_target_unit_wbm_sm_pciw_fifo_addr_data_in[13],0,-1,1,6.199280086836942e-16,0.0,0.0,0.0
pci_target_unit_wbm_sm_pciw_fifo_addr_data_in[14],0,-1,1,6.199280086836942e-16,0.0,0.0,0.0
pci_target_unit_wbm_sm_pciw_fifo_addr_data_in[15],0,-1,1,6.199280086836942e-16,0.0,0.0,0.0
pci_target_unit_wbm_sm_pciw_fifo_addr_data_in[16],0,-1,1,6.199280086836942e-16,0.0,0.0,0.0
pci_target_unit_wbm_sm_pciw_fifo_addr_data_in[17],0,-1,1,6.199280086836942e-16,0.0,0.0,0.0
pci_target_unit_wbm_sm_pciw_fifo_addr_data_in[18],0,-1,1,6.199280086836942e-16,0.0,0.0,0.0
pci_target_unit_wbm_sm_pciw_fifo_addr_data_in[19],0,-1,1,6.199280086836942e-16,0.0,0.0,0.0
pci_target_unit_wbm_sm_pciw_fifo_addr_data_in[1],0,-1,2,1.1528330170367841e-15,0.0,0.0,0.0
pci_target_unit_wbm_sm_pciw_fifo_addr_data_in[20],0,-1,1,4.431639851738649e-16,0.0,0.0,0.0
pci_target_unit_wbm_sm_pciw_fifo_addr_data_in[21],0,-1,1,6.431780042946407e-16,0.0,0.0,0.0
pci_target_unit_wbm_sm_pciw_fifo_addr_data_in[22],0,-1,1,4.431639851738649e-16,0.0,0.0,0.0
pci_target_unit_wbm_sm_pciw_fifo_addr_data_in[23],0,-1,1,4.431639851738649e-16,0.0,0.0,0.0
pci_target_unit_wbm_sm_pciw_fifo_addr_data_in[24],0,-1,1,6.199280086836942e-16,0.0,0.0,0.0
pci_target_unit_wbm_sm_pciw_fifo_addr_data_in[25],0,-1,1,6.199280086836942e-16,0.0,0.0,0.0
pci_target_unit_wbm_sm_pciw_fifo_addr_data_in[26],0,-1,1,6.199280086836942e-16,0.0,0.0,0.0
pci_target_unit_wbm_sm_pciw_fifo_addr_data_in[27],0,-1,1,6.199280086836942e-16,0.0,0.0,0.0
pci_target_unit_wbm_sm_pciw_fifo_addr_data_in[28],0,-1,1,6.199280086836942e-16,0.0,0.0,0.0
pci_target_unit_wbm_sm_pciw_fifo_addr_data_in[29],0,-1,2,6.767569843622021e-16,0.0,0.0,0.0
pci_target_unit_wbm_sm_pciw_fifo_addr_data_in[2],0,-1,2,6.767569843622021e-16,0.0,0.0,0.0
pci_target_unit_wbm_sm_pciw_fifo_addr_data_in[30],0,-1,1,6.199280086836942e-16,0.0,0.0,0.0
pci_target_unit_wbm_sm_pciw_fifo_addr_data_in[31],0,-1,1,6.199280086836942e-16,0.0,0.0,0.0
pci_target_unit_wbm_sm_pciw_fifo_addr_data_in[3],0,-1,1,4.431639851738649e-16,0.0,0.0,0.0
pci_target_unit_wbm_sm_pciw_fifo_addr_data_in[4],0,-1,1,6.199280086836942e-16,0.0,0.0,0.0
pci_target_unit_wbm_sm_pciw_fifo_addr_data_in[5],0,-1,1,4.431639851738649e-16,0.0,0.0,0.0
pci_target_unit_wbm_sm_pciw_fifo_addr_data_in[6],0,-1,1,6.199280086836942e-16,0.0,0.0,0.0
pci_target_unit_wbm_sm_pciw_fifo_addr_data_in[7],0,-1,1,4.431639851738649e-16,0.0,0.0,0.0
pci_target_unit_wbm_sm_pciw_fifo_addr_data_in[8],0,-1,1,6.199280086836942e-16,0.0,0.0,0.0
pci_target_unit_wbm_sm_pciw_fifo_addr_data_in[9],0,-1,1,6.199280086836942e-16,0.0,0.0,0.0
pci_target_unit_wbm_sm_pciw_fifo_cbe_in[1],0,-1,2,9.577710701630122e-16,0.0,0.0,0.0
pci_target_unit_wbm_sm_pciw_fifo_cbe_in[2],0,-1,2,9.577710701630122e-16,0.0,0.0,0.0
pci_target_unit_wbm_sm_pciw_fifo_cbe_in[3],0,-1,2,9.227500694423095e-16,0.0,0.0,0.0
pci_target_unit_wbm_sm_pciw_fifo_control_in[1],0,-1,2,9.451339738646885e-16,0.0,0.0,0.0
pci_target_unit_wbm_sm_pciw_fifo_control_in[2],0,-1,1,6.674139991957504e-16,0.0,0.0,0.0
pci_target_unit_wbm_sm_pciw_fifo_control_in[3],0,-1,3,1.939939018547553e-15,0.0,0.0,0.0
pci_target_unit_wbm_sm_pciw_fifo_renable_out,0,-1,2,1.6195689232811113e-15,0.0,0.0,0.0
pci_target_unit_wbm_sm_wb_read_done,0,-1,2,6.765740252455952e-16,0.0,0.0,0.0
pci_target_unit_wbm_sm_write_attempt,0,-1,4,1.718476960531996e-15,0.0,0.0,0.0
pci_target_unit_wishbone_master_add_529_36_n_478,0,-1,1,1.0161499573163178e-15,0.0,0.0,0.0
pci_target_unit_wishbone_master_add_529_36_n_486,0,-1,2,9.909910670796154e-16,0.0,0.0,0.0
pci_target_unit_wishbone_master_add_529_36_n_487,0,-1,2,1.226854061627035e-15,0.0,0.0,0.0
pci_target_unit_wishbone_master_add_529_36_n_494,0,-1,2,1.5873310610668495e-15,0.0,0.0,0.0
pci_target_unit_wishbone_master_add_529_36_n_498,0,-1,2,1.5421199363533224e-15,0.0,0.0,0.0
pci_target_unit_wishbone_master_add_529_36_n_502,0,-1,2,1.4236700019763337e-15,0.0,0.0,0.0
pci_target_unit_wishbone_master_add_529_36_n_505,0,-1,2,1.5421199363533224e-15,0.0,0.0,0.0
pci_target_unit_wishbone_master_add_529_36_n_508,0,-1,3,1.961844984629444e-15,0.0,0.0,0.0
pci_target_unit_wishbone_master_add_529_36_n_509,0,-1,1,5.633400138786802e-16,0.0,0.0,0.0
pci_target_unit_wishbone_master_add_529_36_n_515,0,-1,2,1.5421199363533224e-15,0.0,0.0,0.0
pci_target_unit_wishbone_master_add_529_36_n_518,0,-1,3,1.3297360598290816e-15,0.0,0.0,0.0
pci_target_unit_wishbone_master_add_529_36_n_521,0,-1,2,1.1285320652965319e-15,0.0,0.0,0.0
pci_target_unit_wishbone_master_add_529_36_n_527,0,-1,3,1.4949129902578273e-15,0.0,0.0,0.0
pci_target_unit_wishbone_master_add_529_36_n_530,0,-1,3,1.5700071197131309e-15,0.0,0.0,0.0
pci_target_unit_wishbone_master_add_529_36_n_531,0,-1,2,1.588664079167591e-15,0.0,0.0,0.0
pci_target_unit_wishbone_master_add_529_36_n_534,0,-1,2,1.5421199363533224e-15,0.0,0.0,0.0
pci_target_unit_wishbone_master_add_529_36_n_537,0,-1,3,1.8779770761482434e-15,0.0,0.0,0.0
pci_target_unit_wishbone_master_add_529_36_n_538,0,-1,2,1.1088000092737693e-15,0.0,0.0,0.0
pci_target_unit_wishbone_master_add_529_36_n_545,0,-1,3,1.5502750636903683e-15,0.0,0.0,0.0
pci_target_unit_wishbone_master_add_529_36_n_548,0,-1,2,1.5421199363533224e-15,0.0,0.0,0.0
pci_target_unit_wishbone_master_add_529_36_n_553,0,-1,1,4.0230300991919905e-16,0.0,0.0,0.0
pci_target_unit_wishbone_master_add_529_36_n_556,0,-1,3,1.3312389080357475e-15,0.0,0.0,0.0
pci_target_unit_wishbone_master_add_529_36_n_559,0,-1,2,1.5421199363533224e-15,0.0,0.0,0.0
pci_target_unit_wishbone_master_add_529_36_n_564,0,-1,6,3.879918271160101e-15,0.0,0.0,0.0
pci_target_unit_wishbone_master_add_529_36_n_567,0,-1,2,1.5421199363533224e-15,0.0,0.0,0.0
pci_target_unit_wishbone_master_add_529_36_n_570,0,-1,2,9.315729763791471e-16,0.0,0.0,0.0
pci_target_unit_wishbone_master_add_529_36_n_573,0,-1,3,2.1949719568781136e-15,0.0,0.0,0.0
pci_target_unit_wishbone_master_add_529_36_n_575,0,-1,2,1.5421199363533224e-15,0.0,0.0,0.0
pci_target_unit_wishbone_master_add_529_36_n_578,0,-1,1,1.0713900580044543e-15,0.0,0.0,0.0
pci_target_unit_wishbone_master_add_529_36_n_582,0,-1,1,1.0713900580044543e-15,0.0,0.0,0.0
pci_target_unit_wishbone_master_add_529_36_n_585,0,-1,3,1.710230988911357e-15,0.0,0.0,0.0
pci_target_unit_wishbone_master_add_529_36_n_586,0,-1,2,9.206069702066377e-16,0.0,0.0,0.0
pci_target_unit_wishbone_master_add_529_36_n_588,0,-1,3,2.298099065239272e-15,0.0,0.0,0.0
pci_target_unit_wishbone_master_add_529_36_n_591,0,-1,1,1.1053300329262237e-15,0.0,0.0,0.0
pci_target_unit_wishbone_master_add_529_36_n_593,0,-1,1,1.3098900778749133e-15,0.0,0.0,0.0
pci_target_unit_wishbone_master_add_529_36_n_597,0,-1,3,1.3903120445684465e-15,0.0,0.0,0.0
pci_target_unit_wishbone_master_add_529_36_n_598,0,-1,2,9.315729763791471e-16,0.0,0.0,0.0
pci_target_unit_wishbone_master_add_529_36_n_601,0,-1,1,5.355650094448236e-16,0.0,0.0,0.0
pci_target_unit_wishbone_master_add_529_36_n_603,0,-1,1,3.6090300407272424e-16,0.0,0.0,0.0
pci_target_unit_wishbone_master_add_529_36_n_604,0,-1,1,3.385409901580759e-16,0.0,0.0,0.0
pci_target_unit_wishbone_master_add_529_36_n_605,0,-1,1,1.0713900580044543e-15,0.0,0.0,0.0
pci_target_unit_wishbone_master_add_529_36_n_608,0,-1,1,5.5913798930647e-16,0.0,0.0,0.0
pci_target_unit_wishbone_master_add_529_36_n_619,0,-1,1,3.712599935561578e-16,0.0,0.0,0.0
pci_target_unit_wishbone_master_add_529_36_n_627,0,-1,1,5.035669634337531e-16,0.0,0.0,0.0
pci_target_unit_wishbone_master_add_529_36_n_628,0,-1,2,7.433159863244978e-16,0.0,0.0,0.0
pci_target_unit_wishbone_master_add_529_36_n_636,0,-1,2,7.211389696994857e-16,0.0,0.0,0.0
pci_target_unit_wishbone_master_add_529_36_n_645,0,-1,1,3.712599935561578e-16,0.0,0.0,0.0
pci_target_unit_wishbone_master_addr_into_cnt_reg,0,-1,3,1.2621990524500624e-15,0.0,0.0,0.0
pci_target_unit_wishbone_master_burst_chopped,0,-1,3,1.2177970559594e-15,0.0,0.0,0.0
pci_target_unit_wishbone_master_burst_chopped_delayed,0,-1,2,9.33202032494954e-16,0.0,0.0,0.0
pci_target_unit_wishbone_master_burst_transfer,0,-1,2,1.0992599830679625e-15,0.0,0.0,0.0
pci_target_unit_wishbone_master_c_state[0],0,-1,2,1.7322389165842734e-15,0.0,0.0,0.0
pci_target_unit_wishbone_master_c_state[1],0,-1,4,1.7473609957916044e-15,0.0,0.0,0.0
pci_target_unit_wishbone_master_c_state[2],0,-1,1,1.2861600263411105e-15,0.0,0.0,0.0
pci_target_unit_wishbone_master_first_data_is_burst_reg,0,-1,4,1.6480240422320539e-15,0.0,0.0,0.0
pci_target_unit_wishbone_master_first_wb_data_access,0,-1,4,1.5518979788173076e-15,0.0,0.0,0.0
pci_target_unit_wishbone_master_n_1616,0,-1,5,2.24570499525391e-15,0.0,0.0,0.0
pci_target_unit_wishbone_master_n_1665,0,-1,1,6.431780042946407e-16,0.0,0.0,0.0
pci_target_unit_wishbone_master_n_1751,0,-1,2,1.3632779292656414e-15,0.0,0.0,0.0
pci_target_unit_wishbone_master_n_1872,0,-1,1,5.098140431779904e-16,0.0,0.0,0.0
pci_target_unit_wishbone_master_n_1873,0,-1,1,4.889519922640314e-16,0.0,0.0,0.0
pci_target_unit_wishbone_master_n_1874,0,-1,1,5.098140431779904e-16,0.0,0.0,0.0
pci_target_unit_wishbone_master_n_1875,0,-1,1,4.775550051400472e-16,0.0,0.0,0.0
pci_target_unit_wishbone_master_n_1876,0,-1,1,5.098140431779904e-16,0.0,0.0,0.0
pci_target_unit_wishbone_master_n_1877,0,-1,1,5.547850340509709e-16,0.0,0.0,0.0
pci_target_unit_wishbone_master_n_1878,0,-1,1,4.889519922640314e-16,0.0,0.0,0.0
pci_target_unit_wishbone_master_n_1879,0,-1,1,5.098140431779904e-16,0.0,0.0,0.0
pci_target_unit_wishbone_master_n_1880,0,-1,1,5.245410344549865e-16,0.0,0.0,0.0
pci_target_unit_wishbone_master_n_1881,0,-1,1,5.157210391939051e-16,0.0,0.0,0.0
pci_target_unit_wishbone_master_n_1882,0,-1,1,5.547850340509709e-16,0.0,0.0,0.0
pci_target_unit_wishbone_master_n_1883,0,-1,1,5.360839759436945e-16,0.0,0.0,0.0
pci_target_unit_wishbone_master_n_1884,0,-1,1,5.098140431779904e-16,0.0,0.0,0.0
pci_target_unit_wishbone_master_n_1885,0,-1,1,5.360839759436945e-16,0.0,0.0,0.0
pci_target_unit_wishbone_master_n_1886,0,-1,1,5.547850340509709e-16,0.0,0.0,0.0
pci_target_unit_wishbone_master_n_1887,0,-1,1,5.360839759436945e-16,0.0,0.0,0.0
pci_target_unit_wishbone_master_n_1888,0,-1,1,5.547850340509709e-16,0.0,0.0,0.0
pci_target_unit_wishbone_master_n_1889,0,-1,1,5.360839759436945e-16,0.0,0.0,0.0
pci_target_unit_wishbone_master_n_1890,0,-1,1,5.360839759436945e-16,0.0,0.0,0.0
pci_target_unit_wishbone_master_n_1891,0,-1,1,5.360839759436945e-16,0.0,0.0,0.0
pci_target_unit_wishbone_master_n_1892,0,-1,1,5.547850340509709e-16,0.0,0.0,0.0
pci_target_unit_wishbone_master_n_1893,0,-1,1,5.547850340509709e-16,0.0,0.0,0.0
pci_target_unit_wishbone_master_n_1894,0,-1,1,5.360839759436945e-16,0.0,0.0,0.0
pci_target_unit_wishbone_master_n_1895,0,-1,1,5.360839759436945e-16,0.0,0.0,0.0
pci_target_unit_wishbone_master_n_1896,0,-1,1,5.360839759436945e-16,0.0,0.0,0.0
pci_target_unit_wishbone_master_n_1897,0,-1,1,5.547850340509709e-16,0.0,0.0,0.0
pci_target_unit_wishbone_master_n_1898,0,-1,1,5.360839759436945e-16,0.0,0.0,0.0
pci_target_unit_wishbone_master_n_1899,0,-1,1,4.858739804128277e-16,0.0,0.0,0.0
pci_target_unit_wishbone_master_n_1900,0,-1,1,5.245410344549865e-16,0.0,0.0,0.0
pci_target_unit_wishbone_master_n_1935,0,-1,2,1.706293979772519e-15,0.0,0.0,0.0
pci_target_unit_wishbone_master_n_22,0,-1,5,1.929549100658295e-15,0.0,0.0,0.0
pci_target_unit_wishbone_master_n_24,0,-1,4,2.0123469947688766e-15,0.0,0.0,0.0
pci_target_unit_wishbone_master_n_3991,0,-1,2,8.114650279474674e-16,0.0,0.0,0.0
pci_target_unit_wishbone_master_n_3992,0,-1,2,7.664270685320946e-16,0.0,0.0,0.0
pci_target_unit_wishbone_master_n_3994,0,-1,2,9.626150398301227e-16,0.0,0.0,0.0
pci_target_unit_wishbone_master_n_40,0,-1,3,1.5027600093603095e-15,0.0,0.0,0.0
pci_target_unit_wishbone_master_n_41,0,-1,5,2.6874409358182633e-15,0.0,0.0,0.0
pci_target_unit_wishbone_master_n_5275,0,-1,2,1.150245013745567e-15,0.0,0.0,0.0
pci_target_unit_wishbone_master_n_58,0,-1,1,5.242360496544158e-16,0.0,0.0,0.0
pci_target_unit_wishbone_master_n_62,0,-1,2,1.0732610479058206e-15,0.0,0.0,0.0
pci_target_unit_wishbone_master_n_64,0,-1,3,1.2789338823889656e-15,0.0,0.0,0.0
pci_target_unit_wishbone_master_read_bound,0,-1,2,8.618810113031946e-16,0.0,0.0,0.0
pci_target_unit_wishbone_master_read_count[0],0,-1,5,1.8410830738229246e-15,0.0,0.0,0.0
pci_target_unit_wishbone_master_read_count[1],0,-1,3,1.2211979991217444e-15,0.0,0.0,0.0
pci_target_unit_wishbone_master_read_count[2],0,-1,3,1.6866579561101514e-15,0.0,0.0,0.0
pci_target_unit_wishbone_master_reset_rty_cnt,0,-1,3,1.0945999254295246e-15,0.0,0.0,0.0
pci_target_unit_wishbone_master_retried,0,-1,2,9.167050070559924e-16,0.0,0.0,0.0
pci_target_unit_wishbone_master_rty_counter[0],0,-1,2,9.839230006512519e-16,0.0,0.0,0.0
pci_target_unit_wishbone_master_rty_counter[1],0,-1,2,1.9353881222801926e-15,0.0,0.0,0.0
pci_target_unit_wishbone_master_rty_counter[2],0,-1,2,8.522709990001209e-16,0.0,0.0,0.0
pci_target_unit_wishbone_master_rty_counter[3],0,-1,3,1.543860059664338e-15,0.0,0.0,0.0
pci_target_unit_wishbone_master_rty_counter[4],0,-1,2,1.923346066627315e-15,0.0,0.0,0.0
pci_target_unit_wishbone_master_rty_counter[5],0,-1,3,2.4665190730648176e-15,0.0,0.0,0.0
pci_target_unit_wishbone_master_rty_counter[6],0,-1,2,1.9246981429693697e-15,0.0,0.0,0.0
pci_target_unit_wishbone_master_rty_counter[7],0,-1,3,2.3897579827693175e-15,0.0,0.0,0.0
pci_trdy_i,0,-1,1,4.431639851738649e-16,0.0,0.0,0.0
pci_trdy_o,0,-1,1,0.0,0.0,0.0,0.0
pci_trdy_oe_o,0,-1,1,0.0,0.0,0.0,0.0
pciu_adr_out[0],0,-1,3,1.1602280381827878e-15,0.0,0.0,0.0
pciu_adr_out[10],0,-1,6,2.8505559762951552e-15,0.0,0.0,0.0
pciu_adr_out[11],0,-1,5,2.0446850186291513e-15,0.0,0.0,0.0
pciu_adr_out[12],0,-1,6,2.7771258430647327e-15,0.0,0.0,0.0
pciu_adr_out[13],0,-1,5,2.7760450290240362e-15,0.0,0.0,0.0
pciu_adr_out[14],0,-1,7,3.246606983091111e-15,0.0,0.0,0.0
pciu_adr_out[15],0,-1,6,3.330645992227657e-15,0.0,0.0,0.0
pciu_adr_out[16],0,-1,6,2.615078064101381e-15,0.0,0.0,0.0
pciu_adr_out[17],0,-1,5,2.7254132110854368e-15,0.0,0.0,0.0
pciu_adr_out[18],0,-1,6,2.6265790774592e-15,0.0,0.0,0.0
pciu_adr_out[19],0,-1,6,2.864202947624843e-15,0.0,0.0,0.0
pciu_adr_out[1],0,-1,3,1.1602280381827878e-15,0.0,0.0,0.0
pciu_adr_out[20],0,-1,5,2.0101900253686935e-15,0.0,0.0,0.0
pciu_adr_out[21],0,-1,5,2.9234490906370186e-15,0.0,0.0,0.0
pciu_adr_out[22],0,-1,7,3.0067640983618988e-15,0.0,0.0,0.0
pciu_adr_out[23],0,-1,6,3.1417443042210287e-15,0.0,0.0,0.0
pciu_adr_out[24],0,-1,6,2.795594972963139e-15,0.0,0.0,0.0
pciu_adr_out[25],0,-1,5,2.7058420913226525e-15,0.0,0.0,0.0
pciu_adr_out[26],0,-1,6,2.7837051714825305e-15,0.0,0.0,0.0
pciu_adr_out[27],0,-1,5,2.8525160105351017e-15,0.0,0.0,0.0
pciu_adr_out[28],0,-1,6,2.5799990416237916e-15,0.0,0.0,0.0
pciu_adr_out[29],0,-1,6,2.4363329364070424e-15,0.0,0.0,0.0
pciu_adr_out[2],0,-1,5,2.2654520861114863e-15,0.0,0.0,0.0
pciu_adr_out[30],0,-1,5,2.8250050156829925e-15,0.0,0.0,0.0
pciu_adr_out[31],0,-1,4,2.4186331241829798e-15,0.0,0.0,0.0
pciu_adr_out[3],0,-1,5,2.3391469171379258e-15,0.0,0.0,0.0
pciu_adr_out[4],0,-1,6,2.7580252501041482e-15,0.0,0.0,0.0
pciu_adr_out[5],0,-1,5,2.8229571017747684e-15,0.0,0.0,0.0
pciu_adr_out[6],0,-1,7,2.9216089115591086e-15,0.0,0.0,0.0
pciu_adr_out[7],0,-1,6,2.9743360772509784e-15,0.0,0.0,0.0
pciu_adr_out[8],0,-1,6,2.5664839956756388e-15,0.0,0.0,0.0
pciu_adr_out[9],0,-1,5,2.6794110634782925e-15,0.0,0.0,0.0
pciu_am1_in[10],0,-1,4,1.5830249573212454e-15,0.0,0.0,0.0
pciu_am1_in[11],0,-1,4,1.837250037978362e-15,0.0,0.0,0.0
pciu_am1_in[12],0,-1,4,1.430314022535478e-15,0.0,0.0,0.0
pciu_am1_in[13],0,-1,4,1.4652579432579806e-15,0.0,0.0,0.0
pciu_am1_in[14],0,-1,4,1.4745090253496553e-15,0.0,0.0,0.0
pciu_am1_in[15],0,-1,4,1.6267839499258235e-15,0.0,0.0,0.0
pciu_am1_in[16],0,-1,4,1.5452119242481558e-15,0.0,0.0,0.0
pciu_am1_in[17],0,-1,4,1.8199591309095865e-15,0.0,0.0,0.0
pciu_am1_in[18],0,-1,4,1.5569239546889594e-15,0.0,0.0,0.0
pciu_am1_in[19],0,-1,4,1.5921119267793896e-15,0.0,0.0,0.0
pciu_am1_in[1],0,-1,4,1.6830560543810709e-15,0.0,0.0,0.0
pciu_am1_in[20],0,-1,4,1.7548870952861957e-15,0.0,0.0,0.0
pciu_am1_in[21],0,-1,4,1.8416749380948186e-15,0.0,0.0,0.0
pciu_am1_in[22],0,-1,4,1.781368945107391e-15,0.0,0.0,0.0
pciu_am1_in[23],0,-1,5,2.1163980043172525e-15,0.0,0.0,0.0
pciu_am1_in[2],0,-1,4,1.5383240640793206e-15,0.0,0.0,0.0
pciu_am1_in[3],0,-1,4,1.8153120964027126e-15,0.0,0.0,0.0
pciu_am1_in[4],0,-1,4,1.70407094180245e-15,0.0,0.0,0.0
pciu_am1_in[5],0,-1,4,2.00742700389475e-15,0.0,0.0,0.0
pciu_am1_in[6],0,-1,4,1.9834250547848785e-15,0.0,0.0,0.0
pciu_am1_in[7],0,-1,4,1.9134499689463062e-15,0.0,0.0,0.0
pciu_am1_in[8],0,-1,4,2.225777062862095e-15,0.0,0.0,0.0
pciu_am1_in[9],0,-1,4,1.6039540826567151e-15,0.0,0.0,0.0
pciu_bar0_in[10],0,-1,4,2.0383621294361347e-15,0.0,0.0,0.0
pciu_bar0_in[11],0,-1,3,1.2541360399460303e-15,0.0,0.0,0.0
pciu_bar0_in[12],0,-1,4,1.5807280157265286e-15,0.0,0.0,0.0
pciu_bar0_in[13],0,-1,4,1.6267790794863768e-15,0.0,0.0,0.0
pciu_bar0_in[14],0,-1,4,1.652702099320621e-15,0.0,0.0,0.0
pciu_bar0_in[15],0,-1,4,1.645631068276942e-15,0.0,0.0,0.0
pciu_bar0_in[16],0,-1,3,1.3506679380216298e-15,0.0,0.0,0.0
pciu_bar0_in[17],0,-1,3,1.4068160580292229e-15,0.0,0.0,0.0
pciu_bar0_in[18],0,-1,4,1.5736840897371618e-15,0.0,0.0,0.0
pciu_bar0_in[19],0,-1,4,1.6090919727565229e-15,0.0,0.0,0.0
pciu_bar0_in[1],0,-1,4,1.567900972289783e-15,0.0,0.0,0.0
pciu_bar0_in[2],0,-1,4,1.8326379435805625e-15,0.0,0.0,0.0
pciu_bar0_in[3],0,-1,4,1.7743029962613956e-15,0.0,0.0,0.0
pciu_bar0_in[4],0,-1,4,1.6982979887504384e-15,0.0,0.0,0.0
pciu_bar0_in[5],0,-1,4,1.7545059304599313e-15,0.0,0.0,0.0
pciu_bar0_in[6],0,-1,4,2.1560480400947e-15,0.0,0.0,0.0
pciu_bar0_in[7],0,-1,4,1.4783781659735945e-15,0.0,0.0,0.0
pciu_bar0_in[8],0,-1,4,1.8431858331144834e-15,0.0,0.0,0.0
pciu_bar0_in[9],0,-1,4,1.8152170169543833e-15,0.0,0.0,0.0
pciu_bar1_in[10],0,-1,3,1.2639809980128486e-15,0.0,0.0,0.0
pciu_bar1_in[11],0,-1,3,1.7517759432709307e-15,0.0,0.0,0.0
pciu_bar1_in[12],0,-1,4,1.4605281112805126e-15,0.0,0.0,0.0
pciu_bar1_in[13],0,-1,4,1.4431770648724819e-15,0.0,0.0,0.0
pciu_bar1_in[14],0,-1,4,1.4873320453799013e-15,0.0,0.0,0.0
pciu_bar1_in[15],0,-1,3,1.7289299823758245e-15,0.0,0.0,0.0
pciu_bar1_in[16],0,-1,4,1.5932230222479504e-15,0.0,0.0,0.0
pciu_bar1_in[17],0,-1,3,1.7289299823758245e-15,0.0,0.0,0.0
pciu_bar1_in[18],0,-1,2,7.392600219961298e-16,0.0,0.0,0.0
pciu_bar1_in[19],0,-1,3,1.730546968272133e-15,0.0,0.0,0.0
pciu_bar1_in[1],0,-1,3,1.7735139850710282e-15,0.0,0.0,0.0
pciu_bar1_in[20],0,-1,4,1.4431770648724819e-15,0.0,0.0,0.0
pciu_bar1_in[21],0,-1,4,1.4675500144132507e-15,0.0,0.0,0.0
pciu_bar1_in[22],0,-1,4,1.4605281112805126e-15,0.0,0.0,0.0
pciu_bar1_in[23],0,-1,2,9.185510094854147e-16,0.0,0.0,0.0
pciu_bar1_in[2],0,-1,3,1.7289299823758245e-15,0.0,0.0,0.0
pciu_bar1_in[3],0,-1,3,1.9083180080771292e-15,0.0,0.0,0.0
pciu_bar1_in[4],0,-1,4,1.6225649846946682e-15,0.0,0.0,0.0
pciu_bar1_in[5],0,-1,4,1.6225649846946682e-15,0.0,0.0,0.0
pciu_bar1_in[6],0,-1,4,1.6225649846946682e-15,0.0,0.0,0.0
pciu_bar1_in[7],0,-1,3,1.9083180080771292e-15,0.0,0.0,0.0
pciu_bar1_in[8],0,-1,4,1.7456619535785307e-15,0.0,0.0,0.0
pciu_bar1_in[9],0,-1,4,1.5932230222479504e-15,0.0,0.0,0.0
pciu_cache_line_size_in[2],0,-1,1,4.0108299130757724e-16,0.0,0.0,0.0
pciu_cache_line_size_in[3],0,-1,1,4.675580046591967e-16,0.0,0.0,0.0
pciu_cache_line_size_in[4],0,-1,1,4.694369884340028e-16,0.0,0.0,0.0
pciu_cache_line_size_in[5],0,-1,1,4.84327986465411e-16,0.0,0.0,0.0
pciu_cache_line_size_in[6],0,-1,1,4.685959905964977e-16,0.0,0.0,0.0
pciu_cache_line_size_in[7],0,-1,1,5.141489989833603e-16,0.0,0.0,0.0
pciu_cti_out[0],0,-1,2,8.788260112921353e-16,0.0,0.0,0.0
pciu_cti_out[2],0,-1,2,8.788260112921353e-16,0.0,0.0,0.0
pciu_cyc_out,0,-1,3,1.2315670588246763e-15,0.0,0.0,0.0
pciu_err_bc_out[0],0,-1,2,7.68499017000197e-16,0.0,0.0,0.0
pciu_mdata_out[0],0,-1,3,1.2814030893093303e-15,0.0,0.0,0.0
pciu_mdata_out[10],0,-1,3,1.2814030893093303e-15,0.0,0.0,0.0
pciu_mdata_out[11],0,-1,3,1.2814030893093303e-15,0.0,0.0,0.0
pciu_mdata_out[12],0,-1,3,1.2814030893093303e-15,0.0,0.0,0.0
pciu_mdata_out[13],0,-1,3,1.2814030893093303e-15,0.0,0.0,0.0
pciu_mdata_out[14],0,-1,3,1.2814030893093303e-15,0.0,0.0,0.0
pciu_mdata_out[15],0,-1,3,1.4281150191252875e-15,0.0,0.0,0.0
pciu_mdata_out[16],0,-1,3,1.2814030893093303e-15,0.0,0.0,0.0
pciu_mdata_out[17],0,-1,3,1.2814030893093303e-15,0.0,0.0,0.0
pciu_mdata_out[18],0,-1,3,1.2814030893093303e-15,0.0,0.0,0.0
pciu_mdata_out[19],0,-1,3,1.2814030893093303e-15,0.0,0.0,0.0
pciu_mdata_out[1],0,-1,3,1.2975030680542664e-15,0.0,0.0,0.0
pciu_mdata_out[20],0,-1,3,1.4281150191252875e-15,0.0,0.0,0.0
pciu_mdata_out[21],0,-1,3,1.2975030680542664e-15,0.0,0.0,0.0
pciu_mdata_out[22],0,-1,3,1.4281150191252875e-15,0.0,0.0,0.0
pciu_mdata_out[23],0,-1,3,1.4281150191252875e-15,0.0,0.0,0.0
pciu_mdata_out[24],0,-1,3,1.2814030893093303e-15,0.0,0.0,0.0
pciu_mdata_out[25],0,-1,3,1.4281150191252875e-15,0.0,0.0,0.0
pciu_mdata_out[26],0,-1,3,1.2814030893093303e-15,0.0,0.0,0.0
pciu_mdata_out[27],0,-1,3,1.2814030893093303e-15,0.0,0.0,0.0
pciu_mdata_out[28],0,-1,3,1.4281150191252875e-15,0.0,0.0,0.0
pciu_mdata_out[29],0,-1,3,1.1821310396493631e-15,0.0,0.0,0.0
pciu_mdata_out[2],0,-1,3,1.1821310396493631e-15,0.0,0.0,0.0
pciu_mdata_out[30],0,-1,3,1.2814030893093303e-15,0.0,0.0,0.0
pciu_mdata_out[31],0,-1,3,1.2814030893093303e-15,0.0,0.0,0.0
pciu_mdata_out[3],0,-1,3,1.2814030893093303e-15,0.0,0.0,0.0
pciu_mdata_out[4],0,-1,3,1.2814030893093303e-15,0.0,0.0,0.0
pciu_mdata_out[5],0,-1,3,1.4281150191252875e-15,0.0,0.0,0.0
pciu_mdata_out[6],0,-1,3,1.2814030893093303e-15,0.0,0.0,0.0
pciu_mdata_out[7],0,-1,3,1.2975030680542664e-15,0.0,0.0,0.0
pciu_mdata_out[8],0,-1,3,1.2814030893093303e-15,0.0,0.0,0.0
pciu_mdata_out[9],0,-1,3,1.2814030893093303e-15,0.0,0.0,0.0
pciu_pci_drcomp_pending_out,0,-1,4,1.614372058512351e-15,0.0,0.0,0.0
pciu_sel_out[0],0,-1,3,1.154548999908803e-15,0.0,0.0,0.0
pciu_sel_out[1],0,-1,3,1.154548999908803e-15,0.0,0.0,0.0
pciu_sel_out[2],0,-1,3,1.154548999908803e-15,0.0,0.0,0.0
pciu_sel_out[3],0,-1,3,1.154548999908803e-15,0.0,0.0,0.0
pciu_stb_out,0,-1,2,7.2682203137997e-16,0.0,0.0,0.0
pciu_we_out,0,-1,1,3.2466201121017935e-16,0.0,0.0,0.0
wb_int_i,0,-1,1,3.36682996918494e-16,0.0,0.0,0.0
wb_rst_i,0,-1,0,0.0,0.0,0.0,0.0
wb_rst_o,0,-1,1,0.0,0.0,0.0,0.0
wbm_ack_i,0,-1,8,4.050345958828876e-15,0.0,0.0,0.0
wbm_adr_o[0],0,-1,1,0.0,0.0,0.0,0.0
wbm_adr_o[10],0,-1,1,0.0,0.0,0.0,0.0
wbm_adr_o[11],0,-1,1,0.0,0.0,0.0,0.0
wbm_adr_o[12],0,-1,1,0.0,0.0,0.0,0.0
wbm_adr_o[13],0,-1,1,0.0,0.0,0.0,0.0
wbm_adr_o[14],0,-1,1,0.0,0.0,0.0,0.0
wbm_adr_o[15],0,-1,1,0.0,0.0,0.0,0.0
wbm_adr_o[16],0,-1,1,0.0,0.0,0.0,0.0
wbm_adr_o[17],0,-1,1,0.0,0.0,0.0,0.0
wbm_adr_o[18],0,-1,1,0.0,0.0,0.0,0.0
wbm_adr_o[19],0,-1,1,0.0,0.0,0.0,0.0
wbm_adr_o[1],0,-1,1,0.0,0.0,0.0,0.0
wbm_adr_o[20],0,-1,1,0.0,0.0,0.0,0.0
wbm_adr_o[21],0,-1,1,0.0,0.0,0.0,0.0
wbm_adr_o[22],0,-1,1,0.0,0.0,0.0,0.0
wbm_adr_o[23],0,-1,1,0.0,0.0,0.0,0.0
wbm_adr_o[24],0,-1,1,0.0,0.0,0.0,0.0
wbm_adr_o[25],0,-1,1,0.0,0.0,0.0,0.0
wbm_adr_o[26],0,-1,1,0.0,0.0,0.0,0.0
wbm_adr_o[27],0,-1,1,0.0,0.0,0.0,0.0
wbm_adr_o[28],0,-1,1,0.0,0.0,0.0,0.0
wbm_adr_o[29],0,-1,1,0.0,0.0,0.0,0.0
wbm_adr_o[2],0,-1,1,0.0,0.0,0.0,0.0
wbm_adr_o[30],0,-1,1,0.0,0.0,0.0,0.0
wbm_adr_o[31],0,-1,1,0.0,0.0,0.0,0.0
wbm_adr_o[3],0,-1,1,0.0,0.0,0.0,0.0
wbm_adr_o[4],0,-1,1,0.0,0.0,0.0,0.0
wbm_adr_o[5],0,-1,1,0.0,0.0,0.0,0.0
wbm_adr_o[6],0,-1,1,0.0,0.0,0.0,0.0
wbm_adr_o[7],0,-1,1,0.0,0.0,0.0,0.0
wbm_adr_o[8],0,-1,1,0.0,0.0,0.0,0.0
wbm_adr_o[9],0,-1,1,0.0,0.0,0.0,0.0
wbm_cti_o[0],0,-1,1,0.0,0.0,0.0,0.0
wbm_cti_o[2],0,-1,1,0.0,0.0,0.0,0.0
wbm_cyc_o,0,-1,1,0.0,0.0,0.0,0.0
wbm_dat_i[0],0,-1,1,2.7572301508644724e-16,0.0,0.0,0.0
wbm_dat_i[10],0,-1,1,2.7572301508644724e-16,0.0,0.0,0.0
wbm_dat_i[11],0,-1,1,2.7572301508644724e-16,0.0,0.0,0.0
wbm_dat_i[12],0,-1,1,2.7572301508644724e-16,0.0,0.0,0.0
wbm_dat_i[13],0,-1,1,2.7572301508644724e-16,0.0,0.0,0.0
wbm_dat_i[14],0,-1,1,2.7572301508644724e-16,0.0,0.0,0.0
wbm_dat_i[15],0,-1,1,2.7572301508644724e-16,0.0,0.0,0.0
wbm_dat_i[16],0,-1,1,2.7572301508644724e-16,0.0,0.0,0.0
wbm_dat_i[17],0,-1,1,2.7572301508644724e-16,0.0,0.0,0.0
wbm_dat_i[18],0,-1,1,2.7572301508644724e-16,0.0,0.0,0.0
wbm_dat_i[19],0,-1,1,2.7572301508644724e-16,0.0,0.0,0.0
wbm_dat_i[1],0,-1,1,2.7572301508644724e-16,0.0,0.0,0.0
wbm_dat_i[20],0,-1,1,2.7572301508644724e-16,0.0,0.0,0.0
wbm_dat_i[21],0,-1,1,2.7572301508644724e-16,0.0,0.0,0.0
wbm_dat_i[22],0,-1,1,2.7572301508644724e-16,0.0,0.0,0.0
wbm_dat_i[23],0,-1,1,2.7572301508644724e-16,0.0,0.0,0.0
wbm_dat_i[24],0,-1,1,2.7572301508644724e-16,0.0,0.0,0.0
wbm_dat_i[25],0,-1,1,2.7572301508644724e-16,0.0,0.0,0.0
wbm_dat_i[26],0,-1,1,2.7572301508644724e-16,0.0,0.0,0.0
wbm_dat_i[27],0,-1,1,2.7572301508644724e-16,0.0,0.0,0.0
wbm_dat_i[28],0,-1,1,2.7572301508644724e-16,0.0,0.0,0.0
wbm_dat_i[29],0,-1,1,2.7572301508644724e-16,0.0,0.0,0.0
wbm_dat_i[2],0,-1,1,2.7572301508644724e-16,0.0,0.0,0.0
wbm_dat_i[30],0,-1,1,2.7572301508644724e-16,0.0,0.0,0.0
wbm_dat_i[31],0,-1,1,2.7572301508644724e-16,0.0,0.0,0.0
wbm_dat_i[3],0,-1,1,2.7572301508644724e-16,0.0,0.0,0.0
wbm_dat_i[4],0,-1,1,2.7572301508644724e-16,0.0,0.0,0.0
wbm_dat_i[5],0,-1,1,2.7572301508644724e-16,0.0,0.0,0.0
wbm_dat_i[6],0,-1,1,2.7572301508644724e-16,0.0,0.0,0.0
wbm_dat_i[7],0,-1,1,2.7572301508644724e-16,0.0,0.0,0.0
wbm_dat_i[8],0,-1,1,2.7572301508644724e-16,0.0,0.0,0.0
wbm_dat_i[9],0,-1,1,2.7572301508644724e-16,0.0,0.0,0.0
wbm_dat_o[0],0,-1,1,0.0,0.0,0.0,0.0
wbm_dat_o[10],0,-1,1,0.0,0.0,0.0,0.0
wbm_dat_o[11],0,-1,1,0.0,0.0,0.0,0.0
wbm_dat_o[12],0,-1,1,0.0,0.0,0.0,0.0
wbm_dat_o[13],0,-1,1,0.0,0.0,0.0,0.0
wbm_dat_o[14],0,-1,1,0.0,0.0,0.0,0.0
wbm_dat_o[15],0,-1,1,0.0,0.0,0.0,0.0
wbm_dat_o[16],0,-1,1,0.0,0.0,0.0,0.0
wbm_dat_o[17],0,-1,1,0.0,0.0,0.0,0.0
wbm_dat_o[18],0,-1,1,0.0,0.0,0.0,0.0
wbm_dat_o[19],0,-1,1,0.0,0.0,0.0,0.0
wbm_dat_o[1],0,-1,1,0.0,0.0,0.0,0.0
wbm_dat_o[20],0,-1,1,0.0,0.0,0.0,0.0
wbm_dat_o[21],0,-1,1,0.0,0.0,0.0,0.0
wbm_dat_o[22],0,-1,1,0.0,0.0,0.0,0.0
wbm_dat_o[23],0,-1,1,0.0,0.0,0.0,0.0
wbm_dat_o[24],0,-1,1,0.0,0.0,0.0,0.0
wbm_dat_o[25],0,-1,1,0.0,0.0,0.0,0.0
wbm_dat_o[26],0,-1,1,0.0,0.0,0.0,0.0
wbm_dat_o[27],0,-1,1,0.0,0.0,0.0,0.0
wbm_dat_o[28],0,-1,1,0.0,0.0,0.0,0.0
wbm_dat_o[29],0,-1,1,0.0,0.0,0.0,0.0
wbm_dat_o[2],0,-1,1,0.0,0.0,0.0,0.0
wbm_dat_o[30],0,-1,1,0.0,0.0,0.0,0.0
wbm_dat_o[31],0,-1,1,0.0,0.0,0.0,0.0
wbm_dat_o[3],0,-1,1,0.0,0.0,0.0,0.0
wbm_dat_o[4],0,-1,1,0.0,0.0,0.0,0.0
wbm_dat_o[5],0,-1,1,0.0,0.0,0.0,0.0
wbm_dat_o[6],0,-1,1,0.0,0.0,0.0,0.0
wbm_dat_o[7],0,-1,1,0.0,0.0,0.0,0.0
wbm_dat_o[8],0,-1,1,0.0,0.0,0.0,0.0
wbm_dat_o[9],0,-1,1,0.0,0.0,0.0,0.0
wbm_err_i,0,-1,6,3.345660074734213e-15,0.0,0.0,0.0
wbm_rty_i,0,-1,9,4.404955878680415e-15,0.0,0.0,0.0
wbm_sel_o[0],0,-1,1,0.0,0.0,0.0,0.0
wbm_sel_o[1],0,-1,1,0.0,0.0,0.0,0.0
wbm_sel_o[2],0,-1,1,0.0,0.0,0.0,0.0
wbm_sel_o[3],0,-1,1,0.0,0.0,0.0,0.0
wbm_stb_o,0,-1,1,0.0,0.0,0.0,0.0
wbm_we_o,0,-1,1,0.0,0.0,0.0,0.0
wbs_ack_o,0,-1,1,0.0,0.0,0.0,0.0
wbs_adr_i[0],0,-1,1,3.659220183923408e-16,0.0,0.0,0.0
wbs_adr_i[10],0,-1,1,4.819949930308766e-16,0.0,0.0,0.0
wbs_adr_i[11],0,-1,1,4.819949930308766e-16,0.0,0.0,0.0
wbs_adr_i[12],0,-1,1,4.819949930308766e-16,0.0,0.0,0.0
wbs_adr_i[13],0,-1,1,4.819949930308766e-16,0.0,0.0,0.0
wbs_adr_i[14],0,-1,1,4.819949930308766e-16,0.0,0.0,0.0
wbs_adr_i[15],0,-1,1,4.819949930308766e-16,0.0,0.0,0.0
wbs_adr_i[16],0,-1,1,4.819949930308766e-16,0.0,0.0,0.0
wbs_adr_i[17],0,-1,1,4.819949930308766e-16,0.0,0.0,0.0
wbs_adr_i[18],0,-1,1,4.819949930308766e-16,0.0,0.0,0.0
wbs_adr_i[19],0,-1,1,4.819949930308766e-16,0.0,0.0,0.0
wbs_adr_i[1],0,-1,1,3.659220183923408e-16,0.0,0.0,0.0
wbs_adr_i[20],0,-1,1,4.819949930308766e-16,0.0,0.0,0.0
wbs_adr_i[21],0,-1,1,4.819949930308766e-16,0.0,0.0,0.0
wbs_adr_i[22],0,-1,1,4.819949930308766e-16,0.0,0.0,0.0
wbs_adr_i[23],0,-1,1,4.819949930308766e-16,0.0,0.0,0.0
wbs_adr_i[24],0,-1,1,4.819949930308766e-16,0.0,0.0,0.0
wbs_adr_i[25],0,-1,1,4.819949930308766e-16,0.0,0.0,0.0
wbs_adr_i[26],0,-1,1,4.819949930308766e-16,0.0,0.0,0.0
wbs_adr_i[27],0,-1,1,4.819949930308766e-16,0.0,0.0,0.0
wbs_adr_i[28],0,-1,1,4.819949930308766e-16,0.0,0.0,0.0
wbs_adr_i[29],0,-1,1,4.819949930308766e-16,0.0,0.0,0.0
wbs_adr_i[2],0,-1,3,1.3852988800701219e-15,0.0,0.0,0.0
wbs_adr_i[30],0,-1,1,4.819949930308766e-16,0.0,0.0,0.0
wbs_adr_i[31],0,-1,1,4.819949930308766e-16,0.0,0.0,0.0
wbs_adr_i[3],0,-1,3,1.3597648601169042e-15,0.0,0.0,0.0
wbs_adr_i[4],0,-1,2,9.235200223913637e-16,0.0,0.0,0.0
wbs_adr_i[5],0,-1,2,8.532299991150904e-16,0.0,0.0,0.0
wbs_adr_i[6],0,-1,1,4.819949930308766e-16,0.0,0.0,0.0
wbs_adr_i[7],0,-1,1,4.819949930308766e-16,0.0,0.0,0.0
wbs_adr_i[8],0,-1,1,4.819949930308766e-16,0.0,0.0,0.0
wbs_adr_i[9],0,-1,1,4.819949930308766e-16,0.0,0.0,0.0
wbs_bte_i[0],0,-1,2,9.49250977504818e-16,0.0,0.0,0.0
wbs_bte_i[1],0,-1,1,5.454080087479514e-16,0.0,0.0,0.0
wbs_cti_i[0],0,-1,3,1.5416800086163421e-15,0.0,0.0,0.0
wbs_cti_i[1],0,-1,3,1.4297160172747165e-15,0.0,0.0,0.0
wbs_cti_i[2],0,-1,3,1.5395850843795455e-15,0.0,0.0,0.0
wbs_cyc_i,0,-1,1,3.466820091025942e-16,0.0,0.0,0.0
wbs_dat_i[0],0,-1,1,5.362309890996023e-16,0.0,0.0,0.0
wbs_dat_i[10],0,-1,1,5.362309890996023e-16,0.0,0.0,0.0
wbs_dat_i[11],0,-1,1,5.362309890996023e-16,0.0,0.0,0.0
wbs_dat_i[12],0,-1,1,5.362309890996023e-16,0.0,0.0,0.0
wbs_dat_i[13],0,-1,1,5.362309890996023e-16,0.0,0.0,0.0
wbs_dat_i[14],0,-1,1,5.362309890996023e-16,0.0,0.0,0.0
wbs_dat_i[15],0,-1,1,5.362309890996023e-16,0.0,0.0,0.0
wbs_dat_i[16],0,-1,1,5.362309890996023e-16,0.0,0.0,0.0
wbs_dat_i[17],0,-1,1,5.362309890996023e-16,0.0,0.0,0.0
wbs_dat_i[18],0,-1,1,5.362309890996023e-16,0.0,0.0,0.0
wbs_dat_i[19],0,-1,1,5.362309890996023e-16,0.0,0.0,0.0
wbs_dat_i[1],0,-1,1,5.362309890996023e-16,0.0,0.0,0.0
wbs_dat_i[20],0,-1,1,5.362309890996023e-16,0.0,0.0,0.0
wbs_dat_i[21],0,-1,1,5.362309890996023e-16,0.0,0.0,0.0
wbs_dat_i[22],0,-1,1,5.362309890996023e-16,0.0,0.0,0.0
wbs_dat_i[23],0,-1,1,5.362309890996023e-16,0.0,0.0,0.0
wbs_dat_i[24],0,-1,1,5.362309890996023e-16,0.0,0.0,0.0
wbs_dat_i[25],0,-1,1,5.362309890996023e-16,0.0,0.0,0.0
wbs_dat_i[26],0,-1,1,5.362309890996023e-16,0.0,0.0,0.0
wbs_dat_i[27],0,-1,1,5.362309890996023e-16,0.0,0.0,0.0
wbs_dat_i[28],0,-1,1,5.362309890996023e-16,0.0,0.0,0.0
wbs_dat_i[29],0,-1,1,5.362309890996023e-16,0.0,0.0,0.0
wbs_dat_i[2],0,-1,1,5.362309890996023e-16,0.0,0.0,0.0
wbs_dat_i[30],0,-1,1,5.362309890996023e-16,0.0,0.0,0.0
wbs_dat_i[31],0,-1,1,5.362309890996023e-16,0.0,0.0,0.0
wbs_dat_i[3],0,-1,1,5.362309890996023e-16,0.0,0.0,0.0
wbs_dat_i[4],0,-1,1,5.362309890996023e-16,0.0,0.0,0.0
wbs_dat_i[5],0,-1,1,5.362309890996023e-16,0.0,0.0,0.0
wbs_dat_i[6],0,-1,1,5.362309890996023e-16,0.0,0.0,0.0
wbs_dat_i[7],0,-1,1,5.362309890996023e-16,0.0,0.0,0.0
wbs_dat_i[8],0,-1,1,5.362309890996023e-16,0.0,0.0,0.0
wbs_dat_i[9],0,-1,1,5.362309890996023e-16,0.0,0.0,0.0
wbs_dat_o[0],0,-1,1,0.0,0.0,0.0,0.0
wbs_dat_o[10],0,-1,1,0.0,0.0,0.0,0.0
wbs_dat_o[11],0,-1,1,0.0,0.0,0.0,0.0
wbs_dat_o[12],0,-1,1,0.0,0.0,0.0,0.0
wbs_dat_o[13],0,-1,1,0.0,0.0,0.0,0.0
wbs_dat_o[14],0,-1,1,0.0,0.0,0.0,0.0
wbs_dat_o[15],0,-1,1,0.0,0.0,0.0,0.0
wbs_dat_o[16],0,-1,1,0.0,0.0,0.0,0.0
wbs_dat_o[17],0,-1,1,0.0,0.0,0.0,0.0
wbs_dat_o[18],0,-1,1,0.0,0.0,0.0,0.0
wbs_dat_o[19],0,-1,1,0.0,0.0,0.0,0.0
wbs_dat_o[1],0,-1,1,0.0,0.0,0.0,0.0
wbs_dat_o[20],0,-1,1,0.0,0.0,0.0,0.0
wbs_dat_o[21],0,-1,1,0.0,0.0,0.0,0.0
wbs_dat_o[22],0,-1,1,0.0,0.0,0.0,0.0
wbs_dat_o[23],0,-1,1,0.0,0.0,0.0,0.0
wbs_dat_o[24],0,-1,1,0.0,0.0,0.0,0.0
wbs_dat_o[25],0,-1,1,0.0,0.0,0.0,0.0
wbs_dat_o[26],0,-1,1,0.0,0.0,0.0,0.0
wbs_dat_o[27],0,-1,1,0.0,0.0,0.0,0.0
wbs_dat_o[28],0,-1,1,0.0,0.0,0.0,0.0
wbs_dat_o[29],0,-1,1,0.0,0.0,0.0,0.0
wbs_dat_o[2],0,-1,1,0.0,0.0,0.0,0.0
wbs_dat_o[30],0,-1,1,0.0,0.0,0.0,0.0
wbs_dat_o[31],0,-1,1,0.0,0.0,0.0,0.0
wbs_dat_o[3],0,-1,1,0.0,0.0,0.0,0.0
wbs_dat_o[4],0,-1,1,0.0,0.0,0.0,0.0
wbs_dat_o[5],0,-1,1,0.0,0.0,0.0,0.0
wbs_dat_o[6],0,-1,1,0.0,0.0,0.0,0.0
wbs_dat_o[7],0,-1,1,0.0,0.0,0.0,0.0
wbs_dat_o[8],0,-1,1,0.0,0.0,0.0,0.0
wbs_dat_o[9],0,-1,1,0.0,0.0,0.0,0.0
wbs_err_o,0,-1,1,0.0,0.0,0.0,0.0
wbs_rty_o,0,-1,1,0.0,0.0,0.0,0.0
wbs_sel_i[0],0,-1,1,3.659220183923408e-16,0.0,0.0,0.0
wbs_sel_i[1],0,-1,1,3.659220183923408e-16,0.0,0.0,0.0
wbs_sel_i[2],0,-1,1,3.659220183923408e-16,0.0,0.0,0.0
wbs_sel_i[3],0,-1,1,3.659220183923408e-16,0.0,0.0,0.0
wbs_stb_i,0,-1,3,1.1754370441463308e-15,0.0,0.0,0.0
wbs_wbb3_2_wbb2_ack_o,0,-1,2,9.141329915116547e-16,0.0,0.0,0.0
wbs_wbb3_2_wbb2_adr_o[0],0,-1,3,1.0912931088034438e-15,0.0,0.0,0.0
wbs_wbb3_2_wbb2_cab_o,0,-1,3,1.3765071015940959e-15,0.0,0.0,0.0
wbs_wbb3_2_wbb2_cyc_o,0,-1,5,2.5420629770151132e-15,0.0,0.0,0.0
wbs_wbb3_2_wbb2_dat_i_o[0],0,-1,2,1.1698211098269164e-15,0.0,0.0,0.0
wbs_wbb3_2_wbb2_dat_o_i[10],0,-1,1,5.969500165279348e-16,0.0,0.0,0.0
wbs_wbb3_2_wbb2_dat_o_i[11],0,-1,1,5.620229835248181e-16,0.0,0.0,0.0
wbs_wbb3_2_wbb2_dat_o_i[12],0,-1,1,5.620229835248181e-16,0.0,0.0,0.0
wbs_wbb3_2_wbb2_dat_o_i[13],0,-1,1,5.969500165279348e-16,0.0,0.0,0.0
wbs_wbb3_2_wbb2_dat_o_i[14],0,-1,1,5.620229835248181e-16,0.0,0.0,0.0
wbs_wbb3_2_wbb2_dat_o_i[15],0,-1,1,5.969500165279348e-16,0.0,0.0,0.0
wbs_wbb3_2_wbb2_dat_o_i[16],0,-1,1,5.620229835248181e-16,0.0,0.0,0.0
wbs_wbb3_2_wbb2_dat_o_i[17],0,-1,1,5.620229835248181e-16,0.0,0.0,0.0
wbs_wbb3_2_wbb2_dat_o_i[18],0,-1,1,5.620229835248181e-16,0.0,0.0,0.0
wbs_wbb3_2_wbb2_dat_o_i[19],0,-1,1,5.969500165279348e-16,0.0,0.0,0.0
wbs_wbb3_2_wbb2_dat_o_i[1],0,-1,1,5.969500165279348e-16,0.0,0.0,0.0
wbs_wbb3_2_wbb2_dat_o_i[20],0,-1,1,5.620229835248181e-16,0.0,0.0,0.0
wbs_wbb3_2_wbb2_dat_o_i[21],0,-1,1,5.620229835248181e-16,0.0,0.0,0.0
wbs_wbb3_2_wbb2_dat_o_i[22],0,-1,1,5.969500165279348e-16,0.0,0.0,0.0
wbs_wbb3_2_wbb2_dat_o_i[23],0,-1,1,5.969500165279348e-16,0.0,0.0,0.0
wbs_wbb3_2_wbb2_dat_o_i[24],0,-1,1,5.969500165279348e-16,0.0,0.0,0.0
wbs_wbb3_2_wbb2_dat_o_i[25],0,-1,1,5.620229835248181e-16,0.0,0.0,0.0
wbs_wbb3_2_wbb2_dat_o_i[26],0,-1,1,5.969500165279348e-16,0.0,0.0,0.0
wbs_wbb3_2_wbb2_dat_o_i[27],0,-1,1,5.620229835248181e-16,0.0,0.0,0.0
wbs_wbb3_2_wbb2_dat_o_i[28],0,-1,1,5.969500165279348e-16,0.0,0.0,0.0
wbs_wbb3_2_wbb2_dat_o_i[29],0,-1,1,5.620229835248181e-16,0.0,0.0,0.0
wbs_wbb3_2_wbb2_dat_o_i[2],0,-1,1,5.969500165279348e-16,0.0,0.0,0.0
wbs_wbb3_2_wbb2_dat_o_i[30],0,-1,1,5.620229835248181e-16,0.0,0.0,0.0
wbs_wbb3_2_wbb2_dat_o_i[31],0,-1,1,5.620229835248181e-16,0.0,0.0,0.0
wbs_wbb3_2_wbb2_dat_o_i[3],0,-1,1,5.969500165279348e-16,0.0,0.0,0.0
wbs_wbb3_2_wbb2_dat_o_i[4],0,-1,1,5.620229835248181e-16,0.0,0.0,0.0
wbs_wbb3_2_wbb2_dat_o_i[5],0,-1,1,5.969500165279348e-16,0.0,0.0,0.0
wbs_wbb3_2_wbb2_dat_o_i[6],0,-1,1,5.969500165279348e-16,0.0,0.0,0.0
wbs_wbb3_2_wbb2_dat_o_i[7],0,-1,1,5.969500165279348e-16,0.0,0.0,0.0
wbs_wbb3_2_wbb2_dat_o_i[8],0,-1,1,5.620229835248181e-16,0.0,0.0,0.0
wbs_wbb3_2_wbb2_dat_o_i[9],0,-1,1,5.620229835248181e-16,0.0,0.0,0.0
wbs_wbb3_2_wbb2_dat_o_o[0],0,-1,2,9.136560060832321e-16,0.0,0.0,0.0
wbs_wbb3_2_wbb2_dat_o_o[10],0,-1,2,8.785319849803196e-16,0.0,0.0,0.0
wbs_wbb3_2_wbb2_dat_o_o[11],0,-1,2,9.136560060832321e-16,0.0,0.0,0.0
wbs_wbb3_2_wbb2_dat_o_o[12],0,-1,2,9.136560060832321e-16,0.0,0.0,0.0
wbs_wbb3_2_wbb2_dat_o_o[13],0,-1,2,8.785319849803196e-16,0.0,0.0,0.0
wbs_wbb3_2_wbb2_dat_o_o[14],0,-1,2,9.136560060832321e-16,0.0,0.0,0.0
wbs_wbb3_2_wbb2_dat_o_o[15],0,-1,2,8.785319849803196e-16,0.0,0.0,0.0
wbs_wbb3_2_wbb2_dat_o_o[16],0,-1,2,9.136560060832321e-16,0.0,0.0,0.0
wbs_wbb3_2_wbb2_dat_o_o[17],0,-1,2,9.136560060832321e-16,0.0,0.0,0.0
wbs_wbb3_2_wbb2_dat_o_o[18],0,-1,2,9.136560060832321e-16,0.0,0.0,0.0
wbs_wbb3_2_wbb2_dat_o_o[19],0,-1,2,8.785319849803196e-16,0.0,0.0,0.0
wbs_wbb3_2_wbb2_dat_o_o[1],0,-1,2,8.785319849803196e-16,0.0,0.0,0.0
wbs_wbb3_2_wbb2_dat_o_o[20],0,-1,2,9.136560060832321e-16,0.0,0.0,0.0
wbs_wbb3_2_wbb2_dat_o_o[21],0,-1,2,9.136560060832321e-16,0.0,0.0,0.0
wbs_wbb3_2_wbb2_dat_o_o[22],0,-1,2,8.785319849803196e-16,0.0,0.0,0.0
wbs_wbb3_2_wbb2_dat_o_o[23],0,-1,2,8.785319849803196e-16,0.0,0.0,0.0
wbs_wbb3_2_wbb2_dat_o_o[24],0,-1,2,8.785319849803196e-16,0.0,0.0,0.0
wbs_wbb3_2_wbb2_dat_o_o[25],0,-1,2,9.136560060832321e-16,0.0,0.0,0.0
wbs_wbb3_2_wbb2_dat_o_o[26],0,-1,2,8.785319849803196e-16,0.0,0.0,0.0
wbs_wbb3_2_wbb2_dat_o_o[27],0,-1,2,9.136560060832321e-16,0.0,0.0,0.0
wbs_wbb3_2_wbb2_dat_o_o[28],0,-1,2,8.785319849803196e-16,0.0,0.0,0.0
wbs_wbb3_2_wbb2_dat_o_o[29],0,-1,2,9.136560060832321e-16,0.0,0.0,0.0
wbs_wbb3_2_wbb2_dat_o_o[2],0,-1,2,8.785319849803196e-16,0.0,0.0,0.0
wbs_wbb3_2_wbb2_dat_o_o[30],0,-1,2,9.136560060832321e-16,0.0,0.0,0.0
wbs_wbb3_2_wbb2_dat_o_o[31],0,-1,2,9.136560060832321e-16,0.0,0.0,0.0
wbs_wbb3_2_wbb2_dat_o_o[3],0,-1,2,8.785319849803196e-16,0.0,0.0,0.0
wbs_wbb3_2_wbb2_dat_o_o[4],0,-1,2,9.136560060832321e-16,0.0,0.0,0.0
wbs_wbb3_2_wbb2_dat_o_o[5],0,-1,2,8.785319849803196e-16,0.0,0.0,0.0
wbs_wbb3_2_wbb2_dat_o_o[6],0,-1,2,8.785319849803196e-16,0.0,0.0,0.0
wbs_wbb3_2_wbb2_dat_o_o[7],0,-1,2,8.785319849803196e-16,0.0,0.0,0.0
wbs_wbb3_2_wbb2_dat_o_o[8],0,-1,2,9.136560060832321e-16,0.0,0.0,0.0
wbs_wbb3_2_wbb2_dat_o_o[9],0,-1,2,9.136560060832321e-16,0.0,0.0,0.0
wbs_wbb3_2_wbb2_err_o,0,-1,2,8.828089719683618e-16,0.0,0.0,0.0
wbs_wbb3_2_wbb2_rty_o,0,-1,2,9.0412497960249e-16,0.0,0.0,0.0
wbs_wbb3_2_wbb2_sel_o[0],0,-1,4,1.6155651044185587e-15,0.0,0.0,0.0
wbs_wbb3_2_wbb2_we_o,0,-1,3,2.207221959119542e-15,0.0,0.0,0.0
wbs_we_i,0,-1,2,9.209950171755986e-16,0.0,0.0,0.0
wbu_addr_in[10],0,-1,2,8.592459976834049e-16,0.0,0.0,0.0
wbu_addr_in[11],0,-1,3,1.7618920577599888e-15,0.0,0.0,0.0
wbu_addr_in[12],0,-1,6,3.139345083397931e-15,0.0,0.0,0.0
wbu_addr_in[13],0,-1,5,2.6166291931860406e-15,0.0,0.0,0.0
wbu_addr_in[14],0,-1,4,2.1282930997537815e-15,0.0,0.0,0.0
wbu_addr_in[15],0,-1,3,1.612111009938774e-15,0.0,0.0,0.0
wbu_addr_in[16],0,-1,6,3.2088221138635176e-15,0.0,0.0,0.0
wbu_addr_in[17],0,-1,5,2.6855689930048313e-15,0.0,0.0,0.0
wbu_addr_in[18],0,-1,4,2.085592051300324e-15,0.0,0.0,0.0
wbu_addr_in[19],0,-1,3,1.7901020665518196e-15,0.0,0.0,0.0
wbu_addr_in[1],0,-1,3,1.773900973248805e-15,0.0,0.0,0.0
wbu_addr_in[20],0,-1,6,3.182312100196826e-15,0.0,0.0,0.0
wbu_addr_in[21],0,-1,5,2.6528491690435817e-15,0.0,0.0,0.0
wbu_addr_in[22],0,-1,6,3.807472390214388e-15,0.0,0.0,0.0
wbu_addr_in[23],0,-1,5,3.3139581726173263e-15,0.0,0.0,0.0
wbu_addr_in[24],0,-1,6,3.1397940108599757e-15,0.0,0.0,0.0
wbu_addr_in[25],0,-1,5,2.6794847553447037e-15,0.0,0.0,0.0
wbu_addr_in[26],0,-1,6,3.909717313760981e-15,0.0,0.0,0.0
wbu_addr_in[27],0,-1,5,3.2681349607202896e-15,0.0,0.0,0.0
wbu_addr_in[28],0,-1,6,3.2205641080948304e-15,0.0,0.0,0.0
wbu_addr_in[29],0,-1,5,3.43104607801513e-15,0.0,0.0,0.0
wbu_addr_in[2],0,-1,4,2.2746000419418327e-15,0.0,0.0,0.0
wbu_addr_in[30],0,-1,5,2.668274062529556e-15,0.0,0.0,0.0
wbu_addr_in[31],0,-1,6,4.870555066709527e-15,0.0,0.0,0.0
wbu_addr_in[3],0,-1,5,2.6596730782248992e-15,0.0,0.0,0.0
wbu_addr_in[4],0,-1,4,2.1962249303653395e-15,0.0,0.0,0.0
wbu_addr_in[5],0,-1,3,1.7952770143430698e-15,0.0,0.0,0.0
wbu_addr_in[6],0,-1,4,2.1623800348918995e-15,0.0,0.0,0.0
wbu_addr_in[7],0,-1,4,2.6933949421627506e-15,0.0,0.0,0.0
wbu_addr_in[8],0,-1,6,3.3293392321482804e-15,0.0,0.0,0.0
wbu_addr_in[9],0,-1,5,2.8743569668382906e-15,0.0,0.0,0.0
wbu_cache_line_size_in[2],0,-1,5,2.4146541869132527e-15,0.0,0.0,0.0
wbu_cache_line_size_in[3],0,-1,4,1.5612339759619445e-15,0.0,0.0,0.0
wbu_cache_line_size_in[4],0,-1,3,1.086910030938758e-15,0.0,0.0,0.0
wbu_cache_line_size_in[5],0,-1,3,1.0969770175168754e-15,0.0,0.0,0.0
wbu_cache_line_size_in[6],0,-1,3,1.240074022472188e-15,0.0,0.0,0.0
wbu_cache_line_size_in[7],0,-1,3,1.1942739981020824e-15,0.0,0.0,0.0
wbu_del_read_comp_pending_out,0,-1,4,1.55565393466367e-15,0.0,0.0,0.0
wbu_err_bc_out[0],0,-1,4,2.015161049977892e-15,0.0,0.0,0.0
wbu_latency_tim_val_in[1],0,-1,3,1.2600460005772604e-15,0.0,0.0,0.0
wbu_latency_tim_val_in[2],0,-1,3,1.2441810734751873e-15,0.0,0.0,0.0
wbu_latency_tim_val_in[3],0,-1,3,1.2483179823895773e-15,0.0,0.0,0.0
wbu_latency_tim_val_in[4],0,-1,3,1.3211280875026097e-15,0.0,0.0,0.0
wbu_latency_tim_val_in[5],0,-1,3,1.334085997529706e-15,0.0,0.0,0.0
wbu_latency_tim_val_in[6],0,-1,3,1.3656840322314357e-15,0.0,0.0,0.0
wbu_latency_tim_val_in[7],0,-1,3,1.4045640091807105e-15,0.0,0.0,0.0
wbu_pciif_ad_reg_in[10],0,-1,4,2.707293058761299e-15,0.0,0.0,0.0
wbu_pciif_ad_reg_in[11],0,-1,5,2.4730469442310696e-15,0.0,0.0,0.0
wbu_pciif_ad_reg_in[12],0,-1,4,2.3883099799459863e-15,0.0,0.0,0.0
wbu_pciif_ad_reg_in[13],0,-1,5,2.7805158806778812e-15,0.0,0.0,0.0
wbu_pciif_ad_reg_in[14],0,-1,5,1.90977003430696e-15,0.0,0.0,0.0
wbu_pciif_ad_reg_in[15],0,-1,5,2.6201111338739662e-15,0.0,0.0,0.0
wbu_pciif_ad_reg_in[16],0,-1,5,2.9139078997609093e-15,0.0,0.0,0.0
wbu_pciif_ad_reg_in[17],0,-1,6,2.8043590111101425e-15,0.0,0.0,0.0
wbu_pciif_ad_reg_in[18],0,-1,5,2.15201213985927e-15,0.0,0.0,0.0
wbu_pciif_ad_reg_in[19],0,-1,4,2.449117839954662e-15,0.0,0.0,0.0
wbu_pciif_ad_reg_in[20],0,-1,5,2.2002650657655057e-15,0.0,0.0,0.0
wbu_pciif_ad_reg_in[21],0,-1,6,3.2591669993912347e-15,0.0,0.0,0.0
wbu_pciif_ad_reg_in[22],0,-1,4,1.866462933779742e-15,0.0,0.0,0.0
wbu_pciif_ad_reg_in[23],0,-1,6,3.639121203815807e-15,0.0,0.0,0.0
wbu_pciif_ad_reg_in[24],0,-1,3,1.4666589357527392e-15,0.0,0.0,0.0
wbu_pciif_ad_reg_in[25],0,-1,5,2.6928790990978727e-15,0.0,0.0,0.0
wbu_pciif_ad_reg_in[26],0,-1,5,1.893267926670315e-15,0.0,0.0,0.0
wbu_pciif_ad_reg_in[27],0,-1,5,2.68535109377915e-15,0.0,0.0,0.0
wbu_pciif_ad_reg_in[28],0,-1,6,2.9278737789952382e-15,0.0,0.0,0.0
wbu_pciif_ad_reg_in[29],0,-1,5,2.966181902825998e-15,0.0,0.0,0.0
wbu_pciif_ad_reg_in[30],0,-1,2,1.638925955466477e-15,0.0,0.0,0.0
wbu_pciif_ad_reg_in[31],0,-1,5,2.2739099218480573e-15,0.0,0.0,0.0
wbu_pciif_ad_reg_in[4],0,-1,3,1.7748020045464468e-15,0.0,0.0,0.0
wbu_pciif_ad_reg_in[5],0,-1,3,1.6520940355436108e-15,0.0,0.0,0.0
wbu_pciif_ad_reg_in[6],0,-1,3,1.663961073013762e-15,0.0,0.0,0.0
wbu_pciif_ad_reg_in[7],0,-1,6,2.8722980415017522e-15,0.0,0.0,0.0
wbu_pciif_ad_reg_in[8],0,-1,5,2.9891060025104884e-15,0.0,0.0,0.0
wbu_pciif_ad_reg_in[9],0,-1,3,1.7921260517792838e-15,0.0,0.0,0.0
wbu_pciif_frame_en_out,0,-1,2,8.374019708857821e-16,0.0,0.0,0.0
wbu_sdata_in[10],0,-1,2,1.1457420807188447e-15,0.0,0.0,0.0
wbu_sdata_in[11],0,-1,2,1.1698211098269164e-15,0.0,0.0,0.0
wbu_sdata_in[12],0,-1,2,1.1698211098269164e-15,0.0,0.0,0.0
wbu_sdata_in[13],0,-1,2,1.1698211098269164e-15,0.0,0.0,0.0
wbu_sdata_in[14],0,-1,2,1.1698211098269164e-15,0.0,0.0,0.0
wbu_sdata_in[15],0,-1,2,1.1698211098269164e-15,0.0,0.0,0.0
wbu_sdata_in[16],0,-1,2,1.1698211098269164e-15,0.0,0.0,0.0
wbu_sdata_in[17],0,-1,2,1.1698211098269164e-15,0.0,0.0,0.0
wbu_sdata_in[18],0,-1,2,1.1698211098269164e-15,0.0,0.0,0.0
wbu_sdata_in[19],0,-1,2,1.1698211098269164e-15,0.0,0.0,0.0
wbu_sdata_in[1],0,-1,2,1.1698211098269164e-15,0.0,0.0,0.0
wbu_sdata_in[20],0,-1,2,1.1698211098269164e-15,0.0,0.0,0.0
wbu_sdata_in[21],0,-1,2,1.1698211098269164e-15,0.0,0.0,0.0
wbu_sdata_in[22],0,-1,2,1.1698211098269164e-15,0.0,0.0,0.0
wbu_sdata_in[23],0,-1,2,1.1698211098269164e-15,0.0,0.0,0.0
wbu_sdata_in[24],0,-1,2,1.1457420807188447e-15,0.0,0.0,0.0
wbu_sdata_in[25],0,-1,2,1.1698211098269164e-15,0.0,0.0,0.0
wbu_sdata_in[26],0,-1,2,1.1698211098269164e-15,0.0,0.0,0.0
wbu_sdata_in[27],0,-1,2,1.1698211098269164e-15,0.0,0.0,0.0
wbu_sdata_in[28],0,-1,2,1.1698211098269164e-15,0.0,0.0,0.0
wbu_sdata_in[29],0,-1,2,9.75448012497499e-16,0.0,0.0,0.0
wbu_sdata_in[2],0,-1,2,1.1698211098269164e-15,0.0,0.0,0.0
wbu_sdata_in[30],0,-1,2,1.1698211098269164e-15,0.0,0.0,0.0
wbu_sdata_in[31],0,-1,2,1.1698211098269164e-15,0.0,0.0,0.0
wbu_sdata_in[3],0,-1,2,1.1698211098269164e-15,0.0,0.0,0.0
wbu_sdata_in[4],0,-1,2,1.1698211098269164e-15,0.0,0.0,0.0
wbu_sdata_in[5],0,-1,2,1.1698211098269164e-15,0.0,0.0,0.0
wbu_sdata_in[6],0,-1,2,1.1698211098269164e-15,0.0,0.0,0.0
wbu_sdata_in[7],0,-1,2,1.1698211098269164e-15,0.0,0.0,0.0
wbu_sdata_in[8],0,-1,2,1.1698211098269164e-15,0.0,0.0,0.0
wbu_sdata_in[9],0,-1,2,1.1698211098269164e-15,0.0,0.0,0.0
wbu_sdata_out[0],0,-1,1,5.620229835248181e-16,0.0,0.0,0.0
wbu_sel_in[1],0,-1,4,1.6349040312746768e-15,0.0,0.0,0.0
wbu_sel_in[2],0,-1,4,2.3323820885046793e-15,0.0,0.0,0.0
wbu_sel_in[3],0,-1,4,2.3323820885046793e-15,0.0,0.0,0.0
wbu_tabort_rec_out,0,-1,1,4.423370163195487e-16,0.0,0.0,0.0
wishbone_slave_unit_del_sync_addr_out[0],0,-1,4,1.8287919904835543e-15,0.0,0.0,0.0
wishbone_slave_unit_del_sync_be_out[0],0,-1,5,2.2149750634439976e-15,0.0,0.0,0.0
wishbone_slave_unit_del_sync_burst_out,0,-1,3,1.0565350059337452e-15,0.0,0.0,0.0
wishbone_slave_unit_del_sync_comp_cycle_count[0],0,-1,3,1.3407000542983412e-15,0.0,0.0,0.0
wishbone_slave_unit_del_sync_comp_cycle_count[10],0,-1,3,1.5019059883912404e-15,0.0,0.0,0.0
wishbone_slave_unit_del_sync_comp_cycle_count[11],0,-1,2,1.4845380013242646e-15,0.0,0.0,0.0
wishbone_slave_unit_del_sync_comp_cycle_count[12],0,-1,4,1.809051887647793e-15,0.0,0.0,0.0
wishbone_slave_unit_del_sync_comp_cycle_count[13],0,-1,3,1.7888018709777843e-15,0.0,0.0,0.0
wishbone_slave_unit_del_sync_comp_cycle_count[14],0,-1,3,1.5197260792938132e-15,0.0,0.0,0.0
wishbone_slave_unit_del_sync_comp_cycle_count[15],0,-1,2,1.4583760123197762e-15,0.0,0.0,0.0
wishbone_slave_unit_del_sync_comp_cycle_count[16],0,-1,3,1.1311779844655175e-15,0.0,0.0,0.0
wishbone_slave_unit_del_sync_comp_cycle_count[1],0,-1,2,1.0725499637466007e-15,0.0,0.0,0.0
wishbone_slave_unit_del_sync_comp_cycle_count[2],0,-1,3,1.1820480304205322e-15,0.0,0.0,0.0
wishbone_slave_unit_del_sync_comp_cycle_count[3],0,-1,2,1.2956020084832725e-15,0.0,0.0,0.0
wishbone_slave_unit_del_sync_comp_cycle_count[4],0,-1,4,1.6591959832898645e-15,0.0,0.0,0.0
wishbone_slave_unit_del_sync_comp_cycle_count[5],0,-1,3,1.7537870112459492e-15,0.0,0.0,0.0
wishbone_slave_unit_del_sync_comp_cycle_count[6],0,-1,3,1.316107087949523e-15,0.0,0.0,0.0
wishbone_slave_unit_del_sync_comp_cycle_count[7],0,-1,2,1.482954049712899e-15,0.0,0.0,0.0
wishbone_slave_unit_del_sync_comp_cycle_count[8],0,-1,3,1.5438490482360236e-15,0.0,0.0,0.0
wishbone_slave_unit_del_sync_comp_cycle_count[9],0,-1,2,7.604580273527935e-16,0.0,0.0,0.0
wishbone_slave_unit_del_sync_comp_done_reg_clr,0,-1,1,4.132109943348215e-16,0.0,0.0,0.0
wishbone_slave_unit_del_sync_comp_done_reg_main,0,-1,2,6.140319711565347e-16,0.0,0.0,0.0
wishbone_slave_unit_del_sync_comp_flush_out,0,-1,1,3.385409901580759e-16,0.0,0.0,0.0
wishbone_slave_unit_del_sync_comp_req_pending_out,0,-1,2,7.995620445166171e-16,0.0,0.0,0.0
wishbone_slave_unit_del_sync_inc_add_455_57_n_166,0,-1,2,1.5007930929776666e-15,0.0,0.0,0.0
wishbone_slave_unit_del_sync_inc_add_455_57_n_169,0,-1,2,1.5007930929776666e-15,0.0,0.0,0.0
wishbone_slave_unit_del_sync_inc_add_455_57_n_176,0,-1,2,1.5007930929776666e-15,0.0,0.0,0.0
wishbone_slave_unit_del_sync_inc_add_455_57_n_179,0,-1,3,1.522997002898754e-15,0.0,0.0,0.0
wishbone_slave_unit_del_sync_inc_add_455_57_n_182,0,-1,2,1.0806600924583238e-15,0.0,0.0,0.0
wishbone_slave_unit_del_sync_inc_add_455_57_n_190,0,-1,3,1.2312930436662395e-15,0.0,0.0,0.0
wishbone_slave_unit_del_sync_inc_add_455_57_n_193,0,-1,2,1.454248950163398e-15,0.0,0.0,0.0
wishbone_slave_unit_del_sync_inc_add_455_57_n_198,0,-1,3,1.5752129842069558e-15,0.0,0.0,0.0
wishbone_slave_unit_del_sync_inc_add_455_57_n_199,0,-1,2,1.0038140871098614e-15,0.0,0.0,0.0
wishbone_slave_unit_del_sync_inc_add_455_57_n_202,0,-1,2,1.4571639081722553e-15,0.0,0.0,0.0
wishbone_slave_unit_del_sync_inc_add_455_57_n_205,0,-1,2,8.836220177186075e-16,0.0,0.0,0.0
wishbone_slave_unit_del_sync_inc_add_455_57_n_208,0,-1,3,1.5807469680887234e-15,0.0,0.0,0.0
wishbone_slave_unit_del_sync_inc_add_455_57_n_210,0,-1,2,1.454248950163398e-15,0.0,0.0,0.0
wishbone_slave_unit_del_sync_inc_add_455_57_n_214,0,-1,1,3.4990399008505153e-16,0.0,0.0,0.0
wishbone_slave_unit_del_sync_inc_add_455_57_n_217,0,-1,3,9.85454012703414e-16,0.0,0.0,0.0
wishbone_slave_unit_del_sync_inc_add_455_57_n_218,0,-1,2,8.736680041598302e-16,0.0,0.0,0.0
wishbone_slave_unit_del_sync_inc_add_455_57_n_220,0,-1,1,3.385409901580759e-16,0.0,0.0,0.0
wishbone_slave_unit_del_sync_inc_add_455_57_n_221,0,-1,3,1.300445978150383e-15,0.0,0.0,0.0
wishbone_slave_unit_del_sync_inc_add_455_57_n_222,0,-1,2,8.836220177186075e-16,0.0,0.0,0.0
wishbone_slave_unit_del_sync_inc_add_455_57_n_225,0,-1,1,3.4990399008505153e-16,0.0,0.0,0.0
wishbone_slave_unit_del_sync_inc_add_455_57_n_226,0,-1,1,5.264370118282968e-16,0.0,0.0,0.0
wishbone_slave_unit_del_sync_inc_add_455_57_n_239,0,-1,2,7.097760227120693e-16,0.0,0.0,0.0
wishbone_slave_unit_del_sync_n_116,0,-1,1,4.955140094459697e-16,0.0,0.0,0.0
wishbone_slave_unit_del_sync_n_118,0,-1,1,4.955140094459697e-16,0.0,0.0,0.0
wishbone_slave_unit_del_sync_n_120,0,-1,1,4.955140094459697e-16,0.0,0.0,0.0
wishbone_slave_unit_del_sync_n_122,0,-1,1,4.955140094459697e-16,0.0,0.0,0.0
wishbone_slave_unit_del_sync_n_124,0,-1,1,4.955140094459697e-16,0.0,0.0,0.0
wishbone_slave_unit_del_sync_n_126,0,-1,1,4.955140094459697e-16,0.0,0.0,0.0
wishbone_slave_unit_del_sync_n_128,0,-1,1,5.159739844077789e-16,0.0,0.0,0.0
wishbone_slave_unit_del_sync_req_comp_pending,0,-1,3,1.3337710071524458e-15,0.0,0.0,0.0
wishbone_slave_unit_del_sync_req_comp_pending_sample,0,-1,1,4.28658016556543e-16,0.0,0.0,0.0
wishbone_slave_unit_del_sync_req_done_reg,0,-1,4,1.5646809765407959e-15,0.0,0.0,0.0
wishbone_slave_unit_del_sync_req_req_pending_out,0,-1,4,1.5237139104094864e-15,0.0,0.0,0.0
wishbone_slave_unit_del_sync_sync_comp_done,0,-1,1,2.7572301508644724e-16,0.0,0.0,0.0
wishbone_slave_unit_del_sync_sync_comp_req_pending,0,-1,1,5.319579725785004e-16,0.0,0.0,0.0
wishbone_slave_unit_del_sync_sync_req_comp_pending,0,-1,1,2.7572301508644724e-16,0.0,0.0,0.0
wishbone_slave_unit_fifos_inGreyCount[0],0,-1,2,8.726730580841616e-16,0.0,0.0,0.0
wishbone_slave_unit_fifos_inGreyCount[1],0,-1,2,8.726730580841616e-16,0.0,0.0,0.0
wishbone_slave_unit_fifos_inGreyCount[2],0,-1,2,7.306540084333485e-16,0.0,0.0,0.0
wishbone_slave_unit_fifos_n_4154,0,-1,3,4.462518120193449e-15,0.0,0.0,0.0
wishbone_slave_unit_fifos_n_4214,0,-1,1,3.763610059590245e-15,0.0,0.0,0.0
wishbone_slave_unit_fifos_outGreyCount[0],0,-1,2,1.5509800068607207e-15,0.0,0.0,0.0
wishbone_slave_unit_fifos_outGreyCount[1],0,-1,2,1.4465489971563828e-15,0.0,0.0,0.0
wishbone_slave_unit_fifos_outGreyCount[2],0,-1,2,8.618810113031946e-16,0.0,0.0,0.0
wishbone_slave_unit_fifos_pci_clk_inGreyCount[0],0,-1,1,1.0644999743741326e-15,0.0,0.0,0.0
wishbone_slave_unit_fifos_pci_clk_inGreyCount[1],0,-1,1,1.0644999743741326e-15,0.0,0.0,0.0
wishbone_slave_unit_fifos_pci_clk_inGreyCount[2],0,-1,2,9.904959763219453e-16,0.0,0.0,0.0
wishbone_slave_unit_fifos_pci_clk_sync_inGreyCount[0],0,-1,1,2.7572301508644724e-16,0.0,0.0,0.0
wishbone_slave_unit_fifos_pci_clk_sync_inGreyCount[1],0,-1,1,2.7572301508644724e-16,0.0,0.0,0.0
wishbone_slave_unit_fifos_pci_clk_sync_inGreyCount[2],0,-1,1,2.7572301508644724e-16,0.0,0.0,0.0
wishbone_slave_unit_fifos_wbr_control_out[0],0,-1,1,3.385409901580759e-16,0.0,0.0,0.0
wishbone_slave_unit_fifos_wbr_fifo_ctrl_raddr[0],0,-1,3,1.6900450291079845e-15,0.0,0.0,0.0
wishbone_slave_unit_fifos_wbr_fifo_ctrl_raddr[1],0,-1,4,2.7533970620803507e-15,0.0,0.0,0.0
wishbone_slave_unit_fifos_wbr_fifo_ctrl_raddr[2],0,-1,4,2.8903320082235067e-15,0.0,0.0,0.0
wishbone_slave_unit_fifos_wbr_fifo_ctrl_raddr[3],0,-1,4,2.178264867268233e-15,0.0,0.0,0.0
wishbone_slave_unit_fifos_wbr_fifo_ctrl_raddr_plus_one[0],0,-1,5,2.4404759863103e-15,0.0,0.0,0.0
wishbone_slave_unit_fifos_wbr_fifo_ctrl_raddr_plus_one[1],0,-1,7,3.2655610393518206e-15,0.0,0.0,0.0
wishbone_slave_unit_fifos_wbr_fifo_ctrl_raddr_plus_one[2],0,-1,5,2.0614950227421233e-15,0.0,0.0,0.0
wishbone_slave_unit_fifos_wbr_fifo_ctrl_raddr_plus_one[3],0,-1,4,1.94068885446411e-15,0.0,0.0,0.0
wishbone_slave_unit_fifos_wbr_fifo_ctrl_rclk_sync_wgrey_addr[0],0,-1,1,2.7572301508644724e-16,0.0,0.0,0.0
wishbone_slave_unit_fifos_wbr_fifo_ctrl_rclk_sync_wgrey_addr[1],0,-1,1,2.7572301508644724e-16,0.0,0.0,0.0
wishbone_slave_unit_fifos_wbr_fifo_ctrl_rclk_sync_wgrey_addr[2],0,-1,1,2.7572301508644724e-16,0.0,0.0,0.0
wishbone_slave_unit_fifos_wbr_fifo_ctrl_rclk_sync_wgrey_addr[3],0,-1,1,2.7572301508644724e-16,0.0,0.0,0.0
wishbone_slave_unit_fifos_wbr_fifo_ctrl_rclk_wgrey_addr[0],0,-1,1,1.0161499573163178e-15,0.0,0.0,0.0
wishbone_slave_unit_fifos_wbr_fifo_ctrl_rclk_wgrey_addr[1],0,-1,1,6.199280086836942e-16,0.0,0.0,0.0
wishbone_slave_unit_fifos_wbr_fifo_ctrl_rclk_wgrey_addr[2],0,-1,1,1.0034899911284183e-15,0.0,0.0,0.0
wishbone_slave_unit_fifos_wbr_fifo_ctrl_rclk_wgrey_addr[3],0,-1,1,1.0161499573163178e-15,0.0,0.0,0.0
wishbone_slave_unit_fifos_wbr_fifo_ctrl_rgrey_addr[0],0,-1,2,1.4835489844792268e-15,0.0,0.0,0.0
wishbone_slave_unit_fifos_wbr_fifo_ctrl_rgrey_addr[1],0,-1,3,1.588890025206271e-15,0.0,0.0,0.0
wishbone_slave_unit_fifos_wbr_fifo_ctrl_rgrey_addr[2],0,-1,2,1.5021290756937235e-15,0.0,0.0,0.0
wishbone_slave_unit_fifos_wbr_fifo_ctrl_rgrey_addr[3],0,-1,2,1.4835489844792268e-15,0.0,0.0,0.0
wishbone_slave_unit_fifos_wbr_fifo_ctrl_wgrey_addr[0],0,-1,3,1.120834018113648e-15,0.0,0.0,0.0
wishbone_slave_unit_fifos_wbr_fifo_ctrl_wgrey_addr[1],0,-1,3,1.1146380779836012e-15,0.0,0.0,0.0
wishbone_slave_unit_fifos_wbr_fifo_ctrl_wgrey_addr[2],0,-1,3,1.1146380779836012e-15,0.0,0.0,0.0
wishbone_slave_unit_fifos_wbr_fifo_ctrl_wgrey_addr[3],0,-1,3,1.1146380779836012e-15,0.0,0.0,0.0
wishbone_slave_unit_fifos_wbr_fifo_storage_mem\[0\][0],0,-1,2,1.1346451020768662e-15,0.0,0.0,0.0
wishbone_slave_unit_fifos_wbr_fifo_storage_mem\[0\][10],0,-1,2,1.1939000330558696e-15,0.0,0.0,0.0
wishbone_slave_unit_fifos_wbr_fifo_storage_mem\[0\][11],0,-1,2,1.1346451020768662e-15,0.0,0.0,0.0
wishbone_slave_unit_fifos_wbr_fifo_storage_mem\[0\][12],0,-1,2,1.1696079751615635e-15,0.0,0.0,0.0
wishbone_slave_unit_fifos_wbr_fifo_storage_mem\[0\][13],0,-1,2,1.1346451020768662e-15,0.0,0.0,0.0
wishbone_slave_unit_fifos_wbr_fifo_storage_mem\[0\][14],0,-1,2,1.0169879905385076e-15,0.0,0.0,0.0
wishbone_slave_unit_fifos_wbr_fifo_storage_mem\[0\][15],0,-1,2,9.959489626781316e-16,0.0,0.0,0.0
wishbone_slave_unit_fifos_wbr_fifo_storage_mem\[0\][16],0,-1,2,1.1928809465412043e-15,0.0,0.0,0.0
wishbone_slave_unit_fifos_wbr_fifo_storage_mem\[0\][17],0,-1,2,1.1346451020768662e-15,0.0,0.0,0.0
wishbone_slave_unit_fifos_wbr_fifo_storage_mem\[0\][18],0,-1,2,1.1928809465412043e-15,0.0,0.0,0.0
wishbone_slave_unit_fifos_wbr_fifo_storage_mem\[0\][19],0,-1,2,1.1346451020768662e-15,0.0,0.0,0.0
wishbone_slave_unit_fifos_wbr_fifo_storage_mem\[0\][1],0,-1,2,1.1346451020768662e-15,0.0,0.0,0.0
wishbone_slave_unit_fifos_wbr_fifo_storage_mem\[0\][20],0,-1,2,1.1696079751615635e-15,0.0,0.0,0.0
wishbone_slave_unit_fifos_wbr_fifo_storage_mem\[0\][21],0,-1,2,1.1696079751615635e-15,0.0,0.0,0.0
wishbone_slave_unit_fifos_wbr_fifo_storage_mem\[0\][22],0,-1,2,1.0169879905385076e-15,0.0,0.0,0.0
wishbone_slave_unit_fifos_wbr_fifo_storage_mem\[0\][23],0,-1,2,8.683500136796125e-16,0.0,0.0,0.0
wishbone_slave_unit_fifos_wbr_fifo_storage_mem\[0\][24],0,-1,2,1.1346451020768662e-15,0.0,0.0,0.0
wishbone_slave_unit_fifos_wbr_fifo_storage_mem\[0\][25],0,-1,2,9.959489626781316e-16,0.0,0.0,0.0
wishbone_slave_unit_fifos_wbr_fifo_storage_mem\[0\][26],0,-1,2,9.959489626781316e-16,0.0,0.0,0.0
wishbone_slave_unit_fifos_wbr_fifo_storage_mem\[0\][27],0,-1,2,8.559259991070824e-16,0.0,0.0,0.0
wishbone_slave_unit_fifos_wbr_fifo_storage_mem\[0\][28],0,-1,2,1.1346451020768662e-15,0.0,0.0,0.0
wishbone_slave_unit_fifos_wbr_fifo_storage_mem\[0\][29],0,-1,2,1.1346451020768662e-15,0.0,0.0,0.0
wishbone_slave_unit_fifos_wbr_fifo_storage_mem\[0\][2],0,-1,2,9.959489626781316e-16,0.0,0.0,0.0
wishbone_slave_unit_fifos_wbr_fifo_storage_mem\[0\][30],0,-1,2,1.227602097598579e-15,0.0,0.0,0.0
wishbone_slave_unit_fifos_wbr_fifo_storage_mem\[0\][31],0,-1,2,1.1928809465412043e-15,0.0,0.0,0.0
wishbone_slave_unit_fifos_wbr_fifo_storage_mem\[0\][36],0,-1,2,1.0169879905385076e-15,0.0,0.0,0.0
wishbone_slave_unit_fifos_wbr_fifo_storage_mem\[0\][37],0,-1,2,8.683500136796125e-16,0.0,0.0,0.0
wishbone_slave_unit_fifos_wbr_fifo_storage_mem\[0\][3],0,-1,2,1.0169879905385076e-15,0.0,0.0,0.0
wishbone_slave_unit_fifos_wbr_fifo_storage_mem\[0\][4],0,-1,2,1.1696079751615635e-15,0.0,0.0,0.0
wishbone_slave_unit_fifos_wbr_fifo_storage_mem\[0\][5],0,-1,2,1.1928809465412043e-15,0.0,0.0,0.0
wishbone_slave_unit_fifos_wbr_fifo_storage_mem\[0\][6],0,-1,2,1.1587240253058194e-15,0.0,0.0,0.0
wishbone_slave_unit_fifos_wbr_fifo_storage_mem\[0\][7],0,-1,2,1.1928809465412043e-15,0.0,0.0,0.0
wishbone_slave_unit_fifos_wbr_fifo_storage_mem\[0\][8],0,-1,2,1.1928809465412043e-15,0.0,0.0,0.0
wishbone_slave_unit_fifos_wbr_fifo_storage_mem\[0\][9],0,-1,2,1.1698211098269164e-15,0.0,0.0,0.0
wishbone_slave_unit_fifos_wbr_fifo_storage_mem\[10\][0],0,-1,2,9.628079515838599e-16,0.0,0.0,0.0
wishbone_slave_unit_fifos_wbr_fifo_storage_mem\[10\][10],0,-1,2,1.0316860238766194e-15,0.0,0.0,0.0
wishbone_slave_unit_fifos_wbr_fifo_storage_mem\[10\][11],0,-1,2,1.1928809465412043e-15,0.0,0.0,0.0
wishbone_slave_unit_fifos_wbr_fifo_storage_mem\[10\][12],0,-1,2,1.0648270349708912e-15,0.0,0.0,0.0
wishbone_slave_unit_fifos_wbr_fifo_storage_mem\[10\][13],0,-1,2,1.0316860238766194e-15,0.0,0.0,0.0
wishbone_slave_unit_fifos_wbr_fifo_storage_mem\[10\][14],0,-1,2,1.1928809465412043e-15,0.0,0.0,0.0
wishbone_slave_unit_fifos_wbr_fifo_storage_mem\[10\][15],0,-1,2,1.1928809465412043e-15,0.0,0.0,0.0
wishbone_slave_unit_fifos_wbr_fifo_storage_mem\[10\][16],0,-1,2,1.0316860238766194e-15,0.0,0.0,0.0
wishbone_slave_unit_fifos_wbr_fifo_storage_mem\[10\][17],0,-1,2,1.1928809465412043e-15,0.0,0.0,0.0
wishbone_slave_unit_fifos_wbr_fifo_storage_mem\[10\][18],0,-1,2,1.0316860238766194e-15,0.0,0.0,0.0
wishbone_slave_unit_fifos_wbr_fifo_storage_mem\[10\][19],0,-1,2,1.1928809465412043e-15,0.0,0.0,0.0
wishbone_slave_unit_fifos_wbr_fifo_storage_mem\[10\][1],0,-1,2,1.0316860238766194e-15,0.0,0.0,0.0
wishbone_slave_unit_fifos_wbr_fifo_storage_mem\[10\][20],0,-1,2,1.1928809465412043e-15,0.0,0.0,0.0
wishbone_slave_unit_fifos_wbr_fifo_storage_mem\[10\][21],0,-1,2,1.0648270349708912e-15,0.0,0.0,0.0
wishbone_slave_unit_fifos_wbr_fifo_storage_mem\[10\][22],0,-1,2,1.1928809465412043e-15,0.0,0.0,0.0
wishbone_slave_unit_fifos_wbr_fifo_storage_mem\[10\][23],0,-1,2,1.0316860238766194e-15,0.0,0.0,0.0
wishbone_slave_unit_fifos_wbr_fifo_storage_mem\[10\][24],0,-1,2,1.1928809465412043e-15,0.0,0.0,0.0
wishbone_slave_unit_fifos_wbr_fifo_storage_mem\[10\][25],0,-1,2,1.1939000330558696e-15,0.0,0.0,0.0
wishbone_slave_unit_fifos_wbr_fifo_storage_mem\[10\][26],0,-1,2,1.1928809465412043e-15,0.0,0.0,0.0
wishbone_slave_unit_fifos_wbr_fifo_storage_mem\[10\][27],0,-1,2,1.0316860238766194e-15,0.0,0.0,0.0
wishbone_slave_unit_fifos_wbr_fifo_storage_mem\[10\][28],0,-1,2,1.227602097598579e-15,0.0,0.0,0.0
wishbone_slave_unit_fifos_wbr_fifo_storage_mem\[10\][29],0,-1,2,1.0648270349708912e-15,0.0,0.0,0.0
wishbone_slave_unit_fifos_wbr_fifo_storage_mem\[10\][2],0,-1,2,1.0648270349708912e-15,0.0,0.0,0.0
wishbone_slave_unit_fifos_wbr_fifo_storage_mem\[10\][30],0,-1,2,1.0316860238766194e-15,0.0,0.0,0.0
wishbone_slave_unit_fifos_wbr_fifo_storage_mem\[10\][31],0,-1,2,1.0316860238766194e-15,0.0,0.0,0.0
wishbone_slave_unit_fifos_wbr_fifo_storage_mem\[10\][36],0,-1,2,1.0648270349708912e-15,0.0,0.0,0.0
wishbone_slave_unit_fifos_wbr_fifo_storage_mem\[10\][37],0,-1,2,1.0648270349708912e-15,0.0,0.0,0.0
wishbone_slave_unit_fifos_wbr_fifo_storage_mem\[10\][3],0,-1,2,1.1928809465412043e-15,0.0,0.0,0.0
wishbone_slave_unit_fifos_wbr_fifo_storage_mem\[10\][4],0,-1,2,1.227602097598579e-15,0.0,0.0,0.0
wishbone_slave_unit_fifos_wbr_fifo_storage_mem\[10\][5],0,-1,2,1.1928809465412043e-15,0.0,0.0,0.0
wishbone_slave_unit_fifos_wbr_fifo_storage_mem\[10\][6],0,-1,2,1.0088679091896542e-15,0.0,0.0,0.0
wishbone_slave_unit_fifos_wbr_fifo_storage_mem\[10\][7],0,-1,2,1.1928809465412043e-15,0.0,0.0,0.0
wishbone_slave_unit_fifos_wbr_fifo_storage_mem\[10\][8],0,-1,2,1.227602097598579e-15,0.0,0.0,0.0
wishbone_slave_unit_fifos_wbr_fifo_storage_mem\[10\][9],0,-1,2,1.1928809465412043e-15,0.0,0.0,0.0
wishbone_slave_unit_fifos_wbr_fifo_storage_mem\[11\][0],0,-1,2,9.959489626781316e-16,0.0,0.0,0.0
wishbone_slave_unit_fifos_wbr_fifo_storage_mem\[11\][10],0,-1,2,1.0070460471992286e-15,0.0,0.0,0.0
wishbone_slave_unit_fifos_wbr_fifo_storage_mem\[11\][11],0,-1,2,1.227602097598579e-15,0.0,0.0,0.0
wishbone_slave_unit_fifos_wbr_fifo_storage_mem\[11\][12],0,-1,2,1.0316860238766194e-15,0.0,0.0,0.0
wishbone_slave_unit_fifos_wbr_fifo_storage_mem\[11\][13],0,-1,2,1.042008920283926e-15,0.0,0.0,0.0
wishbone_slave_unit_fifos_wbr_fifo_storage_mem\[11\][14],0,-1,2,1.1698211098269164e-15,0.0,0.0,0.0
wishbone_slave_unit_fifos_wbr_fifo_storage_mem\[11\][15],0,-1,2,1.227602097598579e-15,0.0,0.0,0.0
wishbone_slave_unit_fifos_wbr_fifo_storage_mem\[11\][16],0,-1,2,1.0648270349708912e-15,0.0,0.0,0.0
wishbone_slave_unit_fifos_wbr_fifo_storage_mem\[11\][17],0,-1,2,1.227602097598579e-15,0.0,0.0,0.0
wishbone_slave_unit_fifos_wbr_fifo_storage_mem\[11\][18],0,-1,2,8.683500136796125e-16,0.0,0.0,0.0
wishbone_slave_unit_fifos_wbr_fifo_storage_mem\[11\][19],0,-1,2,1.227602097598579e-15,0.0,0.0,0.0
wishbone_slave_unit_fifos_wbr_fifo_storage_mem\[11\][1],0,-1,2,1.0648270349708912e-15,0.0,0.0,0.0
wishbone_slave_unit_fifos_wbr_fifo_storage_mem\[11\][20],0,-1,2,1.227602097598579e-15,0.0,0.0,0.0
wishbone_slave_unit_fifos_wbr_fifo_storage_mem\[11\][21],0,-1,2,1.0316860238766194e-15,0.0,0.0,0.0
wishbone_slave_unit_fifos_wbr_fifo_storage_mem\[11\][22],0,-1,2,1.227602097598579e-15,0.0,0.0,0.0
wishbone_slave_unit_fifos_wbr_fifo_storage_mem\[11\][23],0,-1,2,1.0277630966605295e-15,0.0,0.0,0.0
wishbone_slave_unit_fifos_wbr_fifo_storage_mem\[11\][24],0,-1,2,1.227602097598579e-15,0.0,0.0,0.0
wishbone_slave_unit_fifos_wbr_fifo_storage_mem\[11\][25],0,-1,2,1.1928809465412043e-15,0.0,0.0,0.0
wishbone_slave_unit_fifos_wbr_fifo_storage_mem\[11\][26],0,-1,2,1.2047839829116137e-15,0.0,0.0,0.0
wishbone_slave_unit_fifos_wbr_fifo_storage_mem\[11\][27],0,-1,2,1.0648270349708912e-15,0.0,0.0,0.0
wishbone_slave_unit_fifos_wbr_fifo_storage_mem\[11\][28],0,-1,2,1.1346451020768662e-15,0.0,0.0,0.0
wishbone_slave_unit_fifos_wbr_fifo_storage_mem\[11\][29],0,-1,2,1.0316860238766194e-15,0.0,0.0,0.0
wishbone_slave_unit_fifos_wbr_fifo_storage_mem\[11\][2],0,-1,2,1.0316860238766194e-15,0.0,0.0,0.0
wishbone_slave_unit_fifos_wbr_fifo_storage_mem\[11\][30],0,-1,2,1.0648270349708912e-15,0.0,0.0,0.0
wishbone_slave_unit_fifos_wbr_fifo_storage_mem\[11\][31],0,-1,2,1.042008920283926e-15,0.0,0.0,0.0
wishbone_slave_unit_fifos_wbr_fifo_storage_mem\[11\][36],0,-1,2,1.0316860238766194e-15,0.0,0.0,0.0
wishbone_slave_unit_fifos_wbr_fifo_storage_mem\[11\][37],0,-1,2,1.0316860238766194e-15,0.0,0.0,0.0
wishbone_slave_unit_fifos_wbr_fifo_storage_mem\[11\][3],0,-1,2,1.227602097598579e-15,0.0,0.0,0.0
wishbone_slave_unit_fifos_wbr_fifo_storage_mem\[11\][4],0,-1,2,1.1928809465412043e-15,0.0,0.0,0.0
wishbone_slave_unit_fifos_wbr_fifo_storage_mem\[11\][5],0,-1,2,1.1698211098269164e-15,0.0,0.0,0.0
wishbone_slave_unit_fifos_wbr_fifo_storage_mem\[11\][6],0,-1,2,1.0070460471992286e-15,0.0,0.0,0.0
wishbone_slave_unit_fifos_wbr_fifo_storage_mem\[11\][7],0,-1,2,1.227602097598579e-15,0.0,0.0,0.0
wishbone_slave_unit_fifos_wbr_fifo_storage_mem\[11\][8],0,-1,2,1.1928809465412043e-15,0.0,0.0,0.0
wishbone_slave_unit_fifos_wbr_fifo_storage_mem\[11\][9],0,-1,2,1.227602097598579e-15,0.0,0.0,0.0
wishbone_slave_unit_fifos_wbr_fifo_storage_mem\[12\][0],0,-1,2,1.024877996563063e-15,0.0,0.0,0.0
wishbone_slave_unit_fifos_wbr_fifo_storage_mem\[12\][10],0,-1,2,1.193226006588092e-15,0.0,0.0,0.0
wishbone_slave_unit_fifos_wbr_fifo_storage_mem\[12\][11],0,-1,2,1.060528978038286e-15,0.0,0.0,0.0
wishbone_slave_unit_fifos_wbr_fifo_storage_mem\[12\][12],0,-1,2,1.060528978038286e-15,0.0,0.0,0.0
wishbone_slave_unit_fifos_wbr_fifo_storage_mem\[12\][13],0,-1,2,1.060528978038286e-15,0.0,0.0,0.0
wishbone_slave_unit_fifos_wbr_fifo_storage_mem\[12\][14],0,-1,2,1.024877996563063e-15,0.0,0.0,0.0
wishbone_slave_unit_fifos_wbr_fifo_storage_mem\[12\][15],0,-1,2,1.060528978038286e-15,0.0,0.0,0.0
wishbone_slave_unit_fifos_wbr_fifo_storage_mem\[12\][16],0,-1,2,1.0648270349708912e-15,0.0,0.0,0.0
wishbone_slave_unit_fifos_wbr_fifo_storage_mem\[12\][17],0,-1,2,1.060528978038286e-15,0.0,0.0,0.0
wishbone_slave_unit_fifos_wbr_fifo_storage_mem\[12\][18],0,-1,2,1.024877996563063e-15,0.0,0.0,0.0
wishbone_slave_unit_fifos_wbr_fifo_storage_mem\[12\][19],0,-1,2,1.060528978038286e-15,0.0,0.0,0.0
wishbone_slave_unit_fifos_wbr_fifo_storage_mem\[12\][1],0,-1,2,1.060528978038286e-15,0.0,0.0,0.0
wishbone_slave_unit_fifos_wbr_fifo_storage_mem\[12\][20],0,-1,2,1.060528978038286e-15,0.0,0.0,0.0
wishbone_slave_unit_fifos_wbr_fifo_storage_mem\[12\][21],0,-1,2,1.060528978038286e-15,0.0,0.0,0.0
wishbone_slave_unit_fifos_wbr_fifo_storage_mem\[12\][22],0,-1,2,1.060528978038286e-15,0.0,0.0,0.0
wishbone_slave_unit_fifos_wbr_fifo_storage_mem\[12\][23],0,-1,2,1.024877996563063e-15,0.0,0.0,0.0
wishbone_slave_unit_fifos_wbr_fifo_storage_mem\[12\][24],0,-1,2,1.060528978038286e-15,0.0,0.0,0.0
wishbone_slave_unit_fifos_wbr_fifo_storage_mem\[12\][25],0,-1,2,1.0367739390325392e-15,0.0,0.0,0.0
wishbone_slave_unit_fifos_wbr_fifo_storage_mem\[12\][26],0,-1,2,1.024877996563063e-15,0.0,0.0,0.0
wishbone_slave_unit_fifos_wbr_fifo_storage_mem\[12\][27],0,-1,2,1.060528978038286e-15,0.0,0.0,0.0
wishbone_slave_unit_fifos_wbr_fifo_storage_mem\[12\][28],0,-1,2,1.0518420198894827e-15,0.0,0.0,0.0
wishbone_slave_unit_fifos_wbr_fifo_storage_mem\[12\][29],0,-1,2,1.060528978038286e-15,0.0,0.0,0.0
wishbone_slave_unit_fifos_wbr_fifo_storage_mem\[12\][2],0,-1,2,1.060528978038286e-15,0.0,0.0,0.0
wishbone_slave_unit_fifos_wbr_fifo_storage_mem\[12\][30],0,-1,2,1.060528978038286e-15,0.0,0.0,0.0
wishbone_slave_unit_fifos_wbr_fifo_storage_mem\[12\][31],0,-1,2,1.22941495986394e-15,0.0,0.0,0.0
wishbone_slave_unit_fifos_wbr_fifo_storage_mem\[12\][36],0,-1,2,9.806829937488858e-16,0.0,0.0,0.0
wishbone_slave_unit_fifos_wbr_fifo_storage_mem\[12\][37],0,-1,2,1.0493289790140976e-15,0.0,0.0,0.0
wishbone_slave_unit_fifos_wbr_fifo_storage_mem\[12\][3],0,-1,2,1.060528978038286e-15,0.0,0.0,0.0
wishbone_slave_unit_fifos_wbr_fifo_storage_mem\[12\][4],0,-1,2,1.0648270349708912e-15,0.0,0.0,0.0
wishbone_slave_unit_fifos_wbr_fifo_storage_mem\[12\][5],0,-1,2,1.024877996563063e-15,0.0,0.0,0.0
wishbone_slave_unit_fifos_wbr_fifo_storage_mem\[12\][6],0,-1,2,8.466049838577001e-16,0.0,0.0,0.0
wishbone_slave_unit_fifos_wbr_fifo_storage_mem\[12\][7],0,-1,2,1.060528978038286e-15,0.0,0.0,0.0
wishbone_slave_unit_fifos_wbr_fifo_storage_mem\[12\][8],0,-1,2,1.0648270349708912e-15,0.0,0.0,0.0
wishbone_slave_unit_fifos_wbr_fifo_storage_mem\[12\][9],0,-1,2,1.060528978038286e-15,0.0,0.0,0.0
wishbone_slave_unit_fifos_wbr_fifo_storage_mem\[13\][0],0,-1,2,1.0627259697452269e-15,0.0,0.0,0.0
wishbone_slave_unit_fifos_wbr_fifo_storage_mem\[13\][10],0,-1,2,1.2035230684905073e-15,0.0,0.0,0.0
wishbone_slave_unit_fifos_wbr_fifo_storage_mem\[13\][11],0,-1,2,8.89066957261795e-16,0.0,0.0,0.0
wishbone_slave_unit_fifos_wbr_fifo_storage_mem\[13\][12],0,-1,2,8.89066957261795e-16,0.0,0.0,0.0
wishbone_slave_unit_fifos_wbr_fifo_storage_mem\[13\][13],0,-1,2,8.89066957261795e-16,0.0,0.0,0.0
wishbone_slave_unit_fifos_wbr_fifo_storage_mem\[13\][14],0,-1,2,1.0277630966605295e-15,0.0,0.0,0.0
wishbone_slave_unit_fifos_wbr_fifo_storage_mem\[13\][15],0,-1,2,8.89066957261795e-16,0.0,0.0,0.0
wishbone_slave_unit_fifos_wbr_fifo_storage_mem\[13\][16],0,-1,2,8.559259991070824e-16,0.0,0.0,0.0
wishbone_slave_unit_fifos_wbr_fifo_storage_mem\[13\][17],0,-1,2,1.0858229700300755e-15,0.0,0.0,0.0
wishbone_slave_unit_fifos_wbr_fifo_storage_mem\[13\][18],0,-1,2,9.099300140273789e-16,0.0,0.0,0.0
wishbone_slave_unit_fifos_wbr_fifo_storage_mem\[13\][19],0,-1,2,1.0627259697452269e-15,0.0,0.0,0.0
wishbone_slave_unit_fifos_wbr_fifo_storage_mem\[13\][1],0,-1,2,8.89066957261795e-16,0.0,0.0,0.0
wishbone_slave_unit_fifos_wbr_fifo_storage_mem\[13\][20],0,-1,2,1.0277630966605295e-15,0.0,0.0,0.0
wishbone_slave_unit_fifos_wbr_fifo_storage_mem\[13\][21],0,-1,2,1.0858229700300755e-15,0.0,0.0,0.0
wishbone_slave_unit_fifos_wbr_fifo_storage_mem\[13\][22],0,-1,2,1.0277630966605295e-15,0.0,0.0,0.0
wishbone_slave_unit_fifos_wbr_fifo_storage_mem\[13\][23],0,-1,2,9.099300140273789e-16,0.0,0.0,0.0
wishbone_slave_unit_fifos_wbr_fifo_storage_mem\[13\][24],0,-1,2,8.89066957261795e-16,0.0,0.0,0.0
wishbone_slave_unit_fifos_wbr_fifo_storage_mem\[13\][25],0,-1,2,1.0277630966605295e-15,0.0,0.0,0.0
wishbone_slave_unit_fifos_wbr_fifo_storage_mem\[13\][26],0,-1,2,1.0277630966605295e-15,0.0,0.0,0.0
wishbone_slave_unit_fifos_wbr_fifo_storage_mem\[13\][27],0,-1,2,1.0858229700300755e-15,0.0,0.0,0.0
wishbone_slave_unit_fifos_wbr_fifo_storage_mem\[13\][28],0,-1,2,8.559259991070824e-16,0.0,0.0,0.0
wishbone_slave_unit_fifos_wbr_fifo_storage_mem\[13\][29],0,-1,2,1.0858229700300755e-15,0.0,0.0,0.0
wishbone_slave_unit_fifos_wbr_fifo_storage_mem\[13\][2],0,-1,2,8.89066957261795e-16,0.0,0.0,0.0
wishbone_slave_unit_fifos_wbr_fifo_storage_mem\[13\][30],0,-1,2,8.89066957261795e-16,0.0,0.0,0.0
wishbone_slave_unit_fifos_wbr_fifo_storage_mem\[13\][31],0,-1,2,1.238486047454323e-15,0.0,0.0,0.0
wishbone_slave_unit_fifos_wbr_fifo_storage_mem\[13\][36],0,-1,2,9.91547991242435e-16,0.0,0.0,0.0
wishbone_slave_unit_fifos_wbr_fifo_storage_mem\[13\][37],0,-1,2,8.179080370003164e-16,0.0,0.0,0.0
wishbone_slave_unit_fifos_wbr_fifo_storage_mem\[13\][3],0,-1,2,1.0277630966605295e-15,0.0,0.0,0.0
wishbone_slave_unit_fifos_wbr_fifo_storage_mem\[13\][4],0,-1,2,1.0316860238766194e-15,0.0,0.0,0.0
wishbone_slave_unit_fifos_wbr_fifo_storage_mem\[13\][5],0,-1,2,1.0627259697452269e-15,0.0,0.0,0.0
wishbone_slave_unit_fifos_wbr_fifo_storage_mem\[13\][6],0,-1,2,1.0277630966605295e-15,0.0,0.0,0.0
wishbone_slave_unit_fifos_wbr_fifo_storage_mem\[13\][7],0,-1,2,1.0277630966605295e-15,0.0,0.0,0.0
wishbone_slave_unit_fifos_wbr_fifo_storage_mem\[13\][8],0,-1,2,8.559259991070824e-16,0.0,0.0,0.0
wishbone_slave_unit_fifos_wbr_fifo_storage_mem\[13\][9],0,-1,2,8.89066957261795e-16,0.0,0.0,0.0
wishbone_slave_unit_fifos_wbr_fifo_storage_mem\[14\][0],0,-1,2,1.1091019765194655e-15,0.0,0.0,0.0
wishbone_slave_unit_fifos_wbr_fifo_storage_mem\[14\][10],0,-1,2,9.9798395933391e-16,0.0,0.0,0.0
wishbone_slave_unit_fifos_wbr_fifo_storage_mem\[14\][11],0,-1,2,1.166882964291128e-15,0.0,0.0,0.0
wishbone_slave_unit_fifos_wbr_fifo_storage_mem\[14\][12],0,-1,2,9.739050361049569e-16,0.0,0.0,0.0
wishbone_slave_unit_fifos_wbr_fifo_storage_mem\[14\][13],0,-1,2,1.0277630966605295e-15,0.0,0.0,0.0
wishbone_slave_unit_fifos_wbr_fifo_storage_mem\[14\][14],0,-1,2,9.9798395933391e-16,0.0,0.0,0.0
wishbone_slave_unit_fifos_wbr_fifo_storage_mem\[14\][15],0,-1,2,9.739050361049569e-16,0.0,0.0,0.0
wishbone_slave_unit_fifos_wbr_fifo_storage_mem\[14\][16],0,-1,2,9.739050361049569e-16,0.0,0.0,0.0
wishbone_slave_unit_fifos_wbr_fifo_storage_mem\[14\][17],0,-1,2,1.0518420198894827e-15,0.0,0.0,0.0
wishbone_slave_unit_fifos_wbr_fifo_storage_mem\[14\][18],0,-1,2,9.9798395933391e-16,0.0,0.0,0.0
wishbone_slave_unit_fifos_wbr_fifo_storage_mem\[14\][19],0,-1,2,8.559259991070824e-16,0.0,0.0,0.0
wishbone_slave_unit_fifos_wbr_fifo_storage_mem\[14\][1],0,-1,2,9.739050361049569e-16,0.0,0.0,0.0
wishbone_slave_unit_fifos_wbr_fifo_storage_mem\[14\][20],0,-1,2,9.739050361049569e-16,0.0,0.0,0.0
wishbone_slave_unit_fifos_wbr_fifo_storage_mem\[14\][21],0,-1,2,1.0316860238766194e-15,0.0,0.0,0.0
wishbone_slave_unit_fifos_wbr_fifo_storage_mem\[14\][22],0,-1,2,1.0316860238766194e-15,0.0,0.0,0.0
wishbone_slave_unit_fifos_wbr_fifo_storage_mem\[14\][23],0,-1,2,9.806829937488858e-16,0.0,0.0,0.0
wishbone_slave_unit_fifos_wbr_fifo_storage_mem\[14\][24],0,-1,2,1.0088679091896542e-15,0.0,0.0,0.0
wishbone_slave_unit_fifos_wbr_fifo_storage_mem\[14\][25],0,-1,2,9.9798395933391e-16,0.0,0.0,0.0
wishbone_slave_unit_fifos_wbr_fifo_storage_mem\[14\][26],0,-1,2,9.9798395933391e-16,0.0,0.0,0.0
wishbone_slave_unit_fifos_wbr_fifo_storage_mem\[14\][27],0,-1,2,1.1091019765194655e-15,0.0,0.0,0.0
wishbone_slave_unit_fifos_wbr_fifo_storage_mem\[14\][28],0,-1,2,8.352090025853407e-16,0.0,0.0,0.0
wishbone_slave_unit_fifos_wbr_fifo_storage_mem\[14\][29],0,-1,2,1.0316860238766194e-15,0.0,0.0,0.0
wishbone_slave_unit_fifos_wbr_fifo_storage_mem\[14\][2],0,-1,2,1.0316860238766194e-15,0.0,0.0,0.0
wishbone_slave_unit_fifos_wbr_fifo_storage_mem\[14\][30],0,-1,2,9.099300140273789e-16,0.0,0.0,0.0
wishbone_slave_unit_fifos_wbr_fifo_storage_mem\[14\][31],0,-1,2,1.0088679091896542e-15,0.0,0.0,0.0
wishbone_slave_unit_fifos_wbr_fifo_storage_mem\[14\][36],0,-1,2,1.0311249704281818e-15,0.0,0.0,0.0
wishbone_slave_unit_fifos_wbr_fifo_storage_mem\[14\][37],0,-1,2,1.2035230684905073e-15,0.0,0.0,0.0
wishbone_slave_unit_fifos_wbr_fifo_storage_mem\[14\][3],0,-1,2,9.739050361049569e-16,0.0,0.0,0.0
wishbone_slave_unit_fifos_wbr_fifo_storage_mem\[14\][4],0,-1,2,1.1939000330558696e-15,0.0,0.0,0.0
wishbone_slave_unit_fifos_wbr_fifo_storage_mem\[14\][5],0,-1,2,9.739050361049569e-16,0.0,0.0,0.0
wishbone_slave_unit_fifos_wbr_fifo_storage_mem\[14\][6],0,-1,2,9.9798395933391e-16,0.0,0.0,0.0
wishbone_slave_unit_fifos_wbr_fifo_storage_mem\[14\][7],0,-1,2,1.0316860238766194e-15,0.0,0.0,0.0
wishbone_slave_unit_fifos_wbr_fifo_storage_mem\[14\][8],0,-1,2,1.227602097598579e-15,0.0,0.0,0.0
wishbone_slave_unit_fifos_wbr_fifo_storage_mem\[14\][9],0,-1,2,1.0316860238766194e-15,0.0,0.0,0.0
wishbone_slave_unit_fifos_wbr_fifo_storage_mem\[15\][0],0,-1,2,9.91547991242435e-16,0.0,0.0,0.0
wishbone_slave_unit_fifos_wbr_fifo_storage_mem\[15\][10],0,-1,2,1.0041810641342594e-15,0.0,0.0,0.0
wishbone_slave_unit_fifos_wbr_fifo_storage_mem\[15\][11],0,-1,2,1.011898063679338e-15,0.0,0.0,0.0
wishbone_slave_unit_fifos_wbr_fifo_storage_mem\[15\][12],0,-1,2,8.579810069162398e-16,0.0,0.0,0.0
wishbone_slave_unit_fifos_wbr_fifo_storage_mem\[15\][13],0,-1,2,9.840860544935983e-16,0.0,0.0,0.0
wishbone_slave_unit_fifos_wbr_fifo_storage_mem\[15\][14],0,-1,2,8.735690071841199e-16,0.0,0.0,0.0
wishbone_slave_unit_fifos_wbr_fifo_storage_mem\[15\][15],0,-1,2,8.941800716478956e-16,0.0,0.0,0.0
wishbone_slave_unit_fifos_wbr_fifo_storage_mem\[15\][16],0,-1,2,1.0041810641342594e-15,0.0,0.0,0.0
wishbone_slave_unit_fifos_wbr_fifo_storage_mem\[15\][17],0,-1,2,1.1696079751615635e-15,0.0,0.0,0.0
wishbone_slave_unit_fifos_wbr_fifo_storage_mem\[15\][18],0,-1,2,1.0041810641342594e-15,0.0,0.0,0.0
wishbone_slave_unit_fifos_wbr_fifo_storage_mem\[15\][19],0,-1,2,8.941800716478956e-16,0.0,0.0,0.0
wishbone_slave_unit_fifos_wbr_fifo_storage_mem\[15\][1],0,-1,2,8.732020301597219e-16,0.0,0.0,0.0
wishbone_slave_unit_fifos_wbr_fifo_storage_mem\[15\][20],0,-1,2,1.0627259697452269e-15,0.0,0.0,0.0
wishbone_slave_unit_fifos_wbr_fifo_storage_mem\[15\][21],0,-1,2,1.0171150454805957e-15,0.0,0.0,0.0
wishbone_slave_unit_fifos_wbr_fifo_storage_mem\[15\][22],0,-1,2,1.0035460011820554e-15,0.0,0.0,0.0
wishbone_slave_unit_fifos_wbr_fifo_storage_mem\[15\][23],0,-1,2,8.577040271424876e-16,0.0,0.0,0.0
wishbone_slave_unit_fifos_wbr_fifo_storage_mem\[15\][24],0,-1,2,1.0277630966605295e-15,0.0,0.0,0.0
wishbone_slave_unit_fifos_wbr_fifo_storage_mem\[15\][25],0,-1,2,1.038441005751854e-15,0.0,0.0,0.0
wishbone_slave_unit_fifos_wbr_fifo_storage_mem\[15\][26],0,-1,2,1.0041810641342594e-15,0.0,0.0,0.0
wishbone_slave_unit_fifos_wbr_fifo_storage_mem\[15\][27],0,-1,2,1.1558109731210934e-15,0.0,0.0,0.0
wishbone_slave_unit_fifos_wbr_fifo_storage_mem\[15\][28],0,-1,2,9.834640146729585e-16,0.0,0.0,0.0
wishbone_slave_unit_fifos_wbr_fifo_storage_mem\[15\][29],0,-1,2,1.0627259697452269e-15,0.0,0.0,0.0
wishbone_slave_unit_fifos_wbr_fifo_storage_mem\[15\][2],0,-1,2,1.042008920283926e-15,0.0,0.0,0.0
wishbone_slave_unit_fifos_wbr_fifo_storage_mem\[15\][30],0,-1,2,1.0367739390325392e-15,0.0,0.0,0.0
wishbone_slave_unit_fifos_wbr_fifo_storage_mem\[15\][31],0,-1,2,1.038441005751854e-15,0.0,0.0,0.0
wishbone_slave_unit_fifos_wbr_fifo_storage_mem\[15\][36],0,-1,2,1.1455650508328686e-15,0.0,0.0,0.0
wishbone_slave_unit_fifos_wbr_fifo_storage_mem\[15\][37],0,-1,2,1.1440649554832812e-15,0.0,0.0,0.0
wishbone_slave_unit_fifos_wbr_fifo_storage_mem\[15\][3],0,-1,2,1.0277630966605295e-15,0.0,0.0,0.0
wishbone_slave_unit_fifos_wbr_fifo_storage_mem\[15\][4],0,-1,2,1.1454989822629828e-15,0.0,0.0,0.0
wishbone_slave_unit_fifos_wbr_fifo_storage_mem\[15\][5],0,-1,2,8.941800716478956e-16,0.0,0.0,0.0
wishbone_slave_unit_fifos_wbr_fifo_storage_mem\[15\][6],0,-1,2,9.834640146729585e-16,0.0,0.0,0.0
wishbone_slave_unit_fifos_wbr_fifo_storage_mem\[15\][7],0,-1,2,8.941800716478956e-16,0.0,0.0,0.0
wishbone_slave_unit_fifos_wbr_fifo_storage_mem\[15\][8],0,-1,2,1.1454989822629828e-15,0.0,0.0,0.0
wishbone_slave_unit_fifos_wbr_fifo_storage_mem\[15\][9],0,-1,2,8.941800716478956e-16,0.0,0.0,0.0
wishbone_slave_unit_fifos_wbr_fifo_storage_mem\[1\][0],0,-1,2,1.1698211098269164e-15,0.0,0.0,0.0
wishbone_slave_unit_fifos_wbr_fifo_storage_mem\[1\][10],0,-1,2,1.1346451020768662e-15,0.0,0.0,0.0
wishbone_slave_unit_fifos_wbr_fifo_storage_mem\[1\][11],0,-1,2,1.227602097598579e-15,0.0,0.0,0.0
wishbone_slave_unit_fifos_wbr_fifo_storage_mem\[1\][12],0,-1,2,1.0311249704281818e-15,0.0,0.0,0.0
wishbone_slave_unit_fifos_wbr_fifo_storage_mem\[1\][13],0,-1,2,1.1698211098269164e-15,0.0,0.0,0.0
wishbone_slave_unit_fifos_wbr_fifo_storage_mem\[1\][14],0,-1,2,1.1698211098269164e-15,0.0,0.0,0.0
wishbone_slave_unit_fifos_wbr_fifo_storage_mem\[1\][15],0,-1,2,1.1939000330558696e-15,0.0,0.0,0.0
wishbone_slave_unit_fifos_wbr_fifo_storage_mem\[1\][16],0,-1,2,1.227602097598579e-15,0.0,0.0,0.0
wishbone_slave_unit_fifos_wbr_fifo_storage_mem\[1\][17],0,-1,2,1.1939000330558696e-15,0.0,0.0,0.0
wishbone_slave_unit_fifos_wbr_fifo_storage_mem\[1\][18],0,-1,2,1.1698211098269164e-15,0.0,0.0,0.0
wishbone_slave_unit_fifos_wbr_fifo_storage_mem\[1\][19],0,-1,2,1.2047839829116137e-15,0.0,0.0,0.0
wishbone_slave_unit_fifos_wbr_fifo_storage_mem\[1\][1],0,-1,2,1.1939000330558696e-15,0.0,0.0,0.0
wishbone_slave_unit_fifos_wbr_fifo_storage_mem\[1\][20],0,-1,2,1.1939000330558696e-15,0.0,0.0,0.0
wishbone_slave_unit_fifos_wbr_fifo_storage_mem\[1\][21],0,-1,2,1.1939000330558696e-15,0.0,0.0,0.0
wishbone_slave_unit_fifos_wbr_fifo_storage_mem\[1\][22],0,-1,2,1.1939000330558696e-15,0.0,0.0,0.0
wishbone_slave_unit_fifos_wbr_fifo_storage_mem\[1\][23],0,-1,2,9.739050361049569e-16,0.0,0.0,0.0
wishbone_slave_unit_fifos_wbr_fifo_storage_mem\[1\][24],0,-1,2,1.1939000330558696e-15,0.0,0.0,0.0
wishbone_slave_unit_fifos_wbr_fifo_storage_mem\[1\][25],0,-1,2,1.1698211098269164e-15,0.0,0.0,0.0
wishbone_slave_unit_fifos_wbr_fifo_storage_mem\[1\][26],0,-1,2,1.1698211098269164e-15,0.0,0.0,0.0
wishbone_slave_unit_fifos_wbr_fifo_storage_mem\[1\][27],0,-1,2,1.0518420198894827e-15,0.0,0.0,0.0
wishbone_slave_unit_fifos_wbr_fifo_storage_mem\[1\][28],0,-1,2,1.1698211098269164e-15,0.0,0.0,0.0
wishbone_slave_unit_fifos_wbr_fifo_storage_mem\[1\][29],0,-1,2,1.227602097598579e-15,0.0,0.0,0.0
wishbone_slave_unit_fifos_wbr_fifo_storage_mem\[1\][2],0,-1,2,1.1939000330558696e-15,0.0,0.0,0.0
wishbone_slave_unit_fifos_wbr_fifo_storage_mem\[1\][30],0,-1,2,1.1346451020768662e-15,0.0,0.0,0.0
wishbone_slave_unit_fifos_wbr_fifo_storage_mem\[1\][31],0,-1,2,1.1698211098269164e-15,0.0,0.0,0.0
wishbone_slave_unit_fifos_wbr_fifo_storage_mem\[1\][36],0,-1,2,9.739050361049569e-16,0.0,0.0,0.0
wishbone_slave_unit_fifos_wbr_fifo_storage_mem\[1\][37],0,-1,2,1.0627259697452269e-15,0.0,0.0,0.0
wishbone_slave_unit_fifos_wbr_fifo_storage_mem\[1\][3],0,-1,2,1.1939000330558696e-15,0.0,0.0,0.0
wishbone_slave_unit_fifos_wbr_fifo_storage_mem\[1\][4],0,-1,2,1.227602097598579e-15,0.0,0.0,0.0
wishbone_slave_unit_fifos_wbr_fifo_storage_mem\[1\][5],0,-1,2,1.1698211098269164e-15,0.0,0.0,0.0
wishbone_slave_unit_fifos_wbr_fifo_storage_mem\[1\][6],0,-1,2,1.1698211098269164e-15,0.0,0.0,0.0
wishbone_slave_unit_fifos_wbr_fifo_storage_mem\[1\][7],0,-1,2,1.1939000330558696e-15,0.0,0.0,0.0
wishbone_slave_unit_fifos_wbr_fifo_storage_mem\[1\][8],0,-1,2,1.1939000330558696e-15,0.0,0.0,0.0
wishbone_slave_unit_fifos_wbr_fifo_storage_mem\[1\][9],0,-1,2,1.1587240253058194e-15,0.0,0.0,0.0
wishbone_slave_unit_fifos_wbr_fifo_storage_mem\[2\][0],0,-1,2,1.193226006588092e-15,0.0,0.0,0.0
wishbone_slave_unit_fifos_wbr_fifo_storage_mem\[2\][10],0,-1,2,1.0007990733341098e-15,0.0,0.0,0.0
wishbone_slave_unit_fifos_wbr_fifo_storage_mem\[2\][11],0,-1,2,1.0131470137600645e-15,0.0,0.0,0.0
wishbone_slave_unit_fifos_wbr_fifo_storage_mem\[2\][12],0,-1,2,8.688859737769877e-16,0.0,0.0,0.0
wishbone_slave_unit_fifos_wbr_fifo_storage_mem\[2\][13],0,-1,2,1.0277630966605295e-15,0.0,0.0,0.0
wishbone_slave_unit_fifos_wbr_fifo_storage_mem\[2\][14],0,-1,2,1.0535220038612432e-15,0.0,0.0,0.0
wishbone_slave_unit_fifos_wbr_fifo_storage_mem\[2\][15],0,-1,2,9.772170408078396e-16,0.0,0.0,0.0
wishbone_slave_unit_fifos_wbr_fifo_storage_mem\[2\][16],0,-1,2,8.732020301597219e-16,0.0,0.0,0.0
wishbone_slave_unit_fifos_wbr_fifo_storage_mem\[2\][17],0,-1,2,9.834640146729585e-16,0.0,0.0,0.0
wishbone_slave_unit_fifos_wbr_fifo_storage_mem\[2\][18],0,-1,2,1.042008920283926e-15,0.0,0.0,0.0
wishbone_slave_unit_fifos_wbr_fifo_storage_mem\[2\][19],0,-1,2,9.772170408078396e-16,0.0,0.0,0.0
wishbone_slave_unit_fifos_wbr_fifo_storage_mem\[2\][1],0,-1,2,1.024877996563063e-15,0.0,0.0,0.0
wishbone_slave_unit_fifos_wbr_fifo_storage_mem\[2\][20],0,-1,2,1.0171150454805957e-15,0.0,0.0,0.0
wishbone_slave_unit_fifos_wbr_fifo_storage_mem\[2\][21],0,-1,2,8.89066957261795e-16,0.0,0.0,0.0
wishbone_slave_unit_fifos_wbr_fifo_storage_mem\[2\][22],0,-1,2,1.0627259697452269e-15,0.0,0.0,0.0
wishbone_slave_unit_fifos_wbr_fifo_storage_mem\[2\][23],0,-1,2,1.0007990733341098e-15,0.0,0.0,0.0
wishbone_slave_unit_fifos_wbr_fifo_storage_mem\[2\][24],0,-1,2,9.834640146729585e-16,0.0,0.0,0.0
wishbone_slave_unit_fifos_wbr_fifo_storage_mem\[2\][25],0,-1,2,1.0007990733341098e-15,0.0,0.0,0.0
wishbone_slave_unit_fifos_wbr_fifo_storage_mem\[2\][26],0,-1,2,1.0070460471992286e-15,0.0,0.0,0.0
wishbone_slave_unit_fifos_wbr_fifo_storage_mem\[2\][27],0,-1,2,1.044174995288292e-15,0.0,0.0,0.0
wishbone_slave_unit_fifos_wbr_fifo_storage_mem\[2\][28],0,-1,2,1.1698211098269164e-15,0.0,0.0,0.0
wishbone_slave_unit_fifos_wbr_fifo_storage_mem\[2\][29],0,-1,2,9.772170408078396e-16,0.0,0.0,0.0
wishbone_slave_unit_fifos_wbr_fifo_storage_mem\[2\][2],0,-1,2,9.834640146729585e-16,0.0,0.0,0.0
wishbone_slave_unit_fifos_wbr_fifo_storage_mem\[2\][30],0,-1,2,8.732020301597219e-16,0.0,0.0,0.0
wishbone_slave_unit_fifos_wbr_fifo_storage_mem\[2\][31],0,-1,2,1.0367739390325392e-15,0.0,0.0,0.0
wishbone_slave_unit_fifos_wbr_fifo_storage_mem\[2\][36],0,-1,2,1.0070460471992286e-15,0.0,0.0,0.0
wishbone_slave_unit_fifos_wbr_fifo_storage_mem\[2\][37],0,-1,2,8.400610190654502e-16,0.0,0.0,0.0
wishbone_slave_unit_fifos_wbr_fifo_storage_mem\[2\][3],0,-1,2,9.772170408078396e-16,0.0,0.0,0.0
wishbone_slave_unit_fifos_wbr_fifo_storage_mem\[2\][4],0,-1,2,8.688859737769877e-16,0.0,0.0,0.0
wishbone_slave_unit_fifos_wbr_fifo_storage_mem\[2\][5],0,-1,2,1.205659920858193e-15,0.0,0.0,0.0
wishbone_slave_unit_fifos_wbr_fifo_storage_mem\[2\][6],0,-1,2,1.0367739390325392e-15,0.0,0.0,0.0
wishbone_slave_unit_fifos_wbr_fifo_storage_mem\[2\][7],0,-1,2,1.0367739390325392e-15,0.0,0.0,0.0
wishbone_slave_unit_fifos_wbr_fifo_storage_mem\[2\][8],0,-1,2,1.03777206148176e-15,0.0,0.0,0.0
wishbone_slave_unit_fifos_wbr_fifo_storage_mem\[2\][9],0,-1,2,8.466049838577001e-16,0.0,0.0,0.0
wishbone_slave_unit_fifos_wbr_fifo_storage_mem\[3\][0],0,-1,2,1.0627259697452269e-15,0.0,0.0,0.0
wishbone_slave_unit_fifos_wbr_fifo_storage_mem\[3\][10],0,-1,2,1.0070460471992286e-15,0.0,0.0,0.0
wishbone_slave_unit_fifos_wbr_fifo_storage_mem\[3\][11],0,-1,2,1.0277630966605295e-15,0.0,0.0,0.0
wishbone_slave_unit_fifos_wbr_fifo_storage_mem\[3\][12],0,-1,2,1.0627259697452269e-15,0.0,0.0,0.0
wishbone_slave_unit_fifos_wbr_fifo_storage_mem\[3\][13],0,-1,2,1.0070460471992286e-15,0.0,0.0,0.0
wishbone_slave_unit_fifos_wbr_fifo_storage_mem\[3\][14],0,-1,2,9.099300140273789e-16,0.0,0.0,0.0
wishbone_slave_unit_fifos_wbr_fifo_storage_mem\[3\][15],0,-1,2,9.91547991242435e-16,0.0,0.0,0.0
wishbone_slave_unit_fifos_wbr_fifo_storage_mem\[3\][16],0,-1,2,1.0627259697452269e-15,0.0,0.0,0.0
wishbone_slave_unit_fifos_wbr_fifo_storage_mem\[3\][17],0,-1,2,9.91547991242435e-16,0.0,0.0,0.0
wishbone_slave_unit_fifos_wbr_fifo_storage_mem\[3\][18],0,-1,2,8.732020301597219e-16,0.0,0.0,0.0
wishbone_slave_unit_fifos_wbr_fifo_storage_mem\[3\][19],0,-1,2,9.91547991242435e-16,0.0,0.0,0.0
wishbone_slave_unit_fifos_wbr_fifo_storage_mem\[3\][1],0,-1,2,1.0277630966605295e-15,0.0,0.0,0.0
wishbone_slave_unit_fifos_wbr_fifo_storage_mem\[3\][20],0,-1,2,1.0265109702062509e-15,0.0,0.0,0.0
wishbone_slave_unit_fifos_wbr_fifo_storage_mem\[3\][21],0,-1,2,8.89066957261795e-16,0.0,0.0,0.0
wishbone_slave_unit_fifos_wbr_fifo_storage_mem\[3\][22],0,-1,2,1.0627259697452269e-15,0.0,0.0,0.0
wishbone_slave_unit_fifos_wbr_fifo_storage_mem\[3\][23],0,-1,2,1.0627259697452269e-15,0.0,0.0,0.0
wishbone_slave_unit_fifos_wbr_fifo_storage_mem\[3\][24],0,-1,2,1.0277630966605295e-15,0.0,0.0,0.0
wishbone_slave_unit_fifos_wbr_fifo_storage_mem\[3\][25],0,-1,2,1.0277630966605295e-15,0.0,0.0,0.0
wishbone_slave_unit_fifos_wbr_fifo_storage_mem\[3\][26],0,-1,2,9.91547991242435e-16,0.0,0.0,0.0
wishbone_slave_unit_fifos_wbr_fifo_storage_mem\[3\][27],0,-1,2,8.735690071841199e-16,0.0,0.0,0.0
wishbone_slave_unit_fifos_wbr_fifo_storage_mem\[3\][28],0,-1,2,9.91547991242435e-16,0.0,0.0,0.0
wishbone_slave_unit_fifos_wbr_fifo_storage_mem\[3\][29],0,-1,2,9.91547991242435e-16,0.0,0.0,0.0
wishbone_slave_unit_fifos_wbr_fifo_storage_mem\[3\][2],0,-1,2,9.91547991242435e-16,0.0,0.0,0.0
wishbone_slave_unit_fifos_wbr_fifo_storage_mem\[3\][30],0,-1,2,1.0265109702062509e-15,0.0,0.0,0.0
wishbone_slave_unit_fifos_wbr_fifo_storage_mem\[3\][31],0,-1,2,1.042008920283926e-15,0.0,0.0,0.0
wishbone_slave_unit_fifos_wbr_fifo_storage_mem\[3\][36],0,-1,2,9.566040705199326e-16,0.0,0.0,0.0
wishbone_slave_unit_fifos_wbr_fifo_storage_mem\[3\][37],0,-1,2,9.91547991242435e-16,0.0,0.0,0.0
wishbone_slave_unit_fifos_wbr_fifo_storage_mem\[3\][3],0,-1,2,1.0627259697452269e-15,0.0,0.0,0.0
wishbone_slave_unit_fifos_wbr_fifo_storage_mem\[3\][4],0,-1,2,9.099300140273789e-16,0.0,0.0,0.0
wishbone_slave_unit_fifos_wbr_fifo_storage_mem\[3\][5],0,-1,2,1.2047839829116137e-15,0.0,0.0,0.0
wishbone_slave_unit_fifos_wbr_fifo_storage_mem\[3\][6],0,-1,2,1.0627259697452269e-15,0.0,0.0,0.0
wishbone_slave_unit_fifos_wbr_fifo_storage_mem\[3\][7],0,-1,2,1.0468609367640354e-15,0.0,0.0,0.0
wishbone_slave_unit_fifos_wbr_fifo_storage_mem\[3\][8],0,-1,2,1.0627259697452269e-15,0.0,0.0,0.0
wishbone_slave_unit_fifos_wbr_fifo_storage_mem\[3\][9],0,-1,2,9.91547991242435e-16,0.0,0.0,0.0
wishbone_slave_unit_fifos_wbr_fifo_storage_mem\[4\][0],0,-1,2,8.683500136796125e-16,0.0,0.0,0.0
wishbone_slave_unit_fifos_wbr_fifo_storage_mem\[4\][10],0,-1,2,9.739050361049569e-16,0.0,0.0,0.0
wishbone_slave_unit_fifos_wbr_fifo_storage_mem\[4\][11],0,-1,2,9.739050361049569e-16,0.0,0.0,0.0
wishbone_slave_unit_fifos_wbr_fifo_storage_mem\[4\][12],0,-1,2,8.559259991070824e-16,0.0,0.0,0.0
wishbone_slave_unit_fifos_wbr_fifo_storage_mem\[4\][13],0,-1,2,1.0088679091896542e-15,0.0,0.0,0.0
wishbone_slave_unit_fifos_wbr_fifo_storage_mem\[4\][14],0,-1,2,9.739050361049569e-16,0.0,0.0,0.0
wishbone_slave_unit_fifos_wbr_fifo_storage_mem\[4\][15],0,-1,2,8.179080370003164e-16,0.0,0.0,0.0
wishbone_slave_unit_fifos_wbr_fifo_storage_mem\[4\][16],0,-1,2,1.1696079751615635e-15,0.0,0.0,0.0
wishbone_slave_unit_fifos_wbr_fifo_storage_mem\[4\][17],0,-1,2,8.179080370003164e-16,0.0,0.0,0.0
wishbone_slave_unit_fifos_wbr_fifo_storage_mem\[4\][18],0,-1,2,8.559259991070824e-16,0.0,0.0,0.0
wishbone_slave_unit_fifos_wbr_fifo_storage_mem\[4\][19],0,-1,2,9.566040705199326e-16,0.0,0.0,0.0
wishbone_slave_unit_fifos_wbr_fifo_storage_mem\[4\][1],0,-1,2,9.739050361049569e-16,0.0,0.0,0.0
wishbone_slave_unit_fifos_wbr_fifo_storage_mem\[4\][20],0,-1,2,1.0143850582915951e-15,0.0,0.0,0.0
wishbone_slave_unit_fifos_wbr_fifo_storage_mem\[4\][21],0,-1,2,8.559259991070824e-16,0.0,0.0,0.0
wishbone_slave_unit_fifos_wbr_fifo_storage_mem\[4\][22],0,-1,2,1.0316860238766194e-15,0.0,0.0,0.0
wishbone_slave_unit_fifos_wbr_fifo_storage_mem\[4\][23],0,-1,2,1.0007990733341098e-15,0.0,0.0,0.0
wishbone_slave_unit_fifos_wbr_fifo_storage_mem\[4\][24],0,-1,2,1.0070460471992286e-15,0.0,0.0,0.0
wishbone_slave_unit_fifos_wbr_fifo_storage_mem\[4\][25],0,-1,2,1.0367739390325392e-15,0.0,0.0,0.0
wishbone_slave_unit_fifos_wbr_fifo_storage_mem\[4\][26],0,-1,2,9.566040705199326e-16,0.0,0.0,0.0
wishbone_slave_unit_fifos_wbr_fifo_storage_mem\[4\][27],0,-1,2,1.0088679091896542e-15,0.0,0.0,0.0
wishbone_slave_unit_fifos_wbr_fifo_storage_mem\[4\][28],0,-1,2,9.566040705199326e-16,0.0,0.0,0.0
wishbone_slave_unit_fifos_wbr_fifo_storage_mem\[4\][29],0,-1,2,8.179080370003164e-16,0.0,0.0,0.0
wishbone_slave_unit_fifos_wbr_fifo_storage_mem\[4\][2],0,-1,2,8.179080370003164e-16,0.0,0.0,0.0
wishbone_slave_unit_fifos_wbr_fifo_storage_mem\[4\][30],0,-1,2,9.9156694360463e-16,0.0,0.0,0.0
wishbone_slave_unit_fifos_wbr_fifo_storage_mem\[4\][31],0,-1,2,1.0088679091896542e-15,0.0,0.0,0.0
wishbone_slave_unit_fifos_wbr_fifo_storage_mem\[4\][36],0,-1,2,1.1346451020768662e-15,0.0,0.0,0.0
wishbone_slave_unit_fifos_wbr_fifo_storage_mem\[4\][37],0,-1,2,8.683500136796125e-16,0.0,0.0,0.0
wishbone_slave_unit_fifos_wbr_fifo_storage_mem\[4\][3],0,-1,2,1.0169879905385076e-15,0.0,0.0,0.0
wishbone_slave_unit_fifos_wbr_fifo_storage_mem\[4\][4],0,-1,2,1.0316860238766194e-15,0.0,0.0,0.0
wishbone_slave_unit_fifos_wbr_fifo_storage_mem\[4\][5],0,-1,2,1.0088679091896542e-15,0.0,0.0,0.0
wishbone_slave_unit_fifos_wbr_fifo_storage_mem\[4\][6],0,-1,2,1.0088679091896542e-15,0.0,0.0,0.0
wishbone_slave_unit_fifos_wbr_fifo_storage_mem\[4\][7],0,-1,2,1.0088679091896542e-15,0.0,0.0,0.0
wishbone_slave_unit_fifos_wbr_fifo_storage_mem\[4\][8],0,-1,2,1.0088679091896542e-15,0.0,0.0,0.0
wishbone_slave_unit_fifos_wbr_fifo_storage_mem\[4\][9],0,-1,2,9.560990271251322e-16,0.0,0.0,0.0
wishbone_slave_unit_fifos_wbr_fifo_storage_mem\[5\][0],0,-1,2,9.772170408078396e-16,0.0,0.0,0.0
wishbone_slave_unit_fifos_wbr_fifo_storage_mem\[5\][10],0,-1,2,9.834640146729585e-16,0.0,0.0,0.0
wishbone_slave_unit_fifos_wbr_fifo_storage_mem\[5\][11],0,-1,2,9.772170408078396e-16,0.0,0.0,0.0
wishbone_slave_unit_fifos_wbr_fifo_storage_mem\[5\][12],0,-1,2,8.525029801485502e-16,0.0,0.0,0.0
wishbone_slave_unit_fifos_wbr_fifo_storage_mem\[5\][13],0,-1,2,9.834640146729585e-16,0.0,0.0,0.0
wishbone_slave_unit_fifos_wbr_fifo_storage_mem\[5\][14],0,-1,2,9.834640146729585e-16,0.0,0.0,0.0
wishbone_slave_unit_fifos_wbr_fifo_storage_mem\[5\][15],0,-1,2,9.834640146729585e-16,0.0,0.0,0.0
wishbone_slave_unit_fifos_wbr_fifo_storage_mem\[5\][16],0,-1,2,9.772170408078396e-16,0.0,0.0,0.0
wishbone_slave_unit_fifos_wbr_fifo_storage_mem\[5\][17],0,-1,2,1.0041810641342594e-15,0.0,0.0,0.0
wishbone_slave_unit_fifos_wbr_fifo_storage_mem\[5\][18],0,-1,2,9.834640146729585e-16,0.0,0.0,0.0
wishbone_slave_unit_fifos_wbr_fifo_storage_mem\[5\][19],0,-1,2,9.834640146729585e-16,0.0,0.0,0.0
wishbone_slave_unit_fifos_wbr_fifo_storage_mem\[5\][1],0,-1,2,8.466049838577001e-16,0.0,0.0,0.0
wishbone_slave_unit_fifos_wbr_fifo_storage_mem\[5\][20],0,-1,2,9.834640146729585e-16,0.0,0.0,0.0
wishbone_slave_unit_fifos_wbr_fifo_storage_mem\[5\][21],0,-1,2,8.179080370003164e-16,0.0,0.0,0.0
wishbone_slave_unit_fifos_wbr_fifo_storage_mem\[5\][22],0,-1,2,9.772170408078396e-16,0.0,0.0,0.0
wishbone_slave_unit_fifos_wbr_fifo_storage_mem\[5\][23],0,-1,2,8.466049838577001e-16,0.0,0.0,0.0
wishbone_slave_unit_fifos_wbr_fifo_storage_mem\[5\][24],0,-1,2,9.772170408078396e-16,0.0,0.0,0.0
wishbone_slave_unit_fifos_wbr_fifo_storage_mem\[5\][25],0,-1,2,1.024877996563063e-15,0.0,0.0,0.0
wishbone_slave_unit_fifos_wbr_fifo_storage_mem\[5\][26],0,-1,2,8.528520106623782e-16,0.0,0.0,0.0
wishbone_slave_unit_fifos_wbr_fifo_storage_mem\[5\][27],0,-1,2,9.834640146729585e-16,0.0,0.0,0.0
wishbone_slave_unit_fifos_wbr_fifo_storage_mem\[5\][28],0,-1,2,8.528520106623782e-16,0.0,0.0,0.0
wishbone_slave_unit_fifos_wbr_fifo_storage_mem\[5\][29],0,-1,2,8.528520106623782e-16,0.0,0.0,0.0
wishbone_slave_unit_fifos_wbr_fifo_storage_mem\[5\][2],0,-1,2,1.0156270203505067e-15,0.0,0.0,0.0
wishbone_slave_unit_fifos_wbr_fifo_storage_mem\[5\][30],0,-1,2,8.528520106623782e-16,0.0,0.0,0.0
wishbone_slave_unit_fifos_wbr_fifo_storage_mem\[5\][31],0,-1,2,9.439309753213505e-16,0.0,0.0,0.0
wishbone_slave_unit_fifos_wbr_fifo_storage_mem\[5\][36],0,-1,2,9.67965958716165e-16,0.0,0.0,0.0
wishbone_slave_unit_fifos_wbr_fifo_storage_mem\[5\][37],0,-1,2,7.674660073814612e-16,0.0,0.0,0.0
wishbone_slave_unit_fifos_wbr_fifo_storage_mem\[5\][3],0,-1,2,1.0156270203505067e-15,0.0,0.0,0.0
wishbone_slave_unit_fifos_wbr_fifo_storage_mem\[5\][4],0,-1,2,8.129769817583163e-16,0.0,0.0,0.0
wishbone_slave_unit_fifos_wbr_fifo_storage_mem\[5\][5],0,-1,2,8.528520106623782e-16,0.0,0.0,0.0
wishbone_slave_unit_fifos_wbr_fifo_storage_mem\[5\][6],0,-1,2,9.772170408078396e-16,0.0,0.0,0.0
wishbone_slave_unit_fifos_wbr_fifo_storage_mem\[5\][7],0,-1,2,7.966229990083223e-16,0.0,0.0,0.0
wishbone_slave_unit_fifos_wbr_fifo_storage_mem\[5\][8],0,-1,2,9.772170408078396e-16,0.0,0.0,0.0
wishbone_slave_unit_fifos_wbr_fifo_storage_mem\[5\][9],0,-1,2,8.179080370003164e-16,0.0,0.0,0.0
wishbone_slave_unit_fifos_wbr_fifo_storage_mem\[6\][0],0,-1,2,8.846360220355893e-16,0.0,0.0,0.0
wishbone_slave_unit_fifos_wbr_fifo_storage_mem\[6\][10],0,-1,2,1.0007990733341098e-15,0.0,0.0,0.0
wishbone_slave_unit_fifos_wbr_fifo_storage_mem\[6\][11],0,-1,2,8.528520106623782e-16,0.0,0.0,0.0
wishbone_slave_unit_fifos_wbr_fifo_storage_mem\[6\][12],0,-1,2,1.0627259697452269e-15,0.0,0.0,0.0
wishbone_slave_unit_fifos_wbr_fifo_storage_mem\[6\][13],0,-1,2,9.739050361049569e-16,0.0,0.0,0.0
wishbone_slave_unit_fifos_wbr_fifo_storage_mem\[6\][14],0,-1,2,1.0007990733341098e-15,0.0,0.0,0.0
wishbone_slave_unit_fifos_wbr_fifo_storage_mem\[6\][15],0,-1,2,9.739050361049569e-16,0.0,0.0,0.0
wishbone_slave_unit_fifos_wbr_fifo_storage_mem\[6\][16],0,-1,2,1.2047839829116137e-15,0.0,0.0,0.0
wishbone_slave_unit_fifos_wbr_fifo_storage_mem\[6\][17],0,-1,2,9.739050361049569e-16,0.0,0.0,0.0
wishbone_slave_unit_fifos_wbr_fifo_storage_mem\[6\][18],0,-1,2,9.739050361049569e-16,0.0,0.0,0.0
wishbone_slave_unit_fifos_wbr_fifo_storage_mem\[6\][19],0,-1,2,9.739050361049569e-16,0.0,0.0,0.0
wishbone_slave_unit_fifos_wbr_fifo_storage_mem\[6\][1],0,-1,2,1.0070460471992286e-15,0.0,0.0,0.0
wishbone_slave_unit_fifos_wbr_fifo_storage_mem\[6\][20],0,-1,2,1.0367739390325392e-15,0.0,0.0,0.0
wishbone_slave_unit_fifos_wbr_fifo_storage_mem\[6\][21],0,-1,2,8.400610190654502e-16,0.0,0.0,0.0
wishbone_slave_unit_fifos_wbr_fifo_storage_mem\[6\][22],0,-1,2,8.732020301597219e-16,0.0,0.0,0.0
wishbone_slave_unit_fifos_wbr_fifo_storage_mem\[6\][23],0,-1,2,1.0277630966605295e-15,0.0,0.0,0.0
wishbone_slave_unit_fifos_wbr_fifo_storage_mem\[6\][24],0,-1,2,9.739050361049569e-16,0.0,0.0,0.0
wishbone_slave_unit_fifos_wbr_fifo_storage_mem\[6\][25],0,-1,2,8.528520106623782e-16,0.0,0.0,0.0
wishbone_slave_unit_fifos_wbr_fifo_storage_mem\[6\][26],0,-1,2,9.739050361049569e-16,0.0,0.0,0.0
wishbone_slave_unit_fifos_wbr_fifo_storage_mem\[6\][27],0,-1,2,8.682820392855953e-16,0.0,0.0,0.0
wishbone_slave_unit_fifos_wbr_fifo_storage_mem\[6\][28],0,-1,2,9.739050361049569e-16,0.0,0.0,0.0
wishbone_slave_unit_fifos_wbr_fifo_storage_mem\[6\][29],0,-1,2,8.352090025853407e-16,0.0,0.0,0.0
wishbone_slave_unit_fifos_wbr_fifo_storage_mem\[6\][2],0,-1,2,1.1346451020768662e-15,0.0,0.0,0.0
wishbone_slave_unit_fifos_wbr_fifo_storage_mem\[6\][30],0,-1,2,1.0088679091896542e-15,0.0,0.0,0.0
wishbone_slave_unit_fifos_wbr_fifo_storage_mem\[6\][31],0,-1,2,1.060528978038286e-15,0.0,0.0,0.0
wishbone_slave_unit_fifos_wbr_fifo_storage_mem\[6\][36],0,-1,2,8.683500136796125e-16,0.0,0.0,0.0
wishbone_slave_unit_fifos_wbr_fifo_storage_mem\[6\][37],0,-1,2,8.89066957261795e-16,0.0,0.0,0.0
wishbone_slave_unit_fifos_wbr_fifo_storage_mem\[6\][3],0,-1,2,8.846360220355893e-16,0.0,0.0,0.0
wishbone_slave_unit_fifos_wbr_fifo_storage_mem\[6\][4],0,-1,2,1.042008920283926e-15,0.0,0.0,0.0
wishbone_slave_unit_fifos_wbr_fifo_storage_mem\[6\][5],0,-1,2,1.0169879905385076e-15,0.0,0.0,0.0
wishbone_slave_unit_fifos_wbr_fifo_storage_mem\[6\][6],0,-1,2,8.683500136796125e-16,0.0,0.0,0.0
wishbone_slave_unit_fifos_wbr_fifo_storage_mem\[6\][7],0,-1,2,1.042008920283926e-15,0.0,0.0,0.0
wishbone_slave_unit_fifos_wbr_fifo_storage_mem\[6\][8],0,-1,2,1.042008920283926e-15,0.0,0.0,0.0
wishbone_slave_unit_fifos_wbr_fifo_storage_mem\[6\][9],0,-1,2,9.739050361049569e-16,0.0,0.0,0.0
wishbone_slave_unit_fifos_wbr_fifo_storage_mem\[7\][0],0,-1,2,1.0493289790140976e-15,0.0,0.0,0.0
wishbone_slave_unit_fifos_wbr_fifo_storage_mem\[7\][10],0,-1,2,1.0518420198894827e-15,0.0,0.0,0.0
wishbone_slave_unit_fifos_wbr_fifo_storage_mem\[7\][11],0,-1,2,1.0041810641342594e-15,0.0,0.0,0.0
wishbone_slave_unit_fifos_wbr_fifo_storage_mem\[7\][12],0,-1,2,1.038441005751854e-15,0.0,0.0,0.0
wishbone_slave_unit_fifos_wbr_fifo_storage_mem\[7\][13],0,-1,2,9.9798395933391e-16,0.0,0.0,0.0
wishbone_slave_unit_fifos_wbr_fifo_storage_mem\[7\][14],0,-1,2,1.0493289790140976e-15,0.0,0.0,0.0
wishbone_slave_unit_fifos_wbr_fifo_storage_mem\[7\][15],0,-1,2,8.735690071841199e-16,0.0,0.0,0.0
wishbone_slave_unit_fifos_wbr_fifo_storage_mem\[7\][16],0,-1,2,9.840860544935983e-16,0.0,0.0,0.0
wishbone_slave_unit_fifos_wbr_fifo_storage_mem\[7\][17],0,-1,2,9.503230035786867e-16,0.0,0.0,0.0
wishbone_slave_unit_fifos_wbr_fifo_storage_mem\[7\][18],0,-1,2,1.0131470137600645e-15,0.0,0.0,0.0
wishbone_slave_unit_fifos_wbr_fifo_storage_mem\[7\][19],0,-1,2,1.0041810641342594e-15,0.0,0.0,0.0
wishbone_slave_unit_fifos_wbr_fifo_storage_mem\[7\][1],0,-1,2,8.735690071841199e-16,0.0,0.0,0.0
wishbone_slave_unit_fifos_wbr_fifo_storage_mem\[7\][20],0,-1,2,9.840860544935983e-16,0.0,0.0,0.0
wishbone_slave_unit_fifos_wbr_fifo_storage_mem\[7\][21],0,-1,2,9.840860544935983e-16,0.0,0.0,0.0
wishbone_slave_unit_fifos_wbr_fifo_storage_mem\[7\][22],0,-1,2,9.840860544935983e-16,0.0,0.0,0.0
wishbone_slave_unit_fifos_wbr_fifo_storage_mem\[7\][23],0,-1,2,8.735690071841199e-16,0.0,0.0,0.0
wishbone_slave_unit_fifos_wbr_fifo_storage_mem\[7\][24],0,-1,2,8.197109995681064e-16,0.0,0.0,0.0
wishbone_slave_unit_fifos_wbr_fifo_storage_mem\[7\][25],0,-1,2,1.0041810641342594e-15,0.0,0.0,0.0
wishbone_slave_unit_fifos_wbr_fifo_storage_mem\[7\][26],0,-1,2,9.503230035786867e-16,0.0,0.0,0.0
wishbone_slave_unit_fifos_wbr_fifo_storage_mem\[7\][27],0,-1,2,8.784300233892939e-16,0.0,0.0,0.0
wishbone_slave_unit_fifos_wbr_fifo_storage_mem\[7\][28],0,-1,2,1.111063069550596e-15,0.0,0.0,0.0
wishbone_slave_unit_fifos_wbr_fifo_storage_mem\[7\][29],0,-1,2,1.0041810641342594e-15,0.0,0.0,0.0
wishbone_slave_unit_fifos_wbr_fifo_storage_mem\[7\][2],0,-1,2,9.503230035786867e-16,0.0,0.0,0.0
wishbone_slave_unit_fifos_wbr_fifo_storage_mem\[7\][30],0,-1,2,9.840860544935983e-16,0.0,0.0,0.0
wishbone_slave_unit_fifos_wbr_fifo_storage_mem\[7\][31],0,-1,2,1.038441005751854e-15,0.0,0.0,0.0
wishbone_slave_unit_fifos_wbr_fifo_storage_mem\[7\][36],0,-1,2,8.036110208231703e-16,0.0,0.0,0.0
wishbone_slave_unit_fifos_wbr_fifo_storage_mem\[7\][37],0,-1,2,8.197109995681064e-16,0.0,0.0,0.0
wishbone_slave_unit_fifos_wbr_fifo_storage_mem\[7\][3],0,-1,2,1.038441005751854e-15,0.0,0.0,0.0
wishbone_slave_unit_fifos_wbr_fifo_storage_mem\[7\][4],0,-1,2,1.038441005751854e-15,0.0,0.0,0.0
wishbone_slave_unit_fifos_wbr_fifo_storage_mem\[7\][5],0,-1,2,1.2143339617545507e-15,0.0,0.0,0.0
wishbone_slave_unit_fifos_wbr_fifo_storage_mem\[7\][6],0,-1,2,1.038441005751854e-15,0.0,0.0,0.0
wishbone_slave_unit_fifos_wbr_fifo_storage_mem\[7\][7],0,-1,2,1.038441005751854e-15,0.0,0.0,0.0
wishbone_slave_unit_fifos_wbr_fifo_storage_mem\[7\][8],0,-1,2,1.2143339617545507e-15,0.0,0.0,0.0
wishbone_slave_unit_fifos_wbr_fifo_storage_mem\[7\][9],0,-1,2,8.735690071841199e-16,0.0,0.0,0.0
wishbone_slave_unit_fifos_wbr_fifo_storage_mem\[8\][0],0,-1,2,1.1587240253058194e-15,0.0,0.0,0.0
wishbone_slave_unit_fifos_wbr_fifo_storage_mem\[8\][10],0,-1,2,1.1587240253058194e-15,0.0,0.0,0.0
wishbone_slave_unit_fifos_wbr_fifo_storage_mem\[8\][11],0,-1,2,1.1696079751615635e-15,0.0,0.0,0.0
wishbone_slave_unit_fifos_wbr_fifo_storage_mem\[8\][12],0,-1,2,1.1696079751615635e-15,0.0,0.0,0.0
wishbone_slave_unit_fifos_wbr_fifo_storage_mem\[8\][13],0,-1,2,1.1696079751615635e-15,0.0,0.0,0.0
wishbone_slave_unit_fifos_wbr_fifo_storage_mem\[8\][14],0,-1,2,1.1587240253058194e-15,0.0,0.0,0.0
wishbone_slave_unit_fifos_wbr_fifo_storage_mem\[8\][15],0,-1,2,1.205659920858193e-15,0.0,0.0,0.0
wishbone_slave_unit_fifos_wbr_fifo_storage_mem\[8\][16],0,-1,2,1.042008920283926e-15,0.0,0.0,0.0
wishbone_slave_unit_fifos_wbr_fifo_storage_mem\[8\][17],0,-1,2,1.205659920858193e-15,0.0,0.0,0.0
wishbone_slave_unit_fifos_wbr_fifo_storage_mem\[8\][18],0,-1,2,1.1587240253058194e-15,0.0,0.0,0.0
wishbone_slave_unit_fifos_wbr_fifo_storage_mem\[8\][19],0,-1,2,1.205659920858193e-15,0.0,0.0,0.0
wishbone_slave_unit_fifos_wbr_fifo_storage_mem\[8\][1],0,-1,2,1.1691470833591388e-15,0.0,0.0,0.0
wishbone_slave_unit_fifos_wbr_fifo_storage_mem\[8\][20],0,-1,2,1.1691470833591388e-15,0.0,0.0,0.0
wishbone_slave_unit_fifos_wbr_fifo_storage_mem\[8\][21],0,-1,2,1.205659920858193e-15,0.0,0.0,0.0
wishbone_slave_unit_fifos_wbr_fifo_storage_mem\[8\][22],0,-1,2,1.1346451020768662e-15,0.0,0.0,0.0
wishbone_slave_unit_fifos_wbr_fifo_storage_mem\[8\][23],0,-1,2,1.1587240253058194e-15,0.0,0.0,0.0
wishbone_slave_unit_fifos_wbr_fifo_storage_mem\[8\][24],0,-1,2,1.1346451020768662e-15,0.0,0.0,0.0
wishbone_slave_unit_fifos_wbr_fifo_storage_mem\[8\][25],0,-1,2,1.1346451020768662e-15,0.0,0.0,0.0
wishbone_slave_unit_fifos_wbr_fifo_storage_mem\[8\][26],0,-1,2,1.193226006588092e-15,0.0,0.0,0.0
wishbone_slave_unit_fifos_wbr_fifo_storage_mem\[8\][27],0,-1,2,1.1696079751615635e-15,0.0,0.0,0.0
wishbone_slave_unit_fifos_wbr_fifo_storage_mem\[8\][28],0,-1,2,1.1939000330558696e-15,0.0,0.0,0.0
wishbone_slave_unit_fifos_wbr_fifo_storage_mem\[8\][29],0,-1,2,1.1346451020768662e-15,0.0,0.0,0.0
wishbone_slave_unit_fifos_wbr_fifo_storage_mem\[8\][2],0,-1,2,1.0007990733341098e-15,0.0,0.0,0.0
wishbone_slave_unit_fifos_wbr_fifo_storage_mem\[8\][30],0,-1,2,1.0367739390325392e-15,0.0,0.0,0.0
wishbone_slave_unit_fifos_wbr_fifo_storage_mem\[8\][31],0,-1,2,1.205659920858193e-15,0.0,0.0,0.0
wishbone_slave_unit_fifos_wbr_fifo_storage_mem\[8\][36],0,-1,2,1.1939000330558696e-15,0.0,0.0,0.0
wishbone_slave_unit_fifos_wbr_fifo_storage_mem\[8\][37],0,-1,2,1.0088679091896542e-15,0.0,0.0,0.0
wishbone_slave_unit_fifos_wbr_fifo_storage_mem\[8\][3],0,-1,2,1.0367739390325392e-15,0.0,0.0,0.0
wishbone_slave_unit_fifos_wbr_fifo_storage_mem\[8\][4],0,-1,2,1.1696079751615635e-15,0.0,0.0,0.0
wishbone_slave_unit_fifos_wbr_fifo_storage_mem\[8\][5],0,-1,2,1.1587240253058194e-15,0.0,0.0,0.0
wishbone_slave_unit_fifos_wbr_fifo_storage_mem\[8\][6],0,-1,2,1.1346451020768662e-15,0.0,0.0,0.0
wishbone_slave_unit_fifos_wbr_fifo_storage_mem\[8\][7],0,-1,2,1.2047839829116137e-15,0.0,0.0,0.0
wishbone_slave_unit_fifos_wbr_fifo_storage_mem\[8\][8],0,-1,2,1.0088679091896542e-15,0.0,0.0,0.0
wishbone_slave_unit_fifos_wbr_fifo_storage_mem\[8\][9],0,-1,2,1.205659920858193e-15,0.0,0.0,0.0
wishbone_slave_unit_fifos_wbr_fifo_storage_mem\[9\][0],0,-1,2,1.2047839829116137e-15,0.0,0.0,0.0
wishbone_slave_unit_fifos_wbr_fifo_storage_mem\[9\][10],0,-1,2,1.1698211098269164e-15,0.0,0.0,0.0
wishbone_slave_unit_fifos_wbr_fifo_storage_mem\[9\][11],0,-1,2,9.995270416055706e-16,0.0,0.0,0.0
wishbone_slave_unit_fifos_wbr_fifo_storage_mem\[9\][12],0,-1,2,1.1462390773006462e-15,0.0,0.0,0.0
wishbone_slave_unit_fifos_wbr_fifo_storage_mem\[9\][13],0,-1,2,1.2047839829116137e-15,0.0,0.0,0.0
wishbone_slave_unit_fifos_wbr_fifo_storage_mem\[9\][14],0,-1,2,1.1698211098269164e-15,0.0,0.0,0.0
wishbone_slave_unit_fifos_wbr_fifo_storage_mem\[9\][15],0,-1,2,1.0156270203505067e-15,0.0,0.0,0.0
wishbone_slave_unit_fifos_wbr_fifo_storage_mem\[9\][16],0,-1,2,1.0007990733341098e-15,0.0,0.0,0.0
wishbone_slave_unit_fifos_wbr_fifo_storage_mem\[9\][17],0,-1,2,1.0359769869082913e-15,0.0,0.0,0.0
wishbone_slave_unit_fifos_wbr_fifo_storage_mem\[9\][18],0,-1,2,1.2047839829116137e-15,0.0,0.0,0.0
wishbone_slave_unit_fifos_wbr_fifo_storage_mem\[9\][19],0,-1,2,1.1698211098269164e-15,0.0,0.0,0.0
wishbone_slave_unit_fifos_wbr_fifo_storage_mem\[9\][1],0,-1,2,1.2047839829116137e-15,0.0,0.0,0.0
wishbone_slave_unit_fifos_wbr_fifo_storage_mem\[9\][20],0,-1,2,1.0156270203505067e-15,0.0,0.0,0.0
wishbone_slave_unit_fifos_wbr_fifo_storage_mem\[9\][21],0,-1,2,1.2047839829116137e-15,0.0,0.0,0.0
wishbone_slave_unit_fifos_wbr_fifo_storage_mem\[9\][22],0,-1,2,1.1698211098269164e-15,0.0,0.0,0.0
wishbone_slave_unit_fifos_wbr_fifo_storage_mem\[9\][23],0,-1,2,1.227602097598579e-15,0.0,0.0,0.0
wishbone_slave_unit_fifos_wbr_fifo_storage_mem\[9\][24],0,-1,2,1.1698211098269164e-15,0.0,0.0,0.0
wishbone_slave_unit_fifos_wbr_fifo_storage_mem\[9\][25],0,-1,2,1.2047839829116137e-15,0.0,0.0,0.0
wishbone_slave_unit_fifos_wbr_fifo_storage_mem\[9\][26],0,-1,2,1.2047839829116137e-15,0.0,0.0,0.0
wishbone_slave_unit_fifos_wbr_fifo_storage_mem\[9\][27],0,-1,2,1.227602097598579e-15,0.0,0.0,0.0
wishbone_slave_unit_fifos_wbr_fifo_storage_mem\[9\][28],0,-1,2,1.1696079751615635e-15,0.0,0.0,0.0
wishbone_slave_unit_fifos_wbr_fifo_storage_mem\[9\][29],0,-1,2,1.2047839829116137e-15,0.0,0.0,0.0
wishbone_slave_unit_fifos_wbr_fifo_storage_mem\[9\][2],0,-1,2,1.0070460471992286e-15,0.0,0.0,0.0
wishbone_slave_unit_fifos_wbr_fifo_storage_mem\[9\][30],0,-1,2,1.0070460471992286e-15,0.0,0.0,0.0
wishbone_slave_unit_fifos_wbr_fifo_storage_mem\[9\][31],0,-1,2,1.1698211098269164e-15,0.0,0.0,0.0
wishbone_slave_unit_fifos_wbr_fifo_storage_mem\[9\][36],0,-1,2,1.2047839829116137e-15,0.0,0.0,0.0
wishbone_slave_unit_fifos_wbr_fifo_storage_mem\[9\][37],0,-1,2,1.0007990733341098e-15,0.0,0.0,0.0
wishbone_slave_unit_fifos_wbr_fifo_storage_mem\[9\][3],0,-1,2,1.042008920283926e-15,0.0,0.0,0.0
wishbone_slave_unit_fifos_wbr_fifo_storage_mem\[9\][4],0,-1,2,1.0359769869082913e-15,0.0,0.0,0.0
wishbone_slave_unit_fifos_wbr_fifo_storage_mem\[9\][5],0,-1,2,1.2047839829116137e-15,0.0,0.0,0.0
wishbone_slave_unit_fifos_wbr_fifo_storage_mem\[9\][6],0,-1,2,1.1698211098269164e-15,0.0,0.0,0.0
wishbone_slave_unit_fifos_wbr_fifo_storage_mem\[9\][7],0,-1,2,9.98853015137793e-16,0.0,0.0,0.0
wishbone_slave_unit_fifos_wbr_fifo_storage_mem\[9\][8],0,-1,2,8.579810069162398e-16,0.0,0.0,0.0
wishbone_slave_unit_fifos_wbr_fifo_storage_mem\[9\][9],0,-1,2,1.1698211098269164e-15,0.0,0.0,0.0
wishbone_slave_unit_fifos_wbr_waddr[0],0,-1,9,3.699925040417983e-15,0.0,0.0,0.0
wishbone_slave_unit_fifos_wbr_whole_waddr[1],0,-1,6,2.4137491322091115e-15,0.0,0.0,0.0
wishbone_slave_unit_fifos_wbr_whole_waddr[2],0,-1,7,3.2140381427527096e-15,0.0,0.0,0.0
wishbone_slave_unit_fifos_wbr_whole_waddr[3],0,-1,10,6.256227276551151e-15,0.0,0.0,0.0
wishbone_slave_unit_fifos_wbw_addr_data_out[0],0,-1,3,1.3768539615859965e-15,0.0,0.0,0.0
wishbone_slave_unit_fifos_wbw_cbe_out[0],0,-1,3,1.1460780351615495e-15,0.0,0.0,0.0
wishbone_slave_unit_fifos_wbw_control_out[0],0,-1,3,1.1817070996592623e-15,0.0,0.0,0.0
wishbone_slave_unit_fifos_wbw_fifo_ctrl_raddr[0],0,-1,2,1.61198501378787e-15,0.0,0.0,0.0
wishbone_slave_unit_fifos_wbw_fifo_ctrl_raddr[1],0,-1,3,2.5270620235192396e-15,0.0,0.0,0.0
wishbone_slave_unit_fifos_wbw_fifo_ctrl_raddr[2],0,-1,3,2.5938571359155824e-15,0.0,0.0,0.0
wishbone_slave_unit_fifos_wbw_fifo_ctrl_raddr[3],0,-1,3,1.9416320256508777e-15,0.0,0.0,0.0
wishbone_slave_unit_fifos_wbw_fifo_ctrl_raddr_plus_one[0],0,-1,3,1.508587066641827e-15,0.0,0.0,0.0
wishbone_slave_unit_fifos_wbw_fifo_ctrl_raddr_plus_one[1],0,-1,3,1.5935910580635324e-15,0.0,0.0,0.0
wishbone_slave_unit_fifos_wbw_fifo_ctrl_raddr_plus_one[2],0,-1,3,1.376431927420027e-15,0.0,0.0,0.0
wishbone_slave_unit_fifos_wbw_fifo_ctrl_raddr_plus_one[3],0,-1,2,1.5453310382563634e-15,0.0,0.0,0.0
wishbone_slave_unit_fifos_wbw_fifo_ctrl_rclk_sync_wgrey_next[0],0,-1,1,2.7572301508644724e-16,0.0,0.0,0.0
wishbone_slave_unit_fifos_wbw_fifo_ctrl_rclk_sync_wgrey_next[1],0,-1,1,2.7572301508644724e-16,0.0,0.0,0.0
wishbone_slave_unit_fifos_wbw_fifo_ctrl_rclk_sync_wgrey_next[2],0,-1,1,2.7572301508644724e-16,0.0,0.0,0.0
wishbone_slave_unit_fifos_wbw_fifo_ctrl_rclk_sync_wgrey_next[3],0,-1,1,2.7572301508644724e-16,0.0,0.0,0.0
wishbone_slave_unit_fifos_wbw_fifo_ctrl_rclk_wgrey_next[0],0,-1,2,8.691409306941112e-16,0.0,0.0,0.0
wishbone_slave_unit_fifos_wbw_fifo_ctrl_rclk_wgrey_next[1],0,-1,1,1.0161499573163178e-15,0.0,0.0,0.0
wishbone_slave_unit_fifos_wbw_fifo_ctrl_rclk_wgrey_next[2],0,-1,2,8.691409306941112e-16,0.0,0.0,0.0
wishbone_slave_unit_fifos_wbw_fifo_ctrl_rclk_wgrey_next[3],0,-1,1,1.0644999743741326e-15,0.0,0.0,0.0
wishbone_slave_unit_fifos_wbw_fifo_ctrl_rgrey_addr[0],0,-1,2,7.68499017000197e-16,0.0,0.0,0.0
wishbone_slave_unit_fifos_wbw_fifo_ctrl_rgrey_addr[1],0,-1,2,7.897279919989947e-16,0.0,0.0,0.0
wishbone_slave_unit_fifos_wbw_fifo_ctrl_rgrey_addr[2],0,-1,2,8.352090025853407e-16,0.0,0.0,0.0
wishbone_slave_unit_fifos_wbw_fifo_ctrl_rgrey_addr[3],0,-1,2,7.68499017000197e-16,0.0,0.0,0.0
wishbone_slave_unit_fifos_wbw_fifo_ctrl_rgrey_minus1[0],0,-1,2,6.783000666338627e-16,0.0,0.0,0.0
wishbone_slave_unit_fifos_wbw_fifo_ctrl_rgrey_minus1[1],0,-1,2,6.783000666338627e-16,0.0,0.0,0.0
wishbone_slave_unit_fifos_wbw_fifo_ctrl_rgrey_minus1[2],0,-1,2,7.098979954564739e-16,0.0,0.0,0.0
wishbone_slave_unit_fifos_wbw_fifo_ctrl_rgrey_minus1[3],0,-1,2,6.783000666338627e-16,0.0,0.0,0.0
wishbone_slave_unit_fifos_wbw_fifo_ctrl_rgrey_next[0],0,-1,3,1.2427940570240584e-15,0.0,0.0,0.0
wishbone_slave_unit_fifos_wbw_fifo_ctrl_rgrey_next[1],0,-1,2,1.3199989925839197e-15,0.0,0.0,0.0
wishbone_slave_unit_fifos_wbw_fifo_ctrl_rgrey_next[2],0,-1,3,1.2427940570240584e-15,0.0,0.0,0.0
wishbone_slave_unit_fifos_wbw_fifo_ctrl_rgrey_next[3],0,-1,2,1.3660890198593416e-15,0.0,0.0,0.0
wishbone_slave_unit_fifos_wbw_fifo_ctrl_wclk_rgrey_minus1[0],0,-1,3,1.6300470384760023e-15,0.0,0.0,0.0
wishbone_slave_unit_fifos_wbw_fifo_ctrl_wclk_rgrey_minus1[1],0,-1,2,2.0168500336747172e-15,0.0,0.0,0.0
wishbone_slave_unit_fifos_wbw_fifo_ctrl_wclk_rgrey_minus1[2],0,-1,2,2.0317698837658913e-15,0.0,0.0,0.0
wishbone_slave_unit_fifos_wbw_fifo_ctrl_wclk_rgrey_minus1[3],0,-1,2,1.983419972587195e-15,0.0,0.0,0.0
wishbone_slave_unit_fifos_wbw_fifo_ctrl_wclk_sync_rgrey_minus1[0],0,-1,1,2.7572301508644724e-16,0.0,0.0,0.0
wishbone_slave_unit_fifos_wbw_fifo_ctrl_wclk_sync_rgrey_minus1[1],0,-1,1,2.7572301508644724e-16,0.0,0.0,0.0
wishbone_slave_unit_fifos_wbw_fifo_ctrl_wclk_sync_rgrey_minus1[2],0,-1,1,2.7572301508644724e-16,0.0,0.0,0.0
wishbone_slave_unit_fifos_wbw_fifo_ctrl_wclk_sync_rgrey_minus1[3],0,-1,1,2.7572301508644724e-16,0.0,0.0,0.0
wishbone_slave_unit_fifos_wbw_fifo_ctrl_wgrey_addr[0],0,-1,3,1.6194549973497056e-15,0.0,0.0,0.0
wishbone_slave_unit_fifos_wbw_fifo_ctrl_wgrey_addr[1],0,-1,2,1.4873320453799013e-15,0.0,0.0,0.0
wishbone_slave_unit_fifos_wbw_fifo_ctrl_wgrey_addr[2],0,-1,2,1.4465489971563828e-15,0.0,0.0,0.0
wishbone_slave_unit_fifos_wbw_fifo_ctrl_wgrey_addr[3],0,-1,2,1.400458969880961e-15,0.0,0.0,0.0
wishbone_slave_unit_fifos_wbw_fifo_ctrl_wgrey_next[0],0,-1,4,1.967549116254491e-15,0.0,0.0,0.0
wishbone_slave_unit_fifos_wbw_fifo_ctrl_wgrey_next[1],0,-1,4,2.1130708589004376e-15,0.0,0.0,0.0
wishbone_slave_unit_fifos_wbw_fifo_ctrl_wgrey_next[2],0,-1,4,2.013688059682617e-15,0.0,0.0,0.0
wishbone_slave_unit_fifos_wbw_fifo_ctrl_wgrey_next[3],0,-1,4,2.013688059682617e-15,0.0,0.0,0.0
wishbone_slave_unit_fifos_wbw_fifo_storage_mem\[0\][0],0,-1,2,8.299710567186386e-16,0.0,0.0,0.0
wishbone_slave_unit_fifos_wbw_fifo_storage_mem\[0\][10],0,-1,2,1.0082440694240014e-15,0.0,0.0,0.0
wishbone_slave_unit_fifos_wbw_fifo_storage_mem\[0\][11],0,-1,2,9.605830077896596e-16,0.0,0.0,0.0
wishbone_slave_unit_fifos_wbw_fifo_storage_mem\[0\][12],0,-1,2,9.503230035786867e-16,0.0,0.0,0.0
wishbone_slave_unit_fifos_wbw_fifo_storage_mem\[0\][13],0,-1,2,9.605830077896596e-16,0.0,0.0,0.0
wishbone_slave_unit_fifos_wbw_fifo_storage_mem\[0\][14],0,-1,2,1.0082440694240014e-15,0.0,0.0,0.0
wishbone_slave_unit_fifos_wbw_fifo_storage_mem\[0\][15],0,-1,2,9.428700665549145e-16,0.0,0.0,0.0
wishbone_slave_unit_fifos_wbw_fifo_storage_mem\[0\][16],0,-1,2,9.330220379936624e-16,0.0,0.0,0.0
wishbone_slave_unit_fifos_wbw_fifo_storage_mem\[0\][17],0,-1,2,9.605830077896596e-16,0.0,0.0,0.0
wishbone_slave_unit_fifos_wbw_fifo_storage_mem\[0\][18],0,-1,2,1.0082440694240014e-15,0.0,0.0,0.0
wishbone_slave_unit_fifos_wbw_fifo_storage_mem\[0\][19],0,-1,2,1.0007990733341098e-15,0.0,0.0,0.0
wishbone_slave_unit_fifos_wbw_fifo_storage_mem\[0\][1],0,-1,2,8.299710567186386e-16,0.0,0.0,0.0
wishbone_slave_unit_fifos_wbw_fifo_storage_mem\[0\][20],0,-1,2,9.806829937488858e-16,0.0,0.0,0.0
wishbone_slave_unit_fifos_wbw_fifo_storage_mem\[0\][21],0,-1,2,9.428700665549145e-16,0.0,0.0,0.0
wishbone_slave_unit_fifos_wbw_fifo_storage_mem\[0\][22],0,-1,2,9.330220379936624e-16,0.0,0.0,0.0
wishbone_slave_unit_fifos_wbw_fifo_storage_mem\[0\][23],0,-1,2,9.806829937488858e-16,0.0,0.0,0.0
wishbone_slave_unit_fifos_wbw_fifo_storage_mem\[0\][24],0,-1,2,9.605830077896596e-16,0.0,0.0,0.0
wishbone_slave_unit_fifos_wbw_fifo_storage_mem\[0\][25],0,-1,2,9.806829937488858e-16,0.0,0.0,0.0
wishbone_slave_unit_fifos_wbw_fifo_storage_mem\[0\][26],0,-1,2,9.918330178291862e-16,0.0,0.0,0.0
wishbone_slave_unit_fifos_wbw_fifo_storage_mem\[0\][27],0,-1,2,9.918330178291862e-16,0.0,0.0,0.0
wishbone_slave_unit_fifos_wbw_fifo_storage_mem\[0\][28],0,-1,2,1.0082440694240014e-15,0.0,0.0,0.0
wishbone_slave_unit_fifos_wbw_fifo_storage_mem\[0\][29],0,-1,2,9.605830077896596e-16,0.0,0.0,0.0
wishbone_slave_unit_fifos_wbw_fifo_storage_mem\[0\][2],0,-1,2,8.299710567186386e-16,0.0,0.0,0.0
wishbone_slave_unit_fifos_wbw_fifo_storage_mem\[0\][30],0,-1,2,9.330220379936624e-16,0.0,0.0,0.0
wishbone_slave_unit_fifos_wbw_fifo_storage_mem\[0\][31],0,-1,2,9.605830077896596e-16,0.0,0.0,0.0
wishbone_slave_unit_fifos_wbw_fifo_storage_mem\[0\][32],0,-1,2,8.458570008257154e-16,0.0,0.0,0.0
wishbone_slave_unit_fifos_wbw_fifo_storage_mem\[0\][33],0,-1,2,1.024877996563063e-15,0.0,0.0,0.0
wishbone_slave_unit_fifos_wbw_fifo_storage_mem\[0\][34],0,-1,2,8.458570008257154e-16,0.0,0.0,0.0
wishbone_slave_unit_fifos_wbw_fifo_storage_mem\[0\][35],0,-1,2,1.0082440694240014e-15,0.0,0.0,0.0
wishbone_slave_unit_fifos_wbw_fifo_storage_mem\[0\][36],0,-1,2,8.197109995681064e-16,0.0,0.0,0.0
wishbone_slave_unit_fifos_wbw_fifo_storage_mem\[0\][3],0,-1,2,1.0082440694240014e-15,0.0,0.0,0.0
wishbone_slave_unit_fifos_wbw_fifo_storage_mem\[0\][4],0,-1,2,1.024877996563063e-15,0.0,0.0,0.0
wishbone_slave_unit_fifos_wbw_fifo_storage_mem\[0\][5],0,-1,2,9.503230035786867e-16,0.0,0.0,0.0
wishbone_slave_unit_fifos_wbw_fifo_storage_mem\[0\][6],0,-1,2,9.605830077896596e-16,0.0,0.0,0.0
wishbone_slave_unit_fifos_wbw_fifo_storage_mem\[0\][7],0,-1,2,1.0082440694240014e-15,0.0,0.0,0.0
wishbone_slave_unit_fifos_wbw_fifo_storage_mem\[0\][8],0,-1,2,1.0082440694240014e-15,0.0,0.0,0.0
wishbone_slave_unit_fifos_wbw_fifo_storage_mem\[0\][9],0,-1,2,9.503230035786867e-16,0.0,0.0,0.0
wishbone_slave_unit_fifos_wbw_fifo_storage_mem\[10\][0],0,-1,2,8.574690284391838e-16,0.0,0.0,0.0
wishbone_slave_unit_fifos_wbw_fifo_storage_mem\[10\][10],0,-1,2,1.0518420198894827e-15,0.0,0.0,0.0
wishbone_slave_unit_fifos_wbw_fifo_storage_mem\[10\][11],0,-1,2,1.0518420198894827e-15,0.0,0.0,0.0
wishbone_slave_unit_fifos_wbw_fifo_storage_mem\[10\][12],0,-1,2,8.574690284391838e-16,0.0,0.0,0.0
wishbone_slave_unit_fifos_wbw_fifo_storage_mem\[10\][13],0,-1,2,1.0518420198894827e-15,0.0,0.0,0.0
wishbone_slave_unit_fifos_wbw_fifo_storage_mem\[10\][14],0,-1,2,1.0518420198894827e-15,0.0,0.0,0.0
wishbone_slave_unit_fifos_wbw_fifo_storage_mem\[10\][15],0,-1,2,1.0518420198894827e-15,0.0,0.0,0.0
wishbone_slave_unit_fifos_wbw_fifo_storage_mem\[10\][16],0,-1,2,8.574690284391838e-16,0.0,0.0,0.0
wishbone_slave_unit_fifos_wbw_fifo_storage_mem\[10\][17],0,-1,2,1.0518420198894827e-15,0.0,0.0,0.0
wishbone_slave_unit_fifos_wbw_fifo_storage_mem\[10\][18],0,-1,2,1.0518420198894827e-15,0.0,0.0,0.0
wishbone_slave_unit_fifos_wbw_fifo_storage_mem\[10\][19],0,-1,2,8.574690284391838e-16,0.0,0.0,0.0
wishbone_slave_unit_fifos_wbw_fifo_storage_mem\[10\][1],0,-1,2,1.0518420198894827e-15,0.0,0.0,0.0
wishbone_slave_unit_fifos_wbw_fifo_storage_mem\[10\][20],0,-1,2,1.0518420198894827e-15,0.0,0.0,0.0
wishbone_slave_unit_fifos_wbw_fifo_storage_mem\[10\][21],0,-1,2,1.0359769869082913e-15,0.0,0.0,0.0
wishbone_slave_unit_fifos_wbw_fifo_storage_mem\[10\][22],0,-1,2,1.0518420198894827e-15,0.0,0.0,0.0
wishbone_slave_unit_fifos_wbw_fifo_storage_mem\[10\][23],0,-1,2,1.0518420198894827e-15,0.0,0.0,0.0
wishbone_slave_unit_fifos_wbw_fifo_storage_mem\[10\][24],0,-1,2,1.0518420198894827e-15,0.0,0.0,0.0
wishbone_slave_unit_fifos_wbw_fifo_storage_mem\[10\][25],0,-1,2,1.0518420198894827e-15,0.0,0.0,0.0
wishbone_slave_unit_fifos_wbw_fifo_storage_mem\[10\][26],0,-1,2,1.0518420198894827e-15,0.0,0.0,0.0
wishbone_slave_unit_fifos_wbw_fifo_storage_mem\[10\][27],0,-1,2,1.0518420198894827e-15,0.0,0.0,0.0
wishbone_slave_unit_fifos_wbw_fifo_storage_mem\[10\][28],0,-1,2,8.574690284391838e-16,0.0,0.0,0.0
wishbone_slave_unit_fifos_wbw_fifo_storage_mem\[10\][29],0,-1,2,1.0518420198894827e-15,0.0,0.0,0.0
wishbone_slave_unit_fifos_wbw_fifo_storage_mem\[10\][2],0,-1,2,1.0518420198894827e-15,0.0,0.0,0.0
wishbone_slave_unit_fifos_wbw_fifo_storage_mem\[10\][30],0,-1,2,1.0518420198894827e-15,0.0,0.0,0.0
wishbone_slave_unit_fifos_wbw_fifo_storage_mem\[10\][31],0,-1,2,8.574690284391838e-16,0.0,0.0,0.0
wishbone_slave_unit_fifos_wbw_fifo_storage_mem\[10\][32],0,-1,2,1.0518420198894827e-15,0.0,0.0,0.0
wishbone_slave_unit_fifos_wbw_fifo_storage_mem\[10\][33],0,-1,2,1.0359769869082913e-15,0.0,0.0,0.0
wishbone_slave_unit_fifos_wbw_fifo_storage_mem\[10\][34],0,-1,2,1.0858229700300755e-15,0.0,0.0,0.0
wishbone_slave_unit_fifos_wbw_fifo_storage_mem\[10\][35],0,-1,2,8.574690284391838e-16,0.0,0.0,0.0
wishbone_slave_unit_fifos_wbw_fifo_storage_mem\[10\][36],0,-1,2,9.464320518563557e-16,0.0,0.0,0.0
wishbone_slave_unit_fifos_wbw_fifo_storage_mem\[10\][3],0,-1,2,1.0518420198894827e-15,0.0,0.0,0.0
wishbone_slave_unit_fifos_wbw_fifo_storage_mem\[10\][4],0,-1,2,1.0518420198894827e-15,0.0,0.0,0.0
wishbone_slave_unit_fifos_wbw_fifo_storage_mem\[10\][5],0,-1,2,1.0518420198894827e-15,0.0,0.0,0.0
wishbone_slave_unit_fifos_wbw_fifo_storage_mem\[10\][6],0,-1,2,8.574690284391838e-16,0.0,0.0,0.0
wishbone_slave_unit_fifos_wbw_fifo_storage_mem\[10\][7],0,-1,2,1.0275460444677956e-15,0.0,0.0,0.0
wishbone_slave_unit_fifos_wbw_fifo_storage_mem\[10\][8],0,-1,2,1.0518420198894827e-15,0.0,0.0,0.0
wishbone_slave_unit_fifos_wbw_fifo_storage_mem\[10\][9],0,-1,2,1.0518420198894827e-15,0.0,0.0,0.0
wishbone_slave_unit_fifos_wbw_fifo_storage_mem\[11\][0],0,-1,2,9.88316031153068e-16,0.0,0.0,0.0
wishbone_slave_unit_fifos_wbw_fifo_storage_mem\[11\][10],0,-1,2,1.0041810641342594e-15,0.0,0.0,0.0
wishbone_slave_unit_fifos_wbw_fifo_storage_mem\[11\][11],0,-1,2,1.0041810641342594e-15,0.0,0.0,0.0
wishbone_slave_unit_fifos_wbw_fifo_storage_mem\[11\][12],0,-1,2,8.735690071841199e-16,0.0,0.0,0.0
wishbone_slave_unit_fifos_wbw_fifo_storage_mem\[11\][13],0,-1,2,1.0265109702062509e-15,0.0,0.0,0.0
wishbone_slave_unit_fifos_wbw_fifo_storage_mem\[11\][14],0,-1,2,9.91547991242435e-16,0.0,0.0,0.0
wishbone_slave_unit_fifos_wbw_fifo_storage_mem\[11\][15],0,-1,2,8.735690071841199e-16,0.0,0.0,0.0
wishbone_slave_unit_fifos_wbw_fifo_storage_mem\[11\][16],0,-1,2,9.834640146729585e-16,0.0,0.0,0.0
wishbone_slave_unit_fifos_wbw_fifo_storage_mem\[11\][17],0,-1,2,8.735690071841199e-16,0.0,0.0,0.0
wishbone_slave_unit_fifos_wbw_fifo_storage_mem\[11\][18],0,-1,2,8.528520106623782e-16,0.0,0.0,0.0
wishbone_slave_unit_fifos_wbw_fifo_storage_mem\[11\][19],0,-1,2,8.735690071841199e-16,0.0,0.0,0.0
wishbone_slave_unit_fifos_wbw_fifo_storage_mem\[11\][1],0,-1,2,1.1221600481925746e-15,0.0,0.0,0.0
wishbone_slave_unit_fifos_wbw_fifo_storage_mem\[11\][20],0,-1,2,9.91547991242435e-16,0.0,0.0,0.0
wishbone_slave_unit_fifos_wbw_fifo_storage_mem\[11\][21],0,-1,2,8.373540076451439e-16,0.0,0.0,0.0
wishbone_slave_unit_fifos_wbw_fifo_storage_mem\[11\][22],0,-1,2,9.88316031153068e-16,0.0,0.0,0.0
wishbone_slave_unit_fifos_wbw_fifo_storage_mem\[11\][23],0,-1,2,8.735690071841199e-16,0.0,0.0,0.0
wishbone_slave_unit_fifos_wbw_fifo_storage_mem\[11\][24],0,-1,2,1.0041810641342594e-15,0.0,0.0,0.0
wishbone_slave_unit_fifos_wbw_fifo_storage_mem\[11\][25],0,-1,2,8.577040271424876e-16,0.0,0.0,0.0
wishbone_slave_unit_fifos_wbw_fifo_storage_mem\[11\][26],0,-1,2,9.518659799712288e-16,0.0,0.0,0.0
wishbone_slave_unit_fifos_wbw_fifo_storage_mem\[11\][27],0,-1,2,9.88316031153068e-16,0.0,0.0,0.0
wishbone_slave_unit_fifos_wbw_fifo_storage_mem\[11\][28],0,-1,2,9.834640146729585e-16,0.0,0.0,0.0
wishbone_slave_unit_fifos_wbw_fifo_storage_mem\[11\][29],0,-1,2,1.0041810641342594e-15,0.0,0.0,0.0
wishbone_slave_unit_fifos_wbw_fifo_storage_mem\[11\][2],0,-1,2,9.834640146729585e-16,0.0,0.0,0.0
wishbone_slave_unit_fifos_wbw_fifo_storage_mem\[11\][30],0,-1,2,8.528520106623782e-16,0.0,0.0,0.0
wishbone_slave_unit_fifos_wbw_fifo_storage_mem\[11\][31],0,-1,2,9.67965958716165e-16,0.0,0.0,0.0
wishbone_slave_unit_fifos_wbw_fifo_storage_mem\[11\][32],0,-1,2,1.0156270203505067e-15,0.0,0.0,0.0
wishbone_slave_unit_fifos_wbw_fifo_storage_mem\[11\][33],0,-1,2,9.804510126004565e-16,0.0,0.0,0.0
wishbone_slave_unit_fifos_wbw_fifo_storage_mem\[11\][34],0,-1,2,9.91547991242435e-16,0.0,0.0,0.0
wishbone_slave_unit_fifos_wbw_fifo_storage_mem\[11\][35],0,-1,2,9.834640146729585e-16,0.0,0.0,0.0
wishbone_slave_unit_fifos_wbw_fifo_storage_mem\[11\][36],0,-1,2,1.0156270203505067e-15,0.0,0.0,0.0
wishbone_slave_unit_fifos_wbw_fifo_storage_mem\[11\][3],0,-1,2,1.0041810641342594e-15,0.0,0.0,0.0
wishbone_slave_unit_fifos_wbw_fifo_storage_mem\[11\][4],0,-1,2,1.1799410359642371e-15,0.0,0.0,0.0
wishbone_slave_unit_fifos_wbw_fifo_storage_mem\[11\][5],0,-1,2,9.834640146729585e-16,0.0,0.0,0.0
wishbone_slave_unit_fifos_wbw_fifo_storage_mem\[11\][6],0,-1,2,9.834640146729585e-16,0.0,0.0,0.0
wishbone_slave_unit_fifos_wbw_fifo_storage_mem\[11\][7],0,-1,2,9.834640146729585e-16,0.0,0.0,0.0
wishbone_slave_unit_fifos_wbw_fifo_storage_mem\[11\][8],0,-1,2,1.0041810641342594e-15,0.0,0.0,0.0
wishbone_slave_unit_fifos_wbw_fifo_storage_mem\[11\][9],0,-1,2,9.834640146729585e-16,0.0,0.0,0.0
wishbone_slave_unit_fifos_wbw_fifo_storage_mem\[12\][0],0,-1,2,9.566040705199326e-16,0.0,0.0,0.0
wishbone_slave_unit_fifos_wbw_fifo_storage_mem\[12\][10],0,-1,2,9.566040705199326e-16,0.0,0.0,0.0
wishbone_slave_unit_fifos_wbw_fifo_storage_mem\[12\][11],0,-1,2,9.566040705199326e-16,0.0,0.0,0.0
wishbone_slave_unit_fifos_wbw_fifo_storage_mem\[12\][12],0,-1,2,9.566040705199326e-16,0.0,0.0,0.0
wishbone_slave_unit_fifos_wbw_fifo_storage_mem\[12\][13],0,-1,2,9.739050361049569e-16,0.0,0.0,0.0
wishbone_slave_unit_fifos_wbw_fifo_storage_mem\[12\][14],0,-1,2,9.841650403159298e-16,0.0,0.0,0.0
wishbone_slave_unit_fifos_wbw_fifo_storage_mem\[12\][15],0,-1,2,9.566040705199326e-16,0.0,0.0,0.0
wishbone_slave_unit_fifos_wbw_fifo_storage_mem\[12\][16],0,-1,2,9.841650403159298e-16,0.0,0.0,0.0
wishbone_slave_unit_fifos_wbw_fifo_storage_mem\[12\][17],0,-1,2,9.841650403159298e-16,0.0,0.0,0.0
wishbone_slave_unit_fifos_wbw_fifo_storage_mem\[12\][18],0,-1,2,9.566040705199326e-16,0.0,0.0,0.0
wishbone_slave_unit_fifos_wbw_fifo_storage_mem\[12\][19],0,-1,2,9.566040705199326e-16,0.0,0.0,0.0
wishbone_slave_unit_fifos_wbw_fifo_storage_mem\[12\][1],0,-1,2,9.566040705199326e-16,0.0,0.0,0.0
wishbone_slave_unit_fifos_wbw_fifo_storage_mem\[12\][20],0,-1,2,9.566040705199326e-16,0.0,0.0,0.0
wishbone_slave_unit_fifos_wbw_fifo_storage_mem\[12\][21],0,-1,2,9.387930852215428e-16,0.0,0.0,0.0
wishbone_slave_unit_fifos_wbw_fifo_storage_mem\[12\][22],0,-1,2,9.566040705199326e-16,0.0,0.0,0.0
wishbone_slave_unit_fifos_wbw_fifo_storage_mem\[12\][23],0,-1,2,9.566040705199326e-16,0.0,0.0,0.0
wishbone_slave_unit_fifos_wbw_fifo_storage_mem\[12\][24],0,-1,2,9.841650403159298e-16,0.0,0.0,0.0
wishbone_slave_unit_fifos_wbw_fifo_storage_mem\[12\][25],0,-1,2,9.566040705199326e-16,0.0,0.0,0.0
wishbone_slave_unit_fifos_wbw_fifo_storage_mem\[12\][26],0,-1,2,9.566040705199326e-16,0.0,0.0,0.0
wishbone_slave_unit_fifos_wbw_fifo_storage_mem\[12\][27],0,-1,2,9.841650403159298e-16,0.0,0.0,0.0
wishbone_slave_unit_fifos_wbw_fifo_storage_mem\[12\][28],0,-1,2,9.566040705199326e-16,0.0,0.0,0.0
wishbone_slave_unit_fifos_wbw_fifo_storage_mem\[12\][29],0,-1,2,9.566040705199326e-16,0.0,0.0,0.0
wishbone_slave_unit_fifos_wbw_fifo_storage_mem\[12\][2],0,-1,2,9.566040705199326e-16,0.0,0.0,0.0
wishbone_slave_unit_fifos_wbw_fifo_storage_mem\[12\][30],0,-1,2,9.566040705199326e-16,0.0,0.0,0.0
wishbone_slave_unit_fifos_wbw_fifo_storage_mem\[12\][31],0,-1,2,9.566040705199326e-16,0.0,0.0,0.0
wishbone_slave_unit_fifos_wbw_fifo_storage_mem\[12\][32],0,-1,2,9.566040705199326e-16,0.0,0.0,0.0
wishbone_slave_unit_fifos_wbw_fifo_storage_mem\[12\][33],0,-1,2,1.1346451020768662e-15,0.0,0.0,0.0
wishbone_slave_unit_fifos_wbw_fifo_storage_mem\[12\][34],0,-1,2,9.9156694360463e-16,0.0,0.0,0.0
wishbone_slave_unit_fifos_wbw_fifo_storage_mem\[12\][35],0,-1,2,9.841650403159298e-16,0.0,0.0,0.0
wishbone_slave_unit_fifos_wbw_fifo_storage_mem\[12\][36],0,-1,2,1.0070460471992286e-15,0.0,0.0,0.0
wishbone_slave_unit_fifos_wbw_fifo_storage_mem\[12\][3],0,-1,2,9.566040705199326e-16,0.0,0.0,0.0
wishbone_slave_unit_fifos_wbw_fifo_storage_mem\[12\][4],0,-1,2,9.566040705199326e-16,0.0,0.0,0.0
wishbone_slave_unit_fifos_wbw_fifo_storage_mem\[12\][5],0,-1,2,9.841650403159298e-16,0.0,0.0,0.0
wishbone_slave_unit_fifos_wbw_fifo_storage_mem\[12\][6],0,-1,2,9.566040705199326e-16,0.0,0.0,0.0
wishbone_slave_unit_fifos_wbw_fifo_storage_mem\[12\][7],0,-1,2,9.566040705199326e-16,0.0,0.0,0.0
wishbone_slave_unit_fifos_wbw_fifo_storage_mem\[12\][8],0,-1,2,9.566040705199326e-16,0.0,0.0,0.0
wishbone_slave_unit_fifos_wbw_fifo_storage_mem\[12\][9],0,-1,2,9.566040705199326e-16,0.0,0.0,0.0
wishbone_slave_unit_fifos_wbw_fifo_storage_mem\[13\][0],0,-1,2,8.466049838577001e-16,0.0,0.0,0.0
wishbone_slave_unit_fifos_wbw_fifo_storage_mem\[13\][10],0,-1,2,9.772170408078396e-16,0.0,0.0,0.0
wishbone_slave_unit_fifos_wbw_fifo_storage_mem\[13\][11],0,-1,2,9.772170408078396e-16,0.0,0.0,0.0
wishbone_slave_unit_fifos_wbw_fifo_storage_mem\[13\][12],0,-1,2,9.772170408078396e-16,0.0,0.0,0.0
wishbone_slave_unit_fifos_wbw_fifo_storage_mem\[13\][13],0,-1,2,9.772170408078396e-16,0.0,0.0,0.0
wishbone_slave_unit_fifos_wbw_fifo_storage_mem\[13\][14],0,-1,2,9.772170408078396e-16,0.0,0.0,0.0
wishbone_slave_unit_fifos_wbw_fifo_storage_mem\[13\][15],0,-1,2,9.772170408078396e-16,0.0,0.0,0.0
wishbone_slave_unit_fifos_wbw_fifo_storage_mem\[13\][16],0,-1,2,1.1455650508328686e-15,0.0,0.0,0.0
wishbone_slave_unit_fifos_wbw_fifo_storage_mem\[13\][17],0,-1,2,9.772170408078396e-16,0.0,0.0,0.0
wishbone_slave_unit_fifos_wbw_fifo_storage_mem\[13\][18],0,-1,2,9.772170408078396e-16,0.0,0.0,0.0
wishbone_slave_unit_fifos_wbw_fifo_storage_mem\[13\][19],0,-1,2,1.1455650508328686e-15,0.0,0.0,0.0
wishbone_slave_unit_fifos_wbw_fifo_storage_mem\[13\][1],0,-1,2,9.772170408078396e-16,0.0,0.0,0.0
wishbone_slave_unit_fifos_wbw_fifo_storage_mem\[13\][20],0,-1,2,8.466049838577001e-16,0.0,0.0,0.0
wishbone_slave_unit_fifos_wbw_fifo_storage_mem\[13\][21],0,-1,2,9.772170408078396e-16,0.0,0.0,0.0
wishbone_slave_unit_fifos_wbw_fifo_storage_mem\[13\][22],0,-1,2,8.466049838577001e-16,0.0,0.0,0.0
wishbone_slave_unit_fifos_wbw_fifo_storage_mem\[13\][23],0,-1,2,9.772170408078396e-16,0.0,0.0,0.0
wishbone_slave_unit_fifos_wbw_fifo_storage_mem\[13\][24],0,-1,2,9.772170408078396e-16,0.0,0.0,0.0
wishbone_slave_unit_fifos_wbw_fifo_storage_mem\[13\][25],0,-1,2,9.772170408078396e-16,0.0,0.0,0.0
wishbone_slave_unit_fifos_wbw_fifo_storage_mem\[13\][26],0,-1,2,9.772170408078396e-16,0.0,0.0,0.0
wishbone_slave_unit_fifos_wbw_fifo_storage_mem\[13\][27],0,-1,2,8.466049838577001e-16,0.0,0.0,0.0
wishbone_slave_unit_fifos_wbw_fifo_storage_mem\[13\][28],0,-1,2,9.772170408078396e-16,0.0,0.0,0.0
wishbone_slave_unit_fifos_wbw_fifo_storage_mem\[13\][29],0,-1,2,1.0007990733341098e-15,0.0,0.0,0.0
wishbone_slave_unit_fifos_wbw_fifo_storage_mem\[13\][2],0,-1,2,9.772170408078396e-16,0.0,0.0,0.0
wishbone_slave_unit_fifos_wbw_fifo_storage_mem\[13\][30],0,-1,2,9.605830077896596e-16,0.0,0.0,0.0
wishbone_slave_unit_fifos_wbw_fifo_storage_mem\[13\][31],0,-1,2,9.772170408078396e-16,0.0,0.0,0.0
wishbone_slave_unit_fifos_wbw_fifo_storage_mem\[13\][32],0,-1,2,8.688859737769877e-16,0.0,0.0,0.0
wishbone_slave_unit_fifos_wbw_fifo_storage_mem\[13\][33],0,-1,2,1.0012380481590243e-15,0.0,0.0,0.0
wishbone_slave_unit_fifos_wbw_fifo_storage_mem\[13\][34],0,-1,2,8.466049838577001e-16,0.0,0.0,0.0
wishbone_slave_unit_fifos_wbw_fifo_storage_mem\[13\][35],0,-1,2,9.772170408078396e-16,0.0,0.0,0.0
wishbone_slave_unit_fifos_wbw_fifo_storage_mem\[13\][36],0,-1,2,9.804510126004565e-16,0.0,0.0,0.0
wishbone_slave_unit_fifos_wbw_fifo_storage_mem\[13\][3],0,-1,2,8.466049838577001e-16,0.0,0.0,0.0
wishbone_slave_unit_fifos_wbw_fifo_storage_mem\[13\][4],0,-1,2,9.772170408078396e-16,0.0,0.0,0.0
wishbone_slave_unit_fifos_wbw_fifo_storage_mem\[13\][5],0,-1,2,9.772170408078396e-16,0.0,0.0,0.0
wishbone_slave_unit_fifos_wbw_fifo_storage_mem\[13\][6],0,-1,2,1.0131470137600645e-15,0.0,0.0,0.0
wishbone_slave_unit_fifos_wbw_fifo_storage_mem\[13\][7],0,-1,2,1.0007990733341098e-15,0.0,0.0,0.0
wishbone_slave_unit_fifos_wbw_fifo_storage_mem\[13\][8],0,-1,2,9.772170408078396e-16,0.0,0.0,0.0
wishbone_slave_unit_fifos_wbw_fifo_storage_mem\[13\][9],0,-1,2,1.1455650508328686e-15,0.0,0.0,0.0
wishbone_slave_unit_fifos_wbw_fifo_storage_mem\[14\][0],0,-1,2,1.0156270203505067e-15,0.0,0.0,0.0
wishbone_slave_unit_fifos_wbw_fifo_storage_mem\[14\][10],0,-1,2,1.0156270203505067e-15,0.0,0.0,0.0
wishbone_slave_unit_fifos_wbw_fifo_storage_mem\[14\][11],0,-1,2,1.0359769869082913e-15,0.0,0.0,0.0
wishbone_slave_unit_fifos_wbw_fifo_storage_mem\[14\][12],0,-1,2,1.0156270203505067e-15,0.0,0.0,0.0
wishbone_slave_unit_fifos_wbw_fifo_storage_mem\[14\][13],0,-1,2,1.0311249704281818e-15,0.0,0.0,0.0
wishbone_slave_unit_fifos_wbw_fifo_storage_mem\[14\][14],0,-1,2,1.0359769869082913e-15,0.0,0.0,0.0
wishbone_slave_unit_fifos_wbw_fifo_storage_mem\[14\][15],0,-1,2,1.0156270203505067e-15,0.0,0.0,0.0
wishbone_slave_unit_fifos_wbw_fifo_storage_mem\[14\][16],0,-1,2,1.0156270203505067e-15,0.0,0.0,0.0
wishbone_slave_unit_fifos_wbw_fifo_storage_mem\[14\][17],0,-1,2,1.0156270203505067e-15,0.0,0.0,0.0
wishbone_slave_unit_fifos_wbw_fifo_storage_mem\[14\][18],0,-1,2,1.0156270203505067e-15,0.0,0.0,0.0
wishbone_slave_unit_fifos_wbw_fifo_storage_mem\[14\][19],0,-1,2,1.0156270203505067e-15,0.0,0.0,0.0
wishbone_slave_unit_fifos_wbw_fifo_storage_mem\[14\][1],0,-1,2,1.0156270203505067e-15,0.0,0.0,0.0
wishbone_slave_unit_fifos_wbw_fifo_storage_mem\[14\][20],0,-1,2,1.0156270203505067e-15,0.0,0.0,0.0
wishbone_slave_unit_fifos_wbw_fifo_storage_mem\[14\][21],0,-1,2,9.995270416055706e-16,0.0,0.0,0.0
wishbone_slave_unit_fifos_wbw_fifo_storage_mem\[14\][22],0,-1,2,1.0156270203505067e-15,0.0,0.0,0.0
wishbone_slave_unit_fifos_wbw_fifo_storage_mem\[14\][23],0,-1,2,1.0156270203505067e-15,0.0,0.0,0.0
wishbone_slave_unit_fifos_wbw_fifo_storage_mem\[14\][24],0,-1,2,1.0156270203505067e-15,0.0,0.0,0.0
wishbone_slave_unit_fifos_wbw_fifo_storage_mem\[14\][25],0,-1,2,1.0156270203505067e-15,0.0,0.0,0.0
wishbone_slave_unit_fifos_wbw_fifo_storage_mem\[14\][26],0,-1,2,1.0156270203505067e-15,0.0,0.0,0.0
wishbone_slave_unit_fifos_wbw_fifo_storage_mem\[14\][27],0,-1,2,1.0156270203505067e-15,0.0,0.0,0.0
wishbone_slave_unit_fifos_wbw_fifo_storage_mem\[14\][28],0,-1,2,1.0359769869082913e-15,0.0,0.0,0.0
wishbone_slave_unit_fifos_wbw_fifo_storage_mem\[14\][29],0,-1,2,1.0359769869082913e-15,0.0,0.0,0.0
wishbone_slave_unit_fifos_wbw_fifo_storage_mem\[14\][2],0,-1,2,1.0156270203505067e-15,0.0,0.0,0.0
wishbone_slave_unit_fifos_wbw_fifo_storage_mem\[14\][30],0,-1,2,1.0156270203505067e-15,0.0,0.0,0.0
wishbone_slave_unit_fifos_wbw_fifo_storage_mem\[14\][31],0,-1,2,1.0156270203505067e-15,0.0,0.0,0.0
wishbone_slave_unit_fifos_wbw_fifo_storage_mem\[14\][32],0,-1,2,1.0700730276505923e-15,0.0,0.0,0.0
wishbone_slave_unit_fifos_wbw_fifo_storage_mem\[14\][33],0,-1,2,1.1939000330558696e-15,0.0,0.0,0.0
wishbone_slave_unit_fifos_wbw_fifo_storage_mem\[14\][34],0,-1,2,1.0156270203505067e-15,0.0,0.0,0.0
wishbone_slave_unit_fifos_wbw_fifo_storage_mem\[14\][35],0,-1,2,1.0156270203505067e-15,0.0,0.0,0.0
wishbone_slave_unit_fifos_wbw_fifo_storage_mem\[14\][36],0,-1,2,9.9798395933391e-16,0.0,0.0,0.0
wishbone_slave_unit_fifos_wbw_fifo_storage_mem\[14\][3],0,-1,2,1.0156270203505067e-15,0.0,0.0,0.0
wishbone_slave_unit_fifos_wbw_fifo_storage_mem\[14\][4],0,-1,2,1.0156270203505067e-15,0.0,0.0,0.0
wishbone_slave_unit_fifos_wbw_fifo_storage_mem\[14\][5],0,-1,2,1.0156270203505067e-15,0.0,0.0,0.0
wishbone_slave_unit_fifos_wbw_fifo_storage_mem\[14\][6],0,-1,2,1.0359769869082913e-15,0.0,0.0,0.0
wishbone_slave_unit_fifos_wbw_fifo_storage_mem\[14\][7],0,-1,2,1.0156270203505067e-15,0.0,0.0,0.0
wishbone_slave_unit_fifos_wbw_fifo_storage_mem\[14\][8],0,-1,2,1.0156270203505067e-15,0.0,0.0,0.0
wishbone_slave_unit_fifos_wbw_fifo_storage_mem\[14\][9],0,-1,2,1.0156270203505067e-15,0.0,0.0,0.0
wishbone_slave_unit_fifos_wbw_fifo_storage_mem\[15\][0],0,-1,2,8.735690071841199e-16,0.0,0.0,0.0
wishbone_slave_unit_fifos_wbw_fifo_storage_mem\[15\][10],0,-1,2,1.0041810641342594e-15,0.0,0.0,0.0
wishbone_slave_unit_fifos_wbw_fifo_storage_mem\[15\][11],0,-1,2,1.0041810641342594e-15,0.0,0.0,0.0
wishbone_slave_unit_fifos_wbw_fifo_storage_mem\[15\][12],0,-1,2,1.0041810641342594e-15,0.0,0.0,0.0
wishbone_slave_unit_fifos_wbw_fifo_storage_mem\[15\][13],0,-1,2,1.0041810641342594e-15,0.0,0.0,0.0
wishbone_slave_unit_fifos_wbw_fifo_storage_mem\[15\][14],0,-1,2,8.735690071841199e-16,0.0,0.0,0.0
wishbone_slave_unit_fifos_wbw_fifo_storage_mem\[15\][15],0,-1,2,8.735690071841199e-16,0.0,0.0,0.0
wishbone_slave_unit_fifos_wbw_fifo_storage_mem\[15\][16],0,-1,2,1.0493289790140976e-15,0.0,0.0,0.0
wishbone_slave_unit_fifos_wbw_fifo_storage_mem\[15\][17],0,-1,2,8.735690071841199e-16,0.0,0.0,0.0
wishbone_slave_unit_fifos_wbw_fifo_storage_mem\[15\][18],0,-1,2,8.735690071841199e-16,0.0,0.0,0.0
wishbone_slave_unit_fifos_wbw_fifo_storage_mem\[15\][19],0,-1,2,1.0493289790140976e-15,0.0,0.0,0.0
wishbone_slave_unit_fifos_wbw_fifo_storage_mem\[15\][1],0,-1,2,1.0041810641342594e-15,0.0,0.0,0.0
wishbone_slave_unit_fifos_wbw_fifo_storage_mem\[15\][20],0,-1,2,8.735690071841199e-16,0.0,0.0,0.0
wishbone_slave_unit_fifos_wbw_fifo_storage_mem\[15\][21],0,-1,2,8.735690071841199e-16,0.0,0.0,0.0
wishbone_slave_unit_fifos_wbw_fifo_storage_mem\[15\][22],0,-1,2,8.735690071841199e-16,0.0,0.0,0.0
wishbone_slave_unit_fifos_wbw_fifo_storage_mem\[15\][23],0,-1,2,1.0041810641342594e-15,0.0,0.0,0.0
wishbone_slave_unit_fifos_wbw_fifo_storage_mem\[15\][24],0,-1,2,1.0041810641342594e-15,0.0,0.0,0.0
wishbone_slave_unit_fifos_wbw_fifo_storage_mem\[15\][25],0,-1,2,1.0041810641342594e-15,0.0,0.0,0.0
wishbone_slave_unit_fifos_wbw_fifo_storage_mem\[15\][26],0,-1,2,1.0041810641342594e-15,0.0,0.0,0.0
wishbone_slave_unit_fifos_wbw_fifo_storage_mem\[15\][27],0,-1,2,8.735690071841199e-16,0.0,0.0,0.0
wishbone_slave_unit_fifos_wbw_fifo_storage_mem\[15\][28],0,-1,2,1.0041810641342594e-15,0.0,0.0,0.0
wishbone_slave_unit_fifos_wbw_fifo_storage_mem\[15\][29],0,-1,2,8.735690071841199e-16,0.0,0.0,0.0
wishbone_slave_unit_fifos_wbw_fifo_storage_mem\[15\][2],0,-1,2,1.0041810641342594e-15,0.0,0.0,0.0
wishbone_slave_unit_fifos_wbw_fifo_storage_mem\[15\][30],0,-1,2,9.88316031153068e-16,0.0,0.0,0.0
wishbone_slave_unit_fifos_wbw_fifo_storage_mem\[15\][31],0,-1,2,1.0041810641342594e-15,0.0,0.0,0.0
wishbone_slave_unit_fifos_wbw_fifo_storage_mem\[15\][32],0,-1,2,1.0041810641342594e-15,0.0,0.0,0.0
wishbone_slave_unit_fifos_wbw_fifo_storage_mem\[15\][33],0,-1,2,1.1462390773006462e-15,0.0,0.0,0.0
wishbone_slave_unit_fifos_wbw_fifo_storage_mem\[15\][34],0,-1,2,8.735690071841199e-16,0.0,0.0,0.0
wishbone_slave_unit_fifos_wbw_fifo_storage_mem\[15\][35],0,-1,2,1.038441005751854e-15,0.0,0.0,0.0
wishbone_slave_unit_fifos_wbw_fifo_storage_mem\[15\][36],0,-1,2,8.197109995681064e-16,0.0,0.0,0.0
wishbone_slave_unit_fifos_wbw_fifo_storage_mem\[15\][3],0,-1,2,1.0041810641342594e-15,0.0,0.0,0.0
wishbone_slave_unit_fifos_wbw_fifo_storage_mem\[15\][4],0,-1,2,1.0041810641342594e-15,0.0,0.0,0.0
wishbone_slave_unit_fifos_wbw_fifo_storage_mem\[15\][5],0,-1,2,1.0041810641342594e-15,0.0,0.0,0.0
wishbone_slave_unit_fifos_wbw_fifo_storage_mem\[15\][6],0,-1,2,1.0041810641342594e-15,0.0,0.0,0.0
wishbone_slave_unit_fifos_wbw_fifo_storage_mem\[15\][7],0,-1,2,8.735690071841199e-16,0.0,0.0,0.0
wishbone_slave_unit_fifos_wbw_fifo_storage_mem\[15\][8],0,-1,2,1.0041810641342594e-15,0.0,0.0,0.0
wishbone_slave_unit_fifos_wbw_fifo_storage_mem\[15\][9],0,-1,2,1.1799410359642371e-15,0.0,0.0,0.0
wishbone_slave_unit_fifos_wbw_fifo_storage_mem\[1\][0],0,-1,2,1.024877996563063e-15,0.0,0.0,0.0
wishbone_slave_unit_fifos_wbw_fifo_storage_mem\[1\][10],0,-1,2,1.024877996563063e-15,0.0,0.0,0.0
wishbone_slave_unit_fifos_wbw_fifo_storage_mem\[1\][11],0,-1,2,1.193226006588092e-15,0.0,0.0,0.0
wishbone_slave_unit_fifos_wbw_fifo_storage_mem\[1\][12],0,-1,2,1.024877996563063e-15,0.0,0.0,0.0
wishbone_slave_unit_fifos_wbw_fifo_storage_mem\[1\][13],0,-1,2,1.1587240253058194e-15,0.0,0.0,0.0
wishbone_slave_unit_fifos_wbw_fifo_storage_mem\[1\][14],0,-1,2,1.193226006588092e-15,0.0,0.0,0.0
wishbone_slave_unit_fifos_wbw_fifo_storage_mem\[1\][15],0,-1,2,1.024877996563063e-15,0.0,0.0,0.0
wishbone_slave_unit_fifos_wbw_fifo_storage_mem\[1\][16],0,-1,2,1.193226006588092e-15,0.0,0.0,0.0
wishbone_slave_unit_fifos_wbw_fifo_storage_mem\[1\][17],0,-1,2,1.193226006588092e-15,0.0,0.0,0.0
wishbone_slave_unit_fifos_wbw_fifo_storage_mem\[1\][18],0,-1,2,1.024877996563063e-15,0.0,0.0,0.0
wishbone_slave_unit_fifos_wbw_fifo_storage_mem\[1\][19],0,-1,2,1.1939000330558696e-15,0.0,0.0,0.0
wishbone_slave_unit_fifos_wbw_fifo_storage_mem\[1\][1],0,-1,2,1.168672109633966e-15,0.0,0.0,0.0
wishbone_slave_unit_fifos_wbw_fifo_storage_mem\[1\][20],0,-1,2,1.193226006588092e-15,0.0,0.0,0.0
wishbone_slave_unit_fifos_wbw_fifo_storage_mem\[1\][21],0,-1,2,1.0082440694240014e-15,0.0,0.0,0.0
wishbone_slave_unit_fifos_wbw_fifo_storage_mem\[1\][22],0,-1,2,1.1587240253058194e-15,0.0,0.0,0.0
wishbone_slave_unit_fifos_wbw_fifo_storage_mem\[1\][23],0,-1,2,1.168672109633966e-15,0.0,0.0,0.0
wishbone_slave_unit_fifos_wbw_fifo_storage_mem\[1\][24],0,-1,2,1.024877996563063e-15,0.0,0.0,0.0
wishbone_slave_unit_fifos_wbw_fifo_storage_mem\[1\][25],0,-1,2,1.024877996563063e-15,0.0,0.0,0.0
wishbone_slave_unit_fifos_wbw_fifo_storage_mem\[1\][26],0,-1,2,1.1939000330558696e-15,0.0,0.0,0.0
wishbone_slave_unit_fifos_wbw_fifo_storage_mem\[1\][27],0,-1,2,1.193226006588092e-15,0.0,0.0,0.0
wishbone_slave_unit_fifos_wbw_fifo_storage_mem\[1\][28],0,-1,2,1.168672109633966e-15,0.0,0.0,0.0
wishbone_slave_unit_fifos_wbw_fifo_storage_mem\[1\][29],0,-1,2,1.193226006588092e-15,0.0,0.0,0.0
wishbone_slave_unit_fifos_wbw_fifo_storage_mem\[1\][2],0,-1,2,1.193226006588092e-15,0.0,0.0,0.0
wishbone_slave_unit_fifos_wbw_fifo_storage_mem\[1\][30],0,-1,2,1.060528978038286e-15,0.0,0.0,0.0
wishbone_slave_unit_fifos_wbw_fifo_storage_mem\[1\][31],0,-1,2,9.62872008450496e-16,0.0,0.0,0.0
wishbone_slave_unit_fifos_wbw_fifo_storage_mem\[1\][32],0,-1,2,1.22941495986394e-15,0.0,0.0,0.0
wishbone_slave_unit_fifos_wbw_fifo_storage_mem\[1\][33],0,-1,2,1.1928809465412043e-15,0.0,0.0,0.0
wishbone_slave_unit_fifos_wbw_fifo_storage_mem\[1\][34],0,-1,2,9.62872008450496e-16,0.0,0.0,0.0
wishbone_slave_unit_fifos_wbw_fifo_storage_mem\[1\][35],0,-1,2,1.22941495986394e-15,0.0,0.0,0.0
wishbone_slave_unit_fifos_wbw_fifo_storage_mem\[1\][36],0,-1,2,8.89066957261795e-16,0.0,0.0,0.0
wishbone_slave_unit_fifos_wbw_fifo_storage_mem\[1\][3],0,-1,2,1.168672109633966e-15,0.0,0.0,0.0
wishbone_slave_unit_fifos_wbw_fifo_storage_mem\[1\][4],0,-1,2,1.193226006588092e-15,0.0,0.0,0.0
wishbone_slave_unit_fifos_wbw_fifo_storage_mem\[1\][5],0,-1,2,1.0310970183409224e-15,0.0,0.0,0.0
wishbone_slave_unit_fifos_wbw_fifo_storage_mem\[1\][6],0,-1,2,1.193226006588092e-15,0.0,0.0,0.0
wishbone_slave_unit_fifos_wbw_fifo_storage_mem\[1\][7],0,-1,2,1.1587240253058194e-15,0.0,0.0,0.0
wishbone_slave_unit_fifos_wbw_fifo_storage_mem\[1\][8],0,-1,2,1.024877996563063e-15,0.0,0.0,0.0
wishbone_slave_unit_fifos_wbw_fifo_storage_mem\[1\][9],0,-1,2,1.193226006588092e-15,0.0,0.0,0.0
wishbone_slave_unit_fifos_wbw_fifo_storage_mem\[2\][0],0,-1,2,1.0156270203505067e-15,0.0,0.0,0.0
wishbone_slave_unit_fifos_wbw_fifo_storage_mem\[2\][10],0,-1,2,1.0359769869082913e-15,0.0,0.0,0.0
wishbone_slave_unit_fifos_wbw_fifo_storage_mem\[2\][11],0,-1,2,1.0359769869082913e-15,0.0,0.0,0.0
wishbone_slave_unit_fifos_wbw_fifo_storage_mem\[2\][12],0,-1,2,1.0518420198894827e-15,0.0,0.0,0.0
wishbone_slave_unit_fifos_wbw_fifo_storage_mem\[2\][13],0,-1,2,1.0359769869082913e-15,0.0,0.0,0.0
wishbone_slave_unit_fifos_wbw_fifo_storage_mem\[2\][14],0,-1,2,1.0156270203505067e-15,0.0,0.0,0.0
wishbone_slave_unit_fifos_wbw_fifo_storage_mem\[2\][15],0,-1,2,1.0207560166043683e-15,0.0,0.0,0.0
wishbone_slave_unit_fifos_wbw_fifo_storage_mem\[2\][16],0,-1,2,1.0156270203505067e-15,0.0,0.0,0.0
wishbone_slave_unit_fifos_wbw_fifo_storage_mem\[2\][17],0,-1,2,1.0359769869082913e-15,0.0,0.0,0.0
wishbone_slave_unit_fifos_wbw_fifo_storage_mem\[2\][18],0,-1,2,1.0359769869082913e-15,0.0,0.0,0.0
wishbone_slave_unit_fifos_wbw_fifo_storage_mem\[2\][19],0,-1,2,1.0518420198894827e-15,0.0,0.0,0.0
wishbone_slave_unit_fifos_wbw_fifo_storage_mem\[2\][1],0,-1,2,1.0359769869082913e-15,0.0,0.0,0.0
wishbone_slave_unit_fifos_wbw_fifo_storage_mem\[2\][20],0,-1,2,1.0156270203505067e-15,0.0,0.0,0.0
wishbone_slave_unit_fifos_wbw_fifo_storage_mem\[2\][21],0,-1,2,1.0207560166043683e-15,0.0,0.0,0.0
wishbone_slave_unit_fifos_wbw_fifo_storage_mem\[2\][22],0,-1,2,1.0156270203505067e-15,0.0,0.0,0.0
wishbone_slave_unit_fifos_wbw_fifo_storage_mem\[2\][23],0,-1,2,1.0156270203505067e-15,0.0,0.0,0.0
wishbone_slave_unit_fifos_wbw_fifo_storage_mem\[2\][24],0,-1,2,1.0156270203505067e-15,0.0,0.0,0.0
wishbone_slave_unit_fifos_wbw_fifo_storage_mem\[2\][25],0,-1,2,1.0359769869082913e-15,0.0,0.0,0.0
wishbone_slave_unit_fifos_wbw_fifo_storage_mem\[2\][26],0,-1,2,1.0207560166043683e-15,0.0,0.0,0.0
wishbone_slave_unit_fifos_wbw_fifo_storage_mem\[2\][27],0,-1,2,9.995270416055706e-16,0.0,0.0,0.0
wishbone_slave_unit_fifos_wbw_fifo_storage_mem\[2\][28],0,-1,2,1.0359769869082913e-15,0.0,0.0,0.0
wishbone_slave_unit_fifos_wbw_fifo_storage_mem\[2\][29],0,-1,2,1.0156270203505067e-15,0.0,0.0,0.0
wishbone_slave_unit_fifos_wbw_fifo_storage_mem\[2\][2],0,-1,2,1.0359769869082913e-15,0.0,0.0,0.0
wishbone_slave_unit_fifos_wbw_fifo_storage_mem\[2\][30],0,-1,2,1.0359769869082913e-15,0.0,0.0,0.0
wishbone_slave_unit_fifos_wbw_fifo_storage_mem\[2\][31],0,-1,2,1.0359769869082913e-15,0.0,0.0,0.0
wishbone_slave_unit_fifos_wbw_fifo_storage_mem\[2\][32],0,-1,2,1.0156270203505067e-15,0.0,0.0,0.0
wishbone_slave_unit_fifos_wbw_fifo_storage_mem\[2\][33],0,-1,2,1.0518420198894827e-15,0.0,0.0,0.0
wishbone_slave_unit_fifos_wbw_fifo_storage_mem\[2\][34],0,-1,2,1.0700730276505923e-15,0.0,0.0,0.0
wishbone_slave_unit_fifos_wbw_fifo_storage_mem\[2\][35],0,-1,2,1.0156270203505067e-15,0.0,0.0,0.0
wishbone_slave_unit_fifos_wbw_fifo_storage_mem\[2\][36],0,-1,2,1.0311249704281818e-15,0.0,0.0,0.0
wishbone_slave_unit_fifos_wbw_fifo_storage_mem\[2\][3],0,-1,2,1.0156270203505067e-15,0.0,0.0,0.0
wishbone_slave_unit_fifos_wbw_fifo_storage_mem\[2\][4],0,-1,2,1.0518420198894827e-15,0.0,0.0,0.0
wishbone_slave_unit_fifos_wbw_fifo_storage_mem\[2\][5],0,-1,2,1.0518420198894827e-15,0.0,0.0,0.0
wishbone_slave_unit_fifos_wbw_fifo_storage_mem\[2\][6],0,-1,2,1.0359769869082913e-15,0.0,0.0,0.0
wishbone_slave_unit_fifos_wbw_fifo_storage_mem\[2\][7],0,-1,2,1.0359769869082913e-15,0.0,0.0,0.0
wishbone_slave_unit_fifos_wbw_fifo_storage_mem\[2\][8],0,-1,2,1.0156270203505067e-15,0.0,0.0,0.0
wishbone_slave_unit_fifos_wbw_fifo_storage_mem\[2\][9],0,-1,2,1.0518420198894827e-15,0.0,0.0,0.0
wishbone_slave_unit_fifos_wbw_fifo_storage_mem\[3\][0],0,-1,2,1.0311249704281818e-15,0.0,0.0,0.0
wishbone_slave_unit_fifos_wbw_fifo_storage_mem\[3\][10],0,-1,2,1.0858229700300755e-15,0.0,0.0,0.0
wishbone_slave_unit_fifos_wbw_fifo_storage_mem\[3\][11],0,-1,2,1.2617160319118906e-15,0.0,0.0,0.0
wishbone_slave_unit_fifos_wbw_fifo_storage_mem\[3\][12],0,-1,2,1.0648270349708912e-15,0.0,0.0,0.0
wishbone_slave_unit_fifos_wbw_fifo_storage_mem\[3\][13],0,-1,2,1.1939000330558696e-15,0.0,0.0,0.0
wishbone_slave_unit_fifos_wbw_fifo_storage_mem\[3\][14],0,-1,2,1.1939000330558696e-15,0.0,0.0,0.0
wishbone_slave_unit_fifos_wbw_fifo_storage_mem\[3\][15],0,-1,2,1.0518420198894827e-15,0.0,0.0,0.0
wishbone_slave_unit_fifos_wbw_fifo_storage_mem\[3\][16],0,-1,2,1.227602097598579e-15,0.0,0.0,0.0
wishbone_slave_unit_fifos_wbw_fifo_storage_mem\[3\][17],0,-1,2,1.133181005627537e-15,0.0,0.0,0.0
wishbone_slave_unit_fifos_wbw_fifo_storage_mem\[3\][18],0,-1,2,1.0858229700300755e-15,0.0,0.0,0.0
wishbone_slave_unit_fifos_wbw_fifo_storage_mem\[3\][19],0,-1,2,1.1587240253058194e-15,0.0,0.0,0.0
wishbone_slave_unit_fifos_wbw_fifo_storage_mem\[3\][1],0,-1,2,1.1698211098269164e-15,0.0,0.0,0.0
wishbone_slave_unit_fifos_wbw_fifo_storage_mem\[3\][20],0,-1,2,1.1939000330558696e-15,0.0,0.0,0.0
wishbone_slave_unit_fifos_wbw_fifo_storage_mem\[3\][21],0,-1,2,1.0156270203505067e-15,0.0,0.0,0.0
wishbone_slave_unit_fifos_wbw_fifo_storage_mem\[3\][22],0,-1,2,1.1939000330558696e-15,0.0,0.0,0.0
wishbone_slave_unit_fifos_wbw_fifo_storage_mem\[3\][23],0,-1,2,1.2035230684905073e-15,0.0,0.0,0.0
wishbone_slave_unit_fifos_wbw_fifo_storage_mem\[3\][24],0,-1,2,1.0518420198894827e-15,0.0,0.0,0.0
wishbone_slave_unit_fifos_wbw_fifo_storage_mem\[3\][25],0,-1,2,1.0858229700300755e-15,0.0,0.0,0.0
wishbone_slave_unit_fifos_wbw_fifo_storage_mem\[3\][26],0,-1,2,1.1928809465412043e-15,0.0,0.0,0.0
wishbone_slave_unit_fifos_wbw_fifo_storage_mem\[3\][27],0,-1,2,1.227602097598579e-15,0.0,0.0,0.0
wishbone_slave_unit_fifos_wbw_fifo_storage_mem\[3\][28],0,-1,2,1.1698211098269164e-15,0.0,0.0,0.0
wishbone_slave_unit_fifos_wbw_fifo_storage_mem\[3\][29],0,-1,2,1.1939000330558696e-15,0.0,0.0,0.0
wishbone_slave_unit_fifos_wbw_fifo_storage_mem\[3\][2],0,-1,2,1.1939000330558696e-15,0.0,0.0,0.0
wishbone_slave_unit_fifos_wbw_fifo_storage_mem\[3\][30],0,-1,2,1.0518420198894827e-15,0.0,0.0,0.0
wishbone_slave_unit_fifos_wbw_fifo_storage_mem\[3\][31],0,-1,2,9.995270416055706e-16,0.0,0.0,0.0
wishbone_slave_unit_fifos_wbw_fifo_storage_mem\[3\][32],0,-1,2,1.227602097598579e-15,0.0,0.0,0.0
wishbone_slave_unit_fifos_wbw_fifo_storage_mem\[3\][33],0,-1,2,1.227602097598579e-15,0.0,0.0,0.0
wishbone_slave_unit_fifos_wbw_fifo_storage_mem\[3\][34],0,-1,2,1.0332290002691615e-15,0.0,0.0,0.0
wishbone_slave_unit_fifos_wbw_fifo_storage_mem\[3\][35],0,-1,2,1.227602097598579e-15,0.0,0.0,0.0
wishbone_slave_unit_fifos_wbw_fifo_storage_mem\[3\][36],0,-1,2,1.0316860238766194e-15,0.0,0.0,0.0
wishbone_slave_unit_fifos_wbw_fifo_storage_mem\[3\][3],0,-1,2,1.1698211098269164e-15,0.0,0.0,0.0
wishbone_slave_unit_fifos_wbw_fifo_storage_mem\[3\][4],0,-1,2,1.1939000330558696e-15,0.0,0.0,0.0
wishbone_slave_unit_fifos_wbw_fifo_storage_mem\[3\][5],0,-1,2,1.1939000330558696e-15,0.0,0.0,0.0
wishbone_slave_unit_fifos_wbw_fifo_storage_mem\[3\][6],0,-1,2,1.1939000330558696e-15,0.0,0.0,0.0
wishbone_slave_unit_fifos_wbw_fifo_storage_mem\[3\][7],0,-1,2,1.1939000330558696e-15,0.0,0.0,0.0
wishbone_slave_unit_fifos_wbw_fifo_storage_mem\[3\][8],0,-1,2,1.0518420198894827e-15,0.0,0.0,0.0
wishbone_slave_unit_fifos_wbw_fifo_storage_mem\[3\][9],0,-1,2,1.227602097598579e-15,0.0,0.0,0.0
wishbone_slave_unit_fifos_wbw_fifo_storage_mem\[4\][0],0,-1,2,9.9798395933391e-16,0.0,0.0,0.0
wishbone_slave_unit_fifos_wbw_fifo_storage_mem\[4\][10],0,-1,2,1.0082440694240014e-15,0.0,0.0,0.0
wishbone_slave_unit_fifos_wbw_fifo_storage_mem\[4\][11],0,-1,2,9.9798395933391e-16,0.0,0.0,0.0
wishbone_slave_unit_fifos_wbw_fifo_storage_mem\[4\][12],0,-1,2,9.9798395933391e-16,0.0,0.0,0.0
wishbone_slave_unit_fifos_wbw_fifo_storage_mem\[4\][13],0,-1,2,9.739050361049569e-16,0.0,0.0,0.0
wishbone_slave_unit_fifos_wbw_fifo_storage_mem\[4\][14],0,-1,2,9.9798395933391e-16,0.0,0.0,0.0
wishbone_slave_unit_fifos_wbw_fifo_storage_mem\[4\][15],0,-1,2,9.806829937488858e-16,0.0,0.0,0.0
wishbone_slave_unit_fifos_wbw_fifo_storage_mem\[4\][16],0,-1,2,9.9798395933391e-16,0.0,0.0,0.0
wishbone_slave_unit_fifos_wbw_fifo_storage_mem\[4\][17],0,-1,2,1.133181005627537e-15,0.0,0.0,0.0
wishbone_slave_unit_fifos_wbw_fifo_storage_mem\[4\][18],0,-1,2,1.024877996563063e-15,0.0,0.0,0.0
wishbone_slave_unit_fifos_wbw_fifo_storage_mem\[4\][19],0,-1,2,1.1587240253058194e-15,0.0,0.0,0.0
wishbone_slave_unit_fifos_wbw_fifo_storage_mem\[4\][1],0,-1,2,9.9798395933391e-16,0.0,0.0,0.0
wishbone_slave_unit_fifos_wbw_fifo_storage_mem\[4\][20],0,-1,2,9.9798395933391e-16,0.0,0.0,0.0
wishbone_slave_unit_fifos_wbw_fifo_storage_mem\[4\][21],0,-1,2,9.806829937488858e-16,0.0,0.0,0.0
wishbone_slave_unit_fifos_wbw_fifo_storage_mem\[4\][22],0,-1,2,9.806829937488858e-16,0.0,0.0,0.0
wishbone_slave_unit_fifos_wbw_fifo_storage_mem\[4\][23],0,-1,2,9.9798395933391e-16,0.0,0.0,0.0
wishbone_slave_unit_fifos_wbw_fifo_storage_mem\[4\][24],0,-1,2,9.9798395933391e-16,0.0,0.0,0.0
wishbone_slave_unit_fifos_wbw_fifo_storage_mem\[4\][25],0,-1,2,9.806829937488858e-16,0.0,0.0,0.0
wishbone_slave_unit_fifos_wbw_fifo_storage_mem\[4\][26],0,-1,2,1.024877996563063e-15,0.0,0.0,0.0
wishbone_slave_unit_fifos_wbw_fifo_storage_mem\[4\][27],0,-1,2,9.806829937488858e-16,0.0,0.0,0.0
wishbone_slave_unit_fifos_wbw_fifo_storage_mem\[4\][28],0,-1,2,9.9798395933391e-16,0.0,0.0,0.0
wishbone_slave_unit_fifos_wbw_fifo_storage_mem\[4\][29],0,-1,2,9.806829937488858e-16,0.0,0.0,0.0
wishbone_slave_unit_fifos_wbw_fifo_storage_mem\[4\][2],0,-1,2,1.133181005627537e-15,0.0,0.0,0.0
wishbone_slave_unit_fifos_wbw_fifo_storage_mem\[4\][30],0,-1,2,9.806829937488858e-16,0.0,0.0,0.0
wishbone_slave_unit_fifos_wbw_fifo_storage_mem\[4\][31],0,-1,2,9.806829937488858e-16,0.0,0.0,0.0
wishbone_slave_unit_fifos_wbw_fifo_storage_mem\[4\][32],0,-1,2,9.62872008450496e-16,0.0,0.0,0.0
wishbone_slave_unit_fifos_wbw_fifo_storage_mem\[4\][33],0,-1,2,1.1939000330558696e-15,0.0,0.0,0.0
wishbone_slave_unit_fifos_wbw_fifo_storage_mem\[4\][34],0,-1,2,9.9798395933391e-16,0.0,0.0,0.0
wishbone_slave_unit_fifos_wbw_fifo_storage_mem\[4\][35],0,-1,2,9.806829937488858e-16,0.0,0.0,0.0
wishbone_slave_unit_fifos_wbw_fifo_storage_mem\[4\][36],0,-1,2,1.1587240253058194e-15,0.0,0.0,0.0
wishbone_slave_unit_fifos_wbw_fifo_storage_mem\[4\][3],0,-1,2,1.168672109633966e-15,0.0,0.0,0.0
wishbone_slave_unit_fifos_wbw_fifo_storage_mem\[4\][4],0,-1,2,1.024877996563063e-15,0.0,0.0,0.0
wishbone_slave_unit_fifos_wbw_fifo_storage_mem\[4\][5],0,-1,2,1.024877996563063e-15,0.0,0.0,0.0
wishbone_slave_unit_fifos_wbw_fifo_storage_mem\[4\][6],0,-1,2,9.9798395933391e-16,0.0,0.0,0.0
wishbone_slave_unit_fifos_wbw_fifo_storage_mem\[4\][7],0,-1,2,1.024877996563063e-15,0.0,0.0,0.0
wishbone_slave_unit_fifos_wbw_fifo_storage_mem\[4\][8],0,-1,2,9.806829937488858e-16,0.0,0.0,0.0
wishbone_slave_unit_fifos_wbw_fifo_storage_mem\[4\][9],0,-1,2,1.133181005627537e-15,0.0,0.0,0.0
wishbone_slave_unit_fifos_wbw_fifo_storage_mem\[5\][0],0,-1,2,1.1587240253058194e-15,0.0,0.0,0.0
wishbone_slave_unit_fifos_wbw_fifo_storage_mem\[5\][10],0,-1,2,9.9798395933391e-16,0.0,0.0,0.0
wishbone_slave_unit_fifos_wbw_fifo_storage_mem\[5\][11],0,-1,2,1.1587240253058194e-15,0.0,0.0,0.0
wishbone_slave_unit_fifos_wbw_fifo_storage_mem\[5\][12],0,-1,2,1.1587240253058194e-15,0.0,0.0,0.0
wishbone_slave_unit_fifos_wbw_fifo_storage_mem\[5\][13],0,-1,2,9.62872008450496e-16,0.0,0.0,0.0
wishbone_slave_unit_fifos_wbw_fifo_storage_mem\[5\][14],0,-1,2,1.193226006588092e-15,0.0,0.0,0.0
wishbone_slave_unit_fifos_wbw_fifo_storage_mem\[5\][15],0,-1,2,9.9798395933391e-16,0.0,0.0,0.0
wishbone_slave_unit_fifos_wbw_fifo_storage_mem\[5\][16],0,-1,2,1.1587240253058194e-15,0.0,0.0,0.0
wishbone_slave_unit_fifos_wbw_fifo_storage_mem\[5\][17],0,-1,2,9.9798395933391e-16,0.0,0.0,0.0
wishbone_slave_unit_fifos_wbw_fifo_storage_mem\[5\][18],0,-1,2,9.9798395933391e-16,0.0,0.0,0.0
wishbone_slave_unit_fifos_wbw_fifo_storage_mem\[5\][19],0,-1,2,1.1587240253058194e-15,0.0,0.0,0.0
wishbone_slave_unit_fifos_wbw_fifo_storage_mem\[5\][1],0,-1,2,1.1587240253058194e-15,0.0,0.0,0.0
wishbone_slave_unit_fifos_wbw_fifo_storage_mem\[5\][20],0,-1,2,1.1587240253058194e-15,0.0,0.0,0.0
wishbone_slave_unit_fifos_wbw_fifo_storage_mem\[5\][21],0,-1,2,9.9798395933391e-16,0.0,0.0,0.0
wishbone_slave_unit_fifos_wbw_fifo_storage_mem\[5\][22],0,-1,2,9.9798395933391e-16,0.0,0.0,0.0
wishbone_slave_unit_fifos_wbw_fifo_storage_mem\[5\][23],0,-1,2,9.9798395933391e-16,0.0,0.0,0.0
wishbone_slave_unit_fifos_wbw_fifo_storage_mem\[5\][24],0,-1,2,1.1587240253058194e-15,0.0,0.0,0.0
wishbone_slave_unit_fifos_wbw_fifo_storage_mem\[5\][25],0,-1,2,9.9798395933391e-16,0.0,0.0,0.0
wishbone_slave_unit_fifos_wbw_fifo_storage_mem\[5\][26],0,-1,2,9.62872008450496e-16,0.0,0.0,0.0
wishbone_slave_unit_fifos_wbw_fifo_storage_mem\[5\][27],0,-1,2,1.1587240253058194e-15,0.0,0.0,0.0
wishbone_slave_unit_fifos_wbw_fifo_storage_mem\[5\][28],0,-1,2,9.9798395933391e-16,0.0,0.0,0.0
wishbone_slave_unit_fifos_wbw_fifo_storage_mem\[5\][29],0,-1,2,1.1587240253058194e-15,0.0,0.0,0.0
wishbone_slave_unit_fifos_wbw_fifo_storage_mem\[5\][2],0,-1,2,9.9798395933391e-16,0.0,0.0,0.0
wishbone_slave_unit_fifos_wbw_fifo_storage_mem\[5\][30],0,-1,2,9.9798395933391e-16,0.0,0.0,0.0
wishbone_slave_unit_fifos_wbw_fifo_storage_mem\[5\][31],0,-1,2,1.193226006588092e-15,0.0,0.0,0.0
wishbone_slave_unit_fifos_wbw_fifo_storage_mem\[5\][32],0,-1,2,1.22941495986394e-15,0.0,0.0,0.0
wishbone_slave_unit_fifos_wbw_fifo_storage_mem\[5\][33],0,-1,2,1.1928809465412043e-15,0.0,0.0,0.0
wishbone_slave_unit_fifos_wbw_fifo_storage_mem\[5\][34],0,-1,2,1.1928809465412043e-15,0.0,0.0,0.0
wishbone_slave_unit_fifos_wbw_fifo_storage_mem\[5\][35],0,-1,2,1.1587240253058194e-15,0.0,0.0,0.0
wishbone_slave_unit_fifos_wbw_fifo_storage_mem\[5\][36],0,-1,2,1.0311249704281818e-15,0.0,0.0,0.0
wishbone_slave_unit_fifos_wbw_fifo_storage_mem\[5\][3],0,-1,2,1.024877996563063e-15,0.0,0.0,0.0
wishbone_slave_unit_fifos_wbw_fifo_storage_mem\[5\][4],0,-1,2,1.024877996563063e-15,0.0,0.0,0.0
wishbone_slave_unit_fifos_wbw_fifo_storage_mem\[5\][5],0,-1,2,1.1587240253058194e-15,0.0,0.0,0.0
wishbone_slave_unit_fifos_wbw_fifo_storage_mem\[5\][6],0,-1,2,1.1587240253058194e-15,0.0,0.0,0.0
wishbone_slave_unit_fifos_wbw_fifo_storage_mem\[5\][7],0,-1,2,1.193226006588092e-15,0.0,0.0,0.0
wishbone_slave_unit_fifos_wbw_fifo_storage_mem\[5\][8],0,-1,2,1.024877996563063e-15,0.0,0.0,0.0
wishbone_slave_unit_fifos_wbw_fifo_storage_mem\[5\][9],0,-1,2,1.1587240253058194e-15,0.0,0.0,0.0
wishbone_slave_unit_fifos_wbw_fifo_storage_mem\[6\][0],0,-1,2,1.0518420198894827e-15,0.0,0.0,0.0
wishbone_slave_unit_fifos_wbw_fifo_storage_mem\[6\][10],0,-1,2,1.0156270203505067e-15,0.0,0.0,0.0
wishbone_slave_unit_fifos_wbw_fifo_storage_mem\[6\][11],0,-1,2,1.0518420198894827e-15,0.0,0.0,0.0
wishbone_slave_unit_fifos_wbw_fifo_storage_mem\[6\][12],0,-1,2,1.0311249704281818e-15,0.0,0.0,0.0
wishbone_slave_unit_fifos_wbw_fifo_storage_mem\[6\][13],0,-1,2,1.0311249704281818e-15,0.0,0.0,0.0
wishbone_slave_unit_fifos_wbw_fifo_storage_mem\[6\][14],0,-1,2,1.0311249704281818e-15,0.0,0.0,0.0
wishbone_slave_unit_fifos_wbw_fifo_storage_mem\[6\][15],0,-1,2,1.0156270203505067e-15,0.0,0.0,0.0
wishbone_slave_unit_fifos_wbw_fifo_storage_mem\[6\][16],0,-1,2,1.0518420198894827e-15,0.0,0.0,0.0
wishbone_slave_unit_fifos_wbw_fifo_storage_mem\[6\][17],0,-1,2,1.2047839829116137e-15,0.0,0.0,0.0
wishbone_slave_unit_fifos_wbw_fifo_storage_mem\[6\][18],0,-1,2,1.0311249704281818e-15,0.0,0.0,0.0
wishbone_slave_unit_fifos_wbw_fifo_storage_mem\[6\][19],0,-1,2,1.1939000330558696e-15,0.0,0.0,0.0
wishbone_slave_unit_fifos_wbw_fifo_storage_mem\[6\][1],0,-1,2,1.0311249704281818e-15,0.0,0.0,0.0
wishbone_slave_unit_fifos_wbw_fifo_storage_mem\[6\][20],0,-1,2,1.0311249704281818e-15,0.0,0.0,0.0
wishbone_slave_unit_fifos_wbw_fifo_storage_mem\[6\][21],0,-1,2,1.0156270203505067e-15,0.0,0.0,0.0
wishbone_slave_unit_fifos_wbw_fifo_storage_mem\[6\][22],0,-1,2,1.0359769869082913e-15,0.0,0.0,0.0
wishbone_slave_unit_fifos_wbw_fifo_storage_mem\[6\][23],0,-1,2,1.0311249704281818e-15,0.0,0.0,0.0
wishbone_slave_unit_fifos_wbw_fifo_storage_mem\[6\][24],0,-1,2,1.0311249704281818e-15,0.0,0.0,0.0
wishbone_slave_unit_fifos_wbw_fifo_storage_mem\[6\][25],0,-1,2,1.0156270203505067e-15,0.0,0.0,0.0
wishbone_slave_unit_fifos_wbw_fifo_storage_mem\[6\][26],0,-1,2,1.0518420198894827e-15,0.0,0.0,0.0
wishbone_slave_unit_fifos_wbw_fifo_storage_mem\[6\][27],0,-1,2,1.0359769869082913e-15,0.0,0.0,0.0
wishbone_slave_unit_fifos_wbw_fifo_storage_mem\[6\][28],0,-1,2,1.0311249704281818e-15,0.0,0.0,0.0
wishbone_slave_unit_fifos_wbw_fifo_storage_mem\[6\][29],0,-1,2,1.0359769869082913e-15,0.0,0.0,0.0
wishbone_slave_unit_fifos_wbw_fifo_storage_mem\[6\][2],0,-1,2,1.1698211098269164e-15,0.0,0.0,0.0
wishbone_slave_unit_fifos_wbw_fifo_storage_mem\[6\][30],0,-1,2,1.0156270203505067e-15,0.0,0.0,0.0
wishbone_slave_unit_fifos_wbw_fifo_storage_mem\[6\][31],0,-1,2,1.0359769869082913e-15,0.0,0.0,0.0
wishbone_slave_unit_fifos_wbw_fifo_storage_mem\[6\][32],0,-1,2,9.995270416055706e-16,0.0,0.0,0.0
wishbone_slave_unit_fifos_wbw_fifo_storage_mem\[6\][33],0,-1,2,1.1587240253058194e-15,0.0,0.0,0.0
wishbone_slave_unit_fifos_wbw_fifo_storage_mem\[6\][34],0,-1,2,1.0648270349708912e-15,0.0,0.0,0.0
wishbone_slave_unit_fifos_wbw_fifo_storage_mem\[6\][35],0,-1,2,1.0359769869082913e-15,0.0,0.0,0.0
wishbone_slave_unit_fifos_wbw_fifo_storage_mem\[6\][36],0,-1,2,1.1939000330558696e-15,0.0,0.0,0.0
wishbone_slave_unit_fifos_wbw_fifo_storage_mem\[6\][3],0,-1,2,1.1698211098269164e-15,0.0,0.0,0.0
wishbone_slave_unit_fifos_wbw_fifo_storage_mem\[6\][4],0,-1,2,1.0518420198894827e-15,0.0,0.0,0.0
wishbone_slave_unit_fifos_wbw_fifo_storage_mem\[6\][5],0,-1,2,1.0518420198894827e-15,0.0,0.0,0.0
wishbone_slave_unit_fifos_wbw_fifo_storage_mem\[6\][6],0,-1,2,1.0518420198894827e-15,0.0,0.0,0.0
wishbone_slave_unit_fifos_wbw_fifo_storage_mem\[6\][7],0,-1,2,1.0518420198894827e-15,0.0,0.0,0.0
wishbone_slave_unit_fifos_wbw_fifo_storage_mem\[6\][8],0,-1,2,1.0156270203505067e-15,0.0,0.0,0.0
wishbone_slave_unit_fifos_wbw_fifo_storage_mem\[6\][9],0,-1,2,1.1698211098269164e-15,0.0,0.0,0.0
wishbone_slave_unit_fifos_wbw_fifo_storage_mem\[7\][0],0,-1,2,1.1939000330558696e-15,0.0,0.0,0.0
wishbone_slave_unit_fifos_wbw_fifo_storage_mem\[7\][10],0,-1,2,1.0518420198894827e-15,0.0,0.0,0.0
wishbone_slave_unit_fifos_wbw_fifo_storage_mem\[7\][11],0,-1,2,1.227602097598579e-15,0.0,0.0,0.0
wishbone_slave_unit_fifos_wbw_fifo_storage_mem\[7\][12],0,-1,2,1.227602097598579e-15,0.0,0.0,0.0
wishbone_slave_unit_fifos_wbw_fifo_storage_mem\[7\][13],0,-1,2,9.995270416055706e-16,0.0,0.0,0.0
wishbone_slave_unit_fifos_wbw_fifo_storage_mem\[7\][14],0,-1,2,1.227602097598579e-15,0.0,0.0,0.0
wishbone_slave_unit_fifos_wbw_fifo_storage_mem\[7\][15],0,-1,2,1.0518420198894827e-15,0.0,0.0,0.0
wishbone_slave_unit_fifos_wbw_fifo_storage_mem\[7\][16],0,-1,2,1.227602097598579e-15,0.0,0.0,0.0
wishbone_slave_unit_fifos_wbw_fifo_storage_mem\[7\][17],0,-1,2,1.0518420198894827e-15,0.0,0.0,0.0
wishbone_slave_unit_fifos_wbw_fifo_storage_mem\[7\][18],0,-1,2,1.0518420198894827e-15,0.0,0.0,0.0
wishbone_slave_unit_fifos_wbw_fifo_storage_mem\[7\][19],0,-1,2,1.227602097598579e-15,0.0,0.0,0.0
wishbone_slave_unit_fifos_wbw_fifo_storage_mem\[7\][1],0,-1,2,1.227602097598579e-15,0.0,0.0,0.0
wishbone_slave_unit_fifos_wbw_fifo_storage_mem\[7\][20],0,-1,2,1.227602097598579e-15,0.0,0.0,0.0
wishbone_slave_unit_fifos_wbw_fifo_storage_mem\[7\][21],0,-1,2,1.0518420198894827e-15,0.0,0.0,0.0
wishbone_slave_unit_fifos_wbw_fifo_storage_mem\[7\][22],0,-1,2,1.0518420198894827e-15,0.0,0.0,0.0
wishbone_slave_unit_fifos_wbw_fifo_storage_mem\[7\][23],0,-1,2,1.0518420198894827e-15,0.0,0.0,0.0
wishbone_slave_unit_fifos_wbw_fifo_storage_mem\[7\][24],0,-1,2,1.227602097598579e-15,0.0,0.0,0.0
wishbone_slave_unit_fifos_wbw_fifo_storage_mem\[7\][25],0,-1,2,1.0518420198894827e-15,0.0,0.0,0.0
wishbone_slave_unit_fifos_wbw_fifo_storage_mem\[7\][26],0,-1,2,9.995270416055706e-16,0.0,0.0,0.0
wishbone_slave_unit_fifos_wbw_fifo_storage_mem\[7\][27],0,-1,2,1.227602097598579e-15,0.0,0.0,0.0
wishbone_slave_unit_fifos_wbw_fifo_storage_mem\[7\][28],0,-1,2,1.0518420198894827e-15,0.0,0.0,0.0
wishbone_slave_unit_fifos_wbw_fifo_storage_mem\[7\][29],0,-1,2,1.227602097598579e-15,0.0,0.0,0.0
wishbone_slave_unit_fifos_wbw_fifo_storage_mem\[7\][2],0,-1,2,1.0518420198894827e-15,0.0,0.0,0.0
wishbone_slave_unit_fifos_wbw_fifo_storage_mem\[7\][30],0,-1,2,1.0858229700300755e-15,0.0,0.0,0.0
wishbone_slave_unit_fifos_wbw_fifo_storage_mem\[7\][31],0,-1,2,1.227602097598579e-15,0.0,0.0,0.0
wishbone_slave_unit_fifos_wbw_fifo_storage_mem\[7\][32],0,-1,2,1.2617160319118906e-15,0.0,0.0,0.0
wishbone_slave_unit_fifos_wbw_fifo_storage_mem\[7\][33],0,-1,2,1.227602097598579e-15,0.0,0.0,0.0
wishbone_slave_unit_fifos_wbw_fifo_storage_mem\[7\][34],0,-1,2,1.7139180174516365e-15,0.0,0.0,0.0
wishbone_slave_unit_fifos_wbw_fifo_storage_mem\[7\][35],0,-1,2,1.1939000330558696e-15,0.0,0.0,0.0
wishbone_slave_unit_fifos_wbw_fifo_storage_mem\[7\][36],0,-1,2,1.024877996563063e-15,0.0,0.0,0.0
wishbone_slave_unit_fifos_wbw_fifo_storage_mem\[7\][3],0,-1,2,1.0518420198894827e-15,0.0,0.0,0.0
wishbone_slave_unit_fifos_wbw_fifo_storage_mem\[7\][4],0,-1,2,1.0518420198894827e-15,0.0,0.0,0.0
wishbone_slave_unit_fifos_wbw_fifo_storage_mem\[7\][5],0,-1,2,1.227602097598579e-15,0.0,0.0,0.0
wishbone_slave_unit_fifos_wbw_fifo_storage_mem\[7\][6],0,-1,2,1.227602097598579e-15,0.0,0.0,0.0
wishbone_slave_unit_fifos_wbw_fifo_storage_mem\[7\][7],0,-1,2,1.227602097598579e-15,0.0,0.0,0.0
wishbone_slave_unit_fifos_wbw_fifo_storage_mem\[7\][8],0,-1,2,1.0518420198894827e-15,0.0,0.0,0.0
wishbone_slave_unit_fifos_wbw_fifo_storage_mem\[7\][9],0,-1,2,1.227602097598579e-15,0.0,0.0,0.0
wishbone_slave_unit_fifos_wbw_fifo_storage_mem\[8\][0],0,-1,2,1.0007990733341098e-15,0.0,0.0,0.0
wishbone_slave_unit_fifos_wbw_fifo_storage_mem\[8\][10],0,-1,2,1.0007990733341098e-15,0.0,0.0,0.0
wishbone_slave_unit_fifos_wbw_fifo_storage_mem\[8\][11],0,-1,2,1.0007990733341098e-15,0.0,0.0,0.0
wishbone_slave_unit_fifos_wbw_fifo_storage_mem\[8\][12],0,-1,2,1.0007990733341098e-15,0.0,0.0,0.0
wishbone_slave_unit_fifos_wbw_fifo_storage_mem\[8\][13],0,-1,2,1.0007990733341098e-15,0.0,0.0,0.0
wishbone_slave_unit_fifos_wbw_fifo_storage_mem\[8\][14],0,-1,2,1.0007990733341098e-15,0.0,0.0,0.0
wishbone_slave_unit_fifos_wbw_fifo_storage_mem\[8\][15],0,-1,2,1.0007990733341098e-15,0.0,0.0,0.0
wishbone_slave_unit_fifos_wbw_fifo_storage_mem\[8\][16],0,-1,2,1.0007990733341098e-15,0.0,0.0,0.0
wishbone_slave_unit_fifos_wbw_fifo_storage_mem\[8\][17],0,-1,2,1.0007990733341098e-15,0.0,0.0,0.0
wishbone_slave_unit_fifos_wbw_fifo_storage_mem\[8\][18],0,-1,2,1.0007990733341098e-15,0.0,0.0,0.0
wishbone_slave_unit_fifos_wbw_fifo_storage_mem\[8\][19],0,-1,2,1.0007990733341098e-15,0.0,0.0,0.0
wishbone_slave_unit_fifos_wbw_fifo_storage_mem\[8\][1],0,-1,2,1.0007990733341098e-15,0.0,0.0,0.0
wishbone_slave_unit_fifos_wbw_fifo_storage_mem\[8\][20],0,-1,2,1.0007990733341098e-15,0.0,0.0,0.0
wishbone_slave_unit_fifos_wbw_fifo_storage_mem\[8\][21],0,-1,2,9.841650403159298e-16,0.0,0.0,0.0
wishbone_slave_unit_fifos_wbw_fifo_storage_mem\[8\][22],0,-1,2,1.0007990733341098e-15,0.0,0.0,0.0
wishbone_slave_unit_fifos_wbw_fifo_storage_mem\[8\][23],0,-1,2,1.0007990733341098e-15,0.0,0.0,0.0
wishbone_slave_unit_fifos_wbw_fifo_storage_mem\[8\][24],0,-1,2,1.0007990733341098e-15,0.0,0.0,0.0
wishbone_slave_unit_fifos_wbw_fifo_storage_mem\[8\][25],0,-1,2,1.0007990733341098e-15,0.0,0.0,0.0
wishbone_slave_unit_fifos_wbw_fifo_storage_mem\[8\][26],0,-1,2,1.0007990733341098e-15,0.0,0.0,0.0
wishbone_slave_unit_fifos_wbw_fifo_storage_mem\[8\][27],0,-1,2,1.0007990733341098e-15,0.0,0.0,0.0
wishbone_slave_unit_fifos_wbw_fifo_storage_mem\[8\][28],0,-1,2,1.0007990733341098e-15,0.0,0.0,0.0
wishbone_slave_unit_fifos_wbw_fifo_storage_mem\[8\][29],0,-1,2,1.0007990733341098e-15,0.0,0.0,0.0
wishbone_slave_unit_fifos_wbw_fifo_storage_mem\[8\][2],0,-1,2,1.0007990733341098e-15,0.0,0.0,0.0
wishbone_slave_unit_fifos_wbw_fifo_storage_mem\[8\][30],0,-1,2,1.0007990733341098e-15,0.0,0.0,0.0
wishbone_slave_unit_fifos_wbw_fifo_storage_mem\[8\][31],0,-1,2,1.0007990733341098e-15,0.0,0.0,0.0
wishbone_slave_unit_fifos_wbw_fifo_storage_mem\[8\][32],0,-1,2,1.0367739390325392e-15,0.0,0.0,0.0
wishbone_slave_unit_fifos_wbw_fifo_storage_mem\[8\][33],0,-1,2,9.841650403159298e-16,0.0,0.0,0.0
wishbone_slave_unit_fifos_wbw_fifo_storage_mem\[8\][34],0,-1,2,1.0007990733341098e-15,0.0,0.0,0.0
wishbone_slave_unit_fifos_wbw_fifo_storage_mem\[8\][35],0,-1,2,1.0007990733341098e-15,0.0,0.0,0.0
wishbone_slave_unit_fifos_wbw_fifo_storage_mem\[8\][36],0,-1,2,9.344770288388085e-16,0.0,0.0,0.0
wishbone_slave_unit_fifos_wbw_fifo_storage_mem\[8\][3],0,-1,2,1.0007990733341098e-15,0.0,0.0,0.0
wishbone_slave_unit_fifos_wbw_fifo_storage_mem\[8\][4],0,-1,2,1.0007990733341098e-15,0.0,0.0,0.0
wishbone_slave_unit_fifos_wbw_fifo_storage_mem\[8\][5],0,-1,2,1.0007990733341098e-15,0.0,0.0,0.0
wishbone_slave_unit_fifos_wbw_fifo_storage_mem\[8\][6],0,-1,2,1.0007990733341098e-15,0.0,0.0,0.0
wishbone_slave_unit_fifos_wbw_fifo_storage_mem\[8\][7],0,-1,2,1.0007990733341098e-15,0.0,0.0,0.0
wishbone_slave_unit_fifos_wbw_fifo_storage_mem\[8\][8],0,-1,2,1.0007990733341098e-15,0.0,0.0,0.0
wishbone_slave_unit_fifos_wbw_fifo_storage_mem\[8\][9],0,-1,2,1.0007990733341098e-15,0.0,0.0,0.0
wishbone_slave_unit_fifos_wbw_fifo_storage_mem\[9\][0],0,-1,2,8.024099810435229e-16,0.0,0.0,0.0
wishbone_slave_unit_fifos_wbw_fifo_storage_mem\[9\][10],0,-1,2,9.503230035786867e-16,0.0,0.0,0.0
wishbone_slave_unit_fifos_wbw_fifo_storage_mem\[9\][11],0,-1,2,8.197109995681064e-16,0.0,0.0,0.0
wishbone_slave_unit_fifos_wbw_fifo_storage_mem\[9\][12],0,-1,2,8.197109995681064e-16,0.0,0.0,0.0
wishbone_slave_unit_fifos_wbw_fifo_storage_mem\[9\][13],0,-1,2,9.549079929221742e-16,0.0,0.0,0.0
wishbone_slave_unit_fifos_wbw_fifo_storage_mem\[9\][14],0,-1,2,9.549079929221742e-16,0.0,0.0,0.0
wishbone_slave_unit_fifos_wbw_fifo_storage_mem\[9\][15],0,-1,2,9.772170408078396e-16,0.0,0.0,0.0
wishbone_slave_unit_fifos_wbw_fifo_storage_mem\[9\][16],0,-1,2,9.503230035786867e-16,0.0,0.0,0.0
wishbone_slave_unit_fifos_wbw_fifo_storage_mem\[9\][17],0,-1,2,9.503230035786867e-16,0.0,0.0,0.0
wishbone_slave_unit_fifos_wbw_fifo_storage_mem\[9\][18],0,-1,2,9.503230035786867e-16,0.0,0.0,0.0
wishbone_slave_unit_fifos_wbw_fifo_storage_mem\[9\][19],0,-1,2,8.197109995681064e-16,0.0,0.0,0.0
wishbone_slave_unit_fifos_wbw_fifo_storage_mem\[9\][1],0,-1,2,9.549079929221742e-16,0.0,0.0,0.0
wishbone_slave_unit_fifos_wbw_fifo_storage_mem\[9\][20],0,-1,2,1.0855199439931953e-15,0.0,0.0,0.0
wishbone_slave_unit_fifos_wbw_fifo_storage_mem\[9\][21],0,-1,2,9.330220379936624e-16,0.0,0.0,0.0
wishbone_slave_unit_fifos_wbw_fifo_storage_mem\[9\][22],0,-1,2,9.330220379936624e-16,0.0,0.0,0.0
wishbone_slave_unit_fifos_wbw_fifo_storage_mem\[9\][23],0,-1,2,8.197109995681064e-16,0.0,0.0,0.0
wishbone_slave_unit_fifos_wbw_fifo_storage_mem\[9\][24],0,-1,2,9.503230035786867e-16,0.0,0.0,0.0
wishbone_slave_unit_fifos_wbw_fifo_storage_mem\[9\][25],0,-1,2,9.330220379936624e-16,0.0,0.0,0.0
wishbone_slave_unit_fifos_wbw_fifo_storage_mem\[9\][26],0,-1,2,9.152110526952726e-16,0.0,0.0,0.0
wishbone_slave_unit_fifos_wbw_fifo_storage_mem\[9\][27],0,-1,2,9.330220379936624e-16,0.0,0.0,0.0
wishbone_slave_unit_fifos_wbw_fifo_storage_mem\[9\][28],0,-1,2,9.503230035786867e-16,0.0,0.0,0.0
wishbone_slave_unit_fifos_wbw_fifo_storage_mem\[9\][29],0,-1,2,9.503230035786867e-16,0.0,0.0,0.0
wishbone_slave_unit_fifos_wbw_fifo_storage_mem\[9\][2],0,-1,2,9.503230035786867e-16,0.0,0.0,0.0
wishbone_slave_unit_fifos_wbw_fifo_storage_mem\[9\][30],0,-1,2,8.352090025853407e-16,0.0,0.0,0.0
wishbone_slave_unit_fifos_wbw_fifo_storage_mem\[9\][31],0,-1,2,9.330220379936624e-16,0.0,0.0,0.0
wishbone_slave_unit_fifos_wbw_fifo_storage_mem\[9\][32],0,-1,2,9.804510126004565e-16,0.0,0.0,0.0
wishbone_slave_unit_fifos_wbw_fifo_storage_mem\[9\][33],0,-1,2,1.0156270203505067e-15,0.0,0.0,0.0
wishbone_slave_unit_fifos_wbw_fifo_storage_mem\[9\][34],0,-1,2,9.895430642562842e-16,0.0,0.0,0.0
wishbone_slave_unit_fifos_wbw_fifo_storage_mem\[9\][35],0,-1,2,9.840860544935983e-16,0.0,0.0,0.0
wishbone_slave_unit_fifos_wbw_fifo_storage_mem\[9\][36],0,-1,2,8.528520106623782e-16,0.0,0.0,0.0
wishbone_slave_unit_fifos_wbw_fifo_storage_mem\[9\][3],0,-1,2,8.197109995681064e-16,0.0,0.0,0.0
wishbone_slave_unit_fifos_wbw_fifo_storage_mem\[9\][4],0,-1,2,1.0149529938827291e-15,0.0,0.0,0.0
wishbone_slave_unit_fifos_wbw_fifo_storage_mem\[9\][5],0,-1,2,8.197109995681064e-16,0.0,0.0,0.0
wishbone_slave_unit_fifos_wbw_fifo_storage_mem\[9\][6],0,-1,2,8.197109995681064e-16,0.0,0.0,0.0
wishbone_slave_unit_fifos_wbw_fifo_storage_mem\[9\][7],0,-1,2,8.466049838577001e-16,0.0,0.0,0.0
wishbone_slave_unit_fifos_wbw_fifo_storage_mem\[9\][8],0,-1,2,8.197109995681064e-16,0.0,0.0,0.0
wishbone_slave_unit_fifos_wbw_fifo_storage_mem\[9\][9],0,-1,2,8.197109995681064e-16,0.0,0.0,0.0
wishbone_slave_unit_fifos_wbw_inTransactionCount[0],0,-1,4,1.864966014803707e-15,0.0,0.0,0.0
wishbone_slave_unit_fifos_wbw_inTransactionCount[1],0,-1,3,1.6702670215478334e-15,0.0,0.0,0.0
wishbone_slave_unit_fifos_wbw_inTransactionCount[2],0,-1,3,2.2246219216802768e-15,0.0,0.0,0.0
wishbone_slave_unit_fifos_wbw_outTransactionCount[0],0,-1,3,1.4169440309795426e-15,0.0,0.0,0.0
wishbone_slave_unit_fifos_wbw_outTransactionCount[1],0,-1,2,1.4244840006386451e-15,0.0,0.0,0.0
wishbone_slave_unit_fifos_wbw_outTransactionCount[2],0,-1,3,2.256289095446326e-15,0.0,0.0,0.0
wishbone_slave_unit_fifos_wbw_waddr[0],0,-1,8,3.836261346025667e-15,0.0,0.0,0.0
wishbone_slave_unit_fifos_wbw_whole_waddr[1],0,-1,5,2.9033981267096148e-15,0.0,0.0,0.0
wishbone_slave_unit_fifos_wbw_whole_waddr[2],0,-1,4,1.9372308424569443e-15,0.0,0.0,0.0
wishbone_slave_unit_fifos_wbw_whole_waddr[3],0,-1,6,2.9565638437099254e-15,0.0,0.0,0.0
wishbone_slave_unit_pci_initiator_if_current_byte_address[0],0,-1,2,9.44595049151998e-16,0.0,0.0,0.0
wishbone_slave_unit_pci_initiator_if_current_byte_address[1],0,-1,2,8.473710192793732e-16,0.0,0.0,0.0
wishbone_slave_unit_pci_initiator_if_data_source,0,-1,8,3.284374276385049e-15,0.0,0.0,0.0
wishbone_slave_unit_pci_initiator_if_del_read_req,0,-1,2,1.3683339748069207e-15,0.0,0.0,0.0
wishbone_slave_unit_pci_initiator_if_err_recovery,0,-1,5,2.369541000384252e-15,0.0,0.0,0.0
wishbone_slave_unit_pci_initiator_if_intermediate_be[0],0,-1,3,1.3410220326974163e-15,0.0,0.0,0.0
wishbone_slave_unit_pci_initiator_if_intermediate_be[1],0,-1,3,1.3881930857717714e-15,0.0,0.0,0.0
wishbone_slave_unit_pci_initiator_if_intermediate_be[2],0,-1,3,1.3881930857717714e-15,0.0,0.0,0.0
wishbone_slave_unit_pci_initiator_if_intermediate_be[3],0,-1,3,1.3881930857717714e-15,0.0,0.0,0.0
wishbone_slave_unit_pci_initiator_if_intermediate_data[0],0,-1,3,1.422197117560177e-15,0.0,0.0,0.0
wishbone_slave_unit_pci_initiator_if_intermediate_data[10],0,-1,3,1.392582092867088e-15,0.0,0.0,0.0
wishbone_slave_unit_pci_initiator_if_intermediate_data[11],0,-1,3,1.3574700361045555e-15,0.0,0.0,0.0
wishbone_slave_unit_pci_initiator_if_intermediate_data[12],0,-1,3,1.3591810426580092e-15,0.0,0.0,0.0
wishbone_slave_unit_pci_initiator_if_intermediate_data[13],0,-1,3,1.4340730488762742e-15,0.0,0.0,0.0
wishbone_slave_unit_pci_initiator_if_intermediate_data[14],0,-1,3,1.3764821141221519e-15,0.0,0.0,0.0
wishbone_slave_unit_pci_initiator_if_intermediate_data[15],0,-1,3,1.6387850303598776e-15,0.0,0.0,0.0
wishbone_slave_unit_pci_initiator_if_intermediate_data[16],0,-1,3,1.4117860238472375e-15,0.0,0.0,0.0
wishbone_slave_unit_pci_initiator_if_intermediate_data[17],0,-1,3,1.572398081964993e-15,0.0,0.0,0.0
wishbone_slave_unit_pci_initiator_if_intermediate_data[18],0,-1,3,1.3941250692596301e-15,0.0,0.0,0.0
wishbone_slave_unit_pci_initiator_if_intermediate_data[19],0,-1,3,1.5006050516633762e-15,0.0,0.0,0.0
wishbone_slave_unit_pci_initiator_if_intermediate_data[1],0,-1,3,1.4096231252164236e-15,0.0,0.0,0.0
wishbone_slave_unit_pci_initiator_if_intermediate_data[20],0,-1,3,1.4519059511521742e-15,0.0,0.0,0.0
wishbone_slave_unit_pci_initiator_if_intermediate_data[21],0,-1,3,1.572398081964993e-15,0.0,0.0,0.0
wishbone_slave_unit_pci_initiator_if_intermediate_data[22],0,-1,3,1.414475141696533e-15,0.0,0.0,0.0
wishbone_slave_unit_pci_initiator_if_intermediate_data[23],0,-1,3,1.4278860025921736e-15,0.0,0.0,0.0
wishbone_slave_unit_pci_initiator_if_intermediate_data[24],0,-1,3,1.5483190528569214e-15,0.0,0.0,0.0
wishbone_slave_unit_pci_initiator_if_intermediate_data[25],0,-1,3,1.378025090514694e-15,0.0,0.0,0.0
wishbone_slave_unit_pci_initiator_if_intermediate_data[26],0,-1,3,1.4096231252164236e-15,0.0,0.0,0.0
wishbone_slave_unit_pci_initiator_if_intermediate_data[27],0,-1,3,1.3413700573596194e-15,0.0,0.0,0.0
wishbone_slave_unit_pci_initiator_if_intermediate_data[28],0,-1,3,1.5247370203306512e-15,0.0,0.0,0.0
wishbone_slave_unit_pci_initiator_if_intermediate_data[29],0,-1,3,1.572398081964993e-15,0.0,0.0,0.0
wishbone_slave_unit_pci_initiator_if_intermediate_data[2],0,-1,3,1.4121551184540036e-15,0.0,0.0,0.0
wishbone_slave_unit_pci_initiator_if_intermediate_data[30],0,-1,3,1.5483190528569214e-15,0.0,0.0,0.0
wishbone_slave_unit_pci_initiator_if_intermediate_data[31],0,-1,3,1.4121551184540036e-15,0.0,0.0,0.0
wishbone_slave_unit_pci_initiator_if_intermediate_data[3],0,-1,3,1.4566311244484324e-15,0.0,0.0,0.0
wishbone_slave_unit_pci_initiator_if_intermediate_data[4],0,-1,3,1.4566311244484324e-15,0.0,0.0,0.0
wishbone_slave_unit_pci_initiator_if_intermediate_data[5],0,-1,3,1.47273099731425e-15,0.0,0.0,0.0
wishbone_slave_unit_pci_initiator_if_intermediate_data[6],0,-1,3,1.4511210692474247e-15,0.0,0.0,0.0
wishbone_slave_unit_pci_initiator_if_intermediate_data[7],0,-1,3,1.4121551184540036e-15,0.0,0.0,0.0
wishbone_slave_unit_pci_initiator_if_intermediate_data[8],0,-1,3,1.5644190316018575e-15,0.0,0.0,0.0
wishbone_slave_unit_pci_initiator_if_intermediate_data[9],0,-1,3,1.4501730276212104e-15,0.0,0.0,0.0
wishbone_slave_unit_pci_initiator_if_intermediate_last,0,-1,2,9.596870586897014e-16,0.0,0.0,0.0
wishbone_slave_unit_pci_initiator_if_posted_write_req,0,-1,3,2.0597899454193004e-15,0.0,0.0,0.0
wishbone_slave_unit_pci_initiator_if_read_bound,0,-1,2,9.330409903558572e-16,0.0,0.0,0.0
wishbone_slave_unit_pci_initiator_if_read_count[0],0,-1,4,1.6111060053468568e-15,0.0,0.0,0.0
wishbone_slave_unit_pci_initiator_if_read_count[1],0,-1,3,1.6307660635691027e-15,0.0,0.0,0.0
wishbone_slave_unit_pci_initiator_if_read_count[2],0,-1,4,1.8058740317879315e-15,0.0,0.0,0.0
wishbone_slave_unit_pci_initiator_if_read_count[3],0,-1,3,1.5457650367627128e-15,0.0,0.0,0.0
wishbone_slave_unit_pci_initiator_if_write_req_int,0,-1,2,7.433159863244978e-16,0.0,0.0,0.0
wishbone_slave_unit_pci_initiator_sm_cur_state[0],0,-1,3,1.3605949524052134e-15,0.0,0.0,0.0
wishbone_slave_unit_pci_initiator_sm_cur_state[1],0,-1,3,1.2632969130288224e-15,0.0,0.0,0.0
wishbone_slave_unit_pci_initiator_sm_cur_state[2],0,-1,4,1.9189518714551965e-15,0.0,0.0,0.0
wishbone_slave_unit_pci_initiator_sm_cur_state[3],0,-1,4,1.9829659629274667e-15,0.0,0.0,0.0
wishbone_slave_unit_pci_initiator_sm_decode_count[0],0,-1,3,1.3888850058105598e-15,0.0,0.0,0.0
wishbone_slave_unit_pci_initiator_sm_decode_count[1],0,-1,3,1.437730960658992e-15,0.0,0.0,0.0
wishbone_slave_unit_pci_initiator_sm_decode_count[2],0,-1,3,1.3246680499474223e-15,0.0,0.0,0.0
wishbone_slave_unit_pci_initiator_sm_force_frame,0,-1,2,9.182229959765905e-16,0.0,0.0,0.0
wishbone_slave_unit_pci_initiator_sm_irdy_slow,0,-1,3,1.4505660509087363e-15,0.0,0.0,0.0
wishbone_slave_unit_pci_initiator_sm_latency_timer[0],0,-1,4,1.712606069295458e-15,0.0,0.0,0.0
wishbone_slave_unit_pci_initiator_sm_latency_timer[1],0,-1,3,1.4770329717742363e-15,0.0,0.0,0.0
wishbone_slave_unit_pci_initiator_sm_latency_timer[2],0,-1,2,1.006458947487663e-15,0.0,0.0,0.0
wishbone_slave_unit_pci_initiator_sm_latency_timer[3],0,-1,3,1.4340440379978308e-15,0.0,0.0,0.0
wishbone_slave_unit_pci_initiator_sm_latency_timer[4],0,-1,2,8.71898022937424e-16,0.0,0.0,0.0
wishbone_slave_unit_pci_initiator_sm_latency_timer[5],0,-1,3,1.430923039224554e-15,0.0,0.0,0.0
wishbone_slave_unit_pci_initiator_sm_latency_timer[6],0,-1,2,8.273460486755383e-16,0.0,0.0,0.0
wishbone_slave_unit_pci_initiator_sm_latency_timer[7],0,-1,2,9.932829264766487e-16,0.0,0.0,0.0
wishbone_slave_unit_pci_initiator_sm_mabort1,0,-1,4,2.1900778005088783e-15,0.0,0.0,0.0
wishbone_slave_unit_pci_initiator_sm_mabort2,0,-1,3,1.6192670619145336e-15,0.0,0.0,0.0
wishbone_slave_unit_pci_initiator_sm_n_590,0,-1,6,2.7380219317800275e-15,0.0,0.0,0.0
wishbone_slave_unit_pci_initiator_sm_rdata_selector[0],0,-1,3,1.4499040946604571e-15,0.0,0.0,0.0
wishbone_slave_unit_pci_initiator_sm_rdata_selector[1],0,-1,3,1.620613103146839e-15,0.0,0.0,0.0
wishbone_slave_unit_pci_initiator_sm_timeout,0,-1,2,9.330409903558572e-16,0.0,0.0,0.0
wishbone_slave_unit_pci_initiator_sm_transfer,0,-1,2,1.118556028881126e-15,0.0,0.0,0.0
wishbone_slave_unit_pcim_if_be_out[0],0,-1,4,1.6519939797767164e-15,0.0,0.0,0.0
wishbone_slave_unit_pcim_if_data_out[0],0,-1,2,8.729139860180963e-16,0.0,0.0,0.0
wishbone_slave_unit_pcim_if_last_out,0,-1,4,1.738618027589164e-15,0.0,0.0,0.0
wishbone_slave_unit_pcim_if_rdy_out,0,-1,6,3.222510166291147e-15,0.0,0.0,0.0
wishbone_slave_unit_pcim_if_req_out,0,-1,12,6.041593362881648e-15,0.0,0.0,0.0
wishbone_slave_unit_pcim_if_wbr_control_out[0],0,-1,2,8.727709962686879e-16,0.0,0.0,0.0
wishbone_slave_unit_pcim_if_wbw_addr_data_in[10],0,-1,3,1.2129079817878481e-15,0.0,0.0,0.0
wishbone_slave_unit_pcim_if_wbw_addr_data_in[11],0,-1,3,1.2347389854539068e-15,0.0,0.0,0.0
wishbone_slave_unit_pcim_if_wbw_addr_data_in[12],0,-1,3,1.2126029440477182e-15,0.0,0.0,0.0
wishbone_slave_unit_pcim_if_wbw_addr_data_in[13],0,-1,3,1.1403300695814818e-15,0.0,0.0,0.0
wishbone_slave_unit_pcim_if_wbw_addr_data_in[14],0,-1,3,1.2126029440477182e-15,0.0,0.0,0.0
wishbone_slave_unit_pcim_if_wbw_addr_data_in[15],0,-1,3,1.2663530079025159e-15,0.0,0.0,0.0
wishbone_slave_unit_pcim_if_wbw_addr_data_in[16],0,-1,3,1.1404540540291361e-15,0.0,0.0,0.0
wishbone_slave_unit_pcim_if_wbw_addr_data_in[17],0,-1,3,1.3363059650053411e-15,0.0,0.0,0.0
wishbone_slave_unit_pcim_if_wbw_addr_data_in[18],0,-1,3,1.158265039327526e-15,0.0,0.0,0.0
wishbone_slave_unit_pcim_if_wbw_addr_data_in[19],0,-1,3,1.1287760107853411e-15,0.0,0.0,0.0
wishbone_slave_unit_pcim_if_wbw_addr_data_in[1],0,-1,3,1.2921129738944137e-15,0.0,0.0,0.0
wishbone_slave_unit_pcim_if_wbw_addr_data_in[20],0,-1,3,1.3246280276406645e-15,0.0,0.0,0.0
wishbone_slave_unit_pcim_if_wbw_addr_data_in[21],0,-1,3,1.3246280276406645e-15,0.0,0.0,0.0
wishbone_slave_unit_pcim_if_wbw_addr_data_in[22],0,-1,3,1.146586996083731e-15,0.0,0.0,0.0
wishbone_slave_unit_pcim_if_wbw_addr_data_in[23],0,-1,3,1.2084489885952647e-15,0.0,0.0,0.0
wishbone_slave_unit_pcim_if_wbw_addr_data_in[24],0,-1,3,1.3312120147396722e-15,0.0,0.0,0.0
wishbone_slave_unit_pcim_if_wbw_addr_data_in[25],0,-1,3,1.1287760107853411e-15,0.0,0.0,0.0
wishbone_slave_unit_pcim_if_wbw_addr_data_in[26],0,-1,3,1.1638880675478736e-15,0.0,0.0,0.0
wishbone_slave_unit_pcim_if_wbw_addr_data_in[27],0,-1,3,1.1654310439404157e-15,0.0,0.0,0.0
wishbone_slave_unit_pcim_if_wbw_addr_data_in[28],0,-1,3,1.2726100402838834e-15,0.0,0.0,0.0
wishbone_slave_unit_pcim_if_wbw_addr_data_in[29],0,-1,3,1.3246280276406645e-15,0.0,0.0,0.0
wishbone_slave_unit_pcim_if_wbw_addr_data_in[2],0,-1,3,1.127764018171609e-15,0.0,0.0,0.0
wishbone_slave_unit_pcim_if_wbw_addr_data_in[30],0,-1,3,1.2990850079623822e-15,0.0,0.0,0.0
wishbone_slave_unit_pcim_if_wbw_addr_data_in[31],0,-1,3,1.2489730564951601e-15,0.0,0.0,0.0
wishbone_slave_unit_pcim_if_wbw_addr_data_in[3],0,-1,3,1.122519084283092e-15,0.0,0.0,0.0
wishbone_slave_unit_pcim_if_wbw_addr_data_in[4],0,-1,3,1.2380460138382244e-15,0.0,0.0,0.0
wishbone_slave_unit_pcim_if_wbw_addr_data_in[5],0,-1,3,1.1403300695814818e-15,0.0,0.0,0.0
wishbone_slave_unit_pcim_if_wbw_addr_data_in[6],0,-1,3,1.27984603099404e-15,0.0,0.0,0.0
wishbone_slave_unit_pcim_if_wbw_addr_data_in[7],0,-1,3,1.2427160241137926e-15,0.0,0.0,0.0
wishbone_slave_unit_pcim_if_wbw_addr_data_in[8],0,-1,3,1.2347389854539068e-15,0.0,0.0,0.0
wishbone_slave_unit_pcim_if_wbw_addr_data_in[9],0,-1,3,1.1581410548798716e-15,0.0,0.0,0.0
wishbone_slave_unit_pcim_if_wbw_cbe_in[1],0,-1,3,1.2486469488104672e-15,0.0,0.0,0.0
wishbone_slave_unit_pcim_if_wbw_cbe_in[2],0,-1,3,1.2581420822700695e-15,0.0,0.0,0.0
wishbone_slave_unit_pcim_if_wbw_cbe_in[3],0,-1,3,1.2191040277970133e-15,0.0,0.0,0.0
wishbone_slave_unit_pcim_sm_be_in[1],0,-1,4,1.6066370595171431e-15,0.0,0.0,0.0
wishbone_slave_unit_pcim_sm_be_in[2],0,-1,4,1.524209107046275e-15,0.0,0.0,0.0
wishbone_slave_unit_pcim_sm_be_in[3],0,-1,4,1.6187329017621713e-15,0.0,0.0,0.0
wishbone_slave_unit_pcim_sm_data_in[10],0,-1,2,1.0223499208528641e-15,0.0,0.0,0.0
wishbone_slave_unit_pcim_sm_data_in[11],0,-1,2,1.0416690483138402e-15,0.0,0.0,0.0
wishbone_slave_unit_pcim_sm_data_in[12],0,-1,2,1.0223499208528641e-15,0.0,0.0,0.0
wishbone_slave_unit_pcim_sm_data_in[13],0,-1,2,1.0416690483138402e-15,0.0,0.0,0.0
wishbone_slave_unit_pcim_sm_data_in[14],0,-1,2,1.0223499208528641e-15,0.0,0.0,0.0
wishbone_slave_unit_pcim_sm_data_in[15],0,-1,2,9.744070090053234e-16,0.0,0.0,0.0
wishbone_slave_unit_pcim_sm_data_in[16],0,-1,2,1.0223499208528641e-15,0.0,0.0,0.0
wishbone_slave_unit_pcim_sm_data_in[17],0,-1,2,9.704479770098568e-16,0.0,0.0,0.0
wishbone_slave_unit_pcim_sm_data_in[18],0,-1,2,9.704479770098568e-16,0.0,0.0,0.0
wishbone_slave_unit_pcim_sm_data_in[19],0,-1,2,1.0176800164564143e-15,0.0,0.0,0.0
wishbone_slave_unit_pcim_sm_data_in[1],0,-1,2,1.0221049165728708e-15,0.0,0.0,0.0
wishbone_slave_unit_pcim_sm_data_in[20],0,-1,2,8.182399680365217e-16,0.0,0.0,0.0
wishbone_slave_unit_pcim_sm_data_in[21],0,-1,2,9.704479770098568e-16,0.0,0.0,0.0
wishbone_slave_unit_pcim_sm_data_in[22],0,-1,2,9.704479770098568e-16,0.0,0.0,0.0
wishbone_slave_unit_pcim_sm_data_in[23],0,-1,2,1.0223499208528641e-15,0.0,0.0,0.0
wishbone_slave_unit_pcim_sm_data_in[24],0,-1,2,9.704479770098568e-16,0.0,0.0,0.0
wishbone_slave_unit_pcim_sm_data_in[25],0,-1,2,9.704479770098568e-16,0.0,0.0,0.0
wishbone_slave_unit_pcim_sm_data_in[26],0,-1,2,9.919609198042216e-16,0.0,0.0,0.0
wishbone_slave_unit_pcim_sm_data_in[27],0,-1,2,1.0605369189721665e-15,0.0,0.0,0.0
wishbone_slave_unit_pcim_sm_data_in[28],0,-1,2,9.704479770098568e-16,0.0,0.0,0.0
wishbone_slave_unit_pcim_sm_data_in[29],0,-1,2,9.704479770098568e-16,0.0,0.0,0.0
wishbone_slave_unit_pcim_sm_data_in[2],0,-1,2,9.744070090053234e-16,0.0,0.0,0.0
wishbone_slave_unit_pcim_sm_data_in[30],0,-1,2,9.704479770098568e-16,0.0,0.0,0.0
wishbone_slave_unit_pcim_sm_data_in[31],0,-1,2,1.0613879753259203e-15,0.0,0.0,0.0
wishbone_slave_unit_pcim_sm_data_in[3],0,-1,2,1.0613879753259203e-15,0.0,0.0,0.0
wishbone_slave_unit_pcim_sm_data_in[4],0,-1,2,1.0416690483138402e-15,0.0,0.0,0.0
wishbone_slave_unit_pcim_sm_data_in[5],0,-1,2,1.0613879753259203e-15,0.0,0.0,0.0
wishbone_slave_unit_pcim_sm_data_in[6],0,-1,2,1.0223499208528641e-15,0.0,0.0,0.0
wishbone_slave_unit_pcim_sm_data_in[7],0,-1,2,1.0223499208528641e-15,0.0,0.0,0.0
wishbone_slave_unit_pcim_sm_data_in[8],0,-1,2,1.0416690483138402e-15,0.0,0.0,0.0
wishbone_slave_unit_pcim_sm_data_in[9],0,-1,2,1.0416690483138402e-15,0.0,0.0,0.0
wishbone_slave_unit_pcim_sm_wait_out,0,-1,3,1.2419830229770624e-15,0.0,0.0,0.0
wishbone_slave_unit_wbs_sm_del_addr_in[10],0,-1,3,1.9033198784136184e-15,0.0,0.0,0.0
wishbone_slave_unit_wbs_sm_del_addr_in[11],0,-1,3,2.057513967890028e-15,0.0,0.0,0.0
wishbone_slave_unit_wbs_sm_del_addr_in[12],0,-1,4,1.8599909667880088e-15,0.0,0.0,0.0
wishbone_slave_unit_wbs_sm_del_addr_in[13],0,-1,4,1.758381953226567e-15,0.0,0.0,0.0
wishbone_slave_unit_wbs_sm_del_addr_in[14],0,-1,3,2.0771280745748855e-15,0.0,0.0,0.0
wishbone_slave_unit_wbs_sm_del_addr_in[15],0,-1,3,2.057513967890028e-15,0.0,0.0,0.0
wishbone_slave_unit_wbs_sm_del_addr_in[16],0,-1,4,2.026344214222254e-15,0.0,0.0,0.0
wishbone_slave_unit_wbs_sm_del_addr_in[17],0,-1,4,2.006915819511082e-15,0.0,0.0,0.0
wishbone_slave_unit_wbs_sm_del_addr_in[18],0,-1,3,2.2949870661910596e-15,0.0,0.0,0.0
wishbone_slave_unit_wbs_sm_del_addr_in[19],0,-1,3,1.915623031972487e-15,0.0,0.0,0.0
wishbone_slave_unit_wbs_sm_del_addr_in[1],0,-1,3,2.0235199946178712e-15,0.0,0.0,0.0
wishbone_slave_unit_wbs_sm_del_addr_in[20],0,-1,4,1.8515070847883097e-15,0.0,0.0,0.0
wishbone_slave_unit_wbs_sm_del_addr_in[21],0,-1,4,1.8334009085078018e-15,0.0,0.0,0.0
wishbone_slave_unit_wbs_sm_del_addr_in[22],0,-1,3,1.915623031972487e-15,0.0,0.0,0.0
wishbone_slave_unit_wbs_sm_del_addr_in[23],0,-1,3,1.9273650262038e-15,0.0,0.0,0.0
wishbone_slave_unit_wbs_sm_del_addr_in[24],0,-1,4,1.8624729850817007e-15,0.0,0.0,0.0
wishbone_slave_unit_wbs_sm_del_addr_in[25],0,-1,4,1.745707058082972e-15,0.0,0.0,0.0
wishbone_slave_unit_wbs_sm_del_addr_in[26],0,-1,3,1.9258729776672114e-15,0.0,0.0,0.0
wishbone_slave_unit_wbs_sm_del_addr_in[27],0,-1,3,1.7716789940699202e-15,0.0,0.0,0.0
wishbone_slave_unit_wbs_sm_del_addr_in[28],0,-1,4,1.87508911731458e-15,0.0,0.0,0.0
wishbone_slave_unit_wbs_sm_del_addr_in[29],0,-1,3,1.892040999446217e-15,0.0,0.0,0.0
wishbone_slave_unit_wbs_sm_del_addr_in[2],0,-1,3,1.893069932718894e-15,0.0,0.0,0.0
wishbone_slave_unit_wbs_sm_del_addr_in[30],0,-1,4,1.8565609068681025e-15,0.0,0.0,0.0
wishbone_slave_unit_wbs_sm_del_addr_in[31],0,-1,3,1.892040999446217e-15,0.0,0.0,0.0
wishbone_slave_unit_wbs_sm_del_addr_in[3],0,-1,4,1.8327198940182093e-15,0.0,0.0,0.0
wishbone_slave_unit_wbs_sm_del_addr_in[4],0,-1,3,2.0472640221953038e-15,0.0,0.0,0.0
wishbone_slave_unit_wbs_sm_del_addr_in[5],0,-1,3,2.0472640221953038e-15,0.0,0.0,0.0
wishbone_slave_unit_wbs_sm_del_addr_in[6],0,-1,3,1.9033198784136184e-15,0.0,0.0,0.0
wishbone_slave_unit_wbs_sm_del_addr_in[7],0,-1,3,2.0472640221953038e-15,0.0,0.0,0.0
wishbone_slave_unit_wbs_sm_del_addr_in[8],0,-1,4,2.036957960567824e-15,0.0,0.0,0.0
wishbone_slave_unit_wbs_sm_del_addr_in[9],0,-1,4,1.9606731145469175e-15,0.0,0.0,0.0
wishbone_slave_unit_wbs_sm_del_bc_in[1],0,-1,3,1.2849320403258285e-15,0.0,0.0,0.0
wishbone_slave_unit_wbs_sm_del_bc_in[2],0,-1,2,1.0540540464312373e-15,0.0,0.0,0.0
wishbone_slave_unit_wbs_sm_del_bc_in[3],0,-1,2,1.0092090517091609e-15,0.0,0.0,0.0
wishbone_slave_unit_wbs_sm_del_be_in[1],0,-1,5,2.1548198423211812e-15,0.0,0.0,0.0
wishbone_slave_unit_wbs_sm_del_be_in[2],0,-1,4,2.2226570170008836e-15,0.0,0.0,0.0
wishbone_slave_unit_wbs_sm_del_be_in[3],0,-1,4,2.2226570170008836e-15,0.0,0.0,0.0
wishbone_slave_unit_wbs_sm_wbr_control_in[1],0,-1,3,1.4834210825041914e-15,0.0,0.0,0.0
wishbone_slave_unit_wbs_sm_wbr_flush_out,0,-1,1,3.4882799354424255e-16,0.0,0.0,0.0
wishbone_slave_unit_wishbone_slave_burst_transfer,0,-1,2,1.8363159723957774e-15,0.0,0.0,0.0
wishbone_slave_unit_wishbone_slave_c_state[0],0,-1,3,1.5311759530374416e-15,0.0,0.0,0.0
wishbone_slave_unit_wishbone_slave_c_state[1],0,-1,4,2.004220137156445e-15,0.0,0.0,0.0
wishbone_slave_unit_wishbone_slave_c_state[2],0,-1,3,1.4943079969752509e-15,0.0,0.0,0.0
wishbone_slave_unit_wishbone_slave_d_incoming[0],0,-1,2,9.867909483315365e-16,0.0,0.0,0.0
wishbone_slave_unit_wishbone_slave_d_incoming[10],0,-1,2,9.602819934560291e-16,0.0,0.0,0.0
wishbone_slave_unit_wishbone_slave_d_incoming[11],0,-1,2,9.867909483315365e-16,0.0,0.0,0.0
wishbone_slave_unit_wishbone_slave_d_incoming[12],0,-1,2,9.867909483315365e-16,0.0,0.0,0.0
wishbone_slave_unit_wishbone_slave_d_incoming[13],0,-1,2,9.867909483315365e-16,0.0,0.0,0.0
wishbone_slave_unit_wishbone_slave_d_incoming[14],0,-1,2,9.867909483315365e-16,0.0,0.0,0.0
wishbone_slave_unit_wishbone_slave_d_incoming[15],0,-1,2,9.867909483315365e-16,0.0,0.0,0.0
wishbone_slave_unit_wishbone_slave_d_incoming[16],0,-1,2,9.867909483315365e-16,0.0,0.0,0.0
wishbone_slave_unit_wishbone_slave_d_incoming[17],0,-1,2,9.70598960632705e-16,0.0,0.0,0.0
wishbone_slave_unit_wishbone_slave_d_incoming[18],0,-1,2,1.002657040103912e-15,0.0,0.0,0.0
wishbone_slave_unit_wishbone_slave_d_incoming[19],0,-1,2,9.867909483315365e-16,0.0,0.0,0.0
wishbone_slave_unit_wishbone_slave_d_incoming[1],0,-1,2,9.867909483315365e-16,0.0,0.0,0.0
wishbone_slave_unit_wishbone_slave_d_incoming[20],0,-1,2,9.867909483315365e-16,0.0,0.0,0.0
wishbone_slave_unit_wishbone_slave_d_incoming[21],0,-1,2,9.867909483315365e-16,0.0,0.0,0.0
wishbone_slave_unit_wishbone_slave_d_incoming[22],0,-1,2,9.867909483315365e-16,0.0,0.0,0.0
wishbone_slave_unit_wishbone_slave_d_incoming[23],0,-1,2,9.70598960632705e-16,0.0,0.0,0.0
wishbone_slave_unit_wishbone_slave_d_incoming[24],0,-1,2,9.602819934560291e-16,0.0,0.0,0.0
wishbone_slave_unit_wishbone_slave_d_incoming[25],0,-1,2,1.002657040103912e-15,0.0,0.0,0.0
wishbone_slave_unit_wishbone_slave_d_incoming[26],0,-1,2,9.867909483315365e-16,0.0,0.0,0.0
wishbone_slave_unit_wishbone_slave_d_incoming[27],0,-1,2,9.867909483315365e-16,0.0,0.0,0.0
wishbone_slave_unit_wishbone_slave_d_incoming[28],0,-1,2,1.002657040103912e-15,0.0,0.0,0.0
wishbone_slave_unit_wishbone_slave_d_incoming[29],0,-1,2,7.73484970565091e-16,0.0,0.0,0.0
wishbone_slave_unit_wishbone_slave_d_incoming[2],0,-1,2,9.867909483315365e-16,0.0,0.0,0.0
wishbone_slave_unit_wishbone_slave_d_incoming[30],0,-1,2,1.002657040103912e-15,0.0,0.0,0.0
wishbone_slave_unit_wishbone_slave_d_incoming[31],0,-1,2,9.867909483315365e-16,0.0,0.0,0.0
wishbone_slave_unit_wishbone_slave_d_incoming[32],0,-1,2,1.6332811161477376e-15,0.0,0.0,0.0
wishbone_slave_unit_wishbone_slave_d_incoming[33],0,-1,2,1.5966410119483583e-15,0.0,0.0,0.0
wishbone_slave_unit_wishbone_slave_d_incoming[34],0,-1,2,1.838521010915717e-15,0.0,0.0,0.0
wishbone_slave_unit_wishbone_slave_d_incoming[35],0,-1,2,2.104073039659992e-15,0.0,0.0,0.0
wishbone_slave_unit_wishbone_slave_d_incoming[3],0,-1,2,9.70598960632705e-16,0.0,0.0,0.0
wishbone_slave_unit_wishbone_slave_d_incoming[4],0,-1,2,9.867909483315365e-16,0.0,0.0,0.0
wishbone_slave_unit_wishbone_slave_d_incoming[5],0,-1,2,1.120701033940929e-15,0.0,0.0,0.0
wishbone_slave_unit_wishbone_slave_d_incoming[6],0,-1,2,9.867909483315365e-16,0.0,0.0,0.0
wishbone_slave_unit_wishbone_slave_d_incoming[7],0,-1,2,1.002657040103912e-15,0.0,0.0,0.0
wishbone_slave_unit_wishbone_slave_d_incoming[8],0,-1,2,9.867909483315365e-16,0.0,0.0,0.0
wishbone_slave_unit_wishbone_slave_d_incoming[9],0,-1,2,1.002657040103912e-15,0.0,0.0,0.0
wishbone_slave_unit_wishbone_slave_del_addr_hit,0,-1,2,9.833879934659424e-16,0.0,0.0,0.0
wishbone_slave_unit_wishbone_slave_del_completion_allow,0,-1,2,9.950950475881809e-16,0.0,0.0,0.0
wishbone_slave_unit_wishbone_slave_do_del_request,0,-1,3,1.5335889381459323e-15,0.0,0.0,0.0
wishbone_slave_unit_wishbone_slave_img_hit[0],0,-1,3,1.2407370375116513e-15,0.0,0.0,0.0
wishbone_slave_unit_wishbone_slave_img_hit[1],0,-1,3,1.2654039074851174e-15,0.0,0.0,0.0
wishbone_slave_unit_wishbone_slave_img_wallow,0,-1,2,6.783000666338627e-16,0.0,0.0,0.0
wishbone_slave_unit_wishbone_slave_map,0,-1,2,1.923346066627315e-15,0.0,0.0,0.0
wishbone_slave_unit_wishbone_slave_mrl_en,0,-1,3,1.476850965569695e-15,0.0,0.0,0.0
wishbone_slave_unit_wishbone_slave_n_395,0,-1,3,1.038895968323648e-15,0.0,0.0,0.0
wishbone_slave_unit_wishbone_slave_pref_en,0,-1,3,1.2673139667811759e-15,0.0,0.0,0.0
wishbone_slave_unit_wishbone_slave_wbw_data_out_sel_reg,0,-1,6,2.748174892202291e-15,0.0,0.0,0.0
