cell_name,is_seq,is_macro,is_in_clk,x0,y0,x1,y1,is_filler,is_buf,is_inv,libcell_name,cell_static_power,cell_dynamic_power
drc_buf_sp164977,0,0,0,27630,26658,27846,26928,0,1,0,HB1xp67_ASAP7_75t_R,5.188600243899444e-11,0.0
drc_buf_sp164978,0,0,0,28062,27198,28278,27468,0,1,0,HB1xp67_ASAP7_75t_R,5.188600243899444e-11,0.0
drc_buf_sp164979,0,0,0,28278,27198,28494,27468,0,1,0,HB1xp67_ASAP7_75t_R,5.188600243899444e-11,0.0
drc_buf_sp164980,0,0,0,27846,27468,28062,27738,0,1,0,HB1xp67_ASAP7_75t_R,5.188600243899444e-11,0.0
drc_buf_sp164981,0,0,0,27630,27738,27846,28008,0,1,0,HB1xp67_ASAP7_75t_R,5.188600243899444e-11,0.0
drc_buf_sp164982,0,0,0,27630,27468,27846,27738,0,1,0,HB1xp67_ASAP7_75t_R,5.188600243899444e-11,0.0
drc_buf_sp164983,0,0,0,27846,27198,28062,27468,0,1,0,HB1xp67_ASAP7_75t_R,5.188600243899444e-11,0.0
drc_buf_sp164984,0,0,0,27630,27198,27846,27468,0,1,0,HB1xp67_ASAP7_75t_R,5.188600243899444e-11,0.0
drc_buf_sp165026,0,0,0,25956,27468,26172,27738,0,1,0,HB1xp67_ASAP7_75t_R,5.044180004243337e-11,0.0
drc_buf_sp165027,0,0,0,26820,27198,27036,27468,0,1,0,HB1xp67_ASAP7_75t_R,5.044180004243337e-11,0.0
drc_buf_sp165028,0,0,0,27036,27198,27252,27468,0,1,0,HB1xp67_ASAP7_75t_R,5.044180004243337e-11,0.0
drc_buf_sp165029,0,0,0,26550,27198,26766,27468,0,1,0,HB1xp67_ASAP7_75t_R,5.044180004243337e-11,0.0
drc_buf_sp165030,0,0,0,25632,27198,25848,27468,0,1,0,HB1xp67_ASAP7_75t_R,5.044180004243337e-11,0.0
drc_buf_sp165031,0,0,0,23472,27468,23688,27738,0,1,0,HB1xp67_ASAP7_75t_R,5.044180004243337e-11,0.0
drc_buf_sp165032,0,0,0,23418,27198,23634,27468,0,1,0,HB1xp67_ASAP7_75t_R,5.044180004243337e-11,0.0
drc_buf_sp165033,0,0,0,26982,26928,27198,27198,0,1,0,HB1xp67_ASAP7_75t_R,5.044180004243337e-11,0.0
drc_buf_sp165077,0,0,0,39888,16128,40104,16398,0,1,0,HB1xp67_ASAP7_75t_R,5.044180004243337e-11,0.0
drc_buf_sp165078,0,0,0,29520,27198,29736,27468,0,1,0,HB1xp67_ASAP7_75t_R,5.044180004243337e-11,0.0
drc_buf_sp165079,0,0,0,27738,15588,27954,15858,0,1,0,HB1xp67_ASAP7_75t_R,5.044180004243337e-11,0.0
drc_buf_sp165082,0,0,0,39672,16128,39888,16398,0,1,0,HB1xp67_ASAP7_75t_R,5.044180004243337e-11,0.0
drc_buf_sp165083,0,0,0,27252,27198,27468,27468,0,1,0,HB1xp67_ASAP7_75t_R,5.044180004243337e-11,0.0
drc_buf_sp165146,0,0,0,28926,28548,29142,28818,0,1,0,HB1xp67_ASAP7_75t_R,5.188600243899444e-11,0.0
drc_buf_sp165147,0,0,0,27306,26658,27522,26928,0,1,0,HB1xp67_ASAP7_75t_R,5.188600243899444e-11,0.0
drc_buf_sp165148,0,0,0,27522,15858,27738,16128,0,1,0,HB1xp67_ASAP7_75t_R,5.188600243899444e-11,0.0
drc_buf_sp165270,0,0,0,34866,15318,35082,15588,0,1,0,HB1xp67_ASAP7_75t_R,5.188600243899444e-11,0.0
drc_buf_sp165271,0,0,0,34650,15318,34866,15588,0,1,0,HB1xp67_ASAP7_75t_R,5.188600243899444e-11,0.0
drc_buf_sp165370,0,0,0,18828,25578,18990,25848,0,0,1,INVx1_ASAP7_75t_L,2.515430086447168e-10,3.9868984913482564e-07
drc_buf_sp165428,0,0,0,22500,4788,22662,5058,0,0,1,INVx1_ASAP7_75t_SL,2.5518225310605658e-09,5.766395929640566e-07
drc_buf_sp165457,0,0,0,24714,40428,24876,40698,0,0,1,INVx1_ASAP7_75t_SL,2.5518225310605658e-09,5.643427130053169e-07
drc_buf_sp165486,0,0,0,44424,21258,44586,21528,0,0,1,INVx1_ASAP7_75t_SL,2.5518225310605658e-09,5.681689572156756e-07
drc_buf_sp165573,0,0,0,23472,3978,23634,4248,0,0,1,INVx1_ASAP7_75t_L,2.515430086447168e-10,3.980379688073299e-07
drc_buf_sp165576,0,0,0,23850,4248,24066,4518,0,0,1,INVx2_ASAP7_75t_SL,5.10364994710244e-09,3.5322252642799867e-06
drc_buf_sp165631,0,0,0,43344,23148,43506,23418,0,0,1,INVx1_ASAP7_75t_SL,2.5518225310605658e-09,4.347773483459605e-07
drc_buf_sp165634,0,0,0,43128,23418,43344,23688,0,0,1,INVx2_ASAP7_75t_SL,5.10364994710244e-09,4.028437160741305e-06
drc_buf_sp165659,0,0,0,43506,23148,43722,23418,0,0,1,INVx2_ASAP7_75t_SL,5.10364994710244e-09,4.550655376078794e-06
drc_buf_sp165660,0,0,0,44154,23688,44316,23958,0,0,1,INVx1_ASAP7_75t_SL,2.5518225310605658e-09,4.734396270578145e-07
drc_buf_sp165689,0,0,0,24552,3978,24714,4248,0,0,1,INVx1_ASAP7_75t_L,2.515430086447168e-10,3.840476665573078e-07
drc_buf_sp165692,0,0,0,25254,3708,25470,3978,0,0,1,INVx2_ASAP7_75t_SL,5.10364994710244e-09,3.881763859681087e-06
drc_buf_sp165718,0,0,0,16236,26118,16398,26388,0,0,1,INVx1_ASAP7_75t_SL,2.5518225310605658e-09,7.1486391561848e-07
drc_buf_sp165747,0,0,0,43722,22878,43884,23148,0,0,1,INVx1_ASAP7_75t_SL,2.5518225310605658e-09,4.4753437578037847e-07
drc_buf_sp165775,0,0,0,23904,43128,24066,43398,0,0,1,INVx1_ASAP7_75t_SL,2.5518225310605658e-09,4.259451600319153e-07
drc_buf_sp165777,0,0,0,23904,42588,24120,42858,0,0,1,INVx2_ASAP7_75t_SL,5.10364994710244e-09,3.249695510021411e-06
drc_buf_sp165826,0,0,0,33462,27738,33678,28008,0,0,1,INVx2_ASAP7_75t_SL,5.10364994710244e-09,3.7472520943993004e-06
drc_buf_sp165827,0,0,0,33354,27468,33516,27738,0,0,1,INVx1_ASAP7_75t_SL,2.5518225310605658e-09,8.201195100809855e-07
drc_buf_sp165829,0,0,0,33246,27738,33462,28008,0,0,1,INVx2_ASAP7_75t_SL,5.10364994710244e-09,3.0815806439932203e-06
drc_buf_sp165935,0,0,0,44100,25038,44262,25308,0,0,1,INVx1_ASAP7_75t_SL,2.5518225310605658e-09,4.418771766268037e-07
drc_buf_sp165962,0,0,0,25146,7758,25362,8028,0,0,1,INVx2_ASAP7_75t_SL,5.10364994710244e-09,1.1297931905573932e-06
drc_buf_sp165988,0,0,0,20610,26658,20772,26928,0,0,1,INVx1_ASAP7_75t_SL,2.5518225310605658e-09,6.239729941626138e-07
drc_buf_sp166284,0,0,0,26550,35838,26712,36108,0,0,1,INVxp67_ASAP7_75t_SL,1.7012176112274346e-09,6.73262888994941e-07
drc_buf_sp166329,0,0,0,7650,17748,7866,18018,0,1,0,HB1xp67_ASAP7_75t_R,5.044180004243337e-11,6.086985841584347e-13
drc_buf_sp166354,0,0,0,11376,12888,11592,13158,0,1,0,HB1xp67_ASAP7_75t_R,5.044180004243337e-11,0.0
drc_buf_sp166379,0,0,0,10674,12348,10890,12618,0,1,0,HB1xp67_ASAP7_75t_R,5.188600243899444e-11,0.0
drc_buf_sp166404,0,0,0,7704,17208,7920,17478,0,1,0,HB1xp67_ASAP7_75t_R,5.188600243899444e-11,6.328053857827809e-13
drc_buf_sp166429,0,0,0,6894,27198,7110,27468,0,1,0,HB1xp67_ASAP7_75t_R,5.188600243899444e-11,0.0
drc_buf_sp166454,0,0,0,6300,26928,6516,27198,0,1,0,HB1xp67_ASAP7_75t_R,5.044180004243337e-11,0.0
drc_buf_sp166649,0,0,0,13212,15318,13428,15588,0,1,0,HB1xp67_ASAP7_75t_R,5.044180004243337e-11,0.0
drc_buf_sp170772,0,0,0,26820,36108,27036,36378,0,0,1,INVx2_ASAP7_75t_SL,5.10364994710244e-09,2.7252065137872705e-06
drc_buf_sp213876,0,0,0,20448,5058,20772,5328,0,1,0,BUFx3_ASAP7_75t_SL,1.021132511880296e-08,4.1879311538650654e-06
drc_buf_sp213877,0,0,0,43344,23418,43668,23688,0,1,0,BUFx3_ASAP7_75t_SL,1.021132511880296e-08,4.1267776396125555e-06
drc_buf_sp213888,0,0,0,33840,27738,34164,28008,0,1,0,BUFx3_ASAP7_75t_SL,1.021132511880296e-08,3.824220584647264e-06
drc_buf_sp213889,0,0,0,44100,21258,44424,21528,0,1,0,BUFx3_ASAP7_75t_SL,1.021132511880296e-08,3.869206466333708e-06
drc_buf_sp213900,0,0,0,35136,16128,35460,16398,0,1,0,BUFx3_ASAP7_75t_SL,1.021132511880296e-08,3.4840650187106803e-06
drc_buf_sp213901,0,0,0,24984,3438,25308,3708,0,1,0,BUFx3_ASAP7_75t_SL,1.021132511880296e-08,3.953761279262835e-06
drc_buf_sp213913,0,0,0,23634,3978,23958,4248,0,1,0,BUFx3_ASAP7_75t_SL,1.021132511880296e-08,9.930718078976497e-07
drc_buf_sp215496,0,0,0,16884,22338,17262,22608,0,0,1,INVx5_ASAP7_75t_SL,1.2759050704858055e-08,5.126139967615018e-06
drc_buf_sp225155,0,0,0,23742,4788,24066,5058,0,1,0,BUFx3_ASAP7_75t_SL,1.021132511880296e-08,3.711843874043552e-06
drc_buf_sp225156,0,0,0,23796,5058,24120,5328,0,1,0,BUFx3_ASAP7_75t_SL,1.021132511880296e-08,3.399131173864589e-06
drc_buf_sp225157,0,0,0,23634,4248,23850,4518,0,1,0,HB1xp67_ASAP7_75t_SL,2.552710043346451e-09,5.321849130268674e-07
drc_buf_sp40,0,0,0,27468,23418,27684,23688,0,0,1,INVx2_ASAP7_75t_L,5.030864613786434e-10,3.5756625038629863e-06
drc_buf_sp41,0,0,0,27198,23148,27360,23418,0,0,1,INVx1_ASAP7_75t_SL,2.5518225310605658e-09,5.03969999954279e-07
drc_buf_sp45,0,0,0,24012,4518,24228,4788,0,0,1,INVx2_ASAP7_75t_L,5.030864613786434e-10,3.3442649964854354e-06
drc_buf_sp46,0,0,0,24066,4248,24228,4518,0,0,1,INVx1_ASAP7_75t_SL,2.5518225310605658e-09,6.809216301917331e-07
drc_buf_sp47,0,0,0,26064,26928,26280,27198,0,0,1,INVx2_ASAP7_75t_L,5.030864613786434e-10,2.5803847165661864e-06
drc_buf_sp48,0,0,0,26334,27198,26550,27468,0,0,1,INVx2_ASAP7_75t_SL,5.10364994710244e-09,2.7127871362608857e-06
drc_buf_sp49,0,0,0,25902,27738,26064,28008,0,0,1,INVxp67_ASAP7_75t_SL,1.7012176112274346e-09,6.791124178562313e-07
drc_bufs12,0,0,0,32868,39348,33084,39618,0,1,0,HB1xp67_ASAP7_75t_SL,2.552710043346451e-09,1.3770385294264997e-06
drc_bufs15,0,0,0,40482,32328,40698,32598,0,1,0,HB1xp67_ASAP7_75t_SL,5.092500199310734e-09,1.394105750979202e-12
drc_bufs164353,0,0,0,44586,21258,44748,21528,0,0,1,INVx1_ASAP7_75t_R,4.861441457726379e-11,8.079939384231238e-09
drc_bufs164354,0,0,0,24606,20988,24768,21258,0,0,1,INVx1_ASAP7_75t_R,5.291396140694182e-11,4.8271459718307597e-08
drc_bufs164361,0,0,0,17208,37188,17424,37458,0,1,0,HB1xp67_ASAP7_75t_SL,5.116251422521145e-09,2.6603830249882776e-08
drc_bufs164364,0,0,0,43884,21258,44100,21528,0,1,0,HB1xp67_ASAP7_75t_SL,5.088801380281893e-09,4.6393751063078525e-09
drc_bufs164367,0,0,0,15318,42048,15534,42318,0,1,0,HB1xp67_ASAP7_75t_SL,5.088801380281893e-09,4.3785504111326645e-09
drc_bufs164370,0,0,0,21312,2628,21528,2898,0,1,0,HB1xp67_ASAP7_75t_SL,4.359101968276491e-09,7.581077738905151e-07
drc_bufs164373,0,0,0,11862,20718,12078,20988,0,1,0,HB1xp67_ASAP7_75t_SL,3.4073772692266857e-09,8.522216035089514e-07
drc_bufs164376,0,0,0,20502,4518,20718,4788,0,1,0,HB1xp67_ASAP7_75t_SL,3.4231888434987923e-09,4.6174559997780307e-07
drc_bufs164379,0,0,0,18396,43398,18612,43668,0,1,0,HB1xp67_ASAP7_75t_SL,3.4203446741543075e-09,4.6202902126424306e-07
drc_bufs164382,0,0,0,19584,43128,19800,43398,0,1,0,HB1xp67_ASAP7_75t_SL,4.21658086224852e-09,2.6930933927360456e-07
drc_bufs164385,0,0,0,43614,23688,43830,23958,0,1,0,HB1xp67_ASAP7_75t_SL,4.222006744214468e-09,2.356167954076227e-07
drc_bufs164388,0,0,0,20772,3708,20988,3978,0,1,0,HB1xp67_ASAP7_75t_SL,4.222006744214468e-09,2.44129580551089e-07
drc_bufs164393,0,0,0,30492,16668,30654,16938,0,0,1,INVxp67_ASAP7_75t_R,3.55518982309011e-11,9.597582094572708e-16
drc_bufs164399,0,0,0,32112,26118,32274,26388,0,0,1,INVxp67_ASAP7_75t_R,3.55518982309011e-11,1.0248818082113256e-15
drc_bufs164405,0,0,0,28386,23418,28548,23688,0,0,1,INVxp67_ASAP7_75t_R,3.55518982309011e-11,3.6706037243993545e-15
drc_bufs164411,0,0,0,10728,25308,10890,25578,0,0,1,INVxp67_ASAP7_75t_R,3.55518982309011e-11,7.528799412110645e-16
drc_bufs164417,0,0,0,20448,24498,20610,24768,0,0,1,INVxp67_ASAP7_75t_R,3.55431899190517e-11,1.655317305448989e-08
drc_bufs164423,0,0,0,24876,23688,25038,23958,0,0,1,INVxp67_ASAP7_75t_R,3.55518982309011e-11,9.58477707399259e-16
drc_bufs164429,0,0,0,22446,13158,22608,13428,0,0,1,INVxp67_ASAP7_75t_R,3.55518982309011e-11,2.9328477682197523e-15
drc_bufs164435,0,0,0,20664,12888,20826,13158,0,0,1,INVxp67_ASAP7_75t_R,3.55518982309011e-11,1.5613778524489695e-18
drc_bufs164441,0,0,0,19800,29628,19962,29898,0,0,1,INVxp67_ASAP7_75t_R,3.55518982309011e-11,5.66737818783955e-14
drc_bufs164453,0,0,0,17964,43398,18180,43668,0,1,0,HB1xp67_ASAP7_75t_SL,5.092500199310734e-09,3.726603613641178e-15
drc_bufs164456,0,0,0,1602,23958,1818,24228,0,1,0,HB1xp67_ASAP7_75t_SL,5.092500199310734e-09,0.0
drc_bufs164459,0,0,0,1710,25308,1926,25578,0,1,0,HB1xp67_ASAP7_75t_SL,4.223803973246731e-09,2.453155332204915e-07
drc_bufs164462,0,0,0,20286,2088,20502,2358,0,1,0,HB1xp67_ASAP7_75t_SL,4.222006744214468e-09,2.506907321730978e-07
drc_bufs164466,0,0,0,1386,26388,1548,26658,0,0,1,INVxp33_ASAP7_75t_R,1.6334000124684778e-11,0.0
drc_bufs164469,0,0,0,21744,1818,21906,2088,0,0,1,INVxp67_ASAP7_75t_R,2.1990265511306895e-11,1.6208170450227044e-07
drc_bufs164470,0,0,0,21420,2088,21582,2358,0,0,1,INVxp67_ASAP7_75t_R,2.3671578586181852e-11,2.749549139480223e-07
drc_bufs164472,0,0,0,22176,2088,22338,2358,0,0,1,INVxp67_ASAP7_75t_R,2.1997664106931936e-11,2.2665199139737524e-07
drc_bufs164473,0,0,0,21690,2628,21852,2898,0,0,1,INVxp67_ASAP7_75t_R,2.3680141181259273e-11,2.7925028689423925e-07
drc_bufs164475,0,0,0,23202,2088,23364,2358,0,0,1,INVxp67_ASAP7_75t_R,2.0336933526099443e-11,2.5874402354020276e-07
drc_bufs164476,0,0,0,22608,2358,22770,2628,0,0,1,INVxp67_ASAP7_75t_R,2.1732622645931343e-11,3.285181833234674e-07
drc_bufs164478,0,0,0,21744,44208,21906,44478,0,0,1,INVxp67_ASAP7_75t_R,3.26157816032957e-11,2.75947931172027e-09
drc_bufs164479,0,0,0,21096,43938,21258,44208,0,0,1,INVxp67_ASAP7_75t_R,3.550028326859689e-11,5.131713720629705e-09
drc_bufs164481,0,0,0,21474,1818,21636,2088,0,0,1,INVxp67_ASAP7_75t_R,2.8623839409824825e-11,7.965226700434869e-08
drc_bufs164482,0,0,0,20988,2088,21150,2358,0,0,1,INVxp67_ASAP7_75t_R,3.112866908683287e-11,1.2073508059984306e-07
drc_bufs164484,0,0,0,20610,44208,20772,44478,0,0,1,INVxp67_ASAP7_75t_R,2.033693005665249e-11,2.1619970880237815e-07
drc_bufs164485,0,0,0,20178,43668,20340,43938,0,0,1,INVxp67_ASAP7_75t_R,2.173261570703744e-11,3.4207613452963415e-07
drc_bufs164487,0,0,0,21150,44208,21312,44478,0,0,1,INVxp67_ASAP7_75t_R,2.0336933526099443e-11,1.9050138178045017e-07
drc_bufs164488,0,0,0,20448,44208,20610,44478,0,0,1,INVxp67_ASAP7_75t_R,2.1732622645931343e-11,3.2739711741669453e-07
drc_bufs164490,0,0,0,22878,44208,23040,44478,0,0,1,INVxp67_ASAP7_75t_R,2.033693005665249e-11,2.1950620521238307e-07
drc_bufs164491,0,0,0,22068,43938,22230,44208,0,0,1,INVxp67_ASAP7_75t_R,2.173261570703744e-11,3.445672405177902e-07
drc_bufs164493,0,0,0,23202,44208,23364,44478,0,0,1,INVxp67_ASAP7_75t_R,2.0324689847806e-11,1.9466072842533322e-07
drc_bufs164494,0,0,0,22824,43398,22986,43668,0,0,1,INVxp67_ASAP7_75t_R,2.171801974371057e-11,3.681397799937258e-07
drc_bufs164496,0,0,0,21582,44208,21744,44478,0,0,1,INVxp67_ASAP7_75t_R,2.1997669311102364e-11,1.3823196809426008e-07
drc_bufs164497,0,0,0,21420,43938,21582,44208,0,0,1,INVxp67_ASAP7_75t_R,2.3680144650706225e-11,2.8324757295195013e-07
drc_bufs164499,0,0,0,1224,23148,1386,23418,0,0,1,INVxp67_ASAP7_75t_R,2.0324688113082523e-11,1.5974441680555174e-07
drc_bufs164500,0,0,0,1224,22878,1386,23148,0,0,1,INVxp67_ASAP7_75t_R,2.1718023213157522e-11,3.0423791486100527e-07
drc_bufs164502,0,0,0,1116,21258,1278,21528,0,0,1,INVxp67_ASAP7_75t_R,2.4230317405282698e-11,1.3672118370777753e-07
drc_bufs164503,0,0,0,1602,20718,1764,20988,0,0,1,INVxp67_ASAP7_75t_R,2.6230548982875135e-11,2.404506744824175e-07
drc_bufs164505,0,0,0,44100,22068,44262,22338,0,0,1,INVxp67_ASAP7_75t_R,2.0324688113082523e-11,2.0734280781198322e-07
drc_bufs164506,0,0,0,30222,22068,30384,22338,0,0,1,INVxp67_ASAP7_75t_R,2.1718023213157522e-11,8.469972385682922e-07
drc_bufs164508,0,0,0,44424,22068,44586,22338,0,0,1,INVxp67_ASAP7_75t_R,2.0324688113082523e-11,1.8077166430430225e-07
drc_bufs164509,0,0,0,30060,22338,30222,22608,0,0,1,INVxp67_ASAP7_75t_R,2.1718023213157522e-11,8.968938800535398e-07
drc_bufs164511,0,0,0,1548,20988,1710,21258,0,0,1,INVxp67_ASAP7_75t_R,2.0324688113082523e-11,2.2853917869269935e-07
drc_bufs164512,0,0,0,1440,20718,1602,20988,0,0,1,INVxp67_ASAP7_75t_R,2.1718023213157522e-11,3.181200440849352e-07
drc_bufs164514,0,0,0,21636,1278,21798,1548,0,0,1,INVxp67_ASAP7_75t_R,2.033693005665249e-11,1.764592809649912e-07
drc_bufs164515,0,0,0,21204,1548,21366,1818,0,0,1,INVxp67_ASAP7_75t_R,2.173261570703744e-11,3.3064185345210717e-07
drc_bufs164517,0,0,0,44478,23688,44640,23958,0,0,1,INVxp67_ASAP7_75t_R,2.2072711713949644e-11,1.292040394673677e-07
drc_bufs164518,0,0,0,29898,23418,30060,23688,0,0,1,INVxp67_ASAP7_75t_R,2.3766910314804157e-11,6.956739753150032e-07
drc_bufs164520,0,0,0,23256,1548,23418,1818,0,0,1,INVxp67_ASAP7_75t_R,2.0324688113082523e-11,2.343711571484164e-07
drc_bufs164521,0,0,0,22770,1818,22932,2088,0,0,1,INVxp67_ASAP7_75t_R,2.1718023213157522e-11,3.157826427013788e-07
drc_bufs164523,0,0,0,1386,23148,1548,23418,0,0,1,INVxp67_ASAP7_75t_R,2.0324688113082523e-11,1.668994400461088e-07
drc_bufs164524,0,0,0,1602,22608,1764,22878,0,0,1,INVxp67_ASAP7_75t_R,2.1718023213157522e-11,3.390140648207307e-07
drc_bufs164526,0,0,0,1224,24228,1386,24498,0,0,1,INVxp67_ASAP7_75t_R,2.6755273344059027e-11,1.1331962923577521e-07
drc_bufs164527,0,0,0,1548,24768,1710,25038,0,0,1,INVxp67_ASAP7_75t_R,2.9059804909636888e-11,1.8943701718399097e-07
drc_bufs164529,0,0,0,44424,22878,44586,23148,0,0,1,INVxp67_ASAP7_75t_R,2.0324688113082523e-11,1.7247970163225546e-07
drc_bufs164530,0,0,0,29628,19908,29790,20178,0,0,1,INVxp67_ASAP7_75t_R,2.1718023213157522e-11,1.0051109029518557e-06
drc_bufs164532,0,0,0,44262,22878,44424,23148,0,0,1,INVxp67_ASAP7_75t_R,2.0324688113082523e-11,1.8222979747406498e-07
drc_bufs164533,0,0,0,25146,23148,25308,23418,0,0,1,INVxp67_ASAP7_75t_R,2.1718023213157522e-11,1.1181159607076552e-06
drc_bufs164535,0,0,0,44478,25308,44640,25578,0,0,1,INVxp67_ASAP7_75t_R,3.5537392473194984e-11,2.5631785582902467e-09
drc_bufs164536,0,0,0,44154,25578,44316,25848,0,0,1,INVxp67_ASAP7_75t_R,3.26498723890456e-11,3.2591085386002305e-09
drc_bufs164538,0,0,0,16182,42588,16344,42858,0,0,1,INVxp67_ASAP7_75t_R,3.263947445653059e-11,3.90013976669934e-09
drc_bufs164539,0,0,0,15750,42318,15912,42588,0,0,1,INVxp67_ASAP7_75t_R,3.552607513723771e-11,2.583854241677841e-09
drc_bufs164541,0,0,0,19260,44208,19422,44478,0,0,1,INVxp67_ASAP7_75t_R,2.20549654927904e-11,2.906037650518556e-07
drc_bufs164542,0,0,0,18882,43938,19044,44208,0,0,1,INVxp67_ASAP7_75t_R,2.3746398944424207e-11,2.3793953118911304e-07
drc_bufs164544,0,0,0,20286,44208,20448,44478,0,0,1,INVxp67_ASAP7_75t_R,2.7069672892121588e-11,1.2732263598991267e-07
drc_bufs164545,0,0,0,20070,44208,20232,44478,0,0,1,INVxp67_ASAP7_75t_R,2.940916954408124e-11,1.1849201086988614e-07
drc_bufs164547,0,0,0,21798,2088,21960,2358,0,0,1,INVxp67_ASAP7_75t_R,2.7975817842862405e-11,2.813276296365075e-07
drc_bufs164548,0,0,0,21528,2628,21690,2898,0,0,1,INVxp67_ASAP7_75t_R,3.041314769469672e-11,4.120965400034038e-07
drc_bufs164550,0,0,0,44316,23688,44478,23958,0,0,1,INVxp67_ASAP7_75t_R,2.7104138378142295e-11,7.350013930818022e-08
drc_bufs164551,0,0,0,43992,23958,44154,24228,0,0,1,INVxp67_ASAP7_75t_R,2.9447437543961286e-11,1.2819496930660534e-07
drc_bufs164553,0,0,0,21744,3438,21906,3708,0,0,1,INVxp67_ASAP7_75t_R,2.7104138378142295e-11,1.2003403071503271e-07
drc_bufs164554,0,0,0,21312,3708,21474,3978,0,0,1,INVxp67_ASAP7_75t_R,2.9447437543961286e-11,1.322174796314357e-07
drc_bufs164556,0,0,0,1386,23958,1548,24228,0,0,1,INVxp67_ASAP7_75t_R,3.266319853478805e-11,0.0
drc_bufs164557,0,0,0,1386,24228,1548,24498,0,0,1,INVxp67_ASAP7_75t_R,3.55518982309011e-11,0.0
drc_bufs164559,0,0,0,44478,21798,44640,22068,0,0,1,INVxp67_ASAP7_75t_R,3.263947445653059e-11,1.3375011098659684e-09
drc_bufs164560,0,0,0,43938,22068,44100,22338,0,0,1,INVxp67_ASAP7_75t_R,3.552607513723771e-11,2.395821985246016e-09
drc_bufs164562,0,0,0,1386,20988,1548,21258,0,0,1,INVxp67_ASAP7_75t_R,2.1974273095581864e-11,1.6182266904252174e-07
drc_bufs164563,0,0,0,1224,20988,1386,21258,0,0,1,INVxp67_ASAP7_75t_R,2.3653074290863607e-11,2.2463626692115213e-07
drc_bufs164565,0,0,0,20988,3708,21150,3978,0,0,1,INVxp67_ASAP7_75t_R,2.207266661113927e-11,3.8233122268138686e-07
drc_bufs164566,0,0,0,20610,3708,20772,3978,0,0,1,INVxp67_ASAP7_75t_R,2.3766860007823354e-11,2.2266777932600235e-07
drc_bufs164571,0,0,0,18882,44208,19044,44478,0,0,1,INVxp33_ASAP7_75t_SL,1.6880400410812513e-09,2.1169487874912046e-15
drc_bufs164572,0,0,0,18450,43668,18612,43938,0,0,1,INVxp67_ASAP7_75t_R,3.55518982309011e-11,1.7483204723626068e-15
drc_bufs164574,0,0,0,21204,2088,21366,2358,0,0,1,INVxp33_ASAP7_75t_R,1.63299981176257e-11,2.983324920435848e-09
drc_bufs164577,0,0,0,24336,23418,24498,23688,0,0,1,INVxp33_ASAP7_75t_R,1.6334000124684778e-11,2.838749607559851e-15
drc_bufs164580,0,0,0,22608,2088,22770,2358,0,0,1,INVxp33_ASAP7_75t_R,1.6334000124684778e-11,7.34328013842064e-16
drc_bufs164583,0,0,0,21042,43128,21204,43398,0,0,1,INVxp33_ASAP7_75t_R,1.6334000124684778e-11,2.471966188093016e-19
drc_bufs164586,0,0,0,20718,30708,20880,30978,0,0,1,INVxp33_ASAP7_75t_R,1.6334000124684778e-11,1.0663936097013438e-13
drc_bufs164589,0,0,0,1386,25308,1548,25578,0,0,1,INVxp67_ASAP7_75t_R,2.7115552858614222e-11,1.133217750748372e-07
drc_bufs164590,0,0,0,1224,25308,1386,25578,0,0,1,INVxp67_ASAP7_75t_R,2.946010796422982e-11,1.1637941810249686e-07
drc_bufs164592,0,0,0,30708,16938,30870,17208,0,0,1,INVxp33_ASAP7_75t_R,1.6334000124684778e-11,1.852169041036589e-15
drc_bufs164595,0,0,0,21474,1278,21636,1548,0,0,1,INVxp67_ASAP7_75t_R,2.7104138378142295e-11,8.46883878580229e-08
drc_bufs164596,0,0,0,20880,1818,21042,2088,0,0,1,INVxp67_ASAP7_75t_R,2.9447437543961286e-11,1.3386295449890895e-07
drc_bufs164598,0,0,0,32274,25848,32436,26118,0,0,1,INVxp33_ASAP7_75t_R,1.6334000124684778e-11,1.7835250674746268e-15
drc_bufs164601,0,0,0,23742,43128,23904,43398,0,0,1,INVxp33_ASAP7_75t_R,1.6334000124684778e-11,7.223364625286665e-16
drc_bufs164604,0,0,0,9918,25308,10080,25578,0,0,1,INVxp33_ASAP7_75t_R,1.6334000124684778e-11,1.214811370699447e-15
drc_bufs189334,0,0,0,22554,1278,22716,1548,0,0,1,INVxp33_ASAP7_75t_L,1.618793432633936e-10,1.4901188061244852e-09
drc_bufs189335,0,0,0,21960,1548,22122,1818,0,0,1,INVxp67_ASAP7_75t_R,3.55431899190517e-11,2.6754154447417022e-09
drc_bufs189336,0,0,0,1386,22608,1548,22878,0,0,1,INVxp33_ASAP7_75t_L,1.6191900598094833e-10,3.465501101908389e-16
drc_bufs189337,0,0,0,1602,23148,1764,23418,0,0,1,INVxp67_ASAP7_75t_R,3.55518982309011e-11,6.900587368263245e-16
drc_bufs189338,0,0,0,22824,1278,22986,1548,0,0,1,INVxp33_ASAP7_75t_L,1.6191900598094833e-10,3.368176222175482e-16
drc_bufs189339,0,0,0,22284,1548,22446,1818,0,0,1,INVxp67_ASAP7_75t_R,3.55518982309011e-11,6.129988556586804e-16
drc_bufs189340,0,0,0,44316,17748,44478,18018,0,0,1,INVxp33_ASAP7_75t_L,1.6191900598094833e-10,8.568919872438668e-16
drc_bufs189341,0,0,0,43830,16938,43992,17208,0,0,1,INVxp67_ASAP7_75t_R,3.55518982309011e-11,7.22921444657864e-16
drc_bufs189342,0,0,0,23040,44208,23202,44478,0,0,1,INVxp33_ASAP7_75t_L,1.6191900598094833e-10,3.4389241196993055e-16
drc_bufs189343,0,0,0,23418,43668,23580,43938,0,0,1,INVxp67_ASAP7_75t_R,3.55518982309011e-11,6.433780628888703e-16
drc_bufs189344,0,0,0,44316,25308,44478,25578,0,0,1,INVxp33_ASAP7_75t_L,1.6191900598094833e-10,6.290580180034707e-16
drc_bufs189345,0,0,0,43776,25578,43938,25848,0,0,1,INVxp67_ASAP7_75t_R,3.55518982309011e-11,6.094522757689675e-16
drc_bufs190211,0,0,0,22068,44208,22230,44478,0,0,1,INVxp33_ASAP7_75t_L,1.6191900598094833e-10,1.3505355889168262e-19
drc_bufs190212,0,0,0,21798,43668,21960,43938,0,0,1,INVxp67_ASAP7_75t_R,3.55518982309011e-11,2.0260933489540303e-19
drc_bufs190213,0,0,0,21906,44208,22068,44478,0,0,1,INVxp33_ASAP7_75t_L,1.6191900598094833e-10,2.170269172707684e-14
drc_bufs190214,0,0,0,21258,43938,21420,44208,0,0,1,INVxp67_ASAP7_75t_R,3.55518982309011e-11,3.1400886936223255e-14
drc_bufs190215,0,0,0,1386,24768,1548,25038,0,0,1,INVxp33_ASAP7_75t_L,1.6191900598094833e-10,4.479885260227478e-16
drc_bufs190216,0,0,0,1548,25308,1710,25578,0,0,1,INVxp67_ASAP7_75t_R,3.55518982309011e-11,5.059345793400065e-16
drc_bufs213859,0,0,0,35406,10998,35622,11268,0,1,0,HB1xp67_ASAP7_75t_SL,2.552710043346451e-09,1.0032506452262169e-06
drc_bufs6,0,0,0,35784,11268,36000,11538,0,1,0,HB1xp67_ASAP7_75t_R,2.5581949752995214e-11,1.139423375207116e-06
fopt,0,0,0,41616,13428,41886,13698,0,1,0,BUFx2_ASAP7_75t_R,1.3275523735867267e-10,9.69157767372053e-08
fopt1,0,0,0,28062,15858,28224,16128,0,0,1,INVx1_ASAP7_75t_SL,5.1130877309901734e-09,5.697638627566448e-08
fopt1322,0,0,0,41724,30708,41886,30978,0,0,1,INVx1_ASAP7_75t_SL,5.034441752371777e-09,4.487038651745934e-08
fopt1377,0,0,0,35568,20178,35730,20448,0,0,1,INVx1_ASAP7_75t_L,4.829043831477975e-10,4.779319340286747e-08
fopt1378,0,0,0,33570,20448,33732,20718,0,0,1,INVx1_ASAP7_75t_SL,5.1130877309901734e-09,8.582526334066642e-08
fopt1385,0,0,0,34326,21258,34596,21528,0,1,0,BUFx2_ASAP7_75t_SL,1.3563099976465764e-08,2.9635725297405546e-12
fopt162394,0,0,0,42264,12078,42426,12348,0,0,1,INVx1_ASAP7_75t_SL,5.1130877309901734e-09,5.290872095997656e-08
fopt162402,0,0,0,38322,30708,38484,30978,0,0,1,INVx1_ASAP7_75t_SL,5.0640900361997865e-09,3.904722783987496e-15
fopt162413,0,0,0,38376,19638,38538,19908,0,0,1,INVx1_ASAP7_75t_SL,5.1130877309901734e-09,3.783526381084812e-08
fopt162431,0,0,0,37134,29088,37350,29358,0,1,0,HB1xp67_ASAP7_75t_SL,5.11833997407507e-09,1.010717551319651e-12
fopt162437,0,0,0,31194,19908,31518,20178,0,1,0,BUFx3_ASAP7_75t_SL,2.0500600328432483e-08,2.922294567789252e-12
fopt162699,0,0,0,40644,26118,40860,26388,0,0,1,INVx2_ASAP7_75t_SL,1.0128200500503226e-08,0.0
fopt162739,0,0,0,19044,32868,19260,33138,0,1,0,HB1xp67_ASAP7_75t_R,5.188600243899444e-11,0.0
fopt162752,0,0,0,21096,31248,21258,31518,0,0,1,INVxp67_ASAP7_75t_R,3.534372447488998e-11,1.7440825672565552e-08
fopt162754,0,0,0,22014,31518,22230,31788,0,1,0,HB1xp67_ASAP7_75t_SL,5.088373278283598e-09,4.860061864064846e-08
fopt162757,0,0,0,21204,30978,21366,31248,0,0,1,INVx1_ASAP7_75t_SL,5.1130877309901734e-09,3.7396684859913876e-08
fopt162758,0,0,0,26928,30978,27090,31248,0,0,1,INVx1_ASAP7_75t_R,4.899229633092972e-11,5.1932246446695276e-15
fopt162760,0,0,0,26766,30978,26928,31248,0,0,1,INVxp67_ASAP7_75t_SL,3.4288101247170744e-09,2.5137790645986344e-15
fopt162854,0,0,0,34326,12078,34542,12348,0,1,0,HB1xp67_ASAP7_75t_R,5.188600243899444e-11,0.0
fopt162859,0,0,0,36054,11268,36216,11538,0,0,1,INVxp67_ASAP7_75t_SL,3.4288101247170744e-09,0.0
fopt162860,0,0,0,36972,11808,37242,12078,0,0,1,INVx3_ASAP7_75t_SL,1.54295989318598e-08,0.0
fopt163534,0,0,0,13860,27468,14022,27738,0,0,1,INVxp67_ASAP7_75t_SL,2.677933652606157e-09,2.6836630695470376e-07
fopt163538,0,0,0,22230,22878,22446,23148,0,0,1,INVx2_ASAP7_75t_SL,7.915128108493263e-09,1.0206158549408428e-06
fopt163540,0,0,0,19260,20988,19422,21258,0,0,1,INVx1_ASAP7_75t_SL,4.016889043612082e-09,2.0196902994484844e-07
fopt163741_dup,0,0,0,16290,17478,16992,17748,0,0,1,INVx11_ASAP7_75t_SL,2.8069724322676848e-08,2.9461975827871356e-06
fopt163801,0,0,0,42102,31248,42264,31518,0,0,1,INVxp67_ASAP7_75t_SL,3.4087348499411974e-09,3.719009100677795e-08
fopt163956,0,0,0,15750,11268,15912,11538,0,0,1,INVx1_ASAP7_75t_SL,4.929765484718018e-09,2.568631600752269e-07
fopt163967,0,0,0,26928,32328,27252,32598,0,0,1,INVx4_ASAP7_75t_SL,2.0572800352169907e-08,0.0
fopt163968,0,0,0,26928,31788,27090,32058,0,0,1,INVx1_ASAP7_75t_SL,5.143200088042477e-09,0.0
fopt163976,0,0,0,33300,20988,33462,21258,0,0,1,INVx1_ASAP7_75t_SL,5.1130877309901734e-09,3.3205573402028676e-08
fopt163978,0,0,0,31950,20178,32220,20448,0,1,0,BUFx2_ASAP7_75t_SL,1.3586982205993081e-08,1.2811730698558677e-07
fopt164030,0,0,0,28926,11808,29142,12078,0,0,1,INVx2_ASAP7_75t_SL,1.0068903932847206e-08,3.128031522692254e-08
fopt164034,0,0,0,31464,22068,31626,22338,0,0,1,INVx1_ASAP7_75t_L,5.20423981686946e-10,5.6100338879038446e-15
fopt164037,0,0,0,32760,23418,33030,23688,0,0,1,INVx3_ASAP7_75t_SL,1.54295989318598e-08,1.0214026415563023e-14
fopt164092,0,0,0,34920,14778,35244,15048,0,1,0,BUFx3_ASAP7_75t_SL,2.0225586538913376e-08,2.0081444063180243e-07
fopt167964,0,0,0,40266,19098,40428,19368,0,0,1,INVxp67_ASAP7_75t_L,3.219382538333093e-10,2.445652569349477e-08
fopt168634,0,0,0,33462,6678,33786,6948,0,0,1,INVx4_ASAP7_75t_SL,2.0572800352169907e-08,0.0
fopt168635,0,0,0,35514,33678,35838,33948,0,0,1,INVx4_ASAP7_75t_SL,2.0572800352169907e-08,0.0
fopt168636,0,0,0,35622,32598,35946,32868,0,0,1,INVx4_ASAP7_75t_SL,2.0572800352169907e-08,0.0
fopt168641,0,0,0,27198,33678,27522,33948,0,0,1,INVx4_ASAP7_75t_SL,2.0572800352169907e-08,0.0
fopt168642,0,0,0,27252,33948,27576,34218,0,0,1,INVx4_ASAP7_75t_SL,2.0572800352169907e-08,0.0
fopt168704,0,0,0,22662,20178,22878,20448,0,1,0,HB1xp67_ASAP7_75t_R,5.1684108381966354e-11,1.1834992541537304e-08
fopt168784,0,0,0,33354,24498,33678,24768,0,0,1,INVx4_ASAP7_75t_SL,2.0572800352169907e-08,3.0923256492211343e-15
fopt168785,0,0,0,33354,24228,33678,24498,0,0,1,INVx4_ASAP7_75t_SL,2.0572800352169907e-08,2.98458221129744e-15
fopt169158,0,0,0,22230,31788,22392,32058,0,0,1,INVxp33_ASAP7_75t_SL,1.7043624289669879e-09,1.6588630913361158e-08
fopt169162,0,0,0,22284,10728,22446,10998,0,0,1,INVxp67_ASAP7_75t_SL,3.4288101247170744e-09,0.0
fopt169190,0,0,0,36648,12618,36810,12888,0,0,1,INVxp67_ASAP7_75t_SL,3.4087348499411974e-09,2.2902231222587943e-08
fopt169192,0,0,0,32544,23148,32814,23418,0,0,1,INVx3_ASAP7_75t_SL,1.54295989318598e-08,0.0
fopt169193,0,0,0,31410,23148,31572,23418,0,0,1,INVx1_ASAP7_75t_SL,5.0640900361997865e-09,0.0
fopt170775,0,0,0,33624,6948,33948,7218,0,0,1,INVx4_ASAP7_75t_SL,2.0572800352169907e-08,0.0
fopt171563,0,0,0,20016,7758,20340,8028,0,0,1,INVx4_ASAP7_75t_SL,2.0572800352169907e-08,0.0
fopt171564,0,0,0,19908,8298,20232,8568,0,0,1,INVx4_ASAP7_75t_SL,2.0572800352169907e-08,0.0
fopt172293,0,0,0,38808,30978,38970,31248,0,0,1,INVxp67_ASAP7_75t_SL,3.4087348499411974e-09,2.2985206626913168e-08
fopt173083,0,0,0,19584,33408,19908,33678,0,1,0,BUFx3_ASAP7_75t_SL,2.0500600328432483e-08,1.735754145667026e-14
fopt173087,0,0,0,20718,32328,20934,32598,0,1,0,HB1xp67_ASAP7_75t_SL,5.092500199310734e-09,6.908574359560261e-15
fopt173234,0,0,0,18720,32868,18882,33138,0,0,1,INVx1_ASAP7_75t_SL,5.143200088042477e-09,0.0
fopt173235,0,0,0,18882,32868,19044,33138,0,0,1,INVx1_ASAP7_75t_L,4.857479973807699e-10,0.0
fopt173238,0,0,0,18828,32058,18990,32328,0,0,1,INVxp67_ASAP7_75t_R,3.55518982309011e-11,0.0
fopt173240,0,0,0,27630,16668,27792,16938,0,0,1,INVxp33_ASAP7_75t_R,1.6238382166688936e-11,1.8730133888311684e-08
fopt173241,0,0,0,28764,26118,28926,26388,0,0,1,INVxp33_ASAP7_75t_R,1.6238382166688936e-11,1.555628159621847e-08
fopt173242,0,0,0,29412,26118,29574,26388,0,0,1,INVx1_ASAP7_75t_SL,5.1130877309901734e-09,6.34350669770356e-08
fopt173278,0,0,0,19044,33948,19260,34218,0,0,1,INVx2_ASAP7_75t_SL,1.0128196947789547e-08,4.679753980163515e-12
fopt173279,0,0,0,18396,33138,18612,33408,0,0,1,INVx2_ASAP7_75t_SL,1.0286396623371274e-08,1.1275525652054696e-11
fopt173311,0,0,0,19800,18288,20016,18558,0,1,0,HB1xp67_ASAP7_75t_R,5.0146487656776983e-11,2.8284770081654642e-08
fopt173318,0,0,0,14022,40698,14184,40968,0,0,1,INVx1_ASAP7_75t_SL,2.5893405197763286e-09,3.5202569961256813e-06
fopt173319,0,0,0,14670,40968,14994,41238,0,1,0,BUFx3_ASAP7_75t_SL,1.0334584743532105e-08,1.2010041245957837e-05
fopt173320,0,0,0,14346,39888,14562,40158,0,1,0,HB1xp67_ASAP7_75t_SL,2.5842705753120754e-09,6.895265414641472e-06
fopt173873,0,0,0,30978,22338,31140,22608,0,0,1,INVx1_ASAP7_75t_SL,5.0640900361997865e-09,6.04217273341757e-15
fopt174830,0,0,0,17748,33138,18018,33408,0,0,1,INVx3_ASAP7_75t_SL,1.5429593602789282e-08,9.94603011061912e-12
fopt174832,0,0,0,17910,34218,18072,34488,0,0,1,INVx1_ASAP7_75t_SL,5.143198311685637e-09,3.711026711622489e-12
fopt174833,0,0,0,17748,32598,18018,32868,0,1,0,BUFx2_ASAP7_75t_SL,1.3666994647110187e-08,1.0479906872862266e-11
fopt175575,0,0,0,34542,13158,34704,13428,0,0,1,INVx1_ASAP7_75t_SL,5.0640900361997865e-09,4.755000714462727e-15
fopt176458,0,0,0,31626,22068,31788,22338,0,0,1,INVx1_ASAP7_75t_SL,5.0640900361997865e-09,6.230552860886926e-15
fopt176651_dup,0,0,0,16506,9918,17046,10188,0,1,0,BUFx6f_ASAP7_75t_SL,4.068960279823841e-08,0.0
fopt176671,0,0,0,23364,32868,23634,33138,0,0,1,INVx3_ASAP7_75t_SL,1.533926052843526e-08,1.8280644553669845e-07
fopt177154,0,0,0,37782,32328,37998,32598,0,0,1,INVx2_ASAP7_75t_SL,1.0286400176084953e-08,0.0
fopt177156,0,0,0,37080,32328,37404,32598,0,1,0,BUFx3_ASAP7_75t_SL,2.0500600328432483e-08,0.0
fopt178088,0,0,0,34164,11808,34380,12078,0,0,1,INVx2_ASAP7_75t_SL,1.0286400176084953e-08,0.0
fopt178089,0,0,0,34380,11808,34542,12078,0,0,1,INVx1_ASAP7_75t_SL,5.0640900361997865e-09,0.0
fopt178090,0,0,0,35676,11808,35838,12078,0,0,1,INVx1_ASAP7_75t_L,5.20423981686946e-10,0.0
fopt178139,0,0,0,19476,26928,19692,27198,0,1,0,HB1xp67_ASAP7_75t_R,5.0146487656776983e-11,3.024569394938226e-08
fopt178188,0,0,0,15048,41238,15210,41508,0,0,1,INVxp67_ASAP7_75t_SL,1.792769710462494e-09,4.4078306018491276e-06
fopt178189,0,0,0,14184,40698,14400,40968,0,1,0,HB1xp67_ASAP7_75t_SL,2.6783077977654557e-09,5.785224857390858e-06
fopt178202,0,0,0,18558,32868,18720,33138,0,0,1,INVx1_ASAP7_75t_L,5.20423981686946e-10,1.2109174535346199e-18
fopt178203,0,0,0,18234,33138,18396,33408,0,0,1,INVx1_ASAP7_75t_L,4.857479973807699e-10,1.360418251737121e-18
fopt178204,0,0,0,17478,33678,17640,33948,0,0,1,INVx1_ASAP7_75t_SL,5.143200088042477e-09,1.9457136755916267e-18
fopt178207,0,0,0,17640,33678,17964,33948,0,1,0,BUFx3_ASAP7_75t_SL,2.034469837042252e-08,5.940022029051469e-18
fopt178822,0,0,0,36594,13158,36918,13428,0,1,0,BUFx3_ASAP7_75t_L,1.9777699478140676e-09,6.614844089147809e-12
fopt179708,0,0,0,31572,23148,31734,23418,0,0,1,INVxp67_ASAP7_75t_SL,3.3760600981480593e-09,0.0
fopt179709,0,0,0,32112,23148,32328,23418,0,1,0,HB1xp67_ASAP7_75t_SL,5.11833997407507e-09,0.0
fopt181935,0,0,0,14346,30438,14508,30708,0,0,1,INVxp67_ASAP7_75t_R,3.55518982309011e-11,9.345166674371596e-20
fopt181975,0,0,0,36108,12618,36378,12888,0,0,1,INVx3_ASAP7_75t_SL,1.5103255535109383e-08,1.4861082320294372e-07
fopt181996,0,0,0,22284,3978,22824,4248,0,1,0,BUFx6f_ASAP7_75t_SL,2.0422749713588928e-08,7.157295840443112e-06
fopt182304_dup188806,0,0,0,8190,22878,8730,23148,0,1,0,BUFx6f_ASAP7_75t_SL,4.068960279823841e-08,0.0
fopt182409,0,0,0,18180,34758,18450,35028,0,0,1,INVx3_ASAP7_75t_SL,1.54295989318598e-08,2.9960361845481842e-18
fopt182608,0,0,0,20232,16128,20772,16398,0,1,0,BUFx6f_ASAP7_75t_SL,4.099641515153962e-08,8.767833570288985e-09
fopt182915,0,0,0,27468,10998,27630,11268,0,0,1,INVxp67_ASAP7_75t_SL,3.3760600981480593e-09,0.0
fopt184226,0,0,0,22554,7758,22824,8028,0,0,1,INVx3_ASAP7_75t_SL,1.54295989318598e-08,1.4994820977335538e-15
fopt184227,0,0,0,22284,7758,22554,8028,0,0,1,INVx3_ASAP7_75t_SL,1.54295989318598e-08,1.5803349924390026e-15
fopt184617,0,0,0,40104,20178,40266,20448,0,0,1,INVxp67_ASAP7_75t_SL,3.4087348499411974e-09,3.327599529256986e-08
fopt184619,0,0,0,41670,12348,41832,12618,0,0,1,INVxp67_ASAP7_75t_SL,3.4087348499411974e-09,3.266556447556468e-08
fopt184937,0,0,0,16506,9378,17046,9648,0,1,0,BUFx6f_ASAP7_75t_SL,4.068960279823841e-08,0.0
fopt185166,0,0,0,26010,40158,26334,40428,0,1,0,BUFx3_ASAP7_75t_L,1.0062150002099202e-09,3.838883003481897e-06
fopt185167,0,0,0,25848,40428,26118,40698,0,1,0,BUFx2_ASAP7_75t_R,6.821274795010268e-11,2.0921627310599433e-06
fopt185394,0,0,0,32274,8028,32598,8298,0,1,0,BUFx3_ASAP7_75t_SL,1.021132511880296e-08,3.857483079627855e-06
fopt185483,0,0,0,26982,39348,27306,39618,0,1,0,BUFx3_ASAP7_75t_SL,1.021132511880296e-08,3.970821126131341e-06
fopt185622,0,0,0,35082,28008,35406,28278,0,1,0,BUFx3_ASAP7_75t_L,1.0062150002099202e-09,2.4452638172078878e-06
fopt186117,0,0,0,36594,12078,36810,12348,0,0,1,INVx2_ASAP7_75t_SL,1.0286400176084953e-08,0.0
fopt187722,0,0,0,26010,26658,26280,26928,0,1,0,BUFx2_ASAP7_75t_L,1.3185099678736378e-09,8.871276491184688e-10
fopt188056,0,0,0,17964,27738,18504,28008,0,1,0,BUFx6f_ASAP7_75t_SL,4.100139960883098e-08,4.8764992044425526e-09
fopt188067,0,0,0,23256,25848,23580,26118,0,0,1,INVx4_ASAP7_75t_SL,2.0256301525023446e-08,1.5750798443292524e-09
fopt188071,0,0,0,22392,25848,22608,26118,0,0,1,INVx2_ASAP7_75t_SL,1.0128200500503226e-08,8.988368938034341e-10
fopt188226,0,0,0,40914,33138,41076,33408,0,0,1,INVxp67_ASAP7_75t_SL,3.4087939138061074e-09,2.2546426947656073e-08
fopt188811,0,0,0,8190,22608,8730,22878,0,1,0,BUFx6f_ASAP7_75t_SL,4.068960279823841e-08,0.0
fopt188959,0,0,0,33732,36108,33894,36378,0,0,1,INVxp67_ASAP7_75t_SL,3.4288101247170744e-09,0.0
fopt189096,0,0,0,21042,30978,21204,31248,0,0,1,INVx1_ASAP7_75t_SL,5.1130877309901734e-09,3.504270651433217e-08
fopt191528,0,0,0,33624,12618,33840,12888,0,0,1,INVx2_ASAP7_75t_SL,1.0128200500503226e-08,1.110944781399512e-14
fopt191529,0,0,0,36216,12078,36540,12348,0,0,1,INVx4_ASAP7_75t_SL,2.0572800352169907e-08,1.6597605519250332e-14
fopt191858,0,0,0,17964,29628,18126,29898,0,0,1,INVxp67_ASAP7_75t_SL,3.428393124949025e-09,4.663391894865754e-10
fopt192214,0,0,0,12402,34758,12618,35028,0,1,0,HB1xp67_ASAP7_75t_SL,5.11833997407507e-09,1.716966519014102e-19
fopt192379,0,0,0,28656,11268,28818,11538,0,0,1,INVx1_ASAP7_75t_SL,5.1130877309901734e-09,5.0096460313397984e-08
fopt193817,0,0,0,33408,24768,33732,25038,0,0,1,INVx4_ASAP7_75t_SL,2.0572800352169907e-08,0.0
fopt193818,0,0,0,33678,24498,34002,24768,0,0,1,INVx4_ASAP7_75t_SL,2.0572800352169907e-08,0.0
fopt193864,0,0,0,40104,29358,40428,29628,0,1,0,BUFx3_ASAP7_75t_SL,2.0225586538913376e-08,1.6623894794065563e-07
fopt196699,0,0,0,9216,32868,9432,33138,0,1,0,HB1xp67_ASAP7_75t_SL,3.122350600293089e-09,5.240382961346768e-06
fopt196702,0,0,0,11808,32868,12348,33138,0,1,0,BUFx6f_ASAP7_75t_SL,2.5004798231975656e-08,3.6734749301103875e-05
fopt198341,0,0,0,7812,22878,8190,23148,0,0,1,INVx5_ASAP7_75t_SL,2.5715900520140167e-08,0.0
fopt198349,0,0,0,7812,23418,8028,23688,0,0,1,INVx2_ASAP7_75t_SL,1.0286400176084953e-08,0.0
fopt198736,0,0,0,14562,10728,15102,10998,0,1,0,BUFx6f_ASAP7_75t_SL,4.068679970714584e-08,7.772833932051526e-09
fopt198745,0,0,0,14238,10998,14562,11268,0,1,0,BUFx3_ASAP7_75t_SL,2.0343296824876234e-08,4.186714086529264e-09
fopt198752,0,0,0,9864,6678,10242,6948,0,0,1,INVx5_ASAP7_75t_SL,2.5714129492371285e-08,6.266482888150904e-09
fopt198759,0,0,0,13212,6138,13428,6408,0,0,1,INVx2_ASAP7_75t_L,1.0407782413679456e-09,1.3860803615983741e-09
fopt2,0,0,0,19800,35838,19962,36108,0,0,1,INVxp67_ASAP7_75t_SL,3.4087348499411974e-09,3.314688612476857e-08
fopt200058,0,0,0,18072,31518,18234,31788,0,0,1,INVx1_ASAP7_75t_SL,5.142574810435008e-09,9.470084716411975e-10
fopt200240,0,0,0,38916,7758,39186,8028,0,0,1,INVx3_ASAP7_75t_SL,1.5192199498414993e-08,0.0
fopt200277,0,0,0,40806,8028,41130,8298,0,0,1,INVx4_ASAP7_75t_SL,2.0256301525023446e-08,0.0
fopt200350,0,0,0,31842,21528,32004,21798,0,0,1,INVx1_ASAP7_75t_SL,5.143200088042477e-09,3.5250732996656986e-15
fopt200481,0,0,0,33678,37458,33840,37728,0,0,1,INVxp67_ASAP7_75t_SL,3.4288101247170744e-09,0.0
fopt200647,0,0,0,37782,30978,37944,31248,0,0,1,INVx1_ASAP7_75t_SL,5.143200088042477e-09,5.773337181453264e-15
fopt200648,0,0,0,37890,31518,38106,31788,0,0,1,INVx2_ASAP7_75t_SL,1.0128200500503226e-08,9.61905861495034e-15
fopt200649,0,0,0,38106,31518,38322,31788,0,0,1,INVx2_ASAP7_75t_SL,1.0286400176084953e-08,8.022076248724239e-15
fopt200829,0,0,0,26712,32058,27036,32328,0,0,1,INVx4_ASAP7_75t_SL,2.0572800352169907e-08,1.3129215664414891e-14
fopt201048,0,0,0,33894,8568,34218,8838,0,0,1,INVx4_ASAP7_75t_SL,2.057029924174003e-08,5.458372420719115e-09
fopt201049,0,0,0,34218,8568,34542,8838,0,0,1,INVx4_ASAP7_75t_SL,2.057029924174003e-08,5.412199577392585e-09
fopt202285,0,0,0,33948,8028,34488,8298,0,1,0,BUFx6f_ASAP7_75t_SL,4.068465386808384e-08,6.611736935724366e-09
fopt202291,0,0,0,33678,8298,34218,8568,0,1,0,BUFx6f_ASAP7_75t_SL,4.068465386808384e-08,7.092951115339474e-09
fopt202580,0,0,0,22068,8838,22230,9108,0,0,1,INVx1_ASAP7_75t_SL,5.143200088042477e-09,4.343861933293804e-15
fopt202581,0,0,0,22608,8838,22878,9108,0,0,1,INVx3_ASAP7_75t_SL,1.54295989318598e-08,6.768515767665868e-15
fopt205429,0,0,0,24714,18018,24984,18288,0,0,1,INVx3_ASAP7_75t_SL,1.5427723099037394e-08,1.6189697360502464e-09
fopt205430,0,0,0,25470,19368,25740,19638,0,0,1,INVx3_ASAP7_75t_SL,1.5427723099037394e-08,1.5031869082804405e-09
fopt212222,0,0,0,33732,23688,34704,23958,0,1,0,BUFx12f_ASAP7_75t_SL,8.138020035630689e-08,6.353195693056118e-14
fopt212236,0,0,0,31842,23148,32058,23418,0,1,0,HB1xp67_ASAP7_75t_R,5.044180004243337e-11,0.0
fopt212376,0,0,0,34488,24498,34812,24768,0,0,1,INVx4_ASAP7_75t_SL,2.0572800352169907e-08,0.0
fopt212592,0,0,0,36864,33138,37188,33408,0,0,1,INVx4_ASAP7_75t_SL,2.0572800352169907e-08,2.4886747021079115e-15
fopt212932,0,0,0,34056,23418,34326,23688,0,0,1,INVx3_ASAP7_75t_SL,1.54295989318598e-08,2.5987973708771483e-14
fopt214309,0,0,0,24120,15588,24282,15858,0,0,1,INVxp33_ASAP7_75t_L,1.6191900598094833e-10,1.219257750317837e-10
fopt214310,0,0,0,24498,15858,24660,16128,0,0,1,INVx1_ASAP7_75t_SL,5.143200088042477e-09,3.037958773433047e-10
fopt218179,0,0,0,21636,9378,21960,9648,0,1,0,BUFx3_ASAP7_75t_SL,2.0500600328432483e-08,0.0
fopt223686,0,0,0,22554,10728,22770,10998,0,1,0,HB1xp67_ASAP7_75t_SL,5.092500199310734e-09,6.925543817625553e-15
fopt224452,0,0,0,21744,9918,21960,10188,0,0,1,INVx2_ASAP7_75t_SL,1.0286400176084953e-08,1.0395137306279043e-14
fopt224454,0,0,0,21096,10458,21312,10728,0,0,1,INVx2_ASAP7_75t_SL,1.0128200500503226e-08,8.728158678390687e-15
fopt224459,0,0,0,19746,32868,20070,33138,0,0,1,INVx4_ASAP7_75t_SL,2.0572800352169907e-08,1.2053777741834627e-14
fopt224460,0,0,0,19584,33138,19908,33408,0,0,1,INVx4_ASAP7_75t_SL,2.0572800352169907e-08,0.0
fopt2363,0,0,0,37296,13698,37512,13968,0,0,1,INVx2_ASAP7_75t_SL,1.0068903932847206e-08,1.2344148103693442e-07
fopt3,0,0,0,20070,15048,20232,15318,0,0,1,INVxp33_ASAP7_75t_R,8.528100101101721e-12,1.7024007092913962e-07
fopt60,0,0,0,40968,7758,41130,8028,0,0,1,INVxp33_ASAP7_75t_SL,1.6880400410812513e-09,0.0
fopt8,0,0,0,29790,20988,29952,21258,0,0,1,INVx1_ASAP7_75t_SL,5.143200088042477e-09,3.861504449531594e-10
g1,0,0,0,16290,9378,16506,9648,0,1,0,HB1xp67_ASAP7_75t_R,5.188587753890417e-11,3.728363451305228e-11
g10,0,0,0,22176,23148,22392,23418,0,0,0,NOR2xp33_ASAP7_75t_SL,1.2904696200521926e-09,6.314767597714877e-10
g100,0,0,0,33570,11268,33894,11538,0,0,0,AND3x1_ASAP7_75t_R,9.107990056600457e-11,2.242145445172192e-16
g102,0,0,0,40752,31788,41022,32058,0,0,0,OAI21xp33_ASAP7_75t_SL,4.376349060919438e-09,9.816375667932169e-18
g104,0,0,0,29520,13158,30168,13428,0,0,0,AOI211x1_ASAP7_75t_SL,1.2139990346327068e-08,3.4616508607070856e-15
g105,0,0,0,29358,12888,29628,13158,0,0,0,NAND3xp33_ASAP7_75t_SL,1.0070448475119065e-08,3.740782972272427e-08
g107,0,0,0,12456,10458,12780,10728,0,0,0,NAND2x1_ASAP7_75t_L,5.163178773415211e-10,8.047525170695735e-07
g108,0,0,0,16398,26118,16722,26388,0,1,0,BUFx3_ASAP7_75t_SL,1.021132511880296e-08,5.442734163807472e-06
g109,0,0,0,37026,19638,37350,19908,0,0,0,OAI211xp5_ASAP7_75t_SL,1.0061957489426732e-08,2.963386513954447e-08
g11,0,0,0,30924,22068,31248,22338,0,0,0,NOR2xp67_ASAP7_75t_SL,6.4612777350703254e-09,4.79130233752012e-12
g110,0,0,0,12672,17208,13050,17478,0,0,0,AOI221xp5_ASAP7_75t_SL,6.031677823870041e-09,2.075064742257382e-08
g111,0,0,0,18072,16938,18342,17208,0,0,0,AOI21xp5_ASAP7_75t_SL,6.271434482840732e-09,3.076013683767087e-07
g112,0,0,0,16992,16398,17208,16668,0,0,0,NAND2xp5_ASAP7_75t_SL,2.2007078381847123e-09,3.532756309709839e-08
g113,0,0,0,20394,10998,20718,11268,0,0,0,O2A1O1Ixp33_ASAP7_75t_R,2.617674826899119e-11,0.0
g114,0,0,0,39186,19908,39402,20178,0,0,1,INVx2_ASAP7_75t_SL,1.0068903932847206e-08,1.0953496598631318e-07
g116,0,0,0,14346,4248,14508,4518,0,0,1,INVxp33_ASAP7_75t_R,1.7778332625506543e-11,6.2325991589951e-11
g118,0,0,0,10728,9648,11052,9918,0,0,0,AOI22xp5_ASAP7_75t_SL,9.250101129509858e-09,0.0
g119,0,0,0,36918,13158,37080,13428,0,0,1,INVx1_ASAP7_75t_L,5.173767525512574e-10,3.26187716837012e-08
g12,0,0,0,28008,21528,28332,21798,0,0,0,AND3x1_ASAP7_75t_SL,6.560902043872829e-09,1.6384649192957568e-10
g121,0,0,0,23202,31788,23526,32058,0,0,0,A2O1A1Ixp33_ASAP7_75t_SL,5.696225269247179e-09,1.128286432359273e-17
g122,0,0,0,23418,32328,23634,32598,0,0,0,NAND2xp5_ASAP7_75t_SL,1.859943976612044e-09,2.0658094679326666e-10
g123,0,0,0,37620,12348,38160,12618,0,0,0,OAI222xp33_ASAP7_75t_SL,8.015895502921921e-09,4.668532938012504e-08
g124,0,0,0,39672,12618,39834,12888,0,0,1,INVx1_ASAP7_75t_SL,5.1130877309901734e-09,3.7401459707098184e-08
g125,0,0,0,39618,7758,39834,8028,0,0,0,NAND2xp5_ASAP7_75t_SL,6.714045319711204e-09,5.0322093159138603e-08
g126,0,0,0,23634,35298,24012,35568,0,0,0,AOI221xp5_ASAP7_75t_SL,5.897593080561592e-09,2.6547676986691127e-15
g127,0,0,0,3816,17748,4140,18018,0,0,0,AO21x1_ASAP7_75t_L,9.874151496447325e-10,1.96410843145145e-09
g128,0,0,0,43398,32058,43722,32328,0,0,0,AND2x2_ASAP7_75t_L,1.1615419737154298e-09,1.0372798559300664e-17
g1282,0,0,0,43398,31518,43722,31788,0,0,0,AND2x2_ASAP7_75t_R,1.251552472769646e-10,9.584450767784551e-18
g1287,0,0,0,42426,31518,42750,31788,0,0,0,O2A1O1Ixp33_ASAP7_75t_SL,1.971133922751278e-09,7.982083634441741e-18
g129,0,0,0,21258,21258,21528,21528,0,0,0,AOI21xp33_ASAP7_75t_SL,4.457712421412907e-09,4.828704618375923e-07
g1292,0,0,0,40266,32598,40482,32868,0,0,0,NAND2xp5_ASAP7_75t_SL,1.859943976612044e-09,2.0196549987971935e-10
g13,0,0,0,32328,24498,32760,24768,0,0,0,NAND2x1p5_ASAP7_75t_SL,5.523054014133777e-09,7.8121922840647005e-16
g130,0,0,0,28278,11268,28656,11538,0,0,0,AOI221xp5_ASAP7_75t_SL,5.897593080561592e-09,2.6245874912419684e-15
g1300,0,0,0,36918,30168,37188,30438,0,0,0,AOI21xp5_ASAP7_75t_SL,2.3266109039354887e-09,7.728152427895207e-15
g1306,0,0,0,37350,29358,37674,29628,0,0,0,AND2x2_ASAP7_75t_SL,1.1980177738735165e-08,1.1799857593038521e-14
g131,0,0,0,28548,8838,28872,9108,0,0,0,NAND4xp25_ASAP7_75t_SL,1.3426256550985727e-08,3.622851707518748e-08
g132,0,0,0,39834,20988,40158,21258,0,0,0,NAND4xp25_ASAP7_75t_SL,1.3426257439164146e-08,3.4085093858493565e-08
g1359,0,0,0,33246,21258,33786,21528,0,0,0,AND2x4_ASAP7_75t_SL,3.0311245069469805e-08,4.462529738097354e-12
g136,0,0,0,38808,12618,39132,12888,0,0,0,OAI211xp5_ASAP7_75t_SL,1.0061957489426732e-08,2.7599487140150814e-08
g1360,0,0,0,37890,20178,38106,20448,0,0,0,NOR2xp33_ASAP7_75t_SL,3.40914119156821e-09,2.4448635116414152e-08
g1365,0,0,0,36702,20448,37026,20718,0,0,0,AND2x2_ASAP7_75t_SL,1.695224938202955e-08,1.0281215168106428e-07
g1368,0,0,0,36216,20448,36378,20718,0,0,1,INVxp67_ASAP7_75t_L,3.23834015159008e-10,0.0
g1369,0,0,0,36810,20718,36972,20988,0,0,1,INVxp67_ASAP7_75t_L,3.219382538333093e-10,1.567871876773097e-08
g137,0,0,0,38484,18558,38808,18828,0,0,0,AOI211xp5_ASAP7_75t_SL,8.092321479580278e-09,2.0759549339429383e-15
g138,0,0,0,38376,20448,38700,20718,0,0,0,OAI211xp5_ASAP7_75t_SL,7.71693287049402e-09,3.545395088622172e-08
g139,0,0,0,39510,13158,39726,13428,0,0,0,NAND2xp5_ASAP7_75t_SL,1.859943976612044e-09,2.2180904335478147e-10
g14,0,0,0,20772,9378,21096,9648,0,0,0,AND2x2_ASAP7_75t_SL,1.1970993973875466e-08,9.927465428628e-16
g140,0,0,0,16344,6408,16668,6678,0,0,0,AOI22xp5_ASAP7_75t_SL,9.250101129509858e-09,0.0
g141,0,0,0,13104,6408,13428,6678,0,0,0,NAND2x1_ASAP7_75t_SL,6.3887068968426775e-09,8.346990512109187e-07
g143,0,0,0,21420,20178,21582,20448,0,0,1,INVxp67_ASAP7_75t_L,3.0599259237540366e-10,9.622614527415863e-08
g144,0,0,0,25524,9108,25740,9378,0,0,0,NAND2xp5_ASAP7_75t_SL,6.714044431532784e-09,4.0770956388769264e-08
g145,0,0,0,24930,6678,25254,6948,0,0,0,AOI22xp5_ASAP7_75t_SL,6.943873920306487e-09,4.5193971232038166e-08
g15,0,0,0,20880,8028,21204,8298,0,0,0,NAND2x1_ASAP7_75t_SL,3.6818925686077364e-09,6.799767683529525e-16
g152426__2398,0,0,0,26874,23958,27198,24228,0,0,0,AOI22xp33_ASAP7_75t_R,5.205781986039604e-11,0.0
g152428__5107,0,0,0,26550,23688,26874,23958,0,0,0,AOI22xp33_ASAP7_75t_R,5.19879590765715e-11,0.0
g152430__6260,0,0,0,25848,23148,26172,23418,0,0,0,AOI22xp33_ASAP7_75t_R,5.198786887095075e-11,0.0
g152432__4319,0,0,0,27144,23418,27468,23688,0,0,0,AOI22xp33_ASAP7_75t_R,5.188460078242585e-11,0.0
g152434__8428,0,0,0,27738,24498,28062,24768,0,0,0,AOI22xp33_ASAP7_75t_R,5.188460078242585e-11,5.011344529452788e-13
g152436__5526,0,0,0,27792,25038,28008,25308,0,0,0,NAND2xp33_ASAP7_75t_R,3.353049782273132e-11,4.0929640319348204e-13
g152438__6783,0,0,0,26766,25308,27090,25578,0,0,0,AOI22xp33_ASAP7_75t_R,5.188460078242585e-11,5.605413052126029e-13
g152440__3680,0,0,0,26280,25038,26604,25308,0,0,0,AOI22xp33_ASAP7_75t_R,5.188460078242585e-11,5.370797123011029e-13
g152442__1617,0,0,0,25794,25308,26118,25578,0,0,0,AOI22xp33_ASAP7_75t_R,5.188460078242585e-11,5.711829663759826e-13
g152444__2802,0,0,0,25362,25308,25686,25578,0,0,0,AOI22xp33_ASAP7_75t_R,5.188460078242585e-11,5.589534911309979e-13
g152446__1705,0,0,0,29682,24768,29898,25038,0,0,0,NAND2xp33_ASAP7_75t_R,3.353049782273132e-11,4.726364698920404e-13
g152448__5122,0,0,0,29196,24498,29412,24768,0,0,0,NAND2xp33_ASAP7_75t_R,3.353049782273132e-11,4.5081061279816925e-13
g152450__8246,0,0,0,28818,24498,29034,24768,0,0,0,NAND2xp33_ASAP7_75t_R,3.353049782273132e-11,4.3467996129614717e-13
g152452__7098,0,0,0,28872,21258,29088,21528,0,0,0,NAND2xp33_ASAP7_75t_R,3.353049782273132e-11,5.638414539953229e-13
g152454__6131,0,0,0,28764,20178,28980,20448,0,0,0,NAND2xp33_ASAP7_75t_R,3.353049782273132e-11,4.575646502316677e-13
g152456__1881,0,0,0,28224,20178,28440,20448,0,0,0,NAND2xp33_ASAP7_75t_R,3.353049782273132e-11,4.2008925634981487e-13
g152458__5115,0,0,0,27144,19638,27468,19908,0,0,0,AOI22xp33_ASAP7_75t_R,5.1938453538014073e-11,5.027873733673416e-13
g152460__7482,0,0,0,26712,19368,27036,19638,0,0,0,AOI22xp33_ASAP7_75t_R,5.1938453538014073e-11,5.206476525951298e-13
g152462__4733,0,0,0,27954,19368,28278,19638,0,0,0,AOI22xp33_ASAP7_75t_R,5.1938453538014073e-11,5.546087677651967e-13
g152464__6161,0,0,0,27630,18558,27954,18828,0,0,0,AOI22xp33_ASAP7_75t_R,5.1938453538014073e-11,5.211828689975773e-13
g152466__9315,0,0,0,27036,17748,27360,18018,0,0,0,AOI22xp33_ASAP7_75t_R,5.1938453538014073e-11,0.0
g152468__9945,0,0,0,26010,18288,26334,18558,0,0,0,AOI22xp33_ASAP7_75t_R,5.1938453538014073e-11,0.0
g152470__2883,0,0,0,25470,17208,25794,17478,0,0,0,AOI22xp33_ASAP7_75t_R,5.1938453538014073e-11,0.0
g152472__2346,0,0,0,24822,17748,25146,18018,0,0,0,AOI22xp33_ASAP7_75t_R,5.1938453538014073e-11,0.0
g152474__1666,0,0,0,42102,17208,42318,17478,0,0,0,NAND2xp33_ASAP7_75t_R,3.353049782273132e-11,0.0
g152476__7410,0,0,0,41724,17208,41940,17478,0,0,0,NAND2xp33_ASAP7_75t_R,3.353049782273132e-11,0.0
g152478__6417,0,0,0,42750,16398,42966,16668,0,0,0,NAND2xp33_ASAP7_75t_R,3.353049782273132e-11,0.0
g152480__5477,0,0,0,42426,16398,42642,16668,0,0,0,NAND2xp33_ASAP7_75t_R,3.353049782273132e-11,0.0
g152482__2398,0,0,0,41724,16128,41940,16398,0,0,0,NAND2xp33_ASAP7_75t_R,3.353049782273132e-11,0.0
g152484__5107,0,0,0,41076,15858,41292,16128,0,0,0,NAND2xp33_ASAP7_75t_R,3.353049782273132e-11,0.0
g152486__6260,0,0,0,39942,15588,40158,15858,0,0,0,NAND2xp33_ASAP7_75t_R,3.353049782273132e-11,0.0
g152488__4319,0,0,0,39024,16128,39240,16398,0,0,0,NAND2xp33_ASAP7_75t_R,3.353049782273132e-11,0.0
g152490__8428,0,0,0,38106,16128,38322,16398,0,0,0,NAND2xp33_ASAP7_75t_R,3.353049782273132e-11,0.0
g152492__5526,0,0,0,37296,16128,37512,16398,0,0,0,NAND2xp33_ASAP7_75t_R,3.353049782273132e-11,0.0
g152494__6783,0,0,0,36540,16128,36756,16398,0,0,0,NAND2xp33_ASAP7_75t_R,3.353049782273132e-11,0.0
g152496__3680,0,0,0,35730,16398,35946,16668,0,0,0,NAND2xp33_ASAP7_75t_R,3.353049782273132e-11,0.0
g152498__1617,0,0,0,34326,16398,34650,16668,0,0,0,AOI22xp33_ASAP7_75t_R,5.1938453538014073e-11,0.0
g152500__2802,0,0,0,33840,17478,34164,17748,0,0,0,AOI22xp33_ASAP7_75t_R,5.1938453538014073e-11,0.0
g152502__1705,0,0,0,32814,17208,33138,17478,0,0,0,AOI22xp33_ASAP7_75t_R,5.1938453538014073e-11,0.0
g152504__5122,0,0,0,31734,18558,32058,18828,0,0,0,AOI22xp33_ASAP7_75t_R,5.1938453538014073e-11,0.0
g152506__8246,0,0,0,30654,18558,30978,18828,0,0,0,AOI22xp33_ASAP7_75t_R,5.1938453538014073e-11,0.0
g152508__7098,0,0,0,29790,18828,30114,19098,0,0,0,AOI22xp33_ASAP7_75t_R,5.1938453538014073e-11,0.0
g152510__6131,0,0,0,28980,18018,29304,18288,0,0,0,AOI22xp33_ASAP7_75t_R,5.1938453538014073e-11,0.0
g152512__1881,0,0,0,31626,17478,31950,17748,0,0,0,AOI22xp33_ASAP7_75t_R,5.1938453538014073e-11,0.0
g152514__5115,0,0,0,32436,16938,32760,17208,0,0,0,AOI22xp33_ASAP7_75t_R,5.1938453538014073e-11,0.0
g152516__7482,0,0,0,33408,15858,33732,16128,0,0,0,AOI22xp33_ASAP7_75t_R,5.1938453538014073e-11,0.0
g152518__4733,0,0,0,33030,15318,33354,15588,0,0,0,AOI22xp33_ASAP7_75t_R,5.1938453538014073e-11,0.0
g152520__6161,0,0,0,32274,15318,32598,15588,0,0,0,AOI22xp33_ASAP7_75t_R,5.1938453538014073e-11,0.0
g152522__9315,0,0,0,31410,15588,31734,15858,0,0,0,AOI22xp33_ASAP7_75t_R,5.1938453538014073e-11,0.0
g152524__9945,0,0,0,30546,16398,30870,16668,0,0,0,AOI22xp33_ASAP7_75t_R,5.1938453538014073e-11,0.0
g152526__2883,0,0,0,30330,17208,30654,17478,0,0,0,AOI22xp33_ASAP7_75t_R,5.1938453538014073e-11,0.0
g152528__2346,0,0,0,30006,17208,30330,17478,0,0,0,AOI22xp33_ASAP7_75t_R,5.1938453538014073e-11,0.0
g152530__1666,0,0,0,35136,16938,35352,17208,0,0,0,NAND2xp33_ASAP7_75t_R,3.353049782273132e-11,0.0
g152532__7410,0,0,0,42102,16398,42318,16668,0,0,0,NAND2xp33_ASAP7_75t_R,3.353049782273132e-11,0.0
g152534__6417,0,0,0,41778,16398,41994,16668,0,0,0,NAND2xp33_ASAP7_75t_R,3.353049782273132e-11,0.0
g152536__5477,0,0,0,40968,16668,41184,16938,0,0,0,NAND2xp33_ASAP7_75t_R,3.353049782273132e-11,0.0
g152538__2398,0,0,0,40590,15318,40914,15588,0,0,0,AOI22xp33_ASAP7_75t_R,5.188460078242585e-11,0.0
g152540__5107,0,0,0,39456,15048,39780,15318,0,0,0,AOI22xp33_ASAP7_75t_R,5.188460078242585e-11,0.0
g152542__6260,0,0,0,40644,14508,40968,14778,0,0,0,AOI22xp33_ASAP7_75t_R,5.188460078242585e-11,0.0
g152544__4319,0,0,0,43398,15318,43722,15588,0,0,0,AOI22xp33_ASAP7_75t_R,5.188460078242585e-11,0.0
g152546__8428,0,0,0,43074,14778,43398,15048,0,0,0,AOI22xp33_ASAP7_75t_R,5.188460078242585e-11,0.0
g152548__5526,0,0,0,42264,15048,42588,15318,0,0,0,AOI22xp33_ASAP7_75t_R,5.188460078242585e-11,0.0
g152550__6783,0,0,0,40914,15318,41238,15588,0,0,0,AOI22xp33_ASAP7_75t_R,5.188460078242585e-11,0.0
g152552__3680,0,0,0,44154,15048,44478,15318,0,0,0,AOI22xp33_ASAP7_75t_R,5.188460078242585e-11,0.0
g152554__1617,0,0,0,43830,15048,44154,15318,0,0,0,AOI22xp33_ASAP7_75t_R,5.188460078242585e-11,0.0
g152556__2802,0,0,0,42372,15318,42696,15588,0,0,0,AOI22xp33_ASAP7_75t_R,5.188460078242585e-11,0.0
g152558__1705,0,0,0,40860,15048,41184,15318,0,0,0,AOI22xp33_ASAP7_75t_R,5.188460078242585e-11,0.0
g152560__5122,0,0,0,39888,14778,40212,15048,0,0,0,AOI22xp33_ASAP7_75t_R,5.188460078242585e-11,0.0
g152562__8246,0,0,0,38970,15318,39294,15588,0,0,0,AOI22xp33_ASAP7_75t_R,5.188460078242585e-11,0.0
g152564__7098,0,0,0,38646,15318,38970,15588,0,0,0,AOI22xp33_ASAP7_75t_R,5.188460078242585e-11,0.0
g152566__6131,0,0,0,37782,14778,38106,15048,0,0,0,AOI22xp33_ASAP7_75t_R,5.188460078242585e-11,0.0
g152568__1881,0,0,0,37242,15318,37566,15588,0,0,0,AOI22xp33_ASAP7_75t_R,5.188460078242585e-11,0.0
g152570__5115,0,0,0,36756,15318,37080,15588,0,0,0,AOI22xp33_ASAP7_75t_R,5.188460078242585e-11,0.0
g152572__7482,0,0,0,36216,14778,36540,15048,0,0,0,AOI22xp33_ASAP7_75t_R,5.188460078242585e-11,0.0
g152574__4733,0,0,0,35838,15048,36162,15318,0,0,0,AOI22xp33_ASAP7_75t_R,5.188460078242585e-11,0.0
g152576__6161,0,0,0,35730,15858,36054,16128,0,0,0,AOI22xp33_ASAP7_75t_R,5.188460078242585e-11,0.0
g152578__9315,0,0,0,43290,28278,43614,28548,0,0,0,AOI22xp33_ASAP7_75t_R,5.188460078242585e-11,0.0
g152580__9945,0,0,0,42426,28008,42750,28278,0,0,0,AOI22xp33_ASAP7_75t_R,5.188460078242585e-11,0.0
g152582__2883,0,0,0,41940,28818,42264,29088,0,0,0,AOI22xp33_ASAP7_75t_R,5.188460078242585e-11,0.0
g152584__2346,0,0,0,41238,29628,41562,29898,0,0,0,AOI22xp33_ASAP7_75t_R,5.188460078242585e-11,0.0
g152586__1666,0,0,0,44262,29628,44586,29898,0,0,0,AOI22xp33_ASAP7_75t_R,5.188460078242585e-11,0.0
g152588__7410,0,0,0,43938,29628,44262,29898,0,0,0,AOI22xp33_ASAP7_75t_R,5.188460078242585e-11,0.0
g152590__6417,0,0,0,42534,29628,42858,29898,0,0,0,AOI22xp33_ASAP7_75t_R,5.188460078242585e-11,0.0
g152592__5477,0,0,0,41562,29628,41886,29898,0,0,0,AOI22xp33_ASAP7_75t_R,5.188460078242585e-11,0.0
g152594__2398,0,0,0,43398,29088,43722,29358,0,0,0,AOI22xp33_ASAP7_75t_R,5.188460078242585e-11,0.0
g152596__5107,0,0,0,42372,29358,42696,29628,0,0,0,AOI22xp33_ASAP7_75t_R,5.188460078242585e-11,0.0
g152598__6260,0,0,0,41508,28278,41832,28548,0,0,0,AOI22xp33_ASAP7_75t_R,5.188460078242585e-11,0.0
g152600__4319,0,0,0,41022,28548,41346,28818,0,0,0,AOI22xp33_ASAP7_75t_R,5.188460078242585e-11,0.0
g152602__8428,0,0,0,40698,29088,41022,29358,0,0,0,AOI22xp33_ASAP7_75t_R,5.188460078242585e-11,0.0
g152604__5526,0,0,0,40320,28818,40644,29088,0,0,0,AOI22xp33_ASAP7_75t_R,5.188460078242585e-11,0.0
g152606__6783,0,0,0,39780,29358,40104,29628,0,0,0,AOI22xp33_ASAP7_75t_R,5.188460078242585e-11,0.0
g152608__3680,0,0,0,39510,28278,39834,28548,0,0,0,AOI22xp33_ASAP7_75t_R,5.188460078242585e-11,0.0
g152610__1617,0,0,0,39078,28008,39402,28278,0,0,0,AOI22xp33_ASAP7_75t_R,5.188460078242585e-11,0.0
g152612__2802,0,0,0,38430,28008,38754,28278,0,0,0,AOI22xp33_ASAP7_75t_R,5.188460078242585e-11,0.0
g152614__1705,0,0,0,37998,28278,38322,28548,0,0,0,AOI22xp33_ASAP7_75t_R,5.188460078242585e-11,0.0
g152616__5122,0,0,0,37134,28818,37458,29088,0,0,0,AOI22xp33_ASAP7_75t_R,5.188460078242585e-11,0.0
g152618__8246,0,0,0,44316,28008,44532,28278,0,0,0,NAND2xp33_ASAP7_75t_R,3.353049782273132e-11,0.0
g152620__7098,0,0,0,44100,28008,44316,28278,0,0,0,NAND2xp33_ASAP7_75t_R,3.353049782273132e-11,0.0
g152622__6131,0,0,0,43992,27468,44208,27738,0,0,0,NAND2xp33_ASAP7_75t_R,3.353049782273132e-11,0.0
g152624__1881,0,0,0,44208,26928,44424,27198,0,0,0,NAND2xp33_ASAP7_75t_R,3.353049782273132e-11,0.0
g152626__5115,0,0,0,44208,26118,44424,26388,0,0,0,NAND2xp33_ASAP7_75t_R,3.353049782273132e-11,0.0
g152628__7482,0,0,0,43938,25578,44154,25848,0,0,0,NAND2xp33_ASAP7_75t_R,3.353049782273132e-11,0.0
g152630__4733,0,0,0,43506,19638,43722,19908,0,0,0,NAND2xp33_ASAP7_75t_R,3.353049782273132e-11,0.0
g152632__6161,0,0,0,44262,19098,44478,19368,0,0,0,NAND2xp33_ASAP7_75t_R,3.353049782273132e-11,0.0
g152634__9315,0,0,0,44208,18558,44424,18828,0,0,0,NAND2xp33_ASAP7_75t_R,3.353049782273132e-11,0.0
g152636__9945,0,0,0,43830,18018,44046,18288,0,0,0,NAND2xp33_ASAP7_75t_R,3.353049782273132e-11,0.0
g152638__2883,0,0,0,44208,16938,44424,17208,0,0,0,NAND2xp33_ASAP7_75t_R,3.353049782273132e-11,0.0
g152640__2346,0,0,0,44046,16398,44262,16668,0,0,0,NAND2xp33_ASAP7_75t_R,3.353049782273132e-11,0.0
g152642__1666,0,0,0,43236,15588,43452,15858,0,0,0,NAND2xp33_ASAP7_75t_R,3.353049782273132e-11,0.0
g152644__7410,0,0,0,44208,15858,44424,16128,0,0,0,NAND2xp33_ASAP7_75t_R,3.353049782273132e-11,0.0
g152646__6417,0,0,0,43614,16668,43830,16938,0,0,0,NAND2xp33_ASAP7_75t_R,3.353049782273132e-11,0.0
g152648__5477,0,0,0,43236,16938,43452,17208,0,0,0,NAND2xp33_ASAP7_75t_R,3.353049782273132e-11,0.0
g152650__2398,0,0,0,42534,17748,42750,18018,0,0,0,NAND2xp33_ASAP7_75t_R,3.353049782273132e-11,0.0
g152652__5107,0,0,0,43992,16938,44208,17208,0,0,0,NAND2xp33_ASAP7_75t_R,3.353049782273132e-11,0.0
g152654__6260,0,0,0,43452,17478,43668,17748,0,0,0,NAND2xp33_ASAP7_75t_R,3.353049782273132e-11,0.0
g152656__4319,0,0,0,42804,17748,43020,18018,0,0,0,NAND2xp33_ASAP7_75t_R,3.353049782273132e-11,0.0
g152658__8428,0,0,0,42102,18558,42426,18828,0,0,0,AOI22xp33_ASAP7_75t_R,5.188460078242585e-11,0.0
g152660__5526,0,0,0,41454,18558,41778,18828,0,0,0,AOI22xp33_ASAP7_75t_R,5.188460078242585e-11,0.0
g152662__6783,0,0,0,40374,18288,40698,18558,0,0,0,AOI22xp33_ASAP7_75t_R,5.188460078242585e-11,0.0
g152664__3680,0,0,0,40158,17748,40482,18018,0,0,0,AOI22xp33_ASAP7_75t_R,5.188460078242585e-11,0.0
g152666__1617,0,0,0,41400,17478,41724,17748,0,0,0,AOI22xp33_ASAP7_75t_R,5.188460078242585e-11,0.0
g152668__2802,0,0,0,40482,17748,40806,18018,0,0,0,AOI22xp33_ASAP7_75t_R,5.188460078242585e-11,0.0
g152670__1705,0,0,0,39834,16668,40158,16938,0,0,0,AOI22xp33_ASAP7_75t_R,5.188460078242585e-11,0.0
g152672__5122,0,0,0,39294,17208,39618,17478,0,0,0,AOI22xp33_ASAP7_75t_R,5.188460078242585e-11,0.0
g152674__8246,0,0,0,38862,16938,39186,17208,0,0,0,AOI22xp33_ASAP7_75t_R,5.188460078242585e-11,0.0
g152676__7098,0,0,0,38538,17208,38862,17478,0,0,0,AOI22xp33_ASAP7_75t_R,5.188460078242585e-11,0.0
g152678__6131,0,0,0,38052,16668,38376,16938,0,0,0,AOI22xp33_ASAP7_75t_R,5.188460078242585e-11,0.0
g152680__1881,0,0,0,37566,17208,37890,17478,0,0,0,AOI22xp33_ASAP7_75t_R,5.188460078242585e-11,0.0
g152682__5115,0,0,0,37350,16938,37674,17208,0,0,0,AOI22xp33_ASAP7_75t_R,5.188460078242585e-11,0.0
g152684__7482,0,0,0,36702,17208,37026,17478,0,0,0,AOI22xp33_ASAP7_75t_R,5.188460078242585e-11,0.0
g152686__4733,0,0,0,35622,17478,35946,17748,0,0,0,AOI22xp33_ASAP7_75t_R,5.188460078242585e-11,0.0
g152688__6161,0,0,0,34650,18018,34974,18288,0,0,0,AOI22xp33_ASAP7_75t_R,5.188460078242585e-11,0.0
g152690__9315,0,0,0,33246,18288,33570,18558,0,0,0,AOI22xp33_ASAP7_75t_R,5.188460078242585e-11,0.0
g152692__9945,0,0,0,32220,18558,32544,18828,0,0,0,AOI22xp33_ASAP7_75t_R,5.188460078242585e-11,0.0
g152694__2883,0,0,0,30924,19368,31248,19638,0,0,0,AOI22xp33_ASAP7_75t_R,5.188460078242585e-11,0.0
g152696__2346,0,0,0,29952,19908,30276,20178,0,0,0,AOI22xp33_ASAP7_75t_R,5.188460078242585e-11,0.0
g152698__1666,0,0,0,26874,29088,27198,29358,0,0,0,AOI22xp33_ASAP7_75t_R,5.188460078242585e-11,0.0
g152700__7410,0,0,0,26550,29898,26874,30168,0,0,0,AOI22xp33_ASAP7_75t_R,5.188460078242585e-11,0.0
g152702__6417,0,0,0,25848,30708,26172,30978,0,0,0,AOI22xp33_ASAP7_75t_R,5.188460078242585e-11,0.0
g152704__5477,0,0,0,25848,30438,26172,30708,0,0,0,AOI22xp33_ASAP7_75t_R,5.188460078242585e-11,0.0
g152706__2398,0,0,0,25524,29088,25848,29358,0,0,0,AOI22xp33_ASAP7_75t_R,5.188460078242585e-11,0.0
g152708__5107,0,0,0,25200,28818,25524,29088,0,0,0,AOI22xp33_ASAP7_75t_R,5.188460078242585e-11,0.0
g152710__6260,0,0,0,24552,28818,24876,29088,0,0,0,AOI22xp33_ASAP7_75t_R,5.188460078242585e-11,0.0
g152712__4319,0,0,0,23796,28278,24120,28548,0,0,0,AOI22xp33_ASAP7_75t_R,5.188460078242585e-11,0.0
g152714__8428,0,0,0,23256,28278,23580,28548,0,0,0,AOI22xp33_ASAP7_75t_R,5.188460078242585e-11,0.0
g152716__5526,0,0,0,24876,28818,25200,29088,0,0,0,AOI22xp33_ASAP7_75t_R,5.188460078242585e-11,0.0
g152718__6783,0,0,0,26064,28548,26388,28818,0,0,0,AOI22xp33_ASAP7_75t_R,5.188460078242585e-11,0.0
g152720__3680,0,0,0,25848,29088,26172,29358,0,0,0,AOI22xp33_ASAP7_75t_R,5.188460078242585e-11,0.0
g152722__1617,0,0,0,24984,30438,25308,30708,0,0,0,AOI22xp33_ASAP7_75t_R,5.188460078242585e-11,0.0
g152724__2802,0,0,0,24606,30438,24930,30708,0,0,0,AOI22xp33_ASAP7_75t_R,5.188460078242585e-11,0.0
g152726__1705,0,0,0,23958,29628,24282,29898,0,0,0,AOI22xp33_ASAP7_75t_R,5.188460078242585e-11,0.0
g152728__5122,0,0,0,23688,30708,24012,30978,0,0,0,AOI22xp33_ASAP7_75t_R,5.188460078242585e-11,0.0
g152730__8246,0,0,0,24984,30168,25308,30438,0,0,0,AOI22xp33_ASAP7_75t_R,5.188460078242585e-11,0.0
g152732__7098,0,0,0,24282,29628,24606,29898,0,0,0,AOI22xp33_ASAP7_75t_R,5.188460078242585e-11,0.0
g152734__6131,0,0,0,23688,29358,24012,29628,0,0,0,AOI22xp33_ASAP7_75t_R,5.188460078242585e-11,0.0
g152736__1881,0,0,0,23148,29358,23472,29628,0,0,0,AOI22xp33_ASAP7_75t_R,5.188460078242585e-11,0.0
g152738__5115,0,0,0,30168,28818,30492,29088,0,0,0,AOI22xp33_ASAP7_75t_R,5.188460078242585e-11,0.0
g152740__7482,0,0,0,31410,29358,31734,29628,0,0,0,AOI22xp33_ASAP7_75t_R,5.188460078242585e-11,0.0
g152742__4733,0,0,0,31410,29088,31734,29358,0,0,0,AOI22xp33_ASAP7_75t_R,5.188460078242585e-11,0.0
g152744__6161,0,0,0,32274,28548,32598,28818,0,0,0,AOI22xp33_ASAP7_75t_R,5.188460078242585e-11,0.0
g152746__9315,0,0,0,31842,29088,32166,29358,0,0,0,AOI22xp33_ASAP7_75t_R,5.188460078242585e-11,0.0
g152748__9945,0,0,0,34488,28548,34812,28818,0,0,0,AOI22xp33_ASAP7_75t_R,5.188460078242585e-11,0.0
g152750__2883,0,0,0,34272,29898,34596,30168,0,0,0,AOI22xp33_ASAP7_75t_R,5.188460078242585e-11,0.0
g152752__2346,0,0,0,33948,29898,34272,30168,0,0,0,AOI22xp33_ASAP7_75t_R,5.188460078242585e-11,0.0
g152754__1666,0,0,0,33570,29358,33894,29628,0,0,0,AOI22xp33_ASAP7_75t_R,5.188460078242585e-11,0.0
g152756__7410,0,0,0,33570,28818,33894,29088,0,0,0,AOI22xp33_ASAP7_75t_R,5.188460078242585e-11,0.0
g152758__6417,0,0,0,33030,28818,33354,29088,0,0,0,AOI22xp33_ASAP7_75t_R,5.188460078242585e-11,0.0
g152760__5477,0,0,0,32922,28008,33246,28278,0,0,0,AOI22xp33_ASAP7_75t_R,5.188460078242585e-11,0.0
g152762__2398,0,0,0,31518,28008,31842,28278,0,0,0,AOI22xp33_ASAP7_75t_R,5.188460078242585e-11,0.0
g152764__5107,0,0,0,31086,28278,31410,28548,0,0,0,AOI22xp33_ASAP7_75t_R,5.188460078242585e-11,0.0
g152766__6260,0,0,0,30438,28278,30762,28548,0,0,0,AOI22xp33_ASAP7_75t_R,5.188460078242585e-11,0.0
g152768__4319,0,0,0,29952,28008,30276,28278,0,0,0,AOI22xp33_ASAP7_75t_R,5.188460078242585e-11,0.0
g152770__8428,0,0,0,29358,28548,29682,28818,0,0,0,AOI22xp33_ASAP7_75t_R,5.188460078242585e-11,0.0
g152772__5526,0,0,0,28818,28278,29142,28548,0,0,0,AOI22xp33_ASAP7_75t_R,5.188460078242585e-11,0.0
g152774__6783,0,0,0,30006,27738,30330,28008,0,0,0,AOI22xp33_ASAP7_75t_R,5.188460078242585e-11,0.0
g152776__3680,0,0,0,30330,27738,30654,28008,0,0,0,AOI22xp33_ASAP7_75t_R,5.188460078242585e-11,0.0
g152778__1617,0,0,0,30006,15048,30330,15318,0,0,0,AOI22xp33_ASAP7_75t_R,5.188460078242585e-11,0.0
g152780__2802,0,0,0,30330,15048,30654,15318,0,0,0,AOI22xp33_ASAP7_75t_R,5.188460078242585e-11,0.0
g152782__1705,0,0,0,30546,14778,30870,15048,0,0,0,AOI22xp33_ASAP7_75t_R,5.188460078242585e-11,0.0
g152784__5122,0,0,0,29628,15318,29952,15588,0,0,0,AOI22xp33_ASAP7_75t_R,5.188460078242585e-11,0.0
g152786__8246,0,0,0,29142,15318,29466,15588,0,0,0,AOI22xp33_ASAP7_75t_R,5.188460078242585e-11,0.0
g152788__7098,0,0,0,28818,15318,29142,15588,0,0,0,AOI22xp33_ASAP7_75t_R,5.188460078242585e-11,0.0
g152790__6131,0,0,0,28440,15318,28764,15588,0,0,0,AOI22xp33_ASAP7_75t_R,5.188460078242585e-11,0.0
g152792__1881,0,0,0,27846,14238,28170,14508,0,0,0,AOI22xp33_ASAP7_75t_R,5.188460078242585e-11,0.0
g152794__5115,0,0,0,27792,15318,28116,15588,0,0,0,AOI22xp33_ASAP7_75t_R,5.188460078242585e-11,0.0
g152796__7410,0,0,0,27090,15318,27414,15588,0,0,0,AOI22xp33_ASAP7_75t_R,5.188460078242585e-11,0.0
g152798__6260,0,0,0,27414,15318,27738,15588,0,0,0,AOI22xp33_ASAP7_75t_R,5.188460078242585e-11,0.0
g152800__8246,0,0,0,26496,15318,26820,15588,0,0,0,AOI22xp33_ASAP7_75t_R,5.188460078242585e-11,0.0
g152802__9945,0,0,0,26766,14238,27090,14508,0,0,0,AOI22xp33_ASAP7_75t_R,5.188460078242585e-11,0.0
g152804__2398,0,0,0,25902,15318,26226,15588,0,0,0,AOI22xp33_ASAP7_75t_R,5.188460078242585e-11,0.0
g152814__7482,0,0,0,6354,18288,6678,18558,0,0,0,AOI22xp33_ASAP7_75t_R,6.62024463027322e-11,1.8642289101311604e-10
g152815__4733,0,0,0,11052,12078,11376,12348,0,0,0,AOI22xp33_ASAP7_75t_R,3.1814512829742014e-11,2.371028386960461e-07
g152816__6161,0,0,0,12834,14778,13158,15048,0,0,0,AOI22xp33_ASAP7_75t_R,3.1814512829742014e-11,2.506552050363098e-07
g152817__9315,0,0,0,6516,26928,6840,27198,0,0,0,AOI22xp33_ASAP7_75t_R,6.62024463027322e-11,3.0944532901055186e-16
g152818__5122,0,0,0,26172,15048,26496,15318,0,0,0,AOI22xp33_ASAP7_75t_R,5.188460078242585e-11,0.0
g152823__9945,0,0,0,6192,18018,6516,18288,0,0,0,AOI22xp33_ASAP7_75t_R,6.62024463027322e-11,1.7627707626921563e-10
g152824__2883,0,0,0,10620,13428,10944,13698,0,0,0,AOI22xp33_ASAP7_75t_R,3.1814512829742014e-11,2.689860139071243e-07
g152825__2346,0,0,0,13104,19638,13428,19908,0,0,0,AOI22xp33_ASAP7_75t_R,3.1814512829742014e-11,2.1896735802329204e-07
g152826__1666,0,0,0,6246,27198,6570,27468,0,0,0,AOI22xp33_ASAP7_75t_R,6.62024463027322e-11,3.3059584758261015e-16
g152832__6417,0,0,0,11214,12618,11538,12888,0,0,0,AOI22xp33_ASAP7_75t_R,3.1814512829742014e-11,2.4108186380544794e-07
g152833__5477,0,0,0,12942,20448,13266,20718,0,0,0,AOI22xp33_ASAP7_75t_R,3.1814512829742014e-11,2.390678162100812e-07
g152835__2398,0,0,0,6354,16398,6678,16668,0,0,0,AOI22xp33_ASAP7_75t_R,6.62024463027322e-11,2.0148863133506723e-10
g152836__5107,0,0,0,6570,27198,6894,27468,0,0,0,AOI22xp33_ASAP7_75t_R,6.62024463027322e-11,3.3260628028291823e-16
g152837,0,0,0,6300,25578,6462,25848,0,0,1,INVxp33_ASAP7_75t_R,8.528100101101721e-12,1.8240444887851481e-07
g152843__4319,0,0,0,5706,17748,6030,18018,0,0,0,AOI22xp33_ASAP7_75t_R,6.62024463027322e-11,2.026825374201735e-10
g152844__8428,0,0,0,9324,12618,9648,12888,0,0,0,AOI22xp33_ASAP7_75t_R,3.1814512829742014e-11,2.1781890779948299e-07
g152845__5526,0,0,0,12834,18288,13158,18558,0,0,0,AOI22xp33_ASAP7_75t_R,3.1814512829742014e-11,2.6010704345935665e-07
g152846__6783,0,0,0,5814,26658,6138,26928,0,0,0,AOI22xp33_ASAP7_75t_R,6.62024463027322e-11,3.1937350806443793e-16
g152847__2883,0,0,0,25524,14778,25848,15048,0,0,0,AOI22xp33_ASAP7_75t_R,5.188460078242585e-11,0.0
g152849,0,0,0,9270,27468,9432,27738,0,0,1,INVxp33_ASAP7_75t_R,8.528100101101721e-12,1.73899522337706e-07
g152855__3680,0,0,0,4842,16128,5166,16398,0,0,0,AOI22xp33_ASAP7_75t_R,6.62024463027322e-11,2.1211749023919424e-10
g152856__1617,0,0,0,11592,12888,11916,13158,0,0,0,AOI22xp33_ASAP7_75t_R,3.1814512829742014e-11,2.186306176099606e-07
g152857__5122,0,0,0,13644,15048,13968,15318,0,0,0,AOI22xp33_ASAP7_75t_R,3.1814512829742014e-11,2.1481918111021514e-07
g152858__1705,0,0,0,6084,28548,6408,28818,0,0,0,AOI22xp33_ASAP7_75t_R,6.62024463027322e-11,3.039065276288968e-16
g152859__2802,0,0,0,14076,27738,14400,28008,0,0,0,AOI22xp33_ASAP7_75t_R,3.1449277210215953e-11,2.2938020549645444e-07
g152860,0,0,0,6354,25038,6516,25308,0,0,1,INVxp33_ASAP7_75t_R,8.528100101101721e-12,1.8970585813349317e-07
g152866__7098,0,0,0,8460,12348,8784,12618,0,0,0,AOI22xp33_ASAP7_75t_R,3.1814512829742014e-11,2.3925295522531087e-07
g152867__6131,0,0,0,12618,19368,12942,19638,0,0,0,AOI22xp33_ASAP7_75t_R,3.1814512829742014e-11,2.5075979692701367e-07
g152869__1881,0,0,0,5274,19908,5598,20178,0,0,0,AOI22xp33_ASAP7_75t_R,6.62024463027322e-11,1.8782495003755173e-10
g152870__5115,0,0,0,5382,27738,5706,28008,0,0,0,AOI22xp33_ASAP7_75t_R,6.62024463027322e-11,3.145343558972149e-16
g152871,0,0,0,5166,25578,5328,25848,0,0,1,INVxp33_ASAP7_75t_R,8.528100101101721e-12,1.808197538366585e-07
g152877__7482,0,0,0,5166,16128,5490,16398,0,0,0,AOI22xp33_ASAP7_75t_R,6.62024463027322e-11,2.033724577632512e-10
g152878__4733,0,0,0,12564,13698,12888,13968,0,0,0,AOI22xp33_ASAP7_75t_R,3.1814512829742014e-11,2.1803714389534434e-07
g152879__6161,0,0,0,12672,20178,12996,20448,0,0,0,AOI22xp33_ASAP7_75t_R,3.1814512829742014e-11,2.2822274559075595e-07
g152880__9315,0,0,0,7380,27468,7704,27738,0,0,0,AOI22xp33_ASAP7_75t_R,6.62024463027322e-11,3.1714147036930444e-16
g152881__7410,0,0,0,24660,15318,24984,15588,0,0,0,AOI22xp33_ASAP7_75t_R,5.188460078242585e-11,0.0
g152883,0,0,0,5058,24498,5220,24768,0,0,1,INVxp33_ASAP7_75t_R,8.528100101101721e-12,1.7357527326566924e-07
g152960__2883,0,0,0,4680,27468,5004,27738,0,0,0,AOI22xp33_ASAP7_75t_R,6.62024463027322e-11,3.1308770303264336e-16
g152961__2346,0,0,0,5922,20718,6246,20988,0,0,0,AOI22xp33_ASAP7_75t_R,6.62024463027322e-11,1.9233600823120867e-10
g152962__1666,0,0,0,8460,11268,8784,11538,0,0,0,AOI22xp33_ASAP7_75t_R,3.1814512829742014e-11,2.7941837288381066e-07
g152963__7410,0,0,0,13428,18288,13752,18558,0,0,0,AOI22xp33_ASAP7_75t_R,3.1814512829742014e-11,2.3353273093107418e-07
g152964__6417,0,0,0,14400,27738,14724,28008,0,0,0,AOI22xp33_ASAP7_75t_R,3.1449277210215953e-11,2.1975982633648528e-07
g153,0,0,0,22230,7218,22554,7488,0,0,0,NAND2x1_ASAP7_75t_SL,1.0073675227317835e-08,7.009428770743398e-08
g153037,0,0,0,5382,26388,5544,26658,0,0,1,INVxp33_ASAP7_75t_R,8.528100101101721e-12,1.7983907696361712e-07
g153290__5526,0,0,0,2844,35298,3168,35568,0,0,0,AOI22xp5_ASAP7_75t_SL,6.984854028502241e-09,3.394436674210772e-25
g153291__3680,0,0,0,5382,36918,5706,37188,0,0,0,AOI22xp5_ASAP7_75t_SL,6.984854028502241e-09,3.392747032759402e-25
g153292__1705,0,0,0,9162,36918,9486,37188,0,0,0,AOI22xp5_ASAP7_75t_SL,6.984854028502241e-09,3.389771794551554e-25
g153293__7098,0,0,0,5328,34758,5652,35028,0,0,0,AOI22xp5_ASAP7_75t_SL,6.984854028502241e-09,3.392201239620602e-25
g153294__1881,0,0,0,10512,37728,10836,37998,0,0,0,AOI22xp5_ASAP7_75t_SL,6.984854028502241e-09,3.389867690455345e-25
g153295__5115,0,0,0,6840,33678,7164,33948,0,0,0,AOI22xp5_ASAP7_75t_SL,6.984854028502241e-09,3.3914441796706227e-25
g153296__7482,0,0,0,12348,35838,12672,36108,0,0,0,AOI22xp5_ASAP7_75t_SL,6.984854028502241e-09,3.3841782776954715e-25
g153297__4733,0,0,0,6570,37728,6894,37998,0,0,0,AOI22xp5_ASAP7_75t_SL,6.984854028502241e-09,3.392938085009885e-25
g153298__6161,0,0,0,11808,37188,12132,37458,0,0,0,AOI22xp33_ASAP7_75t_SL,4.656576013672975e-09,2.2784787854634267e-25
g153299__2883,0,0,0,4356,37728,4680,37998,0,0,0,AOI22xp5_ASAP7_75t_SL,6.984854028502241e-09,3.392940057162148e-25
g153300__7410,0,0,0,7974,36918,8298,37188,0,0,0,AOI22xp33_ASAP7_75t_SL,4.656576013672975e-09,2.279134279571859e-25
g153301__6417,0,0,0,3546,35028,3870,35298,0,0,0,AOI22xp5_ASAP7_75t_SL,6.984854028502241e-09,3.394218011828606e-25
g153302__5122,0,0,0,16344,4248,16668,4518,0,0,0,AOI22xp5_ASAP7_75t_SL,6.869595114977756e-09,5.856490829401692e-15
g153303__8246,0,0,0,10782,5868,11106,6138,0,0,0,AOI22xp5_ASAP7_75t_SL,6.869595114977756e-09,6.261680051149101e-15
g153304__7098,0,0,0,11268,4248,11592,4518,0,0,0,AOI22xp5_ASAP7_75t_SL,6.869597335423805e-09,6.121141615090088e-15
g153305__6131,0,0,0,7380,7758,7704,8028,0,0,0,AOI22xp5_ASAP7_75t_SL,6.869597335423805e-09,6.092908736408682e-15
g153306__1881,0,0,0,12672,3438,12996,3708,0,0,0,AOI22xp5_ASAP7_75t_SL,6.869597335423805e-09,6.153712149494384e-15
g153307__5115,0,0,0,6408,3978,6732,4248,0,0,0,AOI22xp5_ASAP7_75t_SL,6.869597335423805e-09,5.9421411069621524e-15
g153308__7482,0,0,0,14778,4788,15102,5058,0,0,0,AOI22xp5_ASAP7_75t_SL,6.869595114977756e-09,6.112667050452809e-15
g153309__4733,0,0,0,6138,8568,6462,8838,0,0,0,AOI22xp5_ASAP7_75t_SL,6.869597335423805e-09,6.085012271757903e-15
g153310__6161,0,0,0,16074,5058,16398,5328,0,0,0,AOI22xp5_ASAP7_75t_SL,6.869597335423805e-09,5.8280182403962124e-15
g153311__9315,0,0,0,8460,4518,8784,4788,0,0,0,AOI22xp5_ASAP7_75t_SL,6.869597335423805e-09,6.006395332274969e-15
g153312__9945,0,0,0,14508,4248,14832,4518,0,0,0,AOI22xp5_ASAP7_75t_SL,6.869597335423805e-09,6.191555040478865e-15
g153313__2883,0,0,0,9972,4518,10296,4788,0,0,0,AOI22xp5_ASAP7_75t_SL,6.869597335423805e-09,5.702172437840273e-15
g153314__8428,0,0,0,2520,36108,2844,36378,0,0,0,AOI22xp5_ASAP7_75t_SL,6.984850031699352e-09,0.0
g153315__5526,0,0,0,5706,37728,6030,37998,0,0,0,AOI22xp5_ASAP7_75t_SL,6.984854028502241e-09,0.0
g153316__6783,0,0,0,9432,37728,9756,37998,0,0,0,AOI22xp5_ASAP7_75t_SL,6.984854028502241e-09,0.0
g153317__3680,0,0,0,5652,34758,5976,35028,0,0,0,AOI22xp5_ASAP7_75t_SL,6.984854028502241e-09,0.0
g153318__1617,0,0,0,10836,37728,11160,37998,0,0,0,AOI22xp5_ASAP7_75t_SL,6.984854028502241e-09,0.0
g153319__2802,0,0,0,6840,34488,7164,34758,0,0,0,AOI22xp33_ASAP7_75t_SL,4.656576013672975e-09,0.0
g153320__1705,0,0,0,12348,35568,12672,35838,0,0,0,AOI22xp5_ASAP7_75t_SL,6.984854028502241e-09,0.0
g153321__5122,0,0,0,6894,37728,7218,37998,0,0,0,AOI22xp5_ASAP7_75t_SL,6.984854028502241e-09,0.0
g153322__8246,0,0,0,12294,37458,12618,37728,0,0,0,AOI22xp33_ASAP7_75t_SL,4.656576013672975e-09,0.0
g153323__7098,0,0,0,4356,37458,4680,37728,0,0,0,AOI22xp33_ASAP7_75t_SL,4.656576013672975e-09,0.0
g153324__6131,0,0,0,8244,37728,8568,37998,0,0,0,AOI22xp5_ASAP7_75t_SL,6.984854028502241e-09,0.0
g153325__1881,0,0,0,3654,33948,3978,34218,0,0,0,AOI22xp33_ASAP7_75t_SL,4.656573349137716e-09,0.0
g153330__4319,0,0,0,12726,4518,13050,4788,0,0,0,AOI22xp5_ASAP7_75t_SL,6.869595114977756e-09,0.0
g153331__6783,0,0,0,6516,4248,6840,4518,0,0,0,AOI22xp5_ASAP7_75t_SL,6.869597335423805e-09,0.0
g153335__5115,0,0,0,8460,3438,8784,3708,0,0,0,AOI22xp5_ASAP7_75t_SL,6.869595114977756e-09,0.0
g153336__7482,0,0,0,14562,3168,14886,3438,0,0,0,AOI22xp5_ASAP7_75t_SL,6.869595114977756e-09,0.0
g153337__4733,0,0,0,9972,3438,10296,3708,0,0,0,AOI22xp5_ASAP7_75t_SL,6.869595114977756e-09,0.0
g153338__5122,0,0,0,15156,38538,15480,38808,0,0,0,O2A1O1Ixp33_ASAP7_75t_SL,4.061301517310767e-09,4.906610683974577e-06
g153339__5477,0,0,0,7380,28008,7704,28278,0,0,0,AOI22xp33_ASAP7_75t_R,6.62024463027322e-11,3.298838105113245e-16
g153340__5107,0,0,0,4950,17748,5274,18018,0,0,0,AOI22xp33_ASAP7_75t_R,6.62024463027322e-11,1.9498155867658795e-10
g153341__8428,0,0,0,12888,13698,13212,13968,0,0,0,AOI22xp33_ASAP7_75t_R,3.1814512829742014e-11,2.511712295927282e-07
g153342__2398,0,0,0,3600,31788,3924,32058,0,0,0,AOI22xp5_ASAP7_75t_SL,1.0152490403925185e-08,6.086808574529146e-14
g153343__5107,0,0,0,2682,32598,3006,32868,0,0,0,AOI22xp5_ASAP7_75t_SL,1.0152490403925185e-08,5.933186613456959e-14
g153344__6260,0,0,0,10242,31788,10566,32058,0,0,0,AOI22xp5_ASAP7_75t_SL,1.0171089748212125e-08,5.594769845974554e-14
g153345__175619,0,0,0,6516,33408,6840,33678,0,0,0,AOI22xp5_ASAP7_75t_SL,1.0171089748212125e-08,6.243941317761112e-14
g153346__8428,0,0,0,2088,30438,2412,30708,0,0,0,AOI22xp33_ASAP7_75t_SL,6.857503898061168e-09,5.210750179864693e-14
g153347__6783,0,0,0,2196,30168,2520,30438,0,0,0,AOI22xp5_ASAP7_75t_SL,1.0171089748212125e-08,6.24410869147149e-14
g153348__1705,0,0,0,7758,34488,8082,34758,0,0,0,AOI22xp33_ASAP7_75t_SL,6.857503898061168e-09,4.899986666417888e-14
g153350__5115,0,0,0,9648,34758,9972,35028,0,0,0,AOI22xp33_ASAP7_75t_SL,6.857503898061168e-09,4.9391067136802386e-14
g153351__6161,0,0,0,2142,35028,2466,35298,0,0,0,AOI22xp33_ASAP7_75t_SL,6.857503898061168e-09,5.189219957598204e-14
g153353__2346,0,0,0,2898,28548,3222,28818,0,0,0,AOI22xp33_ASAP7_75t_SL,6.857503898061168e-09,5.3602792777357466e-14
g153355__7410,0,0,0,4086,28818,4410,29088,0,0,0,AOI22xp33_ASAP7_75t_SL,6.857503898061168e-09,5.3500376329639054e-14
g153356__6417,0,0,0,9162,30168,9486,30438,0,0,0,AOI22xp33_ASAP7_75t_SL,6.857503898061168e-09,5.2730050686088104e-14
g153357__5477,0,0,0,3114,30978,3438,31248,0,0,0,AOI22xp33_ASAP7_75t_SL,6.780766614866707e-09,5.311183892860172e-14
g153358__2398,0,0,0,9594,29628,9918,29898,0,0,0,AOI22xp5_ASAP7_75t_SL,1.0171089748212125e-08,5.87538982852083e-14
g153359__5107,0,0,0,8946,27738,9270,28008,0,0,0,AOI22xp5_ASAP7_75t_SL,1.0171089748212125e-08,6.20023441768279e-14
g153360__6260,0,0,0,11538,30168,11862,30438,0,0,0,AOI22xp33_ASAP7_75t_SL,6.780766614866707e-09,5.0354414648373647e-14
g153361__4319,0,0,0,1818,28008,2142,28278,0,0,0,AOI22xp33_ASAP7_75t_SL,6.780766614866707e-09,5.166859304230227e-14
g153362__6161,0,0,0,4734,5058,5058,5328,0,0,0,AOI22xp5_ASAP7_75t_SL,8.510649962545358e-09,1.1775935782054603e-10
g153363__9315,0,0,0,4788,6678,5112,6948,0,0,0,AOI22xp5_ASAP7_75t_SL,8.453437949640374e-09,1.22100357602406e-10
g153364__9945,0,0,0,16398,6948,16722,7218,0,0,0,AOI22xp5_ASAP7_75t_SL,9.249998988991592e-09,1.7357260073680436e-10
g153365__2883,0,0,0,10296,8568,10620,8838,0,0,0,AOI22xp5_ASAP7_75t_SL,9.249998988991592e-09,1.8138410218249135e-10
g153366__2346,0,0,0,6030,6948,6354,7218,0,0,0,AOI22xp5_ASAP7_75t_SL,9.335995088122218e-09,1.816635591955773e-10
g153367__1666,0,0,0,6516,5058,6840,5328,0,0,0,AOI22xp33_ASAP7_75t_SL,6.243454198084919e-09,1.3693121636570993e-10
g153368__6417,0,0,0,12510,5058,12834,5328,0,0,0,AOI22xp33_ASAP7_75t_SL,6.243454198084919e-09,1.3515674690545154e-10
g153369__176525,0,0,0,7704,8298,8028,8568,0,0,0,AOI22xp33_ASAP7_75t_SL,6.243454198084919e-09,1.4302020678869098e-10
g153371__5107,0,0,0,4464,9108,4788,9378,0,0,0,AOI22xp5_ASAP7_75t_SL,9.335995088122218e-09,1.7557617859598196e-10
g153372__4319,0,0,0,14184,7218,14508,7488,0,0,0,AOI22xp33_ASAP7_75t_SL,6.243454198084919e-09,1.3208734106484599e-10
g153373__178344,0,0,0,4680,7758,5004,8028,0,0,0,AOI22xp33_ASAP7_75t_SL,6.243454198084919e-09,1.4055120955980271e-10
g153374__5526,0,0,0,13968,8568,14292,8838,0,0,0,AOI22xp33_ASAP7_75t_SL,6.224028403778448e-09,1.4903145384437266e-10
g153375__6783,0,0,0,8892,5868,9216,6138,0,0,0,AOI22xp33_ASAP7_75t_SL,6.243454198084919e-09,1.386971093531031e-10
g153376__176531,0,0,0,12186,8568,12510,8838,0,0,0,AOI22xp33_ASAP7_75t_SL,6.300783450541303e-09,1.3784998142973848e-10
g153377__1617,0,0,0,4788,9108,5112,9378,0,0,0,AOI22xp33_ASAP7_75t_SL,6.224028403778448e-09,1.4059242658959192e-10
g153378__2802,0,0,0,15102,9648,15426,9918,0,0,0,AOI22xp5_ASAP7_75t_SL,9.335995088122218e-09,1.757579082273253e-10
g153379__1705,0,0,0,10728,9378,11052,9648,0,0,0,AOI22xp5_ASAP7_75t_SL,9.335995088122218e-09,1.7580717437404303e-10
g153381__8246,0,0,0,6354,9648,6678,9918,0,0,0,AOI22xp5_ASAP7_75t_SL,9.335995088122218e-09,1.8368867538143263e-10
g153382__176747,0,0,0,21582,13428,21852,13698,0,0,0,AOI21xp5_ASAP7_75t_SL,5.2704676178905174e-09,1.3078169647365084e-15
g153386__176754,0,0,0,30708,26658,30978,26928,0,0,0,AOI21xp5_ASAP7_75t_SL,5.2704676178905174e-09,1.3484058306568688e-15
g153387__176895,0,0,0,29196,15858,29466,16128,0,0,0,AOI21xp5_ASAP7_75t_SL,5.2704676178905174e-09,1.3276517235041255e-15
g153388__3680,0,0,0,3708,32868,4032,33138,0,0,0,AOI22xp33_ASAP7_75t_SL,6.844655953130996e-09,0.0
g153389__1617,0,0,0,2304,32328,2628,32598,0,0,0,AOI22xp33_ASAP7_75t_SL,6.844655953130996e-09,0.0
g153390__2802,0,0,0,10458,32328,10782,32598,0,0,0,AOI22xp33_ASAP7_75t_SL,6.780766614866707e-09,0.0
g153391__1705,0,0,0,6516,33138,6840,33408,0,0,0,AOI22xp33_ASAP7_75t_SL,6.780766614866707e-09,0.0
g153392__5122,0,0,0,2142,31248,2466,31518,0,0,0,AOI22xp33_ASAP7_75t_SL,6.857503898061168e-09,0.0
g153394__7098,0,0,0,8352,33948,8676,34218,0,0,0,AOI22xp33_ASAP7_75t_SL,6.857503898061168e-09,0.0
g153395__175376,0,0,0,16020,9108,16344,9378,0,0,0,A2O1A1Ixp33_ASAP7_75t_SL,2.7344935205064758e-09,1.69475097475634e-13
g153396__174767,0,0,0,12564,33408,12888,33678,0,0,0,A2O1A1Ixp33_ASAP7_75t_SL,9.905351205929946e-09,5.329813196688904e-14
g153397__1881,0,0,0,18288,8838,18558,9108,0,0,0,OAI21xp5_ASAP7_75t_SL,1.0125299709784485e-08,0.0
g153398__1617,0,0,0,13644,33408,13914,33678,0,0,0,OAI21xp5_ASAP7_75t_SL,1.0125299709784485e-08,0.0
g153399__5115,0,0,0,16506,10728,16722,10998,0,0,0,NAND2xp5_ASAP7_75t_SL,1.8503391041591044e-09,6.692636353965165e-14
g153401__4319,0,0,0,14400,28008,14724,28278,0,0,0,AOI22xp33_ASAP7_75t_R,3.1449277210215953e-11,2.598022774691344e-07
g153402__6260,0,0,0,14292,25308,14616,25578,0,0,0,AOI22xp33_ASAP7_75t_R,3.1449277210215953e-11,2.3645425528684427e-07
g153403__5526,0,0,0,13050,16668,13374,16938,0,0,0,AOI22xp33_ASAP7_75t_R,3.1814512829742014e-11,2.1671132799383486e-07
g153404__6131,0,0,0,6408,8838,6732,9108,0,0,0,AOI22xp5_ASAP7_75t_SL,9.250101129509858e-09,0.0
g153408__4733,0,0,0,4842,10188,5166,10458,0,0,0,AOI22xp33_ASAP7_75t_SL,6.166760435633023e-09,0.0
g153409__6161,0,0,0,11808,9378,12132,9648,0,0,0,AOI22xp33_ASAP7_75t_SL,6.166760435633023e-09,0.0
g153410__9315,0,0,0,9270,6138,9594,6408,0,0,0,AOI22xp33_ASAP7_75t_SL,6.166760435633023e-09,0.0
g153411__9945,0,0,0,13914,8298,14238,8568,0,0,0,AOI22xp33_ASAP7_75t_SL,6.166760435633023e-09,0.0
g153412__178339,0,0,0,4842,8028,5166,8298,0,0,0,AOI22xp33_ASAP7_75t_SL,6.166760435633023e-09,0.0
g153413__175598,0,0,0,14130,6408,14454,6678,0,0,0,AOI22xp33_ASAP7_75t_SL,6.166760435633023e-09,0.0
g153414__175602,0,0,0,5058,8298,5382,8568,0,0,0,AOI22xp33_ASAP7_75t_SL,6.166760435633023e-09,0.0
g153416__6417,0,0,0,7434,9378,7758,9648,0,0,0,AOI22xp33_ASAP7_75t_SL,6.166760435633023e-09,0.0
g153417__5477,0,0,0,13050,4518,13374,4788,0,0,0,AOI22xp5_ASAP7_75t_SL,9.250101129509858e-09,0.0
g153418__2398,0,0,0,6678,4788,7002,5058,0,0,0,AOI22xp33_ASAP7_75t_SL,6.166760435633023e-09,0.0
g153419__5107,0,0,0,6030,7218,6354,7488,0,0,0,AOI22xp33_ASAP7_75t_SL,6.243515926485088e-09,0.0
g153420__6260,0,0,0,10026,7758,10350,8028,0,0,0,AOI22xp5_ASAP7_75t_SL,9.250091359547241e-09,0.0
g153421__4319,0,0,0,16398,7488,16722,7758,0,0,0,AOI22xp5_ASAP7_75t_SL,9.250091359547241e-09,0.0
g153423__1705,0,0,0,4842,5328,5166,5598,0,0,0,AOI22xp5_ASAP7_75t_SL,8.51070502960738e-09,0.0
g153424__4733,0,0,0,2196,28278,2520,28548,0,0,0,AOI22xp5_ASAP7_75t_SL,1.0171089748212125e-08,0.0
g153425__6161,0,0,0,12024,29628,12348,29898,0,0,0,AOI22xp33_ASAP7_75t_SL,6.780766614866707e-09,0.0
g153428__2346,0,0,0,3546,30168,3870,30438,0,0,0,AOI22xp33_ASAP7_75t_SL,6.857503898061168e-09,0.0
g153429__7410,0,0,0,8676,30978,9000,31248,0,0,0,AOI22xp33_ASAP7_75t_SL,6.857503898061168e-09,0.0
g153430__1666,0,0,0,4086,28548,4410,28818,0,0,0,AOI22xp33_ASAP7_75t_SL,6.857503898061168e-09,0.0
g153432__7482,0,0,0,2790,28278,3114,28548,0,0,0,AOI22xp33_ASAP7_75t_SL,6.857503898061168e-09,0.0
g153433__8428,0,0,0,9702,32868,10026,33138,0,0,0,AOI22xp33_ASAP7_75t_SL,6.857503898061168e-09,0.0
g153434__5526,0,0,0,2520,35028,2844,35298,0,0,0,AOI22xp33_ASAP7_75t_SL,6.857503898061168e-09,0.0
g153435__6783,0,0,0,9324,35028,9648,35298,0,0,0,AOI22xp33_ASAP7_75t_SL,6.857503898061168e-09,0.0
g153436__3680,0,0,0,2520,33948,2844,34218,0,0,0,AOI22xp33_ASAP7_75t_SL,6.857503898061168e-09,0.0
g153542,0,0,0,4734,25038,4896,25308,0,0,1,INVxp33_ASAP7_75t_R,8.528100101101721e-12,1.8617680552779348e-07
g153543__168321,0,0,0,5976,5598,6300,5868,0,0,0,AOI22xp33_ASAP7_75t_SL,6.166760435633023e-09,6.860465429255058e-15
g153544__168301,0,0,0,6840,5058,7164,5328,0,0,0,AOI22xp33_ASAP7_75t_SL,6.166760435633023e-09,6.671839662230998e-15
g153545__168318,0,0,0,12888,6138,13212,6408,0,0,0,AOI22xp33_ASAP7_75t_SL,6.243515926485088e-09,6.886405813264721e-15
g153546__168328,0,0,0,7758,9378,8082,9648,0,0,0,AOI22xp33_ASAP7_75t_SL,6.166760435633023e-09,7.011410935620511e-15
g153547__168319,0,0,0,17100,6138,17424,6408,0,0,0,AOI22xp33_ASAP7_75t_SL,6.166760435633023e-09,6.792405484910228e-15
g153548__168315,0,0,0,4248,8298,4572,8568,0,0,0,AOI22xp33_ASAP7_75t_SL,6.166760435633023e-09,7.626201001264838e-15
g153549__168316,0,0,0,14454,6408,14778,6678,0,0,0,AOI22xp33_ASAP7_75t_SL,6.166760435633023e-09,6.8448999282998396e-15
g153550__178342,0,0,0,4248,6948,4572,7218,0,0,0,AOI22xp33_ASAP7_75t_SL,6.166760435633023e-09,7.57778205690094e-15
g153551__168327,0,0,0,14238,8298,14562,8568,0,0,0,AOI22xp33_ASAP7_75t_SL,6.243515926485088e-09,6.6355282068151535e-15
g153552__168299,0,0,0,8352,5328,8676,5598,0,0,0,AOI22xp33_ASAP7_75t_SL,6.243515926485088e-09,6.888964276281903e-15
g153553__168326,0,0,0,12294,10188,12618,10458,0,0,0,AOI22xp33_ASAP7_75t_SL,6.166760435633023e-09,7.346723327351229e-15
g153555__168325,0,0,0,15156,10458,15480,10728,0,0,0,AOI22xp5_ASAP7_75t_SL,9.336087458677866e-09,7.992635924576521e-15
g153556__168324,0,0,0,10890,10458,11214,10728,0,0,0,AOI22xp5_ASAP7_75t_SL,9.336087458677866e-09,8.008944696942955e-15
g153557__168323,0,0,0,13752,10728,14076,10998,0,0,0,AOI22xp5_ASAP7_75t_SL,9.336087458677866e-09,8.410551816356426e-15
g153558__168322,0,0,0,6462,10458,6786,10728,0,0,0,AOI22xp5_ASAP7_75t_SL,9.336087458677866e-09,8.400273071541495e-15
g153559__3680,0,0,0,5274,3978,5598,4248,0,0,0,AOI22xp5_ASAP7_75t_SL,7.271370616734885e-09,1.088352746592136e-06
g153561__2802,0,0,0,17154,6948,17478,7218,0,0,0,AOI22xp5_ASAP7_75t_SL,7.355246633977686e-09,1.4620011370425345e-06
g153562__1705,0,0,0,10782,8568,11106,8838,0,0,0,AOI22xp5_ASAP7_75t_SL,7.355246633977686e-09,1.5640641777281417e-06
g153563__5122,0,0,0,5382,6138,5706,6408,0,0,0,AOI22xp33_ASAP7_75t_SL,4.948051746112014e-09,1.1749001487260102e-06
g153564__8246,0,0,0,7434,5598,7758,5868,0,0,0,AOI22xp33_ASAP7_75t_SL,4.948051746112014e-09,1.251493813470006e-06
g153565__7098,0,0,0,12240,5598,12564,5868,0,0,0,AOI22xp33_ASAP7_75t_SL,4.948051746112014e-09,1.1870449725392973e-06
g153566__6131,0,0,0,7758,10188,8082,10458,0,0,0,AOI22xp5_ASAP7_75t_SL,7.422041203852814e-09,1.4682730125059607e-06
g153567__1881,0,0,0,17424,6138,17748,6408,0,0,0,AOI22xp5_ASAP7_75t_SL,7.422041203852814e-09,1.3964564686830272e-06
g153568__5115,0,0,0,4140,9108,4464,9378,0,0,0,AOI22xp33_ASAP7_75t_SL,4.948051746112014e-09,1.3294502423377708e-06
g153569__7482,0,0,0,15480,6678,15804,6948,0,0,0,AOI22xp33_ASAP7_75t_SL,4.948051746112014e-09,1.2859602520620683e-06
g153570__178343,0,0,0,4032,7218,4356,7488,0,0,0,AOI22xp5_ASAP7_75t_SL,7.422041203852814e-09,1.5412307448059437e-06
g153571__6161,0,0,0,14616,8568,14940,8838,0,0,0,AOI22xp5_ASAP7_75t_SL,7.422041203852814e-09,1.4417510101338848e-06
g153572__9315,0,0,0,8622,5598,8946,5868,0,0,0,AOI22xp33_ASAP7_75t_SL,4.948051746112014e-09,1.2208793123136275e-06
g153573__9945,0,0,0,12132,9378,12456,9648,0,0,0,AOI22xp33_ASAP7_75t_SL,4.948051746112014e-09,1.1750246358133154e-06
g153574__2883,0,0,0,4086,9648,4410,9918,0,0,0,AOI22xp33_ASAP7_75t_SL,4.948050857933595e-09,1.2276632332941517e-06
g153575__1666,0,0,0,14832,10458,15156,10728,0,0,0,AOI22xp5_ASAP7_75t_SL,7.355248410334525e-09,1.454789753552177e-06
g153576__7410,0,0,0,10566,10458,10890,10728,0,0,0,AOI22xp5_ASAP7_75t_SL,7.355248410334525e-09,1.5013765732874162e-06
g153577__6417,0,0,0,13752,10458,14076,10728,0,0,0,AOI22xp5_ASAP7_75t_SL,7.422041203852814e-09,1.4016015938977944e-06
g153579__213705,0,0,0,40428,19368,40806,19638,0,0,0,AOI221xp5_ASAP7_75t_SL,5.897818233790986e-09,2.9232593552568336e-15
g153584__6783,0,0,0,39132,12618,39510,12888,0,0,0,AOI221xp5_ASAP7_75t_SL,5.897818233790986e-09,2.3832415465478533e-15
g153585__5526,0,0,0,40482,13158,40860,13428,0,0,0,AOI221xp5_ASAP7_75t_SL,5.897818233790986e-09,2.541303400219663e-15
g153586__8428,0,0,0,42696,12618,42966,12888,0,0,0,AOI21xp5_ASAP7_75t_SL,5.280134107721324e-09,2.2914252926478553e-15
g153589__6783,0,0,0,13266,17478,13590,17748,0,0,0,AOI22xp33_ASAP7_75t_R,3.1814512829742014e-11,2.5966375005737063e-07
g153590__3680,0,0,0,14292,26118,14616,26388,0,0,0,AOI22xp33_ASAP7_75t_R,3.1814512829742014e-11,2.2424556789246708e-07
g153591__6783,0,0,0,12078,23148,12294,23418,0,0,0,NAND2xp5_ASAP7_75t_SL,5.009187287186023e-09,1.8552924496186007e-13
g153592__219228,0,0,0,26658,13428,27036,13698,0,0,0,AOI221xp5_ASAP7_75t_SL,5.89804338702038e-09,2.5466286963590507e-15
g153593__219227,0,0,0,25308,13158,25686,13428,0,0,0,AOI221xp5_ASAP7_75t_SL,5.89804338702038e-09,2.791035394608069e-15
g153594__219232,0,0,0,26118,12888,26496,13158,0,0,0,AOI221xp5_ASAP7_75t_SL,5.897818233790986e-09,2.2712072514716056e-15
g153595__219229,0,0,0,25254,12618,25632,12888,0,0,0,AOI221xp5_ASAP7_75t_SL,5.897818233790986e-09,2.358158148122575e-15
g153599__2346,0,0,0,37242,12618,37998,12888,0,0,0,AOI221x1_ASAP7_75t_SL,7.1343655427824615e-09,3.906572703944299e-15
g153600__193163,0,0,0,31032,30168,31410,30438,0,0,0,AOI221xp5_ASAP7_75t_SL,5.897593080561592e-09,2.4657298501162134e-15
g153601__193160,0,0,0,30654,30978,31032,31248,0,0,0,AOI221xp5_ASAP7_75t_SL,5.897818233790986e-09,2.322894260704247e-15
g153602__193161,0,0,0,30060,30708,30438,30978,0,0,0,AOI221xp5_ASAP7_75t_SL,5.897818233790986e-09,2.415033234157149e-15
g153603__6161,0,0,0,29898,31518,30276,31788,0,0,0,AOI221xp5_ASAP7_75t_SL,5.897818233790986e-09,2.3871908376644265e-15
g153607__179418,0,0,0,22824,31788,23202,32058,0,0,0,AOI221xp5_ASAP7_75t_SL,5.897818233790986e-09,2.263642823736151e-15
g153611__185128,0,0,0,38862,31788,39240,32058,0,0,0,AOI221xp5_ASAP7_75t_SL,5.897818233790986e-09,2.345239413369289e-15
g153616__5526,0,0,0,9918,22878,10188,23148,0,0,0,OAI21xp5_ASAP7_75t_SL,1.0125299709784485e-08,0.0
g153618__185117,0,0,0,42156,30708,42534,30978,0,0,0,AOI221xp5_ASAP7_75t_SL,5.897593080561592e-09,2.8227635547463208e-15
g153619__185121,0,0,0,41022,32058,41292,32328,0,0,0,AOI21xp5_ASAP7_75t_SL,5.280134107721324e-09,2.3807449169358213e-15
g153624__185113,0,0,0,40374,30708,40644,30978,0,0,0,AOI21xp5_ASAP7_75t_SL,5.280134107721324e-09,2.182256298273932e-15
g153625__179916,0,0,0,9594,23418,9918,23688,0,0,0,A2O1A1Ixp33_ASAP7_75t_SL,9.905351205929946e-09,5.5254906824054456e-14
g153627__169861,0,0,0,24552,22068,24984,22338,0,0,0,O2A1O1Ixp5_ASAP7_75t_SL,8.57334736537041e-09,4.522505925308451e-09
g153628__178191,0,0,0,18612,8298,18936,8568,0,0,0,O2A1O1Ixp33_ASAP7_75t_SL,2.388489184212972e-09,1.3191880920970789e-09
g153629__182014,0,0,0,13374,34218,13698,34488,0,0,0,O2A1O1Ixp33_ASAP7_75t_SL,5.20906207057692e-09,2.5830672711890657e-06
g153631__1617,0,0,0,40266,14238,40644,14508,0,0,0,AOI221xp5_ASAP7_75t_SL,5.897818233790986e-09,2.30472222761209e-15
g153632__179287,0,0,0,24120,32058,24390,32328,0,0,0,AOI21xp5_ASAP7_75t_SL,5.279796155832628e-09,2.380429397162969e-15
g153633__188954,0,0,0,24228,32598,24498,32868,0,0,0,AOI21xp5_ASAP7_75t_SL,5.279796155832628e-09,2.2510328324921395e-15
g153634__188333,0,0,0,23634,34218,24012,34488,0,0,0,AOI221xp5_ASAP7_75t_SL,5.897818233790986e-09,2.7435896911005668e-15
g153635__188335,0,0,0,22608,36108,22986,36378,0,0,0,AOI221xp5_ASAP7_75t_SL,5.89804338702038e-09,2.5832264489110673e-15
g153639__182909,0,0,0,23202,36378,23580,36648,0,0,0,AOI221xp5_ASAP7_75t_SL,5.897818233790986e-09,2.2470947645621174e-15
g153643__1666,0,0,0,32706,30708,32976,30978,0,0,0,AOI21xp5_ASAP7_75t_SL,5.279796155832628e-09,2.419701656245941e-15
g153644__2346,0,0,0,31950,30168,32220,30438,0,0,0,AOI21xp5_ASAP7_75t_SL,5.279796155832628e-09,2.395555923293273e-15
g153645__2883,0,0,0,33354,30438,33624,30708,0,0,0,AOI21xp5_ASAP7_75t_SL,5.279796155832628e-09,2.4816947271060624e-15
g153646__9945,0,0,0,32544,30438,32814,30708,0,0,0,AOI21xp5_ASAP7_75t_SL,5.279796155832628e-09,2.4335078697697125e-15
g153648__196988,0,0,0,33084,32328,33354,32598,0,0,0,AOI21xp5_ASAP7_75t_SL,5.280134107721324e-09,2.321708414578091e-15
g153651__5115,0,0,0,38484,13428,38754,13698,0,0,0,AOI21xp5_ASAP7_75t_SL,5.280134107721324e-09,2.3465722197117938e-15
g153652__1881,0,0,0,39240,13158,39510,13428,0,0,0,AOI21xp5_ASAP7_75t_SL,5.280134107721324e-09,2.28754524647472e-15
g153655__8246,0,0,0,25632,11808,25902,12078,0,0,0,AOI21xp5_ASAP7_75t_SL,5.279796155832628e-09,2.3150973224247712e-15
g153656__5122,0,0,0,27684,12888,27954,13158,0,0,0,AOI21xp5_ASAP7_75t_SL,5.279796155832628e-09,2.3809422756125315e-15
g153659__1617,0,0,0,27198,12078,27576,12348,0,0,0,AOI221xp5_ASAP7_75t_SL,5.897818233790986e-09,2.339866895143092e-15
g153662__6783,0,0,0,29304,12078,29682,12348,0,0,0,AOI221xp5_ASAP7_75t_SL,5.897818233790986e-09,2.3584450805334573e-15
g153664__176232,0,0,0,22932,17748,23202,18018,0,0,0,OAI21xp33_ASAP7_75t_SL,6.669978791506992e-09,4.458991753608643e-08
g153665__176236,0,0,0,21690,17478,21960,17748,0,0,0,OAI21xp33_ASAP7_75t_SL,6.669978791506992e-09,4.452596868986802e-08
g153666__176235,0,0,0,20664,22338,20934,22608,0,0,0,OAI21xp33_ASAP7_75t_SL,6.669978791506992e-09,4.2090601226618674e-08
g153667__176231,0,0,0,20880,19638,21150,19908,0,0,0,OAI21xp33_ASAP7_75t_SL,6.669978791506992e-09,4.606783932104008e-08
g153668__176233,0,0,0,20826,22608,21096,22878,0,0,0,OAI21xp33_ASAP7_75t_SL,6.669978791506992e-09,5.1256158428714116e-08
g153669__176234,0,0,0,22770,16938,23040,17208,0,0,0,OAI21xp33_ASAP7_75t_SL,6.669978791506992e-09,4.681152887542339e-08
g153675__171918,0,0,0,39564,19368,39834,19638,0,0,0,AOI21xp5_ASAP7_75t_SL,5.279796155832628e-09,2.3564465062944108e-15
g153677__185118,0,0,0,40374,31788,40644,32058,0,0,0,AOI21xp5_ASAP7_75t_SL,5.279796155832628e-09,2.522746178894742e-15
g153760__193866,0,0,0,36918,31788,37404,32058,0,0,0,AOI322xp5_ASAP7_75t_SL,4.303919887149732e-09,0.0
g153761__168317,0,0,0,17478,6408,17802,6678,0,0,0,AOI22xp5_ASAP7_75t_SL,9.250091359547241e-09,7.990701301324992e-15
g153762__168314,0,0,0,4356,5598,4680,5868,0,0,0,AOI22xp5_ASAP7_75t_SL,8.453492128523976e-09,6.066003581872096e-15
g153763__168294,0,0,0,6138,4248,6462,4518,0,0,0,AOI22xp33_ASAP7_75t_SL,5.712451844885891e-09,4.176951549938503e-15
g153764__169153,0,0,0,22014,30168,22392,30438,0,0,0,AOI221xp5_ASAP7_75t_SL,5.89804338702038e-09,1.392049514284057e-17
g153766__178451,0,0,0,9540,18018,9864,18288,0,0,0,AOI22xp5_ASAP7_75t_SL,1.0055989818624766e-08,0.0
g153767__178449,0,0,0,9108,13968,9432,14238,0,0,0,AOI22xp5_ASAP7_75t_SL,1.0171089748212125e-08,0.0
g153768__178448,0,0,0,8622,18558,8946,18828,0,0,0,AOI22xp5_ASAP7_75t_SL,1.0055989818624766e-08,0.0
g153770__178446,0,0,0,9486,15858,9810,16128,0,0,0,AOI22xp5_ASAP7_75t_SL,1.0171085307320027e-08,0.0
g153771__178445,0,0,0,9432,17478,9756,17748,0,0,0,AOI22xp5_ASAP7_75t_SL,1.0171089748212125e-08,0.0
g153772__178444,0,0,0,4518,14508,4842,14778,0,0,0,AOI22xp5_ASAP7_75t_SL,1.0055989818624766e-08,0.0
g153773__188371,0,0,0,1710,16398,2034,16668,0,0,0,AOI22xp33_ASAP7_75t_SL,6.780766614866707e-09,0.0
g153774__178442,0,0,0,7650,20988,7974,21258,0,0,0,AOI22xp5_ASAP7_75t_SL,1.0055989818624766e-08,0.0
g153775__178441,0,0,0,9540,21528,9864,21798,0,0,0,AOI22xp5_ASAP7_75t_SL,1.0055989818624766e-08,0.0
g153776__178440,0,0,0,4464,21798,4788,22068,0,0,0,AOI22xp5_ASAP7_75t_SL,1.0055989818624766e-08,0.0
g153778__178439,0,0,0,5652,22878,5976,23148,0,0,0,AOI22xp5_ASAP7_75t_SL,1.0171089748212125e-08,0.0
g153779__178438,0,0,0,3222,21528,3546,21798,0,0,0,AOI22xp33_ASAP7_75t_SL,6.780766614866707e-09,0.0
g153780__178437,0,0,0,4032,22878,4356,23148,0,0,0,AOI22xp33_ASAP7_75t_SL,6.780766614866707e-09,0.0
g153781__178436,0,0,0,2034,18018,2358,18288,0,0,0,AOI22xp33_ASAP7_75t_SL,6.780766614866707e-09,0.0
g153782__178435,0,0,0,7650,14508,7974,14778,0,0,0,AOI22xp5_ASAP7_75t_SL,1.0171089748212125e-08,0.0
g153783__178434,0,0,0,7542,13428,7866,13698,0,0,0,AOI22xp5_ASAP7_75t_SL,1.0171089748212125e-08,0.0
g153784__178433,0,0,0,3222,23418,3546,23688,0,0,0,AOI22xp5_ASAP7_75t_SL,1.0152490403925185e-08,0.0
g153788__182080,0,0,0,1656,29088,1980,29358,0,0,0,AOI22xp33_ASAP7_75t_SL,6.7448966412086975e-09,5.511038292382864e-10
g153790__182072,0,0,0,11484,30978,11808,31248,0,0,0,AOI22xp5_ASAP7_75t_SL,1.0117364723782885e-08,5.915863354744033e-10
g153791__182078,0,0,0,8730,29358,9054,29628,0,0,0,AOI22xp5_ASAP7_75t_SL,1.0117364723782885e-08,6.004005070892049e-10
g153792__182075,0,0,0,10242,29358,10566,29628,0,0,0,AOI22xp5_ASAP7_75t_SL,1.0117364723782885e-08,6.161602894572127e-10
g153793__182084,0,0,0,3114,30708,3438,30978,0,0,0,AOI22xp33_ASAP7_75t_SL,6.7448966412086975e-09,5.008378156645676e-10
g153794__182094,0,0,0,8730,31788,9054,32058,0,0,0,AOI22xp33_ASAP7_75t_SL,6.7448966412086975e-09,4.834577183032707e-10
g153795__182086,0,0,0,5004,29088,5328,29358,0,0,0,AOI22xp5_ASAP7_75t_SL,1.0117364723782885e-08,6.284223141861389e-10
g153797__182082,0,0,0,2952,29358,3276,29628,0,0,0,AOI22xp33_ASAP7_75t_SL,6.7448966412086975e-09,4.738872627640944e-10
g153798__182071,0,0,0,9810,33948,10134,34218,0,0,0,AOI22xp33_ASAP7_75t_SL,6.7448966412086975e-09,4.778732964894061e-10
g153799__182068,0,0,0,1224,34488,1548,34758,0,0,0,AOI22xp33_ASAP7_75t_SL,6.7448966412086975e-09,4.850270740597296e-10
g153801__182083,0,0,0,1332,33408,1656,33678,0,0,0,AOI22xp5_ASAP7_75t_SL,1.0117364723782885e-08,6.191189783066875e-10
g153802__182074,0,0,0,7974,35298,8298,35568,0,0,0,AOI22xp33_ASAP7_75t_SL,6.7448966412086975e-09,4.96915897318928e-10
g153803__182081,0,0,0,1440,29358,1764,29628,0,0,0,AOI22xp33_ASAP7_75t_SL,6.7448966412086975e-09,5.696467741955757e-10
g153804__182077,0,0,0,1656,30438,1980,30708,0,0,0,AOI22xp33_ASAP7_75t_SL,6.7448966412086975e-09,5.467681862825202e-10
g153805__182079,0,0,0,6624,32328,6948,32598,0,0,0,AOI22xp5_ASAP7_75t_SL,1.0117364723782885e-08,6.110565387018596e-10
g153806__182097,0,0,0,10566,31788,10890,32058,0,0,0,AOI22xp5_ASAP7_75t_SL,1.0117364723782885e-08,6.656844520058769e-10
g153807__182076,0,0,0,1656,32598,1980,32868,0,0,0,AOI22xp33_ASAP7_75t_SL,6.7432703865222265e-09,1.531778925922822e-09
g153808__182089,0,0,0,4140,31518,4464,31788,0,0,0,AOI22xp5_ASAP7_75t_SL,1.0114925785842388e-08,1.922823456013134e-09
g153810__168293,0,0,0,11214,30168,11538,30438,0,0,0,AOI22xp5_ASAP7_75t_SL,1.0171085307320027e-08,0.0
g153811__168291,0,0,0,9054,29358,9378,29628,0,0,0,AOI22xp5_ASAP7_75t_SL,1.0171085307320027e-08,0.0
g153813__175430,0,0,0,4032,31248,4356,31518,0,0,0,AOI22xp33_ASAP7_75t_SL,6.780766614866707e-09,0.0
g153814__168277,0,0,0,9054,31788,9378,32058,0,0,0,AOI22xp33_ASAP7_75t_SL,6.704026667136986e-09,0.0
g153815__168289,0,0,0,4302,29628,4626,29898,0,0,0,AOI22xp5_ASAP7_75t_SL,1.0055989818624766e-08,0.0
g153817__175426,0,0,0,3114,29628,3438,29898,0,0,0,AOI22xp33_ASAP7_75t_SL,6.704026667136986e-09,0.0
g153818__168287,0,0,0,10026,32868,10350,33138,0,0,0,AOI22xp5_ASAP7_75t_SL,1.0171085307320027e-08,0.0
g153819__175422,0,0,0,1656,34758,1980,35028,0,0,0,AOI22xp33_ASAP7_75t_SL,6.704026667136986e-09,0.0
g153820__168262,0,0,0,10458,34488,10782,34758,0,0,0,AOI22xp33_ASAP7_75t_SL,6.704026667136986e-09,0.0
g153821__168285,0,0,0,1656,33678,1980,33948,0,0,0,AOI22xp33_ASAP7_75t_SL,6.857503898061168e-09,0.0
g153822__168284,0,0,0,8298,35298,8622,35568,0,0,0,AOI22xp33_ASAP7_75t_SL,6.780766614866707e-09,0.0
g153824__168280,0,0,0,1332,30978,1656,31248,0,0,0,AOI22xp33_ASAP7_75t_SL,6.704026667136986e-09,0.0
g153825__168282,0,0,0,6624,31518,6948,31788,0,0,0,AOI22xp5_ASAP7_75t_SL,1.0055989818624766e-08,0.0
g153826__168281,0,0,0,10566,31518,10890,31788,0,0,0,AOI22xp5_ASAP7_75t_SL,1.0055989818624766e-08,0.0
g153827__168283,0,0,0,1656,31788,1980,32058,0,0,0,AOI22xp5_ASAP7_75t_SL,1.0037389586159406e-08,0.0
g153829__173944,0,0,0,29142,29628,29520,29898,0,0,0,AOI221xp5_ASAP7_75t_SL,5.897818233790986e-09,1.6327585762286205e-17
g153830__205422,0,0,0,29250,29358,29628,29628,0,0,0,AOI221xp5_ASAP7_75t_SL,5.897818233790986e-09,1.4931791270496875e-17
g153833__178097,0,0,0,36486,13428,36864,13698,0,0,0,AOI221xp5_ASAP7_75t_SL,5.89804338702038e-09,1.4501834368620387e-17
g153835__6131,0,0,0,36108,13428,36486,13698,0,0,0,AOI221xp5_ASAP7_75t_SL,5.89804338702038e-09,1.558381969706425e-17
g153837__9945,0,0,0,31734,32598,32004,32868,0,0,0,AOI21xp5_ASAP7_75t_SL,5.279796155832628e-09,2.4460901206847015e-15
g153839__180563,0,0,0,30114,31788,30492,32058,0,0,0,AOI221xp5_ASAP7_75t_SL,5.897593080561592e-09,2.7199079204447574e-15
g153840,0,0,0,24120,14778,24444,15048,0,0,0,AOI22xp33_ASAP7_75t_R,5.188460078242585e-11,0.0
g153841__191897,0,0,0,24012,12348,24390,12618,0,0,0,AOI221xp5_ASAP7_75t_SL,5.897818233790986e-09,1.5399743886630374e-17
g153842__8246,0,0,0,24390,12348,24768,12618,0,0,0,AOI221xp5_ASAP7_75t_SL,5.897818233790986e-09,1.4594857445946876e-17
g153843__5477,0,0,0,41994,12888,42372,13158,0,0,0,AOI221xp5_ASAP7_75t_SL,5.897818233790986e-09,2.794968168582171e-15
g153844__219225,0,0,0,28008,13968,28764,14238,0,0,0,AOI221x1_ASAP7_75t_SL,7.134703494671157e-09,3.565881652998516e-15
g153845__200405,0,0,0,28278,12888,29034,13158,0,0,0,AOI221x1_ASAP7_75t_SL,7.134365098693252e-09,3.3298095471922433e-15
g153859__4319,0,0,0,7110,21798,7434,22068,0,0,0,AOI22xp5_ASAP7_75t_SL,1.0055989818624766e-08,6.254531940107222e-14
g153862__6417,0,0,0,2034,16668,2358,16938,0,0,0,AOI22xp5_ASAP7_75t_SL,1.0055989818624766e-08,6.606608977336587e-14
g153863__2802,0,0,0,6084,22068,6408,22338,0,0,0,AOI22xp5_ASAP7_75t_SL,1.0171085307320027e-08,6.24857560442213e-14
g153864__1705,0,0,0,3168,22338,3492,22608,0,0,0,AOI22xp33_ASAP7_75t_SL,6.780763950331448e-09,5.476514559768844e-14
g153865__5122,0,0,0,4680,23688,5004,23958,0,0,0,AOI22xp33_ASAP7_75t_SL,6.780763950331448e-09,5.5715276007150746e-14
g153866__8246,0,0,0,1386,18558,1710,18828,0,0,0,AOI22xp5_ASAP7_75t_SL,1.0171089748212125e-08,6.162593628759525e-14
g153867__7098,0,0,0,7920,15318,8244,15588,0,0,0,AOI22xp5_ASAP7_75t_SL,1.0055989818624766e-08,6.359097818632586e-14
g153868__6131,0,0,0,7380,12618,7704,12888,0,0,0,AOI22xp5_ASAP7_75t_SL,1.0055989818624766e-08,6.334362423693687e-14
g153869__167224,0,0,0,3222,24228,3546,24498,0,0,0,AOI22xp5_ASAP7_75t_SL,1.0151813611969374e-08,6.224255594440564e-14
g153870__5115,0,0,0,2088,19368,2412,19638,0,0,0,AOI22xp5_ASAP7_75t_SL,1.0037389586159406e-08,6.233445563105094e-14
g153871__223685,0,0,0,22770,10728,23094,10998,0,0,0,OAI211xp5_ASAP7_75t_SL,9.985469340278996e-09,4.8407500948780165e-15
g153873__167561,0,0,0,20556,31788,20880,32058,0,0,0,OAI211xp5_ASAP7_75t_SL,9.985469340278996e-09,4.544424935643519e-15
g153875__1705,0,0,0,8514,10998,8838,11268,0,0,0,AOI22xp33_ASAP7_75t_R,3.1814512829742014e-11,2.5345218546135584e-07
g153876__2802,0,0,0,4950,19908,5274,20178,0,0,0,AOI22xp33_ASAP7_75t_R,6.62024463027322e-11,1.8492851694418277e-10
g153877__1617,0,0,0,4572,26928,4896,27198,0,0,0,AOI22xp33_ASAP7_75t_R,6.62024463027322e-11,3.257267580946576e-16
g153879__193871,0,0,0,37458,28818,37782,29088,0,0,0,AOI22xp33_ASAP7_75t_SL,2.4681756638500474e-09,6.143259064784829e-18
g153880__193867,0,0,0,37350,29088,37674,29358,0,0,0,AOI22xp33_ASAP7_75t_SL,2.4681756638500474e-09,6.245950642701144e-18
g153882__213722,0,0,0,31248,19368,31572,19638,0,0,0,AOI22xp33_ASAP7_75t_SL,2.4681756638500474e-09,6.182115046878895e-18
g153883__196657,0,0,0,22554,30708,22878,30978,0,0,0,AOI22xp5_ASAP7_75t_SL,3.7019203258381594e-09,7.484214377094037e-18
g153886__205418,0,0,0,29790,29628,30114,29898,0,0,0,AOI22xp33_ASAP7_75t_SL,2.4681756638500474e-09,6.0996753318997165e-18
g153887__169189,0,0,0,35460,13968,35784,14238,0,0,0,AOI22xp5_ASAP7_75t_SL,3.7019203258381594e-09,7.796256682651091e-18
g153888__3680,0,0,0,35514,14778,35838,15048,0,0,0,AOI22xp33_ASAP7_75t_SL,2.4681756638500474e-09,6.141150167813125e-18
g153889__219219,0,0,0,23904,13698,24228,13968,0,0,0,AOI22xp33_ASAP7_75t_SL,2.4679502885760485e-09,6.168522815053424e-18
g153890__219221,0,0,0,24552,13968,24876,14238,0,0,0,AOI22xp33_ASAP7_75t_SL,2.4681756638500474e-09,5.794488699259502e-18
g153891__176455,0,0,0,31518,21798,32058,22068,0,0,0,OAI222xp33_ASAP7_75t_SL,8.053292255283395e-09,6.741015148967362e-15
g153893__168312,0,0,0,9972,3168,10296,3438,0,0,0,AOI22xp5_ASAP7_75t_SL,6.869597335423805e-09,2.947780089661323e-21
g153894__168311,0,0,0,14238,3168,14562,3438,0,0,0,AOI22xp5_ASAP7_75t_SL,6.869597335423805e-09,2.948652506713625e-21
g153895__168310,0,0,0,8622,3168,8946,3438,0,0,0,AOI22xp5_ASAP7_75t_SL,6.869597335423805e-09,2.9475949029861006e-21
g153896__168309,0,0,0,17046,5058,17370,5328,0,0,0,AOI22xp5_ASAP7_75t_SL,6.869597335423805e-09,2.950133596218621e-21
g153897__168308,0,0,0,6408,7218,6732,7488,0,0,0,AOI22xp5_ASAP7_75t_SL,6.869597335423805e-09,2.9500679629913067e-21
g153898__168307,0,0,0,15102,4788,15426,5058,0,0,0,AOI22xp5_ASAP7_75t_SL,6.869595114977756e-09,2.569691502858533e-21
g153899__168306,0,0,0,7164,3708,7488,3978,0,0,0,AOI22xp5_ASAP7_75t_SL,6.869597335423805e-09,2.947285719998352e-21
g153900__168305,0,0,0,12834,3168,13158,3438,0,0,0,AOI22xp5_ASAP7_75t_SL,6.869597335423805e-09,2.9484695414707117e-21
g153901__168297,0,0,0,7920,6408,8244,6678,0,0,0,AOI22xp5_ASAP7_75t_SL,6.869595114977756e-09,2.577097152331905e-21
g153902__168304,0,0,0,11430,2628,11754,2898,0,0,0,AOI22xp5_ASAP7_75t_SL,6.869597335423805e-09,2.9482274053490195e-21
g153903__168303,0,0,0,11106,5868,11430,6138,0,0,0,AOI22xp5_ASAP7_75t_SL,6.869597335423805e-09,2.9500897734176143e-21
g153904__168302,0,0,0,16668,3438,16992,3708,0,0,0,AOI22xp5_ASAP7_75t_SL,6.869595114977756e-09,2.5699253590961638e-21
g153906__168272,0,0,0,8244,36648,8568,36918,0,0,0,AOI22xp5_ASAP7_75t_SL,6.869649737950567e-09,0.0
g153907__168268,0,0,0,4410,36648,4734,36918,0,0,0,AOI22xp5_ASAP7_75t_SL,6.869649737950567e-09,0.0
g153908__168265,0,0,0,11484,36918,11808,37188,0,0,0,AOI22xp5_ASAP7_75t_SL,6.869649737950567e-09,0.0
g153909__168264,0,0,0,6840,36918,7164,37188,0,0,0,AOI22xp5_ASAP7_75t_SL,6.869649737950567e-09,0.0
g153911__168274,0,0,0,6786,35298,7110,35568,0,0,0,AOI22xp5_ASAP7_75t_SL,6.869649737950567e-09,0.0
g153912__168269,0,0,0,10566,36378,10890,36648,0,0,0,AOI22xp5_ASAP7_75t_SL,6.869649737950567e-09,0.0
g153913__168273,0,0,0,5490,35568,5814,35838,0,0,0,AOI22xp5_ASAP7_75t_SL,6.869649737950567e-09,0.0
g153914__168271,0,0,0,9486,36648,9810,36918,0,0,0,AOI22xp5_ASAP7_75t_SL,6.869649737950567e-09,0.0
g153915__168275,0,0,0,5706,36648,6030,36918,0,0,0,AOI22xp5_ASAP7_75t_SL,6.869649737950567e-09,0.0
g153917__178432,0,0,0,5976,13428,6300,13698,0,0,0,AOI22xp5_ASAP7_75t_SL,6.869649737950567e-09,0.0
g153918__178455,0,0,0,3222,13698,3546,13968,0,0,0,AOI22xp5_ASAP7_75t_SL,6.869649737950567e-09,0.0
g153919__178452,0,0,0,1224,14778,1548,15048,0,0,0,AOI22xp5_ASAP7_75t_SL,6.869649737950567e-09,0.0
g153920__187221,0,0,0,9702,20448,10026,20718,0,0,0,AOI22xp5_ASAP7_75t_SL,6.984850031699352e-09,0.0
g153921__178429,0,0,0,6840,23148,7164,23418,0,0,0,AOI22xp5_ASAP7_75t_SL,6.869649737950567e-09,0.0
g153922__178454,0,0,0,4680,13158,5004,13428,0,0,0,AOI22xp5_ASAP7_75t_SL,6.869649737950567e-09,0.0
g153923__178453,0,0,0,1224,13428,1548,13698,0,0,0,AOI22xp5_ASAP7_75t_SL,6.869649737950567e-09,0.0
g153924__178430,0,0,0,2142,13698,2466,13968,0,0,0,AOI22xp5_ASAP7_75t_SL,6.869649737950567e-09,0.0
g153925__178457,0,0,0,3438,13428,3762,13698,0,0,0,AOI22xp5_ASAP7_75t_SL,6.869649737950567e-09,0.0
g153926__178427,0,0,0,6300,14238,6624,14508,0,0,0,AOI22xp5_ASAP7_75t_SL,6.869649737950567e-09,0.0
g153927__178456,0,0,0,1278,21258,1602,21528,0,0,0,AOI22xp5_ASAP7_75t_SL,6.869649737950567e-09,0.0
g153928__178428,0,0,0,1872,23958,2196,24228,0,0,0,AOI22xp5_ASAP7_75t_SL,6.869649737950567e-09,0.0
g153929__5526,0,0,0,9648,3168,9972,3438,0,0,0,AOI22xp5_ASAP7_75t_SL,6.869557811484128e-09,8.899792014460672e-11
g153930__3680,0,0,0,13914,3168,14238,3438,0,0,0,AOI22xp5_ASAP7_75t_SL,6.869557811484128e-09,8.9765424260424e-11
g153931__1617,0,0,0,8298,3168,8622,3438,0,0,0,AOI22xp5_ASAP7_75t_SL,6.869557811484128e-09,8.822112484985212e-11
g153932__2802,0,0,0,17370,5058,17694,5328,0,0,0,AOI22xp5_ASAP7_75t_SL,6.869557811484128e-09,8.328127076850933e-11
g153933__5122,0,0,0,6786,8298,7110,8568,0,0,0,AOI22xp5_ASAP7_75t_SL,6.869557811484128e-09,9.281973800678855e-11
g153934__8246,0,0,0,15048,4518,15372,4788,0,0,0,AOI22xp5_ASAP7_75t_SL,6.871947011433122e-09,8.853279220844001e-11
g153935__6131,0,0,0,6570,3168,6894,3438,0,0,0,AOI22xp5_ASAP7_75t_SL,6.869557811484128e-09,9.06901359565282e-11
g153936__1881,0,0,0,12510,3168,12834,3438,0,0,0,AOI22xp5_ASAP7_75t_SL,6.869557811484128e-09,8.701712961300956e-11
g153937__7482,0,0,0,7110,6948,7434,7218,0,0,0,AOI22xp5_ASAP7_75t_SL,6.869557811484128e-09,8.836612691576207e-11
g153938__4733,0,0,0,10998,3438,11322,3708,0,0,0,AOI22xp5_ASAP7_75t_SL,6.869557811484128e-09,8.59006893394465e-11
g153939__9315,0,0,0,11160,6138,11484,6408,0,0,0,AOI22xp5_ASAP7_75t_SL,6.869557811484128e-09,9.019771041174351e-11
g153940__9945,0,0,0,17208,3708,17532,3978,0,0,0,AOI22xp5_ASAP7_75t_SL,6.869557811484128e-09,9.064972383843184e-11
g153941__182091,0,0,0,3870,35028,4194,35298,0,0,0,AOI22xp5_ASAP7_75t_SL,6.869653734753456e-09,3.1808979278694083e-13
g153942__182098,0,0,0,8298,36918,8622,37188,0,0,0,AOI22xp5_ASAP7_75t_SL,6.869653734753456e-09,2.9851343836054256e-13
g153943__182099,0,0,0,4410,35838,4734,36108,0,0,0,AOI22xp5_ASAP7_75t_SL,6.869653734753456e-09,3.1111197602504137e-13
g153944__182088,0,0,0,11646,36648,11970,36918,0,0,0,AOI22xp5_ASAP7_75t_SL,6.869649737950567e-09,3.1737028912022514e-13
g153945__182096,0,0,0,6894,35838,7218,36108,0,0,0,AOI22xp5_ASAP7_75t_SL,6.869653734753456e-09,3.2370774897400034e-13
g153946__182093,0,0,0,11430,35568,11754,35838,0,0,0,AOI22xp5_ASAP7_75t_SL,6.869653734753456e-09,2.954071991363716e-13
g153947__182090,0,0,0,6840,35568,7164,35838,0,0,0,AOI22xp5_ASAP7_75t_SL,6.869653734753456e-09,3.186165524124429e-13
g153948__182101,0,0,0,10728,36108,11052,36378,0,0,0,AOI22xp5_ASAP7_75t_SL,6.869653734753456e-09,3.062144992866528e-13
g153949__182092,0,0,0,4734,35028,5058,35298,0,0,0,AOI22xp5_ASAP7_75t_SL,6.869653734753456e-09,2.9174790838401576e-13
g153950__182087,0,0,0,9486,36918,9810,37188,0,0,0,AOI22xp5_ASAP7_75t_SL,6.869653734753456e-09,3.132697009786134e-13
g153951__182100,0,0,0,5706,36918,6030,37188,0,0,0,AOI22xp5_ASAP7_75t_SL,6.869653734753456e-09,3.1513512502648333e-13
g153952__182095,0,0,0,3492,36378,3816,36648,0,0,0,AOI22xp5_ASAP7_75t_SL,6.869653734753456e-09,2.9917285012184824e-13
g153954__1881,0,0,0,3438,14508,3762,14778,0,0,0,AOI22xp5_ASAP7_75t_SL,6.869653734753456e-09,3.3744457062773072e-25
g153956__7482,0,0,0,9918,19098,10242,19368,0,0,0,AOI22xp5_ASAP7_75t_SL,6.869653734753456e-09,3.3775419853302997e-25
g153959__9315,0,0,0,1818,12888,2142,13158,0,0,0,AOI22xp5_ASAP7_75t_SL,6.869649737950567e-09,3.0179589701698662e-25
g153960__9945,0,0,0,2142,12618,2466,12888,0,0,0,AOI22xp5_ASAP7_75t_SL,6.869649737950567e-09,3.0180353910700595e-25
g153963__1666,0,0,0,2358,20718,2682,20988,0,0,0,AOI22xp5_ASAP7_75t_SL,6.869649737950567e-09,3.0193276438404247e-25
g153964__7410,0,0,0,2034,24768,2358,25038,0,0,0,AOI22xp5_ASAP7_75t_SL,6.869649737950567e-09,3.0192260779988775e-25
g153971__218177,0,0,0,22176,10458,22554,10728,0,0,0,OAI221xp5_ASAP7_75t_SL,5.374257039392205e-09,0.0
g153972__182369,0,0,0,34488,12348,34866,12618,0,0,0,OAI221xp5_ASAP7_75t_SL,5.374257039392205e-09,0.0
g153973__5526,0,0,0,19476,32328,19854,32598,0,0,0,OAI221xp5_ASAP7_75t_SL,5.3746767036955134e-09,0.0
g153974__6783,0,0,0,27738,31248,28116,31518,0,0,0,OAI221xp5_ASAP7_75t_SL,5.374257039392205e-09,0.0
g153975__213703,0,0,0,32274,21258,32760,21528,0,0,0,AOI322xp5_ASAP7_75t_SL,4.302590284055441e-09,0.0
g153976__168300,0,0,0,10350,7758,10674,8028,0,0,0,AOI22xp5_ASAP7_75t_SL,9.250091359547241e-09,8.242573324454636e-15
g153977,0,0,0,4464,26118,4626,26388,0,0,1,INVxp33_ASAP7_75t_R,8.528100101101721e-12,1.7534875951241702e-07
g153978__7098,0,0,0,9648,13968,9972,14238,0,0,0,AOI22xp5_ASAP7_75t_SL,1.0117364723782885e-08,6.425052712089041e-10
g153979__173338,0,0,0,9108,23958,9432,24228,0,0,0,O2A1O1Ixp33_ASAP7_75t_SL,5.20906207057692e-09,2.604318524390692e-06
g153985__1881,0,0,0,10458,16398,10782,16668,0,0,0,AOI22xp5_ASAP7_75t_SL,1.0117364723782885e-08,5.918215917333214e-10
g153986__5115,0,0,0,10242,15048,10566,15318,0,0,0,AOI22xp5_ASAP7_75t_SL,1.0117364723782885e-08,6.153821896504041e-10
g153994__8246,0,0,0,14724,28008,15048,28278,0,0,0,AOI22xp33_ASAP7_75t_R,3.1449277210215953e-11,2.4187980329770653e-07
g153995__7098,0,0,0,13374,16668,13698,16938,0,0,0,AOI22xp33_ASAP7_75t_R,3.1814512829742014e-11,2.570585309058515e-07
g153996__4733,0,0,0,42372,12618,42696,12888,0,0,0,A2O1A1Ixp33_ASAP7_75t_SL,5.696225269247179e-09,1.1642295806442947e-17
g153997__189853,0,0,0,37134,19098,37458,19368,0,0,0,A2O1A1Ixp33_ASAP7_75t_SL,5.696225269247179e-09,1.1594572448182313e-17
g153998__189854,0,0,0,37890,19368,38214,19638,0,0,0,A2O1A1Ixp33_ASAP7_75t_SL,5.696225269247179e-09,1.2243133333621865e-17
g154,0,0,0,21906,7218,22230,7488,0,0,0,AOI22xp5_ASAP7_75t_SL,3.6828700089586164e-09,0.0
g154000__189844,0,0,0,39888,19368,40212,19638,0,0,0,A2O1A1Ixp33_ASAP7_75t_SL,5.696225269247179e-09,1.1494831009920669e-17
g154002__2346,0,0,0,10296,18828,10620,19098,0,0,0,AOI22xp5_ASAP7_75t_SL,1.0117364723782885e-08,6.199034618958876e-10
g154003__1666,0,0,0,8460,20448,8784,20718,0,0,0,AOI22xp5_ASAP7_75t_SL,1.0117364723782885e-08,6.634983673592387e-10
g154062__178195,0,0,0,16074,8298,16830,8568,0,0,0,AND3x4_ASAP7_75t_SL,2.2537644639442078e-08,2.5802952474531237e-20
g154063__174765,0,0,0,11808,33678,12456,33948,0,0,0,OR2x6_ASAP7_75t_SL,3.3840301227883174e-08,0.0
g154063__9945_dup174766,0,0,0,11916,33948,12564,34218,0,0,0,OR2x6_ASAP7_75t_SL,3.3840301227883174e-08,0.0
g154065__175620,0,0,0,12024,34488,12672,34758,0,0,0,OR2x6_ASAP7_75t_SL,4.100160211351067e-08,1.9508827272394706e-18
g154065__9315_dup174764,0,0,0,11970,34218,12618,34488,0,0,0,OR2x6_ASAP7_75t_SL,4.100160211351067e-08,1.8293769262906375e-18
g154068__178190,0,0,0,16398,9648,17154,9918,0,0,0,AND3x4_ASAP7_75t_SL,2.4057197123283913e-08,7.173699412277301e-10
g154069__2398,0,0,0,10242,16938,10566,17208,0,0,0,AOI22xp5_ASAP7_75t_SL,1.0117364723782885e-08,6.212894088086784e-10
g154071__6260,0,0,0,2520,15858,2844,16128,0,0,0,AOI22xp33_ASAP7_75t_SL,6.7448966412086975e-09,5.430750293911046e-10
g154077__1617,0,0,0,2844,22338,3168,22608,0,0,0,AOI22xp33_ASAP7_75t_SL,6.7448966412086975e-09,4.741220749338027e-10
g154078__2802,0,0,0,4086,23148,4410,23418,0,0,0,AOI22xp33_ASAP7_75t_SL,6.7448966412086975e-09,5.104215938800394e-10
g154079__1705,0,0,0,1710,18018,2034,18288,0,0,0,AOI22xp33_ASAP7_75t_SL,6.7448966412086975e-09,5.548166370772378e-10
g154080__5122,0,0,0,7596,15318,7920,15588,0,0,0,AOI22xp5_ASAP7_75t_SL,1.0117364723782885e-08,6.0165905590992e-10
g154081__7098,0,0,0,7056,12618,7380,12888,0,0,0,AOI22xp5_ASAP7_75t_SL,1.0117364723782885e-08,6.01590166571242e-10
g154082__167222,0,0,0,3222,25038,3546,25308,0,0,0,AOI22xp5_ASAP7_75t_SL,1.0114925785842388e-08,1.8544406010789771e-09
g154085__198354,0,0,0,8784,13698,9108,13968,0,0,0,AOI22xp5_ASAP7_75t_SL,1.0171085307320027e-08,0.0
g154087__198359,0,0,0,9162,15318,9486,15588,0,0,0,AOI22xp5_ASAP7_75t_SL,1.0171085307320027e-08,0.0
g154088__198370,0,0,0,9162,15858,9486,16128,0,0,0,AOI22xp33_ASAP7_75t_SL,6.780763950331448e-09,0.0
g154089__198371,0,0,0,9108,17478,9432,17748,0,0,0,AOI22xp33_ASAP7_75t_SL,6.780763950331448e-09,0.0
g154091__198355,0,0,0,1710,15588,2034,15858,0,0,0,AOI22xp33_ASAP7_75t_SL,6.780766614866707e-09,0.0
g154092__198348,0,0,0,7596,21258,7920,21528,0,0,0,AOI22xp5_ASAP7_75t_SL,1.0171085307320027e-08,0.0
g154093__198350,0,0,0,9216,21528,9540,21798,0,0,0,AOI22xp5_ASAP7_75t_SL,1.0171085307320027e-08,0.0
g154094__198366,0,0,0,4464,22068,4788,22338,0,0,0,AOI22xp33_ASAP7_75t_SL,6.704026667136986e-09,0.0
g154095__198358,0,0,0,1008,17208,1332,17478,0,0,0,AOI22xp5_ASAP7_75t_SL,1.0055989818624766e-08,0.0
g154096__198353,0,0,0,5976,22878,6300,23148,0,0,0,AOI22xp5_ASAP7_75t_SL,1.0171085307320027e-08,0.0
g154097__198367,0,0,0,2520,22338,2844,22608,0,0,0,AOI22xp33_ASAP7_75t_SL,6.780766614866707e-09,0.0
g154098__181547,0,0,0,24390,32058,24714,32328,0,0,0,A2O1A1Ixp33_ASAP7_75t_SL,5.696225269247179e-09,1.1045943252545292e-17
g154099__198356,0,0,0,4356,23688,4680,23958,0,0,0,AOI22xp33_ASAP7_75t_SL,6.780766614866707e-09,0.0
g154100__198368,0,0,0,2628,18828,2952,19098,0,0,0,AOI22xp33_ASAP7_75t_SL,6.780766614866707e-09,0.0
g154101__198351,0,0,0,7974,14508,8298,14778,0,0,0,AOI22xp5_ASAP7_75t_SL,1.0171085307320027e-08,0.0
g154102__198352,0,0,0,7542,13698,7866,13968,0,0,0,AOI22xp5_ASAP7_75t_SL,1.0171085307320027e-08,0.0
g154103__198365,0,0,0,3168,23148,3492,23418,0,0,0,AOI22xp33_ASAP7_75t_SL,6.7679160054012755e-09,0.0
g154104__198357,0,0,0,1386,19638,1710,19908,0,0,0,AOI22xp33_ASAP7_75t_SL,6.768366755949273e-09,0.0
g154106__6260,0,0,0,40104,32058,40428,32328,0,0,0,A2O1A1Ixp33_ASAP7_75t_SL,5.696225269247179e-09,1.2263014619644577e-17
g154108__4733,0,0,0,32976,30708,33300,30978,0,0,0,A2O1A1Ixp33_ASAP7_75t_L,5.504334765760177e-10,9.933352241436968e-18
g154109__6161,0,0,0,31950,30438,32274,30708,0,0,0,A2O1A1Ixp33_ASAP7_75t_L,5.504334765760177e-10,9.126333329134308e-18
g154110__8428,0,0,0,41292,32058,41616,32328,0,0,0,A2O1A1Ixp33_ASAP7_75t_SL,5.696225269247179e-09,1.0916322396197007e-17
g154111__9315,0,0,0,33516,31248,33840,31518,0,0,0,A2O1A1Ixp33_ASAP7_75t_L,5.504334765760177e-10,1.0165753597617416e-17
g154112__9945,0,0,0,32814,30438,33138,30708,0,0,0,A2O1A1Ixp33_ASAP7_75t_L,5.504334765760177e-10,9.509931720760874e-18
g154114__200937,0,0,0,33030,32058,33354,32328,0,0,0,A2O1A1Ixp33_ASAP7_75t_SL,5.696225269247179e-09,1.1627915271493713e-17
g154115__1666,0,0,0,33354,32598,33678,32868,0,0,0,A2O1A1Ixp33_ASAP7_75t_SL,5.696225269247179e-09,1.1165214425069313e-17
g154116__7410,0,0,0,31842,32328,32166,32598,0,0,0,A2O1A1Ixp33_ASAP7_75t_SL,5.696225269247179e-09,1.1081272136507432e-17
g154117__8246,0,0,0,30816,32058,31140,32328,0,0,0,A2O1A1Ixp33_ASAP7_75t_SL,5.696225269247179e-09,1.1714955351449605e-17
g154118__5477,0,0,0,38754,13428,39078,13698,0,0,0,A2O1A1Ixp33_ASAP7_75t_SL,5.696225269247179e-09,1.1861228180709195e-17
g154119__6417,0,0,0,39186,13428,39510,13698,0,0,0,A2O1A1Ixp33_ASAP7_75t_SL,5.696225269247179e-09,1.1891627068220518e-17
g154120__4319,0,0,0,25902,11538,26226,11808,0,0,0,A2O1A1Ixp33_ASAP7_75t_SL,5.696225269247179e-09,1.2345510169315103e-17
g154121__171814,0,0,0,27684,12078,28008,12348,0,0,0,A2O1A1Ixp33_ASAP7_75t_SL,5.696225269247179e-09,1.2365465901592945e-17
g154122__6417,0,0,0,12240,22608,12726,22878,0,0,0,XNOR2xp5_ASAP7_75t_SL,1.5157700872237e-08,2.8965968078970006e-13
g154123__175580,0,0,0,24498,19368,24822,19638,0,0,0,AOI22xp33_ASAP7_75t_SL,6.697121079923818e-09,4.820643795255819e-08
g154125,0,0,0,18504,24768,18774,25038,0,0,0,AOI21xp5_ASAP7_75t_SL,5.318242290996977e-09,5.747887055207457e-09
g154126,0,0,0,18612,29898,18882,30168,0,0,0,AOI21xp5_ASAP7_75t_SL,5.270585301531128e-09,6.14608122967257e-14
g154127__6131,0,0,0,12942,12618,13266,12888,0,0,0,AOI22xp33_ASAP7_75t_R,3.1814512829742014e-11,2.4091744421639305e-07
g154128__1881,0,0,0,5166,15318,5490,15588,0,0,0,AOI22xp33_ASAP7_75t_R,6.62024463027322e-11,2.0781107390455134e-10
g154129__5115,0,0,0,6948,28278,7272,28548,0,0,0,AOI22xp33_ASAP7_75t_R,6.62024463027322e-11,3.3535479631764003e-16
g154130__198343,0,0,0,5976,12618,6300,12888,0,0,0,AOI22xp5_ASAP7_75t_SL,6.869653734753456e-09,0.0
g154131__198347,0,0,0,3114,14508,3438,14778,0,0,0,AOI22xp5_ASAP7_75t_SL,6.869653734753456e-09,0.0
g154132__198345,0,0,0,1170,15048,1494,15318,0,0,0,AOI22xp5_ASAP7_75t_SL,6.869653734753456e-09,0.0
g154133__198344,0,0,0,9270,19638,9594,19908,0,0,0,AOI22xp5_ASAP7_75t_SL,6.869653734753456e-09,0.0
g154135__198360,0,0,0,4356,13158,4680,13428,0,0,0,AOI22xp5_ASAP7_75t_SL,6.869653734753456e-09,0.0
g154136__198361,0,0,0,1656,14238,1980,14508,0,0,0,AOI22xp5_ASAP7_75t_SL,6.869653734753456e-09,0.0
g154137__198363,0,0,0,2466,13698,2790,13968,0,0,0,AOI22xp5_ASAP7_75t_SL,6.869653734753456e-09,0.0
g154138__198364,0,0,0,3114,13428,3438,13698,0,0,0,AOI22xp5_ASAP7_75t_SL,6.869649737950567e-09,0.0
g154139__198340,0,0,0,6516,13428,6840,13698,0,0,0,AOI22xp5_ASAP7_75t_SL,6.869649737950567e-09,0.0
g154140__198346,0,0,0,1710,20988,2034,21258,0,0,0,AOI22xp5_ASAP7_75t_SL,6.869653734753456e-09,0.0
g154141__198362,0,0,0,1872,23148,2196,23418,0,0,0,AOI22xp5_ASAP7_75t_SL,6.869653734753456e-09,0.0
g154142__6417,0,0,0,5436,12348,5760,12618,0,0,0,AOI22xp5_ASAP7_75t_SL,6.869653734753456e-09,3.109581277367657e-13
g154143__6131,0,0,0,3384,15318,3708,15588,0,0,0,AOI22xp5_ASAP7_75t_SL,6.869653734753456e-09,3.0227358701999385e-13
g154144__1881,0,0,0,1494,15048,1818,15318,0,0,0,AOI22xp5_ASAP7_75t_SL,6.869653734753456e-09,3.0004351867646273e-13
g154145__5115,0,0,0,9648,19638,9972,19908,0,0,0,AOI22xp5_ASAP7_75t_SL,6.869653734753456e-09,2.8672021896471167e-13
g154146__7482,0,0,0,6624,24228,6948,24498,0,0,0,AOI22xp5_ASAP7_75t_SL,6.869653734753456e-09,3.0464405954486184e-13
g154147__4733,0,0,0,4734,12348,5058,12618,0,0,0,AOI22xp5_ASAP7_75t_SL,6.869653734753456e-09,3.0989691065033687e-13
g154148__6161,0,0,0,1494,12888,1818,13158,0,0,0,AOI22xp5_ASAP7_75t_SL,6.869653734753456e-09,3.1812223753695246e-13
g154149__9315,0,0,0,2142,12888,2466,13158,0,0,0,AOI22xp5_ASAP7_75t_SL,6.869653734753456e-09,3.265964159272078e-13
g154150__9945,0,0,0,3060,12348,3384,12618,0,0,0,AOI22xp5_ASAP7_75t_SL,6.869653734753456e-09,3.050316076114168e-13
g154151__2883,0,0,0,6516,15048,6840,15318,0,0,0,AOI22xp5_ASAP7_75t_SL,6.869649737950567e-09,3.0990466269587014e-13
g154152__2346,0,0,0,2358,21528,2682,21798,0,0,0,AOI22xp5_ASAP7_75t_SL,6.869653734753456e-09,2.998213114412118e-13
g154153__1666,0,0,0,1710,24768,2034,25038,0,0,0,AOI22xp5_ASAP7_75t_SL,6.869653734753456e-09,3.0120795180971216e-13
g154154__7410,0,0,0,25254,20988,25524,21258,0,0,0,AOI21xp5_ASAP7_75t_SL,5.270457403838691e-09,7.832859916234725e-10
g154157,0,0,0,4248,25038,4410,25308,0,0,1,INVxp33_ASAP7_75t_R,8.528100101101721e-12,1.9763388081628364e-07
g154171__185111,0,0,0,38106,30708,38322,30978,0,0,0,NAND2xp33_ASAP7_75t_SL,1.2271700322585843e-09,0.0
g154184__193872,0,0,0,37134,29358,37350,29628,0,0,0,NOR2xp33_ASAP7_75t_SL,3.40914119156821e-09,2.2819321543465776e-08
g154186__6783,0,0,0,28278,30708,28494,30978,0,0,0,NOR2xp33_ASAP7_75t_SL,3.4091423017912348e-09,1.9040507837075893e-08
g154187__4733,0,0,0,19800,31788,20016,32058,0,0,0,NOR2xp33_ASAP7_75t_SL,3.40914119156821e-09,2.186702197093382e-08
g154189__2802,0,0,0,23094,10728,23310,10998,0,0,0,NOR2xp33_ASAP7_75t_SL,3.40914119156821e-09,2.183100100694446e-08
g154190,0,0,0,26820,30708,27036,30978,0,0,0,NAND2xp33_ASAP7_75t_R,1.8034133214550607e-11,8.006231518064002e-18
g154191,0,0,0,21420,31788,21636,32058,0,0,0,NAND2xp33_ASAP7_75t_L,1.2657838666108034e-10,8.128746065769843e-18
g154200__6783,0,0,0,42966,12618,43182,12888,0,0,0,NAND2xp5_ASAP7_75t_L,1.9002983908666948e-10,4.5623390703642945e-18
g154206,0,0,0,21690,30168,22014,30438,0,0,0,AND2x2_ASAP7_75t_SL,1.1980177738735165e-08,7.860758349505726e-22
g154215,0,0,0,28602,29358,28926,29628,0,0,0,AND2x2_ASAP7_75t_L,1.1615419737154298e-09,2.712727560244815e-22
g154216,0,0,0,28926,29358,29250,29628,0,0,0,AND2x2_ASAP7_75t_L,1.1615419737154298e-09,2.710194370105969e-22
g154219__2802,0,0,0,41616,30438,41832,30708,0,0,0,NAND2xp5_ASAP7_75t_L,1.9002983908666948e-10,5.219919946793431e-18
g154221,0,0,0,33354,29898,33570,30168,0,0,0,NAND2xp5_ASAP7_75t_L,1.9002983908666948e-10,4.711036779589583e-18
g154223,0,0,0,36324,14238,36648,14508,0,0,0,AND2x2_ASAP7_75t_SL,1.1980177738735165e-08,7.865543516647925e-22
g154228,0,0,0,39402,13968,39618,14238,0,0,0,NAND2xp5_ASAP7_75t_R,2.71702538939822e-11,4.7076465798490346e-18
g154229,0,0,0,39942,13428,40158,13698,0,0,0,NAND2xp5_ASAP7_75t_R,2.71702538939822e-11,4.511418659036143e-18
g154230,0,0,0,24066,13158,24390,13428,0,0,0,AND2x2_ASAP7_75t_L,1.1615419737154298e-09,2.642091061525153e-22
g154231,0,0,0,24174,12078,24498,12348,0,0,0,AND2x2_ASAP7_75t_L,1.1615419737154298e-09,2.632334682284869e-22
g154233__219223,0,0,0,27684,13158,27900,13428,0,0,0,NAND2xp5_ASAP7_75t_R,2.7183135950514803e-11,3.9305335554126166e-18
g154241,0,0,0,22068,30978,22338,31248,0,0,0,NOR3xp33_ASAP7_75t_SL,1.4981034190952869e-09,2.5695695249442494e-15
g154244,0,0,0,35244,13698,35514,13968,0,0,0,NOR3xp33_ASAP7_75t_SL,1.4884895538358478e-09,3.041790181280285e-15
g154249,0,0,0,15858,38808,16074,39078,0,0,0,NAND2xp5_ASAP7_75t_SL,4.842551692973984e-09,7.403472181977122e-07
g154290__179919_dup,0,0,0,8730,23418,9378,23688,0,0,0,OR2x6_ASAP7_75t_SL,4.100160211351067e-08,2.06420150807556e-18
g154305__182132,0,0,0,6624,31248,6894,31518,0,0,0,AOI21xp33_ASAP7_75t_SL,6.3387259885416825e-09,4.969112343822246e-10
g154306__182151,0,0,0,5004,30708,5274,30978,0,0,0,AOI21xp33_ASAP7_75t_SL,6.3387259885416825e-09,4.942882769753965e-10
g154307__182161,0,0,0,7488,33138,7758,33408,0,0,0,AOI21xp33_ASAP7_75t_SL,6.3387259885416825e-09,5.265451963332168e-10
g154308__182153,0,0,0,5274,33678,5544,33948,0,0,0,AOI21xp33_ASAP7_75t_SL,6.3387259885416825e-09,5.517487577932911e-10
g154309__182163,0,0,0,8028,32598,8298,32868,0,0,0,AOI21xp33_ASAP7_75t_SL,6.3387259885416825e-09,5.323770313481191e-10
g154310__182141,0,0,0,5382,32598,5652,32868,0,0,0,AOI21xp33_ASAP7_75t_SL,6.3387259885416825e-09,5.345538456325016e-10
g154311,0,0,0,14076,23688,14346,23958,0,0,0,AOI21xp33_ASAP7_75t_SL,3.3759617323880775e-09,0.0
g154313__182139,0,0,0,8730,32868,9000,33138,0,0,0,AOI21xp33_ASAP7_75t_SL,6.3387259885416825e-09,4.926041796693426e-10
g154314__9315,0,0,0,18180,8298,18612,8568,0,0,0,OR5x1_ASAP7_75t_SL,5.780860679038824e-09,0.0
g154315__182159,0,0,0,5382,29088,5652,29358,0,0,0,AOI21xp33_ASAP7_75t_SL,6.3387259885416825e-09,5.328485430666774e-10
g154316__3680,0,0,0,13698,33678,14130,33948,0,0,0,OR5x1_ASAP7_75t_SL,6.481290171223009e-09,0.0
g154317__201203,0,0,0,22500,10188,22770,10458,0,0,0,OAI21xp5_ASAP7_75t_SL,2.2473001237699464e-09,0.0
g154318__186128,0,0,0,34758,11808,35028,12078,0,0,0,OAI21xp33_ASAP7_75t_SL,1.4981998974761268e-09,0.0
g154319__198592,0,0,0,19476,32868,19746,33138,0,0,0,OAI21xp33_ASAP7_75t_SL,1.4981998974761268e-09,0.0
g154320__200834,0,0,0,28008,31518,28278,31788,0,0,0,OAI21xp33_ASAP7_75t_SL,1.4981998974761268e-09,0.0
g154321__6260,0,0,0,41832,12348,42156,12618,0,0,0,O2A1O1Ixp33_ASAP7_75t_SL,1.971133922751278e-09,7.30145047511167e-18
g154322__2398,0,0,0,41508,13158,41832,13428,0,0,0,O2A1O1Ixp33_ASAP7_75t_L,1.9389059802144004e-10,5.663415313755574e-18
g154323__5477,0,0,0,40644,12888,40968,13158,0,0,0,O2A1O1Ixp33_ASAP7_75t_SL,1.971133922751278e-09,6.23251640237267e-18
g154324__6417,0,0,0,39024,12348,39294,12618,0,0,0,AOI21xp33_ASAP7_75t_L,1.5063331137987745e-10,3.673283693631075e-18
g154325__7410,0,0,0,40266,12618,40536,12888,0,0,0,AOI21xp33_ASAP7_75t_L,1.5063331137987745e-10,4.5449558697914926e-18
g154326__1666,0,0,0,22554,31788,22824,32058,0,0,0,AOI21xp33_ASAP7_75t_L,1.5063331137987745e-10,3.882396606845706e-18
g154328__2883,0,0,0,23742,32058,24066,32328,0,0,0,O2A1O1Ixp33_ASAP7_75t_L,1.9389059802144004e-10,5.2229929227690654e-18
g154329__9945,0,0,0,23634,32868,23958,33138,0,0,0,O2A1O1Ixp33_ASAP7_75t_L,1.9389059802144004e-10,5.5255747636603504e-18
g154330__9315,0,0,0,23310,35298,23634,35568,0,0,0,O2A1O1Ixp33_ASAP7_75t_SL,1.971133922751278e-09,7.091234930140507e-18
g154331__176675,0,0,0,22878,36378,23202,36648,0,0,0,O2A1O1Ixp33_ASAP7_75t_SL,1.971133922751278e-09,6.366951036295707e-18
g154332__4733,0,0,0,22986,35298,23310,35568,0,0,0,O2A1O1Ixp33_ASAP7_75t_SL,1.971133922751278e-09,7.053629645132621e-18
g154333__7482,0,0,0,23418,36918,23742,37188,0,0,0,O2A1O1Ixp33_ASAP7_75t_SL,1.971133922751278e-09,6.580412851580835e-18
g154334__5115,0,0,0,23040,35028,23364,35298,0,0,0,O2A1O1Ixp33_ASAP7_75t_SL,1.971133922751278e-09,6.742804535846939e-18
g154335__1881,0,0,0,23364,36648,23688,36918,0,0,0,O2A1O1Ixp33_ASAP7_75t_SL,1.971133922751278e-09,6.5221938121178214e-18
g154336__199215,0,0,0,23148,34488,23472,34758,0,0,0,O2A1O1Ixp33_ASAP7_75t_L,1.9389059802144004e-10,5.424650870713062e-18
g154337__7098,0,0,0,23688,35838,24012,36108,0,0,0,O2A1O1Ixp33_ASAP7_75t_SL,1.971133922751278e-09,6.62810725852003e-18
g154339__198418,0,0,0,24768,32328,25038,32598,0,0,0,AOI21xp33_ASAP7_75t_SL,1.546274219776933e-09,6.440347185637843e-18
g154340__1705,0,0,0,29628,30978,29952,31248,0,0,0,O2A1O1Ixp33_ASAP7_75t_SL,1.971133922751278e-09,6.553378107620764e-18
g154341__1617,0,0,0,29844,30438,30168,30708,0,0,0,O2A1O1Ixp33_ASAP7_75t_L,1.9389059802144004e-10,5.802414743888985e-18
g154342__5526,0,0,0,30654,31248,30978,31518,0,0,0,O2A1O1Ixp33_ASAP7_75t_SL,1.971133922751278e-09,6.679369295441166e-18
g154343__4319,0,0,0,30978,30438,31302,30708,0,0,0,O2A1O1Ixp33_ASAP7_75t_R,2.412969130061171e-11,4.881438053727038e-18
g154344__6260,0,0,0,37566,12888,37890,13158,0,0,0,O2A1O1Ixp33_ASAP7_75t_SL,1.971133922751278e-09,8.193780659889987e-18
g154345__5107,0,0,0,31140,32058,31464,32328,0,0,0,O2A1O1Ixp33_ASAP7_75t_SL,1.971133922751278e-09,6.591510306678846e-18
g154346__5122,0,0,0,30924,31518,31194,31788,0,0,0,AOI21xp33_ASAP7_75t_SL,1.546274219776933e-09,5.078695814402559e-18
g154347__8246,0,0,0,37404,13158,37728,13428,0,0,0,O2A1O1Ixp33_ASAP7_75t_L,1.9389059802144004e-10,5.356682680550498e-18
g154349__6131,0,0,0,38646,13158,38970,13428,0,0,0,O2A1O1Ixp33_ASAP7_75t_SL,1.971133922751278e-09,6.650987901443859e-18
g154350__1881,0,0,0,30114,32328,30384,32598,0,0,0,AOI21xp33_ASAP7_75t_SL,1.546274219776933e-09,4.892243100478512e-18
g154351__5115,0,0,0,25200,12348,25470,12618,0,0,0,AOI21xp33_ASAP7_75t_SL,1.546274219776933e-09,5.073417988504164e-18
g154352__7482,0,0,0,41724,12618,42048,12888,0,0,0,O2A1O1Ixp33_ASAP7_75t_SL,1.971133922751278e-09,6.426820301080764e-18
g154353__4733,0,0,0,26010,12618,26280,12888,0,0,0,AOI21xp33_ASAP7_75t_SL,1.546274219776933e-09,4.820731682162078e-18
g154354__6161,0,0,0,25578,11538,25902,11808,0,0,0,O2A1O1Ixp33_ASAP7_75t_SL,1.971133922751278e-09,7.138644786948984e-18
g154355__9315,0,0,0,26982,11268,27306,11538,0,0,0,O2A1O1Ixp33_ASAP7_75t_SL,1.971133922751278e-09,7.883530854720336e-18
g154356__9945,0,0,0,42048,12618,42372,12888,0,0,0,O2A1O1Ixp33_ASAP7_75t_SL,1.971133922751278e-09,6.507323172655649e-18
g154357__2883,0,0,0,26658,11538,26982,11808,0,0,0,O2A1O1Ixp33_ASAP7_75t_SL,1.971133922751278e-09,6.664652097982623e-18
g154358__2346,0,0,0,27954,11268,28278,11538,0,0,0,O2A1O1Ixp33_ASAP7_75t_SL,1.971133922751278e-09,7.211059486494326e-18
g154359__1666,0,0,0,26982,11538,27306,11808,0,0,0,O2A1O1Ixp33_ASAP7_75t_SL,1.971133922751278e-09,6.6884533929282235e-18
g154360__7410,0,0,0,42372,12888,42696,13158,0,0,0,O2A1O1Ixp33_ASAP7_75t_SL,1.971133922751278e-09,6.8365890329272825e-18
g154361__6417,0,0,0,27954,11808,28278,12078,0,0,0,O2A1O1Ixp33_ASAP7_75t_SL,1.971133922751278e-09,6.897054281343684e-18
g154362__224659,0,0,0,28278,11808,28602,12078,0,0,0,O2A1O1Ixp33_ASAP7_75t_SL,1.971133922751278e-09,9.078724948978818e-18
g154363__224660,0,0,0,28602,11808,28926,12078,0,0,0,O2A1O1Ixp33_ASAP7_75t_SL,1.971133922751278e-09,8.583619302057654e-18
g154364__224657,0,0,0,28332,12078,28656,12348,0,0,0,O2A1O1Ixp33_ASAP7_75t_L,1.9389059802144004e-10,5.545824972236261e-18
g154365__6260,0,0,0,41454,12888,41778,13158,0,0,0,O2A1O1Ixp33_ASAP7_75t_SL,1.971133922751278e-09,6.98404390328221e-18
g154366__224661,0,0,0,29142,11808,29466,12078,0,0,0,O2A1O1Ixp33_ASAP7_75t_L,1.9389059802144004e-10,7.675023437714094e-18
g154367__8428,0,0,0,28980,12078,29250,12348,0,0,0,AOI21xp33_ASAP7_75t_L,1.5063331137987745e-10,3.787956155539608e-18
g154368__5526,0,0,0,29466,11808,29736,12078,0,0,0,AOI21xp33_ASAP7_75t_SL,1.546274219776933e-09,5.391459007863453e-18
g154369__188260,0,0,0,8028,32328,8298,32598,0,0,0,AOI21xp33_ASAP7_75t_SL,6.3387259885416825e-09,5.227647204009145e-10
g154370__189852,0,0,0,36108,19368,36432,19638,0,0,0,O2A1O1Ixp33_ASAP7_75t_SL,1.971133922751278e-09,9.039272569663101e-18
g154372__189851,0,0,0,37458,19098,37782,19368,0,0,0,O2A1O1Ixp33_ASAP7_75t_SL,1.971133922751278e-09,6.346109807172127e-18
g154375__189850,0,0,0,38376,19368,38700,19638,0,0,0,O2A1O1Ixp33_ASAP7_75t_SL,1.971133922751278e-09,6.6208330322132386e-18
g154376__189849,0,0,0,39186,19638,39510,19908,0,0,0,O2A1O1Ixp33_ASAP7_75t_SL,1.971133922751278e-09,7.088630138391577e-18
g154380__189848,0,0,0,39996,19908,40266,20178,0,0,0,AOI21xp33_ASAP7_75t_L,1.5063331137987745e-10,4.390769403611608e-18
g154381__9945,0,0,0,38916,32058,39240,32328,0,0,0,O2A1O1Ixp33_ASAP7_75t_L,1.9389059802144004e-10,5.185262733488684e-18
g154382__6161,0,0,0,39402,30978,39726,31248,0,0,0,O2A1O1Ixp33_ASAP7_75t_L,1.9389059802144004e-10,5.389733509105667e-18
g154383__4733,0,0,0,39726,32328,40050,32598,0,0,0,O2A1O1Ixp33_ASAP7_75t_SL,1.971133922751278e-09,6.443044621615379e-18
g154384__7482,0,0,0,39942,30708,40266,30978,0,0,0,O2A1O1Ixp33_ASAP7_75t_L,1.9389059802144004e-10,5.68428921651335e-18
g154386__1881,0,0,0,42750,31248,43074,31518,0,0,0,O2A1O1Ixp33_ASAP7_75t_SL,1.971133922751278e-09,6.38168601813742e-18
g154389__170080,0,0,0,42588,32328,42858,32598,0,0,0,AOI21xp33_ASAP7_75t_SL,1.546274219776933e-09,4.862359132898503e-18
g154391__1705,0,0,0,42318,31248,42750,31518,0,0,0,O2A1O1Ixp5_ASAP7_75t_SL,2.3279702610068398e-09,6.754816439112128e-18
g154392__2802,0,0,0,41886,32328,42156,32598,0,0,0,AOI21xp33_ASAP7_75t_L,1.5063331137987745e-10,4.213092662396443e-18
g154393__1617,0,0,0,42750,31518,43020,31788,0,0,0,AOI21xp33_ASAP7_75t_SL,1.546274219776933e-09,4.720866166808551e-18
g154395__7482,0,0,0,14184,24768,14508,25038,0,0,0,AOI22xp33_ASAP7_75t_R,3.1814512829742014e-11,2.2695493839819392e-07
g154396__4733,0,0,0,13320,16398,13644,16668,0,0,0,AOI22xp33_ASAP7_75t_R,3.1814512829742014e-11,2.4919575025705853e-07
g154399__9945,0,0,0,8784,12348,9108,12618,0,0,0,AOI22xp33_ASAP7_75t_R,3.1814512829742014e-11,2.3536399851309397e-07
g154400__9315,0,0,0,5328,19098,5652,19368,0,0,0,AOI22xp33_ASAP7_75t_R,6.62024463027322e-11,2.0144337586902594e-10
g154401__6161,0,0,0,4896,26928,5220,27198,0,0,0,AOI22xp33_ASAP7_75t_R,6.62024463027322e-11,3.209763061588799e-16
g154402__182543,0,0,0,9972,9918,10242,10188,0,0,0,AOI21xp33_ASAP7_75t_SL,4.665198449771424e-09,1.4754311905562645e-06
g154403__182545,0,0,0,12186,10458,12456,10728,0,0,0,AOI21xp33_ASAP7_75t_SL,4.665198449771424e-09,1.4272670796344755e-06
g154404__182514,0,0,0,9864,10998,10134,11268,0,0,0,AOI21xp33_ASAP7_75t_SL,4.665198449771424e-09,1.412262577105139e-06
g154405__182519,0,0,0,12996,11268,13266,11538,0,0,0,AOI21xp33_ASAP7_75t_SL,4.665198449771424e-09,1.460866087654722e-06
g154406__186720,0,0,0,9324,9918,9594,10188,0,0,0,AOI21xp33_ASAP7_75t_SL,4.665198449771424e-09,1.420960643372382e-06
g154407__182539,0,0,0,12726,8568,12996,8838,0,0,0,AOI21xp33_ASAP7_75t_SL,4.665198449771424e-09,1.448456941943732e-06
g154408__182537,0,0,0,9054,6408,9324,6678,0,0,0,AOI21xp33_ASAP7_75t_SL,4.665198449771424e-09,1.4246661521610804e-06
g154409__182535,0,0,0,13212,8298,13482,8568,0,0,0,AOI21xp33_ASAP7_75t_SL,4.665198449771424e-09,1.4235426988307154e-06
g154410__182533,0,0,0,8838,7488,9108,7758,0,0,0,AOI21xp33_ASAP7_75t_SL,4.665198449771424e-09,1.3212215890234802e-06
g154411__186724,0,0,0,13266,7218,13536,7488,0,0,0,AOI21xp33_ASAP7_75t_SL,4.665198449771424e-09,1.3839464827469783e-06
g154412__186728,0,0,0,9054,8028,9324,8298,0,0,0,AOI21xp33_ASAP7_75t_SL,4.665198449771424e-09,1.4229091220840928e-06
g154413__186732,0,0,0,12456,6948,12726,7218,0,0,0,AOI21xp33_ASAP7_75t_SL,4.665198449771424e-09,1.4665439493910526e-06
g154414__182547,0,0,0,9054,8838,9324,9108,0,0,0,AOI21xp33_ASAP7_75t_SL,4.665198449771424e-09,1.5119087493076222e-06
g154415__186736,0,0,0,11916,6948,12186,7218,0,0,0,AOI21xp33_ASAP7_75t_SL,4.665198449771424e-09,1.3563969787355745e-06
g154416__182523,0,0,0,9918,7218,10188,7488,0,0,0,AOI21xp33_ASAP7_75t_SL,4.665198449771424e-09,1.4227331348592998e-06
g154417__182521,0,0,0,11322,6408,11592,6678,0,0,0,AOI21xp33_ASAP7_75t_SL,4.665198449771424e-09,1.402164116370841e-06
g154418__182147,0,0,0,6786,29358,7056,29628,0,0,0,AOI21xp33_ASAP7_75t_SL,6.3387259885416825e-09,5.007323444772283e-10
g154419__186712,0,0,0,7920,30708,8190,30978,0,0,0,AOI21xp33_ASAP7_75t_SL,6.3387259885416825e-09,5.246236778333468e-10
g154420__182137,0,0,0,5922,29628,6192,29898,0,0,0,AOI21xp33_ASAP7_75t_SL,6.3387259885416825e-09,5.256518553764522e-10
g154421__186716,0,0,0,6786,30168,7056,30438,0,0,0,AOI21xp33_ASAP7_75t_SL,6.3387259885416825e-09,4.842224399226325e-10
g154422__182165,0,0,0,5166,31518,5436,31788,0,0,0,AOI21xp33_ASAP7_75t_SL,6.3387259885416825e-09,4.780366102963285e-10
g154423__182155,0,0,0,7812,30978,8082,31248,0,0,0,AOI21xp33_ASAP7_75t_SL,6.3387259885416825e-09,5.296937333199025e-10
g154424__182157,0,0,0,5274,30438,5544,30708,0,0,0,AOI21xp33_ASAP7_75t_SL,6.3387259885416825e-09,5.289322868584634e-10
g154431__2883,0,0,0,17262,8028,17910,8298,0,0,0,OR2x6_ASAP7_75t_SL,3.398015024913548e-08,5.2365857011954856e-14
g154432__168296,0,0,0,17208,7758,17856,8028,0,0,0,OR2x6_ASAP7_75t_SL,3.39890782186103e-08,2.1299670062641454e-14
g154433__5122,0,0,0,11322,33408,11970,33678,0,0,0,OR2x6_ASAP7_75t_SL,3.549865112972839e-08,8.394450127001983e-19
g154436__168261_dup,0,0,0,10782,33948,11106,34218,0,0,0,OR2x2_ASAP7_75t_SL,1.1776400299368106e-08,0.0
g154436__177060,0,0,0,11160,33678,11484,33948,0,0,0,OR2x2_ASAP7_75t_SL,1.1776400299368106e-08,0.0
g154437,0,0,0,4302,26118,4464,26388,0,0,1,INVxp33_ASAP7_75t_R,8.528100101101721e-12,1.832449072480813e-07
g154724,0,0,0,37350,31248,37512,31518,0,0,1,INVx1_ASAP7_75t_SL,5.143200088042477e-09,5.1779708518388985e-15
g154725,0,0,0,25038,20448,25200,20718,0,0,1,INVxp67_ASAP7_75t_SL,3.3760600981480593e-09,2.7093624566099095e-10
g154729,0,0,0,24768,12348,25038,12618,0,0,1,INVx3_ASAP7_75t_SL,1.54295989318598e-08,1.547678441838913e-14
g154731,0,0,0,36972,13698,37296,13968,0,0,1,INVx4_ASAP7_75t_SL,2.0572800352169907e-08,1.6747620136406752e-14
g154739,0,0,0,37404,18828,37620,19098,0,1,0,HB1xp67_ASAP7_75t_R,5.044180004243337e-11,1.1118233070317451e-12
g154745,0,0,0,30438,31248,30600,31518,0,0,1,INVxp67_ASAP7_75t_R,3.2471990374371984e-11,4.179792512104541e-08
g154757,0,0,0,41238,30438,41400,30708,0,0,1,INVx1_ASAP7_75t_SL,5.034441752371777e-09,3.321539310263688e-08
g154759,0,0,0,23418,33408,23580,33678,0,0,1,INVx1_ASAP7_75t_SL,5.034441752371777e-09,6.334661151186083e-08
g154762,0,0,0,19584,32058,19746,32328,0,0,1,INVx1_ASAP7_75t_SL,5.1130877309901734e-09,3.386388414128305e-08
g154770,0,0,0,37026,14238,37188,14508,0,0,1,INVx1_ASAP7_75t_SL,5.034441752371777e-09,1.0932139105079841e-07
g154774,0,0,0,23526,11538,23688,11808,0,0,1,INVx1_ASAP7_75t_L,4.829043831477975e-10,9.151078472768859e-08
g154776,0,0,0,23310,11268,23472,11538,0,0,1,INVx1_ASAP7_75t_SL,5.1130877309901734e-09,4.6438056955366847e-08
g154785,0,0,0,16074,13428,16398,13698,0,0,0,AOI22xp5_ASAP7_75t_L,6.960729770355556e-10,0.0
g154792,0,0,0,25362,21258,25578,21528,0,0,0,NAND2xp33_ASAP7_75t_R,1.7988501313515037e-11,0.0
g154838__6417,0,0,0,6300,28008,6624,28278,0,0,0,AOI22xp33_ASAP7_75t_R,6.62024463027322e-11,3.541399224449315e-16
g154839__5477,0,0,0,6246,16128,6570,16398,0,0,0,AOI22xp33_ASAP7_75t_R,6.62024463027322e-11,2.034213075763347e-10
g154840__2398,0,0,0,12618,12618,12942,12888,0,0,0,AOI22xp33_ASAP7_75t_R,3.1814512829742014e-11,2.2004940092301695e-07
g154841,0,0,0,24822,14508,25146,14778,0,0,0,AOI22xp33_ASAP7_75t_R,5.188460078242585e-11,0.0
g154846,0,0,0,14994,35838,15318,36108,0,0,0,A2O1A1Ixp33_ASAP7_75t_SL,6.826653908831304e-09,7.772411986572725e-21
g154849,0,0,0,20880,31788,21204,32058,0,0,0,A2O1A1Ixp33_ASAP7_75t_SL,2.7109265943181526e-09,0.0
g154857__5107,0,0,0,13698,16398,14022,16668,0,0,0,AOI22xp33_ASAP7_75t_R,3.1814512829742014e-11,2.2350948825078376e-07
g154858__6260,0,0,0,14616,26658,14940,26928,0,0,0,AOI22xp33_ASAP7_75t_R,3.1814512829742014e-11,2.3039987695483433e-07
g154859__4319,0,0,0,9486,22878,9918,23148,0,0,0,OR5x1_ASAP7_75t_SL,6.481290171223009e-09,0.0
g154862,0,0,0,15858,29628,16182,29898,0,0,0,AOI22xp5_ASAP7_75t_SL,6.779767414144544e-09,2.853215619325056e-07
g154983,0,0,0,12618,23148,12834,23418,0,0,0,NAND2xp33_ASAP7_75t_SL,1.2272458604911662e-09,6.320081169099412e-26
g154994,0,0,0,20124,28278,20394,28548,0,0,0,OAI21xp5_ASAP7_75t_SL,5.018896409580975e-09,7.780753463748624e-08
g155,0,0,0,7920,35838,8082,36108,0,0,1,INVxp67_ASAP7_75t_R,3.55518982309011e-11,2.763040532184841e-15
g155024,0,0,0,29250,29898,29466,30168,0,0,0,NOR2xp33_ASAP7_75t_SL,9.991080185400847e-10,2.0454674653141774e-15
g155025,0,0,0,35514,13698,35730,13968,0,0,0,NOR2xp33_ASAP7_75t_SL,9.991080185400847e-10,2.214842926304226e-15
g155029,0,0,0,21204,31788,21420,32058,0,0,0,NAND2xp5_ASAP7_75t_SL,5.0185429145699345e-09,1.285393015984515e-12
g155037,0,0,0,34704,13428,34974,13698,0,0,0,OAI21xp5_ASAP7_75t_SL,2.263724319107041e-09,7.437913200386732e-15
g155046,0,0,0,23580,12348,23904,12618,0,0,0,AND2x2_ASAP7_75t_SL,1.1980177738735165e-08,8.056152384192279e-15
g155050,0,0,0,28926,29898,29250,30168,0,0,0,AND2x2_ASAP7_75t_SL,1.198051702289149e-08,8.736150434248031e-15
g155073,0,0,0,4140,26118,4302,26388,0,0,1,INVxp33_ASAP7_75t_R,8.528100101101721e-12,1.7948993047411932e-07
g155528,0,0,0,34974,13968,35136,14238,0,0,1,INVxp67_ASAP7_75t_SL,3.4288101247170744e-09,7.389138129490491e-13
g155529,0,0,0,21636,30708,21798,30978,0,0,1,INVxp67_ASAP7_75t_SL,3.4288101247170744e-09,7.033382665340426e-13
g155530,0,0,0,28764,29898,28926,30168,0,0,1,INVxp67_ASAP7_75t_SL,3.4288101247170744e-09,7.21703079242797e-13
g155531,0,0,0,23634,12618,23796,12888,0,0,1,INVxp67_ASAP7_75t_SL,3.4288101247170744e-09,6.677134973404053e-13
g155541,0,0,0,29142,30438,29466,30708,0,1,0,BUFx3_ASAP7_75t_L,1.9777699478140676e-09,6.3768764574367864e-12
g155542,0,0,0,25632,12618,25902,12888,0,1,0,BUFx2_ASAP7_75t_L,1.3185099678736378e-09,3.598186852638019e-12
g155543,0,0,0,24876,13428,25146,13698,0,1,0,BUFx2_ASAP7_75t_L,1.3185099678736378e-09,3.8781877015336974e-12
g155546_dup188259,0,0,0,8460,30438,8730,30708,0,0,1,INVx3_ASAP7_75t_SL,1.54295989318598e-08,2.508351019805868e-19
g155567,0,0,0,32868,11538,33192,11808,0,0,0,A2O1A1Ixp33_ASAP7_75t_SL,2.7344908559712167e-09,1.035919433335631e-18
g155573,0,0,0,32760,12078,33084,12348,0,0,0,AOI31xp33_ASAP7_75t_SL,5.270881064944888e-09,0.0
g155575,0,0,0,26874,28548,27198,28818,0,0,0,AOI31xp33_ASAP7_75t_SL,5.270881064944888e-09,0.0
g155577,0,0,0,16668,16398,16992,16668,0,0,0,NAND4xp25_ASAP7_75t_SL,1.178468256313181e-08,6.4976995872712e-07
g155578__2346,0,0,0,5436,26928,5760,27198,0,0,0,AOI22xp33_ASAP7_75t_R,6.62024463027322e-11,3.0281517861591883e-16
g155579,0,0,0,7704,28008,8028,28278,0,0,0,AOI22xp33_ASAP7_75t_R,6.62024463027322e-11,2.8593926475173857e-16
g155580,0,0,0,14346,24228,14670,24498,0,0,0,AOI22xp5_ASAP7_75t_L,6.869618207616668e-10,2.8269334961805725e-07
g155581__1666,0,0,0,5598,18558,5922,18828,0,0,0,AOI22xp33_ASAP7_75t_R,6.62024463027322e-11,1.790797787837306e-10
g155582__7410,0,0,0,10188,11268,10512,11538,0,0,0,AOI22xp33_ASAP7_75t_R,3.1814512829742014e-11,2.3472054522244434e-07
g155583,0,0,0,14616,23958,14940,24228,0,0,0,OAI22xp5_ASAP7_75t_SL,7.0007719621401066e-09,7.434193260991151e-10
g155584,0,0,0,7002,26388,7326,26658,0,0,0,AOI22xp33_ASAP7_75t_R,6.62024463027322e-11,3.0948839534196383e-16
g155585,0,0,0,8082,27738,8406,28008,0,0,0,AOI22xp33_ASAP7_75t_R,6.62024463027322e-11,3.1399413416532387e-16
g155586,0,0,0,7920,26118,8244,26388,0,0,0,AOI22xp33_ASAP7_75t_R,6.62024463027322e-11,3.444749059398455e-16
g155587,0,0,0,7920,26928,8244,27198,0,0,0,AOI22xp33_ASAP7_75t_R,6.62024463027322e-11,3.321425562140761e-16
g155588,0,0,0,7866,28818,8190,29088,0,0,0,AOI22xp33_ASAP7_75t_R,6.62024463027322e-11,3.224821189808612e-16
g155589__6417,0,0,0,13320,15048,13644,15318,0,0,0,AOI22xp33_ASAP7_75t_R,3.1814512829742014e-11,2.451579348416999e-07
g155590,0,0,0,13320,14778,13644,15048,0,0,0,AOI22xp33_ASAP7_75t_R,3.1814512829742014e-11,2.2078580741435871e-07
g155591,0,0,0,12834,16128,13158,16398,0,0,0,AOI22xp33_ASAP7_75t_R,3.1814512829742014e-11,2.6017613663498196e-07
g155592__5477,0,0,0,14508,26388,14832,26658,0,0,0,AOI22xp33_ASAP7_75t_R,3.1814512829742014e-11,2.3027783413454017e-07
g155600,0,0,0,24228,3978,24552,4248,0,0,0,AOI22xp33_ASAP7_75t_SL,5.641900280295431e-09,0.0
g155631,0,0,0,34920,23148,35244,23418,0,0,0,AOI22xp5_ASAP7_75t_SL,8.462819778287667e-09,0.0
g155632,0,0,0,33894,22068,34218,22338,0,0,0,AOI22xp5_ASAP7_75t_SL,8.462819778287667e-09,0.0
g155658,0,0,0,39888,22608,40212,22878,0,0,0,AOI22xp5_ASAP7_75t_SL,8.462819778287667e-09,0.0
g155732,0,0,0,27090,41508,27414,41778,0,0,0,AOI22xp33_ASAP7_75t_SL,5.680270032115686e-09,0.0
g155733,0,0,0,26928,39888,27252,40158,0,0,0,AOI22xp33_ASAP7_75t_SL,5.680270032115686e-09,0.0
g155734,0,0,0,29466,41508,29790,41778,0,0,0,AOI22xp33_ASAP7_75t_SL,5.680270032115686e-09,0.0
g155735,0,0,0,33030,42588,33354,42858,0,0,0,AOI22xp33_ASAP7_75t_SL,5.680270032115686e-09,0.0
g155736,0,0,0,32328,41508,32652,41778,0,0,0,AOI22xp33_ASAP7_75t_SL,5.680270032115686e-09,0.0
g155737,0,0,0,32652,42048,32976,42318,0,0,0,AOI22xp33_ASAP7_75t_SL,5.680270032115686e-09,0.0
g155738,0,0,0,32922,41238,33246,41508,0,0,0,AOI22xp33_ASAP7_75t_SL,5.680270032115686e-09,0.0
g155740,0,0,0,30222,38808,30546,39078,0,0,0,AOI22xp33_ASAP7_75t_SL,5.680270032115686e-09,0.0
g155741,0,0,0,31518,40968,31842,41238,0,0,0,AOI22xp33_ASAP7_75t_SL,5.680270032115686e-09,0.0
g155742,0,0,0,27144,42858,27468,43128,0,0,0,AOI22xp33_ASAP7_75t_SL,5.680270032115686e-09,0.0
g155744,0,0,0,29520,42588,29844,42858,0,0,0,AOI22xp33_ASAP7_75t_SL,5.680270032115686e-09,0.0
g155745,0,0,0,27630,36378,27954,36648,0,0,0,AOI22xp33_ASAP7_75t_SL,5.641900280295431e-09,0.0
g155759,0,0,0,36864,35028,37188,35298,0,0,0,AOI22xp33_ASAP7_75t_SL,5.641900280295431e-09,0.0
g155760,0,0,0,37080,36378,37404,36648,0,0,0,AOI22xp5_ASAP7_75t_SL,8.462819778287667e-09,0.0
g155761,0,0,0,37512,39348,37836,39618,0,0,0,AOI22xp5_ASAP7_75t_SL,8.520370187170556e-09,0.0
g155762,0,0,0,43722,37458,44046,37728,0,0,0,AOI22xp5_ASAP7_75t_SL,8.520370187170556e-09,0.0
g155767,0,0,0,38700,40968,39024,41238,0,0,0,AOI22xp33_ASAP7_75t_SL,5.680270032115686e-09,0.0
g155768,0,0,0,37458,40428,37782,40698,0,0,0,AOI22xp5_ASAP7_75t_SL,8.577970334044949e-09,0.0
g155770,0,0,0,41994,40698,42318,40968,0,0,0,AOI22xp33_ASAP7_75t_SL,5.680270032115686e-09,0.0
g155771,0,0,0,43020,39888,43344,40158,0,0,0,AOI22xp5_ASAP7_75t_SL,8.520370187170556e-09,0.0
g155772,0,0,0,42102,39348,42426,39618,0,0,0,AOI22xp5_ASAP7_75t_SL,8.577970334044949e-09,0.0
g155773,0,0,0,40914,39618,41238,39888,0,0,0,AOI22xp33_ASAP7_75t_SL,5.680270032115686e-09,0.0
g155774,0,0,0,43344,40428,43668,40698,0,0,0,AOI22xp33_ASAP7_75t_SL,5.680270032115686e-09,0.0
g155775,0,0,0,43830,38808,44154,39078,0,0,0,AOI22xp33_ASAP7_75t_SL,5.641900280295431e-09,0.0
g155776,0,0,0,37080,40428,37404,40698,0,0,0,AOI22xp33_ASAP7_75t_SL,5.680270032115686e-09,0.0
g155827,0,0,0,34920,22878,35244,23148,0,0,0,AOI22xp5_ASAP7_75t_SL,8.520370187170556e-09,8.342398698387397e-15
g155828,0,0,0,33570,22068,33894,22338,0,0,0,AOI22xp33_ASAP7_75t_SL,5.680270032115686e-09,7.0393825046376896e-15
g155838,0,0,0,35136,5868,35460,6138,0,0,0,AOI22xp5_ASAP7_75t_SL,8.577970334044949e-09,8.322420579293457e-15
g155999,0,0,0,15642,29898,15804,30168,0,0,1,INVx1_ASAP7_75t_L,5.20423981686946e-10,4.8285403453363074e-11
g156,0,0,0,3006,16668,3330,16938,0,0,0,AOI22xp5_ASAP7_75t_SL,1.0055989818624766e-08,6.886644845962436e-14
g156001,0,0,0,15642,12618,15804,12888,0,0,1,INVx1_ASAP7_75t_SL,5.0640900361997865e-09,3.1145086509809516e-10
g156003,0,0,0,6570,25038,6732,25308,0,0,1,INVxp33_ASAP7_75t_R,8.528100101101721e-12,1.6075273379101418e-07
g156114,0,0,0,7596,15588,7920,15858,0,0,0,AOI22xp33_ASAP7_75t_R,6.62024463027322e-11,1.8657764222496098e-10
g156115__1881,0,0,0,12402,12888,12726,13158,0,0,0,AOI22xp33_ASAP7_75t_R,3.1814512829742014e-11,2.663860527718498e-07
g156116__5115,0,0,0,13968,25308,14292,25578,0,0,0,AOI22xp33_ASAP7_75t_R,3.1814512829742014e-11,2.3210354527236632e-07
g156117,0,0,0,15318,32868,15534,33138,0,0,0,NAND2xp5_ASAP7_75t_SL,4.079105053733656e-09,1.8526154690334806e-06
g156119,0,0,0,18612,9378,18828,9648,0,0,0,NAND2xp5_ASAP7_75t_SL,1.8503367726907527e-09,0.0
g156124,0,0,0,8892,25848,9108,26118,0,0,0,NOR2xp33_ASAP7_75t_SL,2.8435782617464156e-09,3.2469520760969317e-07
g156125,0,0,0,16776,24498,16992,24768,0,0,0,NOR2xp33_ASAP7_75t_SL,2.842353241661044e-09,3.615127752709668e-07
g156126,0,0,0,8460,24768,8730,25038,0,0,0,NAND3xp33_ASAP7_75t_SL,8.233836723547938e-09,4.5555731276181177e-07
g156127,0,0,0,17856,21258,18126,21528,0,0,0,NOR3xp33_ASAP7_75t_SL,8.4672215905357e-09,6.827922334196046e-07
g156128,0,0,0,16992,21258,17262,21528,0,0,0,NOR3xp33_ASAP7_75t_SL,6.672730812340433e-09,1.5603504834871273e-06
g156129,0,0,0,18882,14508,19152,14778,0,0,0,NOR3xp33_ASAP7_75t_SL,6.679630626393873e-09,7.746822916487872e-07
g156132,0,0,0,19854,17478,20178,17748,0,0,0,NAND4xp25_ASAP7_75t_SL,8.669167606001338e-09,1.1165161595272366e-06
g156137,0,0,0,20664,21798,20934,22068,0,0,0,NAND3xp33_ASAP7_75t_SL,5.888336485071477e-09,9.048946481016173e-07
g156139,0,0,0,20934,22878,21204,23148,0,0,0,NAND3xp33_ASAP7_75t_SL,5.892598409218408e-09,7.05444563209312e-07
g156143,0,0,0,11916,17748,12186,18018,0,0,0,NAND3xp33_ASAP7_75t_SL,5.888336485071477e-09,6.32884166407166e-07
g156144,0,0,0,18558,18018,18828,18288,0,0,0,NAND3xp33_ASAP7_75t_SL,5.893474153140232e-09,2.3664904347242555e-06
g156146,0,0,0,20988,16938,21258,17208,0,0,0,NAND3xp33_ASAP7_75t_SL,5.892598409218408e-09,1.316196517109347e-06
g156147,0,0,0,18720,22878,18990,23148,0,0,0,NAND3xp33_ASAP7_75t_SL,5.89771742554035e-09,1.9477242858556565e-06
g156157,0,0,0,14994,37188,15318,37458,0,0,0,A2O1A1Ixp33_ASAP7_75t_SL,2.713250069064088e-09,0.0
g156158,0,0,0,18450,23688,18774,23958,0,0,0,NAND4xp25_ASAP7_75t_SL,8.703276321853082e-09,8.137517397699412e-07
g156161,0,0,0,34866,30438,35082,30708,0,0,0,NOR2xp33_ASAP7_75t_SL,9.992433547267865e-10,2.5206408141298375e-12
g156162,0,0,0,19692,10458,19908,10728,0,0,0,NOR2xp33_ASAP7_75t_SL,9.988323501630703e-10,2.307802386691815e-12
g156163,0,0,0,32544,13158,32760,13428,0,0,0,NOR2xp33_ASAP7_75t_SL,9.992433547267865e-10,2.4592376746124245e-12
g156167,0,0,0,29844,26928,30168,27198,0,0,0,OAI31xp33_ASAP7_75t_SL,3.4320524200381897e-09,5.870296002769004e-12
g156172,0,0,0,15804,37728,16074,37998,0,0,0,OAI21xp5_ASAP7_75t_SL,9.547211021754265e-09,6.010875797102244e-09
g156627,0,0,0,16668,28008,16830,28278,0,0,1,INVxp33_ASAP7_75t_R,1.6334000124684778e-11,2.0310460258077256e-10
g156631,0,0,0,27630,26388,27792,26658,0,0,1,INVxp67_ASAP7_75t_SL,3.428808792449445e-09,5.463254848514509e-12
g156632,0,0,0,36108,27738,36270,28008,0,0,1,INVx1_ASAP7_75t_SL,5.064088259842947e-09,8.203077973834016e-12
g156633,0,0,0,21204,28548,21366,28818,0,0,1,INVxp67_ASAP7_75t_SL,3.428808792449445e-09,5.67610281693165e-12
g156634,0,0,0,20448,29358,20610,29628,0,0,1,INVx1_ASAP7_75t_SL,5.064088259842947e-09,5.371200879900062e-12
g156635,0,0,0,28386,22068,28548,22338,0,0,1,INVxp67_ASAP7_75t_SL,3.428808792449445e-09,5.249298825477089e-12
g156636,0,0,0,28980,21528,29142,21798,0,0,1,INVx1_ASAP7_75t_SL,5.064088259842947e-09,5.411688892148492e-12
g156640,0,0,0,23256,15318,23418,15588,0,0,1,INVx1_ASAP7_75t_SL,5.064088259842947e-09,6.2711099334256115e-12
g156642,0,0,0,13914,23688,14076,23958,0,0,1,INVx1_ASAP7_75t_L,5.20423981686946e-10,7.697967818742768e-10
g156643,0,0,0,14076,23958,14292,24228,0,1,0,HB1xp67_ASAP7_75t_SL,5.092500199310734e-09,1.761551793322269e-09
g156644,0,0,0,5760,25308,5922,25578,0,0,1,INVxp33_ASAP7_75t_R,8.528100101101721e-12,1.8785766542350757e-07
g156645,0,0,0,14022,27468,14184,27738,0,0,1,INVxp33_ASAP7_75t_R,1.7778400279722106e-11,0.0
g156646,0,0,0,13050,15318,13212,15588,0,0,1,INVxp33_ASAP7_75t_R,1.7778400279722106e-11,0.0
g156648,0,0,0,5220,26928,5382,27198,0,0,1,INVxp33_ASAP7_75t_R,1.7778400279722106e-11,0.0
g156665_dup166718,0,0,0,34866,24228,35244,24498,0,0,1,INVx5_ASAP7_75t_SL,2.5320300522935213e-08,0.0
g156687,0,0,0,24714,19908,25038,20178,0,0,0,AND2x2_ASAP7_75t_R,1.251568709781381e-10,6.4972133576035596e-12
g156688,0,0,0,23958,14238,24174,14508,0,0,0,NAND2xp33_ASAP7_75t_R,1.7988501313515037e-11,0.0
g156701,0,0,0,18018,10728,18342,10998,0,0,0,O2A1O1Ixp33_ASAP7_75t_SL,2.3322717090934475e-09,4.088467411844654e-12
g156703,0,0,0,13752,32328,14076,32598,0,0,0,O2A1O1Ixp33_ASAP7_75t_SL,8.215866209582146e-09,2.2704252842231654e-06
g156706,0,0,0,16776,25848,17100,26118,0,0,0,OAI211xp5_ASAP7_75t_SL,8.397134543258744e-09,2.200662834184186e-07
g156707,0,0,0,17748,27198,18072,27468,0,0,0,OAI211xp5_ASAP7_75t_SL,8.396135342536581e-09,3.753966097974626e-07
g156710,0,0,0,19638,23418,19908,23688,0,0,0,NAND3xp33_ASAP7_75t_L,9.72023905809749e-10,2.31928556360117e-08
g156711,0,0,0,12294,26388,12672,26658,0,0,0,AOI221xp5_ASAP7_75t_R,1.0614399637010052e-10,1.1456526838315995e-09
g156712,0,0,0,14130,36648,14346,36918,0,0,0,NAND2xp5_ASAP7_75t_SL,1.8409799240615143e-09,0.0
g156713,0,0,0,13590,24228,13860,24498,0,0,0,AOI21xp33_ASAP7_75t_R,3.3150548278682024e-11,0.0
g156714,0,0,0,16020,32328,16290,32598,0,0,0,AOI21xp33_ASAP7_75t_R,3.3150548278682024e-11,0.0
g156715,0,0,0,17586,13158,17856,13428,0,0,0,AOI21xp33_ASAP7_75t_R,3.315057256481069e-11,0.0
g156718,0,0,0,11592,28818,11916,29088,0,0,0,AOI211xp5_ASAP7_75t_R,9.769049458263623e-11,9.64829882654783e-10
g156719,0,0,0,10620,13158,10944,13428,0,0,0,AOI22xp33_ASAP7_75t_R,3.1814512829742014e-11,2.447285680773348e-07
g156720,0,0,0,10890,10998,11214,11268,0,0,0,AOI22xp33_ASAP7_75t_R,3.1814512829742014e-11,2.497826585567964e-07
g156721,0,0,0,9108,11538,9432,11808,0,0,0,AOI22xp33_ASAP7_75t_R,3.1814512829742014e-11,2.2914325370493316e-07
g156722,0,0,0,11916,12888,12240,13158,0,0,0,AOI22xp33_ASAP7_75t_R,3.1814512829742014e-11,2.4876399606910127e-07
g156723,0,0,0,9810,11808,10134,12078,0,0,0,AOI22xp33_ASAP7_75t_R,3.1814512829742014e-11,2.204674842687382e-07
g156724,0,0,0,7110,18558,7434,18828,0,0,0,AOI22xp33_ASAP7_75t_R,6.62024463027322e-11,1.9068177592451718e-10
g156728,0,0,0,12780,39348,13104,39618,0,0,0,AOI22xp5_ASAP7_75t_SL,8.520370187170556e-09,1.7172671433734327e-14
g156760_169534,0,0,0,18504,33948,19044,34218,0,0,0,AND2x4_ASAP7_75t_SL,3.0560901365106474e-08,3.5466033948772452e-15
g156762_dup165229_dup187967,0,0,0,36972,33678,37296,33948,0,0,0,OR2x2_ASAP7_75t_SL,1.1776400299368106e-08,0.0
g156762_dup166760_dup187969,0,0,0,36648,33408,37296,33678,0,0,0,OR2x6_ASAP7_75t_SL,3.3840301227883174e-08,0.0
g156762_dup187968,0,0,0,36324,33678,36972,33948,0,0,0,OR2x6_ASAP7_75t_SL,3.3840301227883174e-08,0.0
g156764,0,0,0,32220,23958,32976,24228,0,0,0,AND3x4_ASAP7_75t_SL,2.3943703908457792e-08,2.2112587063879193e-15
g156770_dup214508,0,0,0,18828,34488,19476,34758,0,0,0,OR2x6_ASAP7_75t_SL,3.3840301227883174e-08,0.0
g156772_dup165220_dup,0,0,0,32976,24498,33300,24768,0,0,0,OR2x2_ASAP7_75t_L,1.1848400038871887e-09,0.0
g156772_dup166716,0,0,0,32706,24228,33354,24498,0,0,0,OR2x6_ASAP7_75t_SL,3.3840301227883174e-08,0.0
g156773_dup165222_dup,0,0,0,21366,8298,21690,8568,0,0,0,OR2x2_ASAP7_75t_SL,1.1776400299368106e-08,0.0
g156870,0,0,0,19908,10458,20232,10728,0,0,0,AOI22xp33_ASAP7_75t_SL,6.85660905830332e-09,3.826151062646943e-10
g156872,0,0,0,32490,12888,32814,13158,0,0,0,AOI22xp33_ASAP7_75t_SL,6.779883321428315e-09,3.6326519570195615e-10
g156876,0,0,0,13212,24768,13374,25038,0,0,1,INVxp33_ASAP7_75t_R,1.7778400279722106e-11,6.42698227970584e-10
g156877,0,0,0,13698,25038,13860,25308,0,0,1,INVxp33_ASAP7_75t_R,1.6334000124684778e-11,3.200451459406395e-09
g156878,0,0,0,15480,26928,15642,27198,0,0,1,INVxp33_ASAP7_75t_R,1.6334000124684778e-11,7.314961969484557e-10
g156879,0,0,0,13698,29088,13860,29358,0,0,1,INVxp33_ASAP7_75t_R,1.7778400279722106e-11,5.661195956463416e-10
g156882,0,0,0,32922,10998,33084,11268,0,0,1,INVxp33_ASAP7_75t_R,1.7778400279722106e-11,1.7211070243030002e-16
g156892,0,0,0,8514,25578,8676,25848,0,0,1,INVxp33_ASAP7_75t_R,8.528100101101721e-12,1.6063485475115158e-07
g156893,0,0,0,14616,26118,14778,26388,0,0,1,INVxp33_ASAP7_75t_R,1.7778400279722106e-11,0.0
g156894,0,0,0,16776,35028,17046,35298,0,0,1,INVx3_ASAP7_75t_SL,1.5427723099037394e-08,5.652251555687826e-09
g156895,0,0,0,16884,33678,17154,33948,0,0,1,INVx3_ASAP7_75t_SL,1.5427723099037394e-08,5.477279518828482e-09
g156896,0,0,0,16506,34758,17478,35028,0,1,0,BUFx12f_ASAP7_75t_SL,8.137030249599775e-08,1.3547641231070884e-08
g156902,0,0,0,28008,34488,28278,34758,0,0,1,INVx3_ASAP7_75t_SL,1.5427723099037394e-08,5.267131619746124e-09
g156903,0,0,0,27846,35028,28116,35298,0,0,1,INVx3_ASAP7_75t_SL,1.5427723099037394e-08,5.32273514153303e-09
g156906,0,0,0,21204,7488,21474,7758,0,0,1,INVx3_ASAP7_75t_SL,1.5427723099037394e-08,5.441674222339543e-09
g156907,0,0,0,21042,7758,21312,8028,0,0,1,INVx3_ASAP7_75t_SL,1.5427723099037394e-08,5.2399578009953984e-09
g156908,0,0,0,20502,7758,21042,8028,0,1,0,BUFx6f_ASAP7_75t_SL,4.068465386808384e-08,7.1374279819735875e-09
g156909,0,0,0,20664,7488,21204,7758,0,1,0,BUFx6f_ASAP7_75t_SL,4.068465386808384e-08,7.141320423897923e-09
g156919,0,0,0,27468,27198,27630,27468,0,0,1,INVxp33_ASAP7_75t_R,1.7778400279722106e-11,0.0
g156920,0,0,0,34596,15588,34758,15858,0,0,1,INVxp33_ASAP7_75t_R,1.7778400279722106e-11,0.0
g156921,0,0,0,28710,25038,28872,25308,0,0,1,INVxp33_ASAP7_75t_R,1.7778400279722106e-11,0.0
g156929,0,0,0,26226,12078,26604,12348,0,0,0,OAI221xp5_ASAP7_75t_SL,7.701957294159456e-09,3.4859638731177256e-08
g156931,0,0,0,25254,12078,25632,12348,0,0,0,OAI221xp5_ASAP7_75t_SL,7.701539850302197e-09,3.45918138577872e-08
g156936,0,0,0,21420,12888,21636,13158,0,0,0,NOR2xp33_ASAP7_75t_SL,3.3887694872447582e-09,4.172844825234279e-08
g156937,0,0,0,21258,24768,21474,25038,0,0,0,NOR2xp33_ASAP7_75t_SL,3.3887694872447582e-09,4.19276204866037e-08
g156938,0,0,0,18450,12888,18666,13158,0,0,0,NOR2xp33_ASAP7_75t_SL,3.3887694872447582e-09,4.1314542897907813e-08
g156940,0,0,0,30276,31518,30654,31788,0,0,0,OAI221xp5_ASAP7_75t_SL,5.356642240883502e-09,3.0824178764987664e-08
g156941,0,0,0,21258,15048,21474,15318,0,0,0,NOR2xp33_ASAP7_75t_SL,3.3887694872447582e-09,3.739038589856136e-08
g156942,0,0,0,19152,14508,19368,14778,0,0,0,NOR2xp33_ASAP7_75t_SL,3.3887694872447582e-09,4.046784596312136e-08
g156943,0,0,0,19638,28278,19854,28548,0,0,0,NOR2xp33_ASAP7_75t_SL,3.3887694872447582e-09,3.880060717165179e-08
g156944,0,0,0,20232,24498,20448,24768,0,0,0,NOR2xp33_ASAP7_75t_SL,3.3887694872447582e-09,3.6250163759632414e-08
g156945,0,0,0,16776,23688,16992,23958,0,0,0,NOR2xp33_ASAP7_75t_SL,3.3887694872447582e-09,4.0927726985273694e-08
g156957,0,0,0,21582,23958,21798,24228,0,0,0,NOR2xp33_ASAP7_75t_SL,3.3887694872447582e-09,4.542510723126725e-08
g156958,0,0,0,19044,29358,19260,29628,0,0,0,NOR2xp33_ASAP7_75t_SL,3.3887694872447582e-09,3.692899497309554e-08
g156962,0,0,0,17316,29898,17532,30168,0,0,0,NOR2xp33_ASAP7_75t_SL,3.3887694872447582e-09,3.965551798046363e-08
g156963,0,0,0,18774,23418,18990,23688,0,0,0,NOR2xp33_ASAP7_75t_SL,3.3887694872447582e-09,4.091287308938263e-08
g156968,0,0,0,15696,30708,15912,30978,0,0,0,NOR2xp33_ASAP7_75t_SL,3.3887694872447582e-09,4.277708143263226e-08
g156969,0,0,0,35298,30168,35622,30438,0,0,0,O2A1O1Ixp33_ASAP7_75t_R,2.617674826899119e-11,0.0
g156970,0,0,0,30600,22068,30924,22338,0,0,0,O2A1O1Ixp33_ASAP7_75t_R,2.617674826899119e-11,0.0
g156971,0,0,0,18288,31248,18612,31518,0,0,0,O2A1O1Ixp33_ASAP7_75t_R,2.617674826899119e-11,0.0
g156972,0,0,0,27738,28818,28062,29088,0,0,0,O2A1O1Ixp33_ASAP7_75t_R,2.617674826899119e-11,0.0
g156974,0,0,0,32922,13158,33246,13428,0,0,0,O2A1O1Ixp33_ASAP7_75t_R,2.617674826899119e-11,0.0
g156975,0,0,0,13590,12078,13806,12348,0,0,0,NOR2xp33_ASAP7_75t_SL,3.3887694872447582e-09,4.078153637010473e-08
g156976,0,0,0,13590,20448,13806,20718,0,0,0,NOR2xp33_ASAP7_75t_SL,3.3887694872447582e-09,4.0794052580395146e-08
g156977,0,0,0,16344,30168,16560,30438,0,0,0,NOR2xp33_ASAP7_75t_SL,3.3887694872447582e-09,3.888187549705435e-08
g156978,0,0,0,12942,20718,13158,20988,0,0,0,NOR2xp33_ASAP7_75t_SL,3.3887694872447582e-09,3.825038419336124e-08
g156979,0,0,0,13212,29898,13428,30168,0,0,0,NOR2xp33_ASAP7_75t_SL,3.3887694872447582e-09,3.9547032315567776e-08
g156980,0,0,0,13806,12078,14022,12348,0,0,0,NOR2xp33_ASAP7_75t_SL,3.3887694872447582e-09,4.0217827290689456e-08
g156981,0,0,0,18234,18288,18612,18558,0,0,0,AOI221xp5_ASAP7_75t_SL,5.489228627197917e-09,2.1200554556344287e-07
g156982,0,0,0,20286,22338,20664,22608,0,0,0,AOI221xp5_ASAP7_75t_SL,5.489228627197917e-09,1.9554695995793736e-07
g156983,0,0,0,15642,19638,16020,19908,0,0,0,AOI221xp5_ASAP7_75t_SL,5.489228627197917e-09,2.191703742937534e-07
g156984,0,0,0,20610,16938,20988,17208,0,0,0,AOI221xp5_ASAP7_75t_SL,5.489228627197917e-09,1.883686593373568e-07
g156986,0,0,0,15858,16938,16236,17208,0,0,0,AOI221xp5_ASAP7_75t_SL,5.489228627197917e-09,2.4702328005332674e-07
g156993,0,0,0,18504,12348,18828,12618,0,0,0,OAI31xp33_ASAP7_75t_SL,4.262850072933588e-09,1.4519147672431428e-18
g156995,0,0,0,16668,29898,16992,30168,0,0,0,OAI31xp33_ASAP7_75t_SL,5.829393856515708e-09,3.3575577162991976e-07
g157,0,0,0,26172,8298,26496,8568,0,0,0,AOI22xp5_ASAP7_75t_SL,3.6828700089586164e-09,0.0
g157003,0,0,0,42534,12348,42804,12618,0,0,0,NAND3xp33_ASAP7_75t_SL,1.0070447586940645e-08,3.421318339746904e-08
g157006,0,0,0,28656,10998,28980,11268,0,0,0,OAI211xp5_ASAP7_75t_SL,7.71693287049402e-09,4.452430957258002e-08
g157010,0,0,0,39240,20178,39564,20448,0,0,0,OAI211xp5_ASAP7_75t_SL,7.71693287049402e-09,3.6007762105327856e-08
g157015,0,0,0,38808,12078,39132,12348,0,0,0,NAND4xp25_ASAP7_75t_SL,1.3426256550985727e-08,2.935364307177224e-08
g157028,0,0,0,29952,30978,30330,31248,0,0,0,OAI221xp5_ASAP7_75t_SL,5.356224797026243e-09,2.986320168929524e-08
g157063,0,0,0,29790,26118,30114,26388,0,0,0,O2A1O1Ixp33_ASAP7_75t_SL,9.476709195155308e-09,1.1059828400328264e-11
g157065,0,0,0,23526,25308,23850,25578,0,0,0,O2A1O1Ixp33_ASAP7_75t_SL,9.476709195155308e-09,1.1162197902092608e-11
g157067,0,0,0,18828,12348,19152,12618,0,0,0,O2A1O1Ixp33_ASAP7_75t_SL,1.9874966117328086e-09,1.5364204591743202e-13
g157069,0,0,0,16992,29898,17316,30168,0,0,0,O2A1O1Ixp33_ASAP7_75t_L,4.293643496300348e-10,7.296939230627686e-08
g157070,0,0,0,12078,27198,12456,27468,0,0,0,NAND5xp2_ASAP7_75t_R,2.0397600275501304e-11,0.0
g157071,0,0,0,13914,36648,14130,36918,0,0,0,NAND2xp5_ASAP7_75t_SL,1.8409799240615143e-09,0.0
g157073,0,0,0,5490,24228,5814,24498,0,0,0,AOI22xp5_ASAP7_75t_R,5.641097311492871e-11,1.5192303532614326e-16
g157074,0,0,0,13482,27468,13806,27738,0,0,0,OAI22xp5_ASAP7_75t_SL,3.5374712048508172e-09,7.450236427786194e-09
g157075,0,0,0,13698,27738,14022,28008,0,0,0,OAI22xp5_ASAP7_75t_SL,3.511307022918686e-09,7.707168236947837e-09
g157078,0,0,0,31788,30708,32112,30978,0,0,0,OAI211xp5_ASAP7_75t_SL,9.920482213487958e-09,3.026460504429451e-08
g157080,0,0,0,40320,12888,40644,13158,0,0,0,OAI211xp5_ASAP7_75t_SL,9.920482213487958e-09,3.19271151738576e-08
g157082,0,0,0,24498,37728,24822,37998,0,0,0,NAND4xp25_ASAP7_75t_SL,1.3426255662807307e-08,5.492458399203315e-08
g157084,0,0,0,33084,30978,33408,31248,0,0,0,OAI211xp5_ASAP7_75t_SL,9.920482213487958e-09,3.1722471760531334e-08
g157094,0,0,0,24660,33678,24984,33948,0,0,0,NAND4xp25_ASAP7_75t_SL,1.3426257439164146e-08,3.880268906186757e-08
g157098,0,0,0,33192,31248,33516,31518,0,0,0,OAI211xp5_ASAP7_75t_SL,1.0061957489426732e-08,3.0526717154089056e-08
g157103,0,0,0,28170,8838,28494,9108,0,0,0,NAND4xp25_ASAP7_75t_SL,1.3426255662807307e-08,4.646358320314903e-08
g157107,0,0,0,26604,11268,26928,11538,0,0,0,NAND4xp25_ASAP7_75t_SL,1.3426257439164146e-08,2.8329683487982038e-08
g157115,0,0,0,20232,10458,20610,10728,0,0,0,NOR5xp2_ASAP7_75t_SL,6.323266910079894e-10,0.0
g157116,0,0,0,13104,27738,13428,28008,0,0,0,OR3x1_ASAP7_75t_R,7.080940001014113e-11,0.0
g157118,0,0,0,25848,25038,26280,25308,0,0,0,OR5x1_ASAP7_75t_R,2.2229955376484867e-10,1.5789719043368677e-07
g157127,0,0,0,18990,13968,19206,14238,0,0,0,NAND2xp5_ASAP7_75t_SL,6.7436940476284235e-09,8.978249255164883e-09
g157128,0,0,0,16992,20718,17208,20988,0,0,0,NAND2xp5_ASAP7_75t_SL,6.7436940476284235e-09,7.995627271384365e-09
g157129,0,0,0,18072,20448,18288,20718,0,0,0,NAND2xp5_ASAP7_75t_SL,6.7436940476284235e-09,8.011778795946611e-09
g157137,0,0,0,41508,34758,41832,35028,0,0,0,NAND4xp25_ASAP7_75t_SL,1.3426256550985727e-08,3.8272560232144315e-08
g157139,0,0,0,40050,32328,40374,32598,0,0,0,OAI211xp5_ASAP7_75t_SL,1.0061957489426732e-08,3.0373946913186955e-08
g157144,0,0,0,40860,32328,41184,32598,0,0,0,OAI211xp5_ASAP7_75t_SL,9.920482213487958e-09,3.0130337336231605e-08
g157146,0,0,0,12078,28548,12402,28818,0,0,0,O2A1O1Ixp33_ASAP7_75t_R,9.2724099232111e-11,2.147840127975087e-09
g157153,0,0,0,13104,27198,13374,27468,0,0,0,NAND3xp33_ASAP7_75t_R,2.7538799365900424e-11,0.0
g157156,0,0,0,8082,17748,8406,18018,0,0,0,AOI22xp33_ASAP7_75t_R,6.62024463027322e-11,1.8781948218915545e-10
g157157,0,0,0,7974,18558,8298,18828,0,0,0,AOI22xp33_ASAP7_75t_R,6.62024463027322e-11,1.912000280324122e-10
g157158,0,0,0,8136,15588,8460,15858,0,0,0,AOI22xp33_ASAP7_75t_R,6.62024463027322e-11,1.910330782450842e-10
g157159,0,0,0,7596,17478,7920,17748,0,0,0,AOI22xp33_ASAP7_75t_R,6.62024463027322e-11,1.9150603325357451e-10
g157163,0,0,0,16290,11808,16560,12078,0,0,0,OAI21xp33_ASAP7_75t_SL,4.444170809136949e-09,4.052162685258542e-12
g157164,0,0,0,8190,11268,8460,11538,0,0,0,OAI21xp33_ASAP7_75t_SL,4.439706824399536e-09,4.82960416450795e-12
g157166,0,0,0,8946,10998,9216,11268,0,0,0,OAI21xp5_ASAP7_75t_SL,6.659551132770503e-09,2.6908774687639525e-12
g157183,0,0,0,11808,14508,12078,14778,0,0,0,OAI21xp5_ASAP7_75t_SL,6.659551132770503e-09,2.7878220565380474e-12
g157184,0,0,0,15966,20988,16236,21258,0,0,0,OAI21xp5_ASAP7_75t_SL,6.659551132770503e-09,2.3884158539821954e-12
g157185,0,0,0,10404,20988,10674,21258,0,0,0,OAI21xp5_ASAP7_75t_SL,6.659551132770503e-09,3.337071070863562e-12
g157188,0,0,0,26982,33408,27738,33678,0,0,0,AND3x4_ASAP7_75t_SL,2.3943702132100952e-08,1.0152613028923644e-23
g157189,0,0,0,27036,33138,27792,33408,0,0,0,AND3x4_ASAP7_75t_SL,2.3943702132100952e-08,1.0152593307401014e-23
g157193,0,0,0,32868,6948,33624,7218,0,0,0,AND3x4_ASAP7_75t_SL,2.3926389758344158e-08,1.0686115714820089e-23
g157194,0,0,0,31518,24498,32274,24768,0,0,0,AND3x4_ASAP7_75t_SL,2.3926389758344158e-08,1.0402834974894318e-23
g157195,0,0,0,31896,24228,32652,24498,0,0,0,AND3x4_ASAP7_75t_SL,2.392638442927364e-08,9.001640513518126e-24
g157196,0,0,0,19908,8028,20664,8298,0,0,0,AND3x4_ASAP7_75t_SL,2.392638442927364e-08,9.021184542444977e-24
g157197,0,0,0,19854,8568,20610,8838,0,0,0,AND3x4_ASAP7_75t_SL,2.392638442927364e-08,9.020984171775051e-24
g157198,0,0,0,12510,25578,12672,25848,0,0,1,INVxp33_ASAP7_75t_R,1.7778400279722106e-11,1.7164984988937704e-09
g157199,0,0,0,7380,25308,7542,25578,0,0,1,INVxp33_ASAP7_75t_R,8.528100101101721e-12,1.8717776129051344e-07
g157202,0,0,0,27954,28278,28116,28548,0,0,1,INVx1_ASAP7_75t_L,5.203606989745424e-10,7.897611453699938e-10
g157203,0,0,0,31086,23688,31248,23958,0,0,1,INVx1_ASAP7_75t_L,5.203606989745424e-10,8.50994941181682e-10
g157204,0,0,0,20610,10458,20772,10728,0,0,1,INVx1_ASAP7_75t_L,5.203606989745424e-10,7.364242549101618e-10
g157205,0,0,0,32760,13158,32922,13428,0,0,1,INVxp67_ASAP7_75t_SL,3.428393124949025e-09,7.380580591132002e-10
g157207,0,0,0,8244,12078,8406,12348,0,0,1,INVxp33_ASAP7_75t_R,1.7778400279722106e-11,0.0
g157212,0,0,0,17640,20448,17856,20718,0,0,0,NAND2xp5_ASAP7_75t_L,1.9901622017037823e-10,3.5016944226978715e-17
g157214,0,0,0,12726,20448,12942,20718,0,0,0,NAND2xp5_ASAP7_75t_L,1.9901622017037823e-10,4.2296232879118865e-17
g157215,0,0,0,18180,13698,18396,13968,0,0,0,NAND2xp5_ASAP7_75t_SL,1.9441717125090463e-09,3.404582757039656e-17
g157220,0,0,0,16398,14508,16614,14778,0,0,0,NAND2xp33_ASAP7_75t_R,1.8552060929155623e-11,3.616357657776348e-09
g157221,0,0,0,18126,14238,18342,14508,0,0,0,NAND2xp33_ASAP7_75t_R,1.8552060929155623e-11,4.664760577810512e-09
g157223,0,0,0,6192,11268,6408,11538,0,0,0,NAND2xp5_ASAP7_75t_L,1.995072163030187e-10,4.987882550082506e-17
g157224,0,0,0,8784,11268,9000,11538,0,0,0,NAND2xp5_ASAP7_75t_SL,1.9441717125090463e-09,3.098219873568391e-17
g157226,0,0,0,12726,38268,12942,38538,0,0,0,NOR2xp33_ASAP7_75t_R,2.1393501553612637e-11,5.028232367423283e-15
g157270,0,0,0,8892,11808,9108,12078,0,0,0,NAND2xp5_ASAP7_75t_SL,1.9441717125090463e-09,2.910829384983893e-17
g157275,0,0,0,14022,11538,14238,11808,0,0,0,NAND2xp5_ASAP7_75t_L,1.995072163030187e-10,3.2512039500098684e-17
g157279,0,0,0,27414,29628,27900,29898,0,0,0,XOR2xp5_ASAP7_75t_SL,1.5135800168764035e-08,0.0
g157280,0,0,0,17802,10728,18018,10998,0,0,0,NAND2xp33_ASAP7_75t_SL,3.4282325866996644e-09,3.901327039201874e-10
g157281,0,0,0,14076,32328,14292,32598,0,0,0,NAND2xp33_ASAP7_75t_SL,1.7791340622963503e-09,1.9306714560407556e-10
g157285,0,0,0,28980,10188,29520,10458,0,0,0,AOI222xp33_ASAP7_75t_SL,5.774590139395741e-09,4.571799649966124e-08
g157286,0,0,0,12672,27198,12996,27468,0,0,0,AO21x1_ASAP7_75t_R,1.0105799530535364e-10,1.7189882850487948e-09
g157287,0,0,0,11862,28548,12078,28818,0,0,0,NOR2xp33_ASAP7_75t_R,1.0391599906955928e-11,0.0
g157289,0,0,0,12888,26928,13266,27198,0,0,0,AOI311xp33_ASAP7_75t_R,5.1101897019512066e-11,1.165620044929483e-09
g157290,0,0,0,23526,20718,23796,20988,0,0,0,OAI21xp5_ASAP7_75t_SL,1.0169059372344691e-08,2.2986434089489194e-08
g157291,0,0,0,11916,26658,12294,26928,0,0,0,NAND5xp2_ASAP7_75t_R,2.0441799294945717e-11,0.0
g157293,0,0,0,17640,9108,17910,9378,0,0,0,NOR3xp33_ASAP7_75t_R,1.6557344037493316e-11,1.2211956312893216e-24
g157294,0,0,0,13752,31788,14022,32058,0,0,0,NOR3xp33_ASAP7_75t_R,1.0177223647156453e-10,3.492038445074286e-07
g157295,0,0,0,12402,26658,12726,26928,0,0,0,AND3x1_ASAP7_75t_R,9.830919411868422e-11,6.087231163576234e-09
g157296,0,0,0,14022,37458,14238,37728,0,0,0,NAND2xp5_ASAP7_75t_SL,1.929274739964626e-09,0.0
g157297,0,0,0,11916,26928,12294,27198,0,0,0,NAND5xp2_ASAP7_75t_R,2.4904498602262848e-11,0.0
g157298,0,0,0,11700,39078,11970,39348,0,0,0,OAI21xp33_ASAP7_75t_SL,2.4258322017800538e-09,6.207134219948784e-07
g157299,0,0,0,16344,25848,16668,26118,0,0,0,AND3x1_ASAP7_75t_SL,7.060823925542081e-09,5.899824823224985e-16
g157306,0,0,0,42318,9918,42858,10188,0,0,0,AOI222xp33_ASAP7_75t_SL,5.774814404446715e-09,4.272653697512396e-08
g157307,0,0,0,40698,10458,41076,10728,0,0,0,AOI221xp5_ASAP7_75t_SL,7.962738912681289e-09,3.4229245216010895e-08
g157316,0,0,0,41184,9918,41940,10188,0,0,0,AOI221x1_ASAP7_75t_SL,1.024147788797336e-08,5.285514248498657e-08
g157317,0,0,0,28170,10728,28710,10998,0,0,0,AOI222xp33_ASAP7_75t_SL,5.774590139395741e-09,3.7985376621918476e-08
g157318,0,0,0,27306,10728,27846,10998,0,0,0,AOI222xp33_ASAP7_75t_SL,5.774590139395741e-09,4.045108425998478e-08
g157327_dup,0,0,0,17208,25038,17748,25308,0,0,0,AND2x4_ASAP7_75t_SL,2.476836868936516e-08,5.844998707260629e-09
g157331,0,0,0,11916,13698,12078,13968,0,0,1,INVxp67_ASAP7_75t_R,3.5551762922469976e-11,4.311331847084432e-11
g157332,0,0,0,16074,7488,16236,7758,0,0,1,INVxp67_ASAP7_75t_R,3.5551762922469976e-11,1.1187493986763997e-10
g157333,0,0,0,10296,4518,10458,4788,0,0,1,INVxp67_ASAP7_75t_R,3.5551762922469976e-11,1.5554853238786137e-10
g157334,0,0,0,16560,5328,16722,5598,0,0,1,INVxp33_ASAP7_75t_R,1.7778332625506543e-11,6.125587537209043e-11
g157335,0,0,0,8352,10998,8514,11268,0,0,1,INVxp33_ASAP7_75t_R,1.7778332625506543e-11,2.7666915633495215e-11
g157337,0,0,0,8460,8298,8622,8568,0,0,1,INVxp67_ASAP7_75t_R,3.5551762922469976e-11,4.863031505264459e-11
g157338,0,0,0,12564,19098,12726,19368,0,0,1,INVx1_ASAP7_75t_L,5.20423981686946e-10,1.1774907814060672e-15
g157339,0,0,0,13590,36108,13752,36378,0,0,1,INVxp67_ASAP7_75t_R,3.55518982309011e-11,1.788727332078426e-15
g157341,0,0,0,12024,26118,12186,26388,0,0,1,INVxp33_ASAP7_75t_R,1.6334000124684778e-11,0.0
g157343,0,0,0,18288,12078,18450,12348,0,0,1,INVx1_ASAP7_75t_SL,5.143200088042477e-09,0.0
g157345,0,0,0,11754,37998,11916,38268,0,0,1,INVx1_ASAP7_75t_L,2.515430086447168e-10,6.927820095370407e-07
g157347,0,0,0,15804,31248,15966,31518,0,0,1,INVx1_ASAP7_75t_SL,5.053896856566098e-09,3.4324855846534774e-07
g157348,0,0,0,14184,24228,14346,24498,0,0,1,INVxp33_ASAP7_75t_R,1.605063131016049e-11,2.0637158115732746e-07
g157349,0,0,0,13860,24228,14022,24498,0,0,1,INVx1_ASAP7_75t_L,5.113892642683027e-10,2.585388756415341e-07
g157350,0,0,0,8352,25578,8514,25848,0,0,1,INVxp33_ASAP7_75t_R,8.528100101101721e-12,1.8229448528472858e-07
g157353,0,0,0,7704,20448,7866,20718,0,0,1,INVxp33_ASAP7_75t_R,1.7778400279722106e-11,5.830826273200973e-13
g157433,0,0,0,40158,20988,40374,21258,0,0,0,NAND2xp5_ASAP7_75t_SL,5.10347142324008e-09,2.2905723540134204e-08
g157454,0,0,0,37296,22338,37512,22608,0,0,0,NAND2xp5_ASAP7_75t_SL,5.10347142324008e-09,2.3314990826861504e-08
g157462,0,0,0,42048,12078,42264,12348,0,0,0,NAND2xp5_ASAP7_75t_SL,5.10347142324008e-09,2.3195571685619143e-08
g157463,0,0,0,41076,10998,41292,11268,0,0,0,NAND2xp5_ASAP7_75t_L,5.181733375714259e-10,2.0213569484894833e-08
g157464,0,0,0,11052,27198,11268,27468,0,0,0,NOR2xp33_ASAP7_75t_R,3.5800497982796387e-11,9.352641003237266e-14
g157465,0,0,0,12564,39078,12834,39348,0,0,0,NOR3xp33_ASAP7_75t_L,1.4448509055853265e-10,1.1662740746569943e-14
g157469,0,0,0,12726,26658,12942,26928,0,0,0,NAND2xp33_ASAP7_75t_R,3.6452400126174567e-11,0.0
g157477,0,0,0,42156,12348,42372,12618,0,0,0,NAND2xp5_ASAP7_75t_SL,1.859943976612044e-09,2.0512641585312963e-10
g157479,0,0,0,37728,19908,37944,20178,0,0,0,NAND2xp5_ASAP7_75t_SL,1.859943976612044e-09,2.2098427254757524e-10
g157480,0,0,0,37998,22068,38214,22338,0,0,0,NAND2xp5_ASAP7_75t_SL,1.859943976612044e-09,1.3338122273331976e-10
g157483,0,0,0,39618,20988,39834,21258,0,0,0,NAND2xp5_ASAP7_75t_L,1.9099891113150136e-10,1.236118429837063e-10
g157487,0,0,0,38862,33138,39186,33408,0,0,0,AO21x1_ASAP7_75t_SL,6.919918416059545e-09,4.2048381443393623e-10
g157493,0,0,0,24066,37458,24282,37728,0,0,0,NAND2xp5_ASAP7_75t_SL,1.859943976612044e-09,3.5327446523680806e-10
g157495,0,0,0,21420,36378,21636,36648,0,0,0,NAND2xp5_ASAP7_75t_SL,1.859943976612044e-09,1.3914400187609033e-10
g157500,0,0,0,32544,30978,32760,31248,0,0,0,NAND2xp5_ASAP7_75t_SL,1.859943976612044e-09,2.217322020436896e-10
g157512,0,0,0,13050,27468,13212,27738,0,0,1,INVxp33_ASAP7_75t_R,1.6334000124684778e-11,0.0
g157513,0,0,0,11970,26388,12294,26658,0,0,0,O2A1O1Ixp33_ASAP7_75t_R,1.4385699576013877e-10,3.119305702625752e-09
g157516,0,0,0,23904,38268,24120,38538,0,0,0,NAND2xp5_ASAP7_75t_SL,4.98926278069689e-09,2.5117017798947927e-08
g157525,0,0,0,22608,36378,22824,36648,0,0,0,NAND2xp5_ASAP7_75t_SL,5.10347142324008e-09,2.394610909561834e-08
g157529,0,0,0,23310,33948,23526,34218,0,0,0,NAND2xp5_ASAP7_75t_SL,5.10347142324008e-09,2.5726333063857965e-08
g157546,0,0,0,42750,32868,42966,33138,0,0,0,NAND2xp5_ASAP7_75t_SL,5.10347142324008e-09,2.2794978349338635e-08
g157547,0,0,0,15210,40698,15696,40968,0,0,0,XOR2xp5_ASAP7_75t_L,6.268561225653002e-10,6.122879767644918e-06
g157551,0,0,0,26982,29898,27252,30168,0,0,0,OAI21xp33_ASAP7_75t_SL,6.743208658122057e-09,3.657503119813832e-12
g157554,0,0,0,33678,13428,33948,13698,0,0,0,OAI21xp33_ASAP7_75t_SL,6.743208658122057e-09,3.722296342684173e-12
g157559,0,0,0,17586,21258,17856,21528,0,0,0,OAI21xp33_ASAP7_75t_SL,4.446849999339975e-09,3.4002528082055505e-07
g157561,0,0,0,17964,20988,18234,21258,0,0,0,OAI21xp33_ASAP7_75t_L,5.375593858936156e-10,1.3800131171137764e-07
g157566,0,0,0,18828,19638,19098,19908,0,0,0,OAI21xp5_ASAP7_75t_L,6.416374653817059e-10,5.218653313932009e-07
g157567,0,0,0,27738,9108,27954,9378,0,0,0,NAND2xp33_ASAP7_75t_L,3.453944907860773e-10,1.784061609555465e-08
g157569,0,0,0,25632,9918,25848,10188,0,0,0,NAND2xp5_ASAP7_75t_SL,5.10347142324008e-09,2.2563693136135043e-08
g157570,0,0,0,12294,27738,12618,28008,0,0,0,AOI211xp5_ASAP7_75t_R,1.0804299815925233e-10,4.203844494732323e-10
g157575,0,0,0,26388,11268,26604,11538,0,0,0,NAND2xp5_ASAP7_75t_L,5.181733375714259e-10,1.9182779809057138e-08
g157577,0,0,0,28602,9108,28818,9378,0,0,0,NAND2xp5_ASAP7_75t_SL,4.98926278069689e-09,2.57242742662811e-08
g157579,0,0,0,11268,27198,11592,27468,0,0,0,AOI211xp5_ASAP7_75t_R,4.758689969852625e-11,6.27809132805468e-12
g157580,0,0,0,11646,28278,11970,28548,0,0,0,O2A1O1Ixp33_ASAP7_75t_R,1.4385699576013877e-10,9.623815633297284e-11
g157581,0,0,0,11538,26658,11916,26928,0,0,0,NAND5xp2_ASAP7_75t_R,2.7919099324091867e-11,0.0
g157583,0,0,0,11916,27738,12294,28008,0,0,0,AOI221xp5_ASAP7_75t_R,1.0614399637010052e-10,1.5688543797409693e-09
g157589,0,0,0,17208,18288,17424,18558,0,0,0,NOR2xp33_ASAP7_75t_SL,1.2726713016775193e-09,1.1656298148920996e-09
g157596,0,0,0,37512,25038,37728,25308,0,0,0,NOR2xp33_ASAP7_75t_SL,3.429220019057766e-09,2.1063763340018133e-15
g157597,0,0,0,41346,8838,41724,9108,0,0,0,AOI221xp5_ASAP7_75t_SL,5.891581889017061e-09,2.8860138342584043e-15
g157602,0,0,0,39564,37188,39780,37458,0,0,0,NOR2xp33_ASAP7_75t_SL,3.429220019057766e-09,2.082861428836613e-15
g157605,0,0,0,41130,36918,41346,37188,0,0,0,NOR2xp33_ASAP7_75t_SL,3.429220019057766e-09,1.9523518628730913e-15
g157606,0,0,0,33354,35568,33678,35838,0,0,0,NOR2xp67_ASAP7_75t_SL,6.858430268152915e-09,2.268394466812011e-15
g157628,0,0,0,41508,32328,41724,32598,0,0,0,NAND2xp5_ASAP7_75t_SL,1.859943976612044e-09,2.1845321385161043e-10
g157630,0,0,0,27306,11268,27576,11538,0,0,0,OAI21xp5_ASAP7_75t_SL,2.2789736764394775e-09,2.393721332261123e-10
g157634,0,0,0,28332,9108,28548,9378,0,0,0,NAND2xp5_ASAP7_75t_L,1.9099891113150136e-10,1.3005913013230952e-10
g157636,0,0,0,12618,27468,12888,27738,0,0,0,NAND3xp33_ASAP7_75t_R,2.863569971423008e-11,0.0
g157637,0,0,0,26604,10998,26820,11268,0,0,0,NAND2xp5_ASAP7_75t_L,1.9099891113150136e-10,1.1799736188145005e-10
g157639,0,0,0,26064,9108,26280,9378,0,0,0,NAND2xp5_ASAP7_75t_SL,1.859943976612044e-09,1.4099743594897518e-10
g157640,0,0,0,28062,9378,28278,9648,0,0,0,NAND2xp5_ASAP7_75t_SL,1.859943976612044e-09,2.398290732674724e-10
g157641,0,0,0,42426,11538,42642,11808,0,0,0,NAND2xp5_ASAP7_75t_SL,1.859943976612044e-09,1.523783876855589e-10
g157642,0,0,0,26118,11268,26334,11538,0,0,0,NAND2xp5_ASAP7_75t_SL,1.859943976612044e-09,2.0235606246199467e-10
g157643,0,0,0,27036,11808,27252,12078,0,0,0,NAND2xp5_ASAP7_75t_SL,1.859943976612044e-09,1.967170870642576e-10
g157644,0,0,0,39618,11808,39834,12078,0,0,0,NAND2xp5_ASAP7_75t_SL,1.859943976612044e-09,1.5878615089448544e-10
g157646,0,0,0,25146,11808,25362,12078,0,0,0,NAND2xp5_ASAP7_75t_SL,1.859943976612044e-09,1.9641450965668383e-10
g157649,0,0,0,32004,31788,32220,32058,0,0,0,NAND2xp5_ASAP7_75t_SL,1.859943976612044e-09,2.2523824472209242e-10
g157653,0,0,0,30600,32328,30816,32598,0,0,0,NAND2xp5_ASAP7_75t_SL,1.859943976612044e-09,2.2544091593523774e-10
g157654,0,0,0,31248,32598,31464,32868,0,0,0,NAND2xp5_ASAP7_75t_SL,1.859943976612044e-09,2.209325083990521e-10
g157655,0,0,0,32868,31518,33084,31788,0,0,0,NAND2xp5_ASAP7_75t_SL,1.859943976612044e-09,2.1959226104151242e-10
g157656,0,0,0,32274,30708,32490,30978,0,0,0,NAND2xp5_ASAP7_75t_SL,1.859943976612044e-09,2.2344269490215396e-10
g157659,0,0,0,23040,38268,23256,38538,0,0,0,NAND2xp5_ASAP7_75t_SL,1.859943976612044e-09,1.6906813449235614e-10
g157662,0,0,0,32976,31248,33192,31518,0,0,0,NAND2xp5_ASAP7_75t_L,1.9099891113150136e-10,1.849431163769566e-10
g157670,0,0,0,12402,28548,12618,28818,0,0,0,NAND2xp33_ASAP7_75t_R,3.6452400126174567e-11,0.0
g157675,0,0,0,30384,32328,30546,32598,0,0,1,INVx1_ASAP7_75t_SL,5.1130877309901734e-09,4.208107640124581e-08
g157676,0,0,0,29466,30438,29628,30708,0,0,1,INVx1_ASAP7_75t_SL,5.1130877309901734e-09,3.7481072467926424e-08
g157677,0,0,0,32706,31788,32868,32058,0,0,1,INVxp33_ASAP7_75t_SL,1.7043624289669879e-09,1.847145725264454e-08
g157678,0,0,0,23526,35838,23688,36108,0,0,1,INVx1_ASAP7_75t_L,5.173767525512574e-10,3.483735611098382e-08
g157687,0,0,0,22230,32328,22392,32598,0,0,1,INVx1_ASAP7_75t_SL,5.1130877309901734e-09,3.8582157912969706e-08
g157688,0,0,0,33408,30978,33570,31248,0,0,1,INVxp67_ASAP7_75t_SL,3.4087348499411974e-09,3.317965635574183e-08
g157694,0,0,0,23526,32598,23688,32868,0,0,1,INVxp67_ASAP7_75t_SL,3.4087348499411974e-09,2.56796717224006e-08
g157697,0,0,0,38214,19638,38376,19908,0,0,1,INVx1_ASAP7_75t_SL,5.1130877309901734e-09,3.9069206536623824e-08
g157700,0,0,0,41724,32328,41886,32598,0,0,1,INVx1_ASAP7_75t_SL,5.1130877309901734e-09,4.053944024917655e-08
g157701,0,0,0,25902,11808,26064,12078,0,0,1,INVxp33_ASAP7_75t_SL,1.7043624289669879e-09,1.7921246708851868e-08
g157709,0,0,0,23526,35568,23688,35838,0,0,1,INVxp67_ASAP7_75t_L,3.4491950962056706e-10,1.880602340520454e-08
g157714,0,0,0,23148,37458,23310,37728,0,0,1,INVxp67_ASAP7_75t_SL,3.4087348499411974e-09,3.8987636230558564e-08
g157717,0,0,0,42264,31518,42426,31788,0,0,1,INVxp33_ASAP7_75t_SL,1.7043624289669879e-09,1.9386412475341785e-08
g157718,0,0,0,42858,31788,43020,32058,0,0,1,INVx1_ASAP7_75t_SL,5.1130877309901734e-09,3.96942851921267e-08
g157723,0,0,0,38700,19638,38862,19908,0,0,1,INVxp33_ASAP7_75t_L,1.7246223893430113e-10,1.721040376878591e-08
g157725,0,0,0,30600,32058,30762,32328,0,0,1,INVx1_ASAP7_75t_SL,5.1130877309901734e-09,3.564240813602737e-08
g157726,0,0,0,32166,32328,32328,32598,0,0,1,INVxp33_ASAP7_75t_SL,1.7043624289669879e-09,1.8086140585182875e-08
g157727,0,0,0,22662,35298,22824,35568,0,0,1,INVxp67_ASAP7_75t_SL,3.4087348499411974e-09,3.3414419675636964e-08
g157732,0,0,0,33138,32598,33300,32868,0,0,1,INVxp33_ASAP7_75t_SL,1.7043624289669879e-09,1.6639496891457384e-08
g157735,0,0,0,38376,13158,38538,13428,0,0,1,INVx1_ASAP7_75t_L,5.173767525512574e-10,3.4301805840186717e-08
g157736,0,0,0,23202,36648,23364,36918,0,0,1,INVxp67_ASAP7_75t_SL,3.4087348499411974e-09,3.3251044584403644e-08
g157740,0,0,0,39024,13698,39186,13968,0,0,1,INVx1_ASAP7_75t_SL,5.1130877309901734e-09,3.8663785062453826e-08
g157741,0,0,0,26496,11538,26658,11808,0,0,1,INVxp33_ASAP7_75t_SL,1.7043624289669879e-09,1.6560145255084535e-08
g157743,0,0,0,41778,12888,41940,13158,0,0,1,INVxp33_ASAP7_75t_SL,1.7043624289669879e-09,1.8350046815385213e-08
g157744,0,0,0,41454,12618,41616,12888,0,0,1,INVxp33_ASAP7_75t_SL,1.7043624289669879e-09,1.9104245296830413e-08
g157747,0,0,0,24552,12078,24714,12348,0,0,1,INVx1_ASAP7_75t_SL,5.1130877309901734e-09,3.881282140127951e-08
g157748,0,0,0,25470,11808,25632,12078,0,0,1,INVxp67_ASAP7_75t_SL,3.4087348499411974e-09,2.1951894524363524e-08
g157749,0,0,0,39510,19908,39672,20178,0,0,1,INVxp67_ASAP7_75t_SL,3.4087348499411974e-09,3.444012008912978e-08
g157751,0,0,0,41508,12348,41670,12618,0,0,1,INVx1_ASAP7_75t_SL,5.1130877309901734e-09,3.880120402754983e-08
g157752,0,0,0,27306,11538,27468,11808,0,0,1,INVxp67_ASAP7_75t_SL,3.4087348499411974e-09,2.1146542295014115e-08
g157755,0,0,0,41292,32598,41454,32868,0,0,1,INVxp67_ASAP7_75t_L,3.4491950962056706e-10,1.7964921994462202e-08
g157758,0,0,0,23472,34488,23634,34758,0,0,1,INVxp67_ASAP7_75t_SL,3.4087348499411974e-09,3.65058170359589e-08
g157759,0,0,0,42372,12348,42534,12618,0,0,1,INVx1_ASAP7_75t_L,5.173767525512574e-10,3.447212293394841e-08
g157760,0,0,0,27900,10998,28062,11268,0,0,1,INVxp67_ASAP7_75t_SL,3.4087348499411974e-09,2.4056101111114003e-08
g157762,0,0,0,28062,10998,28224,11268,0,0,1,INVxp67_ASAP7_75t_SL,3.4087348499411974e-09,3.773859091893428e-08
g157763,0,0,0,27306,10998,27468,11268,0,0,1,INVxp67_ASAP7_75t_SL,3.4087348499411974e-09,3.615351218400065e-08
g157765,0,0,0,28710,10728,28872,10998,0,0,1,INVxp67_ASAP7_75t_SL,3.4087348499411974e-09,3.993887887077108e-08
g157766,0,0,0,7650,25848,7812,26118,0,0,1,INVxp33_ASAP7_75t_R,8.528100101101721e-12,1.6961985238594934e-07
g157767,0,0,0,11862,29088,12024,29358,0,0,1,INVxp33_ASAP7_75t_R,1.6334000124684778e-11,5.917282807542607e-15
g157769,0,0,0,11700,29088,11862,29358,0,0,1,INVxp33_ASAP7_75t_R,1.7778400279722106e-11,1.3799927480511657e-15
g157770,0,0,0,16074,36108,16398,36378,0,1,0,BUFx3_ASAP7_75t_SL,2.034469837042252e-08,2.250297862003807e-14
g157774,0,0,0,13644,22068,13860,22338,0,0,0,NAND2xp5_ASAP7_75t_SL,1.946370842276224e-09,4.776722906107977e-10
g157776,0,0,0,2790,16668,3006,16938,0,0,0,NAND2xp5_ASAP7_75t_SL,6.689016007754844e-09,2.0088441488042008e-07
g157777,0,0,0,11106,34758,11322,35028,0,0,0,NAND2xp5_ASAP7_75t_SL,6.689016895933264e-09,1.460805663100473e-07
g157778,0,0,0,10836,17748,11052,18018,0,0,0,NAND2xp5_ASAP7_75t_SL,6.689016007754844e-09,1.2823383599425142e-07
g157779,0,0,0,10998,15048,11214,15318,0,0,0,NAND2xp5_ASAP7_75t_SL,6.689016007754844e-09,1.2472108323891007e-07
g157780,0,0,0,2466,12618,2682,12888,0,0,0,NAND2xp5_ASAP7_75t_SL,6.753599901543339e-09,1.2836487854107383e-15
g157781,0,0,0,3006,21528,3222,21798,0,0,0,NAND2xp5_ASAP7_75t_SL,6.753599901543339e-09,1.8999338642069694e-15
g157782,0,0,0,7326,10188,7542,10458,0,0,0,NAND2xp5_ASAP7_75t_SL,5.508122846720198e-09,9.827379017224303e-07
g157783,0,0,0,14616,10188,14832,10458,0,0,0,NAND2xp5_ASAP7_75t_SL,5.508122846720198e-09,9.462027037443477e-07
g157784,0,0,0,11754,10188,11970,10458,0,0,0,NAND2xp5_ASAP7_75t_SL,5.508122846720198e-09,1.3424956932794885e-06
g157785,0,0,0,15912,9918,16128,10188,0,0,0,NAND2xp5_ASAP7_75t_SL,5.508122846720198e-09,9.56619942371617e-07
g157786,0,0,0,4626,10188,4842,10458,0,0,0,NAND2xp5_ASAP7_75t_SL,5.508121070363359e-09,9.869811492535518e-07
g157787,0,0,0,13104,9648,13320,9918,0,0,0,NAND2xp5_ASAP7_75t_SL,5.508122846720198e-09,1.1739739420590922e-06
g157788,0,0,0,10080,5598,10296,5868,0,0,0,NAND2xp5_ASAP7_75t_SL,5.508122846720198e-09,9.709516461953172e-07
g157789,0,0,0,14778,8838,14994,9108,0,0,0,NAND2xp5_ASAP7_75t_SL,5.508122846720198e-09,1.3162850791559322e-06
g157790,0,0,0,5328,7758,5544,8028,0,0,0,NAND2xp5_ASAP7_75t_SL,5.508122846720198e-09,1.3534794334191247e-06
g157791,0,0,0,15102,7488,15318,7758,0,0,0,NAND2xp5_ASAP7_75t_SL,5.508122846720198e-09,9.673910881247139e-07
g157792,0,0,0,5490,9108,5706,9378,0,0,0,NAND2xp5_ASAP7_75t_SL,5.508122846720198e-09,1.1401415349610033e-06
g157793,0,0,0,17964,6408,18180,6678,0,0,0,NAND2xp5_ASAP7_75t_SL,5.508122846720198e-09,1.0057112831418635e-06
g157794,0,0,0,8568,9918,8784,10188,0,0,0,NAND2xp5_ASAP7_75t_SL,5.508122846720198e-09,1.0369500387241715e-06
g157795,0,0,0,13968,5058,14184,5328,0,0,0,NAND2xp5_ASAP7_75t_SL,5.508122846720198e-09,9.89221462077694e-07
g157796,0,0,0,7920,5328,8136,5598,0,0,0,NAND2xp5_ASAP7_75t_SL,5.508122846720198e-09,1.1152463912367239e-06
g157797,0,0,0,6732,6678,6948,6948,0,0,0,NAND2xp5_ASAP7_75t_SL,5.508122846720198e-09,1.8676834088182659e-06
g157798,0,0,0,11268,8298,11484,8568,0,0,0,NAND2xp5_ASAP7_75t_SL,5.508127287612297e-09,1.2477939890231937e-06
g157799,0,0,0,17532,7218,17748,7488,0,0,0,NAND2xp5_ASAP7_75t_SL,5.508127287612297e-09,9.577404398442013e-07
g157800,0,0,0,4788,6408,5004,6678,0,0,0,NAND2xp5_ASAP7_75t_SL,5.884060350069831e-09,9.314493354395381e-07
g157801,0,0,0,5490,4788,5706,5058,0,0,0,NAND2xp5_ASAP7_75t_SL,5.884060350069831e-09,7.026277444310836e-07
g157802,0,0,0,10782,4248,10998,4518,0,0,0,NAND2xp5_ASAP7_75t_SL,6.753570147566279e-09,1.5320274215913088e-10
g157803,0,0,0,9486,18828,9702,19098,0,0,0,NAND2xp5_ASAP7_75t_SL,6.689016007754844e-09,1.4145015825306473e-07
g157804,0,0,0,15426,3438,15642,3708,0,0,0,NAND2xp5_ASAP7_75t_SL,6.753570147566279e-09,7.985918870634379e-11
g157805,0,0,0,9162,3708,9378,3978,0,0,0,NAND2xp5_ASAP7_75t_SL,6.753570147566279e-09,5.6509387447167825e-11
g157806,0,0,0,7110,8298,7326,8568,0,0,0,NAND2xp5_ASAP7_75t_SL,6.753570147566279e-09,5.764282107190155e-11
g157807,0,0,0,15642,5058,15858,5328,0,0,0,NAND2xp5_ASAP7_75t_SL,6.753570147566279e-09,6.020765136449668e-11
g157808,0,0,0,7488,3708,7704,3978,0,0,0,NAND2xp5_ASAP7_75t_SL,6.753570147566279e-09,5.649809786678617e-11
g157809,0,0,0,13536,3708,13752,3978,0,0,0,NAND2xp5_ASAP7_75t_SL,6.753570147566279e-09,5.457508750472684e-11
g157810,0,0,0,8136,7488,8352,7758,0,0,0,NAND2xp5_ASAP7_75t_SL,6.753570147566279e-09,5.999995639216493e-11
g157811,0,0,0,11970,3708,12186,3978,0,0,0,NAND2xp5_ASAP7_75t_SL,6.753570147566279e-09,5.827457266738278e-11
g157812,0,0,0,12024,5598,12240,5868,0,0,0,NAND2xp5_ASAP7_75t_SL,6.753570147566279e-09,5.709031858369684e-11
g157813,0,0,0,17640,3978,17856,4248,0,0,0,NAND2xp5_ASAP7_75t_SL,6.753570147566279e-09,5.580734485644001e-11
g157814,0,0,0,10458,13968,10674,14238,0,0,0,NAND2xp5_ASAP7_75t_SL,6.689016007754844e-09,1.2140657190684578e-07
g157815,0,0,0,11052,18558,11268,18828,0,0,0,NAND2xp5_ASAP7_75t_SL,6.689016007754844e-09,1.203722206355451e-07
g157816,0,0,0,2520,17748,2736,18018,0,0,0,NAND2xp5_ASAP7_75t_SL,6.689016007754844e-09,2.0248776877451746e-07
g157817,0,0,0,6732,22068,6948,22338,0,0,0,NAND2xp5_ASAP7_75t_SL,6.689016007754844e-09,1.6306921679642983e-07
g157818,0,0,0,5328,22608,5544,22878,0,0,0,NAND2xp5_ASAP7_75t_SL,6.689016007754844e-09,2.004501169494688e-07
g157819,0,0,0,10566,21258,10782,21528,0,0,0,NAND2xp5_ASAP7_75t_SL,6.689016007754844e-09,1.179969899567368e-07
g157820,0,0,0,5490,12078,5706,12348,0,0,0,NAND2xp5_ASAP7_75t_SL,6.753599901543339e-09,1.1382323924876065e-15
g157821,0,0,0,2736,11808,2952,12078,0,0,0,NAND2xp5_ASAP7_75t_SL,6.753599901543339e-09,1.1311155157856575e-15
g157822,0,0,0,4140,12078,4356,12348,0,0,0,NAND2xp5_ASAP7_75t_SL,6.753599901543339e-09,1.1182785197117818e-15
g157824,0,0,0,2682,18288,2898,18558,0,0,0,NAND2xp5_ASAP7_75t_SL,6.689016007754844e-09,1.9157573660777416e-07
g157825,0,0,0,6354,36918,6570,37188,0,0,0,NAND2xp5_ASAP7_75t_SL,6.753599901543339e-09,1.143896501805896e-15
g157826,0,0,0,8784,15048,9000,15318,0,0,0,NAND2xp5_ASAP7_75t_SL,6.689016007754844e-09,1.3292901712702587e-07
g157827,0,0,0,7272,24228,7488,24498,0,0,0,NAND2xp5_ASAP7_75t_SL,4.14446033047966e-09,1.8781045127980178e-06
g157828,0,0,0,7272,14238,7488,14508,0,0,0,NAND2xp5_ASAP7_75t_SL,6.753599901543339e-09,1.568231526897449e-15
g157829,0,0,0,2520,28278,2736,28548,0,0,0,NAND2xp5_ASAP7_75t_SL,6.689016895933264e-09,1.3056704517566686e-07
g157830,0,0,0,12996,30168,13212,30438,0,0,0,NAND2xp5_ASAP7_75t_SL,6.689016895933264e-09,1.5554275023532682e-07
g157831,0,0,0,9756,28008,9972,28278,0,0,0,NAND2xp5_ASAP7_75t_SL,6.689016895933264e-09,1.1441349556662317e-07
g157832,0,0,0,10836,30168,11052,30438,0,0,0,NAND2xp5_ASAP7_75t_SL,6.689016895933264e-09,1.2006216820736881e-07
g157833,0,0,0,4518,30438,4734,30708,0,0,0,NAND2xp5_ASAP7_75t_SL,6.689016895933264e-09,1.285575308429543e-07
g157834,0,0,0,5004,28278,5220,28548,0,0,0,NAND2xp5_ASAP7_75t_SL,6.689016895933264e-09,1.6786549394964823e-07
g157835,0,0,0,12618,31248,12834,31518,0,0,0,NAND2xp5_ASAP7_75t_SL,6.689016895933264e-09,1.1749794737170305e-07
g157836,0,0,0,3222,28548,3438,28818,0,0,0,NAND2xp5_ASAP7_75t_SL,6.689016895933264e-09,1.3870467796550656e-07
g157837,0,0,0,10998,33408,11214,33678,0,0,0,NAND2xp5_ASAP7_75t_SL,6.689016895933264e-09,1.566722573898005e-07
g157838,0,0,0,2844,34218,3060,34488,0,0,0,NAND2xp5_ASAP7_75t_SL,6.689016895933264e-09,1.1805578736812095e-07
g157839,0,0,0,2736,32868,2952,33138,0,0,0,NAND2xp5_ASAP7_75t_SL,6.689016895933264e-09,1.1875228977942243e-07
g157840,0,0,0,9162,34218,9378,34488,0,0,0,NAND2xp5_ASAP7_75t_SL,6.689016895933264e-09,1.6530108837287116e-07
g157841,0,0,0,2628,15588,2844,15858,0,0,0,NAND2xp5_ASAP7_75t_SL,6.753599901543339e-09,1.852974357611191e-15
g157842,0,0,0,2466,29088,2682,29358,0,0,0,NAND2xp5_ASAP7_75t_SL,6.689016895933264e-09,1.812318259908352e-07
g157843,0,0,0,2682,30708,2898,30978,0,0,0,NAND2xp5_ASAP7_75t_SL,6.689016895933264e-09,2.1273964989632077e-07
g157844,0,0,0,7326,32328,7542,32598,0,0,0,NAND2xp5_ASAP7_75t_SL,6.689016895933264e-09,1.352829599454708e-07
g157845,0,0,0,11322,31518,11538,31788,0,0,0,NAND2xp5_ASAP7_75t_SL,6.689016895933264e-09,1.6195885166325752e-07
g157846,0,0,0,2520,31518,2736,31788,0,0,0,NAND2xp5_ASAP7_75t_SL,6.689024001360622e-09,1.7187161915899196e-07
g157847,0,0,0,4626,34218,4842,34488,0,0,0,NAND2xp5_ASAP7_75t_SL,6.753599901543339e-09,1.0904225706919032e-15
g157848,0,0,0,9000,36648,9216,36918,0,0,0,NAND2xp5_ASAP7_75t_SL,6.753599901543339e-09,1.7360713171541255e-15
g157849,0,0,0,5112,36648,5328,36918,0,0,0,NAND2xp5_ASAP7_75t_SL,6.753599901543339e-09,3.145175422932119e-15
g157850,0,0,0,13428,35298,13644,35568,0,0,0,NAND2xp5_ASAP7_75t_SL,6.753599901543339e-09,1.2681438473112483e-15
g157851,0,0,0,7542,34488,7758,34758,0,0,0,NAND2xp5_ASAP7_75t_SL,6.753599901543339e-09,1.8532466787037332e-15
g157852,0,0,0,11970,36648,12186,36918,0,0,0,NAND2xp5_ASAP7_75t_SL,6.753599901543339e-09,1.439870248246401e-15
g157853,0,0,0,10350,36378,10566,36648,0,0,0,NAND2xp5_ASAP7_75t_SL,6.753599901543339e-09,1.268212245221739e-15
g157854,0,0,0,6732,12888,6948,13158,0,0,0,NAND2xp5_ASAP7_75t_SL,6.753599901543339e-09,1.7727709254180494e-15
g157855,0,0,0,3654,35298,3870,35568,0,0,0,NAND2xp5_ASAP7_75t_SL,6.753599901543339e-09,1.151663264536626e-15
g157856,0,0,0,15048,32328,15318,32598,0,0,0,NAND3xp33_ASAP7_75t_SL,3.19263127046554e-09,2.383898731750378e-07
g157857,0,0,0,12888,36108,13104,36378,0,0,0,NAND2xp5_ASAP7_75t_SL,6.753599901543339e-09,1.1162120769578365e-15
g157858,0,0,0,11322,16128,11538,16398,0,0,0,NAND2xp5_ASAP7_75t_SL,6.689016007754844e-09,1.1772578289992452e-07
g157859,0,0,0,4842,32328,5058,32598,0,0,0,NAND2xp5_ASAP7_75t_SL,6.689024001360622e-09,1.1700622337684763e-07
g157860,0,0,0,5328,21528,5544,21798,0,0,0,NAND2xp5_ASAP7_75t_SL,6.689016007754844e-09,2.0284755919419695e-07
g157861,0,0,0,5598,14508,5814,14778,0,0,0,NAND2xp5_ASAP7_75t_SL,6.689016007754844e-09,2.793278497392748e-07
g157862,0,0,0,10026,30708,10242,30978,0,0,0,NAND2xp5_ASAP7_75t_SL,6.689016895933264e-09,1.4232513478873443e-07
g157863,0,0,0,4194,14778,4410,15048,0,0,0,NAND2xp5_ASAP7_75t_SL,6.753599901543339e-09,1.7916955472838418e-15
g157864,0,0,0,6462,34488,6678,34758,0,0,0,NAND2xp5_ASAP7_75t_SL,6.753599901543339e-09,1.9146648259509057e-15
g157865,0,0,0,19746,19638,19962,19908,0,0,0,NAND2xp5_ASAP7_75t_L,6.303264576956735e-10,1.038457781987745e-07
g157866,0,0,0,18018,5058,18234,5328,0,0,0,NAND2xp5_ASAP7_75t_SL,6.753570147566279e-09,5.65892541160018e-11
g157867,0,0,0,2682,20178,2898,20448,0,0,0,NAND2xp5_ASAP7_75t_SL,6.689024001360622e-09,1.1315907499920286e-07
g157868,0,0,0,3816,22608,4032,22878,0,0,0,NAND2xp5_ASAP7_75t_SL,6.689016007754844e-09,1.8484686847841658e-07
g157869,0,0,0,2682,24228,2898,24498,0,0,0,NAND2xp5_ASAP7_75t_SL,6.753599901543339e-09,1.2355307495013528e-15
g157871,0,0,0,8568,21798,8784,22068,0,0,0,NAND2xp5_ASAP7_75t_SL,6.689016007754844e-09,1.1769455454668787e-07
g157874,0,0,0,3978,24498,4194,24768,0,0,0,NAND2xp5_ASAP7_75t_SL,6.689024001360622e-09,1.1858261927955027e-07
g157875,0,0,0,13266,38808,13482,39078,0,0,0,NAND2xp33_ASAP7_75t_SL,1.2272294291904018e-09,1.0468273519076768e-14
g157892,0,0,0,29898,42318,30114,42588,0,0,0,NAND2xp5_ASAP7_75t_SL,6.714044431532784e-09,7.152085856887425e-08
g157898,0,0,0,41940,20448,42264,20718,0,0,0,AND2x2_ASAP7_75t_SL,1.695224938202955e-08,1.0285633322837384e-07
g157899,0,0,0,42264,6948,42480,7218,0,0,0,NAND2xp5_ASAP7_75t_SL,6.714045319711204e-09,4.496073557902491e-08
g157906,0,0,0,33300,41778,33516,42048,0,0,0,NAND2xp5_ASAP7_75t_SL,6.714045319711204e-09,6.105415195634123e-08
g157907,0,0,0,36432,7218,36756,7488,0,0,0,AND2x2_ASAP7_75t_SL,1.695224938202955e-08,1.2804436266833363e-07
g157913,0,0,0,37296,41508,37620,41778,0,0,0,NAND2x1_ASAP7_75t_SL,1.0073673450960996e-08,9.925956589995621e-08
g157921,0,0,0,39672,39078,39996,39348,0,0,0,AND2x2_ASAP7_75t_SL,1.695224938202955e-08,1.1715859926653138e-07
g157945,0,0,0,30060,40158,30384,40428,0,0,0,AND2x2_ASAP7_75t_SL,1.695224938202955e-08,1.220882523966793e-07
g157947,0,0,0,35460,5868,35784,6138,0,0,0,NAND2x1_ASAP7_75t_SL,1.0073673450960996e-08,8.343877766492369e-08
g157948,0,0,0,32652,41508,32868,41778,0,0,0,NAND2xp5_ASAP7_75t_SL,6.714045319711204e-09,6.560632215268924e-08
g157950,0,0,0,33408,42048,33624,42318,0,0,0,NAND2xp5_ASAP7_75t_SL,6.714045319711204e-09,6.281086939452507e-08
g157951,0,0,0,30006,38268,30222,38538,0,0,0,NAND2xp5_ASAP7_75t_SL,6.714044431532784e-09,5.4137398564080286e-08
g157970,0,0,0,22392,4518,22608,4788,0,0,0,NAND2xp5_ASAP7_75t_SL,6.714045319711204e-09,7.003244917314078e-08
g157971,0,0,0,24066,8568,24282,8838,0,0,0,NAND2xp5_ASAP7_75t_SL,6.714045319711204e-09,4.3063053567493625e-08
g157975,0,0,0,23310,6678,23634,6948,0,0,0,AND2x2_ASAP7_75t_SL,1.695224938202955e-08,1.1524318921374288e-07
g157978,0,0,0,29358,6678,29682,6948,0,0,0,AND2x2_ASAP7_75t_SL,1.695224938202955e-08,1.2272870719698403e-07
g157991,0,0,0,38862,19638,39186,19908,0,0,0,AND2x2_ASAP7_75t_SL,1.695224938202955e-08,1.0216803758567039e-07
g158,0,0,0,25146,7488,25470,7758,0,0,0,AOI22xp5_ASAP7_75t_SL,6.829345533532205e-09,4.6689848431924474e-08
g158000,0,0,0,29250,10728,29412,10998,0,0,1,INVx1_ASAP7_75t_L,5.173767525512574e-10,4.746722481741017e-08
g158003,0,0,0,41238,12618,41400,12888,0,0,1,INVxp67_ASAP7_75t_SL,3.4087348499411974e-09,3.3434911728136285e-08
g158006,0,0,0,8406,13158,8622,13428,0,0,0,NAND2xp5_ASAP7_75t_SL,6.689016007754844e-09,1.763061732162896e-07
g158008,0,0,0,7704,36648,7920,36918,0,0,0,NAND2xp5_ASAP7_75t_SL,6.753599901543339e-09,1.7280708792090718e-15
g158009,0,0,0,19314,23958,19638,24228,0,0,0,NAND4xp25_ASAP7_75t_SL,1.288784368114193e-08,3.2533944249735214e-07
g158011,0,0,0,21636,19098,21960,19368,0,0,0,NAND4xp25_ASAP7_75t_SL,1.2963655038333854e-08,2.4428683786936745e-07
g158013,0,0,0,11646,26388,11970,26658,0,0,0,A2O1A1Ixp33_ASAP7_75t_R,7.492410164511298e-11,1.2164944607206962e-09
g158015,0,0,0,22878,18828,23202,19098,0,0,0,NOR4xp25_ASAP7_75t_R,2.3469030538403324e-11,2.8646132133047786e-09
g158017,0,0,0,12618,26928,12888,27198,0,0,0,NOR3xp33_ASAP7_75t_R,4.6880197640541965e-11,1.0195679855939943e-09
g158018,0,0,0,11754,26118,12024,26388,0,0,0,NAND3xp33_ASAP7_75t_R,9.952309809602156e-11,7.928242062860136e-09
g158036,0,0,0,18558,20988,18882,21258,0,0,0,AOI22xp33_ASAP7_75t_L,3.059999476029418e-10,7.105494859160899e-09
g158038,0,0,0,19746,16128,20016,16398,0,0,0,OAI21xp5_ASAP7_75t_SL,6.998190471563248e-09,1.1113179709809629e-08
g158039,0,0,0,23958,19368,24282,19638,0,0,0,AOI22xp33_ASAP7_75t_L,3.0727675959241196e-10,1.1340743455434676e-08
g158040,0,0,0,19422,27738,19746,28008,0,0,0,AOI22xp5_ASAP7_75t_SL,4.4878714078322446e-09,1.072289457226816e-08
g158044,0,0,0,17640,20988,17964,21258,0,0,0,AOI22xp33_ASAP7_75t_L,3.059999476029418e-10,7.488454301096681e-09
g158045,0,0,0,20124,19368,20448,19638,0,0,0,AOI22xp33_ASAP7_75t_L,3.059999476029418e-10,7.624864295507905e-09
g158052,0,0,0,18234,25848,18558,26118,0,0,0,AOI22xp33_ASAP7_75t_SL,2.9919187127802616e-09,8.776249060815644e-09
g158057,0,0,0,18072,25038,18396,25308,0,0,0,AOI22xp33_ASAP7_75t_L,3.059999476029418e-10,1.2123689607790311e-08
g158065,0,0,0,27252,29898,27576,30168,0,0,0,OAI22xp33_ASAP7_75t_SL,6.857577616870003e-09,3.0489968189106875e-12
g158070,0,0,0,37620,24768,37890,25038,0,0,0,OAI21xp33_ASAP7_75t_SL,4.369779649238126e-09,0.0
g158071,0,0,0,39240,37188,39564,37458,0,0,0,OAI22xp33_ASAP7_75t_SL,1.9875501244825955e-09,0.0
g158072,0,0,0,37620,22608,37944,22878,0,0,0,AOI22xp33_ASAP7_75t_R,3.6464400943181374e-11,0.0
g158073,0,0,0,39996,23688,40320,23958,0,0,0,AOI22xp33_ASAP7_75t_R,3.6464400943181374e-11,0.0
g158074,0,0,0,38538,22338,38862,22608,0,0,0,AOI22xp33_ASAP7_75t_L,2.5257401725653494e-10,0.0
g158075,0,0,0,38646,23418,38970,23688,0,0,0,AOI22xp33_ASAP7_75t_R,3.6464400943181374e-11,0.0
g158076,0,0,0,40320,22338,40644,22608,0,0,0,AOI22xp5_ASAP7_75t_R,5.469139724434413e-11,0.0
g158081,0,0,0,40590,34758,40914,35028,0,0,0,AOI22xp33_ASAP7_75t_L,2.5257401725653494e-10,0.0
g158082,0,0,0,40968,34488,41292,34758,0,0,0,AOI22xp33_ASAP7_75t_SL,2.4552500033081515e-09,0.0
g158083,0,0,0,38538,24498,38862,24768,0,0,0,AOI22xp33_ASAP7_75t_L,2.5257401725653494e-10,0.0
g158084,0,0,0,37890,25038,38160,25308,0,0,0,OAI21xp5_ASAP7_75t_SL,6.554659925939177e-09,0.0
g158085,0,0,0,43290,34758,43614,35028,0,0,0,AOI22xp33_ASAP7_75t_L,2.5257401725653494e-10,0.0
g158087,0,0,0,38916,37188,39240,37458,0,0,0,OAI22xp33_ASAP7_75t_SL,1.9875501244825955e-09,0.0
g158088,0,0,0,40320,33408,40644,33678,0,0,0,AOI22xp33_ASAP7_75t_L,2.5257401725653494e-10,0.0
g158090,0,0,0,39186,36648,39510,36918,0,0,0,OAI22xp33_ASAP7_75t_SL,1.9875501244825955e-09,0.0
g158091,0,0,0,42750,33678,43074,33948,0,0,0,AOI22xp33_ASAP7_75t_L,2.5257401725653494e-10,0.0
g158092,0,0,0,43344,33138,43668,33408,0,0,0,AOI22xp33_ASAP7_75t_SL,2.4552500033081515e-09,0.0
g158093,0,0,0,44100,12078,44424,12348,0,0,0,AOI22xp5_ASAP7_75t_SL,3.6828700089586164e-09,0.0
g158095,0,0,0,43128,11808,43452,12078,0,0,0,AOI22xp33_ASAP7_75t_L,2.5257401725653494e-10,0.0
g158098,0,0,0,42156,8568,42480,8838,0,0,0,OAI22xp5_ASAP7_75t_SL,2.9813300717052016e-09,0.0
g158101,0,0,0,34002,35568,34326,35838,0,0,0,OAI22xp5_ASAP7_75t_SL,2.9813300717052016e-09,0.0
g158103,0,0,0,34326,35568,34650,35838,0,0,0,OAI22xp5_ASAP7_75t_SL,2.9813300717052016e-09,0.0
g158104,0,0,0,34488,37458,34812,37728,0,0,0,OAI22xp5_ASAP7_75t_SL,2.9813300717052016e-09,0.0
g158108,0,0,0,34650,35568,34974,35838,0,0,0,OAI22xp5_ASAP7_75t_SL,2.9813300717052016e-09,0.0
g158111,0,0,0,32112,10998,32436,11268,0,0,0,AOI22xp33_ASAP7_75t_SL,2.4552500033081515e-09,0.0
g158113,0,0,0,39456,8838,39780,9108,0,0,0,OAI22xp33_ASAP7_75t_SL,1.9875501244825955e-09,0.0
g158114,0,0,0,37944,8838,38268,9108,0,0,0,OAI22xp33_ASAP7_75t_L,4.068550218949696e-10,0.0
g158115,0,0,0,40266,11268,40590,11538,0,0,0,AOI22xp5_ASAP7_75t_SL,3.6828700089586164e-09,0.0
g158116,0,0,0,31410,8298,31734,8568,0,0,0,AOI22xp33_ASAP7_75t_SL,2.4552500033081515e-09,0.0
g158117,0,0,0,43668,10458,43992,10728,0,0,0,AOI22xp5_ASAP7_75t_SL,3.6828700089586164e-09,0.0
g158118,0,0,0,30924,9648,31248,9918,0,0,0,AOI22xp33_ASAP7_75t_L,2.5257401725653494e-10,0.0
g158120,0,0,0,31896,8838,32220,9108,0,0,0,AOI22xp33_ASAP7_75t_L,2.5257401725653494e-10,0.0
g158122,0,0,0,31140,10998,31464,11268,0,0,0,AOI22xp33_ASAP7_75t_R,3.6464400943181374e-11,0.0
g158123,0,0,0,31626,12078,31950,12348,0,0,0,AOI22xp33_ASAP7_75t_L,2.5257401725653494e-10,0.0
g158124,0,0,0,24876,10998,25200,11268,0,0,0,AOI22xp33_ASAP7_75t_L,2.5257401725653494e-10,0.0
g158125,0,0,0,30600,11808,30924,12078,0,0,0,AOI22xp33_ASAP7_75t_L,2.5257401725653494e-10,0.0
g158126,0,0,0,31464,10998,31788,11268,0,0,0,AOI22xp33_ASAP7_75t_SL,2.4552500033081515e-09,0.0
g158128,0,0,0,40212,10998,40536,11268,0,0,0,AOI22xp5_ASAP7_75t_SL,3.6828700089586164e-09,0.0
g158129,0,0,0,20124,35568,20448,35838,0,0,0,AOI22xp33_ASAP7_75t_L,2.5257401725653494e-10,0.0
g158131,0,0,0,25686,38538,26010,38808,0,0,0,AOI22xp33_ASAP7_75t_SL,2.4552500033081515e-09,0.0
g158135,0,0,0,20232,37458,20556,37728,0,0,0,AOI22xp33_ASAP7_75t_L,2.5257401725653494e-10,0.0
g158136,0,0,0,26496,33678,26820,33948,0,0,0,AOI22xp33_ASAP7_75t_L,2.5257401725653494e-10,0.0
g158137,0,0,0,25902,34218,26226,34488,0,0,0,AOI22xp33_ASAP7_75t_L,2.5257401725653494e-10,0.0
g158139,0,0,0,25956,37998,26280,38268,0,0,0,AOI22xp33_ASAP7_75t_L,2.5257401725653494e-10,0.0
g158142,0,0,0,37782,26388,38106,26658,0,0,0,OAI22xp33_ASAP7_75t_SL,1.9945396445564256e-09,1.7386558264344352e-15
g158144,0,0,0,42048,26658,42372,26928,0,0,0,AOI22xp33_ASAP7_75t_SL,2.4614874583051005e-09,2.8410552312422774e-15
g158148,0,0,0,40590,25308,40914,25578,0,0,0,OAI22xp5_ASAP7_75t_SL,2.9918143518159468e-09,2.1076540832027464e-15
g158149,0,0,0,39726,25578,40050,25848,0,0,0,OAI22xp5_ASAP7_75t_SL,2.9918143518159468e-09,2.234518654635996e-15
g158152,0,0,0,39024,37728,39348,37998,0,0,0,OAI22xp33_ASAP7_75t_SL,1.9945396445564256e-09,1.5308192462875291e-15
g158153,0,0,0,43074,36378,43398,36648,0,0,0,AOI22xp33_ASAP7_75t_SL,2.4617128335790994e-09,1.906036313075463e-15
g158154,0,0,0,40482,37458,40806,37728,0,0,0,OAI22xp33_ASAP7_75t_SL,1.9945396445564256e-09,1.4748443445176495e-15
g158156,0,0,0,38862,36648,39186,36918,0,0,0,OAI22xp33_ASAP7_75t_SL,1.9945396445564256e-09,1.427614105016105e-15
g158159,0,0,0,40806,36918,41130,37188,0,0,0,AOI22xp33_ASAP7_75t_SL,2.4617128335790994e-09,2.2193360125729363e-15
g158161,0,0,0,40590,35298,40914,35568,0,0,0,AOI22xp33_ASAP7_75t_SL,2.4617128335790994e-09,1.8027675384538764e-15
g158162,0,0,0,40914,35838,41238,36108,0,0,0,AOI22xp33_ASAP7_75t_SL,2.4617128335790994e-09,1.73268572646395e-15
g158163,0,0,0,42696,35568,43020,35838,0,0,0,AOI22xp5_ASAP7_75t_SL,3.6925642543650383e-09,2.298171698314499e-15
g158164,0,0,0,36810,26658,37134,26928,0,0,0,OAI22xp33_ASAP7_75t_L,1.9434776010740507e-10,1.6561798048438103e-15
g158165,0,0,0,42318,10458,42642,10728,0,0,0,AOI22xp33_ASAP7_75t_L,2.532256904164143e-10,1.6282647752758608e-15
g158167,0,0,0,38646,10188,38970,10458,0,0,0,AOI22xp5_ASAP7_75t_L,3.79833442476496e-10,1.9163133638244994e-15
g158171,0,0,0,24660,37998,24984,38268,0,0,0,AOI22xp33_ASAP7_75t_L,2.532256904164143e-10,1.492479570479484e-15
g158174,0,0,0,20394,36108,20718,36378,0,0,0,AOI22xp33_ASAP7_75t_SL,2.4614874583051005e-09,1.9184133702589796e-15
g158177,0,0,0,22284,36378,22608,36648,0,0,0,AOI22xp33_ASAP7_75t_L,2.532256904164143e-10,1.4845104727534788e-15
g158179,0,0,0,25038,34218,25362,34488,0,0,0,AOI22xp33_ASAP7_75t_SL,2.4617128335790994e-09,1.89176169033186e-15
g158180,0,0,0,25578,34758,25902,35028,0,0,0,AOI22xp33_ASAP7_75t_SL,2.4614874583051005e-09,1.9982360611423304e-15
g158189,0,0,0,39078,10998,39402,11268,0,0,0,AOI22xp33_ASAP7_75t_SL,2.4617128335790994e-09,1.6137922644599554e-15
g158192,0,0,0,25038,10458,25362,10728,0,0,0,AOI22xp33_ASAP7_75t_L,2.532256904164143e-10,1.5989370006310095e-15
g158193,0,0,0,27954,8568,28278,8838,0,0,0,AOI22xp33_ASAP7_75t_R,3.65182536987696e-11,1.3064688059218348e-15
g158194,0,0,0,25200,9918,25524,10188,0,0,0,AOI22xp33_ASAP7_75t_L,2.532256904164143e-10,1.4443016069890804e-15
g158195,0,0,0,42480,9108,42804,9378,0,0,0,AOI22xp33_ASAP7_75t_SL,2.4617128335790994e-09,1.8265246950419914e-15
g158197,0,0,0,26550,10458,26874,10728,0,0,0,AOI22xp33_ASAP7_75t_L,2.532256904164143e-10,1.5270561965402335e-15
g158198,0,0,0,28926,8568,29250,8838,0,0,0,AOI22xp33_ASAP7_75t_L,2.532256904164143e-10,1.516426462447784e-15
g158201,0,0,0,40698,8838,41022,9108,0,0,0,AOI22xp33_ASAP7_75t_L,2.532256904164143e-10,1.6662887195528168e-15
g158216,0,0,0,12078,27468,12348,27738,0,0,0,NOR3xp33_ASAP7_75t_R,1.140909935970491e-11,0.0
g158227,0,0,0,40752,6678,41076,6948,0,0,0,NAND2x1_ASAP7_75t_SL,1.0073675227317835e-08,6.360458826293325e-08
g158231,0,0,0,27090,10728,27252,10998,0,0,1,INVx1_ASAP7_75t_SL,5.034441752371777e-09,2.9431602044383e-08
g158233,0,0,0,36540,31248,36702,31518,0,0,1,INVx1_ASAP7_75t_SL,5.0640900361997865e-09,0.0
g158235,0,0,0,12402,39078,12564,39348,0,0,1,INVxp67_ASAP7_75t_SL,3.3759670614585957e-09,3.3426561518723474e-10
g158238,0,0,0,18990,32058,19152,32328,0,0,1,INVxp67_ASAP7_75t_SL,3.3760600981480593e-09,0.0
g158239,0,0,0,11592,37998,11754,38268,0,0,1,INVxp67_ASAP7_75t_SL,3.3760600981480593e-09,2.3783558605080905e-15
g158243,0,0,0,8028,25308,8190,25578,0,0,1,INVxp33_ASAP7_75t_R,8.528100101101721e-12,1.960810607215535e-07
g158250_dup,0,0,0,18504,19908,18882,20178,0,0,1,INVx5_ASAP7_75t_SL,2.102130380876588e-08,1.4278774642662029e-06
g158266,0,0,0,38322,33138,38646,33408,0,0,0,AOI22xp5_ASAP7_75t_SL,6.829345533532205e-09,4.41864287381577e-08
g158283,0,0,0,37890,24768,38106,25038,0,0,0,NAND2xp5_ASAP7_75t_L,1.8909800114652597e-10,0.0
g158284,0,0,0,41076,10458,41292,10728,0,0,0,NOR2xp33_ASAP7_75t_R,1.0391599906955928e-11,0.0
g158288,0,0,0,14400,40698,14670,40968,0,0,0,NOR3xp33_ASAP7_75t_R,2.3982878183392842e-11,2.044141638180008e-06
g158289,0,0,0,12240,40158,12456,40428,0,0,0,NOR2xp33_ASAP7_75t_L,3.202615950215204e-10,3.938756520938114e-08
g158292,0,0,0,37674,24228,37890,24498,0,0,0,NAND2xp5_ASAP7_75t_R,2.7101999464096416e-11,0.0
g158293,0,0,0,20178,16398,20394,16668,0,0,0,NAND2xp5_ASAP7_75t_SL,2.2592185899839023e-09,3.831308603707839e-09
g158294,0,0,0,41346,10728,41562,10998,0,0,0,NOR2xp33_ASAP7_75t_L,9.555509855596611e-11,0.0
g158297,0,0,0,14670,32058,14886,32328,0,0,0,NOR2xp33_ASAP7_75t_L,1.6278171866002111e-10,5.898643848922802e-07
g158299,0,0,0,12024,28278,12240,28548,0,0,0,NOR2xp33_ASAP7_75t_R,3.239540233290761e-11,0.0
g158301,0,0,0,36540,37728,36864,37998,0,0,0,AOI22xp5_ASAP7_75t_SL,6.829345533532205e-09,3.200262099767315e-08
g158302,0,0,0,13158,22608,13482,22878,0,0,0,AOI31xp33_ASAP7_75t_SL,5.309387152152567e-09,7.965810233656612e-10
g158303,0,0,0,15642,11538,15966,11808,0,0,0,AOI31xp33_ASAP7_75t_SL,5.102828382064217e-09,2.3184242081697448e-07
g158306,0,0,0,20880,26658,21204,26928,0,0,0,AOI211xp5_ASAP7_75t_SL,1.4922998392563613e-09,2.3525868753093704e-11
g158311,0,0,0,26172,23688,26550,23958,0,0,0,OR4x1_ASAP7_75t_R,2.5645102708082845e-10,1.572069692201694e-07
g158312,0,0,0,43452,37998,43776,38268,0,0,0,AOI22xp5_ASAP7_75t_SL,6.943870367592808e-09,3.186790920040039e-08
g158313,0,0,0,39888,39888,40212,40158,0,0,0,AOI22xp5_ASAP7_75t_SL,6.829345533532205e-09,3.527108916046018e-08
g158321,0,0,0,36702,41778,37026,42048,0,0,0,AOI22xp5_ASAP7_75t_SL,6.943870367592808e-09,4.0629728914609586e-08
g158322,0,0,0,40698,41778,41022,42048,0,0,0,AOI22xp5_ASAP7_75t_SL,6.943870367592808e-09,3.8954013348302396e-08
g158346,0,0,0,36432,39348,36756,39618,0,0,0,AOI22xp5_ASAP7_75t_SL,6.943870367592808e-09,4.215656446149296e-08
g158362,0,0,0,17316,20718,17856,20988,0,0,0,AOI222xp33_ASAP7_75t_SL,1.0102929159927498e-08,1.339449795523251e-07
g158372,0,0,0,12348,26928,12618,27198,0,0,0,NAND3xp33_ASAP7_75t_R,2.5915899634632034e-11,0.0
g158464,0,0,0,11646,27198,11862,27468,0,0,0,NOR2xp33_ASAP7_75t_R,3.084419872290134e-11,1.3583695279706376e-09
g158466,0,0,0,27252,31248,27738,31518,0,0,0,XNOR2xp5_ASAP7_75t_SL,1.1906700514430213e-08,0.0
g158469,0,0,0,12726,39618,12942,39888,0,0,0,NAND2xp5_ASAP7_75t_SL,1.86490178855081e-09,9.155002866911843e-10
g158472,0,0,0,18990,32328,19476,32598,0,0,0,XNOR2xp5_ASAP7_75t_SL,1.1906700514430213e-08,0.0
g158474,0,0,0,8190,30978,8568,31248,0,0,0,OAI221xp5_ASAP7_75t_SL,3.7563614441182835e-09,1.3632275308594899e-09
g158477,0,0,0,5274,30168,5652,30438,0,0,0,OAI221xp5_ASAP7_75t_SL,3.7563614441182835e-09,1.4772677525698441e-09
g158479,0,0,0,7110,15588,7380,15858,0,0,0,OAI21xp5_ASAP7_75t_SL,5.0479656010793406e-09,1.5568315525626986e-09
g158516,0,0,0,7164,17208,7434,17478,0,0,0,OAI21xp5_ASAP7_75t_SL,5.0479656010793406e-09,1.5261644170649902e-09
g158517,0,0,0,23418,19908,23742,20178,0,0,0,NAND2x1_ASAP7_75t_SL,4.565076316964678e-09,2.5314509599638768e-08
g158521,0,0,0,8352,33408,8730,33678,0,0,0,OAI221xp5_ASAP7_75t_SL,3.7563614441182835e-09,1.4777047363523366e-09
g158527,0,0,0,6948,30708,7326,30978,0,0,0,OAI221xp5_ASAP7_75t_SL,3.7563614441182835e-09,1.508844049702418e-09
g158530,0,0,0,8190,30708,8460,30978,0,0,0,OAI21xp5_ASAP7_75t_SL,5.0479656010793406e-09,1.542227123785267e-09
g158532,0,0,0,8082,33678,8460,33948,0,0,0,OAI221xp5_ASAP7_75t_SL,3.7563614441182835e-09,1.2844210139917323e-09
g158559,0,0,0,34272,22338,34596,22608,0,0,0,AOI22xp5_ASAP7_75t_SL,6.829345533532205e-09,4.302379608134288e-08
g158576,0,0,0,36270,34758,36594,35028,0,0,0,AOI22xp5_ASAP7_75t_SL,6.943870367592808e-09,4.2774985331561766e-08
g158611,0,0,0,34380,13698,34704,13968,0,0,0,AOI22xp33_ASAP7_75t_SL,6.780839889586332e-09,0.0
g158713,0,0,0,42318,5868,42642,6138,0,0,0,AOI22xp33_ASAP7_75t_SL,2.4552500033081515e-09,0.0
g158721,0,0,0,38160,38808,38484,39078,0,0,0,AOI22xp5_ASAP7_75t_SL,3.6828700089586164e-09,0.0
g158725,0,0,0,39996,6678,40320,6948,0,0,0,AOI22xp33_ASAP7_75t_SL,2.4552500033081515e-09,0.0
g158728,0,0,0,43452,41508,43776,41778,0,0,0,AOI22xp5_ASAP7_75t_SL,3.6828700089586164e-09,0.0
g158734,0,0,0,37134,38268,37458,38538,0,0,0,AOI22xp33_ASAP7_75t_SL,2.4552500033081515e-09,0.0
g158738,0,0,0,37458,40698,37782,40968,0,0,0,AOI22xp5_ASAP7_75t_SL,3.6828700089586164e-09,0.0
g158753,0,0,0,43830,32868,44316,33138,0,0,0,AO22x1_ASAP7_75t_SL,7.52153983540893e-09,0.0
g158758,0,0,0,43344,39888,43668,40158,0,0,0,AOI22xp5_ASAP7_75t_SL,3.6828700089586164e-09,0.0
g158760,0,0,0,38322,32868,38646,33138,0,0,0,AOI22xp5_ASAP7_75t_SL,3.6828700089586164e-09,0.0
g158768,0,0,0,43344,37188,43668,37458,0,0,0,AOI22xp5_ASAP7_75t_SL,3.6828700089586164e-09,0.0
g158771,0,0,0,39564,39888,39888,40158,0,0,0,AOI22xp33_ASAP7_75t_SL,2.4552500033081515e-09,0.0
g158775,0,0,0,36540,40158,36864,40428,0,0,0,AOI22xp5_ASAP7_75t_SL,3.6828700089586164e-09,0.0
g158782,0,0,0,41076,38808,41400,39078,0,0,0,AOI22xp5_ASAP7_75t_SL,3.6828700089586164e-09,0.0
g158784,0,0,0,41076,40158,41400,40428,0,0,0,AOI22xp5_ASAP7_75t_SL,3.6828700089586164e-09,0.0
g158786,0,0,0,37782,34488,38106,34758,0,0,0,AOI22xp5_ASAP7_75t_SL,3.6828700089586164e-09,0.0
g158789,0,0,0,33840,9918,34164,10188,0,0,0,AOI22xp33_ASAP7_75t_SL,2.4552500033081515e-09,0.0
g158792,0,0,0,39510,34758,39834,35028,0,0,0,AOI22xp5_ASAP7_75t_SL,3.6828700089586164e-09,0.0
g158795,0,0,0,37836,9108,38160,9378,0,0,0,AOI22xp33_ASAP7_75t_SL,2.4552500033081515e-09,0.0
g158796,0,0,0,39564,4788,39888,5058,0,0,0,AOI22xp5_ASAP7_75t_SL,3.6828700089586164e-09,0.0
g158803,0,0,0,39186,40968,39510,41238,0,0,0,AOI22xp5_ASAP7_75t_SL,3.6828700089586164e-09,0.0
g158819,0,0,0,37404,36108,37728,36378,0,0,0,AOI22xp5_ASAP7_75t_SL,3.6828700089586164e-09,0.0
g158829,0,0,0,5436,31518,5760,31788,0,0,0,OAI22xp5_ASAP7_75t_SL,9.850595006355434e-09,1.3324395808922418e-07
g158831,0,0,0,10998,6408,11322,6678,0,0,0,OAI22xp5_ASAP7_75t_SL,4.5236863144282324e-09,1.0497245739315986e-06
g158832,0,0,0,11430,26928,11592,27198,0,0,1,INVxp33_ASAP7_75t_R,1.7778400279722106e-11,5.623033288992829e-11
g158833,0,0,0,12780,27738,12942,28008,0,0,1,INVxp33_ASAP7_75t_R,1.6334000124684778e-11,0.0
g158834,0,0,0,12348,40428,12510,40698,0,0,1,INVxp67_ASAP7_75t_L,3.4437322438130025e-10,5.991924467707577e-08
g158836,0,0,0,9000,26118,9162,26388,0,0,1,INVxp33_ASAP7_75t_R,8.528100101101721e-12,1.8330482021156058e-07
g158842,0,0,0,18450,18558,18612,18828,0,0,1,INVxp33_ASAP7_75t_R,1.3866806140849786e-11,1.0230774449837554e-07
g158846,0,0,0,35190,13428,35406,13698,0,0,0,NOR2xp33_ASAP7_75t_R,3.239540233290761e-11,4.3212053943766926e-13
g158847,0,0,0,14670,40698,14994,40968,0,0,0,AND2x2_ASAP7_75t_R,8.971832998749818e-11,6.244727956072893e-06
g158848,0,0,0,14562,41238,14778,41508,0,0,0,NOR2xp33_ASAP7_75t_R,1.6445867237480094e-11,2.1268676846375456e-06
g158849,0,0,0,4086,20448,4302,20718,0,0,0,NAND2xp5_ASAP7_75t_L,5.221367227470353e-10,4.581676982251537e-10
g158854,0,0,0,11700,40158,11916,40428,0,0,0,NOR2xp33_ASAP7_75t_R,2.7506058195014838e-11,2.851232352441002e-07
g158862,0,0,0,3870,16938,4086,17208,0,0,0,NAND2xp5_ASAP7_75t_SL,5.142564152293971e-09,7.174469907056391e-10
g158877,0,0,0,4194,19908,4410,20178,0,0,0,NAND2xp5_ASAP7_75t_SL,5.142564152293971e-09,5.237205669139655e-10
g158878,0,0,0,6462,20988,6678,21258,0,0,0,NAND2xp5_ASAP7_75t_SL,5.027358973563878e-09,6.105503325137818e-10
g158879,0,0,0,3924,19098,4140,19368,0,0,0,NAND2xp5_ASAP7_75t_SL,5.142564152293971e-09,5.304917616300031e-10
g158886,0,0,0,33624,40158,33840,40428,0,0,0,NAND2xp5_ASAP7_75t_L,5.035168948452906e-10,2.466891402264082e-08
g158890,0,0,0,4086,18018,4302,18288,0,0,0,NAND2xp5_ASAP7_75t_SL,5.142564152293971e-09,5.546761383534715e-10
g158894,0,0,0,11430,26388,11646,26658,0,0,0,NAND2xp33_ASAP7_75t_R,3.3690498307814565e-11,7.007183722151922e-11
g158895,0,0,0,11484,27738,11700,28008,0,0,0,NAND2xp33_ASAP7_75t_R,1.7988501313515037e-11,0.0
g158901,0,0,0,34002,13158,34218,13428,0,0,0,NAND2xp5_ASAP7_75t_SL,1.8409799240615143e-09,0.0
g158902,0,0,0,12078,39618,12402,39888,0,0,0,NOR2xp67_ASAP7_75t_SL,2.497963613734555e-09,8.500893500240636e-08
g158905,0,0,0,4410,15858,4734,16128,0,0,0,NOR2x1_ASAP7_75t_L,9.703970960117658e-10,1.456616827155699e-09
g158906,0,0,0,5706,35838,6030,36108,0,0,0,NOR2x1_ASAP7_75t_L,9.703970960117658e-10,1.4269736503536024e-09
g158907,0,0,0,6192,35838,6516,36108,0,0,0,NOR2x1_ASAP7_75t_L,9.703970960117658e-10,1.4154821759149172e-09
g158908,0,0,0,3924,15588,4248,15858,0,0,0,NOR2xp67_ASAP7_75t_SL,6.746645020427877e-09,1.529123605514826e-09
g158909,0,0,0,6192,33408,6516,33678,0,0,0,NOR2x1_ASAP7_75t_R,9.717460169866854e-11,1.3105178053862687e-09
g158910,0,0,0,8838,35568,9162,35838,0,0,0,NOR2xp67_ASAP7_75t_L,6.469353941440659e-10,1.3274528143369935e-09
g158911,0,0,0,5544,33678,5868,33948,0,0,0,NOR2x1_ASAP7_75t_L,9.703970960117658e-10,1.457158615991716e-09
g158912,0,0,0,8082,35838,8406,36108,0,0,0,NOR2x1_ASAP7_75t_R,9.717460169866854e-11,1.306149632895881e-09
g158913,0,0,0,4842,33678,5166,33948,0,0,0,NOR2xp67_ASAP7_75t_SL,6.746645020427877e-09,1.4671395209830962e-09
g158915,0,0,0,12402,4518,12726,4788,0,0,0,NOR2xp67_ASAP7_75t_SL,4.365555916763242e-09,6.793844931074489e-10
g158916,0,0,0,6732,20448,7056,20718,0,0,0,NOR2xp67_ASAP7_75t_SL,6.746645020427877e-09,1.530502391489108e-09
g158918,0,0,0,3492,15858,3816,16128,0,0,0,NOR2x1_ASAP7_75t_L,9.703970960117658e-10,1.446044506359101e-09
g158922,0,0,0,5544,16398,5868,16668,0,0,0,NOR2x1_ASAP7_75t_L,9.703970960117658e-10,1.547205585872291e-09
g158924,0,0,0,3492,19368,3816,19638,0,0,0,NOR2xp67_ASAP7_75t_SL,6.746645020427877e-09,1.4788387181496887e-09
g158926,0,0,0,13428,6408,13752,6678,0,0,0,NOR2x1_ASAP7_75t_R,6.417368025868342e-11,7.958712577860183e-10
g158927,0,0,0,8838,35298,9162,35568,0,0,0,NOR2x1_ASAP7_75t_L,9.703970960117658e-10,1.4941777815025148e-09
g158929,0,0,0,8838,35838,9162,36108,0,0,0,NOR2x1_ASAP7_75t_L,9.703970960117658e-10,1.4036038997744527e-09
g158930,0,0,0,11268,27738,11484,28008,0,0,0,NAND2xp33_ASAP7_75t_R,1.7988501313515037e-11,0.0
g158931,0,0,0,8784,4518,9108,4788,0,0,0,NOR2xp67_ASAP7_75t_SL,4.365555916763242e-09,7.096208620716027e-10
g158932,0,0,0,4734,35838,5058,36108,0,0,0,NOR2x1_ASAP7_75t_R,9.717460169866854e-11,1.3240507579226346e-09
g158933,0,0,0,8514,35838,8838,36108,0,0,0,NOR2x1_ASAP7_75t_L,9.703970960117658e-10,1.5211130133252482e-09
g158934,0,0,0,3870,15858,4194,16128,0,0,0,NOR2xp67_ASAP7_75t_SL,6.746645020427877e-09,1.4051260155412137e-09
g158935,0,0,0,3168,19368,3492,19638,0,0,0,NOR2xp67_ASAP7_75t_SL,6.746645020427877e-09,1.6720969053807266e-09
g158936,0,0,0,9108,4248,9432,4518,0,0,0,NOR2xp67_ASAP7_75t_SL,4.365555916763242e-09,7.907728916123347e-10
g158937,0,0,0,6354,15318,6678,15588,0,0,0,NOR2x1_ASAP7_75t_SL,1.0119902249527968e-08,1.5884303872226724e-09
g158938,0,0,0,13914,4248,14238,4518,0,0,0,NOR2xp67_ASAP7_75t_SL,4.365555916763242e-09,7.304019611353851e-10
g158939,0,0,0,3438,15588,3762,15858,0,0,0,NOR2xp67_ASAP7_75t_SL,6.746645020427877e-09,1.4793254399236844e-09
g158940,0,0,0,3546,19098,3870,19368,0,0,0,NOR2xp67_ASAP7_75t_SL,6.746645020427877e-09,1.757551992831452e-09
g158944,0,0,0,15534,32328,15696,32598,0,0,1,INVxp67_ASAP7_75t_SL,1.7534580454281468e-09,2.7248870537732728e-06
g158946,0,0,0,17748,11268,17910,11538,0,0,1,INVxp67_ASAP7_75t_SL,3.3756772932491685e-09,9.84308190510319e-10
g158947,0,0,0,23148,22068,23310,22338,0,0,1,INVxp33_ASAP7_75t_R,1.3866806140849786e-11,1.434291903024132e-07
g158948,0,0,0,22986,20448,23148,20718,0,0,1,INVx1_ASAP7_75t_L,3.8003244995366003e-10,2.666581053745176e-07
g158960,0,0,0,26496,28548,26658,28818,0,0,1,INVx1_ASAP7_75t_SL,5.064088259842947e-09,5.859162547500185e-12
g158963,0,0,0,16992,18288,17154,18558,0,0,1,INVxp33_ASAP7_75t_R,1.3866806140849786e-11,1.0693704410869032e-07
g158969,0,0,0,40644,37188,40914,37458,0,0,1,INVx3_ASAP7_75t_SL,1.5192199498414993e-08,2.7426533266705633e-12
g158982,0,0,0,14562,36918,14886,37188,0,0,0,NAND4xp25_ASAP7_75t_SL,1.8275799762434985e-09,0.0
g158984,0,0,0,11862,27198,12078,27468,0,0,0,NAND2xp33_ASAP7_75t_R,3.3690498307814565e-11,4.035733414120557e-10
g158985,0,0,0,19746,19368,20070,19638,0,0,0,AOI22xp5_ASAP7_75t_R,9.951316159995116e-11,4.975346001856451e-08
g158986,0,0,0,19368,20718,19692,20988,0,0,0,AOI22xp5_ASAP7_75t_SL,9.9384820373416e-09,7.631254561601963e-08
g158988,0,0,0,21852,18018,22176,18288,0,0,0,AOI22xp5_ASAP7_75t_SL,6.8220287197107154e-09,3.553400063083245e-08
g158989,0,0,0,21474,19638,21798,19908,0,0,0,AOI22xp33_ASAP7_75t_SL,6.6146439436920446e-09,5.169914629732375e-08
g158990,0,0,0,21798,22068,22122,22338,0,0,0,AOI22xp33_ASAP7_75t_SL,6.625687554162596e-09,6.293907262033827e-08
g158991,0,0,0,19530,21798,19854,22068,0,0,0,AOI22xp33_ASAP7_75t_SL,6.614643055513625e-09,5.9105165206574384e-08
g158992,0,0,0,6948,30438,7272,30708,0,0,0,AOI22xp33_ASAP7_75t_SL,2.0405992451344446e-09,6.005024255628655e-10
g158994,0,0,0,19422,24228,19746,24498,0,0,0,AOI22xp33_ASAP7_75t_SL,6.6208549753810075e-09,5.290236870791887e-08
g158995,0,0,0,18774,27738,19098,28008,0,0,0,AOI22xp5_ASAP7_75t_SL,9.931230948723169e-09,8.120146333112643e-08
g158996,0,0,0,18450,25038,18774,25308,0,0,0,AOI22xp33_ASAP7_75t_SL,6.625687554162596e-09,5.760260535225825e-08
g158997,0,0,0,6786,17478,7110,17748,0,0,0,AOI22xp5_ASAP7_75t_SL,3.06090397472758e-09,6.724165668714477e-10
g158998,0,0,0,6840,16398,7164,16668,0,0,0,AOI22xp5_ASAP7_75t_SL,3.06090397472758e-09,6.935981788913637e-10
g159,0,0,0,24120,42588,24444,42858,0,0,0,AOI22xp5_ASAP7_75t_SL,3.6828700089586164e-09,0.0
g159000,0,0,0,6624,30708,6948,30978,0,0,0,AOI22xp33_ASAP7_75t_SL,2.0405992451344446e-09,5.867075714149905e-10
g159001,0,0,0,18234,19098,18558,19368,0,0,0,AOI22xp5_ASAP7_75t_SL,9.9384820373416e-09,7.43405479397552e-08
g159002,0,0,0,21150,19908,21474,20178,0,0,0,AOI22xp33_ASAP7_75t_SL,6.625687554162596e-09,5.423862603493035e-08
g159003,0,0,0,20556,17478,20880,17748,0,0,0,AOI22xp33_ASAP7_75t_SL,6.6146439436920446e-09,6.361432269841316e-08
g159011,0,0,0,25848,20448,26118,20718,0,0,0,AOI21xp33_ASAP7_75t_R,3.3150499706424696e-11,5.704965388986238e-10
g159022,0,0,0,12456,27198,12672,27468,0,0,0,NOR2xp33_ASAP7_75t_R,1.0391599906955928e-11,0.0
g159025,0,0,0,14994,33678,15318,33948,0,0,0,OAI22xp5_ASAP7_75t_SL,6.251265283196972e-09,2.624889475555392e-06
g159034,0,0,0,11592,26928,11916,27198,0,0,0,AND2x2_ASAP7_75t_R,1.730010024125761e-10,7.770021070996336e-09
g159055,0,0,0,38160,9108,38376,9378,0,0,0,NAND2xp5_ASAP7_75t_SL,1.8409799240615143e-09,0.0
g159059_dup212431,0,0,0,32706,34758,33246,35028,0,0,0,AND2x4_ASAP7_75t_SL,3.032999984498019e-08,5.20424415367815e-12
g159064,0,0,0,37296,23418,37836,23688,0,0,0,AND2x4_ASAP7_75t_SL,2.3941598925603103e-08,0.0
g159065,0,0,0,37674,10998,37998,11268,0,0,0,OR2x2_ASAP7_75t_SL,1.1776400299368106e-08,0.0
g159070,0,0,0,39510,36648,39834,36918,0,0,0,NAND2x1_ASAP7_75t_SL,3.6814900017390073e-09,0.0
g159071,0,0,0,40266,36378,40590,36648,0,0,0,AND2x2_ASAP7_75t_SL,1.1970799462801551e-08,0.0
g159072,0,0,0,33948,23958,34272,24228,0,0,0,AND2x2_ASAP7_75t_SL,1.1970799462801551e-08,0.0
g159073,0,0,0,37350,10998,37674,11268,0,0,0,OR2x2_ASAP7_75t_SL,1.1776400299368106e-08,0.0
g159082,0,0,0,10458,28818,10620,29088,0,0,1,INVxp33_ASAP7_75t_R,8.528100101101721e-12,1.8995135064869828e-07
g159085,0,0,0,11592,39618,11808,39888,0,1,0,HB1xp67_ASAP7_75t_SL,4.4812757948875515e-09,6.526942115669954e-07
g159086,0,0,0,10512,38538,10674,38808,0,0,1,INVxp33_ASAP7_75t_R,8.528100101101721e-12,3.1561526725454314e-07
g159088,0,0,0,26172,27738,26334,28008,0,0,1,INVx1_ASAP7_75t_SL,5.0640900361997865e-09,2.0686327650842884e-10
g159145,0,0,0,10188,22878,10404,23148,0,0,0,NAND2xp33_ASAP7_75t_R,3.3439240959554084e-11,0.0
g159146,0,0,0,11538,33678,11754,33948,0,0,0,NAND2xp5_ASAP7_75t_SL,3.265623771397941e-09,3.195131967004272e-06
g159147,0,0,0,18072,8838,18288,9108,0,0,0,NAND2xp33_ASAP7_75t_R,1.8034133214550607e-11,0.0
g159149,0,0,0,20772,16128,20988,16398,0,0,0,NAND2xp5_ASAP7_75t_L,3.5482461413494093e-10,1.7388426698516923e-08
g159152,0,0,0,14562,39888,14778,40158,0,0,0,NOR2xp33_ASAP7_75t_SL,1.573943642085851e-09,2.42776695813518e-06
g159153,0,0,0,23688,26658,23904,26928,0,0,0,NOR2xp33_ASAP7_75t_R,2.0617898013886027e-11,3.765855627335668e-09
g159154,0,0,0,25632,15858,25848,16128,0,0,0,NOR2xp33_ASAP7_75t_R,2.0617898013886027e-11,3.4999818598890897e-09
g159156,0,0,0,21096,26118,21420,26388,0,0,0,OR2x2_ASAP7_75t_L,1.3450448532736914e-09,1.0821331386523525e-08
g159157,0,0,0,25740,26388,26064,26658,0,0,0,OR2x2_ASAP7_75t_L,1.3450448532736914e-09,1.1326856785842665e-08
g159158,0,0,0,22986,16398,23202,16668,0,0,0,NOR2xp33_ASAP7_75t_R,2.0617898013886027e-11,4.0348386853850116e-09
g159159,0,0,0,20502,24768,20718,25038,0,0,0,NOR2xp33_ASAP7_75t_R,2.139146151880489e-11,2.201677729019025e-09
g159161,0,0,0,18882,29898,19098,30168,0,0,0,NOR2xp33_ASAP7_75t_R,2.1393501553612637e-11,2.0160664858468597e-14
g159173,0,0,0,27792,26118,28116,26388,0,0,0,NOR2x1_ASAP7_75t_SL,1.0120599469587432e-08,5.384962475929456e-10
g159177,0,0,0,12024,39348,12240,39618,0,0,0,NAND2xp5_ASAP7_75t_SL,2.8521744965814833e-09,5.487594307851396e-07
g159178,0,0,0,11700,27738,11916,28008,0,0,0,NOR2xp33_ASAP7_75t_R,1.0391599906955928e-11,0.0
g159181,0,0,0,11268,27468,11484,27738,0,0,0,NOR2xp33_ASAP7_75t_R,3.084419872290134e-11,7.0496616356996444e-12
g159183,0,0,0,22122,27198,22446,27468,0,0,0,NAND2x1_ASAP7_75t_SL,1.0055499544137092e-08,6.939885888179731e-10
g159185_dup163779,0,0,0,16128,18018,16344,18288,0,0,0,NAND2xp33_ASAP7_75t_R,1.8600293180681682e-11,2.2258184628753952e-07
g159186,0,0,0,11700,27468,11916,27738,0,0,0,NOR2xp33_ASAP7_75t_R,3.5800497982796387e-11,1.4329756825581796e-10
g159223,0,0,0,16938,8838,17100,9108,0,0,1,INVx1_ASAP7_75t_L,5.203651953777921e-10,1.1197353044778424e-09
g159233,0,0,0,12348,25848,12510,26118,0,0,1,INVxp33_ASAP7_75t_R,1.6334000124684778e-11,2.049848069063387e-09
g159239,0,0,0,34704,23688,34866,23958,0,0,1,INVx1_ASAP7_75t_L,5.20423981686946e-10,4.667482221033803e-13
g159242,0,0,0,37836,12078,37998,12348,0,0,1,INVxp67_ASAP7_75t_R,3.55518982309011e-11,9.820125398615764e-13
g159247,0,0,0,37674,11808,37890,12078,0,0,1,INVx2_ASAP7_75t_SL,1.0128200500503226e-08,2.195567729360026e-12
g159266,0,0,0,34380,13158,34542,13428,0,0,1,INVxp67_ASAP7_75t_SL,3.4288101247170744e-09,0.0
g159280_dup168589,0,0,0,9054,30438,9486,30708,0,1,0,BUFx4f_ASAP7_75t_SL,2.7124430701519486e-08,5.3348250261819885e-09
g159288,0,0,0,4248,19368,4572,19638,0,0,1,INVx4_ASAP7_75t_SL,2.0571382819412065e-08,4.4815511301976585e-09
g159291,0,0,0,4248,16128,4572,16398,0,0,1,INVx4_ASAP7_75t_SL,2.0571382819412065e-08,4.179938617454582e-09
g159293,0,0,0,30708,22338,30924,22608,0,0,0,NAND2xp5_ASAP7_75t_R,5.034970010364681e-11,0.0
g159295,0,0,0,25362,22878,25578,23148,0,0,0,NOR2xp33_ASAP7_75t_R,3.5394860653514826e-11,3.830520967085249e-08
g159297,0,0,0,17154,8298,17478,8568,0,0,0,NAND2x1_ASAP7_75t_L,1.0441822961837488e-09,2.337940496581481e-13
g159301,0,0,0,25686,27468,25902,27738,0,0,0,NOR2xp33_ASAP7_75t_SL,3.3469449434164744e-09,2.1210396994320035e-08
g159302,0,0,0,21528,29358,21744,29628,0,0,0,NAND2xp33_ASAP7_75t_L,3.350144328617688e-10,1.9075304891202904e-08
g159303,0,0,0,13536,33948,13752,34218,0,0,0,NAND2xp33_ASAP7_75t_R,3.3439240959554084e-11,0.0
g159304,0,0,0,32652,13428,32868,13698,0,0,0,NAND2xp5_ASAP7_75t_SL,5.027899874221475e-09,0.0
g159305,0,0,0,20340,11268,20556,11538,0,0,0,NAND2xp5_ASAP7_75t_SL,5.027899874221475e-09,0.0
g159306,0,0,0,18396,31518,18612,31788,0,0,0,NAND2xp5_ASAP7_75t_SL,5.027899874221475e-09,0.0
g159307,0,0,0,17640,8838,17856,9108,0,0,0,NAND2xp5_ASAP7_75t_SL,6.752836512191607e-09,1.4717006502351637e-09
g159308,0,0,0,28062,28818,28278,29088,0,0,0,NAND2xp5_ASAP7_75t_L,5.064809682764349e-10,0.0
g159309,0,0,0,35514,30978,35730,31248,0,0,0,NAND2xp5_ASAP7_75t_SL,5.027899874221475e-09,0.0
g159311,0,0,0,31140,22338,31356,22608,0,0,0,NAND2xp5_ASAP7_75t_SL,1.8409799240615143e-09,0.0
g159313,0,0,0,27252,31518,27468,31788,0,0,0,NAND2xp33_ASAP7_75t_SL,1.2271700322585843e-09,0.0
g159319,0,0,0,12942,26658,13158,26928,0,0,0,NOR2xp33_ASAP7_75t_R,3.5800497982796387e-11,3.777833157414534e-09
g159320,0,0,0,11484,27468,11700,27738,0,0,0,NOR2xp33_ASAP7_75t_R,3.5800497982796387e-11,8.432365049271251e-12
g159327,0,0,0,12672,26388,12888,26658,0,0,0,NOR2xp33_ASAP7_75t_R,3.5800497982796387e-11,5.3901962893121436e-09
g159332,0,0,0,34920,13698,35244,13968,0,0,0,OR2x2_ASAP7_75t_SL,1.5129424824067428e-08,2.9707093989611577e-12
g159333,0,0,0,23634,11808,23958,12078,0,0,0,AND2x2_ASAP7_75t_SL,1.515572201071791e-08,3.947075305488212e-12
g159343,0,0,0,38268,32598,38592,32868,0,0,0,OR2x2_ASAP7_75t_SL,1.7002399488319497e-08,1.5922305113920052e-14
g159365,0,0,0,13050,32868,13590,33138,0,0,0,AND2x4_ASAP7_75t_SL,2.8091537984664683e-08,5.4946181080595125e-06
g159366,0,0,0,17316,9648,17856,9918,0,0,0,AND2x4_ASAP7_75t_SL,3.032998918683916e-08,5.6407573056915794e-11
g159374,0,0,0,12834,22068,13158,22338,0,0,0,NOR2x1_ASAP7_75t_SL,3.0570346254421565e-09,1.2838485830002355e-09
g159376,0,0,0,15588,19098,15750,19368,0,0,1,INVxp67_ASAP7_75t_R,1.7053775058784026e-11,3.5504689321896876e-07
g159378,0,0,0,34002,35298,34164,35568,0,0,1,INVxp33_ASAP7_75t_R,1.7778400279722106e-11,0.0
g159379,0,0,0,25740,20988,25902,21258,0,0,1,INVxp33_ASAP7_75t_R,1.7778400279722106e-11,4.138367426520517e-10
g159381,0,0,0,16452,15588,16614,15858,0,0,1,INVxp33_ASAP7_75t_R,8.528100101101721e-12,2.848878182248882e-07
g159383,0,0,0,15372,17748,15534,18018,0,0,1,INVxp67_ASAP7_75t_L,1.6769624577861464e-10,3.157491050842509e-07
g159384,0,0,0,16290,16668,16452,16938,0,0,1,INVxp33_ASAP7_75t_R,8.528100101101721e-12,2.460334940224129e-07
g159385,0,0,0,15966,16128,16128,16398,0,0,1,INVx1_ASAP7_75t_L,2.515430086447168e-10,2.3490473211040808e-07
g159386,0,0,0,39240,36378,39402,36648,0,0,1,INVxp33_ASAP7_75t_R,1.7778400279722106e-11,0.0
g159387,0,0,0,21852,15858,22014,16128,0,0,1,INVxp67_ASAP7_75t_L,3.4491950962056706e-10,1.8508082177959295e-08
g159389,0,0,0,21420,16398,21582,16668,0,0,1,INVx1_ASAP7_75t_SL,5.1130877309901734e-09,2.5803911896105092e-08
g159390,0,0,0,16614,15048,16776,15318,0,0,1,INVx1_ASAP7_75t_SL,5.1130877309901734e-09,2.7356083620588834e-08
g159392,0,0,0,15588,21798,15750,22068,0,0,1,INVxp67_ASAP7_75t_SL,1.7012176112274346e-09,2.9066833917568147e-07
g159393,0,0,0,19530,14508,19692,14778,0,0,1,INVxp67_ASAP7_75t_L,3.4491950962056706e-10,1.9885625590632117e-08
g159394,0,0,0,40374,25848,40536,26118,0,0,1,INVxp67_ASAP7_75t_R,3.55518982309011e-11,4.752233034307574e-15
g159396,0,0,0,15480,16668,15642,16938,0,0,1,INVx1_ASAP7_75t_L,2.515430086447168e-10,3.530305434651382e-07
g159398,0,0,0,36648,26658,36810,26928,0,0,1,INVxp33_ASAP7_75t_R,1.7674299523928738e-11,1.242414171542805e-08
g159399,0,0,0,21744,15048,21906,15318,0,0,1,INVx1_ASAP7_75t_L,4.800783659497654e-10,5.48489111906747e-08
g159401,0,0,0,17964,14778,18126,15048,0,0,1,INVx1_ASAP7_75t_SL,2.5518225310605658e-09,2.8360534543026006e-07
g159402,0,0,0,18774,23688,18936,23958,0,0,1,INVxp67_ASAP7_75t_R,3.228197570370739e-11,2.8534495655208048e-08
g159403,0,0,0,15696,21258,15858,21528,0,0,1,INVx1_ASAP7_75t_R,2.5579423995614192e-11,3.26467642253192e-07
g159406,0,0,0,40320,37458,40482,37728,0,0,1,INVxp33_ASAP7_75t_R,1.7674299523928738e-11,1.3915725460833528e-08
g159407,0,0,0,19368,14508,19530,14778,0,0,1,INVx1_ASAP7_75t_L,4.800783659497654e-10,5.347725107185397e-08
g159409,0,0,0,40266,37998,40428,38268,0,0,1,INVxp67_ASAP7_75t_R,3.55518982309011e-11,4.49548972469827e-15
g159411,0,0,0,16452,15318,16614,15588,0,0,1,INVxp67_ASAP7_75t_L,1.6769624577861464e-10,2.1503551295154466e-07
g159412,0,0,0,40968,25578,41130,25848,0,0,1,INVxp33_ASAP7_75t_R,1.7778400279722106e-11,4.301365019780635e-15
g159413,0,0,0,15858,15048,16020,15318,0,0,1,INVxp67_ASAP7_75t_L,1.6769624577861464e-10,2.1608460087918502e-07
g159414,0,0,0,15750,15858,15912,16128,0,0,1,INVxp67_ASAP7_75t_R,1.7053775058784026e-11,1.8294954884368053e-07
g159421,0,0,0,24120,20718,24282,20988,0,0,1,INVxp33_ASAP7_75t_R,1.7641228755582716e-11,1.3221853834011199e-08
g159423,0,0,0,40968,37998,41130,38268,0,0,1,INVxp33_ASAP7_75t_R,1.7778400279722106e-11,3.5372239872940615e-15
g159426,0,0,0,27468,26388,27630,26658,0,0,1,INVxp67_ASAP7_75t_L,3.4695099571102617e-10,1.4908591028373053e-10
g159427,0,0,0,34812,35028,34974,35298,0,0,1,INVxp67_ASAP7_75t_R,3.55518982309011e-11,0.0
g159429,0,0,0,34434,36378,34596,36648,0,0,1,INVxp67_ASAP7_75t_R,3.55518982309011e-11,0.0
g159431,0,0,0,33894,36918,34056,37188,0,0,1,INVxp67_ASAP7_75t_R,3.55518982309011e-11,0.0
g159432,0,0,0,38916,37998,39078,38268,0,0,1,INVxp33_ASAP7_75t_R,1.7778400279722106e-11,3.310818856756565e-15
g159433,0,0,0,39240,37998,39402,38268,0,0,1,INVxp33_ASAP7_75t_R,1.7778400279722106e-11,0.0
g159434,0,0,0,38484,36648,38646,36918,0,0,1,INVxp33_ASAP7_75t_R,1.7778400279722106e-11,0.0
g159435,0,0,0,34812,37728,34974,37998,0,0,1,INVxp33_ASAP7_75t_R,1.7778400279722106e-11,0.0
g159436,0,0,0,34974,35568,35136,35838,0,0,1,INVxp67_ASAP7_75t_R,3.55518982309011e-11,0.0
g159438,0,0,0,38484,36108,38646,36378,0,0,1,INVxp33_ASAP7_75t_R,1.7674299523928738e-11,1.5594523006257077e-08
g159441,0,0,0,18828,15048,18990,15318,0,0,1,INVxp67_ASAP7_75t_SL,3.4087348499411974e-09,3.913967461244283e-08
g159442,0,0,0,16398,26658,16560,26928,0,0,1,INVx1_ASAP7_75t_L,5.173767525512574e-10,4.630020811191571e-08
g159444,0,0,0,21636,12888,21798,13158,0,0,1,INVx1_ASAP7_75t_L,4.800783659497654e-10,7.242394417517062e-08
g159445,0,0,0,15318,37188,15480,37458,0,0,1,INVx1_ASAP7_75t_SL,5.143200088042477e-09,0.0
g159447,0,0,0,20016,24228,20232,24498,0,1,0,HB1xp67_ASAP7_75t_L,5.088230947691841e-10,7.535048140994149e-10
g159449,0,0,0,18612,29358,18774,29628,0,0,1,INVxp33_ASAP7_75t_L,1.6002910108170454e-10,2.3044755437240383e-08
g159450,0,0,0,20502,28548,20664,28818,0,0,1,INVx1_ASAP7_75t_SL,5.004972436495336e-09,1.5037858247524127e-07
g159451,0,0,0,17316,29358,17478,29628,0,0,1,INVxp33_ASAP7_75t_L,1.6002910108170454e-10,2.3537060300782287e-08
g159453,0,0,0,25146,18558,25308,18828,0,0,1,INVxp67_ASAP7_75t_R,3.534372447488998e-11,3.092105060886752e-08
g159454,0,0,0,20610,18828,20772,19098,0,0,1,INVxp33_ASAP7_75t_R,1.6238382166688936e-11,1.769812207896848e-08
g159455,0,0,0,21150,18828,21312,19098,0,0,1,INVxp67_ASAP7_75t_SL,3.4087348499411974e-09,2.756957862004583e-08
g159457,0,0,0,19422,20178,19638,20448,0,1,0,HB1xp67_ASAP7_75t_L,4.944213372048978e-10,4.0650554922194715e-08
g159458,0,0,0,21798,22338,22014,22608,0,1,0,HB1xp67_ASAP7_75t_L,5.088230947691841e-10,7.456728567944992e-10
g159459,0,0,0,20394,14238,20556,14508,0,0,1,INVx1_ASAP7_75t_SL,5.1130877309901734e-09,5.6448840268785716e-08
g159463,0,0,0,19908,28278,20070,28548,0,0,1,INVxp67_ASAP7_75t_R,3.534372447488998e-11,3.128002390440088e-08
g159464,0,0,0,21960,17478,22176,17748,0,1,0,HB1xp67_ASAP7_75t_SL,5.063152119788583e-09,8.080372992935736e-08
g159465,0,0,0,21258,19638,21474,19908,0,1,0,HB1xp67_ASAP7_75t_SL,5.063152119788583e-09,8.661223205308488e-08
g159466,0,0,0,16992,23688,17154,23958,0,0,1,INVx1_ASAP7_75t_L,4.800783659497654e-10,6.382848027897126e-08
g159467,0,0,0,17802,27738,17964,28008,0,0,1,INVxp67_ASAP7_75t_R,3.538116327694851e-11,3.16239372466498e-08
g159468,0,0,0,18234,27468,18396,27738,0,0,1,INVxp67_ASAP7_75t_R,3.250636912421889e-11,5.09847239982264e-08
g159470,0,0,0,13860,22878,14022,23148,0,0,1,INVx1_ASAP7_75t_SL,5.143200088042477e-09,1.3915584481736572e-19
g159472,0,0,0,15102,30438,15264,30708,0,0,1,INVx1_ASAP7_75t_SL,5.143200088042477e-09,2.345205929098093e-19
g159475,0,0,0,25254,19368,25416,19638,0,0,1,INVxp67_ASAP7_75t_L,3.4491950962056706e-10,3.450023200457508e-08
g159476,0,0,0,22284,18558,22500,18828,0,1,0,HB1xp67_ASAP7_75t_SL,5.092500199310734e-09,3.992903230276568e-12
g159477,0,0,0,20070,16128,20232,16398,0,0,1,INVxp67_ASAP7_75t_SL,3.4087348499411974e-09,2.3559643125281582e-08
g159478,0,0,0,26658,17478,26820,17748,0,0,1,INVxp33_ASAP7_75t_R,1.6238382166688936e-11,1.557327777845785e-08
g159480,0,0,0,27954,17208,28116,17478,0,0,1,INVx1_ASAP7_75t_L,5.173767525512574e-10,4.6224723604382234e-08
g159481,0,0,0,22176,20178,22392,20448,0,1,0,HB1xp67_ASAP7_75t_R,5.0146487656776983e-11,2.858146608275547e-08
g159483,0,0,0,20502,20448,20718,20718,0,1,0,HB1xp67_ASAP7_75t_R,5.0146487656776983e-11,3.1189344440463174e-08
g159485,0,0,0,28224,26658,28440,26928,0,1,0,HB1xp67_ASAP7_75t_R,5.0146487656776983e-11,2.9006734791892086e-08
g159486,0,0,0,28386,26118,28548,26388,0,0,1,INVxp67_ASAP7_75t_SL,3.4087348499411974e-09,5.1645017151713546e-08
g159487,0,0,0,19746,22338,19962,22608,0,1,0,HB1xp67_ASAP7_75t_SL,5.063152119788583e-09,8.008534280179447e-08
g159488,0,0,0,15426,25038,15642,25308,0,1,0,HB1xp67_ASAP7_75t_SL,5.11771780509207e-09,8.158227426946496e-10
g159490,0,0,0,15750,40698,15966,40968,0,1,0,HB1xp67_ASAP7_75t_R,2.9005900112344385e-11,4.5453734855982475e-06
g159492,0,0,0,20826,16398,21042,16668,0,1,0,HB1xp67_ASAP7_75t_R,5.187969498443579e-11,8.684332142294693e-10
g159495,0,0,0,21204,23688,21366,23958,0,0,1,INVxp67_ASAP7_75t_SL,3.3366485130414958e-09,5.6322761565752444e-08
g159496,0,0,0,16992,25578,17154,25848,0,0,1,INVxp33_ASAP7_75t_R,1.6332013866304784e-11,2.909474883239227e-10
g159498,0,0,0,20286,22878,20502,23148,0,1,0,HB1xp67_ASAP7_75t_SL,5.063152119788583e-09,8.012773378140992e-08
g159500,0,0,0,19206,21798,19422,22068,0,1,0,HB1xp67_ASAP7_75t_SL,5.062684937939821e-09,4.6587690150090566e-08
g159501,0,0,0,25092,17208,25254,17478,0,0,1,INVx1_ASAP7_75t_SL,5.1130877309901734e-09,3.996709807552179e-08
g159502,0,0,0,16344,12078,16506,12348,0,0,1,INVx1_ASAP7_75t_SL,4.867817260389984e-09,1.9832884845527587e-07
g159504,0,0,0,17208,21528,17370,21798,0,0,1,INVxp33_ASAP7_75t_R,1.6332013866304784e-11,2.547819455411826e-10
g159506,0,0,0,19692,23958,19908,24228,0,1,0,HB1xp67_ASAP7_75t_SL,5.062684937939821e-09,4.5756280542263994e-08
g159507,0,0,0,18396,17208,18612,17478,0,1,0,HB1xp67_ASAP7_75t_SL,5.11771780509207e-09,7.926732603635855e-10
g159510,0,0,0,18288,23958,18504,24228,0,1,0,HB1xp67_ASAP7_75t_L,5.06442110470573e-10,6.679520225816304e-08
g159511,0,0,0,21960,23958,22122,24228,0,0,1,INVx1_ASAP7_75t_SL,5.004972436495336e-09,1.0575442388471856e-07
g159512,0,0,0,18612,27738,18774,28008,0,0,1,INVxp33_ASAP7_75t_R,1.6332013866304784e-11,3.030632689249302e-10
g159514,0,0,0,17910,20448,18072,20718,0,0,1,INVxp33_ASAP7_75t_R,1.6332013866304784e-11,2.5897228805860095e-10
g159517,0,0,0,17964,17478,18180,17748,0,1,0,HB1xp67_ASAP7_75t_SL,5.062684937939821e-09,4.656907748312733e-08
g159518,0,0,0,18990,12888,19152,13158,0,0,1,INVxp67_ASAP7_75t_SL,3.3366485130414958e-09,7.033666804545646e-08
g159519,0,0,0,21312,23148,21528,23418,0,1,0,HB1xp67_ASAP7_75t_L,5.088230947691841e-10,7.522661382708407e-10
g159521,0,0,0,24984,25308,25146,25578,0,0,1,INVxp67_ASAP7_75t_R,3.2471990374371984e-11,3.311836493935516e-08
g159522,0,0,0,25146,25308,25308,25578,0,0,1,INVx1_ASAP7_75t_SL,5.1130877309901734e-09,4.7858115692633874e-08
g159527,0,0,0,17964,19638,18126,19908,0,0,1,INVxp33_ASAP7_75t_R,1.6332013866304784e-11,3.3272734567546536e-10
g159528,0,0,0,21528,14778,21690,15048,0,0,1,INVxp33_ASAP7_75t_R,1.6238382166688936e-11,1.6397065039086556e-08
g159529,0,0,0,21366,14778,21528,15048,0,0,1,INVxp67_ASAP7_75t_SL,3.4087348499411974e-09,4.548046206309664e-08
g159531,0,0,0,21150,20718,21366,20988,0,1,0,HB1xp67_ASAP7_75t_L,5.088230947691841e-10,7.07155722867725e-10
g159533,0,0,0,19152,24228,19368,24498,0,1,0,HB1xp67_ASAP7_75t_SL,5.062684937939821e-09,4.4802394683074453e-08
g159534,0,0,0,28440,25578,28602,25848,0,0,1,INVxp33_ASAP7_75t_R,1.6238382166688936e-11,1.649479131060616e-08
g159537,0,0,0,16614,27198,16776,27468,0,0,1,INVxp67_ASAP7_75t_R,3.2659226018028065e-11,3.102004764166111e-10
g159538,0,0,0,22500,22068,22716,22338,0,1,0,HB1xp67_ASAP7_75t_R,5.0146487656776983e-11,2.9659432243533956e-08
g159540,0,0,0,19044,17478,19206,17748,0,0,1,INVxp33_ASAP7_75t_R,1.6238382166688936e-11,1.4844958151627452e-08
g159541,0,0,0,19260,17478,19422,17748,0,0,1,INVxp67_ASAP7_75t_SL,3.4087348499411974e-09,2.1548245854319248e-08
g159543,0,0,0,18774,25038,18990,25308,0,1,0,HB1xp67_ASAP7_75t_SL,5.062684937939821e-09,4.338330938935542e-08
g159544,0,0,0,17802,22608,18018,22878,0,1,0,HB1xp67_ASAP7_75t_R,5.0146487656776983e-11,3.069401088851009e-08
g159547,0,0,0,19206,18558,19368,18828,0,0,1,INVxp33_ASAP7_75t_SL,1.6681031000942426e-09,3.831093664530272e-08
g159548,0,0,0,22068,24768,22230,25038,0,0,1,INVxp67_ASAP7_75t_SL,3.4087348499411974e-09,4.110357920694696e-08
g159549,0,0,0,13320,39348,13482,39618,0,0,1,INVxp33_ASAP7_75t_L,1.6191900598094833e-10,7.610441953281172e-15
g159551,0,0,0,13536,38808,13698,39078,0,0,1,INVx1_ASAP7_75t_SL,5.143200088042477e-09,2.0377545950547166e-14
g159552,0,0,0,22878,25308,23040,25578,0,0,1,INVxp33_ASAP7_75t_R,1.6238382166688936e-11,1.523651960155803e-08
g159553,0,0,0,23202,25308,23364,25578,0,0,1,INVxp67_ASAP7_75t_SL,3.4087348499411974e-09,5.6561418659839546e-08
g159554,0,0,0,22068,18558,22284,18828,0,1,0,HB1xp67_ASAP7_75t_L,5.033977124035971e-10,7.888953490464701e-08
g159560,0,0,0,12726,40158,12942,40428,0,1,0,HB1xp67_ASAP7_75t_SL,5.055085683380867e-09,1.1719565407020127e-07
g159561,0,0,0,11754,22608,11916,22878,0,0,1,INVx1_ASAP7_75t_R,5.332539965152705e-11,0.0
g159562,0,0,0,15102,37458,15264,37728,0,0,1,INVxp67_ASAP7_75t_R,3.55518982309011e-11,0.0
g159570,0,0,0,14454,37728,14616,37998,0,0,1,INVx1_ASAP7_75t_R,5.332539965152705e-11,0.0
g159571,0,0,0,11916,37998,12132,38268,0,1,0,HB1xp67_ASAP7_75t_SL,3.4639335844133257e-09,1.600311975380464e-06
g159572,0,0,0,15318,33678,15480,33948,0,0,1,INVx1_ASAP7_75t_SL,3.170337992131067e-09,3.1678139293944696e-06
g159574,0,0,0,14454,36108,14670,36378,0,0,1,INVx2_ASAP7_75t_L,1.0408499617753364e-09,0.0
g159575,0,0,0,23634,19368,23796,19638,0,0,1,INVxp67_ASAP7_75t_R,3.514950830396657e-11,3.353414967932622e-08
g159578,0,0,0,14400,39348,14562,39618,0,0,1,INVx1_ASAP7_75t_SL,2.6282982457104254e-09,3.893028861057246e-06
g159585,0,0,0,12942,39618,13104,39888,0,0,1,INVxp67_ASAP7_75t_SL,3.428716199849191e-09,7.120202205612713e-10
g159586,0,0,0,14778,33408,14940,33678,0,0,1,INVx1_ASAP7_75t_R,5.332539965152705e-11,0.0
g159590,0,0,0,11430,39618,11592,39888,0,0,1,INVxp67_ASAP7_75t_SL,3.0665812111863033e-09,4.7005866576910194e-07
g159594,0,0,0,16128,38268,16344,38538,0,1,0,HB1xp67_ASAP7_75t_SL,2.5589406149606475e-09,6.069002665753942e-06
g159595,0,0,0,16344,38268,16506,38538,0,0,1,INVx1_ASAP7_75t_L,2.529110254556599e-10,3.2364123399020173e-06
g159596,0,0,0,11700,39348,11862,39618,0,0,1,INVx1_ASAP7_75t_SL,2.8485434011571442e-09,6.099132860981626e-07
g159598,0,0,0,11862,39348,12024,39618,0,0,1,INVxp67_ASAP7_75t_SL,1.8990335970414662e-09,9.326009831056581e-07
g159601,0,0,0,22068,25848,22284,26118,0,1,0,HB1xp67_ASAP7_75t_L,4.973330081092797e-10,6.045908218510476e-10
g159604,0,0,0,27846,25848,28008,26118,0,0,1,INVxp67_ASAP7_75t_R,3.266319853478805e-11,4.777682693912766e-10
g159607,0,0,0,27198,26388,27360,26658,0,0,1,INVx1_ASAP7_75t_SL,5.143200088042477e-09,3.673394366465743e-10
g159612,0,0,0,14994,31248,15156,31518,0,0,1,INVxp67_ASAP7_75t_SL,2.1523871573947417e-09,1.959827613973175e-06
g159614,0,0,0,15048,30978,15210,31248,0,0,1,INVx1_ASAP7_75t_SL,3.188440844681395e-09,2.5459794414928183e-06
g159616,0,0,0,10890,27198,11052,27468,0,0,1,INVxp33_ASAP7_75t_R,1.7778400279722106e-11,2.6522668609973987e-12
g159618,0,0,0,12456,23148,12618,23418,0,0,1,INVxp67_ASAP7_75t_L,3.23834015159008e-10,2.491856005391868e-13
g159619,0,0,0,12726,22608,12942,22878,0,1,0,HB1xp67_ASAP7_75t_SL,5.11833997407507e-09,2.1748140126894716e-13
g159620,0,0,0,12942,22608,13104,22878,0,0,1,INVx1_ASAP7_75t_SL,5.143200088042477e-09,2.9436021220345665e-13
g159627,0,0,0,16668,11538,16830,11808,0,0,1,INVx1_ASAP7_75t_SL,5.0640900361997865e-09,8.001040693698946e-14
g159631,0,0,0,11106,27468,11268,27738,0,0,1,INVxp33_ASAP7_75t_R,1.7778400279722106e-11,3.619354815853626e-11
g159635,0,0,0,27846,29358,28008,29628,0,0,1,INVxp67_ASAP7_75t_SL,3.4288101247170744e-09,0.0
g159638,0,0,0,11268,26388,11430,26658,0,0,1,INVxp33_ASAP7_75t_R,1.6334000124684778e-11,2.4300564815601944e-13
g159640,0,0,0,22608,13158,22824,13428,0,0,1,INVx2_ASAP7_75t_SL,1.0068903932847206e-08,8.063328493790323e-08
g159644,0,0,0,22932,13158,23148,13428,0,0,1,INVx2_ASAP7_75t_L,1.034755503503959e-09,8.027316766856529e-08
g159645,0,0,0,19098,31518,19260,31788,0,0,1,INVx1_ASAP7_75t_SL,5.143200088042477e-09,0.0
g159651,0,0,0,21582,29628,21744,29898,0,0,1,INVxp67_ASAP7_75t_L,3.4491950962056706e-10,1.534951366011228e-08
g159652,0,0,0,20826,30438,21042,30708,0,1,0,HB1xp67_ASAP7_75t_SL,5.062684937939821e-09,6.495879034673635e-08
g159655,0,0,0,28224,29898,28440,30168,0,0,1,INVx2_ASAP7_75t_L,1.0408499617753364e-09,0.0
g159659,0,0,0,32058,22338,32220,22608,0,0,1,INVx1_ASAP7_75t_SL,5.143200088042477e-09,0.0
g159661,0,0,0,34434,14238,34650,14508,0,1,0,HB1xp67_ASAP7_75t_SL,5.062684937939821e-09,7.188825179582636e-08
g159662,0,0,0,34110,14508,34272,14778,0,0,1,INVxp67_ASAP7_75t_SL,3.3562945755960527e-09,3.1067635575254826e-08
g159663,0,0,0,33786,14508,33948,14778,0,0,1,INVx1_ASAP7_75t_SL,5.1130877309901734e-09,6.875790603544374e-08
g159664,0,0,0,34218,14238,34380,14508,0,0,1,INVx1_ASAP7_75t_L,5.20423981686946e-10,0.0
g159666,0,0,0,21582,10998,21744,11268,0,0,1,INVx1_ASAP7_75t_SL,5.143200088042477e-09,0.0
g159668,0,0,0,24606,27738,24768,28008,0,0,1,INVx1_ASAP7_75t_SL,5.034441752371777e-09,9.457095728748754e-08
g159671,0,0,0,25362,27198,25524,27468,0,0,1,INVx1_ASAP7_75t_SL,5.1130877309901734e-09,6.271761066045656e-08
g159674,0,0,0,36540,28818,36702,29088,0,0,1,INVx1_ASAP7_75t_R,4.8705497968093425e-11,4.872636694130961e-08
g159682,0,0,0,27738,33408,28008,33678,0,0,1,INVx3_ASAP7_75t_SL,1.5429593602789282e-08,1.3437178453257204e-11
g159683,0,0,0,27792,34218,28008,34488,0,0,1,INVx2_ASAP7_75t_SL,1.0286396623371274e-08,4.9973510572731694e-12
g159695,0,0,0,17046,8028,17262,8298,0,0,1,INVx2_ASAP7_75t_SL,1.0128200500503226e-08,3.314763285904021e-13
g159696,0,0,0,17208,9378,17424,9648,0,0,1,INVx2_ASAP7_75t_SL,1.0286400176084953e-08,3.897819296060784e-13
g159700,0,0,0,17910,8838,18072,9108,0,0,1,INVxp33_ASAP7_75t_L,1.734779958573185e-10,6.796801755313067e-14
g159702,0,0,0,17424,8838,17640,9108,0,1,0,HB1xp67_ASAP7_75t_SL,5.092500199310734e-09,2.670956446466921e-13
g159705,0,0,0,35406,30438,35568,30708,0,0,1,INVx1_ASAP7_75t_SL,5.064088259842947e-09,3.996233899350443e-12
g159713,0,0,0,10134,24228,10350,24498,0,0,1,INVx2_ASAP7_75t_SL,1.0286400176084953e-08,1.2069249137429405e-13
g159723,0,0,0,32760,24498,32922,24768,0,0,1,INVx1_ASAP7_75t_SL,5.064088259842947e-09,3.548526490010362e-12
g159724,0,0,0,32490,24768,32706,25038,0,0,1,INVx2_ASAP7_75t_SL,1.0286396623371274e-08,6.086150246970012e-12
g159725,0,0,0,30654,22878,30816,23148,0,0,1,INVxp67_ASAP7_75t_SL,3.428808792449445e-09,2.516372310176762e-12
g159727,0,0,0,31626,23958,31842,24228,0,0,1,INVx2_ASAP7_75t_L,1.040849628708429e-09,5.3963834269199484e-12
g159733,0,0,0,11754,33948,11916,34218,0,0,1,INVx1_ASAP7_75t_L,4.857479973807699e-10,3.386446532265344e-14
g159737,0,0,0,12456,32868,12618,33138,0,0,1,INVx1_ASAP7_75t_L,5.20423981686946e-10,4.241300642941412e-14
g159758,0,0,0,13266,26928,13428,27198,0,0,1,INVxp33_ASAP7_75t_R,1.7778400279722106e-11,1.7923583728318704e-09
g159761,0,0,0,31950,25038,32112,25308,0,0,1,INVx1_ASAP7_75t_SL,5.0640900361997865e-09,1.6402778547918806e-18
g159768,0,0,0,31734,23688,31896,23958,0,0,1,INVxp67_ASAP7_75t_SL,3.3760600981480593e-09,1.402879810723729e-18
g159772,0,0,0,32004,26928,32166,27198,0,0,1,INVxp67_ASAP7_75t_SL,3.4087348499411974e-09,6.454990142401584e-08
g159776,0,0,0,32328,26658,32598,26928,0,1,0,BUFx2_ASAP7_75t_SL,1.3483692384852475e-08,9.966136360617384e-08
g159787,0,0,0,12618,27738,12780,28008,0,0,1,INVxp33_ASAP7_75t_R,1.7778400279722106e-11,1.7225268988951825e-09
g159802,0,0,0,11916,27468,12078,27738,0,0,1,INVxp33_ASAP7_75t_R,1.7778400279722106e-11,9.077364415688294e-10
g159813,0,0,0,27522,33678,27792,33948,0,1,0,BUFx2_ASAP7_75t_SL,1.3563099976465764e-08,2.973106324377908e-18
g159825,0,0,0,33192,11808,33354,12078,0,0,1,INVxp67_ASAP7_75t_R,3.266319853478805e-11,1.1768836242190084e-18
g159829,0,0,0,33354,11808,33516,12078,0,0,1,INVxp67_ASAP7_75t_SL,3.4288101247170744e-09,1.0459719525248349e-18
g159835,0,0,0,26658,28008,26820,28278,0,0,1,INVx1_ASAP7_75t_SL,5.1130877309901734e-09,4.869751535352407e-08
g159836,0,0,0,26550,27468,26712,27738,0,0,1,INVxp67_ASAP7_75t_SL,3.3562945755960527e-09,3.442698925937293e-08
g159840,0,0,0,21366,29358,21528,29628,0,0,1,INVx1_ASAP7_75t_SL,5.034441752371777e-09,3.872423093298494e-08
g159845,0,0,0,18288,32598,18450,32868,0,0,1,INVxp67_ASAP7_75t_SL,3.4087348499411974e-09,2.0687840773803146e-08
g159846,0,0,0,17748,31788,17964,32058,0,1,0,HB1xp67_ASAP7_75t_SL,5.062684937939821e-09,5.1732246930669135e-08
g159847,0,0,0,12348,27468,12510,27738,0,0,1,INVxp33_ASAP7_75t_R,1.6334000124684778e-11,1.967389806623032e-09
g159852,0,0,0,32436,13428,32598,13698,0,0,1,INVxp67_ASAP7_75t_R,3.2471990374371984e-11,4.422535226922264e-08
g159863,0,0,0,19638,10728,19800,10998,0,0,1,INVx1_ASAP7_75t_R,4.8705497968093425e-11,4.8646253247852655e-08
g159864,0,0,0,19962,11268,20178,11538,0,0,1,INVx2_ASAP7_75t_L,1.034755503503959e-09,4.6485094884474165e-08
g159869,0,0,0,12888,27468,13050,27738,0,0,1,INVxp33_ASAP7_75t_R,1.6334000124684778e-11,5.5830531309197795e-09
g159871,0,0,0,18558,8838,18774,9108,0,0,1,INVx2_ASAP7_75t_SL,1.0068903932847206e-08,5.483394716065959e-08
g159873,0,0,0,18396,9108,18666,9378,0,1,0,BUFx2_ASAP7_75t_SL,1.3586982205993081e-08,9.763044772626017e-08
g159879,0,0,0,13752,30978,13968,31248,0,1,0,HB1xp67_ASAP7_75t_R,5.1280216184501626e-11,7.766450238477773e-08
g159881,0,0,0,15156,32598,15318,32868,0,0,1,INVxp33_ASAP7_75t_L,1.7145235231552647e-10,2.980421953679979e-08
g159882,0,0,0,13320,33408,13482,33678,0,0,1,INVxp67_ASAP7_75t_L,3.4289976413859335e-10,5.396317703798559e-08
g159884,0,0,0,13698,31518,13914,31788,0,1,0,HB1xp67_ASAP7_75t_SL,5.033049088609687e-09,1.241832308096491e-07
g159885,0,0,0,14022,30708,14184,30978,0,0,1,INVx1_ASAP7_75t_SL,5.004972436495336e-09,1.3402797094386187e-07
g159887,0,0,0,10026,23418,10242,23688,0,0,1,INVx2_ASAP7_75t_SL,1.016630690742204e-08,9.445963655707601e-08
g159894,0,0,0,8028,30168,9000,30438,0,1,0,BUFx12f_ASAP7_75t_SL,8.043016208603149e-08,8.021303301575244e-07
g159895,0,0,0,7488,30168,7650,30438,0,0,1,INVx1_ASAP7_75t_L,5.14347120450509e-10,9.536962153333661e-08
g159896,0,0,0,7812,29898,7974,30168,0,0,1,INVxp67_ASAP7_75t_R,3.5136751147524237e-11,5.046565831889893e-08
g159897,0,0,0,16290,29898,16560,30168,0,1,0,BUFx2_ASAP7_75t_SL,1.3404763521407403e-08,2.709653017518576e-07
g159898,0,0,0,16614,29628,16776,29898,0,0,1,INVxp67_ASAP7_75t_SL,3.3366485130414958e-09,9.609901496787643e-08
g159903,0,0,0,13428,11538,13644,11808,0,1,0,HB1xp67_ASAP7_75t_SL,5.033049088609687e-09,8.724538247406599e-08
g159904,0,0,0,13590,11268,13752,11538,0,0,1,INVx1_ASAP7_75t_L,5.14347120450509e-10,1.6495224031132238e-07
g159906,0,0,0,14292,11808,14508,12078,0,1,0,HB1xp67_ASAP7_75t_SL,5.033049088609687e-09,8.266837880910316e-08
g159907,0,0,0,15426,12348,15588,12618,0,0,1,INVxp67_ASAP7_75t_SL,3.3366485130414958e-09,1.1994896453870751e-07
g159908,0,0,0,14886,11538,15048,11808,0,0,1,INVxp67_ASAP7_75t_SL,3.38877903516277e-09,5.3211621775517415e-08
g159909,0,0,0,15372,11538,15534,11808,0,0,1,INVx1_ASAP7_75t_SL,5.004972436495336e-09,6.2012205148676e-08
g159913,0,0,0,7596,20178,7812,20448,0,0,1,INVx2_ASAP7_75t_L,1.0286962393024623e-09,2.337911269023607e-07
g159915,0,0,0,13266,20448,13590,20718,0,1,0,BUFx3_ASAP7_75t_SL,2.010719235556735e-08,4.54905432434316e-07
g159916,0,0,0,13482,20718,13644,20988,0,0,1,INVxp67_ASAP7_75t_SL,3.3366485130414958e-09,8.949152174864139e-08
g159917,0,0,0,13158,22068,13320,22338,0,0,1,INVxp67_ASAP7_75t_SL,3.38877903516277e-09,5.200996966436833e-08
g159918,0,0,0,13374,21258,13536,21528,0,0,1,INVx1_ASAP7_75t_SL,5.004972436495336e-09,7.197795781621608e-08
g159919,0,0,0,41076,12888,41346,13158,0,0,1,INVx3_ASAP7_75t_SL,1.533926052843526e-08,1.7591160883512202e-07
g159934,0,0,0,35244,14778,35460,15048,0,0,1,INVx2_ASAP7_75t_SL,1.0226175461980347e-08,1.9080282243066904e-07
g159957,0,0,0,27738,11268,27900,11538,0,0,1,INVx1_ASAP7_75t_L,5.173767525512574e-10,5.886933251986193e-08
g159958,0,0,0,25848,11268,26118,11538,0,1,0,BUFx2_ASAP7_75t_SL,1.3483692384852475e-08,1.369397040207332e-07
g159966,0,0,0,23634,12078,23796,12348,0,0,1,INVx1_ASAP7_75t_SL,5.1130877309901734e-09,3.508386470230107e-08
g159974,0,0,0,30492,31788,30654,32058,0,0,1,INVx1_ASAP7_75t_SL,5.034441752371777e-09,6.043534739319512e-08
g159976,0,0,0,29358,30708,29628,30978,0,1,0,BUFx2_ASAP7_75t_SL,1.3586982205993081e-08,9.318996063711893e-08
g159985,0,0,0,37620,18828,37782,19098,0,0,1,INVx1_ASAP7_75t_SL,5.1130877309901734e-09,5.033403738252673e-08
g159993,0,0,0,32760,20988,32922,21258,0,0,1,INVx1_ASAP7_75t_R,5.301315636474513e-11,6.90050825369326e-08
g159996,0,0,0,32220,20178,32490,20448,0,1,0,BUFx2_ASAP7_75t_L,1.310790809228024e-09,1.0143713780053076e-07
g159997,0,0,0,31626,20178,31788,20448,0,0,1,INVx1_ASAP7_75t_SL,5.034441752371777e-09,6.124049889422167e-08
g159998,0,0,0,39780,20178,39942,20448,0,0,1,INVx1_ASAP7_75t_SL,5.1130877309901734e-09,7.236424437451205e-08
g16,0,0,0,18720,16128,18936,16398,0,0,1,INVx2_ASAP7_75t_SL,5.10364994710244e-09,1.1616002666414715e-06
g160,0,0,0,44262,22068,44424,22338,0,0,1,INVxp33_ASAP7_75t_R,8.528100101101721e-12,1.9324754418903467e-07
g160007,0,0,0,38214,19908,38430,20178,0,0,1,INVx2_ASAP7_75t_SL,1.0068903932847206e-08,8.057772049596679e-08
g160018,0,0,0,12942,21798,13104,22068,0,0,1,INVx1_ASAP7_75t_SL,5.08315345371102e-09,8.725378108920268e-08
g160019,0,0,0,13104,21798,13266,22068,0,0,1,INVx1_ASAP7_75t_SL,5.004972436495336e-09,6.580315670134951e-08
g160027,0,0,0,15318,11268,15480,11538,0,0,1,INVx1_ASAP7_75t_SL,5.08315345371102e-09,8.277962137981376e-08
g160028,0,0,0,15588,12348,15750,12618,0,0,1,INVx1_ASAP7_75t_SL,5.004972436495336e-09,6.907874450234885e-08
g160033,0,0,0,40806,32598,41022,32868,0,0,1,INVx2_ASAP7_75t_SL,1.0068903932847206e-08,1.0136845673969219e-07
g160045,0,0,0,8406,29088,8568,29358,0,0,1,INVxp67_ASAP7_75t_L,3.4289976413859335e-10,4.993307101130995e-08
g160046,0,0,0,8892,29628,9108,29898,0,1,0,HB1xp67_ASAP7_75t_SL,5.033049088609687e-09,1.0163527974782482e-07
g160049,0,0,0,6732,30438,6948,30708,0,0,1,INVx2_ASAP7_75t_SL,1.016630690742204e-08,8.734343737160088e-08
g160051,0,0,0,14616,29628,14778,29898,0,0,1,INVxp67_ASAP7_75t_SL,3.3366485130414958e-09,1.7872285695830215e-07
g160060,0,0,0,1008,22338,1170,22608,0,0,1,INVxp33_ASAP7_75t_R,8.528100101101721e-12,1.8978042248818383e-07
g160061,0,0,0,22392,44208,22554,44478,0,0,1,INVxp33_ASAP7_75t_R,8.528100101101721e-12,1.8942989754577866e-07
g160062,0,0,0,1224,26388,1386,26658,0,0,1,INVxp33_ASAP7_75t_R,8.528100101101721e-12,2.1644049752467254e-07
g160063,0,0,0,23418,1818,23580,2088,0,0,1,INVxp33_ASAP7_75t_R,8.528100101101721e-12,1.8745112129181507e-07
g160064,0,0,0,44262,27468,44424,27738,0,0,1,INVxp33_ASAP7_75t_R,8.528100101101721e-12,1.0371538792242063e-06
g160065,0,0,0,40698,38268,40860,38538,0,0,1,INVxp33_ASAP7_75t_R,1.7674299523928738e-11,1.5155819710344076e-08
g160066,0,0,0,40050,25578,40212,25848,0,0,1,INVxp33_ASAP7_75t_R,1.7674299523928738e-11,1.5985788692773895e-08
g160067,0,0,0,34920,34758,35082,35028,0,0,1,INVxp33_ASAP7_75t_R,1.7778400279722106e-11,0.0
g160068,0,0,0,38646,36378,38808,36648,0,0,1,INVxp33_ASAP7_75t_R,1.7778400279722106e-11,3.2843327717706336e-15
g160069,0,0,0,34650,36648,34812,36918,0,0,1,INVxp67_ASAP7_75t_R,3.55518982309011e-11,0.0
g160072,0,0,0,38646,8838,38808,9108,0,0,1,INVxp33_ASAP7_75t_R,1.7778400279722106e-11,0.0
g160074,0,0,0,40374,10188,40536,10458,0,0,1,INVxp67_ASAP7_75t_R,3.55518982309011e-11,3.4250071566176805e-15
g160075,0,0,0,37728,25038,37890,25308,0,0,1,INVxp67_ASAP7_75t_R,3.55518982309011e-11,0.0
g160076,0,0,0,38322,36918,38484,37188,0,0,1,INVxp33_ASAP7_75t_R,1.7778400279722106e-11,0.0
g160077,0,0,0,37512,27468,37674,27738,0,0,1,INVxp33_ASAP7_75t_R,1.7674299523928738e-11,1.6920804313258486e-08
g160078,0,0,0,39402,37458,39564,37728,0,0,1,INVxp33_ASAP7_75t_R,1.7778400279722106e-11,0.0
g160079,0,0,0,37620,25578,37782,25848,0,0,1,INVxp67_ASAP7_75t_R,3.55518982309011e-11,0.0
g160080,0,0,0,41292,9378,41454,9648,0,0,1,INVxp33_ASAP7_75t_R,1.7778400279722106e-11,3.619001630219675e-15
g160081,0,0,0,34974,37728,35136,37998,0,0,1,INVxp67_ASAP7_75t_R,3.55518982309011e-11,0.0
g160083,0,0,0,39294,26928,39456,27198,0,0,1,INVxp33_ASAP7_75t_R,1.7674299523928738e-11,1.7387446149541574e-08
g160084,0,0,0,34974,36108,35136,36378,0,0,1,INVxp67_ASAP7_75t_R,3.55518982309011e-11,0.0
g160085,0,0,0,41184,25308,41346,25578,0,0,1,INVxp67_ASAP7_75t_R,3.534372447488998e-11,1.8088714526243166e-08
g160086,0,0,0,39078,37998,39240,38268,0,0,1,INVxp33_ASAP7_75t_R,1.7674299523928738e-11,1.2357670442497692e-08
g160087,0,0,0,40644,25038,40806,25308,0,0,1,INVxp33_ASAP7_75t_R,1.7778400279722106e-11,0.0
g160088,0,0,0,43560,8568,43722,8838,0,0,1,INVxp33_ASAP7_75t_R,1.7778400279722106e-11,0.0
g160089,0,0,0,36702,27198,36864,27468,0,0,1,INVxp33_ASAP7_75t_R,1.7778400279722106e-11,3.0802840170847303e-15
g160090,0,0,0,42750,8568,42912,8838,0,0,1,INVxp33_ASAP7_75t_R,1.7778400279722106e-11,0.0
g160091,0,0,0,37620,26388,37782,26658,0,0,1,INVxp67_ASAP7_75t_R,3.55518982309011e-11,4.044771211486522e-15
g160092,0,0,0,37350,9108,37512,9378,0,0,1,INVxp33_ASAP7_75t_R,1.7778400279722106e-11,0.0
g160093,0,0,0,38700,37458,38862,37728,0,0,1,INVxp33_ASAP7_75t_R,1.7778400279722106e-11,0.0
g160095,0,0,0,39780,8838,39942,9108,0,0,1,INVxp33_ASAP7_75t_R,1.7778400279722106e-11,0.0
g160097,0,0,0,23850,21528,24066,21798,0,0,1,INVx2_ASAP7_75t_R,5.115889656348571e-11,4.244905369432672e-07
g160098,0,0,0,23364,22068,23580,22338,0,0,1,INVx2_ASAP7_75t_L,5.030864613786434e-10,4.2347414819232654e-07
g160099,0,0,0,39132,26928,39294,27198,0,0,1,INVxp33_ASAP7_75t_R,1.7778400279722106e-11,3.979261683345874e-15
g160100,0,0,0,25686,23148,25848,23418,0,0,1,INVxp33_ASAP7_75t_R,1.7579118716248843e-11,2.874679516651213e-08
g160103,0,0,0,6084,30978,6246,31248,0,0,1,INVx1_ASAP7_75t_R,4.899229633092972e-11,8.524748692426132e-16
g160110,0,0,0,5868,30438,6030,30708,0,0,1,INVx1_ASAP7_75t_R,4.899229633092972e-11,8.489121957269024e-16
g160112,0,0,0,13482,8568,13644,8838,0,0,1,INVx1_ASAP7_75t_L,2.515430086447168e-10,7.457115316356067e-07
g160131,0,0,0,13698,8298,13860,8568,0,0,1,INVx1_ASAP7_75t_R,2.5579423995614192e-11,6.869614708193694e-07
g160140,0,0,0,11484,7218,11646,7488,0,0,1,INVx1_ASAP7_75t_R,2.5579423995614192e-11,6.23603739313694e-07
g160142,0,0,0,6300,18828,6462,19098,0,0,1,INVx1_ASAP7_75t_L,4.857479973807699e-10,4.743028747533629e-10
g160144,0,0,0,10620,7218,10782,7488,0,0,1,INVx1_ASAP7_75t_R,2.5579423995614192e-11,4.893976779385412e-07
g160145,0,0,0,7272,29358,7434,29628,0,0,1,INVx1_ASAP7_75t_R,4.899229633092972e-11,6.407756600375499e-16
g160147,0,0,0,5706,27738,5868,28008,0,0,1,INVx1_ASAP7_75t_R,4.899229633092972e-11,1.0470785183523614e-15
g160151,0,0,0,6462,31248,6624,31518,0,0,1,INVxp67_ASAP7_75t_L,3.23834015159008e-10,8.955891109556531e-16
g160153,0,0,0,22014,12348,22176,12618,0,0,1,INVxp67_ASAP7_75t_R,3.55518982309011e-11,8.23948114597739e-13
g160155,0,0,0,34704,13158,34866,13428,0,0,1,INVx1_ASAP7_75t_SL,5.143200088042477e-09,1.2473045599842303e-12
g160156,0,0,0,20610,30978,20772,31248,0,0,1,INVxp67_ASAP7_75t_R,3.55518982309011e-11,8.760066240107167e-13
g160157,0,0,0,26820,30168,26982,30438,0,0,1,INVxp67_ASAP7_75t_SL,3.4288101247170744e-09,7.8080695121302e-13
g160159,0,0,0,15048,28278,15210,28548,0,0,1,INVx1_ASAP7_75t_L,2.515430086447168e-10,2.1227717752481112e-06
g160160,0,0,0,9810,28278,9972,28548,0,0,1,INVxp33_ASAP7_75t_R,8.528100101101721e-12,5.755726419920393e-07
g161,0,0,0,22554,44208,22716,44478,0,0,1,INVxp33_ASAP7_75t_R,8.528100101101721e-12,2.1889800905228185e-07
g162,0,0,0,42912,33138,43236,33408,0,0,0,NAND4xp25_ASAP7_75t_SL,1.3426256550985727e-08,3.521259372973873e-08
g162472,0,0,0,18612,31518,19098,31788,0,0,0,XNOR2xp5_ASAP7_75t_SL,1.5058695623793028e-08,5.256294097893965e-12
g162473,0,0,0,35514,29628,36000,29898,0,0,0,XNOR2xp5_ASAP7_75t_SL,1.5157695543166483e-08,6.132312973389231e-12
g162474,0,0,0,32868,13428,33354,13698,0,0,0,XNOR2xp5_ASAP7_75t_SL,1.5157695543166483e-08,5.55471250593409e-12
g162475,0,0,0,30438,21798,30924,22068,0,0,0,XNOR2xp5_ASAP7_75t_SL,1.5157695543166483e-08,5.1707180204196845e-12
g162476,0,0,0,37134,30978,37620,31248,0,0,0,XNOR2xp5_ASAP7_75t_R,1.2570500196318335e-10,0.0
g162672,0,0,0,40158,7758,40482,8028,0,0,0,AOI22xp5_ASAP7_75t_SL,6.943870367592808e-09,3.156936756454343e-08
g162680,0,0,0,38646,6408,38970,6678,0,0,0,AOI22xp5_ASAP7_75t_SL,6.943870367592808e-09,4.398929576154842e-08
g162693,0,0,0,36324,6138,36648,6408,0,0,0,AOI22xp33_ASAP7_75t_SL,4.552903831722688e-09,2.7771999810966008e-08
g162845,0,0,0,32922,37728,33408,37998,0,0,0,AO22x1_ASAP7_75t_SL,7.52778817059152e-09,3.877224706387832e-15
g162904,0,0,0,31572,42048,31896,42318,0,0,0,AOI22xp5_ASAP7_75t_SL,6.943870367592808e-09,3.87486380759583e-08
g162906,0,0,0,27954,41778,28278,42048,0,0,0,AOI22xp5_ASAP7_75t_SL,6.943870367592808e-09,4.068107273269561e-08
g162909,0,0,0,28008,31788,28224,32058,0,1,0,HB1xp67_ASAP7_75t_SL,5.092500199310734e-09,4.1919965491476335e-15
g162910,0,0,0,30006,40698,30330,40968,0,0,0,AOI22xp5_ASAP7_75t_SL,6.829345533532205e-09,3.436702300518846e-08
g163,0,0,0,43290,30438,43614,30708,0,0,0,AND2x2_ASAP7_75t_L,1.1615419737154298e-09,1.0545305421687373e-17
g163172,0,0,0,18504,23148,18828,23418,0,0,0,AOI22xp33_ASAP7_75t_SL,3.8659226930803925e-09,2.3410322569361597e-07
g163204,0,0,0,18720,19368,19044,19638,0,0,0,AOI22xp33_ASAP7_75t_SL,3.870562981234116e-09,2.1972689978611015e-07
g163310,0,0,0,18126,21258,18450,21528,0,0,0,AOI22xp33_ASAP7_75t_L,3.059999476029418e-10,6.321291046162969e-09
g163319,0,0,0,17262,18558,17802,18828,0,0,0,AND2x4_ASAP7_75t_SL,2.476836868936516e-08,6.207675262714929e-09
g163643,0,0,0,16560,23148,16830,23418,0,0,1,INVx3_ASAP7_75t_SL,1.1872614891217381e-08,2.1404712242656387e-06
g163644,0,0,0,16560,23418,16776,23688,0,0,1,INVx2_ASAP7_75t_R,7.668587986842113e-11,1.0802681345012388e-06
g163646,0,0,0,19368,16128,19530,16398,0,0,1,INVxp67_ASAP7_75t_L,2.5335653019986637e-10,1.5521057150635897e-07
g163647,0,0,0,18936,17208,19152,17478,0,0,0,NOR2xp33_ASAP7_75t_SL,1.2938383697758127e-09,4.6675188158928904e-09
g163648_dup,0,0,0,18828,18288,19476,18558,0,0,0,OR2x6_ASAP7_75t_SL,3.473372345297321e-08,6.853366318892995e-09
g163649,0,0,0,18990,18558,19206,18828,0,0,0,NOR2xp33_ASAP7_75t_SL,1.2938383697758127e-09,4.482743953815316e-09
g163689,0,0,0,17424,18288,17748,18558,0,0,0,AOI22xp33_ASAP7_75t_SL,3.819338179056331e-09,2.5059588892872853e-07
g163703_dup,0,0,0,16128,18288,16452,18558,0,0,0,NOR2x1_ASAP7_75t_R,4.8124386420322907e-11,5.165668426343473e-07
g163706,0,0,0,14778,17478,15156,17748,0,0,0,AOI221xp5_ASAP7_75t_SL,6.033705979291426e-09,1.995465126469753e-08
g163720,0,0,0,17802,26118,18126,26388,0,0,0,AOI22xp33_ASAP7_75t_L,2.859104897279252e-10,3.856079455744066e-09
g163721,0,0,0,16452,26388,16668,26658,0,0,0,NAND2xp5_ASAP7_75t_L,1.995072163030187e-10,2.856607695831042e-17
g163722,0,0,0,17154,27738,17370,28008,0,0,0,NAND2xp5_ASAP7_75t_L,1.995072163030187e-10,3.292943152847049e-17
g163723,0,0,0,13482,27738,13698,28008,0,0,1,INVx2_ASAP7_75t_L,9.777619824902217e-10,1.3853062341695477e-07
g163724,0,0,0,6732,24768,6948,25038,0,0,0,NAND2xp5_ASAP7_75t_L,1.9901622017037823e-10,6.174444022032262e-17
g163725,0,0,0,16236,27738,16452,28008,0,0,0,NAND2xp5_ASAP7_75t_L,1.9901622017037823e-10,3.5190738182398556e-17
g163726,0,0,0,15804,21528,16020,21798,0,0,0,NAND2xp5_ASAP7_75t_L,1.9901622017037823e-10,3.318744570513803e-17
g163727,0,0,0,10458,26388,10674,26658,0,0,0,NAND2xp5_ASAP7_75t_L,2.004558879997731e-10,6.817065578701431e-09
g163728,0,0,0,16452,27738,16668,28008,0,0,0,NAND2xp5_ASAP7_75t_L,1.9901622017037823e-10,3.1302536008423647e-17
g163729,0,0,0,6030,25308,6246,25578,0,0,0,NAND2xp5_ASAP7_75t_L,1.9901622017037823e-10,1.2073009413143799e-16
g163746,0,0,0,16506,18558,16830,18828,0,0,0,AND2x2_ASAP7_75t_SL,1.0841709752185125e-08,1.1392024816814228e-06
g163752,0,0,0,17100,17478,17424,17748,0,0,0,AOI22xp5_ASAP7_75t_R,5.825219473454268e-11,4.534705766445768e-08
g163754,0,0,0,10620,20448,10944,20718,0,0,0,AOI22xp5_ASAP7_75t_R,5.825220167343659e-11,7.075261976297043e-08
g163756,0,0,0,15426,16938,15750,17208,0,0,0,AOI22xp5_ASAP7_75t_R,5.825220167343659e-11,5.337604846999966e-08
g163757,0,0,0,7812,20718,8136,20988,0,0,0,AOI22xp5_ASAP7_75t_R,5.825220167343659e-11,6.173346633886467e-08
g163758,0,0,0,12186,18018,12510,18288,0,0,0,AOI22xp5_ASAP7_75t_R,5.825220167343659e-11,5.8155002591320226e-08
g163759,0,0,0,5814,17208,6138,17478,0,0,0,AOI22xp5_ASAP7_75t_R,5.825220861233049e-11,5.747897802166335e-08
g163762,0,0,0,15912,23148,16236,23418,0,0,0,AOI22xp5_ASAP7_75t_R,5.825220167343659e-11,5.4665882487370254e-08
g163764,0,0,0,8784,21798,9108,22068,0,0,0,AOI22xp5_ASAP7_75t_L,4.2582717907357903e-10,7.448706895729629e-08
g163765,0,0,0,8730,22878,9054,23148,0,0,0,AOI22xp5_ASAP7_75t_L,4.2582717907357903e-10,6.94865889272478e-08
g163767,0,0,0,19098,23418,19314,23688,0,0,0,NAND2xp5_ASAP7_75t_L,1.9950775753674321e-10,1.2506921496721612e-12
g163768,0,0,0,8136,24228,8460,24498,0,0,0,AOI22xp33_ASAP7_75t_SL,3.0315341348341462e-09,7.251944111885678e-08
g163770,0,0,0,17046,20448,17262,20718,0,0,0,NAND2xp5_ASAP7_75t_SL,1.949747030494109e-09,8.352188940463634e-10
g163771,0,0,0,18828,23148,19044,23418,0,0,0,NAND2xp5_ASAP7_75t_L,1.9901678915967835e-10,1.6435262439190579e-12
g163774,0,0,0,16452,16128,16722,16398,0,0,0,AOI21xp5_ASAP7_75t_SL,5.609444020393539e-09,4.524440555542242e-08
g163775,0,0,0,13266,21798,13644,22068,0,0,0,AOI221xp5_ASAP7_75t_SL,6.01346572537409e-09,1.5590096325013292e-08
g163776,0,0,0,13590,21528,13968,21798,0,0,0,AOI221xp5_ASAP7_75t_SL,6.01346572537409e-09,1.431826213149634e-08
g163815,0,0,0,22230,9918,22446,10188,0,1,0,HB1xp67_ASAP7_75t_L,4.973330081092797e-10,4.130670093217001e-15
g163886,0,0,0,34650,11538,34866,11808,0,1,0,HB1xp67_ASAP7_75t_SL,5.092500199310734e-09,0.0
g163888,0,0,0,33894,4788,34218,5058,0,0,0,AOI22xp5_ASAP7_75t_SL,3.6828700089586164e-09,0.0
g163890,0,0,0,35784,7218,36108,7488,0,0,0,AOI22xp33_ASAP7_75t_SL,4.5797001746450405e-09,0.0
g163893,0,0,0,38484,7758,38808,8028,0,0,0,AOI22xp5_ASAP7_75t_SL,6.829345533532205e-09,5.8042282091719244e-08
g163896,0,0,0,38754,5058,39078,5328,0,0,0,AOI22xp5_ASAP7_75t_SL,6.829345533532205e-09,4.335555914281031e-08
g163897,0,0,0,36324,4788,36648,5058,0,0,0,AOI22xp33_ASAP7_75t_L,4.6133941111747845e-10,3.055788866390685e-08
g163907,0,0,0,40212,30168,40536,30438,0,0,0,AND2x2_ASAP7_75t_L,1.1615419737154298e-09,1.0829932480202582e-17
g163908,0,0,0,39510,19638,39834,19908,0,0,0,OAI211xp5_ASAP7_75t_SL,1.0061957489426732e-08,2.6567558819579062e-08
g163909,0,0,0,39456,25308,39780,25578,0,0,0,NOR2xp67_ASAP7_75t_SL,6.858430268152915e-09,3.1659889282702885e-15
g163910,0,0,0,29088,12618,29304,12888,0,0,0,NAND2xp5_ASAP7_75t_SL,1.859943976612044e-09,1.3168718893119546e-10
g163916,0,0,0,31788,37458,32112,37728,0,0,0,NOR2xp67_ASAP7_75t_SL,6.858430268152915e-09,2.6632155817685535e-15
g163917,0,0,0,31140,37188,31626,37458,0,0,0,AO22x1_ASAP7_75t_SL,7.528013767910124e-09,3.2629204141387553e-15
g163919,0,0,0,37620,14238,37944,14508,0,0,0,AND2x2_ASAP7_75t_R,1.251552472769646e-10,1.0166998504439308e-17
g163920,0,0,0,38700,13698,39024,13968,0,0,0,AOI211xp5_ASAP7_75t_SL,8.092321479580278e-09,2.467233121839353e-15
g163921,0,0,0,38808,13968,39132,14238,0,0,0,AND2x2_ASAP7_75t_R,1.251552472769646e-10,9.90530420122652e-18
g163923,0,0,0,29034,3978,29358,4248,0,0,0,AOI22xp5_ASAP7_75t_SL,6.829345533532205e-09,3.486025690335737e-08
g163929,0,0,0,28872,6948,29196,7218,0,0,0,AOI22xp5_ASAP7_75t_SL,6.943870367592808e-09,3.325991571045961e-08
g163930,0,0,0,22176,4788,22500,5058,0,0,0,AOI22xp33_ASAP7_75t_SL,4.552903831722688e-09,2.6938263175679822e-08
g163931,0,0,0,23850,8298,24174,8568,0,0,0,AOI22xp5_ASAP7_75t_SL,6.829345533532205e-09,3.399116010882608e-08
g163932,0,0,0,26820,7758,27144,8028,0,0,0,AOI22xp5_ASAP7_75t_SL,6.829345533532205e-09,5.143287751252501e-08
g163947,0,0,0,36864,10998,37080,11268,0,0,0,NOR2xp33_ASAP7_75t_R,3.239540233290761e-11,0.0
g163948,0,0,0,36972,11268,37620,11538,0,0,0,OR2x6_ASAP7_75t_SL,4.100160211351067e-08,0.0
g163987,0,0,0,42858,30168,43182,30438,0,0,0,AND2x2_ASAP7_75t_L,1.1615419737154298e-09,1.0506906043291436e-17
g163992,0,0,0,23364,35028,23688,35298,0,0,0,AND2x2_ASAP7_75t_SL,1.1980177738735165e-08,1.3295189613142333e-17
g164,0,0,0,22230,44208,22392,44478,0,0,1,INVxp33_ASAP7_75t_R,8.528100101101721e-12,1.9863625766447512e-07
g164004,0,0,0,39888,32598,40050,32868,0,0,1,INVx1_ASAP7_75t_SL,5.1130877309901734e-09,4.0036802317899856e-08
g164005,0,0,0,36702,39888,37026,40158,0,0,0,NAND2x1_ASAP7_75t_SL,1.0073673450960996e-08,9.548914192691882e-08
g164006,0,0,0,40536,33678,40752,33948,0,0,0,NAND2xp5_ASAP7_75t_SL,4.98926278069689e-09,2.7448933792584285e-08
g164007,0,0,0,39024,32328,39186,32598,0,0,1,INVx1_ASAP7_75t_SL,5.1130877309901734e-09,2.933729170706556e-08
g164013,0,0,0,36054,28548,36378,28818,0,1,0,BUFx3_ASAP7_75t_SL,2.0380573673151048e-08,1.4489251043414697e-07
g164038,0,0,0,33084,23418,33408,23688,0,0,0,OR2x2_ASAP7_75t_SL,1.7002399488319497e-08,1.7641197544112676e-14
g164047,0,0,0,42750,18828,43074,19098,0,0,0,AOI22xp33_ASAP7_75t_SL,4.552903831722688e-09,3.5401477305185836e-08
g164049,0,0,0,42804,24498,43128,24768,0,0,0,AOI22xp5_ASAP7_75t_SL,6.829345533532205e-09,3.445303065063854e-08
g164055,0,0,0,23148,9648,23418,9918,0,0,1,INVx3_ASAP7_75t_SL,1.54295989318598e-08,0.0
g164088,0,0,0,40752,11538,40968,11808,0,0,0,NAND2xp33_ASAP7_75t_SL,1.2398131410407132e-09,1.1131012084275582e-10
g164094,0,0,0,38970,19098,39294,19368,0,0,0,AOI22xp5_ASAP7_75t_SL,3.7016094633912644e-09,2.4631294589681427e-15
g164096,0,0,0,38916,19368,39240,19638,0,0,0,OAI211xp5_ASAP7_75t_SL,7.716799643731065e-09,3.020483774207605e-08
g164102,0,0,0,40914,41508,41238,41778,0,0,0,NAND2x1_ASAP7_75t_SL,1.0073673450960996e-08,8.933378126130265e-08
g164104,0,0,0,39132,18558,39456,18828,0,0,0,AOI211xp5_ASAP7_75t_SL,8.092321479580278e-09,2.1030398712225786e-15
g164106,0,0,0,28710,12618,29034,12888,0,0,0,AOI211xp5_ASAP7_75t_SL,8.092321479580278e-09,2.2337139733361044e-15
g164111,0,0,0,42318,13158,42642,13428,0,0,0,AOI211xp5_ASAP7_75t_SL,8.092321479580278e-09,2.2733335159274507e-15
g164112,0,0,0,43236,13698,43560,13968,0,0,0,AND2x2_ASAP7_75t_R,1.251552472769646e-10,1.0299459071830488e-17
g164113,0,0,0,41832,13158,42156,13428,0,0,0,AOI211xp5_ASAP7_75t_SL,8.092321479580278e-09,2.2544383284565754e-15
g164114,0,0,0,42264,13698,42588,13968,0,0,0,AND2x2_ASAP7_75t_R,1.251552472769646e-10,1.0087338529908614e-17
g164212,0,0,0,37350,34218,37674,34488,0,0,0,AND2x2_ASAP7_75t_SL,1.695224938202955e-08,7.796227663448008e-08
g164213,0,0,0,37134,33948,37350,34218,0,0,0,NAND2xp5_ASAP7_75t_SL,6.714044431532784e-09,4.544700971109705e-08
g164218,0,0,0,41292,13428,41616,13698,0,0,0,AOI211xp5_ASAP7_75t_SL,8.092321479580278e-09,2.1812697166486176e-15
g164219,0,0,0,40752,10998,41076,11268,0,0,0,NAND4xp25_ASAP7_75t_SL,1.3426257439164146e-08,3.4308001772842545e-08
g164220,0,0,0,41184,13968,41508,14238,0,0,0,AND2x2_ASAP7_75t_R,1.251552472769646e-10,9.99207131158027e-18
g164241,0,0,0,15588,18018,16128,18288,0,1,0,BUFx6f_ASAP7_75t_SL,3.822627903105058e-08,1.3094708037897362e-06
g164243,0,0,0,15588,17478,16128,17748,0,1,0,BUFx6f_ASAP7_75t_SL,3.822627903105058e-08,1.2988784874323756e-06
g164244,0,0,0,13320,22068,13644,22338,0,1,0,BUFx3_ASAP7_75t_SL,1.9113041815899123e-08,3.77290916730999e-07
g164246_dup,0,0,0,32328,26928,32652,27198,0,1,0,BUFx3_ASAP7_75t_L,1.0062150002099202e-09,3.5383045542403124e-06
g164248,0,0,0,17424,14238,17694,14508,0,0,0,AOI21xp5_ASAP7_75t_SL,8.406805918070859e-09,2.9029314063677703e-08
g164250,0,0,0,17370,15048,17694,15318,0,0,0,AND3x1_ASAP7_75t_SL,6.800348728575045e-09,6.031986021781677e-10
g164251,0,0,0,17208,22878,17640,23148,0,0,0,NOR2x1p5_ASAP7_75t_L,7.984745642453106e-10,9.393772302246362e-07
g164265,0,0,0,15858,22338,16182,22608,0,1,0,BUFx3_ASAP7_75t_SL,1.5896731042630563e-08,1.8224648101750063e-06
g164270_dup176230,0,0,0,20340,20988,20664,21258,0,0,0,OR2x2_ASAP7_75t_SL,1.1886590378651363e-08,2.6786097784281537e-09
g164270_dup_dup,0,0,0,19692,20988,20016,21258,0,0,0,OR2x2_ASAP7_75t_SL,1.1886590378651363e-08,3.230848921731422e-09
g164274,0,0,0,17748,18288,17964,18558,0,0,1,INVx2_ASAP7_75t_R,5.115889656348571e-11,7.367916623479687e-07
g164277,0,0,0,16128,20178,16344,20448,0,0,1,INVx2_ASAP7_75t_SL,7.915128108493263e-09,5.674351086781826e-07
g164279,0,0,0,16452,19368,16992,19638,0,0,0,AND2x4_ASAP7_75t_SL,2.4484855032369524e-08,1.0600359701129491e-06
g164280,0,0,0,16506,18828,16830,19098,0,0,0,AND2x2_ASAP7_75t_SL,9.018831903517821e-09,9.970657401936478e-07
g164284_dup,0,0,0,17802,15318,18126,15588,0,0,0,OR2x2_ASAP7_75t_SL,1.0776730618999864e-08,1.638842377360561e-06
g164286,0,0,0,17370,21528,17694,21798,0,0,0,AOI22xp5_ASAP7_75t_L,5.788549084506656e-10,2.3010639438325597e-07
g164288,0,0,0,17100,15588,17424,15858,0,0,0,NOR2x1_ASAP7_75t_SL,5.518228984868756e-09,6.278294222283876e-07
g164289,0,0,0,16236,16128,16452,16398,0,0,1,INVx2_ASAP7_75t_SL,5.10364994710244e-09,1.4538554751197807e-06
g164296,0,0,0,16668,15588,17100,15858,0,0,1,INVx6_ASAP7_75t_SL,1.5310874346141645e-08,2.267398031108314e-06
g164306,0,0,0,18990,11268,19314,11538,0,0,0,NOR2xp67_ASAP7_75t_SL,5.684698045627101e-09,4.161684614700789e-07
g164307,0,0,0,14454,11268,14724,11538,0,0,0,OAI21xp33_ASAP7_75t_SL,4.444170809136949e-09,2.604528571981124e-12
g164308,0,0,0,18720,26928,19044,27198,0,0,0,OAI211xp5_ASAP7_75t_SL,8.280090391110662e-09,5.62374680157518e-07
g164316,0,0,0,16884,23148,17154,23418,0,0,1,INVx3_ASAP7_75t_SL,1.1872614891217381e-08,1.0633784768288024e-06
g164319,0,0,0,15696,17208,16128,17478,0,0,0,NOR2x1p5_ASAP7_75t_SL,7.392940037931339e-09,2.999141202053579e-07
g164320,0,0,0,15696,18288,16128,18558,0,0,0,NAND2x1p5_ASAP7_75t_SL,7.811809865643227e-09,1.100791678254609e-06
g164326,0,0,0,17262,15318,17802,15588,0,0,0,AND2x4_ASAP7_75t_SL,2.476836868936516e-08,7.358518239186651e-09
g164327,0,0,0,15318,22608,16398,22878,0,0,0,NOR3x2_ASAP7_75t_SL,1.360111578918577e-08,1.041313794303278e-06
g164328,0,0,0,15696,22878,15966,23148,0,0,1,INVx3_ASAP7_75t_SL,7.655449607568698e-09,1.214717030961765e-06
g164330,0,0,0,15750,20178,16074,20448,0,0,1,INVx4_ASAP7_75t_SL,1.0207275025209128e-08,1.6100095763249556e-06
g164332,0,0,0,19530,17208,19854,17478,0,0,1,INVx4_ASAP7_75t_SL,1.0207275025209128e-08,1.8549310425441945e-06
g164334,0,0,0,15534,19908,16614,20178,0,0,0,NAND3x2_ASAP7_75t_SL,1.4771522671708226e-08,1.1431643542891834e-06
g164335,0,0,0,16236,19098,16668,19368,0,0,0,NOR2x1p5_ASAP7_75t_SL,7.481173902590399e-09,8.865608833730221e-07
g164336,0,0,0,16668,19098,16884,19368,0,0,1,INVx2_ASAP7_75t_L,5.030864613786434e-10,5.105877107780543e-07
g164337,0,0,0,15534,17748,16614,18018,0,0,0,NAND3x2_ASAP7_75t_SL,1.4771522671708226e-08,9.983181143979891e-07
g164339,0,0,0,15966,22878,17046,23148,0,0,0,NAND3x2_ASAP7_75t_SL,1.4771522671708226e-08,1.5374444046756253e-06
g164340,0,0,0,16236,23148,16560,23418,0,0,1,INVx4_ASAP7_75t_L,1.006172478668077e-09,9.064128789759707e-07
g164347,0,0,0,17100,10998,17316,11268,0,0,0,NOR2xp33_ASAP7_75t_SL,2.8410791497179844e-09,4.061672882471612e-07
g164348,0,0,0,16776,27198,17100,27468,0,0,0,OAI211xp5_ASAP7_75t_SL,8.280086838396983e-09,6.878224212414352e-07
g164350,0,0,0,16182,18828,16506,19098,0,0,0,NOR2x1_ASAP7_75t_SL,4.915882367839686e-09,7.565043347312894e-07
g164351,0,0,0,16128,17208,16884,17478,0,0,0,AND3x4_ASAP7_75t_SL,2.3478598620840785e-08,1.3174798141335486e-06
g164352,0,0,0,16614,17748,16938,18018,0,0,0,NOR2x1_ASAP7_75t_SL,4.915882367839686e-09,5.158292424312094e-07
g165,0,0,0,27036,30708,27360,30978,0,0,0,OAI211xp5_ASAP7_75t_SL,9.985469340278996e-09,5.16787803075589e-15
g165153,0,0,0,32976,23958,33408,24228,0,0,0,OR2x4_ASAP7_75t_SL,2.206380145253206e-08,0.0
g165213,0,0,0,16290,15858,17046,16128,0,0,0,NAND4xp75_ASAP7_75t_SL,5.5761137929266624e-09,2.2043737946120245e-09
g165288,0,0,0,7218,34488,7542,34758,0,0,0,AOI22xp33_ASAP7_75t_SL,4.104609541144555e-09,0.0
g165292,0,0,0,6894,33138,7218,33408,0,0,0,AOI22xp33_ASAP7_75t_SL,4.104609541144555e-09,7.222526592064475e-16
g165300,0,0,0,9054,34758,9378,35028,0,0,0,AOI22xp33_ASAP7_75t_SL,4.104609541144555e-09,7.136527866325338e-16
g165302,0,0,0,6192,34758,6516,35028,0,0,0,AOI22xp33_ASAP7_75t_SL,4.104609541144555e-09,0.0
g165319,0,0,0,5166,5328,5490,5598,0,0,0,AOI22xp33_ASAP7_75t_SL,2.4552555544232746e-09,2.2201262943127246e-17
g165323,0,0,0,7002,5868,7326,6138,0,0,0,AOI22xp33_ASAP7_75t_SL,2.4552586630477435e-09,3.4637099580971914e-17
g165337,0,0,0,8676,3978,9000,4248,0,0,0,AOI22xp33_ASAP7_75t_SL,2.4552504473973613e-09,3.338419276761337e-23
g165339,0,0,0,14292,8568,14616,8838,0,0,0,AOI22xp33_ASAP7_75t_SL,2.4552586630477435e-09,3.211188591569248e-17
g165344,0,0,0,34596,24768,34920,25038,0,0,0,AOI22xp5_ASAP7_75t_SL,8.462819778287667e-09,0.0
g165346,0,0,0,25308,40428,25632,40698,0,0,0,AOI22xp5_ASAP7_75t_SL,8.41263858575303e-09,3.247903279657294e-08
g165350,0,0,0,33516,26388,33840,26658,0,0,0,AOI22xp5_ASAP7_75t_SL,8.520370187170556e-09,8.172200133130855e-15
g165354,0,0,0,25254,6678,25578,6948,0,0,0,AOI22xp5_ASAP7_75t_SL,8.469842605052236e-09,3.4785124114478094e-08
g165355,0,0,0,24012,6948,24336,7218,0,0,0,AOI22xp5_ASAP7_75t_SL,8.462819778287667e-09,0.0
g165356,0,0,0,34488,25848,34812,26118,0,0,0,AOI22xp5_ASAP7_75t_SL,8.462819778287667e-09,0.0
g165359,0,0,0,27576,40158,27900,40428,0,0,0,AOI22xp5_ASAP7_75t_SL,8.462819778287667e-09,0.0
g165360,0,0,0,35460,40428,35784,40698,0,0,0,AOI22xp5_ASAP7_75t_SL,8.462819778287667e-09,0.0
g165364,0,0,0,21096,25038,21366,25308,0,0,0,AOI21xp5_ASAP7_75t_SL,5.003466529984735e-09,5.098382871437934e-08
g165371,0,0,0,41022,23688,41346,23958,0,0,0,AOI22xp5_ASAP7_75t_SL,8.462819778287667e-09,0.0
g165375,0,0,0,19206,40968,19530,41238,0,0,0,AOI22xp33_ASAP7_75t_SL,5.608445707849796e-09,2.7847953276705084e-08
g165378,0,0,0,41238,24768,41562,25038,0,0,0,AOI22xp5_ASAP7_75t_SL,8.520370187170556e-09,8.172719364327521e-15
g165380,0,0,0,19152,40158,19476,40428,0,0,0,AOI22xp5_ASAP7_75t_SL,8.635570480919341e-09,7.57478694839945e-15
g165384,0,0,0,25146,5868,25470,6138,0,0,0,AOI22xp5_ASAP7_75t_SL,8.462819778287667e-09,0.0
g165385,0,0,0,40698,23688,41022,23958,0,0,0,AOI22xp5_ASAP7_75t_SL,8.462819778287667e-09,0.0
g165388,0,0,0,31194,40968,31518,41238,0,0,0,AOI22xp5_ASAP7_75t_SL,8.462819778287667e-09,0.0
g165389,0,0,0,40428,40158,40752,40428,0,0,0,AOI22xp5_ASAP7_75t_SL,8.462819778287667e-09,0.0
g165390,0,0,0,25038,5058,25362,5328,0,0,0,AOI22xp5_ASAP7_75t_SL,8.469842605052236e-09,3.1835881486586004e-08
g165393,0,0,0,19962,24498,20232,24768,0,0,0,AOI21xp5_ASAP7_75t_SL,5.003466529984735e-09,5.1161858749537714e-08
g165400,0,0,0,43020,24768,43344,25038,0,0,0,AOI22xp5_ASAP7_75t_SL,8.520370187170556e-09,0.0
g165405,0,0,0,22446,42588,22770,42858,0,0,0,AOI22xp5_ASAP7_75t_SL,8.41263858575303e-09,3.320155883557163e-08
g165407,0,0,0,42210,25848,42534,26118,0,0,0,AOI22xp5_ASAP7_75t_SL,8.520370187170556e-09,7.945822954680618e-15
g165409,0,0,0,22284,41778,22608,42048,0,0,0,AOI22xp5_ASAP7_75t_SL,8.635570480919341e-09,7.466167678408294e-15
g165413,0,0,0,30060,4248,30384,4518,0,0,0,AOI22xp5_ASAP7_75t_SL,8.462819778287667e-09,0.0
g165414,0,0,0,43182,25578,43506,25848,0,0,0,AOI22xp5_ASAP7_75t_SL,8.462819778287667e-09,0.0
g165417,0,0,0,27090,42048,27414,42318,0,0,0,AOI22xp5_ASAP7_75t_SL,8.462819778287667e-09,0.0
g165418,0,0,0,43452,41238,43776,41508,0,0,0,AOI22xp5_ASAP7_75t_SL,8.462819778287667e-09,0.0
g165419,0,0,0,28926,4788,29250,5058,0,0,0,AOI22xp5_ASAP7_75t_SL,8.469842605052236e-09,3.4537478654783627e-08
g165423,0,0,0,18720,13968,18990,14238,0,0,0,AOI21xp5_ASAP7_75t_SL,5.003466529984735e-09,4.9921666800401e-08
g165433,0,0,0,41130,21798,41454,22068,0,0,0,AOI22xp5_ASAP7_75t_SL,8.462819778287667e-09,0.0
g165435,0,0,0,20772,39618,21096,39888,0,0,0,AOI22xp5_ASAP7_75t_SL,8.469842605052236e-09,3.2010241568514175e-08
g165437,0,0,0,41454,21798,41778,22068,0,0,0,AOI22xp5_ASAP7_75t_SL,8.520370187170556e-09,8.709734017722012e-15
g165441,0,0,0,29682,5598,30006,5868,0,0,0,AOI22xp5_ASAP7_75t_SL,8.469842605052236e-09,3.416220906160561e-08
g165443,0,0,0,31032,5598,31356,5868,0,0,0,AOI22xp5_ASAP7_75t_SL,8.462819778287667e-09,0.0
g165444,0,0,0,40698,21258,41022,21528,0,0,0,AOI22xp5_ASAP7_75t_SL,8.462819778287667e-09,0.0
g165447,0,0,0,29142,41508,29466,41778,0,0,0,AOI22xp5_ASAP7_75t_SL,8.462819778287667e-09,0.0
g165448,0,0,0,40968,41238,41292,41508,0,0,0,AOI22xp5_ASAP7_75t_SL,8.462819778287667e-09,0.0
g165450,0,0,0,20988,15048,21258,15318,0,0,0,AOI21xp5_ASAP7_75t_SL,5.003466529984735e-09,4.928771346612848e-08
g165461,0,0,0,34596,20448,34920,20718,0,0,0,AOI22xp5_ASAP7_75t_SL,8.462819778287667e-09,0.0
g165465,0,0,0,21528,40158,21852,40428,0,0,0,AOI22xp5_ASAP7_75t_SL,8.41263858575303e-09,3.332291953483946e-08
g165467,0,0,0,33624,20718,33948,20988,0,0,0,AOI22xp5_ASAP7_75t_SL,8.520370187170556e-09,8.16884503562678e-15
g165471,0,0,0,21366,5058,21690,5328,0,0,0,AOI22xp5_ASAP7_75t_SL,8.469842605052236e-09,3.352866784211983e-08
g165473,0,0,0,21312,3978,21636,4248,0,0,0,AOI22xp5_ASAP7_75t_SL,8.462819778287667e-09,0.0
g165474,0,0,0,33570,19098,33894,19368,0,0,0,AOI22xp5_ASAP7_75t_SL,8.462819778287667e-09,0.0
g165476,0,0,0,28656,40158,28980,40428,0,0,0,AOI22xp5_ASAP7_75t_SL,8.462819778287667e-09,0.0
g165477,0,0,0,36918,39348,37242,39618,0,0,0,AOI22xp5_ASAP7_75t_SL,8.462819778287667e-09,0.0
g165482,0,0,0,14184,12618,14454,12888,0,0,0,AOI21xp5_ASAP7_75t_SL,5.003466529984735e-09,4.714196322197495e-08
g165490,0,0,0,43344,21258,43668,21528,0,0,0,AOI22xp5_ASAP7_75t_SL,8.462819778287667e-09,0.0
g165493,0,0,0,18126,37188,18450,37458,0,0,0,AOI22xp5_ASAP7_75t_SL,8.41263858575303e-09,3.3146932310046395e-08
g165496,0,0,0,42426,20988,42750,21258,0,0,0,AOI22xp5_ASAP7_75t_SL,8.520370187170556e-09,8.25176532599824e-15
g165500,0,0,0,23202,8838,23526,9108,0,0,0,AOI22xp5_ASAP7_75t_SL,8.469842605052236e-09,3.361198608331506e-08
g165502,0,0,0,23256,7758,23580,8028,0,0,0,AOI22xp5_ASAP7_75t_SL,8.462819778287667e-09,0.0
g165503,0,0,0,34650,19368,34974,19638,0,0,0,AOI22xp5_ASAP7_75t_SL,8.462819778287667e-09,0.0
g165506,0,0,0,28926,36648,29250,36918,0,0,0,AOI22xp5_ASAP7_75t_SL,8.462819778287667e-09,0.0
g165507,0,0,0,43344,36918,43668,37188,0,0,0,AOI22xp5_ASAP7_75t_SL,8.462819778287667e-09,0.0
g165510,0,0,0,13752,12348,14022,12618,0,0,0,AOI21xp5_ASAP7_75t_SL,5.003466529984735e-09,5.1290960811911646e-08
g165519,0,0,0,35946,24228,36270,24498,0,0,0,AOI22xp5_ASAP7_75t_SL,8.462819778287667e-09,0.0
g165522,0,0,0,16884,42048,17208,42318,0,0,0,AOI22xp5_ASAP7_75t_SL,8.41263858575303e-09,3.121236957781548e-08
g165525,0,0,0,36378,23148,36702,23418,0,0,0,AOI22xp5_ASAP7_75t_SL,8.520370187170556e-09,8.762924298677793e-15
g165529,0,0,0,22986,4788,23310,5058,0,0,0,AOI22xp5_ASAP7_75t_SL,8.469842605052236e-09,3.3944644428629545e-08
g165531,0,0,0,22878,5058,23202,5328,0,0,0,AOI22xp5_ASAP7_75t_SL,8.462819778287667e-09,0.0
g165532,0,0,0,35622,24228,35946,24498,0,0,0,AOI22xp5_ASAP7_75t_SL,8.462819778287667e-09,0.0
g165535,0,0,0,34542,42588,34866,42858,0,0,0,AOI22xp5_ASAP7_75t_SL,8.462819778287667e-09,0.0
g165536,0,0,0,38376,40968,38700,41238,0,0,0,AOI22xp33_ASAP7_75t_SL,5.641900280295431e-09,0.0
g165540,0,0,0,16236,25038,16506,25308,0,0,0,AOI21xp5_ASAP7_75t_SL,5.003466529984735e-09,5.20548368854179e-08
g165546,0,0,0,35514,24768,35838,25038,0,0,0,AOI22xp5_ASAP7_75t_SL,8.462819778287667e-09,0.0
g165555,0,0,0,18936,42048,19260,42318,0,0,0,AOI22xp5_ASAP7_75t_SL,8.520370187170556e-09,7.942016388615657e-15
g165559,0,0,0,25470,8568,25794,8838,0,0,0,AOI22xp33_ASAP7_75t_SL,5.641900280295431e-09,0.0
g165563,0,0,0,34542,42858,34866,43128,0,0,0,AOI22xp5_ASAP7_75t_SL,8.462819778287667e-09,0.0
g165569,0,0,0,13158,20718,13428,20988,0,0,0,AOI21xp5_ASAP7_75t_SL,5.003466529984735e-09,5.204604036634919e-08
g165574,0,0,0,24444,42588,24768,42858,0,0,0,AOI22xp33_ASAP7_75t_SL,5.608445707849796e-09,2.7101414445951377e-08
g165577,0,0,0,33732,24768,34056,25038,0,0,0,AOI22xp5_ASAP7_75t_SL,8.462819778287667e-09,0.0
g165582,0,0,0,33300,25848,33624,26118,0,0,0,AOI22xp5_ASAP7_75t_SL,8.520370187170556e-09,8.666380330382695e-15
g165587,0,0,0,30762,4788,31086,5058,0,0,0,AOI22xp5_ASAP7_75t_SL,8.462819778287667e-09,0.0
g165590,0,0,0,34488,41238,34812,41508,0,0,0,AOI22xp5_ASAP7_75t_SL,8.462819778287667e-09,0.0
g165591,0,0,0,35838,40698,36162,40968,0,0,0,AOI22xp5_ASAP7_75t_SL,8.462819778287667e-09,0.0
g165592,0,0,0,29736,5328,30060,5598,0,0,0,AOI22xp5_ASAP7_75t_SL,8.469842605052236e-09,3.197673592580941e-08
g165593,0,0,0,33678,25848,34002,26118,0,0,0,AOI22xp5_ASAP7_75t_SL,8.462819778287667e-09,0.0
g165596,0,0,0,21312,23958,21582,24228,0,0,0,AOI21xp5_ASAP7_75t_SL,5.003466529984735e-09,4.9256748013704055e-08
g165633,0,0,0,43074,20448,43398,20718,0,0,0,AOI22xp5_ASAP7_75t_SL,8.462819778287667e-09,0.0
g165638,0,0,0,25578,41508,25902,41778,0,0,0,AOI22xp5_ASAP7_75t_SL,8.41263858575303e-09,3.1272829659201307e-08
g165640,0,0,0,42480,21798,42804,22068,0,0,0,AOI22xp5_ASAP7_75t_SL,8.520370187170556e-09,8.58814752034134e-15
g165642,0,0,0,25578,40698,25902,40968,0,0,0,AOI22xp5_ASAP7_75t_SL,8.635570480919341e-09,7.495093853557028e-15
g165646,0,0,0,27144,4248,27468,4518,0,0,0,AOI22xp5_ASAP7_75t_SL,8.462819778287667e-09,0.0
g165647,0,0,0,43722,20448,44046,20718,0,0,0,AOI22xp5_ASAP7_75t_SL,8.462819778287667e-09,0.0
g165650,0,0,0,34650,40968,34974,41238,0,0,0,AOI22xp5_ASAP7_75t_SL,8.462819778287667e-09,0.0
g165651,0,0,0,41778,41238,42102,41508,0,0,0,AOI22xp5_ASAP7_75t_SL,8.462819778287667e-09,0.0
g165652,0,0,0,27522,4518,27846,4788,0,0,0,AOI22xp5_ASAP7_75t_SL,8.469842605052236e-09,3.390846714523832e-08
g165655,0,0,0,13050,21258,13320,21528,0,0,0,AOI21xp5_ASAP7_75t_SL,5.003466529984735e-09,5.244103107315823e-08
g165662,0,0,0,38754,21798,39078,22068,0,0,0,AOI22xp5_ASAP7_75t_SL,8.462819778287667e-09,0.0
g165667,0,0,0,21042,42858,21366,43128,0,0,0,AOI22xp5_ASAP7_75t_SL,8.41263858575303e-09,3.259652459064455e-08
g165669,0,0,0,38430,21798,38754,22068,0,0,0,AOI22xp5_ASAP7_75t_SL,8.520370187170556e-09,8.047723559334152e-15
g165671,0,0,0,21258,42048,21582,42318,0,0,0,AOI22xp5_ASAP7_75t_SL,8.635570480919341e-09,7.503636180830088e-15
g165675,0,0,0,26010,6948,26334,7218,0,0,0,AOI22xp5_ASAP7_75t_SL,8.462819778287667e-09,0.0
g165676,0,0,0,43128,18828,43452,19098,0,0,0,AOI22xp5_ASAP7_75t_SL,8.462819778287667e-09,0.0
g165679,0,0,0,30492,42048,30816,42318,0,0,0,AOI22xp5_ASAP7_75t_SL,8.462819778287667e-09,0.0
g165680,0,0,0,43722,40428,44046,40698,0,0,0,AOI22xp5_ASAP7_75t_SL,8.462819778287667e-09,0.0
g165681,0,0,0,26334,6948,26658,7218,0,0,0,AOI22xp5_ASAP7_75t_SL,8.469842605052236e-09,3.464169395783756e-08
g165683,0,0,0,20718,24228,20988,24498,0,0,0,AOI21xp5_ASAP7_75t_SL,5.003466529984735e-09,5.1451138460834045e-08
g165690,0,0,0,23580,40158,23904,40428,0,0,0,AOI22xp33_ASAP7_75t_SL,5.608445707849796e-09,2.8110466843145332e-08
g165694,0,0,0,34920,21258,35244,21528,0,0,0,AOI22xp5_ASAP7_75t_SL,8.462819778287667e-09,0.0
g165698,0,0,0,35676,22068,36000,22338,0,0,0,AOI22xp5_ASAP7_75t_SL,8.520370187170556e-09,8.619943443115372e-15
g165702,0,0,0,29790,4518,30114,4788,0,0,0,AOI22xp5_ASAP7_75t_SL,8.469842605052236e-09,3.2379645631408494e-08
g165704,0,0,0,30924,5328,31248,5598,0,0,0,AOI22xp5_ASAP7_75t_SL,8.462819778287667e-09,0.0
g165705,0,0,0,34920,20448,35244,20718,0,0,0,AOI22xp5_ASAP7_75t_SL,8.462819778287667e-09,0.0
g165708,0,0,0,27414,41508,27738,41778,0,0,0,AOI22xp5_ASAP7_75t_SL,8.462819778287667e-09,0.0
g165709,0,0,0,36000,38808,36324,39078,0,0,0,AOI22xp5_ASAP7_75t_SL,8.462819778287667e-09,0.0
g165712,0,0,0,21150,12888,21420,13158,0,0,0,AOI21xp5_ASAP7_75t_SL,5.003466529984735e-09,5.1164668946057645e-08
g165722,0,0,0,41130,20988,41454,21258,0,0,0,AOI22xp5_ASAP7_75t_SL,8.462819778287667e-09,0.0
g165725,0,0,0,16884,39348,17208,39618,0,0,0,AOI22xp5_ASAP7_75t_SL,8.41263858575303e-09,3.1612792383839405e-08
g165727,0,0,0,42102,20988,42426,21258,0,0,0,AOI22xp5_ASAP7_75t_SL,8.520370187170556e-09,8.24654252084547e-15
g165732,0,0,0,20394,5868,20718,6138,0,0,0,AOI22xp5_ASAP7_75t_SL,8.462819778287667e-09,0.0
g165733,0,0,0,41022,20178,41346,20448,0,0,0,AOI22xp5_ASAP7_75t_SL,8.462819778287667e-09,0.0
g165736,0,0,0,29952,39618,30276,39888,0,0,0,AOI22xp5_ASAP7_75t_SL,8.462819778287667e-09,0.0
g165737,0,0,0,41778,39348,42102,39618,0,0,0,AOI22xp5_ASAP7_75t_SL,8.462819778287667e-09,0.0
g165738,0,0,0,20772,5868,21096,6138,0,0,0,AOI22xp5_ASAP7_75t_SL,8.469842605052236e-09,3.4332849452312075e-08
g165740,0,0,0,16506,23688,16776,23958,0,0,0,AOI21xp5_ASAP7_75t_SL,5.003466529984735e-09,5.312254103273517e-08
g165752,0,0,0,18666,39618,18990,39888,0,0,0,AOI22xp5_ASAP7_75t_SL,8.41263858575303e-09,3.376209889438542e-08
g165755,0,0,0,37512,21798,37836,22068,0,0,0,AOI22xp5_ASAP7_75t_SL,8.520370187170556e-09,8.219285847635774e-15
g165757,0,0,0,18936,39348,19260,39618,0,0,0,AOI22xp5_ASAP7_75t_SL,8.520370187170556e-09,8.215870610792445e-15
g165761,0,0,0,20016,6948,20340,7218,0,0,0,AOI22xp5_ASAP7_75t_SL,8.462819778287667e-09,0.0
g165762,0,0,0,43182,19638,43506,19908,0,0,0,AOI22xp5_ASAP7_75t_SL,8.462819778287667e-09,0.0
g165765,0,0,0,29790,38538,30114,38808,0,0,0,AOI22xp5_ASAP7_75t_SL,8.462819778287667e-09,0.0
g165766,0,0,0,43290,38538,43614,38808,0,0,0,AOI22xp5_ASAP7_75t_SL,8.462819778287667e-09,0.0
g165767,0,0,0,20718,6138,21042,6408,0,0,0,AOI22xp5_ASAP7_75t_SL,8.469842605052236e-09,3.421154559646311e-08
g165771,0,0,0,15804,30168,16074,30438,0,0,0,AOI21xp5_ASAP7_75t_SL,5.003466529984735e-09,5.3495007534820616e-08
g165779,0,0,0,25146,42588,25470,42858,0,0,0,AOI22xp5_ASAP7_75t_SL,8.41263858575303e-09,3.338191589818962e-08
g165784,0,0,0,36810,22338,37134,22608,0,0,0,AOI22xp5_ASAP7_75t_SL,8.520370187170556e-09,8.581245048854165e-15
g165789,0,0,0,30654,6948,30978,7218,0,0,0,AOI22xp5_ASAP7_75t_SL,8.462819778287667e-09,0.0
g165790,0,0,0,35298,19368,35622,19638,0,0,0,AOI22xp5_ASAP7_75t_SL,8.462819778287667e-09,0.0
g165793,0,0,0,28818,42048,29142,42318,0,0,0,AOI22xp33_ASAP7_75t_SL,5.641900280295431e-09,0.0
g165794,0,0,0,36810,40968,37134,41238,0,0,0,AOI22xp5_ASAP7_75t_SL,8.462819778287667e-09,0.0
g165795,0,0,0,28224,6138,28548,6408,0,0,0,AOI22xp5_ASAP7_75t_SL,8.469842605052236e-09,3.2980807418425684e-08
g165798,0,0,0,19368,28278,19638,28548,0,0,0,AOI21xp5_ASAP7_75t_SL,5.003466529984735e-09,5.265643920893126e-08
g165805,0,0,0,21042,34488,21366,34758,0,0,0,AOI22xp5_ASAP7_75t_SL,8.41263858575303e-09,3.2772501157296574e-08
g165807,0,0,0,42102,24498,42426,24768,0,0,0,AOI22xp5_ASAP7_75t_SL,8.520370187170556e-09,8.182041808945002e-15
g165812,0,0,0,30330,7488,30654,7758,0,0,0,AOI22xp5_ASAP7_75t_SL,8.462819778287667e-09,0.0
g165813,0,0,0,43290,24228,43614,24498,0,0,0,AOI22xp5_ASAP7_75t_SL,8.462819778287667e-09,0.0
g165816,0,0,0,28116,33138,28440,33408,0,0,0,AOI22xp5_ASAP7_75t_SL,8.462819778287667e-09,0.0
g165817,0,0,0,43506,32868,43830,33138,0,0,0,AOI22xp5_ASAP7_75t_SL,8.462819778287667e-09,0.0
g165818,0,0,0,26388,7758,26712,8028,0,0,0,AOI22xp5_ASAP7_75t_SL,8.469842605052236e-09,3.3193259696417954e-08
g165822,0,0,0,16074,30168,16344,30438,0,0,0,AOI21xp5_ASAP7_75t_SL,5.003466529984735e-09,4.946075193856814e-08
g165832,0,0,0,16830,34488,17154,34758,0,0,0,AOI22xp5_ASAP7_75t_SL,8.41263858575303e-09,3.3484141681583424e-08
g165833,0,0,0,28548,6948,28872,7218,0,0,0,AOI22xp5_ASAP7_75t_SL,8.520370187170556e-09,8.359048825031575e-15
g165834,0,0,0,36000,26658,36324,26928,0,0,0,AOI22xp5_ASAP7_75t_SL,8.520370187170556e-09,8.357313254522651e-15
g165839,0,0,0,30060,6948,30384,7218,0,0,0,AOI22xp5_ASAP7_75t_SL,8.462819778287667e-09,0.0
g165840,0,0,0,36486,25308,36810,25578,0,0,0,AOI22xp5_ASAP7_75t_SL,8.462819778287667e-09,0.0
g165843,0,0,0,29088,33138,29412,33408,0,0,0,AOI22xp5_ASAP7_75t_SL,8.462819778287667e-09,0.0
g165844,0,0,0,37728,33948,38052,34218,0,0,0,AOI22xp5_ASAP7_75t_SL,8.462819778287667e-09,0.0
g165845,0,0,0,29682,6678,30006,6948,0,0,0,AOI22xp5_ASAP7_75t_SL,8.469842605052236e-09,3.260327829934795e-08
g165848,0,0,0,13428,29898,13698,30168,0,0,0,AOI21xp5_ASAP7_75t_SL,5.003466529984735e-09,5.1162448500008395e-08
g165857,0,0,0,31788,10998,32112,11268,0,0,0,AOI22xp5_ASAP7_75t_SL,8.462819778287667e-09,0.0
g165860,0,0,0,24498,38808,24822,39078,0,0,0,AOI22xp5_ASAP7_75t_SL,8.41263858575303e-09,3.1484933771253054e-08
g165861,0,0,0,36324,27468,36648,27738,0,0,0,AOI22xp5_ASAP7_75t_SL,8.520370187170556e-09,8.353943757458474e-15
g165864,0,0,0,25578,38808,25902,39078,0,0,0,AOI22xp5_ASAP7_75t_SL,8.520370187170556e-09,7.601875909085589e-15
g165868,0,0,0,37242,25578,37566,25848,0,0,0,AOI22xp5_ASAP7_75t_SL,8.462819778287667e-09,0.0
g165870,0,0,0,34380,39348,34704,39618,0,0,0,AOI22xp5_ASAP7_75t_SL,8.462819778287667e-09,0.0
g165871,0,0,0,38808,38808,39132,39078,0,0,0,AOI22xp5_ASAP7_75t_SL,8.462819778287667e-09,0.0
g165872,0,0,0,24444,10728,24768,10998,0,0,0,AOI22xp5_ASAP7_75t_SL,8.469842605052236e-09,3.300951334495039e-08
g165874,0,0,0,18774,29358,19044,29628,0,0,0,AOI21xp5_ASAP7_75t_SL,5.003466529984735e-09,5.203939679176983e-08
g165884,0,0,0,31356,8028,31680,8298,0,0,0,AOI22xp5_ASAP7_75t_SL,8.462819778287667e-09,0.0
g165887,0,0,0,25362,36918,25686,37188,0,0,0,AOI22xp5_ASAP7_75t_SL,8.41263858575303e-09,3.306149309878492e-08
g165889,0,0,0,36864,10188,37188,10458,0,0,0,AOI22xp5_ASAP7_75t_SL,8.520370187170556e-09,8.219643295539515e-15
g165890,0,0,0,37350,26658,37674,26928,0,0,0,AOI22xp5_ASAP7_75t_SL,8.520370187170556e-09,8.371578983420308e-15
g165895,0,0,0,36918,25578,37242,25848,0,0,0,AOI22xp5_ASAP7_75t_SL,8.462819778287667e-09,0.0
g165897,0,0,0,34812,37458,35136,37728,0,0,0,AOI22xp5_ASAP7_75t_SL,8.462819778287667e-09,0.0
g165898,0,0,0,36864,36918,37188,37188,0,0,0,AOI22xp5_ASAP7_75t_SL,8.462819778287667e-09,0.0
g165899,0,0,0,27576,8028,27900,8298,0,0,0,AOI22xp5_ASAP7_75t_SL,8.469842605052236e-09,3.3349962791362486e-08
g165902,0,0,0,17154,30438,17424,30708,0,0,0,AOI21xp5_ASAP7_75t_SL,5.003466529984735e-09,5.108592660008071e-08
g165918,0,0,0,25632,37998,25956,38268,0,0,0,AOI22xp5_ASAP7_75t_SL,8.520370187170556e-09,8.009885750547355e-15
g165922,0,0,0,37080,22608,37404,22878,0,0,0,AOI22xp5_ASAP7_75t_SL,8.462819778287667e-09,0.0
g165932,0,0,0,25308,38808,25578,39078,0,1,0,BUFx2_ASAP7_75t_R,6.821274795010268e-11,1.9935621367039857e-06
g165936,0,0,0,30816,8838,31140,9108,0,0,0,AOI22xp5_ASAP7_75t_SL,8.462819778287667e-09,0.0
g165940,0,0,0,19368,35568,19692,35838,0,0,0,AOI22xp5_ASAP7_75t_SL,8.41263858575303e-09,3.283867755499159e-08
g165945,0,0,0,42372,26388,42696,26658,0,0,0,AOI22xp5_ASAP7_75t_SL,8.635570480919341e-09,7.886337524860842e-15
g165947,0,0,0,19044,35568,19368,35838,0,0,0,AOI22xp5_ASAP7_75t_SL,8.635570480919341e-09,7.186448600104717e-15
g165951,0,0,0,39672,23688,39996,23958,0,0,0,AOI22xp5_ASAP7_75t_SL,8.462819778287667e-09,0.0
g165953,0,0,0,34488,35028,34812,35298,0,0,0,AOI22xp5_ASAP7_75t_SL,8.462819778287667e-09,0.0
g165954,0,0,0,43938,33948,44262,34218,0,0,0,AOI22xp5_ASAP7_75t_SL,8.462819778287667e-09,0.0
g165956,0,0,0,27090,8838,27414,9108,0,0,0,AOI22xp5_ASAP7_75t_SL,8.469842605052236e-09,3.214131538697984e-08
g165957,0,0,0,18234,23148,18504,23418,0,0,0,AOI21xp5_ASAP7_75t_SL,5.003466529984735e-09,5.232800859289455e-08
g165959,0,0,0,43614,24768,43884,25038,0,1,0,BUFx2_ASAP7_75t_R,6.821274795010268e-11,1.852843183769437e-06
g165965,0,0,0,40482,21798,40806,22068,0,0,0,AOI22xp5_ASAP7_75t_SL,8.462819778287667e-09,0.0
g165966,0,0,0,29790,8568,30114,8838,0,0,0,AOI22xp5_ASAP7_75t_SL,8.462819778287667e-09,0.0
g165969,0,0,0,24768,35298,25092,35568,0,0,0,AOI22xp5_ASAP7_75t_SL,8.41263858575303e-09,3.27209477291035e-08
g165974,0,0,0,42372,27738,42696,28008,0,0,0,AOI22xp5_ASAP7_75t_SL,8.520370187170556e-09,8.511290291806327e-15
g165976,0,0,0,25578,33948,25902,34218,0,0,0,AOI22xp5_ASAP7_75t_SL,8.635570480919341e-09,7.405083050384103e-15
g165980,0,0,0,30114,33678,30438,33948,0,0,0,AOI22xp5_ASAP7_75t_SL,8.462819778287667e-09,0.0
g165981,0,0,0,42156,33138,42480,33408,0,0,0,AOI22xp5_ASAP7_75t_SL,8.462819778287667e-09,0.0
g165982,0,0,0,29520,8298,29844,8568,0,0,0,AOI22xp5_ASAP7_75t_SL,8.469842605052236e-09,3.329945741370466e-08
g165993,0,0,0,31302,12078,31626,12348,0,0,0,AOI22xp5_ASAP7_75t_SL,8.462819778287667e-09,0.0
g165996,0,0,0,21906,37458,22230,37728,0,0,0,AOI22xp5_ASAP7_75t_SL,8.41263858575303e-09,3.382908175808552e-08
g165999,0,0,0,27090,9648,27414,9918,0,0,0,AOI22xp5_ASAP7_75t_SL,8.520370187170556e-09,8.105520005457102e-15
g166,0,0,0,22824,2898,22986,3168,0,0,1,INVxp33_ASAP7_75t_R,8.528100101101721e-12,1.966280933629605e-07
g166000,0,0,0,40968,26118,41292,26388,0,0,0,AOI22xp5_ASAP7_75t_SL,8.520370187170556e-09,8.449949012799118e-15
g166002,0,0,0,19368,37458,19692,37728,0,0,0,AOI22xp5_ASAP7_75t_SL,8.635570480919341e-09,7.757849403025943e-15
g166006,0,0,0,40212,25308,40536,25578,0,0,0,AOI22xp5_ASAP7_75t_SL,8.462819778287667e-09,0.0
g166007,0,0,0,31464,33138,31788,33408,0,0,0,AOI22xp5_ASAP7_75t_SL,8.462819778287667e-09,0.0
g166008,0,0,0,38862,37458,39186,37728,0,0,0,AOI22xp33_ASAP7_75t_SL,5.641900280295431e-09,0.0
g166009,0,0,0,27414,9648,27738,9918,0,0,0,AOI22xp5_ASAP7_75t_SL,8.469842605052236e-09,3.468962717079194e-08
g166042,0,0,0,24012,11808,24336,12078,0,0,0,AOI22xp5_ASAP7_75t_SL,8.462819778287667e-09,0.0
g166043,0,0,0,21636,35838,21960,36108,0,0,0,AOI22xp5_ASAP7_75t_SL,8.41263858575303e-09,3.173715157345214e-08
g166049,0,0,0,33624,27468,33948,27738,0,0,0,AOI22xp5_ASAP7_75t_SL,8.520370187170556e-09,8.187375575413863e-15
g166051,0,0,0,20826,35568,21150,35838,0,0,0,AOI22xp5_ASAP7_75t_SL,8.635570480919341e-09,7.999484185955072e-15
g166055,0,0,0,38214,22338,38538,22608,0,0,0,AOI22xp5_ASAP7_75t_SL,8.462819778287667e-09,0.0
g166058,0,0,0,34650,36378,34974,36648,0,0,0,AOI22xp5_ASAP7_75t_SL,8.462819778287667e-09,0.0
g166059,0,0,0,35838,34758,36162,35028,0,0,0,AOI22xp5_ASAP7_75t_SL,8.462819778287667e-09,0.0
g166060,0,0,0,25848,9918,26172,10188,0,0,0,AOI22xp5_ASAP7_75t_SL,8.469842605052236e-09,3.3168909396863455e-08
g166068,0,0,0,31572,8838,31896,9108,0,0,0,AOI22xp33_ASAP7_75t_SL,5.641900280295431e-09,0.0
g166071,0,0,0,22878,39078,23202,39348,0,0,0,AOI22xp5_ASAP7_75t_SL,8.41263858575303e-09,3.091816580536033e-08
g166075,0,0,0,38808,26658,39132,26928,0,0,0,AOI22xp5_ASAP7_75t_SL,8.520370187170556e-09,8.328554791897473e-15
g166081,0,0,0,34434,24228,34758,24498,0,0,0,AOI22xp5_ASAP7_75t_SL,8.462819778287667e-09,0.0
g166084,0,0,0,34380,38808,34704,39078,0,0,0,AOI22xp33_ASAP7_75t_SL,5.641900280295431e-09,0.0
g166085,0,0,0,41670,33678,41994,33948,0,0,0,AOI22xp5_ASAP7_75t_SL,8.462819778287667e-09,0.0
g166086,0,0,0,28278,8568,28602,8838,0,0,0,AOI22xp5_ASAP7_75t_SL,8.469842605052236e-09,3.214812238638842e-08
g166092,0,0,0,29844,11538,30168,11808,0,0,0,AOI22xp5_ASAP7_75t_SL,8.462819778287667e-09,0.0
g166096,0,0,0,19260,38538,19584,38808,0,0,0,AOI22xp5_ASAP7_75t_SL,8.41263858575303e-09,3.2158212093236216e-08
g166099,0,0,0,25686,10188,26010,10458,0,0,0,AOI22xp5_ASAP7_75t_SL,8.520370187170556e-09,8.340823217105504e-15
g166100,0,0,0,38106,26388,38430,26658,0,0,0,AOI22xp5_ASAP7_75t_SL,8.520370187170556e-09,8.33796193980968e-15
g166102,0,0,0,19260,37728,19584,37998,0,0,0,AOI22xp5_ASAP7_75t_SL,8.635570480919341e-09,7.603184574989097e-15
g166106,0,0,0,37998,25308,38322,25578,0,0,0,AOI22xp5_ASAP7_75t_SL,8.462819778287667e-09,0.0
g166110,0,0,0,34758,37998,35082,38268,0,0,0,AOI22xp5_ASAP7_75t_SL,8.462819778287667e-09,0.0
g166111,0,0,0,43236,33948,43560,34218,0,0,0,AOI22xp5_ASAP7_75t_SL,8.462819778287667e-09,0.0
g166112,0,0,0,25686,10998,26010,11268,0,0,0,AOI22xp5_ASAP7_75t_SL,8.469842605052236e-09,3.3097556695338426e-08
g166118,0,0,0,30708,10188,31032,10458,0,0,0,AOI22xp5_ASAP7_75t_SL,8.462819778287667e-09,0.0
g166122,0,0,0,21960,36378,22284,36648,0,0,0,AOI22xp5_ASAP7_75t_SL,8.41263858575303e-09,3.292007733080027e-08
g166125,0,0,0,28062,9918,28386,10188,0,0,0,AOI22xp5_ASAP7_75t_SL,8.520370187170556e-09,8.435236897538258e-15
g166126,0,0,0,39780,26658,40104,26928,0,0,0,AOI22xp5_ASAP7_75t_SL,8.520370187170556e-09,8.680805301474435e-15
g166128,0,0,0,20556,37458,20880,37728,0,0,0,AOI22xp5_ASAP7_75t_SL,8.635570480919341e-09,7.947203618384642e-15
g166132,0,0,0,39564,22608,39888,22878,0,0,0,AOI22xp5_ASAP7_75t_SL,8.462819778287667e-09,0.0
g166135,0,0,0,34380,33948,34704,34218,0,0,0,AOI22xp5_ASAP7_75t_SL,8.462819778287667e-09,0.0
g166136,0,0,0,43560,35298,43884,35568,0,0,0,AOI22xp5_ASAP7_75t_SL,8.462819778287667e-09,0.0
g166138,0,0,0,27846,10728,28170,10998,0,0,0,AOI22xp5_ASAP7_75t_SL,8.469842605052236e-09,3.398878689608864e-08
g166190,0,0,0,17262,22338,17424,22608,0,0,1,INVx1_ASAP7_75t_SL,3.957556504730064e-09,2.843037805178028e-07
g166192,0,0,0,17694,15858,18126,16128,0,0,0,NAND2x1p5_ASAP7_75t_L,7.8639222911292e-10,7.301812274818076e-07
g166238,0,0,0,16182,19638,16830,19908,0,0,0,OR2x6_ASAP7_75t_SL,3.2630357083007766e-08,2.817793756548781e-06
g166239,0,0,0,18126,23688,18396,23958,0,0,0,AOI21xp33_ASAP7_75t_SL,5.622970977725572e-09,2.043542224328121e-07
g166240,0,0,0,16884,19908,17208,20178,0,0,1,INVx4_ASAP7_75t_SL,1.6817093495546942e-08,1.5043922303448198e-06
g166242,0,0,0,20988,18288,21258,18558,0,0,0,AOI21xp33_ASAP7_75t_SL,4.502383799120935e-09,4.2130216115765506e-07
g166245,0,0,0,21312,17208,21582,17478,0,0,0,AOI21xp5_ASAP7_75t_SL,5.601464181381743e-09,3.6703852401842596e-07
g166246,0,0,0,14832,24498,15156,24768,0,0,0,AOI22xp5_ASAP7_75t_L,5.887594300979515e-10,3.095430258781562e-07
g166247,0,0,0,16830,16668,17100,16938,0,0,0,AOI21xp5_ASAP7_75t_SL,4.911192785783669e-09,1.433824650121096e-07
g166248,0,0,0,21258,16938,21528,17208,0,0,0,AOI21xp33_ASAP7_75t_SL,4.506008455251731e-09,3.0501490755341365e-07
g166249,0,0,0,20934,22338,21204,22608,0,0,0,AOI21xp33_ASAP7_75t_SL,4.506008455251731e-09,3.3411893696211337e-07
g166251,0,0,0,18396,22878,18666,23148,0,0,0,AOI21xp33_ASAP7_75t_SL,4.506008455251731e-09,3.2911859193518467e-07
g166252,0,0,0,19746,18018,20016,18288,0,0,0,AOI21xp5_ASAP7_75t_SL,5.601464181381743e-09,3.9983967781154206e-07
g166253,0,0,0,20610,17208,20880,17478,0,0,0,AOI21xp5_ASAP7_75t_SL,6.347327552447268e-09,3.446077130320191e-07
g166255,0,0,0,21312,22608,21582,22878,0,0,0,AOI21xp5_ASAP7_75t_SL,5.680172332489519e-09,3.8650156852781947e-07
g166257,0,0,0,18342,16938,18612,17208,0,0,0,AOI21xp5_ASAP7_75t_SL,5.680172332489519e-09,5.785587973150541e-07
g166259,0,0,0,21312,22878,21582,23148,0,0,0,AOI21xp5_ASAP7_75t_SL,5.680172332489519e-09,4.262313950675889e-07
g166260,0,0,0,20286,23148,20556,23418,0,0,0,AOI21xp5_ASAP7_75t_L,5.739628772261085e-10,3.7530486451942124e-07
g166262,0,0,0,39888,23148,40212,23418,0,0,0,AOI22xp5_ASAP7_75t_SL,8.462819778287667e-09,0.0
g166263,0,0,0,31572,11808,31896,12078,0,0,0,AOI22xp5_ASAP7_75t_SL,8.462819778287667e-09,0.0
g166265,0,0,0,29898,10458,30222,10728,0,0,0,AOI22xp5_ASAP7_75t_SL,8.41263858575303e-09,3.183237140547135e-08
g166270,0,0,0,25956,35028,26280,35298,0,0,0,AOI22xp5_ASAP7_75t_SL,8.41263858575303e-09,3.1512804810063244e-08
g166272,0,0,0,41346,27738,41670,28008,0,0,0,AOI22xp5_ASAP7_75t_SL,8.462819778287667e-09,8.510538126549165e-15
g166275,0,0,0,25578,34218,25902,34488,0,0,0,AOI22xp5_ASAP7_75t_SL,8.635570480919341e-09,7.545505019412868e-15
g166277,0,0,0,34164,32598,34488,32868,0,0,0,AOI22xp5_ASAP7_75t_SL,8.462819778287667e-09,0.0
g166278,0,0,0,41022,33678,41346,33948,0,0,0,AOI22xp5_ASAP7_75t_SL,8.462819778287667e-09,0.0
g166280,0,0,0,33030,27738,33246,28008,0,1,0,HB1xp67_ASAP7_75t_R,2.5581949752995214e-11,7.58567239245167e-07
g166281,0,0,0,32652,27468,32868,27738,0,1,0,HB1xp67_ASAP7_75t_SL,2.552710043346451e-09,1.820155148379854e-06
g166285,0,0,0,29574,10458,29898,10728,0,0,0,AOI22xp5_ASAP7_75t_SL,8.41263858575303e-09,3.1950943224501316e-08
g166287,0,0,0,30384,12888,30708,13158,0,0,0,AOI22xp5_ASAP7_75t_SL,8.462819778287667e-09,0.0
g166290,0,0,0,25578,36648,25902,36918,0,0,0,AOI22xp5_ASAP7_75t_SL,8.41263858575303e-09,3.153533256750052e-08
g166291,0,0,0,39672,26388,39996,26658,0,0,0,AOI22xp5_ASAP7_75t_SL,8.462819778287667e-09,8.293405465685261e-15
g166297,0,0,0,26064,35838,26388,36108,0,0,0,AOI22xp5_ASAP7_75t_SL,8.635570480919341e-09,7.628685348899135e-15
g166300,0,0,0,38430,25038,38754,25308,0,0,0,AOI22xp5_ASAP7_75t_SL,8.462819778287667e-09,0.0
g166301,0,0,0,30438,33678,30762,33948,0,0,0,AOI22xp5_ASAP7_75t_SL,8.462819778287667e-09,0.0
g166302,0,0,0,39888,34758,40212,35028,0,0,0,AOI22xp5_ASAP7_75t_SL,8.462819778287667e-09,0.0
g166304,0,0,0,26874,33948,27090,34218,0,1,0,HB1xp67_ASAP7_75t_R,2.5581949752995214e-11,6.795876288379077e-07
g166305,0,0,0,26604,35028,26820,35298,0,1,0,HB1xp67_ASAP7_75t_SL,2.552710043346451e-09,1.8991476053997758e-06
g166481,0,0,0,15858,21798,16938,22068,0,0,0,NOR3x2_ASAP7_75t_SL,1.360111578918577e-08,1.605867964826757e-06
g166482,0,0,0,19962,20178,20286,20448,0,0,0,OAI22xp5_ASAP7_75t_SL,5.488738796799453e-09,2.9096662501615356e-07
g166484,0,0,0,19962,22878,20286,23148,0,0,0,OAI22xp33_ASAP7_75t_SL,3.6591625285353757e-09,2.433922077216266e-07
g166485,0,0,0,20070,21528,20394,21798,0,0,0,OAI22xp5_ASAP7_75t_SL,4.717671586718097e-09,1.6982076544991287e-07
g166487,0,0,0,16776,15048,17100,15318,0,0,0,OAI22xp5_ASAP7_75t_SL,4.717671586718097e-09,1.914237657274498e-07
g166491,0,0,0,16236,15048,16560,15318,0,0,0,OAI22xp5_ASAP7_75t_SL,4.694683308770209e-09,2.3359675083156617e-07
g166492,0,0,0,18342,15048,18666,15318,0,0,0,OAI22xp33_ASAP7_75t_SL,3.129790426825707e-09,1.8287886405232712e-07
g166494,0,0,0,15966,15858,16290,16128,0,0,0,OAI22xp5_ASAP7_75t_SL,4.717671586718097e-09,2.2260054777234473e-07
g166495,0,0,0,16290,16398,16614,16668,0,0,0,OAI22xp5_ASAP7_75t_SL,4.717671586718097e-09,1.7389751860719116e-07
g166497,0,0,0,21258,17478,21582,17748,0,0,0,OAI22xp33_ASAP7_75t_SL,3.145115723413028e-09,1.6063916064013029e-07
g166498,0,0,0,20232,17478,20556,17748,0,0,0,OAI22xp5_ASAP7_75t_SL,5.325662133515152e-09,3.239413217670517e-07
g166500,0,0,0,20664,16668,20988,16938,0,0,0,OAI22xp5_ASAP7_75t_SL,4.694683308770209e-09,1.627157359962439e-07
g166501,0,0,0,19962,22338,20286,22608,0,0,0,OAI22xp33_ASAP7_75t_SL,3.129790426825707e-09,1.4516282931253954e-07
g166503,0,0,0,24282,4248,24606,4518,0,0,0,AOI22xp5_ASAP7_75t_SL,8.462819778287667e-09,0.0
g166504,0,0,0,33408,20178,33732,20448,0,0,0,AOI22xp5_ASAP7_75t_SL,8.462819778287667e-09,0.0
g166505,0,0,0,28818,34488,29142,34758,0,0,0,AOI22xp5_ASAP7_75t_SL,8.462819778287667e-09,0.0
g166506,0,0,0,36216,36378,36540,36648,0,0,0,AOI22xp5_ASAP7_75t_SL,8.462819778287667e-09,0.0
g166512,0,0,0,21960,33678,22284,33948,0,0,0,AOI22xp5_ASAP7_75t_SL,8.41263858575303e-09,3.401375181510957e-08
g166516,0,0,0,24714,4248,25038,4518,0,0,0,AOI22xp5_ASAP7_75t_SL,8.469842605052236e-09,3.228238654173765e-08
g166520,0,0,0,16290,33138,16560,33408,0,0,0,NAND3xp33_ASAP7_75t_L,1.8011819813423813e-10,3.3011232636326326e-10
g166522,0,0,0,23958,3978,24228,4248,0,1,0,BUFx2_ASAP7_75t_L,6.708099631325126e-10,3.5107734674966196e-06
g166526,0,0,0,16344,32868,16614,33138,0,0,0,NAND3xp33_ASAP7_75t_R,2.5967755723499408e-11,3.533038306358094e-10
g166528,0,0,0,35514,34758,35838,35028,0,0,0,AOI22xp5_ASAP7_75t_SL,8.462819778287667e-09,0.0
g166529,0,0,0,32868,33678,33192,33948,0,0,0,AOI22xp5_ASAP7_75t_SL,8.462819778287667e-09,0.0
g166531,0,0,0,33948,22338,34272,22608,0,0,0,AOI22xp5_ASAP7_75t_SL,8.462819778287667e-09,0.0
g166532,0,0,0,26010,3978,26334,4248,0,0,0,AOI22xp5_ASAP7_75t_SL,8.462819778287667e-09,0.0
g166533,0,0,0,25956,4248,26280,4518,0,0,0,AOI22xp5_ASAP7_75t_SL,8.469842605052236e-09,3.257715519566773e-08
g166538,0,0,0,17046,35028,17370,35298,0,0,0,AOI22xp5_ASAP7_75t_SL,8.41263858575303e-09,3.323059161175479e-08
g166544,0,0,0,14724,32328,15048,32598,0,0,0,NAND4xp25_ASAP7_75t_SL,1.044515030024229e-09,1.7424425617640349e-12
g166545,0,0,0,13320,30438,13860,30708,0,1,0,BUFx6f_ASAP7_75t_SL,4.068679615443216e-08,5.83006931620389e-09
g166546,0,0,0,5868,31518,6246,31788,0,0,1,INVx5_ASAP7_75t_SL,2.5714129492371285e-08,7.359752807190034e-09
g166550,0,0,0,8298,32328,8514,32598,0,0,0,NAND2xp5_ASAP7_75t_L,5.221367227470353e-10,4.138995257640943e-10
g166551,0,0,0,5544,30438,5760,30708,0,0,0,NAND2xp5_ASAP7_75t_SL,5.142564152293971e-09,4.424075827902385e-10
g166552,0,0,0,8730,32598,8946,32868,0,0,0,NAND2xp5_ASAP7_75t_L,5.221367227470353e-10,4.750446147561149e-10
g166553,0,0,0,7326,30978,7542,31248,0,0,0,NAND2xp5_ASAP7_75t_L,5.221367227470353e-10,3.9622805036998443e-10
g166567,0,0,0,19854,26658,20178,26928,0,0,0,AOI22xp5_ASAP7_75t_SL,8.41263858575303e-09,3.448906582548261e-08
g166568,0,0,0,19908,14238,20232,14508,0,0,0,AOI22xp5_ASAP7_75t_SL,8.469842605052236e-09,3.355022215600911e-08
g166569,0,0,0,22068,25038,22392,25308,0,0,0,AOI22xp5_ASAP7_75t_SL,8.469842605052236e-09,3.2663827198575746e-08
g166570,0,0,0,20934,14778,21258,15048,0,0,0,AOI22xp5_ASAP7_75t_SL,8.469842605052236e-09,3.3638034580008025e-08
g166571,0,0,0,22554,12888,22878,13158,0,0,0,AOI22xp5_ASAP7_75t_SL,8.469842605052236e-09,3.3145486355579123e-08
g166576,0,0,0,23850,27738,24174,28008,0,0,0,AOI22xp5_ASAP7_75t_SL,8.469842605052236e-09,3.3592865378295755e-08
g166577,0,0,0,23958,26928,24282,27198,0,0,0,AOI22xp5_ASAP7_75t_SL,8.469842605052236e-09,3.426509209702999e-08
g166578,0,0,0,22014,15858,22338,16128,0,0,0,AOI22xp5_ASAP7_75t_SL,8.469842605052236e-09,3.324203134980053e-08
g166608,0,0,0,16452,16668,16776,16938,0,0,0,NAND2x1_ASAP7_75t_SL,5.841165329201203e-09,4.4985804947828e-07
g166609,0,0,0,21528,18558,21852,18828,0,0,0,OAI22xp33_ASAP7_75t_SL,3.6591625285353757e-09,2.056493144664273e-07
g166610,0,0,0,20934,15858,21258,16128,0,0,0,OAI22xp5_ASAP7_75t_SL,4.641406370353707e-09,2.187974814660265e-07
g166613,0,0,0,18504,22338,18828,22608,0,0,0,OAI22xp5_ASAP7_75t_SL,5.345716314053561e-09,2.9576028737210436e-07
g166614,0,0,0,21528,23148,21852,23418,0,0,0,OAI22xp33_ASAP7_75t_SL,3.550447491562636e-09,2.6603012770465284e-07
g166615,0,0,0,21204,22338,21528,22608,0,0,0,OAI22xp33_ASAP7_75t_SL,3.563816797225172e-09,2.083088190829585e-07
g166616,0,0,0,21582,17208,21906,17478,0,0,0,OAI22xp5_ASAP7_75t_SL,5.345716314053561e-09,3.01211514397437e-07
g166617,0,0,0,17316,20448,17640,20718,0,0,0,OAI22xp5_ASAP7_75t_SL,3.883318999697849e-09,9.860347205403741e-09
g166618,0,0,0,21528,15588,21852,15858,0,0,0,OAI22xp5_ASAP7_75t_SL,5.345716314053561e-09,2.8592813805516926e-07
g166620,0,0,0,18990,15318,19314,15588,0,0,0,OAI22xp5_ASAP7_75t_L,5.15205267337393e-10,3.481376324998564e-07
g166622,0,0,0,18612,16938,18936,17208,0,0,0,OAI22xp5_ASAP7_75t_SL,5.345716314053561e-09,3.0081776003498817e-07
g166624,0,0,0,20502,22878,20826,23148,0,0,0,OAI22xp5_ASAP7_75t_SL,5.345716314053561e-09,3.0423359476117184e-07
g166696,0,0,0,12294,33408,12510,33678,0,0,1,INVx2_ASAP7_75t_SL,1.0286400176084953e-08,1.5731556682330172e-13
g166713,0,0,0,31842,23958,32112,24228,0,1,0,BUFx2_ASAP7_75t_SL,1.3666999976180705e-08,4.0034069266076195e-18
g166714,0,0,0,36810,22068,37134,22338,0,0,0,AOI22xp5_ASAP7_75t_SL,8.462819778287667e-09,0.0
g166715,0,0,0,34002,24498,34380,24768,0,0,1,INVx5_ASAP7_75t_SL,2.5320300522935213e-08,0.0
g166717,0,0,0,37512,22068,37836,22338,0,0,0,AOI22xp5_ASAP7_75t_SL,8.462819778287667e-09,0.0
g166719,0,0,0,30546,23688,30870,23958,0,0,0,AOI31xp33_ASAP7_75t_SL,5.271040937060434e-09,0.0
g166720,0,0,0,39618,21258,39942,21528,0,0,0,AOI22xp33_ASAP7_75t_SL,5.641900280295431e-09,0.0
g166721,0,0,0,38970,23418,39294,23688,0,0,0,AOI22xp5_ASAP7_75t_SL,8.462819778287667e-09,0.0
g166722,0,0,0,38754,25038,39078,25308,0,0,0,AOI22xp5_ASAP7_75t_SL,8.462819778287667e-09,0.0
g166723,0,0,0,39726,24768,40050,25038,0,0,0,AOI22xp5_ASAP7_75t_SL,8.462819778287667e-09,0.0
g166724,0,0,0,38322,23958,38646,24228,0,0,0,AOI22xp5_ASAP7_75t_SL,8.462819778287667e-09,0.0
g166725,0,0,0,38322,23418,38646,23688,0,0,0,AOI22xp5_ASAP7_75t_SL,8.462819778287667e-09,0.0
g166726,0,0,0,38322,23148,38646,23418,0,0,0,AOI22xp5_ASAP7_75t_SL,8.462819778287667e-09,0.0
g166727,0,0,0,39942,24498,40266,24768,0,0,0,AOI22xp5_ASAP7_75t_SL,8.462819778287667e-09,0.0
g166728,0,0,0,36972,23418,37296,23688,0,0,0,AOI22xp5_ASAP7_75t_SL,8.462819778287667e-09,0.0
g166729,0,0,0,37296,24768,37620,25038,0,0,0,AOI22xp5_ASAP7_75t_SL,8.462819778287667e-09,0.0
g166730,0,0,0,36918,23958,37242,24228,0,0,0,AOI22xp5_ASAP7_75t_SL,8.462819778287667e-09,0.0
g166731,0,0,0,36216,24498,36540,24768,0,0,0,AOI22xp33_ASAP7_75t_SL,5.641900280295431e-09,0.0
g166732,0,0,0,41562,25038,41886,25308,0,0,0,AOI22xp5_ASAP7_75t_SL,8.462819778287667e-09,0.0
g166769,0,0,0,43614,33948,43938,34218,0,0,0,AOI22xp5_ASAP7_75t_SL,8.462819778287667e-09,0.0
g166770,0,0,0,41562,34488,41886,34758,0,0,0,AOI22xp5_ASAP7_75t_SL,8.462819778287667e-09,0.0
g166771,0,0,0,40644,34488,40968,34758,0,0,0,AOI22xp5_ASAP7_75t_SL,8.462819778287667e-09,0.0
g166772,0,0,0,43344,34218,43668,34488,0,0,0,AOI22xp5_ASAP7_75t_SL,8.462819778287667e-09,0.0
g166773,0,0,0,39564,33678,39888,33948,0,0,0,AOI22xp5_ASAP7_75t_SL,8.462819778287667e-09,0.0
g166774,0,0,0,37458,37458,37782,37728,0,0,0,AOI22xp33_ASAP7_75t_SL,5.641900280295431e-09,0.0
g166776,0,0,0,37350,33948,37674,34218,0,0,0,AOI22xp33_ASAP7_75t_SL,5.641900280295431e-09,0.0
g166777,0,0,0,43182,32868,43506,33138,0,0,0,AOI22xp33_ASAP7_75t_SL,5.641900280295431e-09,0.0
g166783,0,0,0,31086,6948,31410,7218,0,0,0,AOI22xp33_ASAP7_75t_SL,5.680270032115686e-09,0.0
g166797,0,0,0,29412,7218,29736,7488,0,0,0,AOI22xp33_ASAP7_75t_SL,5.641900280295431e-09,0.0
g166841,0,0,0,30006,36918,30330,37188,0,0,0,AOI22xp33_ASAP7_75t_SL,5.680270032115686e-09,0.0
g166878,0,0,0,22446,35028,22770,35298,0,0,0,AOI22xp5_ASAP7_75t_SL,8.520370187170556e-09,0.0
g166892,0,0,0,11808,34218,11970,34488,0,0,1,INVx1_ASAP7_75t_SL,5.0640900361997865e-09,4.742282006539936e-14
g167,0,0,0,44640,23688,44802,23958,0,0,1,INVxp33_ASAP7_75t_R,8.528100101101721e-12,2.1471942091011442e-07
g167023,0,0,0,13320,31788,13752,32058,0,0,0,AOI321xp33_ASAP7_75t_SL,3.977722595749356e-09,4.933046398036822e-07
g167024,0,0,0,13104,32328,13752,32598,0,0,0,AND2x6_ASAP7_75t_SL,2.575551683037247e-08,4.361050378065556e-05
g167058,0,0,0,17478,10458,17910,10728,0,0,0,AOI321xp33_ASAP7_75t_SL,5.791532586840731e-09,8.164627299586015e-19
g167059,0,0,0,17856,9648,18504,9918,0,0,0,AND2x6_ASAP7_75t_SL,4.046719936923182e-08,1.1151077908400782e-17
g167095,0,0,0,10566,24498,11214,24768,0,0,0,AND2x6_ASAP7_75t_SL,3.5405893328288585e-08,2.8577856028277893e-06
g167096,0,0,0,2358,17478,2682,17748,0,0,0,AOI22xp5_ASAP7_75t_SL,6.85068624051155e-09,1.8982332505856903e-07
g167097,0,0,0,7920,21258,8244,21528,0,0,0,AOI22xp5_ASAP7_75t_SL,6.85068624051155e-09,1.8836578874470433e-07
g167098,0,0,0,4680,20988,5004,21258,0,0,0,AOI22xp5_ASAP7_75t_SL,6.85068624051155e-09,1.9740404866297467e-07
g167099,0,0,0,2466,15318,2790,15588,0,0,0,AOI22xp5_ASAP7_75t_SL,3.746111865154944e-09,1.4590562856555398e-15
g167100,0,0,0,3708,12348,4032,12618,0,0,0,AOI22xp5_ASAP7_75t_SL,3.746111865154944e-09,1.4309914371350447e-15
g167101,0,0,0,10674,15048,10998,15318,0,0,0,AOI22xp5_ASAP7_75t_SL,6.85068624051155e-09,1.7797249540763005e-07
g167102,0,0,0,2358,23958,2682,24228,0,0,0,AOI22xp5_ASAP7_75t_SL,3.746111865154944e-09,1.4809824746490462e-15
g167103,0,0,0,10782,16398,11106,16668,0,0,0,AOI22xp5_ASAP7_75t_SL,6.85068624051155e-09,1.8234926812965568e-07
g167104,0,0,0,2466,12348,2790,12618,0,0,0,AOI22xp5_ASAP7_75t_SL,3.746111865154944e-09,1.4589164193401245e-15
g167105,0,0,0,2952,15858,3276,16128,0,0,0,AOI22xp5_ASAP7_75t_SL,6.85068624051155e-09,1.945205951869866e-07
g167106,0,0,0,2682,21528,3006,21798,0,0,0,AOI22xp5_ASAP7_75t_SL,3.746111865154944e-09,1.379212736585863e-15
g167107,0,0,0,5112,12348,5436,12618,0,0,0,AOI22xp5_ASAP7_75t_SL,3.746111865154944e-09,1.4690414276751287e-15
g167108,0,0,0,6948,24228,7272,24498,0,0,0,AOI22xp5_ASAP7_75t_SL,3.746111865154944e-09,1.3794987160846797e-15
g167109,0,0,0,3600,24228,3924,24498,0,0,0,AOI22xp5_ASAP7_75t_SL,6.850309652861597e-09,1.8142630153761274e-07
g167110,0,0,0,8946,19368,9270,19638,0,0,0,AOI22xp5_ASAP7_75t_SL,6.85068624051155e-09,1.8332929130338016e-07
g167111,0,0,0,5652,14238,5976,14508,0,0,0,AOI22xp5_ASAP7_75t_SL,6.85068624051155e-09,1.8320776007385575e-07
g167112,0,0,0,6408,22068,6732,22338,0,0,0,AOI22xp5_ASAP7_75t_SL,6.85068624051155e-09,1.798316731083105e-07
g167113,0,0,0,6948,14238,7272,14508,0,0,0,AOI22xp5_ASAP7_75t_SL,3.746111865154944e-09,1.3580834997166044e-15
g167114,0,0,0,7866,12618,8190,12888,0,0,0,AOI22xp5_ASAP7_75t_SL,6.85068624051155e-09,1.854419764413251e-07
g167115,0,0,0,6516,12618,6840,12888,0,0,0,AOI22xp5_ASAP7_75t_SL,3.746111865154944e-09,1.415781478259436e-15
g167116,0,0,0,10134,13968,10458,14238,0,0,0,AOI22xp5_ASAP7_75t_SL,6.85068624051155e-09,1.787151546750465e-07
g167117,0,0,0,3492,22338,3816,22608,0,0,0,AOI22xp5_ASAP7_75t_SL,6.85068624051155e-09,1.9275489648862276e-07
g167118,0,0,0,2142,12348,2466,12618,0,0,0,AOI22xp5_ASAP7_75t_SL,3.746111865154944e-09,1.3651471192219948e-15
g167119,0,0,0,3762,14508,4086,14778,0,0,0,AOI22xp5_ASAP7_75t_SL,3.746111865154944e-09,1.4364270593158123e-15
g167120,0,0,0,2358,20178,2682,20448,0,0,0,AOI22xp5_ASAP7_75t_SL,6.850309652861597e-09,1.8791283196151198e-07
g167121,0,0,0,5166,23418,5490,23688,0,0,0,AOI22xp5_ASAP7_75t_SL,6.85068624051155e-09,1.877671991223906e-07
g167122,0,0,0,10728,18558,11052,18828,0,0,0,AOI22xp5_ASAP7_75t_SL,6.85068624051155e-09,1.7427392151603271e-07
g167123,0,0,0,8460,15318,8784,15588,0,0,0,AOI22xp5_ASAP7_75t_SL,6.85068624051155e-09,1.7915593275574793e-07
g167124,0,0,0,1710,18558,2034,18828,0,0,0,AOI22xp5_ASAP7_75t_SL,6.85068624051155e-09,1.9461310785118258e-07
g167125,0,0,0,9756,20718,10080,20988,0,0,0,AOI22xp5_ASAP7_75t_SL,6.85068624051155e-09,1.8342154817219125e-07
g167126,0,0,0,10728,16938,11052,17208,0,0,0,AOI22xp5_ASAP7_75t_SL,6.85068624051155e-09,1.8741425833468384e-07
g167129,0,0,0,12294,32328,12618,32598,0,0,0,AOI22xp5_ASAP7_75t_SL,7.607903640405311e-09,1.818171000422808e-07
g167130,0,0,0,12780,32598,13428,32868,0,0,0,AND2x6_ASAP7_75t_SL,3.5405893328288585e-08,2.757202537395642e-06
g167131,0,0,0,10674,35298,10998,35568,0,0,0,AOI22xp5_ASAP7_75t_SL,7.607903640405311e-09,1.7919622052886552e-07
g167132,0,0,0,3546,35568,3870,35838,0,0,0,AOI22xp5_ASAP7_75t_SL,4.510702034110636e-09,1.4440634848517835e-15
g167133,0,0,0,8676,36648,9000,36918,0,0,0,AOI22xp5_ASAP7_75t_SL,4.510702034110636e-09,1.3646956506611083e-15
g167134,0,0,0,1656,30978,1980,31248,0,0,0,AOI22xp5_ASAP7_75t_SL,7.607903640405311e-09,1.9929019856590457e-07
g167135,0,0,0,12078,30978,12402,31248,0,0,0,AOI22xp5_ASAP7_75t_SL,7.607903640405311e-09,1.865057868144504e-07
g167136,0,0,0,9864,28818,10188,29088,0,0,0,AOI22xp5_ASAP7_75t_SL,7.607903640405311e-09,1.760370338388384e-07
g167137,0,0,0,9540,31788,9864,32058,0,0,0,AOI22xp5_ASAP7_75t_SL,7.607903640405311e-09,1.8467537188371352e-07
g167138,0,0,0,9000,35028,9324,35298,0,0,0,AOI22xp33_ASAP7_75t_SL,5.071950415214133e-09,1.5003112707745458e-07
g167139,0,0,0,4194,30438,4518,30708,0,0,0,AOI22xp5_ASAP7_75t_SL,7.607903640405311e-09,1.889978591407271e-07
g167140,0,0,0,3276,29358,3600,29628,0,0,0,AOI22xp5_ASAP7_75t_SL,7.607903640405311e-09,1.9487143276819552e-07
g167141,0,0,0,12024,35568,12348,35838,0,0,0,AOI22xp5_ASAP7_75t_SL,4.510702034110636e-09,1.5749273223454943e-15
g167142,0,0,0,7272,35298,7596,35568,0,0,0,AOI22xp33_ASAP7_75t_SL,3.0071389822694528e-09,1.2215421062565664e-15
g167143,0,0,0,2196,34218,2520,34488,0,0,0,AOI22xp5_ASAP7_75t_SL,7.607903640405311e-09,1.9001467421730922e-07
g167144,0,0,0,6192,35028,6516,35298,0,0,0,AOI22xp33_ASAP7_75t_SL,3.0071389822694528e-09,1.2286365365854132e-15
g167145,0,0,0,4302,34758,4626,35028,0,0,0,AOI22xp5_ASAP7_75t_SL,4.510702034110636e-09,1.398107606419383e-15
g167146,0,0,0,12402,36648,12726,36918,0,0,0,AOI22xp5_ASAP7_75t_SL,4.510702034110636e-09,1.4889742305063906e-15
g167147,0,0,0,7326,36918,7650,37188,0,0,0,AOI22xp5_ASAP7_75t_SL,4.510702034110636e-09,1.3685210632091455e-15
g167148,0,0,0,10998,31518,11322,31788,0,0,0,AOI22xp5_ASAP7_75t_SL,7.607903640405311e-09,1.752531204601837e-07
g167149,0,0,0,4788,36648,5112,36918,0,0,0,AOI22xp5_ASAP7_75t_SL,4.510702034110636e-09,1.3666205330337437e-15
g167150,0,0,0,4518,32328,4842,32598,0,0,0,AOI22xp5_ASAP7_75t_SL,7.607527940933778e-09,1.9207600132631342e-07
g167151,0,0,0,2034,32598,2358,32868,0,0,0,AOI22xp5_ASAP7_75t_SL,7.607527940933778e-09,1.9868508616127656e-07
g167152,0,0,0,2034,32868,2358,33138,0,0,0,AOI22xp5_ASAP7_75t_SL,7.607903640405311e-09,1.9471826817607507e-07
g167153,0,0,0,10512,33138,10836,33408,0,0,0,AOI22xp5_ASAP7_75t_SL,7.607903640405311e-09,1.8243159161102085e-07
g167154,0,0,0,4626,28818,4950,29088,0,0,0,AOI22xp5_ASAP7_75t_SL,7.607903640405311e-09,1.9474262558105693e-07
g167155,0,0,0,2142,28548,2466,28818,0,0,0,AOI22xp5_ASAP7_75t_SL,7.607903640405311e-09,1.9463094247385015e-07
g167156,0,0,0,9918,36648,10242,36918,0,0,0,AOI22xp5_ASAP7_75t_SL,4.510702034110636e-09,1.4487412243029954e-15
g167157,0,0,0,6084,36648,6408,36918,0,0,0,AOI22xp5_ASAP7_75t_SL,4.510702034110636e-09,1.4083199650270729e-15
g167158,0,0,0,10566,29358,10890,29628,0,0,0,AOI22xp5_ASAP7_75t_SL,7.607903640405311e-09,1.8473542695573997e-07
g167159,0,0,0,7002,32328,7326,32598,0,0,0,AOI22xp33_ASAP7_75t_SL,5.071950415214133e-09,1.3984070790229453e-07
g167160,0,0,0,10890,36378,11214,36648,0,0,0,AOI22xp5_ASAP7_75t_SL,4.510702034110636e-09,1.5085305271925979e-15
g167161,0,0,0,1656,29628,1980,29898,0,0,0,AOI22xp5_ASAP7_75t_SL,7.607903640405311e-09,1.9984105392722995e-07
g167164,0,0,0,17802,7488,18126,7758,0,0,0,AOI22xp5_ASAP7_75t_SL,5.74147973608774e-09,1.289492843170592e-06
g167165,0,0,0,17586,10188,18234,10458,0,0,0,AND2x6_ASAP7_75t_SL,4.440308742914567e-08,7.067075397104716e-11
g167166,0,0,0,6678,6408,7002,6678,0,0,0,AOI22xp5_ASAP7_75t_SL,5.741475295195642e-09,1.1830761650344357e-06
g167167,0,0,0,17856,6138,18180,6408,0,0,0,AOI22xp5_ASAP7_75t_SL,5.741475295195642e-09,1.2321901294853888e-06
g167168,0,0,0,14238,10458,14562,10728,0,0,0,AOI22xp5_ASAP7_75t_SL,5.741475295195642e-09,1.2312171975281672e-06
g167169,0,0,0,15048,3168,15372,3438,0,0,0,AOI22xp5_ASAP7_75t_SL,6.98470881133062e-09,7.029320875373557e-11
g167170,0,0,0,11754,3438,12078,3708,0,0,0,AOI22xp5_ASAP7_75t_SL,6.98470881133062e-09,7.329493956209632e-11
g167171,0,0,0,8136,7218,8460,7488,0,0,0,AOI22xp5_ASAP7_75t_SL,6.98470881133062e-09,7.263973450521988e-11
g167172,0,0,0,13212,3168,13536,3438,0,0,0,AOI22xp5_ASAP7_75t_SL,6.98470881133062e-09,7.630103493472262e-11
g167173,0,0,0,7326,3438,7650,3708,0,0,0,AOI22xp5_ASAP7_75t_SL,6.98470881133062e-09,7.475725594119353e-11
g167174,0,0,0,15372,4518,15696,4788,0,0,0,AOI22xp5_ASAP7_75t_SL,6.98470881133062e-09,7.507759691716132e-11
g167175,0,0,0,8946,3168,9270,3438,0,0,0,AOI22xp33_ASAP7_75t_SL,4.656479202225228e-09,6.147471420803186e-11
g167176,0,0,0,10350,3168,10674,3438,0,0,0,AOI22xp5_ASAP7_75t_SL,6.98470881133062e-09,7.876303775855575e-11
g167177,0,0,0,4572,6948,4896,7218,0,0,0,AOI22xp5_ASAP7_75t_SL,6.105975725034796e-09,9.230598152498715e-07
g167178,0,0,0,11106,8028,11430,8298,0,0,0,AOI22xp5_ASAP7_75t_SL,5.74147973608774e-09,1.2266268640814815e-06
g167179,0,0,0,11430,5868,11754,6138,0,0,0,AOI22xp5_ASAP7_75t_SL,6.98470881133062e-09,7.428795079089667e-11
g167180,0,0,0,4572,8298,4896,8568,0,0,0,AOI22xp5_ASAP7_75t_SL,5.741475295195642e-09,1.3776254945696564e-06
g167181,0,0,0,4518,8028,4842,8298,0,0,0,AOI22xp5_ASAP7_75t_SL,5.741475295195642e-09,1.349129206573707e-06
g167182,0,0,0,14940,8568,15264,8838,0,0,0,AOI22xp33_ASAP7_75t_SL,3.827655525867613e-09,1.0206647402810631e-06
g167183,0,0,0,9216,5868,9540,6138,0,0,0,AOI22xp5_ASAP7_75t_SL,5.741475295195642e-09,1.2901937225251459e-06
g167184,0,0,0,11214,10458,11538,10728,0,0,0,AOI22xp5_ASAP7_75t_SL,5.741475295195642e-09,1.2747370874421904e-06
g167185,0,0,0,6786,7758,7110,8028,0,0,0,AOI22xp5_ASAP7_75t_SL,6.98470881133062e-09,7.30368682200222e-11
g167186,0,0,0,17586,3708,17910,3978,0,0,0,AOI22xp5_ASAP7_75t_SL,6.98470881133062e-09,7.412322144961792e-11
g167187,0,0,0,4680,9918,5004,10188,0,0,0,AOI22xp5_ASAP7_75t_SL,5.741474407017222e-09,1.2988859907636652e-06
g167188,0,0,0,12834,9378,13158,9648,0,0,0,AOI22xp5_ASAP7_75t_SL,5.741475295195642e-09,1.2463368648241158e-06
g167189,0,0,0,17694,5058,18018,5328,0,0,0,AOI22xp5_ASAP7_75t_SL,6.98470881133062e-09,6.94425975056312e-11
g167190,0,0,0,15156,6678,15480,6948,0,0,0,AOI22xp5_ASAP7_75t_SL,5.741475295195642e-09,1.2898568684249767e-06
g167191,0,0,0,13320,5868,13644,6138,0,0,0,AOI22xp5_ASAP7_75t_SL,5.741475295195642e-09,1.3610024325316772e-06
g167192,0,0,0,8082,10188,8406,10458,0,0,0,AOI22xp5_ASAP7_75t_SL,5.741475295195642e-09,1.3025990028836532e-06
g167193,0,0,0,7596,5328,7920,5598,0,0,0,AOI22xp33_ASAP7_75t_SL,3.827655525867613e-09,9.76894057203026e-07
g167194,0,0,0,6786,10458,7110,10728,0,0,0,AOI22xp5_ASAP7_75t_SL,5.741475295195642e-09,1.2222388932059403e-06
g167195,0,0,0,5706,4788,6030,5058,0,0,0,AOI22xp33_ASAP7_75t_SL,4.0706562565162585e-09,7.329064146688324e-07
g167196,0,0,0,15534,10458,15858,10728,0,0,0,AOI22xp5_ASAP7_75t_SL,5.741475295195642e-09,1.2291295661270851e-06
g167218,0,0,0,6030,18018,6192,18288,0,0,1,INVx1_ASAP7_75t_L,4.857479973807699e-10,4.739574288592507e-10
g167355,0,0,0,19368,33138,19584,33408,0,1,0,HB1xp67_ASAP7_75t_L,4.973330081092797e-10,0.0
g167452_dup,0,0,0,21690,7758,22230,8028,0,0,0,AND2x4_ASAP7_75t_SL,3.032999984498019e-08,2.0819305396275805e-15
g167520,0,0,0,17964,41778,18288,42048,0,0,0,AOI22xp5_ASAP7_75t_SL,3.6828700089586164e-09,0.0
g167528,0,0,0,19422,31788,19746,32058,0,0,0,AOI22xp33_ASAP7_75t_SL,6.780839889586332e-09,0.0
g167529,0,0,0,19638,30708,19800,30978,0,0,1,INVxp67_ASAP7_75t_SL,3.4288101247170744e-09,0.0
g167533,0,0,0,19314,41508,19638,41778,0,0,0,AOI22xp5_ASAP7_75t_SL,3.6828700089586164e-09,0.0
g167534,0,0,0,19152,30708,19368,30978,0,0,0,NAND2xp5_ASAP7_75t_SL,1.8409799240615143e-09,0.0
g167537,0,0,0,18072,36378,18396,36648,0,0,0,AOI22xp5_ASAP7_75t_L,3.7885597437004037e-10,0.0
g167562,0,0,0,21420,30978,21690,31248,0,0,0,OAI21xp5_ASAP7_75t_SL,2.263724319107041e-09,8.580345499864181e-15
g167564,0,0,0,19746,32058,19908,32328,0,0,1,INVx1_ASAP7_75t_SL,5.0640900361997865e-09,5.189093241469295e-15
g167577,0,0,0,12942,23148,13158,23418,0,1,0,HB1xp67_ASAP7_75t_R,5.188600243899444e-11,1.524286039806326e-19
g167578,0,0,0,13644,23418,13860,23688,0,0,0,NAND2xp5_ASAP7_75t_SL,1.8409799240615143e-09,1.6604488866735335e-19
g167580,0,0,0,13482,22608,13698,22878,0,0,0,NOR2xp33_ASAP7_75t_SL,3.2306399777581873e-09,1.6242161786452088e-19
g167603,0,0,0,33030,10728,33354,10998,0,0,0,AND2x2_ASAP7_75t_SL,1.1970993973875466e-08,1.1592653852382333e-15
g167604,0,0,0,33516,7488,33948,7758,0,0,0,NAND2x1p5_ASAP7_75t_SL,5.523033141940914e-09,8.392366971890941e-16
g167677,0,0,0,24012,18018,24552,18288,0,0,0,AND2x4_ASAP7_75t_SL,2.473961657756263e-08,5.484361409457961e-09
g167682,0,0,0,20016,30978,20178,31248,0,0,1,INVx1_ASAP7_75t_SL,5.064088259842947e-09,5.057665657809407e-12
g167684,0,0,0,18450,30978,18774,31248,0,0,0,AOI31xp33_ASAP7_75t_SL,3.3794600451386714e-09,0.0
g167685,0,0,0,20232,31248,20556,31518,0,0,0,OAI22xp33_ASAP7_75t_SL,6.857577616870003e-09,3.4323047876094748e-12
g167730,0,0,0,35838,30708,36000,30978,0,0,1,INVx1_ASAP7_75t_SL,5.143198311685637e-09,6.172867338810617e-12
g167858,0,0,0,32652,32868,32976,33138,0,0,0,AOI22xp5_ASAP7_75t_SL,8.41263858575303e-09,3.003800230771958e-08
g167859,0,0,0,27630,34758,28602,35028,0,1,0,BUFx12f_ASAP7_75t_SL,8.137030249599775e-08,1.3510168983543736e-08
g167860,0,0,0,28494,34488,28818,34758,0,0,0,AOI22xp5_ASAP7_75t_SL,8.41263858575303e-09,3.2784043924039e-08
g167861,0,0,0,32814,36108,33138,36378,0,0,0,AOI22xp5_ASAP7_75t_SL,8.41263858575303e-09,3.1549081569437476e-08
g167862,0,0,0,29898,34758,30222,35028,0,0,0,AOI22xp5_ASAP7_75t_SL,8.41263858575303e-09,3.202317344630501e-08
g167863,0,0,0,32436,35838,32760,36108,0,0,0,AOI22xp5_ASAP7_75t_SL,8.41263858575303e-09,3.077451538047171e-08
g167864,0,0,0,30708,36918,31032,37188,0,0,0,AOI22xp5_ASAP7_75t_SL,8.469842605052236e-09,3.449444108127864e-08
g167865,0,0,0,28764,33138,29088,33408,0,0,0,AOI22xp5_ASAP7_75t_SL,8.469842605052236e-09,3.0386658522729704e-08
g167866,0,0,0,27792,33138,28116,33408,0,0,0,AOI22xp5_ASAP7_75t_SL,8.469842605052236e-09,3.085683175640952e-08
g167867,0,0,0,28710,42858,29034,43128,0,0,0,AOI22xp5_ASAP7_75t_SL,8.469842605052236e-09,3.0571854381378216e-08
g167868,0,0,0,29466,38538,29790,38808,0,0,0,AOI22xp5_ASAP7_75t_SL,8.469842605052236e-09,3.251444624652322e-08
g167869,0,0,0,30762,39348,31086,39618,0,0,0,AOI22xp5_ASAP7_75t_SL,8.469842605052236e-09,3.156406336302098e-08
g167870,0,0,0,28386,41508,28710,41778,0,0,0,AOI22xp5_ASAP7_75t_SL,8.41263858575303e-09,3.52059785768688e-08
g167872,0,0,0,33624,42858,33948,43128,0,0,0,AOI22xp5_ASAP7_75t_SL,8.469842605052236e-09,3.1066132777368693e-08
g167873,0,0,0,27954,42588,28278,42858,0,0,0,AOI22xp5_ASAP7_75t_SL,8.469842605052236e-09,3.177881779947711e-08
g167874,0,0,0,30330,41508,30654,41778,0,0,0,AOI22xp5_ASAP7_75t_SL,8.41263858575303e-09,3.260774761315588e-08
g167875,0,0,0,30276,36648,30600,36918,0,0,0,AOI22xp5_ASAP7_75t_SL,8.41263858575303e-09,3.404660020578376e-08
g167876,0,0,0,30978,34758,31302,35028,0,0,0,AOI22xp5_ASAP7_75t_SL,8.41263858575303e-09,3.1909536346574896e-08
g167877,0,0,0,31140,36378,31464,36648,0,0,0,AOI22xp5_ASAP7_75t_SL,8.469842605052236e-09,3.317618535447764e-08
g167878,0,0,0,31194,38538,31518,38808,0,0,0,AOI22xp5_ASAP7_75t_SL,8.41263858575303e-09,3.184090147101415e-08
g167879,0,0,0,31734,39348,32058,39618,0,0,0,AOI22xp5_ASAP7_75t_SL,8.41263858575303e-09,3.278351101698718e-08
g167880,0,0,0,31788,35028,32112,35298,0,0,0,AOI22xp5_ASAP7_75t_SL,8.41263858575303e-09,3.261154546407852e-08
g167882,0,0,0,32922,39078,33246,39348,0,0,0,AOI22xp5_ASAP7_75t_SL,8.41263858575303e-09,3.21153805771246e-08
g167883,0,0,0,31410,42588,31734,42858,0,0,0,AOI22xp5_ASAP7_75t_SL,8.469842605052236e-09,3.304982598706374e-08
g167884,0,0,0,33678,40698,34002,40968,0,0,0,AOI22xp5_ASAP7_75t_SL,8.41263858575303e-09,3.1467131123008585e-08
g167886,0,0,0,33624,41508,33948,41778,0,0,0,AOI22xp5_ASAP7_75t_SL,8.469842605052236e-09,3.1185788174070694e-08
g167887,0,0,0,28818,37458,29142,37728,0,0,0,AOI22xp5_ASAP7_75t_SL,8.41263858575303e-09,3.0604052625449185e-08
g167888,0,0,0,28386,39348,28710,39618,0,0,0,AOI22xp5_ASAP7_75t_SL,8.41263858575303e-09,3.164124251497924e-08
g167889,0,0,0,29358,40698,29682,40968,0,0,0,AOI22xp5_ASAP7_75t_SL,8.469842605052236e-09,3.129181180838714e-08
g167890,0,0,0,27900,39348,28224,39618,0,0,0,AOI22xp5_ASAP7_75t_SL,8.41263858575303e-09,3.3822793454874045e-08
g167892,0,0,0,16668,27738,16992,28008,0,0,0,AOI22xp33_ASAP7_75t_SL,5.646584977370139e-09,2.8573005295129406e-08
g167895,0,0,0,20502,29628,20826,29898,0,0,0,AOI22xp5_ASAP7_75t_SL,8.469842605052236e-09,3.3016640088590066e-08
g167897,0,0,0,20448,30438,20772,30708,0,0,0,AOI22xp33_ASAP7_75t_SL,5.646584977370139e-09,2.87559416278782e-08
g167898,0,0,0,31302,25578,31626,25848,0,0,0,AOI22xp5_ASAP7_75t_SL,8.469842605052236e-09,3.692914418707005e-08
g167900,0,0,0,24822,19368,25146,19638,0,0,0,AOI22xp5_ASAP7_75t_SL,8.469842605052236e-09,3.361174805149858e-08
g167901,0,0,0,32274,20988,32598,21258,0,0,0,AOI22xp33_ASAP7_75t_SL,5.646584977370139e-09,2.7228150401015228e-08
g167903,0,0,0,24282,19908,24606,20178,0,0,0,AOI22xp5_ASAP7_75t_SL,8.469842605052236e-09,3.329645892335975e-08
g167904,0,0,0,28602,25578,28926,25848,0,0,0,AOI22xp5_ASAP7_75t_SL,8.469842605052236e-09,3.279442495340845e-08
g167906,0,0,0,28548,26388,28872,26658,0,0,0,AOI22xp5_ASAP7_75t_SL,8.469842605052236e-09,2.9731435091662206e-08
g167908,0,0,0,21528,15858,21852,16128,0,0,0,AOI22xp5_ASAP7_75t_SL,8.469842605052236e-09,3.3491748041569736e-08
g167909,0,0,0,28062,25848,28386,26118,0,0,0,AOI22xp5_ASAP7_75t_SL,8.469842605052236e-09,3.3339809135668474e-08
g167910,0,0,0,26550,16938,26874,17208,0,0,0,AOI22xp5_ASAP7_75t_SL,8.41263858575303e-09,3.212198151913981e-08
g167911,0,0,0,31896,14508,32220,14778,0,0,0,AOI22xp33_ASAP7_75t_SL,5.646584977370139e-09,2.773568041902763e-08
g167912,0,0,0,20232,15318,20556,15588,0,0,0,AOI22xp5_ASAP7_75t_SL,8.469842605052236e-09,3.3712197478052985e-08
g167913,0,0,0,20880,28548,21204,28818,0,0,0,AOI22xp33_ASAP7_75t_SL,5.646584977370139e-09,2.7682407477414017e-08
g167914,0,0,0,21420,28548,21744,28818,0,0,0,AOI22xp5_ASAP7_75t_SL,8.469842605052236e-09,3.366014666994488e-08
g167915,0,0,0,17802,26928,18126,27198,0,0,0,AOI22xp5_ASAP7_75t_SL,8.469842605052236e-09,3.432576534123655e-08
g167917,0,0,0,27306,17478,27630,17748,0,0,0,AOI22xp33_ASAP7_75t_SL,5.646584977370139e-09,3.041566287720343e-08
g167919,0,0,0,29520,22878,29844,23148,0,0,0,AOI22xp5_ASAP7_75t_SL,8.469842605052236e-09,3.630394118658842e-08
g167922,0,0,0,24552,24768,24876,25038,0,0,0,AOI22xp5_ASAP7_75t_SL,8.469842605052236e-09,3.1220679375110194e-08
g167924,0,0,0,34434,14778,34758,15048,0,0,0,AOI22xp5_ASAP7_75t_SL,8.469842605052236e-09,3.3666232468476665e-08
g167925,0,0,0,32382,14508,32706,14778,0,0,0,AOI22xp5_ASAP7_75t_SL,8.469842605052236e-09,3.3531527776631265e-08
g167926,0,0,0,17100,14508,17424,14778,0,0,0,AOI22xp5_ASAP7_75t_SL,8.469842605052236e-09,3.345975230217846e-08
g168,0,0,0,23526,44208,23688,44478,0,0,1,INVxp33_ASAP7_75t_R,8.528100101101721e-12,2.1770554781141982e-07
g168295,0,0,0,16884,7758,17208,8028,0,0,1,INVx4_ASAP7_75t_SL,2.0256301525023446e-08,2.272154700174757e-14
g168298,0,0,0,17370,7488,17694,7758,0,0,1,INVx4_ASAP7_75t_SL,2.0256301525023446e-08,2.2567986704673942e-14
g168313,0,0,0,4302,10458,4626,10728,0,0,0,AOI22xp33_ASAP7_75t_SL,6.224090576267827e-09,7.439736862322171e-15
g168335,0,0,0,11970,33408,12132,33678,0,0,1,INVx1_ASAP7_75t_SL,3.188440844681395e-09,2.396449417574331e-06
g168393_dup,0,0,0,20232,21258,20556,21528,0,0,0,OR2x2_ASAP7_75t_SL,1.1886590378651363e-08,3.079258625859893e-09
g168438,0,0,0,13590,33138,13914,33408,0,0,1,INVx4_ASAP7_75t_SL,1.2665595683358788e-08,7.498295872210292e-06
g168446,0,0,0,18234,10188,18558,10458,0,0,1,INVx4_ASAP7_75t_SL,2.057279324674255e-08,1.2858088725697936e-11
g168463,0,0,0,43830,10728,44154,10998,0,0,0,AOI22xp5_ASAP7_75t_SL,8.520370187170556e-09,0.0
g168465,0,0,0,43776,12078,44100,12348,0,0,0,AOI22xp5_ASAP7_75t_SL,8.520370187170556e-09,0.0
g168466,0,0,0,39186,9918,39510,10188,0,0,0,AOI22xp5_ASAP7_75t_SL,8.520370187170556e-09,0.0
g168467,0,0,0,41292,12078,41616,12348,0,0,0,AOI22xp5_ASAP7_75t_SL,8.520370187170556e-09,0.0
g168468,0,0,0,42966,12348,43290,12618,0,0,0,AOI22xp5_ASAP7_75t_SL,8.520370187170556e-09,0.0
g168469,0,0,0,43236,8568,43560,8838,0,0,0,AOI22xp5_ASAP7_75t_SL,8.520370187170556e-09,0.0
g168470,0,0,0,43992,10458,44316,10728,0,0,0,AOI22xp5_ASAP7_75t_SL,8.520370187170556e-09,0.0
g168471,0,0,0,38160,11808,38484,12078,0,0,0,AOI22xp5_ASAP7_75t_SL,8.520370187170556e-09,0.0
g168472,0,0,0,39402,12078,39726,12348,0,0,0,AOI22xp5_ASAP7_75t_SL,8.520370187170556e-09,0.0
g168473,0,0,0,39240,11808,39564,12078,0,0,0,AOI22xp5_ASAP7_75t_SL,8.520370187170556e-09,0.0
g168476,0,0,0,39132,8838,39456,9108,0,0,0,AOI22xp33_ASAP7_75t_SL,5.680270032115686e-09,0.0
g168477,0,0,0,37188,6948,37512,7218,0,0,0,AOI22xp5_ASAP7_75t_SL,8.520370187170556e-09,0.0
g168478,0,0,0,37512,9108,37836,9378,0,0,0,AOI22xp33_ASAP7_75t_SL,5.680270032115686e-09,0.0
g168480,0,0,0,39564,6408,39888,6678,0,0,0,AOI22xp33_ASAP7_75t_SL,5.680270032115686e-09,0.0
g168481,0,0,0,41994,5868,42318,6138,0,0,0,AOI22xp33_ASAP7_75t_SL,5.680270032115686e-09,0.0
g168482,0,0,0,38808,4518,39132,4788,0,0,0,AOI22xp33_ASAP7_75t_SL,5.680270032115686e-09,0.0
g168483,0,0,0,40914,5598,41238,5868,0,0,0,AOI22xp33_ASAP7_75t_SL,5.680270032115686e-09,0.0
g168484,0,0,0,42372,8028,42696,8298,0,0,0,AOI22xp33_ASAP7_75t_SL,5.680270032115686e-09,0.0
g168485,0,0,0,41832,4248,42156,4518,0,0,0,AOI22xp33_ASAP7_75t_SL,5.680270032115686e-09,0.0
g168486,0,0,0,35730,9918,36054,10188,0,0,0,AOI22xp33_ASAP7_75t_SL,5.680270032115686e-09,0.0
g168487,0,0,0,34866,4518,35190,4788,0,0,0,AOI22xp5_ASAP7_75t_SL,8.520370187170556e-09,0.0
g168488,0,0,0,37458,5868,37782,6138,0,0,0,AOI22xp5_ASAP7_75t_SL,8.520370187170556e-09,0.0
g168489,0,0,0,39888,4788,40212,5058,0,0,0,AOI22xp33_ASAP7_75t_SL,5.680270032115686e-09,0.0
g168490,0,0,0,33300,6408,33624,6678,0,0,0,AOI22xp5_ASAP7_75t_SL,8.520370187170556e-09,0.0
g168491,0,0,0,36162,7758,36486,8028,0,0,0,AOI22xp5_ASAP7_75t_SL,8.520370187170556e-09,0.0
g168493,0,0,0,33516,9918,33840,10188,0,0,0,AOI22xp5_ASAP7_75t_SL,8.520370187170556e-09,0.0
g168494,0,0,0,36702,4788,37026,5058,0,0,0,AOI22xp5_ASAP7_75t_SL,8.520370187170556e-09,0.0
g168495,0,0,0,34758,9918,35082,10188,0,0,0,AOI22xp5_ASAP7_75t_SL,8.520370187170556e-09,0.0
g168496,0,0,0,32976,5328,33300,5598,0,0,0,AOI22xp5_ASAP7_75t_SL,8.520370187170556e-09,0.0
g168541,0,0,0,32760,7488,33516,7758,0,0,0,AND3x4_ASAP7_75t_SL,2.3946903127125552e-08,2.203409887340424e-15
g168586,0,0,0,8136,33408,8352,33678,0,0,0,NAND2xp5_ASAP7_75t_SL,5.027358973563878e-09,5.001718483832462e-10
g168594,0,0,0,6192,29628,6408,29898,0,0,0,NAND2xp5_ASAP7_75t_SL,5.142564152293971e-09,5.363576249806101e-10
g168596,0,0,0,5922,30708,6138,30978,0,0,0,NAND2xp5_ASAP7_75t_SL,5.142564152293971e-09,4.8251180828629e-10
g168597,0,0,0,8136,31518,8352,31788,0,0,0,NAND2xp5_ASAP7_75t_SL,5.142564152293971e-09,4.636243611244595e-10
g168599,0,0,0,5004,33408,5220,33678,0,0,0,NAND2xp5_ASAP7_75t_SL,5.142564152293971e-09,4.910249984391157e-10
g168615,0,0,0,22986,12348,23256,12618,0,0,0,OAI21xp5_ASAP7_75t_SL,2.263724319107041e-09,7.79553305181634e-15
g168616,0,0,0,22824,10458,22986,10728,0,0,1,INVx1_ASAP7_75t_SL,5.0640900361997865e-09,5.394511013156198e-15
g168648,0,0,0,14886,36918,15264,37188,0,0,0,NOR5xp2_ASAP7_75t_SL,6.382711581487399e-10,0.0
g168710,0,0,0,17100,8838,17424,9108,0,0,1,INVx4_ASAP7_75t_SL,1.9735614031901605e-08,1.1824897683254676e-06
g168800,0,0,0,43128,41238,43452,41508,0,0,0,NAND2x1_ASAP7_75t_SL,1.0073673450960996e-08,8.971795750767342e-08
g168801,0,0,0,42912,42048,43236,42318,0,0,0,AOI22xp5_ASAP7_75t_SL,6.943870367592808e-09,4.1203382039611824e-08
g168808,0,0,0,34434,6138,34758,6408,0,0,0,AOI22xp5_ASAP7_75t_SL,6.829349086245884e-09,4.158827948685939e-08
g168834,0,0,0,15804,13428,16074,13698,0,0,0,AOI21xp33_ASAP7_75t_SL,6.476145397726896e-09,1.94788128737855e-07
g168835,0,0,0,16344,12888,16614,13158,0,0,0,NOR3xp33_ASAP7_75t_R,3.263713951873193e-11,1.089391332698142e-08
g168946,0,0,0,27576,11268,27738,11538,0,0,1,INVx1_ASAP7_75t_L,5.173767525512574e-10,5.953368642508394e-08
g168948,0,0,0,28332,10998,28656,11268,0,0,0,OAI211xp5_ASAP7_75t_SL,7.71693287049402e-09,4.730242864070533e-08
g168950,0,0,0,30060,11808,30384,12078,0,0,0,AOI22xp33_ASAP7_75t_R,3.6464400943181374e-11,0.0
g168951,0,0,0,26064,10188,26604,10458,0,0,0,AOI222xp33_ASAP7_75t_SL,5.774590139395741e-09,4.1705643383238566e-08
g168955,0,0,0,40752,40158,41076,40428,0,0,0,AOI22xp5_ASAP7_75t_SL,6.943870367592808e-09,7.224062414934451e-08
g168960,0,0,0,14832,32868,15318,33138,0,0,0,XOR2xp5_ASAP7_75t_SL,9.258027233727262e-09,2.6597022042551544e-06
g168964,0,0,0,18558,10188,18774,10458,0,0,0,NAND2xp5_ASAP7_75t_SL,1.8411736579793114e-09,0.0
g168968,0,0,0,35730,19368,36054,19638,0,0,0,AOI22xp5_ASAP7_75t_SL,6.943870367592808e-09,4.57091715588831e-08
g168971,0,0,0,17100,9918,17370,10188,0,0,1,INVx3_ASAP7_75t_SL,1.54295989318598e-08,1.872708782679228e-18
g168974,0,0,0,11376,24228,11646,24498,0,0,1,INVx3_ASAP7_75t_SL,1.4621472033127247e-08,1.6548491430512513e-06
g168976,0,0,0,12888,32328,13104,32598,0,0,1,INVx2_ASAP7_75t_SL,9.747715523644729e-09,1.2460168363759294e-06
g168980,0,0,0,13482,33408,13644,33678,0,0,1,INVx1_ASAP7_75t_SL,5.143200088042477e-09,5.525516432207042e-14
g168986,0,0,0,23472,16668,23904,16938,0,0,0,AOI21x1_ASAP7_75t_SL,1.6913999090206744e-08,3.130547765461955e-10
g168994,0,0,0,38862,32868,39186,33138,0,0,0,AND2x2_ASAP7_75t_SL,1.695224938202955e-08,7.501105159235522e-08
g168999,0,0,0,18342,18018,18558,18288,0,0,0,NOR2xp33_ASAP7_75t_SL,1.2904696200521926e-09,7.244431166064658e-10
g169,0,0,0,24066,2088,24228,2358,0,0,1,INVxp33_ASAP7_75t_R,8.528100101101721e-12,2.0874914241630904e-07
g169001,0,0,0,21636,22608,21852,22878,0,0,0,NOR2xp33_ASAP7_75t_SL,1.2904696200521926e-09,6.455234125013476e-10
g169019,0,0,0,38646,30168,38862,30438,0,0,1,INVx2_ASAP7_75t_SL,1.0226175461980347e-08,1.533966127453823e-07
g169025,0,0,0,42750,40428,43074,40698,0,0,0,NAND2x1_ASAP7_75t_SL,1.0073673450960996e-08,8.904518011831897e-08
g169026,0,0,0,42102,41238,42426,41508,0,0,0,AOI22xp5_ASAP7_75t_SL,6.943870367592808e-09,4.1694512731282884e-08
g169027,0,0,0,42642,40698,42966,40968,0,0,0,AOI22xp5_ASAP7_75t_SL,3.6828700089586164e-09,0.0
g169028,0,0,0,42642,34488,42858,34758,0,0,0,NAND2xp5_ASAP7_75t_SL,5.10347142324008e-09,2.4166272538650446e-08
g169029,0,0,0,42588,32058,42750,32328,0,0,1,INVx1_ASAP7_75t_SL,5.1130877309901734e-09,3.984334995266181e-08
g169031,0,0,0,17424,9378,17748,9648,0,0,0,OAI22xp5_ASAP7_75t_SL,9.908609932551826e-09,2.2560147922966872e-13
g169034,0,0,0,17586,10728,17802,10998,0,0,0,NAND2xp5_ASAP7_75t_L,5.064628161299822e-10,3.769235357858891e-12
g169049,0,0,0,10296,23688,10620,23958,0,0,0,OAI22xp5_ASAP7_75t_SL,9.898367459015844e-09,7.334596148211858e-07
g169052,0,0,0,11646,24228,11862,24498,0,0,0,NAND2xp33_ASAP7_75t_L,2.077614608131384e-10,1.8772836938296678e-06
g169092,0,0,0,19368,32058,19530,32328,0,0,1,INVxp33_ASAP7_75t_SL,1.6880400410812513e-09,4.600238375992993e-13
g169135,0,0,0,38268,13968,38484,14238,0,0,0,NAND2xp5_ASAP7_75t_L,1.9002983908666948e-10,7.05746859035548e-18
g169148,0,0,0,21798,28818,22068,29088,0,0,0,NOR3xp33_ASAP7_75t_SL,1.499598667464852e-09,1.2621361204431802e-12
g169156,0,0,0,17910,35838,18234,36108,0,0,0,AOI22xp5_ASAP7_75t_SL,3.6828700089586164e-09,0.0
g169163,0,0,0,27468,6678,27792,6948,0,0,0,AOI22xp5_ASAP7_75t_SL,3.6828700089586164e-09,0.0
g169164,0,0,0,28872,5868,29196,6138,0,0,0,AOI22xp5_ASAP7_75t_L,3.7885597437004037e-10,0.0
g169169,0,0,0,28872,7488,29196,7758,0,0,0,AOI22xp5_ASAP7_75t_SL,3.6828700089586164e-09,0.0
g169170,0,0,0,23634,6948,23958,7218,0,0,0,AOI22xp33_ASAP7_75t_L,2.5257401725653494e-10,0.0
g169171,0,0,0,21798,11808,22014,12078,0,0,0,NAND2xp5_ASAP7_75t_SL,1.8409799240615143e-09,0.0
g169176,0,0,0,22176,6138,22500,6408,0,0,0,AOI22xp33_ASAP7_75t_SL,2.4552500033081515e-09,0.0
g169180,0,0,0,26928,5868,27252,6138,0,0,0,AOI22xp5_ASAP7_75t_SL,3.6828700089586164e-09,0.0
g169182,0,0,0,24768,11268,25308,11538,0,0,0,AND2x4_ASAP7_75t_SL,2.3941598925603103e-08,0.0
g169184,0,0,0,28386,4518,28710,4788,0,0,0,AOI22xp5_ASAP7_75t_L,3.7885597437004037e-10,0.0
g169186,0,0,0,35082,10998,35406,11268,0,0,0,NAND2x1_ASAP7_75t_SL,1.0073673450960996e-08,7.076303631947667e-08
g169187,0,0,0,34596,10728,34920,10998,0,0,0,AOI22xp5_ASAP7_75t_SL,6.943870367592808e-09,4.113550033935098e-08
g169195,0,0,0,31626,23418,32112,23688,0,0,0,AO22x1_ASAP7_75t_SL,1.1614799788617347e-08,2.3839822950582007e-18
g169200,0,0,0,41130,32868,41346,33138,0,0,0,NAND2xp5_ASAP7_75t_SL,6.714044431532784e-09,3.932049708055274e-08
g169206,0,0,0,30816,42048,31140,42318,0,0,0,OAI22xp33_ASAP7_75t_SL,6.674439667619936e-09,0.0
g169219,0,0,0,39996,32868,40266,33138,0,0,0,AOI21xp33_ASAP7_75t_SL,6.288464859949272e-09,2.541372978726031e-08
g169254,0,0,0,16830,14238,17154,14508,0,0,0,AOI22xp5_ASAP7_75t_SL,8.469842605052236e-09,3.4042621166463505e-08
g169257,0,0,0,17154,15048,17370,15318,0,0,0,NAND2xp5_ASAP7_75t_SL,2.240308383250067e-09,8.207820534344989e-10
g169265,0,0,0,43074,38538,43290,38808,0,0,0,NAND2xp5_ASAP7_75t_SL,6.714044431532784e-09,5.996319885070989e-08
g169382,0,0,0,19962,19638,20286,19908,0,0,0,NOR4xp25_ASAP7_75t_SL,1.1664858412530066e-08,2.3249278910952853e-06
g169431,0,0,0,5274,17748,5436,18018,0,0,1,INVx1_ASAP7_75t_L,4.857479973807699e-10,5.771659816744545e-10
g169439,0,0,0,4464,15588,4680,15858,0,0,1,INVx2_ASAP7_75t_R,9.798459266185944e-11,5.448039797073534e-10
g169443,0,0,0,6030,18828,6192,19098,0,0,1,INVx1_ASAP7_75t_L,4.857479973807699e-10,5.275423986539352e-10
g169452,0,0,0,13212,12078,13374,12348,0,0,1,INVx1_ASAP7_75t_R,2.5579423995614192e-11,7.491529459002777e-07
g169460,0,0,0,7974,33138,8190,33408,0,0,1,INVx2_ASAP7_75t_R,9.798459266185944e-11,9.200322583519257e-16
g169464,0,0,0,5706,29088,5868,29358,0,0,1,INVx1_ASAP7_75t_R,4.899229633092972e-11,7.504261926419872e-16
g169471,0,0,0,15480,30168,15642,30438,0,0,1,INVxp67_ASAP7_75t_SL,3.3760600981480593e-09,9.430307470092884e-20
g169475,0,0,0,26226,20988,26550,21258,0,0,0,AND2x2_ASAP7_75t_R,1.2508699631652576e-10,0.0
g169477,0,0,0,26550,20988,26766,21258,0,0,0,NOR2xp33_ASAP7_75t_SL,3.2306399777581873e-09,6.543907082878775e-10
g169478,0,0,0,26334,21528,26496,21798,0,0,1,INVxp33_ASAP7_75t_R,1.7778400279722106e-11,4.3182357689630635e-10
g169480,0,0,0,26064,15588,26280,15858,0,0,0,NOR2xp33_ASAP7_75t_R,3.580048410500858e-11,1.5815236620309037e-10
g169481,0,0,0,26766,16398,26982,16668,0,1,0,HB1xp67_ASAP7_75t_SL,5.092500199310734e-09,7.743139462945692e-10
g169483,0,0,0,25848,16398,26010,16668,0,0,1,INVxp33_ASAP7_75t_R,1.7778393340828202e-11,2.7723543946645e-12
g169494,0,0,0,26928,22338,27252,22608,0,0,0,AND2x2_ASAP7_75t_R,1.7300094690142487e-10,4.0100192610914576e-10
g169496,0,0,0,24984,25848,25200,26118,0,0,0,NOR2xp33_ASAP7_75t_R,3.580048410500858e-11,1.4333434439350867e-10
g169500,0,0,0,24120,26118,24282,26388,0,0,1,INVxp33_ASAP7_75t_R,1.7778393340828202e-11,2.596287768108496e-12
g169536,0,0,0,18828,34218,19044,34488,0,0,1,INVx2_ASAP7_75t_SL,1.0128200500503226e-08,5.814725540596714e-16
g169540,0,0,0,17100,36108,17424,36378,0,0,0,AOI22xp5_ASAP7_75t_SL,8.635570480919341e-09,8.499938356247225e-15
g169541,0,0,0,22986,40158,23310,40428,0,0,0,AOI22xp5_ASAP7_75t_SL,8.635570480919341e-09,7.83170389976294e-15
g169542,0,0,0,20934,41238,21258,41508,0,0,0,AOI22xp5_ASAP7_75t_SL,8.635570480919341e-09,8.067768594030925e-15
g169543,0,0,0,21582,39888,21906,40158,0,0,0,AOI22xp5_ASAP7_75t_SL,8.635570480919341e-09,7.857775573879427e-15
g169544,0,0,0,18450,37188,18774,37458,0,0,0,AOI22xp5_ASAP7_75t_SL,8.635570480919341e-09,7.677410072156991e-15
g169545,0,0,0,17262,41238,17586,41508,0,0,0,AOI22xp5_ASAP7_75t_SL,8.635570480919341e-09,7.859889768115774e-15
g169546,0,0,0,24282,41508,24606,41778,0,0,0,AOI22xp5_ASAP7_75t_SL,8.635570480919341e-09,7.533283181016936e-15
g169548,0,0,0,23310,41238,23634,41508,0,0,0,AOI22xp5_ASAP7_75t_SL,8.520370187170556e-09,7.715150472154854e-15
g169549,0,0,0,17208,39348,17532,39618,0,0,0,AOI22xp5_ASAP7_75t_SL,8.635570480919341e-09,8.074976844412059e-15
g169550,0,0,0,25524,42048,25848,42318,0,0,0,AOI22xp5_ASAP7_75t_SL,8.577970334044949e-09,7.371953897751093e-15
g169551,0,0,0,21042,32598,21366,32868,0,0,0,AOI22xp5_ASAP7_75t_SL,8.520370187170556e-09,8.558697031798256e-15
g169552,0,0,0,25794,32868,26118,33138,0,0,0,AOI22xp33_ASAP7_75t_SL,5.7570401779116764e-09,6.672922170337589e-15
g169553,0,0,0,25686,36918,26010,37188,0,0,0,AOI22xp5_ASAP7_75t_SL,8.635570480919341e-09,7.96930186094556e-15
g169555,0,0,0,22608,33678,22932,33948,0,0,0,AOI22xp33_ASAP7_75t_SL,5.7570401779116764e-09,6.436002819825825e-15
g169567,0,0,0,28548,15588,28872,15858,0,0,0,OAI31xp33_ASAP7_75t_SL,3.4320524200381897e-09,5.6313907530192164e-12
g169569,0,0,0,31194,14238,31356,14508,0,0,1,INVx1_ASAP7_75t_SL,5.064088259842947e-09,8.39582743605849e-12
g169660,0,0,0,35028,30978,35190,31248,0,0,1,INVx1_ASAP7_75t_SL,5.143198311685637e-09,2.344096271256202e-12
g169752,0,0,0,12510,23418,12726,23688,0,0,0,NOR2xp33_ASAP7_75t_SL,2.030776213857166e-09,1.6222974181800964e-06
g169816,0,0,0,20556,9378,20772,9648,0,1,0,HB1xp67_ASAP7_75t_L,4.973330081092797e-10,1.0016063271657064e-18
g169838,0,0,0,37998,12618,38268,12888,0,0,0,NAND3xp33_ASAP7_75t_SL,1.0070448475119065e-08,3.01075466779821e-08
g169866,0,0,0,10404,24228,10728,24498,0,0,0,AND3x1_ASAP7_75t_L,6.630467841439724e-10,4.927745364535774e-11
g169867,0,0,0,10620,23688,11268,23958,0,0,0,AND2x6_ASAP7_75t_SL,2.5755515054015632e-08,4.018397885374725e-05
g169869,0,0,0,10728,24228,11376,24498,0,0,0,AND2x6_ASAP7_75t_SL,3.794025360548403e-08,7.125835054466734e-06
g169903,0,0,0,40158,26658,40482,26928,0,0,0,AOI22xp33_ASAP7_75t_SL,2.4614874583051005e-09,2.5327559907489198e-15
g169906,0,0,0,40482,12348,40806,12618,0,0,0,OAI211xp5_ASAP7_75t_SL,7.71693287049402e-09,3.364871048461282e-08
g169945,0,0,0,16290,21258,16614,21528,0,0,0,OAI22xp33_ASAP7_75t_SL,3.129162484682979e-09,1.49975619478937e-07
g169946,0,0,0,36432,28278,36594,28548,0,0,1,INVx1_ASAP7_75t_SL,5.1130877309901734e-09,9.170845771677705e-08
g169948,0,0,0,15966,20448,16128,20718,0,0,1,INVxp67_ASAP7_75t_SL,1.7012176112274346e-09,2.1650330950251373e-07
g169950,0,0,0,18180,22608,18450,22878,0,0,0,OAI21xp5_ASAP7_75t_SL,6.175390865337249e-09,1.7219937831214338e-07
g169951,0,0,0,16398,22608,16614,22878,0,0,1,INVx2_ASAP7_75t_SL,8.033778087224164e-09,1.787003498066042e-06
g169953,0,0,0,18018,21528,18234,21798,0,0,0,NAND2xp5_ASAP7_75t_SL,3.14504999820997e-09,1.7792314110920415e-07
g169954,0,0,0,16560,21528,16830,21798,0,0,1,INVx3_ASAP7_75t_SL,1.2050664466300987e-08,1.4555066627508495e-06
g169955,0,0,0,29304,25578,29466,25848,0,0,1,INVx1_ASAP7_75t_L,5.173767525512574e-10,6.563397647596503e-08
g169957,0,0,0,19962,21798,20286,22068,0,0,0,OAI22xp33_ASAP7_75t_SL,3.129162484682979e-09,1.4283548921412148e-07
g169958,0,0,0,15534,21258,15696,21528,0,0,1,INVxp67_ASAP7_75t_SL,1.7012176112274346e-09,3.0328573075166787e-07
g169959,0,0,0,40320,31248,40536,31518,0,0,0,NAND2xp5_ASAP7_75t_SL,1.850675057646356e-09,5.380819810824796e-18
g169961,0,0,0,42048,31518,42210,31788,0,0,1,INVx1_ASAP7_75t_SL,5.1130877309901734e-09,5.366240429793834e-08
g169962,0,0,0,43398,31248,43614,31518,0,0,0,NAND2xp33_ASAP7_75t_L,3.2514402281691446e-10,1.3057305108291842e-15
g169963,0,0,0,42750,30978,43074,31248,0,0,0,OAI211xp5_ASAP7_75t_SL,7.716799643731065e-09,3.1898430563614966e-08
g169965,0,0,0,15750,18558,16506,18828,0,0,0,AND3x4_ASAP7_75t_SL,2.3485757338903568e-08,1.278383251701598e-06
g169967,0,0,0,15048,21798,15264,22068,0,0,0,NAND2xp5_ASAP7_75t_SL,1.946370842276224e-09,9.078634510828465e-10
g169975,0,0,0,11808,39618,12078,39888,0,0,0,OAI21xp33_ASAP7_75t_SL,3.699513140276167e-09,4.917224032396916e-07
g169976,0,0,0,11916,40158,12240,40428,0,0,0,AND2x2_ASAP7_75t_R,1.3235403051314876e-10,9.002820888781571e-07
g169996,0,0,0,11376,22878,11700,23148,0,0,0,OAI22xp33_ASAP7_75t_SL,4.0621053187805956e-09,2.462630618538242e-06
g17,0,0,0,23040,43398,23256,43668,0,0,1,INVx2_ASAP7_75t_SL,5.10364994710244e-09,1.0155235941056162e-06
g170,0,0,0,1332,26118,1494,26388,0,0,1,INVxp33_ASAP7_75t_R,8.528100101101721e-12,2.0136937450843106e-07
g170000,0,0,0,15048,21258,15318,21528,0,0,0,NAND3xp33_ASAP7_75t_SL,5.8841806982457e-09,6.636245188929024e-07
g170001,0,0,0,5652,21258,5976,21528,0,0,0,AOI22xp5_ASAP7_75t_R,5.825220167343659e-11,6.780647510140625e-08
g170002,0,0,0,15912,21258,16290,21528,0,0,0,AOI221xp5_ASAP7_75t_SL,5.489228627197917e-09,1.9003030615749594e-07
g170016,0,0,0,23094,13968,23418,14238,0,0,0,AND2x2_ASAP7_75t_SL,1.1980150205204154e-08,2.997695624715191e-12
g170017,0,0,0,23472,14238,23688,14508,0,0,0,NOR2xp33_ASAP7_75t_SL,3.2306399777581873e-09,1.656771386748801e-10
g170032,0,0,0,29574,26118,29790,26388,0,0,0,NOR2xp33_ASAP7_75t_SL,2.1779922310116717e-09,1.0235924108314975e-08
g170033,0,0,0,29574,26388,29844,26658,0,0,0,OAI21xp33_ASAP7_75t_SL,3.3459428561144477e-09,2.760177508775996e-08
g170035,0,0,0,28980,16398,29142,16668,0,0,1,INVx1_ASAP7_75t_SL,5.143196535328798e-09,8.281362574857898e-12
g170036,0,0,0,28602,16668,28764,16938,0,0,1,INVx1_ASAP7_75t_SL,5.064088259842947e-09,5.908486807454372e-12
g170038,0,0,0,28116,16668,28332,16938,0,0,0,NOR2xp33_ASAP7_75t_SL,2.1779922310116717e-09,1.0642821735018515e-08
g170041,0,0,0,17586,29358,17856,29628,0,0,0,NOR3xp33_ASAP7_75t_SL,3.144055016335301e-09,1.4890005672896223e-08
g170042,0,0,0,16992,29088,17154,29358,0,0,1,INVx1_ASAP7_75t_SL,5.004972436495336e-09,8.126870909563877e-08
g170043,0,0,0,18126,28818,18288,29088,0,0,1,INVx1_ASAP7_75t_R,5.301315636474513e-11,2.4487217586965926e-08
g170044,0,0,0,17046,29628,17316,29898,0,0,0,OAI21xp33_ASAP7_75t_SL,6.616659220526344e-09,3.037435476471728e-07
g170049,0,0,0,24228,23688,24390,23958,0,0,1,INVxp33_ASAP7_75t_R,8.528100101101721e-12,1.7490151549282018e-07
g170050,0,0,0,23364,24498,23634,24768,0,0,0,OAI21xp33_ASAP7_75t_L,3.5056885172579655e-10,2.4827054190268427e-08
g170063,0,0,0,21960,14238,22230,14508,0,0,0,OAI21xp33_ASAP7_75t_SL,3.3459428561144477e-09,2.7342036190702856e-08
g170065,0,0,0,15264,37998,15480,38268,0,1,0,HB1xp67_ASAP7_75t_R,2.5936298247986045e-11,3.7705162867496256e-06
g170076,0,0,0,41670,32598,41832,32868,0,0,1,INVx1_ASAP7_75t_SL,5.1130877309901734e-09,4.781398743602949e-08
g170077,0,0,0,41076,33138,41400,33408,0,0,0,AO21x1_ASAP7_75t_SL,6.919918416059545e-09,3.918085023091322e-10
g170083,0,0,0,42372,11268,42588,11538,0,0,0,NAND2xp5_ASAP7_75t_SL,1.859943976612044e-09,1.4829786010306378e-10
g170084,0,0,0,43884,11538,44208,11808,0,0,0,AOI22xp5_ASAP7_75t_SL,3.6828700089586164e-09,0.0
g170086,0,0,0,41994,9918,42318,10188,0,0,0,AOI22xp33_ASAP7_75t_L,2.532256904164143e-10,1.7715868792369063e-15
g170087,0,0,0,40104,20448,40320,20718,0,0,0,NAND2xp5_ASAP7_75t_SL,1.859943976612044e-09,2.0002979828070977e-10
g170089,0,0,0,40374,20448,40698,20718,0,0,0,NAND4xp25_ASAP7_75t_SL,1.3426256550985727e-08,3.14256851652317e-08
g170091,0,0,0,42210,27198,42534,27468,0,0,0,AOI22xp5_ASAP7_75t_SL,3.6922260804317375e-09,3.2786091583877994e-15
g170092,0,0,0,40050,21258,40374,21528,0,0,0,AOI22xp33_ASAP7_75t_L,2.5257401725653494e-10,0.0
g170097,0,0,0,32004,30978,32220,31248,0,0,1,INVx2_ASAP7_75t_L,9.65808766295595e-10,9.449203020039931e-08
g170098,0,0,0,32544,30708,32706,30978,0,0,1,INVxp67_ASAP7_75t_L,3.4491950962056706e-10,1.8841614490838765e-08
g170131,0,0,0,8946,28548,9270,28818,0,0,0,AOI22xp33_ASAP7_75t_SL,6.780766614866707e-09,0.0
g170132,0,0,0,8028,29088,8244,29358,0,0,0,NAND2xp5_ASAP7_75t_SL,5.027443794602959e-09,1.3127580134053574e-09
g170133,0,0,0,7056,29358,7272,29628,0,0,0,NAND2xp5_ASAP7_75t_L,5.221367227470353e-10,4.665050568064544e-10
g170134,0,0,0,7812,29628,8136,29898,0,0,0,AOI22xp33_ASAP7_75t_SL,2.0405992451344446e-09,5.459487306680444e-10
g170135,0,0,0,10026,30438,10350,30708,0,0,0,AOI22xp33_ASAP7_75t_SL,6.780766614866707e-09,0.0
g170137,0,0,0,7596,29898,7812,30168,0,0,0,NAND2xp33_ASAP7_75t_L,3.4803745996292434e-10,3.3764818718751144e-10
g170138,0,0,0,8136,29628,8460,29898,0,0,0,AOI22xp33_ASAP7_75t_SL,2.0405992451344446e-09,5.153343307640057e-10
g170156,0,0,0,35784,8298,36108,8568,0,0,0,AOI22xp5_ASAP7_75t_SL,8.635570480919341e-09,8.409474390447518e-15
g170215,0,0,0,19152,15048,19422,15318,0,0,0,AOI21xp5_ASAP7_75t_SL,8.406805918070859e-09,3.212055688095461e-08
g170220,0,0,0,19368,15858,19692,16128,0,0,0,OR2x2_ASAP7_75t_L,8.947256269209447e-10,1.0162295893678674e-06
g170221,0,0,0,19746,15318,20178,15588,0,0,0,NOR2x1p5_ASAP7_75t_SL,7.14467773832439e-09,3.120297797920557e-09
g170222,0,0,0,20070,13698,20394,13968,0,0,0,AOI22xp5_ASAP7_75t_SL,8.469839052338557e-09,3.506049139900824e-08
g170248,0,0,0,19962,12888,20286,13158,0,0,0,AOI22xp5_ASAP7_75t_SL,8.469839052338557e-09,3.391521730122804e-08
g170302,0,0,0,41400,9108,41724,9378,0,0,0,AOI22xp5_ASAP7_75t_SL,8.635570480919341e-09,8.885829626357339e-15
g170345,0,0,0,37566,6138,37890,6408,0,0,0,AOI22xp5_ASAP7_75t_SL,8.635570480919341e-09,9.032832194353323e-15
g170349,0,0,0,41238,5868,41562,6138,0,0,0,AOI22xp5_ASAP7_75t_SL,8.635570480919341e-09,8.361843186724567e-15
g170351,0,0,0,40860,9378,41184,9648,0,0,0,AOI22xp33_ASAP7_75t_SL,5.7570401779116764e-09,7.347979477212007e-15
g170356,0,0,0,39996,8028,40320,8298,0,0,0,AOI22xp33_ASAP7_75t_SL,5.7570401779116764e-09,7.277877336431347e-15
g170358,0,0,0,39510,5328,39834,5598,0,0,0,AOI22xp33_ASAP7_75t_SL,5.7570401779116764e-09,7.185056924972379e-15
g170362,0,0,0,40590,5328,40914,5598,0,0,0,AOI22xp33_ASAP7_75t_SL,5.7570401779116764e-09,7.176394319020809e-15
g170366,0,0,0,28548,4788,28872,5058,0,0,0,NAND2x1_ASAP7_75t_SL,1.0073675227317835e-08,6.798254048590024e-08
g170378,0,0,0,34056,5328,34380,5598,0,0,0,AOI22xp33_ASAP7_75t_SL,5.7570401779116764e-09,6.8909069463464305e-15
g170387,0,0,0,42102,7758,42426,8028,0,0,0,AOI22xp33_ASAP7_75t_SL,5.7570401779116764e-09,6.6691880255896185e-15
g170393,0,0,0,36000,6138,36324,6408,0,0,0,AOI22xp33_ASAP7_75t_SL,5.7570401779116764e-09,7.676469865585539e-15
g170405,0,0,0,37620,8838,37944,9108,0,0,0,AOI22xp33_ASAP7_75t_SL,5.7570401779116764e-09,7.176391777921967e-15
g170621,0,0,0,42480,9378,42804,9648,0,0,0,AOI22xp5_ASAP7_75t_SL,8.635570480919341e-09,8.178209831891624e-15
g170623,0,0,0,42858,9918,43182,10188,0,0,0,AOI22xp5_ASAP7_75t_SL,8.635570480919341e-09,8.069377956630708e-15
g170625,0,0,0,42804,9108,43128,9378,0,0,0,AOI22xp5_ASAP7_75t_SL,8.635570480919341e-09,8.35846098416618e-15
g170689,0,0,0,42696,10458,43020,10728,0,0,0,AOI22xp33_ASAP7_75t_SL,5.7570401779116764e-09,6.849862270821329e-15
g170703,0,0,0,44208,21798,44478,22068,0,0,1,INVx3_ASAP7_75t_SL,7.655449607568698e-09,3.89214847018593e-06
g170740,0,0,0,28602,8568,28926,8838,0,0,0,AOI22xp5_ASAP7_75t_SL,8.520370187170556e-09,8.525783025533848e-15
g170748,0,0,0,29034,8298,29358,8568,0,0,0,AOI22xp5_ASAP7_75t_SL,8.520370187170556e-09,8.424878531626285e-15
g170749,0,0,0,25794,8568,26064,8838,0,0,1,INVx3_ASAP7_75t_SL,7.655449607568698e-09,3.4973386391357053e-06
g170754,0,0,0,24768,10728,25092,10998,0,0,0,AOI22xp5_ASAP7_75t_SL,8.520370187170556e-09,8.69476948664287e-15
g170821,0,0,0,33084,10998,33624,11268,0,0,0,AND2x4_ASAP7_75t_SL,3.0560901365106474e-08,3.3340152775335977e-15
g170840,0,0,0,40050,8838,40374,9108,0,0,0,AOI22xp5_ASAP7_75t_SL,8.635570480919341e-09,8.300050439156471e-15
g171,0,0,0,23904,2088,24066,2358,0,0,1,INVxp33_ASAP7_75t_R,8.528100101101721e-12,1.8875209661928238e-07
g171075,0,0,0,41886,5328,42210,5598,0,0,0,AOI22xp33_ASAP7_75t_SL,5.7570401779116764e-09,7.474539752058956e-15
g171085,0,0,0,22986,6678,23310,6948,0,0,0,AOI22xp5_ASAP7_75t_SL,8.520370187170556e-09,9.478039487693761e-15
g171168,0,0,0,36324,5868,36648,6138,0,0,0,AOI22xp33_ASAP7_75t_SL,5.7570401779116764e-09,7.143883500439294e-15
g171179,0,0,0,36864,6948,37188,7218,0,0,0,AOI22xp33_ASAP7_75t_SL,5.7570401779116764e-09,6.886930973692019e-15
g171189,0,0,0,9270,33678,9594,33948,0,0,0,AOI22xp5_ASAP7_75t_SL,1.0171089748212125e-08,5.80302949790279e-14
g171192,0,0,0,8406,32598,8730,32868,0,0,0,OAI22xp5_ASAP7_75t_SL,3.757804289961086e-09,7.226632625645379e-10
g171209,0,0,0,28278,4788,28494,5058,0,0,0,NAND2xp5_ASAP7_75t_SL,6.714045319711204e-09,5.636916000639758e-08
g171322,0,0,0,42480,6948,42804,7218,0,0,0,AOI22xp33_ASAP7_75t_SL,5.7570401779116764e-09,7.095741535849149e-15
g171378,0,0,0,1764,19368,2088,19638,0,0,0,AOI22xp5_ASAP7_75t_SL,9.509503406945896e-09,1.909749691719753e-09
g171388,0,0,0,36108,9918,36432,10188,0,0,0,AND2x2_ASAP7_75t_SL,1.695224938202955e-08,1.239318550005919e-07
g171389,0,0,0,36162,9378,36486,9648,0,0,0,AOI22xp33_ASAP7_75t_SL,4.552903831722688e-09,2.662686426901928e-08
g171394,0,0,0,25146,9378,25470,9648,0,0,0,AOI22xp5_ASAP7_75t_SL,8.520370187170556e-09,8.717248894030052e-15
g171397,0,0,0,26766,8838,27090,9108,0,0,0,AOI22xp5_ASAP7_75t_SL,8.520370187170556e-09,8.44144310794279e-15
g171435,0,0,0,18180,22338,18504,22608,0,0,0,NAND4xp25_ASAP7_75t_SL,7.745460273156368e-09,2.041912011918612e-06
g171436,0,0,0,19962,22068,20232,22338,0,0,0,AOI21xp5_ASAP7_75t_SL,6.264726071236737e-09,3.6831210081800236e-07
g171437,0,0,0,18126,22068,18450,22338,0,0,0,AOI22xp5_ASAP7_75t_R,5.89672061179769e-11,7.712442240404016e-09
g171438,0,0,0,15318,20988,15588,21258,0,0,0,NAND3xp33_ASAP7_75t_SL,7.36639860221544e-09,5.376930403144797e-07
g171439,0,0,0,15696,20448,15966,20718,0,0,0,AOI21xp33_ASAP7_75t_SL,5.678372438921997e-09,1.981132982109557e-07
g171440,0,0,0,21096,20178,21420,20448,0,0,0,NAND4xp25_ASAP7_75t_SL,7.7413364607537e-09,2.3567272364743985e-06
g171441,0,0,0,20664,20178,20988,20448,0,0,0,AOI22xp5_ASAP7_75t_R,5.89672061179769e-11,7.28080262746289e-09
g171442,0,0,0,17748,16938,18072,17208,0,0,0,NAND4xp25_ASAP7_75t_SL,7.739011209650926e-09,1.1390465033400687e-06
g171445,0,0,0,38430,20988,38700,21258,0,0,0,AOI21xp5_ASAP7_75t_SL,8.398349571336894e-09,3.1567147118494177e-08
g171446,0,0,0,38484,26928,38808,27198,0,0,0,OAI22xp5_ASAP7_75t_SL,2.9911848553609843e-09,3.1773944386633045e-15
g171447,0,0,0,38322,26928,38484,27198,0,0,1,INVxp33_ASAP7_75t_R,1.7674299523928738e-11,1.6039255257283003e-08
g171448,0,0,0,38808,26928,38970,27198,0,0,1,INVxp33_ASAP7_75t_R,1.7778400279722106e-11,4.379722343665236e-15
g171451,0,0,0,22284,35568,22500,35838,0,0,0,NAND2xp5_ASAP7_75t_SL,5.10347142324008e-09,2.4425018452234326e-08
g171452,0,0,0,21204,35838,21528,36108,0,0,0,AOI22xp33_ASAP7_75t_L,2.5257401725653494e-10,0.0
g171453,0,0,0,22284,35298,22500,35568,0,0,0,NAND2xp5_ASAP7_75t_L,1.9099891113150136e-10,1.1023396084830495e-10
g171468,0,0,0,37566,19638,37890,19908,0,0,0,AND2x2_ASAP7_75t_SL,1.695224938202955e-08,8.52218278168948e-08
g171473,0,0,0,26064,19098,26388,19368,0,0,0,AOI22xp5_ASAP7_75t_SL,8.469839052338557e-09,3.8119843281947396e-08
g171483,0,0,0,17316,23148,17856,23418,0,0,0,AND2x4_ASAP7_75t_SL,2.476836868936516e-08,9.162847369736937e-09
g171484,0,0,0,18180,29358,18342,29628,0,0,1,INVxp33_ASAP7_75t_L,1.6097111144031118e-10,1.4793826608183736e-08
g171489,0,0,0,24444,17748,24768,18018,0,0,0,AOI22xp5_ASAP7_75t_SL,8.469839052338557e-09,3.461600783793983e-08
g171490,0,0,0,23958,17748,24120,18018,0,0,1,INVxp33_ASAP7_75t_R,1.6238382166688936e-11,1.6048865347784158e-08
g171492,0,0,0,25254,17748,25578,18018,0,0,0,AOI22xp5_ASAP7_75t_SL,8.469839052338557e-09,3.774794521405056e-08
g171495,0,0,0,24120,17748,24444,18018,0,0,0,AOI22xp5_ASAP7_75t_SL,8.469839052338557e-09,3.9210537039480187e-08
g171504,0,0,0,25470,18288,25794,18558,0,0,0,AOI22xp5_ASAP7_75t_SL,8.469839052338557e-09,3.5304211110087635e-08
g171521,0,0,0,21744,10998,22014,11268,0,0,0,AOI21xp5_ASAP7_75t_SL,8.45700665053073e-09,4.259670307454888e-12
g171526,0,0,0,21312,10458,21528,10728,0,0,0,NAND2xp5_ASAP7_75t_SL,5.143120151984704e-09,0.0
g171528,0,0,0,21960,12078,22230,12348,0,0,0,OAI21xp33_ASAP7_75t_SL,6.743208658122057e-09,4.51016394370507e-12
g171550,0,0,0,29898,32328,30114,32598,0,0,0,NOR2xp33_ASAP7_75t_SL,3.40914119156821e-09,2.5509940826395905e-08
g171562,0,0,0,34920,12618,35136,12888,0,0,0,NOR2xp33_ASAP7_75t_SL,3.3735900739628732e-09,2.7094612513480333e-15
g171722,0,0,0,12240,38538,12510,38808,0,0,0,NAND3xp33_ASAP7_75t_SL,2.8773705640361413e-09,9.8573877949093e-07
g171748,0,0,0,33354,32328,33786,32598,0,0,0,O2A1O1Ixp5_ASAP7_75t_SL,6.148630937730104e-09,2.573200119914418e-15
g171749,0,0,0,33084,31788,33354,32058,0,0,0,OAI21xp33_ASAP7_75t_SL,6.703730903723226e-09,3.13386578909558e-08
g171872,0,0,0,33354,31518,33786,31788,0,0,0,O2A1O1Ixp5_ASAP7_75t_SL,6.148630937730104e-09,2.4984524269345415e-15
g171873,0,0,0,33084,31518,33354,31788,0,0,0,OAI21xp33_ASAP7_75t_SL,6.703730903723226e-09,2.9610184526518424e-08
g171917_dup,0,0,0,36324,19638,36540,19908,0,0,1,INVx2_ASAP7_75t_SL,1.0286400176084953e-08,8.535710251675668e-15
g172,0,0,0,38808,8838,39132,9108,0,0,0,AOI22xp5_ASAP7_75t_SL,8.635570480919341e-09,8.15222031997102e-15
g172003,0,0,0,20286,21798,20664,22068,0,0,0,AOI221xp5_ASAP7_75t_SL,5.495666588473114e-09,2.130876026740225e-07
g172010,0,0,0,16290,12348,16560,12618,0,0,0,AOI21xp5_ASAP7_75t_SL,5.063065966481872e-09,0.0
g172012,0,0,0,16074,12348,16290,12618,0,0,0,NOR2xp33_ASAP7_75t_SL,3.1863778282570365e-09,0.0
g172013,0,0,0,16128,12078,16344,12348,0,0,0,NOR2xp33_ASAP7_75t_SL,3.1911560061104183e-09,2.3078504796103516e-07
g172014,0,0,0,15912,12348,16074,12618,0,0,1,INVxp33_ASAP7_75t_R,1.6334000124684778e-11,0.0
g172047,0,0,0,13104,39348,13320,39618,0,0,0,NAND2xp5_ASAP7_75t_SL,3.491975375524703e-09,4.2003006628377193e-10
g172048,0,0,0,12780,38808,13266,39078,0,0,0,XOR2xp5_ASAP7_75t_SL,1.0997595722983533e-08,1.4186715135977579e-09
g172095,0,0,0,38268,12888,38592,13158,0,0,0,OAI211xp5_ASAP7_75t_SL,1.0061957489426732e-08,2.751695049596492e-08
g172097,0,0,0,38970,13158,39186,13428,0,0,0,NAND2xp5_ASAP7_75t_SL,1.859943976612044e-09,1.4399080539018172e-10
g172114,0,0,0,29952,17748,30276,18018,0,0,0,AOI22xp5_ASAP7_75t_SL,8.41263503303935e-09,3.475879850611818e-08
g172124,0,0,0,31302,17478,31626,17748,0,0,0,AOI22xp5_ASAP7_75t_SL,8.469839052338557e-09,3.503507883806378e-08
g172126,0,0,0,30006,15588,30330,15858,0,0,0,AOI22xp5_ASAP7_75t_SL,8.469839052338557e-09,3.515015833954749e-08
g172128,0,0,0,33624,16938,33948,17208,0,0,0,AOI22xp5_ASAP7_75t_SL,8.469839052338557e-09,3.511013346724212e-08
g172136,0,0,0,34056,15858,34380,16128,0,0,0,AOI22xp5_ASAP7_75t_SL,8.469839052338557e-09,3.5528362474224195e-08
g172155,0,0,0,31140,16128,31464,16398,0,0,0,AOI22xp5_ASAP7_75t_SL,8.469839052338557e-09,3.637145695734034e-08
g172157,0,0,0,28656,18018,28980,18288,0,0,0,AOI22xp5_ASAP7_75t_SL,8.41263503303935e-09,3.6269888425977115e-08
g172159,0,0,0,33732,15858,34056,16128,0,0,0,AOI22xp5_ASAP7_75t_SL,8.41263503303935e-09,3.522262659316766e-08
g172163,0,0,0,36054,31788,36270,32058,0,0,0,NOR2xp33_ASAP7_75t_SL,3.3735900739628732e-09,7.704675587927436e-19
g172165,0,0,0,30546,24228,30816,24498,0,0,0,OAI21xp5_ASAP7_75t_SL,2.2708821489914044e-09,1.2076462644047024e-18
g172166_dup,0,0,0,30816,24228,31356,24498,0,0,0,AND2x4_ASAP7_75t_SL,3.032999984498019e-08,3.685395460757256e-15
g172167,0,0,0,30870,23958,31086,24228,0,0,0,NOR2xp33_ASAP7_75t_R,3.239540233290761e-11,6.551549107888833e-19
g172169,0,0,0,30222,18558,30546,18828,0,0,0,AOI22xp5_ASAP7_75t_SL,8.41263503303935e-09,3.548957039356537e-08
g172172,0,0,0,23202,5058,23472,5328,0,0,1,INVx3_ASAP7_75t_SL,7.655449607568698e-09,4.688110493589193e-06
g172173,0,0,0,23904,18288,24444,18558,0,0,0,AND2x4_ASAP7_75t_SL,2.476836868936516e-08,6.913014161114006e-09
g172175,0,0,0,32706,18018,33030,18288,0,0,0,AOI22xp5_ASAP7_75t_SL,8.469839052338557e-09,3.652281677091196e-08
g172177,0,0,0,15156,11268,15318,11538,0,0,1,INVx1_ASAP7_75t_SL,5.004972436495336e-09,1.230887676229031e-07
g172183,0,0,0,13428,7758,13806,8028,0,0,0,OAI221xp5_ASAP7_75t_SL,5.082109399978663e-09,7.865733095968608e-07
g172187,0,0,0,13320,6678,13860,6948,0,0,0,OA22x2_ASAP7_75t_SL,1.14006217799556e-08,1.085126200450759e-06
g172188,0,0,0,9000,6948,9378,7218,0,0,0,OAI221xp5_ASAP7_75t_SL,5.0641579818488935e-09,8.042233048399794e-07
g172189,0,0,0,12618,6408,12996,6678,0,0,0,OAI221xp5_ASAP7_75t_SL,5.0641579818488935e-09,8.144062348947045e-07
g172190,0,0,0,9432,6408,9810,6678,0,0,0,OAI221xp5_ASAP7_75t_SL,5.0641579818488935e-09,7.418952350235486e-07
g172192,0,0,0,11646,6408,12024,6678,0,0,0,OAI221xp5_ASAP7_75t_SL,5.082109399978663e-09,8.899603471945738e-07
g172193,0,0,0,12888,21258,13050,21528,0,0,1,INVx1_ASAP7_75t_SL,5.004972436495336e-09,1.3344764226985717e-07
g172200,0,0,0,6894,20718,7218,20988,0,1,0,BUFx3_ASAP7_75t_SL,2.010719235556735e-08,3.510163537612243e-07
g172201,0,0,0,6300,19638,6624,19908,0,0,0,NOR2xp67_ASAP7_75t_SL,6.77835831908169e-09,4.6199282621728344e-08
g172202,0,0,0,4140,17478,4464,17748,0,0,0,OAI22xp5_ASAP7_75t_SL,3.757804289961086e-09,6.76499967156019e-10
g172206,0,0,0,4032,18288,4410,18558,0,0,0,OAI221xp5_ASAP7_75t_SL,3.7563614441182835e-09,1.4681127424864826e-09
g172207,0,0,0,4302,20178,4680,20448,0,0,0,OAI221xp5_ASAP7_75t_SL,3.7563614441182835e-09,1.4439121009957034e-09
g172208,0,0,0,3816,18558,4194,18828,0,0,0,OAI221xp5_ASAP7_75t_SL,3.7563614441182835e-09,1.4699572670195948e-09
g172209,0,0,0,34542,12618,34704,12888,0,0,1,INVxp33_ASAP7_75t_L,1.7246223893430113e-10,1.4146342763865505e-08
g172210,0,0,0,27468,5868,27792,6138,0,0,0,AND2x2_ASAP7_75t_SL,1.695224938202955e-08,1.0618232693104801e-07
g172211,0,0,0,27792,5868,28008,6138,0,0,0,NAND2xp33_ASAP7_75t_SL,3.3579041769371543e-09,2.612995686490649e-08
g172216,0,0,0,38646,36648,38862,36918,0,0,0,NAND2xp5_ASAP7_75t_SL,1.8409799240615143e-09,0.0
g172217,0,0,0,39672,24498,39942,24768,0,0,0,OAI21xp33_ASAP7_75t_SL,4.369779649238126e-09,2.6816465951843334e-15
g172218,0,0,0,39942,25308,40212,25578,0,0,0,AOI21xp5_ASAP7_75t_SL,5.270440084359507e-09,1.6833409750887035e-15
g172262,0,0,0,27144,28278,27630,28548,0,0,0,XNOR2xp5_ASAP7_75t_SL,1.5157695543166483e-08,6.332057274349712e-12
g172264,0,0,0,9972,23958,10242,24228,0,1,0,BUFx2_ASAP7_75t_SL,1.3404763521407403e-08,1.8101175669471559e-07
g172266,0,0,0,12024,24228,12240,24498,0,0,1,INVx2_ASAP7_75t_SL,1.016630690742204e-08,1.7976569210986781e-07
g172267,0,0,0,16506,25038,16722,25308,0,0,0,NOR2xp33_ASAP7_75t_SL,3.3887694872447582e-09,3.7566046273695974e-08
g172269,0,0,0,11268,23688,11538,23958,0,0,0,NOR3xp33_ASAP7_75t_L,9.902800801597778e-10,3.566009354472044e-07
g172283,0,0,0,19962,34218,20502,34488,0,0,0,AND2x4_ASAP7_75t_SL,2.3941598925603103e-08,0.0
g172284,0,0,0,22554,36648,22878,36918,0,0,0,NAND4xp25_ASAP7_75t_SL,1.3426256550985727e-08,3.1199554939576046e-08
g172285,0,0,0,21150,37188,21474,37458,0,0,0,AOI22xp5_ASAP7_75t_L,3.7885597437004037e-10,0.0
g172292,0,0,0,38970,30978,39132,31248,0,0,1,INVxp67_ASAP7_75t_SL,3.4087348499411974e-09,2.6467237290717094e-08
g172326,0,0,0,21528,6138,21852,6408,0,0,0,AOI22xp5_ASAP7_75t_SL,8.520370187170556e-09,0.0
g172330,0,0,0,22932,5328,23256,5598,0,0,0,AOI22xp5_ASAP7_75t_SL,8.635570480919341e-09,0.0
g172332,0,0,0,22932,7488,23256,7758,0,0,0,AOI22xp5_ASAP7_75t_SL,8.520370187170556e-09,0.0
g172336,0,0,0,25686,7758,26010,8028,0,0,0,AOI22xp33_ASAP7_75t_SL,5.680270032115686e-09,0.0
g172340,0,0,0,24336,8298,24660,8568,0,0,0,AOI22xp5_ASAP7_75t_SL,8.635570480919341e-09,0.0
g172431,0,0,0,3924,6138,4248,6408,0,0,0,AOI22xp5_ASAP7_75t_SL,7.317780159610265e-09,1.0535684396018041e-06
g172433,0,0,0,17316,8568,17856,8838,0,0,0,NOR2x2_ASAP7_75t_SL,1.941705640717828e-08,9.707509889267385e-07
g172434,0,0,0,16884,8298,17154,8568,0,1,0,BUFx2_ASAP7_75t_L,1.3183609759437331e-09,3.180900431942746e-09
g172438,0,0,0,28764,5598,29088,5868,0,0,0,AOI22xp5_ASAP7_75t_SL,8.520370187170556e-09,0.0
g172475,0,0,0,28008,3168,28332,3438,0,0,0,AOI22xp5_ASAP7_75t_SL,8.520370187170556e-09,0.0
g172501,0,0,0,26658,5328,26982,5598,0,0,0,AOI22xp5_ASAP7_75t_SL,8.520370187170556e-09,0.0
g172533,0,0,0,22932,7758,23256,8028,0,0,0,AOI22xp5_ASAP7_75t_SL,8.520370187170556e-09,0.0
g172535,0,0,0,27468,4248,27792,4518,0,0,0,AOI22xp5_ASAP7_75t_SL,8.520370187170556e-09,0.0
g172541,0,0,0,8460,20988,8784,21258,0,0,0,AOI22xp5_ASAP7_75t_SL,1.0117364723782885e-08,6.215373771212285e-10
g172542,0,0,0,4842,18018,5382,18288,0,0,0,OA22x2_ASAP7_75t_SL,1.3889966510305385e-08,1.8833674619855856e-09
g172560,0,0,0,2142,29898,2466,30168,0,0,0,AOI22xp5_ASAP7_75t_SL,1.0171089748212125e-08,0.0
g172563,0,0,0,5598,30708,5922,30978,0,0,0,OAI22xp5_ASAP7_75t_SL,3.757804289961086e-09,6.721059264691576e-10
g172635,0,0,0,24228,6138,24552,6408,0,0,0,AOI22xp5_ASAP7_75t_SL,8.520370187170556e-09,0.0
g172710,0,0,0,21636,3978,21960,4248,0,0,0,AOI22xp5_ASAP7_75t_SL,8.520370187170556e-09,0.0
g172840,0,0,0,29358,3978,29682,4248,0,0,0,AOI22xp5_ASAP7_75t_SL,8.635570480919341e-09,0.0
g172860,0,0,0,2142,33138,2466,33408,0,0,0,AOI22xp5_ASAP7_75t_SL,1.0171089748212125e-08,6.011709955799222e-14
g172863,0,0,0,5706,33138,6030,33408,0,0,0,OAI22xp5_ASAP7_75t_SL,3.757804289961086e-09,6.7790395519296e-10
g172868,0,0,0,26820,6138,27144,6408,0,0,0,AOI22xp33_ASAP7_75t_SL,5.680270032115686e-09,0.0
g172898,0,0,0,4410,19908,4950,20178,0,0,0,OA22x2_ASAP7_75t_SL,1.3889966510305385e-08,1.6818790804506989e-09
g172949,0,0,0,1332,17208,1656,17478,0,0,0,AOI22xp5_ASAP7_75t_SL,1.0117364723782885e-08,6.389269113782348e-10
g173,0,0,0,33624,10998,34164,11268,0,0,0,AND2x4_ASAP7_75t_SL,3.0560901365106474e-08,3.214435189446735e-15
g173001,0,0,0,14238,31248,14454,31518,0,0,0,NAND2xp5_ASAP7_75t_SL,4.113115181780813e-09,1.6091839825094212e-06
g173002,0,0,0,13968,31518,14130,31788,0,0,1,INVxp67_ASAP7_75t_R,3.5136751147524237e-11,2.9667722500903437e-08
g173003,0,0,0,14508,31248,14994,31518,0,0,0,XOR2xp5_ASAP7_75t_SL,9.264299549727184e-09,2.51983328780625e-06
g173004,0,0,0,14670,31518,14832,31788,0,0,1,INVx1_ASAP7_75t_R,3.1062950822668967e-11,1.8426743508825894e-06
g173006,0,0,0,27900,29628,28170,29898,0,0,0,NAND3xp33_ASAP7_75t_SL,1.0129796557123427e-08,6.582246900310729e-12
g173007,0,0,0,27252,29628,27414,29898,0,0,1,INVxp67_ASAP7_75t_SL,3.428808792449445e-09,3.5513350073179684e-12
g173013,0,0,0,19368,30708,19638,30978,0,0,0,NAND3xp33_ASAP7_75t_SL,1.0129796557123427e-08,5.276526611475152e-12
g173014,0,0,0,20070,31248,20232,31518,0,0,1,INVxp67_ASAP7_75t_SL,3.428808792449445e-09,3.5360280242063835e-12
g173015,0,0,0,18666,32328,18990,32598,0,0,0,AOI22xp33_ASAP7_75t_L,6.860070289604892e-10,9.436720446285643e-19
g173024,0,0,0,39564,30438,39726,30708,0,0,1,INVx1_ASAP7_75t_SL,5.1130877309901734e-09,4.0487030616986885e-08
g173027,0,0,0,37188,35298,37404,35568,0,0,0,NAND2xp5_ASAP7_75t_SL,6.714044431532784e-09,8.451343802562405e-08
g173028,0,0,0,36756,36108,37080,36378,0,0,0,AOI22xp5_ASAP7_75t_SL,6.943870367592808e-09,3.181643037919457e-08
g173047,0,0,0,34758,22068,35082,22338,0,0,0,NAND2x1_ASAP7_75t_SL,1.0073675227317835e-08,6.460676615915872e-08
g173050,0,0,0,5004,18828,5328,19098,0,0,0,NAND2x1_ASAP7_75t_SL,1.005458738490006e-08,1.9507873094681827e-09
g173051,0,0,0,5328,18558,5544,18828,0,0,0,NAND2xp5_ASAP7_75t_L,5.064266783705307e-10,7.404157842394454e-10
g173053,0,0,0,39186,5328,39510,5598,0,0,0,NAND2x1_ASAP7_75t_SL,1.0073673450960996e-08,8.61699902543478e-08
g173054,0,0,0,42588,10998,42912,11268,0,0,0,NAND4xp25_ASAP7_75t_SL,1.3426256550985727e-08,3.421009964199584e-08
g173055,0,0,0,42210,10998,42426,11268,0,0,0,NAND2xp5_ASAP7_75t_SL,4.98926278069689e-09,2.609669635944556e-08
g173086,0,0,0,18504,31788,18720,32058,0,0,0,NOR2xp33_ASAP7_75t_SL,3.2306388675351627e-09,3.3402685999106563e-12
g173089,0,0,0,19152,32058,19368,32328,0,0,0,NAND2xp5_ASAP7_75t_SL,1.8409799240615143e-09,0.0
g173186,0,0,0,39078,9378,39456,9648,0,0,0,AOI221xp5_ASAP7_75t_SL,5.891581889017061e-09,2.8468603715462847e-15
g173202,0,0,0,10134,26388,10458,26658,0,0,0,OR2x2_ASAP7_75t_SL,1.3527794884282685e-08,3.935748793537641e-08
g173212,0,0,0,28656,16398,28980,16668,0,0,0,AO21x1_ASAP7_75t_SL,9.995222427505723e-09,1.538787014476739e-10
g173213,0,0,0,18072,30168,18234,30438,0,0,1,INVx1_ASAP7_75t_SL,5.063863550702763e-09,7.157773262989053e-10
g173214,0,0,0,17370,29628,17640,29898,0,0,0,OAI21xp5_ASAP7_75t_SL,2.3015489514222054e-09,1.107706815162146e-09
g173216,0,0,0,30006,26658,30330,26928,0,0,0,AO21x1_ASAP7_75t_SL,9.995222427505723e-09,1.581909742087717e-10
g173226,0,0,0,23202,19908,23418,20178,0,0,0,NOR2xp33_ASAP7_75t_SL,3.2137490446615402e-09,1.3096316031635524e-08
g173227,0,0,0,23580,21798,23850,22068,0,0,0,NAND3xp33_ASAP7_75t_L,2.5810692472205687e-10,3.3170852020703023e-07
g173228,0,0,0,22770,22878,23094,23148,0,0,0,OR3x1_ASAP7_75t_R,6.684711811866251e-11,4.91090474952216e-07
g173229,0,0,0,23148,20448,23472,20718,0,0,0,OR2x2_ASAP7_75t_SL,1.4876334830660198e-08,1.3649031416207436e-07
g173230,0,0,0,23148,20718,23472,20988,0,0,0,OR2x2_ASAP7_75t_L,1.219789935724691e-09,1.1873905947368257e-07
g173237,0,0,0,18450,32598,18990,32868,0,0,0,AO22x2_ASAP7_75t_SL,1.999819865261543e-08,3.2187161005796032e-18
g173250,0,0,0,14238,29088,14400,29358,0,0,1,INVxp33_ASAP7_75t_R,1.7778400279722106e-11,3.7520216100705994e-11
g173253,0,0,0,14994,28818,15210,29088,0,1,0,HB1xp67_ASAP7_75t_SL,5.092500199310734e-09,8.15390394093285e-11
g173254,0,0,0,15426,29628,15642,29898,0,1,0,HB1xp67_ASAP7_75t_SL,5.092500199310734e-09,1.1738900129731888e-10
g173312,0,0,0,28656,21528,28980,21798,0,0,0,O2A1O1Ixp33_ASAP7_75t_L,9.040561077533482e-10,1.0285215387706437e-11
g173313,0,0,0,28116,19908,28440,20178,0,0,0,AOI22xp5_ASAP7_75t_SL,8.469842605052236e-09,3.068753429147364e-08
g173314,0,0,0,28440,19908,28656,20178,0,1,0,HB1xp67_ASAP7_75t_R,5.0146487656776983e-11,2.952332778249911e-08
g173315,0,0,0,28332,21528,28656,21798,0,0,0,OAI31xp33_ASAP7_75t_SL,3.4320524200381897e-09,5.9088046955313445e-12
g173316,0,0,0,19044,19368,19368,19638,0,0,0,AOI22xp33_ASAP7_75t_L,3.059999476029418e-10,1.0324888499724238e-08
g173339,0,0,0,8622,24498,8838,24768,0,1,0,HB1xp67_ASAP7_75t_SL,3.2161766583271856e-09,3.017594735865714e-06
g173340,0,0,0,8568,24228,8784,24498,0,0,0,NAND2xp5_ASAP7_75t_SL,4.148040577689471e-09,1.6646310996293323e-06
g173357,0,0,0,28548,15858,28872,16128,0,0,0,O2A1O1Ixp33_ASAP7_75t_SL,9.476709195155308e-09,1.0889774325339996e-11
g173358,0,0,0,27306,16668,27630,16938,0,0,0,AOI22xp5_ASAP7_75t_SL,8.469842605052236e-09,3.2847111697265063e-08
g173359,0,0,0,27036,16398,27252,16668,0,1,0,HB1xp67_ASAP7_75t_R,5.0146487656776983e-11,3.090181976972417e-08
g173416,0,0,0,26712,15588,27036,15858,0,0,0,NAND2x1_ASAP7_75t_SL,1.0055499544137092e-08,8.520469885198168e-10
g173512,0,0,0,26280,35028,26604,35298,0,0,0,AOI22xp5_ASAP7_75t_SL,8.520370187170556e-09,0.0
g173513,0,0,0,26118,32868,26442,33138,0,0,0,AOI22xp5_ASAP7_75t_SL,8.520370187170556e-09,0.0
g173515,0,0,0,25956,33948,26280,34218,0,0,0,AOI22xp5_ASAP7_75t_SL,8.520370187170556e-09,0.0
g173519,0,0,0,20394,37728,20718,37998,0,0,0,AOI22xp5_ASAP7_75t_SL,8.520370187170556e-09,0.0
g173649,0,0,0,20772,8568,21096,8838,0,0,0,AND3x1_ASAP7_75t_R,9.107990056600457e-11,2.347205059202511e-16
g173655,0,0,0,20232,8298,20988,8568,0,0,0,AND3x4_ASAP7_75t_SL,3.0332007128208716e-08,4.630222427692843e-09
g173763,0,0,0,29574,33678,30060,33948,0,0,0,AO22x1_ASAP7_75t_SL,7.52153983540893e-09,0.0
g173764,0,0,0,29790,42048,30114,42318,0,0,0,AOI22xp33_ASAP7_75t_SL,2.4552500033081515e-09,0.0
g173765,0,0,0,28116,38268,28440,38538,0,0,0,AOI22xp33_ASAP7_75t_SL,4.5797001746450405e-09,0.0
g173769,0,0,0,29844,36648,30168,36918,0,0,0,AOI22xp5_ASAP7_75t_SL,3.6828700089586164e-09,0.0
g173770,0,0,0,28764,39078,29088,39348,0,0,0,AOI22xp5_ASAP7_75t_SL,3.6828700089586164e-09,0.0
g173771,0,0,0,28224,36108,28548,36378,0,0,0,AOI22xp5_ASAP7_75t_SL,3.6828700089586164e-09,0.0
g173772,0,0,0,32328,41778,32652,42048,0,0,0,AOI22xp33_ASAP7_75t_SL,2.4552500033081515e-09,0.0
g173773,0,0,0,32976,42318,33300,42588,0,0,0,AOI22xp5_ASAP7_75t_SL,3.6828700089586164e-09,0.0
g173774,0,0,0,32976,42048,33300,42318,0,0,0,AOI22xp5_ASAP7_75t_SL,3.6828700089586164e-09,0.0
g173777,0,0,0,27900,29898,28224,30168,0,0,0,AOI22xp33_ASAP7_75t_SL,6.780839889586332e-09,0.0
g173778,0,0,0,28170,30438,28332,30708,0,0,1,INVxp67_ASAP7_75t_SL,3.4288101247170744e-09,0.0
g173837,0,0,0,12456,38808,12780,39078,0,0,0,NAND2x1_ASAP7_75t_SL,5.752148535265178e-09,8.275157834902562e-15
g173838,0,0,0,12186,38808,12456,39078,0,0,0,NOR3xp33_ASAP7_75t_SL,4.344605564199355e-09,1.2979815993178177e-14
g173839,0,0,0,12294,39348,12564,39618,0,0,0,NOR3xp33_ASAP7_75t_SL,3.294684969290529e-09,1.0428511814097874e-06
g173872,0,0,0,31086,23958,31248,24228,0,0,1,INVx1_ASAP7_75t_L,5.204238151534923e-10,5.477212433602219e-12
g173874,0,0,0,31302,23958,31464,24228,0,0,1,INVx1_ASAP7_75t_SL,5.064088259842947e-09,5.428340936475262e-12
g173875,0,0,0,31086,21258,31410,21528,0,0,0,AOI22xp33_ASAP7_75t_L,6.199887825353301e-10,2.792796376105411e-12
g173876,0,0,0,30870,22608,31194,22878,0,0,0,AOI22xp5_ASAP7_75t_SL,1.017119544144407e-08,5.659832411769594e-12
g173878,0,0,0,30816,21258,30978,21528,0,0,1,INVx1_ASAP7_75t_SL,5.064088259842947e-09,5.0372037270485226e-12
g173879,0,0,0,30438,21258,30762,21528,0,0,0,AOI31xp33_ASAP7_75t_SL,3.3794600451386714e-09,0.0
g173880,0,0,0,30708,21528,30924,21798,0,1,0,HB1xp67_ASAP7_75t_SL,5.118338197718231e-09,3.842258976261004e-12
g173925,0,0,0,23202,32328,23418,32598,0,0,0,NAND2xp33_ASAP7_75t_SL,3.326082520516138e-09,2.0533772016051444e-08
g173927,0,0,0,22446,34758,22770,35028,0,0,0,AOI22xp33_ASAP7_75t_SL,2.4552500033081515e-09,0.0
g173940,0,0,0,29682,31518,29898,31788,0,0,0,NAND2xp5_ASAP7_75t_L,5.025992955154379e-10,2.21399290012414e-08
g174,0,0,0,5760,22068,6084,22338,0,0,0,AOI22xp33_ASAP7_75t_L,2.835529033795581e-10,7.206021734873502e-08
g174069_dup202286,0,0,0,33462,8838,33840,9108,0,0,0,AND3x2_ASAP7_75t_SL,1.510626113088165e-08,2.1816277673281093e-09
g174499,0,0,0,12132,23688,12456,23958,0,0,0,NAND4xp25_ASAP7_75t_SL,1.1537585331566902e-09,6.5999146252326835e-12
g174501,0,0,0,12240,23418,12510,23688,0,0,0,NAND3xp33_ASAP7_75t_SL,3.191956921000383e-09,2.425662728455791e-07
g174502,0,0,0,14994,23958,15156,24228,0,0,1,INVxp67_ASAP7_75t_SL,1.7534580454281468e-09,2.773829919533455e-06
g174550,0,0,0,33894,12348,34380,12618,0,0,0,XNOR2xp5_ASAP7_75t_SL,1.1906700514430213e-08,0.0
g174551,0,0,0,33948,12618,34164,12888,0,0,0,NAND2xp5_ASAP7_75t_L,1.8909800114652597e-10,0.0
g174553,0,0,0,33408,12078,33624,12348,0,0,0,NOR2xp33_ASAP7_75t_SL,3.3735900739628732e-09,0.0
g174613,0,0,0,14778,30438,15102,30708,0,0,0,AND2x2_ASAP7_75t_SL,1.2007938643421312e-08,2.5383268820178273e-09
g174906,0,0,0,38268,12078,38484,12348,0,0,0,NAND2xp5_ASAP7_75t_L,1.9002983908666948e-10,1.5496533415070837e-15
g174908,0,0,0,37782,7758,38106,8028,0,0,0,AOI22xp33_ASAP7_75t_SL,4.552903831722688e-09,2.737700199872961e-08
g174910,0,0,0,38376,12618,38592,12888,0,0,0,NAND2xp5_ASAP7_75t_SL,1.859943976612044e-09,2.2151072642806469e-10
g174933,0,0,0,14994,40158,15210,40428,0,0,0,NAND2xp5_ASAP7_75t_SL,2.805985666043398e-09,3.769827571886708e-06
g174970,0,0,0,14670,21258,14832,21528,0,0,1,INVxp33_ASAP7_75t_R,1.6334000124684778e-11,3.7407021924451556e-10
g174972,0,0,0,15588,13428,15804,13698,0,1,0,HB1xp67_ASAP7_75t_SL,5.11833997407507e-09,5.700764305061057e-10
g175,0,0,0,39942,19638,40698,19908,0,0,0,AOI221x1_ASAP7_75t_SL,7.1343655427824615e-09,3.7673031232402735e-15
g175104,0,0,0,39456,40698,39780,40968,0,0,0,NAND2x1_ASAP7_75t_SL,1.0073673450960996e-08,8.22564985014651e-08
g175105,0,0,0,39456,41238,39780,41508,0,0,0,AOI22xp5_ASAP7_75t_SL,6.943870367592808e-09,3.9669451723511884e-08
g175146,0,0,0,41454,20988,41778,21258,0,0,0,NAND2x1_ASAP7_75t_SL,1.0073673450960996e-08,7.486266895284643e-08
g175148,0,0,0,37188,20178,37404,20448,0,1,0,HB1xp67_ASAP7_75t_SL,5.062684937939821e-09,6.536635055454099e-08
g175149,0,0,0,32220,19908,32382,20178,0,0,1,INVx1_ASAP7_75t_SL,5.034441752371777e-09,4.549870880055096e-08
g175150,0,0,0,37890,19638,38214,19908,0,0,0,AO21x1_ASAP7_75t_L,6.946561659226802e-10,3.38033823155115e-10
g175151,0,0,0,37566,20178,37728,20448,0,0,1,INVxp67_ASAP7_75t_SL,3.4087348499411974e-09,3.424015204700481e-08
g175200,0,0,0,21258,31248,21798,31518,0,1,0,BUFx6f_ASAP7_75t_SL,4.076134629826811e-08,2.7696674465005344e-07
g175201,0,0,0,21690,31788,21906,32058,0,0,1,INVx2_ASAP7_75t_SL,1.0068903932847206e-08,7.111138700111042e-08
g175212,0,0,0,10944,23418,11484,23688,0,0,0,AND2x4_ASAP7_75t_SL,2.0558648117230405e-08,1.3893451978219673e-05
g175213,0,0,0,9054,18558,9378,18828,0,0,0,AOI22xp33_ASAP7_75t_SL,4.614308490857866e-09,0.0
g175214,0,0,0,10350,20718,11322,20988,0,1,0,BUFx12f_ASAP7_75t_SL,5.0010264374122926e-08,5.1248702220618725e-05
g175215,0,0,0,1548,13428,1872,13698,0,0,0,AOI22xp33_ASAP7_75t_SL,4.614308490857866e-09,0.0
g175216,0,0,0,9810,15318,10134,15588,0,0,0,AOI22xp33_ASAP7_75t_SL,4.614308490857866e-09,0.0
g175217,0,0,0,8136,22068,8460,22338,0,0,0,AOI22xp33_ASAP7_75t_SL,4.614308490857866e-09,0.0
g175218,0,0,0,6300,22878,6624,23148,0,0,0,AOI22xp33_ASAP7_75t_SL,4.614308490857866e-09,0.0
g175219,0,0,0,8460,14508,8784,14778,0,0,0,AOI22xp33_ASAP7_75t_SL,4.614308490857866e-09,0.0
g175220,0,0,0,2142,15318,2466,15588,0,0,0,AOI22xp33_ASAP7_75t_SL,4.614308490857866e-09,0.0
g175221,0,0,0,2358,23688,2682,23958,0,0,0,AOI22xp33_ASAP7_75t_SL,4.614308490857866e-09,0.0
g175222,0,0,0,4842,21798,5166,22068,0,0,0,AOI22xp33_ASAP7_75t_SL,4.614308490857866e-09,0.0
g175223,0,0,0,9864,18018,10188,18288,0,0,0,AOI22xp33_ASAP7_75t_SL,4.614308490857866e-09,0.0
g175224,0,0,0,2142,20448,2466,20718,0,0,0,AOI22xp5_ASAP7_75t_SL,6.921461181974564e-09,0.0
g175225,0,0,0,3546,23418,3870,23688,0,0,0,AOI22xp5_ASAP7_75t_SL,6.921461181974564e-09,0.0
g175226,0,0,0,3654,12618,3978,12888,0,0,0,AOI22xp5_ASAP7_75t_SL,6.921461181974564e-09,0.0
g175227,0,0,0,9108,13698,9432,13968,0,0,0,AOI22xp5_ASAP7_75t_SL,6.921461181974564e-09,0.0
g175228,0,0,0,9810,15858,10134,16128,0,0,0,AOI22xp5_ASAP7_75t_SL,6.921461181974564e-09,0.0
g175229,0,0,0,9810,17478,10134,17748,0,0,0,AOI22xp5_ASAP7_75t_SL,6.921461181974564e-09,0.0
g175230,0,0,0,5274,14508,5598,14778,0,0,0,AOI22xp5_ASAP7_75t_SL,6.921461181974564e-09,0.0
g175231,0,0,0,2034,16398,2358,16668,0,0,0,AOI22xp5_ASAP7_75t_SL,6.921461181974564e-09,0.0
g175232,0,0,0,9918,21528,10242,21798,0,0,0,AOI22xp5_ASAP7_75t_SL,6.921461181974564e-09,0.0
g175233,0,0,0,3816,22338,4140,22608,0,0,0,AOI22xp5_ASAP7_75t_SL,6.921461181974564e-09,0.0
g175234,0,0,0,2304,18828,2628,19098,0,0,0,AOI22xp5_ASAP7_75t_SL,6.921461181974564e-09,0.0
g175235,0,0,0,7974,13428,8298,13698,0,0,0,AOI22xp5_ASAP7_75t_SL,6.921461181974564e-09,0.0
g175236,0,0,0,6786,13158,7110,13428,0,0,0,AOI22xp5_ASAP7_75t_SL,6.921461181974564e-09,0.0
g175237,0,0,0,3870,14238,4194,14508,0,0,0,AOI22xp5_ASAP7_75t_SL,6.921461181974564e-09,0.0
g175238,0,0,0,2520,12888,2844,13158,0,0,0,AOI22xp5_ASAP7_75t_SL,6.921461181974564e-09,0.0
g175239,0,0,0,1602,21258,1926,21528,0,0,0,AOI22xp5_ASAP7_75t_SL,6.921461181974564e-09,0.0
g175240,0,0,0,6624,14238,6948,14508,0,0,0,AOI22xp33_ASAP7_75t_SL,4.614308490857866e-09,0.0
g175241,0,0,0,5112,13158,5436,13428,0,0,0,AOI22xp5_ASAP7_75t_SL,6.921461181974564e-09,0.0
g175242,0,0,0,2142,17748,2466,18018,0,0,0,AOI22xp33_ASAP7_75t_SL,4.614308490857866e-09,0.0
g175243,0,0,0,7272,23418,7596,23688,0,0,0,AOI22xp5_ASAP7_75t_SL,5.864294827517824e-09,2.692170710361097e-06
g175244,0,0,0,4950,22338,5274,22608,0,0,0,AOI22xp33_ASAP7_75t_SL,4.614308490857866e-09,0.0
g175263,0,0,0,33084,40158,33300,40428,0,0,0,NAND2xp5_ASAP7_75t_L,1.8909800114652597e-10,0.0
g175268,0,0,0,10242,24498,10566,24768,0,0,0,O2A1O1Ixp33_ASAP7_75t_SL,8.215866209582146e-09,2.2660869944957085e-06
g175269,0,0,0,10782,25038,10998,25308,0,0,0,NAND2xp33_ASAP7_75t_SL,1.7791340622963503e-09,1.9922791194559863e-10
g175310,0,0,0,21474,10188,21798,10458,0,0,0,OR2x2_ASAP7_75t_SL,1.5139299591737654e-08,2.653698802646682e-18
g175346,0,0,0,15210,28818,15534,29088,0,0,0,OAI22xp5_ASAP7_75t_SL,7.0007719621401066e-09,4.987407709045044e-11
g175347,0,0,0,15156,30168,15480,30438,0,0,0,AND3x1_ASAP7_75t_SL,6.898039917047072e-09,1.2151199187873014e-19
g175352,0,0,0,34704,12618,34920,12888,0,0,0,NOR2xp33_ASAP7_75t_SL,3.40914119156821e-09,2.1931871430069805e-08
g175375,0,0,0,15966,11538,16506,11808,0,0,0,AND2x4_ASAP7_75t_SL,2.9193239825531236e-08,1.8839172071238863e-06
g175414,0,0,0,23634,27198,23958,27468,0,0,0,AOI22xp5_ASAP7_75t_SL,8.469842605052236e-09,3.408661086723441e-08
g175415,0,0,0,19314,15318,19746,15588,0,0,0,NOR2x1p5_ASAP7_75t_SL,7.14467773832439e-09,3.5328080461027866e-09
g175420,0,0,0,5220,33408,5598,33678,0,0,0,OAI221xp5_ASAP7_75t_SL,3.7563614441182835e-09,1.4674010895276979e-09
g175424,0,0,0,5166,29358,5544,29628,0,0,0,OAI221xp5_ASAP7_75t_SL,3.7563614441182835e-09,1.3665211184843429e-09
g175428,0,0,0,5706,30978,6084,31248,0,0,0,OAI221xp5_ASAP7_75t_SL,3.7563614441182835e-09,1.4025937078443462e-09
g175436,0,0,0,17424,15858,17694,16128,0,0,1,INVx3_ASAP7_75t_SL,7.655449607568698e-09,1.3366003486225964e-06
g175437,0,0,0,19368,15588,19800,15858,0,0,0,NAND2x1p5_ASAP7_75t_SL,1.0471402411837971e-08,7.4202208821816384e-09
g175440,0,0,0,23256,14778,23580,15048,0,0,0,AND3x1_ASAP7_75t_SL,6.916440753457209e-09,1.8128017533272645e-12
g175441,0,0,0,22986,14508,23148,14778,0,0,1,INVx1_ASAP7_75t_SL,5.0640900361997865e-09,2.1694725182985763e-10
g175442,0,0,0,23634,15588,23958,15858,0,0,0,NAND2x1_ASAP7_75t_SL,1.0055499544137092e-08,5.637199596009168e-10
g175581,0,0,0,24768,20988,24984,21258,0,0,0,NAND2xp5_ASAP7_75t_SL,5.027899874221475e-09,5.380903500551426e-10
g175582,0,0,0,24174,19638,24336,19908,0,0,1,INVxp33_ASAP7_75t_R,1.7674299523928738e-11,1.2991471898260443e-08
g175584,0,0,0,23202,19368,23418,19638,0,0,0,NAND2xp33_ASAP7_75t_SL,3.3776799135409874e-09,2.4906787743361747e-10
g175585,0,0,0,22716,18828,22878,19098,0,0,1,INVx1_ASAP7_75t_SL,5.143200088042477e-09,2.2002326176273623e-12
g175586,0,0,0,23202,18828,23418,19098,0,0,0,NAND2xp5_ASAP7_75t_R,6.559763149338593e-11,3.685741489789507e-08
g175588,0,0,0,34110,7758,34272,8028,0,0,1,INVxp67_ASAP7_75t_SL,3.4288101247170744e-09,3.414395369035801e-16
g175589,0,0,0,33948,7488,34164,7758,0,0,1,INVx2_ASAP7_75t_SL,1.0128200500503226e-08,8.166742276335221e-16
g175593,0,0,0,35298,8298,35460,8568,0,0,1,INVxp67_ASAP7_75t_R,3.266319853478805e-11,0.0
g175594,0,0,0,34272,7218,34812,7488,0,0,0,AND2x4_ASAP7_75t_SL,2.3941598925603103e-08,0.0
g175597,0,0,0,13644,7218,14022,7488,0,0,0,OAI221xp5_ASAP7_75t_SL,5.0641579818488935e-09,7.413378853016184e-07
g175601,0,0,0,9000,8568,9378,8838,0,0,0,OAI221xp5_ASAP7_75t_SL,5.0641579818488935e-09,9.012723012347124e-07
g175604,0,0,0,14508,32868,14832,33138,0,0,0,OAI22xp5_ASAP7_75t_SL,6.702544741443717e-09,2.782871433737455e-06
g175605,0,0,0,14994,32598,15156,32868,0,0,1,INVx1_ASAP7_75t_SL,4.949927134845211e-09,3.4357498179815593e-07
g175607,0,0,0,14346,33138,14562,33408,0,0,0,NAND2xp5_ASAP7_75t_L,3.172027640552244e-10,2.1647929315804504e-06
g175608,0,0,0,14832,32598,14994,32868,0,0,1,INVxp67_ASAP7_75t_R,2.2928875811900618e-11,1.2117479855078273e-06
g175610,0,0,0,34218,6948,34380,7218,0,0,1,INVxp67_ASAP7_75t_SL,3.4288101247170744e-09,3.3009511876188485e-16
g175614,0,0,0,35244,7218,35406,7488,0,0,1,INVxp33_ASAP7_75t_R,1.6334000124684778e-11,0.0
g175615,0,0,0,34380,7488,34920,7758,0,0,0,AND2x4_ASAP7_75t_SL,2.3941598925603103e-08,0.0
g175616,0,0,0,33624,7218,34272,7488,0,0,0,OR2x6_ASAP7_75t_SL,3.3840301227883174e-08,0.0
g175618,0,0,0,6894,31248,7164,31518,0,0,0,OAI21xp5_ASAP7_75t_SL,5.0479656010793406e-09,1.4563185102289822e-09
g175646,0,0,0,17640,10998,18126,11268,0,0,0,XNOR2xp5_ASAP7_75t_SL,1.5058695623793028e-08,4.918636678508115e-12
g175647,0,0,0,17370,10998,17532,11268,0,0,1,INVx1_ASAP7_75t_SL,5.143200088042477e-09,1.6410531516585641e-13
g175677,0,0,0,7704,29088,7866,29358,0,0,1,INVx1_ASAP7_75t_L,4.857479973807699e-10,1.1251263575738591e-15
g175684,0,0,0,4518,27468,4680,27738,0,0,1,INVx1_ASAP7_75t_L,4.857479973807699e-10,1.1352492483264953e-15
g175692,0,0,0,5274,28008,5436,28278,0,0,1,INVx1_ASAP7_75t_L,4.857479973807699e-10,1.1720944403782285e-15
g175711,0,0,0,12672,11268,12834,11538,0,0,1,INVx1_ASAP7_75t_R,2.5579423995614192e-11,4.679170046983927e-07
g175715,0,0,0,4842,20448,5004,20718,0,0,1,INVx1_ASAP7_75t_L,4.857479973807699e-10,4.412026299860372e-10
g175719,0,0,0,9702,9108,9864,9378,0,0,1,INVx1_ASAP7_75t_R,2.5579423995614192e-11,5.497770985130046e-07
g175741,0,0,0,11646,23688,12132,23958,0,0,0,XNOR2xp5_ASAP7_75t_SL,8.26945978360527e-09,3.5281141208542977e-06
g175742,0,0,0,12132,23958,12294,24228,0,0,1,INVx1_ASAP7_75t_SL,4.873846659592118e-09,5.137293328516535e-07
g175743,0,0,0,7542,30978,7704,31248,0,0,1,INVx1_ASAP7_75t_R,4.899229633092972e-11,9.100113291903153e-16
g175751,0,0,0,6948,28818,7110,29088,0,0,1,INVx1_ASAP7_75t_R,4.899229633092972e-11,1.0944402597189672e-15
g175755,0,0,0,4356,27468,4518,27738,0,0,1,INVx1_ASAP7_75t_L,4.857479973807699e-10,1.0487715254556859e-15
g175809,0,0,0,15804,38268,16128,38538,0,0,0,AND3x1_ASAP7_75t_SL,6.424978771235601e-09,7.746405572106596e-06
g175810,0,0,0,15534,38808,15858,39078,0,0,0,NOR4xp25_ASAP7_75t_L,1.427361007166894e-10,1.2152565886935918e-07
g175811,0,0,0,15480,38268,15804,38538,0,0,0,OR3x1_ASAP7_75t_SL,9.215131768769425e-09,1.8761191995508852e-06
g175813,0,0,0,15480,37998,15804,38268,0,0,0,NOR4xp25_ASAP7_75t_SL,2.8729159051721354e-09,1.014601593851694e-06
g175814,0,0,0,16020,37998,16182,38268,0,0,1,INVxp67_ASAP7_75t_R,1.702355270638556e-11,3.4177796806034166e-06
g175817,0,0,0,15102,37728,15264,37998,0,0,1,INVxp67_ASAP7_75t_SL,3.349203137048562e-09,5.754563972004689e-07
g175819,0,0,0,33948,14238,34218,14508,0,0,0,AOI21xp5_ASAP7_75t_SL,5.270440084359507e-09,0.0
g175821,0,0,0,33894,13698,34380,13968,0,0,0,XNOR2xp5_ASAP7_75t_SL,1.5157700872237e-08,0.0
g175822,0,0,0,34272,13428,34596,13698,0,0,0,OAI22xp33_ASAP7_75t_SL,1.9945396445564256e-09,0.0
g175892,0,0,0,15534,39078,15804,39348,0,0,0,AOI21xp5_ASAP7_75t_SL,4.421952581878941e-09,4.14994156017201e-06
g175895,0,0,0,15426,40968,15750,41238,0,0,0,A2O1A1Ixp33_ASAP7_75t_SL,5.794365431910364e-09,5.055853762314655e-06
g175898,0,0,0,14400,40968,14670,41238,0,0,0,OAI21xp5_ASAP7_75t_SL,5.038943040602817e-09,5.630252417176962e-06
g175899,0,0,0,14724,40158,14994,40428,0,0,0,OAI21xp5_ASAP7_75t_SL,5.214232157157994e-09,5.74773139305762e-06
g175901,0,0,0,15048,38808,15210,39078,0,0,1,INVxp67_ASAP7_75t_L,3.069777487763048e-10,5.846716248925077e-07
g175904,0,0,0,22014,10998,22338,11268,0,0,0,AOI22xp33_ASAP7_75t_SL,6.780839889586332e-09,0.0
g175906,0,0,0,5004,16398,5166,16668,0,0,1,INVx1_ASAP7_75t_L,4.857479973807699e-10,5.821851889464824e-10
g175956,0,0,0,3978,13968,4302,14238,0,0,0,AOI22xp33_ASAP7_75t_SL,6.7448966412086975e-09,5.278187331647644e-10
g175968,0,0,0,7110,21528,7434,21798,0,0,0,AOI22xp33_ASAP7_75t_SL,6.7448966412086975e-09,5.001336567111991e-10
g176,0,0,0,27576,29358,27846,29628,0,0,0,AOI21xp5_ASAP7_75t_SL,5.270440084359507e-09,0.0
g176012,0,0,0,40752,35028,40968,35298,0,0,0,NAND2xp5_ASAP7_75t_L,5.025992955154379e-10,2.395380960251714e-08
g176040,0,0,0,19800,23148,19962,23418,0,0,1,INVxp67_ASAP7_75t_SL,2.6800621721889684e-09,1.8648563582246425e-07
g176041_dup,0,0,0,28224,37728,28764,37998,0,0,0,AND2x4_ASAP7_75t_SL,2.3941598925603103e-08,4.926170507064419e-31
g176064,0,0,0,23580,38268,23904,38538,0,0,0,NAND4xp25_ASAP7_75t_SL,1.3426257439164146e-08,4.3054377840689995e-08
g176065,0,0,0,22284,38538,22608,38808,0,0,0,AOI22xp33_ASAP7_75t_L,2.531949372386322e-10,1.6555047195848487e-15
g176067,0,0,0,38322,10998,38646,11268,0,0,0,AND2x2_ASAP7_75t_SL,1.1970799462801551e-08,0.0
g176068,0,0,0,41724,12078,42048,12348,0,0,0,OAI211xp5_ASAP7_75t_SL,7.71693287049402e-09,3.5154613442500704e-08
g176147,0,0,0,32004,19908,32220,20178,0,0,0,NOR2xp33_ASAP7_75t_SL,9.991080185400847e-10,2.114491333152983e-15
g176152,0,0,0,21204,25848,21474,26118,0,0,0,OAI21xp33_ASAP7_75t_SL,4.369392847536346e-09,5.333558039666286e-10
g176153,0,0,0,20016,20988,20340,21258,0,0,0,OR2x2_ASAP7_75t_SL,1.1886590378651363e-08,3.363535228118053e-09
g176154,0,0,0,17424,16128,17694,16398,0,0,0,OAI21xp33_ASAP7_75t_SL,4.369392847536346e-09,4.838919265282016e-10
g176155,0,0,0,19638,25578,19908,25848,0,0,0,OAI21xp33_ASAP7_75t_SL,4.369392847536346e-09,5.390371482505429e-10
g176156,0,0,0,18558,25578,18828,25848,0,0,0,OAI21xp33_ASAP7_75t_SL,4.369392847536346e-09,5.051213891604789e-10
g176157,0,0,0,15642,20988,15912,21258,0,0,0,OAI21xp33_ASAP7_75t_SL,6.578511069221804e-09,1.9421664276819683e-08
g176158,0,0,0,21150,16398,21420,16668,0,0,0,OAI21xp33_ASAP7_75t_SL,4.369392847536346e-09,5.147301473940047e-10
g176159,0,0,0,18720,16668,18990,16938,0,0,0,OAI21xp33_ASAP7_75t_SL,4.369392847536346e-09,6.116834816438654e-10
g176160,0,0,0,21366,23688,21636,23958,0,0,0,OAI21xp33_ASAP7_75t_SL,4.369392847536346e-09,4.940509668038828e-10
g176161,0,0,0,21528,28008,21798,28278,0,0,0,OAI21xp33_ASAP7_75t_SL,4.369392847536346e-09,5.585082396564189e-10
g176162,0,0,0,21960,22878,22230,23148,0,0,0,OAI21xp33_ASAP7_75t_SL,4.369392847536346e-09,5.233938837889696e-10
g176163,0,0,0,21690,20988,21960,21258,0,0,0,OAI21xp33_ASAP7_75t_SL,4.369392847536346e-09,5.069908937116452e-10
g176164,0,0,0,20448,27738,20718,28008,0,0,0,OAI21xp33_ASAP7_75t_SL,4.369392847536346e-09,5.348795295567754e-10
g176165,0,0,0,20124,20448,20394,20718,0,0,0,OAI21xp33_ASAP7_75t_SL,4.369392847536346e-09,5.029756611207858e-10
g176166,0,0,0,15210,24498,15480,24768,0,0,0,OAI21xp33_ASAP7_75t_SL,4.369392847536346e-09,5.031272620747984e-10
g176167,0,0,0,15750,25848,16020,26118,0,0,0,OAI21xp33_ASAP7_75t_SL,4.369392847536346e-09,4.998905733799575e-10
g176214,0,0,0,31518,32328,31842,32598,0,0,0,NAND4xp25_ASAP7_75t_SL,1.3426256550985727e-08,3.332299414182671e-08
g176215,0,0,0,31518,32598,31734,32868,0,0,0,NAND2xp5_ASAP7_75t_SL,4.98926278069689e-09,2.7107670774739745e-08
g176216,0,0,0,31464,35298,31788,35568,0,0,0,AOI22xp33_ASAP7_75t_SL,2.4617128335790994e-09,1.95962427599998e-15
g176218,0,0,0,31356,31518,31734,31788,0,0,0,AOI221xp5_ASAP7_75t_SL,5.897593080561592e-09,2.728130069263755e-15
g176219,0,0,0,31788,33138,32112,33408,0,0,0,NAND4xp25_ASAP7_75t_SL,1.3426256550985727e-08,3.2831049878723206e-08
g176220,0,0,0,31356,32868,31572,33138,0,0,0,NAND2xp5_ASAP7_75t_SL,1.859943976612044e-09,1.4741548259866732e-10
g176221,0,0,0,32166,33138,32382,33408,0,0,0,NAND2xp5_ASAP7_75t_SL,4.98926278069689e-09,2.7261011226187293e-08
g176222,0,0,0,31896,36648,32220,36918,0,0,0,AOI22xp33_ASAP7_75t_L,2.532256904164143e-10,1.9470445661838327e-15
g176228,0,0,0,19314,16668,20070,16938,0,0,0,NAND4xp75_ASAP7_75t_SL,6.04835470596754e-09,4.084106990376313e-07
g176229,0,0,0,22932,19368,23202,19638,0,0,0,NAND3xp33_ASAP7_75t_SL,1.86036308580384e-09,1.833208281357135e-12
g176237,0,0,0,17964,23958,18234,24228,0,0,0,OAI21xp33_ASAP7_75t_SL,6.680938025027672e-09,4.393458752360857e-08
g176238,0,0,0,19206,13428,19476,13698,0,0,0,OAI21xp33_ASAP7_75t_SL,6.669667929060097e-09,5.083908405367765e-08
g176239,0,0,0,17478,28008,17748,28278,0,0,0,OAI21xp33_ASAP7_75t_SL,6.68097266398604e-09,4.45216485900346e-08
g176240,0,0,0,20340,23688,20610,23958,0,0,0,OAI21xp33_ASAP7_75t_SL,4.369392847536346e-09,5.526319402093804e-10
g176241,0,0,0,17586,28548,17856,28818,0,0,0,OAI21xp33_ASAP7_75t_SL,4.369392847536346e-09,5.004074932202229e-10
g176242,0,0,0,17424,13428,17694,13698,0,0,0,OAI21xp33_ASAP7_75t_SL,4.369392847536346e-09,4.993077062920293e-10
g176243,0,0,0,16884,28008,17154,28278,0,0,0,OAI21xp33_ASAP7_75t_SL,4.369392847536346e-09,5.044639705964471e-10
g176265,0,0,0,32976,6408,33300,6678,0,0,0,AOI22xp5_ASAP7_75t_SL,8.635570480919341e-09,8.751761251465928e-15
g176269,0,0,0,19854,39618,20178,39888,0,0,0,AOI22xp5_ASAP7_75t_SL,8.520370187170556e-09,0.0
g176310,0,0,0,40104,9378,40428,9648,0,0,0,AOI22xp5_ASAP7_75t_SL,8.635570480919341e-09,8.361993111556231e-15
g176333,0,0,0,18396,33408,19044,33678,0,0,0,OR2x6_ASAP7_75t_SL,3.3840709789956236e-08,4.222623989970928e-15
g176342,0,0,0,16398,5058,16722,5328,0,0,0,AOI22xp5_ASAP7_75t_SL,6.869595114977756e-09,0.0
g176348,0,0,0,5814,8028,6138,8298,0,0,0,AOI22xp5_ASAP7_75t_SL,6.869595114977756e-09,0.0
g176350,0,0,0,7272,6678,7596,6948,0,0,0,AOI22xp5_ASAP7_75t_SL,6.869595114977756e-09,0.0
g176359,0,0,0,11322,3438,11646,3708,0,0,0,AOI22xp5_ASAP7_75t_SL,6.869595114977756e-09,0.0
g176365,0,0,0,16344,3438,16668,3708,0,0,0,AOI22xp5_ASAP7_75t_SL,6.869595114977756e-09,0.0
g176367,0,0,0,13644,9648,13968,9918,0,0,0,AOI22xp5_ASAP7_75t_SL,9.250101129509858e-09,0.0
g176413,0,0,0,10566,5598,10890,5868,0,0,0,AOI22xp5_ASAP7_75t_SL,6.869595114977756e-09,0.0
g176436,0,0,0,38052,10728,38376,10998,0,0,0,AOI22xp33_ASAP7_75t_SL,5.7570401779116764e-09,6.8007195368040025e-15
g176437,0,0,0,33084,6678,33408,6948,0,0,1,INVx4_ASAP7_75t_SL,2.0572800352169907e-08,2.529351553575668e-15
g176438,0,0,0,26604,4248,26928,4518,0,0,0,AOI22xp5_ASAP7_75t_SL,8.520370187170556e-09,0.0
g176460,0,0,0,31518,21528,31842,21798,0,0,0,AOI22xp33_ASAP7_75t_L,6.853861367339675e-10,4.218233835145968e-13
g176500,0,0,0,34380,8838,34704,9108,0,0,0,AOI22xp5_ASAP7_75t_SL,8.635570480919341e-09,8.9147168379905e-15
g176501,0,0,0,32544,7218,32868,7488,0,0,1,INVx4_ASAP7_75t_SL,2.0572800352169907e-08,2.6073412651611604e-15
g176529,0,0,0,12456,9378,12834,9648,0,0,0,OAI221xp5_ASAP7_75t_SL,5.073131692512334e-09,7.490965572287678e-07
g176537,0,0,0,19854,37458,20178,37728,0,0,0,AOI22xp5_ASAP7_75t_SL,8.520370187170556e-09,0.0
g176538,0,0,0,20610,26928,20880,27198,0,0,1,INVx3_ASAP7_75t_SL,7.655449607568698e-09,3.7084012092236662e-06
g176607,0,0,0,28764,9378,29088,9648,0,0,0,AOI22xp5_ASAP7_75t_SL,8.520370187170556e-09,8.186207516979599e-15
g176608,0,0,0,26712,35838,26928,36108,0,0,1,INVx2_ASAP7_75t_SL,5.10364994710244e-09,2.792922941807774e-06
g176647,0,0,0,25578,21258,25740,21528,0,0,1,INVxp33_ASAP7_75t_R,1.7778400279722106e-11,9.240723937520919e-16
g176648,0,0,0,24984,20988,25254,21258,0,0,0,OAI21xp33_ASAP7_75t_R,4.970487910149757e-11,2.607631888196238e-09
g176660,0,0,0,37134,31248,37350,31518,0,0,0,NOR2xp33_ASAP7_75t_SL,3.429220019057766e-09,0.0
g176661,0,0,0,37458,30438,37674,30708,0,0,0,NOR2xp33_ASAP7_75t_L,9.555509855596611e-11,0.0
g176662,0,0,0,37188,30168,37512,30438,0,0,0,OAI22xp33_ASAP7_75t_SL,1.9945396445564256e-09,0.0
g176667,0,0,0,15048,40968,15318,41238,0,0,0,NOR3xp33_ASAP7_75t_SL,2.1785935278018087e-09,1.5470645848836284e-06
g176669,0,0,0,14724,40428,14886,40698,0,0,1,INVxp33_ASAP7_75t_SL,8.631154679861197e-10,2.0715410755656194e-06
g176672,0,0,0,22878,36918,23040,37188,0,0,1,INVx1_ASAP7_75t_SL,5.1130877309901734e-09,3.749193311364252e-08
g176676,0,0,0,23742,36918,23904,37188,0,0,1,INVxp33_ASAP7_75t_SL,1.7043624289669879e-09,2.0265225941784593e-08
g176677,0,0,0,19368,16938,19692,17208,0,0,0,NAND4xp25_ASAP7_75t_SL,7.745462049513208e-09,1.2401878848322667e-06
g176678,0,0,0,19368,17208,19530,17478,0,0,1,INVxp67_ASAP7_75t_SL,2.6800621721889684e-09,1.967848533013239e-07
g176679,0,0,0,19044,16398,19260,16668,0,0,0,NAND2xp5_ASAP7_75t_L,2.259274295424163e-10,3.142455540228184e-08
g176743,0,0,0,29304,17478,29628,17748,0,0,0,AOI22xp5_ASAP7_75t_SL,8.469839052338557e-09,3.526312397639231e-08
g176748,0,0,0,22068,13968,22230,14238,0,0,1,INVx1_ASAP7_75t_SL,5.064046515457221e-09,8.867923756428198e-11
g176749,0,0,0,21852,13968,22068,14238,0,0,0,NOR2xp33_ASAP7_75t_R,2.1393501553612637e-11,4.169308454018072e-16
g176756,0,0,0,30492,26118,30708,26388,0,0,0,NOR2xp33_ASAP7_75t_R,2.1393501553612637e-11,4.39306650071628e-16
g176761,0,0,0,15804,29898,15966,30168,0,0,1,INVxp33_ASAP7_75t_R,1.60505150836876e-11,1.2375869573588716e-07
g176786,0,0,0,14832,5868,15156,6138,0,0,0,AOI22xp5_ASAP7_75t_SL,6.869595114977756e-09,0.0
g176883,0,0,0,20448,38268,20772,38538,0,0,0,AOI22xp33_ASAP7_75t_L,2.5257401725653494e-10,0.0
g176896,0,0,0,28764,16668,29034,16938,0,0,0,AOI21xp33_ASAP7_75t_SL,3.3761102802287724e-09,7.444361793673693e-11
g176897,0,0,0,29250,16668,29466,16938,0,0,0,NOR2xp33_ASAP7_75t_R,2.1393501553612637e-11,4.3730108781076665e-16
g176906,0,0,0,36486,40968,36810,41238,0,0,0,AOI22xp5_ASAP7_75t_SL,6.943870367592808e-09,3.2265408123066663e-08
g176922,0,0,0,39780,32868,39996,33138,0,0,0,NAND2xp5_ASAP7_75t_SL,6.714044431532784e-09,4.963521860190667e-08
g176923,0,0,0,40590,33138,40914,33408,0,0,0,NAND4xp25_ASAP7_75t_SL,1.3426257439164146e-08,3.1332902494796144e-08
g176924,0,0,0,40428,32868,40644,33138,0,0,0,NAND2xp5_ASAP7_75t_SL,1.859943976612044e-09,1.3488858641164114e-10
g176941,0,0,0,31194,21528,31464,21798,0,0,0,NAND3xp33_ASAP7_75t_SL,1.0129796557123427e-08,5.041130273636396e-12
g176943,0,0,0,31410,21258,31680,21528,0,0,0,AOI21xp33_ASAP7_75t_SL,6.8509953266016055e-09,3.909729744816515e-12
g177,0,0,0,22068,2628,22230,2898,0,0,1,INVxp33_ASAP7_75t_R,8.528100101101721e-12,2.1500682123587467e-07
g177057,0,0,0,10944,33678,11160,33948,0,0,0,NAND2xp5_ASAP7_75t_SL,2.654485076192259e-09,1.9157601666066476e-14
g177058,0,0,0,13158,33948,13482,34218,0,0,1,INVx4_ASAP7_75t_SL,2.0572800352169907e-08,7.225142443218194e-19
g177066,0,0,0,27846,4518,28170,4788,0,0,0,AOI22xp5_ASAP7_75t_SL,6.829349086245884e-09,3.126396208585902e-08
g177081,0,0,0,39294,19098,39618,19368,0,0,0,AOI22xp5_ASAP7_75t_SL,3.7016094633912644e-09,2.563281575860307e-15
g177136,0,0,0,26928,28008,27090,28278,0,0,1,INVx1_ASAP7_75t_L,4.829043831477975e-10,6.703066190993923e-08
g177137,0,0,0,26604,30978,26766,31248,0,0,1,INVxp33_ASAP7_75t_R,1.6334000124684778e-11,7.72671736631256e-19
g177158,0,0,0,36378,31518,36864,31788,0,0,0,XNOR2xp5_ASAP7_75t_SL,1.1906700514430213e-08,0.0
g177159,0,0,0,39186,37458,39402,37728,0,0,0,NAND2xp5_ASAP7_75t_L,1.8909800114652597e-10,0.0
g177160,0,0,0,40266,34758,40590,35028,0,0,0,AND2x2_ASAP7_75t_SL,1.1970799462801551e-08,0.0
g177279,0,0,0,25632,12078,25902,12348,0,0,0,OAI21xp33_ASAP7_75t_SL,6.703730903723226e-09,2.1440445863163404e-08
g177280,0,0,0,25902,12078,26118,12348,0,0,1,INVx2_ASAP7_75t_L,9.65808766295595e-10,5.206196718177125e-08
g177281,0,0,0,25038,12348,25200,12618,0,0,1,INVx1_ASAP7_75t_L,5.173767525512574e-10,2.9526802336476976e-08
g177282,0,0,0,25308,11538,25578,11808,0,0,0,AOI21xp5_ASAP7_75t_SL,5.289342297487565e-09,1.563981583130314e-10
g177284,0,0,0,26820,10998,27090,11268,0,0,0,AOI21xp33_ASAP7_75t_SL,1.5462583435876809e-09,1.731598771434386e-15
g177292,0,0,0,37026,37998,37350,38268,0,0,0,AND2x2_ASAP7_75t_SL,1.695224938202955e-08,1.2012071692879545e-07
g177544,0,0,0,30654,7488,30978,7758,0,0,0,AOI22xp5_ASAP7_75t_SL,8.520370187170556e-09,0.0
g177835,0,0,0,26820,36918,27144,37188,0,0,0,AND2x2_ASAP7_75t_SL,1.1970993973875466e-08,9.355425962864544e-16
g177855,0,0,0,12294,22338,12834,22608,0,1,0,BUFx6f_ASAP7_75t_SL,4.068679970714584e-08,1.0082979784442614e-08
g177857,0,0,0,4680,16398,4896,16668,0,0,0,NAND2xp5_ASAP7_75t_SL,5.027358973563878e-09,6.612241865155966e-10
g177859,0,0,0,19152,28008,19476,28278,0,0,0,AOI22xp5_ASAP7_75t_SL,4.515961382622891e-09,9.554560698177283e-09
g177868,0,0,0,40644,32868,40914,33138,0,0,1,INVx3_ASAP7_75t_SL,1.533926052843526e-08,1.2229494927851192e-07
g177869,0,0,0,40428,37998,40752,38268,0,0,0,OAI22xp5_ASAP7_75t_SL,2.9918143518159468e-09,2.974669172957486e-15
g177886,0,0,0,32814,12888,33192,13158,0,0,0,NOR5xp2_ASAP7_75t_SL,6.323266910079894e-10,0.0
g177888,0,0,0,33246,13158,33462,13428,0,0,0,NOR2xp33_ASAP7_75t_R,3.239539192456675e-11,3.1529915397315866e-12
g178,0,0,0,27846,30438,28170,30708,0,0,0,OAI22xp5_ASAP7_75t_SL,2.9911848553609843e-09,0.0
g178023,0,0,0,37674,9918,37944,10188,0,0,0,OAI21xp33_ASAP7_75t_R,4.407720022303607e-11,1.2318547323893875e-15
g178024,0,0,0,37944,9918,38214,10188,0,0,0,NAND3xp33_ASAP7_75t_SL,1.8513137689524228e-09,1.4127715466813679e-15
g178025,0,0,0,38322,9648,38862,9918,0,0,0,AND2x4_ASAP7_75t_SL,3.0560901365106474e-08,5.11175607051384e-12
g178026,0,0,0,41292,10458,41508,10728,0,0,1,INVx2_ASAP7_75t_SL,1.0128200500503226e-08,0.0
g178030,0,0,0,32220,38268,32706,38538,0,0,0,AO22x1_ASAP7_75t_SL,7.52778817059152e-09,3.4456432085534002e-15
g178037,0,0,0,24120,24768,24282,25038,0,0,1,INVx1_ASAP7_75t_SL,5.064088259842947e-09,5.987974005527974e-12
g178038,0,0,0,23796,25038,23958,25308,0,0,1,INVx1_ASAP7_75t_L,5.204235931088874e-10,6.9905713162565775e-12
g178044,0,0,0,18720,12888,18990,13158,0,0,0,OAI21xp33_ASAP7_75t_SL,1.5139212106163313e-09,2.884258887870812e-16
g178049,0,0,0,27846,22068,28116,22338,0,0,0,OAI21xp33_ASAP7_75t_SL,3.3459439663374724e-09,2.5955227300755723e-08
g178060,0,0,0,33462,36108,33678,36378,0,0,0,NAND2xp5_ASAP7_75t_SL,6.753599901543339e-09,2.7264152510620386e-15
g178081,0,0,0,33408,37458,33624,37728,0,0,0,NAND2xp5_ASAP7_75t_SL,6.753599901543339e-09,2.833744066358052e-15
g178098,0,0,0,36270,13158,36594,13428,0,0,0,AND2x2_ASAP7_75t_SL,1.198051702289149e-08,1.0278121998012883e-21
g178099,0,0,0,35676,13428,35892,13698,0,0,1,INVx2_ASAP7_75t_SL,1.0068903932847206e-08,8.05020192728989e-08
g178124,0,0,0,20070,29358,20394,29628,0,0,0,O2A1O1Ixp33_ASAP7_75t_SL,9.476709195155308e-09,8.597104798890864e-12
g178125,0,0,0,20340,27198,20664,27468,0,0,0,AOI22xp33_ASAP7_75t_SL,5.646584977370139e-09,2.7925707968279312e-08
g178126,0,0,0,20394,26928,20610,27198,0,1,0,HB1xp67_ASAP7_75t_R,5.0146487656776983e-11,2.499987061810316e-08
g178127,0,0,0,20070,28818,20394,29088,0,0,0,OAI31xp33_ASAP7_75t_SL,3.4320524200381897e-09,3.730287780057129e-12
g178128,0,0,0,17100,27198,17424,27468,0,0,0,AOI22xp33_ASAP7_75t_SL,2.9919187127802616e-09,7.842744231822962e-09
g178129,0,0,0,36108,33408,36432,33678,0,0,0,AND2x2_ASAP7_75t_SL,1.1971001079302823e-08,7.753923828831893e-16
g178130,0,0,0,22392,23148,22608,23418,0,0,0,NOR2xp33_ASAP7_75t_SL,1.2904696200521926e-09,8.893937808451824e-10
g178134,0,0,0,35136,30168,35298,30438,0,0,1,INVx1_ASAP7_75t_L,5.203606989745424e-10,7.298648352360715e-10
g178135,0,0,0,35352,33138,36108,33408,0,0,0,AND3x4_ASAP7_75t_SL,2.3926389758344158e-08,1.0447006452421263e-23
g178136,0,0,0,35082,30438,35406,30708,0,0,0,AOI22xp33_ASAP7_75t_SL,6.779883321428315e-09,3.967671191595912e-10
g178142,0,0,0,37404,29628,37674,29898,0,0,0,NAND3xp33_ASAP7_75t_SL,4.955323706923309e-09,1.0165586905239166e-12
g178143,0,0,0,38106,30438,38754,30708,0,0,0,OR2x6_ASAP7_75t_SL,4.389129060200503e-08,2.8477168712015555e-07
g178167,0,0,0,22500,23418,22824,23688,0,0,0,AOI22xp5_ASAP7_75t_SL,8.469839052338557e-09,3.4366973267196954e-08
g178168,0,0,0,22230,23688,22446,23958,0,1,0,HB1xp67_ASAP7_75t_R,5.0146487656776983e-11,2.8057350220933586e-08
g178169,0,0,0,22068,23688,22230,23958,0,0,1,INVx1_ASAP7_75t_L,5.173767525512574e-10,2.4578540092079493e-08
g178193,0,0,0,18936,8298,19152,8568,0,1,0,HB1xp67_ASAP7_75t_SL,5.091924659694769e-09,1.7698845722335932e-09
g178194,0,0,0,18126,8028,18342,8298,0,0,0,NAND2xp5_ASAP7_75t_SL,5.0739559220858155e-09,9.23122911444807e-10
g178196,0,0,0,16290,8028,16614,8298,0,0,0,NAND2x1_ASAP7_75t_SL,3.819031757501534e-09,6.375780459144664e-11
g178197,0,0,0,17964,8568,18288,8838,0,0,1,INVx4_ASAP7_75t_SL,2.057047510106713e-08,4.484979054808491e-09
g178198,0,0,0,17262,10188,17586,10458,0,0,0,OAI22xp5_ASAP7_75t_SL,1.0285233997819887e-08,2.0498882591368783e-09
g178199,0,0,0,15966,8568,16722,8838,0,0,0,AND3x4_ASAP7_75t_SL,2.2538003463523637e-08,2.472728971402412e-20
g178210,0,0,0,27792,22608,28116,22878,0,0,0,AOI22xp5_ASAP7_75t_SL,8.41263858575303e-09,3.685225635763345e-08
g178214,0,0,0,15264,37728,15480,37998,0,0,0,NOR2xp33_ASAP7_75t_R,1.741233546237453e-11,1.9532844817149453e-06
g178215,0,0,0,15210,38808,15534,39078,0,0,0,O2A1O1Ixp33_ASAP7_75t_SL,4.4898618156707926e-09,5.24443657923257e-06
g178216,0,0,0,14940,38538,15156,38808,0,1,0,HB1xp67_ASAP7_75t_SL,2.579195301777304e-09,5.2882196541759185e-06
g178217,0,0,0,15480,37728,15750,37998,0,0,0,NOR3xp33_ASAP7_75t_SL,2.2839312663336386e-09,2.91283356546046e-07
g178219,0,0,0,15426,37458,15588,37728,0,0,1,INVx1_ASAP7_75t_SL,2.583777636289142e-09,3.821070095000323e-06
g178256,0,0,0,9108,24228,9432,24498,0,0,0,AND2x2_ASAP7_75t_SL,1.0605612388303598e-08,5.093700565339532e-06
g178258,0,0,0,33192,7758,33516,8028,0,1,0,BUFx3_ASAP7_75t_SL,2.034469837042252e-08,3.898602315816538e-18
g178259,0,0,0,33516,7758,33732,8028,0,0,1,INVx2_ASAP7_75t_SL,1.0286396623371274e-08,6.9884731682123835e-12
g178260,0,0,0,42804,11808,43128,12078,0,0,0,AOI22xp5_ASAP7_75t_SL,8.462819778287667e-09,0.0
g178261,0,0,0,32868,7218,33624,7488,0,0,0,AND3x4_ASAP7_75t_SL,2.3926389758344158e-08,1.0686230099651346e-23
g178262,0,0,0,39780,10458,40104,10728,0,0,0,AOI22xp5_ASAP7_75t_SL,8.462819778287667e-09,0.0
g178263,0,0,0,40968,12078,41292,12348,0,0,0,AOI22xp5_ASAP7_75t_SL,8.462819778287667e-09,0.0
g178264,0,0,0,43344,10188,43668,10458,0,0,0,AOI22xp5_ASAP7_75t_SL,8.462819778287667e-09,0.0
g178265,0,0,0,43074,6138,43398,6408,0,0,0,AOI22xp5_ASAP7_75t_SL,8.462819778287667e-09,0.0
g178266,0,0,0,34704,10998,35028,11268,0,0,0,AOI22xp5_ASAP7_75t_SL,8.462819778287667e-09,0.0
g178267,0,0,0,37404,7488,37728,7758,0,0,0,AOI22xp5_ASAP7_75t_SL,8.462819778287667e-09,0.0
g178268,0,0,0,38808,8028,39132,8298,0,0,0,AOI22xp5_ASAP7_75t_SL,8.462819778287667e-09,0.0
g178269,0,0,0,35298,6678,35622,6948,0,0,0,AOI22xp33_ASAP7_75t_SL,5.641900280295431e-09,0.0
g178270,0,0,0,38862,5328,39186,5598,0,0,0,AOI22xp5_ASAP7_75t_SL,8.462819778287667e-09,0.0
g178271,0,0,0,37728,4788,38052,5058,0,0,0,AOI22xp5_ASAP7_75t_SL,8.462819778287667e-09,0.0
g178272,0,0,0,33840,10188,34164,10458,0,0,0,AOI22xp5_ASAP7_75t_SL,8.462819778287667e-09,0.0
g178273,0,0,0,33300,5328,33624,5598,0,0,0,AOI22xp5_ASAP7_75t_SL,8.462819778287667e-09,0.0
g178274,0,0,0,41130,7758,41454,8028,0,0,0,AOI22xp5_ASAP7_75t_SL,8.462819778287667e-09,0.0
g178275,0,0,0,42696,4788,43020,5058,0,0,0,AOI22xp5_ASAP7_75t_SL,8.462819778287667e-09,0.0
g178276,0,0,0,36702,3978,37026,4248,0,0,0,AOI22xp5_ASAP7_75t_SL,8.462819778287667e-09,0.0
g178277,0,0,0,36000,4788,36324,5058,0,0,0,AOI22xp5_ASAP7_75t_SL,8.462819778287667e-09,0.0
g178278,0,0,0,34758,7758,35082,8028,0,0,0,AOI22xp33_ASAP7_75t_SL,5.641900280295431e-09,0.0
g178279,0,0,0,39186,7218,39510,7488,0,0,0,AOI22xp5_ASAP7_75t_SL,8.462819778287667e-09,0.0
g178280,0,0,0,38376,8028,38700,8298,0,0,0,AOI22xp5_ASAP7_75t_SL,8.462819778287667e-09,0.0
g178281,0,0,0,42912,8568,43236,8838,0,0,0,AOI22xp5_ASAP7_75t_SL,8.462819778287667e-09,0.0
g178282,0,0,0,37296,11808,37620,12078,0,0,0,AOI22xp5_ASAP7_75t_SL,8.462819778287667e-09,0.0
g178283,0,0,0,38322,6678,38646,6948,0,0,0,AOI22xp5_ASAP7_75t_SL,8.462819778287667e-09,0.0
g178284,0,0,0,39348,5868,39672,6138,0,0,0,AOI22xp5_ASAP7_75t_SL,8.462819778287667e-09,0.0
g178285,0,0,0,33948,6408,34272,6678,0,0,0,AOI22xp5_ASAP7_75t_SL,8.462819778287667e-09,0.0
g178286,0,0,0,33462,4518,33786,4788,0,0,0,AOI22xp5_ASAP7_75t_SL,8.462819778287667e-09,0.0
g178287,0,0,0,36810,9108,37134,9378,0,0,0,AOI22xp5_ASAP7_75t_SL,8.462819778287667e-09,0.0
g178289,0,0,0,43290,11268,43614,11538,0,0,0,AOI22xp5_ASAP7_75t_SL,8.462819778287667e-09,0.0
g178291,0,0,0,39942,11808,40266,12078,0,0,0,AOI22xp5_ASAP7_75t_SL,8.462819778287667e-09,0.0
g178292,0,0,0,43560,11538,43884,11808,0,0,0,AOI22xp5_ASAP7_75t_SL,8.462819778287667e-09,0.0
g178335,0,0,0,13860,11268,14130,11538,0,1,0,BUFx2_ASAP7_75t_SL,1.3404763521407403e-08,3.1572500347465393e-07
g178338,0,0,0,8892,10728,9054,10998,0,0,1,INVx1_ASAP7_75t_SL,2.5518225310605658e-09,8.176759820344159e-07
g178340,0,0,0,9108,7488,9486,7758,0,0,0,OAI221xp5_ASAP7_75t_SL,5.073131692512334e-09,8.956138799476321e-07
g178423,0,0,0,1116,19908,1440,20178,0,0,0,AOI22xp5_ASAP7_75t_SL,1.0152490403925185e-08,0.0
g178425,0,0,0,9162,22878,9486,23148,0,0,0,NAND2x1_ASAP7_75t_SL,8.485218749854084e-09,3.475059682602516e-19
g178426,0,0,0,9378,23148,9594,23418,0,0,1,INVx2_ASAP7_75t_SL,1.0286400176084953e-08,1.1869646162222108e-13
g178721,0,0,0,20718,24768,20880,25038,0,0,1,INVx1_ASAP7_75t_SL,5.004972436495336e-09,8.119719296928452e-08
g178723,0,0,0,20286,24768,20502,25038,0,0,0,NOR2xp33_ASAP7_75t_SL,1.6968704219522124e-09,4.0182200677918445e-07
g178750,0,0,0,26064,39348,26388,39618,0,0,0,AOI22xp5_ASAP7_75t_SL,8.520370187170556e-09,0.0
g178751,0,0,0,24930,33138,25254,33408,0,0,0,AOI22xp5_ASAP7_75t_SL,8.520370187170556e-09,0.0
g178752,0,0,0,21204,33408,21528,33678,0,0,0,AOI22xp33_ASAP7_75t_SL,5.680270032115686e-09,0.0
g178753,0,0,0,24336,39078,24660,39348,0,0,0,AOI22xp5_ASAP7_75t_SL,8.520370187170556e-09,0.0
g178796,0,0,0,33840,37458,34164,37728,0,0,0,AOI22xp5_ASAP7_75t_SL,8.520370187170556e-09,0.0
g178797,0,0,0,28224,37458,28764,37728,0,0,0,AND2x4_ASAP7_75t_SL,2.3941598925603103e-08,4.925791057487973e-31
g178800,0,0,0,33732,33948,34056,34218,0,0,0,AOI22xp5_ASAP7_75t_SL,8.635570480919341e-09,0.0
g178801,0,0,0,32868,34218,33192,34488,0,0,0,AOI22xp5_ASAP7_75t_SL,8.635570480919341e-09,0.0
g178802,0,0,0,28818,33408,29142,33678,0,0,0,AOI22xp5_ASAP7_75t_SL,8.520370187170556e-09,0.0
g178803,0,0,0,34164,37458,34488,37728,0,0,0,AOI22xp5_ASAP7_75t_SL,8.520370187170556e-09,0.0
g178804,0,0,0,33624,33408,33948,33678,0,0,0,AOI22xp5_ASAP7_75t_SL,8.635570480919341e-09,0.0
g178805,0,0,0,30600,34488,30924,34758,0,0,0,AOI22xp5_ASAP7_75t_SL,8.635570480919341e-09,0.0
g178806,0,0,0,31626,34218,31950,34488,0,0,0,AOI22xp5_ASAP7_75t_SL,8.635570480919341e-09,0.0
g178807,0,0,0,34164,37998,34488,38268,0,0,0,AOI22xp5_ASAP7_75t_SL,8.635570480919341e-09,0.0
g178808,0,0,0,34056,34488,34380,34758,0,0,0,AOI22xp5_ASAP7_75t_SL,8.520370187170556e-09,0.0
g178809,0,0,0,29142,36108,29466,36378,0,0,0,AOI22xp5_ASAP7_75t_SL,8.635570480919341e-09,0.0
g178810,0,0,0,34110,36378,34434,36648,0,0,0,AOI22xp5_ASAP7_75t_SL,8.520370187170556e-09,0.0
g178811,0,0,0,28602,38268,28926,38538,0,0,0,AOI22xp5_ASAP7_75t_SL,8.520370187170556e-09,0.0
g178812,0,0,0,29736,33948,30060,34218,0,0,0,AOI22xp5_ASAP7_75t_SL,8.635570480919341e-09,0.0
g178813,0,0,0,33678,35568,34002,35838,0,0,0,AOI22xp5_ASAP7_75t_SL,8.520370187170556e-09,0.0
g178814,0,0,0,33840,37998,34164,38268,0,0,0,AOI22xp5_ASAP7_75t_SL,8.520370187170556e-09,0.0
g178817,0,0,0,27576,29898,27900,30168,0,0,0,AND2x2_ASAP7_75t_R,1.483350109410253e-10,1.1805779877999134e-12
g178833,0,0,0,10242,23958,10566,24228,0,0,0,OAI22xp5_ASAP7_75t_SL,4.603491809973548e-09,6.470551852544304e-06
g178834,0,0,0,11214,24498,11538,24768,0,0,1,INVx4_ASAP7_75t_SL,1.2665595683358788e-08,7.556320269941352e-06
g178918,0,0,0,8568,29628,8784,29898,0,0,0,NAND2xp5_ASAP7_75t_SL,1.8787291722333066e-09,1.3683775224038186e-09
g178919,0,0,0,8190,29898,8514,30168,0,0,0,AOI22xp33_ASAP7_75t_SL,6.666812435440761e-09,4.173250545136398e-08
g178920,0,0,0,8514,29358,8730,29628,0,0,0,NAND2xp33_ASAP7_75t_R,3.3297278129174046e-11,3.2967953700335784e-08
g179,0,0,0,27036,30438,27198,30708,0,0,1,INVxp33_ASAP7_75t_L,1.6191900598094833e-10,4.52340394958492e-13
g179059,0,0,0,13752,5328,14076,5598,0,0,0,NOR2x1_ASAP7_75t_L,6.285455489418723e-10,7.705175941730147e-10
g179061,0,0,0,8676,8568,9000,8838,0,0,0,NOR2x1_ASAP7_75t_L,6.285455489418723e-10,7.996633910600792e-10
g179062,0,0,0,9594,4518,9918,4788,0,0,0,NOR2xp67_ASAP7_75t_SL,4.365555916763242e-09,6.924549267317559e-10
g179063,0,0,0,10080,8838,10350,9108,0,0,0,OAI21xp5_ASAP7_75t_SL,3.3505322960536432e-09,8.395172699238174e-07
g179065,0,0,0,12834,8838,13104,9108,0,0,0,OAI21xp5_ASAP7_75t_SL,3.357386146873864e-09,9.83880227067857e-07
g179066,0,0,0,11484,4518,11808,4788,0,0,0,NOR2x1_ASAP7_75t_L,6.285455489418723e-10,7.355699382927128e-10
g179067,0,0,0,10674,6408,10998,6678,0,0,0,NOR2xp67_ASAP7_75t_SL,4.365555916763242e-09,7.135683155468087e-10
g179068,0,0,0,11862,4518,12186,4788,0,0,0,NOR2x1_ASAP7_75t_L,6.285455489418723e-10,8.577274446253114e-10
g179069,0,0,0,8676,6948,9000,7218,0,0,0,NOR2xp67_ASAP7_75t_SL,4.365555916763242e-09,7.562299120245086e-10
g179262,0,0,0,29250,11268,29574,11538,0,0,0,AND2x2_ASAP7_75t_SL,1.695224938202955e-08,7.730494644420105e-08
g179288,0,0,0,22608,32328,22932,32598,0,1,0,BUFx3_ASAP7_75t_SL,2.034469837042252e-08,4.503598882710236e-12
g179289,0,0,0,22014,32058,22230,32328,0,1,0,HB1xp67_ASAP7_75t_SL,5.092500199310734e-09,1.2227564880756825e-12
g179291,0,0,0,22932,32328,23202,32598,0,1,0,BUFx2_ASAP7_75t_SL,1.3563099976465764e-08,3.273947953019718e-12
g179295,0,0,0,22986,35568,23310,35838,0,0,0,AOI211xp5_ASAP7_75t_SL,8.092321479580278e-09,2.1494037018982004e-15
g179298,0,0,0,23526,31788,23796,32058,0,0,0,AOI21xp5_ASAP7_75t_SL,5.279796155832628e-09,2.2128261408568134e-15
g179299,0,0,0,23850,33138,24120,33408,0,0,0,AOI21xp5_ASAP7_75t_SL,5.279796155832628e-09,2.179911922834169e-15
g179301,0,0,0,23148,34218,23472,34488,0,0,0,AOI211xp5_ASAP7_75t_SL,8.092321479580278e-09,2.083033164766669e-15
g179383,0,0,0,36054,32868,36486,33138,0,0,0,NAND2x1p5_ASAP7_75t_SL,5.523033141940914e-09,1.1580418461459244e-15
g179385,0,0,0,42966,34758,43290,35028,0,0,0,AOI22xp33_ASAP7_75t_SL,5.718669982002211e-09,0.0
g179388,0,0,0,42912,33948,43236,34218,0,0,0,AOI22xp33_ASAP7_75t_SL,5.718669982002211e-09,0.0
g179390,0,0,0,38646,36108,38970,36378,0,0,0,AOI22xp33_ASAP7_75t_SL,5.641900280295431e-09,0.0
g179414,0,0,0,33894,19638,34110,19908,0,0,0,NAND2xp5_ASAP7_75t_SL,6.714045319711204e-09,3.7444340961201306e-08
g179496,0,0,0,23580,25578,23904,25848,0,0,0,OAI31xp33_ASAP7_75t_SL,3.4320524200381897e-09,5.711535844971083e-12
g179498,0,0,0,27954,26388,28116,26658,0,0,1,INVx1_ASAP7_75t_SL,5.064088259842947e-09,7.23670992922032e-12
g179532,0,0,0,8784,23958,9108,24228,0,0,0,AND2x2_ASAP7_75t_SL,1.2757737977153738e-08,1.765838029814354e-19
g179534,0,0,0,23040,20988,23634,21258,0,0,0,NAND3x1_ASAP7_75t_SL,6.8463927860307194e-09,3.3396705845234465e-08
g179537,0,0,0,23310,21258,23904,21528,0,0,0,NOR3x1_ASAP7_75t_L,6.537970165254592e-10,6.784342758692219e-07
g179657,0,0,0,32706,27198,32976,27468,0,0,0,NAND3xp33_ASAP7_75t_SL,1.8508158339258785e-09,1.312078592476118e-12
g179660,0,0,0,32328,27468,32652,27738,0,0,0,AND3x1_ASAP7_75t_SL,6.907427962943302e-09,2.4628424299955043e-12
g179663,0,0,0,31626,25038,31842,25308,0,0,1,INVx2_ASAP7_75t_SL,1.0286400176084953e-08,2.5789446295338866e-18
g179664,0,0,0,39402,25578,39726,25848,0,0,0,AOI22xp33_ASAP7_75t_SL,5.608445707849796e-09,2.717006530872368e-08
g179665,0,0,0,32112,25308,33084,25578,0,1,0,BUFx12f_ASAP7_75t_SL,8.137030249599775e-08,1.327833221154151e-08
g179666,0,0,0,31734,24768,32490,25038,0,0,0,AND3x4_ASAP7_75t_SL,3.0332007128208716e-08,4.610567483354089e-09
g179667,0,0,0,32166,25038,32382,25308,0,0,1,INVx2_ASAP7_75t_SL,1.0286396623371274e-08,4.565156412617011e-12
g179668,0,0,0,32760,25038,33030,25308,0,0,1,INVx3_ASAP7_75t_SL,1.5427723099037394e-08,5.5487490158157016e-09
g179669,0,0,0,41238,27468,41562,27738,0,0,0,AOI22xp5_ASAP7_75t_SL,8.41263858575303e-09,3.267522430405734e-08
g179670,0,0,0,42048,27738,42372,28008,0,0,0,AOI22xp5_ASAP7_75t_SL,8.41263858575303e-09,3.322348618439719e-08
g179671,0,0,0,32814,24768,33084,25038,0,0,1,INVx3_ASAP7_75t_SL,1.5427723099037394e-08,5.272661862676387e-09
g179672,0,0,0,36324,26658,36648,26928,0,0,0,AOI22xp5_ASAP7_75t_SL,8.41263858575303e-09,3.340817755770331e-08
g179673,0,0,0,42480,23958,42804,24228,0,0,0,AOI22xp5_ASAP7_75t_SL,8.41263858575303e-09,3.492501576829454e-08
g179674,0,0,0,35244,19638,35568,19908,0,0,0,AOI22xp5_ASAP7_75t_SL,8.41263858575303e-09,3.2831970031566016e-08
g179675,0,0,0,42426,19638,42750,19908,0,0,0,AOI22xp5_ASAP7_75t_SL,8.41263858575303e-09,3.322408304029523e-08
g179676,0,0,0,42102,20178,42426,20448,0,0,0,AOI22xp5_ASAP7_75t_SL,8.41263858575303e-09,3.2309500852534256e-08
g179677,0,0,0,35352,22068,35676,22338,0,0,0,AOI22xp5_ASAP7_75t_SL,8.41263858575303e-09,3.243906121497275e-08
g179679,0,0,0,32922,25848,33246,26118,0,0,0,AOI22xp5_ASAP7_75t_SL,8.41263858575303e-09,3.2252486903416866e-08
g179680,0,0,0,34758,27198,35082,27468,0,0,0,AOI22xp5_ASAP7_75t_SL,8.41263858575303e-09,3.2070367694814195e-08
g179681,0,0,0,36054,23148,36378,23418,0,0,0,AOI22xp5_ASAP7_75t_SL,8.469842605052236e-09,3.418701766122467e-08
g179682,0,0,0,34434,18828,34758,19098,0,0,0,AOI22xp33_ASAP7_75t_SL,5.608445707849796e-09,2.6903332894789855e-08
g179683,0,0,0,41346,22338,41670,22608,0,0,0,AOI22xp5_ASAP7_75t_SL,8.41263858575303e-09,3.449611796213503e-08
g179684,0,0,0,33138,26388,33462,26658,0,0,0,AOI22xp5_ASAP7_75t_SL,8.41263858575303e-09,3.300892359447971e-08
g179685,0,0,0,42696,22608,43020,22878,0,0,0,AOI22xp5_ASAP7_75t_SL,8.41263858575303e-09,3.305990858848418e-08
g179686,0,0,0,40158,27738,40482,28008,0,0,0,AOI22xp5_ASAP7_75t_SL,8.41263858575303e-09,3.176662488613147e-08
g179687,0,0,0,40644,26388,40968,26658,0,0,0,AOI22xp5_ASAP7_75t_SL,8.41263858575303e-09,3.062936926312432e-08
g179688,0,0,0,42966,27468,43290,27738,0,0,0,AOI22xp5_ASAP7_75t_SL,8.41263858575303e-09,3.42601467195891e-08
g179689,0,0,0,39024,27198,39348,27468,0,0,0,AOI22xp5_ASAP7_75t_SL,8.41263858575303e-09,3.419911109858731e-08
g179690,0,0,0,42372,18828,42696,19098,0,0,0,AOI22xp5_ASAP7_75t_SL,8.41263858575303e-09,3.1305980030538194e-08
g179691,0,0,0,33246,19098,33570,19368,0,0,0,AOI22xp33_ASAP7_75t_SL,5.608445707849796e-09,2.8104894411740133e-08
g179692,0,0,0,37188,27468,37512,27738,0,0,0,AOI22xp5_ASAP7_75t_SL,8.41263858575303e-09,3.3877849858754416e-08
g179693,0,0,0,34542,27468,34866,27738,0,0,0,AOI22xp5_ASAP7_75t_SL,8.41263858575303e-09,3.474274734571736e-08
g179694,0,0,0,41292,26118,41616,26388,0,0,0,AOI22xp5_ASAP7_75t_SL,8.41263858575303e-09,3.257323299976633e-08
g179695,0,0,0,38214,27468,38538,27738,0,0,0,AOI22xp5_ASAP7_75t_SL,8.41263858575303e-09,3.408833748608231e-08
g179696,0,0,0,35946,27468,36270,27738,0,0,0,AOI22xp5_ASAP7_75t_SL,8.41263858575303e-09,3.4144775895583734e-08
g179697,0,0,0,42426,25578,42750,25848,0,0,0,AOI22xp5_ASAP7_75t_SL,8.41263858575303e-09,3.345260779497039e-08
g179698,0,0,0,40914,23958,41238,24228,0,0,0,AOI22xp5_ASAP7_75t_SL,8.41263858575303e-09,3.320055341760053e-08
g179699,0,0,0,33084,20178,33408,20448,0,0,0,AOI22xp33_ASAP7_75t_SL,5.608445707849796e-09,2.632353890419381e-08
g179700,0,0,0,34056,23148,34380,23418,0,0,0,AOI22xp33_ASAP7_75t_SL,5.608445707849796e-09,2.7819840653364736e-08
g179775,0,0,0,22014,8028,22554,8298,0,0,0,AND2x4_ASAP7_75t_SL,3.032999984498019e-08,1.788956878007132e-15
g179776,0,0,0,20988,8298,21312,8568,0,0,0,AND2x2_ASAP7_75t_SL,1.1970993973875466e-08,1.023752819171754e-15
g179777,0,0,0,21204,8028,21366,8298,0,0,1,INVx1_ASAP7_75t_SL,5.143200088042477e-09,1.772444152680144e-18
g179813,0,0,0,19422,15048,19800,15318,0,0,1,INVx5_ASAP7_75t_SL,2.5712774132102822e-08,5.6664566372433e-09
g179814,0,0,0,19044,15588,19368,15858,0,0,0,AND2x2_ASAP7_75t_SL,1.236982072327919e-08,2.2826722734237137e-09
g179815,0,0,0,18720,15588,19044,15858,0,0,0,NOR2xp67_ASAP7_75t_L,3.535192694137379e-10,1.9842545384562982e-07
g179827,0,0,0,11376,32598,11700,32868,0,0,0,AOI22xp33_ASAP7_75t_SL,6.704026667136986e-09,0.0
g179828,0,0,0,8190,31788,8568,32058,0,0,0,OAI221xp5_ASAP7_75t_SL,3.7563614441182835e-09,1.4482068877441634e-09
g179851,0,0,0,21906,25038,22068,25308,0,0,1,INVx1_ASAP7_75t_SL,5.004972436495336e-09,1.508474980482788e-07
g179852,0,0,0,21636,22878,21960,23148,0,0,0,OAI22xp5_ASAP7_75t_SL,5.345716314053561e-09,2.8909354909956164e-07
g179853,0,0,0,20664,25308,20880,25578,0,0,0,NOR2xp33_ASAP7_75t_SL,3.3887694872447582e-09,4.329871927666318e-08
g179917,0,0,0,9378,23418,9594,23688,0,1,0,HB1xp67_ASAP7_75t_SL,5.11833997407507e-09,1.6160588853357288e-19
g179982,0,0,0,10566,25308,10728,25578,0,0,1,INVxp67_ASAP7_75t_R,3.555159638901628e-11,3.815289750797035e-11
g179983,0,0,0,10350,25308,10566,25578,0,0,0,NOR2xp33_ASAP7_75t_R,2.1393501553612637e-11,3.0697114577162205e-16
g18,0,0,0,21312,36108,21528,36378,0,0,0,NAND2xp5_ASAP7_75t_SL,5.10347142324008e-09,2.3503632817778453e-08
g180,0,0,0,44424,26118,44586,26388,0,0,1,INVxp33_ASAP7_75t_R,8.528100101101721e-12,2.0108136311591807e-07
g180001,0,0,0,37944,41238,38160,41508,0,0,0,NAND2xp5_ASAP7_75t_SL,6.714044431532784e-09,7.479376051833242e-08
g180062,0,0,0,37728,29358,38052,29628,0,1,0,BUFx3_ASAP7_75t_L,2.035104307296365e-09,1.288737792037864e-07
g180064,0,0,0,38052,29358,38268,29628,0,0,0,NOR2xp33_ASAP7_75t_SL,9.986883542367764e-10,2.179065736919862e-15
g180065,0,0,0,19368,21258,19692,21528,0,0,0,OAI22xp33_ASAP7_75t_SL,3.6591625285353757e-09,2.8409425567588187e-07
g180067,0,0,0,37674,29088,37944,29358,0,0,0,NOR3xp33_ASAP7_75t_SL,1.497476476153281e-09,2.4290385004235252e-15
g180069,0,0,0,5760,18018,5976,18288,0,0,1,INVx2_ASAP7_75t_L,9.714959947615398e-10,6.043026079538549e-10
g180073,0,0,0,6084,16128,6246,16398,0,0,1,INVxp67_ASAP7_75t_R,3.266319853478805e-11,5.071295605674209e-10
g180077,0,0,0,5490,15318,5652,15588,0,0,1,INVx1_ASAP7_75t_L,4.857479973807699e-10,5.931934943248507e-10
g180081,0,0,0,6354,20718,6516,20988,0,0,1,INVx1_ASAP7_75t_L,4.857479973807699e-10,4.379527296372032e-10
g180085,0,0,0,4950,19638,5112,19908,0,0,1,INVx1_ASAP7_75t_R,4.899229633092972e-11,5.309009343257287e-10
g180089,0,0,0,5922,19368,6138,19638,0,0,1,INVx2_ASAP7_75t_R,9.798459266185944e-11,6.751702530394255e-10
g180093,0,0,0,7434,15588,7596,15858,0,0,1,INVx1_ASAP7_75t_L,4.857479973807699e-10,3.9608813451330604e-10
g180108,0,0,0,7218,18288,7380,18558,0,0,1,INVx1_ASAP7_75t_L,4.857479973807699e-10,4.600063385762354e-10
g180146,0,0,0,36972,24768,37296,25038,0,0,0,OR2x2_ASAP7_75t_SL,1.7002399488319497e-08,5.782495725195451e-15
g180237,0,0,0,15858,13698,16182,13968,0,0,0,OAI22xp33_ASAP7_75t_SL,5.422427840073851e-09,1.3645339080881058e-08
g180238,0,0,0,16668,14238,16830,14508,0,0,1,INVx1_ASAP7_75t_SL,5.1130877309901734e-09,3.8018320935861993e-08
g180246,0,0,0,35730,20178,36054,20448,0,0,0,AND2x2_ASAP7_75t_SL,1.695224938202955e-08,1.0296614050275821e-07
g180273,0,0,0,34650,4788,34974,5058,0,0,0,AOI22xp5_ASAP7_75t_SL,6.943870367592808e-09,4.0251208588415466e-08
g180289,0,0,0,35352,33408,36108,33678,0,0,0,AND3x4_ASAP7_75t_SL,2.3926389758344158e-08,1.0446925988608931e-23
g180290,0,0,0,35838,33678,36108,33948,0,0,1,INVx3_ASAP7_75t_SL,1.5429593602789282e-08,8.046219072965766e-12
g180291,0,0,0,22338,19368,22770,19638,0,0,0,NAND2x1p5_ASAP7_75t_SL,7.996680650990129e-09,1.3374140017674563e-08
g180292,0,0,0,22230,19098,22554,19368,0,0,0,NOR2x1_ASAP7_75t_L,5.868580066348272e-10,6.106415639806073e-07
g180293,0,0,0,22770,19368,22932,19638,0,0,1,INVx1_ASAP7_75t_SL,5.044385797958739e-09,1.7136567720399398e-08
g180353,0,0,0,22338,30978,22554,31248,0,0,0,NOR2xp33_ASAP7_75t_SL,9.991080185400847e-10,2.0257076689623923e-15
g180354,0,0,0,22662,33138,22878,33408,0,0,0,NAND2xp5_ASAP7_75t_SL,6.714045319711204e-09,4.5574211071652826e-08
g180356,0,0,0,22176,30708,22554,30978,0,0,0,AOI221xp5_ASAP7_75t_SL,5.897818233790986e-09,1.5880074433450116e-17
g180357,0,0,0,22392,29628,22716,29898,0,0,0,AND2x2_ASAP7_75t_L,1.1615419737154298e-09,2.6904410406037454e-22
g180358,0,0,0,24660,9108,25200,9378,0,0,0,AND2x4_ASAP7_75t_SL,3.032999984498019e-08,5.268231163813031e-12
g180359,0,0,0,24714,8568,25254,8838,0,0,0,AND2x4_ASAP7_75t_SL,2.3941598925603103e-08,0.0
g180360,0,0,0,29196,11538,29520,11808,0,0,0,NAND4xp25_ASAP7_75t_SL,1.3426257439164146e-08,2.648685537565143e-08
g180361,0,0,0,29196,10458,29520,10728,0,0,0,AOI22xp33_ASAP7_75t_SL,2.4617128335790994e-09,1.7025504117830102e-15
g180428,0,0,0,21096,37998,21312,38268,0,0,0,NAND2xp5_ASAP7_75t_SL,4.98926278069689e-09,2.763705531094729e-08
g180431,0,0,0,33354,31788,33678,32058,0,0,0,A2O1A1Ixp33_ASAP7_75t_SL,5.696225269247179e-09,1.151771578874756e-17
g180432,0,0,0,32868,31788,33084,32058,0,0,0,NAND2xp5_ASAP7_75t_SL,1.859943976612044e-09,2.0892051977305925e-10
g180433,0,0,0,33786,31518,33948,31788,0,0,1,INVx1_ASAP7_75t_L,5.173767525512574e-10,3.260665693005649e-08
g180434,0,0,0,29412,30168,29736,30438,0,0,1,INVx4_ASAP7_75t_SL,2.0572800352169907e-08,1.7281179742409392e-14
g180441,0,0,0,35622,12888,35892,13158,0,0,0,NAND3xp33_ASAP7_75t_SL,1.0129800109837106e-08,4.657020178289086e-15
g180442,0,0,0,35514,13158,35730,13428,0,0,0,NAND2xp33_ASAP7_75t_R,1.8034133214550607e-11,7.176933323142838e-18
g180443,0,0,0,35244,12618,35568,12888,0,0,0,A2O1A1Ixp33_ASAP7_75t_SL,2.71216316072298e-09,0.0
g180444,0,0,0,35568,12618,35730,12888,0,0,1,INVxp67_ASAP7_75t_SL,3.4288101247170744e-09,2.9168788678234038e-15
g180464,0,0,0,13590,32868,14130,33138,0,0,0,AO22x2_ASAP7_75t_SL,1.949874395279494e-08,1.5166608591243858e-06
g180508,0,0,0,37944,39618,38268,39888,0,0,0,AOI22xp5_ASAP7_75t_SL,6.829349086245884e-09,4.049486435064864e-08
g180517,0,0,0,31194,22878,31518,23148,0,0,0,AOI22xp5_ASAP7_75t_SL,1.005609995274881e-08,1.2996994724629723e-18
g180518,0,0,0,31302,22068,31464,22338,0,0,1,INVx1_ASAP7_75t_SL,5.0640900361997865e-09,0.0
g180519,0,0,0,31032,22878,31194,23148,0,0,1,INVxp33_ASAP7_75t_R,1.6334000124684778e-11,5.229275049328676e-19
g180521,0,0,0,31248,23148,31410,23418,0,0,1,INVxp67_ASAP7_75t_SL,3.4288101247170744e-09,0.0
g180534,0,0,0,41886,11808,42210,12078,0,0,0,AOI22xp33_ASAP7_75t_SL,2.4552500033081515e-09,0.0
g180562,0,0,0,29952,32598,30222,32868,0,0,0,OAI21xp5_ASAP7_75t_SL,2.2789736764394775e-09,2.4138205323431805e-10
g180564,0,0,0,30384,32868,30708,33138,0,0,0,NAND4xp25_ASAP7_75t_SL,1.3426256550985727e-08,3.146462290715135e-08
g180565,0,0,0,30168,32868,30384,33138,0,0,0,NAND2xp5_ASAP7_75t_SL,4.98926278069689e-09,2.6312694245689272e-08
g180566,0,0,0,30438,34758,30762,35028,0,0,0,AOI22xp33_ASAP7_75t_L,2.532256904164143e-10,1.5958409893296766e-15
g180577,0,0,0,41508,32868,41724,33138,0,0,0,NAND2xp5_ASAP7_75t_SL,4.98926278069689e-09,2.478101990277537e-08
g180578,0,0,0,42048,35568,42372,35838,0,0,0,AOI22xp33_ASAP7_75t_SL,2.4617128335790994e-09,2.0670560057990846e-15
g180579,0,0,0,41346,33678,41670,33948,0,0,0,AOI22xp33_ASAP7_75t_L,2.5257401725653494e-10,0.0
g180714,0,0,0,42858,34488,43182,34758,0,0,0,NAND4xp25_ASAP7_75t_SL,1.3426257439164146e-08,4.002373543698923e-08
g1809,0,0,0,36756,19098,37080,19368,0,0,0,AOI22xp5_ASAP7_75t_SL,3.710910689846969e-09,2.568836206170164e-15
g181,0,0,0,1224,22608,1386,22878,0,0,1,INVxp33_ASAP7_75t_R,8.528100101101721e-12,1.947302621374547e-07
g181062,0,0,0,9918,29628,10242,29898,0,0,0,AOI22xp5_ASAP7_75t_SL,1.0171085307320027e-08,0.0
g181064,0,0,0,7974,29898,8190,30168,0,0,0,NAND2xp5_ASAP7_75t_SL,5.142652081957522e-09,1.3502139406540437e-09
g1811,0,0,0,36702,19368,36972,19638,0,0,0,NAND3xp33_ASAP7_75t_SL,1.0011532047826677e-08,5.4172797803175854e-08
g181261,0,0,0,37242,12348,37620,12618,0,0,0,OAI221xp5_ASAP7_75t_SL,5.356641352705083e-09,3.3322091752552296e-08
g181262,0,0,0,36432,12618,36648,12888,0,0,0,NAND2xp5_ASAP7_75t_SL,5.10347142324008e-09,2.539906418519422e-08
g181270,0,0,0,19152,31788,19422,32058,0,0,0,AOI21xp5_ASAP7_75t_SL,5.270440084359507e-09,0.0
g181280,0,0,0,36972,30438,37458,30708,0,0,0,XNOR2xp5_ASAP7_75t_SL,1.1906700514430213e-08,0.0
g181281,0,0,0,36918,30978,37134,31248,0,0,0,NAND2xp5_ASAP7_75t_SL,1.8409799240615143e-09,0.0
g181393,0,0,0,5976,21258,6300,21528,0,0,0,AOI22xp5_ASAP7_75t_SL,9.510755738517673e-09,6.606665770014786e-10
g181397,0,0,0,32922,32598,33138,32868,0,0,0,NAND2xp5_ASAP7_75t_SL,6.714044431532784e-09,5.83839607770642e-08
g181400,0,0,0,23094,42858,23364,43128,0,0,1,INVx3_ASAP7_75t_SL,7.655449607568698e-09,4.885424459644128e-06
g181402,0,0,0,24228,33948,24444,34218,0,0,0,NAND2xp5_ASAP7_75t_SL,5.10347142324008e-09,2.5498721356598253e-08
g181410,0,0,0,18882,25848,19098,26118,0,0,1,INVx2_ASAP7_75t_SL,5.10364994710244e-09,4.20998185290955e-06
g181433,0,0,0,43506,22608,43722,22878,0,0,1,INVx2_ASAP7_75t_SL,5.10364994710244e-09,4.353567419457249e-06
g181449,0,0,0,33894,19368,34218,19638,0,0,0,AOI22xp5_ASAP7_75t_SL,6.943870367592808e-09,4.058452773847421e-08
g181469,0,0,0,32814,8568,33030,8838,0,0,1,INVx2_ASAP7_75t_SL,5.10364994710244e-09,3.3343894756399095e-06
g181479,0,0,0,20502,41778,20718,42048,0,0,0,NAND2xp5_ASAP7_75t_SL,6.714044431532784e-09,5.91350932666046e-08
g181484,0,0,0,24282,40158,24552,40428,0,0,1,INVx3_ASAP7_75t_SL,7.655449607568698e-09,4.170072315901052e-06
g181507,0,0,0,22338,41238,22662,41508,0,0,0,AOI22xp5_ASAP7_75t_SL,3.6828700089586164e-09,0.0
g181508,0,0,0,32112,16938,32436,17208,0,0,0,AOI22xp5_ASAP7_75t_SL,8.469839052338557e-09,3.4069163490357823e-08
g181509,0,0,0,24444,18288,24876,18558,0,0,1,INVx6_ASAP7_75t_SL,3.085534672209178e-08,5.507625466805166e-09
g181510,0,0,0,22878,36648,23094,36918,0,0,0,NAND2xp5_ASAP7_75t_SL,1.859943976612044e-09,1.387090442506178e-10
g181512,0,0,0,22662,41238,22986,41508,0,0,0,NAND2x1_ASAP7_75t_SL,1.0073673450960996e-08,8.067750911777694e-08
g181523,0,0,0,44208,24768,44424,25038,0,0,1,INVx2_ASAP7_75t_SL,5.10364994710244e-09,3.5652919905260205e-06
g181532,0,0,0,43830,39348,44154,39618,0,0,0,AOI22xp33_ASAP7_75t_SL,4.62925342503695e-09,2.777794527730748e-08
g181550,0,0,0,21798,27198,22122,27468,0,0,0,AND2x2_ASAP7_75t_R,1.7300094690142487e-10,4.0560671488165667e-10
g181557,0,0,0,21420,28278,21636,28548,0,0,1,INVx2_ASAP7_75t_SL,5.10364994710244e-09,3.60064177584718e-06
g181571_dup194251,0,0,0,27360,36108,27900,36378,0,0,0,AND2x4_ASAP7_75t_SL,3.0560901365106474e-08,3.594022205088672e-15
g181574,0,0,0,43506,39348,43830,39618,0,0,0,NAND2xp67_ASAP7_75t_SL,6.715779932164878e-09,6.019703846504854e-08
g181575,0,0,0,40914,34758,41238,35028,0,0,0,NAND4xp25_ASAP7_75t_SL,1.3426257439164146e-08,3.442509211026845e-08
g181634,0,0,0,1332,29628,1656,29898,0,0,0,AOI22xp5_ASAP7_75t_SL,1.0171085307320027e-08,0.0
g181635,0,0,0,11160,34488,11538,34758,0,0,1,INVx5_ASAP7_75t_SL,2.5320300522935213e-08,0.0
g181642,0,0,0,17964,32868,18234,33138,0,0,0,OAI21xp33_ASAP7_75t_SL,1.5139212106163313e-09,8.989647936764514e-19
g181643,0,0,0,18234,32868,18450,33138,0,0,0,NOR2xp33_ASAP7_75t_R,3.239540233290761e-11,5.204764136815081e-19
g181705,0,0,0,24282,24228,24552,24498,0,0,0,AOI21xp5_ASAP7_75t_SL,5.2704676178905174e-09,1.4123277014170066e-15
g181707,0,0,0,24444,23688,24660,23958,0,0,0,NOR2xp33_ASAP7_75t_R,2.1393501553612637e-11,4.2298617806260977e-16
g181757,0,0,0,19908,12078,20178,12348,0,0,0,AOI21xp5_ASAP7_75t_SL,5.270440084359507e-09,4.900917950357509e-19
g181759,0,0,0,20070,12618,20286,12888,0,0,0,NOR2xp33_ASAP7_75t_R,2.1393501553612637e-11,2.7430787697603336e-19
g181760,0,0,0,19152,12348,19422,12618,0,0,0,NOR3xp33_ASAP7_75t_SL,3.254228664317793e-09,1.400960769615267e-08
g181765,0,0,0,20070,16668,20232,16938,0,0,1,INVx1_ASAP7_75t_SL,4.016889043612082e-09,7.061476594572014e-07
g181766,0,0,0,16506,22068,16776,22338,0,0,1,INVx3_ASAP7_75t_L,1.2181167186042785e-09,1.4352631296787877e-06
g181767,0,0,0,20232,17208,20610,17478,0,0,0,AOI221xp5_ASAP7_75t_SL,5.495666588473114e-09,1.9106289528281195e-07
g181768,0,0,0,20178,16938,20502,17208,0,0,0,OAI22xp5_ASAP7_75t_SL,4.6184172042273985e-09,1.9269702988822246e-07
g181769,0,0,0,27144,16668,27306,16938,0,0,1,INVxp67_ASAP7_75t_SL,3.4087348499411974e-09,3.411051707757906e-08
g181770,0,0,0,15750,16668,15912,16938,0,0,1,INVx1_ASAP7_75t_L,2.515430086447168e-10,3.190701818311936e-07
g181785,0,0,0,31518,19908,31788,20178,0,0,0,NOR3xp33_ASAP7_75t_SL,1.4981034190952869e-09,2.6036617540382877e-15
g181786,0,0,0,29520,20448,29844,20718,0,1,0,BUFx3_ASAP7_75t_SL,2.0225586538913376e-08,1.7931363061052252e-07
g181787,0,0,0,31086,20988,31248,21258,0,0,1,INVx1_ASAP7_75t_R,5.301315636474513e-11,3.776822410372915e-08
g181788,0,0,0,19962,23148,20286,23418,0,0,0,AOI22xp5_ASAP7_75t_SL,4.515961382622891e-09,8.353093328139494e-09
g181792,0,0,0,31248,20178,31464,20448,0,0,0,NOR2xp33_ASAP7_75t_SL,3.2240676794970113e-09,1.0254442694285215e-12
g181838,0,0,0,6246,20988,6462,21258,0,0,0,NAND2xp5_ASAP7_75t_SL,5.027443794602959e-09,1.3752058380944732e-09
g181839,0,0,0,6084,20178,6408,20448,0,0,0,AOI22xp5_ASAP7_75t_SL,3.06090397472758e-09,6.985440004214638e-10
g181843,0,0,0,5922,20178,6084,20448,0,0,1,INVxp67_ASAP7_75t_SL,3.38877903516277e-09,3.663616965354777e-08
g181864,0,0,0,11592,22608,11754,22878,0,0,1,INVx1_ASAP7_75t_R,3.0879264423244734e-11,2.4744040274526924e-06
g181894,0,0,0,14346,36648,14670,36918,0,0,0,OAI22xp5_ASAP7_75t_SL,6.433327648380782e-09,0.0
g181895,0,0,0,14616,37188,14940,37458,0,0,0,NOR2x1_ASAP7_75t_SL,3.15590509281094e-09,0.0
g181896,0,0,0,14616,37728,14832,37998,0,0,0,NAND2xp33_ASAP7_75t_R,3.6452400126174567e-11,0.0
g181899,0,0,0,19800,15048,20070,15318,0,0,0,NOR3xp33_ASAP7_75t_L,1.657004117250338e-10,2.520536002137419e-10
g181936,0,0,0,15264,29898,15588,30168,0,0,0,AND2x2_ASAP7_75t_L,1.160609941486257e-09,2.4859879334515555e-19
g181937,0,0,0,15156,29358,15426,29628,0,0,0,AOI21xp5_ASAP7_75t_SL,6.896788917742924e-09,2.2097271928922524e-11
g181939,0,0,0,14508,30438,14778,30708,0,0,0,NAND3xp33_ASAP7_75t_SL,1.8417337654952348e-09,2.3306160818036807e-25
g181964,0,0,0,16884,24768,17154,25038,0,0,0,NOR3xp33_ASAP7_75t_SL,3.106543688957686e-09,1.9254080996233824e-07
g181966,0,0,0,17532,24498,17694,24768,0,0,1,INVxp67_ASAP7_75t_SL,1.7014312181373725e-09,2.895989723583625e-07
g181968,0,0,0,28116,22068,28386,22338,0,0,0,OAI21xp5_ASAP7_75t_SL,5.048366169546625e-09,1.3159033585008473e-10
g181970,0,0,0,24876,20718,25038,20988,0,0,1,INVx1_ASAP7_75t_SL,5.0640900361997865e-09,5.02738295438121e-10
g181972,0,0,0,25902,20988,26226,21258,0,0,0,AND2x2_ASAP7_75t_R,1.2508699631652576e-10,0.0
g181979,0,0,0,38484,12348,38808,12618,0,0,0,AO21x1_ASAP7_75t_SL,6.919918416059545e-09,3.828505845682173e-10
g181981,0,0,0,17424,22338,17748,22608,0,0,0,AOI22xp5_ASAP7_75t_SL,5.7220339577668256e-09,2.8611694347091543e-07
g181983,0,0,0,17856,15588,18504,15858,0,0,0,OR2x6_ASAP7_75t_SL,2.9684880331615204e-08,2.6110471935680835e-06
g181986,0,0,0,17046,22878,17208,23148,0,0,1,INVx1_ASAP7_75t_SL,3.957556504730064e-09,3.659918661469419e-07
g181987,0,0,0,16776,16938,17316,17208,0,1,0,BUFx6f_ASAP7_75t_SL,3.202747222985636e-08,3.0311095997603843e-06
g182,0,0,0,22176,1278,22338,1548,0,0,1,INVxp33_ASAP7_75t_R,8.528100101101721e-12,2.3663116621719382e-07
g182013,0,0,0,12564,33948,13104,34218,0,0,0,NAND2x2_ASAP7_75t_SL,1.6970439276065008e-08,7.440283848737111e-19
g182015,0,0,0,13698,34218,13914,34488,0,1,0,HB1xp67_ASAP7_75t_SL,3.2161766583271856e-09,2.8720637601509225e-06
g182016,0,0,0,13158,34218,13374,34488,0,0,0,NAND2xp5_ASAP7_75t_SL,4.148040577689471e-09,1.545340182929067e-06
g182018,0,0,0,12186,33138,12942,33408,0,0,0,AND3x4_ASAP7_75t_SL,2.8935467355495348e-08,2.754271971014248e-18
g182019,0,0,0,14130,33678,14454,33948,0,0,1,INVx4_ASAP7_75t_SL,1.2753730516124051e-08,6.610294349229662e-06
g182020,0,0,0,14130,32868,14454,33138,0,0,0,OAI22xp5_ASAP7_75t_SL,4.6036583434272416e-09,5.872850124433171e-06
g182064,0,0,0,12132,34758,12348,35028,0,1,0,HB1xp67_ASAP7_75t_L,4.973330081092797e-10,8.820697536097988e-14
g182065,0,0,0,12618,34218,13158,34488,0,0,0,AND2x4_ASAP7_75t_L,2.321219882972514e-09,0.0
g182066,0,0,0,12672,34488,12996,34758,0,0,0,AND2x2_ASAP7_75t_SL,1.4465132203156372e-08,7.8573520574058e-14
g182067,0,0,0,14778,30708,15318,30978,0,0,0,AND2x4_ASAP7_75t_SL,3.032994655427501e-08,1.3178469879217732e-18
g182069,0,0,0,11376,32868,11592,33138,0,0,1,INVx2_ASAP7_75t_SL,1.0128200500503226e-08,3.2030428891281016e-19
g182070,0,0,0,11592,33138,11916,33408,0,0,0,NAND2x1_ASAP7_75t_SL,5.308507411427854e-09,1.1068255622388297e-19
g182073,0,0,0,11322,33138,11592,33408,0,0,1,INVx3_ASAP7_75t_SL,1.5192199498414993e-08,3.921288984886724e-19
g182085,0,0,0,11214,31788,11538,32058,0,0,0,AOI22xp33_ASAP7_75t_SL,6.7448966412086975e-09,4.907660389186219e-10
g182102,0,0,0,9648,35028,9972,35298,0,0,0,AOI22xp5_ASAP7_75t_SL,1.0117364723782885e-08,6.007976338651133e-10
g182133,0,0,0,8460,30708,8676,30978,0,0,1,INVx2_ASAP7_75t_SL,1.0286400176084953e-08,2.574491606103784e-19
g182134,0,0,0,14724,30168,15156,30438,0,0,0,AND4x2_ASAP7_75t_SL,1.1426057433538972e-08,1.0534055274218163e-19
g182135,0,0,0,6408,30708,6624,30978,0,0,0,NOR2xp33_ASAP7_75t_SL,3.2306399777581873e-09,2.849194539370494e-20
g182138,0,0,0,5760,29898,5976,30168,0,0,0,NOR2xp33_ASAP7_75t_SL,3.2306399777581873e-09,3.0232792229262533e-20
g182140,0,0,0,8460,33678,8676,33948,0,0,0,NOR2xp33_ASAP7_75t_SL,3.2306399777581873e-09,2.9657074522925626e-20
g182142,0,0,0,6030,33138,6246,33408,0,0,0,NOR2xp33_ASAP7_75t_SL,3.2306399777581873e-09,2.880154681852132e-20
g182148,0,0,0,6570,30168,6786,30438,0,0,0,NOR2xp33_ASAP7_75t_SL,3.2306399777581873e-09,2.931451188940357e-20
g182152,0,0,0,5976,31248,6192,31518,0,0,0,NOR2xp33_ASAP7_75t_SL,3.2306399777581873e-09,3.171737786481635e-20
g182154,0,0,0,5868,32868,6084,33138,0,0,0,NOR2xp33_ASAP7_75t_SL,3.2306399777581873e-09,2.993163063163361e-20
g182156,0,0,0,7920,31518,8136,31788,0,0,0,NOR2xp33_ASAP7_75t_SL,3.2306399777581873e-09,2.7507338739651144e-20
g182158,0,0,0,5058,30168,5274,30438,0,0,0,NOR2xp33_ASAP7_75t_SL,3.2306399777581873e-09,2.7454932324201935e-20
g182160,0,0,0,5652,30168,5868,30438,0,0,0,NOR2xp33_ASAP7_75t_SL,3.2306399777581873e-09,2.9817647728163215e-20
g182162,0,0,0,7272,33138,7488,33408,0,0,0,NOR2xp33_ASAP7_75t_SL,3.2306399777581873e-09,2.722945775262161e-20
g182164,0,0,0,7812,32598,8028,32868,0,0,0,NOR2xp33_ASAP7_75t_SL,3.2306399777581873e-09,2.7222287776921396e-20
g182166,0,0,0,5328,31788,5544,32058,0,0,0,NOR2xp33_ASAP7_75t_SL,3.2306399777581873e-09,2.992022135529406e-20
g182367,0,0,0,35028,13428,35190,13698,0,0,1,INVx1_ASAP7_75t_R,5.301315636474513e-11,3.5372153206481016e-08
g182370,0,0,0,34704,13698,34920,13968,0,0,0,NAND2xp5_ASAP7_75t_SL,5.0185429145699345e-09,1.313915881477612e-12
g182371,0,0,0,34218,13158,34380,13428,0,0,1,INVxp67_ASAP7_75t_SL,3.3760600981480593e-09,6.127546386958116e-13
g182412,0,0,0,26334,36918,26658,37188,0,0,0,AOI22xp33_ASAP7_75t_SL,5.7570401779116764e-09,0.0
g182413,0,0,0,26550,38268,26874,38538,0,0,0,AOI22xp5_ASAP7_75t_SL,8.520370187170556e-09,0.0
g182414,0,0,0,19746,34488,20070,34758,0,0,0,AOI22xp5_ASAP7_75t_SL,8.520370187170556e-09,0.0
g182417,0,0,0,27900,29088,28062,29358,0,0,1,INVx1_ASAP7_75t_SL,5.064088259842947e-09,2.1521222304254906e-12
g182419,0,0,0,27306,27738,27468,28008,0,0,1,INVxp67_ASAP7_75t_SL,3.428808792449445e-09,4.3360089824195924e-12
g182420,0,0,0,27198,29088,27684,29358,0,0,0,XOR2xp5_ASAP7_75t_SL,1.5135794839693517e-08,7.698119919297142e-12
g182421,0,0,0,27144,29358,27522,29628,0,0,0,NOR5xp2_ASAP7_75t_SL,6.323266910079894e-10,0.0
g182422,0,0,0,27090,28008,27306,28278,0,0,0,NOR2xp33_ASAP7_75t_SL,3.2306388675351627e-09,3.2991062139109406e-12
g182485,0,0,0,37728,20178,37890,20448,0,0,1,INVx1_ASAP7_75t_SL,5.0640900361997865e-09,0.0
g182517,0,0,0,9702,10458,9918,10728,0,0,0,NOR2xp33_ASAP7_75t_SL,2.081085970218055e-09,8.046090727020783e-08
g182520,0,0,0,13266,10728,13482,10998,0,0,0,NOR2xp33_ASAP7_75t_SL,2.081085970218055e-09,8.2969521031373e-08
g182522,0,0,0,11430,6948,11646,7218,0,0,0,NOR2xp33_ASAP7_75t_SL,2.081085970218055e-09,8.348409608061047e-08
g182524,0,0,0,10458,6948,10674,7218,0,0,0,NOR2xp33_ASAP7_75t_SL,2.081085970218055e-09,8.047079091966225e-08
g182534,0,0,0,9540,8028,9756,8298,0,0,0,NOR2xp33_ASAP7_75t_SL,2.081085970218055e-09,8.734872380955494e-08
g182536,0,0,0,13212,7758,13428,8028,0,0,0,NOR2xp33_ASAP7_75t_SL,2.081085970218055e-09,8.065714496297005e-08
g182538,0,0,0,9054,7218,9270,7488,0,0,0,NOR2xp33_ASAP7_75t_SL,2.081085970218055e-09,8.579225152516301e-08
g182540,0,0,0,13104,8568,13320,8838,0,0,0,NOR2xp33_ASAP7_75t_SL,2.081085970218055e-09,8.395365824753753e-08
g182544,0,0,0,10026,9648,10242,9918,0,0,0,NOR2xp33_ASAP7_75t_SL,2.081085970218055e-09,7.67289662917392e-08
g182546,0,0,0,12780,10458,12996,10728,0,0,0,NOR2xp33_ASAP7_75t_SL,2.081085970218055e-09,8.190712463829186e-08
g182548,0,0,0,8838,8838,9054,9108,0,0,0,NOR2xp33_ASAP7_75t_SL,2.081085970218055e-09,8.084249714102043e-08
g182605,0,0,0,19260,16398,19854,16668,0,0,0,NOR3x1_ASAP7_75t_L,6.537970165254592e-10,5.69012911455502e-07
g182607,0,0,0,19854,16398,20178,16668,0,0,0,NAND2x1_ASAP7_75t_SL,4.480168236398185e-09,1.5393751828796098e-09
g182616,0,0,0,38808,20178,39240,20448,0,0,0,O2A1O1Ixp5_ASAP7_75t_SL,6.148630937730104e-09,2.4611325787949907e-15
g182630,0,0,0,32868,27468,33030,27738,0,0,1,INVx1_ASAP7_75t_SL,5.1130877309901734e-09,5.2916504955646815e-08
g182631,0,0,0,35352,31518,35676,31788,0,0,0,AND2x2_ASAP7_75t_SL,1.1980177738735165e-08,0.0
g182632,0,0,0,34920,28008,35082,28278,0,0,1,INVx1_ASAP7_75t_SL,5.034441752371777e-09,6.370427740876039e-08
g182633,0,0,0,31842,27468,32166,27738,0,0,0,AOI22xp5_ASAP7_75t_SL,8.469842605052236e-09,3.351051702793484e-08
g182635,0,0,0,35406,32328,35676,32598,0,0,0,OAI21xp5_ASAP7_75t_SL,2.2708821489914044e-09,1.0699436466766216e-18
g182657,0,0,0,43128,37188,43344,37458,0,0,0,NAND2xp5_ASAP7_75t_SL,6.714044431532784e-09,6.741195335280281e-08
g182658,0,0,0,44046,37458,44370,37728,0,0,0,AOI22xp5_ASAP7_75t_SL,6.943870367592808e-09,3.4268666126990865e-08
g182756,0,0,0,35784,31248,36000,31518,0,0,1,INVx2_ASAP7_75t_SL,1.0286396623371274e-08,6.217043806849842e-12
g182759,0,0,0,35514,35568,36486,35838,0,1,0,BUFx12f_ASAP7_75t_SL,8.137030249599775e-08,1.3352665639843053e-08
g182844,0,0,0,3762,20448,4032,20718,0,0,0,AOI21xp33_ASAP7_75t_SL,6.3387259885416825e-09,5.203277808618623e-10
g182846,0,0,0,13212,23418,13644,23688,0,0,0,AND4x2_ASAP7_75t_SL,1.1964799817576477e-08,5.156489359278604e-19
g182847,0,0,0,3546,20448,3762,20718,0,0,0,NOR2xp33_ASAP7_75t_SL,3.2306399777581873e-09,1.0220608752023118e-19
g182848,0,0,0,7380,20448,7704,20718,0,0,1,INVx4_ASAP7_75t_SL,2.0572800352169907e-08,1.0046363931470647e-18
g182851,0,0,0,7542,16668,7812,16938,0,0,0,AOI21xp33_ASAP7_75t_SL,6.3387259885416825e-09,5.004617831261271e-10
g182852,0,0,0,7164,16398,7380,16668,0,0,0,NOR2xp33_ASAP7_75t_SL,3.2306399777581873e-09,1.0675220754333726e-19
g182853,0,0,0,6138,17208,6408,17478,0,0,0,AOI21xp33_ASAP7_75t_SL,6.3387259885416825e-09,4.935691855223467e-10
g182854,0,0,0,6246,16668,6462,16938,0,0,0,NOR2xp33_ASAP7_75t_SL,3.2306399777581873e-09,1.022695865569417e-19
g182859,0,0,0,5382,16938,5652,17208,0,0,0,AOI21xp33_ASAP7_75t_SL,6.3387259885416825e-09,5.10370135042848e-10
g182860,0,0,0,5274,16398,5490,16668,0,0,0,NOR2xp33_ASAP7_75t_SL,3.2306399777581873e-09,1.0016260244040428e-19
g182861,0,0,0,3708,18828,3978,19098,0,0,0,AOI21xp33_ASAP7_75t_SL,6.3387259885416825e-09,5.575867545459801e-10
g182862,0,0,0,4302,18018,4518,18288,0,0,0,NOR2xp33_ASAP7_75t_SL,3.2306399777581873e-09,1.1558122320899857e-19
g182865,0,0,0,4626,18288,4896,18558,0,0,0,AOI21xp33_ASAP7_75t_SL,6.3387259885416825e-09,5.108063971803745e-10
g182866,0,0,0,4410,18288,4626,18558,0,0,0,NOR2xp33_ASAP7_75t_SL,3.2306399777581873e-09,9.661423025709907e-20
g182867,0,0,0,7002,19368,7272,19638,0,0,0,AOI21xp33_ASAP7_75t_SL,6.3387259885416825e-09,5.032928518389213e-10
g182868,0,0,0,6570,18828,6786,19098,0,0,0,NOR2xp33_ASAP7_75t_SL,3.2306399777581873e-09,1.0790686120558179e-19
g182869,0,0,0,3546,18558,3816,18828,0,0,0,AOI21xp33_ASAP7_75t_SL,6.3387259885416825e-09,5.109110912115966e-10
g182870,0,0,0,3492,18828,3708,19098,0,0,0,NOR2xp33_ASAP7_75t_SL,3.2306399777581873e-09,9.944460966870825e-20
g182871,0,0,0,3924,19908,4194,20178,0,0,0,AOI21xp33_ASAP7_75t_SL,6.3387259885416825e-09,5.166183036919847e-10
g182872,0,0,0,3924,19368,4140,19638,0,0,0,NOR2xp33_ASAP7_75t_SL,3.2306399777581873e-09,1.0017494552610722e-19
g182873,0,0,0,4410,17208,4680,17478,0,0,0,AOI21xp33_ASAP7_75t_SL,6.3387259885416825e-09,5.24419452307967e-10
g182874,0,0,0,4302,17748,4518,18018,0,0,0,NOR2xp33_ASAP7_75t_SL,3.2306399777581873e-09,1.0161952599305158e-19
g182877,0,0,0,6948,15858,7218,16128,0,0,0,AOI21xp33_ASAP7_75t_SL,6.3387259885416825e-09,5.16019948992863e-10
g182878,0,0,0,6570,16128,6786,16398,0,0,0,NOR2xp33_ASAP7_75t_SL,3.2306399777581873e-09,1.0563361378592122e-19
g182896,0,0,0,16992,25038,17208,25308,0,0,1,INVx2_ASAP7_75t_SL,1.0009965301094326e-08,2.30815942359186e-07
g182899,0,0,0,16992,24498,17316,24768,0,0,0,OAI211xp5_ASAP7_75t_L,6.259552876031194e-10,1.6495424404183723e-07
g182901,0,0,0,16614,24768,16884,25038,0,0,0,OAI21xp33_ASAP7_75t_SL,6.616387437929916e-09,3.426461319122609e-07
g182902,0,0,0,10566,23958,10998,24228,0,0,0,O2A1O1Ixp5_ASAP7_75t_SL,4.4108907637507855e-09,3.832966228856094e-07
g182911,0,0,0,23688,32598,24066,32868,0,0,0,AOI221xp5_ASAP7_75t_SL,5.897592636472382e-09,2.3827799135915997e-15
g182917,0,0,0,31248,20988,31410,21258,0,0,1,INVxp67_ASAP7_75t_L,3.4695099571102617e-10,1.1867219446709543e-12
g183,0,0,0,23364,44208,23526,44478,0,0,1,INVxp33_ASAP7_75t_R,8.528100101101721e-12,2.0402623590598523e-07
g183006,0,0,0,30114,26118,30384,26388,0,0,0,AOI21xp33_ASAP7_75t_SL,3.3761102802287724e-09,7.251004657815585e-11
g183007,0,0,0,30330,26658,30492,26928,0,0,1,INVx1_ASAP7_75t_SL,5.064088259842947e-09,6.149357065221572e-12
g183008,0,0,0,29844,26658,30006,26928,0,0,1,INVx1_ASAP7_75t_SL,5.143196535328798e-09,8.125305116235548e-12
g183009,0,0,0,30006,25848,30222,26118,0,0,0,NAND2xp5_ASAP7_75t_SL,1.8553095726403512e-09,1.0765673075230353e-10
g183025,0,0,0,38052,32328,38700,32598,0,0,0,AND2x6_ASAP7_75t_SL,3.407139814726179e-08,0.0
g183172,0,0,0,38592,33408,38916,33678,0,0,0,OAI22xp5_ASAP7_75t_SL,1.0011630635631263e-08,0.0
g183188,0,0,0,38646,35028,38970,35298,0,0,0,AOI22xp5_ASAP7_75t_SL,8.520370187170556e-09,0.0
g183255,0,0,0,42264,32328,42588,32598,0,0,0,OAI211xp5_ASAP7_75t_SL,7.71693287049402e-09,3.820223071215878e-08
g183256,0,0,0,42102,33678,42426,33948,0,0,0,AOI22xp33_ASAP7_75t_L,2.5257401725653494e-10,0.0
g183257,0,0,0,42048,32868,42318,33138,0,0,0,AOI21xp33_ASAP7_75t_SL,6.810999764184089e-09,2.6128184060780768e-08
g183349,0,0,0,15804,12618,16128,12888,0,0,0,AND2x2_ASAP7_75t_SL,1.453672471285472e-08,8.695208180142799e-07
g183362,0,0,0,28116,37188,28440,37458,0,0,0,AND2x2_ASAP7_75t_SL,1.1970993973875466e-08,9.914639232224201e-16
g183363,0,0,0,27522,37458,27846,37728,0,0,0,NAND2x1_ASAP7_75t_SL,3.6818925686077364e-09,6.769575723520238e-16
g183375,0,0,0,26010,36648,26334,36918,0,0,0,AOI22xp33_ASAP7_75t_L,2.5257401725653494e-10,0.0
g183377,0,0,0,24174,36648,24390,36918,0,0,0,NAND2xp5_ASAP7_75t_SL,4.98926278069689e-09,2.9488873565242102e-08
g183378,0,0,0,25038,36378,25362,36648,0,0,0,AOI22xp33_ASAP7_75t_SL,2.4617128335790994e-09,1.7882972510994575e-15
g183511,0,0,0,37026,4788,37350,5058,0,0,0,AOI22xp5_ASAP7_75t_SL,3.6828700089586164e-09,0.0
g183901,0,0,0,35082,9918,35298,10188,0,0,0,NAND2xp5_ASAP7_75t_SL,6.714044431532784e-09,4.7170964023734996e-08
g183902,0,0,0,35136,9648,35460,9918,0,0,0,AOI22xp33_ASAP7_75t_SL,4.552906052168737e-09,2.418316924490682e-08
g183903,0,0,0,34326,9918,34650,10188,0,0,0,AOI22xp5_ASAP7_75t_SL,3.6828700089586164e-09,0.0
g183923,0,0,0,36432,19098,36756,19368,0,0,0,OAI211xp5_ASAP7_75t_L,7.440257854263166e-10,2.5380565205068706e-08
g183946,0,0,0,18126,38808,18342,39078,0,0,0,NAND2xp5_ASAP7_75t_SL,6.714044431532784e-09,6.201423019547292e-08
g183967,0,0,0,28170,22608,28440,22878,0,0,0,AOI21xp5_ASAP7_75t_SL,5.2704676178905174e-09,1.4786787567907514e-15
g183968,0,0,0,28116,23418,28278,23688,0,0,1,INVx1_ASAP7_75t_SL,5.064046515457221e-09,8.479111163195441e-11
g183969,0,0,0,28710,22878,28926,23148,0,0,0,NOR2xp33_ASAP7_75t_R,2.1393501553612637e-11,4.084172907791746e-16
g184,0,0,0,1224,26658,1386,26928,0,0,1,INVxp33_ASAP7_75t_R,8.528100101101721e-12,1.92720904124144e-07
g184025,0,0,0,22284,11808,22554,12078,0,0,0,AOI21xp5_ASAP7_75t_SL,5.270440084359507e-09,0.0
g184027,0,0,0,22392,11268,22716,11538,0,0,0,OAI22xp33_ASAP7_75t_SL,1.9941199802531173e-09,0.0
g184056,0,0,0,16830,11538,16992,11808,0,0,1,INVx1_ASAP7_75t_SL,5.143200088042477e-09,1.2127592766836282e-13
g184057,0,0,0,15480,12078,15642,12348,0,0,1,INVx1_ASAP7_75t_SL,4.94379870374928e-09,2.7851393724631635e-07
g184059,0,0,0,15642,12078,16074,12348,0,0,0,AND4x2_ASAP7_75t_SL,1.4441010165455737e-08,1.0174001090490492e-06
g184089,0,0,0,19152,12618,19422,12888,0,0,0,OAI21xp5_ASAP7_75t_SL,2.259021636419334e-09,2.0990355229644339e-16
g184114,0,0,0,33192,34218,33516,34488,0,0,0,AOI22xp5_ASAP7_75t_SL,3.6828700089586164e-09,0.0
g184164,0,0,0,15264,36918,15534,37188,0,0,0,NAND3xp33_ASAP7_75t_SL,1.1443280767409192e-09,0.0
g184212,0,0,0,42858,20448,43074,20718,0,0,0,NAND2xp5_ASAP7_75t_SL,6.714044431532784e-09,5.314043960424897e-08
g184219,0,0,0,22014,11808,22230,12078,0,0,0,NAND2xp5_ASAP7_75t_SL,6.75359768109729e-09,4.970985862523536e-12
g184294,0,0,0,14292,37458,14508,37728,0,0,0,NAND2xp5_ASAP7_75t_L,1.8909800114652597e-10,0.0
g184295,0,0,0,15426,39888,16074,40158,0,0,0,OR2x6_ASAP7_75t_SL,3.399128090109116e-08,1.0151696187676862e-05
g184298,0,0,0,31194,22608,31680,22878,0,0,0,XOR2xp5_ASAP7_75t_SL,1.5135800168764035e-08,1.4643630082814533e-18
g184324,0,0,0,22446,27198,22608,27468,0,0,1,INVx1_ASAP7_75t_SL,5.143200088042477e-09,3.2112029701991673e-10
g184483,0,0,0,16776,8568,17316,8838,0,0,0,AND2x4_ASAP7_75t_L,2.8661539808183534e-09,4.121945949009387e-06
g184487,0,0,0,13914,26928,14130,27198,0,0,0,NOR2xp33_ASAP7_75t_L,3.472860055087068e-10,0.0
g184489,0,0,0,23148,16668,23472,16938,0,0,0,AND3x1_ASAP7_75t_R,7.792994721755875e-11,2.91320578771348e-11
g184495,0,0,0,17802,15048,18342,15318,0,0,0,OA22x2_ASAP7_75t_SL,1.3540599752559501e-08,6.530439122798271e-07
g184496,0,0,0,34218,19908,34542,20178,0,0,0,AND2x2_ASAP7_75t_SL,1.695224938202955e-08,7.078091357470839e-08
g184503,0,0,0,10134,26118,10458,26388,0,0,0,OR2x2_ASAP7_75t_SL,1.1791709830788477e-08,2.1893169221964826e-10
g184504,0,0,0,18342,33678,18990,33948,0,0,0,OR2x6_ASAP7_75t_SL,3.3840709789956236e-08,4.3276442169692e-15
g184505,0,0,0,33138,36108,33462,36378,0,0,0,AOI22xp33_ASAP7_75t_R,3.65182536987696e-11,1.4774663350058752e-15
g184506,0,0,0,31788,37728,32112,37998,0,0,0,AOI22xp33_ASAP7_75t_R,3.65182536987696e-11,1.7445928921199774e-15
g184510,0,0,0,10728,19908,11214,20178,0,0,0,AO22x1_ASAP7_75t_SL,7.562305448516327e-09,2.399620199132436e-15
g184511,0,0,0,36648,32058,36972,32328,0,0,0,OR2x2_ASAP7_75t_L,1.6658999735241764e-09,7.109788730246414e-15
g184513,0,0,0,11700,38808,12186,39078,0,0,0,XNOR2xp5_ASAP7_75t_SL,7.317547012775094e-09,2.2646465822617756e-06
g184517,0,0,0,30978,21798,31464,22068,0,0,0,XNOR2xp5_ASAP7_75t_SL,1.1788400477996674e-08,0.0
g184533,0,0,0,35190,30978,35514,31248,0,0,0,NOR4xp25_ASAP7_75t_SL,8.854516009293434e-10,6.11427920561434e-19
g184540,0,0,0,8892,33678,9216,33948,0,0,0,AO21x1_ASAP7_75t_SL,9.994518102018901e-09,1.834191021288234e-09
g184542,0,0,0,5274,30708,5598,30978,0,0,0,AO21x1_ASAP7_75t_SL,9.994518102018901e-09,2.048958780420662e-09
g184544,0,0,0,5598,33408,5922,33678,0,0,0,AO21x1_ASAP7_75t_SL,9.994518102018901e-09,1.9568560105653887e-09
g184549,0,0,0,6516,19908,7056,20178,0,0,0,AO221x1_ASAP7_75t_SL,6.952661557591e-09,2.0218480223377355e-09
g184558,0,0,0,10350,20178,10836,20448,0,0,0,AO22x1_ASAP7_75t_SL,9.684876900450945e-09,0.0
g184562,0,0,0,8784,24228,9108,24498,0,0,0,AND2x2_ASAP7_75t_SL,9.648362997438653e-09,5.780091669294052e-06
g184582,0,0,0,15912,19098,16236,19368,0,0,0,NOR4xp25_ASAP7_75t_SL,1.0755708546028586e-09,6.624795558219613e-17
g184595,0,0,0,27306,30978,27792,31248,0,0,0,XOR2xp5_ASAP7_75t_L,1.5071399683819209e-09,1.1775672889952835e-18
g184605,0,0,0,31626,13968,31896,14238,0,0,0,NOR3xp33_ASAP7_75t_SL,1.4998778885555453e-09,1.5635886682630051e-12
g184610,0,0,0,40266,5328,40590,5598,0,0,0,NAND2x1_ASAP7_75t_SL,1.0073675227317835e-08,7.417636282980311e-08
g184613,0,0,0,41886,13428,42210,13698,0,0,0,AOI211xp5_ASAP7_75t_SL,8.092321479580278e-09,2.2243038608085828e-15
g184614,0,0,0,41886,13698,42210,13968,0,0,0,AND2x2_ASAP7_75t_R,1.251552472769646e-10,9.813095896803396e-18
g184615,0,0,0,42642,13158,42966,13428,0,0,0,AOI211xp5_ASAP7_75t_SL,8.092321479580278e-09,2.2419602625940987e-15
g184616,0,0,0,42912,13698,43236,13968,0,0,0,AND2x2_ASAP7_75t_R,1.251552472769646e-10,9.794390861611734e-18
g184622,0,0,0,32922,22878,33462,23148,0,0,0,AND2x4_ASAP7_75t_SL,3.032999984498019e-08,2.301610948541883e-14
g184623,0,0,0,42696,21528,43020,21798,0,0,0,AOI22xp5_ASAP7_75t_SL,6.829345533532205e-09,3.49086661799447e-08
g184625,0,0,0,35730,21258,36054,21528,0,0,0,AOI22xp5_ASAP7_75t_SL,6.943870367592808e-09,3.160741002261602e-08
g184626,0,0,0,41670,22338,41994,22608,0,0,0,AOI22xp5_ASAP7_75t_SL,6.943870367592808e-09,4.3343653999272647e-08
g184630,0,0,0,33732,23148,34056,23418,0,1,0,BUFx3_ASAP7_75t_SL,2.034469837042252e-08,1.7543356768375332e-14
g184634,0,0,0,42264,20448,42588,20718,0,0,0,AOI22xp33_ASAP7_75t_SL,4.62925342503695e-09,2.6499282768099874e-08
g184641,0,0,0,42372,22608,42696,22878,0,0,0,AOI22xp5_ASAP7_75t_SL,6.943873920306487e-09,5.262262448013644e-08
g184750,0,0,0,31356,24228,31896,24498,0,0,0,AND2x4_ASAP7_75t_L,2.987569969192805e-09,3.598903655963699e-15
g184751,0,0,0,31518,23688,31734,23958,0,0,1,INVx2_ASAP7_75t_SL,1.0286400176084953e-08,3.3771338023878494e-18
g184752,0,0,0,30924,25038,31248,25308,0,0,0,AND2x2_ASAP7_75t_SL,1.1970993973875466e-08,1.0749097975376511e-15
g184861,0,0,0,8298,23418,8730,23688,0,0,0,NAND2x1p5_ASAP7_75t_SL,1.272799554641324e-08,4.463148120800304e-19
g184862,0,0,0,9540,23688,9702,23958,0,0,1,INVx1_ASAP7_75t_SL,5.0640900361997865e-09,9.893317718875916e-14
g184873,0,0,0,18288,15858,19368,16128,0,0,0,NAND3x2_ASAP7_75t_SL,1.4771522671708226e-08,1.4529866803059122e-06
g184874,0,0,0,20232,18558,20556,18828,0,0,0,AOI22xp5_ASAP7_75t_SL,8.469842605052236e-09,3.2464352983652134e-08
g184875,0,0,0,18882,18018,19530,18288,0,0,0,OR2x6_ASAP7_75t_SL,3.473372345297321e-08,6.93423851672037e-09
g184876,0,0,0,18612,18288,18828,18558,0,0,1,INVx2_ASAP7_75t_SL,1.027639928707913e-08,9.515337850984906e-09
g184877,0,0,0,17316,19908,17640,20178,0,0,0,AOI22xp5_ASAP7_75t_SL,8.469842605052236e-09,3.357499167577771e-08
g184878,0,0,0,20016,18288,20340,18558,0,0,0,AOI22xp5_ASAP7_75t_SL,8.469842605052236e-09,3.0013399765493887e-08
g184879,0,0,0,19152,26928,19476,27198,0,0,0,AOI22xp5_ASAP7_75t_SL,8.469842605052236e-09,3.310273655188212e-08
g184880,0,0,0,19098,27738,19422,28008,0,0,0,AOI22xp5_ASAP7_75t_SL,8.469842605052236e-09,3.0694028652078487e-08
g184881,0,0,0,18396,26658,18720,26928,0,0,0,AOI22xp5_ASAP7_75t_SL,8.469842605052236e-09,3.463256703639672e-08
g184882,0,0,0,18180,25578,18504,25848,0,0,0,AOI22xp5_ASAP7_75t_SL,8.469842605052236e-09,3.2076556522042665e-08
g184883,0,0,0,17424,27198,17748,27468,0,0,0,AOI22xp5_ASAP7_75t_SL,8.469842605052236e-09,3.5243417073616e-08
g184884,0,0,0,18504,23958,18828,24228,0,0,0,AOI22xp5_ASAP7_75t_SL,8.469842605052236e-09,3.055709996147016e-08
g184886,0,0,0,17262,21258,17586,21528,0,0,0,AOI22xp5_ASAP7_75t_SL,8.469842605052236e-09,3.424418082431657e-08
g184887,0,0,0,18882,18828,19206,19098,0,0,0,AOI22xp5_ASAP7_75t_SL,8.469842605052236e-09,3.311910035108667e-08
g184888,0,0,0,18882,20178,19206,20448,0,0,0,AOI22xp5_ASAP7_75t_SL,8.469842605052236e-09,3.2633440838480965e-08
g184889,0,0,0,19314,23418,19638,23688,0,0,0,AOI22xp5_ASAP7_75t_SL,8.469842605052236e-09,3.2867124133417747e-08
g184890,0,0,0,19422,19368,19746,19638,0,0,0,AOI22xp5_ASAP7_75t_SL,8.469842605052236e-09,3.4086667710653273e-08
g184891,0,0,0,17694,19098,18018,19368,0,0,0,AOI22xp5_ASAP7_75t_SL,8.469842605052236e-09,3.535637915774714e-08
g184892,0,0,0,17370,22068,17694,22338,0,0,0,AOI22xp5_ASAP7_75t_SL,8.469842605052236e-09,3.024107542159982e-08
g184893,0,0,0,22176,17478,22500,17748,0,0,0,AOI22xp5_ASAP7_75t_SL,8.469842605052236e-09,3.233528644841499e-08
g184894,0,0,0,21096,21528,21420,21798,0,0,0,AOI22xp5_ASAP7_75t_SL,8.469842605052236e-09,3.1727413585258546e-08
g184896,0,0,0,22176,22068,22500,22338,0,0,0,AOI22xp5_ASAP7_75t_SL,8.469842605052236e-09,2.9138178092580347e-08
g184898,0,0,0,18774,21798,19098,22068,0,0,0,AOI22xp5_ASAP7_75t_SL,8.469842605052236e-09,3.306594464902446e-08
g184899,0,0,0,21474,18018,21798,18288,0,0,0,AOI22xp5_ASAP7_75t_SL,8.469842605052236e-09,3.566042039437889e-08
g184900,0,0,0,20610,18288,20934,18558,0,0,0,AOI22xp5_ASAP7_75t_SL,8.469842605052236e-09,3.5023528965894e-08
g184901,0,0,0,17370,19098,17694,19368,0,0,0,AOI22xp5_ASAP7_75t_SL,8.469842605052236e-09,3.2838372021615214e-08
g184903,0,0,0,22068,19638,22392,19908,0,0,0,AOI22xp5_ASAP7_75t_SL,8.469842605052236e-09,3.248332802741061e-08
g184904,0,0,0,18720,17478,19044,17748,0,0,0,AOI22xp5_ASAP7_75t_SL,8.469842605052236e-09,3.385301283742592e-08
g184935,0,0,0,17964,9378,18288,9648,0,0,0,AND2x2_ASAP7_75t_SL,1.1970800350979971e-08,2.8111123839168865e-27
g184936,0,0,0,16830,6948,17154,7218,0,0,0,AOI22xp33_ASAP7_75t_SL,2.4552586630477435e-09,3.1712936706258156e-17
g184938,0,0,0,16776,6138,17100,6408,0,0,0,AOI22xp33_ASAP7_75t_SL,2.4552586630477435e-09,3.5547782422000945e-17
g184939,0,0,0,14022,9648,14346,9918,0,0,0,AOI22xp33_ASAP7_75t_SL,2.4552586630477435e-09,3.462926121748736e-17
g184940,0,0,0,6354,6948,6678,7218,0,0,0,AOI22xp33_ASAP7_75t_SL,2.4552586630477435e-09,3.249075448857647e-17
g184941,0,0,0,15534,9648,15858,9918,0,0,0,AOI22xp33_ASAP7_75t_SL,2.4552586630477435e-09,3.0699607368656195e-17
g184942,0,0,0,11592,4248,11916,4518,0,0,0,AOI22xp33_ASAP7_75t_SL,2.4552504473973613e-09,3.336518753068478e-23
g184943,0,0,0,11106,9378,11430,9648,0,0,0,AOI22xp33_ASAP7_75t_SL,2.4552586630477435e-09,3.5029907801538646e-17
g184944,0,0,0,11430,5058,11754,5328,0,0,0,AOI22xp33_ASAP7_75t_SL,2.4552504473973613e-09,3.336489091898442e-23
g184945,0,0,0,15372,3708,15696,3978,0,0,0,AOI22xp33_ASAP7_75t_SL,2.4552504473973613e-09,3.3369617773528504e-23
g184946,0,0,0,5004,6408,5328,6678,0,0,0,AOI22xp33_ASAP7_75t_SL,2.4552555544232746e-09,2.17123197917696e-17
g184947,0,0,0,5058,9918,5382,10188,0,0,0,AOI22xp33_ASAP7_75t_SL,2.4552586630477435e-09,3.4031699325534154e-17
g184948,0,0,0,15156,5598,15480,5868,0,0,0,AOI22xp33_ASAP7_75t_SL,2.4552504473973613e-09,3.337048867596787e-23
g184949,0,0,0,14670,7218,14994,7488,0,0,0,AOI22xp33_ASAP7_75t_SL,2.4552586630477435e-09,3.4358832714186625e-17
g184950,0,0,0,6462,8568,6786,8838,0,0,0,AOI22xp33_ASAP7_75t_SL,2.4552504473973613e-09,3.3366225671636054e-23
g184951,0,0,0,7704,7758,8028,8028,0,0,0,AOI22xp33_ASAP7_75t_SL,2.4552504473973613e-09,3.338335341961021e-23
g184952,0,0,0,9540,5868,9864,6138,0,0,0,AOI22xp33_ASAP7_75t_SL,2.4552586630477435e-09,3.2852285355821346e-17
g184953,0,0,0,17100,3978,17424,4248,0,0,0,AOI22xp33_ASAP7_75t_SL,2.4552504473973613e-09,3.3377585268671236e-23
g184954,0,0,0,16722,5058,17046,5328,0,0,0,AOI22xp33_ASAP7_75t_SL,2.4552504473973613e-09,3.338085115281885e-23
g184955,0,0,0,12888,9108,13212,9378,0,0,0,AOI22xp33_ASAP7_75t_SL,2.4552586630477435e-09,3.316248470297363e-17
g184956,0,0,0,10350,3978,10674,4248,0,0,0,AOI22xp33_ASAP7_75t_SL,2.4552504473973613e-09,3.3373975441168945e-23
g184957,0,0,0,13428,5328,13752,5598,0,0,0,AOI22xp33_ASAP7_75t_SL,2.4552586630477435e-09,3.267483195337157e-17
g184958,0,0,0,6732,3978,7056,4248,0,0,0,AOI22xp33_ASAP7_75t_SL,2.4552504473973613e-09,3.3379977094935866e-23
g184959,0,0,0,8082,9378,8406,9648,0,0,0,AOI22xp33_ASAP7_75t_SL,2.4552586630477435e-09,3.2561951578260134e-17
g184960,0,0,0,13050,3438,13374,3708,0,0,0,AOI22xp33_ASAP7_75t_SL,2.4552504473973613e-09,3.33678949013115e-23
g184961,0,0,0,5166,9108,5490,9378,0,0,0,AOI22xp33_ASAP7_75t_SL,2.4552586630477435e-09,3.248019304651539e-17
g184962,0,0,0,5004,7758,5328,8028,0,0,0,AOI22xp33_ASAP7_75t_SL,2.4552586630477435e-09,3.079690696974958e-17
g184963,0,0,0,10944,8298,11268,8568,0,0,0,AOI22xp33_ASAP7_75t_SL,2.4552586630477435e-09,3.070370356704956e-17
g184964,0,0,0,6678,9648,7002,9918,0,0,0,AOI22xp33_ASAP7_75t_SL,2.4552586630477435e-09,3.441378397663975e-17
g185,0,0,0,44262,23958,44424,24228,0,0,1,INVxp33_ASAP7_75t_R,8.528100101101721e-12,2.0557840230139846e-07
g185112,0,0,0,36864,29628,37404,29898,0,0,0,AND2x4_ASAP7_75t_SL,3.0311245069469805e-08,7.512115929309005e-12
g185115,0,0,0,43074,31518,43398,31788,0,0,0,AOI211xp5_ASAP7_75t_SL,8.092321479580278e-09,2.161721890291883e-15
g185116,0,0,0,40752,32058,41022,32328,0,0,0,AOI21xp5_ASAP7_75t_SL,5.279796155832628e-09,2.222074046574936e-15
g185119,0,0,0,39726,30438,40050,30708,0,0,0,AOI211xp5_ASAP7_75t_SL,8.092321479580278e-09,2.1445705319011674e-15
g185120,0,0,0,39780,32058,40104,32328,0,0,0,AOI211xp5_ASAP7_75t_SL,8.092321479580278e-09,2.2142813434601963e-15
g185123,0,0,0,43074,31248,43398,31518,0,0,0,AOI22xp5_ASAP7_75t_SL,3.70194874754759e-09,2.62409028290193e-15
g185125,0,0,0,42534,30168,42858,30438,0,0,0,AOI211xp5_ASAP7_75t_SL,8.092321479580278e-09,2.258522509569999e-15
g185127,0,0,0,43020,32058,43344,32328,0,0,0,AOI211xp5_ASAP7_75t_SL,8.092321479580278e-09,2.0984813516586927e-15
g185129,0,0,0,43074,30978,43398,31248,0,0,0,AOI211xp5_ASAP7_75t_SL,8.092321479580278e-09,2.0877701965241885e-15
g185545,0,0,0,27144,35298,27468,35568,0,0,0,AND2x2_ASAP7_75t_SL,1.1970993973875466e-08,1.2057557414603512e-15
g185556,0,0,0,26982,34488,27252,34758,0,0,0,OAI21xp5_ASAP7_75t_SL,2.2708821489914044e-09,1.1163770167719796e-18
g185961,0,0,0,8244,23688,8568,23958,0,0,0,AND2x2_ASAP7_75t_SL,1.4465132203156372e-08,8.488903211010396e-14
g185962,0,0,0,13158,23148,13698,23418,0,0,0,AND2x4_ASAP7_75t_SL,3.056067399143103e-08,1.4405118757039462e-18
g186,0,0,0,22446,2088,22608,2358,0,0,1,INVxp33_ASAP7_75t_R,8.528100101101721e-12,1.998289462790126e-07
g186001,0,0,0,25524,26658,25686,26928,0,0,1,INVx1_ASAP7_75t_SL,5.143200088042477e-09,2.782601926654138e-10
g186009,0,0,0,35298,32868,36054,33138,0,0,0,AND3x4_ASAP7_75t_SL,3.022332251134685e-08,4.858211166691717e-09
g186010,0,0,0,40428,35568,40752,35838,0,0,0,AOI22xp5_ASAP7_75t_SL,8.41263858575303e-09,3.1706679948229066e-08
g186011,0,0,0,35244,35568,35514,35838,0,0,1,INVx3_ASAP7_75t_SL,1.5427723099037394e-08,5.055822871469218e-09
g186012,0,0,0,43776,35838,44100,36108,0,0,0,AOI22xp5_ASAP7_75t_SL,8.41263858575303e-09,3.064348774728387e-08
g186013,0,0,0,35352,36108,35622,36378,0,0,1,INVx3_ASAP7_75t_SL,1.5427723099037394e-08,5.357156052099299e-09
g186014,0,0,0,41886,38268,42210,38538,0,0,0,AOI22xp5_ASAP7_75t_SL,8.41263858575303e-09,3.3704285584690297e-08
g186015,0,0,0,37512,40158,37836,40428,0,0,0,AOI22xp5_ASAP7_75t_SL,8.41263858575303e-09,3.040956642053061e-08
g186016,0,0,0,39942,40968,40266,41238,0,0,0,AOI22xp33_ASAP7_75t_SL,5.608445707849796e-09,2.633639084592687e-08
g186017,0,0,0,44100,35838,44424,36108,0,0,0,AOI22xp5_ASAP7_75t_SL,8.41263858575303e-09,3.354525546228615e-08
g186018,0,0,0,38484,38808,38808,39078,0,0,0,AOI22xp5_ASAP7_75t_SL,8.41263858575303e-09,3.118136504554059e-08
g186019,0,0,0,35946,42048,36270,42318,0,0,0,AOI22xp5_ASAP7_75t_SL,8.41263858575303e-09,3.3189223813678836e-08
g186020,0,0,0,44154,38808,44478,39078,0,0,0,AOI22xp5_ASAP7_75t_SL,8.469842605052236e-09,3.186922015174787e-08
g186021,0,0,0,44208,40158,44532,40428,0,0,0,AOI22xp5_ASAP7_75t_SL,8.41263858575303e-09,3.259880898554002e-08
g186022,0,0,0,41616,41778,41940,42048,0,0,0,AOI22xp5_ASAP7_75t_SL,8.469842605052236e-09,3.195653519583175e-08
g186023,0,0,0,35460,41508,35784,41778,0,0,0,AOI22xp5_ASAP7_75t_SL,8.41263858575303e-09,3.285616401171865e-08
g186025,0,0,0,38430,41778,38754,42048,0,0,0,AOI22xp5_ASAP7_75t_SL,8.41263858575303e-09,3.0537560036236755e-08
g186026,0,0,0,43830,36648,44154,36918,0,0,0,AOI22xp5_ASAP7_75t_SL,8.41263858575303e-09,3.1814078482739205e-08
g186027,0,0,0,40050,41778,40374,42048,0,0,0,AOI22xp5_ASAP7_75t_SL,8.41263858575303e-09,3.1886056461871704e-08
g186028,0,0,0,42534,41238,42858,41508,0,0,0,AOI22xp5_ASAP7_75t_SL,8.41263858575303e-09,3.270474024930081e-08
g186029,0,0,0,41238,35838,41562,36108,0,0,0,AOI22xp5_ASAP7_75t_SL,8.41263858575303e-09,3.0567058217911836e-08
g186030,0,0,0,42156,36918,42480,37188,0,0,0,AOI22xp5_ASAP7_75t_SL,8.41263858575303e-09,3.1277515688543645e-08
g186031,0,0,0,42048,37458,42372,37728,0,0,0,AOI22xp5_ASAP7_75t_SL,8.41263858575303e-09,3.2198020250007175e-08
g186032,0,0,0,40212,38808,40536,39078,0,0,0,AOI22xp5_ASAP7_75t_SL,8.41263858575303e-09,3.326216102550461e-08
g186033,0,0,0,39888,37458,40212,37728,0,0,0,AOI22xp5_ASAP7_75t_SL,8.41263858575303e-09,3.292413452982146e-08
g186034,0,0,0,42372,35568,42696,35838,0,0,0,AOI22xp5_ASAP7_75t_SL,8.41263858575303e-09,3.3604507621021185e-08
g186036,0,0,0,37944,35838,38268,36108,0,0,0,AOI22xp5_ASAP7_75t_SL,8.41263858575303e-09,3.0353128011029185e-08
g186037,0,0,0,37728,34758,38052,35028,0,0,0,AOI22xp5_ASAP7_75t_SL,8.41263858575303e-09,3.385209623729679e-08
g186038,0,0,0,35676,38808,36000,39078,0,0,0,AOI22xp5_ASAP7_75t_SL,8.41263858575303e-09,3.179350827053895e-08
g186039,0,0,0,35568,35298,35892,35568,0,0,0,AOI22xp5_ASAP7_75t_SL,8.41263858575303e-09,3.235317436178775e-08
g186040,0,0,0,35892,36378,36216,36648,0,0,0,AOI22xp5_ASAP7_75t_SL,8.41263858575303e-09,3.057368758163648e-08
g186041,0,0,0,39456,35838,39780,36108,0,0,0,AOI22xp5_ASAP7_75t_SL,8.41263858575303e-09,3.058055142446392e-08
g186042,0,0,0,35406,39618,35730,39888,0,0,0,AOI22xp5_ASAP7_75t_SL,8.41263858575303e-09,3.3680031208405126e-08
g186104,0,0,0,27630,36648,28278,36918,0,0,0,OR2x6_ASAP7_75t_SL,3.3840301227883174e-08,0.0
g186105,0,0,0,27792,33948,28008,34218,0,0,1,INVx2_ASAP7_75t_SL,1.0286400176084953e-08,4.398364162405764e-18
g186107,0,0,0,27846,37728,28062,37998,0,0,1,INVx2_ASAP7_75t_SL,1.0128200500503226e-08,2.8461568478178635e-18
g186110,0,0,0,27900,36918,28548,37188,0,0,0,OR2x6_ASAP7_75t_SL,3.3840301227883174e-08,0.0
g186118,0,0,0,36324,8298,36648,8568,0,0,0,AOI22xp33_ASAP7_75t_SL,2.4552500033081515e-09,0.0
g186120,0,0,0,42210,5328,42534,5598,0,0,0,AOI22xp5_ASAP7_75t_SL,6.829345533532205e-09,4.1532338457273e-08
g186121,0,0,0,40590,5598,40914,5868,0,0,0,AOI22xp5_ASAP7_75t_SL,6.829349086245884e-09,3.945481097389347e-08
g186122,0,0,0,35514,5598,35838,5868,0,0,0,AOI22xp5_ASAP7_75t_SL,6.829345533532205e-09,4.4822350275808276e-08
g186123,0,0,0,42102,6678,42426,6948,0,0,0,AOI22xp5_ASAP7_75t_SL,6.829345533532205e-09,3.4185710262590874e-08
g186124,0,0,0,36162,10458,36486,10728,0,0,0,AOI22xp5_ASAP7_75t_SL,3.6828700089586164e-09,0.0
g186125,0,0,0,42426,7758,42750,8028,0,0,0,AOI22xp5_ASAP7_75t_SL,3.6828700089586164e-09,0.0
g186126,0,0,0,40914,5868,41238,6138,0,0,0,AOI22xp5_ASAP7_75t_SL,3.6828700089586164e-09,0.0
g186129,0,0,0,35082,11808,35298,12078,0,1,0,HB1xp67_ASAP7_75t_SL,5.092500199310734e-09,4.2906259125588715e-15
g186369,0,0,0,25254,25848,25578,26118,0,0,0,AOI211xp5_ASAP7_75t_SL,1.4922998392563613e-09,2.291457648628814e-11
g186370,0,0,0,32004,26658,32166,26928,0,0,1,INVx1_ASAP7_75t_SL,5.1130877309901734e-09,3.43722774687194e-08
g186388,0,0,0,42210,38268,42534,38538,0,0,0,AOI22xp33_ASAP7_75t_SL,4.62925342503695e-09,3.510773183279525e-08
g186389,0,0,0,42588,39078,42912,39348,0,0,0,AOI22xp5_ASAP7_75t_SL,3.6828700089586164e-09,0.0
g186390,0,0,0,42102,34488,42318,34758,0,0,0,NAND2xp5_ASAP7_75t_SL,4.98926278069689e-09,2.5060755248773603e-08
g186474,0,0,0,21960,41778,22284,42048,0,0,0,NAND2x1_ASAP7_75t_SL,1.0073673450960996e-08,7.577409633086063e-08
g186487,0,0,0,17910,41508,18234,41778,0,0,0,NAND2x1_ASAP7_75t_SL,1.0073673450960996e-08,8.798028261480795e-08
g186515,0,0,0,21798,30708,22122,30978,0,0,0,AND2x2_ASAP7_75t_SL,1.1980177738735165e-08,9.173531990188787e-15
g186516,0,0,0,21690,27468,22284,27738,0,0,0,NOR3x1_ASAP7_75t_SL,4.466563119365219e-09,2.010016502199119e-12
g186598,0,0,0,6678,19638,6948,19908,0,0,0,AOI21xp33_ASAP7_75t_SL,6.3387259885416825e-09,4.5985437679973984e-10
g186599,0,0,0,6570,20718,6786,20988,0,0,0,NOR2xp33_ASAP7_75t_SL,3.2306399777581873e-09,1.0351579877323819e-19
g186613,0,0,0,5544,20718,5814,20988,0,0,0,AOI21xp33_ASAP7_75t_SL,6.3387259885416825e-09,5.034012096061247e-10
g186614,0,0,0,5436,20448,5652,20718,0,0,0,NOR2xp33_ASAP7_75t_SL,3.2306399777581873e-09,9.181306718668816e-20
g186648,0,0,0,3546,17748,3816,18018,0,0,0,AOI21xp33_ASAP7_75t_SL,6.3387259885416825e-09,4.827973576482236e-10
g186649,0,0,0,3924,17478,4140,17748,0,0,0,NOR2xp33_ASAP7_75t_SL,3.2306399777581873e-09,1.0795121230358141e-19
g186656,0,0,0,7434,20718,7704,20988,0,0,1,INVx3_ASAP7_75t_SL,1.54295989318598e-08,1.1376916000010928e-18
g186657,0,0,0,3924,16128,4194,16398,0,0,0,AOI21xp33_ASAP7_75t_SL,6.3387259885416825e-09,4.471600589806002e-10
g186658,0,0,0,3708,16128,3924,16398,0,0,0,NOR2xp33_ASAP7_75t_SL,3.2306399777581873e-09,9.670295184014392e-20
g186669,0,0,0,28224,40158,28548,40428,0,0,0,AND2x2_ASAP7_75t_SL,1.695224938202955e-08,1.3090050288155908e-07
g186670,0,0,0,27900,40428,28224,40698,0,0,0,AOI22xp33_ASAP7_75t_SL,4.62925342503695e-09,2.580181757139144e-08
g186702,0,0,0,27090,22068,27630,22338,0,0,0,AND2x4_ASAP7_75t_SL,3.032999984498019e-08,1.5168293288070345e-09
g186703,0,0,0,29844,20448,30006,20718,0,0,1,INVx1_ASAP7_75t_L,5.173767525512574e-10,4.24788737518611e-08
g186708,0,0,0,32004,20988,32220,21258,0,1,0,HB1xp67_ASAP7_75t_L,4.973330081092797e-10,1.4159800719101834e-12
g186709,0,0,0,31680,21258,31842,21528,0,0,1,INVxp33_ASAP7_75t_R,1.7778400279722106e-11,4.010573882544388e-13
g186710,0,0,0,7650,30168,7812,30438,0,0,1,INVx1_ASAP7_75t_R,4.899229633092972e-11,5.641798470458828e-16
g186713,0,0,0,7812,30168,8028,30438,0,0,0,NOR2xp33_ASAP7_75t_SL,3.2306399777581873e-09,3.041802575651186e-20
g186714,0,0,0,6678,28818,6840,29088,0,0,1,INVxp67_ASAP7_75t_L,3.23834015159008e-10,9.174062444572005e-16
g186717,0,0,0,7056,30168,7272,30438,0,0,0,NOR2xp33_ASAP7_75t_SL,3.2306399777581873e-09,2.8735084795007243e-20
g186718,0,0,0,9270,11808,9432,12078,0,0,1,INVx1_ASAP7_75t_L,2.515430086447168e-10,7.778195367791341e-07
g186721,0,0,0,9378,9378,9594,9648,0,0,0,NOR2xp33_ASAP7_75t_SL,2.081085970218055e-09,7.914861299695986e-08
g186722,0,0,0,13158,7488,13320,7758,0,0,1,INVx1_ASAP7_75t_R,2.5579423995614192e-11,6.759875645911961e-07
g186725,0,0,0,13104,6678,13320,6948,0,0,0,NOR2xp33_ASAP7_75t_SL,2.081085970218055e-09,8.075114266148375e-08
g186729,0,0,0,9324,8028,9540,8298,0,0,0,NOR2xp33_ASAP7_75t_SL,2.081085970218055e-09,7.918305300336215e-08
g186730,0,0,0,12078,7488,12240,7758,0,0,1,INVx1_ASAP7_75t_L,2.515430086447168e-10,7.096667218320363e-07
g186733,0,0,0,12402,7488,12618,7758,0,0,0,NOR2xp33_ASAP7_75t_SL,2.081085970218055e-09,8.384044747344888e-08
g186734,0,0,0,11808,7758,11970,8028,0,0,1,INVx1_ASAP7_75t_R,2.5579423995614192e-11,6.150262947812735e-07
g186735,0,0,0,13644,11538,14022,11808,0,0,1,INVx5_ASAP7_75t_SL,2.466938830991694e-08,2.5952472242352087e-06
g186737,0,0,0,11754,7488,11970,7758,0,0,0,NOR2xp33_ASAP7_75t_SL,2.081085970218055e-09,8.498727765982039e-08
g186753,0,0,0,32112,15048,32328,15318,0,0,1,INVx2_ASAP7_75t_SL,1.0226175461980347e-08,1.0251529403149107e-07
g186754,0,0,0,28332,15858,28548,16128,0,0,0,NAND2xp5_ASAP7_75t_L,1.9053746080910372e-10,1.0192069410663862e-10
g186755,0,0,0,30978,15318,31194,15588,0,0,1,INVx2_ASAP7_75t_SL,1.0068903932847206e-08,7.552364422735991e-08
g186756,0,0,0,28872,15858,29142,16128,0,0,0,OAI21xp33_ASAP7_75t_SL,3.3459428561144477e-09,3.1333023287061224e-08
g186757,0,0,0,31680,15048,31842,15318,0,0,1,INVx1_ASAP7_75t_L,4.829043831477975e-10,6.656498641177677e-08
g186758,0,0,0,25740,15588,26064,15858,0,0,0,AND3x1_ASAP7_75t_R,7.792994721755875e-11,2.953417718720708e-11
g186759,0,0,0,31086,14508,31248,14778,0,0,1,INVx1_ASAP7_75t_L,5.173767525512574e-10,3.6389248947443775e-08
g186760,0,0,0,31248,14508,31464,14778,0,0,0,NAND2xp33_ASAP7_75t_L,3.350144328617688e-10,1.9161531028544232e-08
g186761,0,0,0,32058,13968,32220,14238,0,0,1,INVx1_ASAP7_75t_SL,5.1130877309901734e-09,4.434225786553725e-08
g186762,0,0,0,31464,14508,31896,14778,0,0,0,OAI21x1_ASAP7_75t_SL,1.0228052182981173e-08,1.1600867111383195e-07
g186830,0,0,0,7380,18288,7650,18558,0,0,0,AOI21xp33_ASAP7_75t_SL,6.3387259885416825e-09,5.168361294494161e-10
g186831,0,0,0,7272,17748,7596,18018,0,0,0,NOR2xp67_ASAP7_75t_SL,6.74710998183059e-09,1.4534077765500128e-19
g186849,0,0,0,41940,32058,42318,32328,0,0,0,AOI221xp5_ASAP7_75t_SL,5.897593080561592e-09,2.6118652681324456e-15
g186850,0,0,0,41724,32868,42048,33138,0,0,0,NAND4xp25_ASAP7_75t_SL,1.3426256550985727e-08,3.2159427121314366e-08
g186856,0,0,0,31356,40158,31572,40428,0,0,0,NAND2xp5_ASAP7_75t_SL,6.714044431532784e-09,6.2658010335781e-08
g186857,0,0,0,31086,41238,31410,41508,0,0,0,AOI22xp33_ASAP7_75t_SL,4.62925342503695e-09,2.6707853706398055e-08
g186860,0,0,0,28386,40698,28710,40968,0,0,0,AND2x2_ASAP7_75t_SL,1.695224938202955e-08,1.2496130352701584e-07
g186861,0,0,0,28278,41778,28602,42048,0,0,0,AOI22xp33_ASAP7_75t_SL,4.629255645482999e-09,2.437504420527148e-08
g187013,0,0,0,24498,32598,24822,32868,0,0,0,A2O1A1Ixp33_ASAP7_75t_SL,5.696225269247179e-09,1.1092601202176958e-17
g187014,0,0,0,21636,32598,21852,32868,0,0,1,INVx2_ASAP7_75t_SL,1.0226175461980347e-08,6.718129696992037e-08
g187152,0,0,0,16830,26388,17154,26658,0,0,1,INVx4_ASAP7_75t_SL,1.0207275025209128e-08,5.545991825783858e-06
g187220,0,0,0,5328,18828,5652,19098,0,0,0,NOR2x1_ASAP7_75t_L,9.703970960117658e-10,1.5882740678208052e-09
g187222,0,0,0,9162,22608,9810,22878,0,0,0,OR2x6_ASAP7_75t_SL,3.3840301227883174e-08,0.0
g187310,0,0,0,18774,34758,19422,35028,0,0,0,OR2x6_ASAP7_75t_SL,3.3840301227883174e-08,0.0
g187476,0,0,0,9486,15318,9810,15588,0,0,0,AOI22xp5_ASAP7_75t_SL,1.0055989818624766e-08,0.0
g187477,0,0,0,8622,15858,8946,16128,0,0,0,NAND2x1_ASAP7_75t_SL,3.7569893862610115e-09,1.627991075281443e-09
g187478,0,0,0,7974,16668,8298,16938,0,0,0,AOI22xp5_ASAP7_75t_SL,9.400692668748434e-09,8.323554823164159e-08
g187479,0,0,0,8946,15858,9162,16128,0,0,0,NAND2xp5_ASAP7_75t_SL,6.674700347986118e-09,5.591536478277703e-08
g187484,0,0,0,15642,28818,15912,29088,0,0,0,AOI21xp5_ASAP7_75t_SL,5.0630624137681934e-09,0.0
g187485,0,0,0,15642,29628,15858,29898,0,0,0,NOR2xp33_ASAP7_75t_SL,3.174564167096605e-09,1.8979493177084805e-07
g187491,0,0,0,31572,42318,31896,42588,0,0,0,NAND2x1_ASAP7_75t_SL,1.0073675227317835e-08,8.444760624115588e-08
g187520,0,0,0,27252,38268,27522,38538,0,0,1,INVx3_ASAP7_75t_SL,7.655449607568698e-09,3.902065145666711e-06
g187538,0,0,0,37728,29628,37944,29898,0,0,1,INVx2_ASAP7_75t_SL,1.0226175461980347e-08,1.1754489293025472e-07
g187539,0,0,0,37944,29628,38268,29898,0,1,0,BUFx3_ASAP7_75t_SL,2.0225586538913376e-08,1.5551628962384711e-07
g187540,0,0,0,35190,29628,35514,29898,0,0,0,AOI22xp5_ASAP7_75t_SL,8.469842605052236e-09,3.7647261308393354e-08
g187541,0,0,0,36000,29628,36162,29898,0,0,1,INVx1_ASAP7_75t_L,4.829043831477975e-10,8.873361423411552e-08
g187542,0,0,0,37512,30168,37674,30438,0,0,1,INVx1_ASAP7_75t_SL,5.1130877309901734e-09,2.142457944387388e-08
g187543,0,0,0,38322,30168,38646,30438,0,1,0,BUFx3_ASAP7_75t_SL,2.0225586538913376e-08,1.2330858112363785e-07
g187544,0,0,0,42318,32058,42480,32328,0,0,1,INVxp67_ASAP7_75t_R,3.534372447488998e-11,2.9957540448322106e-08
g187547,0,0,0,41886,34488,42102,34758,0,0,0,NAND2xp5_ASAP7_75t_SL,1.859943976612044e-09,1.5425795363288586e-10
g187548,0,0,0,41292,34488,41508,34758,0,0,0,NAND2xp5_ASAP7_75t_SL,1.859943976612044e-09,1.5022999511060675e-10
g187549,0,0,0,42804,34218,43020,34488,0,0,0,NAND2xp5_ASAP7_75t_SL,1.859943976612044e-09,1.5503044681342004e-10
g187550,0,0,0,42480,34218,42804,34488,0,0,0,AOI22xp33_ASAP7_75t_SL,4.63541471873441e-09,2.669599474813822e-08
g187553,0,0,0,14670,36648,14994,36918,0,0,0,OR2x2_ASAP7_75t_R,1.5549800336245312e-10,0.0
g187623,0,0,0,29520,4248,29736,4518,0,0,0,NAND2xp5_ASAP7_75t_SL,6.714045319711204e-09,5.1977185222540356e-08
g187653,0,0,0,30114,23688,30276,23958,0,0,1,INVxp67_ASAP7_75t_R,3.2471990374371984e-11,4.4158610990052694e-08
g187654,0,0,0,30600,23148,30978,23418,0,0,0,NOR5xp2_ASAP7_75t_SL,6.323334078572884e-10,0.0
g187708,0,0,0,43776,37998,44100,38268,0,0,0,AOI22xp5_ASAP7_75t_SL,3.6828700089586164e-09,0.0
g187709,0,0,0,38106,32058,38754,32328,0,0,0,AND2x6_ASAP7_75t_SL,4.046719936923182e-08,0.0
g187711,0,0,0,22176,20988,22338,21258,0,0,1,INVxp67_ASAP7_75t_SL,3.4154941097597202e-09,7.935037515949261e-09
g187712,0,0,0,22878,20988,23040,21258,0,0,1,INVx1_ASAP7_75t_SL,5.12322628765105e-09,1.4900484401891845e-08
g187713,0,0,0,22932,21798,23256,22068,0,0,0,OR3x1_ASAP7_75t_R,7.463835105525618e-11,9.758535668424884e-08
g187714,0,0,0,22554,21528,22770,21798,0,1,0,HB1xp67_ASAP7_75t_SL,5.0727235745284815e-09,1.2719397979310543e-08
g187725,0,0,0,22932,23418,23148,23688,0,0,0,NAND2xp5_ASAP7_75t_R,4.081346371975769e-11,1.8506810306462285e-08
g187726,0,0,0,23580,24228,23904,24498,0,0,0,AOI22xp5_ASAP7_75t_SL,8.469842605052236e-09,3.346281829408326e-08
g187727,0,0,0,23634,23418,23850,23688,0,1,0,HB1xp67_ASAP7_75t_R,5.0146487656776983e-11,3.113680335786739e-08
g187728,0,0,0,22716,23148,22878,23418,0,0,1,INVxp67_ASAP7_75t_SL,3.4087348499411974e-09,2.1490283330649618e-08
g187960,0,0,0,35190,32328,35406,32598,0,0,1,INVx2_ASAP7_75t_SL,1.0286400176084953e-08,2.4492956490447752e-18
g187963,0,0,0,36108,32598,36378,32868,0,1,0,BUFx2_ASAP7_75t_SL,1.3666999976180705e-08,4.623480952521764e-18
g187966,0,0,0,36378,33948,37026,34218,0,0,0,OR2x6_ASAP7_75t_SL,3.3840301227883174e-08,0.0
g187970_dup198303,0,0,0,36000,32058,36540,32328,0,0,0,AND2x4_ASAP7_75t_SL,3.0560901365106474e-08,3.5972489771012375e-15
g188042,0,0,0,39024,30438,39240,30708,0,0,1,INVx2_ASAP7_75t_SL,1.0128200500503226e-08,3.0834093958653774e-12
g188043,0,0,0,37998,30168,38322,30438,0,0,0,OR2x2_ASAP7_75t_SL,1.5343594839123398e-08,3.3379854869758363e-12
g188044,0,0,0,39240,32058,39780,32328,0,0,0,OAI222xp33_ASAP7_75t_SL,8.015269337136033e-09,4.131182862465721e-08
g188046,0,0,0,38700,32328,39024,32598,0,0,0,OR2x2_ASAP7_75t_SL,1.535410021347161e-08,3.2986642931054355e-12
g188047,0,0,0,38322,30978,38646,31248,0,0,0,OAI22xp33_ASAP7_75t_R,6.419900028253878e-11,4.6143134885962e-13
g188048,0,0,0,39186,32328,39726,32598,0,0,0,OAI222xp33_ASAP7_75t_SL,8.015269337136033e-09,4.279860377209843e-08
g188049,0,0,0,39402,30708,39942,30978,0,0,0,OAI222xp33_ASAP7_75t_SL,8.015893726565082e-09,4.499201367025307e-08
g188058,0,0,0,23904,16668,24228,16938,0,0,0,OR2x2_ASAP7_75t_SL,1.5139299591737654e-08,9.33826793669823e-10
g188060,0,0,0,25578,16668,25902,16938,0,0,0,AOI31xp33_ASAP7_75t_SL,3.3794600451386714e-09,0.0
g188061,0,0,0,23904,16128,24228,16398,0,0,0,AND2x2_ASAP7_75t_SL,1.5165099398473103e-08,6.576971744998161e-10
g188063,0,0,0,23688,15318,23904,15588,0,0,0,NAND2xp5_ASAP7_75t_SL,5.027899874221475e-09,2.2459686888076646e-10
g188065,0,0,0,25578,25848,25956,26118,0,0,0,MAJIxp5_ASAP7_75t_SL,1.178880015828554e-08,3.5072422743809284e-10
g188066,0,0,0,25470,22608,25794,22878,0,0,0,AOI22xp33_ASAP7_75t_SL,6.74571865033613e-09,1.041190422768068e-08
g188068,0,0,0,21420,26118,21798,26388,0,0,0,MAJIxp5_ASAP7_75t_SL,1.178880015828554e-08,3.4934538595265963e-10
g188069,0,0,0,25686,26658,26010,26928,0,0,0,AOI22xp5_ASAP7_75t_SL,9.51191836406906e-09,1.439680996639936e-08
g188070,0,0,0,21474,25848,21798,26118,0,0,0,AOI22xp5_ASAP7_75t_SL,9.51191836406906e-09,1.5079002935181052e-08
g188072,0,0,0,25038,21258,25362,21528,0,0,0,AO21x1_ASAP7_75t_SL,6.886443859599467e-09,3.194788895509882e-15
g188073,0,0,0,26064,21258,26388,21528,0,0,0,AND2x2_ASAP7_75t_SL,1.528050042054474e-08,0.0
g188074,0,0,0,23094,15858,23418,16128,0,0,0,AOI22xp33_ASAP7_75t_SL,6.341288827371727e-09,1.2023620321599537e-08
g188077,0,0,0,27036,25848,27252,26118,0,0,0,NAND2xp5_ASAP7_75t_SL,5.027899874221475e-09,3.142364424224553e-10
g188078,0,0,0,26388,21258,26658,21528,0,0,0,AOI21xp5_ASAP7_75t_SL,8.457009315065989e-09,9.276573953442835e-10
g188079,0,0,0,24498,26658,24822,26928,0,0,0,AOI31xp33_ASAP7_75t_SL,3.3794600451386714e-09,0.0
g188080,0,0,0,24552,25578,24768,25848,0,0,0,NAND2xp5_ASAP7_75t_SL,5.027899874221475e-09,2.1433832486650317e-10
g188082,0,0,0,21744,26388,21960,26658,0,0,0,NAND2xp5_ASAP7_75t_SL,5.027899874221475e-09,2.444686397762297e-10
g188084,0,0,0,25902,16668,26226,16938,0,0,0,AND2x2_ASAP7_75t_SL,1.5165099398473103e-08,7.314536198954613e-10
g188085,0,0,0,25308,23148,25632,23418,0,0,0,AOI22xp5_ASAP7_75t_SL,6.924181228384896e-09,6.119815765259773e-08
g188086,0,0,0,26064,22338,26442,22608,0,0,0,MAJIxp5_ASAP7_75t_SL,1.178880015828554e-08,2.9993316164045325e-10
g188087,0,0,0,21960,26388,22284,26658,0,0,0,AOI31xp33_ASAP7_75t_SL,3.3794600451386714e-09,0.0
g188088,0,0,0,26604,22338,26928,22608,0,0,0,AOI31xp33_ASAP7_75t_SL,3.3794600451386714e-09,0.0
g188089,0,0,0,23472,26118,23796,26388,0,0,0,AOI22xp5_ASAP7_75t_SL,9.51191836406906e-09,1.458405662901896e-08
g188090,0,0,0,25308,15858,25632,16128,0,0,0,AOI22xp5_ASAP7_75t_SL,9.51191836406906e-09,1.5185628754466052e-08
g188091,0,0,0,25686,16938,25902,17208,0,0,0,NAND2xp5_ASAP7_75t_SL,5.027899874221475e-09,2.734638349100038e-10
g188094,0,0,0,29682,36918,30006,37188,0,0,0,NAND2x1_ASAP7_75t_SL,1.0073673450960996e-08,6.907544047862757e-08
g188211,0,0,0,34110,19638,34326,19908,0,0,0,NAND2xp5_ASAP7_75t_L,6.451703060683656e-10,2.3326830245196106e-08
g188258,0,0,0,8028,31788,8190,32058,0,0,1,INVxp67_ASAP7_75t_R,3.266319853478805e-11,9.127326342916065e-16
g188261,0,0,0,8514,32328,8730,32598,0,0,0,NOR2xp33_ASAP7_75t_SL,3.2306399777581873e-09,2.9100285035449405e-20
g188330,0,0,0,23040,32598,23364,32868,0,1,0,BUFx3_ASAP7_75t_SL,2.0225586538913376e-08,1.6816888148696307e-07
g188331,0,0,0,23742,31518,23958,31788,0,0,0,NAND2xp5_ASAP7_75t_SL,1.8503367726907527e-09,5.326740396737304e-18
g188332,0,0,0,23526,33948,23850,34218,0,0,0,AND2x2_ASAP7_75t_R,1.2516812586405024e-10,9.456661289312459e-18
g188349,0,0,0,21906,40158,22122,40428,0,0,0,NAND2xp5_ASAP7_75t_SL,6.714045319711204e-09,5.737161146157632e-08
g188350,0,0,0,17910,40698,18234,40968,0,0,0,AOI22xp33_ASAP7_75t_SL,2.4552500033081515e-09,0.0
g188352,0,0,0,18774,36108,18990,36378,0,0,0,NAND2xp5_ASAP7_75t_SL,6.714045319711204e-09,2.4514086760518694e-08
g188414,0,0,0,4950,17208,5490,17478,0,0,0,OA22x2_ASAP7_75t_SL,1.3889966510305385e-08,1.7051422496194846e-09
g188460,0,0,0,23958,40698,24174,40968,0,0,0,NAND2xp5_ASAP7_75t_SL,6.714045319711204e-09,6.106227345981097e-08
g188463,0,0,0,22230,12078,22770,12348,0,0,0,AND2x4_ASAP7_75t_SL,3.390479363929444e-08,2.8533190743473824e-07
g188465,0,0,0,25524,11268,25848,11538,0,0,0,NAND4xp25_ASAP7_75t_SL,1.3426255662807307e-08,3.628996125826234e-08
g188466,0,0,0,25308,11268,25524,11538,0,0,0,NAND2xp5_ASAP7_75t_SL,4.98926278069689e-09,2.514792818431033e-08
g188517,0,0,0,27414,37728,27576,37998,0,0,1,INVxp67_ASAP7_75t_SL,3.4288101247170744e-09,3.3734270323550707e-16
g188518,0,0,0,27576,37728,27846,37998,0,0,0,OAI21xp5_ASAP7_75t_SL,5.0710000643050535e-09,0.0
g188519,0,0,0,27846,37458,28062,37728,0,1,0,HB1xp67_ASAP7_75t_SL,5.11833997407507e-09,1.1268950318508976e-18
g188520,0,0,0,28062,37728,28224,37998,0,0,1,INVxp33_ASAP7_75t_R,1.6334000124684778e-11,0.0
g188525,0,0,0,37782,40698,38106,40968,0,0,0,AOI22xp5_ASAP7_75t_SL,3.6828700089586164e-09,0.0
g188533,0,0,0,18234,35838,18450,36108,0,0,0,NAND2xp5_ASAP7_75t_SL,6.714044431532784e-09,6.174919064960704e-08
g188542,0,0,0,41238,23958,41562,24228,0,0,0,AOI22xp5_ASAP7_75t_SL,6.829349086245884e-09,3.9259653306089604e-08
g188567,0,0,0,14832,37458,15102,37728,0,0,0,OAI21xp5_ASAP7_75t_SL,5.070396102979657e-09,0.0
g188672,0,0,0,24174,37998,24390,38268,0,0,0,NAND2xp33_ASAP7_75t_SL,3.402208070824031e-09,1.9293050712576587e-08
g188676,0,0,0,23580,32058,23742,32328,0,0,1,INVxp33_ASAP7_75t_SL,1.7043624289669879e-09,1.847522312914407e-08
g188677,0,0,0,22392,32328,22608,32598,0,0,0,NAND2xp5_ASAP7_75t_SL,1.859943976612044e-09,1.974791025149969e-10
g188727,0,0,0,28926,31248,29304,31518,0,0,0,OAI221xp5_ASAP7_75t_SL,5.356224797026243e-09,3.6133140923766405e-08
g188803,0,0,0,34758,25308,35082,25578,0,0,0,NAND2x1_ASAP7_75t_SL,1.0073673450960996e-08,8.25232930878883e-08
g188804,0,0,0,34002,26388,34326,26658,0,0,0,AOI22xp5_ASAP7_75t_SL,6.943870367592808e-09,4.354595972699826e-08
g188886,0,0,0,42318,37998,42642,38268,0,0,0,AND2x2_ASAP7_75t_SL,1.695224938202955e-08,1.0547115891768044e-07
g188887,0,0,0,42372,37458,42588,37728,0,0,0,NAND2xp5_ASAP7_75t_SL,6.714044431532784e-09,3.837996231936813e-08
g188937,0,0,0,26010,16398,26442,16668,0,0,0,AOI21x1_ASAP7_75t_SL,1.6913999090206744e-08,3.1141145218072097e-10
g188938,0,0,0,26442,16398,26766,16668,0,0,0,OR2x2_ASAP7_75t_SL,1.5139299591737654e-08,9.162191005884779e-10
g188953,0,0,0,24282,36918,24498,37188,0,0,0,NAND2xp5_ASAP7_75t_SL,1.859943976612044e-09,2.511562624540886e-10
g188955,0,0,0,24714,36918,25038,37188,0,0,0,NAND4xp25_ASAP7_75t_SL,1.3426256550985727e-08,4.1231047021028644e-08
g188956,0,0,0,26010,36918,26334,37188,0,0,0,AOI22xp33_ASAP7_75t_SL,2.4552500033081515e-09,0.0
g188957,0,0,0,24174,37188,24390,37458,0,0,0,NAND2xp5_ASAP7_75t_SL,4.98926278069689e-09,2.9777144305853653e-08
g188958,0,0,0,24552,37188,24876,37458,0,0,0,AOI22xp33_ASAP7_75t_L,2.532256904164143e-10,1.5577139187913924e-15
g189005,0,0,0,31626,20988,31950,21258,0,0,0,AND2x2_ASAP7_75t_SL,1.695224938202955e-08,2.0789485688510467e-07
g189094,0,0,0,20286,32058,20502,32328,0,0,1,INVx2_ASAP7_75t_SL,1.0128200500503226e-08,2.782056052544335e-12
g189095,0,0,0,20664,31248,20988,31518,0,0,0,NAND2x1_ASAP7_75t_SL,1.003678562483401e-08,1.3703096816974902e-12
g189097,0,0,0,20340,31788,20556,32058,0,0,0,NOR2xp33_ASAP7_75t_R,3.084419872290134e-11,5.520100977880749e-13
g189098,0,0,0,20340,30978,20610,31248,0,0,0,OAI21xp33_ASAP7_75t_SL,6.743208658122057e-09,4.177877661881713e-12
g189099,0,0,0,20502,32328,20718,32598,0,0,1,INVx2_ASAP7_75t_L,1.0408499617753364e-09,1.6851255633942852e-12
g189100,0,0,0,22284,32598,22824,32868,0,0,0,OAI222xp33_ASAP7_75t_SL,8.015268448957613e-09,4.7394877356055076e-08
g189101,0,0,0,23148,32058,23472,32328,0,0,0,OAI211xp5_ASAP7_75t_SL,7.710442950781271e-09,3.2074275679860875e-08
g189103,0,0,0,22230,32058,22770,32328,0,0,0,OAI222xp33_ASAP7_75t_SL,8.015268448957613e-09,4.777687934165442e-08
g189110,0,0,0,20772,38268,21096,38538,0,0,0,AOI22xp33_ASAP7_75t_L,2.531949372386322e-10,1.6416468370512947e-15
g189113,0,0,0,21744,41238,22068,41508,0,0,0,NAND2x1_ASAP7_75t_SL,1.0073673450960996e-08,7.907032539833381e-08
g189123,0,0,0,23580,39348,23904,39618,0,0,0,AND2x2_ASAP7_75t_SL,1.695224938202955e-08,1.0788778581627412e-07
g189125,0,0,0,23364,39348,23580,39618,0,0,0,NAND2xp33_ASAP7_75t_SL,3.3579041769371543e-09,2.3863687914627008e-08
g189137,0,0,0,33840,38538,34110,38808,0,0,0,OAI21xp5_ASAP7_75t_SL,6.554659925939177e-09,0.0
g189138,0,0,0,34704,38808,34866,39078,0,0,1,INVxp67_ASAP7_75t_R,3.55518982309011e-11,0.0
g189140,0,0,0,34488,37998,34704,38268,0,0,0,NAND2xp5_ASAP7_75t_L,1.8909800114652597e-10,0.0
g189142,0,0,0,8190,23148,8514,23418,0,0,0,AND2x2_ASAP7_75t_SL,1.1970799462801551e-08,0.0
g189143,0,0,0,8136,23418,8298,23688,0,0,1,INVx1_ASAP7_75t_SL,5.0640900361997865e-09,1.179280604375263e-14
g189208,0,0,0,23472,23148,23742,23418,0,0,0,AOI21xp5_ASAP7_75t_SL,5.063330199561733e-09,0.0
g189209,0,0,0,24552,25308,24768,25578,0,0,1,INVx2_ASAP7_75t_SL,1.0286400176084953e-08,1.3862595515945486e-09
g189210,0,0,0,23364,15588,23634,15858,0,0,0,NOR3xp33_ASAP7_75t_L,4.860248870031114e-10,3.2800162585999715e-10
g189211,0,0,0,23958,15588,24120,15858,0,0,1,INVx1_ASAP7_75t_SL,5.143200088042477e-09,1.8514915989253922e-10
g189212,0,0,0,24228,16128,24552,16398,0,1,0,BUFx3_ASAP7_75t_SL,2.034469837042252e-08,1.2888544675959679e-09
g189273,0,0,0,17262,26388,17532,26658,0,0,0,AOI21xp33_ASAP7_75t_SL,3.3536675658751847e-09,3.476179699646309e-08
g189476,0,0,0,35676,32328,36000,32598,0,0,0,AND2x2_ASAP7_75t_SL,1.1970993973875466e-08,1.076990957489055e-15
g189837,0,0,0,30330,19908,30870,20178,0,0,0,AND2x4_ASAP7_75t_SL,2.396103404578298e-08,1.3810973848935038e-14
g189838,0,0,0,38700,19368,38916,19638,0,0,0,NAND2xp33_ASAP7_75t_R,3.3690498307814565e-11,1.3378864226057992e-15
g189839,0,0,0,36432,19368,36702,19638,0,0,1,INVx3_ASAP7_75t_SL,1.54295989318598e-08,9.02820570039542e-15
g189840,0,0,0,38430,19098,38646,19368,0,0,0,NAND2xp33_ASAP7_75t_R,3.3690498307814565e-11,1.3095082777739384e-15
g189841,0,0,0,40590,19908,40914,20178,0,0,0,OAI22xp33_ASAP7_75t_SL,2.0011095003269475e-09,1.3452232333977363e-17
g189842,0,0,0,36324,18828,36540,19098,0,0,0,NAND2xp33_ASAP7_75t_R,3.3690498307814565e-11,1.280241383622171e-15
g189843,0,0,0,38862,19908,39186,20178,0,0,0,A2O1A1Ixp33_ASAP7_75t_SL,5.696225269247179e-09,1.0547456918460623e-17
g189845,0,0,0,39618,19098,39834,19368,0,0,0,NAND2xp33_ASAP7_75t_R,3.3690498307814565e-11,1.1798008520114665e-15
g189847,0,0,0,40212,19368,40428,19638,0,0,0,NOR2xp33_ASAP7_75t_R,1.0456203611286519e-11,4.754613481439489e-18
g189855,0,0,0,40266,19908,40590,20178,0,0,0,A2O1A1Ixp33_ASAP7_75t_SL,5.696225269247179e-09,1.104036309213301e-17
g19,0,0,0,23904,18558,24444,18828,0,0,0,AND2x4_ASAP7_75t_SL,2.476836868936516e-08,3.5458824765299823e-09
g190134,0,0,0,18720,31248,19206,31518,0,0,0,XNOR2xp5_ASAP7_75t_L,1.1896998941551828e-09,0.0
g190187,0,0,0,37890,13158,38214,13428,0,0,0,A2O1A1Ixp33_ASAP7_75t_SL,5.704259731231787e-09,1.8421477677678437e-17
g190188,0,0,0,24282,26388,24660,26658,0,0,0,MAJIxp5_ASAP7_75t_SL,1.0171799402769466e-08,3.194313702437057e-10
g190189,0,0,0,23796,26118,24120,26388,0,0,0,AND2x2_ASAP7_75t_SL,1.1980502812036775e-08,4.211648738094986e-11
g190190,0,0,0,27684,30708,27954,30978,0,0,0,AOI21xp5_ASAP7_75t_SL,5.063060193322144e-09,0.0
g191422,0,0,0,38538,5598,38862,5868,0,0,0,NAND2x1_ASAP7_75t_SL,1.0073675227317835e-08,9.394059929945797e-08
g191423,0,0,0,38160,5598,38484,5868,0,0,0,AOI22xp5_ASAP7_75t_SL,3.6828700089586164e-09,0.0
g191486,0,0,0,6840,16668,7110,16938,0,0,0,AOI21xp5_ASAP7_75t_SL,5.004248571083281e-09,4.76908113000718e-08
g191487,0,0,0,6786,17208,7002,17478,0,0,0,NOR2xp33_ASAP7_75t_L,3.432308326445366e-10,3.790021807503763e-08
g191491,0,0,0,6570,16668,6840,16938,0,0,0,AOI21xp5_ASAP7_75t_SL,5.004248571083281e-09,4.9029274862277816e-08
g191527,0,0,0,33138,12078,33300,12348,0,0,1,INVx1_ASAP7_75t_SL,5.143198311685637e-09,7.593499613822718e-12
g191530,0,0,0,33516,12888,33678,13158,0,0,1,INVx1_ASAP7_75t_SL,5.064088259842947e-09,4.122404674566926e-12
g191531,0,0,0,33948,13428,34272,13698,0,0,0,OAI22xp33_ASAP7_75t_SL,6.857577616870003e-09,3.1710602026169266e-12
g191532,0,0,0,33732,14238,33894,14508,0,0,1,INVx1_ASAP7_75t_SL,5.064088259842947e-09,4.807728867795014e-12
g191533,0,0,0,33192,12888,33516,13158,0,0,0,AOI22xp5_ASAP7_75t_SL,1.017119544144407e-08,6.348731436400801e-12
g191781,0,0,0,10296,9648,10512,9918,0,0,0,NAND2xp5_ASAP7_75t_SL,2.6714248591019896e-09,8.553798807042767e-07
g191893,0,0,0,26712,4518,26928,4788,0,0,0,NAND2xp5_ASAP7_75t_SL,6.714044431532784e-09,6.700948063098622e-08
g191894,0,0,0,26280,4248,26604,4518,0,0,0,AOI22xp33_ASAP7_75t_SL,4.62925342503695e-09,2.436678059325459e-08
g191896,0,0,0,25092,12618,25254,12888,0,0,1,INVxp67_ASAP7_75t_L,3.4491950962056706e-10,1.9058866485011094e-08
g191944,0,0,0,8622,18018,8946,18288,0,0,0,NAND2x1_ASAP7_75t_SL,3.7569893862610115e-09,1.6669912117350805e-09
g191945,0,0,0,8136,18018,8460,18288,0,0,0,AOI22xp5_ASAP7_75t_SL,1.000023708286335e-08,7.258574896695791e-08
g191946,0,0,0,8676,17748,8892,18018,0,0,0,NAND2xp5_ASAP7_75t_SL,6.674696351183229e-09,6.007758202031255e-08
g191966,0,0,0,19908,8838,20232,9108,0,0,0,AND2x2_ASAP7_75t_SL,1.1970993973875466e-08,1.2061738580989396e-15
g191967,0,0,0,20340,9378,20556,9648,0,0,1,INVx2_ASAP7_75t_L,1.0408499617753364e-09,3.2322847577576168e-18
g191970,0,0,0,28116,4248,28440,4518,0,0,0,AOI22xp5_ASAP7_75t_SL,8.520370187170556e-09,8.480421023076591e-15
g191971,0,0,0,27414,6948,27738,7218,0,0,0,AOI22xp5_ASAP7_75t_SL,8.520370187170556e-09,8.975241577236556e-15
g191973,0,0,0,21852,6138,22176,6408,0,0,0,AOI22xp5_ASAP7_75t_SL,8.520370187170556e-09,8.818812379570579e-15
g191974,0,0,0,22122,5328,22446,5598,0,0,0,AOI22xp5_ASAP7_75t_SL,8.520370187170556e-09,9.177214042410502e-15
g191975,0,0,0,25794,5328,26118,5598,0,0,0,AOI22xp5_ASAP7_75t_SL,8.520370187170556e-09,9.268984980047822e-15
g191976,0,0,0,23148,6138,23472,6408,0,0,0,AOI22xp5_ASAP7_75t_SL,8.520370187170556e-09,8.90685298410819e-15
g191977,0,0,0,24552,6138,24876,6408,0,0,0,AOI22xp5_ASAP7_75t_SL,8.520370187170556e-09,8.96266906720046e-15
g191978,0,0,0,28224,3708,28548,3978,0,0,0,AOI22xp5_ASAP7_75t_SL,8.520370187170556e-09,8.63490628012862e-15
g191980,0,0,0,27414,5328,27738,5598,0,0,0,AOI22xp5_ASAP7_75t_SL,8.520370187170556e-09,8.465950312205699e-15
g191981,0,0,0,25362,4248,25686,4518,0,0,0,AOI22xp5_ASAP7_75t_SL,8.462819778287667e-09,8.487027880065175e-15
g191982,0,0,0,20070,9378,20340,9648,0,0,0,OAI21xp5_ASAP7_75t_SL,2.2708821489914044e-09,1.0381960411765301e-18
g192019,0,0,0,33624,6408,33948,6678,0,0,0,AOI22xp5_ASAP7_75t_L,3.7885597437004037e-10,0.0
g192138,0,0,0,20070,32868,20718,33138,0,0,0,AND2x6_ASAP7_75t_SL,3.407139814726179e-08,0.0
g192139,0,0,0,22176,32868,22500,33138,0,0,0,AND2x2_ASAP7_75t_SL,1.695224938202955e-08,7.30138296489713e-08
g192278,0,0,0,40050,20718,40266,20988,0,0,0,NAND2xp5_ASAP7_75t_SL,4.98926278069689e-09,2.5575044304559924e-08
g192329,0,0,0,36054,31518,36378,31788,0,0,0,OAI22xp33_ASAP7_75t_SL,6.605750169086377e-09,7.053102317492119e-19
g192330,0,0,0,35244,31788,35406,32058,0,0,1,INVx1_ASAP7_75t_SL,5.143200088042477e-09,1.0244450940710252e-18
g192331,0,0,0,35784,31518,36000,31788,0,1,0,HB1xp67_ASAP7_75t_SL,5.092500199310734e-09,1.3588104194214711e-18
g192332,0,0,0,35838,31788,36054,32058,0,1,0,HB1xp67_ASAP7_75t_L,4.973330081092797e-10,1.2663169444821698e-18
g192333,0,0,0,35406,31788,35730,32058,0,0,0,AOI22xp33_ASAP7_75t_SL,4.5797001746450405e-09,0.0
g192383,0,0,0,28926,11268,29142,11538,0,0,0,NAND2xp5_ASAP7_75t_SL,5.10347142324008e-09,2.500599549648541e-08
g192437,0,0,0,31356,32328,31518,32598,0,0,1,INVx1_ASAP7_75t_SL,5.1130877309901734e-09,3.931906888965386e-08
g192438,0,0,0,28494,42048,28818,42318,0,0,0,NAND2x1_ASAP7_75t_SL,1.0073673450960996e-08,9.259989042220695e-08
g192552,0,0,0,42534,5328,42858,5598,0,0,0,AOI22xp5_ASAP7_75t_SL,3.6828700089586164e-09,0.0
g192553,0,0,0,23634,24768,23796,25038,0,0,1,INVx1_ASAP7_75t_SL,5.034441752371777e-09,3.4225422496092506e-08
g192554,0,0,0,23796,24768,24120,25038,0,0,0,AO21x1_ASAP7_75t_SL,9.995222427505723e-09,1.5099807515461805e-10
g192555,0,0,0,23364,24228,23580,24498,0,0,0,NAND2xp5_ASAP7_75t_SL,1.8553095726403512e-09,1.0482633511221806e-10
g192556,0,0,0,23904,23688,24228,23958,0,0,0,AND2x2_ASAP7_75t_L,1.3235310625248076e-09,2.9156437264532542e-08
g192557,0,0,0,23958,24228,24228,24498,0,0,0,AOI21xp33_ASAP7_75t_SL,3.3761102802287724e-09,6.825556092548979e-11
g192579,0,0,0,35784,25848,36108,26118,0,0,0,NAND2x1_ASAP7_75t_SL,1.0073673450960996e-08,8.259134176569205e-08
g192581,0,0,0,35352,26118,35676,26388,0,0,0,AOI22xp5_ASAP7_75t_SL,6.943873920306487e-09,3.8342427899351605e-08
g192700,0,0,0,30276,23688,30546,23958,0,0,0,AOI21xp5_ASAP7_75t_SL,2.3317707764647366e-09,3.096685234627028e-12
g192701,0,0,0,30870,23688,31086,23958,0,0,0,NAND2xp5_ASAP7_75t_SL,5.027704474969141e-09,2.9453193356454577e-12
g192702,0,0,0,30546,23958,30762,24228,0,0,0,NAND2xp33_ASAP7_75t_SL,3.4282325866996644e-09,3.5474329029838714e-10
g192709,0,0,0,13860,23418,14076,23688,0,0,0,NOR2xp33_ASAP7_75t_SL,3.429220019057766e-09,2.554748912420024e-10
g192710,0,0,0,13536,23688,13698,23958,0,0,1,INVx1_ASAP7_75t_SL,5.0640900361997865e-09,2.196434394003134e-19
g192711,0,0,0,14292,23958,14616,24228,0,0,0,NOR4xp25_ASAP7_75t_SL,3.2417022399755524e-09,2.9932578637925644e-10
g192845,0,0,0,33408,8298,33624,8568,0,0,1,INVx2_ASAP7_75t_SL,1.0286396623371274e-08,6.069398456043373e-12
g192950,0,0,0,36918,25038,37134,25308,0,0,0,NAND2xp5_ASAP7_75t_SL,6.714044431532784e-09,5.1484846608218504e-08
g193147,0,0,0,28926,30708,29142,30978,0,0,1,INVx2_ASAP7_75t_SL,1.0226175461980347e-08,8.625742964341043e-08
g193148,0,0,0,26334,27738,26712,28008,0,0,0,OA21x2_ASAP7_75t_SL,1.5093853278358438e-08,1.4426794336941384e-07
g193149,0,0,0,33732,30438,33948,30708,0,0,0,NAND2xp5_ASAP7_75t_SL,1.8503367726907527e-09,5.190660914166205e-18
g193151,0,0,0,33138,30438,33354,30708,0,0,0,NAND2xp5_ASAP7_75t_L,1.9002983908666948e-10,4.414001184705466e-18
g193152,0,0,0,32220,30168,32436,30438,0,0,0,NAND2xp5_ASAP7_75t_L,1.9002983908666948e-10,4.576706784014034e-18
g193153,0,0,0,29628,30438,29844,30708,0,0,1,INVx2_ASAP7_75t_SL,1.0068903932847206e-08,8.94728344746909e-08
g193154,0,0,0,33948,31518,34164,31788,0,0,0,NAND2xp5_ASAP7_75t_SL,1.8503367726907527e-09,5.522036912180461e-18
g193155,0,0,0,32220,31788,32436,32058,0,0,0,NAND2xp5_ASAP7_75t_L,1.9002983908666948e-10,5.015461578885636e-18
g193156,0,0,0,31734,31518,31950,31788,0,0,0,NAND2xp5_ASAP7_75t_L,1.9002983908666948e-10,4.964428670994177e-18
g193157,0,0,0,33948,31248,34164,31518,0,0,0,NAND2xp5_ASAP7_75t_SL,1.8503367726907527e-09,5.4156821649214556e-18
g193159,0,0,0,30114,29628,30438,29898,0,0,0,AOI22xp5_ASAP7_75t_SL,3.7019203258381594e-09,7.725980244989198e-18
g193162,0,0,0,31302,30438,31680,30708,0,0,0,AOI221xp5_ASAP7_75t_SL,5.897818233790986e-09,2.9073181951895077e-15
g193484,0,0,0,15102,39888,15318,40158,0,1,0,HB1xp67_ASAP7_75t_SL,5.1034438897090695e-09,2.306860835687985e-08
g193485,0,0,0,14724,39348,14994,39618,0,0,0,NAND3xp33_ASAP7_75t_SL,4.201280212612346e-09,3.6501646718534175e-06
g193486,0,0,0,14994,39348,15318,39618,0,0,0,OAI22xp33_ASAP7_75t_SL,3.1736544503502273e-09,2.8911376830365043e-06
g193487,0,0,0,14886,39078,15102,39348,0,1,0,HB1xp67_ASAP7_75t_SL,2.624801043182856e-09,4.409326720633544e-06
g193488,0,0,0,14724,39078,14886,39348,0,0,1,INVxp67_ASAP7_75t_SL,1.743470035009409e-09,1.9058420548390131e-06
g193489,0,0,0,23256,21798,23580,22068,0,0,0,AND2x2_ASAP7_75t_SL,1.2361625501000617e-08,5.220404375450016e-08
g193490,0,0,0,23094,21258,23310,21528,0,0,0,NOR2xp33_ASAP7_75t_SL,3.2657287984960703e-09,3.8375034705495636e-08
g193491,0,0,0,23634,20988,23796,21258,0,0,1,INVxp67_ASAP7_75t_SL,3.3235232343997723e-09,4.156881772132692e-08
g193552,0,0,0,14076,17478,14400,17748,0,0,0,AOI22xp5_ASAP7_75t_SL,4.530869901486767e-09,3.9335486690106336e-07
g193553,0,0,0,13914,19098,14184,19368,0,0,1,INVx3_ASAP7_75t_SL,1.54295989318598e-08,0.0
g193554,0,0,0,14184,19098,14508,19368,0,0,0,AOI22xp5_ASAP7_75t_SL,4.530869901486767e-09,3.736165581358364e-07
g193555,0,0,0,13752,18828,14076,19098,0,0,0,AOI22xp5_ASAP7_75t_SL,4.530869901486767e-09,4.125134864807478e-07
g193556,0,0,0,14184,19368,14508,19638,0,0,0,AOI22xp5_ASAP7_75t_SL,4.530869901486767e-09,3.8334414398377703e-07
g193557,0,0,0,14400,17478,14724,17748,0,0,0,AOI22xp5_ASAP7_75t_SL,4.530869901486767e-09,4.026773012810736e-07
g193558,0,0,0,14076,16668,14400,16938,0,0,0,OAI22xp5_ASAP7_75t_SL,4.574806311552493e-09,3.5461408742776257e-07
g193559,0,0,0,14184,20988,14508,21258,0,0,0,AOI22xp33_ASAP7_75t_SL,3.0205886680789718e-09,3.143218236800749e-07
g193560,0,0,0,14400,15048,14778,15318,0,0,1,INVx5_ASAP7_75t_SL,2.5715900520140167e-08,0.0
g193561,0,0,0,14292,15588,14616,15858,0,0,0,AOI22xp33_ASAP7_75t_SL,3.0205886680789718e-09,3.025645582965808e-07
g193562,0,0,0,14076,15048,14400,15318,0,0,0,AOI22xp33_ASAP7_75t_SL,3.0205886680789718e-09,3.323722808090679e-07
g193563,0,0,0,15210,15048,15534,15318,0,0,0,AOI22xp33_ASAP7_75t_SL,3.0109963411462104e-09,3.1373483011520875e-07
g193564,0,0,0,14886,15048,15210,15318,0,0,0,AOI22xp5_ASAP7_75t_SL,4.530869901486767e-09,3.830244850178133e-07
g193565,0,0,0,14778,16668,15102,16938,0,0,0,AOI22xp5_ASAP7_75t_SL,4.530869901486767e-09,3.882751968831144e-07
g193566,0,0,0,15372,20448,15534,20718,0,0,1,INVxp67_ASAP7_75t_SL,3.3760600981480593e-09,0.0
g193567,0,0,0,14454,16398,14778,16668,0,0,0,AOI22xp33_ASAP7_75t_SL,3.0205886680789718e-09,3.1273319223146245e-07
g193568,0,0,0,14454,20178,14778,20448,0,0,0,AOI22xp33_ASAP7_75t_SL,3.0205886680789718e-09,3.233990355511196e-07
g193569,0,0,0,14670,14508,14994,14778,0,0,0,AOI22xp33_ASAP7_75t_SL,3.0205886680789718e-09,3.2578975606156746e-07
g193570,0,0,0,14130,20178,14454,20448,0,0,0,AOI22xp33_ASAP7_75t_SL,3.0205886680789718e-09,3.1820448498365295e-07
g193607,0,0,0,36702,31788,36918,32058,0,0,1,INVx2_ASAP7_75t_SL,1.0128200500503226e-08,0.0
g193622,0,0,0,4086,16938,4410,17208,0,0,0,OR2x2_ASAP7_75t_R,1.6735665631095742e-10,1.1140328837200286e-07
g193853,0,0,0,27630,28278,27954,28548,0,0,0,AOI31xp33_ASAP7_75t_SL,3.3794600451386714e-09,0.0
g193854,0,0,0,27900,32328,28386,32598,0,0,0,AO22x1_ASAP7_75t_SL,1.1900900709349571e-08,2.5198841405927535e-18
g193857,0,0,0,31086,26928,31410,27198,0,0,1,INVx4_ASAP7_75t_SL,2.0256301525023446e-08,2.7809767821906917e-09
g193858,0,0,0,31302,26658,31464,26928,0,0,1,INVx1_ASAP7_75t_SL,5.034441752371777e-09,5.34728386014649e-08
g193859,0,0,0,40374,29898,40590,30168,0,0,0,NAND2xp33_ASAP7_75t_R,1.8042711422139313e-11,4.468627365177856e-18
g193860,0,0,0,31464,26928,31842,27198,0,0,0,OA21x2_ASAP7_75t_SL,1.5093853278358438e-08,1.2688224160228856e-07
g193861,0,0,0,31464,26658,31626,26928,0,0,1,INVxp67_ASAP7_75t_L,3.4695099571102617e-10,1.617536105058548e-10
g193862,0,0,0,40104,29898,40374,30168,0,1,0,BUFx2_ASAP7_75t_SL,1.3483692384852475e-08,1.6288160509247973e-07
g193863,0,0,0,40320,31518,40644,31788,0,0,0,AOI22xp33_ASAP7_75t_SL,2.4681756638500474e-09,9.683969694461418e-18
g193865,0,0,0,39456,30168,39618,30438,0,0,1,INVx1_ASAP7_75t_SL,5.1130877309901734e-09,5.664623614620723e-08
g193869,0,0,0,38700,29358,39240,29628,0,0,0,AOI222xp33_ASAP7_75t_SL,3.703636064500415e-09,1.6306095609972077e-17
g193870,0,0,0,37944,29088,38484,29358,0,0,0,AOI222xp33_ASAP7_75t_SL,3.7034106892264163e-09,1.669494163540468e-17
g193873,0,0,0,25578,22068,25902,22338,0,0,0,AND2x2_ASAP7_75t_L,1.1615881589932542e-09,3.608323015380499e-11
g193874,0,0,0,25254,22068,25578,22338,0,0,0,AOI211xp5_ASAP7_75t_SL,3.1807114719839547e-09,5.7790137120150575e-09
g193875,0,0,0,30222,22338,30438,22608,0,0,1,INVx2_ASAP7_75t_SL,1.0226175461980347e-08,8.2321470529223e-08
g193966,0,0,0,36540,19638,36864,19908,0,0,0,OAI211xp5_ASAP7_75t_SL,1.0061957489426732e-08,2.8690529063624126e-08
g193968,0,0,0,34326,19368,34650,19638,0,0,0,AND2x2_ASAP7_75t_L,1.6800441038355984e-09,6.655662332377688e-08
g193969,0,0,0,36540,19908,36756,20178,0,0,0,NAND2xp5_ASAP7_75t_SL,1.859943976612044e-09,1.5006985931709238e-10
g193970,0,0,0,36810,19908,37026,20178,0,0,0,NAND2xp5_ASAP7_75t_L,1.9007596885334266e-10,1.2428497494403404e-15
g193971,0,0,0,36864,19638,37026,19908,0,0,1,INVx1_ASAP7_75t_SL,5.1130877309901734e-09,3.721020291891364e-08
g194,0,0,0,28494,31788,28818,32058,0,0,0,AND2x2_ASAP7_75t_L,1.680043992813296e-09,5.656217894056681e-08
g194035,0,0,0,26550,11808,26928,12078,0,0,0,AOI221xp5_ASAP7_75t_SL,5.897593080561592e-09,2.7219467287487985e-15
g194036,0,0,0,26172,9918,26496,10188,0,0,0,NAND4xp25_ASAP7_75t_SL,1.3426256550985727e-08,3.5015645494240744e-08
g194039,0,0,0,24228,35838,24606,36108,0,0,0,AOI221xp5_ASAP7_75t_SL,5.897593080561592e-09,2.754431712825422e-15
g194040,0,0,0,24606,35838,24930,36108,0,0,0,NAND4xp25_ASAP7_75t_SL,1.3426256550985727e-08,2.975414226114026e-08
g194048,0,0,0,38052,38268,38376,38538,0,0,0,AND2x2_ASAP7_75t_SL,1.695224938202955e-08,9.632469755160855e-08
g194049,0,0,0,37944,38538,38160,38808,0,0,0,NAND2xp5_ASAP7_75t_SL,6.714044431532784e-09,4.7126839319844294e-08
g194060,0,0,0,37080,10998,37350,11268,0,0,1,INVx3_ASAP7_75t_SL,1.5192199498414993e-08,2.5239555725368318e-14
g194061,0,0,0,35460,11538,36000,11808,0,0,0,AND2x4_ASAP7_75t_SL,3.410449878060717e-08,3.0912792670697437e-14
g194062,0,0,0,36972,5058,37188,5328,0,0,0,NAND2xp5_ASAP7_75t_SL,6.714044431532784e-09,8.282882646426515e-08
g194063,0,0,0,36648,5058,36972,5328,0,0,0,AOI22xp33_ASAP7_75t_SL,4.629255645482999e-09,2.226917672487616e-08
g194136,0,0,0,41346,7488,41670,7758,0,0,0,AOI22xp33_ASAP7_75t_SL,4.62925342503695e-09,3.801942227710242e-08
g194197,0,0,0,12456,40158,12726,40428,0,0,0,OAI21xp5_ASAP7_75t_SL,6.2128715505593846e-09,6.515648465210688e-08
g194198,0,0,0,12402,39618,12726,39888,0,0,0,AND2x2_ASAP7_75t_L,1.4660789249276718e-09,1.3391063191647845e-07
g194199,0,0,0,11970,39078,12294,39348,0,0,0,AND2x2_ASAP7_75t_SL,8.054300337789755e-09,1.6741214494686574e-06
g194244,0,0,0,26766,33408,26982,33678,0,0,1,INVx2_ASAP7_75t_L,9.714959947615398e-10,1.6638741123431449e-18
g194245,0,0,0,27576,33948,27792,34218,0,0,1,INVx2_ASAP7_75t_SL,1.0286400176084953e-08,2.341212301100687e-18
g194246,0,0,0,27198,37458,27522,37728,0,0,0,OAI31xp33_ASAP7_75t_SL,4.562365152338543e-09,0.0
g194247,0,0,0,27306,32868,27522,33138,0,0,1,INVx2_ASAP7_75t_SL,1.0286400176084953e-08,3.829085229956969e-18
g194248,0,0,0,27252,34488,28008,34758,0,0,0,AND3x4_ASAP7_75t_SL,3.0332007128208716e-08,4.636308226224628e-09
g194249,0,0,0,27306,35028,27630,35298,0,0,0,AND2x2_ASAP7_75t_SL,1.528050042054474e-08,1.9685664028241436e-15
g194250,0,0,0,27468,35298,28008,35568,0,0,0,AND2x4_ASAP7_75t_L,2.987569969192805e-09,2.2843394385275995e-15
g194315,0,0,0,27522,30438,27846,30708,0,0,0,AO21x1_ASAP7_75t_SL,1.2054900189184536e-08,0.0
g194374,0,0,0,29250,9108,29466,9378,0,0,0,NAND2xp5_ASAP7_75t_SL,5.10347142324008e-09,2.2962852952446156e-08
g194375,0,0,0,30114,9378,30438,9648,0,0,0,AOI22xp33_ASAP7_75t_SL,2.4552500033081515e-09,0.0
g194376,0,0,0,29358,8568,29682,8838,0,0,0,AOI22xp33_ASAP7_75t_SL,2.4617128335790994e-09,1.625741675884227e-15
g194404,0,0,0,32220,30978,32544,31248,0,0,0,OR2x2_ASAP7_75t_SL,1.504112390193768e-08,6.732966539857443e-08
g194437,0,0,0,37782,19098,38106,19368,0,0,0,AOI22xp5_ASAP7_75t_SL,3.70194874754759e-09,2.5387119029175384e-15
g194438,0,0,0,37836,22338,38160,22608,0,0,0,NAND4xp25_ASAP7_75t_SL,1.3426256550985727e-08,3.710967177994462e-08
g195,0,0,0,29142,30978,29358,31248,0,0,0,NAND2xp5_ASAP7_75t_SL,5.10347142324008e-09,2.6988631773861016e-08
g195056,0,0,0,18612,41778,18936,42048,0,0,0,AOI22xp5_ASAP7_75t_SL,8.520370187170556e-09,0.0
g195063,0,0,0,18072,42318,18396,42588,0,0,0,AOI22xp5_ASAP7_75t_SL,8.520370187170556e-09,0.0
g195068,0,0,0,22986,41238,23310,41508,0,0,0,AOI22xp5_ASAP7_75t_SL,8.520370187170556e-09,0.0
g195072,0,0,0,18018,35298,18342,35568,0,0,0,AOI22xp5_ASAP7_75t_SL,8.520370187170556e-09,0.0
g195169,0,0,0,4680,13428,5004,13698,0,0,0,AOI22xp5_ASAP7_75t_SL,1.0055989818624766e-08,7.200732794320625e-14
g195458,0,0,0,23094,41508,23418,41778,0,0,0,AOI22xp5_ASAP7_75t_SL,8.520370187170556e-09,0.0
g195911,0,0,0,15750,8838,16290,9108,0,0,1,INVx8_ASAP7_75t_SL,4.114539819966012e-08,0.0
g195965,0,0,0,17532,36918,17856,37188,0,0,0,AOI22xp5_ASAP7_75t_SL,8.520370187170556e-09,0.0
g196136,0,0,0,11106,35568,11430,35838,0,0,0,AOI22xp5_ASAP7_75t_SL,6.869653734753456e-09,0.0
g196171,0,0,0,4032,35838,4356,36108,0,0,0,AOI22xp5_ASAP7_75t_SL,6.869653734753456e-09,0.0
g196187,0,0,0,5544,31788,5868,32058,0,0,0,OAI22xp5_ASAP7_75t_SL,1.0159662444664264e-08,1.3231714035555342e-07
g196188,0,0,0,11214,34218,11592,34488,0,0,1,INVx5_ASAP7_75t_SL,2.5320300522935213e-08,0.0
g196605,0,0,0,21366,20988,21690,21258,0,0,0,OAI22xp33_ASAP7_75t_SL,3.6591625285353757e-09,2.1760200752396486e-07
g196639,0,0,0,25632,19098,25956,19368,0,0,0,AOI22xp5_ASAP7_75t_SL,8.469839052338557e-09,3.533337533667691e-08
g196651,0,0,0,21744,29358,22122,29628,0,0,0,OA21x2_ASAP7_75t_SL,1.5093853278358438e-08,1.6345182984878193e-07
g196652,0,0,0,23202,32868,23364,33138,0,0,1,INVx1_ASAP7_75t_SL,5.1130877309901734e-09,3.648867163974501e-08
g196653,0,0,0,25092,31248,25416,31518,0,0,0,AND2x2_ASAP7_75t_R,1.2516812586405024e-10,1.1736160126452402e-17
g196654,0,0,0,22824,30978,23148,31248,0,1,0,BUFx3_ASAP7_75t_SL,2.0225586538913376e-08,1.3432686785108672e-07
g196655,0,0,0,24120,33138,24336,33408,0,0,0,NAND2xp5_ASAP7_75t_SL,1.850675057646356e-09,4.776111491969436e-18
g196656,0,0,0,23688,33138,23850,33408,0,0,1,INVxp67_ASAP7_75t_SL,3.3562945755960527e-09,1.7785897199473766e-08
g196658,0,0,0,24876,31248,25092,31518,0,0,0,NAND2xp5_ASAP7_75t_L,1.9007596885334266e-10,4.147190769404037e-18
g196659,0,0,0,25254,31788,25470,32058,0,0,0,NAND2xp5_ASAP7_75t_L,1.9002983908666948e-10,5.078809551736785e-18
g196660,0,0,0,22878,30708,23202,30978,0,0,0,AOI22xp33_ASAP7_75t_SL,2.4679502885760485e-09,6.152324550708104e-18
g196661,0,0,0,8568,29088,8730,29358,0,0,1,INVxp67_ASAP7_75t_SL,3.38877903516277e-09,6.370001415234583e-08
g196662,0,0,0,8622,29898,8946,30168,0,1,0,BUFx3_ASAP7_75t_SL,2.010719235556735e-08,5.203596629144158e-07
g196696,0,0,0,40104,12888,40320,13158,0,0,1,INVx2_ASAP7_75t_SL,1.0068903932847206e-08,8.287585728794511e-08
g196697,0,0,0,36648,8298,36972,8568,0,0,0,AND2x2_ASAP7_75t_SL,1.695224938202955e-08,1.1526283572038665e-07
g196698,0,0,0,38268,10188,38484,10458,0,0,0,NOR2xp33_ASAP7_75t_SL,3.429220019057766e-09,1.681172147227259e-15
g196700,0,0,0,13158,33138,13482,33408,0,0,0,AND2x2_ASAP7_75t_SL,1.0272166228730839e-08,7.232830284920055e-06
g196701,0,0,0,14562,33138,14778,33408,0,0,0,NAND2xp5_ASAP7_75t_SL,4.2674610511994615e-09,6.205063129982591e-10
g196703,0,0,0,2466,31248,2790,31518,0,0,0,AOI22xp33_ASAP7_75t_SL,4.104609541144555e-09,7.465752632264139e-16
g196704,0,0,0,10134,33948,10458,34218,0,0,0,AOI22xp33_ASAP7_75t_SL,4.104609541144555e-09,7.629881147662421e-16
g196705,0,0,0,7272,37728,7596,37998,0,0,0,AOI22xp33_ASAP7_75t_SL,4.104609541144555e-09,0.0
g196706,0,0,0,9432,28548,9756,28818,0,0,0,AOI22xp33_ASAP7_75t_SL,4.104609541144555e-09,7.663511532041969e-16
g196707,0,0,0,2520,34218,2844,34488,0,0,0,AOI22xp33_ASAP7_75t_SL,4.104609541144555e-09,6.702622533600114e-16
g196708,0,0,0,10404,30438,10728,30708,0,0,0,AOI22xp33_ASAP7_75t_SL,4.104609541144555e-09,7.184039003128016e-16
g196709,0,0,0,2574,33138,2898,33408,0,0,0,AOI22xp33_ASAP7_75t_SL,4.104609541144555e-09,6.933394013101588e-16
g196710,0,0,0,3114,28278,3438,28548,0,0,0,AOI22xp33_ASAP7_75t_SL,4.104609541144555e-09,7.351266600322064e-16
g196711,0,0,0,3978,33948,4302,34218,0,0,0,AOI22xp33_ASAP7_75t_SL,4.104609541144555e-09,0.0
g196712,0,0,0,3870,30168,4194,30438,0,0,0,AOI22xp33_ASAP7_75t_SL,4.104609541144555e-09,6.975111973940638e-16
g196713,0,0,0,2142,28008,2466,28278,0,0,0,AOI22xp33_ASAP7_75t_SL,4.104609541144555e-09,6.696620246377633e-16
g196714,0,0,0,5004,36918,5328,37188,0,0,0,AOI22xp33_ASAP7_75t_SL,4.104609541144555e-09,0.0
g196715,0,0,0,12726,36648,13050,36918,0,0,0,AOI22xp33_ASAP7_75t_SL,4.104609541144555e-09,0.0
g196716,0,0,0,12942,35568,13266,35838,0,0,0,AOI22xp33_ASAP7_75t_SL,4.104609541144555e-09,0.0
g196717,0,0,0,4680,28278,5004,28548,0,0,0,AOI22xp33_ASAP7_75t_SL,4.104609541144555e-09,6.764676167315964e-16
g196718,0,0,0,2466,29898,2790,30168,0,0,0,AOI22xp33_ASAP7_75t_SL,4.104609541144555e-09,7.653545130626338e-16
g196719,0,0,0,3330,32058,3654,32328,0,0,0,AOI22xp33_ASAP7_75t_SL,4.104609541144555e-09,8.079429061341064e-16
g196720,0,0,0,12456,30438,12780,30708,0,0,0,AOI22xp33_ASAP7_75t_SL,4.104609541144555e-09,7.2131811716783e-16
g196721,0,0,0,10890,31788,11214,32058,0,0,0,AOI22xp33_ASAP7_75t_SL,4.104609541144555e-09,7.434627877221688e-16
g196722,0,0,0,9810,31248,10134,31518,0,0,0,AOI22xp33_ASAP7_75t_SL,4.104609541144555e-09,7.112468954249764e-16
g196723,0,0,0,9864,36918,10188,37188,0,0,0,AOI22xp33_ASAP7_75t_SL,4.104609541144555e-09,0.0
g196724,0,0,0,11214,37728,11538,37998,0,0,0,AOI22xp33_ASAP7_75t_SL,4.104609541144555e-09,0.0
g196725,0,0,0,6030,36918,6354,37188,0,0,0,AOI22xp33_ASAP7_75t_SL,4.104609541144555e-09,0.0
g196726,0,0,0,2628,32328,2952,32598,0,0,0,AOI22xp33_ASAP7_75t_SL,4.104609541144555e-09,7.783939500109033e-16
g196727,0,0,0,10296,35568,10620,35838,0,0,0,AOI22xp33_ASAP7_75t_SL,4.104609541144555e-09,7.627669332878903e-16
g196728,0,0,0,3114,36378,3438,36648,0,0,0,AOI22xp33_ASAP7_75t_SL,4.104609541144555e-09,0.0
g196729,0,0,0,8622,36918,8946,37188,0,0,0,AOI22xp33_ASAP7_75t_SL,4.104609541144555e-09,0.0
g196730,0,0,0,12456,32058,12780,32328,0,0,0,AOI22xp33_ASAP7_75t_SL,4.104609541144555e-09,7.100094861681562e-16
g196753,0,0,0,28548,6138,28872,6408,0,0,0,AOI22xp5_ASAP7_75t_SL,8.520370187170556e-09,9.31741578287298e-15
g196789,0,0,0,42210,5598,42534,5868,0,0,0,NAND2x1_ASAP7_75t_SL,1.0073673450960996e-08,8.739072399066572e-08
g196790,0,0,0,42588,11268,42912,11538,0,0,0,NAND4xp25_ASAP7_75t_SL,1.3426256550985727e-08,3.221580158196957e-08
g196791,0,0,0,42156,11268,42372,11538,0,0,0,NAND2xp5_ASAP7_75t_SL,4.98926278069689e-09,2.698547874047108e-08
g196865,0,0,0,22338,41508,22662,41778,0,0,0,AOI22xp5_ASAP7_75t_SL,8.462819778287667e-09,0.0
g196914,0,0,0,4086,21798,4410,22068,0,0,0,AOI22xp5_ASAP7_75t_SL,9.510755738517673e-09,6.871450630718812e-10
g196915,0,0,0,9270,25038,9702,25308,0,0,1,INVx6_ASAP7_75t_SL,3.0859098387736594e-08,7.536043446325078e-19
g196916,0,0,0,8946,24768,9594,25038,0,0,0,AND2x6_ASAP7_75t_SL,3.570395534779891e-08,8.465325029837058e-19
g196917,0,0,0,4302,20448,4518,20718,0,0,0,NAND2xp5_ASAP7_75t_SL,5.027443794602959e-09,1.3188149461385024e-09
g196922,0,0,0,42480,36918,42804,37188,0,0,0,AOI22xp5_ASAP7_75t_SL,3.6925642543650383e-09,2.3591650585386235e-15
g196982,0,0,0,10404,10188,10620,10458,0,0,0,NAND2xp5_ASAP7_75t_SL,2.6714248591019896e-09,7.556268428743351e-07
g196984,0,0,0,15102,8838,15426,9108,0,0,0,AOI22xp5_ASAP7_75t_SL,9.250101129509858e-09,0.0
g196985,0,0,0,13104,10458,13320,10728,0,0,0,NAND2xp5_ASAP7_75t_SL,2.6714248591019896e-09,8.008880172383215e-07
g196989,0,0,0,32814,32328,33030,32598,0,0,0,NAND2xp5_ASAP7_75t_SL,6.714045319711204e-09,2.396755505174042e-08
g196990,0,0,0,32706,38268,33030,38538,0,0,0,NOR2xp67_ASAP7_75t_SL,6.858430268152915e-09,2.5806478688613884e-15
g197007,0,0,0,6462,10728,6786,10998,0,0,0,AOI22xp33_ASAP7_75t_SL,4.900019945353051e-09,1.3611918348033214e-06
g197008,0,0,0,17532,8298,18072,8568,0,0,1,INVx8_ASAP7_75t_SL,3.9471128587820203e-08,4.211943178233923e-06
g197057,0,0,0,27576,25848,27846,26118,0,0,0,AOI21xp5_ASAP7_75t_SL,5.063330199561733e-09,0.0
g197058,0,0,0,27252,25848,27576,26118,0,0,0,AND2x2_ASAP7_75t_R,1.7300094690142487e-10,4.381972285028013e-10
g197059,0,0,0,26874,25578,27036,25848,0,0,1,INVxp67_ASAP7_75t_SL,3.3760600981480593e-09,1.9195960099249731e-10
g197061,0,0,0,20016,40428,20232,40698,0,0,0,NAND2xp5_ASAP7_75t_SL,6.714044431532784e-09,6.589698386960663e-08
g197062,0,0,0,20718,37728,21042,37998,0,0,0,NAND4xp25_ASAP7_75t_SL,1.3426255662807307e-08,4.537184139508099e-08
g197063,0,0,0,21042,37728,21258,37998,0,0,0,NAND2xp5_ASAP7_75t_SL,1.859943976612044e-09,1.500938540122121e-10
g197105,0,0,0,40644,30708,40968,30978,0,0,0,A2O1A1Ixp33_ASAP7_75t_SL,5.696225269247179e-09,1.1229894158706672e-17
g197106,0,0,0,40860,30978,41076,31248,0,0,1,INVx2_ASAP7_75t_SL,1.0226175461980347e-08,6.411904251990563e-08
g197107,0,0,0,40536,31248,40752,31518,0,0,0,NAND2xp5_ASAP7_75t_SL,1.859943976612044e-09,2.1826553064929755e-10
g197109,0,0,0,41400,30438,41616,30708,0,0,0,NAND2xp5_ASAP7_75t_L,1.9002983908666948e-10,4.863737629389322e-18
g197155,0,0,0,8784,20988,9108,21258,0,0,0,AOI22xp5_ASAP7_75t_SL,1.0055989818624766e-08,6.671623838236038e-14
g197482,0,0,0,31248,11808,31572,12078,0,0,0,AOI22xp5_ASAP7_75t_SL,8.520370187170556e-09,0.0
g197487,0,0,0,23310,37458,23634,37728,0,0,0,AOI22xp5_ASAP7_75t_SL,8.520370187170556e-09,0.0
g197522,0,0,0,20448,35568,20772,35838,0,0,0,AOI22xp5_ASAP7_75t_SL,8.520370187170556e-09,0.0
g197539,0,0,0,31842,9108,32166,9378,0,0,0,AOI22xp5_ASAP7_75t_SL,8.520370187170556e-09,0.0
g197544,0,0,0,30816,10998,31140,11268,0,0,0,AOI22xp5_ASAP7_75t_SL,8.520370187170556e-09,0.0
g197567,0,0,0,29790,9378,30114,9648,0,0,0,AOI22xp5_ASAP7_75t_SL,8.520370187170556e-09,0.0
g197605,0,0,0,36864,40158,37188,40428,0,0,0,AOI22xp5_ASAP7_75t_SL,8.520370187170556e-09,0.0
g197608,0,0,0,31410,7758,31734,8028,0,0,0,AOI22xp5_ASAP7_75t_SL,8.520370187170556e-09,0.0
g197613,0,0,0,30546,12348,30870,12618,0,0,0,AOI22xp5_ASAP7_75t_SL,8.520370187170556e-09,0.0
g197631,0,0,0,30168,11538,30492,11808,0,0,0,AOI22xp5_ASAP7_75t_SL,8.520370187170556e-09,0.0
g197647,0,0,0,20178,41778,20502,42048,0,0,0,AOI22xp5_ASAP7_75t_SL,3.6828700089586164e-09,0.0
g197661,0,0,0,36540,38808,36864,39078,0,0,0,AOI22xp5_ASAP7_75t_SL,8.520370187170556e-09,0.0
g197673,0,0,0,37836,37458,38160,37728,0,0,0,AOI22xp5_ASAP7_75t_SL,8.520370187170556e-09,0.0
g197679,0,0,0,30870,9378,31194,9648,0,0,0,AOI22xp5_ASAP7_75t_SL,8.520370187170556e-09,0.0
g197686,0,0,0,31734,9918,32058,10188,0,0,0,AOI22xp5_ASAP7_75t_SL,8.520370187170556e-09,0.0
g197695,0,0,0,18558,40428,18882,40698,0,0,0,AOI22xp5_ASAP7_75t_SL,3.6828700089586164e-09,0.0
g197708,0,0,0,24336,11808,24660,12078,0,0,0,AOI22xp5_ASAP7_75t_SL,8.520370187170556e-09,0.0
g197726,0,0,0,41184,40428,41508,40698,0,0,0,AOI22xp5_ASAP7_75t_SL,8.520370187170556e-09,0.0
g197727,0,0,0,37674,34218,38106,34488,0,0,1,INVx6_ASAP7_75t_SL,3.0384398996829987e-08,0.0
g197738,0,0,0,28710,10458,29034,10728,0,0,0,AOI22xp5_ASAP7_75t_SL,8.520370187170556e-09,8.032020415525004e-15
g197748,0,0,0,31680,10188,32004,10458,0,0,0,AOI22xp5_ASAP7_75t_SL,8.520370187170556e-09,0.0
g197826,0,0,0,11214,22608,11484,22878,0,0,0,OAI21xp5_ASAP7_75t_SL,6.28242968758741e-09,2.1345445020415355e-06
g197827,0,0,0,10782,22878,11052,23148,0,0,0,AOI21xp33_ASAP7_75t_SL,3.706273066228505e-09,1.642303800508671e-06
g197863,0,0,0,14778,41238,15048,41508,0,0,0,AOI21xp33_ASAP7_75t_R,2.2234353247441163e-11,2.642667141117272e-06
g197864,0,0,0,14778,39888,15102,40158,0,0,0,AND2x2_ASAP7_75t_SL,8.119394045991157e-09,1.0079105777549557e-05
g197865,0,0,0,14886,40428,15156,40698,0,0,0,NAND3xp33_ASAP7_75t_SL,2.4082151828253018e-09,2.115036750183208e-06
g197866,0,0,0,14832,41508,14994,41778,0,0,1,INVx1_ASAP7_75t_SL,2.629377604534966e-09,7.1233284870686475e-06
g197875,0,0,0,34974,13158,35514,13428,0,0,0,AND2x4_ASAP7_75t_SL,3.390479363929444e-08,2.924537341186806e-07
g197876,0,0,0,34272,6678,34596,6948,0,0,0,NAND2x1_ASAP7_75t_SL,1.0073675227317835e-08,8.620499158951134e-08
g197877,0,0,0,39780,10998,40104,11268,0,0,0,NAND4xp25_ASAP7_75t_SL,1.3426255662807307e-08,4.2370100317157267e-08
g197878,0,0,0,38916,11268,39132,11538,0,0,0,NAND2xp5_ASAP7_75t_SL,4.98926278069689e-09,2.8442357802305196e-08
g197927,0,0,0,15912,11268,16128,11538,0,0,0,NAND2xp5_ASAP7_75t_SL,6.753590131580722e-09,1.8995336553695452e-11
g197929,0,0,0,16506,11538,16668,11808,0,0,1,INVx1_ASAP7_75t_R,5.332539965152705e-11,7.543257332784034e-14
g197943,0,0,0,18990,36108,19206,36378,0,0,0,NAND2xp5_ASAP7_75t_SL,6.714045319711204e-09,5.0393232697842905e-08
g197944,0,0,0,22392,31788,22554,32058,0,0,1,INVxp67_ASAP7_75t_L,3.4491950962056706e-10,2.0894042052077566e-08
g197985,0,0,0,40266,20718,40590,20988,0,0,0,NAND4xp25_ASAP7_75t_SL,1.3426256550985727e-08,3.984957785974075e-08
g198008,0,0,0,33570,22338,33732,22608,0,0,1,INVxp33_ASAP7_75t_SL,1.7144000663549264e-09,2.103921844278907e-15
g198009,0,0,0,33408,22068,33570,22338,0,0,1,INVxp33_ASAP7_75t_L,1.734779958573185e-10,0.0
g198038,0,0,0,21312,13428,21474,13698,0,0,1,INVxp33_ASAP7_75t_L,1.7246223893430113e-10,1.7880051217389337e-08
g198039,0,0,0,20988,13428,21312,13698,0,1,0,BUFx3_ASAP7_75t_SL,2.0225586538913376e-08,2.0455621552173398e-07
g198064,0,0,0,9324,23688,9540,23958,0,0,0,NAND2xp5_ASAP7_75t_SL,2.654485076192259e-09,2.8346425142052045e-14
g198065,0,0,0,8460,23958,8730,24228,0,0,1,INVx3_ASAP7_75t_SL,1.54295989318598e-08,6.148627363562722e-19
g198066,0,0,0,6948,22608,7218,22878,0,0,0,AOI21xp5_ASAP7_75t_SL,5.063060193322144e-09,0.0
g198067,0,0,0,7488,22608,7704,22878,0,0,0,NAND2xp5_ASAP7_75t_L,1.8909800114652597e-10,0.0
g198068,0,0,0,7596,23418,7812,23688,0,0,0,NAND2xp33_ASAP7_75t_R,3.3690498307814565e-11,7.28702952742643e-15
g198069,0,0,0,7380,23148,7596,23418,0,0,0,NAND2xp33_ASAP7_75t_L,3.2514402281691446e-10,1.0505228676105544e-19
g198075,0,0,0,17154,23418,17370,23688,0,0,0,NOR2xp33_ASAP7_75t_SL,1.2726713016775193e-09,8.88812801136396e-10
g198076,0,0,0,18288,35028,18504,35298,0,0,0,NAND2xp5_ASAP7_75t_SL,1.8411743241131262e-09,3.549343334703376e-16
g198082,0,0,0,17154,33408,17910,33678,0,0,0,AND3x4_ASAP7_75t_SL,3.0332007128208716e-08,4.631331762539048e-09
g198083,0,0,0,18018,33408,18342,33678,0,0,0,NAND2xp67_ASAP7_75t_SL,6.702875143815845e-09,1.196163501582248e-09
g198086,0,0,0,18450,22608,18828,22878,0,0,0,AOI221xp5_ASAP7_75t_SL,5.489228627197917e-09,1.8268596591042296e-07
g198087,0,0,0,18774,21258,19098,21528,0,0,0,AOI22xp5_ASAP7_75t_SL,8.469842605052236e-09,3.2516300763063555e-08
g198088,0,0,0,19098,21258,19314,21528,0,1,0,HB1xp67_ASAP7_75t_R,5.0146487656776983e-11,2.7349837949941502e-08
g198089,0,0,0,19746,19908,20070,20178,0,0,0,AOI22xp5_ASAP7_75t_SL,9.921915733457354e-09,6.438419575260923e-08
g198251,0,0,0,9000,9378,9378,9648,0,0,0,OAI221xp5_ASAP7_75t_SL,5.0641579818488935e-09,7.898397598182783e-07
g198253,0,0,0,9108,11808,9270,12078,0,0,1,INVx1_ASAP7_75t_SL,2.5518225310605658e-09,8.560631954424025e-07
g198254,0,0,0,8730,9648,8892,9918,0,0,1,INVx1_ASAP7_75t_SL,2.5518225310605658e-09,7.446324161719531e-07
g198256,0,0,0,9810,9378,10134,9648,0,0,0,OAI22xp5_ASAP7_75t_SL,5.079069609337239e-09,3.9819181552047667e-07
g198257,0,0,0,13698,10998,14238,11268,0,1,0,BUFx6f_ASAP7_75t_SL,4.021458721581439e-08,5.505564217855863e-07
g198258,0,0,0,10134,10998,10296,11268,0,0,1,INVx1_ASAP7_75t_L,2.515430086447168e-10,5.130380031914683e-07
g198302,0,0,0,35406,32598,35622,32868,0,0,1,INVx2_ASAP7_75t_SL,1.0128200500503226e-08,2.9450440153018934e-18
g198304,0,0,0,36000,31248,36216,31518,0,0,1,INVx2_ASAP7_75t_L,1.0408499617753364e-09,2.721334672998152e-18
g198305,0,0,0,36108,32328,36648,32598,0,0,0,AND2x4_ASAP7_75t_SL,3.0560901365106474e-08,3.950807729065234e-15
g198308,0,0,0,36270,31248,36432,31518,0,0,1,INVx1_ASAP7_75t_SL,5.0640900361997865e-09,7.924661169908616e-19
g198342,0,0,0,7596,23148,8136,23418,0,0,0,NOR2x2_ASAP7_75t_SL,5.952680126597443e-09,0.0
g198369,0,0,0,4842,14508,5166,14778,0,0,0,AOI22xp5_ASAP7_75t_SL,1.0286286489247232e-08,0.0
g198372,0,0,0,9216,18018,9540,18288,0,0,0,AOI22xp5_ASAP7_75t_SL,1.0055989818624766e-08,0.0
g198416,0,0,0,22446,31248,22770,31518,0,0,1,INVx4_ASAP7_75t_SL,2.0572800352169907e-08,1.7102826790969632e-14
g198417,0,0,0,24606,31788,25254,32058,0,0,0,AOI211x1_ASAP7_75t_SL,1.2139990346327068e-08,3.2968377309291856e-15
g198570,0,0,0,21528,33408,21852,33678,0,0,0,AOI22xp5_ASAP7_75t_SL,3.6828700089586164e-09,0.0
g198572,0,0,0,21636,42048,21960,42318,0,0,0,AOI22xp5_ASAP7_75t_SL,3.6828700089586164e-09,0.0
g198574,0,0,0,23418,39618,23742,39888,0,0,0,AOI22xp5_ASAP7_75t_SL,3.6828700089586164e-09,0.0
g198579,0,0,0,23688,41238,24012,41508,0,0,0,AOI22xp33_ASAP7_75t_SL,2.4552500033081515e-09,0.0
g198580,0,0,0,21150,40698,21474,40968,0,0,0,AOI22xp5_ASAP7_75t_SL,3.6828700089586164e-09,0.0
g198582,0,0,0,20070,34488,20610,34758,0,0,0,AND2x4_ASAP7_75t_SL,2.3941598925603103e-08,0.0
g198590,0,0,0,24930,32598,25254,32868,0,0,0,AOI22xp5_ASAP7_75t_SL,3.6828700089586164e-09,0.0
g198593,0,0,0,19260,32868,19476,33138,0,1,0,HB1xp67_ASAP7_75t_L,4.973330081092797e-10,3.608171890472555e-15
g198594,0,0,0,33948,6948,34164,7218,0,0,1,INVx2_ASAP7_75t_SL,1.0128200500503226e-08,2.6606595275013156e-18
g198595,0,0,0,33030,7758,33192,8028,0,0,1,INVx1_ASAP7_75t_SL,5.143200088042477e-09,2.644889329122992e-18
g198596,0,0,0,34812,7218,35136,7488,0,0,0,OAI31xp33_ASAP7_75t_SL,4.562365152338543e-09,0.0
g198597,0,0,0,34380,6948,34542,7218,0,0,1,INVx1_ASAP7_75t_L,5.20423981686946e-10,1.3183583923354841e-18
g198598,0,0,0,34704,6678,34974,6948,0,0,0,OAI21xp5_ASAP7_75t_SL,5.0710000643050535e-09,0.0
g198599,0,0,0,34272,7758,34596,8028,0,0,0,OAI31xp33_ASAP7_75t_SL,4.562365152338543e-09,0.0
g198600,0,0,0,34488,8028,34758,8298,0,0,0,OAI21xp5_ASAP7_75t_SL,5.0710000643050535e-09,0.0
g198601,0,0,0,33300,8838,33462,9108,0,0,1,INVx1_ASAP7_75t_SL,5.143200088042477e-09,2.547397615332339e-18
g198603,0,0,0,33084,8568,33840,8838,0,0,0,AND3x4_ASAP7_75t_SL,3.022332251134685e-08,4.328617908555543e-09
g198604,0,0,0,33678,11808,34164,12078,0,0,0,AO22x1_ASAP7_75t_SL,1.1614799788617347e-08,2.5379437681114706e-18
g198621,0,0,0,8676,16398,9000,16668,0,0,0,NAND2x1_ASAP7_75t_SL,3.7569893862610115e-09,1.7209358382785922e-09
g198622,0,0,0,8298,16668,8622,16938,0,0,0,AOI22xp5_ASAP7_75t_SL,1.000023708286335e-08,7.490048403724359e-08
g198623,0,0,0,8676,16668,8892,16938,0,0,0,NAND2xp5_ASAP7_75t_SL,6.674700347986118e-09,5.7915777063044516e-08
g198735,0,0,0,9324,8838,9540,9108,0,0,0,NAND2xp5_ASAP7_75t_SL,4.691098620668299e-09,4.570904210687843e-10
g198737,0,0,0,15048,11538,15372,11808,0,0,0,NOR2x1_ASAP7_75t_SL,3.0570346254421565e-09,1.3770156126469146e-09
g198738,0,0,0,16398,11268,16722,11538,0,0,0,AO21x1_ASAP7_75t_SL,1.0067660483059626e-08,1.2913972734056312e-13
g198739,0,0,0,16128,11268,16398,11538,0,0,0,NAND3xp33_ASAP7_75t_L,1.979831021348133e-10,1.574529048808948e-11
g198740,0,0,0,12942,10728,13266,10998,0,0,0,AOI22xp33_ASAP7_75t_SL,3.2068232513893236e-09,3.4269817206222797e-07
g198741,0,0,0,10242,10458,10566,10728,0,0,0,AOI22xp33_ASAP7_75t_SL,3.2068232513893236e-09,3.3212873518095876e-07
g198742,0,0,0,9918,10458,10242,10728,0,0,0,AOI22xp5_ASAP7_75t_SL,4.954089138919926e-09,4.1797932226472767e-07
g198743,0,0,0,17046,11268,17370,11538,0,0,0,NAND4xp25_ASAP7_75t_SL,5.142958503512318e-09,6.845647382291986e-10
g198744,0,0,0,12510,8568,12726,8838,0,0,0,NAND2xp5_ASAP7_75t_L,4.6303466616492983e-10,4.319472557412496e-10
g198746,0,0,0,9378,8568,9594,8838,0,0,0,NAND2xp5_ASAP7_75t_SL,4.5916483948360565e-09,4.921839047433707e-10
g198747,0,0,0,13644,7488,13860,7758,0,0,0,NAND2xp5_ASAP7_75t_L,4.765963179664823e-10,3.836655437794434e-10
g198749,0,0,0,9432,7218,9648,7488,0,0,0,NAND2xp5_ASAP7_75t_SL,4.691098620668299e-09,4.693105348785309e-10
g198750,0,0,0,12240,10998,12564,11268,0,0,0,AOI22xp5_ASAP7_75t_SL,4.954089138919926e-09,5.016203203922487e-07
g198751,0,0,0,9702,7758,9918,8028,0,0,0,NAND2xp5_ASAP7_75t_L,4.765963179664823e-10,4.0504705145494313e-10
g198753,0,0,0,9648,9918,9972,10188,0,0,0,AO21x1_ASAP7_75t_L,6.464067059397394e-10,1.0172528845941997e-06
g198754,0,0,0,13050,7218,13266,7488,0,0,0,NAND2xp33_ASAP7_75t_SL,3.1272950895555596e-09,5.84505555067949e-10
g198755,0,0,0,11646,6948,11862,7218,0,0,0,NAND2xp5_ASAP7_75t_L,4.765963179664823e-10,4.1174297304991114e-10
g198756,0,0,0,13482,8298,13698,8568,0,0,0,NAND2xp5_ASAP7_75t_SL,4.5916483948360565e-09,4.965021727088015e-10
g198757,0,0,0,9702,7218,9918,7488,0,0,0,NAND2xp5_ASAP7_75t_L,4.765963179664823e-10,4.10067702016903e-10
g198758,0,0,0,12240,6948,12456,7218,0,0,0,NAND2xp5_ASAP7_75t_L,4.765963179664823e-10,4.2553843782044964e-10
g198781,0,0,0,33300,11538,33624,11808,0,1,0,BUFx3_ASAP7_75t_SL,2.0500600328432483e-08,4.814787562280272e-18
g198782,0,0,0,33624,11538,33786,11808,0,0,1,INVxp33_ASAP7_75t_L,1.6191900598094833e-10,4.56344583802389e-19
g198833,0,0,0,34974,4788,35298,5058,0,0,0,NAND2x1_ASAP7_75t_SL,1.0073673450960996e-08,1.0192754729132503e-07
g199,0,0,0,29520,31788,29682,32058,0,0,1,INVxp33_ASAP7_75t_SL,1.7043624289669879e-09,2.14708464341129e-08
g199173,0,0,0,27144,32598,27792,32868,0,0,0,AND2x6_ASAP7_75t_SL,4.4403101640000386e-08,5.720617935519451e-14
g199174,0,0,0,29034,37998,29250,38268,0,0,0,NAND2xp5_ASAP7_75t_SL,6.714044431532784e-09,6.102114724626517e-08
g199186,0,0,0,32922,13968,33246,14238,0,0,0,AOI31xp33_ASAP7_75t_SL,3.3794600451386714e-09,0.0
g199211,0,0,0,12240,19638,12510,19908,0,0,0,NOR3xp33_ASAP7_75t_SL,6.646390104947386e-09,4.5554634198197164e-07
g199212,0,0,0,17154,19638,17424,19908,0,0,0,OAI21xp5_ASAP7_75t_SL,6.670274554920752e-09,5.9688454712159e-07
g199213,0,0,0,11970,19638,12240,19908,0,0,0,OAI21xp5_ASAP7_75t_SL,6.9207524155956435e-09,4.3973848562472995e-08
g199216,0,0,0,20556,39078,20880,39348,0,0,0,AND2x2_ASAP7_75t_SL,1.695224938202955e-08,1.2145511618655291e-07
g199218,0,0,0,20340,38808,20664,39078,0,0,0,AOI22xp33_ASAP7_75t_SL,2.4552500033081515e-09,0.0
g199219,0,0,0,22338,37188,22662,37458,0,0,0,OAI211xp5_ASAP7_75t_SL,7.71693287049402e-09,4.189930180586998e-08
g199220,0,0,0,23580,33408,23904,33678,0,0,0,A2O1A1Ixp33_ASAP7_75t_SL,5.696225269247179e-09,1.1476876227544593e-17
g199221,0,0,0,22770,32058,23148,32328,0,0,0,OAI221xp5_ASAP7_75t_SL,7.559937564849406e-09,3.328923625645075e-08
g199240,0,0,0,42588,23688,42804,23958,0,0,0,NAND2xp5_ASAP7_75t_SL,6.714045319711204e-09,6.113889128300798e-08
g199334,0,0,0,22770,13968,23094,14238,0,0,0,AND2x2_ASAP7_75t_L,1.4685167526451437e-09,5.4701359886166756e-08
g199344,0,0,0,40104,30978,40428,31248,0,0,0,OAI211xp5_ASAP7_75t_SL,1.0061957489426732e-08,2.6634612737552743e-08
g199410,0,0,0,24012,9108,24336,9378,0,0,0,AOI22xp5_ASAP7_75t_SL,8.520370187170556e-09,8.149171848393852e-15
g199521,0,0,0,38592,12888,38916,13158,0,0,0,OAI211xp5_ASAP7_75t_SL,1.0061957489426732e-08,3.005497006824953e-08
g199522,0,0,0,38592,12618,38808,12888,0,0,0,NAND2xp5_ASAP7_75t_SL,1.859943976612044e-09,2.2832791213289738e-10
g199621,0,0,0,27252,32328,27900,32598,0,0,0,AND2x6_ASAP7_75t_SL,4.046719936923182e-08,5.988460595462985e-14
g199622,0,0,0,27036,32058,27684,32328,0,0,0,AND2x6_ASAP7_75t_SL,3.407139814726179e-08,0.0
g199623,0,0,0,33246,40698,33462,40968,0,0,0,NAND2xp5_ASAP7_75t_SL,6.714044431532784e-09,6.444742695066452e-08
g199624,0,0,0,32868,41508,33192,41778,0,0,0,AOI22xp5_ASAP7_75t_SL,3.6828700089586164e-09,0.0
g199637,0,0,0,17964,39078,18288,39348,0,0,0,AOI22xp5_ASAP7_75t_SL,8.462819778287667e-09,0.0
g199705,0,0,0,29088,30168,29358,30438,0,0,0,NOR3xp33_ASAP7_75t_SL,1.497476476153281e-09,2.969986986583301e-15
g2,0,0,0,18666,9918,19152,10188,0,0,0,XNOR2xp5_ASAP7_75t_SL,1.5157700872237e-08,0.0
g20,0,0,0,17100,18018,18180,18288,0,0,0,NOR3x2_ASAP7_75t_SL,1.360111578918577e-08,1.6787021195341367e-06
g200045,0,0,0,15750,40968,15912,41238,0,0,1,INVxp33_ASAP7_75t_R,8.766407738614035e-12,3.912142801709706e-06
g200047,0,0,0,14994,40698,15210,40968,0,0,0,NAND2xp33_ASAP7_75t_L,2.1005866490675373e-10,6.721134013787378e-07
g200049,0,0,0,15318,40158,15588,40428,0,0,0,NAND3xp33_ASAP7_75t_SL,2.902046158936855e-09,2.935682914539939e-06
g200140,0,0,0,28818,36108,29142,36378,0,0,0,AOI22xp5_ASAP7_75t_SL,8.520370187170556e-09,7.978841993030485e-15
g200141,0,0,0,27252,37188,27576,37458,0,0,1,INVx4_ASAP7_75t_SL,2.0572800352169907e-08,2.555072767810229e-15
g200142,0,0,0,27144,36918,27900,37188,0,0,0,AND3x4_ASAP7_75t_SL,2.3946903127125552e-08,2.302772146009274e-15
g200143,0,0,0,30708,37188,31032,37458,0,0,0,AOI22xp5_ASAP7_75t_SL,8.635570480919341e-09,8.075761196921216e-15
g200144,0,0,0,27252,36648,27630,36918,0,0,1,INVx5_ASAP7_75t_SL,2.5715900520140167e-08,3.3064341907051032e-15
g200145,0,0,0,30168,36378,30492,36648,0,0,0,AOI22xp5_ASAP7_75t_SL,8.635570480919341e-09,8.223423603583111e-15
g200146,0,0,0,28062,41508,28386,41778,0,0,0,AOI22xp5_ASAP7_75t_SL,8.635570480919341e-09,8.394083801795908e-15
g200147,0,0,0,31626,37188,31950,37458,0,0,0,AOI22xp5_ASAP7_75t_SL,8.635570480919341e-09,8.534663318952862e-15
g200148,0,0,0,32490,34218,32814,34488,0,0,0,AOI22xp5_ASAP7_75t_SL,8.520370187170556e-09,8.072627175016375e-15
g200149,0,0,0,31140,35298,31464,35568,0,0,0,AOI22xp5_ASAP7_75t_SL,8.635570480919341e-09,8.096405083911698e-15
g200150,0,0,0,31896,38538,32220,38808,0,0,0,AOI22xp5_ASAP7_75t_SL,8.635570480919341e-09,7.900079787397096e-15
g200151,0,0,0,27900,36108,28224,36378,0,0,0,AOI22xp5_ASAP7_75t_SL,8.520370187170556e-09,9.452572595101613e-15
g200152,0,0,0,32382,40428,32706,40698,0,0,0,AOI22xp5_ASAP7_75t_SL,8.635570480919341e-09,8.212912771740633e-15
g200153,0,0,0,31410,41778,31734,42048,0,0,0,AOI22xp5_ASAP7_75t_SL,8.635570480919341e-09,7.822503427889864e-15
g200154,0,0,0,31248,42048,31572,42318,0,0,0,AOI22xp5_ASAP7_75t_SL,8.635570480919341e-09,8.481628892059376e-15
g200155,0,0,0,28926,34758,29250,35028,0,0,0,AOI22xp5_ASAP7_75t_SL,8.635570480919341e-09,8.818569281114717e-15
g200156,0,0,0,28116,42318,28440,42588,0,0,0,AOI22xp5_ASAP7_75t_SL,8.635570480919341e-09,8.242128632157328e-15
g200157,0,0,0,29682,40698,30006,40968,0,0,0,AOI22xp5_ASAP7_75t_SL,8.520370187170556e-09,8.05343425546454e-15
g200158,0,0,0,29574,42318,29898,42588,0,0,0,AOI22xp33_ASAP7_75t_SL,5.7570401779116764e-09,6.979453229553553e-15
g200159,0,0,0,27468,39348,27792,39618,0,0,0,AOI22xp5_ASAP7_75t_SL,8.520370187170556e-09,7.93883154473398e-15
g200160,0,0,0,32598,39078,32922,39348,0,0,0,AOI22xp5_ASAP7_75t_SL,8.635570480919341e-09,7.969930359392422e-15
g200161,0,0,0,32490,36108,32814,36378,0,0,0,AOI22xp5_ASAP7_75t_SL,8.635570480919341e-09,8.429373735477363e-15
g200162,0,0,0,28224,39078,28548,39348,0,0,0,AOI22xp5_ASAP7_75t_SL,8.520370187170556e-09,8.367236245499735e-15
g200163,0,0,0,30654,41508,30978,41778,0,0,0,AOI22xp5_ASAP7_75t_SL,8.520370187170556e-09,8.529530299292501e-15
g200164,0,0,0,32004,36378,32328,36648,0,0,0,AOI22xp5_ASAP7_75t_SL,8.520370187170556e-09,8.321624368323038e-15
g200165,0,0,0,31086,39348,31410,39618,0,0,0,AOI22xp5_ASAP7_75t_SL,8.520370187170556e-09,8.65113289029917e-15
g200166,0,0,0,31518,38538,31842,38808,0,0,0,AOI22xp5_ASAP7_75t_SL,8.520370187170556e-09,8.17594063062593e-15
g200168,0,0,0,27738,38268,28062,38538,0,0,0,AOI22xp5_ASAP7_75t_SL,8.520370187170556e-09,7.632392812109267e-15
g200169,0,0,0,32058,42858,32382,43128,0,0,0,AOI22xp5_ASAP7_75t_SL,8.520370187170556e-09,7.824165306532377e-15
g200170,0,0,0,29628,37728,29952,37998,0,0,0,AOI22xp5_ASAP7_75t_SL,8.520370187170556e-09,8.265039179314662e-15
g200173,0,0,0,30114,35568,30438,35838,0,0,0,AOI22xp5_ASAP7_75t_SL,8.635570480919341e-09,8.493389944532002e-15
g200174,0,0,0,31302,36108,31626,36378,0,0,0,AOI22xp5_ASAP7_75t_SL,8.635570480919341e-09,8.553030381381124e-15
g200191,0,0,0,25092,27468,25308,27738,0,0,1,INVx2_ASAP7_75t_SL,1.0226175461980347e-08,1.7579580458004784e-07
g200192,0,0,0,18612,17208,18936,17478,0,0,0,OAI22xp5_ASAP7_75t_SL,4.641406370353707e-09,2.0709771320071013e-07
g200193,0,0,0,27198,30438,27522,30708,0,0,0,AND2x2_ASAP7_75t_SL,1.695224938202955e-08,2.1295527119491453e-07
g200194,0,0,0,28656,32058,28980,32328,0,0,0,AO21x1_ASAP7_75t_SL,6.919918416059545e-09,4.102578832210213e-10
g200195,0,0,0,28818,31788,29142,32058,0,1,0,BUFx3_ASAP7_75t_SL,2.0380573673151048e-08,1.6468007402181684e-07
g200196,0,0,0,24174,27738,24444,28008,0,0,1,INVx3_ASAP7_75t_SL,1.5103255535109383e-08,2.1565044505678088e-07
g200197,0,0,0,30168,30438,30708,30708,0,0,0,OAI222xp33_ASAP7_75t_SL,8.015270225314453e-09,4.158860633651784e-08
g200217,0,0,0,26118,8568,26442,8838,0,0,0,AND2x2_ASAP7_75t_L,1.6800441038355984e-09,7.236742760596826e-08
g200239,0,0,0,36054,11538,36594,11808,0,0,0,AND2x4_ASAP7_75t_SL,3.410449878060717e-08,3.6474441495555274e-14
g200241,0,0,0,36486,10458,36810,10728,0,0,0,NAND2x1_ASAP7_75t_SL,1.0073673450960996e-08,8.040818499921443e-08
g200242,0,0,0,35460,8298,35784,8568,0,0,0,AOI22xp5_ASAP7_75t_SL,6.829345533532205e-09,4.771874273501453e-08
g200276,0,0,0,34974,5058,35298,5328,0,0,0,AOI22xp5_ASAP7_75t_SL,3.6828700089586164e-09,0.0
g200312,0,0,0,16830,11268,17046,11538,0,0,0,NOR2xp33_ASAP7_75t_R,3.5800497982796387e-11,4.4415937805941316e-14
g200315,0,0,0,17370,11268,17640,11538,0,0,0,NAND3xp33_ASAP7_75t_SL,4.973542022668198e-09,0.0
g200340,0,0,0,13968,11808,14292,12078,0,1,0,BUFx3_ASAP7_75t_SL,2.010719235556735e-08,3.111883870587917e-07
g200341,0,0,0,10350,9918,10566,10188,0,0,0,NAND2xp5_ASAP7_75t_SL,2.9358748765417886e-09,3.088902644776681e-07
g200342,0,0,0,11160,9648,11376,9918,0,0,1,INVx2_ASAP7_75t_SL,1.016630690742204e-08,1.344244395795613e-07
g200343,0,0,0,12024,10998,12240,11268,0,0,0,NAND2xp5_ASAP7_75t_SL,2.964508638569896e-09,4.037438259274495e-07
g200344,0,0,0,11592,10728,11754,10998,0,0,1,INVx1_ASAP7_75t_SL,5.08315345371102e-09,9.10866759795681e-08
g200345,0,0,0,11484,9378,11808,9648,0,0,0,AOI22xp5_ASAP7_75t_SL,4.8577359912371776e-09,4.845148851018166e-07
g200346,0,0,0,10782,7218,10944,7488,0,0,1,INVx1_ASAP7_75t_SL,5.004972436495336e-09,6.502614269265905e-08
g200347,0,0,0,10404,9378,10728,9648,0,0,0,AOI22xp5_ASAP7_75t_SL,4.8577359912371776e-09,4.4355789441397064e-07
g200348,0,0,0,12348,11268,12564,11538,0,0,0,NAND2xp5_ASAP7_75t_SL,2.9358748765417886e-09,3.679832616398926e-07
g200349,0,0,0,10620,10728,10836,10998,0,0,0,NAND2xp5_ASAP7_75t_SL,2.9358748765417886e-09,3.334778568842012e-07
g200411,0,0,0,12078,20718,12402,20988,0,1,0,BUFx3_ASAP7_75t_SL,2.010719235556735e-08,2.753811827460595e-07
g200412,0,0,0,7434,18558,7650,18828,0,0,1,INVx2_ASAP7_75t_SL,1.016630690742204e-08,1.8185679095950036e-07
g200413,0,0,0,3978,18828,4302,19098,0,0,0,OAI22xp5_ASAP7_75t_SL,9.850587012749656e-09,1.4456509234150872e-07
g200414,0,0,0,4734,18828,5004,19098,0,1,0,BUFx2_ASAP7_75t_SL,1.3404763521407403e-08,2.2031416335721588e-07
g200415,0,0,0,4248,19098,4572,19368,0,0,0,OAI22xp5_ASAP7_75t_SL,9.850587012749656e-09,1.3657219710694335e-07
g200417,0,0,0,3708,16668,4032,16938,0,0,0,OAI211xp5_ASAP7_75t_SL,2.309624269614119e-09,1.1624810003496577e-09
g200418,0,0,0,7110,16668,7380,16938,0,0,0,OAI21xp5_ASAP7_75t_SL,2.31037677878021e-09,1.4849880214384825e-09
g200419,0,0,0,4032,16668,4356,16938,0,0,0,OAI211xp5_ASAP7_75t_L,2.448766467377794e-10,7.008336133651483e-10
g200420,0,0,0,7110,16938,7380,17208,0,0,0,OAI21xp5_ASAP7_75t_SL,2.31037677878021e-09,1.503978164230091e-09
g200463,0,0,0,37944,30978,38322,31248,0,0,0,OAI221xp5_ASAP7_75t_SL,7.611425267839422e-09,5.257837164919033e-15
g200464,0,0,0,37944,30708,38106,30978,0,0,1,INVx1_ASAP7_75t_SL,5.1130877309901734e-09,2.0284730339881207e-08
g200520,0,0,0,10242,15588,10566,15858,0,0,0,AOI22xp5_ASAP7_75t_SL,1.0055989818624766e-08,6.535155310785287e-14
g200558,0,0,0,27954,12348,28332,12618,0,0,0,AOI221xp5_ASAP7_75t_SL,5.897593080561592e-09,2.6249813615624416e-15
g200559,0,0,0,27846,8838,28170,9108,0,0,0,NAND4xp25_ASAP7_75t_SL,1.3426257439164146e-08,3.563227934932911e-08
g200560,0,0,0,27738,8568,27954,8838,0,0,0,NAND2xp5_ASAP7_75t_L,5.181733375714259e-10,1.9961301944704246e-08
g200561,0,0,0,27954,9108,28170,9378,0,0,0,NAND2xp5_ASAP7_75t_SL,1.859943976612044e-09,1.5474260761649816e-10
g200562,0,0,0,31140,8838,31464,9108,0,0,0,AOI22xp33_ASAP7_75t_L,2.5257401725653494e-10,0.0
g200563,0,0,0,27414,8838,27738,9108,0,0,0,AOI22xp33_ASAP7_75t_L,2.532256904164143e-10,1.3612360504671665e-15
g200565,0,0,0,37782,31788,38430,32058,0,0,0,AND2x6_ASAP7_75t_SL,4.046719936923182e-08,6.662745577696097e-14
g200566,0,0,0,41832,32598,42048,32868,0,0,0,NOR2xp33_ASAP7_75t_SL,3.40914119156821e-09,2.4980714385947067e-08
g200567,0,0,0,43236,32598,43722,32868,0,0,0,AO22x1_ASAP7_75t_SL,9.669868461514852e-09,5.851710938031829e-08
g200568,0,0,0,42048,32598,42318,32868,0,0,0,OAI21xp5_ASAP7_75t_SL,2.2789736764394775e-09,2.1486182277818955e-10
g200637,0,0,0,17748,19638,17964,19908,0,0,0,NAND2xp5_ASAP7_75t_SL,6.741676550348075e-09,1.5468820890873758e-08
g200638,0,0,0,17424,19638,17748,19908,0,0,0,AOI22xp5_ASAP7_75t_SL,4.212822535265559e-09,9.091146502271386e-09
g200639,0,0,0,17964,19908,18180,20178,0,0,0,NAND2xp5_ASAP7_75t_SL,2.2592185899839023e-09,3.506236634365223e-09
g200646,0,0,0,11052,22878,11376,23148,0,0,0,AND3x1_ASAP7_75t_SL,7.372847221631673e-09,4.242261542053427e-10
g200650,0,0,0,35730,30978,35946,31248,0,0,0,NOR2xp33_ASAP7_75t_R,3.0844188314560483e-11,3.5306020260139626e-12
g200652,0,0,0,36216,30978,36432,31248,0,0,0,NAND2xp5_ASAP7_75t_SL,1.8409799240615143e-09,0.0
g200830,0,0,0,27900,40158,28224,40428,0,0,0,AOI22xp33_ASAP7_75t_SL,2.4552500033081515e-09,0.0
g200832,0,0,0,27792,42318,28116,42588,0,0,0,AOI22xp5_ASAP7_75t_SL,3.6828700089586164e-09,0.0
g200833,0,0,0,28872,39348,29196,39618,0,0,0,AOI22xp33_ASAP7_75t_SL,4.629255645482999e-09,2.5663300817768686e-08
g200835,0,0,0,27900,32058,28116,32328,0,1,0,HB1xp67_ASAP7_75t_SL,5.092500199310734e-09,0.0
g200836,0,0,0,29250,36648,29574,36918,0,0,0,AOI22xp5_ASAP7_75t_SL,6.943870367592808e-09,3.986428964708466e-08
g200837,0,0,0,29790,41508,30114,41778,0,0,0,AOI22xp33_ASAP7_75t_SL,2.4552500033081515e-09,0.0
g200838,0,0,0,31248,42318,31572,42588,0,0,0,AOI22xp5_ASAP7_75t_SL,3.6828700089586164e-09,0.0
g200839,0,0,0,30114,38538,30438,38808,0,0,0,AOI22xp33_ASAP7_75t_SL,4.552903831722688e-09,2.6544721976051733e-08
g200840,0,0,0,29412,32328,29898,32598,0,0,0,AO22x1_ASAP7_75t_SL,9.669868461514852e-09,5.457963681010369e-08
g200841,0,0,0,27738,41508,28062,41778,0,0,0,AOI22xp33_ASAP7_75t_SL,2.4552500033081515e-09,0.0
g200844,0,0,0,33948,40428,34272,40698,0,0,0,AOI22xp33_ASAP7_75t_SL,4.62925342503695e-09,2.62455550625873e-08
g200845,0,0,0,33948,41778,34272,42048,0,0,0,AOI22xp5_ASAP7_75t_SL,6.829345533532205e-09,3.558509220624728e-08
g200846,0,0,0,33948,43128,34272,43398,0,0,0,AOI22xp5_ASAP7_75t_SL,6.829345533532205e-09,3.823152638915417e-08
g200847,0,0,0,28386,32328,28710,32598,0,0,0,AOI22xp5_ASAP7_75t_SL,6.829345533532205e-09,4.463404934540449e-08
g200848,0,0,0,33948,42858,34272,43128,0,0,0,AOI22xp5_ASAP7_75t_SL,6.829345533532205e-09,3.461918396396868e-08
g200850,0,0,0,32976,32868,33300,33138,0,0,0,AOI22xp5_ASAP7_75t_SL,6.829345533532205e-09,3.2572543773312645e-08
g200851_dup,0,0,0,33462,34488,34002,34758,0,0,0,AND2x4_ASAP7_75t_SL,2.3941598925603103e-08,0.0
g200852,0,0,0,29304,42048,29628,42318,0,0,0,AOI22xp33_ASAP7_75t_SL,4.552903831722688e-09,2.5626775368436938e-08
g200936,0,0,0,29466,29898,29790,30168,0,1,0,BUFx3_ASAP7_75t_SL,2.0225586538913376e-08,1.8642450072547945e-07
g200938,0,0,0,33894,32328,34110,32598,0,0,0,NAND2xp5_ASAP7_75t_SL,1.850675057646356e-09,5.048225375768249e-18
g201204,0,0,0,22068,9378,22284,9648,0,1,0,HB1xp67_ASAP7_75t_L,4.973330081092797e-10,0.0
g201208,0,0,0,26334,3978,26658,4248,0,0,0,AOI22xp5_ASAP7_75t_SL,3.6828700089586164e-09,0.0
g201209,0,0,0,22068,4518,22392,4788,0,0,0,AOI22xp33_ASAP7_75t_SL,2.4552500033081515e-09,0.0
g201210,0,0,0,29736,4248,30060,4518,0,0,0,AOI22xp5_ASAP7_75t_SL,3.6828700089586164e-09,0.0
g201211,0,0,0,25038,4248,25362,4518,0,0,0,AOI22xp5_ASAP7_75t_SL,3.6828700089586164e-09,0.0
g201213,0,0,0,21258,6408,21582,6678,0,0,0,AOI22xp33_ASAP7_75t_SL,4.62925342503695e-09,2.987599856396628e-08
g201214,0,0,0,30546,8028,30870,8298,0,0,0,AOI22xp5_ASAP7_75t_SL,3.6828700089586164e-09,0.0
g201215,0,0,0,24768,8838,25308,9108,0,0,0,AND2x4_ASAP7_75t_SL,2.3941598925603103e-08,0.0
g201216,0,0,0,30600,6678,30924,6948,0,0,0,AOI22xp5_ASAP7_75t_SL,3.6828700089586164e-09,0.0
g201217,0,0,0,30168,4518,30492,4788,0,0,0,AOI22xp5_ASAP7_75t_SL,6.829345533532205e-09,4.641746542688452e-08
g201220,0,0,0,30114,5598,30438,5868,0,0,0,AOI22xp5_ASAP7_75t_SL,6.943870367592808e-09,4.522102159398855e-08
g201222,0,0,0,23742,8568,24066,8838,0,0,0,AOI22xp33_ASAP7_75t_SL,2.4552500033081515e-09,0.0
g201223,0,0,0,30006,6678,30330,6948,0,0,0,AOI22xp5_ASAP7_75t_SL,6.829345533532205e-09,5.637211586417834e-08
g201225,0,0,0,23310,4788,23634,5058,0,0,0,AOI22xp5_ASAP7_75t_SL,6.829349086245884e-09,3.993434205540325e-08
g201226,0,0,0,27792,4248,28116,4518,0,0,0,AOI22xp5_ASAP7_75t_SL,3.6828700089586164e-09,0.0
g201227,0,0,0,21150,7218,21474,7488,0,0,0,AOI22xp5_ASAP7_75t_SL,6.829349086245884e-09,4.018636445835e-08
g202202,0,0,0,28548,30438,28872,30708,0,0,0,NAND2x1_ASAP7_75t_SL,1.0266409944392763e-08,1.318052004345427e-12
g202203,0,0,0,26172,27468,26550,27738,0,0,0,AND3x2_ASAP7_75t_SL,1.198223742449045e-08,2.88223655012243e-12
g202272,0,0,0,33786,20178,34110,20448,0,0,0,AOI22xp5_ASAP7_75t_SL,6.829345533532205e-09,4.481300663883303e-08
g202287,0,0,0,34812,9648,35136,9918,0,0,0,AOI22xp5_ASAP7_75t_SL,8.41263858575303e-09,3.368387524460559e-08
g202288,0,0,0,34812,5868,35136,6138,0,0,0,AOI22xp5_ASAP7_75t_SL,8.41263858575303e-09,3.29709166635439e-08
g202289,0,0,0,37188,10458,37512,10728,0,0,0,AOI22xp5_ASAP7_75t_SL,8.41263858575303e-09,3.446174190457896e-08
g202290,0,0,0,34272,6408,34596,6678,0,0,0,AOI22xp5_ASAP7_75t_SL,8.41263858575303e-09,3.48763222746129e-08
g202292,0,0,0,41454,5328,41778,5598,0,0,0,AOI22xp5_ASAP7_75t_SL,8.41263858575303e-09,3.4562098960577714e-08
g202293,0,0,0,36108,6408,36432,6678,0,0,0,AOI22xp5_ASAP7_75t_SL,8.41263858575303e-09,3.250601565696343e-08
g202294,0,0,0,38052,4788,38376,5058,0,0,0,AOI22xp5_ASAP7_75t_SL,8.41263858575303e-09,3.165513007274967e-08
g202295,0,0,0,40860,9918,41184,10188,0,0,0,AOI22xp5_ASAP7_75t_SL,8.41263858575303e-09,3.513424218226646e-08
g202297,0,0,0,38268,9918,38592,10188,0,0,0,AOI22xp5_ASAP7_75t_SL,8.41263858575303e-09,3.4062406228940745e-08
g202298,0,0,0,40374,8838,40698,9108,0,0,0,AOI22xp5_ASAP7_75t_SL,8.41263858575303e-09,3.295670225611502e-08
g202299,0,0,0,39996,6408,40320,6678,0,0,0,AOI22xp5_ASAP7_75t_SL,8.41263858575303e-09,3.495991762747508e-08
g202300,0,0,0,37512,10458,37836,10728,0,0,0,AOI22xp5_ASAP7_75t_SL,8.41263858575303e-09,3.20397326447619e-08
g202301,0,0,0,38322,6408,38646,6678,0,0,0,AOI22xp5_ASAP7_75t_SL,8.41263858575303e-09,3.433650164197388e-08
g202302,0,0,0,41616,9378,41940,9648,0,0,0,AOI22xp5_ASAP7_75t_SL,8.41263858575303e-09,3.28717568720549e-08
g202303,0,0,0,34218,4788,34542,5058,0,0,0,AOI22xp5_ASAP7_75t_SL,8.41263858575303e-09,3.31644436357692e-08
g202304,0,0,0,41886,10458,42210,10728,0,0,0,AOI22xp5_ASAP7_75t_SL,8.41263858575303e-09,3.456907649024288e-08
g202305,0,0,0,34218,10998,34542,11268,0,0,0,AOI22xp5_ASAP7_75t_SL,8.41263858575303e-09,3.279464522165654e-08
g202306,0,0,0,41562,10458,41886,10728,0,0,0,AOI22xp5_ASAP7_75t_SL,8.41263858575303e-09,3.214964294784295e-08
g202307,0,0,0,38160,7758,38484,8028,0,0,0,AOI22xp5_ASAP7_75t_SL,8.41263858575303e-09,3.35147802843494e-08
g202308,0,0,0,41400,8028,41724,8298,0,0,0,AOI22xp5_ASAP7_75t_SL,8.41263858575303e-09,3.295913941769868e-08
g202309,0,0,0,40320,10458,40644,10728,0,0,0,AOI22xp5_ASAP7_75t_SL,8.41263858575303e-09,3.4845953678086516e-08
g202310,0,0,0,37080,7488,37404,7758,0,0,0,AOI22xp5_ASAP7_75t_SL,8.41263858575303e-09,3.2826257267970504e-08
g202311,0,0,0,39834,7758,40158,8028,0,0,0,AOI22xp5_ASAP7_75t_SL,8.41263858575303e-09,3.352974431436451e-08
g202312,0,0,0,41778,6678,42102,6948,0,0,0,AOI22xp5_ASAP7_75t_SL,8.41263858575303e-09,3.1978071746152636e-08
g202313,0,0,0,41832,9108,42156,9378,0,0,0,AOI22xp5_ASAP7_75t_SL,8.41263858575303e-09,3.277446580796095e-08
g202314,0,0,0,40536,4518,40860,4788,0,0,0,AOI22xp5_ASAP7_75t_SL,8.41263858575303e-09,3.363228273656205e-08
g202315,0,0,0,35676,4788,36000,5058,0,0,0,AOI22xp5_ASAP7_75t_SL,8.41263858575303e-09,3.386475100342068e-08
g202316,0,0,0,36324,5058,36648,5328,0,0,0,AOI22xp5_ASAP7_75t_SL,8.41263858575303e-09,3.320153751928956e-08
g202318,0,0,0,41022,7488,41346,7758,0,0,0,AOI22xp5_ASAP7_75t_SL,8.41263858575303e-09,3.357508404633336e-08
g202323,0,0,0,35028,19638,35244,19908,0,0,0,NAND2xp5_ASAP7_75t_SL,6.714045319711204e-09,4.1547956186605006e-08
g202325,0,0,0,36162,19098,36432,19368,0,0,0,AOI21xp5_ASAP7_75t_SL,5.280162529430754e-09,2.0429414013072283e-15
g202326,0,0,0,36216,20178,36540,20448,0,0,0,AOI31xp33_ASAP7_75t_SL,1.8918007160806383e-09,1.7845717884391963e-15
g202327,0,0,0,36864,20178,37188,20448,0,0,0,AOI22xp33_ASAP7_75t_SL,2.4741082516044344e-09,1.460282866849738e-10
g202328,0,0,0,36540,20178,36864,20448,0,0,0,AOI22xp33_ASAP7_75t_SL,2.4617128335790994e-09,0.0
g202329,0,0,0,35244,19908,35460,20178,0,0,0,NAND2xp33_ASAP7_75t_SL,3.326082520516138e-09,2.0620582574792934e-08
g202330,0,0,0,36378,19908,36540,20178,0,0,1,INVxp33_ASAP7_75t_L,1.734779958573185e-10,3.1863894118730474e-13
g202336,0,0,0,11538,19908,11808,20178,0,0,0,NAND3xp33_ASAP7_75t_SL,5.8841806982457e-09,7.073595043038949e-07
g202337,0,0,0,7812,20178,8136,20448,0,0,0,AOI22xp5_ASAP7_75t_SL,4.1515648696588414e-09,5.890016296916656e-08
g202338,0,0,0,15696,18828,16074,19098,0,0,0,AOI221xp5_ASAP7_75t_SL,5.489228627197917e-09,2.601555024739355e-07
g202339,0,0,0,19260,19908,19530,20178,0,0,0,AOI21xp33_ASAP7_75t_SL,4.506008455251731e-09,6.011081836732046e-07
g202359,0,0,0,38970,20718,39240,20988,0,0,0,AOI21xp33_ASAP7_75t_SL,6.810999764184089e-09,2.4387738051245833e-08
g202360,0,0,0,39132,26658,39456,26928,0,0,0,OAI22xp5_ASAP7_75t_SL,2.9918143518159468e-09,3.297287081907704e-15
g202383,0,0,0,34110,25848,34434,26118,0,0,0,NAND2x1_ASAP7_75t_SL,1.0073675227317835e-08,7.63767857847597e-08
g202384,0,0,0,33894,26118,34218,26388,0,0,0,AOI22xp5_ASAP7_75t_SL,6.943870367592808e-09,3.9688252684300096e-08
g202447,0,0,0,34974,19368,35298,19638,0,0,0,AOI22xp33_ASAP7_75t_SL,4.552903831722688e-09,2.6215856152589367e-08
g202448,0,0,0,34380,23148,34650,23418,0,0,1,INVx3_ASAP7_75t_SL,1.54295989318598e-08,2.157144905409747e-14
g202672,0,0,0,28710,31518,29250,31788,0,0,0,AND2x4_ASAP7_75t_SL,3.0311245069469805e-08,6.255943679756015e-12
g202673,0,0,0,30870,33678,31194,33948,0,0,0,AOI22xp33_ASAP7_75t_R,3.6464400943181374e-11,0.0
g202674,0,0,0,31140,33138,31464,33408,0,0,0,AND2x2_ASAP7_75t_SL,1.1970799462801551e-08,0.0
g202675,0,0,0,31626,33948,31950,34218,0,0,0,AOI22xp33_ASAP7_75t_R,3.6464400943181374e-11,0.0
g202676,0,0,0,30654,33408,30978,33678,0,0,0,AOI22xp33_ASAP7_75t_L,2.5257401725653494e-10,0.0
g202677,0,0,0,34056,33948,34380,34218,0,0,0,AOI22xp33_ASAP7_75t_L,2.5257401725653494e-10,0.0
g202678,0,0,0,33462,33138,33786,33408,0,0,0,AOI22xp33_ASAP7_75t_L,2.5257401725653494e-10,0.0
g204759,0,0,0,32436,32328,32760,32598,0,0,0,AOI22xp33_ASAP7_75t_SL,4.55929427545243e-09,2.838947565919625e-08
g204761,0,0,0,30816,39078,31140,39348,0,0,0,AOI22xp5_ASAP7_75t_SL,3.6828700089586164e-09,0.0
g204762,0,0,0,31410,39348,31734,39618,0,0,0,AOI22xp5_ASAP7_75t_SL,6.943870367592808e-09,4.1143756845940516e-08
g204763,0,0,0,32760,32058,32976,32328,0,0,0,NAND2xp5_ASAP7_75t_L,1.9099891113150136e-10,1.29602509280069e-10
g204765,0,0,0,31464,32058,31626,32328,0,0,1,INVxp67_ASAP7_75t_SL,3.4087348499411974e-09,2.174818902744846e-08
g205395,0,0,0,32814,23148,33462,23418,0,0,0,AND2x6_ASAP7_75t_SL,3.407139814726179e-08,0.0
g205396,0,0,0,42804,20988,43128,21258,0,0,0,AOI22xp33_ASAP7_75t_SL,2.4552500033081515e-09,0.0
g205397,0,0,0,34272,20448,34596,20718,0,0,0,AOI22xp5_ASAP7_75t_SL,3.6828700089586164e-09,0.0
g205398,0,0,0,35244,22878,35568,23148,0,0,0,AOI22xp5_ASAP7_75t_SL,3.6828700089586164e-09,0.0
g205399,0,0,0,37782,20718,38106,20988,0,0,0,AOI22xp5_ASAP7_75t_SL,3.6828700089586164e-09,0.0
g205400,0,0,0,33948,21258,34272,21528,0,0,0,AOI22xp5_ASAP7_75t_SL,3.6828700089586164e-09,0.0
g205401,0,0,0,38700,22068,39024,22338,0,0,0,AOI22xp33_ASAP7_75t_SL,2.4552500033081515e-09,0.0
g205402,0,0,0,32328,22068,32814,22338,0,0,0,XOR2xp5_ASAP7_75t_L,1.1810400435408042e-09,0.0
g205403,0,0,0,41724,21528,42048,21798,0,0,0,AOI22xp5_ASAP7_75t_SL,3.6828700089586164e-09,0.0
g205404,0,0,0,35298,20718,35622,20988,0,0,0,AOI22xp33_ASAP7_75t_SL,2.4552500033081515e-09,0.0
g205405,0,0,0,36594,25038,36918,25308,0,0,0,AOI22xp33_ASAP7_75t_SL,2.4552500033081515e-09,0.0
g205406,0,0,0,42912,25308,43236,25578,0,0,0,AOI22xp33_ASAP7_75t_SL,2.4552500033081515e-09,0.0
g205407,0,0,0,43398,20448,43722,20718,0,0,0,AOI22xp33_ASAP7_75t_SL,2.4552500033081515e-09,0.0
g205408,0,0,0,36162,25308,36486,25578,0,0,0,AOI22xp5_ASAP7_75t_L,3.7885597437004037e-10,0.0
g205409,0,0,0,32814,21798,33138,22068,0,0,0,NAND2x1_ASAP7_75t_SL,3.6814900017390073e-09,0.0
g205410,0,0,0,34380,25308,34704,25578,0,0,0,AOI22xp5_ASAP7_75t_SL,3.6828700089586164e-09,0.0
g205411,0,0,0,37566,21528,37890,21798,0,0,0,AOI22xp5_ASAP7_75t_SL,3.6828700089586164e-09,0.0
g205412,0,0,0,34812,25848,35136,26118,0,0,0,AOI22xp33_ASAP7_75t_SL,2.4552500033081515e-09,0.0
g205413,0,0,0,41076,22878,41400,23148,0,0,0,AOI22xp5_ASAP7_75t_L,3.7885597437004037e-10,0.0
g205415,0,0,0,41670,20178,41994,20448,0,0,0,AOI22xp33_ASAP7_75t_L,2.5257401725653494e-10,0.0
g205416,0,0,0,36378,20448,36702,20718,0,0,0,AOI22xp33_ASAP7_75t_SL,2.4552500033081515e-09,0.0
g205417,0,0,0,37188,23688,37728,23958,0,0,0,AND2x4_ASAP7_75t_SL,2.3941598925603103e-08,0.0
g205419,0,0,0,29304,34488,29520,34758,0,0,0,NAND2xp5_ASAP7_75t_SL,6.714044431532784e-09,5.6016361327237973e-08
g205420,0,0,0,29250,34218,29574,34488,0,0,0,AOI22xp33_ASAP7_75t_SL,4.62925342503695e-09,2.517506558774585e-08
g205421,0,0,0,29196,35298,29520,35568,0,0,0,AOI22xp5_ASAP7_75t_SL,3.6828700089586164e-09,0.0
g205423,0,0,0,29790,30708,30006,30978,0,0,0,NAND2xp5_ASAP7_75t_SL,4.98926278069689e-09,2.5950935622631732e-08
g205517,0,0,0,25200,9108,25524,9378,0,0,0,AND2x2_ASAP7_75t_L,1.680043992813296e-09,7.273579427646837e-08
g205538,0,0,0,23688,11538,23904,11808,0,0,1,INVx2_ASAP7_75t_SL,1.0286400176084953e-08,2.1754598990286755e-12
g205710,0,0,0,23580,5328,23904,5598,0,0,0,NAND2x1_ASAP7_75t_SL,1.0073673450960996e-08,7.566669779635049e-08
g206130,0,0,0,27360,30708,27684,30978,0,0,0,A2O1A1Ixp33_ASAP7_75t_SL,2.71216316072298e-09,0.0
g206149,0,0,0,26874,28278,27144,28548,0,0,0,AOI21xp5_ASAP7_75t_SL,2.3317707764647366e-09,3.2380205287896313e-12
g206150,0,0,0,27684,29088,27900,29358,0,0,0,NAND2xp33_ASAP7_75t_SL,3.428514805392524e-09,2.4990101134270137e-12
g206151,0,0,0,26658,28548,26874,28818,0,0,0,NAND2xp33_ASAP7_75t_L,3.4803265824834284e-10,3.3291430723281223e-10
g206337,0,0,0,17964,31788,18342,32058,0,0,0,AOI221xp5_ASAP7_75t_SL,1.766125024005305e-09,4.510256317730166e-12
g206338,0,0,0,18234,31518,18396,31788,0,0,1,INVx1_ASAP7_75t_SL,5.064088259842947e-09,2.6339698651345334e-12
g206339,0,0,0,18234,30978,18450,31248,0,0,1,INVx2_ASAP7_75t_SL,1.0226175461980347e-08,1.1192094717671353e-07
g206949,0,0,0,31842,20448,32058,20718,0,0,0,NAND2xp5_ASAP7_75t_SL,5.133424796355257e-09,8.947581716343966e-13
g206950,0,0,0,31788,20178,31950,20448,0,0,1,INVx1_ASAP7_75t_L,5.173767525512574e-10,4.4296690759892954e-08
g206951,0,0,0,30168,20718,30492,20988,0,0,0,NOR2x1_ASAP7_75t_SL,1.0099624248027794e-08,1.1834988284525894e-12
g206952,0,0,0,30006,20448,30222,20718,0,0,0,NAND2xp5_ASAP7_75t_SL,6.714045319711204e-09,3.1233831521149114e-08
g206953,0,0,0,29952,20718,30168,20988,0,0,0,NAND2xp5_ASAP7_75t_SL,1.850675057646356e-09,7.709528545077338e-13
g207000,0,0,0,36540,18828,36864,19098,0,0,0,A2O1A1Ixp33_ASAP7_75t_SL,5.704259731231787e-09,1.6721595049102363e-17
g207116,0,0,0,36540,36648,36864,36918,0,0,0,AOI22xp5_ASAP7_75t_SL,6.829345533532205e-09,5.5811902655023005e-08
g207117,0,0,0,38646,32598,39024,32868,0,0,1,INVx5_ASAP7_75t_SL,2.5715900520140167e-08,4.448614328474154e-14
g207382,0,0,0,34110,39078,34272,39348,0,0,1,INVx1_ASAP7_75t_R,5.332539965152705e-11,0.0
g207385,0,0,0,34272,36648,34542,36918,0,0,1,INVx3_ASAP7_75t_SL,1.54295989318598e-08,0.0
g207467,0,0,0,39240,25038,39510,25308,0,0,0,OAI21xp5_ASAP7_75t_SL,6.554659925939177e-09,0.0
g207468,0,0,0,39186,25578,39348,25848,0,0,1,INVx1_ASAP7_75t_SL,5.143200088042477e-09,0.0
g207469,0,0,0,38862,24498,39078,24768,0,0,1,INVx2_ASAP7_75t_SL,1.0286400176084953e-08,0.0
g207470,0,0,0,39240,24498,39456,24768,0,0,0,NAND2xp5_ASAP7_75t_L,1.8909800114652597e-10,0.0
g207595,0,0,0,22014,9108,22554,9378,0,0,0,AND2x4_ASAP7_75t_SL,3.410449878060717e-08,3.32901227743064e-14
g207597,0,0,0,25038,3708,25254,3978,0,0,0,NAND2xp5_ASAP7_75t_SL,6.714044431532784e-09,6.577555922149259e-08
g207598,0,0,0,25092,4788,25416,5058,0,0,0,AOI22xp33_ASAP7_75t_SL,4.62925342503695e-09,2.701593260212576e-08
g207748,0,0,0,35622,19638,35784,19908,0,0,1,INVx1_ASAP7_75t_SL,5.1130877309901734e-09,3.855177865830228e-08
g207749,0,0,0,37998,19908,38214,20178,0,0,0,NAND2xp5_ASAP7_75t_SL,1.859943976612044e-09,1.509647823416671e-10
g207750,0,0,0,37026,20448,37242,20718,0,0,0,NAND2xp5_ASAP7_75t_R,2.71702538939822e-11,1.5787462762673087e-15
g207751,0,0,0,35784,19908,35946,20178,0,0,1,INVx1_ASAP7_75t_SL,5.143200088042477e-09,5.376039782616082e-13
g207843,0,0,0,40266,11808,40590,12078,0,0,0,AOI22xp33_ASAP7_75t_SL,2.4552500033081515e-09,0.0
g207848,0,0,0,14508,37458,14832,37728,0,0,0,OAI22xp5_ASAP7_75t_SL,9.505707332380098e-09,8.521635095348756e-07
g207849,0,0,0,15534,36918,15750,37188,0,0,1,INVx2_ASAP7_75t_SL,9.601166972572628e-09,1.4526083305099746e-06
g208465,0,0,0,6840,15048,7164,15318,0,0,0,AOI22xp5_ASAP7_75t_SL,6.869649737950567e-09,4.1355037019318702e-25
g208588,0,0,0,18234,40428,18558,40698,0,0,0,AOI22xp5_ASAP7_75t_SL,8.520370187170556e-09,0.0
g208862,0,0,0,13320,9648,13644,9918,0,0,0,AOI22xp33_ASAP7_75t_SL,6.243454198084919e-09,1.4706216799886818e-10
g208863,0,0,0,16290,8838,16938,9108,0,0,0,OR2x6_ASAP7_75t_SL,4.1001502637527665e-08,7.42278627452464e-10
g209203,0,0,0,20610,41238,20934,41508,0,0,0,AOI22xp5_ASAP7_75t_SL,8.520370187170556e-09,0.0
g209205,0,0,0,19422,34758,19962,35028,0,0,1,INVx8_ASAP7_75t_SL,4.0512301069384193e-08,0.0
g209218,0,0,0,1710,16668,2034,16938,0,0,0,AOI22xp5_ASAP7_75t_SL,1.0055989818624766e-08,0.0
g209219,0,0,0,8568,23688,9216,23958,0,0,0,AND2x6_ASAP7_75t_SL,3.407139814726179e-08,0.0
g209220,0,0,0,9324,22338,9972,22608,0,0,0,OR2x6_ASAP7_75t_SL,3.3840301227883174e-08,0.0
g209708,0,0,0,4194,35028,4518,35298,0,0,0,AOI22xp5_ASAP7_75t_SL,6.869653734753456e-09,0.0
g209721,0,0,0,1710,28818,2034,29088,0,0,0,AOI22xp5_ASAP7_75t_SL,1.0171085307320027e-08,0.0
g209722,0,0,0,11106,33948,11754,34218,0,0,0,OR2x6_ASAP7_75t_SL,3.3840301227883174e-08,0.0
g209801,0,0,0,3870,21528,4194,21798,0,0,0,AOI22xp5_ASAP7_75t_SL,1.0055989818624766e-08,6.923147222604592e-14
g209803,0,0,0,10134,15318,10458,15588,0,0,0,AOI22xp5_ASAP7_75t_SL,1.0055989818624766e-08,6.970224636186628e-14
g209805,0,0,0,9648,14238,9972,14508,0,0,0,AOI22xp5_ASAP7_75t_SL,1.0055989818624766e-08,7.170436119863233e-14
g209807,0,0,0,10242,17748,10566,18018,0,0,0,AOI22xp5_ASAP7_75t_SL,1.0055989818624766e-08,6.51209771870831e-14
g209813,0,0,0,5652,12618,5976,12888,0,0,0,AOI22xp5_ASAP7_75t_SL,6.869649737950567e-09,4.135225135424714e-25
g209819,0,0,0,2790,15318,3114,15588,0,0,0,AOI22xp5_ASAP7_75t_SL,6.869649737950567e-09,4.136366518546956e-25
g209875,0,0,0,3384,12348,3708,12618,0,0,0,AOI22xp5_ASAP7_75t_SL,6.869649737950567e-09,4.13502718064131e-25
g209881,0,0,0,4410,12348,4734,12618,0,0,0,AOI22xp5_ASAP7_75t_SL,6.869649737950567e-09,4.1351578357287374e-25
g21,0,0,0,10566,23418,10890,23688,0,0,1,INVx4_ASAP7_75t_SL,1.2753730516124051e-08,6.652210686297622e-06
g210032,0,0,0,6246,23688,6570,23958,0,0,0,AOI22xp5_ASAP7_75t_SL,6.869649737950567e-09,4.1239503409368428e-25
g210417,0,0,0,8622,19368,8946,19638,0,0,0,AOI22xp5_ASAP7_75t_SL,1.0171085307320027e-08,0.0
g210418,0,0,0,8028,18828,8352,19098,0,0,0,NAND2x1_ASAP7_75t_SL,3.7569893862610115e-09,1.7138923613657653e-09
g210419,0,0,0,7650,18558,7974,18828,0,0,0,AOI22xp5_ASAP7_75t_SL,9.400692668748434e-09,7.845071081646893e-08
g210420,0,0,0,8298,18558,8514,18828,0,0,0,NAND2xp5_ASAP7_75t_SL,6.674700347986118e-09,5.9058301360437326e-08
g210439,0,0,0,26604,18828,26928,19098,0,0,0,AOI22xp5_ASAP7_75t_SL,8.469839052338557e-09,3.685643079620604e-08
g210458,0,0,0,8460,20178,8784,20448,0,0,0,AOI22xp5_ASAP7_75t_SL,1.0055989818624766e-08,6.753514305950226e-14
g210505,0,0,0,30924,32328,31356,32598,0,0,0,O2A1O1Ixp5_ASAP7_75t_SL,6.148630937730104e-09,2.537005131528821e-15
g210507,0,0,0,30708,32598,30924,32868,0,0,0,NAND2xp5_ASAP7_75t_L,6.489597748071674e-10,1.687839173980521e-10
g210669,0,0,0,26874,21528,27198,21798,0,1,0,BUFx3_ASAP7_75t_R,2.003029964114944e-10,1.1035791169788922e-09
g210670,0,0,0,26064,26388,27036,26658,0,1,0,BUFx12f_ASAP7_75t_SL,8.200390055890239e-08,7.713807370635095e-09
g210671,0,0,0,26172,22608,26388,22878,0,0,0,NAND2xp5_ASAP7_75t_SL,5.143120151984704e-09,2.0557269775345333e-10
g210690,0,0,0,23256,15048,23526,15318,0,0,1,INVx3_ASAP7_75t_SL,7.655449607568698e-09,3.984790055255871e-06
g211398,0,0,0,17910,39618,18234,39888,0,0,0,AOI22xp5_ASAP7_75t_SL,3.6828700089586164e-09,0.0
g211406,0,0,0,31464,41238,31788,41508,0,0,0,AOI22xp5_ASAP7_75t_SL,3.6828700089586164e-09,0.0
g211407,0,0,0,27090,31788,27738,32058,0,0,0,AND2x6_ASAP7_75t_SL,4.046719936923182e-08,0.0
g211605,0,0,0,15966,40698,16182,40968,0,0,0,NAND2xp5_ASAP7_75t_SL,2.85641954533844e-09,4.7690982682979666e-06
g211606,0,0,0,15318,39348,15858,39618,0,0,0,AND2x4_ASAP7_75t_SL,3.232500134231486e-08,5.996399522700813e-06
g211697,0,0,0,28332,30168,28710,30438,0,0,0,OA21x2_ASAP7_75t_SL,1.2393749138084331e-08,1.2012711043452896e-14
g211698,0,0,0,26982,30168,27252,30438,0,0,0,OAI21xp33_ASAP7_75t_SL,1.50914936103419e-09,5.560340582470803e-15
g211860,0,0,0,28224,22338,28386,22608,0,0,1,INVxp33_ASAP7_75t_R,8.528100101101721e-12,1.9112319193936855e-07
g212080,0,0,0,23256,5328,23580,5598,0,0,0,AOI22xp5_ASAP7_75t_SL,3.6828700089586164e-09,0.0
g212105,0,0,0,6570,17208,6786,17478,0,0,0,NOR2xp33_ASAP7_75t_L,3.432308326445366e-10,3.399630443823298e-08
g212106,0,0,0,6678,16398,6840,16668,0,0,1,INVx1_ASAP7_75t_L,4.857479973807699e-10,6.131861129965444e-10
g212117,0,0,0,38214,19368,38376,19638,0,0,1,INVxp33_ASAP7_75t_SL,1.7043624289669879e-09,1.8485335928630775e-08
g212118,0,0,0,36648,23688,36864,23958,0,0,0,NAND2xp5_ASAP7_75t_SL,6.714044431532784e-09,5.041339079525642e-08
g212119,0,0,0,36486,23418,36810,23688,0,0,0,AOI22xp5_ASAP7_75t_SL,6.943870367592808e-09,3.4230374978960754e-08
g212120,0,0,0,36162,23418,36486,23688,0,0,0,AOI22xp33_ASAP7_75t_SL,2.4552500033081515e-09,0.0
g212122,0,0,0,37350,19638,37566,19908,0,0,0,NAND2xp5_ASAP7_75t_SL,1.859943976612044e-09,2.1894924762122514e-10
g212123,0,0,0,27090,30978,27306,31248,0,0,0,NOR2xp33_ASAP7_75t_SL,3.3735900739628732e-09,4.606945792733075e-13
g212124,0,0,0,27468,31518,27684,31788,0,0,1,INVx2_ASAP7_75t_SL,1.0128200500503226e-08,9.864542315591793e-15
g212125,0,0,0,29250,31518,29574,31788,0,0,1,INVx4_ASAP7_75t_SL,2.0572800352169907e-08,2.5151191893058034e-12
g212183,0,0,0,40698,26928,41022,27198,0,0,0,AOI22xp33_ASAP7_75t_SL,2.4617128335790994e-09,2.6641377888898766e-15
g212184,0,0,0,40428,26388,40644,26658,0,0,1,INVx2_ASAP7_75t_SL,1.0128200500503226e-08,1.7014937635922989e-12
g212201,0,0,0,31680,32868,31950,33138,0,0,0,NAND3xp33_ASAP7_75t_SL,1.0070449363297485e-08,3.0108424198260764e-08
g212202,0,0,0,31626,34488,32166,34758,0,0,0,AOI222xp33_ASAP7_75t_SL,5.850929074568967e-09,4.030951927802562e-08
g212204,0,0,0,20448,9108,20772,9378,0,1,0,BUFx3_ASAP7_75t_SL,2.034469837042252e-08,6.036325704687343e-18
g212205,0,0,0,20448,9648,20610,9918,0,0,1,INVx1_ASAP7_75t_SL,5.143200088042477e-09,2.3156776491814813e-18
g212206,0,0,0,21096,9378,21636,9648,0,0,0,AND2x4_ASAP7_75t_SL,2.3941598925603103e-08,4.881151894614367e-31
g212207,0,0,0,21096,8838,21312,9108,0,0,1,INVx2_ASAP7_75t_L,9.714959947615398e-10,2.53399398068653e-18
g212208,0,0,0,21096,9648,21636,9918,0,0,0,AND2x4_ASAP7_75t_SL,2.3941598925603103e-08,4.880915385150982e-31
g212232_dup,0,0,0,30492,20718,31032,20988,0,1,0,BUFx6f_ASAP7_75t_SL,4.0451375582506444e-08,2.7552567871680367e-07
g212233,0,0,0,31410,20448,31842,20718,0,0,0,AOI21x1_ASAP7_75t_SL,4.653222696049397e-09,9.605456112850384e-15
g212234,0,0,0,31734,22338,32004,22608,0,0,0,OAI21xp33_ASAP7_75t_SL,4.369779649238126e-09,0.0
g212237,0,0,0,33354,22338,33570,22608,0,0,0,NAND2xp5_ASAP7_75t_SL,6.753599901543339e-09,3.4181192964488454e-15
g212238,0,0,0,40482,30978,40860,31248,0,0,1,INVx5_ASAP7_75t_SL,2.5715900520140167e-08,1.6602167638704243e-14
g212239,0,0,0,40860,31248,41130,31518,0,0,0,AOI21xp5_ASAP7_75t_SL,5.279796155832628e-09,2.2475612679578177e-15
g212240,0,0,0,41022,31788,41292,32058,0,0,0,OAI21xp33_ASAP7_75t_SL,4.376789153326399e-09,1.0547605810970883e-17
g212241,0,0,0,40482,32058,40752,32328,0,0,0,AOI21xp33_ASAP7_75t_SL,4.64160487823051e-09,2.1973814767761723e-08
g212242,0,0,0,41940,30708,42156,30978,0,0,0,NAND2xp33_ASAP7_75t_SL,1.2334080423670457e-09,4.650484263618558e-18
g212247,0,0,0,20772,37188,21096,37458,0,0,0,AOI22xp5_ASAP7_75t_SL,8.520370187170556e-09,0.0
g212248,0,0,0,19800,38808,20340,39078,0,0,1,INVx8_ASAP7_75t_SL,4.0512301069384193e-08,0.0
g212358,0,0,0,30924,32598,31248,32868,0,0,0,AO21x1_ASAP7_75t_SL,1.514887593145886e-08,5.842385775167713e-08
g212377,0,0,0,34380,23418,34704,23688,0,0,0,OR2x2_ASAP7_75t_SL,1.535410021347161e-08,4.028789888504969e-12
g212378,0,0,0,37458,20718,37728,20988,0,0,0,AOI21xp33_ASAP7_75t_SL,6.810999764184089e-09,2.4596387149244947e-08
g212379,0,0,0,35298,26928,35622,27198,0,0,0,OAI22xp5_ASAP7_75t_SL,2.9918143518159468e-09,3.3035398791243353e-15
g212380,0,0,0,34596,27198,34758,27468,0,0,1,INVxp67_ASAP7_75t_R,3.55518982309011e-11,4.668205248357579e-15
g212381,0,0,0,35082,27198,35244,27468,0,0,1,INVxp67_ASAP7_75t_R,3.534372447488998e-11,1.754115253049804e-08
g212383,0,0,0,41400,22878,41724,23148,0,0,0,AND2x2_ASAP7_75t_SL,1.695224938202955e-08,1.0094029789797787e-07
g212384,0,0,0,40860,22878,41076,23148,0,0,0,NAND2xp33_ASAP7_75t_SL,3.3579041769371543e-09,1.70951572897593e-08
g212411,0,0,0,34272,37728,34596,37998,0,0,0,OAI22xp5_ASAP7_75t_SL,2.9813300717052016e-09,0.0
g212412,0,0,0,34164,35028,34488,35298,0,0,1,INVx4_ASAP7_75t_SL,2.0572800352169907e-08,0.0
g212429,0,0,0,33408,37998,33732,38268,0,0,0,NOR2xp67_ASAP7_75t_SL,6.858430268152915e-09,2.633256873457116e-15
g212430,0,0,0,33030,38268,33516,38538,0,0,0,AO22x1_ASAP7_75t_SL,7.52778817059152e-09,3.5333712579334754e-15
g212432,0,0,0,32760,35028,33300,35298,0,0,0,AND2x4_ASAP7_75t_SL,2.3941598925603103e-08,0.0
g212433,0,0,0,33354,35298,33678,35568,0,0,0,NOR2xp67_ASAP7_75t_SL,6.858430268152915e-09,2.307365393923997e-15
g212434,0,0,0,32814,35838,33300,36108,0,0,0,AO22x1_ASAP7_75t_SL,7.52778817059152e-09,3.5689097957849504e-15
g212588,0,0,0,41832,36918,42156,37188,0,0,0,AOI22xp5_ASAP7_75t_SL,8.635570480919341e-09,7.323031815816526e-15
g212590,0,0,0,36324,33138,36864,33408,0,0,0,AND2x4_ASAP7_75t_SL,3.0560901365106474e-08,2.180608395675049e-15
g212591,0,0,0,42804,36918,43128,37188,0,0,0,AOI22xp5_ASAP7_75t_SL,8.635570480919341e-09,7.133490406176484e-15
g212593,0,0,0,42264,35838,42588,36108,0,0,0,AOI22xp5_ASAP7_75t_SL,8.635570480919341e-09,7.297118536861175e-15
g212594,0,0,0,40752,36378,41076,36648,0,0,0,AOI22xp5_ASAP7_75t_SL,8.635570480919341e-09,7.22656746861847e-15
g212595,0,0,0,42804,36108,43128,36378,0,0,0,AOI22xp5_ASAP7_75t_SL,8.635570480919341e-09,7.347363684259353e-15
g212596,0,0,0,41400,38268,41724,38538,0,0,0,AOI22xp5_ASAP7_75t_SL,8.635570480919341e-09,7.891667056164967e-15
g212597,0,0,0,42804,37728,43128,37998,0,0,0,AOI22xp5_ASAP7_75t_SL,8.520370187170556e-09,7.860050704375753e-15
g212598,0,0,0,37566,38538,37890,38808,0,0,0,AOI22xp5_ASAP7_75t_SL,8.520370187170556e-09,8.573598035406353e-15
g212599,0,0,0,40752,38808,41076,39078,0,0,0,AOI22xp5_ASAP7_75t_SL,8.520370187170556e-09,7.662705580192657e-15
g212600,0,0,0,39888,38808,40212,39078,0,0,0,AOI22xp5_ASAP7_75t_SL,8.520370187170556e-09,8.294759024334974e-15
g212601,0,0,0,37620,36378,37944,36648,0,0,0,AOI22xp5_ASAP7_75t_SL,8.520370187170556e-09,8.414730229885231e-15
g212602,0,0,0,37890,37728,38214,37998,0,0,0,AOI22xp5_ASAP7_75t_SL,8.520370187170556e-09,7.501223830996308e-15
g212603,0,0,0,36918,34218,37242,34488,0,0,0,AOI22xp5_ASAP7_75t_SL,8.520370187170556e-09,8.033335010659143e-15
g212604,0,0,0,42804,32598,43128,32868,0,0,0,AOI22xp5_ASAP7_75t_SL,8.520370187170556e-09,7.676329258116295e-15
g212605,0,0,0,41562,35838,41886,36108,0,0,0,AOI22xp5_ASAP7_75t_SL,8.577970334044949e-09,7.722345170008832e-15
g212606,0,0,0,38754,41778,39078,42048,0,0,0,AOI22xp5_ASAP7_75t_SL,8.520370187170556e-09,8.235561585717265e-15
g212607,0,0,0,42318,40698,42642,40968,0,0,0,AOI22xp5_ASAP7_75t_SL,8.520370187170556e-09,8.254469055165876e-15
g212608,0,0,0,42750,38538,43074,38808,0,0,0,AOI22xp5_ASAP7_75t_SL,8.520370187170556e-09,8.033535757467642e-15
g212609,0,0,0,36324,42048,36648,42318,0,0,0,AOI22xp5_ASAP7_75t_SL,8.520370187170556e-09,8.122424241985456e-15
g212610,0,0,0,37350,32868,37674,33138,0,0,0,AOI22xp5_ASAP7_75t_SL,8.520370187170556e-09,7.547263459811368e-15
g212612,0,0,0,40914,37458,41238,37728,0,0,0,AOI22xp5_ASAP7_75t_SL,8.520370187170556e-09,8.375688787280386e-15
g212613,0,0,0,36270,39888,36594,40158,0,0,0,AOI22xp5_ASAP7_75t_SL,8.520370187170556e-09,8.199122228326385e-15
g212614,0,0,0,40374,41778,40698,42048,0,0,0,AOI22xp5_ASAP7_75t_SL,8.520370187170556e-09,8.278347760981922e-15
g212615,0,0,0,42696,39348,43020,39618,0,0,0,AOI22xp5_ASAP7_75t_SL,8.520370187170556e-09,7.675402604071999e-15
g212617,0,0,0,36810,38268,37134,38538,0,0,0,AOI22xp5_ASAP7_75t_SL,8.520370187170556e-09,8.29890948577652e-15
g212618,0,0,0,37350,42048,37674,42318,0,0,0,AOI22xp5_ASAP7_75t_SL,8.635570480919341e-09,7.479555034139648e-15
g212619,0,0,0,40320,37188,40644,37458,0,0,0,AOI22xp5_ASAP7_75t_SL,8.635570480919341e-09,8.051935854180847e-15
g212620,0,0,0,42588,42048,42912,42318,0,0,0,AOI22xp5_ASAP7_75t_SL,8.635570480919341e-09,8.0374820839689e-15
g212621,0,0,0,37080,36108,37404,36378,0,0,0,AOI22xp5_ASAP7_75t_SL,8.520370187170556e-09,9.288151641578292e-15
g212622,0,0,0,39780,36108,40104,36378,0,0,0,AOI22xp5_ASAP7_75t_SL,8.577970334044949e-09,8.157034008210266e-15
g212625,0,0,0,33246,39348,33570,39618,0,0,0,AND3x1_ASAP7_75t_SL,2.023454648281131e-08,1.174916377522095e-07
g212626,0,0,0,33300,40158,33624,40428,0,0,0,AOI22xp5_ASAP7_75t_SL,3.6828700089586164e-09,0.0
g212652,0,0,0,37674,30708,37890,30978,0,0,1,INVx2_ASAP7_75t_SL,1.0286400176084953e-08,0.0
g212653,0,0,0,36216,30708,36486,30978,0,0,0,NAND3xp33_ASAP7_75t_SL,1.0129796557123427e-08,5.677858357089338e-12
g212654,0,0,0,36054,30438,36540,30708,0,0,0,XNOR2xp5_ASAP7_75t_R,1.227419971217003e-10,0.0
g212655,0,0,0,36432,30978,36648,31248,0,0,0,NAND2xp5_ASAP7_75t_L,1.8909800114652597e-10,0.0
g212656,0,0,0,35622,30168,36108,30438,0,0,0,XOR2xp5_ASAP7_75t_R,1.54699003607206e-10,0.0
g212713,0,0,0,18234,37458,18450,37728,0,0,0,NAND2xp5_ASAP7_75t_SL,6.714044431532784e-09,6.521269568793286e-08
g212888,0,0,0,29088,5598,29412,5868,0,0,0,NAND2x1_ASAP7_75t_SL,1.0073673450960996e-08,7.697178716625785e-08
g212889,0,0,0,30168,5328,30492,5598,0,0,0,AOI22xp33_ASAP7_75t_SL,4.62925342503695e-09,3.756112221253716e-08
g212933,0,0,0,33030,22608,33570,22878,0,0,0,AND2x4_ASAP7_75t_SL,3.032999984498019e-08,0.0
g212934,0,0,0,38430,19908,38592,20178,0,0,1,INVx1_ASAP7_75t_SL,5.034441752371777e-09,3.607442877751055e-08
g212935,0,0,0,42804,19638,43128,19908,0,0,0,AOI22xp5_ASAP7_75t_SL,6.943870367592808e-09,5.569552286033286e-08
g212936,0,0,0,38106,20178,38430,20448,0,0,0,AO21x1_ASAP7_75t_SL,6.919918416059545e-09,3.718423902121515e-10
g213021,0,0,0,38646,35298,38970,35568,0,0,0,AOI22xp5_ASAP7_75t_SL,8.520370187170556e-09,8.993218157476134e-15
g213022,0,0,0,36702,32868,37134,33138,0,0,1,INVx6_ASAP7_75t_SL,3.0859098387736594e-08,3.647068913959894e-15
g213136,0,0,0,4734,16668,4950,16938,0,0,0,NAND2xp5_ASAP7_75t_SL,5.027443794602959e-09,1.4893695166051657e-09
g213145,0,0,0,12024,11808,12186,12078,0,0,1,INVxp67_ASAP7_75t_R,2.9719633004576806e-11,1.3903764966016752e-06
g213146,0,0,0,26010,7758,26280,8028,0,1,0,BUFx2_ASAP7_75t_R,6.821274795010268e-11,1.867741730166017e-06
g213149,0,0,0,25686,8838,25956,9108,0,0,1,INVx3_ASAP7_75t_SL,7.655449607568698e-09,3.567065050447127e-06
g213155,0,0,0,23040,15048,23256,15318,0,1,0,HB1xp67_ASAP7_75t_L,2.5155449945302166e-10,2.0050549665029394e-06
g213156,0,0,0,21744,28548,21906,28818,0,0,1,INVxp67_ASAP7_75t_R,1.7053775058784026e-11,9.604233355275937e-07
g213157,0,0,0,21150,28278,21366,28548,0,0,1,INVx2_ASAP7_75t_SL,5.10364994710244e-09,1.0194548849540297e-06
g213160,0,0,0,21636,28278,21852,28548,0,0,1,INVx2_ASAP7_75t_SL,5.10364994710244e-09,3.170222043991089e-06
g213162,0,0,0,21204,27468,21474,27738,0,1,0,BUFx2_ASAP7_75t_R,6.821274795010268e-11,2.1490882318175863e-06
g213163,0,0,0,22662,27198,22986,27468,0,1,0,BUFx3_ASAP7_75t_SL,1.021132511880296e-08,4.5619076445291284e-06
g213166,0,0,0,32706,8838,32868,9108,0,0,1,INVx1_ASAP7_75t_R,2.5579423995614192e-11,1.0169810593652073e-06
g213167,0,0,0,32220,9108,32436,9378,0,0,1,INVx2_ASAP7_75t_SL,5.10364994710244e-09,1.0386222584202187e-06
g213170,0,0,0,24444,2088,24606,2358,0,0,1,INVxp33_ASAP7_75t_R,8.528100101101721e-12,2.1051188525689213e-07
g213171,0,0,0,32490,8838,32706,9108,0,0,1,INVx2_ASAP7_75t_SL,5.10364994710244e-09,2.7260816750640515e-06
g213173,0,0,0,32220,8838,32490,9108,0,1,0,BUFx2_ASAP7_75t_R,6.821274795010268e-11,1.997397930608713e-06
g213174,0,0,0,43884,24768,44208,25038,0,1,0,BUFx3_ASAP7_75t_SL,1.021132511880296e-08,4.65255379822338e-06
g213177,0,0,0,44262,24228,44424,24498,0,0,1,INVxp33_ASAP7_75t_R,8.528100101101721e-12,1.9319685407026554e-07
g213180,0,0,0,22770,2358,22932,2628,0,0,1,INVxp33_ASAP7_75t_R,8.528100101101721e-12,2.0859549465512828e-07
g213181,0,0,0,27360,23148,27684,23418,0,1,0,BUFx3_ASAP7_75t_SL,1.021132511880296e-08,4.574273589241784e-06
g213185,0,0,0,25470,37728,25686,37998,0,0,1,INVx2_ASAP7_75t_SL,5.10364994710244e-09,9.84797907221946e-07
g213188,0,0,0,23796,44208,23958,44478,0,0,1,INVxp33_ASAP7_75t_R,8.528100101101721e-12,2.0903297581753577e-07
g213193,0,0,0,25416,37998,25632,38268,0,0,1,INVx2_ASAP7_75t_SL,5.10364994710244e-09,2.520603629818652e-06
g213196,0,0,0,43722,22608,44154,22878,0,1,0,BUFx4f_ASAP7_75t_SL,1.3615100158403948e-08,5.962521754554473e-06
g213199,0,0,0,23742,42858,24174,43128,0,1,0,BUFx4f_ASAP7_75t_SL,1.3615100158403948e-08,5.089881597086787e-06
g213204,0,0,0,1224,25848,1386,26118,0,0,1,INVxp33_ASAP7_75t_R,8.528100101101721e-12,1.9171572773757362e-07
g213210,0,0,0,23634,2088,23796,2358,0,0,1,INVxp33_ASAP7_75t_R,8.528100101101721e-12,2.045662341743082e-07
g213214,0,0,0,44640,21798,44802,22068,0,0,1,INVxp33_ASAP7_75t_R,8.528100101101721e-12,1.9842340748255083e-07
g213218,0,0,0,22662,4788,22986,5058,0,1,0,BUFx3_ASAP7_75t_SL,1.021132511880296e-08,5.2841987780993804e-06
g213223,0,0,0,23850,43938,24012,44208,0,0,1,INVxp33_ASAP7_75t_R,8.528100101101721e-12,2.1003990013923612e-07
g213225,0,0,0,25578,42858,25794,43128,0,0,1,INVx2_ASAP7_75t_SL,5.10364994710244e-09,1.155900690719136e-06
g213226,0,0,0,25848,42048,26064,42318,0,0,1,INVx2_ASAP7_75t_SL,5.10364994710244e-09,3.693136477522785e-06
g213231,0,0,0,23094,42588,23364,42858,0,0,1,INVx3_ASAP7_75t_SL,7.655449607568698e-09,4.937462563248118e-06
g213234,0,0,0,16398,22338,16614,22608,0,0,1,INVx2_ASAP7_75t_SL,5.10364994710244e-09,1.4456680901275831e-06
g213237,0,0,0,1170,22338,1332,22608,0,0,1,INVxp33_ASAP7_75t_R,8.528100101101721e-12,1.7775016658561071e-07
g213246,0,0,0,43830,23688,44154,23958,0,1,0,BUFx3_ASAP7_75t_SL,1.021132511880296e-08,5.404772309702821e-06
g213249,0,0,0,24390,40428,24714,40698,0,1,0,BUFx3_ASAP7_75t_SL,1.021132511880296e-08,5.149272510607261e-06
g213254,0,0,0,24012,44208,24174,44478,0,0,1,INVxp33_ASAP7_75t_R,8.528100101101721e-12,1.9891001556970878e-07
g213255,0,0,0,26010,39618,26226,39888,0,0,1,INVx2_ASAP7_75t_SL,5.10364994710244e-09,2.7637993298412766e-06
g213256,0,0,0,25686,40428,25848,40698,0,0,1,INVx1_ASAP7_75t_SL,2.5518225310605658e-09,5.993505283186096e-07
g213259,0,0,0,26928,39078,27144,39348,0,0,1,INVx2_ASAP7_75t_SL,5.10364994710244e-09,1.1252775493630907e-06
g213262,0,0,0,33570,38538,33840,38808,0,1,0,BUFx2_ASAP7_75t_R,6.821274795010268e-11,1.3766353958999389e-06
g213263,0,0,0,26982,38268,27252,38538,0,0,1,INVx3_ASAP7_75t_SL,7.655449607568698e-09,3.844344519166043e-06
g213267,0,0,0,36756,16398,37026,16668,0,1,0,BUFx2_ASAP7_75t_L,6.708099631325126e-10,1.696130880191049e-06
g213275,0,0,0,22716,44208,22878,44478,0,0,1,INVxp33_ASAP7_75t_R,8.528100101101721e-12,2.849269833404833e-07
g213276,0,0,0,27090,38808,27360,39078,0,0,1,INVx3_ASAP7_75t_SL,7.655449607568698e-09,3.3340277241222793e-06
g213277,0,0,0,27144,39078,27360,39348,0,0,1,INVx2_ASAP7_75t_L,5.030864613786434e-10,5.612444056168897e-07
g213278,0,0,0,27360,38808,27630,39078,0,1,0,BUFx2_ASAP7_75t_L,6.708099631325126e-10,2.4550981834181584e-06
g213281,0,0,0,18558,25848,18882,26118,0,1,0,BUFx3_ASAP7_75t_SL,1.021132511880296e-08,5.876319391973084e-06
g213305,0,0,0,18828,9378,19314,9648,0,0,0,XOR2xp5_ASAP7_75t_SL,1.1930000098914206e-08,0.0
g213327,0,0,0,7866,29358,8514,29628,0,0,0,AO222x2_ASAP7_75t_SL,1.3350456740113259e-08,3.0292623964811582e-09
g213424,0,0,0,41940,8028,42264,8298,0,0,0,AND2x2_ASAP7_75t_SL,1.695224938202955e-08,1.0499850588985282e-07
g213425,0,0,0,42156,8298,42372,8568,0,0,0,NAND2xp5_ASAP7_75t_SL,6.714044431532784e-09,2.9589987349254443e-08
g213700,0,0,0,31896,22068,32220,22338,0,0,0,AOI22xp33_ASAP7_75t_SL,2.4617128335790994e-09,0.0
g213701,0,0,0,30654,20448,31194,20718,0,1,0,BUFx6f_ASAP7_75t_SL,4.0451375582506444e-08,3.0960029562265845e-07
g213702,0,0,0,30060,20988,30492,21258,0,0,0,AOI21x1_ASAP7_75t_SL,1.006747218923465e-08,7.428096182593436e-08
g213704,0,0,0,35784,17748,36108,18018,0,0,0,AND2x2_ASAP7_75t_R,1.251552472769646e-10,1.1464107867609224e-17
g213706,0,0,0,40374,18828,40590,19098,0,0,0,NAND2xp5_ASAP7_75t_R,2.71702538939822e-11,4.733324334014212e-18
g213707,0,0,0,32112,19368,32652,19638,0,0,0,AOI222xp33_ASAP7_75t_SL,3.7031850919078124e-09,1.671109647276784e-17
g213708,0,0,0,39726,18018,39942,18288,0,0,0,NAND2xp5_ASAP7_75t_L,1.9007596885334266e-10,6.138663662891791e-18
g213709,0,0,0,39834,19098,40050,19368,0,0,0,NAND2xp5_ASAP7_75t_L,1.9002983908666948e-10,5.891850338898831e-18
g213710,0,0,0,36702,17748,36918,18018,0,0,0,NAND2xp5_ASAP7_75t_SL,1.850675057646356e-09,7.222095730227008e-18
g213711,0,0,0,40806,19368,41022,19638,0,0,0,NAND2xp5_ASAP7_75t_R,2.71702538939822e-11,4.51506445758597e-18
g213712,0,0,0,31788,19908,32004,20178,0,0,1,INVx2_ASAP7_75t_SL,1.0226175461980347e-08,6.106019156959519e-08
g213713,0,0,0,38916,18288,39240,18558,0,0,0,AND2x2_ASAP7_75t_R,1.251552472769646e-10,9.806350238908026e-18
g213714,0,0,0,37998,18018,38214,18288,0,0,0,NAND2xp5_ASAP7_75t_R,2.71702538939822e-11,4.825326256874504e-18
g213715,0,0,0,37566,18288,37782,18558,0,0,0,NAND2xp5_ASAP7_75t_R,2.71702538939822e-11,4.341062879832378e-18
g213716,0,0,0,31410,20988,31626,21258,0,0,0,NOR2xp33_ASAP7_75t_SL,3.40914119156821e-09,2.1385798021356095e-08
g213717,0,0,0,37242,18288,37566,18558,0,0,0,AND2x2_ASAP7_75t_R,1.251552472769646e-10,9.594472888086243e-18
g213718,0,0,0,39564,20178,39780,20448,0,0,0,NAND2xp5_ASAP7_75t_R,2.71702538939822e-11,4.307530632160703e-18
g213719,0,0,0,39402,18018,39726,18288,0,0,0,AND2x2_ASAP7_75t_R,1.251552472769646e-10,1.0048963966931054e-17
g213720,0,0,0,32652,19368,33192,19638,0,0,0,AOI222xp33_ASAP7_75t_SL,3.7034106892264163e-09,1.6964465203115283e-17
g213721,0,0,0,38268,18558,38484,18828,0,0,0,NAND2xp5_ASAP7_75t_SL,1.850675057646356e-09,5.6907238544984e-18
g213723,0,0,0,36432,18558,36648,18828,0,0,0,NAND2xp5_ASAP7_75t_SL,1.850675057646356e-09,5.585004381949835e-18
g213724,0,0,0,31086,19638,31410,19908,0,0,0,AOI22xp5_ASAP7_75t_SL,3.7019203258381594e-09,7.302719370171327e-18
g213833,0,0,0,25740,19368,26064,19638,0,0,0,AOI22xp33_ASAP7_75t_SL,5.64658231283488e-09,2.8970280396833914e-08
g213836,0,0,0,34812,34218,35136,34488,0,0,0,AOI22xp5_ASAP7_75t_SL,8.462819778287667e-09,0.0
g213837,0,0,0,21474,38268,21798,38538,0,0,0,AOI22xp5_ASAP7_75t_SL,8.41263858575303e-09,3.1574643344356446e-08
g213838,0,0,0,17856,29358,18180,29628,0,0,0,AOI22xp5_ASAP7_75t_SL,8.469842605052236e-09,3.152516470095179e-08
g213839,0,0,0,39024,10458,39348,10728,0,0,0,AOI22xp5_ASAP7_75t_SL,8.41263858575303e-09,3.377277835170389e-08
g213840,0,0,0,23850,9918,24174,10188,0,0,0,AOI22xp5_ASAP7_75t_SL,8.469842605052236e-09,3.1383187604205887e-08
g213841,0,0,0,39618,27198,39942,27468,0,0,0,AOI22xp5_ASAP7_75t_SL,8.520370187170556e-09,8.6223566399821e-15
g213842,0,0,0,31410,9918,31734,10188,0,0,0,AOI22xp5_ASAP7_75t_SL,8.462819778287667e-09,0.0
g213843,0,0,0,32490,37728,32814,37998,0,0,0,AOI22xp5_ASAP7_75t_SL,8.520370187170556e-09,8.065185143541799e-15
g213844,0,0,0,39888,33678,40212,33948,0,0,0,AOI22xp5_ASAP7_75t_SL,8.462819778287667e-09,0.0
g213846,0,0,0,39456,10998,39780,11268,0,0,0,AOI22xp5_ASAP7_75t_SL,8.462819778287667e-09,0.0
g213847,0,0,0,32598,37998,32922,38268,0,0,0,AOI22xp5_ASAP7_75t_SL,8.41263858575303e-09,3.1126639044032345e-08
g213848,0,0,0,18234,20988,18558,21258,0,0,0,AOI22xp5_ASAP7_75t_SL,8.469842605052236e-09,3.442454143964824e-08
g213849,0,0,0,39942,37188,40266,37458,0,0,0,AOI22xp5_ASAP7_75t_SL,8.41263858575303e-09,3.2883008316275664e-08
g213850,0,0,0,36054,10998,36378,11268,0,0,0,AOI22xp5_ASAP7_75t_SL,8.635570480919341e-09,8.420119053495663e-15
g213851,0,0,0,24228,7488,24552,7758,0,0,0,AOI22xp5_ASAP7_75t_SL,8.469842605052236e-09,3.3579567570996005e-08
g213852,0,0,0,25740,42588,26118,42858,0,0,1,INVx5_ASAP7_75t_SL,1.2759050704858055e-08,5.04001536683063e-06
g213853,0,0,0,34974,26118,35298,26388,0,0,0,AOI22xp5_ASAP7_75t_SL,8.520370187170556e-09,8.601993967930106e-15
g213854,0,0,0,29574,18288,29898,18558,0,0,0,AOI22xp5_ASAP7_75t_SL,8.469839052338557e-09,3.507639689814823e-08
g213855,0,0,0,20016,41508,20340,41778,0,0,0,AOI22xp5_ASAP7_75t_SL,8.462819778287667e-09,0.0
g213856,0,0,0,24822,7488,25146,7758,0,0,0,AOI22xp5_ASAP7_75t_SL,8.635570480919341e-09,8.137982543160623e-15
g213858,0,0,0,35406,10728,35730,10998,0,0,0,AOI22xp33_ASAP7_75t_SL,5.7570401779116764e-09,7.323087719991045e-15
g213860,0,0,0,35406,25578,35730,25848,0,0,0,AOI22xp5_ASAP7_75t_SL,8.462819778287667e-09,0.0
g213861,0,0,0,36162,37458,36486,37728,0,0,0,AOI22xp5_ASAP7_75t_SL,8.462819778287667e-09,0.0
g213862,0,0,0,19908,42858,20232,43128,0,0,0,AOI22xp5_ASAP7_75t_SL,8.41263858575303e-09,3.188642949680798e-08
g213863,0,0,0,33678,42048,34002,42318,0,0,0,AOI22xp5_ASAP7_75t_SL,8.469842605052236e-09,3.182321606232108e-08
g213864,0,0,0,22068,13158,22392,13428,0,0,0,AOI22xp5_ASAP7_75t_SL,8.469839052338557e-09,3.5724106339785067e-08
g213865,0,0,0,20826,20988,21150,21258,0,0,0,AOI22xp5_ASAP7_75t_SL,8.469842605052236e-09,3.3325534332107054e-08
g213866,0,0,0,35838,37458,36162,37728,0,0,0,AOI22xp5_ASAP7_75t_SL,8.41263858575303e-09,3.038507401242896e-08
g213867,0,0,0,32274,42048,32598,42318,0,0,0,AOI22xp5_ASAP7_75t_SL,8.520370187170556e-09,8.470961359121655e-15
g213868,0,0,0,35352,28548,35676,28818,0,0,0,AOI22xp5_ASAP7_75t_SL,8.469842605052236e-09,3.2093502966290544e-08
g213869,0,0,0,35352,7488,35676,7758,0,0,0,AOI22xp5_ASAP7_75t_SL,8.41263858575303e-09,3.1501073749495845e-08
g214227,0,0,0,26820,21258,27144,21528,0,0,0,AOI22xp33_ASAP7_75t_SL,5.646584977370139e-09,2.7928276580269085e-08
g214228,0,0,0,25416,38538,25686,38808,0,0,1,INVx3_ASAP7_75t_SL,7.655449607568698e-09,4.450097549124621e-06
g214229,0,0,0,16722,16128,17100,16398,0,0,1,INVx5_ASAP7_75t_SL,2.5317222096532532e-08,1.1742393724034628e-08
g214230,0,0,0,20178,15858,20718,16128,0,1,0,BUFx6f_ASAP7_75t_SL,4.099641515153962e-08,8.528550310415994e-09
g214470,0,0,0,22500,5868,22716,6138,0,0,0,NAND2xp5_ASAP7_75t_SL,6.714045319711204e-09,6.833283805462997e-08
g214503,0,0,0,21150,5598,21474,5868,0,0,0,AOI22xp5_ASAP7_75t_SL,6.829349086245884e-09,3.34332170837115e-08
g214942,0,0,0,16992,22068,17316,22338,0,0,1,INVx4_ASAP7_75t_SL,1.0207275025209128e-08,4.204363904136699e-06
g214943,0,0,0,17694,38538,18018,38808,0,0,0,AOI22xp5_ASAP7_75t_SL,8.635570480919341e-09,7.71576880620635e-15
g214944,0,0,0,21582,7218,21906,7488,0,0,0,AOI22xp5_ASAP7_75t_SL,8.520370187170556e-09,0.0
g214946,0,0,0,33570,39618,33894,39888,0,0,0,AOI22xp5_ASAP7_75t_SL,8.469842605052236e-09,3.1803715216938144e-08
g214948,0,0,0,22014,7488,22338,7758,0,0,0,AOI22xp5_ASAP7_75t_SL,8.520370187170556e-09,9.505076779370118e-15
g214950,0,0,0,35838,9378,36162,9648,0,0,0,AOI22xp5_ASAP7_75t_SL,8.462819778287667e-09,0.0
g214952,0,0,0,32382,40158,32706,40428,0,0,0,AOI22xp5_ASAP7_75t_SL,8.520370187170556e-09,8.079973491767912e-15
g214954,0,0,0,17424,17478,17748,17748,0,0,0,AOI22xp5_ASAP7_75t_SL,8.469842605052236e-09,3.147252769508668e-08
g214958,0,0,0,18072,12888,18342,13158,0,0,0,AOI21xp5_ASAP7_75t_SL,5.003466529984735e-09,4.9173785043876705e-08
g214960,0,0,0,35730,20448,36054,20718,0,0,0,AOI22xp5_ASAP7_75t_SL,8.462819778287667e-09,0.0
g214962,0,0,0,35514,9378,35838,9648,0,0,0,AOI22xp5_ASAP7_75t_SL,8.41263858575303e-09,3.380609570058368e-08
g215495,0,0,0,20880,6678,21204,6948,0,0,0,AOI22xp5_ASAP7_75t_SL,8.469842605052236e-09,3.449229524221664e-08
g215497,0,0,0,32166,16128,32490,16398,0,0,0,AOI22xp5_ASAP7_75t_SL,8.469839052338557e-09,3.7236247862892924e-08
g215498,0,0,0,17802,37998,18126,38268,0,0,0,AOI22xp5_ASAP7_75t_SL,8.520370187170556e-09,0.0
g215499,0,0,0,20124,7488,20448,7758,0,0,0,AOI22xp5_ASAP7_75t_SL,8.462819778287667e-09,0.0
g215500,0,0,0,39240,40158,39564,40428,0,0,0,AOI22xp5_ASAP7_75t_SL,8.41263858575303e-09,3.3526347920087574e-08
g215501,0,0,0,34380,39888,34704,40158,0,0,0,AOI22xp5_ASAP7_75t_SL,8.462819778287667e-09,0.0
g215502,0,0,0,22554,25308,22878,25578,0,0,0,AOI22xp5_ASAP7_75t_SL,8.469842605052236e-09,3.43049926243566e-08
g215503,0,0,0,17046,38268,17370,38538,0,0,0,AOI22xp5_ASAP7_75t_SL,8.41263858575303e-09,3.4071025112325515e-08
g215504,0,0,0,41886,23418,42210,23688,0,0,0,AOI22xp5_ASAP7_75t_SL,8.41263858575303e-09,3.337945031489653e-08
g215505,0,0,0,42210,23418,42534,23688,0,0,0,AOI22xp5_ASAP7_75t_SL,8.520370187170556e-09,7.919605590897202e-15
g215506,0,0,0,36054,21258,36378,21528,0,0,0,AOI22xp5_ASAP7_75t_SL,8.462819778287667e-09,0.0
g215507,0,0,0,38862,40158,39186,40428,0,0,0,AOI22xp5_ASAP7_75t_SL,8.520370187170556e-09,0.0
g215508,0,0,0,38646,39348,38970,39618,0,0,0,AOI22xp5_ASAP7_75t_SL,8.462819778287667e-09,0.0
g215509,0,0,0,40050,39348,40374,39618,0,0,0,AOI22xp5_ASAP7_75t_SL,8.520370187170556e-09,7.680245091431451e-15
g215510,0,0,0,32760,40158,33084,40428,0,0,0,AOI22xp33_ASAP7_75t_SL,5.680270032115686e-09,0.0
g215511,0,0,0,33246,10188,33570,10458,0,0,0,AOI22xp33_ASAP7_75t_SL,5.680270032115686e-09,0.0
g215512,0,0,0,32922,10188,33246,10458,0,0,0,AOI22xp33_ASAP7_75t_SL,5.7570401779116764e-09,7.114088269486677e-15
g215513,0,0,0,27198,15858,27522,16128,0,0,0,AOI22xp5_ASAP7_75t_SL,8.469842605052236e-09,3.3494597317940134e-08
g216235,0,0,0,18234,33948,18504,34218,0,0,1,INVx3_ASAP7_75t_SL,1.54295989318598e-08,3.1644576018894936e-18
g216236,0,0,0,18234,34488,18666,34758,0,0,0,NAND2x1p5_ASAP7_75t_SL,5.523033141940914e-09,1.1943281023315882e-15
g216448,0,0,0,17370,38538,17694,38808,0,0,0,AOI22xp5_ASAP7_75t_SL,8.520370187170556e-09,0.0
g216449,0,0,0,17370,35028,17694,35298,0,0,1,INVx4_ASAP7_75t_SL,2.0572800352169907e-08,0.0
g216450,0,0,0,17316,33948,18072,34218,0,0,0,AND3x4_ASAP7_75t_SL,2.3943702132100952e-08,1.0095664371314834e-23
g216451,0,0,0,21042,33678,21366,33948,0,0,0,AOI22xp5_ASAP7_75t_SL,8.520370187170556e-09,0.0
g216453,0,0,0,18558,40698,18882,40968,0,0,0,AOI22xp5_ASAP7_75t_SL,8.520370187170556e-09,0.0
g216454,0,0,0,19692,35568,20016,35838,0,0,0,AOI22xp5_ASAP7_75t_SL,8.520370187170556e-09,0.0
g216455,0,0,0,22608,37728,22932,37998,0,0,0,AOI22xp5_ASAP7_75t_SL,8.520370187170556e-09,0.0
g216456,0,0,0,24444,40968,24768,41238,0,0,0,AOI22xp5_ASAP7_75t_SL,8.520370187170556e-09,0.0
g216457,0,0,0,21636,36378,21960,36648,0,0,0,AOI22xp5_ASAP7_75t_SL,8.462819778287667e-09,0.0
g216458,0,0,0,23202,39078,23526,39348,0,0,0,AOI22xp5_ASAP7_75t_SL,8.462819778287667e-09,0.0
g216460,0,0,0,25092,33948,25416,34218,0,0,0,AOI22xp5_ASAP7_75t_SL,8.462819778287667e-09,0.0
g216461,0,0,0,25038,36918,25362,37188,0,0,0,AOI22xp5_ASAP7_75t_SL,8.520370187170556e-09,0.0
g216462,0,0,0,21474,35028,21798,35298,0,0,0,AOI22xp5_ASAP7_75t_SL,8.520370187170556e-09,0.0
g216463,0,0,0,24822,38808,25146,39078,0,0,0,AOI22xp5_ASAP7_75t_SL,8.520370187170556e-09,0.0
g216464,0,0,0,22230,40428,22554,40698,0,0,0,AOI22xp5_ASAP7_75t_SL,8.520370187170556e-09,0.0
g216465,0,0,0,17154,34488,17478,34758,0,0,0,AOI22xp5_ASAP7_75t_SL,8.520370187170556e-09,0.0
g216466,0,0,0,17424,36108,17748,36378,0,0,0,AOI22xp5_ASAP7_75t_SL,8.520370187170556e-09,0.0
g216467,0,0,0,19260,42048,19584,42318,0,0,0,AOI22xp5_ASAP7_75t_SL,8.520370187170556e-09,0.0
g216468,0,0,0,17424,40158,17748,40428,0,0,0,AOI22xp5_ASAP7_75t_SL,8.520370187170556e-09,0.0
g216469,0,0,0,17208,42048,17532,42318,0,0,0,AOI22xp5_ASAP7_75t_SL,8.520370187170556e-09,0.0
g216470,0,0,0,20178,39618,20502,39888,0,0,0,AOI22xp5_ASAP7_75t_SL,8.520370187170556e-09,0.0
g216471,0,0,0,24822,42048,25146,42318,0,0,0,AOI22xp5_ASAP7_75t_SL,8.520370187170556e-09,0.0
g216472,0,0,0,17910,36108,18234,36378,0,0,0,AOI22xp5_ASAP7_75t_SL,8.520370187170556e-09,0.0
g216473,0,0,0,25362,36108,25686,36378,0,0,0,AOI22xp5_ASAP7_75t_SL,8.520370187170556e-09,0.0
g216474,0,0,0,20124,38268,20448,38538,0,0,0,AOI22xp5_ASAP7_75t_SL,8.520370187170556e-09,0.0
g216475,0,0,0,24984,40428,25308,40698,0,0,0,AOI22xp5_ASAP7_75t_SL,8.520370187170556e-09,0.0
g216476,0,0,0,21366,42858,21690,43128,0,0,0,AOI22xp5_ASAP7_75t_SL,8.462819778287667e-09,0.0
g216477,0,0,0,25092,35298,25416,35568,0,0,0,AOI22xp5_ASAP7_75t_SL,8.462819778287667e-09,0.0
g216478,0,0,0,17424,39888,17748,40158,0,0,0,AOI22xp5_ASAP7_75t_SL,8.520370187170556e-09,0.0
g216479,0,0,0,20448,40428,20772,40698,0,0,0,AOI22xp5_ASAP7_75t_SL,8.520370187170556e-09,0.0
g216480,0,0,0,18288,41778,18612,42048,0,0,0,AOI22xp5_ASAP7_75t_SL,8.520370187170556e-09,0.0
g216481,0,0,0,24390,39618,24714,39888,0,0,0,AOI22xp5_ASAP7_75t_SL,8.520370187170556e-09,0.0
g216482,0,0,0,21798,38268,22122,38538,0,0,0,AOI22xp5_ASAP7_75t_SL,8.520370187170556e-09,0.0
g216619,0,0,0,42696,25308,42912,25578,0,0,0,NAND2xp5_ASAP7_75t_SL,6.714044431532784e-09,6.144717445977221e-08
g216620,0,0,0,42750,25578,43074,25848,0,0,0,AOI22xp5_ASAP7_75t_SL,6.829349086245884e-09,2.9797078582305403e-08
g216674,0,0,0,27306,27468,27630,27738,0,0,0,NOR2x1_ASAP7_75t_SL,9.691900615393934e-09,2.053873997959199e-12
g216675,0,0,0,29412,26928,29736,27198,0,0,1,INVx4_ASAP7_75t_SL,2.0256301525023446e-08,2.256636877362439e-09
g216676,0,0,0,25848,27198,26118,27468,0,0,0,NAND3xp33_ASAP7_75t_L,1.8857780614833786e-10,9.47041381947622e-13
g216677,0,0,0,26118,27198,26334,27468,0,0,0,NAND2xp5_ASAP7_75t_SL,5.027899874221475e-09,3.4312205854369893e-10
g216678,0,0,0,25848,26928,26064,27198,0,0,1,INVx2_ASAP7_75t_SL,1.0226175461980347e-08,1.1450300263504687e-07
g216707,0,0,0,24498,36648,24714,36918,0,0,0,NAND2xp5_ASAP7_75t_SL,1.859943976612044e-09,1.4443823914689347e-10
g216708,0,0,0,25038,39618,25254,39888,0,0,0,NAND2xp5_ASAP7_75t_SL,6.714045319711204e-09,4.285117682911732e-08
g216709,0,0,0,24714,39618,25038,39888,0,0,0,AOI22xp33_ASAP7_75t_SL,2.4552500033081515e-09,0.0
g216711,0,0,0,24768,36378,24930,36648,0,0,1,INVx1_ASAP7_75t_SL,5.1130877309901734e-09,5.7548870557866394e-08
g216872,0,0,0,21366,8028,22014,8298,0,0,0,OR2x6_ASAP7_75t_SL,3.3840301227883174e-08,0.0
g216873,0,0,0,21150,8568,21366,8838,0,0,1,INVx2_ASAP7_75t_SL,1.0286400176084953e-08,1.982794528091154e-18
g216898,0,0,0,35136,13968,35460,14238,0,0,0,AND2x2_ASAP7_75t_SL,1.198051702289149e-08,9.085273698183731e-15
g216899,0,0,0,31356,14238,31950,14508,0,0,0,NOR3x1_ASAP7_75t_SL,4.49120163281691e-09,2.325289917212703e-12
g217132,0,0,0,27144,6678,27468,6948,0,0,0,NAND2x1_ASAP7_75t_SL,1.0073673450960996e-08,6.761732151971955e-08
g217133,0,0,0,26820,6678,27144,6948,0,0,0,AOI22xp5_ASAP7_75t_SL,6.943873920306487e-09,3.6648110324222216e-08
g217531,0,0,0,26010,8838,26226,9108,0,0,0,NAND2xp5_ASAP7_75t_SL,6.714045319711204e-09,3.611666343772413e-08
g217560,0,0,0,38322,29898,38538,30168,0,0,1,INVx2_ASAP7_75t_SL,1.0286400176084953e-08,1.5650676284464926e-12
g217561,0,0,0,35568,30438,36054,30708,0,0,0,XOR2xp5_ASAP7_75t_SL,1.5235293915338843e-08,6.795757533095692e-12
g217562,0,0,0,37728,30168,37998,30438,0,1,0,BUFx2_ASAP7_75t_L,1.3185099678736378e-09,2.4207107672535866e-12
g217563,0,0,0,35946,29898,36108,30168,0,0,1,INVx1_ASAP7_75t_SL,5.064088259842947e-09,5.184809612895913e-12
g217564,0,0,0,36540,30168,36810,30438,0,0,0,AOI21xp33_ASAP7_75t_SL,6.8509953266016055e-09,4.358567326501195e-12
g217565,0,0,0,36216,30168,36540,30438,0,0,0,AOI22xp33_ASAP7_75t_SL,6.462877788493415e-09,3.6161945833612652e-12
g218106,0,0,0,36702,11538,37026,11808,0,0,0,AND2x2_ASAP7_75t_SL,1.5165099398473103e-08,2.6594168084067074e-14
g218107,0,0,0,36324,11808,36972,12078,0,0,0,AND2x6_ASAP7_75t_SL,3.407139814726179e-08,0.0
g218108,0,0,0,37890,6948,38106,7218,0,0,0,NAND2xp5_ASAP7_75t_SL,6.714044431532784e-09,7.239655275270707e-08
g218109,0,0,0,37566,6948,37890,7218,0,0,0,AOI22xp33_ASAP7_75t_SL,2.4552500033081515e-09,0.0
g218176,0,0,0,22338,8838,22554,9108,0,0,1,INVx2_ASAP7_75t_SL,1.0286400176084953e-08,0.0
g218178,0,0,0,21798,10188,22014,10458,0,1,0,HB1xp67_ASAP7_75t_SL,5.11833997407507e-09,0.0
g218180,0,0,0,21528,10458,22014,10728,0,0,0,XOR2xp5_ASAP7_75t_L,1.5126599972603572e-09,0.0
g218181,0,0,0,21690,10728,22014,10998,0,0,0,AO21x1_ASAP7_75t_L,6.914569472549204e-10,0.0
g218182,0,0,0,22014,10728,22284,10998,0,0,0,NAND3xp33_ASAP7_75t_L,9.734519856863244e-10,8.610469377945972e-19
g218183,0,0,0,20718,9648,21096,9918,0,0,0,OA21x2_ASAP7_75t_SL,2.0215198404116563e-08,3.044765394433683e-18
g218184,0,0,0,20826,9918,21150,10188,0,0,0,NAND2x1_ASAP7_75t_SL,1.0055499544137092e-08,1.3163626123125468e-18
g218198,0,0,0,18018,32598,18288,32868,0,0,0,AOI21xp33_ASAP7_75t_SL,6.857459933229393e-09,0.0
g218313,0,0,0,28980,12348,29358,12618,0,0,0,AOI221xp5_ASAP7_75t_SL,5.897593080561592e-09,2.7209213953661472e-15
g218314,0,0,0,29466,9378,29790,9648,0,0,0,NAND4xp25_ASAP7_75t_SL,1.3426255662807307e-08,4.294417621508728e-08
g218860,0,0,0,20070,10998,20394,11268,0,0,0,AOI31xp33_ASAP7_75t_SL,5.270881064944888e-09,0.0
g218861,0,0,0,21366,8568,21690,8838,0,0,0,OR2x2_ASAP7_75t_SL,1.1776400299368106e-08,0.0
g219093,0,0,0,23958,41508,24282,41778,0,0,0,NAND2x1_ASAP7_75t_SL,1.0073673450960996e-08,6.736696889220184e-08
g219102,0,0,0,40266,20178,40482,20448,0,0,0,NAND2xp5_ASAP7_75t_SL,1.859943976612044e-09,2.4553095667734226e-10
g219103,0,0,0,40536,20178,40806,20448,0,0,0,AOI21xp5_ASAP7_75t_SL,5.279796155832628e-09,2.2347939403438537e-15
g219104,0,0,0,40482,22878,40806,23148,0,0,0,NAND4xp25_ASAP7_75t_SL,1.3426255662807307e-08,3.836516171418225e-08
g219105,0,0,0,41616,26658,41940,26928,0,0,0,AOI22xp33_ASAP7_75t_SL,2.4617128335790994e-09,2.3091685153104648e-15
g219106,0,0,0,40590,22608,40806,22878,0,0,0,NAND2xp33_ASAP7_75t_L,3.350144328617688e-10,1.677397776234102e-08
g219107,0,0,0,39942,22878,40266,23148,0,0,0,AOI22xp33_ASAP7_75t_R,3.6464400943181374e-11,0.0
g219108,0,0,0,33246,34758,33786,35028,0,0,0,AND2x4_ASAP7_75t_SL,2.3941598925603103e-08,0.0
g219109,0,0,0,34110,38808,34380,39078,0,0,0,OAI21xp5_ASAP7_75t_SL,6.554659925939177e-09,0.0
g219110,0,0,0,34596,37728,34812,37998,0,0,0,NAND2xp5_ASAP7_75t_SL,1.8409799240615143e-09,0.0
g219218,0,0,0,23094,14238,23472,14508,0,0,0,OA21x2_ASAP7_75t_SL,1.5093853278358438e-08,1.400861719957902e-07
g219220,0,0,0,24012,13968,24552,14238,0,1,0,BUFx6f_ASAP7_75t_SL,4.0451375582506444e-08,2.6714883460954297e-07
g219222,0,0,0,25902,12888,26118,13158,0,0,0,NAND2xp5_ASAP7_75t_SL,1.850675057646356e-09,5.1119393760404524e-18
g219224,0,0,0,29736,13968,30060,14238,0,0,0,AND2x2_ASAP7_75t_R,1.251552472769646e-10,1.1962097066145748e-17
g219226,0,0,0,27900,13158,28116,13428,0,1,0,HB1xp67_ASAP7_75t_SL,5.062684937939821e-09,3.958846406248995e-08
g219230,0,0,0,29142,13698,29466,13968,0,0,0,AND2x2_ASAP7_75t_R,1.251552472769646e-10,1.0265687768961785e-17
g219231,0,0,0,28062,12888,28278,13158,0,1,0,HB1xp67_ASAP7_75t_R,5.0146487656776983e-11,3.487135558088994e-08
g219293,0,0,0,28440,5598,28764,5868,0,0,0,AOI22xp5_ASAP7_75t_SL,8.520370187170556e-09,8.67603142378371e-15
g219306,0,0,0,27144,7488,27468,7758,0,0,0,AOI22xp5_ASAP7_75t_SL,8.520370187170556e-09,9.174107125559973e-15
g219307,0,0,0,25362,7758,25686,8028,0,0,1,INVx4_ASAP7_75t_SL,2.0572800352169907e-08,1.6623692863476343e-15
g219876,0,0,0,27846,7218,28170,7488,0,0,0,AOI22xp5_ASAP7_75t_SL,8.520370187170556e-09,8.653077677946066e-15
g219877,0,0,0,32112,6948,32382,7218,0,0,1,INVx3_ASAP7_75t_SL,7.655449607568698e-09,3.659499270725064e-06
g219878,0,0,0,20880,9108,21420,9378,0,0,0,AND2x4_ASAP7_75t_SL,3.0560901365106474e-08,3.446108017883206e-15
g22,0,0,0,9432,24228,10080,24498,0,0,0,AND2x6_ASAP7_75t_SL,3.906563961209031e-08,3.1149967507521916e-18
g221581,0,0,0,26010,5058,26334,5328,0,0,0,AOI22xp5_ASAP7_75t_SL,8.520370187170556e-09,8.057530506797462e-15
g221582,0,0,0,14778,22068,15318,22338,0,1,0,BUFx6f_ASAP7_75t_SL,2.0422749713588928e-08,5.592970865109237e-06
g221583,0,0,0,20232,8838,20772,9108,0,0,0,AND2x4_ASAP7_75t_SL,3.0560901365106474e-08,3.545414372377537e-15
g221584,0,0,0,25632,7488,25956,7758,0,0,1,INVx4_ASAP7_75t_SL,2.0572800352169907e-08,1.6355520114793264e-15
g221642,0,0,0,33408,13428,33678,13698,0,0,0,NAND3xp33_ASAP7_75t_SL,1.0129796557123427e-08,6.030976065773963e-12
g221643,0,0,0,33300,13698,33786,13968,0,0,0,XNOR2xp5_ASAP7_75t_SL,1.1788400477996674e-08,0.0
g221644,0,0,0,33570,12348,33840,12618,0,0,0,AOI21xp33_ASAP7_75t_L,6.847169498058747e-10,7.4998470566955235e-19
g221645,0,0,0,33786,13158,33948,13428,0,0,1,INVxp67_ASAP7_75t_SL,3.428808792449445e-09,3.280589775528364e-12
g221872,0,0,0,15102,39078,15318,39348,0,0,0,NAND2xp5_ASAP7_75t_SL,5.12805620189738e-09,1.1212595296683503e-08
g221873,0,0,0,15804,37998,16020,38268,0,0,1,INVx2_ASAP7_75t_SL,1.0285774898477484e-08,8.560230302379068e-10
g221874,0,0,0,14562,39348,14724,39618,0,0,1,INVx1_ASAP7_75t_SL,5.0493520475924925e-09,1.665482152191089e-08
g222523,0,0,0,18126,37998,18450,38268,0,0,0,AOI22xp5_ASAP7_75t_SL,3.6828700089586164e-09,0.0
g222524,0,0,0,19908,33138,20556,33408,0,0,0,AND2x6_ASAP7_75t_SL,4.046719936923182e-08,6.275909018816847e-14
g222537,0,0,0,17748,40158,18072,40428,0,0,0,AOI22xp5_ASAP7_75t_SL,8.462819778287667e-09,0.0
g222740,0,0,0,22662,40158,22986,40428,0,0,0,AOI22xp5_ASAP7_75t_SL,8.462819778287667e-09,0.0
g222985,0,0,0,21258,41238,21582,41508,0,0,0,AOI22xp5_ASAP7_75t_SL,8.462819778287667e-09,0.0
g222986,0,0,0,18504,35028,19152,35298,0,0,0,OR2x6_ASAP7_75t_SL,3.3840301227883174e-08,0.0
g223,0,0,0,4788,5598,5112,5868,0,0,0,AOI22xp5_ASAP7_75t_SL,8.51070502960738e-09,0.0
g223141,0,0,0,38430,11538,38754,11808,0,0,0,AOI22xp5_ASAP7_75t_SL,3.6828700089586164e-09,0.0
g223142,0,0,0,38268,11538,38430,11808,0,0,1,INVxp33_ASAP7_75t_SL,1.6880400410812513e-09,0.0
g223143,0,0,0,41616,10998,41832,11268,0,0,1,INVx2_ASAP7_75t_SL,1.0128200500503226e-08,0.0
g223449,0,0,0,18612,33138,18936,33408,0,0,0,OAI22xp5_ASAP7_75t_SL,1.005609640003513e-08,7.008233403327235e-12
g223450,0,0,0,18990,33138,19260,33408,0,0,1,INVx3_ASAP7_75t_SL,1.5192199498414993e-08,1.0058973646436334e-14
g223484,0,0,0,19908,33408,20556,33678,0,0,0,AND2x6_ASAP7_75t_SL,4.046719936923182e-08,0.0
g223485,0,0,0,21852,32868,22176,33138,0,0,0,AND2x2_ASAP7_75t_SL,1.695224938202955e-08,7.066728358040564e-08
g223535,0,0,0,21852,33408,22176,33678,0,0,0,AO21x1_ASAP7_75t_SL,6.919918416059545e-09,3.9345071645158214e-10
g223555,0,0,0,24660,9378,24984,9648,0,0,0,AOI22xp5_ASAP7_75t_SL,3.6828700089586164e-09,0.0
g223595,0,0,0,22122,33138,22446,33408,0,0,0,AO21x1_ASAP7_75t_SL,6.919918416059545e-09,3.803486414710733e-10
g223596,0,0,0,21582,31518,22014,31788,0,0,1,INVx6_ASAP7_75t_SL,3.0206511070218767e-08,2.4726924152673746e-07
g223597,0,0,0,21636,34488,21960,34758,0,0,0,AOI22xp33_ASAP7_75t_SL,5.641900280295431e-09,0.0
g223598,0,0,0,17478,34758,17802,35028,0,0,1,INVx4_ASAP7_75t_SL,2.0572800352169907e-08,0.0
g223599,0,0,0,17478,34488,18234,34758,0,0,0,AND3x4_ASAP7_75t_SL,2.3926389758344158e-08,1.0429103254177273e-23
g223600,0,0,0,24066,4788,24282,5058,0,0,1,INVx2_ASAP7_75t_SL,5.10364994710244e-09,3.285372940808884e-06
g223648,0,0,0,30168,22608,30492,22878,0,1,0,BUFx3_ASAP7_75t_SL,2.0225586538913376e-08,2.071747076115571e-07
g223681,0,0,0,20772,10998,20988,11268,0,0,0,NOR2xp33_ASAP7_75t_R,3.0844188314560483e-11,3.3244730753001495e-12
g223683,0,0,0,21366,10728,21690,10998,0,0,0,AND2x2_ASAP7_75t_SL,1.1970799462801551e-08,0.0
g223687,0,0,0,22770,11268,23094,11538,0,0,0,A2O1A1Ixp33_ASAP7_75t_SL,2.7109265943181526e-09,0.0
g223688,0,0,0,22608,11538,22824,11808,0,0,0,NOR2xp33_ASAP7_75t_L,3.234899847992523e-10,3.976647299213515e-13
g223689,0,0,0,23094,11268,23310,11538,0,0,0,NAND2xp33_ASAP7_75t_R,1.8042711422139313e-11,7.06988126262745e-18
g223712,0,0,0,17964,32328,18288,32598,0,0,0,NOR4xp25_ASAP7_75t_SL,6.31683760854429e-10,0.0
g223713,0,0,0,18504,32058,18720,32328,0,0,0,NAND2xp5_ASAP7_75t_SL,5.142494874377235e-09,4.2680978196152353e-10
g223714,0,0,0,17910,31518,18072,31788,0,0,1,INVx1_ASAP7_75t_SL,5.143200088042477e-09,0.0
g223715,0,0,0,18342,31788,18504,32058,0,0,1,INVx1_ASAP7_75t_SL,5.0634740844657244e-09,6.295146626200676e-10
g223809,0,0,0,22716,9108,23364,9378,0,0,0,AND2x6_ASAP7_75t_SL,3.407139814726179e-08,0.0
g223810,0,0,0,22932,9378,23580,9648,0,0,0,AND2x6_ASAP7_75t_SL,4.046719936923182e-08,5.914345212578234e-14
g223811,0,0,0,25470,5868,25686,6138,0,0,0,NAND2xp5_ASAP7_75t_SL,6.714044431532784e-09,5.675061132137671e-08
g223812,0,0,0,24876,6138,25200,6408,0,0,0,AOI22xp5_ASAP7_75t_SL,3.6828700089586164e-09,0.0
g223942,0,0,0,23256,38268,23580,38538,0,0,0,AOI22xp5_ASAP7_75t_SL,8.635570480919341e-09,7.748146640615145e-15
g223943,0,0,0,18072,34218,18828,34488,0,0,0,AND3x4_ASAP7_75t_SL,2.3943703908457792e-08,3.974411572689896e-15
g224,0,0,0,10512,6678,10836,6948,0,0,0,OAI22xp5_ASAP7_75t_SL,4.644038487100488e-09,9.759287422639318e-07
g224146,0,0,0,10242,16668,10566,16938,0,0,0,AOI22xp5_ASAP7_75t_SL,1.0055989818624766e-08,6.771726869568909e-14
g224147,0,0,0,8730,23148,9378,23418,0,0,0,OR2x6_ASAP7_75t_SL,4.100160211351067e-08,1.9934302096122075e-18
g224208,0,0,0,23796,38538,24120,38808,0,0,0,AOI22xp33_ASAP7_75t_SL,2.4617128335790994e-09,1.7976457419800664e-15
g224209,0,0,0,23958,37998,24174,38268,0,0,0,NAND2xp5_ASAP7_75t_L,5.025992955154379e-10,2.1822810225557987e-08
g224210,0,0,0,23688,37188,23904,37458,0,0,0,NAND2xp5_ASAP7_75t_SL,1.859943976612044e-09,1.4135215220534292e-10
g224211,0,0,0,24066,37728,24390,37998,0,0,0,AOI22xp33_ASAP7_75t_L,2.5257401725653494e-10,0.0
g224333,0,0,0,21042,31518,21582,31788,0,0,0,AND2x4_ASAP7_75t_SL,3.390479363929444e-08,2.8627155757021683e-07
g224335,0,0,0,20988,36108,21312,36378,0,0,0,NAND4xp25_ASAP7_75t_SL,1.3426256550985727e-08,3.1874471062565135e-08
g224453,0,0,0,20772,8838,21096,9108,0,0,1,INVx4_ASAP7_75t_SL,2.057279324674255e-08,1.64205281316665e-11
g224455,0,0,0,20448,11538,20772,11808,0,0,0,AOI31xp33_ASAP7_75t_SL,3.3794600451386714e-09,0.0
g224456,0,0,0,20934,10728,21258,10998,0,0,0,AOI22xp5_ASAP7_75t_SL,1.005609551185671e-08,6.4595976137504785e-12
g224457,0,0,0,21636,12078,21960,12348,0,0,0,OAI22xp33_ASAP7_75t_L,6.964777643503339e-10,2.7901426828680354e-12
g224458,0,0,0,21258,11808,21420,12078,0,0,1,INVx1_ASAP7_75t_SL,5.064088259842947e-09,4.4744459873347076e-12
g224461,0,0,0,17586,41238,17910,41508,0,0,0,AOI22xp5_ASAP7_75t_SL,6.943870367592808e-09,4.08596356749058e-08
g224462,0,0,0,19692,33678,20340,33948,0,0,0,AND2x6_ASAP7_75t_SL,4.4403101640000386e-08,5.602642170186335e-14
g224463,0,0,0,21366,33678,21690,33948,0,0,0,AOI22xp5_ASAP7_75t_SL,6.829345533532205e-09,4.5297991135839766e-08
g224464,0,0,0,25200,42048,25524,42318,0,0,0,AOI22xp5_ASAP7_75t_SL,6.943870367592808e-09,3.7266246977196715e-08
g224465,0,0,0,20178,42318,20502,42588,0,0,0,AOI22xp5_ASAP7_75t_SL,6.943870367592808e-09,3.169915530065737e-08
g224466,0,0,0,24120,40968,24444,41238,0,0,0,AOI22xp5_ASAP7_75t_SL,6.829345533532205e-09,3.409299154100154e-08
g224467,0,0,0,20934,42048,21258,42318,0,0,0,AOI22xp5_ASAP7_75t_SL,6.943870367592808e-09,4.120004604146743e-08
g224468,0,0,0,17370,34218,17694,34488,0,0,0,AOI22xp5_ASAP7_75t_SL,6.829345533532205e-09,5.4741914112810264e-08
g224469,0,0,0,24552,40158,24876,40428,0,0,0,AOI22xp5_ASAP7_75t_SL,6.829345533532205e-09,4.311806733880985e-08
g224470,0,0,0,20772,40428,21096,40698,0,0,0,AOI22xp5_ASAP7_75t_SL,6.829345533532205e-09,4.215417703790081e-08
g224471,0,0,0,25254,41508,25578,41778,0,0,0,AOI22xp5_ASAP7_75t_SL,6.943870367592808e-09,4.76420609629713e-08
g224472,0,0,0,22608,41778,22932,42048,0,0,0,AOI22xp5_ASAP7_75t_SL,6.943870367592808e-09,4.002496467592209e-08
g224473,0,0,0,21906,39888,22230,40158,0,0,0,AOI22xp5_ASAP7_75t_SL,6.829345533532205e-09,3.347523858110435e-08
g224474,0,0,0,22284,33678,22608,33948,0,0,0,AOI22xp5_ASAP7_75t_SL,6.943870367592808e-09,3.19646211721647e-08
g224475,0,0,0,17532,35298,17856,35568,0,0,0,AOI22xp5_ASAP7_75t_SL,6.943870367592808e-09,3.1693712543301444e-08
g224476,0,0,0,24606,41508,24930,41778,0,0,0,AOI22xp5_ASAP7_75t_SL,6.943873920306487e-09,3.944339255212981e-08
g224477,0,0,0,19476,40158,19800,40428,0,0,0,AOI22xp5_ASAP7_75t_SL,6.943870367592808e-09,3.234542234054061e-08
g224478,0,0,0,17802,38808,18126,39078,0,0,0,AOI22xp5_ASAP7_75t_SL,6.829345533532205e-09,3.1848145454205223e-08
g224479,0,0,0,18774,37188,19098,37458,0,0,0,AOI22xp5_ASAP7_75t_SL,6.829345533532205e-09,4.548586929331577e-08
g224480,0,0,0,19422,38808,19746,39078,0,0,0,AOI22xp33_ASAP7_75t_SL,4.62925342503695e-09,2.604779503201371e-08
g224481,0,0,0,17586,37458,17910,37728,0,0,0,AOI22xp33_ASAP7_75t_SL,4.62925342503695e-09,2.420043898609947e-08
g224522,0,0,0,29574,20178,29790,20448,0,0,0,NAND2xp5_ASAP7_75t_SL,5.1130224498763255e-09,3.086026367782324e-08
g224523,0,0,0,29790,19908,29952,20178,0,0,1,INVx1_ASAP7_75t_SL,5.143200088042477e-09,2.4835500322950566e-10
g224524,0,0,0,30276,20448,30546,20718,0,0,0,NAND3xp33_ASAP7_75t_SL,1.8528693024322251e-09,8.995983211829151e-13
g224572,0,0,0,30114,20178,30654,20448,0,0,0,AND2x4_ASAP7_75t_SL,3.0541468021283436e-08,6.674297399478224e-12
g224573,0,0,0,29790,20178,30114,20448,0,0,0,NOR2x1_ASAP7_75t_SL,2.9960569580822494e-09,1.6413158809500117e-12
g224630,0,0,0,23796,36648,24174,36918,0,0,0,AOI221xp5_ASAP7_75t_SL,5.897593080561592e-09,2.663882831972753e-15
g224631,0,0,0,23742,37458,24066,37728,0,0,0,NAND4xp25_ASAP7_75t_SL,1.3426257439164146e-08,2.675609067637197e-08
g224638,0,0,0,21798,11268,22284,11538,0,0,0,XOR2xp5_ASAP7_75t_SL,1.523529924440936e-08,0.0
g224639,0,0,0,21312,11268,21798,11538,0,0,0,XOR2xp5_ASAP7_75t_L,1.1810400435408042e-09,0.0
g224640,0,0,0,22068,11538,22554,11808,0,0,0,XNOR2xp5_ASAP7_75t_SL,1.5157700872237e-08,0.0
g224641,0,0,0,25308,6138,25632,6408,0,0,0,AOI22xp33_ASAP7_75t_SL,4.552906052168737e-09,2.430224377292234e-08
g224642,0,0,0,22284,9378,22932,9648,0,0,0,AND2x6_ASAP7_75t_SL,4.046719936923182e-08,0.0
g224651,0,0,0,22986,12888,23202,13158,0,0,1,INVx2_ASAP7_75t_SL,1.0068903932847206e-08,1.087782663944381e-07
g224652,0,0,0,23364,12078,23634,12348,0,1,0,BUFx2_ASAP7_75t_SL,1.3586982205993081e-08,1.295332765494095e-07
g224653,0,0,0,23796,13158,24066,13428,0,0,0,NOR3xp33_ASAP7_75t_SL,1.4884895538358478e-09,2.7367757345563796e-15
g224654,0,0,0,23310,12348,23580,12618,0,1,0,BUFx2_ASAP7_75t_SL,1.3586982205993081e-08,1.5365867511718534e-07
g224655,0,0,0,23958,12078,24174,12348,0,0,0,NOR2xp33_ASAP7_75t_SL,9.991080185400847e-10,2.0674045598568797e-15
g224656,0,0,0,29304,10998,29628,11268,0,0,0,AO21x1_ASAP7_75t_SL,6.919918416059545e-09,3.9364161930066643e-10
g224658,0,0,0,23094,11808,23310,12078,0,0,1,INVx2_ASAP7_75t_SL,1.0226175461980347e-08,9.407386869497714e-08
g224662,0,0,0,27090,10998,27306,11268,0,0,1,INVx2_ASAP7_75t_SL,1.0068903932847206e-08,6.108087546863317e-08
g224663,0,0,0,22878,11808,23094,12078,0,0,0,NAND2xp5_ASAP7_75t_SL,5.133424796355257e-09,9.092723861174601e-13
g224664,0,0,0,22824,11538,23148,11808,0,0,0,AND2x2_ASAP7_75t_SL,1.527078374863322e-08,1.6009452877968622e-12
g224665,0,0,0,28818,12348,28980,12618,0,0,1,INVxp67_ASAP7_75t_R,3.2471990374371984e-11,1.7175267430502572e-08
g224666,0,0,0,28656,12078,28980,12348,0,0,0,OAI211xp5_ASAP7_75t_SL,7.71693287049402e-09,3.3830080070629265e-08
g224667,0,0,0,26658,12078,27198,12348,0,0,0,OAI222xp33_ASAP7_75t_SL,8.015270225314453e-09,4.2464172622658225e-08
g224740,0,0,0,19962,33948,20340,34218,0,0,0,AND3x2_ASAP7_75t_SL,1.5108099660210428e-08,4.478833536686322e-12
g224741,0,0,0,20124,34758,20664,35028,0,0,0,AND2x4_ASAP7_75t_SL,2.3941598925603103e-08,0.0
g224742,0,0,0,21960,35298,22284,35568,0,0,0,NAND4xp25_ASAP7_75t_SL,1.3426257439164146e-08,2.9177432026017414e-08
g224743,0,0,0,21636,35298,21960,35568,0,0,0,AOI22xp33_ASAP7_75t_SL,2.4617128335790994e-09,1.650690396070892e-15
g224755,0,0,0,21096,40428,21420,40698,0,0,0,NAND2x1_ASAP7_75t_SL,1.0073675227317835e-08,8.242437843364314e-08
g23,0,0,0,19476,33678,19692,33948,0,1,0,HB1xp67_ASAP7_75t_SL,5.11833997407507e-09,0.0
g233,0,0,0,35568,29898,35892,30168,0,0,0,AOI31xp33_ASAP7_75t_SL,3.3794600451386714e-09,0.0
g234,0,0,0,36324,31788,36648,32058,0,0,0,OAI22xp5_ASAP7_75t_SL,1.0286400176084953e-08,1.7613477315578983e-18
g2349,0,0,0,37890,13428,38214,13698,0,0,0,AOI22xp5_ASAP7_75t_SL,3.711586149535151e-09,2.418856529122818e-15
g2351,0,0,0,38214,13428,38484,13698,0,0,0,NAND3xp33_ASAP7_75t_SL,1.0011532047826677e-08,5.215726162077772e-08
g24,0,0,0,16128,21528,16452,21798,0,0,1,INVx4_ASAP7_75t_SL,1.0207275025209128e-08,1.4086690498515964e-06
g244,0,0,0,10080,25308,10350,25578,0,0,0,AOI21xp5_ASAP7_75t_SL,5.279796155832628e-09,1.0435886367305552e-15
g245,0,0,0,10458,26118,10674,26388,0,0,0,NOR2xp33_ASAP7_75t_R,1.0421718175945838e-11,1.3098451088957436e-13
g248,0,0,0,10674,26118,10836,26388,0,0,1,INVxp67_ASAP7_75t_SL,3.3562945755960527e-09,2.9435678783329422e-08
g25,0,0,0,17424,15588,17856,15858,0,0,0,NAND2x1p5_ASAP7_75t_SL,7.811809865643227e-09,9.257571491616545e-07
g253,0,0,0,23904,33948,24228,34218,0,0,0,NAND4xp25_ASAP7_75t_SL,1.3426255662807307e-08,3.463544828719023e-08
g26,0,0,0,14832,37728,14994,37998,0,0,1,INVxp33_ASAP7_75t_R,1.6334000124684778e-11,0.0
g263,0,0,0,12024,31248,12348,31518,0,0,0,AOI22xp33_ASAP7_75t_SL,6.780766614866707e-09,0.0
g264,0,0,0,11538,31788,11862,32058,0,0,0,AOI22xp33_ASAP7_75t_SL,6.857503898061168e-09,4.9234074662226485e-14
g265,0,0,0,17316,24498,17532,24768,0,0,0,NOR2xp33_ASAP7_75t_SL,3.3256908338330504e-09,2.7185842554899864e-07
g266,0,0,0,16452,24498,16776,24768,0,0,0,O2A1O1Ixp33_ASAP7_75t_SL,4.4508574603696616e-09,9.814159795951127e-08
g267,0,0,0,16128,24498,16452,24768,0,0,0,OAI31xp33_ASAP7_75t_SL,5.834048799613356e-09,3.9996351119953033e-07
g27,0,0,0,28872,30168,29088,30438,0,0,1,INVx2_ASAP7_75t_SL,1.0226175461980347e-08,7.03956857250887e-08
g273,0,0,0,38538,20178,38808,20448,0,0,0,OAI21xp5_ASAP7_75t_SL,1.005559635558484e-08,3.2420246043329826e-08
g275,0,0,0,17748,32328,17964,32598,0,0,0,NOR2xp33_ASAP7_75t_SL,9.986883542367764e-10,0.0
g276,0,0,0,18450,34758,18774,35028,0,0,0,OR2x2_ASAP7_75t_SL,1.1776400299368106e-08,0.0
g278,0,0,0,18450,32328,18612,32598,0,0,1,INVxp33_ASAP7_75t_SL,1.7043624289669879e-09,1.398227311710798e-08
g279,0,0,0,18288,32328,18450,32598,0,0,1,INVxp33_ASAP7_75t_SL,1.7144000663549264e-09,0.0
g28,0,0,0,16182,25848,16344,26118,0,0,1,INVxp33_ASAP7_75t_R,1.1021225598817352e-11,1.7640007854424766e-07
g291,0,0,0,11106,19638,11430,19908,0,0,0,NOR2xp67_ASAP7_75t_SL,6.858430268152915e-09,1.1024872844761198e-15
g3,0,0,0,20232,9648,20448,9918,0,0,0,NOR2xp33_ASAP7_75t_R,3.084419872290134e-11,6.461727116135348e-19
g30,0,0,0,27198,34758,27414,35028,0,0,0,NOR2xp33_ASAP7_75t_R,3.239540233290761e-11,5.643522964192169e-19
g300,0,0,0,27252,22338,27468,22608,0,0,1,INVx2_ASAP7_75t_SL,1.0286400176084953e-08,4.1353967472623765e-10
g309,0,0,0,39618,30168,39942,30438,0,0,0,AND2x2_ASAP7_75t_L,1.1615419737154298e-09,1.0422314417948701e-17
g31,0,0,0,16992,19098,17154,19368,0,0,1,INVx1_ASAP7_75t_R,3.305755669202881e-11,4.262316792846832e-07
g310,0,0,0,22230,37458,22770,37728,0,0,0,AOI222xp33_ASAP7_75t_SL,5.774814404446715e-09,3.577808627142076e-08
g311,0,0,0,30600,36378,31086,36648,0,0,0,AO22x1_ASAP7_75t_SL,7.528013767910124e-09,3.553122795714025e-15
g312,0,0,0,30870,38808,31194,39078,0,0,0,NAND2x1_ASAP7_75t_SL,1.0073675227317835e-08,8.157394404406659e-08
g32,0,0,0,40428,20988,40644,21258,0,0,0,NAND2xp5_ASAP7_75t_SL,5.10347142324008e-09,2.6054941315578617e-08
g329,0,0,0,20556,11268,21042,11538,0,0,0,XNOR2xp5_ASAP7_75t_SL,1.5157695543166483e-08,5.275835324169975e-12
g33,0,0,0,40590,20718,40806,20988,0,0,0,NAND2xp5_ASAP7_75t_SL,1.859943976612044e-09,1.412700789682475e-10
g34,0,0,0,16398,13428,16560,13698,0,0,1,INVxp67_ASAP7_75t_SL,3.4187577213629083e-09,1.0352241730515743e-08
g35,0,0,0,26334,39888,26496,40158,0,0,1,INVx1_ASAP7_75t_R,2.5579423995614192e-11,1.6130009043990867e-06
g36,0,0,0,37458,9378,37620,9648,0,0,1,INVxp33_ASAP7_75t_R,1.7778400279722106e-11,3.0488061551823924e-15
g37,0,0,0,35082,10728,35406,10998,0,0,0,AOI22xp5_ASAP7_75t_SL,3.6828700089586164e-09,0.0
g38,0,0,0,10512,11268,10674,11538,0,0,1,INVx1_ASAP7_75t_SL,2.5518225310605658e-09,7.32731791686092e-07
g39,0,0,0,16236,28818,16506,29088,0,0,0,NOR3xp33_ASAP7_75t_R,3.7629687560380987e-11,4.6013144583412213e-07
g4,0,0,0,25524,42588,25740,42858,0,1,0,HB1xp67_ASAP7_75t_L,2.5155449945302166e-10,2.040480239884346e-06
g40,0,0,0,32760,30978,33030,31248,0,0,0,NAND3xp33_ASAP7_75t_SL,1.0070449363297485e-08,2.3931635340090907e-08
g41,0,0,0,16344,6138,16668,6408,0,0,0,AOI22xp33_ASAP7_75t_SL,6.243454198084919e-09,1.3695594658358345e-10
g42,0,0,0,14832,28818,14994,29088,0,0,1,INVx1_ASAP7_75t_SL,5.0640900361997865e-09,4.1996104510610976e-11
g426,0,0,0,20880,17208,21150,17478,0,0,0,NAND3xp33_ASAP7_75t_SL,5.889331688990751e-09,1.3383786381382379e-06
g429,0,0,0,13752,17478,14076,17748,0,0,0,AOI22xp5_ASAP7_75t_R,5.811171682745808e-11,6.222150972234886e-08
g43,0,0,0,15318,30708,15588,30978,0,0,0,NAND3xp33_ASAP7_75t_SL,1.315209940955242e-09,2.8535274143592915e-10
g433,0,0,0,20286,20178,20556,20448,0,0,0,NAND3xp33_ASAP7_75t_SL,6.557627774128605e-09,1.2042557955282973e-06
g434,0,0,0,5868,19908,6408,20178,0,0,0,AOI222xp33_ASAP7_75t_SL,4.0109515708763865e-09,8.789539407416669e-08
g435,0,0,0,19854,20448,20124,20718,0,0,0,AOI21xp33_ASAP7_75t_SL,4.457712421412907e-09,3.3678227850941767e-07
g436,0,0,0,19638,20178,19962,20448,0,0,0,AOI22xp5_ASAP7_75t_SL,4.515961382622891e-09,9.046116744571009e-09
g439,0,0,0,37350,13428,37674,13698,0,0,0,AOI211xp5_ASAP7_75t_SL,8.092321479580278e-09,2.2595016796570248e-15
g44,0,0,0,5058,35838,5382,36108,0,0,0,NOR2x1_ASAP7_75t_L,9.703970960117658e-10,1.4929339986480272e-09
g448,0,0,0,17910,22338,18180,22608,0,0,0,NAND3xp33_ASAP7_75t_SL,5.8841806982457e-09,1.007066089186992e-06
g45,0,0,0,14778,29628,14940,29898,0,0,1,INVx1_ASAP7_75t_SL,5.004972436495336e-09,6.655833573177006e-08
g451,0,0,0,14994,22608,15318,22878,0,0,0,AOI22xp5_ASAP7_75t_R,5.811171682745808e-11,5.0567116716138116e-08
g455,0,0,0,39240,30438,39564,30708,0,0,0,AOI211xp5_ASAP7_75t_SL,8.092321479580278e-09,2.230866883842146e-15
g456,0,0,0,38862,30708,39402,30978,0,0,0,OAI222xp33_ASAP7_75t_SL,8.015268448957613e-09,4.5133258907981144e-08
g46,0,0,0,15264,30438,15426,30708,0,0,1,INVx1_ASAP7_75t_SL,5.143200088042477e-09,1.3129884391963664e-19
g463,0,0,0,39942,31518,40266,31788,0,0,0,AND2x2_ASAP7_75t_L,1.1615419737154298e-09,1.0596450826142139e-17
g47,0,0,0,16128,29898,16290,30168,0,0,1,INVx1_ASAP7_75t_SL,5.004972436495336e-09,7.251047406953148e-08
g471,0,0,0,35622,18558,36270,18828,0,0,0,AOI211x1_ASAP7_75t_SL,1.2139990346327068e-08,3.585791162423729e-15
g472,0,0,0,35784,19638,36324,19908,0,0,0,OAI222xp33_ASAP7_75t_SL,7.802804624645887e-09,5.129182767404927e-08
g48,0,0,0,15210,30978,15372,31248,0,0,1,INVxp67_ASAP7_75t_R,2.070968223299996e-11,1.0641093695085146e-06
g486,0,0,0,19962,23418,20286,23688,0,0,0,NAND4xp25_ASAP7_75t_SL,8.663825212806842e-09,1.535030946797633e-06
g487,0,0,0,5652,23688,6192,23958,0,0,0,AOI222xp33_ASAP7_75t_SL,4.010950682697967e-09,9.078995333311468e-08
g489,0,0,0,20286,23418,20502,23688,0,0,0,NAND2xp5_ASAP7_75t_L,4.216599291950729e-10,1.573863528392394e-07
g49,0,0,0,39240,5598,39564,5868,0,0,0,AOI22xp5_ASAP7_75t_SL,3.6828700089586164e-09,0.0
g490,0,0,0,43074,34218,43344,34488,0,0,0,NAND3xp33_ASAP7_75t_SL,1.0070448475119065e-08,3.461436648422023e-08
g492,0,0,0,43020,35568,43344,35838,0,0,0,AOI22xp33_ASAP7_75t_L,2.532256904164143e-10,1.6340184583283224e-15
g493,0,0,0,43344,34488,43668,34758,0,0,0,AOI22xp33_ASAP7_75t_R,3.6464400943181374e-11,0.0
g5,0,0,0,15588,19368,15804,19638,0,0,1,INVx2_ASAP7_75t_SL,9.663436273399384e-09,5.675044576491928e-07
g50,0,0,0,42426,24498,42750,24768,0,0,0,AOI22xp33_ASAP7_75t_SL,2.4552500033081515e-09,0.0
g501,0,0,0,21258,13968,21528,14238,0,0,0,OAI21xp5_ASAP7_75t_SL,5.048366169546625e-09,1.3710618751439085e-10
g502,0,0,0,21258,14508,21582,14778,0,0,0,O2A1O1Ixp33_ASAP7_75t_SL,9.42185263141937e-09,1.1087759183014967e-11
g503,0,0,0,21528,13968,21852,14238,0,0,0,OAI31xp33_ASAP7_75t_SL,3.4320524200381897e-09,5.146231964875403e-12
g504,0,0,0,20988,14508,21258,14778,0,0,0,NOR3xp33_ASAP7_75t_SL,1.1982609349203699e-09,8.760087100156966e-11
g51,0,0,0,32328,7218,32544,7488,0,0,1,INVx2_ASAP7_75t_SL,5.10364994710244e-09,9.538283620713628e-07
g519,0,0,0,23796,31788,24174,32058,0,0,0,AOI221xp5_ASAP7_75t_SL,5.897592636472382e-09,2.40115841096465e-15
g52,0,0,0,36540,11268,36972,11538,0,0,0,NAND2x1p5_ASAP7_75t_SL,1.5083401194715407e-08,1.128199774271324e-14
g53,0,0,0,38160,34218,38484,34488,0,0,0,AOI22xp33_ASAP7_75t_SL,5.718669982002211e-09,0.0
g54,0,0,0,38700,35568,39240,35838,0,0,1,INVx8_ASAP7_75t_SL,4.0512301069384193e-08,0.0
g549,0,0,0,15156,40428,15534,40698,0,0,0,NOR5xp2_ASAP7_75t_R,1.6926177473508552e-11,8.332511924891151e-07
g55,0,0,0,17046,15858,17370,16128,0,0,0,NAND2x1_ASAP7_75t_SL,5.137585468162342e-09,6.722512466694752e-07
g56,0,0,0,17154,22608,17478,22878,0,0,0,NAND2x1_ASAP7_75t_SL,5.137585468162342e-09,6.513822654596879e-07
g57,0,0,0,20070,19908,20394,20178,0,0,0,NAND4xp25_ASAP7_75t_SL,1.2888698108781682e-08,2.5070303877328115e-07
g58,0,0,0,39024,36378,39240,36648,0,0,0,NOR2xp33_ASAP7_75t_SL,3.429220019057766e-09,2.2139412597318737e-15
g583,0,0,0,38646,20718,38970,20988,0,0,0,OAI211xp5_ASAP7_75t_SL,7.71693287049402e-09,3.660278480310808e-08
g586,0,0,0,41022,19368,41184,19638,0,0,1,INVxp33_ASAP7_75t_R,1.7778400279722106e-11,1.0434872045351215e-15
g59,0,0,0,18828,10188,19044,10458,0,0,1,INVx2_ASAP7_75t_L,9.65808766295595e-10,8.30623463343727e-08
g6,0,0,0,15804,19368,16128,19638,0,0,0,AND2x2_ASAP7_75t_SL,1.2242447056109995e-08,2.7388921353121987e-07
g60,0,0,0,18396,13698,18612,13968,0,0,1,INVx2_ASAP7_75t_SL,1.0226175461980347e-08,1.4674070314413257e-07
g606,0,0,0,17694,22068,18072,22338,0,0,0,AOI221xp5_ASAP7_75t_SL,5.495666588473114e-09,1.8846711213882372e-07
g607,0,0,0,17694,21528,18018,21798,0,0,0,OAI22xp5_ASAP7_75t_SL,4.6184172042273985e-09,2.0187434301988105e-07
g61,0,0,0,19206,31248,19692,31518,0,0,0,XNOR2xp5_ASAP7_75t_SL,1.5157700872237e-08,0.0
g62,0,0,0,42210,11808,42534,12078,0,0,0,NAND4xp25_ASAP7_75t_SL,1.3426257439164146e-08,3.164775819186616e-08
g63,0,0,0,41292,12348,41508,12618,0,0,0,NAND2xp5_ASAP7_75t_L,1.9099891113150136e-10,1.362449320030379e-10
g64,0,0,0,39186,12078,39402,12348,0,0,0,NAND2xp5_ASAP7_75t_SL,5.10347142324008e-09,2.2216582351575198e-08
g66,0,0,0,32166,21798,32814,22068,0,0,0,XNOR2x1_ASAP7_75t_SL,2.4971500423021098e-08,0.0
g67,0,0,0,36054,30978,36216,31248,0,0,1,INVxp67_ASAP7_75t_SL,3.4288101247170744e-09,6.30618820965394e-19
g676,0,0,0,22068,32328,22230,32598,0,0,1,INVx1_ASAP7_75t_R,4.8705497968093425e-11,4.0937479184322e-08
g678,0,0,0,43074,30708,43290,30978,0,0,0,NAND2xp5_ASAP7_75t_SL,1.8503367726907527e-09,6.3600970177400925e-18
g69,0,0,0,27576,37188,28116,37458,0,0,0,AND2x4_ASAP7_75t_SL,2.3941598925603103e-08,6.404899142206746e-31
g692,0,0,0,39240,19368,39564,19638,0,0,0,OAI211xp5_ASAP7_75t_SL,7.716799643731065e-09,3.2885850487218704e-08
g7,0,0,0,16128,19368,16452,19638,0,0,0,AND2x2_ASAP7_75t_SL,1.2228472456854433e-08,8.232475465774769e-07
g70,0,0,0,19422,12618,19584,12888,0,0,1,INVx1_ASAP7_75t_SL,5.0640900361997865e-09,1.4063712863225756e-16
g71,0,0,0,23580,14778,23850,15048,0,0,1,INVx3_ASAP7_75t_SL,7.655449607568698e-09,3.881651537085418e-06
g72,0,0,0,23148,14508,23364,14778,0,0,1,INVx2_ASAP7_75t_SL,5.10364994710244e-09,1.1398985861887923e-06
g73,0,0,0,37134,18558,37458,18828,0,0,0,AOI211xp5_ASAP7_75t_SL,8.092321479580278e-09,2.2125080799851194e-15
g75,0,0,0,42588,33138,42912,33408,0,0,0,NAND4xp25_ASAP7_75t_SL,1.3426256550985727e-08,3.0766656777814205e-08
g756,0,0,0,38106,19098,38430,19368,0,0,0,OAI211xp5_ASAP7_75t_SL,7.716799643731065e-09,2.9590102812449004e-08
g76,0,0,0,37458,19908,37728,20178,0,0,0,AOI21xp5_ASAP7_75t_SL,5.279796155832628e-09,2.9177392415395773e-15
g77,0,0,0,37566,19368,37890,19638,0,0,0,OAI211xp5_ASAP7_75t_SL,1.0061957489426732e-08,3.029120421160769e-08
g78,0,0,0,19692,16938,20016,17208,0,0,0,NOR2x1_ASAP7_75t_SL,4.915882367839686e-09,6.100593736846349e-07
g79,0,0,0,38160,12348,38484,12618,0,0,0,AO21x1_ASAP7_75t_L,6.923261408608994e-10,3.0576627316788833e-15
g8,0,0,0,40104,33948,40644,34218,0,0,0,AND2x4_ASAP7_75t_SL,2.3941598925603103e-08,0.0
g80,0,0,0,37890,12888,38106,13158,0,0,0,NAND2xp33_ASAP7_75t_SL,1.2398131410407132e-09,1.1546147371532811e-10
g81,0,0,0,37026,12618,37242,12888,0,0,0,NAND2xp5_ASAP7_75t_SL,5.10347142324008e-09,2.9247365418427762e-08
g82,0,0,0,31572,18288,31896,18558,0,0,0,AOI22xp5_ASAP7_75t_SL,8.469839052338557e-09,3.500644396581265e-08
g83,0,0,0,40320,6408,40644,6678,0,0,0,AOI22xp5_ASAP7_75t_SL,6.829349086245884e-09,3.959692662647285e-08
g84,0,0,0,37242,13158,37404,13428,0,0,1,INVxp67_ASAP7_75t_SL,3.4087348499411974e-09,2.675220756032104e-08
g85,0,0,0,33354,16668,33678,16938,0,0,0,AOI22xp5_ASAP7_75t_SL,8.469839052338557e-09,3.619478405880727e-08
g86,0,0,0,19692,31248,20016,31518,0,0,0,OAI22xp33_ASAP7_75t_SL,1.9941199802531173e-09,0.0
g87,0,0,0,36540,25848,36864,26118,0,0,0,AOI22xp5_ASAP7_75t_SL,6.829349086245884e-09,3.196743136868463e-08
g88,0,0,0,31572,12618,31896,12888,0,0,0,AOI22xp5_ASAP7_75t_SL,8.520370187170556e-09,0.0
g89,0,0,0,26280,9108,26604,9378,0,0,0,AOI22xp5_ASAP7_75t_SL,8.520370187170556e-09,8.625887073306256e-15
g8_dup217131,0,0,0,21474,9108,22014,9378,0,0,0,AND2x4_ASAP7_75t_SL,3.410449878060717e-08,3.353388869213082e-14
g9,0,0,0,26712,16128,26874,16398,0,0,1,INVx1_ASAP7_75t_SL,5.143200088042477e-09,2.6903101968400733e-10
g90,0,0,0,4248,32598,4572,32868,0,0,0,AOI22xp5_ASAP7_75t_SL,1.0037389586159406e-08,0.0
g91,0,0,0,14670,36108,14940,36378,0,0,0,OAI21xp5_ASAP7_75t_SL,6.644403249822517e-09,0.0
g92,0,0,0,16722,26118,17100,26388,0,0,0,AOI221xp5_ASAP7_75t_SL,6.23684659473156e-09,1.8916871624696796e-08
g93,0,0,0,37080,19368,37512,19638,0,0,0,O2A1O1Ixp5_ASAP7_75t_SL,6.148630937730104e-09,2.740659804136014e-15
g94,0,0,0,37026,19908,37296,20178,0,0,0,OAI21xp33_ASAP7_75t_SL,6.562127286002806e-09,2.997808223881293e-08
g95,0,0,0,31356,22338,31680,22608,0,0,0,OAI22xp33_ASAP7_75t_SL,6.704099941856612e-09,0.0
g96,0,0,0,16290,16938,16722,17208,0,0,0,NOR2x1p5_ASAP7_75t_SL,7.481173902590399e-09,1.1180161436641356e-06
g97,0,0,0,21960,8568,22230,8838,0,0,0,AOI21xp5_ASAP7_75t_SL,8.457009315065989e-09,8.525786413665637e-15
g98,0,0,0,36108,19908,36270,20178,0,0,1,INVxp67_ASAP7_75t_L,3.4491950962056706e-10,1.9187117672458953e-08
g99,0,0,0,33570,10458,33840,10728,0,0,0,AOI21xp5_ASAP7_75t_SL,8.572150100860654e-09,7.639986462481402e-15
in_valid_s1_reg\[0\],1,0,1,13698,21798,14778,22068,0,0,0,DFFHQNx1_ASAP7_75t_R,2.1851000175932e-10,2.1259633285808377e-05
in_valid_s1_reg\[1\],1,0,1,12294,25038,13374,25308,0,0,0,DFFHQNx1_ASAP7_75t_R,2.1145149520229722e-10,2.1086811102577485e-05
in_valid_s1_reg\[2\],1,0,1,13374,28818,14454,29088,0,0,0,DFFHQNx1_ASAP7_75t_R,2.1145149520229722e-10,2.117241092491895e-05
in_valid_s_reg\[0\],1,0,1,14670,13698,15750,13968,0,0,0,DFFHQNx1_ASAP7_75t_SL,2.0998500716018498e-08,0.00016052760474849492
in_valid_s_reg\[1\],1,0,1,12996,23958,14076,24228,0,0,0,DFFHQNx1_ASAP7_75t_SL,2.0657900279275054e-08,0.00015958971926011145
in_valid_s_reg\[2\],1,0,1,13968,29358,15048,29628,0,0,0,DFFHQNx1_ASAP7_75t_SL,2.0657900279275054e-08,0.0001611400512047112
u0_slt0_r_reg\[0\],1,0,0,27846,20718,28926,20988,0,0,0,DFFHQNx1_ASAP7_75t_R,2.1145149520229722e-10,5.139401650922082e-07
u0_slt0_r_reg\[10\],1,0,0,27360,24768,28440,25038,0,0,0,DFFHQNx1_ASAP7_75t_R,2.1145149520229722e-10,5.196482675273728e-07
u0_slt0_r_reg\[11\],1,0,0,27306,24228,28386,24498,0,0,0,DFFHQNx1_ASAP7_75t_R,2.1145149520229722e-10,5.184028850635514e-07
u0_slt0_r_reg\[12\],1,0,0,26982,23688,28062,23958,0,0,0,DFFHQNx1_ASAP7_75t_R,2.1145149520229722e-10,5.177387834010005e-07
u0_slt0_r_reg\[13\],1,0,0,25632,23958,26712,24228,0,0,0,DFFHQNx1_ASAP7_75t_R,2.1145149520229722e-10,5.185527811590873e-07
u0_slt0_r_reg\[14\],1,0,0,26118,24228,27198,24498,0,0,0,DFFHQNx1_ASAP7_75t_R,2.1145149520229722e-10,5.184816700420924e-07
u0_slt0_r_reg\[15\],1,0,0,26658,24498,27738,24768,0,0,0,DFFHQNx1_ASAP7_75t_R,2.1145149520229722e-10,5.18441424901539e-07
u0_slt0_r_reg\[1\],1,0,0,28494,20988,29574,21258,0,0,0,DFFHQNx1_ASAP7_75t_R,2.1145149520229722e-10,5.139797281117353e-07
u0_slt0_r_reg\[2\],1,0,0,28278,23958,29358,24228,0,0,0,DFFHQNx1_ASAP7_75t_R,2.1145149520229722e-10,5.177487309993012e-07
u0_slt0_r_reg\[3\],1,0,0,28440,24768,29520,25038,0,0,0,DFFHQNx1_ASAP7_75t_R,2.1145149520229722e-10,5.207497224546387e-07
u0_slt0_r_reg\[4\],1,0,0,28872,25038,29952,25308,0,0,0,DFFHQNx1_ASAP7_75t_R,2.1145149520229722e-10,5.207597268963582e-07
u0_slt0_r_reg\[5\],1,0,0,29412,25308,30492,25578,0,0,0,DFFHQNx1_ASAP7_75t_R,2.1145149520229722e-10,5.207967888054554e-07
u0_slt0_r_reg\[6\],1,0,0,25038,24768,26118,25038,0,0,0,DFFHQNx1_ASAP7_75t_R,2.1145149520229722e-10,5.185849545341625e-07
u0_slt0_r_reg\[7\],1,0,0,25416,24498,26496,24768,0,0,0,DFFHQNx1_ASAP7_75t_R,2.1145149520229722e-10,5.185121381146018e-07
u0_slt0_r_reg\[8\],1,0,0,26118,24768,27198,25038,0,0,0,DFFHQNx1_ASAP7_75t_R,2.1145149520229722e-10,5.185849545341625e-07
u0_slt0_r_reg\[9\],1,0,0,26712,25038,27792,25308,0,0,0,DFFHQNx1_ASAP7_75t_R,2.1145149520229722e-10,5.196499159865198e-07
u0_slt1_r_reg\[0\],1,0,0,35460,16128,36540,16398,0,0,0,DFFHQNx1_ASAP7_75t_R,2.1145149520229722e-10,5.17649141329457e-07
u0_slt1_r_reg\[10\],1,0,0,41346,16938,42426,17208,0,0,0,DFFHQNx1_ASAP7_75t_R,2.1145149520229722e-10,5.283922064336366e-07
u0_slt1_r_reg\[11\],1,0,0,41778,17478,42858,17748,0,0,0,DFFHQNx1_ASAP7_75t_R,2.1145149520229722e-10,5.300392444951285e-07
u0_slt1_r_reg\[12\],1,0,0,24606,16938,25686,17208,0,0,0,DFFHQNx1_ASAP7_75t_R,2.1145149520229722e-10,5.040313908466487e-07
u0_slt1_r_reg\[13\],1,0,0,25524,17478,26604,17748,0,0,0,DFFHQNx1_ASAP7_75t_R,2.1145149520229722e-10,5.062703962721571e-07
u0_slt1_r_reg\[14\],1,0,0,26334,18288,27414,18558,0,0,0,DFFHQNx1_ASAP7_75t_R,2.1145149520229722e-10,5.079908191873983e-07
u0_slt1_r_reg\[15\],1,0,0,27036,18018,28116,18288,0,0,0,DFFHQNx1_ASAP7_75t_R,2.1145149520229722e-10,5.10543713971856e-07
u0_slt1_r_reg\[16\],1,0,0,27414,18828,28494,19098,0,0,0,DFFHQNx1_ASAP7_75t_R,2.1145149520229722e-10,5.119453589941259e-07
u0_slt1_r_reg\[17\],1,0,0,27792,19098,28872,19368,0,0,0,DFFHQNx1_ASAP7_75t_R,2.1145149520229722e-10,5.119549086884945e-07
u0_slt1_r_reg\[18\],1,0,0,26496,19908,27576,20178,0,0,0,DFFHQNx1_ASAP7_75t_R,2.1145149520229722e-10,5.132793603479513e-07
u0_slt1_r_reg\[19\],1,0,0,27144,20178,28224,20448,0,0,0,DFFHQNx1_ASAP7_75t_R,2.1145149520229722e-10,5.132671958563151e-07
u0_slt1_r_reg\[1\],1,0,0,36270,15858,37350,16128,0,0,0,DFFHQNx1_ASAP7_75t_R,2.1145149520229722e-10,5.217484613240231e-07
u0_slt1_r_reg\[2\],1,0,0,37350,15858,38430,16128,0,0,0,DFFHQNx1_ASAP7_75t_R,2.1145149520229722e-10,5.235277171777852e-07
u0_slt1_r_reg\[3\],1,0,0,37998,15588,39078,15858,0,0,0,DFFHQNx1_ASAP7_75t_R,2.1145149520229722e-10,5.235367552813841e-07
u0_slt1_r_reg\[4\],1,0,0,38916,15858,39996,16128,0,0,0,DFFHQNx1_ASAP7_75t_R,2.1145149520229722e-10,5.274479235595209e-07
u0_slt1_r_reg\[5\],1,0,0,39996,15858,41076,16128,0,0,0,DFFHQNx1_ASAP7_75t_R,2.1145149520229722e-10,5.280417099129409e-07
u0_slt1_r_reg\[6\],1,0,0,40806,15588,41886,15858,0,0,0,DFFHQNx1_ASAP7_75t_R,2.1145149520229722e-10,5.282811343931826e-07
u0_slt1_r_reg\[7\],1,0,0,41562,15858,42642,16128,0,0,0,DFFHQNx1_ASAP7_75t_R,2.1145149520229722e-10,5.286639179757913e-07
u0_slt1_r_reg\[8\],1,0,0,42102,16128,43182,16398,0,0,0,DFFHQNx1_ASAP7_75t_R,2.1145149520229722e-10,5.296276981425763e-07
u0_slt1_r_reg\[9\],1,0,0,42480,16668,43560,16938,0,0,0,DFFHQNx1_ASAP7_75t_R,2.1145149520229722e-10,5.298509790918615e-07
u0_slt2_r_reg\[0\],1,0,0,40698,16398,41778,16668,0,0,0,DFFHQNx1_ASAP7_75t_R,2.1145149520229722e-10,5.283528707877849e-07
u0_slt2_r_reg\[10\],1,0,0,31518,16398,32598,16668,0,0,0,DFFHQNx1_ASAP7_75t_R,2.1145149520229722e-10,5.076612978882622e-07
u0_slt2_r_reg\[11\],1,0,0,30870,16938,31950,17208,0,0,0,DFFHQNx1_ASAP7_75t_R,2.1145149520229722e-10,5.087367185296898e-07
u0_slt2_r_reg\[12\],1,0,0,28116,17748,29196,18018,0,0,0,DFFHQNx1_ASAP7_75t_R,2.1145149520229722e-10,5.105606533106766e-07
u0_slt2_r_reg\[13\],1,0,0,28710,18828,29790,19098,0,0,0,DFFHQNx1_ASAP7_75t_R,2.1145149520229722e-10,5.119717343404773e-07
u0_slt2_r_reg\[14\],1,0,0,29682,18018,30762,18288,0,0,0,DFFHQNx1_ASAP7_75t_R,2.1145149520229722e-10,5.106154503664584e-07
u0_slt2_r_reg\[15\],1,0,0,30708,17748,31788,18018,0,0,0,DFFHQNx1_ASAP7_75t_R,2.1145149520229722e-10,5.117379373587028e-07
u0_slt2_r_reg\[16\],1,0,0,31788,17748,32868,18018,0,0,0,DFFHQNx1_ASAP7_75t_R,2.1145149520229722e-10,5.12838425947848e-07
u0_slt2_r_reg\[17\],1,0,0,32868,17748,33948,18018,0,0,0,DFFHQNx1_ASAP7_75t_R,2.1145149520229722e-10,5.13906343257986e-07
u0_slt2_r_reg\[18\],1,0,0,33840,16668,34920,16938,0,0,0,DFFHQNx1_ASAP7_75t_R,2.1145149520229722e-10,5.171665975467477e-07
u0_slt2_r_reg\[19\],1,0,0,34650,15858,35730,16128,0,0,0,DFFHQNx1_ASAP7_75t_R,2.1145149520229722e-10,5.187046099308645e-07
u0_slt2_r_reg\[1\],1,0,0,41400,16668,42480,16938,0,0,0,DFFHQNx1_ASAP7_75t_R,2.1145149520229722e-10,5.283964128466323e-07
u0_slt2_r_reg\[2\],1,0,0,34650,16398,35730,16668,0,0,0,DFFHQNx1_ASAP7_75t_R,2.1145149520229722e-10,5.176376589588472e-07
u0_slt2_r_reg\[3\],1,0,0,34542,17208,35622,17478,0,0,0,DFFHQNx1_ASAP7_75t_R,2.1145149520229722e-10,5.166678533896629e-07
u0_slt2_r_reg\[4\],1,0,0,29304,16938,30384,17208,0,0,0,DFFHQNx1_ASAP7_75t_R,2.1145149520229722e-10,5.087301815365208e-07
u0_slt2_r_reg\[5\],1,0,0,29790,16128,30870,16398,0,0,0,DFFHQNx1_ASAP7_75t_R,2.1145149520229722e-10,5.082910661258211e-07
u0_slt2_r_reg\[6\],1,0,0,30330,15588,31410,15858,0,0,0,DFFHQNx1_ASAP7_75t_R,2.1145149520229722e-10,5.075943363408442e-07
u0_slt2_r_reg\[7\],1,0,0,31194,15318,32274,15588,0,0,0,DFFHQNx1_ASAP7_75t_R,2.1145149520229722e-10,5.075063427284476e-07
u0_slt2_r_reg\[8\],1,0,0,32112,15858,33192,16128,0,0,0,DFFHQNx1_ASAP7_75t_R,2.1145149520229722e-10,5.076183242636034e-07
u0_slt2_r_reg\[9\],1,0,0,32706,16128,33786,16398,0,0,0,DFFHQNx1_ASAP7_75t_R,2.1145149520229722e-10,5.076652200841636e-07
u0_slt3_r_reg\[0\],1,0,0,35136,15588,36216,15858,0,0,0,DFFHQNx1_ASAP7_75t_R,2.1145149520229722e-10,5.191708396523609e-07
u0_slt3_r_reg\[10\],1,0,0,42534,14508,43614,14778,0,0,0,DFFHQNx1_ASAP7_75t_R,2.1145149520229722e-10,5.294288030199823e-07
u0_slt3_r_reg\[11\],1,0,0,43560,14238,44640,14508,0,0,0,DFFHQNx1_ASAP7_75t_R,2.1145149520229722e-10,5.294631364449742e-07
u0_slt3_r_reg\[12\],1,0,0,43722,14508,44802,14778,0,0,0,DFFHQNx1_ASAP7_75t_R,2.1145149520229722e-10,5.294575657899259e-07
u0_slt3_r_reg\[13\],1,0,0,41184,15048,42264,15318,0,0,0,DFFHQNx1_ASAP7_75t_R,2.1145149520229722e-10,5.283725386107108e-07
u0_slt3_r_reg\[14\],1,0,0,41994,14778,43074,15048,0,0,0,DFFHQNx1_ASAP7_75t_R,2.1145149520229722e-10,5.294319862514385e-07
u0_slt3_r_reg\[15\],1,0,0,42750,15048,43830,15318,0,0,0,DFFHQNx1_ASAP7_75t_R,2.1145149520229722e-10,5.293184131005546e-07
u0_slt3_r_reg\[16\],1,0,0,43452,14778,44532,15048,0,0,0,DFFHQNx1_ASAP7_75t_R,2.1145149520229722e-10,5.294373295328114e-07
u0_slt3_r_reg\[17\],1,0,0,40374,14778,41454,15048,0,0,0,DFFHQNx1_ASAP7_75t_R,2.1145149520229722e-10,5.271355121294619e-07
u0_slt3_r_reg\[18\],1,0,0,39510,15318,40590,15588,0,0,0,DFFHQNx1_ASAP7_75t_R,2.1145149520229722e-10,5.271269287732139e-07
u0_slt3_r_reg\[19\],1,0,0,40158,16128,41238,16398,0,0,0,DFFHQNx1_ASAP7_75t_R,2.1145149520229722e-10,5.281730182105093e-07
u0_slt3_r_reg\[1\],1,0,0,35622,15318,36702,15588,0,0,0,DFFHQNx1_ASAP7_75t_R,2.1145149520229722e-10,5.21270294484566e-07
u0_slt3_r_reg\[2\],1,0,0,36162,15048,37242,15318,0,0,0,DFFHQNx1_ASAP7_75t_R,2.1145149520229722e-10,5.21719925927755e-07
u0_slt3_r_reg\[3\],1,0,0,36540,14778,37620,15048,0,0,0,DFFHQNx1_ASAP7_75t_R,2.1145149520229722e-10,5.217493708187249e-07
u0_slt3_r_reg\[4\],1,0,0,37242,15048,38322,15318,0,0,0,DFFHQNx1_ASAP7_75t_R,2.1145149520229722e-10,5.225670065556187e-07
u0_slt3_r_reg\[5\],1,0,0,37566,15318,38646,15588,0,0,0,DFFHQNx1_ASAP7_75t_R,2.1145149520229722e-10,5.225621180215967e-07
u0_slt3_r_reg\[6\],1,0,0,38322,15048,39402,15318,0,0,0,DFFHQNx1_ASAP7_75t_R,2.1145149520229722e-10,5.271258487482555e-07
u0_slt3_r_reg\[7\],1,0,0,38808,14778,39888,15048,0,0,0,DFFHQNx1_ASAP7_75t_R,2.1145149520229722e-10,5.271216423352598e-07
u0_slt3_r_reg\[8\],1,0,0,39780,15048,40860,15318,0,0,0,DFFHQNx1_ASAP7_75t_R,2.1145149520229722e-10,5.271311920296284e-07
u0_slt3_r_reg\[9\],1,0,0,41238,15318,42318,15588,0,0,0,DFFHQNx1_ASAP7_75t_R,2.1145149520229722e-10,5.283684458845528e-07
u0_slt4_r_reg\[0\],1,0,0,36810,28008,37890,28278,0,0,0,DFFHQNx1_ASAP7_75t_R,2.1145149520229722e-10,5.313445399224292e-07
u0_slt4_r_reg\[10\],1,0,0,42534,28818,43614,29088,0,0,0,DFFHQNx1_ASAP7_75t_R,2.1145149520229722e-10,5.326836571839522e-07
u0_slt4_r_reg\[11\],1,0,0,43452,29358,44532,29628,0,0,0,DFFHQNx1_ASAP7_75t_R,2.1145149520229722e-10,5.335517698767944e-07
u0_slt4_r_reg\[12\],1,0,0,41724,29088,42804,29358,0,0,0,DFFHQNx1_ASAP7_75t_R,2.1145149520229722e-10,5.328489010025805e-07
u0_slt4_r_reg\[13\],1,0,0,42858,29628,43938,29898,0,0,0,DFFHQNx1_ASAP7_75t_R,2.1145149520229722e-10,5.3359440244094e-07
u0_slt4_r_reg\[14\],1,0,0,43614,29898,44694,30168,0,0,0,DFFHQNx1_ASAP7_75t_R,2.1145149520229722e-10,5.335867854228127e-07
u0_slt4_r_reg\[15\],1,0,0,43722,30168,44802,30438,0,0,0,DFFHQNx1_ASAP7_75t_R,2.1145149520229722e-10,5.335979835763283e-07
u0_slt4_r_reg\[16\],1,0,0,41292,29358,42372,29628,0,0,0,DFFHQNx1_ASAP7_75t_R,2.1145149520229722e-10,5.328383849700913e-07
u0_slt4_r_reg\[17\],1,0,0,41832,28278,42912,28548,0,0,0,DFFHQNx1_ASAP7_75t_R,2.1145149520229722e-10,5.331342549652618e-07
u0_slt4_r_reg\[18\],1,0,0,42534,28548,43614,28818,0,0,0,DFFHQNx1_ASAP7_75t_R,2.1145149520229722e-10,5.326872951627593e-07
u0_slt4_r_reg\[19\],1,0,0,43020,28008,44100,28278,0,0,0,DFFHQNx1_ASAP7_75t_R,2.1145149520229722e-10,5.333107537808246e-07
u0_slt4_r_reg\[1\],1,0,0,37620,28548,38700,28818,0,0,0,DFFHQNx1_ASAP7_75t_R,2.1145149520229722e-10,5.315123985383252e-07
u0_slt4_r_reg\[2\],1,0,0,38322,28278,39402,28548,0,0,0,DFFHQNx1_ASAP7_75t_R,2.1145149520229722e-10,5.319037654771819e-07
u0_slt4_r_reg\[3\],1,0,0,38808,28548,39888,28818,0,0,0,DFFHQNx1_ASAP7_75t_R,2.1145149520229722e-10,5.320594027580228e-07
u0_slt4_r_reg\[4\],1,0,0,39240,28818,40320,29088,0,0,0,DFFHQNx1_ASAP7_75t_R,2.1145149520229722e-10,5.320543436937442e-07
u0_slt4_r_reg\[5\],1,0,0,39618,29088,40698,29358,0,0,0,DFFHQNx1_ASAP7_75t_R,2.1145149520229722e-10,5.322427796272677e-07
u0_slt4_r_reg\[6\],1,0,0,39942,28548,41022,28818,0,0,0,DFFHQNx1_ASAP7_75t_R,2.1145149520229722e-10,5.323742016116739e-07
u0_slt4_r_reg\[7\],1,0,0,40428,28278,41508,28548,0,0,0,DFFHQNx1_ASAP7_75t_R,2.1145149520229722e-10,5.330506951395364e-07
u0_slt4_r_reg\[8\],1,0,0,40752,28818,41832,29088,0,0,0,DFFHQNx1_ASAP7_75t_R,2.1145149520229722e-10,5.325144911694224e-07
u0_slt4_r_reg\[9\],1,0,0,41454,28548,42534,28818,0,0,0,DFFHQNx1_ASAP7_75t_R,2.1145149520229722e-10,5.326589871401666e-07
u0_slt5_r_reg\[0\],1,0,0,42642,18018,43722,18288,0,0,0,DFFHQNx1_ASAP7_75t_R,2.1145149520229722e-10,5.303282364366169e-07
u0_slt5_r_reg\[10\],1,0,0,43614,18288,44694,18558,0,0,0,DFFHQNx1_ASAP7_75t_R,2.1145149520229722e-10,5.303978696247214e-07
u0_slt5_r_reg\[11\],1,0,0,43722,18828,44802,19098,0,0,0,DFFHQNx1_ASAP7_75t_R,2.1145149520229722e-10,5.304822252583108e-07
u0_slt5_r_reg\[12\],1,0,0,43722,19638,44802,19908,0,0,0,DFFHQNx1_ASAP7_75t_R,2.1145149520229722e-10,5.304925707605435e-07
u0_slt5_r_reg\[13\],1,0,0,43722,19908,44802,20178,0,0,0,DFFHQNx1_ASAP7_75t_R,2.1145149520229722e-10,5.305040531311533e-07
u0_slt5_r_reg\[14\],1,0,0,43722,25848,44802,26118,0,0,0,DFFHQNx1_ASAP7_75t_R,2.1145149520229722e-10,5.336576691661321e-07
u0_slt5_r_reg\[15\],1,0,0,43722,26388,44802,26658,0,0,0,DFFHQNx1_ASAP7_75t_R,2.1145149520229722e-10,5.336503363650991e-07
u0_slt5_r_reg\[16\],1,0,0,43722,27198,44802,27468,0,0,0,DFFHQNx1_ASAP7_75t_R,2.1145149520229722e-10,5.336311232895241e-07
u0_slt5_r_reg\[17\],1,0,0,43614,27738,44694,28008,0,0,0,DFFHQNx1_ASAP7_75t_R,2.1145149520229722e-10,5.335473360901233e-07
u0_slt5_r_reg\[18\],1,0,0,43722,28278,44802,28548,0,0,0,DFFHQNx1_ASAP7_75t_R,2.1145149520229722e-10,5.333923809303087e-07
u0_slt5_r_reg\[19\],1,0,0,43722,28548,44802,28818,0,0,0,DFFHQNx1_ASAP7_75t_R,2.1145149520229722e-10,5.335370474313095e-07
u0_slt5_r_reg\[1\],1,0,0,43236,17748,44316,18018,0,0,0,DFFHQNx1_ASAP7_75t_R,2.1145149520229722e-10,5.303243142407155e-07
u0_slt5_r_reg\[2\],1,0,0,43722,17478,44802,17748,0,0,0,DFFHQNx1_ASAP7_75t_R,2.1145149520229722e-10,5.301894816511776e-07
u0_slt5_r_reg\[3\],1,0,0,42372,17208,43452,17478,0,0,0,DFFHQNx1_ASAP7_75t_R,2.1145149520229722e-10,5.300369139149552e-07
u0_slt5_r_reg\[4\],1,0,0,42966,16398,44046,16668,0,0,0,DFFHQNx1_ASAP7_75t_R,2.1145149520229722e-10,5.295223104440083e-07
u0_slt5_r_reg\[5\],1,0,0,43452,15588,44532,15858,0,0,0,DFFHQNx1_ASAP7_75t_R,2.1145149520229722e-10,5.290474405228451e-07
u0_slt5_r_reg\[6\],1,0,0,43722,15318,44802,15588,0,0,0,DFFHQNx1_ASAP7_75t_R,2.1145149520229722e-10,5.294787115417421e-07
u0_slt5_r_reg\[7\],1,0,0,43128,15858,44208,16128,0,0,0,DFFHQNx1_ASAP7_75t_R,2.1145149520229722e-10,5.290467584018188e-07
u0_slt5_r_reg\[8\],1,0,0,43722,16128,44802,16398,0,0,0,DFFHQNx1_ASAP7_75t_R,2.1145149520229722e-10,5.295428309182171e-07
u0_slt5_r_reg\[9\],1,0,0,43722,17208,44802,17478,0,0,0,DFFHQNx1_ASAP7_75t_R,2.1145149520229722e-10,5.301931196299847e-07
u0_slt6_r_reg\[0\],1,0,0,30006,19638,31086,19908,0,0,0,DFFHQNx1_ASAP7_75t_R,2.1145149520229722e-10,5.099170721223345e-07
u0_slt6_r_reg\[10\],1,0,0,38376,16668,39456,16938,0,0,0,DFFHQNx1_ASAP7_75t_R,2.1145149520229722e-10,5.255417363514425e-07
u0_slt6_r_reg\[11\],1,0,0,38916,16398,39996,16668,0,0,0,DFFHQNx1_ASAP7_75t_R,2.1145149520229722e-10,5.267137339615147e-07
u0_slt6_r_reg\[12\],1,0,0,39186,16938,40266,17208,0,0,0,DFFHQNx1_ASAP7_75t_R,2.1145149520229722e-10,5.25894392922055e-07
u0_slt6_r_reg\[13\],1,0,0,39780,17208,40860,17478,0,0,0,DFFHQNx1_ASAP7_75t_R,2.1145149520229722e-10,5.28280963862926e-07
u0_slt6_r_reg\[14\],1,0,0,40320,17478,41400,17748,0,0,0,DFFHQNx1_ASAP7_75t_R,2.1145149520229722e-10,5.282701636133424e-07
u0_slt6_r_reg\[15\],1,0,0,40968,17748,42048,18018,0,0,0,DFFHQNx1_ASAP7_75t_R,2.1145149520229722e-10,5.283592372506973e-07
u0_slt6_r_reg\[16\],1,0,0,40050,18018,41130,18288,0,0,0,DFFHQNx1_ASAP7_75t_R,2.1145149520229722e-10,5.283178552417667e-07
u0_slt6_r_reg\[17\],1,0,0,40698,18288,41778,18558,0,0,0,DFFHQNx1_ASAP7_75t_R,2.1145149520229722e-10,5.283670247990813e-07
u0_slt6_r_reg\[18\],1,0,0,41400,18018,42480,18288,0,0,0,DFFHQNx1_ASAP7_75t_R,2.1145149520229722e-10,5.283542350298376e-07
u0_slt6_r_reg\[19\],1,0,0,42048,18288,43128,18558,0,0,0,DFFHQNx1_ASAP7_75t_R,2.1145149520229722e-10,5.30414354216191e-07
u0_slt6_r_reg\[1\],1,0,0,31086,18828,32166,19098,0,0,0,DFFHQNx1_ASAP7_75t_R,2.1145149520229722e-10,5.099320787849138e-07
u0_slt6_r_reg\[2\],1,0,0,32166,18288,33246,18558,0,0,0,DFFHQNx1_ASAP7_75t_R,2.1145149520229722e-10,5.128620159666752e-07
u0_slt6_r_reg\[3\],1,0,0,33462,18018,34542,18288,0,0,0,DFFHQNx1_ASAP7_75t_R,2.1145149520229722e-10,5.144275974089396e-07
u0_slt6_r_reg\[4\],1,0,0,34542,17748,35622,18018,0,0,0,DFFHQNx1_ASAP7_75t_R,2.1145149520229722e-10,5.154669224793906e-07
u0_slt6_r_reg\[5\],1,0,0,35622,17208,36702,17478,0,0,0,DFFHQNx1_ASAP7_75t_R,2.1145149520229722e-10,5.166833716430119e-07
u0_slt6_r_reg\[6\],1,0,0,36270,16938,37350,17208,0,0,0,DFFHQNx1_ASAP7_75t_R,2.1145149520229722e-10,5.248218712949893e-07
u0_slt6_r_reg\[7\],1,0,0,36810,16668,37890,16938,0,0,0,DFFHQNx1_ASAP7_75t_R,2.1145149520229722e-10,5.248188017503708e-07
u0_slt6_r_reg\[8\],1,0,0,37296,16398,38376,16668,0,0,0,DFFHQNx1_ASAP7_75t_R,2.1145149520229722e-10,5.239135134615935e-07
u0_slt6_r_reg\[9\],1,0,0,37782,16938,38862,17208,0,0,0,DFFHQNx1_ASAP7_75t_R,2.1145149520229722e-10,5.251743004919263e-07
u0_slt7_r_reg\[0\],1,0,0,22824,28818,23904,29088,0,0,0,DFFHQNx1_ASAP7_75t_R,2.1145149520229722e-10,5.275614398669859e-07
u0_slt7_r_reg\[10\],1,0,0,22176,28278,23256,28548,0,0,0,DFFHQNx1_ASAP7_75t_R,2.1145149520229722e-10,5.275547323435603e-07
u0_slt7_r_reg\[11\],1,0,0,22608,28548,23688,28818,0,0,0,DFFHQNx1_ASAP7_75t_R,2.1145149520229722e-10,5.275678631733172e-07
u0_slt7_r_reg\[12\],1,0,0,23688,28548,24768,28818,0,0,0,DFFHQNx1_ASAP7_75t_R,2.1145149520229722e-10,5.272888188301295e-07
u0_slt7_r_reg\[13\],1,0,0,24390,28278,25470,28548,0,0,0,DFFHQNx1_ASAP7_75t_R,2.1145149520229722e-10,5.262002105155261e-07
u0_slt7_r_reg\[14\],1,0,0,24822,28548,25902,28818,0,0,0,DFFHQNx1_ASAP7_75t_R,2.1145149520229722e-10,5.265499680717767e-07
u0_slt7_r_reg\[15\],1,0,0,25200,29358,26280,29628,0,0,0,DFFHQNx1_ASAP7_75t_R,2.1145149520229722e-10,5.266648486212944e-07
u0_slt7_r_reg\[16\],1,0,0,25416,30168,26496,30438,0,0,0,DFFHQNx1_ASAP7_75t_R,2.1145149520229722e-10,5.269897087600839e-07
u0_slt7_r_reg\[17\],1,0,0,25470,29898,26550,30168,0,0,0,DFFHQNx1_ASAP7_75t_R,2.1145149520229722e-10,5.269592975309934e-07
u0_slt7_r_reg\[18\],1,0,0,26010,29628,27090,29898,0,0,0,DFFHQNx1_ASAP7_75t_R,2.1145149520229722e-10,5.269699840937392e-07
u0_slt7_r_reg\[19\],1,0,0,28332,26928,29412,27198,0,0,0,DFFHQNx1_ASAP7_75t_R,2.1145149520229722e-10,5.235520461610577e-07
u0_slt7_r_reg\[1\],1,0,0,23472,29088,24552,29358,0,0,0,DFFHQNx1_ASAP7_75t_R,2.1145149520229722e-10,5.273854526421928e-07
u0_slt7_r_reg\[2\],1,0,0,24120,29358,25200,29628,0,0,0,DFFHQNx1_ASAP7_75t_R,2.1145149520229722e-10,5.273370220493234e-07
u0_slt7_r_reg\[3\],1,0,0,22878,29628,23958,29898,0,0,0,DFFHQNx1_ASAP7_75t_R,2.1145149520229722e-10,5.271372174320277e-07
u0_slt7_r_reg\[4\],1,0,0,23202,29898,24282,30168,0,0,0,DFFHQNx1_ASAP7_75t_R,2.1145149520229722e-10,5.271296004139003e-07
u0_slt7_r_reg\[5\],1,0,0,23796,30168,24876,30438,0,0,0,DFFHQNx1_ASAP7_75t_R,2.1145149520229722e-10,5.272255521049374e-07
u0_slt7_r_reg\[6\],1,0,0,24282,29898,25362,30168,0,0,0,DFFHQNx1_ASAP7_75t_R,2.1145149520229722e-10,5.270307497085014e-07
u0_slt7_r_reg\[7\],1,0,0,24876,29628,25956,29898,0,0,0,DFFHQNx1_ASAP7_75t_R,2.1145149520229722e-10,5.269417329145654e-07
u0_slt7_r_reg\[8\],1,0,0,25470,28278,26550,28548,0,0,0,DFFHQNx1_ASAP7_75t_R,2.1145149520229722e-10,5.260418447505799e-07
u0_slt7_r_reg\[9\],1,0,0,25578,28818,26658,29088,0,0,0,DFFHQNx1_ASAP7_75t_R,2.1145149520229722e-10,5.265501386020333e-07
u0_slt8_r_reg\[0\],1,0,0,29898,27468,30978,27738,0,0,0,DFFHQNx1_ASAP7_75t_R,2.1145149520229722e-10,5.26308895132388e-07
u0_slt8_r_reg\[10\],1,0,0,33138,29088,34218,29358,0,0,0,DFFHQNx1_ASAP7_75t_R,2.1145149520229722e-10,5.29078931776894e-07
u0_slt8_r_reg\[11\],1,0,0,33732,29628,34812,29898,0,0,0,DFFHQNx1_ASAP7_75t_R,2.1145149520229722e-10,5.293391041050199e-07
u0_slt8_r_reg\[12\],1,0,0,33894,29358,34974,29628,0,0,0,DFFHQNx1_ASAP7_75t_R,2.1145149520229722e-10,5.293122740113176e-07
u0_slt8_r_reg\[13\],1,0,0,34218,29088,35298,29358,0,0,0,DFFHQNx1_ASAP7_75t_R,2.1145149520229722e-10,5.29532258042309e-07
u0_slt8_r_reg\[14\],1,0,0,34218,28818,35298,29088,0,0,0,DFFHQNx1_ASAP7_75t_R,2.1145149520229722e-10,5.302981662680395e-07
u0_slt8_r_reg\[15\],1,0,0,31572,28278,32652,28548,0,0,0,DFFHQNx1_ASAP7_75t_R,2.1145149520229722e-10,5.27141992279212e-07
u0_slt8_r_reg\[16\],1,0,0,31950,28818,33030,29088,0,0,0,DFFHQNx1_ASAP7_75t_R,2.1145149520229722e-10,5.282999495648255e-07
u0_slt8_r_reg\[17\],1,0,0,30816,28818,31896,29088,0,0,0,DFFHQNx1_ASAP7_75t_R,2.1145149520229722e-10,5.269214966574509e-07
u0_slt8_r_reg\[18\],1,0,0,30978,28548,32058,28818,0,0,0,DFFHQNx1_ASAP7_75t_R,2.1145149520229722e-10,5.269229177429224e-07
u0_slt8_r_reg\[19\],1,0,0,22230,29088,23310,29358,0,0,0,DFFHQNx1_ASAP7_75t_R,2.1145149520229722e-10,5.274629302221001e-07
u0_slt8_r_reg\[1\],1,0,0,28278,27738,29358,28008,0,0,0,DFFHQNx1_ASAP7_75t_R,2.1145149520229722e-10,5.240643190518313e-07
u0_slt8_r_reg\[2\],1,0,0,28710,28008,29790,28278,0,0,0,DFFHQNx1_ASAP7_75t_R,2.1145149520229722e-10,5.255881774246518e-07
u0_slt8_r_reg\[3\],1,0,0,29142,28278,30222,28548,0,0,0,DFFHQNx1_ASAP7_75t_R,2.1145149520229722e-10,5.259247473077266e-07
u0_slt8_r_reg\[4\],1,0,0,29682,28548,30762,28818,0,0,0,DFFHQNx1_ASAP7_75t_R,2.1145149520229722e-10,5.263053708404186e-07
u0_slt8_r_reg\[5\],1,0,0,30276,28008,31356,28278,0,0,0,DFFHQNx1_ASAP7_75t_R,2.1145149520229722e-10,5.265673053145292e-07
u0_slt8_r_reg\[6\],1,0,0,30924,27738,32004,28008,0,0,0,DFFHQNx1_ASAP7_75t_R,2.1145149520229722e-10,5.26904727848887e-07
u0_slt8_r_reg\[7\],1,0,0,31842,28008,32922,28278,0,0,0,DFFHQNx1_ASAP7_75t_R,2.1145149520229722e-10,5.27419672380347e-07
u0_slt8_r_reg\[8\],1,0,0,32652,28278,33732,28548,0,0,0,DFFHQNx1_ASAP7_75t_R,2.1145149520229722e-10,5.276782530927449e-07
u0_slt8_r_reg\[9\],1,0,0,32814,28548,33894,28818,0,0,0,DFFHQNx1_ASAP7_75t_R,2.1145149520229722e-10,5.282983011056785e-07
u0_slt9_r_reg\[0\],1,0,0,24174,14238,25254,14508,0,0,0,DFFHQNx1_ASAP7_75t_R,2.1145149520229722e-10,4.981891947863915e-07
u0_slt9_r_reg\[10\],1,0,0,27036,14778,28116,15048,0,0,0,DFFHQNx1_ASAP7_75t_R,2.1145149520229722e-10,5.038786525801697e-07
u0_slt9_r_reg\[11\],1,0,0,27468,14508,28548,14778,0,0,0,DFFHQNx1_ASAP7_75t_R,2.1145149520229722e-10,5.04389447542053e-07
u0_slt9_r_reg\[12\],1,0,0,27738,15048,28818,15318,0,0,0,DFFHQNx1_ASAP7_75t_R,2.1145149520229722e-10,5.044047952651454e-07
u0_slt9_r_reg\[13\],1,0,0,28224,14778,29304,15048,0,0,0,DFFHQNx1_ASAP7_75t_R,2.1145149520229722e-10,5.048811999586178e-07
u0_slt9_r_reg\[14\],1,0,0,28602,14508,29682,14778,0,0,0,DFFHQNx1_ASAP7_75t_R,2.1145149520229722e-10,5.053765335105709e-07
u0_slt9_r_reg\[15\],1,0,0,28926,15048,30006,15318,0,0,0,DFFHQNx1_ASAP7_75t_R,2.1145149520229722e-10,5.053939275967423e-07
u0_slt9_r_reg\[16\],1,0,0,29466,14778,30546,15048,0,0,0,DFFHQNx1_ASAP7_75t_R,2.1145149520229722e-10,5.058533361079753e-07
u0_slt9_r_reg\[17\],1,0,0,29898,14508,30978,14778,0,0,0,DFFHQNx1_ASAP7_75t_R,2.1145149520229722e-10,5.063300818619609e-07
u0_slt9_r_reg\[18\],1,0,0,30114,14238,31194,14508,0,0,0,DFFHQNx1_ASAP7_75t_R,2.1145149520229722e-10,5.069588837613992e-07
u0_slt9_r_reg\[19\],1,0,0,29736,27198,30816,27468,0,0,0,DFFHQNx1_ASAP7_75t_R,2.1145149520229722e-10,5.263138973532477e-07
u0_slt9_r_reg\[1\],1,0,0,23364,14508,24444,14778,0,0,0,DFFHQNx1_ASAP7_75t_R,2.1145149520229722e-10,5.007030381420918e-07
u0_slt9_r_reg\[2\],1,0,0,23850,15048,24930,15318,0,0,0,DFFHQNx1_ASAP7_75t_R,2.1145149520229722e-10,5.012214501221024e-07
u0_slt9_r_reg\[3\],1,0,0,24444,14778,25524,15048,0,0,0,DFFHQNx1_ASAP7_75t_R,2.1145149520229722e-10,5.012400379200699e-07
u0_slt9_r_reg\[4\],1,0,0,25092,15048,26172,15318,0,0,0,DFFHQNx1_ASAP7_75t_R,2.1145149520229722e-10,5.017592457079445e-07
u0_slt9_r_reg\[5\],1,0,0,25146,14508,26226,14778,0,0,0,DFFHQNx1_ASAP7_75t_R,2.1145149520229722e-10,5.017826083530963e-07
u0_slt9_r_reg\[6\],1,0,0,25686,14238,26766,14508,0,0,0,DFFHQNx1_ASAP7_75t_R,2.1145149520229722e-10,5.023314315621974e-07
u0_slt9_r_reg\[7\],1,0,0,25956,14778,27036,15048,0,0,0,DFFHQNx1_ASAP7_75t_R,2.1145149520229722e-10,5.028430791753635e-07
u0_slt9_r_reg\[8\],1,0,0,26388,14508,27468,14778,0,0,0,DFFHQNx1_ASAP7_75t_R,2.1145149520229722e-10,5.033699039813655e-07
u0_slt9_r_reg\[9\],1,0,0,26658,15048,27738,15318,0,0,0,DFFHQNx1_ASAP7_75t_R,2.1145149520229722e-10,5.033852517044579e-07
u10_din_tmp1_reg\[0\],1,0,1,7056,18018,8136,18288,0,0,0,DFFHQNx1_ASAP7_75t_SL,2.0998896843593684e-08,0.00016332112136296928
u10_din_tmp1_reg\[10\],1,0,1,3168,20178,4302,20448,0,0,0,DFFHQNx2_ASAP7_75t_SL,2.6145993814452595e-08,0.00017945049330592155
u10_din_tmp1_reg\[11\],1,0,1,2790,17478,3924,17748,0,0,0,DFFHQNx2_ASAP7_75t_SL,2.6145993814452595e-08,0.0001804476632969454
u10_din_tmp1_reg\[12\],1,0,1,5112,20988,6246,21258,0,0,0,DFFHQNx2_ASAP7_75t_SL,2.6145993814452595e-08,0.00017896562349051237
u10_din_tmp1_reg\[13\],1,0,1,3006,18018,4086,18288,0,0,0,DFFHQNx1_ASAP7_75t_SL,2.0998896843593684e-08,0.00018001733405981213
u10_din_tmp1_reg\[14\],1,0,1,3384,19638,4464,19908,0,0,0,DFFHQNx1_ASAP7_75t_SL,2.0998896843593684e-08,0.00017959525575861335
u10_din_tmp1_reg\[15\],1,0,1,2952,18288,4032,18558,0,0,0,DFFHQNx1_ASAP7_75t_SL,2.0998896843593684e-08,0.00017988377658184618
u10_din_tmp1_reg\[1\],1,0,1,7380,16398,8514,16668,0,0,0,DFFHQNx2_ASAP7_75t_SL,2.6145993814452595e-08,0.00016328795754816383
u10_din_tmp1_reg\[2\],1,0,1,6786,19098,7920,19368,0,0,0,DFFHQNx2_ASAP7_75t_SL,2.6145993814452595e-08,0.00016158586367964745
u10_din_tmp1_reg\[3\],1,0,1,6786,16128,7920,16398,0,0,0,DFFHQNx2_ASAP7_75t_SL,2.6145993814452595e-08,0.0001632974308449775
u10_din_tmp1_reg\[4\],1,0,1,5760,16938,6894,17208,0,0,0,DFFHQNx2_ASAP7_75t_SL,2.6145993814452595e-08,0.00016332550148945302
u10_din_tmp1_reg\[5\],1,0,1,5112,16668,6246,16938,0,0,0,DFFHQNx2_ASAP7_75t_SL,2.6145993814452595e-08,0.00016332798986695707
u10_din_tmp1_reg\[6\],1,0,1,3546,16398,4680,16668,0,0,0,DFFHQNx2_ASAP7_75t_SL,2.6145993814452595e-08,0.00018014844681601971
u10_din_tmp1_reg\[7\],1,0,1,3276,17208,4410,17478,0,0,0,DFFHQNx2_ASAP7_75t_SL,2.6145993814452595e-08,0.00018031806393992156
u10_din_tmp1_reg\[8\],1,0,1,6408,20178,7542,20448,0,0,0,DFFHQNx2_ASAP7_75t_SL,2.6145993814452595e-08,0.00016159085498657078
u10_din_tmp1_reg\[9\],1,0,1,4194,18558,5328,18828,0,0,0,DFFHQNx2_ASAP7_75t_SL,2.6145993814452595e-08,0.00017987792671192437
u10_dout_reg\[0\],1,0,1,11160,19098,12510,19368,0,0,0,DFFHQx4_ASAP7_75t_SL,4.6446828605439805e-08,0.00016654787759762257
u10_dout_reg\[10\],1,0,1,14346,21528,15696,21798,0,0,0,DFFHQx4_ASAP7_75t_SL,4.6446828605439805e-08,0.00016318855341523886
u10_dout_reg\[11\],1,0,1,11592,17478,12942,17748,0,0,0,DFFHQx4_ASAP7_75t_SL,4.6446828605439805e-08,0.00016680608678143471
u10_dout_reg\[12\],1,0,1,10674,21798,12024,22068,0,0,0,DFFHQx4_ASAP7_75t_SL,4.6446828605439805e-08,0.00016563896497245878
u10_dout_reg\[13\],1,0,1,10728,22068,12078,22338,0,0,0,DFFHQx4_ASAP7_75t_SL,4.6446828605439805e-08,0.0001654965162742883
u10_dout_reg\[14\],1,0,1,14346,22878,15696,23148,0,0,0,DFFHQx4_ASAP7_75t_SL,4.6446828605439805e-08,0.00016303635493386537
u10_dout_reg\[15\],1,0,1,11430,18558,12780,18828,0,0,0,DFFHQx4_ASAP7_75t_SL,4.6446828605439805e-08,0.00016665621660649776
u10_dout_reg\[16\],1,0,1,11376,15318,12726,15588,0,0,0,DFFHQx4_ASAP7_75t_SL,4.6446828605439805e-08,0.00016705889720469713
u10_dout_reg\[17\],1,0,1,13320,13698,14670,13968,0,0,0,DFFHQx4_ASAP7_75t_SL,4.6446828605439805e-08,0.0001645071606617421
u10_dout_reg\[18\],1,0,1,4086,24228,5436,24498,0,0,0,DFFHQx4_ASAP7_75t_SL,4.644682150001245e-08,0.00018181467021349818
u10_dout_reg\[19\],1,0,1,2574,19908,3924,20178,0,0,0,DFFHQx4_ASAP7_75t_SL,4.644682150001245e-08,0.00018375406216364354
u10_dout_reg\[1\],1,0,1,11160,14238,12510,14508,0,0,0,DFFHQx4_ASAP7_75t_SL,4.6446828605439805e-08,0.000167013582540676
u10_dout_reg\[20\],1,0,1,13644,13428,14994,13698,0,0,0,DFFHQx4_ASAP7_75t_SL,4.641459838694573e-08,0.00016073830192908645
u10_dout_reg\[21\],1,0,1,11430,15048,12780,15318,0,0,0,DFFHQx4_ASAP7_75t_SL,4.641459838694573e-08,0.00016318327107001096
u10_dout_reg\[22\],1,0,1,11484,15858,12834,16128,0,0,0,DFFHQx4_ASAP7_75t_SL,4.641459838694573e-08,0.0001631725754123181
u10_dout_reg\[23\],1,0,1,11268,19368,12402,19638,0,0,0,DFFHQNx2_ASAP7_75t_SL,2.5727548091936114e-08,0.00016225184663198888
u10_dout_reg\[24\],1,0,1,7110,23958,8460,24228,0,0,0,DFFHQx4_ASAP7_75t_SL,4.765249173033226e-08,0.00021752301836386323
u10_dout_reg\[25\],1,0,1,5814,11808,7164,12078,0,0,0,DFFHQx4_ASAP7_75t_SL,4.641459838694573e-08,0.00018318864749744534
u10_dout_reg\[26\],1,0,1,2520,10998,3870,11268,0,0,0,DFFHQx4_ASAP7_75t_SL,4.641459838694573e-08,0.0001826652733143419
u10_dout_reg\[27\],1,0,1,2736,11268,4086,11538,0,0,0,DFFHQx4_ASAP7_75t_SL,4.641459838694573e-08,0.0001826031948439777
u10_dout_reg\[28\],1,0,1,3708,11538,5058,11808,0,0,0,DFFHQx4_ASAP7_75t_SL,4.641459838694573e-08,0.0001831257250159979
u10_dout_reg\[29\],1,0,1,12078,14508,13428,14778,0,0,0,DFFHQx4_ASAP7_75t_SL,4.641459838694573e-08,0.00016318887355737388
u10_dout_reg\[2\],1,0,1,11376,18288,12726,18558,0,0,0,DFFHQx4_ASAP7_75t_SL,4.6446828605439805e-08,0.00016666647570673376
u10_dout_reg\[30\],1,0,1,11322,21258,12672,21528,0,0,0,DFFHQx4_ASAP7_75t_SL,4.641459838694573e-08,0.00016217504162341356
u10_dout_reg\[31\],1,0,1,3924,23958,5274,24228,0,0,0,DFFHQx4_ASAP7_75t_SL,4.641459838694573e-08,0.0001777725265128538
u10_dout_reg\[3\],1,0,1,11106,15588,12456,15858,0,0,0,DFFHQx4_ASAP7_75t_SL,4.6446828605439805e-08,0.00016699099796824157
u10_dout_reg\[4\],1,0,1,11430,16668,12780,16938,0,0,0,DFFHQx4_ASAP7_75t_SL,4.6446828605439805e-08,0.0001668911863816902
u10_dout_reg\[5\],1,0,1,11160,16938,12510,17208,0,0,0,DFFHQx4_ASAP7_75t_SL,4.6446828605439805e-08,0.00016693295037839562
u10_dout_reg\[6\],1,0,1,7056,19908,8406,20178,0,0,0,DFFHQx4_ASAP7_75t_SL,4.6446828605439805e-08,0.00016566536214668304
u10_dout_reg\[7\],1,0,1,11592,16398,12942,16668,0,0,0,DFFHQx4_ASAP7_75t_SL,4.6446828605439805e-08,0.00016709404007997364
u10_dout_reg\[8\],1,0,1,8676,22068,10026,22338,0,0,0,DFFHQx4_ASAP7_75t_SL,4.6446828605439805e-08,0.00016540866636205465
u10_dout_reg\[9\],1,0,1,10404,21528,11754,21798,0,0,0,DFFHQx4_ASAP7_75t_SL,4.6446828605439805e-08,0.00016563321696594357
u10_empty_reg,1,0,1,12348,24228,13482,24498,0,0,0,DFFHQNx2_ASAP7_75t_SL,2.5727549868292954e-08,0.00015999647439457476
u10_full_reg,1,0,1,12456,23688,13536,23958,0,0,0,DFFHQNx1_ASAP7_75t_SL,2.0719378213129858e-08,0.00016542042430955917
u10_mem_reg\[0\]\[0\],1,0,1,10188,18288,11322,18558,0,0,0,DFFHQNx2_ASAP7_75t_SL,2.6145993814452595e-08,0.00016264754231087863
u10_mem_reg\[0\]\[10\],1,0,1,3060,21258,4194,21528,0,0,0,DFFHQNx2_ASAP7_75t_SL,2.6145993814452595e-08,0.00017879890219774097
u10_mem_reg\[0\]\[11\],1,0,1,1494,16938,2628,17208,0,0,0,DFFHQNx2_ASAP7_75t_SL,2.6145993814452595e-08,0.00018111077952198684
u10_mem_reg\[0\]\[12\],1,0,1,5598,21528,6732,21798,0,0,0,DFFHQNx2_ASAP7_75t_SL,2.6145993814452595e-08,0.0001770126837072894
u10_mem_reg\[0\]\[13\],1,0,1,2574,22878,3708,23148,0,0,0,DFFHQNx2_ASAP7_75t_SL,2.6145993814452595e-08,0.0001778778969310224
u10_mem_reg\[0\]\[14\],1,0,1,4356,22878,5490,23148,0,0,0,DFFHQNx2_ASAP7_75t_SL,2.6145993814452595e-08,0.0001773557160049677
u10_mem_reg\[0\]\[15\],1,0,1,1062,18828,2196,19098,0,0,0,DFFHQNx2_ASAP7_75t_SL,2.6145993814452595e-08,0.00018106357310898602
u10_mem_reg\[0\]\[16\],1,0,1,7542,14778,8676,15048,0,0,0,DFFHQNx2_ASAP7_75t_SL,2.6145993814452595e-08,0.00016349994984921068
u10_mem_reg\[0\]\[17\],1,0,1,7002,12078,8136,12348,0,0,0,DFFHQNx2_ASAP7_75t_SL,2.6145993814452595e-08,0.00016362124006263912
u10_mem_reg\[0\]\[18\],1,0,1,2790,24768,3924,25038,0,0,0,DFFHQNx2_ASAP7_75t_SL,2.614677541146193e-08,0.0001750859955791384
u10_mem_reg\[0\]\[19\],1,0,1,1440,19908,2574,20178,0,0,0,DFFHQNx2_ASAP7_75t_SL,2.614677541146193e-08,0.00017512684280518442
u10_mem_reg\[0\]\[1\],1,0,1,9432,13698,10566,13968,0,0,0,DFFHQNx2_ASAP7_75t_SL,2.6145993814452595e-08,0.0001636399101698771
u10_mem_reg\[0\]\[20\],1,0,1,5760,12078,6894,12348,0,0,0,DFFHQNx2_ASAP7_75t_SL,2.5727548091936114e-08,0.00018279299547430128
u10_mem_reg\[0\]\[21\],1,0,1,2952,15048,4086,15318,0,0,0,DFFHQNx2_ASAP7_75t_SL,2.5727548091936114e-08,0.00018179758626502007
u10_mem_reg\[0\]\[22\],1,0,1,1548,14778,2682,15048,0,0,0,DFFHQNx2_ASAP7_75t_SL,2.5727548091936114e-08,0.00018153506971430033
u10_mem_reg\[0\]\[23\],1,0,1,9972,19638,11106,19908,0,0,0,DFFHQNx2_ASAP7_75t_SL,2.5727548091936114e-08,0.00016135720943566412
u10_mem_reg\[0\]\[24\],1,0,1,5976,23958,7110,24228,0,0,0,DFFHQNx2_ASAP7_75t_SL,2.5727548091936114e-08,0.0001756938436301425
u10_mem_reg\[0\]\[25\],1,0,1,4356,12078,5490,12348,0,0,0,DFFHQNx2_ASAP7_75t_SL,2.5727548091936114e-08,0.00018277413619216532
u10_mem_reg\[0\]\[26\],1,0,1,1008,12348,2142,12618,0,0,0,DFFHQNx2_ASAP7_75t_SL,2.5727548091936114e-08,0.00018144397472497076
u10_mem_reg\[0\]\[27\],1,0,1,1602,11808,2736,12078,0,0,0,DFFHQNx2_ASAP7_75t_SL,2.5727548091936114e-08,0.00018144324712920934
u10_mem_reg\[0\]\[28\],1,0,1,3006,12078,4140,12348,0,0,0,DFFHQNx2_ASAP7_75t_SL,2.5727548091936114e-08,0.000182147094164975
u10_mem_reg\[0\]\[29\],1,0,1,6138,14778,7272,15048,0,0,0,DFFHQNx2_ASAP7_75t_SL,2.5727548091936114e-08,0.00018286709382664412
u10_mem_reg\[0\]\[2\],1,0,1,8082,19638,9216,19908,0,0,0,DFFHQNx2_ASAP7_75t_SL,2.6145993814452595e-08,0.00016155056073330343
u10_mem_reg\[0\]\[30\],1,0,1,1926,21258,3060,21528,0,0,0,DFFHQNx2_ASAP7_75t_SL,2.5727548091936114e-08,0.0001786284992704168
u10_mem_reg\[0\]\[31\],1,0,1,1548,24228,2682,24498,0,0,0,DFFHQNx2_ASAP7_75t_SL,2.5727548091936114e-08,0.00017486662545707077
u10_mem_reg\[0\]\[3\],1,0,1,10080,14778,11214,15048,0,0,0,DFFHQNx2_ASAP7_75t_SL,2.6145993814452595e-08,0.0001634007494430989
u10_mem_reg\[0\]\[4\],1,0,1,10188,16128,11322,16398,0,0,0,DFFHQNx2_ASAP7_75t_SL,2.6145993814452595e-08,0.00016315304674208164
u10_mem_reg\[0\]\[5\],1,0,1,10134,17208,11268,17478,0,0,0,DFFHQNx2_ASAP7_75t_SL,2.6145993814452595e-08,0.00016329626669175923
u10_mem_reg\[0\]\[6\],1,0,1,4248,13698,5382,13968,0,0,0,DFFHQNx2_ASAP7_75t_SL,2.6145993814452595e-08,0.00018299176008440554
u10_mem_reg\[0\]\[7\],1,0,1,2142,16128,3276,16398,0,0,0,DFFHQNx2_ASAP7_75t_SL,2.6145993814452595e-08,0.00018123508198186755
u10_mem_reg\[0\]\[8\],1,0,1,6948,22338,8082,22608,0,0,0,DFFHQNx2_ASAP7_75t_SL,2.6145993814452595e-08,0.0001768416550476104
u10_mem_reg\[0\]\[9\],1,0,1,8298,21258,9432,21528,0,0,0,DFFHQNx2_ASAP7_75t_SL,2.6145993814452595e-08,0.00016144421533681452
u10_mem_reg\[1\]\[0\],1,0,1,10188,18018,11322,18288,0,0,0,DFFHQNx2_ASAP7_75t_SL,2.5727548091936114e-08,0.00016248482279479504
u10_mem_reg\[1\]\[10\],1,0,1,3546,20988,4680,21258,0,0,0,DFFHQNx2_ASAP7_75t_SL,2.5727548091936114e-08,0.0001787779328878969
u10_mem_reg\[1\]\[11\],1,0,1,1656,17208,2790,17478,0,0,0,DFFHQNx2_ASAP7_75t_SL,2.5727548091936114e-08,0.00018052742234431207
u10_mem_reg\[1\]\[12\],1,0,1,5706,21798,6840,22068,0,0,0,DFFHQNx2_ASAP7_75t_SL,2.5727548091936114e-08,0.00017683536862023175
u10_mem_reg\[1\]\[13\],1,0,1,2682,22608,3816,22878,0,0,0,DFFHQNx2_ASAP7_75t_SL,2.5727548091936114e-08,0.0001776998396962881
u10_mem_reg\[1\]\[14\],1,0,1,4410,23148,5544,23418,0,0,0,DFFHQNx2_ASAP7_75t_SL,2.5727548091936114e-08,0.00017738416499923915
u10_mem_reg\[1\]\[15\],1,0,1,1008,19098,2142,19368,0,0,0,DFFHQNx2_ASAP7_75t_SL,2.5727548091936114e-08,0.00018088376964442432
u10_mem_reg\[1\]\[16\],1,0,1,7650,15048,8784,15318,0,0,0,DFFHQNx2_ASAP7_75t_SL,2.5727548091936114e-08,0.00016336439875885844
u10_mem_reg\[1\]\[17\],1,0,1,7056,12348,8190,12618,0,0,0,DFFHQNx2_ASAP7_75t_SL,2.5727548091936114e-08,0.0001634512736927718
u10_mem_reg\[1\]\[18\],1,0,1,2844,24498,3978,24768,0,0,0,DFFHQNx2_ASAP7_75t_SL,2.5727548091936114e-08,0.00017488014418631792
u10_mem_reg\[1\]\[19\],1,0,1,1710,19638,2844,19908,0,0,0,DFFHQNx2_ASAP7_75t_SL,2.5727548091936114e-08,0.00018087850185111165
u10_mem_reg\[1\]\[1\],1,0,1,9432,13428,10566,13698,0,0,0,DFFHQNx2_ASAP7_75t_SL,2.5727548091936114e-08,0.0001634717918932438
u10_mem_reg\[1\]\[20\],1,0,1,5760,12348,6894,12618,0,0,0,DFFHQNx2_ASAP7_75t_SL,2.5727548091936114e-08,0.00018280929361935705
u10_mem_reg\[1\]\[21\],1,0,1,3060,14778,4194,15048,0,0,0,DFFHQNx2_ASAP7_75t_SL,2.5727548091936114e-08,0.00018169195391237736
u10_mem_reg\[1\]\[22\],1,0,1,1818,15048,2952,15318,0,0,0,DFFHQNx2_ASAP7_75t_SL,2.5727548091936114e-08,0.0001812538248486817
u10_mem_reg\[1\]\[23\],1,0,1,9918,19368,11052,19638,0,0,0,DFFHQNx2_ASAP7_75t_SL,2.5727548091936114e-08,0.0001613579224795103
u10_mem_reg\[1\]\[24\],1,0,1,6084,23418,7218,23688,0,0,0,DFFHQNx2_ASAP7_75t_SL,2.5727548091936114e-08,0.00017616536933928728
u10_mem_reg\[1\]\[25\],1,0,1,4356,11808,5490,12078,0,0,0,DFFHQNx2_ASAP7_75t_SL,2.5727548091936114e-08,0.00018277508206665516
u10_mem_reg\[1\]\[26\],1,0,1,1008,12618,2142,12888,0,0,0,DFFHQNx2_ASAP7_75t_SL,2.5727548091936114e-08,0.00018144298519473523
u10_mem_reg\[1\]\[27\],1,0,1,1710,12078,2844,12348,0,0,0,DFFHQNx2_ASAP7_75t_SL,2.5727548091936114e-08,0.0001814418938010931
u10_mem_reg\[1\]\[28\],1,0,1,3006,11808,4140,12078,0,0,0,DFFHQNx2_ASAP7_75t_SL,2.5727548091936114e-08,0.00018214801093563437
u10_mem_reg\[1\]\[29\],1,0,1,6192,14508,7326,14778,0,0,0,DFFHQNx2_ASAP7_75t_SL,2.5727548091936114e-08,0.00018286818522028625
u10_mem_reg\[1\]\[2\],1,0,1,8406,19908,9540,20178,0,0,0,DFFHQNx2_ASAP7_75t_SL,2.5727548091936114e-08,0.00016141353989951313
u10_mem_reg\[1\]\[30\],1,0,1,2034,20988,3168,21258,0,0,0,DFFHQNx2_ASAP7_75t_SL,2.5727548091936114e-08,0.00017862982349470258
u10_mem_reg\[1\]\[31\],1,0,1,1602,24498,2736,24768,0,0,0,DFFHQNx2_ASAP7_75t_SL,2.5727548091936114e-08,0.00017486543220002204
u10_mem_reg\[1\]\[3\],1,0,1,10026,14508,11160,14778,0,0,0,DFFHQNx2_ASAP7_75t_SL,2.5727548091936114e-08,0.00016323260206263512
u10_mem_reg\[1\]\[4\],1,0,1,10134,15858,11268,16128,0,0,0,DFFHQNx2_ASAP7_75t_SL,2.5727548091936114e-08,0.00016312915249727666
u10_mem_reg\[1\]\[5\],1,0,1,10134,17478,11268,17748,0,0,0,DFFHQNx2_ASAP7_75t_SL,2.5727548091936114e-08,0.00016312646039295942
u10_mem_reg\[1\]\[6\],1,0,1,4302,13968,5436,14238,0,0,0,DFFHQNx2_ASAP7_75t_SL,2.5727548091936114e-08,0.00018282808014191687
u10_mem_reg\[1\]\[7\],1,0,1,2412,16398,3546,16668,0,0,0,DFFHQNx2_ASAP7_75t_SL,2.5727548091936114e-08,0.00018105446361005306
u10_mem_reg\[1\]\[8\],1,0,1,7002,22068,8136,22338,0,0,0,DFFHQNx2_ASAP7_75t_SL,2.5727548091936114e-08,0.00017666583880782127
u10_mem_reg\[1\]\[9\],1,0,1,8622,20718,9756,20988,0,0,0,DFFHQNx2_ASAP7_75t_SL,2.5727548091936114e-08,0.00016129465075209737
u10_mem_reg\[2\]\[0\],1,0,1,9054,18288,10188,18558,0,0,0,DFFHQNx2_ASAP7_75t_SL,2.5727548091936114e-08,0.00016248869360424578
u10_mem_reg\[2\]\[10\],1,0,1,4194,21258,5328,21528,0,0,0,DFFHQNx2_ASAP7_75t_SL,2.5727548091936114e-08,0.00017878349171951413
u10_mem_reg\[2\]\[11\],1,0,1,1008,17478,2142,17748,0,0,0,DFFHQNx2_ASAP7_75t_SL,2.5727548091936114e-08,0.0001806533255148679
u10_mem_reg\[2\]\[12\],1,0,1,5544,22608,6678,22878,0,0,0,DFFHQNx2_ASAP7_75t_SL,2.5727548091936114e-08,0.00017681546160019934
u10_mem_reg\[2\]\[13\],1,0,1,2682,21798,3816,22068,0,0,0,DFFHQNx2_ASAP7_75t_SL,2.5727548091936114e-08,0.00017824902897700667
u10_mem_reg\[2\]\[14\],1,0,1,4032,23418,5166,23688,0,0,0,DFFHQNx2_ASAP7_75t_SL,2.5727548091936114e-08,0.00017738115275278687
u10_mem_reg\[2\]\[15\],1,0,1,2034,18558,3168,18828,0,0,0,DFFHQNx2_ASAP7_75t_SL,2.5727548091936114e-08,0.00018086125783156604
u10_mem_reg\[2\]\[16\],1,0,1,7704,13968,8838,14238,0,0,0,DFFHQNx2_ASAP7_75t_SL,2.5727548091936114e-08,0.00016338401474058628
u10_mem_reg\[2\]\[17\],1,0,1,7272,12888,8406,13158,0,0,0,DFFHQNx2_ASAP7_75t_SL,2.5727548091936114e-08,0.00016343938477803022
u10_mem_reg\[2\]\[18\],1,0,1,2682,23688,3816,23958,0,0,0,DFFHQNx2_ASAP7_75t_SL,2.5727548091936114e-08,0.00017489746096543968
u10_mem_reg\[2\]\[19\],1,0,1,1008,20178,2142,20448,0,0,0,DFFHQNx2_ASAP7_75t_SL,2.5727548091936114e-08,0.00017493334598839283
u10_mem_reg\[2\]\[1\],1,0,1,8298,13428,9432,13698,0,0,0,DFFHQNx2_ASAP7_75t_SL,2.5727548091936114e-08,0.00016346992924809456
u10_mem_reg\[2\]\[20\],1,0,1,5598,12888,6732,13158,0,0,0,DFFHQNx2_ASAP7_75t_SL,2.5727548091936114e-08,0.0001828142994781956
u10_mem_reg\[2\]\[21\],1,0,1,2736,14238,3870,14508,0,0,0,DFFHQNx2_ASAP7_75t_SL,2.5727548091936114e-08,0.00018187197565566748
u10_mem_reg\[2\]\[22\],1,0,1,1008,15318,2142,15588,0,0,0,DFFHQNx2_ASAP7_75t_SL,2.5727548091936114e-08,0.00018125197675544769
u10_mem_reg\[2\]\[23\],1,0,1,9162,20178,10296,20448,0,0,0,DFFHQNx2_ASAP7_75t_SL,2.5727548091936114e-08,0.0001613168860785663
u10_mem_reg\[2\]\[24\],1,0,1,6678,22878,7812,23148,0,0,0,DFFHQNx2_ASAP7_75t_SL,2.6145599463234248e-08,0.00017680213204585016
u10_mem_reg\[2\]\[25\],1,0,1,4302,12618,5436,12888,0,0,0,DFFHQNx2_ASAP7_75t_SL,2.5727548091936114e-08,0.00018277863273397088
u10_mem_reg\[2\]\[26\],1,0,1,1008,13968,2142,14238,0,0,0,DFFHQNx2_ASAP7_75t_SL,2.5727548091936114e-08,0.00018136471044272184
u10_mem_reg\[2\]\[27\],1,0,1,1872,13428,3006,13698,0,0,0,DFFHQNx2_ASAP7_75t_SL,2.5727548091936114e-08,0.00018140434985980392
u10_mem_reg\[2\]\[28\],1,0,1,2952,12888,4086,13158,0,0,0,DFFHQNx2_ASAP7_75t_SL,2.5727548091936114e-08,0.00018201401690021157
u10_mem_reg\[2\]\[29\],1,0,1,6084,13698,7218,13968,0,0,0,DFFHQNx2_ASAP7_75t_SL,2.5727548091936114e-08,0.00018288007413502783
u10_mem_reg\[2\]\[2\],1,0,1,8352,18828,9486,19098,0,0,0,DFFHQNx2_ASAP7_75t_SL,2.5727548091936114e-08,0.0001614127540960908
u10_mem_reg\[2\]\[30\],1,0,1,1116,21528,2250,21798,0,0,0,DFFHQNx2_ASAP7_75t_SL,2.5727548091936114e-08,0.00017491844482719898
u10_mem_reg\[2\]\[31\],1,0,1,1224,23418,2358,23688,0,0,0,DFFHQNx2_ASAP7_75t_SL,2.5727548091936114e-08,0.00017487636068835855
u10_mem_reg\[2\]\[3\],1,0,1,8946,14778,10080,15048,0,0,0,DFFHQNx2_ASAP7_75t_SL,2.5727548091936114e-08,0.00016328328638337553
u10_mem_reg\[2\]\[4\],1,0,1,9054,16128,10188,16398,0,0,0,DFFHQNx2_ASAP7_75t_SL,2.5727548091936114e-08,0.00016308785416185856
u10_mem_reg\[2\]\[5\],1,0,1,9000,16938,10134,17208,0,0,0,DFFHQNx2_ASAP7_75t_SL,2.5727548091936114e-08,0.00016310729552060366
u10_mem_reg\[2\]\[6\],1,0,1,4518,14778,5652,15048,0,0,0,DFFHQNx2_ASAP7_75t_SL,2.5727548091936114e-08,0.00018284417456015944
u10_mem_reg\[2\]\[7\],1,0,1,1008,15858,2142,16128,0,0,0,DFFHQNx2_ASAP7_75t_SL,2.5727548091936114e-08,0.00018114688282366842
u10_mem_reg\[2\]\[8\],1,0,1,7434,21528,8568,21798,0,0,0,DFFHQNx2_ASAP7_75t_SL,2.5727548091936114e-08,0.00017666947678662837
u10_mem_reg\[2\]\[9\],1,0,1,9108,20988,10242,21258,0,0,0,DFFHQNx2_ASAP7_75t_SL,2.5727548091936114e-08,0.0001612746127648279
u10_mem_reg\[3\]\[0\],1,0,1,9378,18558,10512,18828,0,0,0,DFFHQNx2_ASAP7_75t_SL,2.5727548091936114e-08,0.00016248504107352346
u10_mem_reg\[3\]\[10\],1,0,1,4194,21528,5328,21798,0,0,0,DFFHQNx2_ASAP7_75t_SL,2.5727548091936114e-08,0.0001787915243767202
u10_mem_reg\[3\]\[11\],1,0,1,1008,17748,2142,18018,0,0,0,DFFHQNx2_ASAP7_75t_SL,2.5727548091936114e-08,0.00018083254690282047
u10_mem_reg\[3\]\[12\],1,0,1,5544,22338,6678,22608,0,0,0,DFFHQNx2_ASAP7_75t_SL,2.5727548091936114e-08,0.0001768293441273272
u10_mem_reg\[3\]\[13\],1,0,1,2790,22068,3924,22338,0,0,0,DFFHQNx2_ASAP7_75t_SL,2.5727548091936114e-08,0.00017808587290346622
u10_mem_reg\[3\]\[14\],1,0,1,4140,22608,5274,22878,0,0,0,DFFHQNx2_ASAP7_75t_SL,2.5727548091936114e-08,0.00017735970322974026
u10_mem_reg\[3\]\[15\],1,0,1,1548,18288,2682,18558,0,0,0,DFFHQNx2_ASAP7_75t_SL,2.5727548091936114e-08,0.0001808624219847843
u10_mem_reg\[3\]\[16\],1,0,1,7758,14238,8892,14508,0,0,0,DFFHQNx2_ASAP7_75t_SL,2.5727548091936114e-08,0.00016338290879502892
u10_mem_reg\[3\]\[17\],1,0,1,7272,13158,8406,13428,0,0,0,DFFHQNx2_ASAP7_75t_SL,2.5727548091936114e-08,0.00016343846800737083
u10_mem_reg\[3\]\[18\],1,0,1,2790,23958,3924,24228,0,0,0,DFFHQNx2_ASAP7_75t_SL,2.5727548091936114e-08,0.0001748961367411539
u10_mem_reg\[3\]\[19\],1,0,1,1008,20448,2142,20718,0,0,0,DFFHQNx2_ASAP7_75t_SL,2.5727548091936114e-08,0.00017492839833721519
u10_mem_reg\[3\]\[1\],1,0,1,8676,13158,9810,13428,0,0,0,DFFHQNx2_ASAP7_75t_SL,2.5727548091936114e-08,0.0001634468644624576
u10_mem_reg\[3\]\[20\],1,0,1,5652,13158,6786,13428,0,0,0,DFFHQNx2_ASAP7_75t_SL,2.5727548091936114e-08,0.00018281355733051896
u10_mem_reg\[3\]\[21\],1,0,1,2790,13968,3924,14238,0,0,0,DFFHQNx2_ASAP7_75t_SL,2.5727548091936114e-08,0.00018187273235525936
u10_mem_reg\[3\]\[22\],1,0,1,1062,14508,2196,14778,0,0,0,DFFHQNx2_ASAP7_75t_SL,2.5727548091936114e-08,0.00018145510694012046
u10_mem_reg\[3\]\[23\],1,0,1,9594,19908,10728,20178,0,0,0,DFFHQNx2_ASAP7_75t_SL,2.5727548091936114e-08,0.0001613178610568866
u10_mem_reg\[3\]\[24\],1,0,1,6570,23688,7704,23958,0,0,0,DFFHQNx2_ASAP7_75t_SL,2.5727548091936114e-08,0.00017548871983308345
u10_mem_reg\[3\]\[25\],1,0,1,4356,12888,5490,13158,0,0,0,DFFHQNx2_ASAP7_75t_SL,2.5727548091936114e-08,0.00018279693904332817
u10_mem_reg\[3\]\[26\],1,0,1,1008,13698,2142,13968,0,0,0,DFFHQNx2_ASAP7_75t_SL,2.5727548091936114e-08,0.00018139256280846894
u10_mem_reg\[3\]\[27\],1,0,1,1656,13158,2790,13428,0,0,0,DFFHQNx2_ASAP7_75t_SL,2.5727548091936114e-08,0.00018142838962376118
u10_mem_reg\[3\]\[28\],1,0,1,3006,13158,4140,13428,0,0,0,DFFHQNx2_ASAP7_75t_SL,2.5727548091936114e-08,0.00018201328930445015
u10_mem_reg\[3\]\[29\],1,0,1,6246,13968,7380,14238,0,0,0,DFFHQNx2_ASAP7_75t_SL,2.5727548091936114e-08,0.00018287962302565575
u10_mem_reg\[3\]\[2\],1,0,1,8352,19098,9486,19368,0,0,0,DFFHQNx2_ASAP7_75t_SL,2.5727548091936114e-08,0.00016141182277351618
u10_mem_reg\[3\]\[30\],1,0,1,1116,21798,2250,22068,0,0,0,DFFHQNx2_ASAP7_75t_SL,2.5727548091936114e-08,0.0001749174844007939
u10_mem_reg\[3\]\[31\],1,0,1,1224,23688,2358,23958,0,0,0,DFFHQNx2_ASAP7_75t_SL,2.5727548091936114e-08,0.0001748603390296921
u10_mem_reg\[3\]\[3\],1,0,1,9108,15048,10242,15318,0,0,0,DFFHQNx2_ASAP7_75t_SL,2.5727548091936114e-08,0.00016316708934027702
u10_mem_reg\[3\]\[4\],1,0,1,9324,16398,10458,16668,0,0,0,DFFHQNx2_ASAP7_75t_SL,2.5727548091936114e-08,0.00016306521138176322
u10_mem_reg\[3\]\[5\],1,0,1,9000,17208,10134,17478,0,0,0,DFFHQNx2_ASAP7_75t_SL,2.5727548091936114e-08,0.0001631196355447173
u10_mem_reg\[3\]\[6\],1,0,1,4518,14238,5652,14508,0,0,0,DFFHQNx2_ASAP7_75t_SL,2.5727548091936114e-08,0.00018282636301591992
u10_mem_reg\[3\]\[7\],1,0,1,1008,16128,2142,16398,0,0,0,DFFHQNx2_ASAP7_75t_SL,2.5727548091936114e-08,0.00018104874470736831
u10_mem_reg\[3\]\[8\],1,0,1,7434,21798,8568,22068,0,0,0,DFFHQNx2_ASAP7_75t_SL,2.5727548091936114e-08,0.0001766685163602233
u10_mem_reg\[3\]\[9\],1,0,1,9432,21258,10566,21528,0,0,0,DFFHQNx2_ASAP7_75t_SL,2.5727548091936114e-08,0.00016127288108691573
u10_rp_reg\[0\],1,0,1,10404,24768,11754,25038,0,0,0,DFFHQx4_ASAP7_75t_SL,4.7632948252385177e-08,0.00022084901866037399
u10_rp_reg\[1\],1,0,1,10998,23958,12132,24228,0,0,0,DFFHQNx2_ASAP7_75t_SL,2.626554618245791e-08,0.00017110208864323795
u10_rp_reg\[2\],1,0,1,10944,23148,12024,23418,0,0,0,DFFHQNx1_ASAP7_75t_SL,2.22047340514564e-08,0.00019068093388341367
u10_status_reg\[0\],1,0,1,15156,24228,16236,24498,0,0,0,DFFHQNx1_ASAP7_75t_SL,2.2511269293090663e-08,0.0002106891479343176
u10_status_reg\[1\],1,0,1,12024,24498,13104,24768,0,0,0,DFFHQNx1_ASAP7_75t_SL,2.1802417649041672e-08,0.00020328750542830676
u10_wp_reg\[0\],1,0,1,11700,22878,12780,23148,0,0,0,DFFHQNx1_ASAP7_75t_SL,2.0657900279275054e-08,0.00016083454829640687
u10_wp_reg\[1\],1,0,1,8838,24498,10188,24768,0,0,0,DFFHQx4_ASAP7_75t_SL,4.761755789672861e-08,0.00022184565023053437
u10_wp_reg\[2\],1,0,1,9594,23148,10728,23418,0,0,0,DFFHQNx2_ASAP7_75t_SL,2.5727548091936114e-08,0.00016117871564347297
u10_wp_reg\[3\],1,0,1,9810,22608,11160,22878,0,0,0,DFFHQx4_ASAP7_75t_SL,4.641459838694573e-08,0.0001614710781723261
u11_din_tmp1_reg\[0\],1,0,1,6462,29628,7596,29898,0,0,0,DFFHQNx2_ASAP7_75t_SL,2.6145993814452595e-08,0.00017187460616696626
u11_din_tmp1_reg\[10\],1,0,1,4788,32868,5868,33138,0,0,0,DFFHQNx1_ASAP7_75t_SL,2.0998896843593684e-08,0.0001721622102195397
u11_din_tmp1_reg\[11\],1,0,1,7650,32868,8730,33138,0,0,0,DFFHQNx1_ASAP7_75t_SL,2.0998896843593684e-08,0.0001707994961179793
u11_din_tmp1_reg\[12\],1,0,1,4572,33138,5706,33408,0,0,0,DFFHQNx2_ASAP7_75t_SL,2.6145993814452595e-08,0.00017215924162883312
u11_din_tmp1_reg\[13\],1,0,1,7002,33408,8136,33678,0,0,0,DFFHQNx2_ASAP7_75t_SL,2.6145993814452595e-08,0.00010712785297073424
u11_din_tmp1_reg\[14\],1,0,1,4572,30978,5706,31248,0,0,0,DFFHQNx2_ASAP7_75t_SL,2.6145993814452595e-08,0.0001724466128507629
u11_din_tmp1_reg\[15\],1,0,1,6246,30978,7326,31248,0,0,0,DFFHQNx1_ASAP7_75t_SL,2.0998896843593684e-08,0.00017245186609216034
u11_din_tmp1_reg\[1\],1,0,1,7326,30438,8460,30708,0,0,0,DFFHQNx2_ASAP7_75t_SL,2.6145993814452595e-08,0.0001718628336675465
u11_din_tmp1_reg\[2\],1,0,1,5652,29358,6786,29628,0,0,0,DFFHQNx2_ASAP7_75t_SL,2.6145993814452595e-08,0.00017246986681129783
u11_din_tmp1_reg\[3\],1,0,1,6408,29898,7488,30168,0,0,0,DFFHQNx1_ASAP7_75t_SL,2.0998896843593684e-08,0.00017187670164275914
u11_din_tmp1_reg\[4\],1,0,1,4842,31248,5976,31518,0,0,0,DFFHQNx2_ASAP7_75t_SL,2.6145993814452595e-08,0.00017242708418052644
u11_din_tmp1_reg\[5\],1,0,1,7272,31248,8406,31518,0,0,0,DFFHQNx2_ASAP7_75t_SL,2.6145993814452595e-08,0.0001718518469715491
u11_din_tmp1_reg\[6\],1,0,1,4626,29898,5760,30168,0,0,0,DFFHQNx2_ASAP7_75t_SL,2.6145993814452595e-08,0.00017248430231120437
u11_din_tmp1_reg\[7\],1,0,1,7542,32058,8622,32328,0,0,0,DFFHQNx1_ASAP7_75t_SL,2.0998896843593684e-08,0.00017168110935017467
u11_din_tmp1_reg\[8\],1,0,1,4788,29628,5922,29898,0,0,0,DFFHQNx2_ASAP7_75t_SL,2.6145993814452595e-08,0.00017247813229914755
u11_din_tmp1_reg\[9\],1,0,1,8190,33138,9270,33408,0,0,0,DFFHQNx1_ASAP7_75t_SL,2.0998896843593684e-08,0.00017079664394259453
u11_dout_reg\[0\],1,0,1,2196,26388,3546,26658,0,0,0,DFFHQx4_ASAP7_75t_SL,4.644682150001245e-08,0.00017894586198963225
u11_dout_reg\[10\],1,0,1,2898,33408,4248,33678,0,0,0,DFFHQx4_ASAP7_75t_SL,4.644682150001245e-08,0.00011107427417300642
u11_dout_reg\[11\],1,0,1,13536,35028,14886,35298,0,0,0,DFFHQx4_ASAP7_75t_SL,4.644682150001245e-08,0.0001022920769173652
u11_dout_reg\[12\],1,0,1,3006,33138,4356,33408,0,0,0,DFFHQx4_ASAP7_75t_SL,4.644682150001245e-08,0.00011110926425317302
u11_dout_reg\[13\],1,0,1,13914,34758,15264,35028,0,0,0,DFFHQx4_ASAP7_75t_SL,4.644682150001245e-08,0.00010220695548923686
u11_dout_reg\[14\],1,0,1,2466,25578,3816,25848,0,0,0,DFFHQx4_ASAP7_75t_SL,4.644682150001245e-08,0.00017891089373733848
u11_dout_reg\[15\],1,0,1,2466,25848,3816,26118,0,0,0,DFFHQx4_ASAP7_75t_SL,4.644682150001245e-08,0.00017896170902531594
u11_dout_reg\[16\],1,0,1,8838,32328,10188,32598,0,0,0,DFFHQx4_ASAP7_75t_SL,4.644682150001245e-08,0.00017441838281229138
u11_dout_reg\[17\],1,0,1,15858,30978,17208,31248,0,0,0,DFFHQx4_ASAP7_75t_SL,4.644682150001245e-08,0.0001584317215019837
u11_dout_reg\[18\],1,0,1,2466,26658,3816,26928,0,0,0,DFFHQx4_ASAP7_75t_SL,4.644682150001245e-08,0.00017886993009597063
u11_dout_reg\[19\],1,0,1,4788,32058,6138,32328,0,0,0,DFFHQx4_ASAP7_75t_SL,4.644682150001245e-08,0.00017672129615675658
u11_dout_reg\[1\],1,0,1,15264,28008,16614,28278,0,0,0,DFFHQx4_ASAP7_75t_SL,4.644682150001245e-08,0.0001580525131430477
u11_dout_reg\[20\],1,0,1,4464,33948,5814,34218,0,0,0,DFFHQx4_ASAP7_75t_SL,4.641459838694573e-08,0.00010783849575091153
u11_dout_reg\[21\],1,0,1,14292,35298,15642,35568,0,0,0,DFFHQx4_ASAP7_75t_SL,4.641459838694573e-08,9.934506670106202e-05
u11_dout_reg\[22\],1,0,1,5004,25038,6354,25308,0,0,0,DFFHQx4_ASAP7_75t_SL,4.641459838694573e-08,0.00017636222764849663
u11_dout_reg\[23\],1,0,1,13050,35838,14400,36108,0,0,0,DFFHQx4_ASAP7_75t_SL,4.641459838694573e-08,9.927871724357828e-05
u11_dout_reg\[24\],1,0,1,13320,35568,14670,35838,0,0,0,DFFHQx4_ASAP7_75t_SL,4.641459838694573e-08,9.927985956892371e-05
u11_dout_reg\[25\],1,0,1,15048,35028,16398,35298,0,0,0,DFFHQx4_ASAP7_75t_SL,4.641459838694573e-08,9.933898400049657e-05
u11_dout_reg\[26\],1,0,1,14886,34218,16236,34488,0,0,0,DFFHQx4_ASAP7_75t_SL,4.641459838694573e-08,9.934057743521407e-05
u11_dout_reg\[27\],1,0,1,15642,36378,16992,36648,0,0,0,DFFHQx4_ASAP7_75t_SL,4.641459838694573e-08,9.923696052283049e-05
u11_dout_reg\[28\],1,0,1,14994,34488,16344,34758,0,0,0,DFFHQx4_ASAP7_75t_SL,4.641459838694573e-08,9.933380351867527e-05
u11_dout_reg\[29\],1,0,1,12348,36378,13698,36648,0,0,0,DFFHQx4_ASAP7_75t_SL,4.641459838694573e-08,0.00010543980170041323
u11_dout_reg\[2\],1,0,1,9918,27738,11268,28008,0,0,0,DFFHQx4_ASAP7_75t_SL,4.644682150001245e-08,0.00017728281090967357
u11_dout_reg\[30\],1,0,1,6570,36108,7920,36378,0,0,0,DFFHQx4_ASAP7_75t_SL,4.641459838694573e-08,0.00010696263052523136
u11_dout_reg\[31\],1,0,1,3870,35568,5220,35838,0,0,0,DFFHQx4_ASAP7_75t_SL,4.641459838694573e-08,0.00010813077096827328
u11_dout_reg\[3\],1,0,1,10890,29358,12240,29628,0,0,0,DFFHQx4_ASAP7_75t_SL,4.644682150001245e-08,0.0001714248937787488
u11_dout_reg\[4\],1,0,1,4410,28548,5760,28818,0,0,0,DFFHQx4_ASAP7_75t_SL,4.644682150001245e-08,0.00017682801990304142
u11_dout_reg\[5\],1,0,1,12510,30708,13860,30978,0,0,0,DFFHQx4_ASAP7_75t_SL,4.644682150001245e-08,0.00016844415222294629
u11_dout_reg\[6\],1,0,1,8784,26658,10134,26928,0,0,0,DFFHQx4_ASAP7_75t_SL,4.644682150001245e-08,0.00017772447608876973
u11_dout_reg\[7\],1,0,1,12888,31248,14238,31518,0,0,0,DFFHQx4_ASAP7_75t_SL,4.644682150001245e-08,0.00016951703582890332
u11_dout_reg\[8\],1,0,1,2952,26928,4302,27198,0,0,0,DFFHQx4_ASAP7_75t_SL,4.644682150001245e-08,0.00017887244757730514
u11_dout_reg\[9\],1,0,1,14886,33138,16236,33408,0,0,0,DFFHQx4_ASAP7_75t_SL,4.644682150001245e-08,0.00010225074947811663
u11_empty_reg,1,0,1,14886,32058,15966,32328,0,0,0,DFFHQNx1_ASAP7_75t_SL,2.0657900279275054e-08,0.00015738474030513316
u11_full_reg,1,0,1,14724,31788,15804,32058,0,0,0,DFFHQNx1_ASAP7_75t_SL,2.071940485848245e-08,0.0001630033366382122
u11_mem_reg\[0\]\[0\],1,0,1,1008,28278,2142,28548,0,0,0,DFFHQNx2_ASAP7_75t_SL,2.6145993814452595e-08,0.00017468369333073497
u11_mem_reg\[0\]\[10\],1,0,1,1008,35028,2142,35298,0,0,0,DFFHQNx2_ASAP7_75t_SL,2.6145993814452595e-08,0.00010792082321131602
u11_mem_reg\[0\]\[11\],1,0,1,9972,35028,11106,35298,0,0,0,DFFHQNx2_ASAP7_75t_SL,2.6145993814452595e-08,0.00010532294982112944
u11_mem_reg\[0\]\[12\],1,0,1,1008,33948,2142,34218,0,0,0,DFFHQNx2_ASAP7_75t_SL,2.6145993814452595e-08,0.0001079248177120462
u11_mem_reg\[0\]\[13\],1,0,1,7866,35028,9000,35298,0,0,0,DFFHQNx2_ASAP7_75t_SL,2.6145993814452595e-08,0.00010707357432693243
u11_mem_reg\[0\]\[14\],1,0,1,1008,30168,2142,30438,0,0,0,DFFHQNx2_ASAP7_75t_SL,2.6145993814452595e-08,0.00017381166981067508
u11_mem_reg\[0\]\[15\],1,0,1,1008,31518,2142,31788,0,0,0,DFFHQNx2_ASAP7_75t_SL,2.6145993814452595e-08,0.00017332856077700853
u11_mem_reg\[0\]\[16\],1,0,1,6246,32058,7380,32328,0,0,0,DFFHQNx2_ASAP7_75t_SL,2.6145993814452595e-08,0.00017211725935339928
u11_mem_reg\[0\]\[17\],1,0,1,10242,30978,11376,31248,0,0,0,DFFHQNx2_ASAP7_75t_SL,2.6145993814452595e-08,0.00016722563304938376
u11_mem_reg\[0\]\[18\],1,0,1,1008,32328,2142,32598,0,0,0,DFFHQNx2_ASAP7_75t_SL,2.614677541146193e-08,0.0001732576492941007
u11_mem_reg\[0\]\[19\],1,0,1,3654,32058,4788,32328,0,0,0,DFFHQNx2_ASAP7_75t_SL,2.614677541146193e-08,0.00017272838158532977
u11_mem_reg\[0\]\[1\],1,0,1,11214,30708,12348,30978,0,0,0,DFFHQNx2_ASAP7_75t_SL,2.6145993814452595e-08,0.00016722474538255483
u11_mem_reg\[0\]\[20\],1,0,1,3492,34218,4626,34488,0,0,0,DFFHQNx2_ASAP7_75t_SL,2.5727548091936114e-08,0.00010760570148704574
u11_mem_reg\[0\]\[21\],1,0,1,7974,36108,9108,36378,0,0,0,DFFHQNx2_ASAP7_75t_SL,2.5727548091936114e-08,0.00010643195128068328
u11_mem_reg\[0\]\[22\],1,0,1,4032,36108,5166,36378,0,0,0,DFFHQNx2_ASAP7_75t_SL,2.5727548091936114e-08,0.00010782606841530651
u11_mem_reg\[0\]\[23\],1,0,1,11484,36108,12618,36378,0,0,0,DFFHQNx2_ASAP7_75t_SL,2.5727548091936114e-08,0.00010510845459066331
u11_mem_reg\[0\]\[24\],1,0,1,6570,36648,7704,36918,0,0,0,DFFHQNx2_ASAP7_75t_SL,2.5727548091936114e-08,0.00010675867815734819
u11_mem_reg\[0\]\[25\],1,0,1,11106,35298,12240,35568,0,0,0,DFFHQNx2_ASAP7_75t_SL,2.5727548091936114e-08,0.00010517112241359428
u11_mem_reg\[0\]\[26\],1,0,1,6516,34758,7650,35028,0,0,0,DFFHQNx2_ASAP7_75t_SL,2.5727548091936114e-08,0.00010706159082474187
u11_mem_reg\[0\]\[27\],1,0,1,10350,36918,11484,37188,0,0,0,DFFHQNx2_ASAP7_75t_SL,2.5727548091936114e-08,0.00010542775999056175
u11_mem_reg\[0\]\[28\],1,0,1,5058,35028,6192,35298,0,0,0,DFFHQNx2_ASAP7_75t_SL,2.5727548091936114e-08,0.0001072771119652316
u11_mem_reg\[0\]\[29\],1,0,1,9216,36108,10350,36378,0,0,0,DFFHQNx2_ASAP7_75t_SL,2.5727548091936114e-08,0.00010612479673000053
u11_mem_reg\[0\]\[2\],1,0,1,8730,28818,9864,29088,0,0,0,DFFHQNx2_ASAP7_75t_SL,2.6145993814452595e-08,0.00017257533909287304
u11_mem_reg\[0\]\[30\],1,0,1,5328,36108,6462,36378,0,0,0,DFFHQNx2_ASAP7_75t_SL,2.5727548091936114e-08,0.0001066361801349558
u11_mem_reg\[0\]\[31\],1,0,1,2844,36108,3978,36378,0,0,0,DFFHQNx2_ASAP7_75t_SL,2.5727548091936114e-08,0.00010779598233057186
u11_mem_reg\[0\]\[3\],1,0,1,10242,29628,11376,29898,0,0,0,DFFHQNx2_ASAP7_75t_SL,2.6145993814452595e-08,0.00016726886678952724
u11_mem_reg\[0\]\[4\],1,0,1,3438,30708,4572,30978,0,0,0,DFFHQNx2_ASAP7_75t_SL,2.6145993814452595e-08,0.0001727326598484069
u11_mem_reg\[0\]\[5\],1,0,1,8676,31248,9810,31518,0,0,0,DFFHQNx2_ASAP7_75t_SL,2.6145993814452595e-08,0.0001714132959023118
u11_mem_reg\[0\]\[6\],1,0,1,3870,29358,5004,29628,0,0,0,DFFHQNx2_ASAP7_75t_SL,2.6145993814452595e-08,0.00017250646487809718
u11_mem_reg\[0\]\[7\],1,0,1,11160,32058,12294,32328,0,0,0,DFFHQNx2_ASAP7_75t_SL,2.6145993814452595e-08,0.00016762985615059733
u11_mem_reg\[0\]\[8\],1,0,1,2682,28818,3816,29088,0,0,0,DFFHQNx2_ASAP7_75t_SL,2.6145993814452595e-08,0.0001743628381518647
u11_mem_reg\[0\]\[9\],1,0,1,9594,33678,10728,33948,0,0,0,DFFHQNx2_ASAP7_75t_SL,2.6145993814452595e-08,0.00017080031102523208
u11_mem_reg\[1\]\[0\],1,0,1,1170,27468,2304,27738,0,0,0,DFFHQNx2_ASAP7_75t_SL,2.5727548091936114e-08,0.00017462301184423268
u11_mem_reg\[1\]\[10\],1,0,1,1548,34488,2682,34758,0,0,0,DFFHQNx2_ASAP7_75t_SL,2.5727548091936114e-08,0.0001077655833796598
u11_mem_reg\[1\]\[11\],1,0,1,9324,34488,10458,34758,0,0,0,DFFHQNx2_ASAP7_75t_SL,2.5727548091936114e-08,0.00010520290379645303
u11_mem_reg\[1\]\[12\],1,0,1,1656,33408,2790,33678,0,0,0,DFFHQNx2_ASAP7_75t_SL,2.5727548091936114e-08,0.00010771871893666685
u11_mem_reg\[1\]\[13\],1,0,1,8082,34488,9216,34758,0,0,0,DFFHQNx2_ASAP7_75t_SL,2.5727548091936114e-08,0.00010696259414544329
u11_mem_reg\[1\]\[14\],1,0,1,1764,29358,2898,29628,0,0,0,DFFHQNx2_ASAP7_75t_SL,2.5727548091936114e-08,0.00017387773550581187
u11_mem_reg\[1\]\[15\],1,0,1,1548,30708,2682,30978,0,0,0,DFFHQNx2_ASAP7_75t_SL,2.5727548091936114e-08,0.00017343751096632332
u11_mem_reg\[1\]\[16\],1,0,1,6084,32598,7218,32868,0,0,0,DFFHQNx2_ASAP7_75t_SL,2.5727548091936114e-08,0.00017196391127072275
u11_mem_reg\[1\]\[17\],1,0,1,10026,32058,11160,32328,0,0,0,DFFHQNx2_ASAP7_75t_SL,2.5727548091936114e-08,0.00016924916417337954
u11_mem_reg\[1\]\[18\],1,0,1,2196,32058,3330,32328,0,0,0,DFFHQNx2_ASAP7_75t_SL,2.5727548091936114e-08,0.00017273827688768506
u11_mem_reg\[1\]\[19\],1,0,1,3060,32598,4194,32868,0,0,0,DFFHQNx2_ASAP7_75t_SL,2.5727548091936114e-08,0.00010773151007015258
u11_mem_reg\[1\]\[1\],1,0,1,11862,29898,12996,30168,0,0,0,DFFHQNx2_ASAP7_75t_SL,2.5727548091936114e-08,0.00016309437341988087
u11_mem_reg\[1\]\[20\],1,0,1,2682,34488,3816,34758,0,0,0,DFFHQNx2_ASAP7_75t_SL,2.5727548091936114e-08,0.00010774556722026318
u11_mem_reg\[1\]\[21\],1,0,1,7812,37458,8946,37728,0,0,0,DFFHQNx2_ASAP7_75t_SL,2.5727548091936114e-08,0.0001067797711584717
u11_mem_reg\[1\]\[22\],1,0,1,3870,36918,5004,37188,0,0,0,DFFHQNx2_ASAP7_75t_SL,2.5727548091936114e-08,0.00010783081961562857
u11_mem_reg\[1\]\[23\],1,0,1,12078,36918,13212,37188,0,0,0,DFFHQNx2_ASAP7_75t_SL,2.5727548091936114e-08,0.00010507590195629746
u11_mem_reg\[1\]\[24\],1,0,1,6516,37188,7650,37458,0,0,0,DFFHQNx2_ASAP7_75t_SL,2.5727548091936114e-08,0.00010677374666556716
u11_mem_reg\[1\]\[25\],1,0,1,12240,35028,13374,35298,0,0,0,DFFHQNx2_ASAP7_75t_SL,2.5727548091936114e-08,0.00010514887981116772
u11_mem_reg\[1\]\[26\],1,0,1,6516,34218,7650,34488,0,0,0,DFFHQNx2_ASAP7_75t_SL,2.5727548091936114e-08,0.0001069878926500678
u11_mem_reg\[1\]\[27\],1,0,1,10458,37188,11592,37458,0,0,0,DFFHQNx2_ASAP7_75t_SL,2.5727548091936114e-08,0.00010540442599449307
u11_mem_reg\[1\]\[28\],1,0,1,5328,34218,6462,34488,0,0,0,DFFHQNx2_ASAP7_75t_SL,2.5727548091936114e-08,0.00010739488061517477
u11_mem_reg\[1\]\[29\],1,0,1,9108,37188,10242,37458,0,0,0,DFFHQNx2_ASAP7_75t_SL,2.5727548091936114e-08,0.0001056300534401089
u11_mem_reg\[1\]\[2\],1,0,1,8622,28008,9756,28278,0,0,0,DFFHQNx2_ASAP7_75t_SL,2.5727548091936114e-08,0.0001726325135678053
u11_mem_reg\[1\]\[30\],1,0,1,5220,37188,6354,37458,0,0,0,DFFHQNx2_ASAP7_75t_SL,2.5727548091936114e-08,0.00010785080667119473
u11_mem_reg\[1\]\[31\],1,0,1,1764,35838,2898,36108,0,0,0,DFFHQNx2_ASAP7_75t_SL,2.5727548091936114e-08,0.00010779383592307568
u11_mem_reg\[1\]\[3\],1,0,1,9000,29898,10134,30168,0,0,0,DFFHQNx2_ASAP7_75t_SL,2.5727548091936114e-08,0.00017194061365444213
u11_mem_reg\[1\]\[4\],1,0,1,2952,31248,4032,31518,0,0,0,DFFHQNx1_ASAP7_75t_SL,2.0657900279275054e-08,0.00017253340047318488
u11_mem_reg\[1\]\[5\],1,0,1,8892,30708,10026,30978,0,0,0,DFFHQNx2_ASAP7_75t_SL,2.5727548091936114e-08,0.00017147662583738565
u11_mem_reg\[1\]\[6\],1,0,1,3600,28008,4680,28278,0,0,0,DFFHQNx1_ASAP7_75t_SL,2.0657900279275054e-08,0.0001743259490467608
u11_mem_reg\[1\]\[7\],1,0,1,11862,31788,12996,32058,0,0,0,DFFHQNx2_ASAP7_75t_SL,2.5727548091936114e-08,0.00016746384790167212
u11_mem_reg\[1\]\[8\],1,0,1,2412,27738,3546,28008,0,0,0,DFFHQNx2_ASAP7_75t_SL,2.5727548091936114e-08,0.0001744360924931243
u11_mem_reg\[1\]\[9\],1,0,1,8730,33408,9864,33678,0,0,0,DFFHQNx2_ASAP7_75t_SL,2.5727548091936114e-08,0.00017062391270883381
u11_mem_reg\[2\]\[0\],1,0,1,1008,28548,2142,28818,0,0,0,DFFHQNx2_ASAP7_75t_SL,2.5727548091936114e-08,0.0001745773624861613
u11_mem_reg\[2\]\[10\],1,0,1,1062,34218,2196,34488,0,0,0,DFFHQNx2_ASAP7_75t_SL,2.5727548091936114e-08,0.00010778655996546149
u11_mem_reg\[2\]\[11\],1,0,1,9972,34758,11106,35028,0,0,0,DFFHQNx2_ASAP7_75t_SL,2.5727548091936114e-08,0.00010520008800085634
u11_mem_reg\[2\]\[12\],1,0,1,1008,33138,2142,33408,0,0,0,DFFHQNx2_ASAP7_75t_SL,2.5727548091936114e-08,0.0001730667136143893
u11_mem_reg\[2\]\[13\],1,0,1,7920,34758,9054,35028,0,0,0,DFFHQNx2_ASAP7_75t_SL,2.5727548091936114e-08,0.00010695753007894382
u11_mem_reg\[2\]\[14\],1,0,1,1008,29898,2142,30168,0,0,0,DFFHQNx2_ASAP7_75t_SL,2.5727548091936114e-08,0.00017371345893479884
u11_mem_reg\[2\]\[15\],1,0,1,1008,31248,2142,31518,0,0,0,DFFHQNx2_ASAP7_75t_SL,2.5727548091936114e-08,0.00017315495642833412
u11_mem_reg\[2\]\[16\],1,0,1,6300,31788,7434,32058,0,0,0,DFFHQNx2_ASAP7_75t_SL,2.5727548091936114e-08,0.00017194455722346902
u11_mem_reg\[2\]\[17\],1,0,1,10296,31248,11430,31518,0,0,0,DFFHQNx2_ASAP7_75t_SL,2.5727548091936114e-08,0.00016646491712890565
u11_mem_reg\[2\]\[18\],1,0,1,1008,32058,2142,32328,0,0,0,DFFHQNx2_ASAP7_75t_SL,2.5727548091936114e-08,0.0001729340001475066
u11_mem_reg\[2\]\[19\],1,0,1,3924,31788,5058,32058,0,0,0,DFFHQNx2_ASAP7_75t_SL,2.5727548091936114e-08,0.00017242869944311678
u11_mem_reg\[2\]\[1\],1,0,1,11052,30438,12186,30708,0,0,0,DFFHQNx2_ASAP7_75t_SL,2.5727548091936114e-08,0.00016706791939213872
u11_mem_reg\[2\]\[20\],1,0,1,3816,34488,4950,34758,0,0,0,DFFHQNx2_ASAP7_75t_SL,2.5727548091936114e-08,0.00010773347457870841
u11_mem_reg\[2\]\[21\],1,0,1,7974,36378,9108,36648,0,0,0,DFFHQNx2_ASAP7_75t_SL,2.5727548091936114e-08,0.00010643098357832059
u11_mem_reg\[2\]\[22\],1,0,1,4032,36378,5166,36648,0,0,0,DFFHQNx2_ASAP7_75t_SL,2.5727548091936114e-08,0.00010782512981677428
u11_mem_reg\[2\]\[23\],1,0,1,11214,36378,12348,36648,0,0,0,DFFHQNx2_ASAP7_75t_SL,2.5727548091936114e-08,0.00010510991705814376
u11_mem_reg\[2\]\[24\],1,0,1,6570,36378,7704,36648,0,0,0,DFFHQNx2_ASAP7_75t_SL,2.5727548091936114e-08,0.00010662696149665862
u11_mem_reg\[2\]\[25\],1,0,1,11106,35028,12240,35298,0,0,0,DFFHQNx2_ASAP7_75t_SL,2.5727548091936114e-08,0.00010517204646021128
u11_mem_reg\[2\]\[26\],1,0,1,6516,35028,7650,35298,0,0,0,DFFHQNx2_ASAP7_75t_SL,2.5727548091936114e-08,0.0001069213030859828
u11_mem_reg\[2\]\[27\],1,0,1,10404,36648,11538,36918,0,0,0,DFFHQNx2_ASAP7_75t_SL,2.5727548091936114e-08,0.00010542850941419601
u11_mem_reg\[2\]\[28\],1,0,1,5058,35298,6192,35568,0,0,0,DFFHQNx2_ASAP7_75t_SL,2.5727548091936114e-08,0.0001072761879186146
u11_mem_reg\[2\]\[29\],1,0,1,9216,36378,10350,36648,0,0,0,DFFHQNx2_ASAP7_75t_SL,2.5727548091936114e-08,0.00010612384357955307
u11_mem_reg\[2\]\[2\],1,0,1,8784,29088,9918,29358,0,0,0,DFFHQNx2_ASAP7_75t_SL,2.5727548091936114e-08,0.00017217268759850413
u11_mem_reg\[2\]\[30\],1,0,1,5328,36378,6462,36648,0,0,0,DFFHQNx2_ASAP7_75t_SL,2.5727548091936114e-08,0.00010663519788067788
u11_mem_reg\[2\]\[31\],1,0,1,2898,35838,4032,36108,0,0,0,DFFHQNx2_ASAP7_75t_SL,2.5727548091936114e-08,0.00010778804426081479
u11_mem_reg\[2\]\[3\],1,0,1,10134,29898,11268,30168,0,0,0,DFFHQNx2_ASAP7_75t_SL,2.5727548091936114e-08,0.0001670948404353112
u11_mem_reg\[2\]\[4\],1,0,1,3438,30978,4572,31248,0,0,0,DFFHQNx2_ASAP7_75t_SL,2.5727548091936114e-08,0.0001725575129967183
u11_mem_reg\[2\]\[5\],1,0,1,8784,31518,9918,31788,0,0,0,DFFHQNx2_ASAP7_75t_SL,2.5727548091936114e-08,0.00017123848374467343
u11_mem_reg\[2\]\[6\],1,0,1,3870,29088,5004,29358,0,0,0,DFFHQNx2_ASAP7_75t_SL,2.5727548091936114e-08,0.0001723332970868796
u11_mem_reg\[2\]\[7\],1,0,1,11160,32328,12294,32598,0,0,0,DFFHQNx2_ASAP7_75t_SL,2.5727548091936114e-08,0.00016841659089550376
u11_mem_reg\[2\]\[8\],1,0,1,2736,29088,3870,29358,0,0,0,DFFHQNx2_ASAP7_75t_SL,2.5727548091936114e-08,0.00017402367666363716
u11_mem_reg\[2\]\[9\],1,0,1,9864,33408,10998,33678,0,0,0,DFFHQNx2_ASAP7_75t_SL,2.5727548091936114e-08,0.0001706294424366206
u11_mem_reg\[3\]\[0\],1,0,1,1278,27738,2412,28008,0,0,0,DFFHQNx2_ASAP7_75t_SL,2.5727548091936114e-08,0.00017462171672377735
u11_mem_reg\[3\]\[10\],1,0,1,1980,34758,3114,35028,0,0,0,DFFHQNx2_ASAP7_75t_SL,2.5727548091936114e-08,0.00010776423732750118
u11_mem_reg\[3\]\[11\],1,0,1,9432,35298,10566,35568,0,0,0,DFFHQNx2_ASAP7_75t_SL,2.5727548091936114e-08,0.00010518821363802999
u11_mem_reg\[3\]\[12\],1,0,1,2034,33678,3168,33948,0,0,0,DFFHQNx2_ASAP7_75t_SL,2.5727548091936114e-08,0.00010771795496111736
u11_mem_reg\[3\]\[13\],1,0,1,8028,34218,9162,34488,0,0,0,DFFHQNx2_ASAP7_75t_SL,2.5727548091936114e-08,0.0001069685531547293
u11_mem_reg\[3\]\[14\],1,0,1,1980,29628,3114,29898,0,0,0,DFFHQNx2_ASAP7_75t_SL,2.5727548091936114e-08,0.00017371219291817397
u11_mem_reg\[3\]\[15\],1,0,1,1980,30978,3114,31248,0,0,0,DFFHQNx2_ASAP7_75t_SL,2.5727548091936114e-08,0.00017343618674203753
u11_mem_reg\[3\]\[16\],1,0,1,6138,32868,7272,33138,0,0,0,DFFHQNx2_ASAP7_75t_SL,2.5727548091936114e-08,0.00017197638226207346
u11_mem_reg\[3\]\[17\],1,0,1,10080,32598,11214,32868,0,0,0,DFFHQNx2_ASAP7_75t_SL,2.5727548091936114e-08,0.00016924284864217043
u11_mem_reg\[3\]\[18\],1,0,1,2034,31788,3168,32058,0,0,0,DFFHQNx2_ASAP7_75t_SL,2.5727548091936114e-08,0.00017283813212998211
u11_mem_reg\[3\]\[19\],1,0,1,3114,32328,4248,32598,0,0,0,DFFHQNx2_ASAP7_75t_SL,2.5727548091936114e-08,0.00010773266694741324
u11_mem_reg\[3\]\[1\],1,0,1,11862,30168,12996,30438,0,0,0,DFFHQNx2_ASAP7_75t_SL,2.5727548091936114e-08,0.00016308866906911135
u11_mem_reg\[3\]\[20\],1,0,1,3114,34758,4248,35028,0,0,0,DFFHQNx2_ASAP7_75t_SL,2.5727548091936114e-08,0.00010774460679385811
u11_mem_reg\[3\]\[21\],1,0,1,7866,37188,9000,37458,0,0,0,DFFHQNx2_ASAP7_75t_SL,2.5727548091936114e-08,0.00010678089165594429
u11_mem_reg\[3\]\[22\],1,0,1,3870,37188,5004,37458,0,0,0,DFFHQNx2_ASAP7_75t_SL,2.5727548091936114e-08,0.00010784307960420847
u11_mem_reg\[3\]\[23\],1,0,1,12132,37188,13266,37458,0,0,0,DFFHQNx2_ASAP7_75t_SL,2.5727548091936114e-08,0.00010501964425202459
u11_mem_reg\[3\]\[24\],1,0,1,6570,37458,7704,37728,0,0,0,DFFHQNx2_ASAP7_75t_SL,2.5727548091936114e-08,0.00010677261161617935
u11_mem_reg\[3\]\[25\],1,0,1,12294,35298,13428,35568,0,0,0,DFFHQNx2_ASAP7_75t_SL,2.5727548091936114e-08,0.00010514810855966061
u11_mem_reg\[3\]\[26\],1,0,1,6516,33948,7650,34218,0,0,0,DFFHQNx2_ASAP7_75t_SL,2.5727548091936114e-08,0.00010698883852455765
u11_mem_reg\[3\]\[27\],1,0,1,10512,37458,11646,37728,0,0,0,DFFHQNx2_ASAP7_75t_SL,2.5727548091936114e-08,0.00010540368384681642
u11_mem_reg\[3\]\[28\],1,0,1,5328,34488,6462,34758,0,0,0,DFFHQNx2_ASAP7_75t_SL,2.5727548091936114e-08,0.00010718720295699313
u11_mem_reg\[3\]\[29\],1,0,1,9162,37458,10296,37728,0,0,0,DFFHQNx2_ASAP7_75t_SL,2.5727548091936114e-08,0.00010562889656284824
u11_mem_reg\[3\]\[2\],1,0,1,8676,28278,9810,28548,0,0,0,DFFHQNx2_ASAP7_75t_SL,2.5727548091936114e-08,0.00017263134941458702
u11_mem_reg\[3\]\[30\],1,0,1,5274,37458,6408,37728,0,0,0,DFFHQNx2_ASAP7_75t_SL,2.5727548091936114e-08,0.00010785003541968763
u11_mem_reg\[3\]\[31\],1,0,1,2142,35568,3276,35838,0,0,0,DFFHQNx2_ASAP7_75t_SL,2.5727548091936114e-08,0.00010779357398860157
u11_mem_reg\[3\]\[3\],1,0,1,9648,30168,10782,30438,0,0,0,DFFHQNx2_ASAP7_75t_SL,2.5727548091936114e-08,0.0001670818601269275
u11_mem_reg\[3\]\[4\],1,0,1,3006,30438,4140,30708,0,0,0,DFFHQNx2_ASAP7_75t_SL,2.5727548091936114e-08,0.00017363713413942605
u11_mem_reg\[3\]\[5\],1,0,1,9000,30978,10134,31248,0,0,0,DFFHQNx2_ASAP7_75t_SL,2.5727548091936114e-08,0.00017147607286460698
u11_mem_reg\[3\]\[6\],1,0,1,3600,28278,4680,28548,0,0,0,DFFHQNx1_ASAP7_75t_SL,2.0657900279275054e-08,0.00017432500317227095
u11_mem_reg\[3\]\[7\],1,0,1,11808,31518,12888,31788,0,0,0,DFFHQNx1_ASAP7_75t_SL,2.0657900279275054e-08,0.00016556642367504537
u11_mem_reg\[3\]\[8\],1,0,1,2466,28008,3600,28278,0,0,0,DFFHQNx2_ASAP7_75t_SL,2.5727548091936114e-08,0.00017440799274481833
u11_mem_reg\[3\]\[9\],1,0,1,9378,33138,10512,33408,0,0,0,DFFHQNx2_ASAP7_75t_SL,2.5727548091936114e-08,0.00017061858670786023
u11_rp_reg\[0\],1,0,1,13428,32598,14778,32868,0,0,0,DFFHQx4_ASAP7_75t_SL,4.7632948252385177e-08,0.0002093990915454924
u11_rp_reg\[1\],1,0,1,13050,32058,14184,32328,0,0,0,DFFHQNx2_ASAP7_75t_SL,2.626554440610107e-08,0.00017508848395664245
u11_rp_reg\[2\],1,0,1,14940,33408,16020,33678,0,0,0,DFFHQNx1_ASAP7_75t_SL,2.220375527883789e-08,0.00012015649554086849
u11_status_reg\[0\],1,0,1,15804,31788,16884,32058,0,0,0,DFFHQNx1_ASAP7_75t_SL,2.2511269293090663e-08,0.00021061180450487882
u11_status_reg\[1\],1,0,1,15750,32598,16830,32868,0,0,0,DFFHQNx1_ASAP7_75t_SL,2.1815147022152814e-08,0.0001952976017491892
u11_wp_reg\[0\],1,0,1,13968,30978,15048,31248,0,0,0,DFFHQNx1_ASAP7_75t_SL,2.2192743642790447e-08,0.00018870399799197912
u11_wp_reg\[1\],1,0,1,13266,34488,14616,34758,0,0,0,DFFHQx4_ASAP7_75t_SL,4.761755789672861e-08,0.00013653562928084284
u11_wp_reg\[2\],1,0,1,12564,33678,13698,33948,0,0,0,DFFHQNx2_ASAP7_75t_SL,2.5727548091936114e-08,9.903009049594402e-05
u11_wp_reg\[3\],1,0,1,13752,33948,15102,34218,0,0,0,DFFHQx4_ASAP7_75t_SL,4.641459838694573e-08,9.937181312125176e-05
u12_dout_reg\[0\],1,0,1,1332,22068,2412,22338,0,0,0,DFFHQNx1_ASAP7_75t_SL,2.254009956459413e-08,0.0001463649095967412
u12_dout_reg\[10\],1,0,1,24282,43128,25362,43398,0,0,0,DFFHQNx1_ASAP7_75t_SL,2.254009956459413e-08,2.5828660000115633e-05
u12_dout_reg\[11\],1,0,1,43722,23418,44802,23688,0,0,0,DFFHQNx1_ASAP7_75t_SL,2.254009956459413e-08,0.00021253718296065927
u12_dout_reg\[12\],1,0,1,43722,23148,44802,23418,0,0,0,DFFHQNx1_ASAP7_75t_SL,2.254009956459413e-08,0.00021254876628518105
u12_dout_reg\[13\],1,0,1,1494,26118,2574,26388,0,0,0,DFFHQNx1_ASAP7_75t_SL,2.254009956459413e-08,0.00014626773190684617
u12_dout_reg\[14\],1,0,1,1386,25848,2466,26118,0,0,0,DFFHQNx1_ASAP7_75t_SL,2.254009956459413e-08,0.000146328893606551
u12_dout_reg\[15\],1,0,1,21636,3168,22770,3438,0,0,0,DFFHQNx2_ASAP7_75t_SL,2.7651099188119588e-08,0.00019056144810747355
u12_dout_reg\[16\],1,0,1,43722,22338,44802,22608,0,0,0,DFFHQNx1_ASAP7_75t_SL,2.254009956459413e-08,0.0002128231426468119
u12_dout_reg\[17\],1,0,1,22608,43128,23688,43398,0,0,0,DFFHQNx1_ASAP7_75t_SL,2.254009956459413e-08,2.8857422876171768e-05
u12_dout_reg\[18\],1,0,1,1386,22878,2466,23148,0,0,0,DFFHQNx1_ASAP7_75t_SL,2.254009956459413e-08,0.00014689013187307864
u12_dout_reg\[19\],1,0,1,22986,2898,24120,3168,0,0,0,DFFHQNx2_ASAP7_75t_SL,2.7651099188119588e-08,0.00019157910719513893
u12_dout_reg\[1\],1,0,1,23148,2358,24228,2628,0,0,0,DFFHQNx1_ASAP7_75t_SL,2.254009956459413e-08,0.00018916769477073103
u12_dout_reg\[20\],1,0,1,25740,43938,26820,44208,0,0,0,DFFHQNx1_ASAP7_75t_SL,2.254009956459413e-08,2.611221316328738e-05
u12_dout_reg\[21\],1,0,1,24498,2898,25578,3168,0,0,0,DFFHQNx1_ASAP7_75t_SL,2.254009956459413e-08,0.0001901198411360383
u12_dout_reg\[22\],1,0,1,24174,43938,25254,44208,0,0,0,DFFHQNx1_ASAP7_75t_SL,2.254009956459413e-08,2.6126255761482753e-05
u12_dout_reg\[23\],1,0,1,43722,24498,44802,24768,0,0,0,DFFHQNx1_ASAP7_75t_SL,2.254009956459413e-08,0.00021268038835842162
u12_dout_reg\[24\],1,0,1,1386,26658,2466,26928,0,0,0,DFFHQNx1_ASAP7_75t_SL,2.254009956459413e-08,0.00014646415365859866
u12_dout_reg\[25\],1,0,1,24822,2628,25902,2898,0,0,0,DFFHQNx1_ASAP7_75t_SL,2.254009956459413e-08,0.00018954320694319904
u12_dout_reg\[26\],1,0,1,23580,43668,24660,43938,0,0,0,DFFHQNx1_ASAP7_75t_SL,2.254009956459413e-08,2.616822712298017e-05
u12_dout_reg\[27\],1,0,1,22284,2628,23364,2898,0,0,0,DFFHQNx1_ASAP7_75t_SL,2.254009956459413e-08,0.00018950294179376215
u12_dout_reg\[28\],1,0,1,43722,26658,44802,26928,0,0,0,DFFHQNx1_ASAP7_75t_SL,2.254009956459413e-08,0.00021155008289497346
u12_dout_reg\[29\],1,0,1,22230,43938,23310,44208,0,0,0,DFFHQNx1_ASAP7_75t_SL,2.254009956459413e-08,2.6405037715448998e-05
u12_dout_reg\[2\],1,0,1,23364,43398,24444,43668,0,0,0,DFFHQNx1_ASAP7_75t_SL,2.254009956459413e-08,2.8825050321756862e-05
u12_dout_reg\[30\],1,0,1,1386,26928,2466,27198,0,0,0,DFFHQNx1_ASAP7_75t_SL,2.254009956459413e-08,0.0001466142712160945
u12_dout_reg\[31\],1,0,1,24282,2358,25362,2628,0,0,0,DFFHQNx1_ASAP7_75t_SL,2.254009956459413e-08,0.00018940510926768184
u12_dout_reg\[3\],1,0,1,43722,21528,44802,21798,0,0,0,DFFHQNx1_ASAP7_75t_SL,2.254009956459413e-08,0.00021274760365486145
u12_dout_reg\[4\],1,0,1,1332,22338,2412,22608,0,0,0,DFFHQNx1_ASAP7_75t_SL,2.254009956459413e-08,0.00014638787251897156
u12_dout_reg\[5\],1,0,1,23688,2628,24768,2898,0,0,0,DFFHQNx1_ASAP7_75t_SL,2.254009956459413e-08,0.00018917892884928733
u12_dout_reg\[6\],1,0,1,24444,44208,25524,44478,0,0,0,DFFHQNx1_ASAP7_75t_SL,2.254009956459413e-08,2.5972451112465933e-05
u12_dout_reg\[7\],1,0,1,21960,3438,23040,3708,0,0,0,DFFHQNx1_ASAP7_75t_SL,2.254009956459413e-08,0.00018916375120170414
u12_dout_reg\[8\],1,0,1,22068,43668,23148,43938,0,0,0,DFFHQNx1_ASAP7_75t_SL,2.254009956459413e-08,2.5760986318346113e-05
u12_dout_reg\[9\],1,0,1,22878,3168,23958,3438,0,0,0,DFFHQNx1_ASAP7_75t_SL,2.254009956459413e-08,0.00018911146617028862
u12_i3_re_reg,1,0,1,16938,12888,18072,13158,0,0,0,DFFHQNx2_ASAP7_75t_SL,2.5727990404789125e-08,0.0002099824050674215
u12_i4_re_reg,1,0,1,13212,22338,14346,22608,0,0,0,DFFHQNx2_ASAP7_75t_SL,2.5727990404789125e-08,0.00015900499420240521
u12_i6_re_reg,1,0,1,14940,31518,16074,31788,0,0,0,DFFHQNx2_ASAP7_75t_SL,2.5727990404789125e-08,0.00015850788622628897
u12_o3_we_reg,1,0,1,30924,13428,32274,13698,0,0,0,DFFHQx4_ASAP7_75t_SL,4.641501050173247e-08,0.0002350339782424271
u12_o4_we_reg,1,0,1,31032,26388,32382,26658,0,0,0,DFFHQx4_ASAP7_75t_SL,4.641501050173247e-08,0.00024868876789696515
u12_o6_we_reg,1,0,1,28548,23418,29898,23688,0,0,0,DFFHQx4_ASAP7_75t_SL,4.641501050173247e-08,0.00021339226805139333
u12_o7_we_reg,1,0,1,16830,31248,18180,31518,0,0,0,DFFHQx4_ASAP7_75t_SL,4.641501050173247e-08,0.00015252188313752413
u12_o8_we_reg,1,0,1,21852,28008,23202,28278,0,0,0,DFFHQx4_ASAP7_75t_SL,4.641501050173247e-08,0.00016495569434482604
u12_o9_we_reg,1,0,1,18720,10998,20070,11268,0,0,0,DFFHQx4_ASAP7_75t_SL,4.641501050173247e-08,0.00021019506675656885
u12_re1_reg,1,0,1,22770,21528,23850,21798,0,0,0,DFFHQNx1_ASAP7_75t_SL,2.076833105491005e-08,0.00018810559413395822
u12_re2_reg,1,0,1,22014,21258,23094,21528,0,0,0,DFFHQNx1_ASAP7_75t_SL,2.0671855338605383e-08,0.00019094377057626843
u12_rf_we_reg,1,0,1,22824,19098,24174,19368,0,0,0,DFFHQx4_ASAP7_75t_SL,4.641788109438494e-08,0.00019753180094994605
u12_wb_ack_o_reg,1,0,1,23472,20448,24606,20718,0,0,0,DFFHQNx2_ASAP7_75t_SL,2.5755618082712317e-08,0.0001888236147351563
u12_wb_data_o_reg\[0\],1,0,1,10998,20988,12348,21258,0,0,0,DFFHQx4_ASAP7_75t_SL,4.729161062755338e-08,0.00015717789938207716
u12_wb_data_o_reg\[10\],1,0,1,14346,22338,15696,22608,0,0,0,DFFHQx4_ASAP7_75t_SL,4.77034980406188e-08,0.00015121890464797616
u12_wb_data_o_reg\[11\],1,0,1,19692,3978,21042,4248,0,0,0,DFFHQx4_ASAP7_75t_SL,4.7702190641985e-08,0.00021476842812262475
u12_wb_data_o_reg\[12\],1,0,1,28764,22068,30114,22338,0,0,0,DFFHQx4_ASAP7_75t_SL,4.77034980406188e-08,0.0002025156281888485
u12_wb_data_o_reg\[13\],1,0,1,28602,22338,29952,22608,0,0,0,DFFHQx4_ASAP7_75t_L,4.6923802621279265e-09,8.126546890707687e-05
u12_wb_data_o_reg\[14\],1,0,1,18774,43668,20124,43938,0,0,0,DFFHQx4_ASAP7_75t_SL,4.7702190641985e-08,3.189159178873524e-05
u12_wb_data_o_reg\[15\],1,0,1,10998,20448,12348,20718,0,0,0,DFFHQx4_ASAP7_75t_SL,4.77034980406188e-08,0.00015389670443255454
u12_wb_data_o_reg\[16\],1,0,1,11538,20178,12672,20448,0,0,0,DFFHQNx2_ASAP7_75t_SL,2.6951147091835992e-08,0.00015259078645613045
u12_wb_data_o_reg\[17\],1,0,1,19962,2628,21312,2898,0,0,0,DFFHQx4_ASAP7_75t_SL,4.752689974907298e-08,0.00021581757755484432
u12_wb_data_o_reg\[18\],1,0,1,19962,43398,21312,43668,0,0,0,DFFHQx4_ASAP7_75t_SL,4.7525976043516494e-08,3.10516006720718e-05
u12_wb_data_o_reg\[19\],1,0,1,20070,3168,21420,3438,0,0,0,DFFHQx4_ASAP7_75t_SL,4.7525976043516494e-08,0.00021531899983529001
u12_wb_data_o_reg\[1\],1,0,1,19368,2358,20718,2628,0,0,0,DFFHQx4_ASAP7_75t_SL,4.6833967815018696e-08,0.00022606785933021456
u12_wb_data_o_reg\[20\],1,0,1,19098,5058,20232,5328,0,0,0,DFFHQNx2_ASAP7_75t_SL,2.6938757002881175e-08,0.00021296576596796513
u12_wb_data_o_reg\[21\],1,0,1,17046,43128,18180,43398,0,0,0,DFFHQNx2_ASAP7_75t_SL,2.6940886854731616e-08,2.938695797638502e-05
u12_wb_data_o_reg\[22\],1,0,1,18180,43128,19314,43398,0,0,0,DFFHQNx2_ASAP7_75t_SL,2.6357286131428737e-08,2.9056665880489163e-05
u12_wb_data_o_reg\[23\],1,0,1,28332,23688,29682,23958,0,0,0,DFFHQx4_ASAP7_75t_SL,4.751771598421328e-08,0.00019748664635699242
u12_wb_data_o_reg\[24\],1,0,1,1008,25038,2358,25308,0,0,0,DFFHQx4_ASAP7_75t_L,4.620216653705711e-09,6.923067121533677e-05
u12_wb_data_o_reg\[25\],1,0,1,29088,24228,30222,24498,0,0,0,DFFHQNx2_ASAP7_75t_SL,2.6353342619245268e-08,0.0002008963783737272
u12_wb_data_o_reg\[26\],1,0,1,1008,25578,2088,25848,0,0,0,DFFHQNx1_ASAP7_75t_SL,2.1274191297493417e-08,0.00016868874081410468
u12_wb_data_o_reg\[27\],1,0,1,19368,4518,20502,4788,0,0,0,DFFHQNx2_ASAP7_75t_SL,2.6353342619245268e-08,0.00022069182887207717
u12_wb_data_o_reg\[28\],1,0,1,18882,2628,19962,2898,0,0,0,DFFHQNx1_ASAP7_75t_SL,2.127548270891566e-08,0.00022023024212103337
u12_wb_data_o_reg\[29\],1,0,1,43074,21798,44208,22068,0,0,0,DFFHQNx2_ASAP7_75t_SL,2.5730205521767857e-08,0.00025616210768930614
u12_wb_data_o_reg\[2\],1,0,1,18612,43398,19962,43668,0,0,0,DFFHQx4_ASAP7_75t_SL,4.770219419469868e-08,3.202052175765857e-05
u12_wb_data_o_reg\[30\],1,0,1,13968,41778,15102,42048,0,0,0,DFFHQNx2_ASAP7_75t_SL,2.5730205521767857e-08,2.869867421395611e-05
u12_wb_data_o_reg\[31\],1,0,1,19746,43938,21096,44208,0,0,0,DFFHQx4_ASAP7_75t_L,4.55695392531652e-09,1.6033924111980014e-05
u12_wb_data_o_reg\[3\],1,0,1,28332,19368,29682,19638,0,0,0,DFFHQx4_ASAP7_75t_SL,4.77034980406188e-08,0.00021206152450758964
u12_wb_data_o_reg\[4\],1,0,1,11322,17208,12672,17478,0,0,0,DFFHQx4_ASAP7_75t_SL,4.77034980406188e-08,0.00015469230129383504
u12_wb_data_o_reg\[5\],1,0,1,21096,2898,22446,3168,0,0,0,DFFHQx4_ASAP7_75t_SL,4.7702190641985e-08,0.00021472667867783457
u12_wb_data_o_reg\[6\],1,0,1,21312,43398,22662,43668,0,0,0,DFFHQx4_ASAP7_75t_SL,4.77034980406188e-08,3.185375317116268e-05
u12_wb_data_o_reg\[7\],1,0,1,21204,2358,22554,2628,0,0,0,DFFHQx4_ASAP7_75t_SL,4.77034980406188e-08,0.00021456123795360327
u12_wb_data_o_reg\[8\],1,0,1,20448,43668,21798,43938,0,0,0,DFFHQx4_ASAP7_75t_SL,4.7702190641985e-08,3.183018998242915e-05
u12_wb_data_o_reg\[9\],1,0,1,23742,23148,25092,23418,0,0,0,DFFHQx4_ASAP7_75t_SL,4.77034980406188e-08,0.00017787834804039448
u12_we1_reg,1,0,1,22986,20178,24066,20448,0,0,0,DFFHQNx1_ASAP7_75t_SL,2.076833105491005e-08,0.00019374034309294075
u12_we2_reg,1,0,1,22446,19638,23526,19908,0,0,0,DFFHQNx1_ASAP7_75t_SL,2.0671887313028492e-08,0.000196234424947761
u13_ac97_rst_force_reg,1,0,1,15858,36918,16992,37188,0,0,0,DFFHQNx2_ASAP7_75t_SL,2.572777013654104e-08,9.89165564533323e-05
u13_crac_dout_r_reg\[0\],1,0,1,28872,17208,30006,17478,0,0,0,DFFHQNx2_ASAP7_75t_SL,2.5748960297278245e-08,0.00023481596144847572
u13_crac_dout_r_reg\[10\],1,0,1,29088,18558,30222,18828,0,0,0,DFFHQNx2_ASAP7_75t_SL,2.5748960297278245e-08,0.00023066125868353993
u13_crac_dout_r_reg\[11\],1,0,1,29952,18288,31086,18558,0,0,0,DFFHQNx2_ASAP7_75t_SL,2.5748960297278245e-08,0.00023142338613979518
u13_crac_dout_r_reg\[12\],1,0,1,31140,18018,32274,18288,0,0,0,DFFHQNx2_ASAP7_75t_SL,2.5748960297278245e-08,0.00023614698147866875
u13_crac_dout_r_reg\[13\],1,0,1,32274,17478,33408,17748,0,0,0,DFFHQNx2_ASAP7_75t_SL,2.5748960297278245e-08,0.0002374589821556583
u13_crac_dout_r_reg\[14\],1,0,1,33354,17208,34488,17478,0,0,0,DFFHQNx2_ASAP7_75t_SL,2.5748960297278245e-08,0.00023877200146671385
u13_crac_dout_r_reg\[15\],1,0,1,33786,16128,34920,16398,0,0,0,DFFHQNx2_ASAP7_75t_SL,2.5748960297278245e-08,0.00024026607570704073
u13_crac_dout_r_reg\[1\],1,0,1,29628,17478,30762,17748,0,0,0,DFFHQNx2_ASAP7_75t_SL,2.5748960297278245e-08,0.00023481229436583817
u13_crac_dout_r_reg\[2\],1,0,1,29736,15858,30870,16128,0,0,0,DFFHQNx2_ASAP7_75t_SL,2.5748960297278245e-08,0.0002342956722714007
u13_crac_dout_r_reg\[3\],1,0,1,30870,15858,32004,16128,0,0,0,DFFHQNx2_ASAP7_75t_SL,2.5748960297278245e-08,0.00023445479746442288
u13_crac_dout_r_reg\[4\],1,0,1,31788,15588,32922,15858,0,0,0,DFFHQNx2_ASAP7_75t_SL,2.5748960297278245e-08,0.00023453577887266874
u13_crac_dout_r_reg\[5\],1,0,1,33030,15588,34164,15858,0,0,0,DFFHQNx2_ASAP7_75t_SL,2.5748960297278245e-08,0.0002405725681455806
u13_crac_dout_r_reg\[6\],1,0,1,32976,16398,34110,16668,0,0,0,DFFHQNx2_ASAP7_75t_SL,2.5748960297278245e-08,0.00024026463506743312
u13_crac_dout_r_reg\[7\],1,0,1,31734,16668,32868,16938,0,0,0,DFFHQNx2_ASAP7_75t_SL,2.5748960297278245e-08,0.0002368081040913239
u13_crac_dout_r_reg\[8\],1,0,1,30816,17208,31950,17478,0,0,0,DFFHQNx2_ASAP7_75t_SL,2.5748960297278245e-08,0.00023614158271811903
u13_crac_dout_r_reg\[9\],1,0,1,28170,18288,29304,18558,0,0,0,DFFHQNx2_ASAP7_75t_SL,2.5748960297278245e-08,0.00022913503926247358
u13_crac_r_reg\[0\],1,0,1,23634,17208,25038,17478,0,0,0,DFFASRHQNx1_ASAP7_75t_SL,1.3654170238908137e-08,0.0001159322346211411
u13_crac_r_reg\[1\],1,0,1,24120,17478,25524,17748,0,0,0,DFFASRHQNx1_ASAP7_75t_SL,1.3654170238908137e-08,0.00011591392831178382
u13_crac_r_reg\[2\],1,0,1,25200,18828,26604,19098,0,0,0,DFFASRHQNx1_ASAP7_75t_SL,1.3654170238908137e-08,0.00011329101107548922
u13_crac_r_reg\[3\],1,0,1,25470,18018,26874,18288,0,0,0,DFFASRHQNx1_ASAP7_75t_SL,1.3654170238908137e-08,0.00011334268492646515
u13_crac_r_reg\[4\],1,0,1,26226,18558,27630,18828,0,0,0,DFFASRHQNx1_ASAP7_75t_SL,1.3654170238908137e-08,0.00011335027375025675
u13_crac_r_reg\[5\],1,0,1,26388,19098,27792,19368,0,0,0,DFFASRHQNx1_ASAP7_75t_SL,1.3654170238908137e-08,0.00011336147872498259
u13_crac_r_reg\[6\],1,0,1,25740,19638,27144,19908,0,0,0,DFFASRHQNx1_ASAP7_75t_SL,1.3654170238908137e-08,0.0001133340410888195
u13_crac_r_reg\[7\],1,0,1,25578,17748,26982,18018,0,0,0,DFFASRHQNx1_ASAP7_75t_SL,1.3654170238908137e-08,0.00011336171883158386
u13_icc_r_reg\[0\],1,0,1,17316,13968,18720,14238,0,0,0,DFFASRHQNx1_ASAP7_75t_SL,1.3654170238908137e-08,0.00012033384700771421
u13_icc_r_reg\[10\],1,0,1,12348,20988,13752,21258,0,0,0,DFFASRHQNx1_ASAP7_75t_SL,1.2628788681467995e-08,8.258685556938872e-05
u13_icc_r_reg\[11\],1,0,1,12186,21528,13590,21798,0,0,0,DFFASRHQNx1_ASAP7_75t_SL,1.2628788681467995e-08,8.257582521764562e-05
u13_icc_r_reg\[12\],1,0,1,20988,24228,22392,24498,0,0,0,DFFASRHQNx1_ASAP7_75t_SL,1.2628788681467995e-08,9.241277439286932e-05
u13_icc_r_reg\[13\],1,0,1,15642,23958,17046,24228,0,0,0,DFFASRHQNx1_ASAP7_75t_SL,1.2628788681467995e-08,8.017895015655085e-05
u13_icc_r_reg\[14\],1,0,1,19692,25038,21096,25308,0,0,0,DFFASRHQNx1_ASAP7_75t_SL,1.2628788681467995e-08,7.816944707883522e-05
u13_icc_r_reg\[15\],1,0,1,18342,14238,19746,14508,0,0,0,DFFASRHQNx1_ASAP7_75t_SL,1.2628788681467995e-08,0.00010669825132936239
u13_icc_r_reg\[16\],1,0,1,15966,30708,17370,30978,0,0,0,DFFASRHQNx1_ASAP7_75t_SL,1.2628788681467995e-08,7.887661922723055e-05
u13_icc_r_reg\[17\],1,0,1,19098,28548,20502,28818,0,0,0,DFFASRHQNx1_ASAP7_75t_SL,1.2628788681467995e-08,8.108591282507405e-05
u13_icc_r_reg\[18\],1,0,1,15642,30438,17046,30708,0,0,0,DFFASRHQNx1_ASAP7_75t_SL,1.2628788681467995e-08,7.910363638075069e-05
u13_icc_r_reg\[19\],1,0,1,13266,30168,14670,30438,0,0,0,DFFASRHQNx1_ASAP7_75t_SL,1.2628788681467995e-08,8.302131755044684e-05
u13_icc_r_reg\[1\],1,0,1,15912,13968,17316,14238,0,0,0,DFFASRHQNx1_ASAP7_75t_SL,1.3654170238908137e-08,9.233654418494552e-05
u13_icc_r_reg\[20\],1,0,1,18396,29628,19800,29898,0,0,0,DFFASRHQNx1_ASAP7_75t_SL,1.2628788681467995e-08,7.584927516290918e-05
u13_icc_r_reg\[21\],1,0,1,16614,30168,18018,30438,0,0,0,DFFASRHQNx1_ASAP7_75t_SL,1.2628788681467995e-08,7.914815796539187e-05
u13_icc_r_reg\[22\],1,0,1,17424,29088,18828,29358,0,0,0,DFFASRHQNx1_ASAP7_75t_SL,1.3654170238908137e-08,8.740284101804718e-05
u13_icc_r_reg\[23\],1,0,1,17370,23418,18774,23688,0,0,0,DFFASRHQNx1_ASAP7_75t_SL,1.2628788681467995e-08,8.049158350331709e-05
u13_icc_r_reg\[2\],1,0,1,14022,12348,15426,12618,0,0,0,DFFASRHQNx1_ASAP7_75t_SL,1.2628788681467995e-08,8.188448555301875e-05
u13_icc_r_reg\[3\],1,0,1,14022,12078,15426,12348,0,0,0,DFFASRHQNx1_ASAP7_75t_SL,1.2628788681467995e-08,8.190352673409507e-05
u13_icc_r_reg\[4\],1,0,1,17748,12618,19152,12888,0,0,0,DFFASRHQNx1_ASAP7_75t_SL,1.2628788681467995e-08,0.00010696048411773518
u13_icc_r_reg\[5\],1,0,1,20502,12618,21906,12888,0,0,0,DFFASRHQNx1_ASAP7_75t_SL,1.2628788681467995e-08,0.00010692796058719978
u13_icc_r_reg\[6\],1,0,1,20880,25308,22284,25578,0,0,0,DFFASRHQNx1_ASAP7_75t_SL,1.2628788681467995e-08,8.948961476562545e-05
u13_icc_r_reg\[7\],1,0,1,20718,15318,22122,15588,0,0,0,DFFASRHQNx1_ASAP7_75t_SL,1.2628788681467995e-08,0.00010587902943370864
u13_icc_r_reg\[8\],1,0,1,15912,25308,17316,25578,0,0,0,DFFASRHQNx1_ASAP7_75t_SL,1.2628788681467995e-08,7.956686022225767e-05
u13_icc_r_reg\[9\],1,0,1,20988,24498,22392,24768,0,0,0,DFFASRHQNx1_ASAP7_75t_SL,1.2628788681467995e-08,9.237260383088142e-05
u13_int_reg,1,0,1,19962,2898,21096,3168,0,0,0,DFFHQNx2_ASAP7_75t_SL,2.6256559593207385e-08,0.00024432502686977386
u13_intm_r_reg\[0\],1,0,1,16506,20178,17910,20448,0,0,0,DFFASRHQNx1_ASAP7_75t_SL,1.3654170238908137e-08,0.00011390732106519863
u13_intm_r_reg\[10\],1,0,1,20718,20448,22122,20718,0,0,0,DFFASRHQNx1_ASAP7_75t_SL,1.3654170238908137e-08,0.00011026832362404093
u13_intm_r_reg\[11\],1,0,1,20232,19098,21636,19368,0,0,0,DFFASRHQNx1_ASAP7_75t_SL,1.3654170238908137e-08,0.00011381415242794901
u13_intm_r_reg\[12\],1,0,1,20934,21798,22338,22068,0,0,0,DFFASRHQNx1_ASAP7_75t_SL,1.3654170238908137e-08,8.836680353851989e-05
u13_intm_r_reg\[13\],1,0,1,17370,21798,18774,22068,0,0,0,DFFASRHQNx1_ASAP7_75t_SL,1.3654170238908137e-08,8.838508074404672e-05
u13_intm_r_reg\[14\],1,0,1,18558,21528,19962,21798,0,0,0,DFFASRHQNx1_ASAP7_75t_SL,1.3654170238908137e-08,8.838975190883502e-05
u13_intm_r_reg\[15\],1,0,1,17478,18828,18882,19098,0,0,0,DFFASRHQNx1_ASAP7_75t_SL,1.3654170238908137e-08,0.00011388315760996193
u13_intm_r_reg\[16\],1,0,1,17154,19368,18558,19638,0,0,0,DFFASRHQNx1_ASAP7_75t_SL,1.3654170238908137e-08,0.00011390208965167403
u13_intm_r_reg\[17\],1,0,1,19206,18828,20610,19098,0,0,0,DFFASRHQNx1_ASAP7_75t_SL,1.3654170238908137e-08,0.00011384948447812349
u13_intm_r_reg\[18\],1,0,1,18936,23688,20340,23958,0,0,0,DFFASRHQNx1_ASAP7_75t_SL,1.3654170238908137e-08,8.831317245494574e-05
u13_intm_r_reg\[19\],1,0,1,18396,20448,19800,20718,0,0,0,DFFASRHQNx1_ASAP7_75t_SL,1.3654170238908137e-08,0.0001102689202525653
u13_intm_r_reg\[1\],1,0,1,20016,18018,21420,18288,0,0,0,DFFASRHQNx1_ASAP7_75t_SL,1.3654170238908137e-08,0.00011380017531337216
u13_intm_r_reg\[20\],1,0,1,18558,19098,19962,19368,0,0,0,DFFASRHQNx1_ASAP7_75t_SL,1.3654170238908137e-08,0.00011385860125301406
u13_intm_r_reg\[21\],1,0,1,16236,20988,17640,21258,0,0,0,DFFASRHQNx1_ASAP7_75t_SL,1.3654170238908137e-08,0.00011390846339054406
u13_intm_r_reg\[22\],1,0,1,17964,20718,19368,20988,0,0,0,DFFASRHQNx1_ASAP7_75t_SL,1.3654170238908137e-08,0.00011027436994481832
u13_intm_r_reg\[23\],1,0,1,18288,24498,19692,24768,0,0,0,DFFASRHQNx1_ASAP7_75t_SL,1.3654170238908137e-08,8.829533180687577e-05
u13_intm_r_reg\[24\],1,0,1,17640,25308,19044,25578,0,0,0,DFFASRHQNx1_ASAP7_75t_SL,1.3654170238908137e-08,8.9505389041733e-05
u13_intm_r_reg\[25\],1,0,1,17532,26388,18936,26658,0,0,0,DFFASRHQNx1_ASAP7_75t_SL,1.3654170238908137e-08,8.897261432139203e-05
u13_intm_r_reg\[26\],1,0,1,18396,27468,19800,27738,0,0,0,DFFASRHQNx1_ASAP7_75t_SL,1.3654170238908137e-08,8.814603643259034e-05
u13_intm_r_reg\[27\],1,0,1,18396,27198,19800,27468,0,0,0,DFFASRHQNx1_ASAP7_75t_SL,1.3654170238908137e-08,8.817196066956967e-05
u13_intm_r_reg\[28\],1,0,1,16236,26928,17640,27198,0,0,0,DFFASRHQNx1_ASAP7_75t_SL,1.3654170238908137e-08,8.882400288712233e-05
u13_intm_r_reg\[2\],1,0,1,21258,18288,22662,18558,0,0,0,DFFASRHQNx1_ASAP7_75t_SL,1.3654170238908137e-08,0.00011374185851309448
u13_intm_r_reg\[3\],1,0,1,18612,17748,20016,18018,0,0,0,DFFASRHQNx1_ASAP7_75t_SL,1.3654170238908137e-08,0.00011385601101210341
u13_intm_r_reg\[4\],1,0,1,17154,17748,18558,18018,0,0,0,DFFASRHQNx1_ASAP7_75t_SL,1.3654170238908137e-08,0.0001138941734097898
u13_intm_r_reg\[5\],1,0,1,22068,17208,23472,17478,0,0,0,DFFASRHQNx1_ASAP7_75t_SL,1.3654170238908137e-08,0.00011451341561041772
u13_intm_r_reg\[6\],1,0,1,21798,19908,23202,20178,0,0,0,DFFASRHQNx1_ASAP7_75t_SL,1.3654170238908137e-08,0.00011129415361210704
u13_intm_r_reg\[7\],1,0,1,20124,17748,21528,18018,0,0,0,DFFASRHQNx1_ASAP7_75t_SL,1.3654170238908137e-08,0.00011380110663594678
u13_intm_r_reg\[8\],1,0,1,18450,22068,19854,22338,0,0,0,DFFASRHQNx1_ASAP7_75t_SL,1.3654170238908137e-08,8.83654211065732e-05
u13_intm_r_reg\[9\],1,0,1,22068,22338,23472,22608,0,0,0,DFFASRHQNx1_ASAP7_75t_SL,1.3654170238908137e-08,0.00010886828385991976
u13_ints_r_reg\[0\],1,0,1,15318,20718,16722,20988,0,0,0,DFFASRHQNx1_ASAP7_75t_SL,1.2621066858287122e-08,8.031690231291577e-05
u13_ints_r_reg\[10\],1,0,1,21366,20718,22770,20988,0,0,0,DFFASRHQNx1_ASAP7_75t_SL,1.2616674816001705e-08,9.592976130079478e-05
u13_ints_r_reg\[11\],1,0,1,20664,19368,22068,19638,0,0,0,DFFASRHQNx1_ASAP7_75t_SL,1.26278241197042e-08,0.00010089863644680008
u13_ints_r_reg\[12\],1,0,1,20718,25578,22122,25848,0,0,0,DFFASRHQNx1_ASAP7_75t_SL,1.2616674816001705e-08,8.781603537499905e-05
u13_ints_r_reg\[13\],1,0,1,18180,26118,19584,26388,0,0,0,DFFASRHQNx1_ASAP7_75t_SL,1.2616674816001705e-08,7.661656127311289e-05
u13_ints_r_reg\[14\],1,0,1,19422,22608,20826,22878,0,0,0,DFFASRHQNx1_ASAP7_75t_SL,1.26278241197042e-08,7.825659849913791e-05
u13_ints_r_reg\[15\],1,0,1,19098,25848,20502,26118,0,0,0,DFFASRHQNx1_ASAP7_75t_SL,1.2616674816001705e-08,7.663048745598644e-05
u13_ints_r_reg\[16\],1,0,1,19962,28008,21366,28278,0,0,0,DFFASRHQNx1_ASAP7_75t_SL,1.2616674816001705e-08,8.1532089097891e-05
u13_ints_r_reg\[17\],1,0,1,22500,17478,23904,17748,0,0,0,DFFASRHQNx1_ASAP7_75t_SL,1.26278241197042e-08,0.0001015597881632857
u13_ints_r_reg\[18\],1,0,1,19908,23958,21312,24228,0,0,0,DFFASRHQNx1_ASAP7_75t_SL,1.2616674816001705e-08,7.671071216464043e-05
u13_ints_r_reg\[19\],1,0,1,19692,20718,21096,20988,0,0,0,DFFASRHQNx1_ASAP7_75t_SL,1.2616674816001705e-08,9.59396711550653e-05
u13_ints_r_reg\[1\],1,0,1,22500,18558,23904,18828,0,0,0,DFFASRHQNx1_ASAP7_75t_SL,1.3654224417791738e-08,0.00011279311729595065
u13_ints_r_reg\[20\],1,0,1,18612,13698,20016,13968,0,0,0,DFFASRHQNx1_ASAP7_75t_SL,1.2628932566371986e-08,0.00010676075180526823
u13_ints_r_reg\[21\],1,0,1,16776,13698,18180,13968,0,0,0,DFFASRHQNx1_ASAP7_75t_SL,1.2616674816001705e-08,0.00010501022188691422
u13_ints_r_reg\[22\],1,0,1,17208,16398,18612,16668,0,0,0,DFFASRHQNx1_ASAP7_75t_SL,1.2616674816001705e-08,9.91347769740969e-05
u13_ints_r_reg\[23\],1,0,1,17748,24228,19152,24498,0,0,0,DFFASRHQNx1_ASAP7_75t_SL,1.2621571343629512e-08,7.814561104169115e-05
u13_ints_r_reg\[24\],1,0,1,15102,24768,16506,25038,0,0,0,DFFASRHQNx1_ASAP7_75t_SL,1.2616674816001705e-08,7.835976430214942e-05
u13_ints_r_reg\[25\],1,0,1,15588,25578,16992,25848,0,0,0,DFFASRHQNx1_ASAP7_75t_SL,1.2616674816001705e-08,7.803114567650482e-05
u13_ints_r_reg\[26\],1,0,1,17748,28008,19152,28278,0,0,0,DFFASRHQNx1_ASAP7_75t_SL,1.2621569567272672e-08,7.794340490363538e-05
u13_ints_r_reg\[27\],1,0,1,17532,28278,18936,28548,0,0,0,DFFASRHQNx1_ASAP7_75t_SL,1.2616674816001705e-08,7.646365702385083e-05
u13_ints_r_reg\[28\],1,0,1,16128,28278,17532,28548,0,0,0,DFFASRHQNx1_ASAP7_75t_SL,1.2616674816001705e-08,7.661827112315223e-05
u13_ints_r_reg\[2\],1,0,1,22338,18018,23742,18288,0,0,0,DFFASRHQNx1_ASAP7_75t_SL,1.26278241197042e-08,0.00010115363693330437
u13_ints_r_reg\[3\],1,0,1,20988,16668,22392,16938,0,0,0,DFFASRHQNx1_ASAP7_75t_SL,1.2616674816001705e-08,0.00010201877739746124
u13_ints_r_reg\[4\],1,0,1,17316,16668,18720,16938,0,0,0,DFFASRHQNx1_ASAP7_75t_SL,1.2616674816001705e-08,9.913152462104335e-05
u13_ints_r_reg\[5\],1,0,1,21528,17748,22932,18018,0,0,0,DFFASRHQNx1_ASAP7_75t_SL,1.26278241197042e-08,0.00010115813347510993
u13_ints_r_reg\[6\],1,0,1,21096,23418,22500,23688,0,0,0,DFFASRHQNx1_ASAP7_75t_SL,1.2616674816001705e-08,9.388662147102877e-05
u13_ints_r_reg\[7\],1,0,1,20718,27738,22122,28008,0,0,0,DFFASRHQNx1_ASAP7_75t_SL,1.2616674816001705e-08,8.438385702902451e-05
u13_ints_r_reg\[8\],1,0,1,20394,22068,21798,22338,0,0,0,DFFASRHQNx1_ASAP7_75t_SL,1.26278241197042e-08,7.824924250598997e-05
u13_ints_r_reg\[9\],1,0,1,21852,22608,23256,22878,0,0,0,DFFASRHQNx1_ASAP7_75t_SL,1.2616674816001705e-08,9.43225750233978e-05
u13_occ0_r_reg\[0\],1,0,1,31248,14778,32652,15048,0,0,0,DFFASRHQNx1_ASAP7_75t_SL,1.3654170238908137e-08,0.00013437255984172225
u13_occ0_r_reg\[10\],1,0,1,35028,28278,36432,28548,0,0,0,DFFASRHQNx1_ASAP7_75t_SL,1.3654170238908137e-08,2.869785930670332e-05
u13_occ0_r_reg\[11\],1,0,1,35514,29088,36918,29358,0,0,0,DFFASRHQNx1_ASAP7_75t_SL,1.3654170238908137e-08,2.868944466172252e-05
u13_occ0_r_reg\[12\],1,0,1,28440,26658,29844,26928,0,0,0,DFFASRHQNx1_ASAP7_75t_SL,1.3654170238908137e-08,0.00011892580369021744
u13_occ0_r_reg\[13\],1,0,1,28494,25848,29898,26118,0,0,0,DFFASRHQNx1_ASAP7_75t_SL,1.3654170238908137e-08,0.00011828928836621344
u13_occ0_r_reg\[14\],1,0,1,28008,25308,29412,25578,0,0,0,DFFASRHQNx1_ASAP7_75t_SL,1.3654170238908137e-08,0.00011938023089896888
u13_occ0_r_reg\[15\],1,0,1,16560,14778,17964,15048,0,0,0,DFFASRHQNx1_ASAP7_75t_SL,1.3654170238908137e-08,0.00012061888992320746
u13_occ0_r_reg\[16\],1,0,1,29088,23148,30492,23418,0,0,0,DFFASRHQNx1_ASAP7_75t_SL,1.3654170238908137e-08,0.00012229096319060773
u13_occ0_r_reg\[17\],1,0,1,24120,20178,25524,20448,0,0,0,DFFASRHQNx1_ASAP7_75t_SL,1.3654170238908137e-08,0.00011175657709827647
u13_occ0_r_reg\[18\],1,0,1,28008,20448,29412,20718,0,0,0,DFFASRHQNx1_ASAP7_75t_SL,1.3654170238908137e-08,0.0001288496860070154
u13_occ0_r_reg\[19\],1,0,1,32166,20448,33570,20718,0,0,0,DFFASRHQNx1_ASAP7_75t_SL,1.3654170238908137e-08,0.00013905395462643355
u13_occ0_r_reg\[1\],1,0,1,19962,15588,21366,15858,0,0,0,DFFASRHQNx1_ASAP7_75t_SL,1.3654170238908137e-08,0.00011851654562633485
u13_occ0_r_reg\[20\],1,0,1,27954,19638,29358,19908,0,0,0,DFFASRHQNx1_ASAP7_75t_SL,1.3654170238908137e-08,0.0001297540875384584
u13_occ0_r_reg\[21\],1,0,1,27198,16938,28602,17208,0,0,0,DFFASRHQNx1_ASAP7_75t_SL,1.3654170238908137e-08,0.00011599602294154465
u13_occ0_r_reg\[22\],1,0,1,26766,20988,28170,21258,0,0,0,DFFASRHQNx1_ASAP7_75t_SL,1.3654170238908137e-08,0.00012787962623406202
u13_occ0_r_reg\[23\],1,0,1,16830,26658,18234,26928,0,0,0,DFFASRHQNx1_ASAP7_75t_SL,1.3654170238908137e-08,8.896359940990806e-05
u13_occ0_r_reg\[24\],1,0,1,20826,29088,22230,29358,0,0,0,DFFASRHQNx1_ASAP7_75t_SL,1.3654170238908137e-08,9.061960008693859e-05
u13_occ0_r_reg\[25\],1,0,1,30816,25848,32220,26118,0,0,0,DFFASRHQNx1_ASAP7_75t_SL,1.3654170238908137e-08,0.000142366363434121
u13_occ0_r_reg\[26\],1,0,1,20232,29898,21636,30168,0,0,0,DFFASRHQNx1_ASAP7_75t_SL,1.3654170238908137e-08,8.959513070294634e-05
u13_occ0_r_reg\[27\],1,0,1,20124,30168,21528,30438,0,0,0,DFFASRHQNx1_ASAP7_75t_SL,1.3654170238908137e-08,8.72777309268713e-05
u13_occ0_r_reg\[28\],1,0,1,19800,27468,21204,27738,0,0,0,DFFASRHQNx1_ASAP7_75t_SL,1.3654170238908137e-08,9.255945042241365e-05
u13_occ0_r_reg\[29\],1,0,1,20394,28818,21798,29088,0,0,0,DFFASRHQNx1_ASAP7_75t_SL,1.3654170238908137e-08,9.15631972020492e-05
u13_occ0_r_reg\[2\],1,0,1,32652,14778,34056,15048,0,0,0,DFFASRHQNx1_ASAP7_75t_SL,1.3654170238908137e-08,0.00013436847075354308
u13_occ0_r_reg\[30\],1,0,1,15534,27468,16938,27738,0,0,0,DFFASRHQNx1_ASAP7_75t_SL,1.3654170238908137e-08,8.881973190000281e-05
u13_occ0_r_reg\[31\],1,0,1,24228,19098,25632,19368,0,0,0,DFFASRHQNx1_ASAP7_75t_SL,1.3654170238908137e-08,0.00011328151595080271
u13_occ0_r_reg\[3\],1,0,1,33948,15048,35352,15318,0,0,0,DFFASRHQNx1_ASAP7_75t_SL,1.3654170238908137e-08,0.00013842200860381126
u13_occ0_r_reg\[4\],1,0,1,27144,16128,28548,16398,0,0,0,DFFASRHQNx1_ASAP7_75t_SL,1.3654170238908137e-08,0.00011596533295232803
u13_occ0_r_reg\[5\],1,0,1,27252,16398,28656,16668,0,0,0,DFFASRHQNx1_ASAP7_75t_SL,1.3654170238908137e-08,0.0001159618332167156
u13_occ0_r_reg\[6\],1,0,1,26550,17208,27954,17478,0,0,0,DFFASRHQNx1_ASAP7_75t_SL,1.3654170238908137e-08,0.00011596164404181764
u13_occ0_r_reg\[7\],1,0,1,21420,16128,22824,16398,0,0,0,DFFASRHQNx1_ASAP7_75t_SL,1.3654170238908137e-08,0.00011667604849208146
u13_occ0_r_reg\[8\],1,0,1,31302,27198,32706,27468,0,0,0,DFFASRHQNx1_ASAP7_75t_SL,1.3654170238908137e-08,0.00014232278044801205
u13_occ0_r_reg\[9\],1,0,1,24174,25038,25578,25308,0,0,0,DFFASRHQNx1_ASAP7_75t_SL,1.3654170238908137e-08,0.00010850647959159687
u13_occ1_r_reg\[0\],1,0,1,24444,26928,25848,27198,0,0,0,DFFASRHQNx1_ASAP7_75t_SL,1.3654170238908137e-08,0.00011278207966824993
u13_occ1_r_reg\[10\],1,0,1,21852,13428,23256,13698,0,0,0,DFFASRHQNx1_ASAP7_75t_SL,1.3654170238908137e-08,0.00012171197886345908
u13_occ1_r_reg\[11\],1,0,1,22230,12618,23634,12888,0,0,0,DFFASRHQNx1_ASAP7_75t_SL,1.3654170238908137e-08,0.0001236449315911159
u13_occ1_r_reg\[12\],1,0,1,20556,14238,21960,14508,0,0,0,DFFASRHQNx1_ASAP7_75t_SL,1.3654170238908137e-08,0.00012025600153720006
u13_occ1_r_reg\[13\],1,0,1,19800,13968,21204,14238,0,0,0,DFFASRHQNx1_ASAP7_75t_SL,1.3654170238908137e-08,0.00012033803068334237
u13_occ1_r_reg\[14\],1,0,1,19476,13428,20880,13698,0,0,0,DFFASRHQNx1_ASAP7_75t_SL,1.3654170238908137e-08,0.00012039643479511142
u13_occ1_r_reg\[15\],1,0,1,18504,14778,19908,15048,0,0,0,DFFASRHQNx1_ASAP7_75t_SL,1.3654170238908137e-08,0.00012033429811708629
u13_occ1_r_reg\[1\],1,0,1,19206,26388,20610,26658,0,0,0,DFFASRHQNx1_ASAP7_75t_SL,1.3654170238908137e-08,8.819261711323634e-05
u13_occ1_r_reg\[2\],1,0,1,23958,27198,25362,27468,0,0,0,DFFASRHQNx1_ASAP7_75t_SL,1.3654170238908137e-08,0.00011229154915781692
u13_occ1_r_reg\[3\],1,0,1,23688,27468,25092,27738,0,0,0,DFFASRHQNx1_ASAP7_75t_SL,1.3654170238908137e-08,0.00011182110756635666
u13_occ1_r_reg\[4\],1,0,1,22392,25038,23796,25308,0,0,0,DFFASRHQNx1_ASAP7_75t_SL,1.3654170238908137e-08,0.0001052103762049228
u13_occ1_r_reg\[5\],1,0,1,22230,24768,23634,25038,0,0,0,DFFASRHQNx1_ASAP7_75t_SL,1.3654170238908137e-08,0.00010521460353629664
u13_occ1_r_reg\[6\],1,0,1,22446,23688,23850,23958,0,0,0,DFFASRHQNx1_ASAP7_75t_SL,1.3654170238908137e-08,0.00010745468898676336
u13_occ1_r_reg\[7\],1,0,1,21852,15588,23256,15858,0,0,0,DFFASRHQNx1_ASAP7_75t_SL,1.3654170238908137e-08,0.00011811124568339437
u13_occ1_r_reg\[8\],1,0,1,19746,13158,21150,13428,0,0,0,DFFASRHQNx1_ASAP7_75t_SL,1.3654170238908137e-08,0.00012042265734635293
u13_occ1_r_reg\[9\],1,0,1,22554,23958,23958,24228,0,0,0,DFFASRHQNx1_ASAP7_75t_SL,1.3654170238908137e-08,0.00010744929750217125
u13_resume_req_reg,1,0,1,15318,35838,16398,36108,0,0,0,DFFHQNx1_ASAP7_75t_L,2.0189425686822915e-09,4.179399547865614e-05
u14_crac_valid_r_reg,1,0,1,25146,23418,26496,23688,0,0,0,SDFHx1_ASAP7_75t_SL,2.5123245706026864e-08,0.00018963136244565248
u14_crac_wr_r_reg,1,0,1,25038,23688,26172,23958,0,0,0,DFFHQNx2_ASAP7_75t_SL,2.5768512657009524e-08,0.00018953584367409348
u14_u0_en_out_l2_reg,1,0,1,25632,16128,26712,16398,0,0,0,DFFHQNx1_ASAP7_75t_SL,2.0657900279275054e-08,0.00020175005192868412
u14_u0_en_out_l_reg,1,0,1,25902,15858,26982,16128,0,0,0,DFFHQNx1_ASAP7_75t_SL,2.0657900279275054e-08,0.0002017686638282612
u14_u0_full_empty_r_reg,1,0,1,24552,16128,25632,16398,0,0,0,DFFHQNx1_ASAP7_75t_SL,2.0998502492375337e-08,0.00020231856615282595
u14_u1_en_out_l2_reg,1,0,1,26712,26118,27792,26388,0,0,0,DFFHQNx1_ASAP7_75t_SL,2.0657900279275054e-08,0.0002034109056694433
u14_u1_en_out_l_reg,1,0,1,25956,25848,27036,26118,0,0,0,DFFHQNx1_ASAP7_75t_SL,2.0657900279275054e-08,0.00020257926371414214
u14_u1_full_empty_r_reg,1,0,1,25362,26118,26496,26388,0,0,0,DFFHQNx2_ASAP7_75t_SL,2.6145599463234248e-08,0.00020234835392329842
u14_u2_en_out_l2_reg,1,0,1,26010,21798,27090,22068,0,0,0,DFFHQNx1_ASAP7_75t_SL,2.0657900279275054e-08,0.0002227872610092163
u14_u2_en_out_l_reg,1,0,1,26010,22068,27090,22338,0,0,0,DFFHQNx1_ASAP7_75t_SL,2.0657900279275054e-08,0.00022279313998296857
u14_u2_full_empty_r_reg,1,0,1,24930,22338,26064,22608,0,0,0,DFFHQNx2_ASAP7_75t_SL,2.6145599463234248e-08,0.00022344697208609432
u14_u3_en_out_l2_reg,1,0,1,21636,26928,22716,27198,0,0,0,DFFHQNx1_ASAP7_75t_SL,2.0657900279275054e-08,0.0001927675912156701
u14_u3_en_out_l_reg,1,0,1,21204,26658,22284,26928,0,0,0,DFFHQNx1_ASAP7_75t_SL,2.0657900279275054e-08,0.00017199617286678404
u14_u3_full_empty_r_reg,1,0,1,20610,26388,21744,26658,0,0,0,DFFHQNx2_ASAP7_75t_SL,2.6145599463234248e-08,0.00017253623809665442
u14_u4_en_out_l2_reg,1,0,1,24282,26118,25362,26388,0,0,0,DFFHQNx1_ASAP7_75t_SL,2.0657900279275054e-08,0.00020006725389976054
u14_u4_en_out_l_reg,1,0,1,24660,26388,25740,26658,0,0,0,DFFHQNx1_ASAP7_75t_SL,2.0657900279275054e-08,0.0001981222303584218
u14_u4_full_empty_r_reg,1,0,1,22932,26388,24012,26658,0,0,0,DFFHQNx1_ASAP7_75t_SL,2.0998502492375337e-08,0.00019135647744406015
u14_u5_en_out_l2_reg,1,0,1,23418,15858,24498,16128,0,0,0,DFFHQNx1_ASAP7_75t_SL,2.0657900279275054e-08,0.0002016977232415229
u14_u5_en_out_l_reg,1,0,1,23202,16398,24336,16668,0,0,0,DFFHQNx2_ASAP7_75t_SL,2.5727548091936114e-08,0.0002017067017732188
u14_u5_full_empty_r_reg,1,0,1,22824,16128,23904,16398,0,0,0,DFFHQNx1_ASAP7_75t_SL,2.0998502492375337e-08,0.0002022573899012059
u14_u6_en_out_l2_reg,1,0,1,15210,11808,16290,12078,0,0,0,DFFHQNx1_ASAP7_75t_SL,2.0802319866675134e-08,0.0001634563086554408
u14_u6_en_out_l_reg,1,0,1,15156,12888,16236,13158,0,0,0,DFFHQNx1_ASAP7_75t_SL,2.0812171541706448e-08,0.00016363193572033197
u14_u6_full_empty_r_reg,1,0,1,15804,13158,16884,13428,0,0,0,DFFHQNx1_ASAP7_75t_L,2.018919920132589e-09,6.43586681690067e-05
u14_u7_en_out_l2_reg,1,0,1,12780,22878,13860,23148,0,0,0,DFFHQNx1_ASAP7_75t_SL,2.0657900279275054e-08,0.00016050759586505592
u14_u7_en_out_l_reg,1,0,1,13698,23148,14778,23418,0,0,0,DFFHQNx1_ASAP7_75t_SL,2.0657900279275054e-08,0.0001584507554071024
u14_u7_full_empty_r_reg,1,0,1,14076,23418,15156,23688,0,0,0,DFFHQNx1_ASAP7_75t_SL,2.0721243387811228e-08,0.00016429238894488662
u14_u8_en_out_l2_reg,1,0,1,14184,29898,15264,30168,0,0,0,DFFHQNx1_ASAP7_75t_SL,2.0657900279275054e-08,0.0001611190236872062
u14_u8_en_out_l_reg,1,0,1,14454,29088,15588,29358,0,0,0,DFFHQNx2_ASAP7_75t_SL,2.5727548091936114e-08,0.0001611624757060781
u14_u8_full_empty_r_reg,1,0,1,15534,29358,16614,29628,0,0,0,DFFHQNx1_ASAP7_75t_L,2.025466239174989e-09,6.737012881785631e-05
u15_crac_din_reg\[0\],1,0,1,14238,15858,15642,16128,0,0,0,DFFASRHQNx1_ASAP7_75t_SL,1.3393575137854441e-08,9.568875975674018e-05
u15_crac_din_reg\[10\],1,0,1,14130,19908,15534,20178,0,0,0,DFFASRHQNx1_ASAP7_75t_SL,1.3393575137854441e-08,9.544834756525233e-05
u15_crac_din_reg\[11\],1,0,1,14940,15318,16344,15588,0,0,0,DFFASRHQNx1_ASAP7_75t_SL,1.3393575137854441e-08,9.587124804966152e-05
u15_crac_din_reg\[12\],1,0,1,14130,18558,15534,18828,0,0,0,DFFASRHQNx1_ASAP7_75t_SL,1.3393575137854441e-08,9.566186054144055e-05
u15_crac_din_reg\[13\],1,0,1,13914,20718,15318,20988,0,0,0,DFFASRHQNx1_ASAP7_75t_SL,1.3393575137854441e-08,9.540856262901798e-05
u15_crac_din_reg\[14\],1,0,1,14130,19638,15534,19908,0,0,0,DFFASRHQNx1_ASAP7_75t_SL,1.3393575137854441e-08,9.559021418681368e-05
u15_crac_din_reg\[15\],1,0,1,14292,14238,15696,14508,0,0,0,DFFASRHQNx1_ASAP7_75t_SL,1.3393575137854441e-08,9.600933117326349e-05
u15_crac_din_reg\[1\],1,0,1,14994,14778,16398,15048,0,0,0,DFFASRHQNx1_ASAP7_75t_SL,1.3393575137854441e-08,9.589379624230787e-05
u15_crac_din_reg\[2\],1,0,1,14994,14508,16398,14778,0,0,0,DFFASRHQNx1_ASAP7_75t_SL,1.3393575137854441e-08,9.596066956873983e-05
u15_crac_din_reg\[3\],1,0,1,14778,16398,16182,16668,0,0,0,DFFASRHQNx1_ASAP7_75t_SL,1.3393575137854441e-08,9.577158925822005e-05
u15_crac_din_reg\[4\],1,0,1,14454,16128,15858,16398,0,0,0,DFFASRHQNx1_ASAP7_75t_SL,1.3393575137854441e-08,9.576616866979748e-05
u15_crac_din_reg\[5\],1,0,1,14130,17208,15534,17478,0,0,0,DFFASRHQNx1_ASAP7_75t_SL,1.3393575137854441e-08,9.568672976456583e-05
u15_crac_din_reg\[6\],1,0,1,13968,17748,15372,18018,0,0,0,DFFASRHQNx1_ASAP7_75t_SL,1.3393575137854441e-08,9.561092156218365e-05
u15_crac_din_reg\[7\],1,0,1,13914,16938,15318,17208,0,0,0,DFFASRHQNx1_ASAP7_75t_SL,1.3393575137854441e-08,9.570951806381345e-05
u15_crac_din_reg\[8\],1,0,1,14076,18828,15480,19098,0,0,0,DFFASRHQNx1_ASAP7_75t_SL,1.3393575137854441e-08,9.551800758345053e-05
u15_crac_din_reg\[9\],1,0,1,13968,20448,15372,20718,0,0,0,DFFASRHQNx1_ASAP7_75t_SL,1.3393575137854441e-08,9.540452447254211e-05
u15_crac_rd_done_reg,1,0,1,26442,20718,27792,20988,0,0,0,DFFHQx4_ASAP7_75t_SL,4.641459838694573e-08,0.0002232237020507455
u15_crac_rd_reg,1,0,1,24336,21798,25740,22068,0,0,0,DFFASRHQNx1_ASAP7_75t_SL,1.3654221753256479e-08,0.0001077598353731446
u15_crac_we_r_reg,1,0,1,24066,18828,25200,19098,0,0,0,DFFHQNx2_ASAP7_75t_SL,2.5727990404789125e-08,0.00019708114268723875
u15_crac_wr_reg,1,0,1,24336,19638,25740,19908,0,0,0,DFFASRHQNx1_ASAP7_75t_SL,1.3654107178240338e-08,0.00011405705299694091
u15_rdd1_reg,1,0,1,24282,21528,25686,21798,0,0,0,DFFASRHQNx1_ASAP7_75t_SL,1.3654224417791738e-08,0.00010764470789581537
u15_rdd2_reg,1,0,1,25038,20718,26442,20988,0,0,0,DFFASRHQNx1_ASAP7_75t_SL,1.3654224417791738e-08,0.00012692486052401364
u15_rdd3_reg,1,0,1,26118,20448,27522,20718,0,0,0,DFFASRHQNx1_ASAP7_75t_SL,1.3654224417791738e-08,0.00012693001190200448
u15_valid_r_reg,1,0,1,23904,21258,25038,21528,0,0,0,DFFHQNx2_ASAP7_75t_SL,2.6145599463234248e-08,0.00018885853933170438
u16_u0_dma_req_r1_reg,1,0,1,28548,16128,29736,16398,0,0,0,DFFHQNx3_ASAP7_75t_SL,3.0797284722439144e-08,0.00023356761084869504
u16_u0_dma_req_reg,1,0,1,29142,16398,30546,16668,0,0,0,DFFASRHQNx1_ASAP7_75t_SL,1.3654224417791738e-08,0.00013295162352733314
u16_u1_dma_req_r1_reg,1,0,1,29844,26388,31032,26658,0,0,0,DFFHQNx3_ASAP7_75t_SL,3.0797284722439144e-08,0.00024828247842378914
u16_u1_dma_req_reg,1,0,1,30708,26118,32112,26388,0,0,0,DFFASRHQNx1_ASAP7_75t_SL,1.3654224417791738e-08,0.0001412559358868748
u16_u2_dma_req_r1_reg,1,0,1,27522,22878,28710,23148,0,0,0,DFFHQNx3_ASAP7_75t_SL,3.0797284722439144e-08,0.0002122143196174875
u16_u2_dma_req_reg,1,0,1,27684,23148,29088,23418,0,0,0,DFFASRHQNx1_ASAP7_75t_SL,1.3654224417791738e-08,0.00012089517258573323
u16_u3_dma_req_r1_reg,1,0,1,9756,25848,10890,26118,0,0,0,DFFHQNx2_ASAP7_75t_SL,2.5727581842716063e-08,0.00017398703494109213
u16_u3_dma_req_reg,1,0,1,9918,25578,11322,25848,0,0,0,DFFASRHQNx1_ASAP7_75t_SL,1.3654224417791738e-08,9.935072739608586e-05
u16_u4_dma_req_r1_reg,1,0,1,23634,24498,24822,24768,0,0,0,DFFHQNx3_ASAP7_75t_SL,3.0797284722439144e-08,0.00018871661450248212
u16_u4_dma_req_reg,1,0,1,24012,23958,25416,24228,0,0,0,DFFASRHQNx1_ASAP7_75t_SL,1.3654224417791738e-08,0.00010764247417682782
u16_u5_dma_req_r1_reg,1,0,1,20502,13698,21582,13968,0,0,0,DFFHQNx1_ASAP7_75t_L,2.018923472846268e-09,8.281239570351318e-05
u16_u5_dma_req_reg,1,0,1,21582,13698,22986,13968,0,0,0,DFFASRHQNx1_ASAP7_75t_SL,1.3654224417791738e-08,0.00012075540143996477
u16_u6_dma_req_r1_reg,1,0,1,18828,12078,19908,12348,0,0,0,DFFHQNx1_ASAP7_75t_L,2.018919920132589e-09,8.250135579146445e-05
u16_u6_dma_req_reg,1,0,1,19422,12348,20826,12618,0,0,0,DFFASRHQNx1_ASAP7_75t_SL,1.3654224417791738e-08,0.00011950611951760948
u16_u7_dma_req_r1_reg,1,0,1,17154,24768,18234,25038,0,0,0,DFFHQNx1_ASAP7_75t_L,2.0245340959235136e-09,6.402862345566973e-05
u16_u7_dma_req_reg,1,0,1,18882,24768,20286,25038,0,0,0,DFFASRHQNx1_ASAP7_75t_SL,1.3654227082326997e-08,8.770050772000104e-05
u16_u8_dma_req_r1_reg,1,0,1,17532,29898,18612,30168,0,0,0,DFFHQNx1_ASAP7_75t_L,2.0189367955225634e-09,6.05586392339319e-05
u16_u8_dma_req_reg,1,0,1,18396,30168,19800,30438,0,0,0,DFFASRHQNx1_ASAP7_75t_SL,1.3654224417791738e-08,8.458059164695442e-05
u17_int_set_reg\[0\],1,0,1,27792,17478,29196,17748,0,0,0,DFFASRHQNx1_ASAP7_75t_SL,1.3654170238908137e-08,0.00011595855903578922
u17_int_set_reg\[1\],1,0,1,24444,16398,25848,16668,0,0,0,DFFASRHQNx1_ASAP7_75t_SL,1.2616549582844527e-08,0.00010088505950989202
u17_int_set_reg\[2\],1,0,1,31734,13698,33138,13968,0,0,0,DFFASRHQNx1_ASAP7_75t_SL,1.2616549582844527e-08,0.00011724307842087
u18_int_set_reg\[0\],1,0,1,29520,25578,30924,25848,0,0,0,DFFASRHQNx1_ASAP7_75t_SL,1.3654170238908137e-08,0.00011940441618207842
u18_int_set_reg\[1\],1,0,1,27036,25578,28440,25848,0,0,0,DFFASRHQNx1_ASAP7_75t_SL,1.2616549582844527e-08,0.00010393269621999934
u18_int_set_reg\[2\],1,0,1,34974,29358,36378,29628,0,0,0,DFFASRHQNx1_ASAP7_75t_SL,1.2616549582844527e-08,2.4446171664749272e-05
u19_int_set_reg\[0\],1,0,1,27090,21798,28494,22068,0,0,0,DFFASRHQNx1_ASAP7_75t_SL,1.3654170238908137e-08,0.00012787723971996456
u19_int_set_reg\[1\],1,0,1,26388,22608,27792,22878,0,0,0,DFFASRHQNx1_ASAP7_75t_SL,1.2616549582844527e-08,0.00010608753655105829
u19_int_set_reg\[2\],1,0,1,29304,21528,30708,21798,0,0,0,DFFASRHQNx1_ASAP7_75t_SL,1.2616549582844527e-08,0.00010910756100201979
u1_sdata_in_r_reg,1,0,0,9810,28548,10890,28818,0,0,0,DFFHQNx1_ASAP7_75t_R,2.2973663249548082e-10,1.605420834493998e-06
u1_slt0_reg\[11\],1,0,0,14184,27468,15264,27738,0,0,0,DFFHQNx1_ASAP7_75t_R,2.2973663249548082e-10,1.926410732266959e-06
u1_slt0_reg\[12\],1,0,0,14724,27738,15804,28008,0,0,0,DFFHQNx1_ASAP7_75t_R,2.2973663249548082e-10,2.1849648419447476e-06
u1_slt0_reg\[15\],1,0,0,13968,28278,15048,28548,0,0,0,DFFHQNx1_ASAP7_75t_R,2.2973663249548082e-10,1.83609176929167e-06
u1_slt0_reg\[9\],1,0,0,14346,28548,15426,28818,0,0,0,DFFHQNx1_ASAP7_75t_R,2.2973663249548082e-10,1.8201785678684246e-06
u1_slt1_reg\[10\],1,0,0,14238,25848,15318,26118,0,0,0,DFFHQNx1_ASAP7_75t_R,2.2973663249548082e-10,2.0561437850119546e-06
u1_slt1_reg\[11\],1,0,0,14616,25308,15696,25578,0,0,0,DFFHQNx1_ASAP7_75t_R,2.2973663249548082e-10,2.2083663679950405e-06
u1_slt1_reg\[5\],1,0,0,14130,25038,15210,25308,0,0,0,DFFHQNx1_ASAP7_75t_R,2.2973663249548082e-10,2.0383552055136533e-06
u1_slt1_reg\[6\],1,0,0,14832,26388,15912,26658,0,0,0,DFFHQNx1_ASAP7_75t_R,2.2973663249548082e-10,1.846168629526801e-06
u1_slt1_reg\[7\],1,0,0,14778,26118,15858,26388,0,0,0,DFFHQNx1_ASAP7_75t_R,2.2973663249548082e-10,1.938925151989679e-06
u1_slt1_reg\[8\],1,0,0,14022,25578,15102,25848,0,0,0,DFFHQNx1_ASAP7_75t_R,2.2973663249548082e-10,2.146946826542262e-06
u1_slt2_reg\[10\],1,0,0,12888,17748,13968,18018,0,0,0,DFFHQNx1_ASAP7_75t_R,2.2973663249548082e-10,1.8075554635288427e-06
u1_slt2_reg\[11\],1,0,0,12834,16938,13914,17208,0,0,0,DFFHQNx1_ASAP7_75t_R,2.2973663249548082e-10,1.8089692730427487e-06
u1_slt2_reg\[12\],1,0,0,13050,18558,14130,18828,0,0,0,DFFHQNx1_ASAP7_75t_R,2.2973663249548082e-10,1.8146788534068037e-06
u1_slt2_reg\[13\],1,0,0,12996,20178,14076,20448,0,0,0,DFFHQNx1_ASAP7_75t_R,2.2973663249548082e-10,1.7959896467800718e-06
u1_slt2_reg\[14\],1,0,0,12726,19098,13806,19368,0,0,0,DFFHQNx1_ASAP7_75t_R,2.2973663249548082e-10,1.8386067495157477e-06
u1_slt2_reg\[15\],1,0,0,13428,15318,14508,15588,0,0,0,DFFHQNx1_ASAP7_75t_R,2.2973663249548082e-10,1.8187340629083337e-06
u1_slt2_reg\[16\],1,0,0,12618,18828,13698,19098,0,0,0,DFFHQNx1_ASAP7_75t_R,2.2973663249548082e-10,1.8259037233292474e-06
u1_slt2_reg\[17\],1,0,0,12942,19908,14022,20178,0,0,0,DFFHQNx1_ASAP7_75t_R,2.2973663249548082e-10,1.8186721035817754e-06
u1_slt2_reg\[18\],1,0,0,12942,19368,14022,19638,0,0,0,DFFHQNx1_ASAP7_75t_R,2.2973663249548082e-10,1.8173660691900295e-06
u1_slt2_reg\[19\],1,0,0,12618,14238,13698,14508,0,0,0,DFFHQNx1_ASAP7_75t_R,2.2973663249548082e-10,1.7952288544620387e-06
u1_slt2_reg\[4\],1,0,0,12618,15588,13698,15858,0,0,0,DFFHQNx1_ASAP7_75t_R,2.2973663249548082e-10,1.7984209534915863e-06
u1_slt2_reg\[5\],1,0,0,13644,14778,14724,15048,0,0,0,DFFHQNx1_ASAP7_75t_R,2.2973663249548082e-10,1.7967555550058023e-06
u1_slt2_reg\[6\],1,0,0,13428,14508,14508,14778,0,0,0,DFFHQNx1_ASAP7_75t_R,2.2973663249548082e-10,1.7858487808553036e-06
u1_slt2_reg\[7\],1,0,0,13374,16128,14454,16398,0,0,0,DFFHQNx1_ASAP7_75t_R,2.2973663249548082e-10,1.825702156565967e-06
u1_slt2_reg\[8\],1,0,0,13050,15858,14130,16128,0,0,0,DFFHQNx1_ASAP7_75t_R,2.2973663249548082e-10,1.7874239119919366e-06
u1_slt2_reg\[9\],1,0,0,13050,17208,14130,17478,0,0,0,DFFHQNx1_ASAP7_75t_R,2.2973663249548082e-10,1.8343038163948222e-06
u1_slt3_reg\[0\],1,0,0,10188,12888,11268,13158,0,0,0,DFFHQNx1_ASAP7_75t_R,2.2973663249548082e-10,1.871248969109729e-06
u1_slt3_reg\[10\],1,0,0,7920,11538,9000,11808,0,0,0,DFFHQNx1_ASAP7_75t_R,2.2973663249548082e-10,1.8121170342055848e-06
u1_slt3_reg\[11\],1,0,0,12672,13158,13752,13428,0,0,0,DFFHQNx1_ASAP7_75t_R,2.2973663249548082e-10,2.0266006686142646e-06
u1_slt3_reg\[12\],1,0,0,7812,11808,8892,12078,0,0,0,DFFHQNx1_ASAP7_75t_R,2.2973663249548082e-10,1.8722071217780467e-06
u1_slt3_reg\[13\],1,0,0,12456,13428,13536,13698,0,0,0,DFFHQNx1_ASAP7_75t_R,2.2973663249548082e-10,1.9852070636261487e-06
u1_slt3_reg\[14\],1,0,0,8244,12618,9324,12888,0,0,0,DFFHQNx1_ASAP7_75t_R,2.2973663249548082e-10,1.8451930827723118e-06
u1_slt3_reg\[15\],1,0,0,11268,13158,12348,13428,0,0,0,DFFHQNx1_ASAP7_75t_R,2.2973663249548082e-10,1.9580670596042182e-06
u1_slt3_reg\[16\],1,0,0,9216,12348,10296,12618,0,0,0,DFFHQNx1_ASAP7_75t_R,2.2973663249548082e-10,2.070682057819795e-06
u1_slt3_reg\[17\],1,0,0,10890,12348,11970,12618,0,0,0,DFFHQNx1_ASAP7_75t_R,2.2973663249548082e-10,2.058569407381583e-06
u1_slt3_reg\[18\],1,0,0,10134,12618,11214,12888,0,0,0,DFFHQNx1_ASAP7_75t_R,2.2973663249548082e-10,2.107172576870653e-06
u1_slt3_reg\[19\],1,0,0,10890,11268,11970,11538,0,0,0,DFFHQNx1_ASAP7_75t_R,2.2973663249548082e-10,2.078010766126681e-06
u1_slt3_reg\[1\],1,0,0,10890,11808,11970,12078,0,0,0,DFFHQNx1_ASAP7_75t_R,2.2973663249548082e-10,1.8292575987288728e-06
u1_slt3_reg\[2\],1,0,0,9000,11268,10080,11538,0,0,0,DFFHQNx1_ASAP7_75t_R,2.2973663249548082e-10,1.960362624231493e-06
u1_slt3_reg\[3\],1,0,0,11538,12618,12618,12888,0,0,0,DFFHQNx1_ASAP7_75t_R,2.2973663249548082e-10,1.9971269011875847e-06
u1_slt3_reg\[4\],1,0,0,9486,12078,10566,12348,0,0,0,DFFHQNx1_ASAP7_75t_R,2.2973663249548082e-10,1.9561030057957396e-06
u1_slt3_reg\[5\],1,0,0,12132,12078,13212,12348,0,0,0,DFFHQNx1_ASAP7_75t_R,2.2973663249548082e-10,1.974863835130236e-06
u1_slt3_reg\[6\],1,0,0,9810,11538,10890,11808,0,0,0,DFFHQNx1_ASAP7_75t_R,2.2973663249548082e-10,1.8225812254968332e-06
u1_slt3_reg\[7\],1,0,0,12456,12348,13536,12618,0,0,0,DFFHQNx1_ASAP7_75t_R,2.2973663249548082e-10,1.8279871483173338e-06
u1_slt3_reg\[8\],1,0,0,8406,12078,9486,12348,0,0,0,DFFHQNx1_ASAP7_75t_R,2.2973663249548082e-10,1.83195322733809e-06
u1_slt3_reg\[9\],1,0,0,12834,12888,13914,13158,0,0,0,DFFHQNx1_ASAP7_75t_R,2.2973663249548082e-10,1.9270237316959538e-06
u1_slt4_reg\[0\],1,0,0,7920,17478,9000,17748,0,0,0,DFFHQNx1_ASAP7_75t_R,2.1851000175932e-10,5.244174303697946e-07
u1_slt4_reg\[10\],1,0,0,5112,19638,6192,19908,0,0,0,DFFHQNx1_ASAP7_75t_R,2.1851000175932e-10,5.255638484413794e-07
u1_slt4_reg\[11\],1,0,0,4464,17478,5544,17748,0,0,0,DFFHQNx1_ASAP7_75t_R,2.1851000175932e-10,5.257414272819005e-07
u1_slt4_reg\[12\],1,0,0,5652,20448,6732,20718,0,0,0,DFFHQNx1_ASAP7_75t_R,2.1851000175932e-10,5.255625410427456e-07
u1_slt4_reg\[13\],1,0,0,4734,15858,5814,16128,0,0,0,DFFHQNx1_ASAP7_75t_R,2.1851000175932e-10,5.25994835243182e-07
u1_slt4_reg\[14\],1,0,0,4788,20178,5868,20448,0,0,0,DFFHQNx1_ASAP7_75t_R,2.1851000175932e-10,5.255699306871975e-07
u1_slt4_reg\[15\],1,0,0,4086,15318,5166,15588,0,0,0,DFFHQNx1_ASAP7_75t_R,2.1851000175932e-10,5.260699253994972e-07
u1_slt4_reg\[16\],1,0,0,5598,17478,6678,17748,0,0,0,DFFHQNx1_ASAP7_75t_R,2.1851000175932e-10,5.258303303889988e-07
u1_slt4_reg\[17\],1,0,0,5976,15588,7056,15858,0,0,0,DFFHQNx1_ASAP7_75t_R,2.1851000175932e-10,5.261399564915337e-07
u1_slt4_reg\[18\],1,0,0,6030,17748,7110,18018,0,0,0,DFFHQNx1_ASAP7_75t_R,2.1851000175932e-10,5.255420774119557e-07
u1_slt4_reg\[19\],1,0,0,6030,18558,7110,18828,0,0,0,DFFHQNx1_ASAP7_75t_R,2.1851000175932e-10,5.254258894638042e-07
u1_slt4_reg\[1\],1,0,0,7920,17208,9000,17478,0,0,0,DFFHQNx1_ASAP7_75t_R,2.1851000175932e-10,5.244294811745931e-07
u1_slt4_reg\[2\],1,0,0,7650,18288,8730,18558,0,0,0,DFFHQNx1_ASAP7_75t_R,2.1851000175932e-10,5.249501668913581e-07
u1_slt4_reg\[3\],1,0,0,7974,16128,9054,16398,0,0,0,DFFHQNx1_ASAP7_75t_R,2.1851000175932e-10,5.242324618848215e-07
u1_slt4_reg\[4\],1,0,0,6786,18828,7866,19098,0,0,0,DFFHQNx1_ASAP7_75t_R,2.1851000175932e-10,5.252486516837962e-07
u1_slt4_reg\[5\],1,0,0,7272,15858,8352,16128,0,0,0,DFFHQNx1_ASAP7_75t_R,2.1851000175932e-10,5.261966293801379e-07
u1_slt4_reg\[6\],1,0,0,5220,18288,6300,18558,0,0,0,DFFHQNx1_ASAP7_75t_R,2.1851000175932e-10,5.253278345662693e-07
u1_slt4_reg\[7\],1,0,0,5814,15858,6894,16128,0,0,0,DFFHQNx1_ASAP7_75t_R,2.1851000175932e-10,5.260286002339853e-07
u1_slt4_reg\[8\],1,0,0,4842,19368,5922,19638,0,0,0,DFFHQNx1_ASAP7_75t_R,2.1851000175932e-10,5.255428732198197e-07
u1_slt4_reg\[9\],1,0,0,4734,15588,5814,15858,0,0,0,DFFHQNx1_ASAP7_75t_R,2.1851000175932e-10,5.259841486804362e-07
u1_slt6_reg\[0\],1,0,0,7488,28548,8568,28818,0,0,0,DFFHQNx1_ASAP7_75t_R,2.1851000175932e-10,5.43012106390961e-07
u1_slt6_reg\[10\],1,0,0,3924,26658,5004,26928,0,0,0,DFFHQNx1_ASAP7_75t_R,2.1851000175932e-10,5.450177695820457e-07
u1_slt6_reg\[11\],1,0,0,7002,27738,8082,28008,0,0,0,DFFHQNx1_ASAP7_75t_R,2.1851000175932e-10,5.428558438325126e-07
u1_slt6_reg\[12\],1,0,0,4248,27738,5328,28008,0,0,0,DFFHQNx1_ASAP7_75t_R,2.1851000175932e-10,5.447793682833435e-07
u1_slt6_reg\[13\],1,0,0,7326,27198,8406,27468,0,0,0,DFFHQNx1_ASAP7_75t_R,2.1851000175932e-10,5.427745577435417e-07
u1_slt6_reg\[14\],1,0,0,5004,27468,6084,27738,0,0,0,DFFHQNx1_ASAP7_75t_R,2.1851000175932e-10,5.447730018204311e-07
u1_slt6_reg\[15\],1,0,0,5814,28278,6894,28548,0,0,0,DFFHQNx1_ASAP7_75t_R,2.1851000175932e-10,5.431371619124548e-07
u1_slt6_reg\[16\],1,0,0,5598,26388,6678,26658,0,0,0,DFFHQNx1_ASAP7_75t_R,2.1851000175932e-10,5.445301098916389e-07
u1_slt6_reg\[17\],1,0,0,6192,27468,7272,27738,0,0,0,DFFHQNx1_ASAP7_75t_R,2.1851000175932e-10,5.431530780697358e-07
u1_slt6_reg\[18\],1,0,0,5868,27738,6948,28008,0,0,0,DFFHQNx1_ASAP7_75t_R,2.1851000175932e-10,5.431523959487095e-07
u1_slt6_reg\[19\],1,0,0,6246,26658,7326,26928,0,0,0,DFFHQNx1_ASAP7_75t_R,2.1851000175932e-10,5.444394446385559e-07
u1_slt6_reg\[1\],1,0,0,7704,26658,8784,26928,0,0,0,DFFHQNx1_ASAP7_75t_R,2.1851000175932e-10,5.425027325145493e-07
u1_slt6_reg\[2\],1,0,0,7326,26388,8406,26658,0,0,0,DFFHQNx1_ASAP7_75t_R,2.1851000175932e-10,5.425915787782287e-07
u1_slt6_reg\[3\],1,0,0,7704,27468,8784,27738,0,0,0,DFFHQNx1_ASAP7_75t_R,2.1851000175932e-10,5.428644271887606e-07
u1_slt6_reg\[4\],1,0,0,6840,26118,7920,26388,0,0,0,DFFHQNx1_ASAP7_75t_R,2.1851000175932e-10,5.44244585398701e-07
u1_slt6_reg\[5\],1,0,0,7380,28278,8460,28548,0,0,0,DFFHQNx1_ASAP7_75t_R,2.1851000175932e-10,5.428994427347789e-07
u1_slt6_reg\[6\],1,0,0,4950,27198,6030,27468,0,0,0,DFFHQNx1_ASAP7_75t_R,2.1851000175932e-10,5.447450348583516e-07
u1_slt6_reg\[7\],1,0,0,5598,28818,6678,29088,0,0,0,DFFHQNx1_ASAP7_75t_R,2.1851000175932e-10,5.430723604149534e-07
u1_slt6_reg\[8\],1,0,0,3816,27198,4896,27468,0,0,0,DFFHQNx1_ASAP7_75t_R,2.1851000175932e-10,5.450172011478571e-07
u1_slt6_reg\[9\],1,0,0,6408,28548,7488,28818,0,0,0,DFFHQNx1_ASAP7_75t_R,2.1851000175932e-10,5.430428018371458e-07
u1_sr_reg\[0\],1,0,0,9972,28278,11052,28548,0,0,0,DFFHQNx1_ASAP7_75t_R,2.2973663249548082e-10,2.4537146146030864e-06
u1_sr_reg\[10\],1,0,0,3924,25848,5004,26118,0,0,0,DFFHQNx1_ASAP7_75t_R,2.2973663249548082e-10,3.0849096219753847e-06
u1_sr_reg\[11\],1,0,0,3870,25308,4950,25578,0,0,0,DFFHQNx1_ASAP7_75t_R,2.2973663249548082e-10,3.0820742722426075e-06
u1_sr_reg\[12\],1,0,0,4086,25578,5166,25848,0,0,0,DFFHQNx1_ASAP7_75t_R,2.2973663249548082e-10,2.9834045562893152e-06
u1_sr_reg\[13\],1,0,0,4464,24768,5544,25038,0,0,0,DFFHQNx1_ASAP7_75t_R,2.2973663249548082e-10,2.697435093068634e-06
u1_sr_reg\[14\],1,0,0,5220,26118,6300,26388,0,0,0,DFFHQNx1_ASAP7_75t_R,2.2973663249548082e-10,2.6054858608404174e-06
u1_sr_reg\[15\],1,0,0,5220,24498,6300,24768,0,0,0,DFFHQNx1_ASAP7_75t_R,2.2973663249548082e-10,2.9389998417173047e-06
u1_sr_reg\[16\],1,0,0,5004,25848,6084,26118,0,0,0,DFFHQNx1_ASAP7_75t_R,2.2973663249548082e-10,2.595098521851469e-06
u1_sr_reg\[17\],1,0,0,6246,25308,7326,25578,0,0,0,DFFHQNx1_ASAP7_75t_R,2.2973663249548082e-10,2.73105956694053e-06
u1_sr_reg\[18\],1,0,0,9108,27198,10188,27468,0,0,0,DFFHQNx1_ASAP7_75t_R,2.2973663249548082e-10,3.0083442652539816e-06
u1_sr_reg\[19\],1,0,0,6084,25848,7164,26118,0,0,0,DFFHQNx1_ASAP7_75t_R,2.2973663249548082e-10,2.520452426324482e-06
u1_sr_reg\[1\],1,0,0,8838,26388,9918,26658,0,0,0,DFFHQNx1_ASAP7_75t_R,2.2973663249548082e-10,2.5036833903868683e-06
u1_sr_reg\[2\],1,0,0,7812,25038,8892,25308,0,0,0,DFFHQNx1_ASAP7_75t_R,2.2973663249548082e-10,2.4469211439281935e-06
u1_sr_reg\[3\],1,0,0,7812,25848,8892,26118,0,0,0,DFFHQNx1_ASAP7_75t_R,2.2973663249548082e-10,2.404604401817778e-06
u1_sr_reg\[4\],1,0,0,8460,25308,9540,25578,0,0,0,DFFHQNx1_ASAP7_75t_R,2.2973663249548082e-10,2.836177827703068e-06
u1_sr_reg\[5\],1,0,0,7272,24768,8352,25038,0,0,0,DFFHQNx1_ASAP7_75t_R,2.2973663249548082e-10,2.8075501177227125e-06
u1_sr_reg\[6\],1,0,0,8676,25578,9756,25848,0,0,0,DFFHQNx1_ASAP7_75t_R,2.2973663249548082e-10,3.276346433267463e-06
u1_sr_reg\[7\],1,0,0,5652,24768,6732,25038,0,0,0,DFFHQNx1_ASAP7_75t_R,2.2973663249548082e-10,2.8793820092687383e-06
u1_sr_reg\[8\],1,0,0,6732,25038,7812,25308,0,0,0,DFFHQNx1_ASAP7_75t_R,2.2973663249548082e-10,3.0681912903673947e-06
u1_sr_reg\[9\],1,0,0,3816,26388,4896,26658,0,0,0,DFFHQNx1_ASAP7_75t_R,2.2973663249548082e-10,3.0225689897633856e-06
u20_int_set_reg\[0\],1,0,1,19584,26118,20988,26388,0,0,0,DFFASRHQNx1_ASAP7_75t_SL,1.3654170238908137e-08,8.822982636047527e-05
u20_int_set_reg\[1\],1,0,1,21906,26118,23310,26388,0,0,0,DFFASRHQNx1_ASAP7_75t_SL,1.2616549582844527e-08,9.402182331541553e-05
u20_int_set_reg\[2\],1,0,1,17424,30708,18828,30978,0,0,0,DFFASRHQNx1_ASAP7_75t_SL,1.2616549582844527e-08,7.650811312487349e-05
u21_int_set_reg\[0\],1,0,1,23364,22878,24768,23148,0,0,0,DFFASRHQNx1_ASAP7_75t_SL,1.3654170238908137e-08,0.00010845050564967096
u21_int_set_reg\[1\],1,0,1,23580,25848,24984,26118,0,0,0,DFFASRHQNx1_ASAP7_75t_SL,1.2616549582844527e-08,0.0001000638585537672
u21_int_set_reg\[2\],1,0,1,27306,28008,28710,28278,0,0,0,DFFASRHQNx1_ASAP7_75t_SL,1.2616549582844527e-08,5.0408583774697036e-05
u22_int_set_reg\[0\],1,0,1,21582,14508,22986,14778,0,0,0,DFFASRHQNx1_ASAP7_75t_SL,1.3654170238908137e-08,0.00012215775495860726
u22_int_set_reg\[1\],1,0,1,23256,22608,24660,22878,0,0,0,DFFASRHQNx1_ASAP7_75t_SL,1.2616549582844527e-08,9.434373350813985e-05
u22_int_set_reg\[2\],1,0,1,19206,11808,20610,12078,0,0,0,DFFASRHQNx1_ASAP7_75t_SL,1.2616549582844527e-08,0.00010492267756490037
u23_int_set_reg\[0\],1,0,1,18180,13158,19584,13428,0,0,0,DFFASRHQNx1_ASAP7_75t_SL,1.3654224417791738e-08,0.00011965006706304848
u23_int_set_reg\[1\],1,0,1,16884,12348,18288,12618,0,0,0,DFFASRHQNx1_ASAP7_75t_L,1.2489349554556384e-09,4.1528724977979437e-05
u23_int_set_reg\[2\],1,0,1,16182,12618,17586,12888,0,0,0,DFFASRHQNx1_ASAP7_75t_SL,1.2616549582844527e-08,0.00010498670599190518
u24_int_set_reg\[0\],1,0,1,16344,24228,17748,24498,0,0,0,DFFASRHQNx1_ASAP7_75t_SL,1.3654084973779845e-08,9.850975766312331e-05
u24_int_set_reg\[1\],1,0,1,13428,24498,14832,24768,0,0,0,DFFASRHQNx1_ASAP7_75t_L,1.2489349554556384e-09,3.226743501727469e-05
u24_int_set_reg\[2\],1,0,1,14346,23688,15750,23958,0,0,0,DFFASRHQNx1_ASAP7_75t_SL,1.2616549582844527e-08,7.972259481903166e-05
u25_int_set_reg\[0\],1,0,1,16668,28818,18072,29088,0,0,0,DFFASRHQNx1_ASAP7_75t_SL,1.3654085861958265e-08,9.550528920954093e-05
u25_int_set_reg\[1\],1,0,1,15966,32058,17370,32328,0,0,0,DFFASRHQNx1_ASAP7_75t_L,1.2489349554556384e-09,3.172631113557145e-05
u25_int_set_reg\[2\],1,0,1,15588,29088,16992,29358,0,0,0,DFFASRHQNx1_ASAP7_75t_SL,1.2616549582844527e-08,8.068924944382161e-05
u26_ac97_rst__reg,1,0,1,15750,37458,17154,37728,0,0,0,DFFASRHQNx1_ASAP7_75t_SL,1.2616967026701786e-08,4.981436359230429e-05
u26_cnt_reg\[0\],1,0,1,15480,38538,16884,38808,0,0,0,DFFASRHQNx1_ASAP7_75t_SL,1.3426614486888866e-08,0.00011946317681577057
u26_cnt_reg\[1\],1,0,1,13860,37998,15264,38268,0,0,0,DFFASRHQNx1_ASAP7_75t_SL,1.3456883607432246e-08,0.00012256792979314923
u26_cnt_reg\[2\],1,0,1,14022,38268,15426,38538,0,0,0,DFFASRHQNx1_ASAP7_75t_SL,1.3340343940626553e-08,0.0001210926056955941
u26_ps_cnt_reg\[0\],1,0,1,15048,39618,16452,39888,0,0,0,DFFASRHQNx1_ASAP7_75t_SL,1.4585541663336699e-08,6.338220555335283e-05
u26_ps_cnt_reg\[1\],1,0,1,13536,39618,14940,39888,0,0,0,DFFASRHQNx1_ASAP7_75t_SL,1.3267559495488968e-08,0.00012057685671607032
u26_ps_cnt_reg\[2\],1,0,1,13320,40428,14724,40698,0,0,0,DFFASRHQNx1_ASAP7_75t_SL,1.3482960525834642e-08,0.00012157698074588552
u26_ps_cnt_reg\[3\],1,0,1,13212,40158,14616,40428,0,0,0,DFFASRHQNx1_ASAP7_75t_SL,1.350348988182759e-08,0.00012163694918854162
u26_ps_cnt_reg\[4\],1,0,1,15588,40158,16992,40428,0,0,0,DFFASRHQNx1_ASAP7_75t_SL,1.3460294212563895e-08,0.00012008036719635129
u26_ps_cnt_reg\[5\],1,0,1,15534,40428,16938,40698,0,0,0,DFFASRHQNx1_ASAP7_75t_SL,1.3557370337480279e-08,0.00012002359289908782
u2_bit_clk_e_reg,1,0,1,10242,38808,11592,39078,0,0,0,SDFHx1_ASAP7_75t_SL,2.6413564668814615e-08,9.267612040275708e-05
u2_bit_clk_r1_reg,1,0,1,10080,38268,11160,38538,0,0,0,DFFHQNx1_ASAP7_75t_R,2.2973663249548082e-10,1.6026713637984358e-05
u2_bit_clk_r_reg,1,0,1,9594,37998,10674,38268,0,0,0,DFFHQNx1_ASAP7_75t_L,2.222816153363283e-09,3.874890899169259e-05
u2_cnt_reg\[0\],1,0,0,10134,26658,11538,26928,0,0,0,DFFASRHQNx1_ASAP7_75t_R,0.0,5.491941536955869e-13
u2_cnt_reg\[1\],1,0,0,10026,26928,11430,27198,0,0,0,DFFASRHQNx1_ASAP7_75t_R,2.763334838729037e-10,1.1371505479473853e-06
u2_cnt_reg\[2\],1,0,0,10350,28008,11754,28278,0,0,0,DFFASRHQNx1_ASAP7_75t_R,2.7123425727637596e-10,1.0859736221391358e-06
u2_cnt_reg\[3\],1,0,0,12240,28278,13644,28548,0,0,0,DFFASRHQNx1_ASAP7_75t_R,2.7123425727637596e-10,1.0877073464143905e-06
u2_cnt_reg\[4\],1,0,0,11754,28008,13158,28278,0,0,0,DFFASRHQNx1_ASAP7_75t_R,2.7123425727637596e-10,1.0948140243272064e-06
u2_cnt_reg\[5\],1,0,0,12024,29088,13428,29358,0,0,0,DFFASRHQNx1_ASAP7_75t_R,0.0,1.439405306058461e-08
u2_cnt_reg\[6\],1,0,0,11916,28818,13320,29088,0,0,0,DFFASRHQNx1_ASAP7_75t_R,0.0,8.037723375764472e-09
u2_cnt_reg\[7\],1,0,0,12186,26118,13590,26388,0,0,0,DFFASRHQNx1_ASAP7_75t_R,2.7123425727637596e-10,1.0832142152139568e-06
u2_in_valid_reg\[0\],1,0,0,12618,25308,13698,25578,0,0,0,DFFHQNx1_ASAP7_75t_R,2.1851000175932e-10,5.452322398014076e-07
u2_in_valid_reg\[1\],1,0,0,11538,25308,12618,25578,0,0,0,DFFHQNx1_ASAP7_75t_R,2.1145149520229722e-10,5.417327315626608e-07
u2_in_valid_reg\[2\],1,0,0,12834,29358,13914,29628,0,0,0,DFFHQNx1_ASAP7_75t_R,2.1145149520229722e-10,5.398608209361555e-07
u2_ld_reg,1,0,0,22284,26658,23364,26928,0,0,0,DFFHQNx1_ASAP7_75t_R,2.1145149520229722e-10,5.275754233480257e-07
u2_out_le_reg\[0\],1,0,0,13266,28008,14346,28278,0,0,0,DFFHQNx1_ASAP7_75t_R,2.1145149520229722e-10,5.352274001779733e-07
u2_out_le_reg\[1\],1,0,0,13266,26658,14346,26928,0,0,0,DFFHQNx1_ASAP7_75t_R,2.1145149520229722e-10,5.327519829734229e-07
u2_out_le_reg\[2\],1,0,0,12888,25578,13968,25848,0,0,0,DFFHQNx1_ASAP7_75t_R,2.1145149520229722e-10,5.302333079271193e-07
u2_out_le_reg\[3\],1,0,0,11160,25038,12240,25308,0,0,0,DFFHQNx1_ASAP7_75t_R,2.1145149520229722e-10,5.303346597429481e-07
u2_out_le_reg\[4\],1,0,0,7218,25578,8298,25848,0,0,0,DFFHQNx1_ASAP7_75t_R,2.4230800699243105e-10,4.456018700693676e-07
u2_out_le_reg\[5\],1,0,0,8676,26928,9756,27198,0,0,0,DFFHQNx1_ASAP7_75t_R,2.1145149520229722e-10,5.394258550950326e-07
u2_res_cnt_reg\[0\],1,0,1,13482,37188,14616,37458,0,0,0,DFFHQNx2_ASAP7_75t_SL,2.5727548091936114e-08,0.00010487753752386197
u2_res_cnt_reg\[1\],1,0,1,13482,36918,14562,37188,0,0,0,DFFHQNx1_ASAP7_75t_SL,2.0657900279275054e-08,0.00010485686652828008
u2_res_cnt_reg\[2\],1,0,1,14130,36378,15264,36648,0,0,0,DFFHQNx2_ASAP7_75t_SL,2.5727548091936114e-08,9.891400986816734e-05
u2_res_cnt_reg\[3\],1,0,1,15048,36648,16182,36918,0,0,0,DFFHQNx2_ASAP7_75t_SL,2.5727548091936114e-08,9.891662921290845e-05
u2_suspended_reg,1,0,1,12780,37998,13860,38268,0,0,0,DFFHQNx1_ASAP7_75t_SL,2.0657900279275054e-08,0.00010446584201417863
u2_sync_beat_reg,1,0,0,12996,26388,14076,26658,0,0,0,DFFHQNx1_ASAP7_75t_R,2.1145149520229722e-10,5.327563030732563e-07
u2_sync_resume_reg,1,0,1,14832,35568,16236,35838,0,0,0,DFFASRHQNx1_ASAP7_75t_SL,1.3654224417791738e-08,5.7005523558473215e-05
u2_to_cnt_reg\[0\],1,0,1,10836,38538,12240,38808,0,0,0,DFFASRHQNx1_ASAP7_75t_SL,1.3537838405852654e-08,7.200925028882921e-05
u2_to_cnt_reg\[1\],1,0,1,11322,38268,12726,38538,0,0,0,DFFASRHQNx1_ASAP7_75t_SL,1.3611926696910359e-08,8.035956852836534e-05
u2_to_cnt_reg\[2\],1,0,1,10782,39888,12186,40158,0,0,0,DFFASRHQNx1_ASAP7_75t_SL,1.3650718777569182e-08,7.028887921478599e-05
u2_to_cnt_reg\[3\],1,0,1,12186,39888,13590,40158,0,0,0,DFFASRHQNx1_ASAP7_75t_SL,1.3654193331547049e-08,6.138057506177574e-05
u2_to_cnt_reg\[4\],1,0,1,12834,39078,14238,39348,0,0,0,DFFASRHQNx1_ASAP7_75t_SL,1.3654227082326997e-08,6.0065489378757775e-05
u2_to_cnt_reg\[5\],1,0,1,12672,38538,14076,38808,0,0,0,DFFASRHQNx1_ASAP7_75t_SL,1.3654224417791738e-08,5.991708894725889e-05
u2_valid_reg,1,0,0,14346,27198,15426,27468,0,0,0,DFFHQNx1_ASAP7_75t_R,2.1851000175932e-10,5.391172521740373e-07
u3_dout_reg\[0\],1,0,1,34920,14508,36054,14778,0,0,0,DFFHQNx2_ASAP7_75t_SL,2.5727548091936114e-08,0.00024200111511163414
u3_dout_reg\[10\],1,0,1,41724,14238,42858,14508,0,0,0,DFFHQNx2_ASAP7_75t_SL,2.5727548091936114e-08,0.00024307233979925513
u3_dout_reg\[11\],1,0,1,43074,13158,44208,13428,0,0,0,DFFHQNx2_ASAP7_75t_SL,2.5727548091936114e-08,0.00024313305038958788
u3_dout_reg\[12\],1,0,1,43614,13698,44748,13968,0,0,0,DFFHQNx2_ASAP7_75t_SL,2.5727548091936114e-08,0.00024309783475473523
u3_dout_reg\[13\],1,0,1,40644,13698,41778,13968,0,0,0,DFFHQNx2_ASAP7_75t_SL,2.5727548091936114e-08,0.0002430147142149508
u3_dout_reg\[14\],1,0,1,41562,13968,42696,14238,0,0,0,DFFHQNx2_ASAP7_75t_SL,2.5727548091936114e-08,0.00024307385319843888
u3_dout_reg\[15\],1,0,1,42642,13428,43776,13698,0,0,0,DFFHQNx2_ASAP7_75t_SL,2.5727548091936114e-08,0.00024309696163982153
u3_dout_reg\[16\],1,0,1,42750,12888,43884,13158,0,0,0,DFFHQNx2_ASAP7_75t_SL,2.5727548091936114e-08,0.00024313363246619701
u3_dout_reg\[17\],1,0,1,40158,13428,41292,13698,0,0,0,DFFHQNx2_ASAP7_75t_SL,2.5727548091936114e-08,0.00024299119831994176
u3_dout_reg\[18\],1,0,1,38970,12888,40104,13158,0,0,0,DFFHQNx2_ASAP7_75t_SL,2.5727548091936114e-08,0.00024294131435453892
u3_dout_reg\[19\],1,0,1,39942,13968,41076,14238,0,0,0,DFFHQNx2_ASAP7_75t_SL,2.5727548091936114e-08,0.0002428456791676581
u3_dout_reg\[1\],1,0,1,35136,14238,36270,14508,0,0,0,DFFHQNx2_ASAP7_75t_SL,2.5727548091936114e-08,0.00024248589761555195
u3_dout_reg\[2\],1,0,1,35838,13698,36972,13968,0,0,0,DFFHQNx2_ASAP7_75t_SL,2.5727548091936114e-08,0.00024255100288428366
u3_dout_reg\[3\],1,0,1,35946,13968,37080,14238,0,0,0,DFFHQNx2_ASAP7_75t_SL,2.5727548091936114e-08,0.0002425408601993695
u3_dout_reg\[4\],1,0,1,36432,12888,37566,13158,0,0,0,DFFHQNx2_ASAP7_75t_SL,2.5727548091936114e-08,0.0002425566199235618
u3_dout_reg\[5\],1,0,1,37080,13968,38214,14238,0,0,0,DFFHQNx2_ASAP7_75t_SL,2.5727548091936114e-08,0.00024263697559945285
u3_dout_reg\[6\],1,0,1,37566,13698,38700,13968,0,0,0,DFFHQNx2_ASAP7_75t_SL,2.5727548091936114e-08,0.0002426911669317633
u3_dout_reg\[7\],1,0,1,38214,14508,39348,14778,0,0,0,DFFHQNx2_ASAP7_75t_SL,2.5727548091936114e-08,0.00024269535788334906
u3_dout_reg\[8\],1,0,1,38754,14238,39888,14508,0,0,0,DFFHQNx2_ASAP7_75t_SL,2.5727548091936114e-08,0.00024276459589600563
u3_dout_reg\[9\],1,0,1,39348,13698,40428,13968,0,0,0,DFFHQNx1_ASAP7_75t_SL,2.0657900279275054e-08,0.00024295039474964142
u3_empty_reg,1,0,1,30546,13968,31626,14238,0,0,0,DFFHQNx1_ASAP7_75t_SL,2.0998502492375337e-08,0.00023464925470761955
u3_mem_reg\[0\]\[0\],1,0,1,33840,10458,34920,10728,0,0,0,DFFHQNx1_ASAP7_75t_SL,2.0679053136518633e-08,0.00024485125322826207
u3_mem_reg\[0\]\[10\],1,0,1,35082,7758,36162,8028,0,0,0,DFFHQNx1_ASAP7_75t_SL,2.0679053136518633e-08,0.0002452802436891943
u3_mem_reg\[0\]\[11\],1,0,1,41238,5058,42318,5328,0,0,0,DFFHQNx1_ASAP7_75t_SL,2.0679053136518633e-08,0.00024863932048901916
u3_mem_reg\[0\]\[12\],1,0,1,40860,6948,41940,7218,0,0,0,DFFHQNx1_ASAP7_75t_SL,2.0679053136518633e-08,0.000248109019594267
u3_mem_reg\[0\]\[13\],1,0,1,39672,5868,40752,6138,0,0,0,DFFHQNx1_ASAP7_75t_SL,2.0679053136518633e-08,0.0002481655974406749
u3_mem_reg\[0\]\[14\],1,0,1,40266,4788,41346,5058,0,0,0,DFFHQNx1_ASAP7_75t_SL,2.0679053136518633e-08,0.00024862607824616134
u3_mem_reg\[0\]\[15\],1,0,1,41724,6408,42804,6678,0,0,0,DFFHQNx1_ASAP7_75t_SL,2.0679053136518633e-08,0.0002481886185705662
u3_mem_reg\[0\]\[16\],1,0,1,39564,7488,40644,7758,0,0,0,DFFHQNx1_ASAP7_75t_SL,2.0679053136518633e-08,0.00024785418645478785
u3_mem_reg\[0\]\[17\],1,0,1,35622,6678,36702,6948,0,0,0,DFFHQNx1_ASAP7_75t_SL,2.0679053136518633e-08,0.0002452943299431354
u3_mem_reg\[0\]\[18\],1,0,1,37890,7488,38970,7758,0,0,0,DFFHQNx1_ASAP7_75t_SL,2.0679053136518633e-08,0.0002483532880432904
u3_mem_reg\[0\]\[19\],1,0,1,36702,7758,37782,8028,0,0,0,DFFHQNx1_ASAP7_75t_SL,2.0679053136518633e-08,0.00024534453405067325
u3_mem_reg\[0\]\[1\],1,0,1,34434,5598,35514,5868,0,0,0,DFFHQNx1_ASAP7_75t_SL,2.0679053136518633e-08,0.0002487539022695273
u3_mem_reg\[0\]\[20\],1,0,1,37998,9378,39078,9648,0,0,0,DFFHQNx1_ASAP7_75t_SL,2.0679053136518633e-08,0.0002478051756042987
u3_mem_reg\[0\]\[21\],1,0,1,36810,9648,37890,9918,0,0,0,DFFHQNx1_ASAP7_75t_SL,2.0679053136518633e-08,0.0002455198555253446
u3_mem_reg\[0\]\[22\],1,0,1,38376,10728,39456,10998,0,0,0,DFFHQNx1_ASAP7_75t_SL,2.0679053136518633e-08,0.00024674786254763603
u3_mem_reg\[0\]\[23\],1,0,1,41724,8838,42804,9108,0,0,0,DFFHQNx1_ASAP7_75t_SL,2.0679053136518633e-08,0.0002474025823175907
u3_mem_reg\[0\]\[24\],1,0,1,40536,10188,41616,10458,0,0,0,DFFHQNx1_ASAP7_75t_SL,2.0679053136518633e-08,0.00024715252220630646
u3_mem_reg\[0\]\[25\],1,0,1,39942,8568,41022,8838,0,0,0,DFFHQNx1_ASAP7_75t_SL,2.0679053136518633e-08,0.0002476510708220303
u3_mem_reg\[0\]\[26\],1,0,1,41616,10728,42696,10998,0,0,0,DFFHQNx1_ASAP7_75t_SL,2.0679053136518633e-08,0.00024719166685827076
u3_mem_reg\[0\]\[27\],1,0,1,41670,9648,42750,9918,0,0,0,DFFHQNx1_ASAP7_75t_SL,2.0679053136518633e-08,0.00024729821598157287
u3_mem_reg\[0\]\[28\],1,0,1,41778,10188,42858,10458,0,0,0,DFFHQNx1_ASAP7_75t_SL,2.0679053136518633e-08,0.00024725013645365834
u3_mem_reg\[0\]\[29\],1,0,1,40104,10728,41184,10998,0,0,0,DFFHQNx1_ASAP7_75t_SL,2.0679053136518633e-08,0.0002470949839334935
u3_mem_reg\[0\]\[2\],1,0,1,35946,5328,37026,5598,0,0,0,DFFHQNx1_ASAP7_75t_SL,2.0679053136518633e-08,0.0002486829471308738
u3_mem_reg\[0\]\[30\],1,0,1,37188,10188,38268,10458,0,0,0,DFFHQNx1_ASAP7_75t_SL,2.0679053136518633e-08,0.00024584244238212705
u3_mem_reg\[0\]\[31\],1,0,1,41076,8298,42156,8568,0,0,0,DFFHQNx1_ASAP7_75t_SL,2.0679053136518633e-08,0.0002474130888003856
u3_mem_reg\[0\]\[3\],1,0,1,34056,9378,35136,9648,0,0,0,DFFHQNx1_ASAP7_75t_SL,2.0679053136518633e-08,0.0002451003238093108
u3_mem_reg\[0\]\[4\],1,0,1,35190,8838,36270,9108,0,0,0,DFFHQNx1_ASAP7_75t_SL,2.0679053136518633e-08,0.0002452719199936837
u3_mem_reg\[0\]\[5\],1,0,1,35298,4518,36378,4788,0,0,0,DFFHQNx1_ASAP7_75t_SL,2.0679053136518633e-08,0.00024884112644940615
u3_mem_reg\[0\]\[6\],1,0,1,33732,5868,34812,6138,0,0,0,DFFHQNx1_ASAP7_75t_SL,2.0679053136518633e-08,0.00022480978805106133
u3_mem_reg\[0\]\[7\],1,0,1,37674,5058,38754,5328,0,0,0,DFFHQNx1_ASAP7_75t_SL,2.0679053136518633e-08,0.00024857293465174735
u3_mem_reg\[0\]\[8\],1,0,1,37998,6138,39078,6408,0,0,0,DFFHQNx1_ASAP7_75t_SL,2.0679053136518633e-08,0.0002484736905898899
u3_mem_reg\[0\]\[9\],1,0,1,33786,4518,34866,4788,0,0,0,DFFHQNx1_ASAP7_75t_SL,2.0679053136518633e-08,0.00024883204605430365
u3_mem_reg\[1\]\[0\],1,0,1,33408,10728,34488,10998,0,0,0,DFFHQNx1_ASAP7_75t_SL,2.0657900279275054e-08,0.00024437374668195844
u3_mem_reg\[1\]\[10\],1,0,1,35082,10458,36162,10728,0,0,0,DFFHQNx1_ASAP7_75t_SL,2.0657900279275054e-08,0.00024460762506350875
u3_mem_reg\[1\]\[11\],1,0,1,41616,4788,42696,5058,0,0,0,DFFHQNx1_ASAP7_75t_SL,2.0657900279275054e-08,0.00024809036403894424
u3_mem_reg\[1\]\[12\],1,0,1,42048,7488,43128,7758,0,0,0,DFFHQNx1_ASAP7_75t_SL,2.0657900279275054e-08,0.0002476607041899115
u3_mem_reg\[1\]\[13\],1,0,1,40482,6138,41562,6408,0,0,0,DFFHQNx1_ASAP7_75t_SL,2.0657900279275054e-08,0.0002475949877407402
u3_mem_reg\[1\]\[14\],1,0,1,40158,5058,41238,5328,0,0,0,DFFHQNx1_ASAP7_75t_SL,2.0657900279275054e-08,0.0002480676048435271
u3_mem_reg\[1\]\[15\],1,0,1,42426,6678,43506,6948,0,0,0,DFFHQNx1_ASAP7_75t_SL,2.0657900279275054e-08,0.0002476429217495024
u3_mem_reg\[1\]\[16\],1,0,1,39726,7218,40806,7488,0,0,0,DFFHQNx1_ASAP7_75t_SL,2.0657900279275054e-08,0.00024751329328864813
u3_mem_reg\[1\]\[17\],1,0,1,35676,6948,36756,7218,0,0,0,DFFHQNx1_ASAP7_75t_SL,2.0657900279275054e-08,0.0002447447623126209
u3_mem_reg\[1\]\[18\],1,0,1,37026,8568,38106,8838,0,0,0,DFFHQNx1_ASAP7_75t_SL,2.0657900279275054e-08,0.00024476536782458425
u3_mem_reg\[1\]\[19\],1,0,1,36702,6408,37836,6678,0,0,0,DFFHQNx2_ASAP7_75t_SL,2.5727548091936114e-08,0.0002448231098242104
u3_mem_reg\[1\]\[1\],1,0,1,34812,5328,35892,5598,0,0,0,DFFHQNx1_ASAP7_75t_SL,2.0657900279275054e-08,0.00024817598750814795
u3_mem_reg\[1\]\[20\],1,0,1,38538,9108,39672,9378,0,0,0,DFFHQNx2_ASAP7_75t_SL,2.5727548091936114e-08,0.00024726521223783493
u3_mem_reg\[1\]\[21\],1,0,1,36486,9918,37566,10188,0,0,0,DFFHQNx1_ASAP7_75t_SL,2.0657900279275054e-08,0.000244967988692224
u3_mem_reg\[1\]\[22\],1,0,1,35946,10728,37026,10998,0,0,0,DFFHQNx1_ASAP7_75t_SL,2.0657900279275054e-08,0.0002447896986268461
u3_mem_reg\[1\]\[23\],1,0,1,42804,8838,43884,9108,0,0,0,DFFHQNx1_ASAP7_75t_SL,2.0657900279275054e-08,0.0002468376769684255
u3_mem_reg\[1\]\[24\],1,0,1,40590,9648,41670,9918,0,0,0,DFFHQNx1_ASAP7_75t_SL,2.0657900279275054e-08,0.0002465959405526519
u3_mem_reg\[1\]\[25\],1,0,1,39834,8298,40914,8568,0,0,0,DFFHQNx1_ASAP7_75t_SL,2.0657900279275054e-08,0.0002472137566655874
u3_mem_reg\[1\]\[26\],1,0,1,42696,10728,43830,10998,0,0,0,DFFHQNx2_ASAP7_75t_SL,2.5727548091936114e-08,0.00024666235549375415
u3_mem_reg\[1\]\[27\],1,0,1,42804,9378,43884,9648,0,0,0,DFFHQNx1_ASAP7_75t_SL,2.0657900279275054e-08,0.0002468181191943586
u3_mem_reg\[1\]\[28\],1,0,1,42804,9648,43938,9918,0,0,0,DFFHQNx2_ASAP7_75t_SL,2.5727548091936114e-08,0.0002467998128850013
u3_mem_reg\[1\]\[29\],1,0,1,39780,9918,40860,10188,0,0,0,DFFHQNx1_ASAP7_75t_SL,2.0657900279275054e-08,0.00024688380653969944
u3_mem_reg\[1\]\[2\],1,0,1,35892,5598,37026,5868,0,0,0,DFFHQNx2_ASAP7_75t_SL,2.5727548091936114e-08,0.0002481414412613958
u3_mem_reg\[1\]\[30\],1,0,1,37890,10458,39024,10728,0,0,0,DFFHQNx2_ASAP7_75t_SL,2.5727548091936114e-08,0.0002454703499097377
u3_mem_reg\[1\]\[31\],1,0,1,41022,8568,42156,8838,0,0,0,DFFHQNx2_ASAP7_75t_SL,2.5727548091936114e-08,0.00024686893448233604
u3_mem_reg\[1\]\[3\],1,0,1,34056,9108,35136,9378,0,0,0,DFFHQNx1_ASAP7_75t_SL,2.0657900279275054e-08,0.0002445530553814024
u3_mem_reg\[1\]\[4\],1,0,1,32436,9918,33516,10188,0,0,0,DFFHQNx1_ASAP7_75t_SL,2.0657900279275054e-08,0.0002444306155666709
u3_mem_reg\[1\]\[5\],1,0,1,35568,8568,36648,8838,0,0,0,DFFHQNx1_ASAP7_75t_SL,2.0657900279275054e-08,0.00024474121164530516
u3_mem_reg\[1\]\[6\],1,0,1,32220,6138,33300,6408,0,0,0,DFFHQNx1_ASAP7_75t_SL,2.0657900279275054e-08,0.0002242837508674711
u3_mem_reg\[1\]\[7\],1,0,1,39078,5058,40158,5328,0,0,0,DFFHQNx1_ASAP7_75t_SL,2.0657900279275054e-08,0.0002480443799868226
u3_mem_reg\[1\]\[8\],1,0,1,37188,5328,38268,5598,0,0,0,DFFHQNx1_ASAP7_75t_SL,2.0657900279275054e-08,0.0002480440307408571
u3_mem_reg\[1\]\[9\],1,0,1,33894,5058,34974,5328,0,0,0,DFFHQNx1_ASAP7_75t_SL,2.0657900279275054e-08,0.0002482567506376654
u3_mem_reg\[2\]\[0\],1,0,1,34326,11268,35406,11538,0,0,0,DFFHQNx1_ASAP7_75t_SL,2.0657900279275054e-08,0.00024348264560103416
u3_mem_reg\[2\]\[10\],1,0,1,34758,8028,35892,8298,0,0,0,DFFHQNx2_ASAP7_75t_SL,2.5727548091936114e-08,0.00024474418023601174
u3_mem_reg\[2\]\[11\],1,0,1,42372,5058,43506,5328,0,0,0,DFFHQNx2_ASAP7_75t_SL,2.5727548091936114e-08,0.0002481047995388508
u3_mem_reg\[2\]\[12\],1,0,1,40860,7218,41994,7488,0,0,0,DFFHQNx2_ASAP7_75t_SL,2.5727548091936114e-08,0.00024756742641329765
u3_mem_reg\[2\]\[13\],1,0,1,39186,6138,40266,6408,0,0,0,DFFHQNx1_ASAP7_75t_SL,2.0657900279275054e-08,0.0002476070076227188
u3_mem_reg\[2\]\[14\],1,0,1,38538,4248,39618,4518,0,0,0,DFFHQNx1_ASAP7_75t_SL,2.0657900279275054e-08,0.00024800997925922275
u3_mem_reg\[2\]\[15\],1,0,1,42804,6408,43884,6678,0,0,0,DFFHQNx1_ASAP7_75t_SL,2.0657900279275054e-08,0.0002476455410942435
u3_mem_reg\[2\]\[16\],1,0,1,38916,6678,39996,6948,0,0,0,DFFHQNx1_ASAP7_75t_SL,2.0657900279275054e-08,0.00024760072119534016
u3_mem_reg\[2\]\[17\],1,0,1,35028,6408,36108,6678,0,0,0,DFFHQNx1_ASAP7_75t_SL,2.0657900279275054e-08,0.0002447467704769224
u3_mem_reg\[2\]\[18\],1,0,1,38052,7218,39132,7488,0,0,0,DFFHQNx1_ASAP7_75t_SL,2.0657900279275054e-08,0.00024771218886598945
u3_mem_reg\[2\]\[19\],1,0,1,36810,7218,37890,7488,0,0,0,DFFHQNx1_ASAP7_75t_SL,2.0657900279275054e-08,0.0002448014565743506
u3_mem_reg\[2\]\[1\],1,0,1,32814,5058,33894,5328,0,0,0,DFFHQNx1_ASAP7_75t_SL,2.0657900279275054e-08,0.00024826431763358414
u3_mem_reg\[2\]\[20\],1,0,1,38538,8568,39618,8838,0,0,0,DFFHQNx1_ASAP7_75t_SL,2.0657900279275054e-08,0.00024724495597183704
u3_mem_reg\[2\]\[21\],1,0,1,36540,8838,37620,9108,0,0,0,DFFHQNx1_ASAP7_75t_SL,2.0657900279275054e-08,0.00024475320242345333
u3_mem_reg\[2\]\[22\],1,0,1,39132,11268,40266,11538,0,0,0,DFFHQNx2_ASAP7_75t_SL,2.5727548091936114e-08,0.0002458764938637614
u3_mem_reg\[2\]\[23\],1,0,1,43668,9918,44802,10188,0,0,0,DFFHQNx2_ASAP7_75t_SL,2.5727548091936114e-08,0.000246807758230716
u3_mem_reg\[2\]\[24\],1,0,1,40752,11808,41886,12078,0,0,0,DFFHQNx2_ASAP7_75t_SL,2.5727548091936114e-08,0.00024295580806210637
u3_mem_reg\[2\]\[25\],1,0,1,39456,9648,40590,9918,0,0,0,DFFHQNx2_ASAP7_75t_SL,2.5727548091936114e-08,0.0002468989114277065
u3_mem_reg\[2\]\[26\],1,0,1,43668,11808,44802,12078,0,0,0,DFFHQNx2_ASAP7_75t_SL,2.5727548091936114e-08,0.0002431766188237816
u3_mem_reg\[2\]\[27\],1,0,1,43290,10998,44424,11268,0,0,0,DFFHQNx2_ASAP7_75t_SL,2.5727548091936114e-08,0.0002466629957780242
u3_mem_reg\[2\]\[28\],1,0,1,42642,12078,43776,12348,0,0,0,DFFHQNx2_ASAP7_75t_SL,2.5727548091936114e-08,0.00024314280017279088
u3_mem_reg\[2\]\[29\],1,0,1,39726,12078,40860,12348,0,0,0,DFFHQNx2_ASAP7_75t_SL,2.5727548091936114e-08,0.00024295106413774192
u3_mem_reg\[2\]\[2\],1,0,1,36540,4248,37620,4518,0,0,0,DFFHQNx1_ASAP7_75t_SL,2.0657900279275054e-08,0.0002482949639670551
u3_mem_reg\[2\]\[30\],1,0,1,37080,11538,38214,11808,0,0,0,DFFHQNx2_ASAP7_75t_SL,2.5727548091936114e-08,0.0002458724193274975
u3_mem_reg\[2\]\[31\],1,0,1,42750,8298,43830,8568,0,0,0,DFFHQNx1_ASAP7_75t_SL,2.0657900279275054e-08,0.00024683575611561537
u3_mem_reg\[2\]\[3\],1,0,1,33732,9648,34812,9918,0,0,0,DFFHQNx1_ASAP7_75t_SL,2.0657900279275054e-08,0.00024442377616651356
u3_mem_reg\[2\]\[4\],1,0,1,35298,9108,36432,9378,0,0,0,DFFHQNx2_ASAP7_75t_SL,2.5727548091936114e-08,0.00024463835870847106
u3_mem_reg\[2\]\[5\],1,0,1,35460,4248,36540,4518,0,0,0,DFFHQNx1_ASAP7_75t_SL,2.0657900279275054e-08,0.00024828762980178
u3_mem_reg\[2\]\[6\],1,0,1,33300,6138,34434,6408,0,0,0,DFFHQNx2_ASAP7_75t_SL,2.5727548091936114e-08,0.00022430987155530602
u3_mem_reg\[2\]\[7\],1,0,1,37728,4518,38808,4788,0,0,0,DFFHQNx1_ASAP7_75t_SL,2.0657900279275054e-08,0.00024800613755360246
u3_mem_reg\[2\]\[8\],1,0,1,38052,5868,39132,6138,0,0,0,DFFHQNx1_ASAP7_75t_SL,2.0657900279275054e-08,0.00024791801115497947
u3_mem_reg\[2\]\[9\],1,0,1,33786,4248,34920,4518,0,0,0,DFFHQNx2_ASAP7_75t_SL,2.5727548091936114e-08,0.0002482898416928947
u3_mem_reg\[3\]\[0\],1,0,1,34434,10188,35514,10458,0,0,0,DFFHQNx1_ASAP7_75t_SL,2.0657900279275054e-08,0.000244251627009362
u3_mem_reg\[3\]\[10\],1,0,1,35514,10188,36594,10458,0,0,0,DFFHQNx1_ASAP7_75t_SL,2.0657900279275054e-08,0.0002446085854899138
u3_mem_reg\[3\]\[11\],1,0,1,41562,4518,42696,4788,0,0,0,DFFHQNx2_ASAP7_75t_SL,2.5727548091936114e-08,0.00024811027105897665
u3_mem_reg\[3\]\[12\],1,0,1,42318,7218,43398,7488,0,0,0,DFFHQNx1_ASAP7_75t_SL,2.0657900279275054e-08,0.00024765654234215617
u3_mem_reg\[3\]\[13\],1,0,1,40644,6408,41724,6678,0,0,0,DFFHQNx1_ASAP7_75t_SL,2.0657900279275054e-08,0.0002476097142789513
u3_mem_reg\[3\]\[14\],1,0,1,38484,4788,39564,5058,0,0,0,DFFHQNx1_ASAP7_75t_SL,2.0657900279275054e-08,0.0002480319235473871
u3_mem_reg\[3\]\[15\],1,0,1,41994,6138,43074,6408,0,0,0,DFFHQNx1_ASAP7_75t_SL,2.0657900279275054e-08,0.00024765776470303535
u3_mem_reg\[3\]\[16\],1,0,1,39240,6948,40320,7218,0,0,0,DFFHQNx1_ASAP7_75t_SL,2.0657900279275054e-08,0.0002475861110724509
u3_mem_reg\[3\]\[17\],1,0,1,34596,6948,35676,7218,0,0,0,DFFHQNx1_ASAP7_75t_SL,2.0998500716018498e-08,0.00024499077699147165
u3_mem_reg\[3\]\[18\],1,0,1,37134,8298,38214,8568,0,0,0,DFFHQNx1_ASAP7_75t_SL,2.0657900279275054e-08,0.0002447889419272542
u3_mem_reg\[3\]\[19\],1,0,1,36864,6678,37998,6948,0,0,0,DFFHQNx2_ASAP7_75t_SL,2.5727548091936114e-08,0.00024482159642502666
u3_mem_reg\[3\]\[1\],1,0,1,32814,4788,33894,5058,0,0,0,DFFHQNx1_ASAP7_75t_SL,2.0657900279275054e-08,0.00024826533626765013
u3_mem_reg\[3\]\[20\],1,0,1,38646,8298,39726,8568,0,0,0,DFFHQNx1_ASAP7_75t_SL,2.0657900279275054e-08,0.0002472287742421031
u3_mem_reg\[3\]\[21\],1,0,1,34218,8298,35298,8568,0,0,0,DFFHQNx1_ASAP7_75t_SL,2.0998500716018498e-08,0.00024497666163370013
u3_mem_reg\[3\]\[22\],1,0,1,38970,11538,40104,11808,0,0,0,DFFHQNx2_ASAP7_75t_SL,2.5727548091936114e-08,0.00024587573716416955
u3_mem_reg\[3\]\[23\],1,0,1,43668,10188,44802,10458,0,0,0,DFFHQNx2_ASAP7_75t_SL,2.5727548091936114e-08,0.0002468159073032439
u3_mem_reg\[3\]\[24\],1,0,1,40968,11538,42102,11808,0,0,0,DFFHQNx2_ASAP7_75t_SL,2.5727548091936114e-08,0.0002466081059537828
u3_mem_reg\[3\]\[25\],1,0,1,39132,10188,40266,10458,0,0,0,DFFHQNx2_ASAP7_75t_SL,2.5727548091936114e-08,0.0002467865706421435
u3_mem_reg\[3\]\[26\],1,0,1,43668,12618,44802,12888,0,0,0,DFFHQNx2_ASAP7_75t_SL,2.5727548091936114e-08,0.0002431636821711436
u3_mem_reg\[3\]\[27\],1,0,1,43668,11268,44802,11538,0,0,0,DFFHQNx2_ASAP7_75t_SL,2.5727548091936114e-08,0.00024317862698808312
u3_mem_reg\[3\]\[28\],1,0,1,43290,12348,44424,12618,0,0,0,DFFHQNx2_ASAP7_75t_SL,2.5727548091936114e-08,0.00024315802147611976
u3_mem_reg\[3\]\[29\],1,0,1,39348,12348,40482,12618,0,0,0,DFFHQNx2_ASAP7_75t_SL,2.5727548091936114e-08,0.00024294588365592062
u3_mem_reg\[3\]\[2\],1,0,1,36378,4518,37512,4788,0,0,0,DFFHQNx2_ASAP7_75t_SL,2.5727548091936114e-08,0.0002483074786141515
u3_mem_reg\[3\]\[30\],1,0,1,37782,11268,38916,11538,0,0,0,DFFHQNx2_ASAP7_75t_SL,2.5727548091936114e-08,0.000245869712671265
u3_mem_reg\[3\]\[31\],1,0,1,42912,8028,43992,8298,0,0,0,DFFHQNx1_ASAP7_75t_SL,2.0657900279275054e-08,0.00024683645460754633
u3_mem_reg\[3\]\[3\],1,0,1,32868,9378,33948,9648,0,0,0,DFFHQNx1_ASAP7_75t_SL,2.0657900279275054e-08,0.00024451466742902994
u3_mem_reg\[3\]\[4\],1,0,1,32652,9648,33732,9918,0,0,0,DFFHQNx1_ASAP7_75t_SL,2.0657900279275054e-08,0.00024443116853944957
u3_mem_reg\[3\]\[5\],1,0,1,35892,8028,36972,8298,0,0,0,DFFHQNx1_ASAP7_75t_SL,2.0657900279275054e-08,0.0002447281440254301
u3_mem_reg\[3\]\[6\],1,0,1,32490,5868,33570,6138,0,0,0,DFFHQNx1_ASAP7_75t_SL,2.0657900279275054e-08,0.00022429035743698478
u3_mem_reg\[3\]\[7\],1,0,1,39294,4518,40374,4788,0,0,0,DFFHQNx1_ASAP7_75t_SL,2.0657900279275054e-08,0.0002480116090737283
u3_mem_reg\[3\]\[8\],1,0,1,37080,5598,38160,5868,0,0,0,DFFHQNx1_ASAP7_75t_SL,2.0657900279275054e-08,0.0002480724360793829
u3_mem_reg\[3\]\[9\],1,0,1,34326,3978,35460,4248,0,0,0,DFFHQNx2_ASAP7_75t_SL,2.5727548091936114e-08,0.0002482741547282785
u3_rp_reg\[0\],1,0,1,33948,12888,35622,13158,0,0,0,SDFHx4_ASAP7_75t_SL,5.828851712408323e-08,0.0003634297172538936
u3_rp_reg\[1\],1,0,1,35406,12348,36756,12618,0,0,0,DFFHQx4_ASAP7_75t_SL,4.641459838694573e-08,0.00024372062762267888
u3_rp_reg\[2\],1,0,1,34596,12078,35946,12348,0,0,0,DFFHQx4_ASAP7_75t_SL,4.641459838694573e-08,0.00024371081963181496
u3_rp_reg\[3\],1,0,1,33516,13968,34596,14238,0,0,0,DFFHQNx1_ASAP7_75t_SL,2.0657900279275054e-08,0.00024236171157099307
u3_status_reg\[0\],1,0,1,33516,15318,34596,15588,0,0,0,DFFHQNx1_ASAP7_75t_SL,2.0998502492375337e-08,0.00024121672322507948
u3_status_reg\[1\],1,0,1,32706,14508,33786,14778,0,0,0,DFFHQNx1_ASAP7_75t_SL,2.0998502492375337e-08,0.00023443203826900572
u3_wp_reg\[0\],1,0,1,32166,12618,33516,12888,0,0,0,DFFHQx4_ASAP7_75t_SL,4.6414601939659406e-08,0.00023522597621195018
u3_wp_reg\[1\],1,0,1,32490,11268,33570,11538,0,0,0,DFFHQNx1_ASAP7_75t_SL,2.0657900279275054e-08,0.0002355368051212281
u3_wp_reg\[2\],1,0,1,32382,12348,33516,12618,0,0,0,DFFHQNx2_ASAP7_75t_SL,2.5727548091936114e-08,0.00023479381343349814
u4_dout_reg\[0\],1,0,1,36378,28548,37512,28818,0,0,0,DFFHQNx2_ASAP7_75t_SL,2.5727548091936114e-08,4.8290232371073216e-05
u4_dout_reg\[10\],1,0,1,41076,30978,42210,31248,0,0,0,DFFHQNx2_ASAP7_75t_SL,2.5727548091936114e-08,5.7138207921525463e-05
u4_dout_reg\[11\],1,0,1,43452,30978,44586,31248,0,0,0,DFFHQNx2_ASAP7_75t_SL,2.5727548091936114e-08,5.9052683354821056e-05
u4_dout_reg\[12\],1,0,1,40644,31518,41778,31788,0,0,0,DFFHQNx2_ASAP7_75t_SL,2.5727548091936114e-08,5.713742575608194e-05
u4_dout_reg\[13\],1,0,1,42318,29898,43452,30168,0,0,0,DFFHQNx2_ASAP7_75t_SL,2.5727548091936114e-08,5.7152064982801676e-05
u4_dout_reg\[14\],1,0,1,43182,31788,44316,32058,0,0,0,DFFHQNx2_ASAP7_75t_SL,2.5727548091936114e-08,5.904818681301549e-05
u4_dout_reg\[15\],1,0,1,43668,31248,44802,31518,0,0,0,DFFHQNx2_ASAP7_75t_SL,2.5727548091936114e-08,5.904467252548784e-05
u4_dout_reg\[16\],1,0,1,40968,29898,42102,30168,0,0,0,DFFHQNx2_ASAP7_75t_SL,2.5727548091936114e-08,5.715309816878289e-05
u4_dout_reg\[17\],1,0,1,41832,30438,42966,30708,0,0,0,DFFHQNx2_ASAP7_75t_SL,2.5727548091936114e-08,5.7136167015414685e-05
u4_dout_reg\[18\],1,0,1,41724,31788,42858,32058,0,0,0,DFFHQNx2_ASAP7_75t_SL,2.5727548091936114e-08,5.872493056813255e-05
u4_dout_reg\[19\],1,0,1,43290,30708,44424,30978,0,0,0,DFFHQNx2_ASAP7_75t_SL,2.5727548091936114e-08,5.9053811128251255e-05
u4_dout_reg\[1\],1,0,1,36864,28278,37998,28548,0,0,0,DFFHQNx2_ASAP7_75t_SL,2.5727548091936114e-08,4.830634134123102e-05
u4_dout_reg\[2\],1,0,1,37836,28818,38970,29088,0,0,0,DFFHQNx2_ASAP7_75t_SL,2.5727548091936114e-08,4.83005860587582e-05
u4_dout_reg\[3\],1,0,1,38484,29088,39618,29358,0,0,0,DFFHQNx2_ASAP7_75t_SL,2.5727548091936114e-08,5.707862874260172e-05
u4_dout_reg\[4\],1,0,1,38808,31518,39942,31788,0,0,0,DFFHQNx2_ASAP7_75t_SL,2.5727548091936114e-08,5.702679482055828e-05
u4_dout_reg\[5\],1,0,1,38970,29898,40104,30168,0,0,0,DFFHQNx2_ASAP7_75t_SL,2.5727548091936114e-08,5.7076060329563916e-05
u4_dout_reg\[6\],1,0,1,39240,31788,40374,32058,0,0,0,DFFHQNx2_ASAP7_75t_SL,2.5727548091936114e-08,5.701852933270857e-05
u4_dout_reg\[7\],1,0,1,39618,29628,40752,29898,0,0,0,DFFHQNx2_ASAP7_75t_SL,2.5727548091936114e-08,5.7078475947491825e-05
u4_dout_reg\[8\],1,0,1,40104,30438,41184,30708,0,0,0,DFFHQNx1_ASAP7_75t_SL,2.0657900279275054e-08,5.70784104638733e-05
u4_dout_reg\[9\],1,0,1,40590,30168,41724,30438,0,0,0,DFFHQNx2_ASAP7_75t_SL,2.5727548091936114e-08,5.712540587410331e-05
u4_empty_reg,1,0,1,35460,28008,36540,28278,0,0,0,DFFHQNx1_ASAP7_75t_SL,2.0998502492375337e-08,4.833269485970959e-05
u4_mem_reg\[0\]\[0\],1,0,1,35352,35028,36432,35298,0,0,0,DFFHQNx1_ASAP7_75t_SL,2.0679053136518633e-08,5.6435535952914506e-05
u4_mem_reg\[0\]\[10\],1,0,1,35622,37188,36756,37458,0,0,0,DFFHQNx2_ASAP7_75t_SL,2.5748960297278245e-08,5.62737368454691e-05
u4_mem_reg\[0\]\[11\],1,0,1,41238,41508,42318,41778,0,0,0,DFFHQNx1_ASAP7_75t_SL,2.0679053136518633e-08,5.491214687936008e-05
u4_mem_reg\[0\]\[12\],1,0,1,43668,39618,44802,39888,0,0,0,DFFHQNx2_ASAP7_75t_SL,2.5748960297278245e-08,5.914051871513948e-05
u4_mem_reg\[0\]\[13\],1,0,1,41670,37728,42804,37998,0,0,0,DFFHQNx2_ASAP7_75t_SL,2.5748960297278245e-08,5.8462748711463064e-05
u4_mem_reg\[0\]\[14\],1,0,1,39780,40698,40914,40968,0,0,0,DFFHQNx2_ASAP7_75t_SL,2.5748960297278245e-08,5.493177741300315e-05
u4_mem_reg\[0\]\[15\],1,0,1,42210,41778,43344,42048,0,0,0,DFFHQNx2_ASAP7_75t_SL,2.5748960297278245e-08,5.500891347764991e-05
u4_mem_reg\[0\]\[16\],1,0,1,43722,39078,44802,39348,0,0,0,DFFHQNx1_ASAP7_75t_SL,2.0679053136518633e-08,5.9022975619882345e-05
u4_mem_reg\[0\]\[17\],1,0,1,35622,41778,36702,42048,0,0,0,DFFHQNx1_ASAP7_75t_SL,2.0679053136518633e-08,5.43693640793208e-05
u4_mem_reg\[0\]\[18\],1,0,1,43668,35568,44802,35838,0,0,0,DFFHQNx2_ASAP7_75t_SL,2.5748960297278245e-08,5.920416151639074e-05
u4_mem_reg\[0\]\[19\],1,0,1,37512,35028,38592,35298,0,0,0,DFFHQNx1_ASAP7_75t_SL,2.0679053136518633e-08,5.658241207129322e-05
u4_mem_reg\[0\]\[1\],1,0,1,35622,36108,36756,36378,0,0,0,DFFHQNx2_ASAP7_75t_SL,2.5748960297278245e-08,5.6279375712620094e-05
u4_mem_reg\[0\]\[20\],1,0,1,38160,38538,39240,38808,0,0,0,DFFHQNx1_ASAP7_75t_SL,2.0679053136518633e-08,5.723197682527825e-05
u4_mem_reg\[0\]\[21\],1,0,1,37620,35568,38700,35838,0,0,0,DFFHQNx1_ASAP7_75t_SL,2.0679053136518633e-08,5.656731445924379e-05
u4_mem_reg\[0\]\[22\],1,0,1,39672,36918,40806,37188,0,0,0,DFFHQNx2_ASAP7_75t_SL,2.5748960297278245e-08,5.8812747738556936e-05
u4_mem_reg\[0\]\[23\],1,0,1,43668,36108,44802,36378,0,0,0,DFFHQNx2_ASAP7_75t_SL,2.5748960297278245e-08,5.91537136642728e-05
u4_mem_reg\[0\]\[24\],1,0,1,39780,35838,40914,36108,0,0,0,DFFHQNx2_ASAP7_75t_SL,2.5748960297278245e-08,5.678374509443529e-05
u4_mem_reg\[0\]\[25\],1,0,1,39618,38268,40698,38538,0,0,0,DFFHQNx1_ASAP7_75t_SL,2.0679053136518633e-08,5.7568828196963295e-05
u4_mem_reg\[0\]\[26\],1,0,1,41778,37188,42912,37458,0,0,0,DFFHQNx2_ASAP7_75t_SL,2.5748960297278245e-08,5.878406955162063e-05
u4_mem_reg\[0\]\[27\],1,0,1,41940,36378,43074,36648,0,0,0,DFFHQNx2_ASAP7_75t_SL,2.5748960297278245e-08,5.872298788744956e-05
u4_mem_reg\[0\]\[28\],1,0,1,39510,37728,40590,37998,0,0,0,DFFHQNx1_ASAP7_75t_SL,2.0679053136518633e-08,5.795717879664153e-05
u4_mem_reg\[0\]\[29\],1,0,1,39294,35568,40428,35838,0,0,0,DFFHQNx2_ASAP7_75t_SL,2.5748960297278245e-08,5.678076558979228e-05
u4_mem_reg\[0\]\[2\],1,0,1,37296,39888,38430,40158,0,0,0,DFFHQNx2_ASAP7_75t_SL,2.5748960297278245e-08,5.480111940414645e-05
u4_mem_reg\[0\]\[30\],1,0,1,40914,35568,42048,35838,0,0,0,DFFHQNx2_ASAP7_75t_SL,2.5748960297278245e-08,5.887904990231618e-05
u4_mem_reg\[0\]\[31\],1,0,1,41832,35028,42966,35298,0,0,0,DFFHQNx2_ASAP7_75t_SL,2.5748960297278245e-08,5.925904042669572e-05
u4_mem_reg\[0\]\[3\],1,0,1,43668,37188,44802,37458,0,0,0,DFFHQNx2_ASAP7_75t_SL,2.5748960297278245e-08,5.902460543438792e-05
u4_mem_reg\[0\]\[4\],1,0,1,38970,39348,40050,39618,0,0,0,DFFHQNx1_ASAP7_75t_SL,2.0679053136518633e-08,5.4727570386603475e-05
u4_mem_reg\[0\]\[5\],1,0,1,35406,38538,36486,38808,0,0,0,DFFHQNx1_ASAP7_75t_SL,2.0679053136518633e-08,5.5053678806871176e-05
u4_mem_reg\[0\]\[6\],1,0,1,35190,39888,36270,40158,0,0,0,DFFHQNx1_ASAP7_75t_SL,2.0679053136518633e-08,5.426525603979826e-05
u4_mem_reg\[0\]\[7\],1,0,1,39672,41508,40752,41778,0,0,0,DFFHQNx1_ASAP7_75t_SL,2.0679053136518633e-08,5.4693020501872525e-05
u4_mem_reg\[0\]\[8\],1,0,1,38214,41508,39348,41778,0,0,0,DFFHQNx2_ASAP7_75t_SL,2.5748960297278245e-08,5.4673055274179205e-05
u4_mem_reg\[0\]\[9\],1,0,1,35136,41238,36270,41508,0,0,0,DFFHQNx2_ASAP7_75t_SL,2.5748960297278245e-08,5.413772305473685e-05
u4_mem_reg\[1\]\[0\],1,0,1,36702,34488,37782,34758,0,0,0,DFFHQNx1_ASAP7_75t_SL,2.0657900279275054e-08,5.6252043577842414e-05
u4_mem_reg\[1\]\[10\],1,0,1,38430,34758,39510,35028,0,0,0,DFFHQNx1_ASAP7_75t_SL,2.0657900279275054e-08,5.6634744396433234e-05
u4_mem_reg\[1\]\[11\],1,0,1,41832,40158,42912,40428,0,0,0,DFFHQNx1_ASAP7_75t_SL,2.0657900279275054e-08,5.470215546665713e-05
u4_mem_reg\[1\]\[12\],1,0,1,42480,39618,43560,39888,0,0,0,DFFHQNx1_ASAP7_75t_SL,2.0657900279275054e-08,5.8843397710006684e-05
u4_mem_reg\[1\]\[13\],1,0,1,41184,37998,42318,38268,0,0,0,DFFHQNx2_ASAP7_75t_SL,2.5727548091936114e-08,5.809176218463108e-05
u4_mem_reg\[1\]\[14\],1,0,1,40374,39078,41454,39348,0,0,0,DFFHQNx1_ASAP7_75t_SL,2.0657900279275054e-08,5.4728647228330374e-05
u4_mem_reg\[1\]\[15\],1,0,1,42318,41508,43452,41778,0,0,0,DFFHQNx2_ASAP7_75t_SL,2.5727548091936114e-08,5.4744094086345285e-05
u4_mem_reg\[1\]\[16\],1,0,1,42750,38808,43830,39078,0,0,0,DFFHQNx1_ASAP7_75t_SL,2.0657900279275054e-08,5.8791483752429485e-05
u4_mem_reg\[1\]\[17\],1,0,1,36000,41508,37080,41778,0,0,0,DFFHQNx1_ASAP7_75t_SL,2.0657900279275054e-08,5.4160285799298435e-05
u4_mem_reg\[1\]\[18\],1,0,1,42858,32328,43938,32598,0,0,0,DFFHQNx1_ASAP7_75t_SL,2.0657900279275054e-08,5.9023288486059755e-05
u4_mem_reg\[1\]\[19\],1,0,1,37242,33138,38322,33408,0,0,0,DFFHQNx1_ASAP7_75t_SL,2.0657900279275054e-08,5.703844362869859e-05
u4_mem_reg\[1\]\[1\],1,0,1,36486,35568,37566,35838,0,0,0,DFFHQNx1_ASAP7_75t_SL,2.0657900279275054e-08,5.62344903300982e-05
u4_mem_reg\[1\]\[20\],1,0,1,37728,37998,38808,38268,0,0,0,DFFHQNx1_ASAP7_75t_SL,2.0657900279275054e-08,5.675855209119618e-05
u4_mem_reg\[1\]\[21\],1,0,1,37404,36648,38484,36918,0,0,0,DFFHQNx1_ASAP7_75t_SL,2.0657900279275054e-08,5.665615026373416e-05
u4_mem_reg\[1\]\[22\],1,0,1,40104,36648,41238,36918,0,0,0,DFFHQNx2_ASAP7_75t_SL,2.5727548091936114e-08,5.854380287928507e-05
u4_mem_reg\[1\]\[23\],1,0,1,42642,35838,43776,36108,0,0,0,DFFHQNx2_ASAP7_75t_SL,2.5727548091936114e-08,5.894941568840295e-05
u4_mem_reg\[1\]\[24\],1,0,1,40482,36108,41616,36378,0,0,0,DFFHQNx2_ASAP7_75t_SL,2.5727548091936114e-08,5.859164230059832e-05
u4_mem_reg\[1\]\[25\],1,0,1,39564,38538,40644,38808,0,0,0,DFFHQNx1_ASAP7_75t_SL,2.0657900279275054e-08,5.735631566494703e-05
u4_mem_reg\[1\]\[26\],1,0,1,41400,36648,42534,36918,0,0,0,DFFHQNx2_ASAP7_75t_SL,2.5727548091936114e-08,5.851537571288645e-05
u4_mem_reg\[1\]\[27\],1,0,1,42696,36648,43830,36918,0,0,0,DFFHQNx2_ASAP7_75t_SL,2.5727548091936114e-08,5.8656660257838666e-05
u4_mem_reg\[1\]\[28\],1,0,1,40590,37728,41670,37998,0,0,0,DFFHQNx1_ASAP7_75t_SL,2.0657900279275054e-08,5.7956356613431126e-05
u4_mem_reg\[1\]\[29\],1,0,1,39456,35298,40590,35568,0,0,0,DFFHQNx2_ASAP7_75t_SL,2.5727548091936114e-08,5.653201515087858e-05
u4_mem_reg\[1\]\[2\],1,0,1,37080,38808,38160,39078,0,0,0,DFFHQNx1_ASAP7_75t_SL,2.0657900279275054e-08,5.409141886048019e-05
u4_mem_reg\[1\]\[30\],1,0,1,41022,35298,42156,35568,0,0,0,DFFHQNx2_ASAP7_75t_SL,2.5727548091936114e-08,5.8989113313145936e-05
u4_mem_reg\[1\]\[31\],1,0,1,42156,35298,43290,35568,0,0,0,DFFHQNx2_ASAP7_75t_SL,2.5727548091936114e-08,5.898325616726652e-05
u4_mem_reg\[1\]\[3\],1,0,1,42642,37458,43722,37728,0,0,0,DFFHQNx1_ASAP7_75t_SL,2.0657900279275054e-08,5.861530371475965e-05
u4_mem_reg\[1\]\[4\],1,0,1,39726,39618,40806,39888,0,0,0,DFFHQNx1_ASAP7_75t_SL,2.0657900279275054e-08,5.452081677503884e-05
u4_mem_reg\[1\]\[5\],1,0,1,35946,37998,37026,38268,0,0,0,DFFHQNx1_ASAP7_75t_SL,2.0657900279275054e-08,5.558261909754947e-05
u4_mem_reg\[1\]\[6\],1,0,1,35730,39618,36810,39888,0,0,0,DFFHQNx1_ASAP7_75t_SL,2.0657900279275054e-08,5.406439595390111e-05
u4_mem_reg\[1\]\[7\],1,0,1,39888,41238,40968,41508,0,0,0,DFFHQNx1_ASAP7_75t_SL,2.0657900279275054e-08,5.458174928207882e-05
u4_mem_reg\[1\]\[8\],1,0,1,38376,41238,39456,41508,0,0,0,DFFHQNx1_ASAP7_75t_SL,2.0657900279275054e-08,5.4466807341668755e-05
u4_mem_reg\[1\]\[9\],1,0,1,37080,41778,38214,42048,0,0,0,DFFHQNx2_ASAP7_75t_SL,2.5727548091936114e-08,5.4307118261931464e-05
u4_mem_reg\[2\]\[0\],1,0,1,35352,34218,36432,34488,0,0,0,DFFHQNx1_ASAP7_75t_SL,2.0657900279275054e-08,5.623180913971737e-05
u4_mem_reg\[2\]\[10\],1,0,1,35730,36918,36810,37188,0,0,0,DFFHQNx1_ASAP7_75t_SL,2.0657900279275054e-08,5.5890173825901e-05
u4_mem_reg\[2\]\[11\],1,0,1,41400,40968,42480,41238,0,0,0,DFFHQNx1_ASAP7_75t_SL,2.0657900279275054e-08,5.469260941026732e-05
u4_mem_reg\[2\]\[12\],1,0,1,43668,39888,44802,40158,0,0,0,DFFHQNx2_ASAP7_75t_SL,2.5727548091936114e-08,5.888507439522073e-05
u4_mem_reg\[2\]\[13\],1,0,1,41454,39078,42588,39348,0,0,0,DFFHQNx2_ASAP7_75t_SL,2.5727548091936114e-08,5.475874786498025e-05
u4_mem_reg\[2\]\[14\],1,0,1,40104,40428,41184,40698,0,0,0,DFFHQNx1_ASAP7_75t_SL,2.0657900279275054e-08,5.4633128456771374e-05
u4_mem_reg\[2\]\[15\],1,0,1,43128,40698,44208,40968,0,0,0,DFFHQNx1_ASAP7_75t_SL,2.0657900279275054e-08,5.8867914049187675e-05
u4_mem_reg\[2\]\[16\],1,0,1,43128,38268,44208,38538,0,0,0,DFFHQNx1_ASAP7_75t_SL,2.0657900279275054e-08,5.8756733778864145e-05
u4_mem_reg\[2\]\[17\],1,0,1,36378,40698,37458,40968,0,0,0,DFFHQNx1_ASAP7_75t_SL,2.0657900279275054e-08,5.404056719271466e-05
u4_mem_reg\[2\]\[18\],1,0,1,43722,32058,44802,32328,0,0,0,DFFHQNx1_ASAP7_75t_SL,2.0657900279275054e-08,5.900950782233849e-05
u4_mem_reg\[2\]\[19\],1,0,1,37350,33678,38430,33948,0,0,0,DFFHQNx1_ASAP7_75t_SL,2.0657900279275054e-08,5.7043998822337016e-05
u4_mem_reg\[2\]\[1\],1,0,1,35730,35838,36864,36108,0,0,0,DFFHQNx2_ASAP7_75t_SL,2.5727548091936114e-08,5.6201970437541604e-05
u4_mem_reg\[2\]\[20\],1,0,1,38376,38268,39456,38538,0,0,0,DFFHQNx1_ASAP7_75t_SL,2.0657900279275054e-08,5.713588325306773e-05
u4_mem_reg\[2\]\[21\],1,0,1,36756,37188,37836,37458,0,0,0,DFFHQNx1_ASAP7_75t_SL,2.0657900279275054e-08,5.622855678666383e-05
u4_mem_reg\[2\]\[22\],1,0,1,39456,33138,40590,33408,0,0,0,DFFHQNx2_ASAP7_75t_SL,2.5727548091936114e-08,5.6934957683552057e-05
u4_mem_reg\[2\]\[23\],1,0,1,43668,34488,44802,34758,0,0,0,DFFHQNx2_ASAP7_75t_SL,2.5727548091936114e-08,5.896486254641786e-05
u4_mem_reg\[2\]\[24\],1,0,1,35568,34488,36702,34758,0,0,0,DFFHQNx2_ASAP7_75t_SL,2.5727548091936114e-08,5.628023427561857e-05
u4_mem_reg\[2\]\[25\],1,0,1,41292,33948,42426,34218,0,0,0,DFFHQNx2_ASAP7_75t_SL,2.5727548091936114e-08,5.868828156962991e-05
u4_mem_reg\[2\]\[26\],1,0,1,43074,33678,44208,33948,0,0,0,DFFHQNx2_ASAP7_75t_SL,2.5727548091936114e-08,5.8731064200401306e-05
u4_mem_reg\[2\]\[27\],1,0,1,43614,34758,44748,35028,0,0,0,DFFHQNx2_ASAP7_75t_SL,2.5727548091936114e-08,5.896553193451837e-05
u4_mem_reg\[2\]\[28\],1,0,1,38538,36918,39618,37188,0,0,0,DFFHQNx1_ASAP7_75t_SL,2.0657900279275054e-08,5.665317803504877e-05
u4_mem_reg\[2\]\[29\],1,0,1,39510,34488,40644,34758,0,0,0,DFFHQNx2_ASAP7_75t_SL,2.5727548091936114e-08,5.6534798204666004e-05
u4_mem_reg\[2\]\[2\],1,0,1,36810,39618,37944,39888,0,0,0,DFFHQNx2_ASAP7_75t_SL,2.5727548091936114e-08,5.4110274504637346e-05
u4_mem_reg\[2\]\[30\],1,0,1,40752,33408,41886,33678,0,0,0,DFFHQNx2_ASAP7_75t_SL,2.5727548091936114e-08,5.8661491493694484e-05
u4_mem_reg\[2\]\[31\],1,0,1,41886,33408,43020,33678,0,0,0,DFFHQNx2_ASAP7_75t_SL,2.5727548091936114e-08,5.872410838492215e-05
u4_mem_reg\[2\]\[3\],1,0,1,43668,36918,44802,37188,0,0,0,DFFHQNx2_ASAP7_75t_SL,2.5727548091936114e-08,5.884519123355858e-05
u4_mem_reg\[2\]\[4\],1,0,1,38484,39888,39564,40158,0,0,0,DFFHQNx1_ASAP7_75t_SL,2.0657900279275054e-08,5.4498566896654665e-05
u4_mem_reg\[2\]\[5\],1,0,1,35730,38268,36810,38538,0,0,0,DFFHQNx1_ASAP7_75t_SL,2.0657900279275054e-08,5.5068303481675684e-05
u4_mem_reg\[2\]\[6\],1,0,1,35190,40158,36270,40428,0,0,0,DFFHQNx1_ASAP7_75t_SL,2.0657900279275054e-08,5.405466799857095e-05
u4_mem_reg\[2\]\[7\],1,0,1,40266,40968,41346,41238,0,0,0,DFFHQNx1_ASAP7_75t_SL,2.0657900279275054e-08,5.458213490783237e-05
u4_mem_reg\[2\]\[8\],1,0,1,38376,40698,39456,40968,0,0,0,DFFHQNx1_ASAP7_75t_SL,2.0657900279275054e-08,5.448507727123797e-05
u4_mem_reg\[2\]\[9\],1,0,1,35352,40968,36486,41238,0,0,0,DFFHQNx2_ASAP7_75t_SL,2.5727548091936114e-08,5.3875883168075234e-05
u4_mem_reg\[3\]\[0\],1,0,1,36594,34758,37674,35028,0,0,0,DFFHQNx1_ASAP7_75t_SL,2.0657900279275054e-08,5.624912591883913e-05
u4_mem_reg\[3\]\[10\],1,0,1,38484,34218,39564,34488,0,0,0,DFFHQNx1_ASAP7_75t_SL,2.0657900279275054e-08,5.667558070854284e-05
u4_mem_reg\[3\]\[11\],1,0,1,41670,40428,42750,40698,0,0,0,DFFHQNx1_ASAP7_75t_SL,2.0657900279275054e-08,5.4682062909705564e-05
u4_mem_reg\[3\]\[12\],1,0,1,43128,40158,44208,40428,0,0,0,DFFHQNx1_ASAP7_75t_SL,2.0657900279275054e-08,5.885640348424204e-05
u4_mem_reg\[3\]\[13\],1,0,1,41616,38808,42750,39078,0,0,0,DFFHQNx2_ASAP7_75t_SL,2.5727548091936114e-08,5.4755488235969096e-05
u4_mem_reg\[3\]\[14\],1,0,1,40590,39348,41670,39618,0,0,0,DFFHQNx1_ASAP7_75t_SL,2.0657900279275054e-08,5.452580808196217e-05
u4_mem_reg\[3\]\[15\],1,0,1,43182,40968,44262,41238,0,0,0,DFFHQNx1_ASAP7_75t_SL,2.0657900279275054e-08,5.887076258659363e-05
u4_mem_reg\[3\]\[16\],1,0,1,43614,38538,44748,38808,0,0,0,DFFHQNx2_ASAP7_75t_SL,2.5727548091936114e-08,5.878915544599295e-05
u4_mem_reg\[3\]\[17\],1,0,1,36864,41238,37944,41508,0,0,0,DFFHQNx1_ASAP7_75t_SL,2.0657900279275054e-08,5.4286614613374695e-05
u4_mem_reg\[3\]\[18\],1,0,1,43722,32598,44802,32868,0,0,0,DFFHQNx1_ASAP7_75t_SL,2.0657900279275054e-08,5.899180905544199e-05
u4_mem_reg\[3\]\[19\],1,0,1,37296,33408,38376,33678,0,0,0,DFFHQNx1_ASAP7_75t_SL,2.0657900279275054e-08,5.7045137509703636e-05
u4_mem_reg\[3\]\[1\],1,0,1,36864,35838,37944,36108,0,0,0,DFFHQNx1_ASAP7_75t_SL,2.0657900279275054e-08,5.62967688892968e-05
u4_mem_reg\[3\]\[20\],1,0,1,37836,37188,38916,37458,0,0,0,DFFHQNx1_ASAP7_75t_SL,2.0657900279275054e-08,5.6478354963473976e-05
u4_mem_reg\[3\]\[21\],1,0,1,37242,36918,38322,37188,0,0,0,DFFHQNx1_ASAP7_75t_SL,2.0657900279275054e-08,5.6655771913938224e-05
u4_mem_reg\[3\]\[22\],1,0,1,39132,33408,40266,33678,0,0,0,DFFHQNx2_ASAP7_75t_SL,2.5727548091936114e-08,5.684385178028606e-05
u4_mem_reg\[3\]\[23\],1,0,1,43668,34218,44802,34488,0,0,0,DFFHQNx2_ASAP7_75t_SL,2.5727548091936114e-08,5.89793489780277e-05
u4_mem_reg\[3\]\[24\],1,0,1,40050,34218,41184,34488,0,0,0,DFFHQNx2_ASAP7_75t_SL,2.5727548091936114e-08,5.867708387086168e-05
u4_mem_reg\[3\]\[25\],1,0,1,41346,34218,42480,34488,0,0,0,DFFHQNx2_ASAP7_75t_SL,2.5727548091936114e-08,5.8687535783974454e-05
u4_mem_reg\[3\]\[26\],1,0,1,43668,33138,44802,33408,0,0,0,DFFHQNx2_ASAP7_75t_SL,2.5727548091936114e-08,5.90115632803645e-05
u4_mem_reg\[3\]\[27\],1,0,1,42966,35028,44100,35298,0,0,0,DFFHQNx2_ASAP7_75t_SL,2.5727548091936114e-08,5.897824667044915e-05
u4_mem_reg\[3\]\[28\],1,0,1,38322,35838,39402,36108,0,0,0,DFFHQNx1_ASAP7_75t_SL,2.0657900279275054e-08,5.647357465932146e-05
u4_mem_reg\[3\]\[29\],1,0,1,38376,34488,39510,34758,0,0,0,DFFHQNx2_ASAP7_75t_SL,2.5727548091936114e-08,5.666969082085416e-05
u4_mem_reg\[3\]\[2\],1,0,1,37242,39078,38322,39348,0,0,0,DFFHQNx1_ASAP7_75t_SL,2.0657900279275054e-08,5.409248478827067e-05
u4_mem_reg\[3\]\[30\],1,0,1,38430,33678,39564,33948,0,0,0,DFFHQNx2_ASAP7_75t_SL,2.5727548091936114e-08,5.6803452025633305e-05
u4_mem_reg\[3\]\[31\],1,0,1,43020,33408,44154,33678,0,0,0,DFFHQNx2_ASAP7_75t_SL,2.5727548091936114e-08,5.873183545190841e-05
u4_mem_reg\[3\]\[3\],1,0,1,43398,37728,44478,37998,0,0,0,DFFHQNx1_ASAP7_75t_SL,2.0657900279275054e-08,5.8732992329169065e-05
u4_mem_reg\[3\]\[4\],1,0,1,38538,39618,39618,39888,0,0,0,DFFHQNx1_ASAP7_75t_SL,2.0657900279275054e-08,5.4510339396074414e-05
u4_mem_reg\[3\]\[5\],1,0,1,36486,38538,37566,38808,0,0,0,DFFHQNx1_ASAP7_75t_SL,2.0657900279275054e-08,5.5069154768716544e-05
u4_mem_reg\[3\]\[6\],1,0,1,35946,40428,37026,40698,0,0,0,DFFHQNx1_ASAP7_75t_SL,2.0657900279275054e-08,5.404013063525781e-05
u4_mem_reg\[3\]\[7\],1,0,1,40914,40698,41994,40968,0,0,0,DFFHQNx1_ASAP7_75t_SL,2.0657900279275054e-08,5.465300637297332e-05
u4_mem_reg\[3\]\[8\],1,0,1,38430,40428,39510,40698,0,0,0,DFFHQNx1_ASAP7_75t_SL,2.0657900279275054e-08,5.4485833970829844e-05
u4_mem_reg\[3\]\[9\],1,0,1,37242,40968,38376,41238,0,0,0,DFFHQNx2_ASAP7_75t_SL,2.5727548091936114e-08,5.432413308881223e-05
u4_rp_reg\[0\],1,0,1,36648,29898,38322,30168,0,0,0,SDFHx4_ASAP7_75t_SL,5.830289850905501e-08,7.23187331459485e-05
u4_rp_reg\[1\],1,0,1,37620,31248,38970,31518,0,0,0,DFFHQx4_ASAP7_75t_SL,4.641459838694573e-08,5.735952436225489e-05
u4_rp_reg\[2\],1,0,1,36972,32058,38106,32328,0,0,0,DFFHQNx2_ASAP7_75t_SL,2.5727548091936114e-08,5.704943396267481e-05
u4_rp_reg\[3\],1,0,1,36594,30708,37674,30978,0,0,0,DFFHQNx1_ASAP7_75t_SL,2.0657900279275054e-08,4.8124991735676304e-05
u4_status_reg\[0\],1,0,1,34326,27738,35406,28008,0,0,0,DFFHQNx1_ASAP7_75t_SL,2.0998502492375337e-08,0.0002484795404598117
u4_status_reg\[1\],1,0,1,33840,28008,34920,28278,0,0,0,DFFHQNx1_ASAP7_75t_SL,2.0998502492375337e-08,0.0002484798606019467
u4_wp_reg\[0\],1,0,1,34488,30708,35838,30978,0,0,0,DFFHQx4_ASAP7_75t_SL,4.6414601939659406e-08,4.844219074584544e-05
u4_wp_reg\[1\],1,0,1,34812,32058,35892,32328,0,0,0,DFFHQNx1_ASAP7_75t_SL,2.0657900279275054e-08,4.801389150088653e-05
u4_wp_reg\[2\],1,0,1,34650,31248,35784,31518,0,0,0,DFFHQNx2_ASAP7_75t_SL,2.5727548091936114e-08,4.811757753486745e-05
u5_dout_reg\[0\],1,0,1,29790,19368,30924,19638,0,0,0,DFFHQNx2_ASAP7_75t_SL,2.5727548091936114e-08,0.00023184662859421223
u5_dout_reg\[10\],1,0,1,37782,18288,38916,18558,0,0,0,DFFHQNx2_ASAP7_75t_SL,2.5727548091936114e-08,0.0002521446440368891
u5_dout_reg\[11\],1,0,1,38970,18828,40104,19098,0,0,0,DFFHQNx2_ASAP7_75t_SL,2.5727548091936114e-08,0.00025212066248059273
u5_dout_reg\[12\],1,0,1,38268,18018,39402,18288,0,0,0,DFFHQNx2_ASAP7_75t_SL,2.5727548091936114e-08,0.0002521671121940017
u5_dout_reg\[13\],1,0,1,38970,17748,40104,18018,0,0,0,DFFHQNx2_ASAP7_75t_SL,2.5727548091936114e-08,0.000252159486990422
u5_dout_reg\[14\],1,0,1,39024,17478,40158,17748,0,0,0,DFFHQNx2_ASAP7_75t_SL,2.5727548091936114e-08,0.0002521492715459317
u5_dout_reg\[15\],1,0,1,40482,19098,41616,19368,0,0,0,DFFHQNx2_ASAP7_75t_SL,2.5727548091936114e-08,0.000255464983638376
u5_dout_reg\[16\],1,0,1,38970,20448,40104,20718,0,0,0,DFFHQNx2_ASAP7_75t_SL,2.5727548091936114e-08,0.00025206507416442037
u5_dout_reg\[17\],1,0,1,39672,18558,40806,18828,0,0,0,DFFHQNx2_ASAP7_75t_SL,2.5727548091936114e-08,0.0002521407441236079
u5_dout_reg\[18\],1,0,1,40698,19638,41832,19908,0,0,0,DFFHQNx2_ASAP7_75t_SL,2.5727548091936114e-08,0.00025545747485011816
u5_dout_reg\[19\],1,0,1,40968,18828,42102,19098,0,0,0,DFFHQNx2_ASAP7_75t_SL,2.5727548091936114e-08,0.0002554681559558958
u5_dout_reg\[1\],1,0,1,30654,19098,31788,19368,0,0,0,DFFHQNx2_ASAP7_75t_SL,2.5727548091936114e-08,0.00023184617748484015
u5_dout_reg\[2\],1,0,1,31788,19098,32922,19368,0,0,0,DFFHQNx2_ASAP7_75t_SL,2.5727548091936114e-08,0.0002418298099655658
u5_dout_reg\[3\],1,0,1,32166,18828,33300,19098,0,0,0,DFFHQNx2_ASAP7_75t_SL,2.5727548091936114e-08,0.00024183018831536174
u5_dout_reg\[4\],1,0,1,35784,18288,36918,18558,0,0,0,DFFHQNx2_ASAP7_75t_SL,2.5727548091936114e-08,0.00023977737873792648
u5_dout_reg\[5\],1,0,1,35082,18018,36162,18288,0,0,0,DFFHQNx1_ASAP7_75t_SL,2.0657900279275054e-08,0.0002397771313553676
u5_dout_reg\[6\],1,0,1,36000,17478,37134,17748,0,0,0,DFFHQNx2_ASAP7_75t_SL,2.5727548091936114e-08,0.00023979594698175788
u5_dout_reg\[7\],1,0,1,36648,18018,37782,18288,0,0,0,DFFHQNx2_ASAP7_75t_SL,2.5727548091936114e-08,0.00025218253722414374
u5_dout_reg\[8\],1,0,1,36972,17748,38106,18018,0,0,0,DFFHQNx2_ASAP7_75t_SL,2.5727548091936114e-08,0.00025218268274329603
u5_dout_reg\[9\],1,0,1,37296,17478,38430,17748,0,0,0,DFFHQNx2_ASAP7_75t_SL,2.5727548091936114e-08,0.0002521850692573935
u5_empty_reg,1,0,1,28548,21798,29628,22068,0,0,0,DFFHQNx1_ASAP7_75t_SL,2.0998502492375337e-08,0.00021766092686448246
u5_mem_reg\[0\]\[0\],1,0,1,33462,22878,34542,23148,0,0,0,DFFHQNx1_ASAP7_75t_SL,2.0679053136518633e-08,0.000247095973463729
u5_mem_reg\[0\]\[10\],1,0,1,34488,26658,35622,26928,0,0,0,DFFHQNx2_ASAP7_75t_SL,2.5748960297278245e-08,0.0002502725110389292
u5_mem_reg\[0\]\[11\],1,0,1,42534,22068,43668,22338,0,0,0,DFFHQNx2_ASAP7_75t_SL,2.5748960297278245e-08,0.000256416795309633
u5_mem_reg\[0\]\[12\],1,0,1,42102,19098,43182,19368,0,0,0,DFFHQNx1_ASAP7_75t_SL,2.0679053136518633e-08,0.0002564965689089149
u5_mem_reg\[0\]\[13\],1,0,1,41886,19908,42966,20178,0,0,0,DFFHQNx1_ASAP7_75t_SL,2.0679053136518633e-08,0.00025643932167440653
u5_mem_reg\[0\]\[14\],1,0,1,40914,24228,42048,24498,0,0,0,DFFHQNx2_ASAP7_75t_SL,2.5748960297278245e-08,0.0002547077019698918
u5_mem_reg\[0\]\[15\],1,0,1,42534,25848,43668,26118,0,0,0,DFFHQNx2_ASAP7_75t_SL,2.5748960297278245e-08,0.0002545463794376701
u5_mem_reg\[0\]\[16\],1,0,1,42210,19368,43344,19638,0,0,0,DFFHQNx2_ASAP7_75t_SL,2.5748960297278245e-08,0.00025653274497017264
u5_mem_reg\[0\]\[17\],1,0,1,34866,18828,36000,19098,0,0,0,DFFHQNx2_ASAP7_75t_SL,2.5748960297278245e-08,0.0002403973921900615
u5_mem_reg\[0\]\[18\],1,0,1,42210,24228,43290,24498,0,0,0,DFFHQNx1_ASAP7_75t_SL,2.0679053136518633e-08,0.00025635771453380585
u5_mem_reg\[0\]\[19\],1,0,1,35892,26118,37026,26388,0,0,0,DFFHQNx2_ASAP7_75t_SL,2.5748960297278245e-08,0.00025050484691746533
u5_mem_reg\[0\]\[1\],1,0,1,32760,19638,33894,19908,0,0,0,DFFHQNx2_ASAP7_75t_SL,2.5748960297278245e-08,0.00024169230891857296
u5_mem_reg\[0\]\[20\],1,0,1,35622,27198,36702,27468,0,0,0,DFFHQNx1_ASAP7_75t_SL,2.0679053136518633e-08,0.00025019486201927066
u5_mem_reg\[0\]\[21\],1,0,1,36864,27198,37944,27468,0,0,0,DFFHQNx1_ASAP7_75t_SL,2.0679053136518633e-08,0.0002502016141079366
u5_mem_reg\[0\]\[22\],1,0,1,39942,27198,41076,27468,0,0,0,DFFHQNx2_ASAP7_75t_SL,2.5748960297278245e-08,0.0002539892739150673
u5_mem_reg\[0\]\[23\],1,0,1,42534,27198,43668,27468,0,0,0,DFFHQNx2_ASAP7_75t_SL,2.5748960297278245e-08,0.00025413636467419565
u5_mem_reg\[0\]\[24\],1,0,1,34218,26928,35298,27198,0,0,0,DFFHQNx1_ASAP7_75t_SL,2.0679053136518633e-08,0.0002487803576514125
u5_mem_reg\[0\]\[25\],1,0,1,38592,27468,39672,27738,0,0,0,DFFHQNx1_ASAP7_75t_SL,2.0679053136518633e-08,0.0002530490164645016
u5_mem_reg\[0\]\[26\],1,0,1,37944,27198,39024,27468,0,0,0,DFFHQNx1_ASAP7_75t_SL,2.0679053136518633e-08,0.000252604455454275
u5_mem_reg\[0\]\[27\],1,0,1,40482,26658,41616,26928,0,0,0,DFFHQNx2_ASAP7_75t_SL,2.5748960297278245e-08,0.00025438761804252863
u5_mem_reg\[0\]\[28\],1,0,1,41130,25578,42210,25848,0,0,0,DFFHQNx1_ASAP7_75t_SL,2.0679053136518633e-08,0.0002545306633692235
u5_mem_reg\[0\]\[29\],1,0,1,39294,25848,40374,26118,0,0,0,DFFHQNx1_ASAP7_75t_SL,2.0679053136518633e-08,0.00025445313076488674
u5_mem_reg\[0\]\[2\],1,0,1,32922,18558,34056,18828,0,0,0,DFFHQNx2_ASAP7_75t_SL,2.5748960297278245e-08,0.0002403305988991633
u5_mem_reg\[0\]\[30\],1,0,1,41022,26928,42156,27198,0,0,0,DFFHQNx2_ASAP7_75t_SL,2.5748960297278245e-08,0.0002541275171097368
u5_mem_reg\[0\]\[31\],1,0,1,41832,27468,42966,27738,0,0,0,DFFHQNx2_ASAP7_75t_SL,2.5748960297278245e-08,0.00025413944968022406
u5_mem_reg\[0\]\[3\],1,0,1,33894,19098,35028,19368,0,0,0,DFFHQNx2_ASAP7_75t_SL,2.5748960297278245e-08,0.0002406398270977661
u5_mem_reg\[0\]\[4\],1,0,1,42048,22878,43128,23148,0,0,0,DFFHQNx1_ASAP7_75t_SL,2.0679053136518633e-08,0.00025624054251238704
u5_mem_reg\[0\]\[5\],1,0,1,34974,21798,36108,22068,0,0,0,DFFHQNx2_ASAP7_75t_SL,2.5748960297278245e-08,0.0002455849025864154
u5_mem_reg\[0\]\[6\],1,0,1,32814,26928,33948,27198,0,0,0,DFFHQNx2_ASAP7_75t_SL,2.5748960297278245e-08,0.00024883629521355033
u5_mem_reg\[0\]\[7\],1,0,1,41130,22608,42264,22878,0,0,0,DFFHQNx2_ASAP7_75t_SL,2.5748960297278245e-08,0.0002562079462222755
u5_mem_reg\[0\]\[8\],1,0,1,35676,22878,36756,23148,0,0,0,DFFHQNx1_ASAP7_75t_SL,2.0679053136518633e-08,0.00024682548246346414
u5_mem_reg\[0\]\[9\],1,0,1,32490,26118,33624,26388,0,0,0,DFFHQNx2_ASAP7_75t_SL,2.5748960297278245e-08,0.0002487856545485556
u5_mem_reg\[1\]\[0\],1,0,1,34650,22608,35784,22878,0,0,0,DFFHQNx2_ASAP7_75t_SL,2.5727548091936114e-08,0.00024627914535813034
u5_mem_reg\[1\]\[10\],1,0,1,34596,26388,35730,26658,0,0,0,DFFHQNx2_ASAP7_75t_SL,2.5727548091936114e-08,0.0002496518427506089
u5_mem_reg\[1\]\[11\],1,0,1,42318,22338,43452,22608,0,0,0,DFFHQNx2_ASAP7_75t_SL,2.5727548091936114e-08,0.00025578419445082545
u5_mem_reg\[1\]\[12\],1,0,1,38160,21528,39240,21798,0,0,0,DFFHQNx1_ASAP7_75t_SL,2.0657900279275054e-08,0.000251898483838886
u5_mem_reg\[1\]\[13\],1,0,1,42156,20718,43236,20988,0,0,0,DFFHQNx1_ASAP7_75t_SL,2.0657900279275054e-08,0.00025584595277905464
u5_mem_reg\[1\]\[14\],1,0,1,40914,24498,42048,24768,0,0,0,DFFHQNx2_ASAP7_75t_SL,2.5727548091936114e-08,0.00025407972862012684
u5_mem_reg\[1\]\[15\],1,0,1,42048,26118,43128,26388,0,0,0,DFFHQNx1_ASAP7_75t_SL,2.0657900279275054e-08,0.0002539055421948433
u5_mem_reg\[1\]\[16\],1,0,1,37026,21258,38160,21528,0,0,0,DFFHQNx2_ASAP7_75t_SL,2.5727548091936114e-08,0.0002519770059734583
u5_mem_reg\[1\]\[17\],1,0,1,36432,21798,37512,22068,0,0,0,DFFHQNx1_ASAP7_75t_SL,2.0657900279275054e-08,0.00024498114362359047
u5_mem_reg\[1\]\[18\],1,0,1,41886,25038,43020,25308,0,0,0,DFFHQNx2_ASAP7_75t_SL,2.5727548091936114e-08,0.0002558242413215339
u5_mem_reg\[1\]\[19\],1,0,1,35730,26388,36864,26658,0,0,0,DFFHQNx2_ASAP7_75t_SL,2.5727548091936114e-08,0.0002496440429240465
u5_mem_reg\[1\]\[1\],1,0,1,33192,21798,34326,22068,0,0,0,DFFHQNx2_ASAP7_75t_SL,2.5727548091936114e-08,0.00024407068849541247
u5_mem_reg\[1\]\[20\],1,0,1,36000,26928,37080,27198,0,0,0,DFFHQNx1_ASAP7_75t_SL,2.0657900279275054e-08,0.0002496401430107653
u5_mem_reg\[1\]\[21\],1,0,1,37080,26928,38160,27198,0,0,0,DFFHQNx1_ASAP7_75t_SL,2.0657900279275054e-08,0.0002496475353837013
u5_mem_reg\[1\]\[22\],1,0,1,39780,27468,40914,27738,0,0,0,DFFHQNx2_ASAP7_75t_SL,2.5727548091936114e-08,0.0002527665928937495
u5_mem_reg\[1\]\[23\],1,0,1,42372,26928,43506,27198,0,0,0,DFFHQNx2_ASAP7_75t_SL,2.5727548091936114e-08,0.00025351118529215455
u5_mem_reg\[1\]\[24\],1,0,1,33462,27198,34542,27468,0,0,0,DFFHQNx1_ASAP7_75t_SL,2.0657900279275054e-08,0.00024822092382237315
u5_mem_reg\[1\]\[25\],1,0,1,38430,26388,39510,26658,0,0,0,DFFHQNx1_ASAP7_75t_SL,2.0657900279275054e-08,0.0002519135014154017
u5_mem_reg\[1\]\[26\],1,0,1,37728,26658,38808,26928,0,0,0,DFFHQNx1_ASAP7_75t_SL,2.0657900279275054e-08,0.00025191117310896516
u5_mem_reg\[1\]\[27\],1,0,1,39564,26928,40698,27198,0,0,0,DFFHQNx2_ASAP7_75t_SL,2.5727548091936114e-08,0.00025323807494714856
u5_mem_reg\[1\]\[28\],1,0,1,40752,25848,41832,26118,0,0,0,DFFHQNx1_ASAP7_75t_SL,2.0657900279275054e-08,0.0002538810367695987
u5_mem_reg\[1\]\[29\],1,0,1,39348,26118,40428,26388,0,0,0,DFFHQNx1_ASAP7_75t_SL,2.0657900279275054e-08,0.00025388895301148295
u5_mem_reg\[1\]\[2\],1,0,1,33462,20988,34596,21258,0,0,0,DFFHQNx2_ASAP7_75t_SL,2.5727548091936114e-08,0.0002453831839375198
u5_mem_reg\[1\]\[30\],1,0,1,41076,27198,42210,27468,0,0,0,DFFHQNx2_ASAP7_75t_SL,2.5727548091936114e-08,0.000253501144470647
u5_mem_reg\[1\]\[31\],1,0,1,42372,26658,43506,26928,0,0,0,DFFHQNx2_ASAP7_75t_SL,2.5727548091936114e-08,0.0002539333945605904
u5_mem_reg\[1\]\[3\],1,0,1,42210,21258,43344,21528,0,0,0,DFFHQNx2_ASAP7_75t_SL,2.5727548091936114e-08,0.00025583471870049834
u5_mem_reg\[1\]\[4\],1,0,1,42048,23148,43182,23418,0,0,0,DFFHQNx2_ASAP7_75t_SL,2.5727548091936114e-08,0.0002557801781222224
u5_mem_reg\[1\]\[5\],1,0,1,35244,21528,36378,21798,0,0,0,DFFHQNx2_ASAP7_75t_SL,2.5727548091936114e-08,0.0002449851017445326
u5_mem_reg\[1\]\[6\],1,0,1,33138,26658,34272,26928,0,0,0,DFFHQNx2_ASAP7_75t_SL,2.5727548091936114e-08,0.00024820456746965647
u5_mem_reg\[1\]\[7\],1,0,1,41238,22068,42372,22338,0,0,0,DFFHQNx2_ASAP7_75t_SL,2.5727548091936114e-08,0.000255452876444906
u5_mem_reg\[1\]\[8\],1,0,1,35784,22608,36864,22878,0,0,0,DFFHQNx1_ASAP7_75t_SL,2.0657900279275054e-08,0.0002462721895426512
u5_mem_reg\[1\]\[9\],1,0,1,32760,25578,33894,25848,0,0,0,DFFHQNx2_ASAP7_75t_SL,2.5727548091936114e-08,0.0002481070114299655
u5_mem_reg\[2\]\[0\],1,0,1,33570,22608,34650,22878,0,0,0,DFFHQNx1_ASAP7_75t_SL,2.0657900279275054e-08,0.00024654524167999625
u5_mem_reg\[2\]\[10\],1,0,1,35082,25308,36162,25578,0,0,0,DFFHQNx1_ASAP7_75t_SL,2.0657900279275054e-08,0.0002494014916010201
u5_mem_reg\[2\]\[11\],1,0,1,43506,20178,44586,20448,0,0,0,DFFHQNx1_ASAP7_75t_SL,2.0657900279275054e-08,0.0002560060820542276
u5_mem_reg\[2\]\[12\],1,0,1,43182,19098,44262,19368,0,0,0,DFFHQNx1_ASAP7_75t_SL,2.0657900279275054e-08,0.0002559599233791232
u5_mem_reg\[2\]\[13\],1,0,1,40860,20448,41940,20718,0,0,0,DFFHQNx1_ASAP7_75t_SL,2.0657900279275054e-08,0.00025542377261444926
u5_mem_reg\[2\]\[14\],1,0,1,40536,23418,41670,23688,0,0,0,DFFHQNx2_ASAP7_75t_SL,2.5727548091936114e-08,0.00025477271992713213
u5_mem_reg\[2\]\[15\],1,0,1,43236,25308,44316,25578,0,0,0,DFFHQNx1_ASAP7_75t_SL,2.0657900279275054e-08,0.0002558290143497288
u5_mem_reg\[2\]\[16\],1,0,1,43344,19368,44478,19638,0,0,0,DFFHQNx2_ASAP7_75t_SL,2.5727548091936114e-08,0.0002560082357376814
u5_mem_reg\[2\]\[17\],1,0,1,35028,19098,36108,19368,0,0,0,DFFHQNx1_ASAP7_75t_SL,2.0657900279275054e-08,0.00023977992532309145
u5_mem_reg\[2\]\[18\],1,0,1,42858,23958,43938,24228,0,0,0,DFFHQNx1_ASAP7_75t_SL,2.0657900279275054e-08,0.00025577552150934935
u5_mem_reg\[2\]\[19\],1,0,1,35838,25578,36918,25848,0,0,0,DFFHQNx1_ASAP7_75t_SL,2.0657900279275054e-08,0.00024939782451838255
u5_mem_reg\[2\]\[1\],1,0,1,33084,19908,34218,20178,0,0,0,DFFHQNx2_ASAP7_75t_SL,2.5727548091936114e-08,0.00024035913520492613
u5_mem_reg\[2\]\[20\],1,0,1,36918,25308,37998,25578,0,0,0,DFFHQNx1_ASAP7_75t_SL,2.0657900279275054e-08,0.000250985031016171
u5_mem_reg\[2\]\[21\],1,0,1,37080,25848,38160,26118,0,0,0,DFFHQNx1_ASAP7_75t_SL,2.0657900279275054e-08,0.0002502711722627282
u5_mem_reg\[2\]\[22\],1,0,1,36756,22878,37890,23148,0,0,0,DFFHQNx2_ASAP7_75t_SL,2.5727548091936114e-08,0.0002518396358937025
u5_mem_reg\[2\]\[23\],1,0,1,39348,23958,40482,24228,0,0,0,DFFHQNx2_ASAP7_75t_SL,2.5727548091936114e-08,0.00025467504747211933
u5_mem_reg\[2\]\[24\],1,0,1,37944,22608,39078,22878,0,0,0,DFFHQNx2_ASAP7_75t_SL,2.5727548091936114e-08,0.0002518551773391664
u5_mem_reg\[2\]\[25\],1,0,1,34380,23958,35514,24228,0,0,0,DFFHQNx2_ASAP7_75t_SL,2.5727548091936114e-08,0.0002474327338859439
u5_mem_reg\[2\]\[26\],1,0,1,37836,25578,38970,25848,0,0,0,DFFHQNx2_ASAP7_75t_SL,2.5727548091936114e-08,0.00025138776982203126
u5_mem_reg\[2\]\[27\],1,0,1,39186,22338,40320,22608,0,0,0,DFFHQNx2_ASAP7_75t_SL,2.5727548091936114e-08,0.0002549227501731366
u5_mem_reg\[2\]\[28\],1,0,1,40104,24768,41238,25038,0,0,0,DFFHQNx2_ASAP7_75t_SL,2.5727548091936114e-08,0.0002542876172810793
u5_mem_reg\[2\]\[29\],1,0,1,38322,25308,39402,25578,0,0,0,DFFHQNx1_ASAP7_75t_SL,2.0657900279275054e-08,0.000251377176027745
u5_mem_reg\[2\]\[2\],1,0,1,33300,18828,34434,19098,0,0,0,DFFHQNx2_ASAP7_75t_SL,2.5727548091936114e-08,0.0002400402881903574
u5_mem_reg\[2\]\[30\],1,0,1,39348,23418,40482,23688,0,0,0,DFFHQNx2_ASAP7_75t_SL,2.5727548091936114e-08,0.0002547656185925007
u5_mem_reg\[2\]\[31\],1,0,1,39510,21528,40644,21798,0,0,0,DFFHQNx2_ASAP7_75t_SL,2.5727548091936114e-08,0.00025509108672849834
u5_mem_reg\[2\]\[3\],1,0,1,34110,18558,35244,18828,0,0,0,DFFHQNx2_ASAP7_75t_SL,2.5727548091936114e-08,0.00023975411022547632
u5_mem_reg\[2\]\[4\],1,0,1,35730,20718,36810,20988,0,0,0,DFFHQNx1_ASAP7_75t_SL,2.0657900279275054e-08,0.0002449906896799803
u5_mem_reg\[2\]\[5\],1,0,1,34488,20178,35568,20448,0,0,0,DFFHQNx1_ASAP7_75t_SL,2.0657900279275054e-08,0.00024538228171877563
u5_mem_reg\[2\]\[6\],1,0,1,34110,25578,35190,25848,0,0,0,DFFHQNx1_ASAP7_75t_SL,2.0657900279275054e-08,0.0002480023249518126
u5_mem_reg\[2\]\[7\],1,0,1,40644,21528,41724,21798,0,0,0,DFFHQNx1_ASAP7_75t_SL,2.0657900279275054e-08,0.0002552203368395567
u5_mem_reg\[2\]\[8\],1,0,1,35514,23958,36594,24228,0,0,0,DFFHQNx1_ASAP7_75t_SL,2.0657900279275054e-08,0.0002474263310432434
u5_mem_reg\[2\]\[9\],1,0,1,33246,25308,34380,25578,0,0,0,DFFHQNx2_ASAP7_75t_SL,2.5727548091936114e-08,0.00024807907175272703
u5_mem_reg\[3\]\[0\],1,0,1,34596,22338,35730,22608,0,0,0,DFFHQNx2_ASAP7_75t_SL,2.5727548091936114e-08,0.00024563679471611977
u5_mem_reg\[3\]\[10\],1,0,1,35298,25038,36378,25308,0,0,0,DFFHQNx1_ASAP7_75t_SL,2.0657900279275054e-08,0.00024866615422070026
u5_mem_reg\[3\]\[11\],1,0,1,43236,20718,44316,20988,0,0,0,DFFHQNx1_ASAP7_75t_SL,2.0657900279275054e-08,0.0002560163557063788
u5_mem_reg\[3\]\[12\],1,0,1,38214,21258,39294,21528,0,0,0,DFFHQNx1_ASAP7_75t_SL,2.0657900279275054e-08,0.0002519580884836614
u5_mem_reg\[3\]\[13\],1,0,1,41076,20718,42156,20988,0,0,0,DFFHQNx1_ASAP7_75t_SL,2.0657900279275054e-08,0.0002554147504270077
u5_mem_reg\[3\]\[14\],1,0,1,40860,23148,41994,23418,0,0,0,DFFHQNx2_ASAP7_75t_SL,2.5727548091936114e-08,0.0002547736803535372
u5_mem_reg\[3\]\[15\],1,0,1,43020,25038,44100,25308,0,0,0,DFFHQNx1_ASAP7_75t_SL,2.0657900279275054e-08,0.0002558138221502304
u5_mem_reg\[3\]\[16\],1,0,1,37188,20988,38322,21258,0,0,0,DFFHQNx2_ASAP7_75t_SL,2.5727548091936114e-08,0.00025197677314281464
u5_mem_reg\[3\]\[17\],1,0,1,36486,21528,37566,21798,0,0,0,DFFHQNx1_ASAP7_75t_SL,2.0657900279275054e-08,0.0002449822495691478
u5_mem_reg\[3\]\[18\],1,0,1,41616,24768,42750,25038,0,0,0,DFFHQNx2_ASAP7_75t_SL,2.5727548091936114e-08,0.0002558253472670913
u5_mem_reg\[3\]\[19\],1,0,1,35838,24768,36918,25038,0,0,0,DFFHQNx1_ASAP7_75t_SL,2.0657900279275054e-08,0.00024888766347430646
u5_mem_reg\[3\]\[1\],1,0,1,33462,21528,34596,21798,0,0,0,DFFHQNx2_ASAP7_75t_SL,2.5727548091936114e-08,0.00024437493993900716
u5_mem_reg\[3\]\[20\],1,0,1,36540,24228,37674,24498,0,0,0,DFFHQNx2_ASAP7_75t_SL,2.5727548091936114e-08,0.00025175450718961656
u5_mem_reg\[3\]\[21\],1,0,1,36972,24498,38052,24768,0,0,0,DFFHQNx1_ASAP7_75t_SL,2.0657900279275054e-08,0.0002517376560717821
u5_mem_reg\[3\]\[22\],1,0,1,36864,23148,37998,23418,0,0,0,DFFHQNx2_ASAP7_75t_SL,2.5727548091936114e-08,0.0002518336405046284
u5_mem_reg\[3\]\[23\],1,0,1,39672,24228,40806,24498,0,0,0,DFFHQNx2_ASAP7_75t_SL,2.5727548091936114e-08,0.0002545879688113928
u5_mem_reg\[3\]\[24\],1,0,1,37944,22878,39078,23148,0,0,0,DFFHQNx2_ASAP7_75t_SL,2.5727548091936114e-08,0.0002518542460165918
u5_mem_reg\[3\]\[25\],1,0,1,37998,23688,39132,23958,0,0,0,DFFHQNx2_ASAP7_75t_SL,2.5727548091936114e-08,0.00025178020587190986
u5_mem_reg\[3\]\[26\],1,0,1,37998,24228,39132,24498,0,0,0,DFFHQNx2_ASAP7_75t_SL,2.5727548091936114e-08,0.00025174414622597396
u5_mem_reg\[3\]\[27\],1,0,1,39510,22068,40644,22338,0,0,0,DFFHQNx2_ASAP7_75t_SL,2.5727548091936114e-08,0.00025492190616205335
u5_mem_reg\[3\]\[28\],1,0,1,39510,25038,40644,25308,0,0,0,DFFHQNx2_ASAP7_75t_SL,2.5727548091936114e-08,0.0002543780719861388
u5_mem_reg\[3\]\[29\],1,0,1,38376,24768,39510,25038,0,0,0,DFFHQNx2_ASAP7_75t_SL,2.5727548091936114e-08,0.00025169397122226655
u5_mem_reg\[3\]\[2\],1,0,1,33948,20718,35082,20988,0,0,0,DFFHQNx2_ASAP7_75t_SL,2.5727548091936114e-08,0.0002453922643326223
u5_mem_reg\[3\]\[30\],1,0,1,38754,23148,39888,23418,0,0,0,DFFHQNx2_ASAP7_75t_SL,2.5727548091936114e-08,0.00025182831450365484
u5_mem_reg\[3\]\[31\],1,0,1,39348,21798,40482,22068,0,0,0,DFFHQNx2_ASAP7_75t_SL,2.5727548091936114e-08,0.0002550907083787024
u5_mem_reg\[3\]\[3\],1,0,1,43236,20988,44370,21258,0,0,0,DFFHQNx2_ASAP7_75t_SL,2.5727548091936114e-08,0.00025603873655200005
u5_mem_reg\[3\]\[4\],1,0,1,35676,20988,36756,21258,0,0,0,DFFHQNx1_ASAP7_75t_SL,2.0657900279275054e-08,0.0002449902822263539
u5_mem_reg\[3\]\[5\],1,0,1,34596,20988,35676,21258,0,0,0,DFFHQNx1_ASAP7_75t_SL,2.0657900279275054e-08,0.0002453604247421026
u5_mem_reg\[3\]\[6\],1,0,1,34218,25038,35298,25308,0,0,0,DFFHQNx1_ASAP7_75t_SL,2.0657900279275054e-08,0.000248221040237695
u5_mem_reg\[3\]\[7\],1,0,1,41022,21258,42102,21528,0,0,0,DFFHQNx1_ASAP7_75t_SL,2.0657900279275054e-08,0.00025539431953802705
u5_mem_reg\[3\]\[8\],1,0,1,35406,23688,36486,23958,0,0,0,DFFHQNx1_ASAP7_75t_SL,2.0657900279275054e-08,0.00024742691311985254
u5_mem_reg\[3\]\[9\],1,0,1,33084,25038,34218,25308,0,0,0,DFFHQNx2_ASAP7_75t_SL,2.5727548091936114e-08,0.00024814828066155314
u5_rp_reg\[0\],1,0,1,31032,20718,32706,20988,0,0,0,SDFHx4_ASAP7_75t_SL,5.830289850905501e-08,0.00036254379665479064
u5_rp_reg\[1\],1,0,1,31572,22878,32922,23148,0,0,0,DFFHQx4_ASAP7_75t_SL,4.641459838694573e-08,0.0002470186445862055
u5_rp_reg\[2\],1,0,1,31680,22608,33030,22878,0,0,0,DFFHQx4_ASAP7_75t_SL,4.641459838694573e-08,0.0002470199251547456
u5_rp_reg\[3\],1,0,1,32058,21528,33192,21798,0,0,0,DFFHQNx2_ASAP7_75t_SL,2.5727548091936114e-08,0.0002434620400890708
u5_status_reg\[0\],1,0,1,27630,21258,28710,21528,0,0,0,DFFHQNx1_ASAP7_75t_SL,2.0998502492375337e-08,0.00022292992798611522
u5_status_reg\[1\],1,0,1,29088,21258,30168,21528,0,0,0,DFFHQNx1_ASAP7_75t_SL,2.0998502492375337e-08,0.00022133157472126186
u5_wp_reg\[0\],1,0,1,30114,24498,31464,24768,0,0,0,DFFHQx4_ASAP7_75t_SL,4.6414601939659406e-08,0.00020830656285397708
u5_wp_reg\[1\],1,0,1,30546,24768,31626,25038,0,0,0,DFFHQNx1_ASAP7_75t_SL,2.0657900279275054e-08,0.00020787084940820932
u5_wp_reg\[2\],1,0,1,30060,23418,31194,23688,0,0,0,DFFHQNx2_ASAP7_75t_SL,2.5727548091936114e-08,0.0002129657077603042
u6_dout_reg\[0\],1,0,1,22446,30168,23580,30438,0,0,0,DFFHQNx2_ASAP7_75t_SL,2.5727548091936114e-08,9.722428512759507e-05
u6_dout_reg\[10\],1,0,1,23634,34488,24768,34758,0,0,0,DFFHQNx2_ASAP7_75t_SL,2.5727548091936114e-08,9.684471297077835e-05
u6_dout_reg\[11\],1,0,1,22122,35838,23256,36108,0,0,0,DFFHQNx2_ASAP7_75t_SL,2.5727548091936114e-08,9.622774086892605e-05
u6_dout_reg\[12\],1,0,1,22824,34758,23958,35028,0,0,0,DFFHQNx2_ASAP7_75t_SL,2.5727548091936114e-08,9.680376388132572e-05
u6_dout_reg\[13\],1,0,1,23634,36378,24768,36648,0,0,0,DFFHQNx2_ASAP7_75t_SL,2.5727548091936114e-08,9.71559202298522e-05
u6_dout_reg\[14\],1,0,1,23688,35028,24822,35298,0,0,0,DFFHQNx2_ASAP7_75t_SL,2.5727548091936114e-08,9.693047468317673e-05
u6_dout_reg\[15\],1,0,1,22986,36108,24120,36378,0,0,0,DFFHQNx2_ASAP7_75t_SL,2.5727548091936114e-08,9.701045928522944e-05
u6_dout_reg\[16\],1,0,1,23094,33678,24228,33948,0,0,0,DFFHQNx2_ASAP7_75t_SL,2.5727548091936114e-08,9.706008131615818e-05
u6_dout_reg\[17\],1,0,1,24228,36108,25362,36378,0,0,0,DFFHQNx2_ASAP7_75t_SL,2.5727548091936114e-08,9.744502312969416e-05
u6_dout_reg\[18\],1,0,1,23958,33408,25092,33678,0,0,0,DFFHQNx2_ASAP7_75t_SL,2.5727548091936114e-08,9.702751412987709e-05
u6_dout_reg\[19\],1,0,1,24768,31518,25902,31788,0,0,0,DFFHQNx2_ASAP7_75t_SL,2.5727548091936114e-08,9.722282993607223e-05
u6_dout_reg\[1\],1,0,1,22878,30438,24012,30708,0,0,0,DFFHQNx2_ASAP7_75t_SL,2.5727548091936114e-08,9.721724927658215e-05
u6_dout_reg\[2\],1,0,1,21528,30438,22662,30708,0,0,0,DFFHQNx2_ASAP7_75t_SL,2.5727548091936114e-08,9.722761024022475e-05
u6_dout_reg\[3\],1,0,1,21798,29898,22932,30168,0,0,0,DFFHQNx2_ASAP7_75t_SL,2.5727548091936114e-08,9.723300172481686e-05
u6_dout_reg\[4\],1,0,1,22608,31518,23742,31788,0,0,0,DFFHQNx2_ASAP7_75t_SL,2.5727548091936114e-08,9.72007037489675e-05
u6_dout_reg\[5\],1,0,1,23148,30978,24282,31248,0,0,0,DFFHQNx2_ASAP7_75t_SL,2.5727548091936114e-08,9.7194904810749e-05
u6_dout_reg\[6\],1,0,1,23742,31248,24876,31518,0,0,0,DFFHQNx2_ASAP7_75t_SL,2.5727548091936114e-08,9.720970410853624e-05
u6_dout_reg\[7\],1,0,1,23634,32328,24768,32598,0,0,0,DFFHQNx2_ASAP7_75t_SL,2.5727548091936114e-08,9.714141197036952e-05
u6_dout_reg\[8\],1,0,1,24606,30978,25740,31248,0,0,0,DFFHQNx2_ASAP7_75t_SL,2.5727548091936114e-08,9.72228663158603e-05
u6_dout_reg\[9\],1,0,1,24876,32058,26010,32328,0,0,0,DFFHQNx2_ASAP7_75t_SL,2.5727548091936114e-08,9.848027548287064e-05
u6_empty_reg,1,0,1,19152,29898,20232,30168,0,0,0,DFFHQNx1_ASAP7_75t_SL,2.0998502492375337e-08,0.00014762631326448172
u6_mem_reg\[0\]\[0\],1,0,1,16290,35298,17424,35568,0,0,0,DFFHQNx2_ASAP7_75t_SL,2.5748960297278245e-08,9.920611046254635e-05
u6_mem_reg\[0\]\[10\],1,0,1,19530,42588,20610,42858,0,0,0,DFFHQNx1_ASAP7_75t_SL,2.0679053136518633e-08,2.8538408514577895e-05
u6_mem_reg\[0\]\[11\],1,0,1,25308,41238,26442,41508,0,0,0,DFFHQNx2_ASAP7_75t_SL,2.5748960297278245e-08,4.387740045785904e-05
u6_mem_reg\[0\]\[12\],1,0,1,20718,42318,21852,42588,0,0,0,DFFHQNx2_ASAP7_75t_SL,2.5748960297278245e-08,2.862494147848338e-05
u6_mem_reg\[0\]\[13\],1,0,1,16560,39078,17694,39348,0,0,0,DFFHQNx2_ASAP7_75t_SL,2.5748960297278245e-08,0.00010106372064910829
u6_mem_reg\[0\]\[14\],1,0,1,18882,40698,20016,40968,0,0,0,DFFHQNx2_ASAP7_75t_SL,2.5748960297278245e-08,9.916871931636706e-05
u6_mem_reg\[0\]\[15\],1,0,1,22068,42318,23202,42588,0,0,0,DFFHQNx2_ASAP7_75t_SL,2.5748960297278245e-08,4.034465382574126e-05
u6_mem_reg\[0\]\[16\],1,0,1,18342,38808,19422,39078,0,0,0,DFFHQNx1_ASAP7_75t_SL,2.0679053136518633e-08,9.899353608489037e-05
u6_mem_reg\[0\]\[17\],1,0,1,25038,42318,26172,42588,0,0,0,DFFHQNx2_ASAP7_75t_SL,2.5748960297278245e-08,4.2586550989653915e-05
u6_mem_reg\[0\]\[18\],1,0,1,20502,34218,21636,34488,0,0,0,DFFHQNx2_ASAP7_75t_SL,2.5748960297278245e-08,0.00010947148984996602
u6_mem_reg\[0\]\[19\],1,0,1,16020,33948,17154,34218,0,0,0,DFFHQNx2_ASAP7_75t_SL,2.5748960297278245e-08,9.922955359797925e-05
u6_mem_reg\[0\]\[1\],1,0,1,21852,33948,22986,34218,0,0,0,DFFHQNx2_ASAP7_75t_SL,2.5748960297278245e-08,0.00010685213783290237
u6_mem_reg\[0\]\[20\],1,0,1,24174,38538,25308,38808,0,0,0,DFFHQNx2_ASAP7_75t_SL,2.5748960297278245e-08,9.819352271733806e-05
u6_mem_reg\[0\]\[21\],1,0,1,24876,37188,26010,37458,0,0,0,DFFHQNx2_ASAP7_75t_SL,2.5748960297278245e-08,9.815703378990293e-05
u6_mem_reg\[0\]\[22\],1,0,1,21150,38538,22284,38808,0,0,0,DFFHQNx2_ASAP7_75t_SL,2.5748960297278245e-08,7.971854211064056e-05
u6_mem_reg\[0\]\[23\],1,0,1,18882,36378,20016,36648,0,0,0,DFFHQNx2_ASAP7_75t_SL,2.5748960297278245e-08,9.82077544904314e-05
u6_mem_reg\[0\]\[24\],1,0,1,21150,35568,22284,35838,0,0,0,DFFHQNx2_ASAP7_75t_SL,2.5748960297278245e-08,9.618051262805238e-05
u6_mem_reg\[0\]\[25\],1,0,1,22662,38538,23796,38808,0,0,0,DFFHQNx2_ASAP7_75t_SL,2.5748960297278245e-08,5.556692849495448e-05
u6_mem_reg\[0\]\[26\],1,0,1,18936,38268,20070,38538,0,0,0,DFFHQNx2_ASAP7_75t_SL,2.5748960297278245e-08,9.902465535560623e-05
u6_mem_reg\[0\]\[27\],1,0,1,21528,36918,22662,37188,0,0,0,DFFHQNx2_ASAP7_75t_SL,2.5748960297278245e-08,8.919963875086978e-05
u6_mem_reg\[0\]\[28\],1,0,1,21474,37728,22608,37998,0,0,0,DFFHQNx2_ASAP7_75t_SL,2.5748960297278245e-08,8.28838674351573e-05
u6_mem_reg\[0\]\[29\],1,0,1,25578,36378,26712,36648,0,0,0,DFFHQNx2_ASAP7_75t_SL,2.5748960297278245e-08,9.792918717721477e-05
u6_mem_reg\[0\]\[2\],1,0,1,21150,39348,22230,39618,0,0,0,DFFHQNx1_ASAP7_75t_SL,2.0679053136518633e-08,6.914422556292266e-05
u6_mem_reg\[0\]\[30\],1,0,1,25524,35298,26658,35568,0,0,0,DFFHQNx2_ASAP7_75t_SL,2.5748960297278245e-08,9.860738646239042e-05
u6_mem_reg\[0\]\[31\],1,0,1,24444,34758,25578,35028,0,0,0,DFFHQNx2_ASAP7_75t_SL,2.5748960297278245e-08,9.722222603159025e-05
u6_mem_reg\[0\]\[3\],1,0,1,17856,36918,18990,37188,0,0,0,DFFHQNx2_ASAP7_75t_SL,2.5748960297278245e-08,9.873924136627465e-05
u6_mem_reg\[0\]\[4\],1,0,1,16614,37728,17748,37998,0,0,0,DFFHQNx2_ASAP7_75t_SL,2.5748960297278245e-08,9.99213443719782e-05
u6_mem_reg\[0\]\[5\],1,0,1,23202,40428,24336,40698,0,0,0,DFFHQNx2_ASAP7_75t_SL,2.5748960297278245e-08,4.9229962314711884e-05
u6_mem_reg\[0\]\[6\],1,0,1,25200,39888,26334,40158,0,0,0,DFFHQNx2_ASAP7_75t_SL,2.5748960297278245e-08,4.927504051011056e-05
u6_mem_reg\[0\]\[7\],1,0,1,20286,40158,21366,40428,0,0,0,DFFHQNx1_ASAP7_75t_SL,2.0679053136518633e-08,9.910416702041402e-05
u6_mem_reg\[0\]\[8\],1,0,1,16614,41778,17748,42048,0,0,0,DFFHQNx2_ASAP7_75t_SL,2.5748960297278245e-08,2.8872513212263584e-05
u6_mem_reg\[0\]\[9\],1,0,1,23904,42318,25038,42588,0,0,0,DFFHQNx2_ASAP7_75t_SL,2.5748960297278245e-08,4.1467807022854686e-05
u6_mem_reg\[1\]\[0\],1,0,1,16452,35568,17586,35838,0,0,0,DFFHQNx2_ASAP7_75t_SL,2.5727548091936114e-08,9.883911116048694e-05
u6_mem_reg\[1\]\[10\],1,0,1,19098,41778,20178,42048,0,0,0,DFFHQNx1_ASAP7_75t_SL,2.0657900279275054e-08,2.8405149350874126e-05
u6_mem_reg\[1\]\[11\],1,0,1,25416,40968,26550,41238,0,0,0,DFFHQNx2_ASAP7_75t_SL,2.5727548091936114e-08,4.3633517634589225e-05
u6_mem_reg\[1\]\[12\],1,0,1,20826,41778,21960,42048,0,0,0,DFFHQNx2_ASAP7_75t_SL,2.5727548091936114e-08,2.841532841557637e-05
u6_mem_reg\[1\]\[13\],1,0,1,16722,38808,17802,39078,0,0,0,DFFHQNx1_ASAP7_75t_SL,2.0657900279275054e-08,0.00010068588017020375
u6_mem_reg\[1\]\[14\],1,0,1,18882,40428,20016,40698,0,0,0,DFFHQNx2_ASAP7_75t_SL,2.5727548091936114e-08,9.88258034340106e-05
u6_mem_reg\[1\]\[15\],1,0,1,22122,42048,23256,42318,0,0,0,DFFHQNx2_ASAP7_75t_SL,2.5727548091936114e-08,4.0107152017299086e-05
u6_mem_reg\[1\]\[16\],1,0,1,18396,39078,19476,39348,0,0,0,DFFHQNx1_ASAP7_75t_SL,2.0657900279275054e-08,9.870414214674383e-05
u6_mem_reg\[1\]\[17\],1,0,1,25362,41778,26496,42048,0,0,0,DFFHQNx2_ASAP7_75t_SL,2.5727548091936114e-08,4.327114947955124e-05
u6_mem_reg\[1\]\[18\],1,0,1,20718,32868,21798,33138,0,0,0,DFFHQNx1_ASAP7_75t_SL,2.0657900279275054e-08,0.000117758012493141
u6_mem_reg\[1\]\[19\],1,0,1,25362,32598,26496,32868,0,0,0,DFFHQNx2_ASAP7_75t_SL,2.5727548091936114e-08,9.847870387602597e-05
u6_mem_reg\[1\]\[1\],1,0,1,22230,33408,23364,33678,0,0,0,DFFHQNx2_ASAP7_75t_SL,2.5727548091936114e-08,9.706256241770461e-05
u6_mem_reg\[1\]\[20\],1,0,1,25308,39078,26442,39348,0,0,0,DFFHQNx2_ASAP7_75t_SL,2.5727548091936114e-08,9.786986629478633e-05
u6_mem_reg\[1\]\[21\],1,0,1,25632,37458,26766,37728,0,0,0,DFFHQNx2_ASAP7_75t_SL,2.5727548091936114e-08,9.781823609955609e-05
u6_mem_reg\[1\]\[22\],1,0,1,25416,38268,26550,38538,0,0,0,DFFHQNx2_ASAP7_75t_SL,2.5727548091936114e-08,9.785628935787827e-05
u6_mem_reg\[1\]\[23\],1,0,1,18666,35838,19800,36108,0,0,0,DFFHQNx2_ASAP7_75t_SL,2.5727548091936114e-08,9.713064355310053e-05
u6_mem_reg\[1\]\[24\],1,0,1,20340,35298,21474,35568,0,0,0,DFFHQNx2_ASAP7_75t_SL,2.5727548091936114e-08,9.65066283242777e-05
u6_mem_reg\[1\]\[25\],1,0,1,22824,37998,23958,38268,0,0,0,DFFHQNx2_ASAP7_75t_SL,2.5727548091936114e-08,5.5309203162323684e-05
u6_mem_reg\[1\]\[26\],1,0,1,18828,37998,19962,38268,0,0,0,DFFHQNx2_ASAP7_75t_SL,2.5727548091936114e-08,9.89412801573053e-05
u6_mem_reg\[1\]\[27\],1,0,1,20178,36648,21312,36918,0,0,0,DFFHQNx2_ASAP7_75t_SL,2.5727548091936114e-08,9.827387111727148e-05
u6_mem_reg\[1\]\[28\],1,0,1,18990,36918,20124,37188,0,0,0,DFFHQNx2_ASAP7_75t_SL,2.5727548091936114e-08,9.82659257715568e-05
u6_mem_reg\[1\]\[29\],1,0,1,25686,36108,26820,36378,0,0,0,DFFHQNx2_ASAP7_75t_SL,2.5727548091936114e-08,9.758972009876743e-05
u6_mem_reg\[1\]\[2\],1,0,1,21204,39618,22284,39888,0,0,0,DFFHQNx1_ASAP7_75t_SL,2.0657900279275054e-08,6.890780059620738e-05
u6_mem_reg\[1\]\[30\],1,0,1,25362,33408,26496,33678,0,0,0,DFFHQNx2_ASAP7_75t_SL,2.5727548091936114e-08,9.84639918897301e-05
u6_mem_reg\[1\]\[31\],1,0,1,25362,33678,26496,33948,0,0,0,DFFHQNx2_ASAP7_75t_SL,2.5727548091936114e-08,9.846303146332502e-05
u6_mem_reg\[1\]\[3\],1,0,1,18180,36648,19314,36918,0,0,0,DFFHQNx2_ASAP7_75t_SL,2.5727548091936114e-08,9.839683480095118e-05
u6_mem_reg\[1\]\[4\],1,0,1,17370,38268,18450,38538,0,0,0,DFFHQNx1_ASAP7_75t_SL,2.0657900279275054e-08,0.00010001770715462044
u6_mem_reg\[1\]\[5\],1,0,1,22986,40968,24066,41238,0,0,0,DFFHQNx1_ASAP7_75t_SL,2.0657900279275054e-08,4.571626413962804e-05
u6_mem_reg\[1\]\[6\],1,0,1,22446,39888,23580,40158,0,0,0,DFFHQNx2_ASAP7_75t_SL,2.5727548091936114e-08,5.212131509324536e-05
u6_mem_reg\[1\]\[7\],1,0,1,20124,40968,21204,41238,0,0,0,DFFHQNx1_ASAP7_75t_SL,2.0657900279275054e-08,9.88112878985703e-05
u6_mem_reg\[1\]\[8\],1,0,1,16722,41508,17856,41778,0,0,0,DFFHQNx2_ASAP7_75t_SL,2.5727548091936114e-08,2.8652157197939232e-05
u6_mem_reg\[1\]\[9\],1,0,1,24012,41778,25146,42048,0,0,0,DFFHQNx2_ASAP7_75t_SL,2.5727548091936114e-08,4.123521284782328e-05
u6_mem_reg\[2\]\[0\],1,0,1,16830,35838,17910,36108,0,0,0,DFFHQNx1_ASAP7_75t_SL,2.0657900279275054e-08,9.875596151687205e-05
u6_mem_reg\[2\]\[10\],1,0,1,19044,42318,20178,42588,0,0,0,DFFHQNx2_ASAP7_75t_SL,2.5727548091936114e-08,2.8435742933652364e-05
u6_mem_reg\[2\]\[11\],1,0,1,18072,41238,19152,41508,0,0,0,DFFHQNx1_ASAP7_75t_SL,2.0657900279275054e-08,2.8638041840167716e-05
u6_mem_reg\[2\]\[12\],1,0,1,21042,42588,22176,42858,0,0,0,DFFHQNx2_ASAP7_75t_SL,2.5727548091936114e-08,2.838024010998197e-05
u6_mem_reg\[2\]\[13\],1,0,1,16776,39618,17910,39888,0,0,0,DFFHQNx2_ASAP7_75t_SL,2.5727548091936114e-08,0.0001011774074868299
u6_mem_reg\[2\]\[14\],1,0,1,18072,40158,19152,40428,0,0,0,DFFHQNx1_ASAP7_75t_SL,2.0657900279275054e-08,0.00010159116209251806
u6_mem_reg\[2\]\[15\],1,0,1,21636,40698,22770,40968,0,0,0,DFFHQNx2_ASAP7_75t_SL,2.5727548091936114e-08,4.897264807368629e-05
u6_mem_reg\[2\]\[16\],1,0,1,19476,39078,20556,39348,0,0,0,DFFHQNx1_ASAP7_75t_SL,2.0657900279275054e-08,9.871835936792195e-05
u6_mem_reg\[2\]\[17\],1,0,1,23958,39888,25038,40158,0,0,0,DFFHQNx1_ASAP7_75t_SL,2.0657900279275054e-08,4.8978479753714055e-05
u6_mem_reg\[2\]\[18\],1,0,1,20448,33948,21582,34218,0,0,0,DFFHQNx2_ASAP7_75t_SL,2.5727548091936114e-08,0.00010911080607911572
u6_mem_reg\[2\]\[19\],1,0,1,16236,34218,17370,34488,0,0,0,DFFHQNx2_ASAP7_75t_SL,2.5727548091936114e-08,9.888257773127407e-05
u6_mem_reg\[2\]\[1\],1,0,1,21636,34218,22716,34488,0,0,0,DFFHQNx1_ASAP7_75t_SL,2.0657900279275054e-08,0.00010646482405718416
u6_mem_reg\[2\]\[20\],1,0,1,24282,38268,25416,38538,0,0,0,DFFHQNx2_ASAP7_75t_SL,2.5727548091936114e-08,9.785253496374935e-05
u6_mem_reg\[2\]\[21\],1,0,1,24498,37458,25632,37728,0,0,0,DFFHQNx2_ASAP7_75t_SL,2.5727548091936114e-08,9.781462722457945e-05
u6_mem_reg\[2\]\[22\],1,0,1,21312,38808,22446,39078,0,0,0,DFFHQNx2_ASAP7_75t_SL,2.5727548091936114e-08,7.625677972100675e-05
u6_mem_reg\[2\]\[23\],1,0,1,19260,36108,20394,36378,0,0,0,DFFHQNx2_ASAP7_75t_SL,2.5727548091936114e-08,9.786642476683483e-05
u6_mem_reg\[2\]\[24\],1,0,1,20988,34758,22122,35028,0,0,0,DFFHQNx2_ASAP7_75t_SL,2.5727548091936114e-08,0.00010042205394711345
u6_mem_reg\[2\]\[25\],1,0,1,22770,38808,23904,39078,0,0,0,DFFHQNx2_ASAP7_75t_SL,2.5727548091936114e-08,5.529918780666776e-05
u6_mem_reg\[2\]\[26\],1,0,1,20016,38538,21150,38808,0,0,0,DFFHQNx2_ASAP7_75t_SL,2.5727548091936114e-08,9.8775330116041e-05
u6_mem_reg\[2\]\[27\],1,0,1,21420,36648,22554,36918,0,0,0,DFFHQNx2_ASAP7_75t_SL,2.5727548091936114e-08,8.88739014044404e-05
u6_mem_reg\[2\]\[28\],1,0,1,21636,37998,22770,38268,0,0,0,DFFHQNx2_ASAP7_75t_SL,2.5727548091936114e-08,8.257274748757482e-05
u6_mem_reg\[2\]\[29\],1,0,1,24930,35838,26064,36108,0,0,0,DFFHQNx2_ASAP7_75t_SL,2.5727548091936114e-08,9.788635361474007e-05
u6_mem_reg\[2\]\[2\],1,0,1,16776,40698,17910,40968,0,0,0,DFFHQNx2_ASAP7_75t_SL,2.5727548091936114e-08,0.00010137472418136895
u6_mem_reg\[2\]\[30\],1,0,1,24822,34488,25956,34758,0,0,0,DFFHQNx2_ASAP7_75t_SL,2.5727548091936114e-08,9.688785939943045e-05
u6_mem_reg\[2\]\[31\],1,0,1,24822,35028,25956,35298,0,0,0,DFFHQNx2_ASAP7_75t_SL,2.5727548091936114e-08,9.815285739023238e-05
u6_mem_reg\[2\]\[3\],1,0,1,16992,36378,18072,36648,0,0,0,DFFHQNx1_ASAP7_75t_SL,2.0657900279275054e-08,9.86263039521873e-05
u6_mem_reg\[2\]\[4\],1,0,1,16668,37998,17802,38268,0,0,0,DFFHQNx2_ASAP7_75t_SL,2.5727548091936114e-08,9.957521979231387e-05
u6_mem_reg\[2\]\[5\],1,0,1,24228,40698,25362,40968,0,0,0,DFFHQNx2_ASAP7_75t_SL,2.5727548091936114e-08,4.898916449747048e-05
u6_mem_reg\[2\]\[6\],1,0,1,24876,40158,26010,40428,0,0,0,DFFHQNx2_ASAP7_75t_SL,2.5727548091936114e-08,4.9020196456694975e-05
u6_mem_reg\[2\]\[7\],1,0,1,20340,39888,21420,40158,0,0,0,DFFHQNx1_ASAP7_75t_SL,2.0657900279275054e-08,9.881565347313881e-05
u6_mem_reg\[2\]\[8\],1,0,1,16992,42318,18072,42588,0,0,0,DFFHQNx1_ASAP7_75t_SL,2.0657900279275054e-08,2.858995139831677e-05
u6_mem_reg\[2\]\[9\],1,0,1,23742,42048,24822,42318,0,0,0,DFFHQNx1_ASAP7_75t_SL,2.0657900279275054e-08,4.1194925870513543e-05
u6_mem_reg\[3\]\[0\],1,0,1,17694,35568,18774,35838,0,0,0,DFFHQNx1_ASAP7_75t_SL,2.0657900279275054e-08,9.875925024971366e-05
u6_mem_reg\[3\]\[10\],1,0,1,19584,42048,20718,42318,0,0,0,DFFHQNx2_ASAP7_75t_SL,2.5727548091936114e-08,2.8433056286303326e-05
u6_mem_reg\[3\]\[11\],1,0,1,18234,41508,19314,41778,0,0,0,DFFHQNx1_ASAP7_75t_SL,2.0657900279275054e-08,2.862682958948426e-05
u6_mem_reg\[3\]\[12\],1,0,1,20826,41508,21960,41778,0,0,0,DFFHQNx2_ASAP7_75t_SL,2.5727548091936114e-08,2.8416274290066212e-05
u6_mem_reg\[3\]\[13\],1,0,1,17532,39348,18666,39618,0,0,0,DFFHQNx2_ASAP7_75t_SL,2.5727548091936114e-08,0.00010117985220858827
u6_mem_reg\[3\]\[14\],1,0,1,18018,40968,19098,41238,0,0,0,DFFHQNx1_ASAP7_75t_SL,2.0657900279275054e-08,2.8638783987844363e-05
u6_mem_reg\[3\]\[15\],1,0,1,21744,40968,22878,41238,0,0,0,DFFHQNx2_ASAP7_75t_SL,2.5727548091936114e-08,4.898003317066468e-05
u6_mem_reg\[3\]\[16\],1,0,1,19422,39348,20502,39618,0,0,0,DFFHQNx1_ASAP7_75t_SL,2.0657900279275054e-08,9.875684918370098e-05
u6_mem_reg\[3\]\[17\],1,0,1,24012,39348,25092,39618,0,0,0,DFFHQNx1_ASAP7_75t_SL,2.0657900279275054e-08,4.8975351091939956e-05
u6_mem_reg\[3\]\[18\],1,0,1,20880,33138,21960,33408,0,0,0,DFFHQNx1_ASAP7_75t_SL,2.0657900279275054e-08,0.00011775763414334506
u6_mem_reg\[3\]\[19\],1,0,1,24660,32868,25794,33138,0,0,0,DFFHQNx2_ASAP7_75t_SL,2.5727548091936114e-08,9.847836918197572e-05
u6_mem_reg\[3\]\[1\],1,0,1,21960,34488,23040,34758,0,0,0,DFFHQNx1_ASAP7_75t_SL,2.0657900279275054e-08,0.00010039527842309326
u6_mem_reg\[3\]\[20\],1,0,1,25956,38808,27090,39078,0,0,0,DFFHQNx2_ASAP7_75t_SL,2.5727548091936114e-08,9.787236922420561e-05
u6_mem_reg\[3\]\[21\],1,0,1,26010,37188,27144,37458,0,0,0,DFFHQNx2_ASAP7_75t_SL,2.5727548091936114e-08,9.782127744983882e-05
u6_mem_reg\[3\]\[22\],1,0,1,26010,38538,27144,38808,0,0,0,DFFHQNx2_ASAP7_75t_SL,2.5727548091936114e-08,9.785693691810593e-05
u6_mem_reg\[3\]\[23\],1,0,1,19368,35028,20502,35298,0,0,0,DFFHQNx2_ASAP7_75t_SL,2.5727548091936114e-08,9.650994616094977e-05
u6_mem_reg\[3\]\[24\],1,0,1,20070,35838,21204,36108,0,0,0,DFFHQNx2_ASAP7_75t_SL,2.5727548091936114e-08,9.64922655839473e-05
u6_mem_reg\[3\]\[25\],1,0,1,22932,37728,24066,37998,0,0,0,DFFHQNx2_ASAP7_75t_SL,2.5727548091936114e-08,5.53101344848983e-05
u6_mem_reg\[3\]\[26\],1,0,1,19962,37998,21096,38268,0,0,0,DFFHQNx2_ASAP7_75t_SL,2.5727548091936114e-08,9.894707181956619e-05
u6_mem_reg\[3\]\[27\],1,0,1,20394,36918,21528,37188,0,0,0,DFFHQNx2_ASAP7_75t_SL,2.5727548091936114e-08,9.827368921833113e-05
u6_mem_reg\[3\]\[28\],1,0,1,19368,37188,20502,37458,0,0,0,DFFHQNx2_ASAP7_75t_SL,2.5727548091936114e-08,9.895356197375804e-05
u6_mem_reg\[3\]\[29\],1,0,1,25902,35568,27036,35838,0,0,0,DFFHQNx2_ASAP7_75t_SL,2.5727548091936114e-08,9.872856026049703e-05
u6_mem_reg\[3\]\[2\],1,0,1,16938,40428,18072,40698,0,0,0,DFFHQNx2_ASAP7_75t_SL,2.5727548091936114e-08,0.00010137509525520727
u6_mem_reg\[3\]\[30\],1,0,1,25686,32328,26820,32598,0,0,0,DFFHQNx2_ASAP7_75t_SL,2.5727548091936114e-08,9.847927140071988e-05
u6_mem_reg\[3\]\[31\],1,0,1,25686,33138,26820,33408,0,0,0,DFFHQNx2_ASAP7_75t_SL,2.5727548091936114e-08,9.847313776845112e-05
u6_mem_reg\[3\]\[3\],1,0,1,16992,36648,18072,36918,0,0,0,DFFHQNx1_ASAP7_75t_SL,2.0657900279275054e-08,9.848878835327923e-05
u6_mem_reg\[3\]\[4\],1,0,1,17748,37728,18828,37998,0,0,0,DFFHQNx1_ASAP7_75t_SL,2.0657900279275054e-08,9.933434193953872e-05
u6_mem_reg\[3\]\[5\],1,0,1,22878,40698,23958,40968,0,0,0,DFFHQNx1_ASAP7_75t_SL,2.0657900279275054e-08,4.8929658078122884e-05
u6_mem_reg\[3\]\[6\],1,0,1,22284,39618,23418,39888,0,0,0,DFFHQNx2_ASAP7_75t_SL,2.5727548091936114e-08,6.261479575186968e-05
u6_mem_reg\[3\]\[7\],1,0,1,20070,40698,21150,40968,0,0,0,DFFHQNx1_ASAP7_75t_SL,2.0657900279275054e-08,9.879883145913482e-05
u6_mem_reg\[3\]\[8\],1,0,1,17532,42048,18612,42318,0,0,0,DFFHQNx1_ASAP7_75t_SL,2.0657900279275054e-08,2.859276719391346e-05
u6_mem_reg\[3\]\[9\],1,0,1,22932,41778,24012,42048,0,0,0,DFFHQNx1_ASAP7_75t_SL,2.0657900279275054e-08,4.2519553971942514e-05
u6_rp_reg\[0\],1,0,1,19260,31518,20934,31788,0,0,0,SDFHx4_ASAP7_75t_SL,5.828851712408323e-08,0.00021010379714425653
u6_rp_reg\[1\],1,0,1,20502,32058,21852,32328,0,0,0,DFFHQx4_ASAP7_75t_SL,4.641459838694573e-08,0.00012074226833647117
u6_rp_reg\[2\],1,0,1,18990,32598,20340,32868,0,0,0,DFFHQx4_ASAP7_75t_SL,4.641459838694573e-08,0.00013200686953496188
u6_rp_reg\[3\],1,0,1,18882,30978,20016,31248,0,0,0,DFFHQNx2_ASAP7_75t_SL,2.5727548091936114e-08,0.0001429029507562518
u6_status_reg\[0\],1,0,1,19584,29088,20664,29358,0,0,0,DFFHQNx1_ASAP7_75t_SL,2.0998502492375337e-08,0.00015724518743809313
u6_status_reg\[1\],1,0,1,18936,28818,20016,29088,0,0,0,DFFHQNx1_ASAP7_75t_SL,2.0998502492375337e-08,0.0001589925232110545
u6_wp_reg\[0\],1,0,1,16614,32868,17964,33138,0,0,0,DFFHQx4_ASAP7_75t_SL,4.6414601939659406e-08,9.921970195136964e-05
u6_wp_reg\[1\],1,0,1,16560,33138,17640,33408,0,0,0,DFFHQNx1_ASAP7_75t_SL,2.0657900279275054e-08,9.886038606055081e-05
u6_wp_reg\[2\],1,0,1,17370,32058,18504,32328,0,0,0,DFFHQNx2_ASAP7_75t_SL,2.5727548091936114e-08,0.00015213782899081707
u7_dout_reg\[0\],1,0,1,29844,29358,30978,29628,0,0,0,DFFHQNx2_ASAP7_75t_SL,2.5727548091936114e-08,0.00010072447184938937
u7_dout_reg\[10\],1,0,1,33300,30708,34434,30978,0,0,0,DFFHQNx2_ASAP7_75t_SL,2.5727548091936114e-08,4.816276123165153e-05
u7_dout_reg\[11\],1,0,1,32598,29628,33732,29898,0,0,0,DFFHQNx2_ASAP7_75t_SL,2.5727548091936114e-08,0.00010073643352370709
u7_dout_reg\[12\],1,0,1,33570,30978,34704,31248,0,0,0,DFFHQNx2_ASAP7_75t_SL,2.5727548091936114e-08,4.815968713955954e-05
u7_dout_reg\[13\],1,0,1,33354,32058,34488,32328,0,0,0,DFFHQNx2_ASAP7_75t_SL,2.5727548091936114e-08,4.799052476300858e-05
u7_dout_reg\[14\],1,0,1,33678,31788,34812,32058,0,0,0,DFFHQNx2_ASAP7_75t_SL,2.5727548091936114e-08,4.798887675860897e-05
u7_dout_reg\[15\],1,0,1,31140,31248,32274,31518,0,0,0,DFFHQNx2_ASAP7_75t_SL,2.5727548091936114e-08,0.00010056082101073116
u7_dout_reg\[16\],1,0,1,31626,32058,32760,32328,0,0,0,DFFHQNx2_ASAP7_75t_SL,2.5727548091936114e-08,0.00010050175478681922
u7_dout_reg\[17\],1,0,1,30870,31788,32004,32058,0,0,0,DFFHQNx2_ASAP7_75t_SL,2.5727548091936114e-08,0.00010050089622382075
u7_dout_reg\[18\],1,0,1,30978,29628,32112,29898,0,0,0,DFFHQNx2_ASAP7_75t_SL,2.5727548091936114e-08,0.00010072081931866705
u7_dout_reg\[19\],1,0,1,29466,32058,30600,32328,0,0,0,DFFHQNx2_ASAP7_75t_SL,2.5727548091936114e-08,0.00010041338100563735
u7_dout_reg\[1\],1,0,1,29574,29088,30708,29358,0,0,0,DFFHQNx2_ASAP7_75t_SL,2.5727548091936114e-08,0.00010073209705296904
u7_dout_reg\[2\],1,0,1,28332,29088,29466,29358,0,0,0,DFFHQNx2_ASAP7_75t_SL,2.5727548091936114e-08,0.00010073743032990023
u7_dout_reg\[3\],1,0,1,28656,28818,29736,29088,0,0,0,DFFHQNx1_ASAP7_75t_SL,2.0657900279275054e-08,0.00010071229189634323
u7_dout_reg\[4\],1,0,1,29304,31248,30438,31518,0,0,0,DFFHQNx2_ASAP7_75t_SL,2.5727548091936114e-08,0.0001004209480015561
u7_dout_reg\[5\],1,0,1,29736,30168,30870,30438,0,0,0,DFFHQNx2_ASAP7_75t_SL,2.5727548091936114e-08,0.00010068535630125552
u7_dout_reg\[6\],1,0,1,30438,30708,31572,30978,0,0,0,DFFHQNx2_ASAP7_75t_SL,2.5727548091936114e-08,0.00010063262016046792
u7_dout_reg\[7\],1,0,1,30870,29898,32004,30168,0,0,0,DFFHQNx2_ASAP7_75t_SL,2.5727548091936114e-08,0.00010072025906993076
u7_dout_reg\[8\],1,0,1,32490,30168,33624,30438,0,0,0,DFFHQNx2_ASAP7_75t_SL,2.5727548091936114e-08,0.0001007437240332365
u7_dout_reg\[9\],1,0,1,32004,29898,33138,30168,0,0,0,DFFHQNx2_ASAP7_75t_SL,2.5727548091936114e-08,0.0001007318205665797
u7_empty_reg,1,0,1,27252,26928,28332,27198,0,0,0,DFFHQNx1_ASAP7_75t_SL,2.0998502492375337e-08,0.00010046890383819118
u7_mem_reg\[0\]\[0\],1,0,1,32382,33138,33462,33408,0,0,0,DFFHQNx1_ASAP7_75t_SL,2.0679053136518633e-08,4.780777817359194e-05
u7_mem_reg\[0\]\[10\],1,0,1,33462,42588,34542,42858,0,0,0,DFFHQNx1_ASAP7_75t_SL,2.0679053136518633e-08,4.9099027819465846e-05
u7_mem_reg\[0\]\[11\],1,0,1,33516,40968,34650,41238,0,0,0,DFFHQNx2_ASAP7_75t_SL,2.5748960297278245e-08,5.3979529184289277e-05
u7_mem_reg\[0\]\[12\],1,0,1,30762,43128,31842,43398,0,0,0,DFFHQNx1_ASAP7_75t_SL,2.0679053136518633e-08,4.874218939221464e-05
u7_mem_reg\[0\]\[13\],1,0,1,30438,39618,31518,39888,0,0,0,DFFHQNx1_ASAP7_75t_SL,2.0679053136518633e-08,4.602292392519303e-05
u7_mem_reg\[0\]\[14\],1,0,1,29952,41238,31086,41508,0,0,0,DFFHQNx2_ASAP7_75t_SL,2.5748960297278245e-08,4.5208365918369964e-05
u7_mem_reg\[0\]\[15\],1,0,1,27468,42858,28548,43128,0,0,0,DFFHQNx1_ASAP7_75t_SL,2.0679053136518633e-08,4.605550930136815e-05
u7_mem_reg\[0\]\[16\],1,0,1,28926,38268,30006,38538,0,0,0,DFFHQNx1_ASAP7_75t_SL,2.0679053136518633e-08,4.5963744923938066e-05
u7_mem_reg\[0\]\[17\],1,0,1,28386,42588,29466,42858,0,0,0,DFFHQNx1_ASAP7_75t_SL,2.0679053136518633e-08,4.643947249860503e-05
u7_mem_reg\[0\]\[18\],1,0,1,27522,32868,28602,33138,0,0,0,DFFHQNx1_ASAP7_75t_SL,2.0679053136518633e-08,0.00010046493116533384
u7_mem_reg\[0\]\[19\],1,0,1,28602,32868,29682,33138,0,0,0,DFFHQNx1_ASAP7_75t_SL,2.0679053136518633e-08,0.00010048400145024061
u7_mem_reg\[0\]\[1\],1,0,1,28116,34218,29250,34488,0,0,0,DFFHQNx2_ASAP7_75t_SL,2.5748960297278245e-08,0.00010041278437711298
u7_mem_reg\[0\]\[20\],1,0,1,32652,38808,33786,39078,0,0,0,DFFHQNx2_ASAP7_75t_SL,2.5748960297278245e-08,5.228874215390533e-05
u7_mem_reg\[0\]\[21\],1,0,1,30384,37728,31464,37998,0,0,0,DFFHQNx1_ASAP7_75t_SL,2.0679053136518633e-08,4.693872688221745e-05
u7_mem_reg\[0\]\[22\],1,0,1,32274,37458,33408,37728,0,0,0,DFFHQNx2_ASAP7_75t_SL,2.5748960297278245e-08,4.7508470743196085e-05
u7_mem_reg\[0\]\[23\],1,0,1,32166,35568,33300,35838,0,0,0,DFFHQNx2_ASAP7_75t_SL,2.5748960297278245e-08,4.767982682096772e-05
u7_mem_reg\[0\]\[24\],1,0,1,32328,36378,33462,36648,0,0,0,DFFHQNx2_ASAP7_75t_SL,2.5748960297278245e-08,4.760795127367601e-05
u7_mem_reg\[0\]\[25\],1,0,1,31302,39078,32436,39348,0,0,0,DFFHQNx2_ASAP7_75t_SL,2.5748960297278245e-08,5.229731686995365e-05
u7_mem_reg\[0\]\[26\],1,0,1,30816,38268,31950,38538,0,0,0,DFFHQNx2_ASAP7_75t_SL,2.5748960297278245e-08,4.702353180618957e-05
u7_mem_reg\[0\]\[27\],1,0,1,30816,36648,31896,36918,0,0,0,DFFHQNx1_ASAP7_75t_SL,2.0679053136518633e-08,4.712343434221111e-05
u7_mem_reg\[0\]\[28\],1,0,1,31302,34758,32436,35028,0,0,0,DFFHQNx2_ASAP7_75t_SL,2.5748960297278245e-08,4.782749238074757e-05
u7_mem_reg\[0\]\[29\],1,0,1,29898,35838,31032,36108,0,0,0,DFFHQNx2_ASAP7_75t_SL,2.5748960297278245e-08,9.968407539417967e-05
u7_mem_reg\[0\]\[2\],1,0,1,28116,39618,29250,39888,0,0,0,DFFHQNx2_ASAP7_75t_SL,2.5748960297278245e-08,4.5432450860971585e-05
u7_mem_reg\[0\]\[30\],1,0,1,30654,35028,31788,35298,0,0,0,DFFHQNx2_ASAP7_75t_SL,2.5748960297278245e-08,9.98702525976114e-05
u7_mem_reg\[0\]\[31\],1,0,1,29520,35028,30654,35298,0,0,0,DFFHQNx2_ASAP7_75t_SL,2.5748960297278245e-08,9.986941586248577e-05
u7_mem_reg\[0\]\[3\],1,0,1,28494,37188,29628,37458,0,0,0,DFFHQNx2_ASAP7_75t_SL,2.5748960297278245e-08,4.652320785680786e-05
u7_mem_reg\[0\]\[4\],1,0,1,33300,39888,34380,40158,0,0,0,DFFHQNx1_ASAP7_75t_SL,2.0679053136518633e-08,5.2490922826109454e-05
u7_mem_reg\[0\]\[5\],1,0,1,27738,40968,28872,41238,0,0,0,DFFHQNx2_ASAP7_75t_SL,2.5748960297278245e-08,4.4189255277160555e-05
u7_mem_reg\[0\]\[6\],1,0,1,27414,39888,28548,40158,0,0,0,DFFHQNx2_ASAP7_75t_SL,2.5748960297278245e-08,4.499629358178936e-05
u7_mem_reg\[0\]\[7\],1,0,1,28980,40158,30060,40428,0,0,0,DFFHQNx1_ASAP7_75t_SL,2.0679053136518633e-08,4.5074131776345894e-05
u7_mem_reg\[0\]\[8\],1,0,1,33462,42318,34542,42588,0,0,0,DFFHQNx1_ASAP7_75t_SL,2.0679053136518633e-08,5.38019448867999e-05
u7_mem_reg\[0\]\[9\],1,0,1,33408,41238,34488,41508,0,0,0,DFFHQNx1_ASAP7_75t_SL,2.0679053136518633e-08,5.3892556024948135e-05
u7_mem_reg\[1\]\[0\],1,0,1,32166,34488,33300,34758,0,0,0,DFFHQNx2_ASAP7_75t_SL,2.5727548091936114e-08,4.757360147777945e-05
u7_mem_reg\[1\]\[10\],1,0,1,31950,42588,33030,42858,0,0,0,DFFHQNx1_ASAP7_75t_SL,2.0657900279275054e-08,4.889114643447101e-05
u7_mem_reg\[1\]\[11\],1,0,1,32112,40698,33246,40968,0,0,0,DFFHQNx2_ASAP7_75t_SL,2.5727548091936114e-08,5.0842209020629525e-05
u7_mem_reg\[1\]\[12\],1,0,1,30870,42858,31950,43128,0,0,0,DFFHQNx1_ASAP7_75t_SL,2.0657900279275054e-08,4.814854764845222e-05
u7_mem_reg\[1\]\[13\],1,0,1,30546,39888,31626,40158,0,0,0,DFFHQNx1_ASAP7_75t_SL,2.0657900279275054e-08,4.5837616198696196e-05
u7_mem_reg\[1\]\[14\],1,0,1,30060,40968,31194,41238,0,0,0,DFFHQNx2_ASAP7_75t_SL,2.5727548091936114e-08,4.496527253650129e-05
u7_mem_reg\[1\]\[15\],1,0,1,27414,42048,28494,42318,0,0,0,DFFHQNx1_ASAP7_75t_SL,2.0657900279275054e-08,4.365996937849559e-05
u7_mem_reg\[1\]\[16\],1,0,1,27306,38538,28386,38808,0,0,0,DFFHQNx1_ASAP7_75t_SL,2.0657900279275054e-08,4.554725455818698e-05
u7_mem_reg\[1\]\[17\],1,0,1,29196,42858,30276,43128,0,0,0,DFFHQNx1_ASAP7_75t_SL,2.0657900279275054e-08,4.7014713345561177e-05
u7_mem_reg\[1\]\[18\],1,0,1,27198,35838,28278,36108,0,0,0,DFFHQNx1_ASAP7_75t_SL,2.0657900279275054e-08,9.88830579444766e-05
u7_mem_reg\[1\]\[19\],1,0,1,28440,35028,29520,35298,0,0,0,DFFHQNx1_ASAP7_75t_SL,2.0657900279275054e-08,9.90694243228063e-05
u7_mem_reg\[1\]\[1\],1,0,1,28494,35838,29628,36108,0,0,0,DFFHQNx2_ASAP7_75t_SL,2.5727548091936114e-08,9.909109212458134e-05
u7_mem_reg\[1\]\[20\],1,0,1,32436,38538,33570,38808,0,0,0,DFFHQNx2_ASAP7_75t_SL,2.5727548091936114e-08,5.203388718655333e-05
u7_mem_reg\[1\]\[21\],1,0,1,30276,37458,31410,37728,0,0,0,DFFHQNx2_ASAP7_75t_SL,2.5727548091936114e-08,4.655611701309681e-05
u7_mem_reg\[1\]\[22\],1,0,1,32220,37188,33300,37458,0,0,0,DFFHQNx1_ASAP7_75t_SL,2.0657900279275054e-08,4.722659650724381e-05
u7_mem_reg\[1\]\[23\],1,0,1,32220,35298,33354,35568,0,0,0,DFFHQNx2_ASAP7_75t_SL,2.5727548091936114e-08,4.7579407691955566e-05
u7_mem_reg\[1\]\[24\],1,0,1,32274,36648,33408,36918,0,0,0,DFFHQNx2_ASAP7_75t_SL,2.5727548091936114e-08,4.7125318815233186e-05
u7_mem_reg\[1\]\[25\],1,0,1,31518,38808,32652,39078,0,0,0,DFFHQNx2_ASAP7_75t_SL,2.5727548091936114e-08,5.203983164392412e-05
u7_mem_reg\[1\]\[26\],1,0,1,30978,37998,32112,38268,0,0,0,DFFHQNx2_ASAP7_75t_SL,2.5727548091936114e-08,4.6775741793680936e-05
u7_mem_reg\[1\]\[27\],1,0,1,31302,36918,32436,37188,0,0,0,DFFHQNx2_ASAP7_75t_SL,2.5727548091936114e-08,4.7043849917827174e-05
u7_mem_reg\[1\]\[28\],1,0,1,31032,35838,32166,36108,0,0,0,DFFHQNx2_ASAP7_75t_SL,2.5727548091936114e-08,9.934788977261633e-05
u7_mem_reg\[1\]\[29\],1,0,1,29736,36108,30870,36378,0,0,0,DFFHQNx2_ASAP7_75t_SL,2.5727548091936114e-08,9.944730845745653e-05
u7_mem_reg\[1\]\[2\],1,0,1,27900,38808,28980,39078,0,0,0,DFFHQNx1_ASAP7_75t_SL,2.0657900279275054e-08,4.5270735427038744e-05
u7_mem_reg\[1\]\[30\],1,0,1,31032,35568,32166,35838,0,0,0,DFFHQNx2_ASAP7_75t_SL,2.5727548091936114e-08,9.934882109519094e-05
u7_mem_reg\[1\]\[31\],1,0,1,29682,35298,30816,35568,0,0,0,DFFHQNx2_ASAP7_75t_SL,2.5727548091936114e-08,9.952462278306484e-05
u7_mem_reg\[1\]\[3\],1,0,1,29196,37458,30276,37728,0,0,0,DFFHQNx1_ASAP7_75t_SL,2.0657900279275054e-08,4.6334062062669545e-05
u7_mem_reg\[1\]\[4\],1,0,1,32058,39888,33192,40158,0,0,0,DFFHQNx2_ASAP7_75t_SL,2.5727548091936114e-08,5.164116737432778e-05
u7_mem_reg\[1\]\[5\],1,0,1,27522,41238,28656,41508,0,0,0,DFFHQNx2_ASAP7_75t_SL,2.5727548091936114e-08,4.394682036945596e-05
u7_mem_reg\[1\]\[6\],1,0,1,26982,39618,28116,39888,0,0,0,DFFHQNx2_ASAP7_75t_SL,2.5727548091936114e-08,4.518804416875355e-05
u7_mem_reg\[1\]\[7\],1,0,1,29304,40428,30384,40698,0,0,0,DFFHQNx1_ASAP7_75t_SL,2.0657900279275054e-08,4.490985884331167e-05
u7_mem_reg\[1\]\[8\],1,0,1,31896,42318,32976,42588,0,0,0,DFFHQNx1_ASAP7_75t_SL,2.0657900279275054e-08,4.9731082981452346e-05
u7_mem_reg\[1\]\[9\],1,0,1,31248,41508,32328,41778,0,0,0,DFFHQNx1_ASAP7_75t_SL,2.0657900279275054e-08,5.009514279663563e-05
u7_mem_reg\[2\]\[0\],1,0,1,32544,33408,33624,33678,0,0,0,DFFHQNx1_ASAP7_75t_SL,2.0657900279275054e-08,4.7666373575339094e-05
u7_mem_reg\[2\]\[10\],1,0,1,34542,42318,35622,42588,0,0,0,DFFHQNx1_ASAP7_75t_SL,2.0657900279275054e-08,5.359165515983477e-05
u7_mem_reg\[2\]\[11\],1,0,1,34272,40698,35406,40968,0,0,0,DFFHQNx2_ASAP7_75t_SL,2.5727548091936114e-08,5.3512056183535606e-05
u7_mem_reg\[2\]\[12\],1,0,1,30114,42318,31248,42588,0,0,0,DFFHQNx2_ASAP7_75t_SL,2.5727548091936114e-08,4.744095349451527e-05
u7_mem_reg\[2\]\[13\],1,0,1,29628,39348,30708,39618,0,0,0,DFFHQNx1_ASAP7_75t_SL,2.0657900279275054e-08,4.5827546273358166e-05
u7_mem_reg\[2\]\[14\],1,0,1,30816,40698,31950,40968,0,0,0,DFFHQNx2_ASAP7_75t_SL,2.5727548091936114e-08,5.0849965191446245e-05
u7_mem_reg\[2\]\[15\],1,0,1,26658,42318,27792,42588,0,0,0,DFFHQNx2_ASAP7_75t_SL,2.5727548091936114e-08,4.3691470636986196e-05
u7_mem_reg\[2\]\[16\],1,0,1,29142,38808,30222,39078,0,0,0,DFFHQNx1_ASAP7_75t_SL,2.0657900279275054e-08,4.581252142088488e-05
u7_mem_reg\[2\]\[17\],1,0,1,28494,42318,29574,42588,0,0,0,DFFHQNx1_ASAP7_75t_SL,2.0657900279275054e-08,4.625415022019297e-05
u7_mem_reg\[2\]\[18\],1,0,1,27792,32598,28872,32868,0,0,0,DFFHQNx1_ASAP7_75t_SL,2.0657900279275054e-08,0.00010020895570050925
u7_mem_reg\[2\]\[19\],1,0,1,28872,32598,29952,32868,0,0,0,DFFHQNx1_ASAP7_75t_SL,2.0657900279275054e-08,0.00010027633106801659
u7_mem_reg\[2\]\[1\],1,0,1,28494,33948,29628,34218,0,0,0,DFFHQNx2_ASAP7_75t_SL,2.5727548091936114e-08,0.00010006907541537657
u7_mem_reg\[2\]\[20\],1,0,1,34218,39618,35298,39888,0,0,0,DFFHQNx1_ASAP7_75t_SL,2.0657900279275054e-08,5.3618296078639105e-05
u7_mem_reg\[2\]\[21\],1,0,1,34542,37188,35622,37458,0,0,0,DFFHQNx1_ASAP7_75t_SL,2.0657900279275054e-08,5.597854033112526e-05
u7_mem_reg\[2\]\[22\],1,0,1,34488,34488,35568,34758,0,0,0,DFFHQNx1_ASAP7_75t_SL,2.0657900279275054e-08,5.6242359278257936e-05
u7_mem_reg\[2\]\[23\],1,0,1,34164,35298,35244,35568,0,0,0,DFFHQNx1_ASAP7_75t_SL,2.0657900279275054e-08,5.622655226034112e-05
u7_mem_reg\[2\]\[24\],1,0,1,34542,35838,35622,36108,0,0,0,DFFHQNx1_ASAP7_75t_SL,2.0657900279275054e-08,5.6186807341873646e-05
u7_mem_reg\[2\]\[25\],1,0,1,34272,39078,35352,39348,0,0,0,DFFHQNx1_ASAP7_75t_SL,2.0657900279275054e-08,5.385169788496569e-05
u7_mem_reg\[2\]\[26\],1,0,1,34650,38268,35730,38538,0,0,0,DFFHQNx1_ASAP7_75t_SL,2.0657900279275054e-08,5.461542241391726e-05
u7_mem_reg\[2\]\[27\],1,0,1,33948,33408,35082,33678,0,0,0,DFFHQNx2_ASAP7_75t_SL,2.5727548091936114e-08,4.778896982315928e-05
u7_mem_reg\[2\]\[28\],1,0,1,31140,33408,32274,33678,0,0,0,DFFHQNx2_ASAP7_75t_SL,2.5727548091936114e-08,4.760012234328315e-05
u7_mem_reg\[2\]\[29\],1,0,1,30060,33948,31194,34218,0,0,0,DFFHQNx2_ASAP7_75t_SL,2.5727548091936114e-08,9.96597736957483e-05
u7_mem_reg\[2\]\[2\],1,0,1,28548,39888,29682,40158,0,0,0,DFFHQNx2_ASAP7_75t_SL,2.5727548091936114e-08,4.491858999244869e-05
u7_mem_reg\[2\]\[30\],1,0,1,34002,32868,35136,33138,0,0,0,DFFHQNx2_ASAP7_75t_SL,2.5727548091936114e-08,4.788284786627628e-05
u7_mem_reg\[2\]\[31\],1,0,1,29790,33138,30924,33408,0,0,0,DFFHQNx2_ASAP7_75t_SL,2.5727548091936114e-08,9.972212137654424e-05
u7_mem_reg\[2\]\[3\],1,0,1,28548,36918,29682,37188,0,0,0,DFFHQNx2_ASAP7_75t_SL,2.5727548091936114e-08,4.614703721017577e-05
u7_mem_reg\[2\]\[4\],1,0,1,33894,40158,34974,40428,0,0,0,DFFHQNx1_ASAP7_75t_SL,2.0657900279275054e-08,5.261839396553114e-05
u7_mem_reg\[2\]\[5\],1,0,1,26658,40968,27738,41238,0,0,0,DFFHQNx1_ASAP7_75t_SL,2.0657900279275054e-08,4.390449248603545e-05
u7_mem_reg\[2\]\[6\],1,0,1,26604,40428,27684,40698,0,0,0,DFFHQNx1_ASAP7_75t_SL,2.0657900279275054e-08,4.424425424076617e-05
u7_mem_reg\[2\]\[7\],1,0,1,28818,41238,29898,41508,0,0,0,DFFHQNx1_ASAP7_75t_SL,2.0657900279275054e-08,4.492136213229969e-05
u7_mem_reg\[2\]\[8\],1,0,1,34218,42048,35298,42318,0,0,0,DFFHQNx1_ASAP7_75t_SL,2.0657900279275054e-08,5.359000715543516e-05
u7_mem_reg\[2\]\[9\],1,0,1,34218,41508,35298,41778,0,0,0,DFFHQNx1_ASAP7_75t_SL,2.0657900279275054e-08,5.3579104132950306e-05
u7_mem_reg\[3\]\[0\],1,0,1,32544,33948,33678,34218,0,0,0,DFFHQNx2_ASAP7_75t_SL,2.5727548091936114e-08,4.7598248784197494e-05
u7_mem_reg\[3\]\[10\],1,0,1,32382,42858,33462,43128,0,0,0,DFFHQNx1_ASAP7_75t_SL,2.0657900279275054e-08,4.889471165370196e-05
u7_mem_reg\[3\]\[11\],1,0,1,32382,40968,33516,41238,0,0,0,DFFHQNx2_ASAP7_75t_SL,2.5727548091936114e-08,5.048948878538795e-05
u7_mem_reg\[3\]\[12\],1,0,1,30276,42588,31410,42858,0,0,0,DFFHQNx2_ASAP7_75t_SL,2.5727548091936114e-08,4.780924791703001e-05
u7_mem_reg\[3\]\[13\],1,0,1,29736,39078,30816,39348,0,0,0,DFFHQNx1_ASAP7_75t_SL,2.0657900279275054e-08,4.581318353302777e-05
u7_mem_reg\[3\]\[14\],1,0,1,30924,40428,32058,40698,0,0,0,DFFHQNx2_ASAP7_75t_SL,2.5727548091936114e-08,5.085053635411896e-05
u7_mem_reg\[3\]\[15\],1,0,1,26712,42588,27846,42858,0,0,0,DFFHQNx2_ASAP7_75t_SL,2.5727548091936114e-08,4.5115346438251436e-05
u7_mem_reg\[3\]\[16\],1,0,1,27090,37998,28170,38268,0,0,0,DFFHQNx1_ASAP7_75t_SL,2.0998500716018498e-08,4.565002382150851e-05
u7_mem_reg\[3\]\[17\],1,0,1,29196,43128,30276,43398,0,0,0,DFFHQNx1_ASAP7_75t_SL,2.0657900279275054e-08,4.740964141092263e-05
u7_mem_reg\[3\]\[18\],1,0,1,27306,35568,28386,35838,0,0,0,DFFHQNx1_ASAP7_75t_SL,2.0657900279275054e-08,9.888436034088954e-05
u7_mem_reg\[3\]\[19\],1,0,1,28494,33678,29574,33948,0,0,0,DFFHQNx1_ASAP7_75t_SL,2.0657900279275054e-08,9.995393338613212e-05
u7_mem_reg\[3\]\[1\],1,0,1,28548,35568,29682,35838,0,0,0,DFFHQNx2_ASAP7_75t_SL,2.5727548091936114e-08,9.917707939166576e-05
u7_mem_reg\[3\]\[20\],1,0,1,34110,38538,35190,38808,0,0,0,DFFHQNx1_ASAP7_75t_SL,2.0657900279275054e-08,5.438506559585221e-05
u7_mem_reg\[3\]\[21\],1,0,1,34056,36918,35136,37188,0,0,0,DFFHQNx1_ASAP7_75t_SL,2.0657900279275054e-08,4.719066055258736e-05
u7_mem_reg\[3\]\[22\],1,0,1,33894,36108,34974,36378,0,0,0,DFFHQNx1_ASAP7_75t_SL,2.0657900279275054e-08,4.7205350711010396e-05
u7_mem_reg\[3\]\[23\],1,0,1,33840,34758,34920,35028,0,0,0,DFFHQNx1_ASAP7_75t_SL,2.0657900279275054e-08,4.753198300022632e-05
u7_mem_reg\[3\]\[24\],1,0,1,33354,35838,34434,36108,0,0,0,DFFHQNx1_ASAP7_75t_SL,2.0657900279275054e-08,4.739689393318258e-05
u7_mem_reg\[3\]\[25\],1,0,1,33516,38268,34596,38538,0,0,0,DFFHQNx1_ASAP7_75t_SL,2.0657900279275054e-08,5.200464875088073e-05
u7_mem_reg\[3\]\[26\],1,0,1,33462,37188,34542,37458,0,0,0,DFFHQNx1_ASAP7_75t_SL,2.0657900279275054e-08,4.721514414995909e-05
u7_mem_reg\[3\]\[27\],1,0,1,33732,33678,34866,33948,0,0,0,DFFHQNx2_ASAP7_75t_SL,2.5727548091936114e-08,4.778527363669127e-05
u7_mem_reg\[3\]\[28\],1,0,1,31356,33678,32490,33948,0,0,0,DFFHQNx2_ASAP7_75t_SL,2.5727548091936114e-08,4.7597233788110316e-05
u7_mem_reg\[3\]\[29\],1,0,1,30222,34218,31356,34488,0,0,0,DFFHQNx2_ASAP7_75t_SL,2.5727548091936114e-08,9.966084326151758e-05
u7_mem_reg\[3\]\[2\],1,0,1,28386,38538,29466,38808,0,0,0,DFFHQNx1_ASAP7_75t_SL,2.0657900279275054e-08,4.5658976887352765e-05
u7_mem_reg\[3\]\[30\],1,0,1,33786,33138,34920,33408,0,0,0,DFFHQNx2_ASAP7_75t_SL,2.5727548091936114e-08,4.7879562771413475e-05
u7_mem_reg\[3\]\[31\],1,0,1,29520,33408,30654,33678,0,0,0,DFFHQNx2_ASAP7_75t_SL,2.5727548091936114e-08,9.986371151171625e-05
u7_mem_reg\[3\]\[3\],1,0,1,29628,37188,30708,37458,0,0,0,DFFHQNx1_ASAP7_75t_SL,2.0657900279275054e-08,4.6430068323388696e-05
u7_mem_reg\[3\]\[4\],1,0,1,32490,39618,33570,39888,0,0,0,DFFHQNx1_ASAP7_75t_SL,2.0657900279275054e-08,5.198228973313235e-05
u7_mem_reg\[3\]\[5\],1,0,1,26442,41238,27522,41508,0,0,0,DFFHQNx1_ASAP7_75t_SL,2.0657900279275054e-08,4.390430694911629e-05
u7_mem_reg\[3\]\[6\],1,0,1,26496,40158,27576,40428,0,0,0,DFFHQNx1_ASAP7_75t_SL,2.0657900279275054e-08,4.457371687749401e-05
u7_mem_reg\[3\]\[7\],1,0,1,28926,40968,30006,41238,0,0,0,DFFHQNx1_ASAP7_75t_SL,2.0657900279275054e-08,4.492266452871263e-05
u7_mem_reg\[3\]\[8\],1,0,1,32328,43128,33408,43398,0,0,0,DFFHQNx1_ASAP7_75t_SL,2.0657900279275054e-08,4.854388316744007e-05
u7_mem_reg\[3\]\[9\],1,0,1,31842,41238,32922,41508,0,0,0,DFFHQNx1_ASAP7_75t_SL,2.0657900279275054e-08,5.045212310506031e-05
u7_rp_reg\[0\],1,0,1,27792,30978,29142,31248,0,0,0,SDFHx1_ASAP7_75t_SL,2.5019618377086772e-08,0.00010058619955088943
u7_rp_reg\[1\],1,0,1,25902,31248,27252,31518,0,0,0,DFFHQx4_ASAP7_75t_SL,4.641459838694573e-08,9.755853534443304e-05
u7_rp_reg\[2\],1,0,1,25902,31518,27252,31788,0,0,0,DFFHQx4_ASAP7_75t_SL,4.641459838694573e-08,9.755756764207035e-05
u7_rp_reg\[3\],1,0,1,27252,30168,28332,30438,0,0,0,DFFHQNx1_ASAP7_75t_SL,2.0657900279275054e-08,0.00010029893746832386
u7_status_reg\[0\],1,0,1,22770,27738,23850,28008,0,0,0,DFFHQNx1_ASAP7_75t_SL,2.0998502492375337e-08,0.0001946880220202729
u7_status_reg\[1\],1,0,1,22824,26928,23904,27198,0,0,0,DFFHQNx1_ASAP7_75t_SL,2.0998502492375337e-08,0.0001938195200636983
u7_wp_reg\[0\],1,0,1,27198,28548,28548,28818,0,0,0,DFFHQx4_ASAP7_75t_SL,4.6414601939659406e-08,0.00010068470874102786
u7_wp_reg\[1\],1,0,1,26658,34218,27792,34488,0,0,0,DFFHQNx2_ASAP7_75t_SL,2.5727548091936114e-08,9.845035674516112e-05
u7_wp_reg\[2\],1,0,1,26658,28818,27738,29088,0,0,0,DFFHQNx1_ASAP7_75t_SL,2.0657900279275054e-08,0.00010032636055257171
u8_dout_reg\[0\],1,0,1,23472,13428,24606,13698,0,0,0,DFFHQNx2_ASAP7_75t_SL,2.5727548091936114e-08,0.0002174299443140626
u8_dout_reg\[10\],1,0,1,26280,12618,27414,12888,0,0,0,DFFHQNx2_ASAP7_75t_SL,2.5727548091936114e-08,0.00021758829825557768
u8_dout_reg\[11\],1,0,1,27414,12618,28548,12888,0,0,0,DFFHQNx2_ASAP7_75t_SL,2.5727548091936114e-08,0.0002175942063331604
u8_dout_reg\[12\],1,0,1,26820,12348,27954,12618,0,0,0,DFFHQNx2_ASAP7_75t_SL,2.5727548091936114e-08,0.0002175931294914335
u8_dout_reg\[13\],1,0,1,27846,11538,28980,11808,0,0,0,DFFHQNx2_ASAP7_75t_SL,2.5727548091936114e-08,0.00022346407058648765
u8_dout_reg\[14\],1,0,1,28008,13698,29142,13968,0,0,0,DFFHQNx2_ASAP7_75t_SL,2.5727548091936114e-08,0.00021758704679086804
u8_dout_reg\[15\],1,0,1,28386,13158,29520,13428,0,0,0,DFFHQNx2_ASAP7_75t_SL,2.5727548091936114e-08,0.00021759298397228122
u8_dout_reg\[16\],1,0,1,28710,13428,29844,13698,0,0,0,DFFHQNx2_ASAP7_75t_SL,2.5727548091936114e-08,0.00021759123774245381
u8_dout_reg\[17\],1,0,1,29466,13698,30600,13968,0,0,0,DFFHQNx2_ASAP7_75t_SL,2.5727548091936114e-08,0.00021759211085736752
u8_dout_reg\[18\],1,0,1,29358,12348,30492,12618,0,0,0,DFFHQNx2_ASAP7_75t_SL,2.5727548091936114e-08,0.00023494361084885895
u8_dout_reg\[19\],1,0,1,29304,12618,30438,12888,0,0,0,DFFHQNx2_ASAP7_75t_SL,2.5727548091936114e-08,0.00023494289780501276
u8_dout_reg\[1\],1,0,1,24228,13698,25362,13968,0,0,0,DFFHQNx2_ASAP7_75t_SL,2.5727548091936114e-08,0.00021748665312770754
u8_dout_reg\[2\],1,0,1,23418,12888,24552,13158,0,0,0,DFFHQNx2_ASAP7_75t_SL,2.5727548091936114e-08,0.00021736143389716744
u8_dout_reg\[3\],1,0,1,23796,12618,24930,12888,0,0,0,DFFHQNx2_ASAP7_75t_SL,2.5727548091936114e-08,0.00021653738804161549
u8_dout_reg\[4\],1,0,1,24768,12888,25902,13158,0,0,0,DFFHQNx2_ASAP7_75t_SL,2.5727548091936114e-08,0.00021757278591394424
u8_dout_reg\[5\],1,0,1,25686,13158,26820,13428,0,0,0,DFFHQNx2_ASAP7_75t_SL,2.5727548091936114e-08,0.00021756926435045898
u8_dout_reg\[6\],1,0,1,25146,13428,26280,13698,0,0,0,DFFHQNx2_ASAP7_75t_SL,2.5727548091936114e-08,0.00021751338499598205
u8_dout_reg\[7\],1,0,1,26388,13698,27522,13968,0,0,0,DFFHQNx2_ASAP7_75t_SL,2.5727548091936114e-08,0.0002175614790758118
u8_dout_reg\[8\],1,0,1,25470,12348,26604,12618,0,0,0,DFFHQNx2_ASAP7_75t_SL,2.5727548091936114e-08,0.0002175832341890782
u8_dout_reg\[9\],1,0,1,27036,13428,28170,13698,0,0,0,DFFHQNx2_ASAP7_75t_SL,2.5727548091936114e-08,0.0002175720001105219
u8_empty_reg,1,0,1,22176,14778,23256,15048,0,0,0,DFFHQNx1_ASAP7_75t_SL,2.0998502492375337e-08,0.00021293463942129165
u8_mem_reg\[0\]\[0\],1,0,1,25632,4518,26712,4788,0,0,0,DFFHQNx1_ASAP7_75t_SL,2.0679053136518633e-08,0.00022812324459664524
u8_mem_reg\[0\]\[10\],1,0,1,23904,7218,25038,7488,0,0,0,DFFHQNx2_ASAP7_75t_SL,2.5748960297278245e-08,0.00022800399165134877
u8_mem_reg\[0\]\[11\],1,0,1,27144,4788,28278,5058,0,0,0,DFFHQNx2_ASAP7_75t_SL,2.5748960297278245e-08,0.00022464645735453814
u8_mem_reg\[0\]\[12\],1,0,1,25740,6408,26874,6678,0,0,0,DFFHQNx2_ASAP7_75t_SL,2.5748960297278245e-08,0.00022817325952928513
u8_mem_reg\[0\]\[13\],1,0,1,20232,5328,21366,5598,0,0,0,DFFHQNx2_ASAP7_75t_SL,2.5748960297278245e-08,0.000229118115385063
u8_mem_reg\[0\]\[14\],1,0,1,24984,5598,26118,5868,0,0,0,DFFHQNx2_ASAP7_75t_SL,2.5748960297278245e-08,0.0002280349872307852
u8_mem_reg\[0\]\[15\],1,0,1,28710,4518,29790,4788,0,0,0,DFFHQNx1_ASAP7_75t_SL,2.0679053136518633e-08,0.00022456722217611969
u8_mem_reg\[0\]\[16\],1,0,1,20178,6408,21258,6678,0,0,0,DFFHQNx1_ASAP7_75t_SL,2.0679053136518633e-08,0.00022950550192035735
u8_mem_reg\[0\]\[17\],1,0,1,28008,6408,29088,6678,0,0,0,DFFHQNx1_ASAP7_75t_SL,2.0679053136518633e-08,0.00022452710254583508
u8_mem_reg\[0\]\[18\],1,0,1,26064,7488,27144,7758,0,0,0,DFFHQNx1_ASAP7_75t_SL,2.0679053136518633e-08,0.00022811567760072649
u8_mem_reg\[0\]\[19\],1,0,1,29304,6408,30438,6678,0,0,0,DFFHQNx2_ASAP7_75t_SL,2.5748960297278245e-08,0.00022478963364847004
u8_mem_reg\[0\]\[1\],1,0,1,24390,4518,25524,4788,0,0,0,DFFHQNx2_ASAP7_75t_SL,2.5748960297278245e-08,0.00022820498270448297
u8_mem_reg\[0\]\[20\],1,0,1,23904,10458,25038,10728,0,0,0,DFFHQNx2_ASAP7_75t_SL,2.5748960297278245e-08,0.000222216549445875
u8_mem_reg\[0\]\[21\],1,0,1,27198,7758,28332,8028,0,0,0,DFFHQNx2_ASAP7_75t_SL,2.5748960297278245e-08,0.00022460617765318602
u8_mem_reg\[0\]\[22\],1,0,1,23526,9648,24660,9918,0,0,0,DFFHQNx2_ASAP7_75t_SL,2.5748960297278245e-08,0.0002239914465462789
u8_mem_reg\[0\]\[23\],1,0,1,26442,8568,27576,8838,0,0,0,DFFHQNx2_ASAP7_75t_SL,2.5748960297278245e-08,0.00022412413090933114
u8_mem_reg\[0\]\[24\],1,0,1,25470,9378,26604,9648,0,0,0,DFFHQNx2_ASAP7_75t_SL,2.5748960297278245e-08,0.00022376894776243716
u8_mem_reg\[0\]\[25\],1,0,1,27900,8298,29034,8568,0,0,0,DFFHQNx2_ASAP7_75t_SL,2.5748960297278245e-08,0.00022437568986788392
u8_mem_reg\[0\]\[26\],1,0,1,25308,10728,26442,10998,0,0,0,DFFHQNx2_ASAP7_75t_SL,2.5748960297278245e-08,0.00022377455024980009
u8_mem_reg\[0\]\[27\],1,0,1,27414,10458,28548,10728,0,0,0,DFFHQNx2_ASAP7_75t_SL,2.5748960297278245e-08,0.00022402126342058182
u8_mem_reg\[0\]\[28\],1,0,1,26766,10188,27900,10458,0,0,0,DFFHQNx2_ASAP7_75t_SL,2.5748960297278245e-08,0.00022401656315196306
u8_mem_reg\[0\]\[29\],1,0,1,29520,10188,30654,10458,0,0,0,DFFHQNx2_ASAP7_75t_SL,2.5748960297278245e-08,0.0002357885241508484
u8_mem_reg\[0\]\[2\],1,0,1,20934,4788,22014,5058,0,0,0,DFFHQNx1_ASAP7_75t_SL,2.0679053136518633e-08,0.0002291090349899605
u8_mem_reg\[0\]\[30\],1,0,1,29628,9918,30762,10188,0,0,0,DFFHQNx2_ASAP7_75t_SL,2.5748960297278245e-08,0.00023590819910168648
u8_mem_reg\[0\]\[31\],1,0,1,29412,8028,30546,8298,0,0,0,DFFHQNx2_ASAP7_75t_SL,2.5748960297278245e-08,0.00023584130394738168
u8_mem_reg\[0\]\[3\],1,0,1,22770,8298,23850,8568,0,0,0,DFFHQNx1_ASAP7_75t_SL,2.0679053136518633e-08,0.00022642457042820752
u8_mem_reg\[0\]\[4\],1,0,1,20340,6948,21474,7218,0,0,0,DFFHQNx2_ASAP7_75t_SL,2.5748960297278245e-08,0.0002295679150847718
u8_mem_reg\[0\]\[5\],1,0,1,29628,4788,30762,5058,0,0,0,DFFHQNx2_ASAP7_75t_SL,2.5748960297278245e-08,0.00022842868929728866
u8_mem_reg\[0\]\[6\],1,0,1,24498,6408,25578,6678,0,0,0,DFFHQNx1_ASAP7_75t_SL,2.0679053136518633e-08,0.0002279213658766821
u8_mem_reg\[0\]\[7\],1,0,1,29412,5868,30546,6138,0,0,0,DFFHQNx2_ASAP7_75t_SL,2.5748960297278245e-08,0.00022477548918686807
u8_mem_reg\[0\]\[8\],1,0,1,22608,4518,23742,4788,0,0,0,DFFHQNx2_ASAP7_75t_SL,2.5748960297278245e-08,0.00022778016864322126
u8_mem_reg\[0\]\[9\],1,0,1,29628,5058,30762,5328,0,0,0,DFFHQNx2_ASAP7_75t_SL,2.5748960297278245e-08,0.00022842679754830897
u8_mem_reg\[1\]\[0\],1,0,1,25686,4788,26766,5058,0,0,0,DFFHQNx1_ASAP7_75t_SL,2.0657900279275054e-08,0.00022757655824534595
u8_mem_reg\[1\]\[10\],1,0,1,24444,6948,25578,7218,0,0,0,DFFHQNx2_ASAP7_75t_SL,2.5727548091936114e-08,0.00022742917644791305
u8_mem_reg\[1\]\[11\],1,0,1,27036,5058,28170,5328,0,0,0,DFFHQNx2_ASAP7_75t_SL,2.5727548091936114e-08,0.0002240732137579471
u8_mem_reg\[1\]\[12\],1,0,1,27144,6138,28224,6408,0,0,0,DFFHQNx1_ASAP7_75t_SL,2.0657900279275054e-08,0.0002240269532194361
u8_mem_reg\[1\]\[13\],1,0,1,21474,5598,22554,5868,0,0,0,DFFHQNx1_ASAP7_75t_SL,2.0657900279275054e-08,0.00022851387620903552
u8_mem_reg\[1\]\[14\],1,0,1,24012,5868,25146,6138,0,0,0,DFFHQNx2_ASAP7_75t_SL,2.5727548091936114e-08,0.00022740104759577662
u8_mem_reg\[1\]\[15\],1,0,1,28440,4248,29520,4518,0,0,0,DFFHQNx1_ASAP7_75t_SL,2.0657900279275054e-08,0.0002240516769234091
u8_mem_reg\[1\]\[16\],1,0,1,22554,6948,23634,7218,0,0,0,DFFHQNx1_ASAP7_75t_SL,2.0657900279275054e-08,0.0002276434242958203
u8_mem_reg\[1\]\[17\],1,0,1,28278,6678,29358,6948,0,0,0,DFFHQNx1_ASAP7_75t_SL,2.0657900279275054e-08,0.00022401081514544785
u8_mem_reg\[1\]\[18\],1,0,1,26334,7218,27414,7488,0,0,0,DFFHQNx1_ASAP7_75t_SL,2.0657900279275054e-08,0.00022759460262022913
u8_mem_reg\[1\]\[19\],1,0,1,28332,7218,29412,7488,0,0,0,DFFHQNx1_ASAP7_75t_SL,2.0657900279275054e-08,0.00022399090812541544
u8_mem_reg\[1\]\[1\],1,0,1,24714,3978,25848,4248,0,0,0,DFFHQNx2_ASAP7_75t_SL,2.5727548091936114e-08,0.00022734800586476922
u8_mem_reg\[1\]\[20\],1,0,1,24066,10188,25200,10458,0,0,0,DFFHQNx2_ASAP7_75t_SL,2.5727548091936114e-08,0.00022165232803672552
u8_mem_reg\[1\]\[21\],1,0,1,27522,7488,28656,7758,0,0,0,DFFHQNx2_ASAP7_75t_SL,2.5727548091936114e-08,0.00022403575712814927
u8_mem_reg\[1\]\[22\],1,0,1,24660,9648,25794,9918,0,0,0,DFFHQNx2_ASAP7_75t_SL,2.5727548091936114e-08,0.00022302792058326304
u8_mem_reg\[1\]\[23\],1,0,1,26496,8298,27630,8568,0,0,0,DFFHQNx2_ASAP7_75t_SL,2.5727548091936114e-08,0.00022368977079167962
u8_mem_reg\[1\]\[24\],1,0,1,25956,9648,27090,9918,0,0,0,DFFHQNx2_ASAP7_75t_SL,2.5727548091936114e-08,0.0002232631086371839
u8_mem_reg\[1\]\[25\],1,0,1,28116,8028,29250,8298,0,0,0,DFFHQNx2_ASAP7_75t_SL,2.5727548091936114e-08,0.0002238623274024576
u8_mem_reg\[1\]\[26\],1,0,1,25470,10458,26550,10728,0,0,0,DFFHQNx1_ASAP7_75t_SL,2.0657900279275054e-08,0.00022318493574857712
u8_mem_reg\[1\]\[27\],1,0,1,27900,10188,28980,10458,0,0,0,DFFHQNx1_ASAP7_75t_SL,2.0657900279275054e-08,0.0002234398853033781
u8_mem_reg\[1\]\[28\],1,0,1,26658,9918,27792,10188,0,0,0,DFFHQNx2_ASAP7_75t_SL,2.5727548091936114e-08,0.0002233338018413633
u8_mem_reg\[1\]\[29\],1,0,1,28548,9648,29682,9918,0,0,0,DFFHQNx2_ASAP7_75t_SL,2.5727548091936114e-08,0.0002352894371142611
u8_mem_reg\[1\]\[2\],1,0,1,21690,5058,22770,5328,0,0,0,DFFHQNx1_ASAP7_75t_SL,2.0657900279275054e-08,0.00022856841678731143
u8_mem_reg\[1\]\[30\],1,0,1,28494,9918,29628,10188,0,0,0,DFFHQNx2_ASAP7_75t_SL,2.5727548091936114e-08,0.00023529009195044637
u8_mem_reg\[1\]\[31\],1,0,1,28710,7758,29844,8028,0,0,0,DFFHQNx2_ASAP7_75t_SL,2.5727548091936114e-08,0.00022406058269552886
u8_mem_reg\[1\]\[3\],1,0,1,21690,8298,22770,8568,0,0,0,DFFHQNx1_ASAP7_75t_SL,2.0657900279275054e-08,0.00022591282322537154
u8_mem_reg\[1\]\[4\],1,0,1,21474,6948,22554,7218,0,0,0,DFFHQNx1_ASAP7_75t_SL,2.0657900279275054e-08,0.00022834845003671944
u8_mem_reg\[1\]\[5\],1,0,1,27846,3978,28926,4248,0,0,0,DFFHQNx1_ASAP7_75t_SL,2.0657900279275054e-08,0.00022774239187128842
u8_mem_reg\[1\]\[6\],1,0,1,23634,8838,24768,9108,0,0,0,DFFHQNx2_ASAP7_75t_SL,2.5727548091936114e-08,0.00022546094260178506
u8_mem_reg\[1\]\[7\],1,0,1,25686,5868,26766,6138,0,0,0,DFFHQNx1_ASAP7_75t_SL,2.0657900279275054e-08,0.00022755752434022725
u8_mem_reg\[1\]\[8\],1,0,1,22716,5868,23850,6138,0,0,0,DFFHQNx2_ASAP7_75t_SL,2.5727548091936114e-08,0.0002270410186611116
u8_mem_reg\[1\]\[9\],1,0,1,28224,5058,29304,5328,0,0,0,DFFHQNx1_ASAP7_75t_SL,2.0657900279275054e-08,0.00022404899937100708
u8_mem_reg\[2\]\[0\],1,0,1,25686,3708,26766,3978,0,0,0,DFFHQNx1_ASAP7_75t_SL,2.0657900279275054e-08,0.0002276604645885527
u8_mem_reg\[2\]\[10\],1,0,1,25092,8298,26172,8568,0,0,0,DFFHQNx1_ASAP7_75t_SL,2.0657900279275054e-08,0.00022743220324628055
u8_mem_reg\[2\]\[11\],1,0,1,26766,3978,27846,4248,0,0,0,DFFHQNx1_ASAP7_75t_SL,2.0657900279275054e-08,0.0002277049352414906
u8_mem_reg\[2\]\[12\],1,0,1,25686,6678,26820,6948,0,0,0,DFFHQNx2_ASAP7_75t_SL,2.5727548091936114e-08,0.00022759298735763878
u8_mem_reg\[2\]\[13\],1,0,1,20016,5598,21150,5868,0,0,0,DFFHQNx2_ASAP7_75t_SL,2.5727548091936114e-08,0.00022853708651382476
u8_mem_reg\[2\]\[14\],1,0,1,24660,5328,25794,5598,0,0,0,DFFHQNx2_ASAP7_75t_SL,2.5727548091936114e-08,0.0002274112484883517
u8_mem_reg\[2\]\[15\],1,0,1,29844,3978,30924,4248,0,0,0,DFFHQNx1_ASAP7_75t_SL,2.0657900279275054e-08,0.00022778857965022326
u8_mem_reg\[2\]\[16\],1,0,1,19746,7218,20826,7488,0,0,0,DFFHQNx1_ASAP7_75t_SL,2.0657900279275054e-08,0.00022927694953978062
u8_mem_reg\[2\]\[17\],1,0,1,30600,6408,31680,6678,0,0,0,DFFHQNx1_ASAP7_75t_SL,2.0657900279275054e-08,0.00022421621542889625
u8_mem_reg\[2\]\[18\],1,0,1,30114,7218,31194,7488,0,0,0,DFFHQNx1_ASAP7_75t_SL,2.0657900279275054e-08,0.00022415626153815538
u8_mem_reg\[2\]\[19\],1,0,1,29898,6138,30978,6408,0,0,0,DFFHQNx1_ASAP7_75t_SL,2.0657900279275054e-08,0.0002241837210021913
u8_mem_reg\[2\]\[1\],1,0,1,23904,3708,24984,3978,0,0,0,DFFHQNx1_ASAP7_75t_SL,2.0657900279275054e-08,0.00022733036894351244
u8_mem_reg\[2\]\[20\],1,0,1,31626,10728,32760,10998,0,0,0,DFFHQNx2_ASAP7_75t_SL,2.5727548091936114e-08,0.00023551014601252973
u8_mem_reg\[2\]\[21\],1,0,1,31194,7218,32328,7488,0,0,0,DFFHQNx2_ASAP7_75t_SL,2.5727548091936114e-08,0.00022426570649258792
u8_mem_reg\[2\]\[22\],1,0,1,31248,9648,32382,9918,0,0,0,DFFHQNx2_ASAP7_75t_SL,2.5727548091936114e-08,0.00023555892403237522
u8_mem_reg\[2\]\[23\],1,0,1,30600,9108,31734,9378,0,0,0,DFFHQNx2_ASAP7_75t_SL,2.5727548091936114e-08,0.00023539405083283782
u8_mem_reg\[2\]\[24\],1,0,1,23634,11268,24768,11538,0,0,0,DFFHQNx2_ASAP7_75t_SL,2.5727548091936114e-08,0.00021921128791291267
u8_mem_reg\[2\]\[25\],1,0,1,31680,8568,32814,8838,0,0,0,DFFHQNx2_ASAP7_75t_SL,2.5727548091936114e-08,0.00023557234089821577
u8_mem_reg\[2\]\[26\],1,0,1,29574,11268,30708,11538,0,0,0,DFFHQNx2_ASAP7_75t_SL,2.5727548091936114e-08,0.0002351075818296522
u8_mem_reg\[2\]\[27\],1,0,1,30438,10458,31572,10728,0,0,0,DFFHQNx2_ASAP7_75t_SL,2.5727548091936114e-08,0.0002354145108256489
u8_mem_reg\[2\]\[28\],1,0,1,31086,12888,32220,13158,0,0,0,DFFHQNx2_ASAP7_75t_SL,2.5727548091936114e-08,0.0002346447727177292
u8_mem_reg\[2\]\[29\],1,0,1,30114,12078,31248,12348,0,0,0,DFFHQNx2_ASAP7_75t_SL,2.5727548091936114e-08,0.00023506165598519146
u8_mem_reg\[2\]\[2\],1,0,1,20988,4518,22068,4788,0,0,0,DFFHQNx1_ASAP7_75t_SL,2.0657900279275054e-08,0.0002285432128701359
u8_mem_reg\[2\]\[30\],1,0,1,31302,11268,32436,11538,0,0,0,DFFHQNx2_ASAP7_75t_SL,2.5727548091936114e-08,0.00023554846120532602
u8_mem_reg\[2\]\[31\],1,0,1,29574,8838,30708,9108,0,0,0,DFFHQNx2_ASAP7_75t_SL,2.5727548091936114e-08,0.00023524821153841913
u8_mem_reg\[2\]\[3\],1,0,1,22878,8028,23958,8298,0,0,0,DFFHQNx1_ASAP7_75t_SL,2.0657900279275054e-08,0.00022590956359636039
u8_mem_reg\[2\]\[4\],1,0,1,19476,6678,20610,6948,0,0,0,DFFHQNx2_ASAP7_75t_SL,2.5727548091936114e-08,0.00022900276235304773
u8_mem_reg\[2\]\[5\],1,0,1,30816,5058,31950,5328,0,0,0,DFFHQNx2_ASAP7_75t_SL,2.5727548091936114e-08,0.00022784640896134079
u8_mem_reg\[2\]\[6\],1,0,1,23688,6678,24768,6948,0,0,0,DFFHQNx1_ASAP7_75t_SL,2.0657900279275054e-08,0.000227401134907268
u8_mem_reg\[2\]\[7\],1,0,1,30870,5868,32004,6138,0,0,0,DFFHQNx2_ASAP7_75t_SL,2.5727548091936114e-08,0.0002242852351628244
u8_mem_reg\[2\]\[8\],1,0,1,22500,4248,23580,4518,0,0,0,DFFHQNx1_ASAP7_75t_SL,2.0657900279275054e-08,0.00022718877880834043
u8_mem_reg\[2\]\[9\],1,0,1,30492,4518,31626,4788,0,0,0,DFFHQNx2_ASAP7_75t_SL,2.5727548091936114e-08,0.00022783296299166977
u8_mem_reg\[3\]\[0\],1,0,1,25848,3438,26928,3708,0,0,0,DFFHQNx1_ASAP7_75t_SL,2.0657900279275054e-08,0.00022776451078243554
u8_mem_reg\[3\]\[10\],1,0,1,25254,8028,26334,8298,0,0,0,DFFHQNx1_ASAP7_75t_SL,2.0657900279275054e-08,0.00022743368754163384
u8_mem_reg\[3\]\[11\],1,0,1,26874,3708,27954,3978,0,0,0,DFFHQNx1_ASAP7_75t_SL,2.0657900279275054e-08,0.0002277062740176916
u8_mem_reg\[3\]\[12\],1,0,1,26874,6408,27954,6678,0,0,0,DFFHQNx1_ASAP7_75t_SL,2.0657900279275054e-08,0.0002275862789247185
u8_mem_reg\[3\]\[13\],1,0,1,21420,5868,22500,6138,0,0,0,DFFHQNx1_ASAP7_75t_SL,2.0657900279275054e-08,0.00022847538639325649
u8_mem_reg\[3\]\[14\],1,0,1,23850,5598,24984,5868,0,0,0,DFFHQNx2_ASAP7_75t_SL,2.5727548091936114e-08,0.00022736116079613566
u8_mem_reg\[3\]\[15\],1,0,1,29142,3708,30276,3978,0,0,0,DFFHQNx2_ASAP7_75t_SL,2.5727548091936114e-08,0.0002277963503729552
u8_mem_reg\[3\]\[16\],1,0,1,22662,7218,23742,7488,0,0,0,DFFHQNx1_ASAP7_75t_SL,2.0657900279275054e-08,0.00022728773183189332
u8_mem_reg\[3\]\[17\],1,0,1,30978,6678,32058,6948,0,0,0,DFFHQNx1_ASAP7_75t_SL,2.0657900279275054e-08,0.00022422852634917945
u8_mem_reg\[3\]\[18\],1,0,1,30330,7758,31410,8028,0,0,0,DFFHQNx1_ASAP7_75t_SL,2.0657900279275054e-08,0.00022409996017813683
u8_mem_reg\[3\]\[19\],1,0,1,29196,7488,30276,7758,0,0,0,DFFHQNx1_ASAP7_75t_SL,2.0657900279275054e-08,0.000224073271965608
u8_mem_reg\[3\]\[1\],1,0,1,23904,3438,24984,3708,0,0,0,DFFHQNx1_ASAP7_75t_SL,2.0657900279275054e-08,0.00022732288925908506
u8_mem_reg\[3\]\[20\],1,0,1,31572,10458,32706,10728,0,0,0,DFFHQNx2_ASAP7_75t_SL,2.5727548091936114e-08,0.0002355469623580575
u8_mem_reg\[3\]\[21\],1,0,1,31248,7488,32382,7758,0,0,0,DFFHQNx2_ASAP7_75t_SL,2.5727548091936114e-08,0.00023557868553325534
u8_mem_reg\[3\]\[22\],1,0,1,31302,9378,32436,9648,0,0,0,DFFHQNx2_ASAP7_75t_SL,2.5727548091936114e-08,0.0002355654869461432
u8_mem_reg\[3\]\[23\],1,0,1,30546,8568,31680,8838,0,0,0,DFFHQNx2_ASAP7_75t_SL,2.5727548091936114e-08,0.00023539572430308908
u8_mem_reg\[3\]\[24\],1,0,1,23904,11538,25038,11808,0,0,0,DFFHQNx2_ASAP7_75t_SL,2.5727548091936114e-08,0.00021977598953526467
u8_mem_reg\[3\]\[25\],1,0,1,31734,8298,32868,8568,0,0,0,DFFHQNx2_ASAP7_75t_SL,2.5727548091936114e-08,0.00023557536769658327
u8_mem_reg\[3\]\[26\],1,0,1,29682,10998,30816,11268,0,0,0,DFFHQNx2_ASAP7_75t_SL,2.5727548091936114e-08,0.00023547100136056542
u8_mem_reg\[3\]\[27\],1,0,1,30492,10728,31626,10998,0,0,0,DFFHQNx2_ASAP7_75t_SL,2.5727548091936114e-08,0.00023546953161712736
u8_mem_reg\[3\]\[28\],1,0,1,30978,12348,32112,12618,0,0,0,DFFHQNx2_ASAP7_75t_SL,2.5727548091936114e-08,0.0002347831177758053
u8_mem_reg\[3\]\[29\],1,0,1,30438,12618,31572,12888,0,0,0,DFFHQNx2_ASAP7_75t_SL,2.5727548091936114e-08,0.0002348370326217264
u8_mem_reg\[3\]\[2\],1,0,1,21204,4248,22284,4518,0,0,0,DFFHQNx1_ASAP7_75t_SL,2.0657900279275054e-08,0.00022854338749311864
u8_mem_reg\[3\]\[30\],1,0,1,31086,11538,32220,11808,0,0,0,DFFHQNx2_ASAP7_75t_SL,2.5727548091936114e-08,0.0002355489123146981
u8_mem_reg\[3\]\[31\],1,0,1,29466,9108,30600,9378,0,0,0,DFFHQNx2_ASAP7_75t_SL,2.5727548091936114e-08,0.00023524505377281457
u8_mem_reg\[3\]\[3\],1,0,1,22662,8568,23742,8838,0,0,0,DFFHQNx1_ASAP7_75t_SL,2.0657900279275054e-08,0.00022544371313415468
u8_mem_reg\[3\]\[4\],1,0,1,21366,6678,22446,6948,0,0,0,DFFHQNx1_ASAP7_75t_SL,2.0657900279275054e-08,0.00022843779879622161
u8_mem_reg\[3\]\[5\],1,0,1,27684,3438,28764,3708,0,0,0,DFFHQNx1_ASAP7_75t_SL,2.0657900279275054e-08,0.00022775749675929546
u8_mem_reg\[3\]\[6\],1,0,1,23958,8028,25092,8298,0,0,0,DFFHQNx2_ASAP7_75t_SL,2.5727548091936114e-08,0.00022744163288734853
u8_mem_reg\[3\]\[7\],1,0,1,26334,5598,27414,5868,0,0,0,DFFHQNx1_ASAP7_75t_SL,2.0657900279275054e-08,0.0002274880971526727
u8_mem_reg\[3\]\[8\],1,0,1,22716,5598,23850,5868,0,0,0,DFFHQNx2_ASAP7_75t_SL,2.5727548091936114e-08,0.00022722750145476311
u8_mem_reg\[3\]\[9\],1,0,1,28332,5328,29412,5598,0,0,0,DFFHQNx1_ASAP7_75t_SL,2.0657900279275054e-08,0.0002240352623630315
u8_rp_reg\[0\],1,0,1,22338,10998,24012,11268,0,0,0,SDFHx4_ASAP7_75t_SL,5.828851712408323e-08,0.0003361140552442521
u8_rp_reg\[1\],1,0,1,22446,9918,23796,10188,0,0,0,DFFHQx4_ASAP7_75t_SL,4.641459838694573e-08,0.0002243276103399694
u8_rp_reg\[2\],1,0,1,21798,9648,23148,9918,0,0,0,DFFHQx4_ASAP7_75t_SL,4.641459838694573e-08,0.00022433004050981253
u8_rp_reg\[3\],1,0,1,20934,11538,22068,11808,0,0,0,DFFHQNx2_ASAP7_75t_SL,2.5727548091936114e-08,0.00020989947370253503
u8_status_reg\[0\],1,0,1,20880,12348,21960,12618,0,0,0,DFFHQNx1_ASAP7_75t_SL,2.0998502492375337e-08,0.00021009889314882457
u8_status_reg\[1\],1,0,1,20502,12078,21582,12348,0,0,0,DFFHQNx1_ASAP7_75t_SL,2.0998502492375337e-08,0.00021009959164075553
u8_wp_reg\[0\],1,0,1,19422,10188,20772,10458,0,0,0,DFFHQx4_ASAP7_75t_SL,4.6414601939659406e-08,0.00021017823019064963
u8_wp_reg\[1\],1,0,1,19368,9108,20448,9378,0,0,0,DFFHQNx1_ASAP7_75t_SL,2.0657900279275054e-08,0.00021005548478569835
u8_wp_reg\[2\],1,0,1,19800,10728,20934,10998,0,0,0,DFFHQNx2_ASAP7_75t_SL,2.5727548091936114e-08,0.00020976307860109955
u9_din_tmp1_reg\[0\],1,0,1,9162,10188,10296,10458,0,0,0,DFFHQNx2_ASAP7_75t_SL,2.693563061484383e-08,0.0002725530357565731
u9_din_tmp1_reg\[10\],1,0,1,8622,8298,9702,8568,0,0,0,DFFHQNx1_ASAP7_75t_SL,2.1797838201109698e-08,0.0002693390706554055
u9_din_tmp1_reg\[11\],1,0,1,12024,6678,13104,6948,0,0,0,DFFHQNx1_ASAP7_75t_SL,2.1797838201109698e-08,0.0002674631541594863
u9_din_tmp1_reg\[12\],1,0,1,8622,9108,9702,9378,0,0,0,DFFHQNx1_ASAP7_75t_SL,2.1797838201109698e-08,0.0002695288567338139
u9_din_tmp1_reg\[13\],1,0,1,11646,7218,12726,7488,0,0,0,DFFHQNx1_ASAP7_75t_SL,2.1797838201109698e-08,0.00026709874509833753
u9_din_tmp1_reg\[14\],1,0,1,9378,6948,10458,7218,0,0,0,DFFHQNx1_ASAP7_75t_SL,2.1797838201109698e-08,0.0002691543195396662
u9_din_tmp1_reg\[15\],1,0,1,10836,6678,11916,6948,0,0,0,DFFHQNx1_ASAP7_75t_SL,2.1797838201109698e-08,0.0002675674040801823
u9_din_tmp1_reg\[1\],1,0,1,11754,10728,12888,10998,0,0,0,DFFHQNx2_ASAP7_75t_SL,2.693563061484383e-08,0.00027074673562310636
u9_din_tmp1_reg\[2\],1,0,1,9378,10728,10512,10998,0,0,0,DFFHQNx2_ASAP7_75t_SL,2.693563061484383e-08,0.00027251741266809404
u9_din_tmp1_reg\[3\],1,0,1,12564,10998,13698,11268,0,0,0,DFFHQNx2_ASAP7_75t_SL,2.693563061484383e-08,0.00027073451201431453
u9_din_tmp1_reg\[4\],1,0,1,8892,9648,10026,9918,0,0,0,DFFHQNx2_ASAP7_75t_SL,2.693563061484383e-08,0.0002726510865613818
u9_din_tmp1_reg\[5\],1,0,1,12024,8298,13104,8568,0,0,0,DFFHQNx1_ASAP7_75t_SL,2.1797838201109698e-08,0.0002679704630281776
u9_din_tmp1_reg\[6\],1,0,1,8730,6678,9810,6948,0,0,0,DFFHQNx1_ASAP7_75t_SL,2.1797838201109698e-08,0.0002692595880944282
u9_din_tmp1_reg\[7\],1,0,1,12348,8028,13428,8298,0,0,0,DFFHQNx1_ASAP7_75t_SL,2.1797838201109698e-08,0.0002679182798601687
u9_din_tmp1_reg\[8\],1,0,1,8622,7758,9702,8028,0,0,0,DFFHQNx1_ASAP7_75t_SL,2.1797838201109698e-08,0.00026903158868663013
u9_din_tmp1_reg\[9\],1,0,1,12726,6948,13806,7218,0,0,0,DFFHQNx1_ASAP7_75t_SL,2.1797838201109698e-08,0.00026663774042390287
u9_dout_reg\[0\],1,0,1,6786,10998,8136,11268,0,0,0,DFFHQx4_ASAP7_75t_SL,4.699546707342961e-08,0.0002685550134629011
u9_dout_reg\[10\],1,0,1,4842,10728,6192,10998,0,0,0,DFFHQx4_ASAP7_75t_SL,4.699546707342961e-08,0.00020669790683314204
u9_dout_reg\[11\],1,0,1,18180,6138,19530,6408,0,0,0,DFFHQx4_ASAP7_75t_SL,4.699546707342961e-08,0.0002577497798483819
u9_dout_reg\[12\],1,0,1,7866,10458,9216,10728,0,0,0,DFFHQx4_ASAP7_75t_SL,4.699546707342961e-08,0.00026695060660131276
u9_dout_reg\[13\],1,0,1,13806,5598,15156,5868,0,0,0,DFFHQx4_ASAP7_75t_SL,4.699546707342961e-08,0.0002611095260363072
u9_dout_reg\[14\],1,0,1,7326,5868,8676,6138,0,0,0,DFFHQx4_ASAP7_75t_SL,4.699546707342961e-08,0.00026912824250757694
u9_dout_reg\[15\],1,0,1,6624,11268,7974,11538,0,0,0,DFFHQx4_ASAP7_75t_SL,4.699546707342961e-08,0.00026852599694393575
u9_dout_reg\[16\],1,0,1,10944,11538,12294,11808,0,0,0,DFFHQx4_ASAP7_75t_SL,4.699546707342961e-08,0.00026424386305734515
u9_dout_reg\[17\],1,0,1,17748,7218,19098,7488,0,0,0,DFFHQx4_ASAP7_75t_SL,4.699546707342961e-08,0.0002575984690338373
u9_dout_reg\[18\],1,0,1,4788,10998,6138,11268,0,0,0,DFFHQx4_ASAP7_75t_SL,4.6820936461244855e-08,0.00019970718130934983
u9_dout_reg\[19\],1,0,1,5058,5058,6408,5328,0,0,0,DFFHQx4_ASAP7_75t_SL,4.6820936461244855e-08,0.0002606106863822788
u9_dout_reg\[1\],1,0,1,14616,10998,15966,11268,0,0,0,DFFHQx4_ASAP7_75t_SL,4.699546707342961e-08,0.00018209026893600821
u9_dout_reg\[20\],1,0,1,10566,13698,11916,13968,0,0,0,DFFHQx4_ASAP7_75t_SL,4.641461259780044e-08,0.00016358212451450527
u9_dout_reg\[21\],1,0,1,15048,6948,16398,7218,0,0,0,DFFHQx4_ASAP7_75t_SL,4.641461259780044e-08,0.00023175754176918417
u9_dout_reg\[22\],1,0,1,9000,3978,10350,4248,0,0,0,DFFHQx4_ASAP7_75t_SL,4.641461259780044e-08,0.0002378265344304964
u9_dout_reg\[23\],1,0,1,17694,5328,19044,5598,0,0,0,DFFHQx4_ASAP7_75t_SL,4.641461259780044e-08,0.00023105907894205302
u9_dout_reg\[24\],1,0,1,6840,8568,8190,8838,0,0,0,DFFHQx4_ASAP7_75t_SL,4.641461259780044e-08,0.00024007614410948008
u9_dout_reg\[25\],1,0,1,15210,5328,16560,5598,0,0,0,DFFHQx4_ASAP7_75t_SL,4.641461259780044e-08,0.00023349626280833036
u9_dout_reg\[26\],1,0,1,7056,3978,8406,4248,0,0,0,DFFHQx4_ASAP7_75t_SL,4.641461259780044e-08,0.00023783455253578722
u9_dout_reg\[27\],1,0,1,13266,3978,14616,4248,0,0,0,DFFHQx4_ASAP7_75t_SL,4.641461259780044e-08,0.000237670581554994
u9_dout_reg\[28\],1,0,1,7596,8028,8946,8298,0,0,0,DFFHQx4_ASAP7_75t_SL,4.641461259780044e-08,0.00023899484949652106
u9_dout_reg\[29\],1,0,1,12186,3708,13536,3978,0,0,0,DFFHQx4_ASAP7_75t_SL,4.641461259780044e-08,0.00023766775848343968
u9_dout_reg\[2\],1,0,1,11214,13968,12564,14238,0,0,0,DFFHQx4_ASAP7_75t_SL,4.699546707342961e-08,0.00018428631301503628
u9_dout_reg\[30\],1,0,1,11754,5868,13104,6138,0,0,0,DFFHQx4_ASAP7_75t_SL,4.641461259780044e-08,0.00023745271028019488
u9_dout_reg\[31\],1,0,1,17856,3978,19206,4248,0,0,0,DFFHQx4_ASAP7_75t_SL,4.641461259780044e-08,0.00023111786867957562
u9_dout_reg\[3\],1,0,1,15858,10458,17208,10728,0,0,0,DFFHQx4_ASAP7_75t_SL,4.699546707342961e-08,0.00018215336604043841
u9_dout_reg\[4\],1,0,1,4734,10458,6084,10728,0,0,0,DFFHQx4_ASAP7_75t_SL,4.699546707342961e-08,0.00020589333144016564
u9_dout_reg\[5\],1,0,1,12618,11808,13968,12078,0,0,0,DFFHQx4_ASAP7_75t_SL,4.699546707342961e-08,0.00018182946951128542
u9_dout_reg\[6\],1,0,1,9648,6138,10998,6408,0,0,0,DFFHQx4_ASAP7_75t_SL,4.699546707342961e-08,0.00026530653121881187
u9_dout_reg\[7\],1,0,1,14454,13158,15804,13428,0,0,0,DFFHQx4_ASAP7_75t_SL,4.699546707342961e-08,0.00018166225345339626
u9_dout_reg\[8\],1,0,1,4626,11268,5976,11538,0,0,0,DFFHQx4_ASAP7_75t_SL,4.699546707342961e-08,0.0002067482564598322
u9_dout_reg\[9\],1,0,1,15048,7218,16398,7488,0,0,0,DFFHQx4_ASAP7_75t_SL,4.699546707342961e-08,0.0002594294783193618
u9_empty_reg,1,0,1,16668,11808,17748,12078,0,0,0,DFFHQNx1_ASAP7_75t_SL,2.065814719287573e-08,0.00020993946236558259
u9_full_reg,1,0,1,17316,11538,18396,11808,0,0,0,DFFHQNx1_ASAP7_75t_SL,2.0657900279275054e-08,0.00020995529484935105
u9_mem_reg\[0\]\[0\],1,0,1,5976,9918,7110,10188,0,0,0,DFFHQNx2_ASAP7_75t_SL,2.6428752519791487e-08,0.00026774618891067803
u9_mem_reg\[0\]\[10\],1,0,1,3492,8838,4626,9108,0,0,0,DFFHQNx2_ASAP7_75t_SL,2.6428752519791487e-08,0.0002054594806395471
u9_mem_reg\[0\]\[11\],1,0,1,17316,5868,18450,6138,0,0,0,DFFHQNx2_ASAP7_75t_SL,2.6428752519791487e-08,0.00025764619931578636
u9_mem_reg\[0\]\[12\],1,0,1,7434,9918,8568,10188,0,0,0,DFFHQNx2_ASAP7_75t_SL,2.6428752519791487e-08,0.0002670316898729652
u9_mem_reg\[0\]\[13\],1,0,1,12240,5328,13374,5598,0,0,0,DFFHQNx2_ASAP7_75t_SL,2.6428752519791487e-08,0.00026481502573005855
u9_mem_reg\[0\]\[14\],1,0,1,7164,5058,8298,5328,0,0,0,DFFHQNx2_ASAP7_75t_SL,2.6428752519791487e-08,0.000264998379861936
u9_mem_reg\[0\]\[15\],1,0,1,5652,5868,6786,6138,0,0,0,DFFHQNx2_ASAP7_75t_SL,2.6428752519791487e-08,0.0002683069615159184
u9_mem_reg\[0\]\[16\],1,0,1,10620,7488,11754,7758,0,0,0,DFFHQNx2_ASAP7_75t_SL,2.6428752519791487e-08,0.000265726848738268
u9_mem_reg\[0\]\[17\],1,0,1,17478,6948,18612,7218,0,0,0,DFFHQNx2_ASAP7_75t_SL,2.6428752519791487e-08,0.0002575827238615602
u9_mem_reg\[0\]\[18\],1,0,1,3546,6678,4680,6948,0,0,0,DFFHQNx2_ASAP7_75t_SL,2.6219808546557033e-08,0.00025988422567024827
u9_mem_reg\[0\]\[19\],1,0,1,4950,4248,6084,4518,0,0,0,DFFHQNx2_ASAP7_75t_SL,2.6219808546557033e-08,0.00025995055329985917
u9_mem_reg\[0\]\[1\],1,0,1,13482,10188,14616,10458,0,0,0,DFFHQNx2_ASAP7_75t_SL,2.6428752519791487e-08,0.0001814544084481895
u9_mem_reg\[0\]\[20\],1,0,1,9594,2628,10728,2898,0,0,0,DFFHQNx2_ASAP7_75t_SL,2.5727567631861348e-08,0.00023746464285068214
u9_mem_reg\[0\]\[21\],1,0,1,14292,2628,15426,2898,0,0,0,DFFHQNx2_ASAP7_75t_SL,2.5727567631861348e-08,0.00023376851459033787
u9_mem_reg\[0\]\[22\],1,0,1,8298,2628,9432,2898,0,0,0,DFFHQNx2_ASAP7_75t_SL,2.5727567631861348e-08,0.00023747111845295876
u9_mem_reg\[0\]\[23\],1,0,1,17262,4788,18396,5058,0,0,0,DFFHQNx2_ASAP7_75t_SL,2.5727567631861348e-08,0.00023064322886057198
u9_mem_reg\[0\]\[24\],1,0,1,6138,8028,7272,8298,0,0,0,DFFHQNx2_ASAP7_75t_SL,2.5727567631861348e-08,0.00023987471649888903
u9_mem_reg\[0\]\[25\],1,0,1,14832,4248,15966,4518,0,0,0,DFFHQNx2_ASAP7_75t_SL,2.5727567631861348e-08,0.0002336878824280575
u9_mem_reg\[0\]\[26\],1,0,1,6786,2898,7920,3168,0,0,0,DFFHQNx2_ASAP7_75t_SL,2.5727567631861348e-08,0.000240440116613172
u9_mem_reg\[0\]\[27\],1,0,1,12456,2628,13590,2898,0,0,0,DFFHQNx2_ASAP7_75t_SL,2.5727567631861348e-08,0.00023378034529741853
u9_mem_reg\[0\]\[28\],1,0,1,7434,6948,8568,7218,0,0,0,DFFHQNx2_ASAP7_75t_SL,2.5727567631861348e-08,0.00024003040743991733
u9_mem_reg\[0\]\[29\],1,0,1,10998,2898,12132,3168,0,0,0,DFFHQNx2_ASAP7_75t_SL,2.5727567631861348e-08,0.00023744141799397767
u9_mem_reg\[0\]\[2\],1,0,1,10566,9918,11700,10188,0,0,0,DFFHQNx2_ASAP7_75t_SL,2.6428752519791487e-08,0.00026543025160208344
u9_mem_reg\[0\]\[30\],1,0,1,10890,5598,12024,5868,0,0,0,DFFHQNx2_ASAP7_75t_SL,2.5727567631861348e-08,0.0002372163871768862
u9_mem_reg\[0\]\[31\],1,0,1,16992,3438,18126,3708,0,0,0,DFFHQNx2_ASAP7_75t_SL,2.5727567631861348e-08,0.00023068209702614695
u9_mem_reg\[0\]\[3\],1,0,1,14778,9918,15912,10188,0,0,0,DFFHQNx2_ASAP7_75t_SL,2.6428752519791487e-08,0.00018141006876248866
u9_mem_reg\[0\]\[4\],1,0,1,3546,9918,4680,10188,0,0,0,DFFHQNx2_ASAP7_75t_SL,2.6428757848862006e-08,0.00020537388627417386
u9_mem_reg\[0\]\[5\],1,0,1,11970,9918,13104,10188,0,0,0,DFFHQNx2_ASAP7_75t_SL,2.6428752519791487e-08,0.00026484564295969903
u9_mem_reg\[0\]\[6\],1,0,1,8514,4788,9648,5058,0,0,0,DFFHQNx2_ASAP7_75t_SL,2.6428752519791487e-08,0.0002650519600138068
u9_mem_reg\[0\]\[7\],1,0,1,14562,8298,15696,8568,0,0,0,DFFHQNx2_ASAP7_75t_SL,2.6428752519791487e-08,0.0002628970833029598
u9_mem_reg\[0\]\[8\],1,0,1,3222,7488,4356,7758,0,0,0,DFFHQNx2_ASAP7_75t_SL,2.6428752519791487e-08,0.0002681210171431303
u9_mem_reg\[0\]\[9\],1,0,1,14778,6408,15912,6678,0,0,0,DFFHQNx2_ASAP7_75t_SL,2.6428752519791487e-08,0.00026179084670729935
u9_mem_reg\[1\]\[0\],1,0,1,5922,9108,7056,9378,0,0,0,DFFHQNx2_ASAP7_75t_SL,2.5727581842716063e-08,0.00023982685524970293
u9_mem_reg\[1\]\[10\],1,0,1,4572,8568,5706,8838,0,0,0,DFFHQNx2_ASAP7_75t_SL,2.5727581842716063e-08,0.0001826905645430088
u9_mem_reg\[1\]\[11\],1,0,1,16020,5868,17154,6138,0,0,0,DFFHQNx2_ASAP7_75t_SL,2.5727581842716063e-08,0.00023220271395985037
u9_mem_reg\[1\]\[12\],1,0,1,7272,8838,8406,9108,0,0,0,DFFHQNx2_ASAP7_75t_SL,2.5727581842716063e-08,0.00023956145741976798
u9_mem_reg\[1\]\[13\],1,0,1,12834,5058,13968,5328,0,0,0,DFFHQNx2_ASAP7_75t_SL,2.5727581842716063e-08,0.0002372197777731344
u9_mem_reg\[1\]\[14\],1,0,1,6300,5598,7434,5868,0,0,0,DFFHQNx2_ASAP7_75t_SL,2.5727581842716063e-08,0.00024039464187808335
u9_mem_reg\[1\]\[15\],1,0,1,5544,6408,6678,6678,0,0,0,DFFHQNx2_ASAP7_75t_SL,2.5727581842716063e-08,0.00024034046509768814
u9_mem_reg\[1\]\[16\],1,0,1,9810,8028,10944,8298,0,0,0,DFFHQNx2_ASAP7_75t_SL,2.5727581842716063e-08,0.0002375765034230426
u9_mem_reg\[1\]\[17\],1,0,1,16074,6678,17208,6948,0,0,0,DFFHQNx2_ASAP7_75t_SL,2.5727581842716063e-08,0.00023193852393887937
u9_mem_reg\[1\]\[18\],1,0,1,4248,6138,5382,6408,0,0,0,DFFHQNx2_ASAP7_75t_SL,2.5727569408218187e-08,0.00024031539214774966
u9_mem_reg\[1\]\[19\],1,0,1,4356,4788,5490,5058,0,0,0,DFFHQNx2_ASAP7_75t_SL,2.5727569408218187e-08,0.00024035233946051449
u9_mem_reg\[1\]\[1\],1,0,1,13266,9108,14400,9378,0,0,0,DFFHQNx2_ASAP7_75t_SL,2.5727581842716063e-08,0.00016065641830209643
u9_mem_reg\[1\]\[20\],1,0,1,9648,4248,10782,4518,0,0,0,DFFHQNx2_ASAP7_75t_SL,2.5727548091936114e-08,0.00023733876878395677
u9_mem_reg\[1\]\[21\],1,0,1,14238,3708,15372,3978,0,0,0,DFFHQNx2_ASAP7_75t_SL,2.5727548091936114e-08,0.0002337257901672274
u9_mem_reg\[1\]\[22\],1,0,1,7974,4248,9108,4518,0,0,0,DFFHQNx2_ASAP7_75t_SL,2.5727548091936114e-08,0.0002373814641032368
u9_mem_reg\[1\]\[23\],1,0,1,16074,4518,17208,4788,0,0,0,DFFHQNx2_ASAP7_75t_SL,2.5727548091936114e-08,0.00023071251052897424
u9_mem_reg\[1\]\[24\],1,0,1,5652,8298,6786,8568,0,0,0,DFFHQNx2_ASAP7_75t_SL,2.5727548091936114e-08,0.00023987340682651848
u9_mem_reg\[1\]\[25\],1,0,1,14076,5328,15210,5598,0,0,0,DFFHQNx2_ASAP7_75t_SL,2.5727548091936114e-08,0.0002333215670660138
u9_mem_reg\[1\]\[26\],1,0,1,6030,3708,7164,3978,0,0,0,DFFHQNx2_ASAP7_75t_SL,2.5727548091936114e-08,0.00024042875156737864
u9_mem_reg\[1\]\[27\],1,0,1,12240,4248,13374,4518,0,0,0,DFFHQNx2_ASAP7_75t_SL,2.5727548091936114e-08,0.00023721784236840904
u9_mem_reg\[1\]\[28\],1,0,1,7002,7218,8136,7488,0,0,0,DFFHQNx2_ASAP7_75t_SL,2.5727548091936114e-08,0.0002400271041551605
u9_mem_reg\[1\]\[29\],1,0,1,10836,3708,11970,3978,0,0,0,DFFHQNx2_ASAP7_75t_SL,2.5727548091936114e-08,0.00023739045718684793
u9_mem_reg\[1\]\[2\],1,0,1,10350,8838,11484,9108,0,0,0,DFFHQNx2_ASAP7_75t_SL,2.5727581842716063e-08,0.00023773906286805868
u9_mem_reg\[1\]\[30\],1,0,1,10296,5058,11430,5328,0,0,0,DFFHQNx2_ASAP7_75t_SL,2.5727548091936114e-08,0.0002373147290199995
u9_mem_reg\[1\]\[31\],1,0,1,15966,3978,17100,4248,0,0,0,DFFHQNx2_ASAP7_75t_SL,2.5727548091936114e-08,0.00023070158204063773
u9_mem_reg\[1\]\[3\],1,0,1,14778,9378,15912,9648,0,0,0,DFFHQNx2_ASAP7_75t_SL,2.5727581842716063e-08,0.00016063560906331986
u9_mem_reg\[1\]\[4\],1,0,1,4248,9378,5382,9648,0,0,0,DFFHQNx2_ASAP7_75t_SL,2.5727581842716063e-08,0.00018267554696649313
u9_mem_reg\[1\]\[5\],1,0,1,11700,8838,12834,9108,0,0,0,DFFHQNx2_ASAP7_75t_SL,2.5727581842716063e-08,0.00023717388103250414
u9_mem_reg\[1\]\[6\],1,0,1,8676,5328,9810,5598,0,0,0,DFFHQNx2_ASAP7_75t_SL,2.5727581842716063e-08,0.00023733131820335984
u9_mem_reg\[1\]\[7\],1,0,1,13428,8028,14562,8298,0,0,0,DFFHQNx2_ASAP7_75t_SL,2.5727581842716063e-08,0.00023544818395748734
u9_mem_reg\[1\]\[8\],1,0,1,4356,7488,5490,7758,0,0,0,DFFHQNx2_ASAP7_75t_SL,2.5727581842716063e-08,0.00024015319650061429
u9_mem_reg\[1\]\[9\],1,0,1,13806,6948,14940,7218,0,0,0,DFFHQNx2_ASAP7_75t_SL,2.5727581842716063e-08,0.00023571719066239893
u9_mem_reg\[2\]\[0\],1,0,1,6192,10188,7326,10458,0,0,0,DFFHQNx2_ASAP7_75t_SL,2.5727548091936114e-08,0.00023983912251424044
u9_mem_reg\[2\]\[10\],1,0,1,3438,8568,4572,8838,0,0,0,DFFHQNx2_ASAP7_75t_SL,2.5727548091936114e-08,0.00018269428983330727
u9_mem_reg\[2\]\[11\],1,0,1,17316,5598,18450,5868,0,0,0,DFFHQNx2_ASAP7_75t_SL,2.5727548091936114e-08,0.00023062365653458983
u9_mem_reg\[2\]\[12\],1,0,1,7326,9648,8460,9918,0,0,0,DFFHQNx2_ASAP7_75t_SL,2.5727548091936114e-08,0.00023919244995340705
u9_mem_reg\[2\]\[13\],1,0,1,12564,5598,13698,5868,0,0,0,DFFHQNx2_ASAP7_75t_SL,2.5727548091936114e-08,0.00023718082229606807
u9_mem_reg\[2\]\[14\],1,0,1,7002,4788,8136,5058,0,0,0,DFFHQNx2_ASAP7_75t_SL,2.5727548091936114e-08,0.00023738911841064692
u9_mem_reg\[2\]\[15\],1,0,1,5706,6138,6840,6408,0,0,0,DFFHQNx2_ASAP7_75t_SL,2.5727548091936114e-08,0.0002403710241196677
u9_mem_reg\[2\]\[16\],1,0,1,10674,7758,11808,8028,0,0,0,DFFHQNx2_ASAP7_75t_SL,2.5727548091936114e-08,0.0002379835641477257
u9_mem_reg\[2\]\[17\],1,0,1,17424,6678,18558,6948,0,0,0,DFFHQNx2_ASAP7_75t_SL,2.5727548091936114e-08,0.00023057253565639257
u9_mem_reg\[2\]\[18\],1,0,1,3654,6408,4788,6678,0,0,0,DFFHQNx2_ASAP7_75t_SL,2.5727548091936114e-08,0.00024031732755247504
u9_mem_reg\[2\]\[19\],1,0,1,5760,4518,6894,4788,0,0,0,DFFHQNx2_ASAP7_75t_SL,2.5727548091936114e-08,0.00024039868731051683
u9_mem_reg\[2\]\[1\],1,0,1,13482,9918,14616,10188,0,0,0,DFFHQNx2_ASAP7_75t_SL,2.5727548091936114e-08,0.00016066065290942788
u9_mem_reg\[2\]\[20\],1,0,1,9648,2898,10782,3168,0,0,0,DFFHQNx2_ASAP7_75t_SL,2.5727548091936114e-08,0.00023745582439005375
u9_mem_reg\[2\]\[21\],1,0,1,14454,2898,15588,3168,0,0,0,DFFHQNx2_ASAP7_75t_SL,2.5727548091936114e-08,0.0002337658661417663
u9_mem_reg\[2\]\[22\],1,0,1,8298,2898,9432,3168,0,0,0,DFFHQNx2_ASAP7_75t_SL,2.5727548091936114e-08,0.0002374679024796933
u9_mem_reg\[2\]\[23\],1,0,1,17208,4518,18342,4788,0,0,0,DFFHQNx2_ASAP7_75t_SL,2.5727548091936114e-08,0.00023065641289576888
u9_mem_reg\[2\]\[24\],1,0,1,5868,7488,7002,7758,0,0,0,DFFHQNx2_ASAP7_75t_SL,2.5727548091936114e-08,0.00024000328266993165
u9_mem_reg\[2\]\[25\],1,0,1,14832,3978,15966,4248,0,0,0,DFFHQNx2_ASAP7_75t_SL,2.5727548091936114e-08,0.00023371345014311373
u9_mem_reg\[2\]\[26\],1,0,1,6894,3168,8028,3438,0,0,0,DFFHQNx2_ASAP7_75t_SL,2.5727548091936114e-08,0.00024043969460763037
u9_mem_reg\[2\]\[27\],1,0,1,12564,2898,13698,3168,0,0,0,DFFHQNx2_ASAP7_75t_SL,2.5727548091936114e-08,0.00023377676552627236
u9_mem_reg\[2\]\[28\],1,0,1,7596,6678,8730,6948,0,0,0,DFFHQNx2_ASAP7_75t_SL,2.5727548091936114e-08,0.00023846393742132932
u9_mem_reg\[2\]\[29\],1,0,1,10998,3168,12132,3438,0,0,0,DFFHQNx2_ASAP7_75t_SL,2.5727548091936114e-08,0.00023741967743262649
u9_mem_reg\[2\]\[2\],1,0,1,10620,10188,11754,10458,0,0,0,DFFHQNx2_ASAP7_75t_SL,2.5727548091936114e-08,0.00023774780856911093
u9_mem_reg\[2\]\[30\],1,0,1,10998,5328,12132,5598,0,0,0,DFFHQNx2_ASAP7_75t_SL,2.5727548091936114e-08,0.0002372146409470588
u9_mem_reg\[2\]\[31\],1,0,1,16992,3168,18126,3438,0,0,0,DFFHQNx2_ASAP7_75t_SL,2.5727548091936114e-08,0.0002306807436980307
u9_mem_reg\[2\]\[3\],1,0,1,14886,10188,16020,10458,0,0,0,DFFHQNx2_ASAP7_75t_SL,2.5727548091936114e-08,0.00016059583867900074
u9_mem_reg\[2\]\[4\],1,0,1,3492,10188,4626,10458,0,0,0,DFFHQNx2_ASAP7_75t_SL,2.5727548091936114e-08,0.00018246224499307573
u9_mem_reg\[2\]\[5\],1,0,1,11970,9648,13104,9918,0,0,0,DFFHQNx2_ASAP7_75t_SL,2.5727548091936114e-08,0.00023719941964372993
u9_mem_reg\[2\]\[6\],1,0,1,8784,5058,9918,5328,0,0,0,DFFHQNx2_ASAP7_75t_SL,2.5727548091936114e-08,0.00023737424635328352
u9_mem_reg\[2\]\[7\],1,0,1,14562,8028,15696,8298,0,0,0,DFFHQNx2_ASAP7_75t_SL,2.5727548091936114e-08,0.0002354514435864985
u9_mem_reg\[2\]\[8\],1,0,1,3492,7758,4626,8028,0,0,0,DFFHQNx2_ASAP7_75t_SL,2.5727548091936114e-08,0.00024015517556108534
u9_mem_reg\[2\]\[9\],1,0,1,14670,6138,15804,6408,0,0,0,DFFHQNx2_ASAP7_75t_SL,2.5727548091936114e-08,0.00023388743284158409
u9_mem_reg\[3\]\[0\],1,0,1,5976,9378,7110,9648,0,0,0,DFFHQNx2_ASAP7_75t_SL,2.5727548091936114e-08,0.00023982152924872935
u9_mem_reg\[3\]\[10\],1,0,1,4734,8838,5868,9108,0,0,0,DFFHQNx2_ASAP7_75t_SL,2.5727548091936114e-08,0.00018268683925271034
u9_mem_reg\[3\]\[11\],1,0,1,16020,5598,17154,5868,0,0,0,DFFHQNx2_ASAP7_75t_SL,2.5727548091936114e-08,0.00023280007007997483
u9_mem_reg\[3\]\[12\],1,0,1,7326,9108,8460,9378,0,0,0,DFFHQNx2_ASAP7_75t_SL,2.5727548091936114e-08,0.00023938024241942912
u9_mem_reg\[3\]\[13\],1,0,1,12834,4788,13968,5058,0,0,0,DFFHQNx2_ASAP7_75t_SL,2.5727548091936114e-08,0.0002372165909036994
u9_mem_reg\[3\]\[14\],1,0,1,6300,5328,7434,5598,0,0,0,DFFHQNx2_ASAP7_75t_SL,2.5727548091936114e-08,0.00024039142590481788
u9_mem_reg\[3\]\[15\],1,0,1,5598,6678,6732,6948,0,0,0,DFFHQNx2_ASAP7_75t_SL,2.5727548091936114e-08,0.00024033518275246024
u9_mem_reg\[3\]\[16\],1,0,1,9810,8298,10944,8568,0,0,0,DFFHQNx2_ASAP7_75t_SL,2.5727548091936114e-08,0.0002375714248046279
u9_mem_reg\[3\]\[17\],1,0,1,16398,7218,17532,7488,0,0,0,DFFHQNx2_ASAP7_75t_SL,2.5727548091936114e-08,0.00023104787396732718
u9_mem_reg\[3\]\[18\],1,0,1,4248,5868,5382,6138,0,0,0,DFFHQNx2_ASAP7_75t_SL,2.5727548091936114e-08,0.00024031354405451566
u9_mem_reg\[3\]\[19\],1,0,1,4356,4518,5490,4788,0,0,0,DFFHQNx2_ASAP7_75t_SL,2.5727548091936114e-08,0.00024037629191298038
u9_mem_reg\[3\]\[1\],1,0,1,13320,9378,14454,9648,0,0,0,DFFHQNx2_ASAP7_75t_SL,2.5727548091936114e-08,0.00016065264935605228
u9_mem_reg\[3\]\[20\],1,0,1,9648,3708,10782,3978,0,0,0,DFFHQNx2_ASAP7_75t_SL,2.5727548091936114e-08,0.00023737727315165102
u9_mem_reg\[3\]\[21\],1,0,1,14292,3438,15426,3708,0,0,0,DFFHQNx2_ASAP7_75t_SL,2.5727548091936114e-08,0.00023374968441203237
u9_mem_reg\[3\]\[22\],1,0,1,8028,3708,9162,3978,0,0,0,DFFHQNx2_ASAP7_75t_SL,2.5727548091936114e-08,0.00023739252355881035
u9_mem_reg\[3\]\[23\],1,0,1,16128,4788,17262,5058,0,0,0,DFFHQNx2_ASAP7_75t_SL,2.5727548091936114e-08,0.00023071368923410773
u9_mem_reg\[3\]\[24\],1,0,1,5652,7758,6786,8028,0,0,0,DFFHQNx2_ASAP7_75t_SL,2.5727548091936114e-08,0.00024005160958040506
u9_mem_reg\[3\]\[25\],1,0,1,14508,5058,15642,5328,0,0,0,DFFHQNx2_ASAP7_75t_SL,2.5727548091936114e-08,0.0002336699253646657
u9_mem_reg\[3\]\[26\],1,0,1,5976,3438,7110,3708,0,0,0,DFFHQNx2_ASAP7_75t_SL,2.5727548091936114e-08,0.00024043660960160196
u9_mem_reg\[3\]\[27\],1,0,1,12132,3978,13266,4248,0,0,0,DFFHQNx2_ASAP7_75t_SL,2.5727548091936114e-08,0.00023722718469798565
u9_mem_reg\[3\]\[28\],1,0,1,7002,7488,8136,7758,0,0,0,DFFHQNx2_ASAP7_75t_SL,2.5727548091936114e-08,0.0002400147495791316
u9_mem_reg\[3\]\[29\],1,0,1,10836,3978,11970,4248,0,0,0,DFFHQNx2_ASAP7_75t_SL,2.5727548091936114e-08,0.00023738949676044285
u9_mem_reg\[3\]\[2\],1,0,1,10404,9108,11538,9378,0,0,0,DFFHQNx2_ASAP7_75t_SL,2.5727548091936114e-08,0.00023774162400513887
u9_mem_reg\[3\]\[30\],1,0,1,9864,5328,10998,5598,0,0,0,DFFHQNx2_ASAP7_75t_SL,2.5727548091936114e-08,0.00023728613450657576
u9_mem_reg\[3\]\[31\],1,0,1,16020,3708,17154,3978,0,0,0,DFFHQNx2_ASAP7_75t_SL,2.5727548091936114e-08,0.00023070271709002554
u9_mem_reg\[3\]\[3\],1,0,1,14778,9108,15912,9378,0,0,0,DFFHQNx2_ASAP7_75t_SL,2.5727548091936114e-08,0.00016063349903561175
u9_mem_reg\[3\]\[4\],1,0,1,4410,9648,5544,9918,0,0,0,DFFHQNx2_ASAP7_75t_SL,2.5727548091936114e-08,0.00018266603001393378
u9_mem_reg\[3\]\[5\],1,0,1,11754,9108,12888,9378,0,0,0,DFFHQNx2_ASAP7_75t_SL,2.5727548091936114e-08,0.00023718347074463964
u9_mem_reg\[3\]\[6\],1,0,1,8946,5598,10080,5868,0,0,0,DFFHQNx2_ASAP7_75t_SL,2.5727548091936114e-08,0.00023732602130621672
u9_mem_reg\[3\]\[7\],1,0,1,13806,7758,14940,8028,0,0,0,DFFHQNx2_ASAP7_75t_SL,2.5727548091936114e-08,0.00023543104180134833
u9_mem_reg\[3\]\[8\],1,0,1,4356,7218,5490,7488,0,0,0,DFFHQNx2_ASAP7_75t_SL,2.5727548091936114e-08,0.00024024760932661593
u9_mem_reg\[3\]\[9\],1,0,1,13860,6678,14994,6948,0,0,0,DFFHQNx2_ASAP7_75t_SL,2.5727548091936114e-08,0.0002348895213799551
u9_rp_reg\[0\],1,0,1,18072,10458,19422,10728,0,0,0,DFFHQx4_ASAP7_75t_SL,4.6414601939659406e-08,0.00021041519357822835
u9_rp_reg\[1\],1,0,1,17370,9918,18504,10188,0,0,0,DFFHQNx2_ASAP7_75t_SL,2.5727548091936114e-08,0.00021002994617447257
u9_rp_reg\[2\],1,0,1,18666,9648,19800,9918,0,0,0,DFFHQNx2_ASAP7_75t_SL,2.5727548091936114e-08,0.000210040423553437
u9_status_reg\[0\],1,0,1,17748,11808,18828,12078,0,0,0,DFFHQNx1_ASAP7_75t_SL,2.0998857763743217e-08,0.00021014772937633097
u9_status_reg\[1\],1,0,1,17910,11268,18990,11538,0,0,0,DFFHQNx1_ASAP7_75t_SL,2.0998502492375337e-08,0.0002101742138620466
u9_wp_reg\[0\],1,0,1,16020,10998,17100,11268,0,0,0,DFFHQNx1_ASAP7_75t_SL,2.0657900279275054e-08,0.00016056920867413282
u9_wp_reg\[1\],1,0,1,18342,8028,19692,8298,0,0,0,DFFHQx4_ASAP7_75t_SL,4.641499629087775e-08,0.00021052800002507865
u9_wp_reg\[2\],1,0,1,16344,9108,17478,9378,0,0,0,DFFHQNx2_ASAP7_75t_SL,2.5727548091936114e-08,0.00021007738541811705
u9_wp_reg\[3\],1,0,1,18288,8568,19638,8838,0,0,0,DFFHQx4_ASAP7_75t_SL,4.641459838694573e-08,0.00021048507187515497
valid_s1_reg,1,0,1,15480,27198,16560,27468,0,0,0,DFFHQNx1_ASAP7_75t_R,2.1851000175932e-10,2.0848636268055998e-05
valid_s_reg,1,0,1,16938,27468,18018,27738,0,0,0,DFFHQNx1_ASAP7_75t_SL,2.0998500716018498e-08,0.00015383293794002384
