src,tar,src_type,tar_type
drc_bufs164535/Y,ac97_reset_pad_o_,pin,net
ac97_reset_pad_o_,ac97_reset_pad_o_,net,port
bit_clk_pad_i,u2_valid_reg/CLK,net,pin
bit_clk_pad_i,u2_sync_beat_reg/CLK,net,pin
bit_clk_pad_i,u2_out_le_reg\[5\]/CLK,net,pin
bit_clk_pad_i,u2_out_le_reg\[4\]/CLK,net,pin
bit_clk_pad_i,u2_out_le_reg\[3\]/CLK,net,pin
bit_clk_pad_i,u2_out_le_reg\[2\]/CLK,net,pin
bit_clk_pad_i,u2_out_le_reg\[1\]/CLK,net,pin
bit_clk_pad_i,u2_out_le_reg\[0\]/CLK,net,pin
bit_clk_pad_i,u2_ld_reg/CLK,net,pin
bit_clk_pad_i,u2_in_valid_reg\[2\]/CLK,net,pin
bit_clk_pad_i,u2_in_valid_reg\[1\]/CLK,net,pin
bit_clk_pad_i,u2_in_valid_reg\[0\]/CLK,net,pin
bit_clk_pad_i,u2_cnt_reg\[7\]/CLK,net,pin
bit_clk_pad_i,u2_cnt_reg\[6\]/CLK,net,pin
bit_clk_pad_i,u2_cnt_reg\[5\]/CLK,net,pin
bit_clk_pad_i,u2_cnt_reg\[4\]/CLK,net,pin
bit_clk_pad_i,u2_cnt_reg\[3\]/CLK,net,pin
bit_clk_pad_i,u2_cnt_reg\[2\]/CLK,net,pin
bit_clk_pad_i,u2_cnt_reg\[1\]/CLK,net,pin
bit_clk_pad_i,u2_cnt_reg\[0\]/CLK,net,pin
bit_clk_pad_i,u1_sr_reg\[9\]/CLK,net,pin
bit_clk_pad_i,u1_sr_reg\[8\]/CLK,net,pin
bit_clk_pad_i,u1_sr_reg\[7\]/CLK,net,pin
bit_clk_pad_i,u1_sr_reg\[6\]/CLK,net,pin
bit_clk_pad_i,u1_sr_reg\[5\]/CLK,net,pin
bit_clk_pad_i,u1_sr_reg\[4\]/CLK,net,pin
bit_clk_pad_i,u1_sr_reg\[3\]/CLK,net,pin
bit_clk_pad_i,u1_sr_reg\[2\]/CLK,net,pin
bit_clk_pad_i,u1_sr_reg\[1\]/CLK,net,pin
bit_clk_pad_i,u1_sr_reg\[19\]/CLK,net,pin
bit_clk_pad_i,u1_sr_reg\[18\]/CLK,net,pin
bit_clk_pad_i,u1_sr_reg\[17\]/CLK,net,pin
bit_clk_pad_i,u1_sr_reg\[16\]/CLK,net,pin
bit_clk_pad_i,u1_sr_reg\[15\]/CLK,net,pin
bit_clk_pad_i,u1_sr_reg\[14\]/CLK,net,pin
bit_clk_pad_i,u1_sr_reg\[13\]/CLK,net,pin
bit_clk_pad_i,u1_sr_reg\[12\]/CLK,net,pin
bit_clk_pad_i,u1_sr_reg\[11\]/CLK,net,pin
bit_clk_pad_i,u1_sr_reg\[10\]/CLK,net,pin
bit_clk_pad_i,u1_sr_reg\[0\]/CLK,net,pin
bit_clk_pad_i,u1_slt6_reg\[9\]/CLK,net,pin
bit_clk_pad_i,u1_slt6_reg\[8\]/CLK,net,pin
bit_clk_pad_i,u1_slt6_reg\[7\]/CLK,net,pin
bit_clk_pad_i,u1_slt6_reg\[6\]/CLK,net,pin
bit_clk_pad_i,u1_slt6_reg\[5\]/CLK,net,pin
bit_clk_pad_i,u1_slt6_reg\[4\]/CLK,net,pin
bit_clk_pad_i,u1_slt6_reg\[3\]/CLK,net,pin
bit_clk_pad_i,u1_slt6_reg\[2\]/CLK,net,pin
bit_clk_pad_i,u1_slt6_reg\[1\]/CLK,net,pin
bit_clk_pad_i,u1_slt6_reg\[19\]/CLK,net,pin
bit_clk_pad_i,u1_slt6_reg\[18\]/CLK,net,pin
bit_clk_pad_i,u1_slt6_reg\[17\]/CLK,net,pin
bit_clk_pad_i,u1_slt6_reg\[16\]/CLK,net,pin
bit_clk_pad_i,u1_slt6_reg\[15\]/CLK,net,pin
bit_clk_pad_i,u1_slt6_reg\[14\]/CLK,net,pin
bit_clk_pad_i,u1_slt6_reg\[13\]/CLK,net,pin
bit_clk_pad_i,u1_slt6_reg\[12\]/CLK,net,pin
bit_clk_pad_i,u1_slt6_reg\[11\]/CLK,net,pin
bit_clk_pad_i,u1_slt6_reg\[10\]/CLK,net,pin
bit_clk_pad_i,u1_slt6_reg\[0\]/CLK,net,pin
bit_clk_pad_i,u1_slt4_reg\[9\]/CLK,net,pin
bit_clk_pad_i,u1_slt4_reg\[8\]/CLK,net,pin
bit_clk_pad_i,u1_slt4_reg\[7\]/CLK,net,pin
bit_clk_pad_i,u1_slt4_reg\[6\]/CLK,net,pin
bit_clk_pad_i,u1_slt4_reg\[5\]/CLK,net,pin
bit_clk_pad_i,u1_slt4_reg\[4\]/CLK,net,pin
bit_clk_pad_i,u1_slt4_reg\[3\]/CLK,net,pin
bit_clk_pad_i,u1_slt4_reg\[2\]/CLK,net,pin
bit_clk_pad_i,u1_slt4_reg\[1\]/CLK,net,pin
bit_clk_pad_i,u1_slt4_reg\[19\]/CLK,net,pin
bit_clk_pad_i,u1_slt4_reg\[18\]/CLK,net,pin
bit_clk_pad_i,u1_slt4_reg\[17\]/CLK,net,pin
bit_clk_pad_i,u1_slt4_reg\[16\]/CLK,net,pin
bit_clk_pad_i,u1_slt4_reg\[15\]/CLK,net,pin
bit_clk_pad_i,u1_slt4_reg\[14\]/CLK,net,pin
bit_clk_pad_i,u1_slt4_reg\[13\]/CLK,net,pin
bit_clk_pad_i,u1_slt4_reg\[12\]/CLK,net,pin
bit_clk_pad_i,u1_slt4_reg\[11\]/CLK,net,pin
bit_clk_pad_i,u1_slt4_reg\[10\]/CLK,net,pin
bit_clk_pad_i,u1_slt4_reg\[0\]/CLK,net,pin
bit_clk_pad_i,u1_slt3_reg\[9\]/CLK,net,pin
bit_clk_pad_i,u1_slt3_reg\[8\]/CLK,net,pin
bit_clk_pad_i,u1_slt3_reg\[7\]/CLK,net,pin
bit_clk_pad_i,u1_slt3_reg\[6\]/CLK,net,pin
bit_clk_pad_i,u1_slt3_reg\[5\]/CLK,net,pin
bit_clk_pad_i,u1_slt3_reg\[4\]/CLK,net,pin
bit_clk_pad_i,u1_slt3_reg\[3\]/CLK,net,pin
bit_clk_pad_i,u1_slt3_reg\[2\]/CLK,net,pin
bit_clk_pad_i,u1_slt3_reg\[1\]/CLK,net,pin
bit_clk_pad_i,u1_slt3_reg\[19\]/CLK,net,pin
bit_clk_pad_i,u1_slt3_reg\[18\]/CLK,net,pin
bit_clk_pad_i,u1_slt3_reg\[17\]/CLK,net,pin
bit_clk_pad_i,u1_slt3_reg\[16\]/CLK,net,pin
bit_clk_pad_i,u1_slt3_reg\[15\]/CLK,net,pin
bit_clk_pad_i,u1_slt3_reg\[14\]/CLK,net,pin
bit_clk_pad_i,u1_slt3_reg\[13\]/CLK,net,pin
bit_clk_pad_i,u1_slt3_reg\[12\]/CLK,net,pin
bit_clk_pad_i,u1_slt3_reg\[11\]/CLK,net,pin
bit_clk_pad_i,u1_slt3_reg\[10\]/CLK,net,pin
bit_clk_pad_i,u1_slt3_reg\[0\]/CLK,net,pin
bit_clk_pad_i,u1_slt2_reg\[9\]/CLK,net,pin
bit_clk_pad_i,u1_slt2_reg\[8\]/CLK,net,pin
bit_clk_pad_i,u1_slt2_reg\[7\]/CLK,net,pin
bit_clk_pad_i,u1_slt2_reg\[6\]/CLK,net,pin
bit_clk_pad_i,u1_slt2_reg\[5\]/CLK,net,pin
bit_clk_pad_i,u1_slt2_reg\[4\]/CLK,net,pin
bit_clk_pad_i,u1_slt2_reg\[19\]/CLK,net,pin
bit_clk_pad_i,u1_slt2_reg\[18\]/CLK,net,pin
bit_clk_pad_i,u1_slt2_reg\[17\]/CLK,net,pin
bit_clk_pad_i,u1_slt2_reg\[16\]/CLK,net,pin
bit_clk_pad_i,u1_slt2_reg\[15\]/CLK,net,pin
bit_clk_pad_i,u1_slt2_reg\[14\]/CLK,net,pin
bit_clk_pad_i,u1_slt2_reg\[13\]/CLK,net,pin
bit_clk_pad_i,u1_slt2_reg\[12\]/CLK,net,pin
bit_clk_pad_i,u1_slt2_reg\[11\]/CLK,net,pin
bit_clk_pad_i,u1_slt2_reg\[10\]/CLK,net,pin
bit_clk_pad_i,u1_slt1_reg\[8\]/CLK,net,pin
bit_clk_pad_i,u1_slt1_reg\[7\]/CLK,net,pin
bit_clk_pad_i,u1_slt1_reg\[6\]/CLK,net,pin
bit_clk_pad_i,u1_slt1_reg\[5\]/CLK,net,pin
bit_clk_pad_i,u1_slt1_reg\[11\]/CLK,net,pin
bit_clk_pad_i,u1_slt1_reg\[10\]/CLK,net,pin
bit_clk_pad_i,u1_slt0_reg\[9\]/CLK,net,pin
bit_clk_pad_i,u1_slt0_reg\[15\]/CLK,net,pin
bit_clk_pad_i,u1_slt0_reg\[12\]/CLK,net,pin
bit_clk_pad_i,u1_slt0_reg\[11\]/CLK,net,pin
bit_clk_pad_i,u0_slt9_r_reg\[9\]/CLK,net,pin
bit_clk_pad_i,u0_slt9_r_reg\[8\]/CLK,net,pin
bit_clk_pad_i,u0_slt9_r_reg\[7\]/CLK,net,pin
bit_clk_pad_i,u0_slt9_r_reg\[6\]/CLK,net,pin
bit_clk_pad_i,u0_slt9_r_reg\[5\]/CLK,net,pin
bit_clk_pad_i,u0_slt9_r_reg\[4\]/CLK,net,pin
bit_clk_pad_i,u0_slt9_r_reg\[3\]/CLK,net,pin
bit_clk_pad_i,u0_slt9_r_reg\[2\]/CLK,net,pin
bit_clk_pad_i,u0_slt9_r_reg\[1\]/CLK,net,pin
bit_clk_pad_i,u0_slt9_r_reg\[19\]/CLK,net,pin
bit_clk_pad_i,u0_slt9_r_reg\[18\]/CLK,net,pin
bit_clk_pad_i,u0_slt9_r_reg\[17\]/CLK,net,pin
bit_clk_pad_i,u0_slt9_r_reg\[16\]/CLK,net,pin
bit_clk_pad_i,u0_slt9_r_reg\[15\]/CLK,net,pin
bit_clk_pad_i,u0_slt9_r_reg\[14\]/CLK,net,pin
bit_clk_pad_i,u0_slt9_r_reg\[13\]/CLK,net,pin
bit_clk_pad_i,u0_slt9_r_reg\[12\]/CLK,net,pin
bit_clk_pad_i,u0_slt9_r_reg\[11\]/CLK,net,pin
bit_clk_pad_i,u0_slt9_r_reg\[10\]/CLK,net,pin
bit_clk_pad_i,u0_slt9_r_reg\[0\]/CLK,net,pin
bit_clk_pad_i,u0_slt8_r_reg\[9\]/CLK,net,pin
bit_clk_pad_i,u0_slt8_r_reg\[8\]/CLK,net,pin
bit_clk_pad_i,u0_slt8_r_reg\[7\]/CLK,net,pin
bit_clk_pad_i,u0_slt8_r_reg\[6\]/CLK,net,pin
bit_clk_pad_i,u0_slt8_r_reg\[5\]/CLK,net,pin
bit_clk_pad_i,u0_slt8_r_reg\[4\]/CLK,net,pin
bit_clk_pad_i,u0_slt8_r_reg\[3\]/CLK,net,pin
bit_clk_pad_i,u0_slt8_r_reg\[2\]/CLK,net,pin
bit_clk_pad_i,u0_slt8_r_reg\[1\]/CLK,net,pin
bit_clk_pad_i,u0_slt8_r_reg\[19\]/CLK,net,pin
bit_clk_pad_i,u0_slt8_r_reg\[18\]/CLK,net,pin
bit_clk_pad_i,u0_slt8_r_reg\[17\]/CLK,net,pin
bit_clk_pad_i,u0_slt8_r_reg\[16\]/CLK,net,pin
bit_clk_pad_i,u0_slt8_r_reg\[15\]/CLK,net,pin
bit_clk_pad_i,u0_slt8_r_reg\[14\]/CLK,net,pin
bit_clk_pad_i,u0_slt8_r_reg\[13\]/CLK,net,pin
bit_clk_pad_i,u0_slt8_r_reg\[12\]/CLK,net,pin
bit_clk_pad_i,u0_slt8_r_reg\[11\]/CLK,net,pin
bit_clk_pad_i,u0_slt8_r_reg\[10\]/CLK,net,pin
bit_clk_pad_i,u0_slt8_r_reg\[0\]/CLK,net,pin
bit_clk_pad_i,u0_slt7_r_reg\[9\]/CLK,net,pin
bit_clk_pad_i,u0_slt7_r_reg\[8\]/CLK,net,pin
bit_clk_pad_i,u0_slt7_r_reg\[7\]/CLK,net,pin
bit_clk_pad_i,u0_slt7_r_reg\[6\]/CLK,net,pin
bit_clk_pad_i,u0_slt7_r_reg\[5\]/CLK,net,pin
bit_clk_pad_i,u0_slt7_r_reg\[4\]/CLK,net,pin
bit_clk_pad_i,u0_slt7_r_reg\[3\]/CLK,net,pin
bit_clk_pad_i,u0_slt7_r_reg\[2\]/CLK,net,pin
bit_clk_pad_i,u0_slt7_r_reg\[1\]/CLK,net,pin
bit_clk_pad_i,u0_slt7_r_reg\[19\]/CLK,net,pin
bit_clk_pad_i,u0_slt7_r_reg\[18\]/CLK,net,pin
bit_clk_pad_i,u0_slt7_r_reg\[17\]/CLK,net,pin
bit_clk_pad_i,u0_slt7_r_reg\[16\]/CLK,net,pin
bit_clk_pad_i,u0_slt7_r_reg\[15\]/CLK,net,pin
bit_clk_pad_i,u0_slt7_r_reg\[14\]/CLK,net,pin
bit_clk_pad_i,u0_slt7_r_reg\[13\]/CLK,net,pin
bit_clk_pad_i,u0_slt7_r_reg\[12\]/CLK,net,pin
bit_clk_pad_i,u0_slt7_r_reg\[11\]/CLK,net,pin
bit_clk_pad_i,u0_slt7_r_reg\[10\]/CLK,net,pin
bit_clk_pad_i,u0_slt7_r_reg\[0\]/CLK,net,pin
bit_clk_pad_i,u0_slt6_r_reg\[9\]/CLK,net,pin
bit_clk_pad_i,u0_slt6_r_reg\[8\]/CLK,net,pin
bit_clk_pad_i,u0_slt6_r_reg\[7\]/CLK,net,pin
bit_clk_pad_i,u0_slt6_r_reg\[6\]/CLK,net,pin
bit_clk_pad_i,u0_slt6_r_reg\[5\]/CLK,net,pin
bit_clk_pad_i,u0_slt6_r_reg\[4\]/CLK,net,pin
bit_clk_pad_i,u0_slt6_r_reg\[3\]/CLK,net,pin
bit_clk_pad_i,u0_slt6_r_reg\[2\]/CLK,net,pin
bit_clk_pad_i,u0_slt6_r_reg\[1\]/CLK,net,pin
bit_clk_pad_i,u0_slt6_r_reg\[19\]/CLK,net,pin
bit_clk_pad_i,u0_slt6_r_reg\[18\]/CLK,net,pin
bit_clk_pad_i,u0_slt6_r_reg\[17\]/CLK,net,pin
bit_clk_pad_i,u0_slt6_r_reg\[16\]/CLK,net,pin
bit_clk_pad_i,u0_slt6_r_reg\[15\]/CLK,net,pin
bit_clk_pad_i,u0_slt6_r_reg\[14\]/CLK,net,pin
bit_clk_pad_i,u0_slt6_r_reg\[13\]/CLK,net,pin
bit_clk_pad_i,u0_slt6_r_reg\[12\]/CLK,net,pin
bit_clk_pad_i,u0_slt6_r_reg\[11\]/CLK,net,pin
bit_clk_pad_i,u0_slt6_r_reg\[10\]/CLK,net,pin
bit_clk_pad_i,u0_slt6_r_reg\[0\]/CLK,net,pin
bit_clk_pad_i,u0_slt5_r_reg\[9\]/CLK,net,pin
bit_clk_pad_i,u0_slt5_r_reg\[8\]/CLK,net,pin
bit_clk_pad_i,u0_slt5_r_reg\[7\]/CLK,net,pin
bit_clk_pad_i,u0_slt5_r_reg\[6\]/CLK,net,pin
bit_clk_pad_i,u0_slt5_r_reg\[5\]/CLK,net,pin
bit_clk_pad_i,u0_slt5_r_reg\[4\]/CLK,net,pin
bit_clk_pad_i,u0_slt5_r_reg\[3\]/CLK,net,pin
bit_clk_pad_i,u0_slt5_r_reg\[2\]/CLK,net,pin
bit_clk_pad_i,u0_slt5_r_reg\[1\]/CLK,net,pin
bit_clk_pad_i,u0_slt5_r_reg\[19\]/CLK,net,pin
bit_clk_pad_i,u0_slt5_r_reg\[18\]/CLK,net,pin
bit_clk_pad_i,u0_slt5_r_reg\[17\]/CLK,net,pin
bit_clk_pad_i,u0_slt5_r_reg\[16\]/CLK,net,pin
bit_clk_pad_i,u0_slt5_r_reg\[15\]/CLK,net,pin
bit_clk_pad_i,u0_slt5_r_reg\[14\]/CLK,net,pin
bit_clk_pad_i,u0_slt5_r_reg\[13\]/CLK,net,pin
bit_clk_pad_i,u0_slt5_r_reg\[12\]/CLK,net,pin
bit_clk_pad_i,u0_slt5_r_reg\[11\]/CLK,net,pin
bit_clk_pad_i,u0_slt5_r_reg\[10\]/CLK,net,pin
bit_clk_pad_i,u0_slt5_r_reg\[0\]/CLK,net,pin
bit_clk_pad_i,u0_slt4_r_reg\[9\]/CLK,net,pin
bit_clk_pad_i,u0_slt4_r_reg\[8\]/CLK,net,pin
bit_clk_pad_i,u0_slt4_r_reg\[7\]/CLK,net,pin
bit_clk_pad_i,u0_slt4_r_reg\[6\]/CLK,net,pin
bit_clk_pad_i,u0_slt4_r_reg\[5\]/CLK,net,pin
bit_clk_pad_i,u0_slt4_r_reg\[4\]/CLK,net,pin
bit_clk_pad_i,u0_slt4_r_reg\[3\]/CLK,net,pin
bit_clk_pad_i,u0_slt4_r_reg\[2\]/CLK,net,pin
bit_clk_pad_i,u0_slt4_r_reg\[1\]/CLK,net,pin
bit_clk_pad_i,u0_slt4_r_reg\[19\]/CLK,net,pin
bit_clk_pad_i,u0_slt4_r_reg\[18\]/CLK,net,pin
bit_clk_pad_i,u0_slt4_r_reg\[17\]/CLK,net,pin
bit_clk_pad_i,u0_slt4_r_reg\[16\]/CLK,net,pin
bit_clk_pad_i,u0_slt4_r_reg\[15\]/CLK,net,pin
bit_clk_pad_i,u0_slt4_r_reg\[14\]/CLK,net,pin
bit_clk_pad_i,u0_slt4_r_reg\[13\]/CLK,net,pin
bit_clk_pad_i,u0_slt4_r_reg\[12\]/CLK,net,pin
bit_clk_pad_i,u0_slt4_r_reg\[11\]/CLK,net,pin
bit_clk_pad_i,u0_slt4_r_reg\[10\]/CLK,net,pin
bit_clk_pad_i,u0_slt4_r_reg\[0\]/CLK,net,pin
bit_clk_pad_i,u0_slt3_r_reg\[9\]/CLK,net,pin
bit_clk_pad_i,u0_slt3_r_reg\[8\]/CLK,net,pin
bit_clk_pad_i,u0_slt3_r_reg\[7\]/CLK,net,pin
bit_clk_pad_i,u0_slt3_r_reg\[6\]/CLK,net,pin
bit_clk_pad_i,u0_slt3_r_reg\[5\]/CLK,net,pin
bit_clk_pad_i,u0_slt3_r_reg\[4\]/CLK,net,pin
bit_clk_pad_i,u0_slt3_r_reg\[3\]/CLK,net,pin
bit_clk_pad_i,u0_slt3_r_reg\[2\]/CLK,net,pin
bit_clk_pad_i,u0_slt3_r_reg\[1\]/CLK,net,pin
bit_clk_pad_i,u0_slt3_r_reg\[19\]/CLK,net,pin
bit_clk_pad_i,u0_slt3_r_reg\[18\]/CLK,net,pin
bit_clk_pad_i,u0_slt3_r_reg\[17\]/CLK,net,pin
bit_clk_pad_i,u0_slt3_r_reg\[16\]/CLK,net,pin
bit_clk_pad_i,u0_slt3_r_reg\[15\]/CLK,net,pin
bit_clk_pad_i,u0_slt3_r_reg\[14\]/CLK,net,pin
bit_clk_pad_i,u0_slt3_r_reg\[13\]/CLK,net,pin
bit_clk_pad_i,u0_slt3_r_reg\[12\]/CLK,net,pin
bit_clk_pad_i,u0_slt3_r_reg\[11\]/CLK,net,pin
bit_clk_pad_i,u0_slt3_r_reg\[10\]/CLK,net,pin
bit_clk_pad_i,u0_slt3_r_reg\[0\]/CLK,net,pin
bit_clk_pad_i,u0_slt2_r_reg\[9\]/CLK,net,pin
bit_clk_pad_i,u0_slt2_r_reg\[8\]/CLK,net,pin
bit_clk_pad_i,u0_slt2_r_reg\[7\]/CLK,net,pin
bit_clk_pad_i,u0_slt2_r_reg\[6\]/CLK,net,pin
bit_clk_pad_i,u0_slt2_r_reg\[5\]/CLK,net,pin
bit_clk_pad_i,u0_slt2_r_reg\[4\]/CLK,net,pin
bit_clk_pad_i,u0_slt2_r_reg\[3\]/CLK,net,pin
bit_clk_pad_i,u0_slt2_r_reg\[2\]/CLK,net,pin
bit_clk_pad_i,u0_slt2_r_reg\[1\]/CLK,net,pin
bit_clk_pad_i,u0_slt2_r_reg\[19\]/CLK,net,pin
bit_clk_pad_i,u0_slt2_r_reg\[18\]/CLK,net,pin
bit_clk_pad_i,u0_slt2_r_reg\[17\]/CLK,net,pin
bit_clk_pad_i,u0_slt2_r_reg\[16\]/CLK,net,pin
bit_clk_pad_i,u0_slt2_r_reg\[15\]/CLK,net,pin
bit_clk_pad_i,u0_slt2_r_reg\[14\]/CLK,net,pin
bit_clk_pad_i,u0_slt2_r_reg\[13\]/CLK,net,pin
bit_clk_pad_i,u0_slt2_r_reg\[12\]/CLK,net,pin
bit_clk_pad_i,u0_slt2_r_reg\[11\]/CLK,net,pin
bit_clk_pad_i,u0_slt2_r_reg\[10\]/CLK,net,pin
bit_clk_pad_i,u0_slt2_r_reg\[0\]/CLK,net,pin
bit_clk_pad_i,u0_slt1_r_reg\[9\]/CLK,net,pin
bit_clk_pad_i,u0_slt1_r_reg\[8\]/CLK,net,pin
bit_clk_pad_i,u0_slt1_r_reg\[7\]/CLK,net,pin
bit_clk_pad_i,u0_slt1_r_reg\[6\]/CLK,net,pin
bit_clk_pad_i,u0_slt1_r_reg\[5\]/CLK,net,pin
bit_clk_pad_i,u0_slt1_r_reg\[4\]/CLK,net,pin
bit_clk_pad_i,u0_slt1_r_reg\[3\]/CLK,net,pin
bit_clk_pad_i,u0_slt1_r_reg\[2\]/CLK,net,pin
bit_clk_pad_i,u0_slt1_r_reg\[1\]/CLK,net,pin
bit_clk_pad_i,u0_slt1_r_reg\[19\]/CLK,net,pin
bit_clk_pad_i,u0_slt1_r_reg\[18\]/CLK,net,pin
bit_clk_pad_i,u0_slt1_r_reg\[17\]/CLK,net,pin
bit_clk_pad_i,u0_slt1_r_reg\[16\]/CLK,net,pin
bit_clk_pad_i,u0_slt1_r_reg\[15\]/CLK,net,pin
bit_clk_pad_i,u0_slt1_r_reg\[14\]/CLK,net,pin
bit_clk_pad_i,u0_slt1_r_reg\[13\]/CLK,net,pin
bit_clk_pad_i,u0_slt1_r_reg\[12\]/CLK,net,pin
bit_clk_pad_i,u0_slt1_r_reg\[11\]/CLK,net,pin
bit_clk_pad_i,u0_slt1_r_reg\[10\]/CLK,net,pin
bit_clk_pad_i,u0_slt1_r_reg\[0\]/CLK,net,pin
bit_clk_pad_i,u0_slt0_r_reg\[9\]/CLK,net,pin
bit_clk_pad_i,u0_slt0_r_reg\[8\]/CLK,net,pin
bit_clk_pad_i,u0_slt0_r_reg\[7\]/CLK,net,pin
bit_clk_pad_i,u0_slt0_r_reg\[6\]/CLK,net,pin
bit_clk_pad_i,u0_slt0_r_reg\[5\]/CLK,net,pin
bit_clk_pad_i,u0_slt0_r_reg\[4\]/CLK,net,pin
bit_clk_pad_i,u0_slt0_r_reg\[3\]/CLK,net,pin
bit_clk_pad_i,u0_slt0_r_reg\[2\]/CLK,net,pin
bit_clk_pad_i,u0_slt0_r_reg\[1\]/CLK,net,pin
bit_clk_pad_i,u0_slt0_r_reg\[15\]/CLK,net,pin
bit_clk_pad_i,u0_slt0_r_reg\[14\]/CLK,net,pin
bit_clk_pad_i,u0_slt0_r_reg\[13\]/CLK,net,pin
bit_clk_pad_i,u0_slt0_r_reg\[12\]/CLK,net,pin
bit_clk_pad_i,u0_slt0_r_reg\[11\]/CLK,net,pin
bit_clk_pad_i,u0_slt0_r_reg\[10\]/CLK,net,pin
bit_clk_pad_i,u0_slt0_r_reg\[0\]/CLK,net,pin
bit_clk_pad_i,g160160/A,net,pin
bit_clk_pad_i,bit_clk_pad_i,port,net
clk_i,valid_s_reg/CLK,net,pin
clk_i,valid_s1_reg/CLK,net,pin
clk_i,u9_wp_reg\[3\]/CLK,net,pin
clk_i,u9_wp_reg\[2\]/CLK,net,pin
clk_i,u9_wp_reg\[1\]/CLK,net,pin
clk_i,u9_wp_reg\[0\]/CLK,net,pin
clk_i,u9_status_reg\[1\]/CLK,net,pin
clk_i,u9_status_reg\[0\]/CLK,net,pin
clk_i,u9_rp_reg\[2\]/CLK,net,pin
clk_i,u9_rp_reg\[1\]/CLK,net,pin
clk_i,u9_rp_reg\[0\]/CLK,net,pin
clk_i,u9_mem_reg\[3\]\[9\]/CLK,net,pin
clk_i,u9_mem_reg\[3\]\[8\]/CLK,net,pin
clk_i,u9_mem_reg\[3\]\[7\]/CLK,net,pin
clk_i,u9_mem_reg\[3\]\[6\]/CLK,net,pin
clk_i,u9_mem_reg\[3\]\[5\]/CLK,net,pin
clk_i,u9_mem_reg\[3\]\[4\]/CLK,net,pin
clk_i,u9_mem_reg\[3\]\[3\]/CLK,net,pin
clk_i,u9_mem_reg\[3\]\[31\]/CLK,net,pin
clk_i,u9_mem_reg\[3\]\[30\]/CLK,net,pin
clk_i,u9_mem_reg\[3\]\[2\]/CLK,net,pin
clk_i,u9_mem_reg\[3\]\[29\]/CLK,net,pin
clk_i,u9_mem_reg\[3\]\[28\]/CLK,net,pin
clk_i,u9_mem_reg\[3\]\[27\]/CLK,net,pin
clk_i,u9_mem_reg\[3\]\[26\]/CLK,net,pin
clk_i,u9_mem_reg\[3\]\[25\]/CLK,net,pin
clk_i,u9_mem_reg\[3\]\[24\]/CLK,net,pin
clk_i,u9_mem_reg\[3\]\[23\]/CLK,net,pin
clk_i,u9_mem_reg\[3\]\[22\]/CLK,net,pin
clk_i,u9_mem_reg\[3\]\[21\]/CLK,net,pin
clk_i,u9_mem_reg\[3\]\[20\]/CLK,net,pin
clk_i,u9_mem_reg\[3\]\[1\]/CLK,net,pin
clk_i,u9_mem_reg\[3\]\[19\]/CLK,net,pin
clk_i,u9_mem_reg\[3\]\[18\]/CLK,net,pin
clk_i,u9_mem_reg\[3\]\[17\]/CLK,net,pin
clk_i,u9_mem_reg\[3\]\[16\]/CLK,net,pin
clk_i,u9_mem_reg\[3\]\[15\]/CLK,net,pin
clk_i,u9_mem_reg\[3\]\[14\]/CLK,net,pin
clk_i,u9_mem_reg\[3\]\[13\]/CLK,net,pin
clk_i,u9_mem_reg\[3\]\[12\]/CLK,net,pin
clk_i,u9_mem_reg\[3\]\[11\]/CLK,net,pin
clk_i,u9_mem_reg\[3\]\[10\]/CLK,net,pin
clk_i,u9_mem_reg\[3\]\[0\]/CLK,net,pin
clk_i,u9_mem_reg\[2\]\[9\]/CLK,net,pin
clk_i,u9_mem_reg\[2\]\[8\]/CLK,net,pin
clk_i,u9_mem_reg\[2\]\[7\]/CLK,net,pin
clk_i,u9_mem_reg\[2\]\[6\]/CLK,net,pin
clk_i,u9_mem_reg\[2\]\[5\]/CLK,net,pin
clk_i,u9_mem_reg\[2\]\[4\]/CLK,net,pin
clk_i,u9_mem_reg\[2\]\[3\]/CLK,net,pin
clk_i,u9_mem_reg\[2\]\[31\]/CLK,net,pin
clk_i,u9_mem_reg\[2\]\[30\]/CLK,net,pin
clk_i,u9_mem_reg\[2\]\[2\]/CLK,net,pin
clk_i,u9_mem_reg\[2\]\[29\]/CLK,net,pin
clk_i,u9_mem_reg\[2\]\[28\]/CLK,net,pin
clk_i,u9_mem_reg\[2\]\[27\]/CLK,net,pin
clk_i,u9_mem_reg\[2\]\[26\]/CLK,net,pin
clk_i,u9_mem_reg\[2\]\[25\]/CLK,net,pin
clk_i,u9_mem_reg\[2\]\[24\]/CLK,net,pin
clk_i,u9_mem_reg\[2\]\[23\]/CLK,net,pin
clk_i,u9_mem_reg\[2\]\[22\]/CLK,net,pin
clk_i,u9_mem_reg\[2\]\[21\]/CLK,net,pin
clk_i,u9_mem_reg\[2\]\[20\]/CLK,net,pin
clk_i,u9_mem_reg\[2\]\[1\]/CLK,net,pin
clk_i,u9_mem_reg\[2\]\[19\]/CLK,net,pin
clk_i,u9_mem_reg\[2\]\[18\]/CLK,net,pin
clk_i,u9_mem_reg\[2\]\[17\]/CLK,net,pin
clk_i,u9_mem_reg\[2\]\[16\]/CLK,net,pin
clk_i,u9_mem_reg\[2\]\[15\]/CLK,net,pin
clk_i,u9_mem_reg\[2\]\[14\]/CLK,net,pin
clk_i,u9_mem_reg\[2\]\[13\]/CLK,net,pin
clk_i,u9_mem_reg\[2\]\[12\]/CLK,net,pin
clk_i,u9_mem_reg\[2\]\[11\]/CLK,net,pin
clk_i,u9_mem_reg\[2\]\[10\]/CLK,net,pin
clk_i,u9_mem_reg\[2\]\[0\]/CLK,net,pin
clk_i,u9_mem_reg\[1\]\[9\]/CLK,net,pin
clk_i,u9_mem_reg\[1\]\[8\]/CLK,net,pin
clk_i,u9_mem_reg\[1\]\[7\]/CLK,net,pin
clk_i,u9_mem_reg\[1\]\[6\]/CLK,net,pin
clk_i,u9_mem_reg\[1\]\[5\]/CLK,net,pin
clk_i,u9_mem_reg\[1\]\[4\]/CLK,net,pin
clk_i,u9_mem_reg\[1\]\[3\]/CLK,net,pin
clk_i,u9_mem_reg\[1\]\[31\]/CLK,net,pin
clk_i,u9_mem_reg\[1\]\[30\]/CLK,net,pin
clk_i,u9_mem_reg\[1\]\[2\]/CLK,net,pin
clk_i,u9_mem_reg\[1\]\[29\]/CLK,net,pin
clk_i,u9_mem_reg\[1\]\[28\]/CLK,net,pin
clk_i,u9_mem_reg\[1\]\[27\]/CLK,net,pin
clk_i,u9_mem_reg\[1\]\[26\]/CLK,net,pin
clk_i,u9_mem_reg\[1\]\[25\]/CLK,net,pin
clk_i,u9_mem_reg\[1\]\[24\]/CLK,net,pin
clk_i,u9_mem_reg\[1\]\[23\]/CLK,net,pin
clk_i,u9_mem_reg\[1\]\[22\]/CLK,net,pin
clk_i,u9_mem_reg\[1\]\[21\]/CLK,net,pin
clk_i,u9_mem_reg\[1\]\[20\]/CLK,net,pin
clk_i,u9_mem_reg\[1\]\[1\]/CLK,net,pin
clk_i,u9_mem_reg\[1\]\[19\]/CLK,net,pin
clk_i,u9_mem_reg\[1\]\[18\]/CLK,net,pin
clk_i,u9_mem_reg\[1\]\[17\]/CLK,net,pin
clk_i,u9_mem_reg\[1\]\[16\]/CLK,net,pin
clk_i,u9_mem_reg\[1\]\[15\]/CLK,net,pin
clk_i,u9_mem_reg\[1\]\[14\]/CLK,net,pin
clk_i,u9_mem_reg\[1\]\[13\]/CLK,net,pin
clk_i,u9_mem_reg\[1\]\[12\]/CLK,net,pin
clk_i,u9_mem_reg\[1\]\[11\]/CLK,net,pin
clk_i,u9_mem_reg\[1\]\[10\]/CLK,net,pin
clk_i,u9_mem_reg\[1\]\[0\]/CLK,net,pin
clk_i,u9_mem_reg\[0\]\[9\]/CLK,net,pin
clk_i,u9_mem_reg\[0\]\[8\]/CLK,net,pin
clk_i,u9_mem_reg\[0\]\[7\]/CLK,net,pin
clk_i,u9_mem_reg\[0\]\[6\]/CLK,net,pin
clk_i,u9_mem_reg\[0\]\[5\]/CLK,net,pin
clk_i,u9_mem_reg\[0\]\[4\]/CLK,net,pin
clk_i,u9_mem_reg\[0\]\[3\]/CLK,net,pin
clk_i,u9_mem_reg\[0\]\[31\]/CLK,net,pin
clk_i,u9_mem_reg\[0\]\[30\]/CLK,net,pin
clk_i,u9_mem_reg\[0\]\[2\]/CLK,net,pin
clk_i,u9_mem_reg\[0\]\[29\]/CLK,net,pin
clk_i,u9_mem_reg\[0\]\[28\]/CLK,net,pin
clk_i,u9_mem_reg\[0\]\[27\]/CLK,net,pin
clk_i,u9_mem_reg\[0\]\[26\]/CLK,net,pin
clk_i,u9_mem_reg\[0\]\[25\]/CLK,net,pin
clk_i,u9_mem_reg\[0\]\[24\]/CLK,net,pin
clk_i,u9_mem_reg\[0\]\[23\]/CLK,net,pin
clk_i,u9_mem_reg\[0\]\[22\]/CLK,net,pin
clk_i,u9_mem_reg\[0\]\[21\]/CLK,net,pin
clk_i,u9_mem_reg\[0\]\[20\]/CLK,net,pin
clk_i,u9_mem_reg\[0\]\[1\]/CLK,net,pin
clk_i,u9_mem_reg\[0\]\[19\]/CLK,net,pin
clk_i,u9_mem_reg\[0\]\[18\]/CLK,net,pin
clk_i,u9_mem_reg\[0\]\[17\]/CLK,net,pin
clk_i,u9_mem_reg\[0\]\[16\]/CLK,net,pin
clk_i,u9_mem_reg\[0\]\[15\]/CLK,net,pin
clk_i,u9_mem_reg\[0\]\[14\]/CLK,net,pin
clk_i,u9_mem_reg\[0\]\[13\]/CLK,net,pin
clk_i,u9_mem_reg\[0\]\[12\]/CLK,net,pin
clk_i,u9_mem_reg\[0\]\[11\]/CLK,net,pin
clk_i,u9_mem_reg\[0\]\[10\]/CLK,net,pin
clk_i,u9_mem_reg\[0\]\[0\]/CLK,net,pin
clk_i,u9_full_reg/CLK,net,pin
clk_i,u9_empty_reg/CLK,net,pin
clk_i,u9_dout_reg\[9\]/CLK,net,pin
clk_i,u9_dout_reg\[8\]/CLK,net,pin
clk_i,u9_dout_reg\[7\]/CLK,net,pin
clk_i,u9_dout_reg\[6\]/CLK,net,pin
clk_i,u9_dout_reg\[5\]/CLK,net,pin
clk_i,u9_dout_reg\[4\]/CLK,net,pin
clk_i,u9_dout_reg\[3\]/CLK,net,pin
clk_i,u9_dout_reg\[31\]/CLK,net,pin
clk_i,u9_dout_reg\[30\]/CLK,net,pin
clk_i,u9_dout_reg\[2\]/CLK,net,pin
clk_i,u9_dout_reg\[29\]/CLK,net,pin
clk_i,u9_dout_reg\[28\]/CLK,net,pin
clk_i,u9_dout_reg\[27\]/CLK,net,pin
clk_i,u9_dout_reg\[26\]/CLK,net,pin
clk_i,u9_dout_reg\[25\]/CLK,net,pin
clk_i,u9_dout_reg\[24\]/CLK,net,pin
clk_i,u9_dout_reg\[23\]/CLK,net,pin
clk_i,u9_dout_reg\[22\]/CLK,net,pin
clk_i,u9_dout_reg\[21\]/CLK,net,pin
clk_i,u9_dout_reg\[20\]/CLK,net,pin
clk_i,u9_dout_reg\[1\]/CLK,net,pin
clk_i,u9_dout_reg\[19\]/CLK,net,pin
clk_i,u9_dout_reg\[18\]/CLK,net,pin
clk_i,u9_dout_reg\[17\]/CLK,net,pin
clk_i,u9_dout_reg\[16\]/CLK,net,pin
clk_i,u9_dout_reg\[15\]/CLK,net,pin
clk_i,u9_dout_reg\[14\]/CLK,net,pin
clk_i,u9_dout_reg\[13\]/CLK,net,pin
clk_i,u9_dout_reg\[12\]/CLK,net,pin
clk_i,u9_dout_reg\[11\]/CLK,net,pin
clk_i,u9_dout_reg\[10\]/CLK,net,pin
clk_i,u9_dout_reg\[0\]/CLK,net,pin
clk_i,u9_din_tmp1_reg\[9\]/CLK,net,pin
clk_i,u9_din_tmp1_reg\[8\]/CLK,net,pin
clk_i,u9_din_tmp1_reg\[7\]/CLK,net,pin
clk_i,u9_din_tmp1_reg\[6\]/CLK,net,pin
clk_i,u9_din_tmp1_reg\[5\]/CLK,net,pin
clk_i,u9_din_tmp1_reg\[4\]/CLK,net,pin
clk_i,u9_din_tmp1_reg\[3\]/CLK,net,pin
clk_i,u9_din_tmp1_reg\[2\]/CLK,net,pin
clk_i,u9_din_tmp1_reg\[1\]/CLK,net,pin
clk_i,u9_din_tmp1_reg\[15\]/CLK,net,pin
clk_i,u9_din_tmp1_reg\[14\]/CLK,net,pin
clk_i,u9_din_tmp1_reg\[13\]/CLK,net,pin
clk_i,u9_din_tmp1_reg\[12\]/CLK,net,pin
clk_i,u9_din_tmp1_reg\[11\]/CLK,net,pin
clk_i,u9_din_tmp1_reg\[10\]/CLK,net,pin
clk_i,u9_din_tmp1_reg\[0\]/CLK,net,pin
clk_i,u8_wp_reg\[2\]/CLK,net,pin
clk_i,u8_wp_reg\[1\]/CLK,net,pin
clk_i,u8_wp_reg\[0\]/CLK,net,pin
clk_i,u8_status_reg\[1\]/CLK,net,pin
clk_i,u8_status_reg\[0\]/CLK,net,pin
clk_i,u8_rp_reg\[3\]/CLK,net,pin
clk_i,u8_rp_reg\[2\]/CLK,net,pin
clk_i,u8_rp_reg\[1\]/CLK,net,pin
clk_i,u8_rp_reg\[0\]/CLK,net,pin
clk_i,u8_mem_reg\[3\]\[9\]/CLK,net,pin
clk_i,u8_mem_reg\[3\]\[8\]/CLK,net,pin
clk_i,u8_mem_reg\[3\]\[7\]/CLK,net,pin
clk_i,u8_mem_reg\[3\]\[6\]/CLK,net,pin
clk_i,u8_mem_reg\[3\]\[5\]/CLK,net,pin
clk_i,u8_mem_reg\[3\]\[4\]/CLK,net,pin
clk_i,u8_mem_reg\[3\]\[3\]/CLK,net,pin
clk_i,u8_mem_reg\[3\]\[31\]/CLK,net,pin
clk_i,u8_mem_reg\[3\]\[30\]/CLK,net,pin
clk_i,u8_mem_reg\[3\]\[2\]/CLK,net,pin
clk_i,u8_mem_reg\[3\]\[29\]/CLK,net,pin
clk_i,u8_mem_reg\[3\]\[28\]/CLK,net,pin
clk_i,u8_mem_reg\[3\]\[27\]/CLK,net,pin
clk_i,u8_mem_reg\[3\]\[26\]/CLK,net,pin
clk_i,u8_mem_reg\[3\]\[25\]/CLK,net,pin
clk_i,u8_mem_reg\[3\]\[24\]/CLK,net,pin
clk_i,u8_mem_reg\[3\]\[23\]/CLK,net,pin
clk_i,u8_mem_reg\[3\]\[22\]/CLK,net,pin
clk_i,u8_mem_reg\[3\]\[21\]/CLK,net,pin
clk_i,u8_mem_reg\[3\]\[20\]/CLK,net,pin
clk_i,u8_mem_reg\[3\]\[1\]/CLK,net,pin
clk_i,u8_mem_reg\[3\]\[19\]/CLK,net,pin
clk_i,u8_mem_reg\[3\]\[18\]/CLK,net,pin
clk_i,u8_mem_reg\[3\]\[17\]/CLK,net,pin
clk_i,u8_mem_reg\[3\]\[16\]/CLK,net,pin
clk_i,u8_mem_reg\[3\]\[15\]/CLK,net,pin
clk_i,u8_mem_reg\[3\]\[14\]/CLK,net,pin
clk_i,u8_mem_reg\[3\]\[13\]/CLK,net,pin
clk_i,u8_mem_reg\[3\]\[12\]/CLK,net,pin
clk_i,u8_mem_reg\[3\]\[11\]/CLK,net,pin
clk_i,u8_mem_reg\[3\]\[10\]/CLK,net,pin
clk_i,u8_mem_reg\[3\]\[0\]/CLK,net,pin
clk_i,u8_mem_reg\[2\]\[9\]/CLK,net,pin
clk_i,u8_mem_reg\[2\]\[8\]/CLK,net,pin
clk_i,u8_mem_reg\[2\]\[7\]/CLK,net,pin
clk_i,u8_mem_reg\[2\]\[6\]/CLK,net,pin
clk_i,u8_mem_reg\[2\]\[5\]/CLK,net,pin
clk_i,u8_mem_reg\[2\]\[4\]/CLK,net,pin
clk_i,u8_mem_reg\[2\]\[3\]/CLK,net,pin
clk_i,u8_mem_reg\[2\]\[31\]/CLK,net,pin
clk_i,u8_mem_reg\[2\]\[30\]/CLK,net,pin
clk_i,u8_mem_reg\[2\]\[2\]/CLK,net,pin
clk_i,u8_mem_reg\[2\]\[29\]/CLK,net,pin
clk_i,u8_mem_reg\[2\]\[28\]/CLK,net,pin
clk_i,u8_mem_reg\[2\]\[27\]/CLK,net,pin
clk_i,u8_mem_reg\[2\]\[26\]/CLK,net,pin
clk_i,u8_mem_reg\[2\]\[25\]/CLK,net,pin
clk_i,u8_mem_reg\[2\]\[24\]/CLK,net,pin
clk_i,u8_mem_reg\[2\]\[23\]/CLK,net,pin
clk_i,u8_mem_reg\[2\]\[22\]/CLK,net,pin
clk_i,u8_mem_reg\[2\]\[21\]/CLK,net,pin
clk_i,u8_mem_reg\[2\]\[20\]/CLK,net,pin
clk_i,u8_mem_reg\[2\]\[1\]/CLK,net,pin
clk_i,u8_mem_reg\[2\]\[19\]/CLK,net,pin
clk_i,u8_mem_reg\[2\]\[18\]/CLK,net,pin
clk_i,u8_mem_reg\[2\]\[17\]/CLK,net,pin
clk_i,u8_mem_reg\[2\]\[16\]/CLK,net,pin
clk_i,u8_mem_reg\[2\]\[15\]/CLK,net,pin
clk_i,u8_mem_reg\[2\]\[14\]/CLK,net,pin
clk_i,u8_mem_reg\[2\]\[13\]/CLK,net,pin
clk_i,u8_mem_reg\[2\]\[12\]/CLK,net,pin
clk_i,u8_mem_reg\[2\]\[11\]/CLK,net,pin
clk_i,u8_mem_reg\[2\]\[10\]/CLK,net,pin
clk_i,u8_mem_reg\[2\]\[0\]/CLK,net,pin
clk_i,u8_mem_reg\[1\]\[9\]/CLK,net,pin
clk_i,u8_mem_reg\[1\]\[8\]/CLK,net,pin
clk_i,u8_mem_reg\[1\]\[7\]/CLK,net,pin
clk_i,u8_mem_reg\[1\]\[6\]/CLK,net,pin
clk_i,u8_mem_reg\[1\]\[5\]/CLK,net,pin
clk_i,u8_mem_reg\[1\]\[4\]/CLK,net,pin
clk_i,u8_mem_reg\[1\]\[3\]/CLK,net,pin
clk_i,u8_mem_reg\[1\]\[31\]/CLK,net,pin
clk_i,u8_mem_reg\[1\]\[30\]/CLK,net,pin
clk_i,u8_mem_reg\[1\]\[2\]/CLK,net,pin
clk_i,u8_mem_reg\[1\]\[29\]/CLK,net,pin
clk_i,u8_mem_reg\[1\]\[28\]/CLK,net,pin
clk_i,u8_mem_reg\[1\]\[27\]/CLK,net,pin
clk_i,u8_mem_reg\[1\]\[26\]/CLK,net,pin
clk_i,u8_mem_reg\[1\]\[25\]/CLK,net,pin
clk_i,u8_mem_reg\[1\]\[24\]/CLK,net,pin
clk_i,u8_mem_reg\[1\]\[23\]/CLK,net,pin
clk_i,u8_mem_reg\[1\]\[22\]/CLK,net,pin
clk_i,u8_mem_reg\[1\]\[21\]/CLK,net,pin
clk_i,u8_mem_reg\[1\]\[20\]/CLK,net,pin
clk_i,u8_mem_reg\[1\]\[1\]/CLK,net,pin
clk_i,u8_mem_reg\[1\]\[19\]/CLK,net,pin
clk_i,u8_mem_reg\[1\]\[18\]/CLK,net,pin
clk_i,u8_mem_reg\[1\]\[17\]/CLK,net,pin
clk_i,u8_mem_reg\[1\]\[16\]/CLK,net,pin
clk_i,u8_mem_reg\[1\]\[15\]/CLK,net,pin
clk_i,u8_mem_reg\[1\]\[14\]/CLK,net,pin
clk_i,u8_mem_reg\[1\]\[13\]/CLK,net,pin
clk_i,u8_mem_reg\[1\]\[12\]/CLK,net,pin
clk_i,u8_mem_reg\[1\]\[11\]/CLK,net,pin
clk_i,u8_mem_reg\[1\]\[10\]/CLK,net,pin
clk_i,u8_mem_reg\[1\]\[0\]/CLK,net,pin
clk_i,u8_mem_reg\[0\]\[9\]/CLK,net,pin
clk_i,u8_mem_reg\[0\]\[8\]/CLK,net,pin
clk_i,u8_mem_reg\[0\]\[7\]/CLK,net,pin
clk_i,u8_mem_reg\[0\]\[6\]/CLK,net,pin
clk_i,u8_mem_reg\[0\]\[5\]/CLK,net,pin
clk_i,u8_mem_reg\[0\]\[4\]/CLK,net,pin
clk_i,u8_mem_reg\[0\]\[3\]/CLK,net,pin
clk_i,u8_mem_reg\[0\]\[31\]/CLK,net,pin
clk_i,u8_mem_reg\[0\]\[30\]/CLK,net,pin
clk_i,u8_mem_reg\[0\]\[2\]/CLK,net,pin
clk_i,u8_mem_reg\[0\]\[29\]/CLK,net,pin
clk_i,u8_mem_reg\[0\]\[28\]/CLK,net,pin
clk_i,u8_mem_reg\[0\]\[27\]/CLK,net,pin
clk_i,u8_mem_reg\[0\]\[26\]/CLK,net,pin
clk_i,u8_mem_reg\[0\]\[25\]/CLK,net,pin
clk_i,u8_mem_reg\[0\]\[24\]/CLK,net,pin
clk_i,u8_mem_reg\[0\]\[23\]/CLK,net,pin
clk_i,u8_mem_reg\[0\]\[22\]/CLK,net,pin
clk_i,u8_mem_reg\[0\]\[21\]/CLK,net,pin
clk_i,u8_mem_reg\[0\]\[20\]/CLK,net,pin
clk_i,u8_mem_reg\[0\]\[1\]/CLK,net,pin
clk_i,u8_mem_reg\[0\]\[19\]/CLK,net,pin
clk_i,u8_mem_reg\[0\]\[18\]/CLK,net,pin
clk_i,u8_mem_reg\[0\]\[17\]/CLK,net,pin
clk_i,u8_mem_reg\[0\]\[16\]/CLK,net,pin
clk_i,u8_mem_reg\[0\]\[15\]/CLK,net,pin
clk_i,u8_mem_reg\[0\]\[14\]/CLK,net,pin
clk_i,u8_mem_reg\[0\]\[13\]/CLK,net,pin
clk_i,u8_mem_reg\[0\]\[12\]/CLK,net,pin
clk_i,u8_mem_reg\[0\]\[11\]/CLK,net,pin
clk_i,u8_mem_reg\[0\]\[10\]/CLK,net,pin
clk_i,u8_mem_reg\[0\]\[0\]/CLK,net,pin
clk_i,u8_empty_reg/CLK,net,pin
clk_i,u8_dout_reg\[9\]/CLK,net,pin
clk_i,u8_dout_reg\[8\]/CLK,net,pin
clk_i,u8_dout_reg\[7\]/CLK,net,pin
clk_i,u8_dout_reg\[6\]/CLK,net,pin
clk_i,u8_dout_reg\[5\]/CLK,net,pin
clk_i,u8_dout_reg\[4\]/CLK,net,pin
clk_i,u8_dout_reg\[3\]/CLK,net,pin
clk_i,u8_dout_reg\[2\]/CLK,net,pin
clk_i,u8_dout_reg\[1\]/CLK,net,pin
clk_i,u8_dout_reg\[19\]/CLK,net,pin
clk_i,u8_dout_reg\[18\]/CLK,net,pin
clk_i,u8_dout_reg\[17\]/CLK,net,pin
clk_i,u8_dout_reg\[16\]/CLK,net,pin
clk_i,u8_dout_reg\[15\]/CLK,net,pin
clk_i,u8_dout_reg\[14\]/CLK,net,pin
clk_i,u8_dout_reg\[13\]/CLK,net,pin
clk_i,u8_dout_reg\[12\]/CLK,net,pin
clk_i,u8_dout_reg\[11\]/CLK,net,pin
clk_i,u8_dout_reg\[10\]/CLK,net,pin
clk_i,u8_dout_reg\[0\]/CLK,net,pin
clk_i,u7_wp_reg\[2\]/CLK,net,pin
clk_i,u7_wp_reg\[1\]/CLK,net,pin
clk_i,u7_wp_reg\[0\]/CLK,net,pin
clk_i,u7_status_reg\[1\]/CLK,net,pin
clk_i,u7_status_reg\[0\]/CLK,net,pin
clk_i,u7_rp_reg\[3\]/CLK,net,pin
clk_i,u7_rp_reg\[2\]/CLK,net,pin
clk_i,u7_rp_reg\[1\]/CLK,net,pin
clk_i,u7_rp_reg\[0\]/CLK,net,pin
clk_i,u7_mem_reg\[3\]\[9\]/CLK,net,pin
clk_i,u7_mem_reg\[3\]\[8\]/CLK,net,pin
clk_i,u7_mem_reg\[3\]\[7\]/CLK,net,pin
clk_i,u7_mem_reg\[3\]\[6\]/CLK,net,pin
clk_i,u7_mem_reg\[3\]\[5\]/CLK,net,pin
clk_i,u7_mem_reg\[3\]\[4\]/CLK,net,pin
clk_i,u7_mem_reg\[3\]\[3\]/CLK,net,pin
clk_i,u7_mem_reg\[3\]\[31\]/CLK,net,pin
clk_i,u7_mem_reg\[3\]\[30\]/CLK,net,pin
clk_i,u7_mem_reg\[3\]\[2\]/CLK,net,pin
clk_i,u7_mem_reg\[3\]\[29\]/CLK,net,pin
clk_i,u7_mem_reg\[3\]\[28\]/CLK,net,pin
clk_i,u7_mem_reg\[3\]\[27\]/CLK,net,pin
clk_i,u7_mem_reg\[3\]\[26\]/CLK,net,pin
clk_i,u7_mem_reg\[3\]\[25\]/CLK,net,pin
clk_i,u7_mem_reg\[3\]\[24\]/CLK,net,pin
clk_i,u7_mem_reg\[3\]\[23\]/CLK,net,pin
clk_i,u7_mem_reg\[3\]\[22\]/CLK,net,pin
clk_i,u7_mem_reg\[3\]\[21\]/CLK,net,pin
clk_i,u7_mem_reg\[3\]\[20\]/CLK,net,pin
clk_i,u7_mem_reg\[3\]\[1\]/CLK,net,pin
clk_i,u7_mem_reg\[3\]\[19\]/CLK,net,pin
clk_i,u7_mem_reg\[3\]\[18\]/CLK,net,pin
clk_i,u7_mem_reg\[3\]\[17\]/CLK,net,pin
clk_i,u7_mem_reg\[3\]\[16\]/CLK,net,pin
clk_i,u7_mem_reg\[3\]\[15\]/CLK,net,pin
clk_i,u7_mem_reg\[3\]\[14\]/CLK,net,pin
clk_i,u7_mem_reg\[3\]\[13\]/CLK,net,pin
clk_i,u7_mem_reg\[3\]\[12\]/CLK,net,pin
clk_i,u7_mem_reg\[3\]\[11\]/CLK,net,pin
clk_i,u7_mem_reg\[3\]\[10\]/CLK,net,pin
clk_i,u7_mem_reg\[3\]\[0\]/CLK,net,pin
clk_i,u7_mem_reg\[2\]\[9\]/CLK,net,pin
clk_i,u7_mem_reg\[2\]\[8\]/CLK,net,pin
clk_i,u7_mem_reg\[2\]\[7\]/CLK,net,pin
clk_i,u7_mem_reg\[2\]\[6\]/CLK,net,pin
clk_i,u7_mem_reg\[2\]\[5\]/CLK,net,pin
clk_i,u7_mem_reg\[2\]\[4\]/CLK,net,pin
clk_i,u7_mem_reg\[2\]\[3\]/CLK,net,pin
clk_i,u7_mem_reg\[2\]\[31\]/CLK,net,pin
clk_i,u7_mem_reg\[2\]\[30\]/CLK,net,pin
clk_i,u7_mem_reg\[2\]\[2\]/CLK,net,pin
clk_i,u7_mem_reg\[2\]\[29\]/CLK,net,pin
clk_i,u7_mem_reg\[2\]\[28\]/CLK,net,pin
clk_i,u7_mem_reg\[2\]\[27\]/CLK,net,pin
clk_i,u7_mem_reg\[2\]\[26\]/CLK,net,pin
clk_i,u7_mem_reg\[2\]\[25\]/CLK,net,pin
clk_i,u7_mem_reg\[2\]\[24\]/CLK,net,pin
clk_i,u7_mem_reg\[2\]\[23\]/CLK,net,pin
clk_i,u7_mem_reg\[2\]\[22\]/CLK,net,pin
clk_i,u7_mem_reg\[2\]\[21\]/CLK,net,pin
clk_i,u7_mem_reg\[2\]\[20\]/CLK,net,pin
clk_i,u7_mem_reg\[2\]\[1\]/CLK,net,pin
clk_i,u7_mem_reg\[2\]\[19\]/CLK,net,pin
clk_i,u7_mem_reg\[2\]\[18\]/CLK,net,pin
clk_i,u7_mem_reg\[2\]\[17\]/CLK,net,pin
clk_i,u7_mem_reg\[2\]\[16\]/CLK,net,pin
clk_i,u7_mem_reg\[2\]\[15\]/CLK,net,pin
clk_i,u7_mem_reg\[2\]\[14\]/CLK,net,pin
clk_i,u7_mem_reg\[2\]\[13\]/CLK,net,pin
clk_i,u7_mem_reg\[2\]\[12\]/CLK,net,pin
clk_i,u7_mem_reg\[2\]\[11\]/CLK,net,pin
clk_i,u7_mem_reg\[2\]\[10\]/CLK,net,pin
clk_i,u7_mem_reg\[2\]\[0\]/CLK,net,pin
clk_i,u7_mem_reg\[1\]\[9\]/CLK,net,pin
clk_i,u7_mem_reg\[1\]\[8\]/CLK,net,pin
clk_i,u7_mem_reg\[1\]\[7\]/CLK,net,pin
clk_i,u7_mem_reg\[1\]\[6\]/CLK,net,pin
clk_i,u7_mem_reg\[1\]\[5\]/CLK,net,pin
clk_i,u7_mem_reg\[1\]\[4\]/CLK,net,pin
clk_i,u7_mem_reg\[1\]\[3\]/CLK,net,pin
clk_i,u7_mem_reg\[1\]\[31\]/CLK,net,pin
clk_i,u7_mem_reg\[1\]\[30\]/CLK,net,pin
clk_i,u7_mem_reg\[1\]\[2\]/CLK,net,pin
clk_i,u7_mem_reg\[1\]\[29\]/CLK,net,pin
clk_i,u7_mem_reg\[1\]\[28\]/CLK,net,pin
clk_i,u7_mem_reg\[1\]\[27\]/CLK,net,pin
clk_i,u7_mem_reg\[1\]\[26\]/CLK,net,pin
clk_i,u7_mem_reg\[1\]\[25\]/CLK,net,pin
clk_i,u7_mem_reg\[1\]\[24\]/CLK,net,pin
clk_i,u7_mem_reg\[1\]\[23\]/CLK,net,pin
clk_i,u7_mem_reg\[1\]\[22\]/CLK,net,pin
clk_i,u7_mem_reg\[1\]\[21\]/CLK,net,pin
clk_i,u7_mem_reg\[1\]\[20\]/CLK,net,pin
clk_i,u7_mem_reg\[1\]\[1\]/CLK,net,pin
clk_i,u7_mem_reg\[1\]\[19\]/CLK,net,pin
clk_i,u7_mem_reg\[1\]\[18\]/CLK,net,pin
clk_i,u7_mem_reg\[1\]\[17\]/CLK,net,pin
clk_i,u7_mem_reg\[1\]\[16\]/CLK,net,pin
clk_i,u7_mem_reg\[1\]\[15\]/CLK,net,pin
clk_i,u7_mem_reg\[1\]\[14\]/CLK,net,pin
clk_i,u7_mem_reg\[1\]\[13\]/CLK,net,pin
clk_i,u7_mem_reg\[1\]\[12\]/CLK,net,pin
clk_i,u7_mem_reg\[1\]\[11\]/CLK,net,pin
clk_i,u7_mem_reg\[1\]\[10\]/CLK,net,pin
clk_i,u7_mem_reg\[1\]\[0\]/CLK,net,pin
clk_i,u7_mem_reg\[0\]\[9\]/CLK,net,pin
clk_i,u7_mem_reg\[0\]\[8\]/CLK,net,pin
clk_i,u7_mem_reg\[0\]\[7\]/CLK,net,pin
clk_i,u7_mem_reg\[0\]\[6\]/CLK,net,pin
clk_i,u7_mem_reg\[0\]\[5\]/CLK,net,pin
clk_i,u7_mem_reg\[0\]\[4\]/CLK,net,pin
clk_i,u7_mem_reg\[0\]\[3\]/CLK,net,pin
clk_i,u7_mem_reg\[0\]\[31\]/CLK,net,pin
clk_i,u7_mem_reg\[0\]\[30\]/CLK,net,pin
clk_i,u7_mem_reg\[0\]\[2\]/CLK,net,pin
clk_i,u7_mem_reg\[0\]\[29\]/CLK,net,pin
clk_i,u7_mem_reg\[0\]\[28\]/CLK,net,pin
clk_i,u7_mem_reg\[0\]\[27\]/CLK,net,pin
clk_i,u7_mem_reg\[0\]\[26\]/CLK,net,pin
clk_i,u7_mem_reg\[0\]\[25\]/CLK,net,pin
clk_i,u7_mem_reg\[0\]\[24\]/CLK,net,pin
clk_i,u7_mem_reg\[0\]\[23\]/CLK,net,pin
clk_i,u7_mem_reg\[0\]\[22\]/CLK,net,pin
clk_i,u7_mem_reg\[0\]\[21\]/CLK,net,pin
clk_i,u7_mem_reg\[0\]\[20\]/CLK,net,pin
clk_i,u7_mem_reg\[0\]\[1\]/CLK,net,pin
clk_i,u7_mem_reg\[0\]\[19\]/CLK,net,pin
clk_i,u7_mem_reg\[0\]\[18\]/CLK,net,pin
clk_i,u7_mem_reg\[0\]\[17\]/CLK,net,pin
clk_i,u7_mem_reg\[0\]\[16\]/CLK,net,pin
clk_i,u7_mem_reg\[0\]\[15\]/CLK,net,pin
clk_i,u7_mem_reg\[0\]\[14\]/CLK,net,pin
clk_i,u7_mem_reg\[0\]\[13\]/CLK,net,pin
clk_i,u7_mem_reg\[0\]\[12\]/CLK,net,pin
clk_i,u7_mem_reg\[0\]\[11\]/CLK,net,pin
clk_i,u7_mem_reg\[0\]\[10\]/CLK,net,pin
clk_i,u7_mem_reg\[0\]\[0\]/CLK,net,pin
clk_i,u7_empty_reg/CLK,net,pin
clk_i,u7_dout_reg\[9\]/CLK,net,pin
clk_i,u7_dout_reg\[8\]/CLK,net,pin
clk_i,u7_dout_reg\[7\]/CLK,net,pin
clk_i,u7_dout_reg\[6\]/CLK,net,pin
clk_i,u7_dout_reg\[5\]/CLK,net,pin
clk_i,u7_dout_reg\[4\]/CLK,net,pin
clk_i,u7_dout_reg\[3\]/CLK,net,pin
clk_i,u7_dout_reg\[2\]/CLK,net,pin
clk_i,u7_dout_reg\[1\]/CLK,net,pin
clk_i,u7_dout_reg\[19\]/CLK,net,pin
clk_i,u7_dout_reg\[18\]/CLK,net,pin
clk_i,u7_dout_reg\[17\]/CLK,net,pin
clk_i,u7_dout_reg\[16\]/CLK,net,pin
clk_i,u7_dout_reg\[15\]/CLK,net,pin
clk_i,u7_dout_reg\[14\]/CLK,net,pin
clk_i,u7_dout_reg\[13\]/CLK,net,pin
clk_i,u7_dout_reg\[12\]/CLK,net,pin
clk_i,u7_dout_reg\[11\]/CLK,net,pin
clk_i,u7_dout_reg\[10\]/CLK,net,pin
clk_i,u7_dout_reg\[0\]/CLK,net,pin
clk_i,u6_wp_reg\[2\]/CLK,net,pin
clk_i,u6_wp_reg\[1\]/CLK,net,pin
clk_i,u6_wp_reg\[0\]/CLK,net,pin
clk_i,u6_status_reg\[1\]/CLK,net,pin
clk_i,u6_status_reg\[0\]/CLK,net,pin
clk_i,u6_rp_reg\[3\]/CLK,net,pin
clk_i,u6_rp_reg\[2\]/CLK,net,pin
clk_i,u6_rp_reg\[1\]/CLK,net,pin
clk_i,u6_rp_reg\[0\]/CLK,net,pin
clk_i,u6_mem_reg\[3\]\[9\]/CLK,net,pin
clk_i,u6_mem_reg\[3\]\[8\]/CLK,net,pin
clk_i,u6_mem_reg\[3\]\[7\]/CLK,net,pin
clk_i,u6_mem_reg\[3\]\[6\]/CLK,net,pin
clk_i,u6_mem_reg\[3\]\[5\]/CLK,net,pin
clk_i,u6_mem_reg\[3\]\[4\]/CLK,net,pin
clk_i,u6_mem_reg\[3\]\[3\]/CLK,net,pin
clk_i,u6_mem_reg\[3\]\[31\]/CLK,net,pin
clk_i,u6_mem_reg\[3\]\[30\]/CLK,net,pin
clk_i,u6_mem_reg\[3\]\[2\]/CLK,net,pin
clk_i,u6_mem_reg\[3\]\[29\]/CLK,net,pin
clk_i,u6_mem_reg\[3\]\[28\]/CLK,net,pin
clk_i,u6_mem_reg\[3\]\[27\]/CLK,net,pin
clk_i,u6_mem_reg\[3\]\[26\]/CLK,net,pin
clk_i,u6_mem_reg\[3\]\[25\]/CLK,net,pin
clk_i,u6_mem_reg\[3\]\[24\]/CLK,net,pin
clk_i,u6_mem_reg\[3\]\[23\]/CLK,net,pin
clk_i,u6_mem_reg\[3\]\[22\]/CLK,net,pin
clk_i,u6_mem_reg\[3\]\[21\]/CLK,net,pin
clk_i,u6_mem_reg\[3\]\[20\]/CLK,net,pin
clk_i,u6_mem_reg\[3\]\[1\]/CLK,net,pin
clk_i,u6_mem_reg\[3\]\[19\]/CLK,net,pin
clk_i,u6_mem_reg\[3\]\[18\]/CLK,net,pin
clk_i,u6_mem_reg\[3\]\[17\]/CLK,net,pin
clk_i,u6_mem_reg\[3\]\[16\]/CLK,net,pin
clk_i,u6_mem_reg\[3\]\[15\]/CLK,net,pin
clk_i,u6_mem_reg\[3\]\[14\]/CLK,net,pin
clk_i,u6_mem_reg\[3\]\[13\]/CLK,net,pin
clk_i,u6_mem_reg\[3\]\[12\]/CLK,net,pin
clk_i,u6_mem_reg\[3\]\[11\]/CLK,net,pin
clk_i,u6_mem_reg\[3\]\[10\]/CLK,net,pin
clk_i,u6_mem_reg\[3\]\[0\]/CLK,net,pin
clk_i,u6_mem_reg\[2\]\[9\]/CLK,net,pin
clk_i,u6_mem_reg\[2\]\[8\]/CLK,net,pin
clk_i,u6_mem_reg\[2\]\[7\]/CLK,net,pin
clk_i,u6_mem_reg\[2\]\[6\]/CLK,net,pin
clk_i,u6_mem_reg\[2\]\[5\]/CLK,net,pin
clk_i,u6_mem_reg\[2\]\[4\]/CLK,net,pin
clk_i,u6_mem_reg\[2\]\[3\]/CLK,net,pin
clk_i,u6_mem_reg\[2\]\[31\]/CLK,net,pin
clk_i,u6_mem_reg\[2\]\[30\]/CLK,net,pin
clk_i,u6_mem_reg\[2\]\[2\]/CLK,net,pin
clk_i,u6_mem_reg\[2\]\[29\]/CLK,net,pin
clk_i,u6_mem_reg\[2\]\[28\]/CLK,net,pin
clk_i,u6_mem_reg\[2\]\[27\]/CLK,net,pin
clk_i,u6_mem_reg\[2\]\[26\]/CLK,net,pin
clk_i,u6_mem_reg\[2\]\[25\]/CLK,net,pin
clk_i,u6_mem_reg\[2\]\[24\]/CLK,net,pin
clk_i,u6_mem_reg\[2\]\[23\]/CLK,net,pin
clk_i,u6_mem_reg\[2\]\[22\]/CLK,net,pin
clk_i,u6_mem_reg\[2\]\[21\]/CLK,net,pin
clk_i,u6_mem_reg\[2\]\[20\]/CLK,net,pin
clk_i,u6_mem_reg\[2\]\[1\]/CLK,net,pin
clk_i,u6_mem_reg\[2\]\[19\]/CLK,net,pin
clk_i,u6_mem_reg\[2\]\[18\]/CLK,net,pin
clk_i,u6_mem_reg\[2\]\[17\]/CLK,net,pin
clk_i,u6_mem_reg\[2\]\[16\]/CLK,net,pin
clk_i,u6_mem_reg\[2\]\[15\]/CLK,net,pin
clk_i,u6_mem_reg\[2\]\[14\]/CLK,net,pin
clk_i,u6_mem_reg\[2\]\[13\]/CLK,net,pin
clk_i,u6_mem_reg\[2\]\[12\]/CLK,net,pin
clk_i,u6_mem_reg\[2\]\[11\]/CLK,net,pin
clk_i,u6_mem_reg\[2\]\[10\]/CLK,net,pin
clk_i,u6_mem_reg\[2\]\[0\]/CLK,net,pin
clk_i,u6_mem_reg\[1\]\[9\]/CLK,net,pin
clk_i,u6_mem_reg\[1\]\[8\]/CLK,net,pin
clk_i,u6_mem_reg\[1\]\[7\]/CLK,net,pin
clk_i,u6_mem_reg\[1\]\[6\]/CLK,net,pin
clk_i,u6_mem_reg\[1\]\[5\]/CLK,net,pin
clk_i,u6_mem_reg\[1\]\[4\]/CLK,net,pin
clk_i,u6_mem_reg\[1\]\[3\]/CLK,net,pin
clk_i,u6_mem_reg\[1\]\[31\]/CLK,net,pin
clk_i,u6_mem_reg\[1\]\[30\]/CLK,net,pin
clk_i,u6_mem_reg\[1\]\[2\]/CLK,net,pin
clk_i,u6_mem_reg\[1\]\[29\]/CLK,net,pin
clk_i,u6_mem_reg\[1\]\[28\]/CLK,net,pin
clk_i,u6_mem_reg\[1\]\[27\]/CLK,net,pin
clk_i,u6_mem_reg\[1\]\[26\]/CLK,net,pin
clk_i,u6_mem_reg\[1\]\[25\]/CLK,net,pin
clk_i,u6_mem_reg\[1\]\[24\]/CLK,net,pin
clk_i,u6_mem_reg\[1\]\[23\]/CLK,net,pin
clk_i,u6_mem_reg\[1\]\[22\]/CLK,net,pin
clk_i,u6_mem_reg\[1\]\[21\]/CLK,net,pin
clk_i,u6_mem_reg\[1\]\[20\]/CLK,net,pin
clk_i,u6_mem_reg\[1\]\[1\]/CLK,net,pin
clk_i,u6_mem_reg\[1\]\[19\]/CLK,net,pin
clk_i,u6_mem_reg\[1\]\[18\]/CLK,net,pin
clk_i,u6_mem_reg\[1\]\[17\]/CLK,net,pin
clk_i,u6_mem_reg\[1\]\[16\]/CLK,net,pin
clk_i,u6_mem_reg\[1\]\[15\]/CLK,net,pin
clk_i,u6_mem_reg\[1\]\[14\]/CLK,net,pin
clk_i,u6_mem_reg\[1\]\[13\]/CLK,net,pin
clk_i,u6_mem_reg\[1\]\[12\]/CLK,net,pin
clk_i,u6_mem_reg\[1\]\[11\]/CLK,net,pin
clk_i,u6_mem_reg\[1\]\[10\]/CLK,net,pin
clk_i,u6_mem_reg\[1\]\[0\]/CLK,net,pin
clk_i,u6_mem_reg\[0\]\[9\]/CLK,net,pin
clk_i,u6_mem_reg\[0\]\[8\]/CLK,net,pin
clk_i,u6_mem_reg\[0\]\[7\]/CLK,net,pin
clk_i,u6_mem_reg\[0\]\[6\]/CLK,net,pin
clk_i,u6_mem_reg\[0\]\[5\]/CLK,net,pin
clk_i,u6_mem_reg\[0\]\[4\]/CLK,net,pin
clk_i,u6_mem_reg\[0\]\[3\]/CLK,net,pin
clk_i,u6_mem_reg\[0\]\[31\]/CLK,net,pin
clk_i,u6_mem_reg\[0\]\[30\]/CLK,net,pin
clk_i,u6_mem_reg\[0\]\[2\]/CLK,net,pin
clk_i,u6_mem_reg\[0\]\[29\]/CLK,net,pin
clk_i,u6_mem_reg\[0\]\[28\]/CLK,net,pin
clk_i,u6_mem_reg\[0\]\[27\]/CLK,net,pin
clk_i,u6_mem_reg\[0\]\[26\]/CLK,net,pin
clk_i,u6_mem_reg\[0\]\[25\]/CLK,net,pin
clk_i,u6_mem_reg\[0\]\[24\]/CLK,net,pin
clk_i,u6_mem_reg\[0\]\[23\]/CLK,net,pin
clk_i,u6_mem_reg\[0\]\[22\]/CLK,net,pin
clk_i,u6_mem_reg\[0\]\[21\]/CLK,net,pin
clk_i,u6_mem_reg\[0\]\[20\]/CLK,net,pin
clk_i,u6_mem_reg\[0\]\[1\]/CLK,net,pin
clk_i,u6_mem_reg\[0\]\[19\]/CLK,net,pin
clk_i,u6_mem_reg\[0\]\[18\]/CLK,net,pin
clk_i,u6_mem_reg\[0\]\[17\]/CLK,net,pin
clk_i,u6_mem_reg\[0\]\[16\]/CLK,net,pin
clk_i,u6_mem_reg\[0\]\[15\]/CLK,net,pin
clk_i,u6_mem_reg\[0\]\[14\]/CLK,net,pin
clk_i,u6_mem_reg\[0\]\[13\]/CLK,net,pin
clk_i,u6_mem_reg\[0\]\[12\]/CLK,net,pin
clk_i,u6_mem_reg\[0\]\[11\]/CLK,net,pin
clk_i,u6_mem_reg\[0\]\[10\]/CLK,net,pin
clk_i,u6_mem_reg\[0\]\[0\]/CLK,net,pin
clk_i,u6_empty_reg/CLK,net,pin
clk_i,u6_dout_reg\[9\]/CLK,net,pin
clk_i,u6_dout_reg\[8\]/CLK,net,pin
clk_i,u6_dout_reg\[7\]/CLK,net,pin
clk_i,u6_dout_reg\[6\]/CLK,net,pin
clk_i,u6_dout_reg\[5\]/CLK,net,pin
clk_i,u6_dout_reg\[4\]/CLK,net,pin
clk_i,u6_dout_reg\[3\]/CLK,net,pin
clk_i,u6_dout_reg\[2\]/CLK,net,pin
clk_i,u6_dout_reg\[1\]/CLK,net,pin
clk_i,u6_dout_reg\[19\]/CLK,net,pin
clk_i,u6_dout_reg\[18\]/CLK,net,pin
clk_i,u6_dout_reg\[17\]/CLK,net,pin
clk_i,u6_dout_reg\[16\]/CLK,net,pin
clk_i,u6_dout_reg\[15\]/CLK,net,pin
clk_i,u6_dout_reg\[14\]/CLK,net,pin
clk_i,u6_dout_reg\[13\]/CLK,net,pin
clk_i,u6_dout_reg\[12\]/CLK,net,pin
clk_i,u6_dout_reg\[11\]/CLK,net,pin
clk_i,u6_dout_reg\[10\]/CLK,net,pin
clk_i,u6_dout_reg\[0\]/CLK,net,pin
clk_i,u5_wp_reg\[2\]/CLK,net,pin
clk_i,u5_wp_reg\[1\]/CLK,net,pin
clk_i,u5_wp_reg\[0\]/CLK,net,pin
clk_i,u5_status_reg\[1\]/CLK,net,pin
clk_i,u5_status_reg\[0\]/CLK,net,pin
clk_i,u5_rp_reg\[3\]/CLK,net,pin
clk_i,u5_rp_reg\[2\]/CLK,net,pin
clk_i,u5_rp_reg\[1\]/CLK,net,pin
clk_i,u5_rp_reg\[0\]/CLK,net,pin
clk_i,u5_mem_reg\[3\]\[9\]/CLK,net,pin
clk_i,u5_mem_reg\[3\]\[8\]/CLK,net,pin
clk_i,u5_mem_reg\[3\]\[7\]/CLK,net,pin
clk_i,u5_mem_reg\[3\]\[6\]/CLK,net,pin
clk_i,u5_mem_reg\[3\]\[5\]/CLK,net,pin
clk_i,u5_mem_reg\[3\]\[4\]/CLK,net,pin
clk_i,u5_mem_reg\[3\]\[3\]/CLK,net,pin
clk_i,u5_mem_reg\[3\]\[31\]/CLK,net,pin
clk_i,u5_mem_reg\[3\]\[30\]/CLK,net,pin
clk_i,u5_mem_reg\[3\]\[2\]/CLK,net,pin
clk_i,u5_mem_reg\[3\]\[29\]/CLK,net,pin
clk_i,u5_mem_reg\[3\]\[28\]/CLK,net,pin
clk_i,u5_mem_reg\[3\]\[27\]/CLK,net,pin
clk_i,u5_mem_reg\[3\]\[26\]/CLK,net,pin
clk_i,u5_mem_reg\[3\]\[25\]/CLK,net,pin
clk_i,u5_mem_reg\[3\]\[24\]/CLK,net,pin
clk_i,u5_mem_reg\[3\]\[23\]/CLK,net,pin
clk_i,u5_mem_reg\[3\]\[22\]/CLK,net,pin
clk_i,u5_mem_reg\[3\]\[21\]/CLK,net,pin
clk_i,u5_mem_reg\[3\]\[20\]/CLK,net,pin
clk_i,u5_mem_reg\[3\]\[1\]/CLK,net,pin
clk_i,u5_mem_reg\[3\]\[19\]/CLK,net,pin
clk_i,u5_mem_reg\[3\]\[18\]/CLK,net,pin
clk_i,u5_mem_reg\[3\]\[17\]/CLK,net,pin
clk_i,u5_mem_reg\[3\]\[16\]/CLK,net,pin
clk_i,u5_mem_reg\[3\]\[15\]/CLK,net,pin
clk_i,u5_mem_reg\[3\]\[14\]/CLK,net,pin
clk_i,u5_mem_reg\[3\]\[13\]/CLK,net,pin
clk_i,u5_mem_reg\[3\]\[12\]/CLK,net,pin
clk_i,u5_mem_reg\[3\]\[11\]/CLK,net,pin
clk_i,u5_mem_reg\[3\]\[10\]/CLK,net,pin
clk_i,u5_mem_reg\[3\]\[0\]/CLK,net,pin
clk_i,u5_mem_reg\[2\]\[9\]/CLK,net,pin
clk_i,u5_mem_reg\[2\]\[8\]/CLK,net,pin
clk_i,u5_mem_reg\[2\]\[7\]/CLK,net,pin
clk_i,u5_mem_reg\[2\]\[6\]/CLK,net,pin
clk_i,u5_mem_reg\[2\]\[5\]/CLK,net,pin
clk_i,u5_mem_reg\[2\]\[4\]/CLK,net,pin
clk_i,u5_mem_reg\[2\]\[3\]/CLK,net,pin
clk_i,u5_mem_reg\[2\]\[31\]/CLK,net,pin
clk_i,u5_mem_reg\[2\]\[30\]/CLK,net,pin
clk_i,u5_mem_reg\[2\]\[2\]/CLK,net,pin
clk_i,u5_mem_reg\[2\]\[29\]/CLK,net,pin
clk_i,u5_mem_reg\[2\]\[28\]/CLK,net,pin
clk_i,u5_mem_reg\[2\]\[27\]/CLK,net,pin
clk_i,u5_mem_reg\[2\]\[26\]/CLK,net,pin
clk_i,u5_mem_reg\[2\]\[25\]/CLK,net,pin
clk_i,u5_mem_reg\[2\]\[24\]/CLK,net,pin
clk_i,u5_mem_reg\[2\]\[23\]/CLK,net,pin
clk_i,u5_mem_reg\[2\]\[22\]/CLK,net,pin
clk_i,u5_mem_reg\[2\]\[21\]/CLK,net,pin
clk_i,u5_mem_reg\[2\]\[20\]/CLK,net,pin
clk_i,u5_mem_reg\[2\]\[1\]/CLK,net,pin
clk_i,u5_mem_reg\[2\]\[19\]/CLK,net,pin
clk_i,u5_mem_reg\[2\]\[18\]/CLK,net,pin
clk_i,u5_mem_reg\[2\]\[17\]/CLK,net,pin
clk_i,u5_mem_reg\[2\]\[16\]/CLK,net,pin
clk_i,u5_mem_reg\[2\]\[15\]/CLK,net,pin
clk_i,u5_mem_reg\[2\]\[14\]/CLK,net,pin
clk_i,u5_mem_reg\[2\]\[13\]/CLK,net,pin
clk_i,u5_mem_reg\[2\]\[12\]/CLK,net,pin
clk_i,u5_mem_reg\[2\]\[11\]/CLK,net,pin
clk_i,u5_mem_reg\[2\]\[10\]/CLK,net,pin
clk_i,u5_mem_reg\[2\]\[0\]/CLK,net,pin
clk_i,u5_mem_reg\[1\]\[9\]/CLK,net,pin
clk_i,u5_mem_reg\[1\]\[8\]/CLK,net,pin
clk_i,u5_mem_reg\[1\]\[7\]/CLK,net,pin
clk_i,u5_mem_reg\[1\]\[6\]/CLK,net,pin
clk_i,u5_mem_reg\[1\]\[5\]/CLK,net,pin
clk_i,u5_mem_reg\[1\]\[4\]/CLK,net,pin
clk_i,u5_mem_reg\[1\]\[3\]/CLK,net,pin
clk_i,u5_mem_reg\[1\]\[31\]/CLK,net,pin
clk_i,u5_mem_reg\[1\]\[30\]/CLK,net,pin
clk_i,u5_mem_reg\[1\]\[2\]/CLK,net,pin
clk_i,u5_mem_reg\[1\]\[29\]/CLK,net,pin
clk_i,u5_mem_reg\[1\]\[28\]/CLK,net,pin
clk_i,u5_mem_reg\[1\]\[27\]/CLK,net,pin
clk_i,u5_mem_reg\[1\]\[26\]/CLK,net,pin
clk_i,u5_mem_reg\[1\]\[25\]/CLK,net,pin
clk_i,u5_mem_reg\[1\]\[24\]/CLK,net,pin
clk_i,u5_mem_reg\[1\]\[23\]/CLK,net,pin
clk_i,u5_mem_reg\[1\]\[22\]/CLK,net,pin
clk_i,u5_mem_reg\[1\]\[21\]/CLK,net,pin
clk_i,u5_mem_reg\[1\]\[20\]/CLK,net,pin
clk_i,u5_mem_reg\[1\]\[1\]/CLK,net,pin
clk_i,u5_mem_reg\[1\]\[19\]/CLK,net,pin
clk_i,u5_mem_reg\[1\]\[18\]/CLK,net,pin
clk_i,u5_mem_reg\[1\]\[17\]/CLK,net,pin
clk_i,u5_mem_reg\[1\]\[16\]/CLK,net,pin
clk_i,u5_mem_reg\[1\]\[15\]/CLK,net,pin
clk_i,u5_mem_reg\[1\]\[14\]/CLK,net,pin
clk_i,u5_mem_reg\[1\]\[13\]/CLK,net,pin
clk_i,u5_mem_reg\[1\]\[12\]/CLK,net,pin
clk_i,u5_mem_reg\[1\]\[11\]/CLK,net,pin
clk_i,u5_mem_reg\[1\]\[10\]/CLK,net,pin
clk_i,u5_mem_reg\[1\]\[0\]/CLK,net,pin
clk_i,u5_mem_reg\[0\]\[9\]/CLK,net,pin
clk_i,u5_mem_reg\[0\]\[8\]/CLK,net,pin
clk_i,u5_mem_reg\[0\]\[7\]/CLK,net,pin
clk_i,u5_mem_reg\[0\]\[6\]/CLK,net,pin
clk_i,u5_mem_reg\[0\]\[5\]/CLK,net,pin
clk_i,u5_mem_reg\[0\]\[4\]/CLK,net,pin
clk_i,u5_mem_reg\[0\]\[3\]/CLK,net,pin
clk_i,u5_mem_reg\[0\]\[31\]/CLK,net,pin
clk_i,u5_mem_reg\[0\]\[30\]/CLK,net,pin
clk_i,u5_mem_reg\[0\]\[2\]/CLK,net,pin
clk_i,u5_mem_reg\[0\]\[29\]/CLK,net,pin
clk_i,u5_mem_reg\[0\]\[28\]/CLK,net,pin
clk_i,u5_mem_reg\[0\]\[27\]/CLK,net,pin
clk_i,u5_mem_reg\[0\]\[26\]/CLK,net,pin
clk_i,u5_mem_reg\[0\]\[25\]/CLK,net,pin
clk_i,u5_mem_reg\[0\]\[24\]/CLK,net,pin
clk_i,u5_mem_reg\[0\]\[23\]/CLK,net,pin
clk_i,u5_mem_reg\[0\]\[22\]/CLK,net,pin
clk_i,u5_mem_reg\[0\]\[21\]/CLK,net,pin
clk_i,u5_mem_reg\[0\]\[20\]/CLK,net,pin
clk_i,u5_mem_reg\[0\]\[1\]/CLK,net,pin
clk_i,u5_mem_reg\[0\]\[19\]/CLK,net,pin
clk_i,u5_mem_reg\[0\]\[18\]/CLK,net,pin
clk_i,u5_mem_reg\[0\]\[17\]/CLK,net,pin
clk_i,u5_mem_reg\[0\]\[16\]/CLK,net,pin
clk_i,u5_mem_reg\[0\]\[15\]/CLK,net,pin
clk_i,u5_mem_reg\[0\]\[14\]/CLK,net,pin
clk_i,u5_mem_reg\[0\]\[13\]/CLK,net,pin
clk_i,u5_mem_reg\[0\]\[12\]/CLK,net,pin
clk_i,u5_mem_reg\[0\]\[11\]/CLK,net,pin
clk_i,u5_mem_reg\[0\]\[10\]/CLK,net,pin
clk_i,u5_mem_reg\[0\]\[0\]/CLK,net,pin
clk_i,u5_empty_reg/CLK,net,pin
clk_i,u5_dout_reg\[9\]/CLK,net,pin
clk_i,u5_dout_reg\[8\]/CLK,net,pin
clk_i,u5_dout_reg\[7\]/CLK,net,pin
clk_i,u5_dout_reg\[6\]/CLK,net,pin
clk_i,u5_dout_reg\[5\]/CLK,net,pin
clk_i,u5_dout_reg\[4\]/CLK,net,pin
clk_i,u5_dout_reg\[3\]/CLK,net,pin
clk_i,u5_dout_reg\[2\]/CLK,net,pin
clk_i,u5_dout_reg\[1\]/CLK,net,pin
clk_i,u5_dout_reg\[19\]/CLK,net,pin
clk_i,u5_dout_reg\[18\]/CLK,net,pin
clk_i,u5_dout_reg\[17\]/CLK,net,pin
clk_i,u5_dout_reg\[16\]/CLK,net,pin
clk_i,u5_dout_reg\[15\]/CLK,net,pin
clk_i,u5_dout_reg\[14\]/CLK,net,pin
clk_i,u5_dout_reg\[13\]/CLK,net,pin
clk_i,u5_dout_reg\[12\]/CLK,net,pin
clk_i,u5_dout_reg\[11\]/CLK,net,pin
clk_i,u5_dout_reg\[10\]/CLK,net,pin
clk_i,u5_dout_reg\[0\]/CLK,net,pin
clk_i,u4_wp_reg\[2\]/CLK,net,pin
clk_i,u4_wp_reg\[1\]/CLK,net,pin
clk_i,u4_wp_reg\[0\]/CLK,net,pin
clk_i,u4_status_reg\[1\]/CLK,net,pin
clk_i,u4_status_reg\[0\]/CLK,net,pin
clk_i,u4_rp_reg\[3\]/CLK,net,pin
clk_i,u4_rp_reg\[2\]/CLK,net,pin
clk_i,u4_rp_reg\[1\]/CLK,net,pin
clk_i,u4_rp_reg\[0\]/CLK,net,pin
clk_i,u4_mem_reg\[3\]\[9\]/CLK,net,pin
clk_i,u4_mem_reg\[3\]\[8\]/CLK,net,pin
clk_i,u4_mem_reg\[3\]\[7\]/CLK,net,pin
clk_i,u4_mem_reg\[3\]\[6\]/CLK,net,pin
clk_i,u4_mem_reg\[3\]\[5\]/CLK,net,pin
clk_i,u4_mem_reg\[3\]\[4\]/CLK,net,pin
clk_i,u4_mem_reg\[3\]\[3\]/CLK,net,pin
clk_i,u4_mem_reg\[3\]\[31\]/CLK,net,pin
clk_i,u4_mem_reg\[3\]\[30\]/CLK,net,pin
clk_i,u4_mem_reg\[3\]\[2\]/CLK,net,pin
clk_i,u4_mem_reg\[3\]\[29\]/CLK,net,pin
clk_i,u4_mem_reg\[3\]\[28\]/CLK,net,pin
clk_i,u4_mem_reg\[3\]\[27\]/CLK,net,pin
clk_i,u4_mem_reg\[3\]\[26\]/CLK,net,pin
clk_i,u4_mem_reg\[3\]\[25\]/CLK,net,pin
clk_i,u4_mem_reg\[3\]\[24\]/CLK,net,pin
clk_i,u4_mem_reg\[3\]\[23\]/CLK,net,pin
clk_i,u4_mem_reg\[3\]\[22\]/CLK,net,pin
clk_i,u4_mem_reg\[3\]\[21\]/CLK,net,pin
clk_i,u4_mem_reg\[3\]\[20\]/CLK,net,pin
clk_i,u4_mem_reg\[3\]\[1\]/CLK,net,pin
clk_i,u4_mem_reg\[3\]\[19\]/CLK,net,pin
clk_i,u4_mem_reg\[3\]\[18\]/CLK,net,pin
clk_i,u4_mem_reg\[3\]\[17\]/CLK,net,pin
clk_i,u4_mem_reg\[3\]\[16\]/CLK,net,pin
clk_i,u4_mem_reg\[3\]\[15\]/CLK,net,pin
clk_i,u4_mem_reg\[3\]\[14\]/CLK,net,pin
clk_i,u4_mem_reg\[3\]\[13\]/CLK,net,pin
clk_i,u4_mem_reg\[3\]\[12\]/CLK,net,pin
clk_i,u4_mem_reg\[3\]\[11\]/CLK,net,pin
clk_i,u4_mem_reg\[3\]\[10\]/CLK,net,pin
clk_i,u4_mem_reg\[3\]\[0\]/CLK,net,pin
clk_i,u4_mem_reg\[2\]\[9\]/CLK,net,pin
clk_i,u4_mem_reg\[2\]\[8\]/CLK,net,pin
clk_i,u4_mem_reg\[2\]\[7\]/CLK,net,pin
clk_i,u4_mem_reg\[2\]\[6\]/CLK,net,pin
clk_i,u4_mem_reg\[2\]\[5\]/CLK,net,pin
clk_i,u4_mem_reg\[2\]\[4\]/CLK,net,pin
clk_i,u4_mem_reg\[2\]\[3\]/CLK,net,pin
clk_i,u4_mem_reg\[2\]\[31\]/CLK,net,pin
clk_i,u4_mem_reg\[2\]\[30\]/CLK,net,pin
clk_i,u4_mem_reg\[2\]\[2\]/CLK,net,pin
clk_i,u4_mem_reg\[2\]\[29\]/CLK,net,pin
clk_i,u4_mem_reg\[2\]\[28\]/CLK,net,pin
clk_i,u4_mem_reg\[2\]\[27\]/CLK,net,pin
clk_i,u4_mem_reg\[2\]\[26\]/CLK,net,pin
clk_i,u4_mem_reg\[2\]\[25\]/CLK,net,pin
clk_i,u4_mem_reg\[2\]\[24\]/CLK,net,pin
clk_i,u4_mem_reg\[2\]\[23\]/CLK,net,pin
clk_i,u4_mem_reg\[2\]\[22\]/CLK,net,pin
clk_i,u4_mem_reg\[2\]\[21\]/CLK,net,pin
clk_i,u4_mem_reg\[2\]\[20\]/CLK,net,pin
clk_i,u4_mem_reg\[2\]\[1\]/CLK,net,pin
clk_i,u4_mem_reg\[2\]\[19\]/CLK,net,pin
clk_i,u4_mem_reg\[2\]\[18\]/CLK,net,pin
clk_i,u4_mem_reg\[2\]\[17\]/CLK,net,pin
clk_i,u4_mem_reg\[2\]\[16\]/CLK,net,pin
clk_i,u4_mem_reg\[2\]\[15\]/CLK,net,pin
clk_i,u4_mem_reg\[2\]\[14\]/CLK,net,pin
clk_i,u4_mem_reg\[2\]\[13\]/CLK,net,pin
clk_i,u4_mem_reg\[2\]\[12\]/CLK,net,pin
clk_i,u4_mem_reg\[2\]\[11\]/CLK,net,pin
clk_i,u4_mem_reg\[2\]\[10\]/CLK,net,pin
clk_i,u4_mem_reg\[2\]\[0\]/CLK,net,pin
clk_i,u4_mem_reg\[1\]\[9\]/CLK,net,pin
clk_i,u4_mem_reg\[1\]\[8\]/CLK,net,pin
clk_i,u4_mem_reg\[1\]\[7\]/CLK,net,pin
clk_i,u4_mem_reg\[1\]\[6\]/CLK,net,pin
clk_i,u4_mem_reg\[1\]\[5\]/CLK,net,pin
clk_i,u4_mem_reg\[1\]\[4\]/CLK,net,pin
clk_i,u4_mem_reg\[1\]\[3\]/CLK,net,pin
clk_i,u4_mem_reg\[1\]\[31\]/CLK,net,pin
clk_i,u4_mem_reg\[1\]\[30\]/CLK,net,pin
clk_i,u4_mem_reg\[1\]\[2\]/CLK,net,pin
clk_i,u4_mem_reg\[1\]\[29\]/CLK,net,pin
clk_i,u4_mem_reg\[1\]\[28\]/CLK,net,pin
clk_i,u4_mem_reg\[1\]\[27\]/CLK,net,pin
clk_i,u4_mem_reg\[1\]\[26\]/CLK,net,pin
clk_i,u4_mem_reg\[1\]\[25\]/CLK,net,pin
clk_i,u4_mem_reg\[1\]\[24\]/CLK,net,pin
clk_i,u4_mem_reg\[1\]\[23\]/CLK,net,pin
clk_i,u4_mem_reg\[1\]\[22\]/CLK,net,pin
clk_i,u4_mem_reg\[1\]\[21\]/CLK,net,pin
clk_i,u4_mem_reg\[1\]\[20\]/CLK,net,pin
clk_i,u4_mem_reg\[1\]\[1\]/CLK,net,pin
clk_i,u4_mem_reg\[1\]\[19\]/CLK,net,pin
clk_i,u4_mem_reg\[1\]\[18\]/CLK,net,pin
clk_i,u4_mem_reg\[1\]\[17\]/CLK,net,pin
clk_i,u4_mem_reg\[1\]\[16\]/CLK,net,pin
clk_i,u4_mem_reg\[1\]\[15\]/CLK,net,pin
clk_i,u4_mem_reg\[1\]\[14\]/CLK,net,pin
clk_i,u4_mem_reg\[1\]\[13\]/CLK,net,pin
clk_i,u4_mem_reg\[1\]\[12\]/CLK,net,pin
clk_i,u4_mem_reg\[1\]\[11\]/CLK,net,pin
clk_i,u4_mem_reg\[1\]\[10\]/CLK,net,pin
clk_i,u4_mem_reg\[1\]\[0\]/CLK,net,pin
clk_i,u4_mem_reg\[0\]\[9\]/CLK,net,pin
clk_i,u4_mem_reg\[0\]\[8\]/CLK,net,pin
clk_i,u4_mem_reg\[0\]\[7\]/CLK,net,pin
clk_i,u4_mem_reg\[0\]\[6\]/CLK,net,pin
clk_i,u4_mem_reg\[0\]\[5\]/CLK,net,pin
clk_i,u4_mem_reg\[0\]\[4\]/CLK,net,pin
clk_i,u4_mem_reg\[0\]\[3\]/CLK,net,pin
clk_i,u4_mem_reg\[0\]\[31\]/CLK,net,pin
clk_i,u4_mem_reg\[0\]\[30\]/CLK,net,pin
clk_i,u4_mem_reg\[0\]\[2\]/CLK,net,pin
clk_i,u4_mem_reg\[0\]\[29\]/CLK,net,pin
clk_i,u4_mem_reg\[0\]\[28\]/CLK,net,pin
clk_i,u4_mem_reg\[0\]\[27\]/CLK,net,pin
clk_i,u4_mem_reg\[0\]\[26\]/CLK,net,pin
clk_i,u4_mem_reg\[0\]\[25\]/CLK,net,pin
clk_i,u4_mem_reg\[0\]\[24\]/CLK,net,pin
clk_i,u4_mem_reg\[0\]\[23\]/CLK,net,pin
clk_i,u4_mem_reg\[0\]\[22\]/CLK,net,pin
clk_i,u4_mem_reg\[0\]\[21\]/CLK,net,pin
clk_i,u4_mem_reg\[0\]\[20\]/CLK,net,pin
clk_i,u4_mem_reg\[0\]\[1\]/CLK,net,pin
clk_i,u4_mem_reg\[0\]\[19\]/CLK,net,pin
clk_i,u4_mem_reg\[0\]\[18\]/CLK,net,pin
clk_i,u4_mem_reg\[0\]\[17\]/CLK,net,pin
clk_i,u4_mem_reg\[0\]\[16\]/CLK,net,pin
clk_i,u4_mem_reg\[0\]\[15\]/CLK,net,pin
clk_i,u4_mem_reg\[0\]\[14\]/CLK,net,pin
clk_i,u4_mem_reg\[0\]\[13\]/CLK,net,pin
clk_i,u4_mem_reg\[0\]\[12\]/CLK,net,pin
clk_i,u4_mem_reg\[0\]\[11\]/CLK,net,pin
clk_i,u4_mem_reg\[0\]\[10\]/CLK,net,pin
clk_i,u4_mem_reg\[0\]\[0\]/CLK,net,pin
clk_i,u4_empty_reg/CLK,net,pin
clk_i,u4_dout_reg\[9\]/CLK,net,pin
clk_i,u4_dout_reg\[8\]/CLK,net,pin
clk_i,u4_dout_reg\[7\]/CLK,net,pin
clk_i,u4_dout_reg\[6\]/CLK,net,pin
clk_i,u4_dout_reg\[5\]/CLK,net,pin
clk_i,u4_dout_reg\[4\]/CLK,net,pin
clk_i,u4_dout_reg\[3\]/CLK,net,pin
clk_i,u4_dout_reg\[2\]/CLK,net,pin
clk_i,u4_dout_reg\[1\]/CLK,net,pin
clk_i,u4_dout_reg\[19\]/CLK,net,pin
clk_i,u4_dout_reg\[18\]/CLK,net,pin
clk_i,u4_dout_reg\[17\]/CLK,net,pin
clk_i,u4_dout_reg\[16\]/CLK,net,pin
clk_i,u4_dout_reg\[15\]/CLK,net,pin
clk_i,u4_dout_reg\[14\]/CLK,net,pin
clk_i,u4_dout_reg\[13\]/CLK,net,pin
clk_i,u4_dout_reg\[12\]/CLK,net,pin
clk_i,u4_dout_reg\[11\]/CLK,net,pin
clk_i,u4_dout_reg\[10\]/CLK,net,pin
clk_i,u4_dout_reg\[0\]/CLK,net,pin
clk_i,u3_wp_reg\[2\]/CLK,net,pin
clk_i,u3_wp_reg\[1\]/CLK,net,pin
clk_i,u3_wp_reg\[0\]/CLK,net,pin
clk_i,u3_status_reg\[1\]/CLK,net,pin
clk_i,u3_status_reg\[0\]/CLK,net,pin
clk_i,u3_rp_reg\[3\]/CLK,net,pin
clk_i,u3_rp_reg\[2\]/CLK,net,pin
clk_i,u3_rp_reg\[1\]/CLK,net,pin
clk_i,u3_rp_reg\[0\]/CLK,net,pin
clk_i,u3_mem_reg\[3\]\[9\]/CLK,net,pin
clk_i,u3_mem_reg\[3\]\[8\]/CLK,net,pin
clk_i,u3_mem_reg\[3\]\[7\]/CLK,net,pin
clk_i,u3_mem_reg\[3\]\[6\]/CLK,net,pin
clk_i,u3_mem_reg\[3\]\[5\]/CLK,net,pin
clk_i,u3_mem_reg\[3\]\[4\]/CLK,net,pin
clk_i,u3_mem_reg\[3\]\[3\]/CLK,net,pin
clk_i,u3_mem_reg\[3\]\[31\]/CLK,net,pin
clk_i,u3_mem_reg\[3\]\[30\]/CLK,net,pin
clk_i,u3_mem_reg\[3\]\[2\]/CLK,net,pin
clk_i,u3_mem_reg\[3\]\[29\]/CLK,net,pin
clk_i,u3_mem_reg\[3\]\[28\]/CLK,net,pin
clk_i,u3_mem_reg\[3\]\[27\]/CLK,net,pin
clk_i,u3_mem_reg\[3\]\[26\]/CLK,net,pin
clk_i,u3_mem_reg\[3\]\[25\]/CLK,net,pin
clk_i,u3_mem_reg\[3\]\[24\]/CLK,net,pin
clk_i,u3_mem_reg\[3\]\[23\]/CLK,net,pin
clk_i,u3_mem_reg\[3\]\[22\]/CLK,net,pin
clk_i,u3_mem_reg\[3\]\[21\]/CLK,net,pin
clk_i,u3_mem_reg\[3\]\[20\]/CLK,net,pin
clk_i,u3_mem_reg\[3\]\[1\]/CLK,net,pin
clk_i,u3_mem_reg\[3\]\[19\]/CLK,net,pin
clk_i,u3_mem_reg\[3\]\[18\]/CLK,net,pin
clk_i,u3_mem_reg\[3\]\[17\]/CLK,net,pin
clk_i,u3_mem_reg\[3\]\[16\]/CLK,net,pin
clk_i,u3_mem_reg\[3\]\[15\]/CLK,net,pin
clk_i,u3_mem_reg\[3\]\[14\]/CLK,net,pin
clk_i,u3_mem_reg\[3\]\[13\]/CLK,net,pin
clk_i,u3_mem_reg\[3\]\[12\]/CLK,net,pin
clk_i,u3_mem_reg\[3\]\[11\]/CLK,net,pin
clk_i,u3_mem_reg\[3\]\[10\]/CLK,net,pin
clk_i,u3_mem_reg\[3\]\[0\]/CLK,net,pin
clk_i,u3_mem_reg\[2\]\[9\]/CLK,net,pin
clk_i,u3_mem_reg\[2\]\[8\]/CLK,net,pin
clk_i,u3_mem_reg\[2\]\[7\]/CLK,net,pin
clk_i,u3_mem_reg\[2\]\[6\]/CLK,net,pin
clk_i,u3_mem_reg\[2\]\[5\]/CLK,net,pin
clk_i,u3_mem_reg\[2\]\[4\]/CLK,net,pin
clk_i,u3_mem_reg\[2\]\[3\]/CLK,net,pin
clk_i,u3_mem_reg\[2\]\[31\]/CLK,net,pin
clk_i,u3_mem_reg\[2\]\[30\]/CLK,net,pin
clk_i,u3_mem_reg\[2\]\[2\]/CLK,net,pin
clk_i,u3_mem_reg\[2\]\[29\]/CLK,net,pin
clk_i,u3_mem_reg\[2\]\[28\]/CLK,net,pin
clk_i,u3_mem_reg\[2\]\[27\]/CLK,net,pin
clk_i,u3_mem_reg\[2\]\[26\]/CLK,net,pin
clk_i,u3_mem_reg\[2\]\[25\]/CLK,net,pin
clk_i,u3_mem_reg\[2\]\[24\]/CLK,net,pin
clk_i,u3_mem_reg\[2\]\[23\]/CLK,net,pin
clk_i,u3_mem_reg\[2\]\[22\]/CLK,net,pin
clk_i,u3_mem_reg\[2\]\[21\]/CLK,net,pin
clk_i,u3_mem_reg\[2\]\[20\]/CLK,net,pin
clk_i,u3_mem_reg\[2\]\[1\]/CLK,net,pin
clk_i,u3_mem_reg\[2\]\[19\]/CLK,net,pin
clk_i,u3_mem_reg\[2\]\[18\]/CLK,net,pin
clk_i,u3_mem_reg\[2\]\[17\]/CLK,net,pin
clk_i,u3_mem_reg\[2\]\[16\]/CLK,net,pin
clk_i,u3_mem_reg\[2\]\[15\]/CLK,net,pin
clk_i,u3_mem_reg\[2\]\[14\]/CLK,net,pin
clk_i,u3_mem_reg\[2\]\[13\]/CLK,net,pin
clk_i,u3_mem_reg\[2\]\[12\]/CLK,net,pin
clk_i,u3_mem_reg\[2\]\[11\]/CLK,net,pin
clk_i,u3_mem_reg\[2\]\[10\]/CLK,net,pin
clk_i,u3_mem_reg\[2\]\[0\]/CLK,net,pin
clk_i,u3_mem_reg\[1\]\[9\]/CLK,net,pin
clk_i,u3_mem_reg\[1\]\[8\]/CLK,net,pin
clk_i,u3_mem_reg\[1\]\[7\]/CLK,net,pin
clk_i,u3_mem_reg\[1\]\[6\]/CLK,net,pin
clk_i,u3_mem_reg\[1\]\[5\]/CLK,net,pin
clk_i,u3_mem_reg\[1\]\[4\]/CLK,net,pin
clk_i,u3_mem_reg\[1\]\[3\]/CLK,net,pin
clk_i,u3_mem_reg\[1\]\[31\]/CLK,net,pin
clk_i,u3_mem_reg\[1\]\[30\]/CLK,net,pin
clk_i,u3_mem_reg\[1\]\[2\]/CLK,net,pin
clk_i,u3_mem_reg\[1\]\[29\]/CLK,net,pin
clk_i,u3_mem_reg\[1\]\[28\]/CLK,net,pin
clk_i,u3_mem_reg\[1\]\[27\]/CLK,net,pin
clk_i,u3_mem_reg\[1\]\[26\]/CLK,net,pin
clk_i,u3_mem_reg\[1\]\[25\]/CLK,net,pin
clk_i,u3_mem_reg\[1\]\[24\]/CLK,net,pin
clk_i,u3_mem_reg\[1\]\[23\]/CLK,net,pin
clk_i,u3_mem_reg\[1\]\[22\]/CLK,net,pin
clk_i,u3_mem_reg\[1\]\[21\]/CLK,net,pin
clk_i,u3_mem_reg\[1\]\[20\]/CLK,net,pin
clk_i,u3_mem_reg\[1\]\[1\]/CLK,net,pin
clk_i,u3_mem_reg\[1\]\[19\]/CLK,net,pin
clk_i,u3_mem_reg\[1\]\[18\]/CLK,net,pin
clk_i,u3_mem_reg\[1\]\[17\]/CLK,net,pin
clk_i,u3_mem_reg\[1\]\[16\]/CLK,net,pin
clk_i,u3_mem_reg\[1\]\[15\]/CLK,net,pin
clk_i,u3_mem_reg\[1\]\[14\]/CLK,net,pin
clk_i,u3_mem_reg\[1\]\[13\]/CLK,net,pin
clk_i,u3_mem_reg\[1\]\[12\]/CLK,net,pin
clk_i,u3_mem_reg\[1\]\[11\]/CLK,net,pin
clk_i,u3_mem_reg\[1\]\[10\]/CLK,net,pin
clk_i,u3_mem_reg\[1\]\[0\]/CLK,net,pin
clk_i,u3_mem_reg\[0\]\[9\]/CLK,net,pin
clk_i,u3_mem_reg\[0\]\[8\]/CLK,net,pin
clk_i,u3_mem_reg\[0\]\[7\]/CLK,net,pin
clk_i,u3_mem_reg\[0\]\[6\]/CLK,net,pin
clk_i,u3_mem_reg\[0\]\[5\]/CLK,net,pin
clk_i,u3_mem_reg\[0\]\[4\]/CLK,net,pin
clk_i,u3_mem_reg\[0\]\[3\]/CLK,net,pin
clk_i,u3_mem_reg\[0\]\[31\]/CLK,net,pin
clk_i,u3_mem_reg\[0\]\[30\]/CLK,net,pin
clk_i,u3_mem_reg\[0\]\[2\]/CLK,net,pin
clk_i,u3_mem_reg\[0\]\[29\]/CLK,net,pin
clk_i,u3_mem_reg\[0\]\[28\]/CLK,net,pin
clk_i,u3_mem_reg\[0\]\[27\]/CLK,net,pin
clk_i,u3_mem_reg\[0\]\[26\]/CLK,net,pin
clk_i,u3_mem_reg\[0\]\[25\]/CLK,net,pin
clk_i,u3_mem_reg\[0\]\[24\]/CLK,net,pin
clk_i,u3_mem_reg\[0\]\[23\]/CLK,net,pin
clk_i,u3_mem_reg\[0\]\[22\]/CLK,net,pin
clk_i,u3_mem_reg\[0\]\[21\]/CLK,net,pin
clk_i,u3_mem_reg\[0\]\[20\]/CLK,net,pin
clk_i,u3_mem_reg\[0\]\[1\]/CLK,net,pin
clk_i,u3_mem_reg\[0\]\[19\]/CLK,net,pin
clk_i,u3_mem_reg\[0\]\[18\]/CLK,net,pin
clk_i,u3_mem_reg\[0\]\[17\]/CLK,net,pin
clk_i,u3_mem_reg\[0\]\[16\]/CLK,net,pin
clk_i,u3_mem_reg\[0\]\[15\]/CLK,net,pin
clk_i,u3_mem_reg\[0\]\[14\]/CLK,net,pin
clk_i,u3_mem_reg\[0\]\[13\]/CLK,net,pin
clk_i,u3_mem_reg\[0\]\[12\]/CLK,net,pin
clk_i,u3_mem_reg\[0\]\[11\]/CLK,net,pin
clk_i,u3_mem_reg\[0\]\[10\]/CLK,net,pin
clk_i,u3_mem_reg\[0\]\[0\]/CLK,net,pin
clk_i,u3_empty_reg/CLK,net,pin
clk_i,u3_dout_reg\[9\]/CLK,net,pin
clk_i,u3_dout_reg\[8\]/CLK,net,pin
clk_i,u3_dout_reg\[7\]/CLK,net,pin
clk_i,u3_dout_reg\[6\]/CLK,net,pin
clk_i,u3_dout_reg\[5\]/CLK,net,pin
clk_i,u3_dout_reg\[4\]/CLK,net,pin
clk_i,u3_dout_reg\[3\]/CLK,net,pin
clk_i,u3_dout_reg\[2\]/CLK,net,pin
clk_i,u3_dout_reg\[1\]/CLK,net,pin
clk_i,u3_dout_reg\[19\]/CLK,net,pin
clk_i,u3_dout_reg\[18\]/CLK,net,pin
clk_i,u3_dout_reg\[17\]/CLK,net,pin
clk_i,u3_dout_reg\[16\]/CLK,net,pin
clk_i,u3_dout_reg\[15\]/CLK,net,pin
clk_i,u3_dout_reg\[14\]/CLK,net,pin
clk_i,u3_dout_reg\[13\]/CLK,net,pin
clk_i,u3_dout_reg\[12\]/CLK,net,pin
clk_i,u3_dout_reg\[11\]/CLK,net,pin
clk_i,u3_dout_reg\[10\]/CLK,net,pin
clk_i,u3_dout_reg\[0\]/CLK,net,pin
clk_i,u2_to_cnt_reg\[5\]/CLK,net,pin
clk_i,u2_to_cnt_reg\[4\]/CLK,net,pin
clk_i,u2_to_cnt_reg\[3\]/CLK,net,pin
clk_i,u2_to_cnt_reg\[2\]/CLK,net,pin
clk_i,u2_to_cnt_reg\[1\]/CLK,net,pin
clk_i,u2_to_cnt_reg\[0\]/CLK,net,pin
clk_i,u2_sync_resume_reg/CLK,net,pin
clk_i,u2_suspended_reg/CLK,net,pin
clk_i,u2_res_cnt_reg\[3\]/CLK,net,pin
clk_i,u2_res_cnt_reg\[2\]/CLK,net,pin
clk_i,u2_res_cnt_reg\[1\]/CLK,net,pin
clk_i,u2_res_cnt_reg\[0\]/CLK,net,pin
clk_i,u2_bit_clk_r_reg/CLK,net,pin
clk_i,u2_bit_clk_r1_reg/CLK,net,pin
clk_i,u2_bit_clk_e_reg/CLK,net,pin
clk_i,u26_ps_cnt_reg\[5\]/CLK,net,pin
clk_i,u26_ps_cnt_reg\[4\]/CLK,net,pin
clk_i,u26_ps_cnt_reg\[3\]/CLK,net,pin
clk_i,u26_ps_cnt_reg\[2\]/CLK,net,pin
clk_i,u26_ps_cnt_reg\[1\]/CLK,net,pin
clk_i,u26_ps_cnt_reg\[0\]/CLK,net,pin
clk_i,u26_cnt_reg\[2\]/CLK,net,pin
clk_i,u26_cnt_reg\[1\]/CLK,net,pin
clk_i,u26_cnt_reg\[0\]/CLK,net,pin
clk_i,u26_ac97_rst__reg/CLK,net,pin
clk_i,u25_int_set_reg\[2\]/CLK,net,pin
clk_i,u25_int_set_reg\[1\]/CLK,net,pin
clk_i,u25_int_set_reg\[0\]/CLK,net,pin
clk_i,u24_int_set_reg\[2\]/CLK,net,pin
clk_i,u24_int_set_reg\[1\]/CLK,net,pin
clk_i,u24_int_set_reg\[0\]/CLK,net,pin
clk_i,u23_int_set_reg\[2\]/CLK,net,pin
clk_i,u23_int_set_reg\[1\]/CLK,net,pin
clk_i,u23_int_set_reg\[0\]/CLK,net,pin
clk_i,u22_int_set_reg\[2\]/CLK,net,pin
clk_i,u22_int_set_reg\[1\]/CLK,net,pin
clk_i,u22_int_set_reg\[0\]/CLK,net,pin
clk_i,u21_int_set_reg\[2\]/CLK,net,pin
clk_i,u21_int_set_reg\[1\]/CLK,net,pin
clk_i,u21_int_set_reg\[0\]/CLK,net,pin
clk_i,u20_int_set_reg\[2\]/CLK,net,pin
clk_i,u20_int_set_reg\[1\]/CLK,net,pin
clk_i,u20_int_set_reg\[0\]/CLK,net,pin
clk_i,u19_int_set_reg\[2\]/CLK,net,pin
clk_i,u19_int_set_reg\[1\]/CLK,net,pin
clk_i,u19_int_set_reg\[0\]/CLK,net,pin
clk_i,u18_int_set_reg\[2\]/CLK,net,pin
clk_i,u18_int_set_reg\[1\]/CLK,net,pin
clk_i,u18_int_set_reg\[0\]/CLK,net,pin
clk_i,u17_int_set_reg\[2\]/CLK,net,pin
clk_i,u17_int_set_reg\[1\]/CLK,net,pin
clk_i,u17_int_set_reg\[0\]/CLK,net,pin
clk_i,u16_u8_dma_req_reg/CLK,net,pin
clk_i,u16_u8_dma_req_r1_reg/CLK,net,pin
clk_i,u16_u7_dma_req_reg/CLK,net,pin
clk_i,u16_u7_dma_req_r1_reg/CLK,net,pin
clk_i,u16_u6_dma_req_reg/CLK,net,pin
clk_i,u16_u6_dma_req_r1_reg/CLK,net,pin
clk_i,u16_u5_dma_req_reg/CLK,net,pin
clk_i,u16_u5_dma_req_r1_reg/CLK,net,pin
clk_i,u16_u4_dma_req_reg/CLK,net,pin
clk_i,u16_u4_dma_req_r1_reg/CLK,net,pin
clk_i,u16_u3_dma_req_reg/CLK,net,pin
clk_i,u16_u3_dma_req_r1_reg/CLK,net,pin
clk_i,u16_u2_dma_req_reg/CLK,net,pin
clk_i,u16_u2_dma_req_r1_reg/CLK,net,pin
clk_i,u16_u1_dma_req_reg/CLK,net,pin
clk_i,u16_u1_dma_req_r1_reg/CLK,net,pin
clk_i,u16_u0_dma_req_reg/CLK,net,pin
clk_i,u16_u0_dma_req_r1_reg/CLK,net,pin
clk_i,u15_valid_r_reg/CLK,net,pin
clk_i,u15_rdd3_reg/CLK,net,pin
clk_i,u15_rdd2_reg/CLK,net,pin
clk_i,u15_rdd1_reg/CLK,net,pin
clk_i,u15_crac_wr_reg/CLK,net,pin
clk_i,u15_crac_we_r_reg/CLK,net,pin
clk_i,u15_crac_rd_reg/CLK,net,pin
clk_i,u15_crac_rd_done_reg/CLK,net,pin
clk_i,u15_crac_din_reg\[9\]/CLK,net,pin
clk_i,u15_crac_din_reg\[8\]/CLK,net,pin
clk_i,u15_crac_din_reg\[7\]/CLK,net,pin
clk_i,u15_crac_din_reg\[6\]/CLK,net,pin
clk_i,u15_crac_din_reg\[5\]/CLK,net,pin
clk_i,u15_crac_din_reg\[4\]/CLK,net,pin
clk_i,u15_crac_din_reg\[3\]/CLK,net,pin
clk_i,u15_crac_din_reg\[2\]/CLK,net,pin
clk_i,u15_crac_din_reg\[1\]/CLK,net,pin
clk_i,u15_crac_din_reg\[15\]/CLK,net,pin
clk_i,u15_crac_din_reg\[14\]/CLK,net,pin
clk_i,u15_crac_din_reg\[13\]/CLK,net,pin
clk_i,u15_crac_din_reg\[12\]/CLK,net,pin
clk_i,u15_crac_din_reg\[11\]/CLK,net,pin
clk_i,u15_crac_din_reg\[10\]/CLK,net,pin
clk_i,u15_crac_din_reg\[0\]/CLK,net,pin
clk_i,u14_u8_full_empty_r_reg/CLK,net,pin
clk_i,u14_u8_en_out_l_reg/CLK,net,pin
clk_i,u14_u8_en_out_l2_reg/CLK,net,pin
clk_i,u14_u7_full_empty_r_reg/CLK,net,pin
clk_i,u14_u7_en_out_l_reg/CLK,net,pin
clk_i,u14_u7_en_out_l2_reg/CLK,net,pin
clk_i,u14_u6_full_empty_r_reg/CLK,net,pin
clk_i,u14_u6_en_out_l_reg/CLK,net,pin
clk_i,u14_u6_en_out_l2_reg/CLK,net,pin
clk_i,u14_u5_full_empty_r_reg/CLK,net,pin
clk_i,u14_u5_en_out_l_reg/CLK,net,pin
clk_i,u14_u5_en_out_l2_reg/CLK,net,pin
clk_i,u14_u4_full_empty_r_reg/CLK,net,pin
clk_i,u14_u4_en_out_l_reg/CLK,net,pin
clk_i,u14_u4_en_out_l2_reg/CLK,net,pin
clk_i,u14_u3_full_empty_r_reg/CLK,net,pin
clk_i,u14_u3_en_out_l_reg/CLK,net,pin
clk_i,u14_u3_en_out_l2_reg/CLK,net,pin
clk_i,u14_u2_full_empty_r_reg/CLK,net,pin
clk_i,u14_u2_en_out_l_reg/CLK,net,pin
clk_i,u14_u2_en_out_l2_reg/CLK,net,pin
clk_i,u14_u1_full_empty_r_reg/CLK,net,pin
clk_i,u14_u1_en_out_l_reg/CLK,net,pin
clk_i,u14_u1_en_out_l2_reg/CLK,net,pin
clk_i,u14_u0_full_empty_r_reg/CLK,net,pin
clk_i,u14_u0_en_out_l_reg/CLK,net,pin
clk_i,u14_u0_en_out_l2_reg/CLK,net,pin
clk_i,u14_crac_wr_r_reg/CLK,net,pin
clk_i,u14_crac_valid_r_reg/CLK,net,pin
clk_i,u13_resume_req_reg/CLK,net,pin
clk_i,u13_occ1_r_reg\[9\]/CLK,net,pin
clk_i,u13_occ1_r_reg\[8\]/CLK,net,pin
clk_i,u13_occ1_r_reg\[7\]/CLK,net,pin
clk_i,u13_occ1_r_reg\[6\]/CLK,net,pin
clk_i,u13_occ1_r_reg\[5\]/CLK,net,pin
clk_i,u13_occ1_r_reg\[4\]/CLK,net,pin
clk_i,u13_occ1_r_reg\[3\]/CLK,net,pin
clk_i,u13_occ1_r_reg\[2\]/CLK,net,pin
clk_i,u13_occ1_r_reg\[1\]/CLK,net,pin
clk_i,u13_occ1_r_reg\[15\]/CLK,net,pin
clk_i,u13_occ1_r_reg\[14\]/CLK,net,pin
clk_i,u13_occ1_r_reg\[13\]/CLK,net,pin
clk_i,u13_occ1_r_reg\[12\]/CLK,net,pin
clk_i,u13_occ1_r_reg\[11\]/CLK,net,pin
clk_i,u13_occ1_r_reg\[10\]/CLK,net,pin
clk_i,u13_occ1_r_reg\[0\]/CLK,net,pin
clk_i,u13_occ0_r_reg\[9\]/CLK,net,pin
clk_i,u13_occ0_r_reg\[8\]/CLK,net,pin
clk_i,u13_occ0_r_reg\[7\]/CLK,net,pin
clk_i,u13_occ0_r_reg\[6\]/CLK,net,pin
clk_i,u13_occ0_r_reg\[5\]/CLK,net,pin
clk_i,u13_occ0_r_reg\[4\]/CLK,net,pin
clk_i,u13_occ0_r_reg\[3\]/CLK,net,pin
clk_i,u13_occ0_r_reg\[31\]/CLK,net,pin
clk_i,u13_occ0_r_reg\[30\]/CLK,net,pin
clk_i,u13_occ0_r_reg\[2\]/CLK,net,pin
clk_i,u13_occ0_r_reg\[29\]/CLK,net,pin
clk_i,u13_occ0_r_reg\[28\]/CLK,net,pin
clk_i,u13_occ0_r_reg\[27\]/CLK,net,pin
clk_i,u13_occ0_r_reg\[26\]/CLK,net,pin
clk_i,u13_occ0_r_reg\[25\]/CLK,net,pin
clk_i,u13_occ0_r_reg\[24\]/CLK,net,pin
clk_i,u13_occ0_r_reg\[23\]/CLK,net,pin
clk_i,u13_occ0_r_reg\[22\]/CLK,net,pin
clk_i,u13_occ0_r_reg\[21\]/CLK,net,pin
clk_i,u13_occ0_r_reg\[20\]/CLK,net,pin
clk_i,u13_occ0_r_reg\[1\]/CLK,net,pin
clk_i,u13_occ0_r_reg\[19\]/CLK,net,pin
clk_i,u13_occ0_r_reg\[18\]/CLK,net,pin
clk_i,u13_occ0_r_reg\[17\]/CLK,net,pin
clk_i,u13_occ0_r_reg\[16\]/CLK,net,pin
clk_i,u13_occ0_r_reg\[15\]/CLK,net,pin
clk_i,u13_occ0_r_reg\[14\]/CLK,net,pin
clk_i,u13_occ0_r_reg\[13\]/CLK,net,pin
clk_i,u13_occ0_r_reg\[12\]/CLK,net,pin
clk_i,u13_occ0_r_reg\[11\]/CLK,net,pin
clk_i,u13_occ0_r_reg\[10\]/CLK,net,pin
clk_i,u13_occ0_r_reg\[0\]/CLK,net,pin
clk_i,u13_ints_r_reg\[9\]/CLK,net,pin
clk_i,u13_ints_r_reg\[8\]/CLK,net,pin
clk_i,u13_ints_r_reg\[7\]/CLK,net,pin
clk_i,u13_ints_r_reg\[6\]/CLK,net,pin
clk_i,u13_ints_r_reg\[5\]/CLK,net,pin
clk_i,u13_ints_r_reg\[4\]/CLK,net,pin
clk_i,u13_ints_r_reg\[3\]/CLK,net,pin
clk_i,u13_ints_r_reg\[2\]/CLK,net,pin
clk_i,u13_ints_r_reg\[28\]/CLK,net,pin
clk_i,u13_ints_r_reg\[27\]/CLK,net,pin
clk_i,u13_ints_r_reg\[26\]/CLK,net,pin
clk_i,u13_ints_r_reg\[25\]/CLK,net,pin
clk_i,u13_ints_r_reg\[24\]/CLK,net,pin
clk_i,u13_ints_r_reg\[23\]/CLK,net,pin
clk_i,u13_ints_r_reg\[22\]/CLK,net,pin
clk_i,u13_ints_r_reg\[21\]/CLK,net,pin
clk_i,u13_ints_r_reg\[20\]/CLK,net,pin
clk_i,u13_ints_r_reg\[1\]/CLK,net,pin
clk_i,u13_ints_r_reg\[19\]/CLK,net,pin
clk_i,u13_ints_r_reg\[18\]/CLK,net,pin
clk_i,u13_ints_r_reg\[17\]/CLK,net,pin
clk_i,u13_ints_r_reg\[16\]/CLK,net,pin
clk_i,u13_ints_r_reg\[15\]/CLK,net,pin
clk_i,u13_ints_r_reg\[14\]/CLK,net,pin
clk_i,u13_ints_r_reg\[13\]/CLK,net,pin
clk_i,u13_ints_r_reg\[12\]/CLK,net,pin
clk_i,u13_ints_r_reg\[11\]/CLK,net,pin
clk_i,u13_ints_r_reg\[10\]/CLK,net,pin
clk_i,u13_ints_r_reg\[0\]/CLK,net,pin
clk_i,u13_intm_r_reg\[9\]/CLK,net,pin
clk_i,u13_intm_r_reg\[8\]/CLK,net,pin
clk_i,u13_intm_r_reg\[7\]/CLK,net,pin
clk_i,u13_intm_r_reg\[6\]/CLK,net,pin
clk_i,u13_intm_r_reg\[5\]/CLK,net,pin
clk_i,u13_intm_r_reg\[4\]/CLK,net,pin
clk_i,u13_intm_r_reg\[3\]/CLK,net,pin
clk_i,u13_intm_r_reg\[2\]/CLK,net,pin
clk_i,u13_intm_r_reg\[28\]/CLK,net,pin
clk_i,u13_intm_r_reg\[27\]/CLK,net,pin
clk_i,u13_intm_r_reg\[26\]/CLK,net,pin
clk_i,u13_intm_r_reg\[25\]/CLK,net,pin
clk_i,u13_intm_r_reg\[24\]/CLK,net,pin
clk_i,u13_intm_r_reg\[23\]/CLK,net,pin
clk_i,u13_intm_r_reg\[22\]/CLK,net,pin
clk_i,u13_intm_r_reg\[21\]/CLK,net,pin
clk_i,u13_intm_r_reg\[20\]/CLK,net,pin
clk_i,u13_intm_r_reg\[1\]/CLK,net,pin
clk_i,u13_intm_r_reg\[19\]/CLK,net,pin
clk_i,u13_intm_r_reg\[18\]/CLK,net,pin
clk_i,u13_intm_r_reg\[17\]/CLK,net,pin
clk_i,u13_intm_r_reg\[16\]/CLK,net,pin
clk_i,u13_intm_r_reg\[15\]/CLK,net,pin
clk_i,u13_intm_r_reg\[14\]/CLK,net,pin
clk_i,u13_intm_r_reg\[13\]/CLK,net,pin
clk_i,u13_intm_r_reg\[12\]/CLK,net,pin
clk_i,u13_intm_r_reg\[11\]/CLK,net,pin
clk_i,u13_intm_r_reg\[10\]/CLK,net,pin
clk_i,u13_intm_r_reg\[0\]/CLK,net,pin
clk_i,u13_int_reg/CLK,net,pin
clk_i,u13_icc_r_reg\[9\]/CLK,net,pin
clk_i,u13_icc_r_reg\[8\]/CLK,net,pin
clk_i,u13_icc_r_reg\[7\]/CLK,net,pin
clk_i,u13_icc_r_reg\[6\]/CLK,net,pin
clk_i,u13_icc_r_reg\[5\]/CLK,net,pin
clk_i,u13_icc_r_reg\[4\]/CLK,net,pin
clk_i,u13_icc_r_reg\[3\]/CLK,net,pin
clk_i,u13_icc_r_reg\[2\]/CLK,net,pin
clk_i,u13_icc_r_reg\[23\]/CLK,net,pin
clk_i,u13_icc_r_reg\[22\]/CLK,net,pin
clk_i,u13_icc_r_reg\[21\]/CLK,net,pin
clk_i,u13_icc_r_reg\[20\]/CLK,net,pin
clk_i,u13_icc_r_reg\[1\]/CLK,net,pin
clk_i,u13_icc_r_reg\[19\]/CLK,net,pin
clk_i,u13_icc_r_reg\[18\]/CLK,net,pin
clk_i,u13_icc_r_reg\[17\]/CLK,net,pin
clk_i,u13_icc_r_reg\[16\]/CLK,net,pin
clk_i,u13_icc_r_reg\[15\]/CLK,net,pin
clk_i,u13_icc_r_reg\[14\]/CLK,net,pin
clk_i,u13_icc_r_reg\[13\]/CLK,net,pin
clk_i,u13_icc_r_reg\[12\]/CLK,net,pin
clk_i,u13_icc_r_reg\[11\]/CLK,net,pin
clk_i,u13_icc_r_reg\[10\]/CLK,net,pin
clk_i,u13_icc_r_reg\[0\]/CLK,net,pin
clk_i,u13_crac_r_reg\[7\]/CLK,net,pin
clk_i,u13_crac_r_reg\[6\]/CLK,net,pin
clk_i,u13_crac_r_reg\[5\]/CLK,net,pin
clk_i,u13_crac_r_reg\[4\]/CLK,net,pin
clk_i,u13_crac_r_reg\[3\]/CLK,net,pin
clk_i,u13_crac_r_reg\[2\]/CLK,net,pin
clk_i,u13_crac_r_reg\[1\]/CLK,net,pin
clk_i,u13_crac_r_reg\[0\]/CLK,net,pin
clk_i,u13_crac_dout_r_reg\[9\]/CLK,net,pin
clk_i,u13_crac_dout_r_reg\[8\]/CLK,net,pin
clk_i,u13_crac_dout_r_reg\[7\]/CLK,net,pin
clk_i,u13_crac_dout_r_reg\[6\]/CLK,net,pin
clk_i,u13_crac_dout_r_reg\[5\]/CLK,net,pin
clk_i,u13_crac_dout_r_reg\[4\]/CLK,net,pin
clk_i,u13_crac_dout_r_reg\[3\]/CLK,net,pin
clk_i,u13_crac_dout_r_reg\[2\]/CLK,net,pin
clk_i,u13_crac_dout_r_reg\[1\]/CLK,net,pin
clk_i,u13_crac_dout_r_reg\[15\]/CLK,net,pin
clk_i,u13_crac_dout_r_reg\[14\]/CLK,net,pin
clk_i,u13_crac_dout_r_reg\[13\]/CLK,net,pin
clk_i,u13_crac_dout_r_reg\[12\]/CLK,net,pin
clk_i,u13_crac_dout_r_reg\[11\]/CLK,net,pin
clk_i,u13_crac_dout_r_reg\[10\]/CLK,net,pin
clk_i,u13_crac_dout_r_reg\[0\]/CLK,net,pin
clk_i,u13_ac97_rst_force_reg/CLK,net,pin
clk_i,u12_we2_reg/CLK,net,pin
clk_i,u12_we1_reg/CLK,net,pin
clk_i,u12_wb_data_o_reg\[9\]/CLK,net,pin
clk_i,u12_wb_data_o_reg\[8\]/CLK,net,pin
clk_i,u12_wb_data_o_reg\[7\]/CLK,net,pin
clk_i,u12_wb_data_o_reg\[6\]/CLK,net,pin
clk_i,u12_wb_data_o_reg\[5\]/CLK,net,pin
clk_i,u12_wb_data_o_reg\[4\]/CLK,net,pin
clk_i,u12_wb_data_o_reg\[3\]/CLK,net,pin
clk_i,u12_wb_data_o_reg\[31\]/CLK,net,pin
clk_i,u12_wb_data_o_reg\[30\]/CLK,net,pin
clk_i,u12_wb_data_o_reg\[2\]/CLK,net,pin
clk_i,u12_wb_data_o_reg\[29\]/CLK,net,pin
clk_i,u12_wb_data_o_reg\[28\]/CLK,net,pin
clk_i,u12_wb_data_o_reg\[27\]/CLK,net,pin
clk_i,u12_wb_data_o_reg\[26\]/CLK,net,pin
clk_i,u12_wb_data_o_reg\[25\]/CLK,net,pin
clk_i,u12_wb_data_o_reg\[24\]/CLK,net,pin
clk_i,u12_wb_data_o_reg\[23\]/CLK,net,pin
clk_i,u12_wb_data_o_reg\[22\]/CLK,net,pin
clk_i,u12_wb_data_o_reg\[21\]/CLK,net,pin
clk_i,u12_wb_data_o_reg\[20\]/CLK,net,pin
clk_i,u12_wb_data_o_reg\[1\]/CLK,net,pin
clk_i,u12_wb_data_o_reg\[19\]/CLK,net,pin
clk_i,u12_wb_data_o_reg\[18\]/CLK,net,pin
clk_i,u12_wb_data_o_reg\[17\]/CLK,net,pin
clk_i,u12_wb_data_o_reg\[16\]/CLK,net,pin
clk_i,u12_wb_data_o_reg\[15\]/CLK,net,pin
clk_i,u12_wb_data_o_reg\[14\]/CLK,net,pin
clk_i,u12_wb_data_o_reg\[13\]/CLK,net,pin
clk_i,u12_wb_data_o_reg\[12\]/CLK,net,pin
clk_i,u12_wb_data_o_reg\[11\]/CLK,net,pin
clk_i,u12_wb_data_o_reg\[10\]/CLK,net,pin
clk_i,u12_wb_data_o_reg\[0\]/CLK,net,pin
clk_i,u12_wb_ack_o_reg/CLK,net,pin
clk_i,u12_rf_we_reg/CLK,net,pin
clk_i,u12_re2_reg/CLK,net,pin
clk_i,u12_re1_reg/CLK,net,pin
clk_i,u12_o9_we_reg/CLK,net,pin
clk_i,u12_o8_we_reg/CLK,net,pin
clk_i,u12_o7_we_reg/CLK,net,pin
clk_i,u12_o6_we_reg/CLK,net,pin
clk_i,u12_o4_we_reg/CLK,net,pin
clk_i,u12_o3_we_reg/CLK,net,pin
clk_i,u12_i6_re_reg/CLK,net,pin
clk_i,u12_i4_re_reg/CLK,net,pin
clk_i,u12_i3_re_reg/CLK,net,pin
clk_i,u12_dout_reg\[9\]/CLK,net,pin
clk_i,u12_dout_reg\[8\]/CLK,net,pin
clk_i,u12_dout_reg\[7\]/CLK,net,pin
clk_i,u12_dout_reg\[6\]/CLK,net,pin
clk_i,u12_dout_reg\[5\]/CLK,net,pin
clk_i,u12_dout_reg\[4\]/CLK,net,pin
clk_i,u12_dout_reg\[3\]/CLK,net,pin
clk_i,u12_dout_reg\[31\]/CLK,net,pin
clk_i,u12_dout_reg\[30\]/CLK,net,pin
clk_i,u12_dout_reg\[2\]/CLK,net,pin
clk_i,u12_dout_reg\[29\]/CLK,net,pin
clk_i,u12_dout_reg\[28\]/CLK,net,pin
clk_i,u12_dout_reg\[27\]/CLK,net,pin
clk_i,u12_dout_reg\[26\]/CLK,net,pin
clk_i,u12_dout_reg\[25\]/CLK,net,pin
clk_i,u12_dout_reg\[24\]/CLK,net,pin
clk_i,u12_dout_reg\[23\]/CLK,net,pin
clk_i,u12_dout_reg\[22\]/CLK,net,pin
clk_i,u12_dout_reg\[21\]/CLK,net,pin
clk_i,u12_dout_reg\[20\]/CLK,net,pin
clk_i,u12_dout_reg\[1\]/CLK,net,pin
clk_i,u12_dout_reg\[19\]/CLK,net,pin
clk_i,u12_dout_reg\[18\]/CLK,net,pin
clk_i,u12_dout_reg\[17\]/CLK,net,pin
clk_i,u12_dout_reg\[16\]/CLK,net,pin
clk_i,u12_dout_reg\[15\]/CLK,net,pin
clk_i,u12_dout_reg\[14\]/CLK,net,pin
clk_i,u12_dout_reg\[13\]/CLK,net,pin
clk_i,u12_dout_reg\[12\]/CLK,net,pin
clk_i,u12_dout_reg\[11\]/CLK,net,pin
clk_i,u12_dout_reg\[10\]/CLK,net,pin
clk_i,u12_dout_reg\[0\]/CLK,net,pin
clk_i,u11_wp_reg\[3\]/CLK,net,pin
clk_i,u11_wp_reg\[2\]/CLK,net,pin
clk_i,u11_wp_reg\[1\]/CLK,net,pin
clk_i,u11_wp_reg\[0\]/CLK,net,pin
clk_i,u11_status_reg\[1\]/CLK,net,pin
clk_i,u11_status_reg\[0\]/CLK,net,pin
clk_i,u11_rp_reg\[2\]/CLK,net,pin
clk_i,u11_rp_reg\[1\]/CLK,net,pin
clk_i,u11_rp_reg\[0\]/CLK,net,pin
clk_i,u11_mem_reg\[3\]\[9\]/CLK,net,pin
clk_i,u11_mem_reg\[3\]\[8\]/CLK,net,pin
clk_i,u11_mem_reg\[3\]\[7\]/CLK,net,pin
clk_i,u11_mem_reg\[3\]\[6\]/CLK,net,pin
clk_i,u11_mem_reg\[3\]\[5\]/CLK,net,pin
clk_i,u11_mem_reg\[3\]\[4\]/CLK,net,pin
clk_i,u11_mem_reg\[3\]\[3\]/CLK,net,pin
clk_i,u11_mem_reg\[3\]\[31\]/CLK,net,pin
clk_i,u11_mem_reg\[3\]\[30\]/CLK,net,pin
clk_i,u11_mem_reg\[3\]\[2\]/CLK,net,pin
clk_i,u11_mem_reg\[3\]\[29\]/CLK,net,pin
clk_i,u11_mem_reg\[3\]\[28\]/CLK,net,pin
clk_i,u11_mem_reg\[3\]\[27\]/CLK,net,pin
clk_i,u11_mem_reg\[3\]\[26\]/CLK,net,pin
clk_i,u11_mem_reg\[3\]\[25\]/CLK,net,pin
clk_i,u11_mem_reg\[3\]\[24\]/CLK,net,pin
clk_i,u11_mem_reg\[3\]\[23\]/CLK,net,pin
clk_i,u11_mem_reg\[3\]\[22\]/CLK,net,pin
clk_i,u11_mem_reg\[3\]\[21\]/CLK,net,pin
clk_i,u11_mem_reg\[3\]\[20\]/CLK,net,pin
clk_i,u11_mem_reg\[3\]\[1\]/CLK,net,pin
clk_i,u11_mem_reg\[3\]\[19\]/CLK,net,pin
clk_i,u11_mem_reg\[3\]\[18\]/CLK,net,pin
clk_i,u11_mem_reg\[3\]\[17\]/CLK,net,pin
clk_i,u11_mem_reg\[3\]\[16\]/CLK,net,pin
clk_i,u11_mem_reg\[3\]\[15\]/CLK,net,pin
clk_i,u11_mem_reg\[3\]\[14\]/CLK,net,pin
clk_i,u11_mem_reg\[3\]\[13\]/CLK,net,pin
clk_i,u11_mem_reg\[3\]\[12\]/CLK,net,pin
clk_i,u11_mem_reg\[3\]\[11\]/CLK,net,pin
clk_i,u11_mem_reg\[3\]\[10\]/CLK,net,pin
clk_i,u11_mem_reg\[3\]\[0\]/CLK,net,pin
clk_i,u11_mem_reg\[2\]\[9\]/CLK,net,pin
clk_i,u11_mem_reg\[2\]\[8\]/CLK,net,pin
clk_i,u11_mem_reg\[2\]\[7\]/CLK,net,pin
clk_i,u11_mem_reg\[2\]\[6\]/CLK,net,pin
clk_i,u11_mem_reg\[2\]\[5\]/CLK,net,pin
clk_i,u11_mem_reg\[2\]\[4\]/CLK,net,pin
clk_i,u11_mem_reg\[2\]\[3\]/CLK,net,pin
clk_i,u11_mem_reg\[2\]\[31\]/CLK,net,pin
clk_i,u11_mem_reg\[2\]\[30\]/CLK,net,pin
clk_i,u11_mem_reg\[2\]\[2\]/CLK,net,pin
clk_i,u11_mem_reg\[2\]\[29\]/CLK,net,pin
clk_i,u11_mem_reg\[2\]\[28\]/CLK,net,pin
clk_i,u11_mem_reg\[2\]\[27\]/CLK,net,pin
clk_i,u11_mem_reg\[2\]\[26\]/CLK,net,pin
clk_i,u11_mem_reg\[2\]\[25\]/CLK,net,pin
clk_i,u11_mem_reg\[2\]\[24\]/CLK,net,pin
clk_i,u11_mem_reg\[2\]\[23\]/CLK,net,pin
clk_i,u11_mem_reg\[2\]\[22\]/CLK,net,pin
clk_i,u11_mem_reg\[2\]\[21\]/CLK,net,pin
clk_i,u11_mem_reg\[2\]\[20\]/CLK,net,pin
clk_i,u11_mem_reg\[2\]\[1\]/CLK,net,pin
clk_i,u11_mem_reg\[2\]\[19\]/CLK,net,pin
clk_i,u11_mem_reg\[2\]\[18\]/CLK,net,pin
clk_i,u11_mem_reg\[2\]\[17\]/CLK,net,pin
clk_i,u11_mem_reg\[2\]\[16\]/CLK,net,pin
clk_i,u11_mem_reg\[2\]\[15\]/CLK,net,pin
clk_i,u11_mem_reg\[2\]\[14\]/CLK,net,pin
clk_i,u11_mem_reg\[2\]\[13\]/CLK,net,pin
clk_i,u11_mem_reg\[2\]\[12\]/CLK,net,pin
clk_i,u11_mem_reg\[2\]\[11\]/CLK,net,pin
clk_i,u11_mem_reg\[2\]\[10\]/CLK,net,pin
clk_i,u11_mem_reg\[2\]\[0\]/CLK,net,pin
clk_i,u11_mem_reg\[1\]\[9\]/CLK,net,pin
clk_i,u11_mem_reg\[1\]\[8\]/CLK,net,pin
clk_i,u11_mem_reg\[1\]\[7\]/CLK,net,pin
clk_i,u11_mem_reg\[1\]\[6\]/CLK,net,pin
clk_i,u11_mem_reg\[1\]\[5\]/CLK,net,pin
clk_i,u11_mem_reg\[1\]\[4\]/CLK,net,pin
clk_i,u11_mem_reg\[1\]\[3\]/CLK,net,pin
clk_i,u11_mem_reg\[1\]\[31\]/CLK,net,pin
clk_i,u11_mem_reg\[1\]\[30\]/CLK,net,pin
clk_i,u11_mem_reg\[1\]\[2\]/CLK,net,pin
clk_i,u11_mem_reg\[1\]\[29\]/CLK,net,pin
clk_i,u11_mem_reg\[1\]\[28\]/CLK,net,pin
clk_i,u11_mem_reg\[1\]\[27\]/CLK,net,pin
clk_i,u11_mem_reg\[1\]\[26\]/CLK,net,pin
clk_i,u11_mem_reg\[1\]\[25\]/CLK,net,pin
clk_i,u11_mem_reg\[1\]\[24\]/CLK,net,pin
clk_i,u11_mem_reg\[1\]\[23\]/CLK,net,pin
clk_i,u11_mem_reg\[1\]\[22\]/CLK,net,pin
clk_i,u11_mem_reg\[1\]\[21\]/CLK,net,pin
clk_i,u11_mem_reg\[1\]\[20\]/CLK,net,pin
clk_i,u11_mem_reg\[1\]\[1\]/CLK,net,pin
clk_i,u11_mem_reg\[1\]\[19\]/CLK,net,pin
clk_i,u11_mem_reg\[1\]\[18\]/CLK,net,pin
clk_i,u11_mem_reg\[1\]\[17\]/CLK,net,pin
clk_i,u11_mem_reg\[1\]\[16\]/CLK,net,pin
clk_i,u11_mem_reg\[1\]\[15\]/CLK,net,pin
clk_i,u11_mem_reg\[1\]\[14\]/CLK,net,pin
clk_i,u11_mem_reg\[1\]\[13\]/CLK,net,pin
clk_i,u11_mem_reg\[1\]\[12\]/CLK,net,pin
clk_i,u11_mem_reg\[1\]\[11\]/CLK,net,pin
clk_i,u11_mem_reg\[1\]\[10\]/CLK,net,pin
clk_i,u11_mem_reg\[1\]\[0\]/CLK,net,pin
clk_i,u11_mem_reg\[0\]\[9\]/CLK,net,pin
clk_i,u11_mem_reg\[0\]\[8\]/CLK,net,pin
clk_i,u11_mem_reg\[0\]\[7\]/CLK,net,pin
clk_i,u11_mem_reg\[0\]\[6\]/CLK,net,pin
clk_i,u11_mem_reg\[0\]\[5\]/CLK,net,pin
clk_i,u11_mem_reg\[0\]\[4\]/CLK,net,pin
clk_i,u11_mem_reg\[0\]\[3\]/CLK,net,pin
clk_i,u11_mem_reg\[0\]\[31\]/CLK,net,pin
clk_i,u11_mem_reg\[0\]\[30\]/CLK,net,pin
clk_i,u11_mem_reg\[0\]\[2\]/CLK,net,pin
clk_i,u11_mem_reg\[0\]\[29\]/CLK,net,pin
clk_i,u11_mem_reg\[0\]\[28\]/CLK,net,pin
clk_i,u11_mem_reg\[0\]\[27\]/CLK,net,pin
clk_i,u11_mem_reg\[0\]\[26\]/CLK,net,pin
clk_i,u11_mem_reg\[0\]\[25\]/CLK,net,pin
clk_i,u11_mem_reg\[0\]\[24\]/CLK,net,pin
clk_i,u11_mem_reg\[0\]\[23\]/CLK,net,pin
clk_i,u11_mem_reg\[0\]\[22\]/CLK,net,pin
clk_i,u11_mem_reg\[0\]\[21\]/CLK,net,pin
clk_i,u11_mem_reg\[0\]\[20\]/CLK,net,pin
clk_i,u11_mem_reg\[0\]\[1\]/CLK,net,pin
clk_i,u11_mem_reg\[0\]\[19\]/CLK,net,pin
clk_i,u11_mem_reg\[0\]\[18\]/CLK,net,pin
clk_i,u11_mem_reg\[0\]\[17\]/CLK,net,pin
clk_i,u11_mem_reg\[0\]\[16\]/CLK,net,pin
clk_i,u11_mem_reg\[0\]\[15\]/CLK,net,pin
clk_i,u11_mem_reg\[0\]\[14\]/CLK,net,pin
clk_i,u11_mem_reg\[0\]\[13\]/CLK,net,pin
clk_i,u11_mem_reg\[0\]\[12\]/CLK,net,pin
clk_i,u11_mem_reg\[0\]\[11\]/CLK,net,pin
clk_i,u11_mem_reg\[0\]\[10\]/CLK,net,pin
clk_i,u11_mem_reg\[0\]\[0\]/CLK,net,pin
clk_i,u11_full_reg/CLK,net,pin
clk_i,u11_empty_reg/CLK,net,pin
clk_i,u11_dout_reg\[9\]/CLK,net,pin
clk_i,u11_dout_reg\[8\]/CLK,net,pin
clk_i,u11_dout_reg\[7\]/CLK,net,pin
clk_i,u11_dout_reg\[6\]/CLK,net,pin
clk_i,u11_dout_reg\[5\]/CLK,net,pin
clk_i,u11_dout_reg\[4\]/CLK,net,pin
clk_i,u11_dout_reg\[3\]/CLK,net,pin
clk_i,u11_dout_reg\[31\]/CLK,net,pin
clk_i,u11_dout_reg\[30\]/CLK,net,pin
clk_i,u11_dout_reg\[2\]/CLK,net,pin
clk_i,u11_dout_reg\[29\]/CLK,net,pin
clk_i,u11_dout_reg\[28\]/CLK,net,pin
clk_i,u11_dout_reg\[27\]/CLK,net,pin
clk_i,u11_dout_reg\[26\]/CLK,net,pin
clk_i,u11_dout_reg\[25\]/CLK,net,pin
clk_i,u11_dout_reg\[24\]/CLK,net,pin
clk_i,u11_dout_reg\[23\]/CLK,net,pin
clk_i,u11_dout_reg\[22\]/CLK,net,pin
clk_i,u11_dout_reg\[21\]/CLK,net,pin
clk_i,u11_dout_reg\[20\]/CLK,net,pin
clk_i,u11_dout_reg\[1\]/CLK,net,pin
clk_i,u11_dout_reg\[19\]/CLK,net,pin
clk_i,u11_dout_reg\[18\]/CLK,net,pin
clk_i,u11_dout_reg\[17\]/CLK,net,pin
clk_i,u11_dout_reg\[16\]/CLK,net,pin
clk_i,u11_dout_reg\[15\]/CLK,net,pin
clk_i,u11_dout_reg\[14\]/CLK,net,pin
clk_i,u11_dout_reg\[13\]/CLK,net,pin
clk_i,u11_dout_reg\[12\]/CLK,net,pin
clk_i,u11_dout_reg\[11\]/CLK,net,pin
clk_i,u11_dout_reg\[10\]/CLK,net,pin
clk_i,u11_dout_reg\[0\]/CLK,net,pin
clk_i,u11_din_tmp1_reg\[9\]/CLK,net,pin
clk_i,u11_din_tmp1_reg\[8\]/CLK,net,pin
clk_i,u11_din_tmp1_reg\[7\]/CLK,net,pin
clk_i,u11_din_tmp1_reg\[6\]/CLK,net,pin
clk_i,u11_din_tmp1_reg\[5\]/CLK,net,pin
clk_i,u11_din_tmp1_reg\[4\]/CLK,net,pin
clk_i,u11_din_tmp1_reg\[3\]/CLK,net,pin
clk_i,u11_din_tmp1_reg\[2\]/CLK,net,pin
clk_i,u11_din_tmp1_reg\[1\]/CLK,net,pin
clk_i,u11_din_tmp1_reg\[15\]/CLK,net,pin
clk_i,u11_din_tmp1_reg\[14\]/CLK,net,pin
clk_i,u11_din_tmp1_reg\[13\]/CLK,net,pin
clk_i,u11_din_tmp1_reg\[12\]/CLK,net,pin
clk_i,u11_din_tmp1_reg\[11\]/CLK,net,pin
clk_i,u11_din_tmp1_reg\[10\]/CLK,net,pin
clk_i,u11_din_tmp1_reg\[0\]/CLK,net,pin
clk_i,u10_wp_reg\[3\]/CLK,net,pin
clk_i,u10_wp_reg\[2\]/CLK,net,pin
clk_i,u10_wp_reg\[1\]/CLK,net,pin
clk_i,u10_wp_reg\[0\]/CLK,net,pin
clk_i,u10_status_reg\[1\]/CLK,net,pin
clk_i,u10_status_reg\[0\]/CLK,net,pin
clk_i,u10_rp_reg\[2\]/CLK,net,pin
clk_i,u10_rp_reg\[1\]/CLK,net,pin
clk_i,u10_rp_reg\[0\]/CLK,net,pin
clk_i,u10_mem_reg\[3\]\[9\]/CLK,net,pin
clk_i,u10_mem_reg\[3\]\[8\]/CLK,net,pin
clk_i,u10_mem_reg\[3\]\[7\]/CLK,net,pin
clk_i,u10_mem_reg\[3\]\[6\]/CLK,net,pin
clk_i,u10_mem_reg\[3\]\[5\]/CLK,net,pin
clk_i,u10_mem_reg\[3\]\[4\]/CLK,net,pin
clk_i,u10_mem_reg\[3\]\[3\]/CLK,net,pin
clk_i,u10_mem_reg\[3\]\[31\]/CLK,net,pin
clk_i,u10_mem_reg\[3\]\[30\]/CLK,net,pin
clk_i,u10_mem_reg\[3\]\[2\]/CLK,net,pin
clk_i,u10_mem_reg\[3\]\[29\]/CLK,net,pin
clk_i,u10_mem_reg\[3\]\[28\]/CLK,net,pin
clk_i,u10_mem_reg\[3\]\[27\]/CLK,net,pin
clk_i,u10_mem_reg\[3\]\[26\]/CLK,net,pin
clk_i,u10_mem_reg\[3\]\[25\]/CLK,net,pin
clk_i,u10_mem_reg\[3\]\[24\]/CLK,net,pin
clk_i,u10_mem_reg\[3\]\[23\]/CLK,net,pin
clk_i,u10_mem_reg\[3\]\[22\]/CLK,net,pin
clk_i,u10_mem_reg\[3\]\[21\]/CLK,net,pin
clk_i,u10_mem_reg\[3\]\[20\]/CLK,net,pin
clk_i,u10_mem_reg\[3\]\[1\]/CLK,net,pin
clk_i,u10_mem_reg\[3\]\[19\]/CLK,net,pin
clk_i,u10_mem_reg\[3\]\[18\]/CLK,net,pin
clk_i,u10_mem_reg\[3\]\[17\]/CLK,net,pin
clk_i,u10_mem_reg\[3\]\[16\]/CLK,net,pin
clk_i,u10_mem_reg\[3\]\[15\]/CLK,net,pin
clk_i,u10_mem_reg\[3\]\[14\]/CLK,net,pin
clk_i,u10_mem_reg\[3\]\[13\]/CLK,net,pin
clk_i,u10_mem_reg\[3\]\[12\]/CLK,net,pin
clk_i,u10_mem_reg\[3\]\[11\]/CLK,net,pin
clk_i,u10_mem_reg\[3\]\[10\]/CLK,net,pin
clk_i,u10_mem_reg\[3\]\[0\]/CLK,net,pin
clk_i,u10_mem_reg\[2\]\[9\]/CLK,net,pin
clk_i,u10_mem_reg\[2\]\[8\]/CLK,net,pin
clk_i,u10_mem_reg\[2\]\[7\]/CLK,net,pin
clk_i,u10_mem_reg\[2\]\[6\]/CLK,net,pin
clk_i,u10_mem_reg\[2\]\[5\]/CLK,net,pin
clk_i,u10_mem_reg\[2\]\[4\]/CLK,net,pin
clk_i,u10_mem_reg\[2\]\[3\]/CLK,net,pin
clk_i,u10_mem_reg\[2\]\[31\]/CLK,net,pin
clk_i,u10_mem_reg\[2\]\[30\]/CLK,net,pin
clk_i,u10_mem_reg\[2\]\[2\]/CLK,net,pin
clk_i,u10_mem_reg\[2\]\[29\]/CLK,net,pin
clk_i,u10_mem_reg\[2\]\[28\]/CLK,net,pin
clk_i,u10_mem_reg\[2\]\[27\]/CLK,net,pin
clk_i,u10_mem_reg\[2\]\[26\]/CLK,net,pin
clk_i,u10_mem_reg\[2\]\[25\]/CLK,net,pin
clk_i,u10_mem_reg\[2\]\[24\]/CLK,net,pin
clk_i,u10_mem_reg\[2\]\[23\]/CLK,net,pin
clk_i,u10_mem_reg\[2\]\[22\]/CLK,net,pin
clk_i,u10_mem_reg\[2\]\[21\]/CLK,net,pin
clk_i,u10_mem_reg\[2\]\[20\]/CLK,net,pin
clk_i,u10_mem_reg\[2\]\[1\]/CLK,net,pin
clk_i,u10_mem_reg\[2\]\[19\]/CLK,net,pin
clk_i,u10_mem_reg\[2\]\[18\]/CLK,net,pin
clk_i,u10_mem_reg\[2\]\[17\]/CLK,net,pin
clk_i,u10_mem_reg\[2\]\[16\]/CLK,net,pin
clk_i,u10_mem_reg\[2\]\[15\]/CLK,net,pin
clk_i,u10_mem_reg\[2\]\[14\]/CLK,net,pin
clk_i,u10_mem_reg\[2\]\[13\]/CLK,net,pin
clk_i,u10_mem_reg\[2\]\[12\]/CLK,net,pin
clk_i,u10_mem_reg\[2\]\[11\]/CLK,net,pin
clk_i,u10_mem_reg\[2\]\[10\]/CLK,net,pin
clk_i,u10_mem_reg\[2\]\[0\]/CLK,net,pin
clk_i,u10_mem_reg\[1\]\[9\]/CLK,net,pin
clk_i,u10_mem_reg\[1\]\[8\]/CLK,net,pin
clk_i,u10_mem_reg\[1\]\[7\]/CLK,net,pin
clk_i,u10_mem_reg\[1\]\[6\]/CLK,net,pin
clk_i,u10_mem_reg\[1\]\[5\]/CLK,net,pin
clk_i,u10_mem_reg\[1\]\[4\]/CLK,net,pin
clk_i,u10_mem_reg\[1\]\[3\]/CLK,net,pin
clk_i,u10_mem_reg\[1\]\[31\]/CLK,net,pin
clk_i,u10_mem_reg\[1\]\[30\]/CLK,net,pin
clk_i,u10_mem_reg\[1\]\[2\]/CLK,net,pin
clk_i,u10_mem_reg\[1\]\[29\]/CLK,net,pin
clk_i,u10_mem_reg\[1\]\[28\]/CLK,net,pin
clk_i,u10_mem_reg\[1\]\[27\]/CLK,net,pin
clk_i,u10_mem_reg\[1\]\[26\]/CLK,net,pin
clk_i,u10_mem_reg\[1\]\[25\]/CLK,net,pin
clk_i,u10_mem_reg\[1\]\[24\]/CLK,net,pin
clk_i,u10_mem_reg\[1\]\[23\]/CLK,net,pin
clk_i,u10_mem_reg\[1\]\[22\]/CLK,net,pin
clk_i,u10_mem_reg\[1\]\[21\]/CLK,net,pin
clk_i,u10_mem_reg\[1\]\[20\]/CLK,net,pin
clk_i,u10_mem_reg\[1\]\[1\]/CLK,net,pin
clk_i,u10_mem_reg\[1\]\[19\]/CLK,net,pin
clk_i,u10_mem_reg\[1\]\[18\]/CLK,net,pin
clk_i,u10_mem_reg\[1\]\[17\]/CLK,net,pin
clk_i,u10_mem_reg\[1\]\[16\]/CLK,net,pin
clk_i,u10_mem_reg\[1\]\[15\]/CLK,net,pin
clk_i,u10_mem_reg\[1\]\[14\]/CLK,net,pin
clk_i,u10_mem_reg\[1\]\[13\]/CLK,net,pin
clk_i,u10_mem_reg\[1\]\[12\]/CLK,net,pin
clk_i,u10_mem_reg\[1\]\[11\]/CLK,net,pin
clk_i,u10_mem_reg\[1\]\[10\]/CLK,net,pin
clk_i,u10_mem_reg\[1\]\[0\]/CLK,net,pin
clk_i,u10_mem_reg\[0\]\[9\]/CLK,net,pin
clk_i,u10_mem_reg\[0\]\[8\]/CLK,net,pin
clk_i,u10_mem_reg\[0\]\[7\]/CLK,net,pin
clk_i,u10_mem_reg\[0\]\[6\]/CLK,net,pin
clk_i,u10_mem_reg\[0\]\[5\]/CLK,net,pin
clk_i,u10_mem_reg\[0\]\[4\]/CLK,net,pin
clk_i,u10_mem_reg\[0\]\[3\]/CLK,net,pin
clk_i,u10_mem_reg\[0\]\[31\]/CLK,net,pin
clk_i,u10_mem_reg\[0\]\[30\]/CLK,net,pin
clk_i,u10_mem_reg\[0\]\[2\]/CLK,net,pin
clk_i,u10_mem_reg\[0\]\[29\]/CLK,net,pin
clk_i,u10_mem_reg\[0\]\[28\]/CLK,net,pin
clk_i,u10_mem_reg\[0\]\[27\]/CLK,net,pin
clk_i,u10_mem_reg\[0\]\[26\]/CLK,net,pin
clk_i,u10_mem_reg\[0\]\[25\]/CLK,net,pin
clk_i,u10_mem_reg\[0\]\[24\]/CLK,net,pin
clk_i,u10_mem_reg\[0\]\[23\]/CLK,net,pin
clk_i,u10_mem_reg\[0\]\[22\]/CLK,net,pin
clk_i,u10_mem_reg\[0\]\[21\]/CLK,net,pin
clk_i,u10_mem_reg\[0\]\[20\]/CLK,net,pin
clk_i,u10_mem_reg\[0\]\[1\]/CLK,net,pin
clk_i,u10_mem_reg\[0\]\[19\]/CLK,net,pin
clk_i,u10_mem_reg\[0\]\[18\]/CLK,net,pin
clk_i,u10_mem_reg\[0\]\[17\]/CLK,net,pin
clk_i,u10_mem_reg\[0\]\[16\]/CLK,net,pin
clk_i,u10_mem_reg\[0\]\[15\]/CLK,net,pin
clk_i,u10_mem_reg\[0\]\[14\]/CLK,net,pin
clk_i,u10_mem_reg\[0\]\[13\]/CLK,net,pin
clk_i,u10_mem_reg\[0\]\[12\]/CLK,net,pin
clk_i,u10_mem_reg\[0\]\[11\]/CLK,net,pin
clk_i,u10_mem_reg\[0\]\[10\]/CLK,net,pin
clk_i,u10_mem_reg\[0\]\[0\]/CLK,net,pin
clk_i,u10_full_reg/CLK,net,pin
clk_i,u10_empty_reg/CLK,net,pin
clk_i,u10_dout_reg\[9\]/CLK,net,pin
clk_i,u10_dout_reg\[8\]/CLK,net,pin
clk_i,u10_dout_reg\[7\]/CLK,net,pin
clk_i,u10_dout_reg\[6\]/CLK,net,pin
clk_i,u10_dout_reg\[5\]/CLK,net,pin
clk_i,u10_dout_reg\[4\]/CLK,net,pin
clk_i,u10_dout_reg\[3\]/CLK,net,pin
clk_i,u10_dout_reg\[31\]/CLK,net,pin
clk_i,u10_dout_reg\[30\]/CLK,net,pin
clk_i,u10_dout_reg\[2\]/CLK,net,pin
clk_i,u10_dout_reg\[29\]/CLK,net,pin
clk_i,u10_dout_reg\[28\]/CLK,net,pin
clk_i,u10_dout_reg\[27\]/CLK,net,pin
clk_i,u10_dout_reg\[26\]/CLK,net,pin
clk_i,u10_dout_reg\[25\]/CLK,net,pin
clk_i,u10_dout_reg\[24\]/CLK,net,pin
clk_i,u10_dout_reg\[23\]/CLK,net,pin
clk_i,u10_dout_reg\[22\]/CLK,net,pin
clk_i,u10_dout_reg\[21\]/CLK,net,pin
clk_i,u10_dout_reg\[20\]/CLK,net,pin
clk_i,u10_dout_reg\[1\]/CLK,net,pin
clk_i,u10_dout_reg\[19\]/CLK,net,pin
clk_i,u10_dout_reg\[18\]/CLK,net,pin
clk_i,u10_dout_reg\[17\]/CLK,net,pin
clk_i,u10_dout_reg\[16\]/CLK,net,pin
clk_i,u10_dout_reg\[15\]/CLK,net,pin
clk_i,u10_dout_reg\[14\]/CLK,net,pin
clk_i,u10_dout_reg\[13\]/CLK,net,pin
clk_i,u10_dout_reg\[12\]/CLK,net,pin
clk_i,u10_dout_reg\[11\]/CLK,net,pin
clk_i,u10_dout_reg\[10\]/CLK,net,pin
clk_i,u10_dout_reg\[0\]/CLK,net,pin
clk_i,u10_din_tmp1_reg\[9\]/CLK,net,pin
clk_i,u10_din_tmp1_reg\[8\]/CLK,net,pin
clk_i,u10_din_tmp1_reg\[7\]/CLK,net,pin
clk_i,u10_din_tmp1_reg\[6\]/CLK,net,pin
clk_i,u10_din_tmp1_reg\[5\]/CLK,net,pin
clk_i,u10_din_tmp1_reg\[4\]/CLK,net,pin
clk_i,u10_din_tmp1_reg\[3\]/CLK,net,pin
clk_i,u10_din_tmp1_reg\[2\]/CLK,net,pin
clk_i,u10_din_tmp1_reg\[1\]/CLK,net,pin
clk_i,u10_din_tmp1_reg\[15\]/CLK,net,pin
clk_i,u10_din_tmp1_reg\[14\]/CLK,net,pin
clk_i,u10_din_tmp1_reg\[13\]/CLK,net,pin
clk_i,u10_din_tmp1_reg\[12\]/CLK,net,pin
clk_i,u10_din_tmp1_reg\[11\]/CLK,net,pin
clk_i,u10_din_tmp1_reg\[10\]/CLK,net,pin
clk_i,u10_din_tmp1_reg\[0\]/CLK,net,pin
clk_i,in_valid_s_reg\[2\]/CLK,net,pin
clk_i,in_valid_s_reg\[1\]/CLK,net,pin
clk_i,in_valid_s_reg\[0\]/CLK,net,pin
clk_i,in_valid_s1_reg\[2\]/CLK,net,pin
clk_i,in_valid_s1_reg\[1\]/CLK,net,pin
clk_i,in_valid_s1_reg\[0\]/CLK,net,pin
clk_i,clk_i,port,net
dma_ack_i[0],g176897/A,net,pin
dma_ack_i[0],g170038/A,net,pin
dma_ack_i[0],dma_ack_i[0],port,net
dma_ack_i[1],g176756/A,net,pin
dma_ack_i[1],g170032/A,net,pin
dma_ack_i[1],dma_ack_i[1],port,net
dma_ack_i[2],g211860/A,net,pin
dma_ack_i[2],g183969/A,net,pin
dma_ack_i[2],dma_ack_i[2],port,net
dma_ack_i[3],g179983/A,net,pin
dma_ack_i[3],g173202/A,net,pin
dma_ack_i[3],dma_ack_i[3],port,net
dma_ack_i[4],g181707/A,net,pin
dma_ack_i[4],g170049/A,net,pin
dma_ack_i[4],dma_ack_i[4],port,net
dma_ack_i[5],g504/C,net,pin
dma_ack_i[5],g176749/A,net,pin
dma_ack_i[5],dma_ack_i[5],port,net
dma_ack_i[6],g181760/C,net,pin
dma_ack_i[6],g181759/A,net,pin
dma_ack_i[6],dma_ack_i[6],port,net
dma_ack_i[7],g178723/B,net,pin
dma_ack_i[7],g159159/A,net,pin
dma_ack_i[7],dma_ack_i[7],port,net
dma_ack_i[8],g170041/C,net,pin
dma_ack_i[8],g159161/A,net,pin
dma_ack_i[8],dma_ack_i[8],port,net
drc_bufs189340/Y,dma_req_o[0],pin,net
dma_req_o[0],dma_req_o[0],net,port
drc_bufs189344/Y,dma_req_o[1],pin,net
dma_req_o[1],dma_req_o[1],net,port
drc_bufs189342/Y,dma_req_o[2],pin,net
dma_req_o[2],dma_req_o[2],net,port
drc_bufs190215/Y,dma_req_o[3],pin,net
dma_req_o[3],dma_req_o[3],net,port
drc_bufs189336/Y,dma_req_o[4],pin,net
dma_req_o[4],dma_req_o[4],net,port
drc_bufs189338/Y,dma_req_o[5],pin,net
dma_req_o[5],dma_req_o[5],net,port
drc_bufs190211/Y,dma_req_o[6],pin,net
dma_req_o[6],dma_req_o[6],net,port
drc_bufs189334/Y,dma_req_o[7],pin,net
dma_req_o[7],dma_req_o[7],net,port
drc_bufs190213/Y,dma_req_o[8],pin,net
dma_req_o[8],dma_req_o[8],net,port
drc_bufs164547/Y,int_o,pin,net
int_o,int_o,net,port
rst_i,u2_to_cnt_reg\[5\]/SETN,net,pin
rst_i,u2_to_cnt_reg\[4\]/SETN,net,pin
rst_i,u2_to_cnt_reg\[3\]/SETN,net,pin
rst_i,u2_to_cnt_reg\[2\]/SETN,net,pin
rst_i,u2_to_cnt_reg\[1\]/SETN,net,pin
rst_i,u2_to_cnt_reg\[0\]/SETN,net,pin
rst_i,u2_sync_resume_reg/SETN,net,pin
rst_i,u2_cnt_reg\[7\]/RESETN,net,pin
rst_i,u2_cnt_reg\[6\]/RESETN,net,pin
rst_i,u2_cnt_reg\[5\]/RESETN,net,pin
rst_i,u2_cnt_reg\[4\]/RESETN,net,pin
rst_i,u2_cnt_reg\[3\]/RESETN,net,pin
rst_i,u2_cnt_reg\[2\]/RESETN,net,pin
rst_i,u2_cnt_reg\[1\]/RESETN,net,pin
rst_i,u2_cnt_reg\[0\]/RESETN,net,pin
rst_i,u26_ps_cnt_reg\[5\]/SETN,net,pin
rst_i,u26_ps_cnt_reg\[4\]/SETN,net,pin
rst_i,u26_ps_cnt_reg\[3\]/SETN,net,pin
rst_i,u26_ps_cnt_reg\[2\]/SETN,net,pin
rst_i,u26_ps_cnt_reg\[1\]/SETN,net,pin
rst_i,u26_ps_cnt_reg\[0\]/SETN,net,pin
rst_i,u26_cnt_reg\[2\]/SETN,net,pin
rst_i,u26_cnt_reg\[1\]/SETN,net,pin
rst_i,u26_cnt_reg\[0\]/SETN,net,pin
rst_i,u26_ac97_rst__reg/SETN,net,pin
rst_i,u25_int_set_reg\[2\]/SETN,net,pin
rst_i,u25_int_set_reg\[1\]/SETN,net,pin
rst_i,u25_int_set_reg\[0\]/SETN,net,pin
rst_i,u24_int_set_reg\[2\]/SETN,net,pin
rst_i,u24_int_set_reg\[1\]/SETN,net,pin
rst_i,u24_int_set_reg\[0\]/SETN,net,pin
rst_i,u23_int_set_reg\[2\]/SETN,net,pin
rst_i,u23_int_set_reg\[1\]/SETN,net,pin
rst_i,u23_int_set_reg\[0\]/SETN,net,pin
rst_i,u22_int_set_reg\[2\]/SETN,net,pin
rst_i,u22_int_set_reg\[1\]/SETN,net,pin
rst_i,u22_int_set_reg\[0\]/SETN,net,pin
rst_i,u21_int_set_reg\[2\]/SETN,net,pin
rst_i,u21_int_set_reg\[1\]/SETN,net,pin
rst_i,u21_int_set_reg\[0\]/SETN,net,pin
rst_i,u20_int_set_reg\[2\]/SETN,net,pin
rst_i,u20_int_set_reg\[1\]/SETN,net,pin
rst_i,u20_int_set_reg\[0\]/SETN,net,pin
rst_i,u19_int_set_reg\[2\]/SETN,net,pin
rst_i,u19_int_set_reg\[1\]/SETN,net,pin
rst_i,u19_int_set_reg\[0\]/SETN,net,pin
rst_i,u18_int_set_reg\[2\]/SETN,net,pin
rst_i,u18_int_set_reg\[1\]/SETN,net,pin
rst_i,u18_int_set_reg\[0\]/SETN,net,pin
rst_i,u17_int_set_reg\[2\]/SETN,net,pin
rst_i,u17_int_set_reg\[1\]/SETN,net,pin
rst_i,u17_int_set_reg\[0\]/SETN,net,pin
rst_i,u16_u8_dma_req_reg/SETN,net,pin
rst_i,u16_u7_dma_req_reg/SETN,net,pin
rst_i,u16_u6_dma_req_reg/SETN,net,pin
rst_i,u16_u5_dma_req_reg/SETN,net,pin
rst_i,u16_u4_dma_req_reg/SETN,net,pin
rst_i,u16_u3_dma_req_reg/SETN,net,pin
rst_i,u16_u2_dma_req_reg/SETN,net,pin
rst_i,u16_u1_dma_req_reg/SETN,net,pin
rst_i,u16_u0_dma_req_reg/SETN,net,pin
rst_i,u15_rdd3_reg/SETN,net,pin
rst_i,u15_rdd2_reg/SETN,net,pin
rst_i,u15_rdd1_reg/SETN,net,pin
rst_i,u15_crac_wr_reg/SETN,net,pin
rst_i,u15_crac_rd_reg/SETN,net,pin
rst_i,u15_crac_din_reg\[9\]/SETN,net,pin
rst_i,u15_crac_din_reg\[8\]/SETN,net,pin
rst_i,u15_crac_din_reg\[7\]/SETN,net,pin
rst_i,u15_crac_din_reg\[6\]/SETN,net,pin
rst_i,u15_crac_din_reg\[5\]/SETN,net,pin
rst_i,u15_crac_din_reg\[4\]/SETN,net,pin
rst_i,u15_crac_din_reg\[3\]/SETN,net,pin
rst_i,u15_crac_din_reg\[2\]/SETN,net,pin
rst_i,u15_crac_din_reg\[1\]/SETN,net,pin
rst_i,u15_crac_din_reg\[15\]/SETN,net,pin
rst_i,u15_crac_din_reg\[14\]/SETN,net,pin
rst_i,u15_crac_din_reg\[13\]/SETN,net,pin
rst_i,u15_crac_din_reg\[12\]/SETN,net,pin
rst_i,u15_crac_din_reg\[11\]/SETN,net,pin
rst_i,u15_crac_din_reg\[10\]/SETN,net,pin
rst_i,u15_crac_din_reg\[0\]/SETN,net,pin
rst_i,u13_occ1_r_reg\[9\]/SETN,net,pin
rst_i,u13_occ1_r_reg\[8\]/SETN,net,pin
rst_i,u13_occ1_r_reg\[7\]/SETN,net,pin
rst_i,u13_occ1_r_reg\[6\]/SETN,net,pin
rst_i,u13_occ1_r_reg\[5\]/SETN,net,pin
rst_i,u13_occ1_r_reg\[4\]/SETN,net,pin
rst_i,u13_occ1_r_reg\[3\]/SETN,net,pin
rst_i,u13_occ1_r_reg\[2\]/SETN,net,pin
rst_i,u13_occ1_r_reg\[1\]/SETN,net,pin
rst_i,u13_occ1_r_reg\[15\]/SETN,net,pin
rst_i,u13_occ1_r_reg\[14\]/SETN,net,pin
rst_i,u13_occ1_r_reg\[13\]/SETN,net,pin
rst_i,u13_occ1_r_reg\[12\]/SETN,net,pin
rst_i,u13_occ1_r_reg\[11\]/SETN,net,pin
rst_i,u13_occ1_r_reg\[10\]/SETN,net,pin
rst_i,u13_occ1_r_reg\[0\]/SETN,net,pin
rst_i,u13_occ0_r_reg\[9\]/SETN,net,pin
rst_i,u13_occ0_r_reg\[8\]/SETN,net,pin
rst_i,u13_occ0_r_reg\[7\]/SETN,net,pin
rst_i,u13_occ0_r_reg\[6\]/SETN,net,pin
rst_i,u13_occ0_r_reg\[5\]/SETN,net,pin
rst_i,u13_occ0_r_reg\[4\]/SETN,net,pin
rst_i,u13_occ0_r_reg\[3\]/SETN,net,pin
rst_i,u13_occ0_r_reg\[31\]/SETN,net,pin
rst_i,u13_occ0_r_reg\[30\]/SETN,net,pin
rst_i,u13_occ0_r_reg\[2\]/SETN,net,pin
rst_i,u13_occ0_r_reg\[29\]/SETN,net,pin
rst_i,u13_occ0_r_reg\[28\]/SETN,net,pin
rst_i,u13_occ0_r_reg\[27\]/SETN,net,pin
rst_i,u13_occ0_r_reg\[26\]/SETN,net,pin
rst_i,u13_occ0_r_reg\[25\]/SETN,net,pin
rst_i,u13_occ0_r_reg\[24\]/SETN,net,pin
rst_i,u13_occ0_r_reg\[23\]/SETN,net,pin
rst_i,u13_occ0_r_reg\[22\]/SETN,net,pin
rst_i,u13_occ0_r_reg\[21\]/SETN,net,pin
rst_i,u13_occ0_r_reg\[20\]/SETN,net,pin
rst_i,u13_occ0_r_reg\[1\]/SETN,net,pin
rst_i,u13_occ0_r_reg\[19\]/SETN,net,pin
rst_i,u13_occ0_r_reg\[18\]/SETN,net,pin
rst_i,u13_occ0_r_reg\[17\]/SETN,net,pin
rst_i,u13_occ0_r_reg\[16\]/SETN,net,pin
rst_i,u13_occ0_r_reg\[15\]/SETN,net,pin
rst_i,u13_occ0_r_reg\[14\]/SETN,net,pin
rst_i,u13_occ0_r_reg\[13\]/SETN,net,pin
rst_i,u13_occ0_r_reg\[12\]/SETN,net,pin
rst_i,u13_occ0_r_reg\[11\]/SETN,net,pin
rst_i,u13_occ0_r_reg\[10\]/SETN,net,pin
rst_i,u13_occ0_r_reg\[0\]/SETN,net,pin
rst_i,u13_ints_r_reg\[9\]/SETN,net,pin
rst_i,u13_ints_r_reg\[8\]/SETN,net,pin
rst_i,u13_ints_r_reg\[7\]/SETN,net,pin
rst_i,u13_ints_r_reg\[6\]/SETN,net,pin
rst_i,u13_ints_r_reg\[5\]/SETN,net,pin
rst_i,u13_ints_r_reg\[4\]/SETN,net,pin
rst_i,u13_ints_r_reg\[3\]/SETN,net,pin
rst_i,u13_ints_r_reg\[2\]/SETN,net,pin
rst_i,u13_ints_r_reg\[28\]/SETN,net,pin
rst_i,u13_ints_r_reg\[27\]/SETN,net,pin
rst_i,u13_ints_r_reg\[26\]/SETN,net,pin
rst_i,u13_ints_r_reg\[25\]/SETN,net,pin
rst_i,u13_ints_r_reg\[24\]/SETN,net,pin
rst_i,u13_ints_r_reg\[23\]/SETN,net,pin
rst_i,u13_ints_r_reg\[22\]/SETN,net,pin
rst_i,u13_ints_r_reg\[21\]/SETN,net,pin
rst_i,u13_ints_r_reg\[20\]/SETN,net,pin
rst_i,u13_ints_r_reg\[1\]/SETN,net,pin
rst_i,u13_ints_r_reg\[19\]/SETN,net,pin
rst_i,u13_ints_r_reg\[18\]/SETN,net,pin
rst_i,u13_ints_r_reg\[17\]/SETN,net,pin
rst_i,u13_ints_r_reg\[16\]/SETN,net,pin
rst_i,u13_ints_r_reg\[15\]/SETN,net,pin
rst_i,u13_ints_r_reg\[14\]/SETN,net,pin
rst_i,u13_ints_r_reg\[13\]/SETN,net,pin
rst_i,u13_ints_r_reg\[12\]/SETN,net,pin
rst_i,u13_ints_r_reg\[11\]/SETN,net,pin
rst_i,u13_ints_r_reg\[10\]/SETN,net,pin
rst_i,u13_ints_r_reg\[0\]/SETN,net,pin
rst_i,u13_intm_r_reg\[9\]/SETN,net,pin
rst_i,u13_intm_r_reg\[8\]/SETN,net,pin
rst_i,u13_intm_r_reg\[7\]/SETN,net,pin
rst_i,u13_intm_r_reg\[6\]/SETN,net,pin
rst_i,u13_intm_r_reg\[5\]/SETN,net,pin
rst_i,u13_intm_r_reg\[4\]/SETN,net,pin
rst_i,u13_intm_r_reg\[3\]/SETN,net,pin
rst_i,u13_intm_r_reg\[2\]/SETN,net,pin
rst_i,u13_intm_r_reg\[28\]/SETN,net,pin
rst_i,u13_intm_r_reg\[27\]/SETN,net,pin
rst_i,u13_intm_r_reg\[26\]/SETN,net,pin
rst_i,u13_intm_r_reg\[25\]/SETN,net,pin
rst_i,u13_intm_r_reg\[24\]/SETN,net,pin
rst_i,u13_intm_r_reg\[23\]/SETN,net,pin
rst_i,u13_intm_r_reg\[22\]/SETN,net,pin
rst_i,u13_intm_r_reg\[21\]/SETN,net,pin
rst_i,u13_intm_r_reg\[20\]/SETN,net,pin
rst_i,u13_intm_r_reg\[1\]/SETN,net,pin
rst_i,u13_intm_r_reg\[19\]/SETN,net,pin
rst_i,u13_intm_r_reg\[18\]/SETN,net,pin
rst_i,u13_intm_r_reg\[17\]/SETN,net,pin
rst_i,u13_intm_r_reg\[16\]/SETN,net,pin
rst_i,u13_intm_r_reg\[15\]/SETN,net,pin
rst_i,u13_intm_r_reg\[14\]/SETN,net,pin
rst_i,u13_intm_r_reg\[13\]/SETN,net,pin
rst_i,u13_intm_r_reg\[12\]/SETN,net,pin
rst_i,u13_intm_r_reg\[11\]/SETN,net,pin
rst_i,u13_intm_r_reg\[10\]/SETN,net,pin
rst_i,u13_intm_r_reg\[0\]/SETN,net,pin
rst_i,u13_icc_r_reg\[9\]/SETN,net,pin
rst_i,u13_icc_r_reg\[8\]/SETN,net,pin
rst_i,u13_icc_r_reg\[7\]/SETN,net,pin
rst_i,u13_icc_r_reg\[6\]/SETN,net,pin
rst_i,u13_icc_r_reg\[5\]/SETN,net,pin
rst_i,u13_icc_r_reg\[4\]/SETN,net,pin
rst_i,u13_icc_r_reg\[3\]/SETN,net,pin
rst_i,u13_icc_r_reg\[2\]/SETN,net,pin
rst_i,u13_icc_r_reg\[23\]/SETN,net,pin
rst_i,u13_icc_r_reg\[22\]/SETN,net,pin
rst_i,u13_icc_r_reg\[21\]/SETN,net,pin
rst_i,u13_icc_r_reg\[20\]/SETN,net,pin
rst_i,u13_icc_r_reg\[1\]/SETN,net,pin
rst_i,u13_icc_r_reg\[19\]/SETN,net,pin
rst_i,u13_icc_r_reg\[18\]/SETN,net,pin
rst_i,u13_icc_r_reg\[17\]/SETN,net,pin
rst_i,u13_icc_r_reg\[16\]/SETN,net,pin
rst_i,u13_icc_r_reg\[15\]/SETN,net,pin
rst_i,u13_icc_r_reg\[14\]/SETN,net,pin
rst_i,u13_icc_r_reg\[13\]/SETN,net,pin
rst_i,u13_icc_r_reg\[12\]/SETN,net,pin
rst_i,u13_icc_r_reg\[11\]/SETN,net,pin
rst_i,u13_icc_r_reg\[10\]/SETN,net,pin
rst_i,u13_icc_r_reg\[0\]/SETN,net,pin
rst_i,u13_crac_r_reg\[7\]/SETN,net,pin
rst_i,u13_crac_r_reg\[6\]/SETN,net,pin
rst_i,u13_crac_r_reg\[5\]/SETN,net,pin
rst_i,u13_crac_r_reg\[4\]/SETN,net,pin
rst_i,u13_crac_r_reg\[3\]/SETN,net,pin
rst_i,u13_crac_r_reg\[2\]/SETN,net,pin
rst_i,u13_crac_r_reg\[1\]/SETN,net,pin
rst_i,u13_crac_r_reg\[0\]/SETN,net,pin
rst_i,rst_i,port,net
sdata_pad_i,g160064/A,net,pin
sdata_pad_i,sdata_pad_i,port,net
drc_bufs164556/Y,sdata_pad_o,pin,net
sdata_pad_o,sdata_pad_o,net,port
drc_bufs164571/Y,suspended_o,pin,net
suspended_o,suspended_o,net,port
drc_bufs164466/Y,sync_pad_o,pin,net
sync_pad_o,sync_pad_o,net,port
drc_bufs164353/Y,wb_ack_o,pin,net
wb_ack_o,wb_ack_o,net,port
wb_addr_i[0],wb_addr_i[0],port,net
wb_addr_i[10],wb_addr_i[10],port,net
wb_addr_i[11],wb_addr_i[11],port,net
wb_addr_i[12],wb_addr_i[12],port,net
wb_addr_i[13],wb_addr_i[13],port,net
wb_addr_i[14],wb_addr_i[14],port,net
wb_addr_i[15],wb_addr_i[15],port,net
wb_addr_i[16],wb_addr_i[16],port,net
wb_addr_i[17],wb_addr_i[17],port,net
wb_addr_i[18],wb_addr_i[18],port,net
wb_addr_i[19],wb_addr_i[19],port,net
wb_addr_i[1],wb_addr_i[1],port,net
wb_addr_i[20],wb_addr_i[20],port,net
wb_addr_i[21],wb_addr_i[21],port,net
wb_addr_i[22],wb_addr_i[22],port,net
wb_addr_i[23],wb_addr_i[23],port,net
wb_addr_i[24],wb_addr_i[24],port,net
wb_addr_i[25],wb_addr_i[25],port,net
wb_addr_i[26],wb_addr_i[26],port,net
wb_addr_i[27],wb_addr_i[27],port,net
wb_addr_i[28],wb_addr_i[28],port,net
wb_addr_i[29],g173228/C,net,pin
wb_addr_i[29],wb_addr_i[29],port,net
wb_addr_i[2],g96/B,net,pin
wb_addr_i[2],g56/B,net,pin
wb_addr_i[2],g55/B,net,pin
wb_addr_i[2],g20/B,net,pin
wb_addr_i[2],g184873/C,net,pin
wb_addr_i[2],g175436/A,net,pin
wb_addr_i[2],g170220/B,net,pin
wb_addr_i[2],g166481/C,net,pin
wb_addr_i[2],g166192/B,net,pin
wb_addr_i[2],g165213/D,net,pin
wb_addr_i[2],g164339/C,net,pin
wb_addr_i[2],g164332/A,net,pin
wb_addr_i[2],g164330/A,net,pin
wb_addr_i[2],g164328/A,net,pin
wb_addr_i[2],g164320/A,net,pin
wb_addr_i[2],g163703_dup/B,net,pin
wb_addr_i[2],wb_addr_i[2],port,net
wb_addr_i[30],g173228/A,net,pin
wb_addr_i[30],wb_addr_i[30],port,net
wb_addr_i[31],g173228/B,net,pin
wb_addr_i[31],wb_addr_i[31],port,net
wb_addr_i[3],g56/A,net,pin
wb_addr_i[3],g55/A,net,pin
wb_addr_i[3],g20/C,net,pin
wb_addr_i[3],g182605/B,net,pin
wb_addr_i[3],g176228/D,net,pin
wb_addr_i[3],g175437/A,net,pin
wb_addr_i[3],g166608/A,net,pin
wb_addr_i[3],g166481/B,net,pin
wb_addr_i[3],g166192/A,net,pin
wb_addr_i[3],g164340/A,net,pin
wb_addr_i[3],g164337/C,net,pin
wb_addr_i[3],g164334/B,net,pin
wb_addr_i[3],g164327/B,net,pin
wb_addr_i[3],g164289/A,net,pin
wb_addr_i[3],g16/A,net,pin
wb_addr_i[3],wb_addr_i[3],port,net
wb_addr_i[4],g96/A,net,pin
wb_addr_i[4],g24/A,net,pin
wb_addr_i[4],g184873/B,net,pin
wb_addr_i[4],g182605/C,net,pin
wb_addr_i[4],g181983/B,net,pin
wb_addr_i[4],g176228/C,net,pin
wb_addr_i[4],g170220/A,net,pin
wb_addr_i[4],g164339/B,net,pin
wb_addr_i[4],g164334/C,net,pin
wb_addr_i[4],g164327/C,net,pin
wb_addr_i[4],g164320/B,net,pin
wb_addr_i[4],g164296/A,net,pin
wb_addr_i[4],g164288/A,net,pin
wb_addr_i[4],g164284_dup/B,net,pin
wb_addr_i[4],g164274/A,net,pin
wb_addr_i[4],g164251/A,net,pin
wb_addr_i[4],g163703_dup/A,net,pin
wb_addr_i[4],wb_addr_i[4],port,net
wb_addr_i[5],g78/B,net,pin
wb_addr_i[5],g164352/A,net,pin
wb_addr_i[5],g164350/A,net,pin
wb_addr_i[5],g164337/B,net,pin
wb_addr_i[5],g164336/A,net,pin
wb_addr_i[5],g164280/A,net,pin
wb_addr_i[5],g159185_dup163779/A,net,pin
wb_addr_i[5],g158015/C,net,pin
wb_addr_i[5],wb_addr_i[5],port,net
wb_addr_i[6],g78/A,net,pin
wb_addr_i[6],g164335/A,net,pin
wb_addr_i[6],g158015/D,net,pin
wb_addr_i[6],fopt163741_dup/A,net,pin
wb_addr_i[6],wb_addr_i[6],port,net
wb_addr_i[7],wb_addr_i[7],port,net
wb_addr_i[8],wb_addr_i[8],port,net
wb_addr_i[9],wb_addr_i[9],port,net
wb_cyc_i,g173227/C,net,pin
wb_cyc_i,g160097/A,net,pin
wb_cyc_i,wb_cyc_i,port,net
wb_data_i[0],g160060/A,net,pin
wb_data_i[0],wb_data_i[0],port,net
wb_data_i[10],g213223/A,net,pin
wb_data_i[10],wb_data_i[10],port,net
wb_data_i[11],g185/A,net,pin
wb_data_i[11],wb_data_i[11],port,net
wb_data_i[12],g167/A,net,pin
wb_data_i[12],wb_data_i[12],port,net
wb_data_i[13],g213204/A,net,pin
wb_data_i[13],wb_data_i[13],port,net
wb_data_i[14],g170/A,net,pin
wb_data_i[14],wb_data_i[14],port,net
wb_data_i[15],g177/A,net,pin
wb_data_i[15],wb_data_i[15],port,net
wb_data_i[16],g160/A,net,pin
wb_data_i[16],wb_data_i[16],port,net
wb_data_i[17],g161/A,net,pin
wb_data_i[17],wb_data_i[17],port,net
wb_data_i[18],g181/A,net,pin
wb_data_i[18],wb_data_i[18],port,net
wb_data_i[19],g213180/A,net,pin
wb_data_i[19],wb_data_i[19],port,net
wb_data_i[1],g160063/A,net,pin
wb_data_i[1],wb_data_i[1],port,net
wb_data_i[20],g213275/A,net,pin
wb_data_i[20],wb_data_i[20],port,net
wb_data_i[21],g169/A,net,pin
wb_data_i[21],wb_data_i[21],port,net
wb_data_i[22],g213188/A,net,pin
wb_data_i[22],wb_data_i[22],port,net
wb_data_i[23],g213177/A,net,pin
wb_data_i[23],wb_data_i[23],port,net
wb_data_i[24],g184/A,net,pin
wb_data_i[24],wb_data_i[24],port,net
wb_data_i[25],g213170/A,net,pin
wb_data_i[25],wb_data_i[25],port,net
wb_data_i[26],g168/A,net,pin
wb_data_i[26],wb_data_i[26],port,net
wb_data_i[27],g186/A,net,pin
wb_data_i[27],wb_data_i[27],port,net
wb_data_i[28],g180/A,net,pin
wb_data_i[28],wb_data_i[28],port,net
wb_data_i[29],g160061/A,net,pin
wb_data_i[29],wb_data_i[29],port,net
wb_data_i[2],g183/A,net,pin
wb_data_i[2],wb_data_i[2],port,net
wb_data_i[30],g160062/A,net,pin
wb_data_i[30],wb_data_i[30],port,net
wb_data_i[31],g171/A,net,pin
wb_data_i[31],wb_data_i[31],port,net
wb_data_i[3],g213214/A,net,pin
wb_data_i[3],wb_data_i[3],port,net
wb_data_i[4],g213237/A,net,pin
wb_data_i[4],wb_data_i[4],port,net
wb_data_i[5],g213210/A,net,pin
wb_data_i[5],wb_data_i[5],port,net
wb_data_i[6],g213254/A,net,pin
wb_data_i[6],wb_data_i[6],port,net
wb_data_i[7],g182/A,net,pin
wb_data_i[7],wb_data_i[7],port,net
wb_data_i[8],g164/A,net,pin
wb_data_i[8],wb_data_i[8],port,net
wb_data_i[9],g166/A,net,pin
wb_data_i[9],wb_data_i[9],port,net
drc_bufs164502/Y,wb_data_o[0],pin,net
wb_data_o[0],wb_data_o[0],net,port
drc_bufs164499/Y,wb_data_o[10],pin,net
wb_data_o[10],wb_data_o[10],net,port
drc_bufs164514/Y,wb_data_o[11],pin,net
wb_data_o[11],wb_data_o[11],net,port
drc_bufs164505/Y,wb_data_o[12],pin,net
wb_data_o[12],wb_data_o[12],net,port
drc_bufs164508/Y,wb_data_o[13],pin,net
wb_data_o[13],wb_data_o[13],net,port
drc_bufs164487/Y,wb_data_o[14],pin,net
wb_data_o[14],wb_data_o[14],net,port
drc_bufs164511/Y,wb_data_o[15],pin,net
wb_data_o[15],wb_data_o[15],net,port
drc_bufs164562/Y,wb_data_o[16],pin,net
wb_data_o[16],wb_data_o[16],net,port
drc_bufs164469/Y,wb_data_o[17],pin,net
wb_data_o[17],wb_data_o[17],net,port
drc_bufs164496/Y,wb_data_o[18],pin,net
wb_data_o[18],wb_data_o[18],net,port
drc_bufs164472/Y,wb_data_o[19],pin,net
wb_data_o[19],wb_data_o[19],net,port
drc_bufs164481/Y,wb_data_o[1],pin,net
wb_data_o[1],wb_data_o[1],net,port
drc_bufs164565/Y,wb_data_o[20],pin,net
wb_data_o[20],wb_data_o[20],net,port
drc_bufs164541/Y,wb_data_o[21],pin,net
wb_data_o[21],wb_data_o[21],net,port
drc_bufs164544/Y,wb_data_o[22],pin,net
wb_data_o[22],wb_data_o[22],net,port
drc_bufs164517/Y,wb_data_o[23],pin,net
wb_data_o[23],wb_data_o[23],net,port
drc_bufs164526/Y,wb_data_o[24],pin,net
wb_data_o[24],wb_data_o[24],net,port
drc_bufs164550/Y,wb_data_o[25],pin,net
wb_data_o[25],wb_data_o[25],net,port
drc_bufs164589/Y,wb_data_o[26],pin,net
wb_data_o[26],wb_data_o[26],net,port
drc_bufs164553/Y,wb_data_o[27],pin,net
wb_data_o[27],wb_data_o[27],net,port
drc_bufs164595/Y,wb_data_o[28],pin,net
wb_data_o[28],wb_data_o[28],net,port
drc_bufs164559/Y,wb_data_o[29],pin,net
wb_data_o[29],wb_data_o[29],net,port
drc_bufs164484/Y,wb_data_o[2],pin,net
wb_data_o[2],wb_data_o[2],net,port
drc_bufs164538/Y,wb_data_o[30],pin,net
wb_data_o[30],wb_data_o[30],net,port
drc_bufs164478/Y,wb_data_o[31],pin,net
wb_data_o[31],wb_data_o[31],net,port
drc_bufs164529/Y,wb_data_o[3],pin,net
wb_data_o[3],wb_data_o[3],net,port
drc_bufs164523/Y,wb_data_o[4],pin,net
wb_data_o[4],wb_data_o[4],net,port
drc_bufs164475/Y,wb_data_o[5],pin,net
wb_data_o[5],wb_data_o[5],net,port
drc_bufs164493/Y,wb_data_o[6],pin,net
wb_data_o[6],wb_data_o[6],net,port
drc_bufs164520/Y,wb_data_o[7],pin,net
wb_data_o[7],wb_data_o[7],net,port
drc_bufs164490/Y,wb_data_o[8],pin,net
wb_data_o[8],wb_data_o[8],net,port
drc_bufs164532/Y,wb_data_o[9],pin,net
wb_data_o[9],wb_data_o[9],net,port
wb_sel_i[0],wb_sel_i[0],port,net
wb_sel_i[1],wb_sel_i[1],port,net
wb_sel_i[2],wb_sel_i[2],port,net
wb_sel_i[3],wb_sel_i[3],port,net
wb_stb_i,g173227/A,net,pin
wb_stb_i,g160098/A,net,pin
wb_stb_i,wb_stb_i,port,net
wb_we_i,g179537/C,net,pin
wb_we_i,g173227/B,net,pin
wb_we_i,wb_we_i,port,net
u13_ac97_rst_force_reg/QN,ac97_rst_force,pin,net
ac97_rst_force,g221873/A,net,pin
ac97_rst_force,g178214/A,net,pin
ac97_rst_force,g175813/D,net,pin
ac97_rst_force,g175811/C,net,pin
u15_crac_din_reg\[0\]/QN,crac_din[0],pin,net
crac_din[0],g193561/A1,net,pin
crac_din[0],g159414/A,net,pin
u15_crac_din_reg\[10\]/QN,crac_din[10],pin,net
crac_din[10],g193568/A1,net,pin
crac_din[10],g169948/A,net,pin
u15_crac_din_reg\[11\]/QN,crac_din[11],pin,net
crac_din[11],g193564/A1,net,pin
crac_din[11],g159381/A,net,pin
u15_crac_din_reg\[12\]/QN,crac_din[12],pin,net
crac_din[12],g193555/A1,net,pin
crac_din[12],g159403/A,net,pin
u15_crac_din_reg\[13\]/QN,crac_din[13],pin,net
crac_din[13],g193559/A1,net,pin
crac_din[13],g159392/A,net,pin
u15_crac_din_reg\[14\]/QN,crac_din[14],pin,net
crac_din[14],g193556/A1,net,pin
crac_din[14],g169953/B,net,pin
u15_crac_din_reg\[15\]/QN,crac_din[15],pin,net
crac_din[15],g193562/A1,net,pin
crac_din[15],g159413/A,net,pin
u15_crac_din_reg\[1\]/QN,crac_din[1],pin,net
crac_din[1],g193563/A1,net,pin
crac_din[1],g159411/A,net,pin
u15_crac_din_reg\[2\]/QN,crac_din[2],pin,net
crac_din[2],g193569/A1,net,pin
crac_din[2],g159401/A,net,pin
u15_crac_din_reg\[3\]/QN,crac_din[3],pin,net
crac_din[3],g193565/A1,net,pin
crac_din[3],g159384/A,net,pin
u15_crac_din_reg\[4\]/QN,crac_din[4],pin,net
crac_din[4],g193567/A1,net,pin
crac_din[4],g159385/A,net,pin
u15_crac_din_reg\[5\]/QN,crac_din[5],pin,net
crac_din[5],g193557/A1,net,pin
crac_din[5],g181770/A,net,pin
u15_crac_din_reg\[6\]/QN,crac_din[6],pin,net
crac_din[6],g193552/A1,net,pin
crac_din[6],g159383/A,net,pin
u15_crac_din_reg\[7\]/QN,crac_din[7],pin,net
crac_din[7],g193558/A1,net,pin
crac_din[7],g159396/A,net,pin
u15_crac_din_reg\[8\]/QN,crac_din[8],pin,net
crac_din[8],g193554/A1,net,pin
crac_din[8],g159376/A,net,pin
u15_crac_din_reg\[9\]/QN,crac_din[9],pin,net
crac_din[9],g193570/A1,net,pin
crac_din[9],g169958/A,net,pin
u13_crac_dout_r_reg\[0\]/QN,crac_out[0],pin,net
crac_out[0],g176743/A1,net,pin
crac_out[0],g152528__2346/B1,net,pin
u13_crac_dout_r_reg\[10\]/QN,crac_out[10],pin,net
crac_out[10],g213854/A1,net,pin
crac_out[10],g152508__7098/B1,net,pin
u13_crac_dout_r_reg\[11\]/QN,crac_out[11],pin,net
crac_out[11],g172169/A1,net,pin
crac_out[11],g152506__8246/B1,net,pin
u13_crac_dout_r_reg\[12\]/QN,crac_out[12],pin,net
crac_out[12],g82/A1,net,pin
crac_out[12],g152504__5122/B1,net,pin
u13_crac_dout_r_reg\[13\]/QN,crac_out[13],pin,net
crac_out[13],g172175/A1,net,pin
crac_out[13],g152502__1705/B1,net,pin
u13_crac_dout_r_reg\[14\]/QN,crac_out[14],pin,net
crac_out[14],g172128/A1,net,pin
crac_out[14],g152500__2802/B1,net,pin
u13_crac_dout_r_reg\[15\]/QN,crac_out[15],pin,net
crac_out[15],g172136/A1,net,pin
crac_out[15],g152498__1617/B1,net,pin
u13_crac_r_reg\[0\]/QN,crac_out[16],pin,net
crac_out[16],g171495/A1,net,pin
crac_out[16],g163689/A2,net,pin
crac_out[16],g152472__2346/B1,net,pin
u13_crac_r_reg\[1\]/QN,crac_out[17],pin,net
crac_out[17],g159501/A,net,pin
crac_out[17],g152470__2883/B1,net,pin
u13_crac_r_reg\[2\]/QN,crac_out[18],pin,net
crac_out[18],g196639/A1,net,pin
crac_out[18],g159475/A,net,pin
crac_out[18],g152468__9945/B1,net,pin
u13_crac_r_reg\[3\]/QN,crac_out[19],pin,net
crac_out[19],g171504/A1,net,pin
crac_out[19],g159453/A,net,pin
crac_out[19],g152466__9315/B1,net,pin
u13_crac_dout_r_reg\[1\]/QN,crac_out[1],pin,net
crac_out[1],g172114/A1,net,pin
crac_out[1],g152526__2883/B1,net,pin
u13_crac_r_reg\[4\]/QN,crac_out[20],pin,net
crac_out[20],g171473/A1,net,pin
crac_out[20],g163204/A1,net,pin
crac_out[20],g152464__6161/B1,net,pin
u13_crac_r_reg\[5\]/QN,crac_out[21],pin,net
crac_out[21],g210439/A1,net,pin
crac_out[21],g164286/B2,net,pin
crac_out[21],g152462__4733/B1,net,pin
u13_crac_r_reg\[6\]/QN,crac_out[22],pin,net
crac_out[22],g213833/A1,net,pin
crac_out[22],g163310/A1,net,pin
crac_out[22],g152460__7482/B1,net,pin
u13_crac_dout_r_reg\[2\]/QN,crac_out[2],pin,net
crac_out[2],g172126/A1,net,pin
crac_out[2],g152524__9945/B1,net,pin
u13_crac_r_reg\[7\]/QN,crac_out[31],pin,net
crac_out[31],g175582/A,net,pin
crac_out[31],g171492/A1,net,pin
crac_out[31],g158039/A1,net,pin
crac_out[31],g156687/B,net,pin
crac_out[31],g152458__5115/B1,net,pin
u13_crac_dout_r_reg\[3\]/QN,crac_out[3],pin,net
crac_out[3],g172155/A1,net,pin
crac_out[3],g152522__9315/B1,net,pin
u13_crac_dout_r_reg\[4\]/QN,crac_out[4],pin,net
crac_out[4],g215497/A1,net,pin
crac_out[4],g152520__6161/B1,net,pin
u13_crac_dout_r_reg\[5\]/QN,crac_out[5],pin,net
crac_out[5],g172159/A1,net,pin
crac_out[5],g152518__4733/B1,net,pin
u13_crac_dout_r_reg\[6\]/QN,crac_out[6],pin,net
crac_out[6],g85/A1,net,pin
crac_out[6],g152516__7482/B1,net,pin
u13_crac_dout_r_reg\[7\]/QN,crac_out[7],pin,net
crac_out[7],g181508/A1,net,pin
crac_out[7],g152514__5115/B1,net,pin
u13_crac_dout_r_reg\[8\]/QN,crac_out[8],pin,net
crac_out[8],g172124/A1,net,pin
crac_out[8],g152512__1881/B1,net,pin
u13_crac_dout_r_reg\[9\]/QN,crac_out[9],pin,net
crac_out[9],g172157/A1,net,pin
crac_out[9],g152510__6131/B1,net,pin
u15_crac_rd_done_reg/Q,crac_rd_done,pin,net
crac_rd_done,g193570/B2,net,pin
crac_rd_done,g193569/B2,net,pin
crac_rd_done,g193568/B2,net,pin
crac_rd_done,g193567/B2,net,pin
crac_rd_done,g193565/B2,net,pin
crac_rd_done,g193564/B2,net,pin
crac_rd_done,g193563/B1,net,pin
crac_rd_done,g193562/B2,net,pin
crac_rd_done,g193561/B2,net,pin
crac_rd_done,g193560/A,net,pin
crac_rd_done,g193559/B2,net,pin
crac_rd_done,g193558/A2,net,pin
crac_rd_done,g193557/B2,net,pin
crac_rd_done,g193556/B2,net,pin
crac_rd_done,g193555/B2,net,pin
crac_rd_done,g193554/B2,net,pin
crac_rd_done,g193553/A,net,pin
crac_rd_done,g193552/B2,net,pin
crac_rd_done,g169477/B,net,pin
crac_rd_done,g159011/A2,net,pin
u15_crac_wr_reg/QN,crac_wr,pin,net
crac_wr,g188085/B2,net,pin
crac_wr,g159575/A,net,pin
crac_wr,g159295/A,net,pin
crac_wr,g154123__175580/A2,net,pin
u9_dout_reg\[0\]/Q,i3_dout[0],pin,net
i3_dout[0],g163757/B1,net,pin
u9_dout_reg\[10\]/Q,i3_dout[10],pin,net
i3_dout[10],g170001/B1,net,pin
u9_dout_reg\[11\]/Q,i3_dout[11],pin,net
i3_dout[11],g176679/A,net,pin
u9_dout_reg\[12\]/Q,i3_dout[12],pin,net
i3_dout[12],g163764/B1,net,pin
u9_dout_reg\[13\]/Q,i3_dout[13],pin,net
i3_dout[13],g451/A2,net,pin
u9_dout_reg\[14\]/Q,i3_dout[14],pin,net
i3_dout[14],g163765/B1,net,pin
u9_dout_reg\[15\]/Q,i3_dout[15],pin,net
i3_dout[15],g202337/B1,net,pin
u9_dout_reg\[16\]/Q,i3_dout[16],pin,net
i3_dout[16],g213145/A,net,pin
u9_dout_reg\[17\]/Q,i3_dout[17],pin,net
i3_dout[17],g163752/B1,net,pin
u9_dout_reg\[18\]/Q,i3_dout[18],pin,net
i3_dout[18],g487/C1,net,pin
u9_dout_reg\[19\]/Q,i3_dout[19],pin,net
i3_dout[19],g434/B1,net,pin
u9_dout_reg\[1\]/Q,i3_dout[1],pin,net
i3_dout[1],g163774/A2,net,pin
u9_dout_reg\[20\]/Q,i3_dout[20],pin,net
i3_dout[20],g157331/A,net,pin
u9_dout_reg\[21\]/Q,i3_dout[21],pin,net
i3_dout[21],g157332/A,net,pin
u9_dout_reg\[22\]/Q,i3_dout[22],pin,net
i3_dout[22],g157333/A,net,pin
u9_dout_reg\[23\]/Q,i3_dout[23],pin,net
i3_dout[23],g163771/A,net,pin
u9_dout_reg\[24\]/Q,i3_dout[24],pin,net
i3_dout[24],g163768/A2,net,pin
u9_dout_reg\[25\]/Q,i3_dout[25],pin,net
i3_dout[25],g157334/A,net,pin
u9_dout_reg\[26\]/Q,i3_dout[26],pin,net
i3_dout[26],g157335/A,net,pin
u9_dout_reg\[27\]/Q,i3_dout[27],pin,net
i3_dout[27],g116/A,net,pin
u9_dout_reg\[28\]/Q,i3_dout[28],pin,net
i3_dout[28],g157337/A,net,pin
u9_dout_reg\[29\]/Q,i3_dout[29],pin,net
i3_dout[29],g163776/A2,net,pin
u9_dout_reg\[2\]/Q,i3_dout[2],pin,net
i3_dout[2],g163758/B1,net,pin
u9_dout_reg\[30\]/Q,i3_dout[30],pin,net
i3_dout[30],g163775/A2,net,pin
u9_dout_reg\[31\]/Q,i3_dout[31],pin,net
i3_dout[31],g163767/B,net,pin
u9_dout_reg\[3\]/Q,i3_dout[3],pin,net
i3_dout[3],g112/B,net,pin
u9_dout_reg\[4\]/Q,i3_dout[4],pin,net
i3_dout[4],g163759/B1,net,pin
u9_dout_reg\[5\]/Q,i3_dout[5],pin,net
i3_dout[5],g429/A2,net,pin
u9_dout_reg\[6\]/Q,i3_dout[6],pin,net
i3_dout[6],g163754/B1,net,pin
u9_dout_reg\[7\]/Q,i3_dout[7],pin,net
i3_dout[7],g163756/B1,net,pin
u9_dout_reg\[8\]/Q,i3_dout[8],pin,net
i3_dout[8],g174/A2,net,pin
u9_dout_reg\[9\]/Q,i3_dout[9],pin,net
i3_dout[9],g163762/B1,net,pin
u9_empty_reg/QN,i3_empty,pin,net
i3_empty,g156715/A2,net,pin
u9_full_reg/QN,i3_full,pin,net
i3_full,g157343/A,net,pin
u12_i3_re_reg/QN,i3_re,pin,net
i3_re,g168964/B,net,pin
i3_re,g167058/A3,net,pin
i3_re,g157293/C,net,pin
i3_re,g157280/B,net,pin
i3_re,g156715/A1,net,pin
i3_re,g156701/A1,net,pin
u9_status_reg\[0\]/QN,i3_status[0],pin,net
i3_status[0],g157067/A2,net,pin
i3_status[0],g156993/A2,net,pin
u9_status_reg\[1\]/QN,i3_status[1],pin,net
i3_status[1],g157067/B,net,pin
i3_status[1],g156993/A3,net,pin
u10_dout_reg\[0\]/Q,i4_dout[0],pin,net
i4_dout[0],g156983/B1,net,pin
u10_dout_reg\[10\]/Q,i4_dout[10],pin,net
i4_dout[10],g170002/B1,net,pin
u10_dout_reg\[11\]/Q,i4_dout[11],pin,net
i4_dout[11],g163706/B1,net,pin
u10_dout_reg\[12\]/Q,i4_dout[12],pin,net
i4_dout[12],g156982/B1,net,pin
u10_dout_reg\[13\]/Q,i4_dout[13],pin,net
i4_dout[13],g606/B2,net,pin
u10_dout_reg\[14\]/Q,i4_dout[14],pin,net
i4_dout[14],g198086/B1,net,pin
u10_dout_reg\[15\]/Q,i4_dout[15],pin,net
i4_dout[15],g202338/B1,net,pin
u10_dout_reg\[16\]/Q,i4_dout[16],pin,net
i4_dout[16],g200638/A1,net,pin
u10_dout_reg\[17\]/Q,i4_dout[17],pin,net
i4_dout[17],g157221/A,net,pin
u10_dout_reg\[18\]/Q,i4_dout[18],pin,net
i4_dout[18],g487/A2,net,pin
u10_dout_reg\[19\]/Q,i4_dout[19],pin,net
i4_dout[19],g434/A2,net,pin
u10_dout_reg\[1\]/Q,i4_dout[1],pin,net
i4_dout[1],g157220/A,net,pin
u10_dout_reg\[20\]/Q,i4_dout[20],pin,net
i4_dout[20],g157215/B,net,pin
u10_dout_reg\[21\]/Q,i4_dout[21],pin,net
i4_dout[21],g157214/A,net,pin
u10_dout_reg\[22\]/Q,i4_dout[22],pin,net
i4_dout[22],g157212/A,net,pin
u10_dout_reg\[23\]/QN,i4_dout[23],pin,net
i4_dout[23],g157338/A,net,pin
u10_dout_reg\[24\]/Q,i4_dout[24],pin,net
i4_dout[24],g163768/B2,net,pin
u10_dout_reg\[25\]/Q,i4_dout[25],pin,net
i4_dout[25],g157275/B,net,pin
u10_dout_reg\[26\]/Q,i4_dout[26],pin,net
i4_dout[26],g157270/B,net,pin
u10_dout_reg\[27\]/Q,i4_dout[27],pin,net
i4_dout[27],g157223/B,net,pin
u10_dout_reg\[28\]/Q,i4_dout[28],pin,net
i4_dout[28],g157224/B,net,pin
u10_dout_reg\[29\]/Q,i4_dout[29],pin,net
i4_dout[29],g163776/B2,net,pin
u10_dout_reg\[2\]/Q,i4_dout[2],pin,net
i4_dout[2],g156981/B1,net,pin
u10_dout_reg\[30\]/Q,i4_dout[30],pin,net
i4_dout[30],g163775/B2,net,pin
u10_dout_reg\[31\]/Q,i4_dout[31],pin,net
i4_dout[31],g157073/B2,net,pin
u10_dout_reg\[3\]/Q,i4_dout[3],pin,net
i4_dout[3],g110/A2,net,pin
u10_dout_reg\[4\]/Q,i4_dout[4],pin,net
i4_dout[4],g156986/B1,net,pin
u10_dout_reg\[5\]/Q,i4_dout[5],pin,net
i4_dout[5],g181767/B2,net,pin
u10_dout_reg\[6\]/Q,i4_dout[6],pin,net
i4_dout[6],g171441/A1,net,pin
u10_dout_reg\[7\]/Q,i4_dout[7],pin,net
i4_dout[7],g156984/B1,net,pin
u10_dout_reg\[8\]/Q,i4_dout[8],pin,net
i4_dout[8],g171437/A1,net,pin
u10_dout_reg\[9\]/Q,i4_dout[9],pin,net
i4_dout[9],g172003/B2,net,pin
u10_empty_reg/QN,i4_empty,pin,net
i4_empty,g156713/A2,net,pin
u10_full_reg/QN,i4_full,pin,net
i4_full,g157349/A,net,pin
u12_i4_re_reg/QN,i4_re,pin,net
i4_re,g200646/A,net,pin
i4_re,g197827/A2,net,pin
i4_re,g175269/B,net,pin
i4_re,g175268/A1,net,pin
i4_re,g172269/C,net,pin
i4_re,g169866/C,net,pin
i4_re,g156713/A1,net,pin
u10_status_reg\[0\]/QN,i4_status[0],pin,net
i4_status[0],g267/A3,net,pin
i4_status[0],g266/A1,net,pin
u10_status_reg\[1\]/QN,i4_status[1],pin,net
i4_status[1],g267/A2,net,pin
i4_status[1],g266/B,net,pin
u11_dout_reg\[0\]/Q,i6_dout[0],pin,net
i6_dout[0],g163757/A1,net,pin
u11_dout_reg\[10\]/Q,i6_dout[10],pin,net
i6_dout[10],g170001/A1,net,pin
u11_dout_reg\[11\]/Q,i6_dout[11],pin,net
i6_dout[11],g163706/A1,net,pin
u11_dout_reg\[12\]/Q,i6_dout[12],pin,net
i6_dout[12],g163764/A1,net,pin
u11_dout_reg\[13\]/Q,i6_dout[13],pin,net
i6_dout[13],g451/B2,net,pin
u11_dout_reg\[14\]/Q,i6_dout[14],pin,net
i6_dout[14],g163765/A1,net,pin
u11_dout_reg\[15\]/Q,i6_dout[15],pin,net
i6_dout[15],g202337/A1,net,pin
u11_dout_reg\[16\]/Q,i6_dout[16],pin,net
i6_dout[16],g163727/A,net,pin
u11_dout_reg\[17\]/Q,i6_dout[17],pin,net
i6_dout[17],g163752/A1,net,pin
u11_dout_reg\[18\]/Q,i6_dout[18],pin,net
i6_dout[18],g487/B1,net,pin
u11_dout_reg\[19\]/Q,i6_dout[19],pin,net
i6_dout[19],g434/C1,net,pin
u11_dout_reg\[1\]/Q,i6_dout[1],pin,net
i6_dout[1],g92/B1,net,pin
u11_dout_reg\[20\]/Q,i6_dout[20],pin,net
i6_dout[20],g163729/A,net,pin
u11_dout_reg\[21\]/Q,i6_dout[21],pin,net
i6_dout[21],g163726/A,net,pin
u11_dout_reg\[22\]/Q,i6_dout[22],pin,net
i6_dout[22],g163724/A,net,pin
u11_dout_reg\[23\]/Q,i6_dout[23],pin,net
i6_dout[23],g163720/A1,net,pin
u11_dout_reg\[24\]/Q,i6_dout[24],pin,net
i6_dout[24],g166246/A2,net,pin
u11_dout_reg\[25\]/Q,i6_dout[25],pin,net
i6_dout[25],g163721/B,net,pin
u11_dout_reg\[26\]/Q,i6_dout[26],pin,net
i6_dout[26],g163725/A,net,pin
u11_dout_reg\[27\]/Q,i6_dout[27],pin,net
i6_dout[27],g163722/B,net,pin
u11_dout_reg\[28\]/Q,i6_dout[28],pin,net
i6_dout[28],g163728/A,net,pin
u11_dout_reg\[29\]/Q,i6_dout[29],pin,net
i6_dout[29],g157339/A,net,pin
u11_dout_reg\[2\]/Q,i6_dout[2],pin,net
i6_dout[2],g163758/A1,net,pin
u11_dout_reg\[30\]/Q,i6_dout[30],pin,net
i6_dout[30],g155/A,net,pin
u11_dout_reg\[31\]/Q,i6_dout[31],pin,net
i6_dout[31],g157073/A2,net,pin
u11_dout_reg\[3\]/Q,i6_dout[3],pin,net
i6_dout[3],g110/B1,net,pin
u11_dout_reg\[4\]/Q,i6_dout[4],pin,net
i6_dout[4],g163759/A1,net,pin
u11_dout_reg\[5\]/Q,i6_dout[5],pin,net
i6_dout[5],g429/B2,net,pin
u11_dout_reg\[6\]/Q,i6_dout[6],pin,net
i6_dout[6],g163754/A1,net,pin
u11_dout_reg\[7\]/Q,i6_dout[7],pin,net
i6_dout[7],g163756/A1,net,pin
u11_dout_reg\[8\]/Q,i6_dout[8],pin,net
i6_dout[8],g174/B2,net,pin
u11_dout_reg\[9\]/Q,i6_dout[9],pin,net
i6_dout[9],g163762/A1,net,pin
u11_empty_reg/QN,i6_empty,pin,net
i6_empty,g156714/A2,net,pin
u11_full_reg/QN,i6_full,pin,net
i6_full,g157347/A,net,pin
u12_i6_re_reg/QN,i6_re,pin,net
i6_re,g196701/B,net,pin
i6_re,g167023/A3,net,pin
i6_re,g157294/C,net,pin
i6_re,g157281/B,net,pin
i6_re,g156714/A1,net,pin
i6_re,g156703/A1,net,pin
u11_status_reg\[0\]/QN,i6_status[0],pin,net
i6_status[0],g157069/A2,net,pin
i6_status[0],g156995/A2,net,pin
u11_status_reg\[1\]/QN,i6_status[1],pin,net
i6_status[1],g157069/B,net,pin
i6_status[1],g156995/A3,net,pin
u13_icc_r_reg\[0\]/QN,ic0_cfg[0],pin,net
ic0_cfg[0],g60/A,net,pin
u13_icc_r_reg\[1\]/QN,ic0_cfg[1],pin,net
ic0_cfg[1],g180238/A,net,pin
ic0_cfg[1],g169254/B1,net,pin
u13_icc_r_reg\[2\]/QN,ic0_cfg[2],pin,net
ic0_cfg[2],g159909/A,net,pin
ic0_cfg[2],g159907/A,net,pin
u13_icc_r_reg\[3\]/QN,ic0_cfg[3],pin,net
ic0_cfg[3],g160028/A,net,pin
u13_icc_r_reg\[4\]/QN,ic0_cfg[4],pin,net
ic0_cfg[4],g159518/A,net,pin
ic0_cfg[4],g157067/A1,net,pin
ic0_cfg[4],g156993/A1,net,pin
u13_icc_r_reg\[5\]/QN,ic0_cfg[5],pin,net
ic0_cfg[5],g159444/A,net,pin
ic0_cfg[5],g157067/C,net,pin
u13_icc_r_reg\[6\]/QN,ic0_cfg[6],pin,net
ic0_cfg[6],g179851/A,net,pin
u23_int_set_reg\[0\]/QN,ic0_int_set[0],pin,net
ic0_int_set[0],g176238/A1,net,pin
u23_int_set_reg\[1\]/QN,ic0_int_set[1],pin,net
ic0_int_set[1],g176242/A2,net,pin
ic0_int_set[1],g156715/B,net,pin
u23_int_set_reg\[2\]/QN,ic0_int_set[2],pin,net
ic0_int_set[2],g176154/A2,net,pin
ic0_int_set[2],g172010/B,net,pin
u13_icc_r_reg\[8\]/QN,ic1_cfg[0],pin,net
ic1_cfg[0],g182896/A,net,pin
u13_icc_r_reg\[9\]/QN,ic1_cfg[1],pin,net
ic1_cfg[1],g159511/A,net,pin
u13_icc_r_reg\[10\]/QN,ic1_cfg[2],pin,net
ic1_cfg[2],g159918/A,net,pin
ic1_cfg[2],g159916/A,net,pin
u13_icc_r_reg\[11\]/QN,ic1_cfg[3],pin,net
ic1_cfg[3],g160019/A,net,pin
u13_icc_r_reg\[12\]/QN,ic1_cfg[4],pin,net
ic1_cfg[4],g267/A1,net,pin
ic1_cfg[4],g266/A2,net,pin
ic1_cfg[4],g159495/A,net,pin
u13_icc_r_reg\[13\]/QN,ic1_cfg[5],pin,net
ic1_cfg[5],g266/C,net,pin
ic1_cfg[5],g159466/A,net,pin
u13_icc_r_reg\[14\]/QN,ic1_cfg[6],pin,net
ic1_cfg[6],g178721/A,net,pin
u24_int_set_reg\[0\]/QN,ic1_int_set[0],pin,net
ic1_int_set[0],g176237/A1,net,pin
u24_int_set_reg\[1\]/QN,ic1_int_set[1],pin,net
ic1_int_set[1],g176166/A2,net,pin
ic1_int_set[1],g156713/B,net,pin
u24_int_set_reg\[2\]/QN,ic1_int_set[2],pin,net
ic1_int_set[2],g176167/A2,net,pin
ic1_int_set[2],g154311/B,net,pin
u13_icc_r_reg\[16\]/QN,ic2_cfg[0],pin,net
ic2_cfg[0],g170044/B,net,pin
ic2_cfg[0],g170042/A,net,pin
ic2_cfg[0],g163689/B2,net,pin
ic2_cfg[0],g159885/A,net,pin
ic2_cfg[0],g159879/A,net,pin
u13_icc_r_reg\[17\]/QN,ic2_cfg[1],pin,net
ic2_cfg[1],g159450/A,net,pin
u13_icc_r_reg\[18\]/QN,ic2_cfg[2],pin,net
ic2_cfg[2],g47/A,net,pin
ic2_cfg[2],g159898/A,net,pin
u13_icc_r_reg\[19\]/QN,ic2_cfg[3],pin,net
ic2_cfg[3],g45/A,net,pin
ic2_cfg[3],g160051/A,net,pin
u13_icc_r_reg\[20\]/QN,ic2_cfg[4],pin,net
ic2_cfg[4],g163204/B1,net,pin
ic2_cfg[4],g159449/A,net,pin
ic2_cfg[4],g157069/A1,net,pin
ic2_cfg[4],g156995/A1,net,pin
u13_icc_r_reg\[21\]/QN,ic2_cfg[5],pin,net
ic2_cfg[5],g164286/A2,net,pin
ic2_cfg[5],g159451/A,net,pin
ic2_cfg[5],g157069/C,net,pin
u13_icc_r_reg\[22\]/QN,ic2_cfg[6],pin,net
ic2_cfg[6],g170043/A,net,pin
ic2_cfg[6],g163310/B1,net,pin
u25_int_set_reg\[0\]/QN,ic2_int_set[0],pin,net
ic2_int_set[0],g176239/A1,net,pin
u25_int_set_reg\[1\]/QN,ic2_int_set[1],pin,net
ic2_int_set[1],g176241/A2,net,pin
ic2_int_set[1],g156714/B,net,pin
u25_int_set_reg\[2\]/QN,ic2_int_set[2],pin,net
ic2_int_set[2],g187484/B,net,pin
ic2_int_set[2],g176243/A2,net,pin
u1_slt0_reg\[11\]/QN,in_slt0[11],pin,net
in_slt0[11],g155583/B1,net,pin
in_slt0[11],g153401__4319/B1,net,pin
u1_slt0_reg\[12\]/QN,in_slt0[12],pin,net
in_slt0[12],g180237/B2,net,pin
in_slt0[12],g152964__6417/B1,net,pin
u1_slt0_reg\[15\]/QN,in_slt0[15],pin,net
in_slt0[15],g160159/A,net,pin
in_slt0[15],g152859__2802/B1,net,pin
u1_slt0_reg\[9\]/QN,in_slt0[9],pin,net
in_slt0[9],g175346/B1,net,pin
in_slt0[9],g153994__8246/B1,net,pin
u1_slt1_reg\[10\]/QN,in_slt1[10],pin,net
in_slt1[10],g186369/A2,net,pin
in_slt1[10],g153590__3680/B1,net,pin
u1_slt1_reg\[11\]/QN,in_slt1[11],pin,net
in_slt1[11],g159149/A,net,pin
in_slt1[11],g153402__6260/B1,net,pin
u1_slt1_reg\[5\]/QN,in_slt1[5],pin,net
in_slt1[5],g187725/A,net,pin
in_slt1[5],g156116__5115/B1,net,pin
u1_slt1_reg\[6\]/QN,in_slt1[6],pin,net
in_slt1[6],g189273/A1,net,pin
in_slt1[6],g155592__5477/B1,net,pin
u1_slt1_reg\[7\]/QN,in_slt1[7],pin,net
in_slt1[7],g158306/A2,net,pin
in_slt1[7],g154858__6260/B1,net,pin
u1_slt1_reg\[8\]/QN,in_slt1[8],pin,net
in_slt1[8],g193874/A2,net,pin
in_slt1[8],g154395__7482/B1,net,pin
u1_slt2_reg\[10\]/QN,in_slt2[10],pin,net
in_slt2[10],g193552/B1,net,pin
in_slt2[10],g153589__6783/B1,net,pin
u1_slt2_reg\[11\]/QN,in_slt2[11],pin,net
in_slt2[11],g193558/B2,net,pin
in_slt2[11],g153403__5526/B1,net,pin
u1_slt2_reg\[12\]/QN,in_slt2[12],pin,net
in_slt2[12],g193554/B1,net,pin
in_slt2[12],g152963__7410/B1,net,pin
u1_slt2_reg\[13\]/QN,in_slt2[13],pin,net
in_slt2[13],g193570/B1,net,pin
in_slt2[13],g152879__6161/B1,net,pin
u1_slt2_reg\[14\]/QN,in_slt2[14],pin,net
in_slt2[14],g193568/B1,net,pin
in_slt2[14],g152867__6131/B1,net,pin
u1_slt2_reg\[15\]/QN,in_slt2[15],pin,net
in_slt2[15],g193564/B1,net,pin
in_slt2[15],g152857__5122/B1,net,pin
u1_slt2_reg\[16\]/QN,in_slt2[16],pin,net
in_slt2[16],g193555/B1,net,pin
in_slt2[16],g152845__5526/B1,net,pin
u1_slt2_reg\[17\]/QN,in_slt2[17],pin,net
in_slt2[17],g193559/B1,net,pin
in_slt2[17],g152833__5477/B1,net,pin
u1_slt2_reg\[18\]/QN,in_slt2[18],pin,net
in_slt2[18],g193556/B1,net,pin
in_slt2[18],g152825__2346/B1,net,pin
u1_slt2_reg\[19\]/QN,in_slt2[19],pin,net
in_slt2[19],g193562/B1,net,pin
in_slt2[19],g152816__6161/B1,net,pin
u1_slt2_reg\[4\]/QN,in_slt2[4],pin,net
in_slt2[4],g193561/B1,net,pin
in_slt2[4],g155591/B1,net,pin
u1_slt2_reg\[5\]/QN,in_slt2[5],pin,net
in_slt2[5],g193563/B2,net,pin
in_slt2[5],g155590/B1,net,pin
u1_slt2_reg\[6\]/QN,in_slt2[6],pin,net
in_slt2[6],g193569/B1,net,pin
in_slt2[6],g155589__6417/B1,net,pin
u1_slt2_reg\[7\]/QN,in_slt2[7],pin,net
in_slt2[7],g193565/B1,net,pin
in_slt2[7],g154857__5107/B1,net,pin
u1_slt2_reg\[8\]/QN,in_slt2[8],pin,net
in_slt2[8],g193567/B1,net,pin
in_slt2[8],g154396__4733/B1,net,pin
u1_slt2_reg\[9\]/QN,in_slt2[9],pin,net
in_slt2[9],g193557/B1,net,pin
in_slt2[9],g153995__7098/B1,net,pin
u1_slt3_reg\[0\]/QN,in_slt3[0],pin,net
in_slt3[0],g200341/A,net,pin
in_slt3[0],g156719/B1,net,pin
u1_slt3_reg\[10\]/QN,in_slt3[10],pin,net
in_slt3[10],g178338/A,net,pin
in_slt3[10],g153875__1705/B1,net,pin
u1_slt3_reg\[11\]/QN,in_slt3[11],pin,net
in_slt3[11],g160131/A,net,pin
in_slt3[11],g153341__8428/B1,net,pin
u1_slt3_reg\[12\]/QN,in_slt3[12],pin,net
in_slt3[12],g198254/A,net,pin
in_slt3[12],g152962__1666/B1,net,pin
u1_slt3_reg\[13\]/QN,in_slt3[13],pin,net
in_slt3[13],g186722/A,net,pin
in_slt3[13],g152878__4733/B1,net,pin
u1_slt3_reg\[14\]/QN,in_slt3[14],pin,net
in_slt3[14],g198253/A,net,pin
in_slt3[14],g152866__7098/B1,net,pin
u1_slt3_reg\[15\]/QN,in_slt3[15],pin,net
in_slt3[15],g186730/A,net,pin
in_slt3[15],g152856__1617/B1,net,pin
u1_slt3_reg\[16\]/QN,in_slt3[16],pin,net
in_slt3[16],g200347/A1,net,pin
in_slt3[16],g175719/A,net,pin
in_slt3[16],g152844__8428/B1,net,pin
u1_slt3_reg\[17\]/QN,in_slt3[17],pin,net
in_slt3[17],g200345/A1,net,pin
in_slt3[17],g186734/A,net,pin
in_slt3[17],g152832__6417/B1,net,pin
u1_slt3_reg\[18\]/QN,in_slt3[18],pin,net
in_slt3[18],g200347/B1,net,pin
in_slt3[18],g160144/A,net,pin
in_slt3[18],g152824__2883/B1,net,pin
u1_slt3_reg\[19\]/QN,in_slt3[19],pin,net
in_slt3[19],g200345/B1,net,pin
in_slt3[19],g160140/A,net,pin
in_slt3[19],g152815__4733/B1,net,pin
u1_slt3_reg\[1\]/QN,in_slt3[1],pin,net
in_slt3[1],g200343/B,net,pin
in_slt3[1],g156720/B1,net,pin
u1_slt3_reg\[2\]/QN,in_slt3[2],pin,net
in_slt3[2],g200349/A,net,pin
in_slt3[2],g198742/B1,net,pin
in_slt3[2],g156721/B1,net,pin
u1_slt3_reg\[3\]/QN,in_slt3[3],pin,net
in_slt3[3],g200348/A,net,pin
in_slt3[3],g198750/B1,net,pin
in_slt3[3],g156722/B1,net,pin
u1_slt3_reg\[4\]/QN,in_slt3[4],pin,net
in_slt3[4],g198741/A1,net,pin
in_slt3[4],g198258/A,net,pin
in_slt3[4],g156723/B1,net,pin
u1_slt3_reg\[5\]/QN,in_slt3[5],pin,net
in_slt3[5],g198740/A1,net,pin
in_slt3[5],g175711/A,net,pin
in_slt3[5],g156115__1881/B1,net,pin
u1_slt3_reg\[6\]/QN,in_slt3[6],pin,net
in_slt3[6],g38/A,net,pin
in_slt3[6],g155582__7410/B1,net,pin
u1_slt3_reg\[7\]/QN,in_slt3[7],pin,net
in_slt3[7],g169452/A,net,pin
in_slt3[7],g154840__2398/B1,net,pin
u1_slt3_reg\[8\]/QN,in_slt3[8],pin,net
in_slt3[8],g186718/A,net,pin
in_slt3[8],g154399__9945/B1,net,pin
u1_slt3_reg\[9\]/QN,in_slt3[9],pin,net
in_slt3[9],g160112/A,net,pin
in_slt3[9],g154127__6131/B1,net,pin
u1_slt4_reg\[0\]/QN,in_slt4[0],pin,net
in_slt4[0],g191946/B,net,pin
in_slt4[0],g157156/B1,net,pin
u1_slt4_reg\[10\]/QN,in_slt4[10],pin,net
in_slt4[10],g184549/B2,net,pin
in_slt4[10],g180085/A,net,pin
in_slt4[10],g153876__2802/B1,net,pin
u1_slt4_reg\[11\]/QN,in_slt4[11],pin,net
in_slt4[11],g169431/A,net,pin
in_slt4[11],g153340__5107/B1,net,pin
u1_slt4_reg\[12\]/QN,in_slt4[12],pin,net
in_slt4[12],g181839/B1,net,pin
in_slt4[12],g180081/A,net,pin
in_slt4[12],g152961__2346/B1,net,pin
u1_slt4_reg\[13\]/QN,in_slt4[13],pin,net
in_slt4[13],g175906/A,net,pin
in_slt4[13],g152877__7482/B1,net,pin
u1_slt4_reg\[14\]/QN,in_slt4[14],pin,net
in_slt4[14],g181839/A2,net,pin
in_slt4[14],g175715/A,net,pin
in_slt4[14],g152869__1881/B1,net,pin
u1_slt4_reg\[15\]/QN,in_slt4[15],pin,net
in_slt4[15],g169439/A,net,pin
in_slt4[15],g152855__3680/B1,net,pin
u1_slt4_reg\[16\]/QN,in_slt4[16],pin,net
in_slt4[16],g180069/A,net,pin
in_slt4[16],g158997/A1,net,pin
in_slt4[16],g152843__4319/B1,net,pin
u1_slt4_reg\[17\]/QN,in_slt4[17],pin,net
in_slt4[17],g180073/A,net,pin
in_slt4[17],g158998/A1,net,pin
in_slt4[17],g152835__2398/B1,net,pin
u1_slt4_reg\[18\]/QN,in_slt4[18],pin,net
in_slt4[18],g167218/A,net,pin
in_slt4[18],g158997/B1,net,pin
in_slt4[18],g152823__9945/B1,net,pin
u1_slt4_reg\[19\]/QN,in_slt4[19],pin,net
in_slt4[19],g160142/A,net,pin
in_slt4[19],g158998/B1,net,pin
in_slt4[19],g152814__7482/B1,net,pin
u1_slt4_reg\[1\]/QN,in_slt4[1],pin,net
in_slt4[1],g198623/A,net,pin
in_slt4[1],g157159/B1,net,pin
u1_slt4_reg\[2\]/QN,in_slt4[2],pin,net
in_slt4[2],g210420/A,net,pin
in_slt4[2],g191945/B1,net,pin
in_slt4[2],g157157/B1,net,pin
u1_slt4_reg\[3\]/QN,in_slt4[3],pin,net
in_slt4[3],g198622/B1,net,pin
in_slt4[3],g187479/A,net,pin
in_slt4[3],g157158/B1,net,pin
u1_slt4_reg\[4\]/QN,in_slt4[4],pin,net
in_slt4[4],g210419/A1,net,pin
in_slt4[4],g180108/A,net,pin
in_slt4[4],g156724/B1,net,pin
u1_slt4_reg\[5\]/QN,in_slt4[5],pin,net
in_slt4[5],g187478/A1,net,pin
in_slt4[5],g180093/A,net,pin
in_slt4[5],g156114/B1,net,pin
u1_slt4_reg\[6\]/QN,in_slt4[6],pin,net
in_slt4[6],g169443/A,net,pin
in_slt4[6],g155581__1666/B1,net,pin
u1_slt4_reg\[7\]/QN,in_slt4[7],pin,net
in_slt4[7],g212106/A,net,pin
in_slt4[7],g154839__5477/B1,net,pin
u1_slt4_reg\[8\]/QN,in_slt4[8],pin,net
in_slt4[8],g180089/A,net,pin
in_slt4[8],g154400__9315/B1,net,pin
u1_slt4_reg\[9\]/QN,in_slt4[9],pin,net
in_slt4[9],g180077/A,net,pin
in_slt4[9],g154128__1881/B1,net,pin
u1_slt6_reg\[0\]/QN,in_slt6[0],pin,net
in_slt6[0],g213327/A1,net,pin
in_slt6[0],g155588/B1,net,pin
u1_slt6_reg\[10\]/QN,in_slt6[10],pin,net
in_slt6[10],g175684/A,net,pin
in_slt6[10],g153877__1617/B1,net,pin
u1_slt6_reg\[11\]/QN,in_slt6[11],pin,net
in_slt6[11],g188258/A,net,pin
in_slt6[11],g153339__5477/B1,net,pin
u1_slt6_reg\[12\]/QN,in_slt6[12],pin,net
in_slt6[12],g175692/A,net,pin
in_slt6[12],g152960__2883/B1,net,pin
u1_slt6_reg\[13\]/QN,in_slt6[13],pin,net
in_slt6[13],g169460/A,net,pin
in_slt6[13],g152880__9315/B1,net,pin
u1_slt6_reg\[14\]/QN,in_slt6[14],pin,net
in_slt6[14],g160147/A,net,pin
in_slt6[14],g152870__5115/B1,net,pin
u1_slt6_reg\[15\]/QN,in_slt6[15],pin,net
in_slt6[15],g175751/A,net,pin
in_slt6[15],g152858__1705/B1,net,pin
u1_slt6_reg\[16\]/QN,in_slt6[16],pin,net
in_slt6[16],g160110/A,net,pin
in_slt6[16],g159000/A1,net,pin
in_slt6[16],g152846__6783/B1,net,pin
u1_slt6_reg\[17\]/QN,in_slt6[17],pin,net
in_slt6[17],g175743/A,net,pin
in_slt6[17],g158992/A1,net,pin
in_slt6[17],g152836__5107/B1,net,pin
u1_slt6_reg\[18\]/QN,in_slt6[18],pin,net
in_slt6[18],g160103/A,net,pin
in_slt6[18],g159000/B1,net,pin
in_slt6[18],g152826__1666/B1,net,pin
u1_slt6_reg\[19\]/QN,in_slt6[19],pin,net
in_slt6[19],g160151/A,net,pin
in_slt6[19],g158992/B1,net,pin
in_slt6[19],g152817__9315/B1,net,pin
u1_slt6_reg\[1\]/QN,in_slt6[1],pin,net
in_slt6[1],g178920/A,net,pin
in_slt6[1],g155587/B1,net,pin
u1_slt6_reg\[2\]/QN,in_slt6[2],pin,net
in_slt6[2],g213327/C1,net,pin
in_slt6[2],g170134/B1,net,pin
in_slt6[2],g155586/B1,net,pin
u1_slt6_reg\[3\]/QN,in_slt6[3],pin,net
in_slt6[3],g178919/B1,net,pin
in_slt6[3],g170138/B1,net,pin
in_slt6[3],g155585/B1,net,pin
u1_slt6_reg\[4\]/QN,in_slt6[4],pin,net
in_slt6[4],g170134/A1,net,pin
in_slt6[4],g160145/A,net,pin
in_slt6[4],g155584/B1,net,pin
u1_slt6_reg\[5\]/QN,in_slt6[5],pin,net
in_slt6[5],g186710/A,net,pin
in_slt6[5],g170138/A1,net,pin
in_slt6[5],g155579/B1,net,pin
u1_slt6_reg\[6\]/QN,in_slt6[6],pin,net
in_slt6[6],g169464/A,net,pin
in_slt6[6],g155578__2346/B1,net,pin
u1_slt6_reg\[7\]/QN,in_slt6[7],pin,net
in_slt6[7],g186714/A,net,pin
in_slt6[7],g154838__6417/B1,net,pin
u1_slt6_reg\[8\]/QN,in_slt6[8],pin,net
in_slt6[8],g175755/A,net,pin
in_slt6[8],g154401__6161/B1,net,pin
u1_slt6_reg\[9\]/QN,in_slt6[9],pin,net
in_slt6[9],g175677/A,net,pin
in_slt6[9],g154129__5115/B1,net,pin
u2_in_valid_reg\[0\]/QN,in_valid[0],pin,net
in_valid[0],g156877/A,net,pin
u2_in_valid_reg\[1\]/QN,in_valid[1],pin,net
in_valid[1],g157198/A,net,pin
u2_in_valid_reg\[2\]/QN,in_valid[2],pin,net
in_valid[2],g156879/A,net,pin
in_valid_s1_reg\[0\]/QN,in_valid_s1[0],pin,net
in_valid_s1[0],g174970/A,net,pin
in_valid_s1_reg\[1\]/QN,in_valid_s1[1],pin,net
in_valid_s1[1],g156876/A,net,pin
in_valid_s1_reg\[2\]/QN,in_valid_s1[2],pin,net
in_valid_s1[2],g173250/A,net,pin
in_valid_s_reg\[0\]/QN,in_valid_s[0],pin,net
in_valid_s[0],g184059/D,net,pin
in_valid_s[0],g183349/B,net,pin
in_valid_s[0],g180237/A2,net,pin
in_valid_s[0],g174972/A,net,pin
in_valid_s_reg\[1\]/QN,in_valid_s[1],pin,net
in_valid_s[1],g182846/C,net,pin
in_valid_s[1],g167578/A,net,pin
in_valid_s[1],g156643/A,net,pin
in_valid_s[1],g155583/A2,net,pin
in_valid_s_reg\[2\]/QN,in_valid_s[2],pin,net
in_valid_s[2],g182134/C,net,pin
in_valid_s[2],g181936/A,net,pin
in_valid_s[2],g175347/B,net,pin
in_valid_s[2],g173254/A,net,pin
in_valid_s[2],g173253/A,net,pin
u2_ld_reg/QN,ld,pin,net
ld,g156919/A,net,pin
ld,drc_buf_sp165083/A,net,pin
ld,drc_buf_sp165033/A,net,pin
ld,drc_buf_sp165032/A,net,pin
ld,drc_buf_sp165031/A,net,pin
ld,drc_buf_sp165030/A,net,pin
ld,drc_buf_sp165029/A,net,pin
ld,drc_buf_sp165028/A,net,pin
ld,drc_buf_sp165027/A,net,pin
ld,drc_buf_sp165026/A,net,pin
n_0,g179537/B,net,pin
g160098/Y,n_0,pin,net
n_1,g168648/D,net,pin
g159562/Y,n_1,pin,net
n_10000,g212607/A1,net,pin
n_10000,g187540/A1,net,pin
n_10000,g179685/A2,net,pin
n_10000,g178275/A2,net,pin
n_10000,g172169/B2,net,pin
n_10000,g165652/A1,net,pin
n_10000,g165650/A2,net,pin
n_10000,g165646/A2,net,pin
n_10000,g165642/A1,net,pin
n_10000,g165640/A1,net,pin
n_10000,g165638/A2,net,pin
n_10000,g165633/A2,net,pin
drc_buf_sp165634/Y,n_10000,pin,net
n_10001,u5_mem_reg\[3\]\[11\]/D,net,pin
g165633/Y,n_10001,pin,net
n_10005,u6_mem_reg\[0\]\[11\]/D,net,pin
g165638/Y,n_10005,pin,net
n_10007,u5_mem_reg\[1\]\[11\]/D,net,pin
g165640/Y,n_10007,pin,net
n_10009,u6_mem_reg\[1\]\[11\]/D,net,pin
g165642/Y,n_10009,pin,net
n_10013,u8_mem_reg\[2\]\[11\]/D,net,pin
g165646/Y,n_10013,pin,net
n_10014,u5_mem_reg\[2\]\[11\]/D,net,pin
g165647/Y,n_10014,pin,net
n_10017,u7_mem_reg\[2\]\[11\]/D,net,pin
g165650/Y,n_10017,pin,net
n_10018,u4_mem_reg\[2\]\[11\]/D,net,pin
g165651/Y,n_10018,pin,net
n_10019,u8_mem_reg\[0\]\[11\]/D,net,pin
g165652/Y,n_10019,pin,net
n_10022,u13_icc_r_reg\[11\]/D,net,pin
g165655/Y,n_10022,pin,net
drc_buf_sp165660/Y,n_10025,pin,net
n_10025,drc_buf_sp165659/A,net,pin
n_10026,g216476/A2,net,pin
n_10026,g202318/A2,net,pin
n_10026,g200154/B1,net,pin
n_10026,g191971/A1,net,pin
n_10026,g184894/A1,net,pin
n_10026,g179690/A2,net,pin
n_10026,g172868/A1,net,pin
n_10026,g170387/B1,net,pin
n_10026,g167906/A1,net,pin
n_10026,g167883/A1,net,pin
n_10026,g166570/A1,net,pin
n_10026,g165680/A2,net,pin
n_10026,g165676/A2,net,pin
drc_buf_sp165659/Y,n_10026,pin,net
n_10030,u5_mem_reg\[3\]\[12\]/D,net,pin
g165662/Y,n_10030,pin,net
n_10034,u6_mem_reg\[0\]\[12\]/D,net,pin
g165667/Y,n_10034,pin,net
n_10036,u5_mem_reg\[1\]\[12\]/D,net,pin
g165669/Y,n_10036,pin,net
n_10038,u6_mem_reg\[1\]\[12\]/D,net,pin
g165671/Y,n_10038,pin,net
n_10042,u8_mem_reg\[2\]\[12\]/D,net,pin
g165675/Y,n_10042,pin,net
n_10043,u5_mem_reg\[2\]\[12\]/D,net,pin
g165676/Y,n_10043,pin,net
n_10046,u7_mem_reg\[2\]\[12\]/D,net,pin
g165679/Y,n_10046,pin,net
n_10047,u4_mem_reg\[2\]\[12\]/D,net,pin
g165680/Y,n_10047,pin,net
n_10048,u8_mem_reg\[0\]\[12\]/D,net,pin
g165681/Y,n_10048,pin,net
n_10050,u13_icc_r_reg\[12\]/D,net,pin
g165683/Y,n_10050,pin,net
n_10054,drc_buf_sp165692/A,net,pin
drc_buf_sp165689/Y,n_10054,pin,net
n_10057,u6_mem_reg\[0\]\[5\]/D,net,pin
g165690/Y,n_10057,pin,net
n_10058,g202315/A2,net,pin
n_10058,g200146/B1,net,pin
n_10058,g186038/A2,net,pin
n_10058,g178277/A2,net,pin
n_10058,g172159/B2,net,pin
n_10058,g169548/A1,net,pin
n_10058,g165712/A2,net,pin
n_10058,g165708/A2,net,pin
n_10058,g165704/A2,net,pin
n_10058,g165702/A1,net,pin
n_10058,g165698/A1,net,pin
n_10058,g165694/A2,net,pin
drc_buf_sp165692/Y,n_10058,pin,net
n_10061,u5_mem_reg\[3\]\[5\]/D,net,pin
g165694/Y,n_10061,pin,net
n_10065,u5_mem_reg\[1\]\[5\]/D,net,pin
g165698/Y,n_10065,pin,net
n_10069,u8_mem_reg\[0\]\[5\]/D,net,pin
g165702/Y,n_10069,pin,net
n_10071,u8_mem_reg\[2\]\[5\]/D,net,pin
g165704/Y,n_10071,pin,net
n_10072,u5_mem_reg\[2\]\[5\]/D,net,pin
g165705/Y,n_10072,pin,net
n_10075,u7_mem_reg\[2\]\[5\]/D,net,pin
g165708/Y,n_10075,pin,net
n_10076,u4_mem_reg\[2\]\[5\]/D,net,pin
g165709/Y,n_10076,pin,net
n_10079,u13_icc_r_reg\[5\]/D,net,pin
g165712/Y,n_10079,pin,net
n_10083,g187152/A,net,pin
drc_buf_sp165718/Y,n_10083,pin,net
n_10089,u5_mem_reg\[3\]\[13\]/D,net,pin
g165722/Y,n_10089,pin,net
n_10092,u6_mem_reg\[0\]\[13\]/D,net,pin
g165725/Y,n_10092,pin,net
n_10094,u5_mem_reg\[1\]\[13\]/D,net,pin
g165727/Y,n_10094,pin,net
n_10099,u8_mem_reg\[2\]\[13\]/D,net,pin
g165732/Y,n_10099,pin,net
n_101,g166609/A1,net,pin
g159671/Y,n_101,pin,net
n_101,g159668/A,net,pin
n_10100,u5_mem_reg\[2\]\[13\]/D,net,pin
g165733/Y,n_10100,pin,net
n_10103,u7_mem_reg\[2\]\[13\]/D,net,pin
g165736/Y,n_10103,pin,net
n_10104,u4_mem_reg\[2\]\[13\]/D,net,pin
g165737/Y,n_10104,pin,net
n_10105,u8_mem_reg\[0\]\[13\]/D,net,pin
g165738/Y,n_10105,pin,net
n_10107,u13_icc_r_reg\[13\]/D,net,pin
g165740/Y,n_10107,pin,net
n_10112,g181433/A,net,pin
drc_buf_sp165747/Y,n_10112,pin,net
n_10119,u6_mem_reg\[0\]\[16\]/D,net,pin
g165752/Y,n_10119,pin,net
n_10122,u5_mem_reg\[1\]\[16\]/D,net,pin
g165755/Y,n_10122,pin,net
n_10124,u6_mem_reg\[1\]\[16\]/D,net,pin
g165757/Y,n_10124,pin,net
n_10128,u8_mem_reg\[2\]\[16\]/D,net,pin
g165761/Y,n_10128,pin,net
n_10129,u5_mem_reg\[2\]\[16\]/D,net,pin
g165762/Y,n_10129,pin,net
n_10132,u7_mem_reg\[2\]\[16\]/D,net,pin
g165765/Y,n_10132,pin,net
n_10133,u4_mem_reg\[2\]\[16\]/D,net,pin
g165766/Y,n_10133,pin,net
n_10134,u8_mem_reg\[0\]\[16\]/D,net,pin
g165767/Y,n_10134,pin,net
n_10138,u13_icc_r_reg\[16\]/D,net,pin
g165771/Y,n_10138,pin,net
n_10140,drc_buf_sp165777/A,net,pin
drc_buf_sp165775/Y,n_10140,pin,net
n_10143,g212609/A1,net,pin
n_10143,g196753/B1,net,pin
n_10143,g186019/A2,net,pin
n_10143,g178269/A2,net,pin
n_10143,g171489/B1,net,pin
n_10143,g170393/B1,net,pin
n_10143,g169550/A2,net,pin
n_10143,g167903/A1,net,pin
n_10143,g165795/A1,net,pin
n_10143,g165793/A2,net,pin
n_10143,g165789/A2,net,pin
n_10143,g165779/A2,net,pin
drc_buf_sp165777/Y,n_10143,pin,net
n_10146,u6_mem_reg\[0\]\[17\]/D,net,pin
g165779/Y,n_10146,pin,net
n_10151,u5_mem_reg\[1\]\[17\]/D,net,pin
g165784/Y,n_10151,pin,net
n_10156,u8_mem_reg\[2\]\[17\]/D,net,pin
g165789/Y,n_10156,pin,net
n_10157,u5_mem_reg\[2\]\[17\]/D,net,pin
g165790/Y,n_10157,pin,net
n_10160,u7_mem_reg\[2\]\[17\]/D,net,pin
g165793/Y,n_10160,pin,net
n_10161,u4_mem_reg\[2\]\[17\]/D,net,pin
g165794/Y,n_10161,pin,net
n_10162,u8_mem_reg\[0\]\[17\]/D,net,pin
g165795/Y,n_10162,pin,net
n_10165,u13_icc_r_reg\[17\]/D,net,pin
g165798/Y,n_10165,pin,net
drc_buf_sp41/Y,n_10168,pin,net
n_10168,drc_buf_sp40/A,net,pin
n_1017,g164005/A,net,pin
g158346/Y,n_1017,pin,net
n_10171,g219306/B1,net,pin
n_10171,g212604/A1,net,pin
n_10171,g196639/B1,net,pin
n_10171,g179673/A2,net,pin
n_10171,g178280/A2,net,pin
n_10171,g170405/B1,net,pin
n_10171,g169551/A1,net,pin
n_10171,g165822/A2,net,pin
n_10171,g165818/A1,net,pin
n_10171,g165816/A2,net,pin
n_10171,g165812/A2,net,pin
drc_buf_sp40/Y,n_10171,pin,net
n_10175,u6_mem_reg\[0\]\[18\]/D,net,pin
g165805/Y,n_10175,pin,net
n_10177,u5_mem_reg\[1\]\[18\]/D,net,pin
g165807/Y,n_10177,pin,net
n_10182,u8_mem_reg\[2\]\[18\]/D,net,pin
g165812/Y,n_10182,pin,net
n_10183,u5_mem_reg\[2\]\[18\]/D,net,pin
g165813/Y,n_10183,pin,net
n_10186,u7_mem_reg\[2\]\[18\]/D,net,pin
g165816/Y,n_10186,pin,net
n_10187,u4_mem_reg\[2\]\[18\]/D,net,pin
g165817/Y,n_10187,pin,net
n_10188,u8_mem_reg\[0\]\[18\]/D,net,pin
g165818/Y,n_10188,pin,net
n_10192,u13_icc_r_reg\[18\]/D,net,pin
g165822/Y,n_10192,pin,net
n_10194,g216451/B1,net,pin
g213181/Y,n_10194,pin,net
n_10194,g202307/A2,net,pin
n_10194,g200151/B1,net,pin
n_10194,g186012/A2,net,pin
n_10194,g178752/A1,net,pin
n_10194,g177544/A1,net,pin
n_10194,g168478/A1,net,pin
n_10194,g167866/A1,net,pin
n_10194,g166777/A2,net,pin
n_10194,g166732/A2,net,pin
n_10194,g165817/A2,net,pin
n_10194,g165813/A2,net,pin
n_10194,g165807/A1,net,pin
n_10194,g165805/A2,net,pin
n_10194,g155745/A2,net,pin
n_10195,drc_buf_sp165829/A,net,pin
drc_buf_sp165827/Y,n_10195,pin,net
n_10195,drc_buf_sp165826/A,net,pin
n_10196,g216465/B1,net,pin
n_10196,g202310/A2,net,pin
n_10196,g200155/B1,net,pin
n_10196,g186037/A2,net,pin
n_10196,g184888/A1,net,pin
n_10196,g167865/A1,net,pin
n_10196,g165848/A2,net,pin
n_10196,g165844/A2,net,pin
n_10196,g165840/A2,net,pin
n_10196,g165834/A1,net,pin
n_10196,g165832/A2,net,pin
drc_buf_sp165826/Y,n_10196,pin,net
n_10198,g212610/A1,net,pin
n_10198,g179672/A2,net,pin
n_10198,g178267/A2,net,pin
n_10198,g171504/B1,net,pin
n_10198,g171179/B1,net,pin
n_10198,g169552/A1,net,pin
n_10198,g167901/A1,net,pin
n_10198,g165845/A1,net,pin
n_10198,g165843/A2,net,pin
n_10198,g165839/A2,net,pin
n_10198,g165833/A1,net,pin
drc_buf_sp165829/Y,n_10198,pin,net
n_10202,u6_mem_reg\[0\]\[19\]/D,net,pin
g165832/Y,n_10202,pin,net
n_10203,u8_mem_reg\[1\]\[19\]/D,net,pin
g165833/Y,n_10203,pin,net
n_10204,u5_mem_reg\[1\]\[19\]/D,net,pin
g165834/Y,n_10204,pin,net
n_10209,u8_mem_reg\[2\]\[19\]/D,net,pin
g165839/Y,n_10209,pin,net
n_10210,u5_mem_reg\[2\]\[19\]/D,net,pin
g165840/Y,n_10210,pin,net
n_10213,u7_mem_reg\[2\]\[19\]/D,net,pin
g165843/Y,n_10213,pin,net
n_10214,u4_mem_reg\[2\]\[19\]/D,net,pin
g165844/Y,n_10214,pin,net
n_10215,u8_mem_reg\[0\]\[19\]/D,net,pin
g165845/Y,n_10215,pin,net
n_10218,u13_icc_r_reg\[19\]/D,net,pin
g165848/Y,n_10218,pin,net
n_10227,u8_mem_reg\[2\]\[20\]/D,net,pin
g165857/Y,n_10227,pin,net
n_10230,u6_mem_reg\[0\]\[20\]/D,net,pin
g165860/Y,n_10230,pin,net
n_10231,u5_mem_reg\[1\]\[20\]/D,net,pin
g165861/Y,n_10231,pin,net
n_10234,u6_mem_reg\[1\]\[20\]/D,net,pin
g165864/Y,n_10234,pin,net
n_10238,u5_mem_reg\[2\]\[20\]/D,net,pin
g165868/Y,n_10238,pin,net
n_10240,u7_mem_reg\[2\]\[20\]/D,net,pin
g165870/Y,n_10240,pin,net
n_10241,u4_mem_reg\[2\]\[20\]/D,net,pin
g165871/Y,n_10241,pin,net
n_10242,u8_mem_reg\[0\]\[20\]/D,net,pin
g165872/Y,n_10242,pin,net
n_10244,u13_icc_r_reg\[20\]/D,net,pin
g165874/Y,n_10244,pin,net
g213278/Y,n_10247,pin,net
n_10247,g202297/A2,net,pin
n_10247,g197748/A1,net,pin
n_10247,g186018/A2,net,pin
n_10247,g167882/A2,net,pin
n_10247,g166730/A2,net,pin
n_10247,g165861/A1,net,pin
n_10254,u8_mem_reg\[2\]\[21\]/D,net,pin
g165884/Y,n_10254,pin,net
n_10257,u6_mem_reg\[0\]\[21\]/D,net,pin
g165887/Y,n_10257,pin,net
n_10259,u3_mem_reg\[1\]\[21\]/D,net,pin
g165889/Y,n_10259,pin,net
n_10260,u5_mem_reg\[1\]\[21\]/D,net,pin
g165890/Y,n_10260,pin,net
n_10265,u5_mem_reg\[2\]\[21\]/D,net,pin
g165895/Y,n_10265,pin,net
n_10267,u7_mem_reg\[2\]\[21\]/D,net,pin
g165897/Y,n_10267,pin,net
n_10268,u4_mem_reg\[2\]\[21\]/D,net,pin
g165898/Y,n_10268,pin,net
n_10269,u8_mem_reg\[0\]\[21\]/D,net,pin
g165899/Y,n_10269,pin,net
n_10272,u13_icc_r_reg\[21\]/D,net,pin
g165902/Y,n_10272,pin,net
n_10276,g214228/A,net,pin
n_10276,g213193/A,net,pin
g213185/Y,n_10276,pin,net
n_10288,u6_mem_reg\[1\]\[22\]/D,net,pin
g165918/Y,n_10288,pin,net
g159145/Y,n_1029,pin,net
n_1029,g153616__5526/A2,net,pin
n_10292,u5_mem_reg\[2\]\[22\]/D,net,pin
g165922/Y,n_10292,pin,net
n_103,g166616/A2,net,pin
g159548/Y,n_103,pin,net
n_10302,g182413/A1,net,pin
n_10302,g178810/A1,net,pin
n_10302,g168473/A1,net,pin
n_10302,g166773/A2,net,pin
g165932/Y,n_10302,pin,net
n_10303,g181523/A,net,pin
drc_buf_sp165935/Y,n_10303,pin,net
n_10306,u8_mem_reg\[2\]\[23\]/D,net,pin
g165936/Y,n_10306,pin,net
n_10310,u6_mem_reg\[0\]\[23\]/D,net,pin
g165940/Y,n_10310,pin,net
n_10315,u5_mem_reg\[1\]\[23\]/D,net,pin
g165945/Y,n_10315,pin,net
n_10317,u6_mem_reg\[1\]\[23\]/D,net,pin
g165947/Y,n_10317,pin,net
n_1032,g164102/A,net,pin
g158322/Y,n_1032,pin,net
n_10321,u5_mem_reg\[2\]\[23\]/D,net,pin
g165951/Y,n_10321,pin,net
n_10323,u7_mem_reg\[2\]\[23\]/D,net,pin
g165953/Y,n_10323,pin,net
n_10324,u4_mem_reg\[2\]\[23\]/D,net,pin
g165954/Y,n_10324,pin,net
n_10326,u8_mem_reg\[0\]\[23\]/D,net,pin
g165956/Y,n_10326,pin,net
n_10327,u13_icc_r_reg\[23\]/D,net,pin
g165957/Y,n_10327,pin,net
n_10329,g182414/A1,net,pin
n_10329,g178808/A1,net,pin
n_10329,g166772/A2,net,pin
n_10329,g166727/A2,net,pin
g165959/Y,n_10329,pin,net
g158321/Y,n_1033,pin,net
n_1033,g157913/A,net,pin
n_10330,g213149/A,net,pin
n_10330,g170749/A,net,pin
drc_buf_sp165962/Y,n_10330,pin,net
n_10335,u5_mem_reg\[2\]\[31\]/D,net,pin
g165965/Y,n_10335,pin,net
n_10336,u8_mem_reg\[2\]\[31\]/D,net,pin
g165966/Y,n_10336,pin,net
n_10339,u6_mem_reg\[0\]\[31\]/D,net,pin
g165969/Y,n_10339,pin,net
n_10344,u5_mem_reg\[1\]\[31\]/D,net,pin
g165974/Y,n_10344,pin,net
n_10346,u6_mem_reg\[1\]\[31\]/D,net,pin
g165976/Y,n_10346,pin,net
n_10350,u7_mem_reg\[2\]\[31\]/D,net,pin
g165980/Y,n_10350,pin,net
n_10351,u4_mem_reg\[2\]\[31\]/D,net,pin
g165981/Y,n_10351,pin,net
n_10352,u8_mem_reg\[0\]\[31\]/D,net,pin
g165982/Y,n_10352,pin,net
n_10356,g176538/A,net,pin
drc_buf_sp165988/Y,n_10356,pin,net
n_10363,u8_mem_reg\[2\]\[28\]/D,net,pin
g165993/Y,n_10363,pin,net
n_10366,u6_mem_reg\[0\]\[28\]/D,net,pin
g165996/Y,n_10366,pin,net
n_10369,u8_mem_reg\[1\]\[28\]/D,net,pin
g165999/Y,n_10369,pin,net
n_10370,u5_mem_reg\[1\]\[28\]/D,net,pin
g166000/Y,n_10370,pin,net
n_10372,u6_mem_reg\[1\]\[28\]/D,net,pin
g166002/Y,n_10372,pin,net
n_10376,u5_mem_reg\[2\]\[28\]/D,net,pin
g166006/Y,n_10376,pin,net
n_10377,u7_mem_reg\[2\]\[28\]/D,net,pin
g166007/Y,n_10377,pin,net
n_10378,u4_mem_reg\[2\]\[28\]/D,net,pin
g166008/Y,n_10378,pin,net
n_10379,u8_mem_reg\[0\]\[28\]/D,net,pin
g166009/Y,n_10379,pin,net
n_104,g177869/A1,net,pin
g159409/Y,n_104,pin,net
g158313/Y,n_1040,pin,net
n_1040,g157921/B,net,pin
n_10408,g213160/A,net,pin
g213157/Y,n_10408,pin,net
n_10408,g213156/A,net,pin
n_10408,g181557/A,net,pin
n_1041,g169265/A,net,pin
g158312/Y,n_1041,pin,net
n_10413,u8_mem_reg\[2\]\[24\]/D,net,pin
g166042/Y,n_10413,pin,net
n_10414,u6_mem_reg\[0\]\[24\]/D,net,pin
g166043/Y,n_10414,pin,net
n_1042,g188091/A,net,pin
n_1042,g188084/A,net,pin
n_1042,g188060/A3,net,pin
g169481/Y,n_1042,pin,net
n_1042,g158311/D,net,pin
n_1042,g152432__4319/B1,net,pin
n_10420,u5_mem_reg\[1\]\[24\]/D,net,pin
g166049/Y,n_10420,pin,net
n_10422,u6_mem_reg\[1\]\[24\]/D,net,pin
g166051/Y,n_10422,pin,net
n_10426,u5_mem_reg\[2\]\[24\]/D,net,pin
g166055/Y,n_10426,pin,net
n_10429,u7_mem_reg\[2\]\[24\]/D,net,pin
g166058/Y,n_10429,pin,net
n_10430,u4_mem_reg\[2\]\[24\]/D,net,pin
g166059/Y,n_10430,pin,net
n_10431,u8_mem_reg\[0\]\[24\]/D,net,pin
g166060/Y,n_10431,pin,net
n_10434,g213171/A,net,pin
g213167/Y,n_10434,pin,net
n_10434,g213166/A,net,pin
n_10434,g181469/A,net,pin
n_10439,u8_mem_reg\[2\]\[25\]/D,net,pin
g166068/Y,n_10439,pin,net
g158311/Y,n_1044,pin,net
n_1044,g157118/A,net,pin
n_10442,u6_mem_reg\[0\]\[25\]/D,net,pin
g166071/Y,n_10442,pin,net
n_10446,u5_mem_reg\[1\]\[25\]/D,net,pin
g166075/Y,n_10446,pin,net
n_10452,u5_mem_reg\[2\]\[25\]/D,net,pin
g166081/Y,n_10452,pin,net
n_10455,u7_mem_reg\[2\]\[25\]/D,net,pin
g166084/Y,n_10455,pin,net
n_10456,u4_mem_reg\[2\]\[25\]/D,net,pin
g166085/Y,n_10456,pin,net
n_10457,u8_mem_reg\[0\]\[25\]/D,net,pin
g166086/Y,n_10457,pin,net
n_10460,g213263/A,net,pin
g213259/Y,n_10460,pin,net
n_10460,g187520/A,net,pin
n_10464,u8_mem_reg\[2\]\[26\]/D,net,pin
g166092/Y,n_10464,pin,net
n_10467,u6_mem_reg\[0\]\[26\]/D,net,pin
g166096/Y,n_10467,pin,net
n_10470,u8_mem_reg\[1\]\[26\]/D,net,pin
g166099/Y,n_10470,pin,net
n_10471,u5_mem_reg\[1\]\[26\]/D,net,pin
g166100/Y,n_10471,pin,net
n_10473,u6_mem_reg\[1\]\[26\]/D,net,pin
g166102/Y,n_10473,pin,net
n_10477,u5_mem_reg\[2\]\[26\]/D,net,pin
g166106/Y,n_10477,pin,net
n_10481,u7_mem_reg\[2\]\[26\]/D,net,pin
g166110/Y,n_10481,pin,net
n_10482,u4_mem_reg\[2\]\[26\]/D,net,pin
g166111/Y,n_10482,pin,net
n_10483,u8_mem_reg\[0\]\[26\]/D,net,pin
g166112/Y,n_10483,pin,net
g72/Y,n_10486,pin,net
n_10486,g71/A,net,pin
n_10486,g210690/A,net,pin
n_10490,u8_mem_reg\[2\]\[27\]/D,net,pin
g166118/Y,n_10490,pin,net
n_10493,u6_mem_reg\[0\]\[27\]/D,net,pin
g166122/Y,n_10493,pin,net
n_10496,u8_mem_reg\[1\]\[27\]/D,net,pin
g166125/Y,n_10496,pin,net
n_10497,u5_mem_reg\[1\]\[27\]/D,net,pin
g166126/Y,n_10497,pin,net
n_10499,u6_mem_reg\[1\]\[27\]/D,net,pin
g166128/Y,n_10499,pin,net
g159586/Y,n_105,pin,net
n_105,g159025/B2,net,pin
n_10503,u5_mem_reg\[2\]\[27\]/D,net,pin
g166132/Y,n_10503,pin,net
n_10506,u7_mem_reg\[2\]\[27\]/D,net,pin
g166135/Y,n_10506,pin,net
n_10507,u4_mem_reg\[2\]\[27\]/D,net,pin
g166136/Y,n_10507,pin,net
n_10509,u8_mem_reg\[0\]\[27\]/D,net,pin
g166138/Y,n_10509,pin,net
n_1051,g188068/C,net,pin
g158306/Y,n_1051,pin,net
n_1054,g177292/B,net,pin
g158301/Y,n_1054,pin,net
n_10563,g181983/A,net,pin
g166192/Y,n_10563,pin,net
n_10563,g164284_dup/A,net,pin
n_10565,g181981/A1,net,pin
g166190/Y,n_10565,pin,net
n_10565,g164286/A1,net,pin
n_10576,g198075/B,net,pin
n_10576,g196605/B2,net,pin
n_10576,g166622/B1,net,pin
n_10576,g166620/B1,net,pin
n_10576,g166614/B1,net,pin
n_10576,g166613/B1,net,pin
n_10576,g166498/B1,net,pin
n_10576,g166487/B1,net,pin
n_10576,g166484/B2,net,pin
n_10576,g166482/B2,net,pin
g164284_dup/Y,n_10576,pin,net
g159025/Y,n_1058,pin,net
n_1058,g158297/B,net,pin
n_1058,g157856/C,net,pin
n_1059,g166544/C,net,pin
g158297/Y,n_1059,pin,net
n_106,g177869/B1,net,pin
g160065/Y,n_106,pin,net
n_10613,g199212/A2,net,pin
n_10613,g166240/A,net,pin
g166238/Y,n_10613,pin,net
n_10613,g164348/A1,net,pin
n_10613,g164308/A1,net,pin
n_10613,g158250_dup/A,net,pin
n_10613,g157566/A2,net,pin
n_10613,g157561/A2,net,pin
n_10613,g157559/A2,net,pin
n_10613,g156707/A2,net,pin
n_10613,g156706/A2,net,pin
n_10614,g489/A,net,pin
n_10614,g435/A2,net,pin
n_10614,g171439/A1,net,pin
n_10614,g171436/A2,net,pin
n_10614,g166249/A1,net,pin
n_10614,g166248/A1,net,pin
n_10614,g166247/A1,net,pin
n_10614,g166246/B1,net,pin
n_10614,g166245/A2,net,pin
n_10614,g166242/A1,net,pin
g166240/Y,n_10614,pin,net
n_10614,g166239/A2,net,pin
g166239/Y,n_10615,pin,net
n_10615,g156158/B,net,pin
g166242/Y,n_10617,pin,net
n_10617,g156144/B,net,pin
n_10620,g426/C,net,pin
g166245/Y,n_10620,pin,net
g166246/Y,n_10621,pin,net
n_10621,g156126/B,net,pin
g166247/Y,n_10622,pin,net
n_10622,g155577/A,net,pin
g166248/Y,n_10623,pin,net
n_10623,g156146/A,net,pin
g166249/Y,n_10624,pin,net
n_10624,g156137/B,net,pin
n_10626,g202339/A1,net,pin
n_10626,g166260/A1,net,pin
n_10626,g166259/A1,net,pin
n_10626,g166257/A1,net,pin
n_10626,g166255/A1,net,pin
n_10626,g166253/A1,net,pin
n_10626,g166252/A2,net,pin
n_10626,g166251/A1,net,pin
g158250_dup/Y,n_10626,pin,net
n_10626,g129/A2,net,pin
n_10626,g111/A2,net,pin
n_10627,g448/C,net,pin
g166251/Y,n_10627,pin,net
g166252/Y,n_10628,pin,net
n_10628,g156132/A,net,pin
n_10629,g176677/B,net,pin
g166253/Y,n_10629,pin,net
g166255/Y,n_10631,pin,net
n_10631,g156139/A,net,pin
g166257/Y,n_10633,pin,net
n_10633,g156143/B,net,pin
n_10635,g171440/B,net,pin
g166259/Y,n_10635,pin,net
g166260/Y,n_10636,pin,net
n_10636,g156147/A,net,pin
drc_buf_sp49/Y,n_10637,pin,net
n_10637,drc_buf_sp48/A,net,pin
n_10637,drc_buf_sp47/A,net,pin
n_10638,g216460/A2,net,pin
n_10638,g202300/A2,net,pin
n_10638,g197738/A1,net,pin
n_10638,g178282/A2,net,pin
n_10638,g167876/A2,net,pin
n_10638,g166277/A2,net,pin
n_10638,g166275/A1,net,pin
n_10638,g166265/A2,net,pin
n_10638,g166263/A2,net,pin
drc_buf_sp47/Y,n_10638,pin,net
n_10640,g212605/A2,net,pin
n_10640,g200149/A1,net,pin
n_10640,g186029/A2,net,pin
n_10640,g179669/A2,net,pin
n_10640,g176436/B1,net,pin
n_10640,g166278/A2,net,pin
n_10640,g166272/A2,net,pin
n_10640,g166270/A2,net,pin
n_10640,g166262/A2,net,pin
drc_buf_sp48/Y,n_10640,pin,net
n_10641,u5_mem_reg\[2\]\[30\]/D,net,pin
g166262/Y,n_10641,pin,net
n_10642,u8_mem_reg\[2\]\[30\]/D,net,pin
g166263/Y,n_10642,pin,net
n_10644,u8_mem_reg\[0\]\[30\]/D,net,pin
g166265/Y,n_10644,pin,net
n_10649,u6_mem_reg\[0\]\[30\]/D,net,pin
g166270/Y,n_10649,pin,net
n_10651,u5_mem_reg\[1\]\[30\]/D,net,pin
g166272/Y,n_10651,pin,net
n_10654,u6_mem_reg\[1\]\[30\]/D,net,pin
g166275/Y,n_10654,pin,net
n_10656,u7_mem_reg\[2\]\[30\]/D,net,pin
g166277/Y,n_10656,pin,net
n_10657,u4_mem_reg\[2\]\[30\]/D,net,pin
g166278/Y,n_10657,pin,net
n_10659,g183172/A1,net,pin
n_10659,g178804/A1,net,pin
g166280/Y,n_10659,pin,net
n_10660,g197482/A1,net,pin
n_10660,g173513/A1,net,pin
n_10660,g168471/A1,net,pin
n_10660,g166721/A2,net,pin
g166281/Y,n_10660,pin,net
n_10661,g176608/A,net,pin
n_10661,drc_buf_sp170772/A,net,pin
drc_buf_sp166284/Y,n_10661,pin,net
n_10665,u8_mem_reg\[0\]\[29\]/D,net,pin
g166285/Y,n_10665,pin,net
n_10666,u8_mem_reg\[2\]\[29\]/D,net,pin
g166287/Y,n_10666,pin,net
n_10669,u6_mem_reg\[0\]\[29\]/D,net,pin
g166290/Y,n_10669,pin,net
n_10670,u5_mem_reg\[1\]\[29\]/D,net,pin
g166291/Y,n_10670,pin,net
n_10676,u6_mem_reg\[1\]\[29\]/D,net,pin
g166297/Y,n_10676,pin,net
n_10679,u5_mem_reg\[2\]\[29\]/D,net,pin
g166300/Y,n_10679,pin,net
n_10680,u7_mem_reg\[2\]\[29\]/D,net,pin
g166301/Y,n_10680,pin,net
n_10681,u4_mem_reg\[2\]\[29\]/D,net,pin
g166302/Y,n_10681,pin,net
n_10683,g53/A2,net,pin
n_10683,g178805/A1,net,pin
g166304/Y,n_10683,pin,net
n_10684,g197613/A1,net,pin
n_10684,g173512/A1,net,pin
n_10684,g168472/A1,net,pin
n_10684,g166722/A2,net,pin
g166305/Y,n_10684,pin,net
n_107,u1_sdata_in_r_reg/D,net,pin
g160064/Y,n_107,pin,net
n_10709,g157158/A2,net,pin
n_10709,g157156/A2,net,pin
n_10709,g156114/A2,net,pin
n_10709,g154839__5477/A2,net,pin
n_10709,g154128__1881/A2,net,pin
n_10709,g153340__5107/A2,net,pin
n_10709,g152877__7482/A2,net,pin
n_10709,g152855__3680/A2,net,pin
n_10709,g152835__2398/A2,net,pin
n_10709,g152823__9945/A2,net,pin
drc_buf_sp166329/Y,n_10709,pin,net
n_10735,g156722/A2,net,pin
n_10735,g156719/A2,net,pin
n_10735,g156115__1881/A2,net,pin
n_10735,g154840__2398/A2,net,pin
n_10735,g154127__6131/A2,net,pin
n_10735,g153341__8428/A2,net,pin
n_10735,g152878__4733/A2,net,pin
n_10735,g152856__1617/A2,net,pin
n_10735,g152832__6417/A2,net,pin
n_10735,g152824__2883/A2,net,pin
drc_buf_sp166354/Y,n_10735,pin,net
n_10761,g156722/B2,net,pin
n_10761,g156719/B2,net,pin
n_10761,g156115__1881/B2,net,pin
n_10761,g154840__2398/B2,net,pin
n_10761,g154127__6131/B2,net,pin
n_10761,g153341__8428/B2,net,pin
n_10761,g152878__4733/B2,net,pin
n_10761,g152856__1617/B2,net,pin
n_10761,g152832__6417/B2,net,pin
n_10761,g152824__2883/B2,net,pin
drc_buf_sp166379/Y,n_10761,pin,net
n_10787,g157158/B2,net,pin
n_10787,g157156/B2,net,pin
n_10787,g156114/B2,net,pin
n_10787,g154839__5477/B2,net,pin
n_10787,g154128__1881/B2,net,pin
n_10787,g153340__5107/B2,net,pin
n_10787,g152877__7482/B2,net,pin
n_10787,g152855__3680/B2,net,pin
n_10787,g152835__2398/B2,net,pin
n_10787,g152823__9945/B2,net,pin
drc_buf_sp166404/Y,n_10787,pin,net
n_108,g159161/B,net,pin
n_108,drc_bufs164586/A,net,pin
drc_bufs164441/Y,n_108,pin,net
n_10813,g155588/B2,net,pin
n_10813,g155585/B2,net,pin
n_10813,g155579/B2,net,pin
n_10813,g154838__6417/B2,net,pin
n_10813,g154129__5115/B2,net,pin
n_10813,g153339__5477/B2,net,pin
n_10813,g152880__9315/B2,net,pin
n_10813,g152858__1705/B2,net,pin
n_10813,g152836__5107/B2,net,pin
n_10813,g152826__1666/B2,net,pin
drc_buf_sp166429/Y,n_10813,pin,net
g159022/Y,n_1082,pin,net
n_1082,g158017/A,net,pin
n_1082,g157289/A3,net,pin
g158017/Y,n_1083,pin,net
n_1083,g157286/A2,net,pin
n_10839,g155588/A2,net,pin
n_10839,g155585/A2,net,pin
n_10839,g155579/A2,net,pin
n_10839,g154838__6417/A2,net,pin
n_10839,g154129__5115/A2,net,pin
n_10839,g153339__5477/A2,net,pin
n_10839,g152880__9315/A2,net,pin
n_10839,g152858__1705/A2,net,pin
n_10839,g152836__5107/A2,net,pin
n_10839,g152826__1666/A2,net,pin
drc_buf_sp166454/Y,n_10839,pin,net
n_1084,g169382/B,net,pin
g158011/Y,n_1084,pin,net
n_1086,g169382/C,net,pin
g158009/Y,n_1086,pin,net
n_10867,g181766/A,net,pin
n_10867,g169954/A,net,pin
n_10867,g169953/A,net,pin
g166481/Y,n_10867,pin,net
n_10867,g164286/B1,net,pin
n_10867,g163310/A2,net,pin
n_10869,g435/B,net,pin
g166482/Y,n_10869,pin,net
n_10870,g176040/A,net,pin
g166484/Y,n_10870,pin,net
g166485/Y,n_10871,pin,net
n_10871,g156982/C,net,pin
g166487/Y,n_10873,pin,net
n_10873,g166247/B,net,pin
n_10877,g202338/C,net,pin
g166491/Y,n_10877,pin,net
g166492/Y,n_10878,pin,net
n_10878,g156981/C,net,pin
g159178/Y,n_1088,pin,net
n_1088,g158895/B,net,pin
n_1088,g158013/A2,net,pin
n_1088,g157581/B,net,pin
g166494/Y,n_10881,pin,net
n_10881,g156983/C,net,pin
g166495/Y,n_10882,pin,net
n_10882,g156986/C,net,pin
g166497/Y,n_10884,pin,net
n_10884,g143/A,net,pin
g166498/Y,n_10885,pin,net
n_10885,g166252/B,net,pin
g166500/Y,n_10887,pin,net
n_10887,g156984/C,net,pin
n_10888,g171436/B,net,pin
g166501/Y,n_10888,pin,net
n_10889,g181768/B1,net,pin
g181766/Y,n_10889,pin,net
n_10889,g169945/B2,net,pin
n_10889,g169001/A,net,pin
n_10889,g166610/B1,net,pin
n_10889,g166501/A2,net,pin
n_10889,g166500/A2,net,pin
n_10889,g166498/A2,net,pin
n_10889,g166497/A2,net,pin
n_10889,g166495/A2,net,pin
n_10889,g166494/A2,net,pin
n_1089,u2_out_le_reg\[3\]/D,net,pin
g157581/Y,n_1089,pin,net
n_10890,g223600/A,net,pin
drc_buf_sp46/Y,n_10890,pin,net
n_10890,drc_buf_sp45/A,net,pin
n_10891,g202288/A2,net,pin
n_10891,g186040/A2,net,pin
n_10891,g179699/A2,net,pin
n_10891,g167912/A1,net,pin
n_10891,g166567/A2,net,pin
n_10891,g166516/A1,net,pin
n_10891,g166512/A2,net,pin
n_10891,g166506/A2,net,pin
n_10891,g166503/A2,net,pin
drc_buf_sp45/Y,n_10891,pin,net
n_10892,u8_mem_reg\[2\]\[1\]/D,net,pin
g166503/Y,n_10892,pin,net
n_10894,u5_mem_reg\[2\]\[1\]/D,net,pin
g166504/Y,n_10894,pin,net
n_10895,u7_mem_reg\[2\]\[1\]/D,net,pin
g166505/Y,n_10895,pin,net
n_10896,u4_mem_reg\[2\]\[1\]/D,net,pin
g166506/Y,n_10896,pin,net
n_10902,u6_mem_reg\[0\]\[1\]/D,net,pin
g166512/Y,n_10902,pin,net
n_10906,u8_mem_reg\[0\]\[1\]/D,net,pin
g166516/Y,n_10906,pin,net
n_10910,u13_resume_req_reg/D,net,pin
g166520/Y,n_10910,pin,net
n_10916,u13_ac97_rst_force_reg/D,net,pin
g166526/Y,n_10916,pin,net
n_10918,u4_mem_reg\[2\]\[0\]/D,net,pin
g166528/Y,n_10918,pin,net
n_10919,u7_mem_reg\[2\]\[0\]/D,net,pin
g166529/Y,n_10919,pin,net
n_10921,u5_mem_reg\[2\]\[0\]/D,net,pin
g166531/Y,n_10921,pin,net
n_10922,u8_mem_reg\[2\]\[0\]/D,net,pin
g166532/Y,n_10922,pin,net
n_10923,u8_mem_reg\[0\]\[0\]/D,net,pin
g166533/Y,n_10923,pin,net
n_10924,g216466/B1,net,pin
n_10924,g202305/A2,net,pin
n_10924,g186039/A2,net,pin
n_10924,g184877/A1,net,pin
n_10924,g179700/A2,net,pin
n_10924,g176743/B1,net,pin
n_10924,g175414/A1,net,pin
n_10924,g167858/A2,net,pin
n_10924,g166538/A2,net,pin
g164246_dup/Y,n_10924,pin,net
n_10929,u6_mem_reg\[0\]\[0\]/D,net,pin
g166538/Y,n_10929,pin,net
n_10935,g166553/B,net,pin
n_10935,g166552/B,net,pin
n_10935,g166551/B,net,pin
n_10935,g166550/B,net,pin
n_10935,g166546/A,net,pin
g166545/Y,n_10935,pin,net
n_10935,g166544/A,net,pin
n_10936,u11_empty_reg/D,net,pin
g166544/Y,n_10936,pin,net
n_10937,g44/B,net,pin
n_10937,g196187/B2,net,pin
n_10937,g175618/A2,net,pin
g166546/Y,n_10937,pin,net
n_10937,g158933/B,net,pin
n_10937,g158932/B,net,pin
n_10937,g158929/B,net,pin
n_10937,g158927/B,net,pin
n_10937,g158913/B,net,pin
n_10937,g158912/B,net,pin
n_10937,g158911/B,net,pin
n_10937,g158910/B,net,pin
n_10937,g158909/B,net,pin
n_10937,g158907/B,net,pin
n_10937,g158906/B,net,pin
n_10937,g158829/A2,net,pin
n_10937,g158530/A2,net,pin
n_10941,g179828/C,net,pin
g166550/Y,n_10941,pin,net
g166551/Y,n_10942,pin,net
n_10942,g158477/C,net,pin
g166552/Y,n_10943,pin,net
n_10943,g158521/C,net,pin
g166553/Y,n_10944,pin,net
n_10944,g158527/C,net,pin
n_10959,u13_occ1_r_reg\[1\]/D,net,pin
g166567/Y,n_10959,pin,net
n_10960,u13_occ1_r_reg\[13\]/D,net,pin
g166568/Y,n_10960,pin,net
n_10961,u13_occ1_r_reg\[5\]/D,net,pin
g166569/Y,n_10961,pin,net
n_10962,u13_occ1_r_reg\[12\]/D,net,pin
g166570/Y,n_10962,pin,net
n_10963,u13_occ1_r_reg\[11\]/D,net,pin
g166571/Y,n_10963,pin,net
n_10969,u13_occ1_r_reg\[3\]/D,net,pin
g166576/Y,n_10969,pin,net
n_10970,u13_occ1_r_reg\[2\]/D,net,pin
g166577/Y,n_10970,pin,net
n_10971,u13_occ1_r_reg\[7\]/D,net,pin
g166578/Y,n_10971,pin,net
n_11000,g181987/A,net,pin
g166608/Y,n_11000,pin,net
g166609/Y,n_11003,pin,net
n_11003,g166242/B,net,pin
g166610/Y,n_11004,pin,net
n_11004,g166253/B,net,pin
n_11006,g92/A2,net,pin
g181986/Y,n_11006,pin,net
n_11006,g181981/B1,net,pin
g166613/Y,n_11007,pin,net
n_11007,g166251/B,net,pin
g166614/Y,n_11008,pin,net
n_11008,g166255/B,net,pin
g166615/Y,n_11009,pin,net
n_11009,g166249/B,net,pin
g166616/Y,n_11010,pin,net
n_11010,g166245/B,net,pin
n_11011,g200192/A1,net,pin
n_11011,g196605/A2,net,pin
g181987/Y,n_11011,pin,net
n_11011,g181986/A,net,pin
n_11011,g179852/A1,net,pin
n_11011,g166624/A1,net,pin
n_11011,g166622/A1,net,pin
n_11011,g166620/A1,net,pin
n_11011,g166618/A1,net,pin
n_11011,g166617/A1,net,pin
n_11011,g166616/A1,net,pin
n_11011,g166615/A1,net,pin
n_11011,g166614/A2,net,pin
n_11011,g166613/A1,net,pin
n_11011,g166610/A1,net,pin
n_11011,g166609/A2,net,pin
n_11011,g10/A,net,pin
n_11012,g171439/B,net,pin
g166617/Y,n_11012,pin,net
g166618/Y,n_11013,pin,net
n_11013,g166248/B,net,pin
n_11015,g202339/B,net,pin
g166620/Y,n_11015,pin,net
g166622/Y,n_11017,pin,net
n_11017,g166257/B,net,pin
g166624/Y,n_11019,pin,net
n_11019,g166260/B,net,pin
n_11046,g155591/A2,net,pin
n_11046,g155589__6417/A2,net,pin
n_11046,g154396__4733/A2,net,pin
n_11046,g153589__6783/A2,net,pin
n_11046,g152963__7410/A2,net,pin
n_11046,g152867__6131/A2,net,pin
n_11046,g152845__5526/A2,net,pin
n_11046,g152816__6161/A2,net,pin
drc_buf_sp166649/Y,n_11046,pin,net
g160078/Y,n_111,pin,net
n_111,g158090/A1,net,pin
n_11124,g169195/A2,net,pin
g166713/Y,n_11124,pin,net
n_11124,g165153/A,net,pin
n_11124,g156772_dup166716/B,net,pin
n_11124,g156772_dup165220_dup/B,net,pin
n_11124,g156764/B,net,pin
n_11125,g166723/B2,net,pin
n_11125,g166722/B2,net,pin
n_11125,g166721/B2,net,pin
n_11125,g166720/B2,net,pin
n_11125,g166719/A1,net,pin
n_11125,g166717/B2,net,pin
n_11125,g166715/A,net,pin
n_11125,g166714/B2,net,pin
g156772_dup166716/Y,n_11125,pin,net
n_11125,g156665_dup166718/A,net,pin
n_11126,g166730/A1,net,pin
n_11126,g166729/A1,net,pin
n_11126,g166728/A1,net,pin
n_11126,g166725/A1,net,pin
n_11126,g166722/A1,net,pin
n_11126,g166720/A1,net,pin
g166715/Y,n_11126,pin,net
n_11126,g166714/A1,net,pin
n_11126,g165722/A1,net,pin
n_11126,g165694/A1,net,pin
n_11126,g165662/A1,net,pin
n_11126,g165577/A1,net,pin
n_11126,g165519/A1,net,pin
n_11126,g165433/A1,net,pin
n_11126,g165371/A1,net,pin
n_11126,g155658/A1,net,pin
n_11126,g155632/A1,net,pin
n_11127,u5_mem_reg\[3\]\[17\]/D,net,pin
g166714/Y,n_11127,pin,net
n_11128,g214960/A1,net,pin
n_11128,g166732/A1,net,pin
n_11128,g166731/A1,net,pin
n_11128,g166727/A1,net,pin
n_11128,g166726/A1,net,pin
n_11128,g166724/A1,net,pin
n_11128,g166723/A1,net,pin
n_11128,g166721/A1,net,pin
n_11128,g166717/A1,net,pin
n_11128,g165633/A1,net,pin
n_11128,g165546/A1,net,pin
n_11128,g165490/A1,net,pin
n_11128,g165461/A1,net,pin
n_11128,g165400/A2,net,pin
n_11128,g165344/A1,net,pin
g156665_dup166718/Y,n_11128,pin,net
n_11128,g155631/A1,net,pin
n_11129,u5_mem_reg\[3\]\[16\]/D,net,pin
g166717/Y,n_11129,pin,net
n_1113,g173015/B1,net,pin
g158238/Y,n_1113,pin,net
n_11130,u5_wp_reg\[2\]/D,net,pin
g166719/Y,n_11130,pin,net
n_11131,u5_mem_reg\[3\]\[31\]/D,net,pin
g166720/Y,n_11131,pin,net
n_11132,u5_mem_reg\[3\]\[30\]/D,net,pin
g166721/Y,n_11132,pin,net
n_11133,u5_mem_reg\[3\]\[29\]/D,net,pin
g166722/Y,n_11133,pin,net
n_11134,u5_mem_reg\[3\]\[28\]/D,net,pin
g166723/Y,n_11134,pin,net
n_11135,g166732/B2,net,pin
n_11135,g166731/B2,net,pin
n_11135,g166730/B2,net,pin
n_11135,g166729/B2,net,pin
n_11135,g166728/B2,net,pin
n_11135,g166727/B2,net,pin
n_11135,g166726/B2,net,pin
n_11135,g166725/B2,net,pin
n_11135,g166724/B2,net,pin
g156772_dup165220_dup/Y,n_11135,pin,net
n_11136,u5_mem_reg\[3\]\[26\]/D,net,pin
g166724/Y,n_11136,pin,net
n_11137,u5_mem_reg\[3\]\[25\]/D,net,pin
g166725/Y,n_11137,pin,net
n_11138,u5_mem_reg\[3\]\[24\]/D,net,pin
g166726/Y,n_11138,pin,net
n_11139,u5_mem_reg\[3\]\[23\]/D,net,pin
g166727/Y,n_11139,pin,net
n_11140,u5_mem_reg\[3\]\[22\]/D,net,pin
g166728/Y,n_11140,pin,net
n_11141,u5_mem_reg\[3\]\[21\]/D,net,pin
g166729/Y,n_11141,pin,net
n_11142,u5_mem_reg\[3\]\[20\]/D,net,pin
g166730/Y,n_11142,pin,net
n_11143,u5_mem_reg\[3\]\[19\]/D,net,pin
g166731/Y,n_11143,pin,net
n_11144,u5_mem_reg\[3\]\[18\]/D,net,pin
g166732/Y,n_11144,pin,net
n_11183,u4_mem_reg\[3\]\[26\]/D,net,pin
g166769/Y,n_11183,pin,net
n_11184,u4_mem_reg\[3\]\[25\]/D,net,pin
g166770/Y,n_11184,pin,net
n_11185,u4_mem_reg\[3\]\[24\]/D,net,pin
g166771/Y,n_11185,pin,net
n_11186,u4_mem_reg\[3\]\[23\]/D,net,pin
g166772/Y,n_11186,pin,net
n_11187,u4_mem_reg\[3\]\[22\]/D,net,pin
g166773/Y,n_11187,pin,net
n_11188,u4_mem_reg\[3\]\[21\]/D,net,pin
g166774/Y,n_11188,pin,net
n_11190,u4_mem_reg\[3\]\[19\]/D,net,pin
g166776/Y,n_11190,pin,net
n_11191,u4_mem_reg\[3\]\[18\]/D,net,pin
g166777/Y,n_11191,pin,net
n_11197,u8_mem_reg\[3\]\[17\]/D,net,pin
g166783/Y,n_11197,pin,net
n_112,u14_crac_valid_r_reg/D,net,pin
g160100/Y,n_112,pin,net
n_11204,g197748/B2,net,pin
n_11204,g197708/B2,net,pin
n_11204,g197686/B2,net,pin
n_11204,g197631/B2,net,pin
n_11204,g197608/B2,net,pin
n_11204,g197544/B2,net,pin
n_11204,g197539/B2,net,pin
n_11204,g177544/B2,net,pin
n_11204,g166797/B2,net,pin
g156773_dup165222_dup/Y,n_11204,pin,net
n_11212,u8_mem_reg\[3\]\[19\]/D,net,pin
g166797/Y,n_11212,pin,net
n_11259,u7_mem_reg\[3\]\[3\]/D,net,pin
g166841/Y,n_11259,pin,net
n_11295,u6_mem_reg\[3\]\[1\]/D,net,pin
g166878/Y,n_11295,pin,net
n_113,g184059/B,net,pin
g184056/Y,n_113,pin,net
n_113,g159627/A,net,pin
n_113,g158303/A3,net,pin
n_11312,g182066/B,net,pin
n_11312,g182064/A,net,pin
g166892/Y,n_11312,pin,net
g158771/Y,n_1145,pin,net
n_1145,g157921/A,net,pin
n_11477,g167161/B1,net,pin
n_11477,g167160/B1,net,pin
n_11477,g167159/B1,net,pin
n_11477,g167158/B1,net,pin
n_11477,g167157/B1,net,pin
n_11477,g167156/B1,net,pin
n_11477,g167155/B1,net,pin
n_11477,g167154/B1,net,pin
n_11477,g167153/B1,net,pin
n_11477,g167152/B1,net,pin
n_11477,g167151/B1,net,pin
n_11477,g167150/B1,net,pin
n_11477,g167149/B1,net,pin
n_11477,g167148/B1,net,pin
n_11477,g167147/B1,net,pin
n_11477,g167146/B1,net,pin
n_11477,g167145/B1,net,pin
n_11477,g167144/B1,net,pin
n_11477,g167143/B1,net,pin
n_11477,g167142/B1,net,pin
n_11477,g167141/B1,net,pin
n_11477,g167140/B1,net,pin
n_11477,g167139/B1,net,pin
n_11477,g167138/B1,net,pin
n_11477,g167137/B1,net,pin
n_11477,g167136/B1,net,pin
n_11477,g167135/B1,net,pin
n_11477,g167134/B1,net,pin
n_11477,g167133/B1,net,pin
n_11477,g167132/B1,net,pin
n_11477,g167131/B1,net,pin
n_11477,g167129/B1,net,pin
g167024/Y,n_11477,pin,net
n_11477,g167023/B1,net,pin
n_11478,u11_rp_reg\[1\]/D,net,pin
g167023/Y,n_11478,pin,net
n_11512,g167196/B1,net,pin
n_11512,g167195/B1,net,pin
n_11512,g167194/B1,net,pin
n_11512,g167193/B1,net,pin
n_11512,g167192/B1,net,pin
n_11512,g167191/B1,net,pin
n_11512,g167190/B1,net,pin
n_11512,g167189/B1,net,pin
n_11512,g167188/B1,net,pin
n_11512,g167187/B1,net,pin
n_11512,g167186/B1,net,pin
n_11512,g167185/B1,net,pin
n_11512,g167184/B1,net,pin
n_11512,g167183/B1,net,pin
n_11512,g167182/B1,net,pin
n_11512,g167181/B1,net,pin
n_11512,g167180/B1,net,pin
n_11512,g167179/B1,net,pin
n_11512,g167178/B1,net,pin
n_11512,g167177/B1,net,pin
n_11512,g167176/B1,net,pin
n_11512,g167175/B1,net,pin
n_11512,g167174/B1,net,pin
n_11512,g167173/B1,net,pin
n_11512,g167172/B1,net,pin
n_11512,g167171/B1,net,pin
n_11512,g167170/B1,net,pin
n_11512,g167169/B1,net,pin
n_11512,g167168/B1,net,pin
n_11512,g167167/B1,net,pin
n_11512,g167166/B1,net,pin
n_11512,g167164/B1,net,pin
g167059/Y,n_11512,pin,net
n_11512,g167058/B1,net,pin
n_11513,u9_rp_reg\[1\]/D,net,pin
g167058/Y,n_11513,pin,net
n_1153,g173047/B,net,pin
g158559/Y,n_1153,pin,net
n_11548,g184510/A2,net,pin
n_11548,g167126/A1,net,pin
n_11548,g167125/A1,net,pin
n_11548,g167124/A1,net,pin
n_11548,g167123/A1,net,pin
n_11548,g167122/A1,net,pin
n_11548,g167121/A1,net,pin
n_11548,g167120/A1,net,pin
n_11548,g167119/A1,net,pin
n_11548,g167118/A1,net,pin
n_11548,g167117/A1,net,pin
n_11548,g167116/A1,net,pin
n_11548,g167115/A1,net,pin
n_11548,g167114/A1,net,pin
n_11548,g167113/A1,net,pin
n_11548,g167112/A1,net,pin
n_11548,g167111/A1,net,pin
n_11548,g167110/A1,net,pin
n_11548,g167109/A1,net,pin
n_11548,g167108/A1,net,pin
n_11548,g167107/A1,net,pin
n_11548,g167106/A1,net,pin
n_11548,g167105/A1,net,pin
n_11548,g167104/A1,net,pin
n_11548,g167103/A1,net,pin
n_11548,g167102/A1,net,pin
n_11548,g167101/A1,net,pin
n_11548,g167100/A1,net,pin
n_11548,g167099/A1,net,pin
n_11548,g167098/A1,net,pin
n_11548,g167097/A1,net,pin
n_11548,g167096/A1,net,pin
g167095/Y,n_11548,pin,net
g167096/Y,n_11550,pin,net
n_11550,g157816/B,net,pin
g167097/Y,n_11551,pin,net
n_11551,g157871/B,net,pin
g167098/Y,n_11552,pin,net
n_11552,g157860/B,net,pin
g167099/Y,n_11553,pin,net
n_11553,g157841/B,net,pin
g167100/Y,n_11554,pin,net
n_11554,g157822/B,net,pin
g167101/Y,n_11555,pin,net
n_11555,g157779/B,net,pin
g167102/Y,n_11556,pin,net
n_11556,g157869/B,net,pin
g167103/Y,n_11557,pin,net
n_11557,g157858/B,net,pin
g167104/Y,n_11558,pin,net
n_11558,g157821/B,net,pin
g167105/Y,n_11559,pin,net
n_11559,g157776/B,net,pin
g167106/Y,n_11560,pin,net
n_11560,g157781/B,net,pin
g167107/Y,n_11561,pin,net
n_11561,g157820/B,net,pin
g167108/Y,n_11562,pin,net
n_11562,g157827/B,net,pin
g167109/Y,n_11563,pin,net
n_11563,g157874/B,net,pin
g167110/Y,n_11564,pin,net
n_11564,g157803/B,net,pin
g167111/Y,n_11565,pin,net
n_11565,g157861/B,net,pin
g167112/Y,n_11566,pin,net
n_11566,g157817/B,net,pin
g167113/Y,n_11567,pin,net
n_11567,g157828/B,net,pin
g167114/Y,n_11568,pin,net
n_11568,g158006/B,net,pin
g167115/Y,n_11569,pin,net
n_11569,g157854/B,net,pin
g167116/Y,n_11570,pin,net
n_11570,g157814/B,net,pin
g167117/Y,n_11571,pin,net
n_11571,g157868/B,net,pin
g167118/Y,n_11572,pin,net
n_11572,g157780/B,net,pin
g167119/Y,n_11573,pin,net
n_11573,g157863/B,net,pin
g167120/Y,n_11574,pin,net
n_11574,g157867/B,net,pin
g167121/Y,n_11575,pin,net
n_11575,g157818/B,net,pin
g167122/Y,n_11576,pin,net
n_11576,g157815/B,net,pin
g167123/Y,n_11577,pin,net
n_11577,g157826/B,net,pin
g167124/Y,n_11578,pin,net
n_11578,g157824/B,net,pin
g167125/Y,n_11579,pin,net
n_11579,g157819/B,net,pin
g167126/Y,n_11580,pin,net
n_11580,g157778/B,net,pin
n_11583,g167161/A1,net,pin
n_11583,g167160/A1,net,pin
n_11583,g167159/A1,net,pin
n_11583,g167158/A1,net,pin
n_11583,g167157/A1,net,pin
n_11583,g167156/A1,net,pin
n_11583,g167155/A1,net,pin
n_11583,g167154/A1,net,pin
n_11583,g167153/A1,net,pin
n_11583,g167152/A1,net,pin
n_11583,g167151/A1,net,pin
n_11583,g167150/A1,net,pin
n_11583,g167149/A1,net,pin
n_11583,g167148/A1,net,pin
n_11583,g167147/A1,net,pin
n_11583,g167146/A1,net,pin
n_11583,g167145/A1,net,pin
n_11583,g167144/A1,net,pin
n_11583,g167143/A1,net,pin
n_11583,g167142/A1,net,pin
n_11583,g167141/A1,net,pin
n_11583,g167140/A1,net,pin
n_11583,g167139/A1,net,pin
n_11583,g167138/A1,net,pin
n_11583,g167137/A1,net,pin
n_11583,g167136/A1,net,pin
n_11583,g167135/A1,net,pin
n_11583,g167134/A1,net,pin
n_11583,g167133/A1,net,pin
n_11583,g167132/A1,net,pin
n_11583,g167131/A1,net,pin
g167130/Y,n_11583,pin,net
n_11583,g167129/A1,net,pin
g167129/Y,n_11584,pin,net
n_11584,g157835/B,net,pin
g167131/Y,n_11585,pin,net
n_11585,g157777/B,net,pin
g167132/Y,n_11586,pin,net
n_11586,g157855/B,net,pin
g167133/Y,n_11587,pin,net
n_11587,g157848/B,net,pin
g167134/Y,n_11588,pin,net
n_11588,g157843/B,net,pin
g167135/Y,n_11589,pin,net
n_11589,g157830/B,net,pin
g167136/Y,n_11590,pin,net
n_11590,g157831/B,net,pin
g167137/Y,n_11591,pin,net
n_11591,g157862/B,net,pin
g167138/Y,n_11592,pin,net
n_11592,g157840/B,net,pin
g167139/Y,n_11593,pin,net
n_11593,g157833/B,net,pin
g167140/Y,n_11594,pin,net
n_11594,g157836/B,net,pin
g167141/Y,n_11595,pin,net
n_11595,g157850/B,net,pin
g167142/Y,n_11596,pin,net
n_11596,g157851/B,net,pin
g167143/Y,n_11597,pin,net
n_11597,g157838/B,net,pin
g167144/Y,n_11598,pin,net
n_11598,g157864/B,net,pin
g167145/Y,n_11599,pin,net
n_11599,g157847/B,net,pin
n_116,g212411/B2,net,pin
g160081/Y,n_116,pin,net
g167146/Y,n_11600,pin,net
n_11600,g157857/B,net,pin
g167147/Y,n_11601,pin,net
n_11601,g158008/B,net,pin
g167148/Y,n_11602,pin,net
n_11602,g157845/B,net,pin
g167149/Y,n_11603,pin,net
n_11603,g157849/B,net,pin
g167150/Y,n_11604,pin,net
n_11604,g157859/B,net,pin
g167151/Y,n_11605,pin,net
n_11605,g157846/B,net,pin
g167152/Y,n_11606,pin,net
n_11606,g157839/B,net,pin
g167153/Y,n_11607,pin,net
n_11607,g157837/B,net,pin
g167154/Y,n_11608,pin,net
n_11608,g157834/B,net,pin
g167155/Y,n_11609,pin,net
n_11609,g157829/B,net,pin
g167156/Y,n_11610,pin,net
n_11610,g157853/B,net,pin
g167157/Y,n_11611,pin,net
n_11611,g157825/B,net,pin
g167158/Y,n_11612,pin,net
n_11612,g157832/B,net,pin
g167159/Y,n_11613,pin,net
n_11613,g157844/B,net,pin
g167160/Y,n_11614,pin,net
n_11614,g157852/B,net,pin
g167161/Y,n_11615,pin,net
n_11615,g157842/B,net,pin
n_11618,g167196/A1,net,pin
n_11618,g167195/A1,net,pin
n_11618,g167194/A1,net,pin
n_11618,g167193/A1,net,pin
n_11618,g167192/A1,net,pin
n_11618,g167191/A1,net,pin
n_11618,g167190/A1,net,pin
n_11618,g167189/A1,net,pin
n_11618,g167188/A1,net,pin
n_11618,g167187/A1,net,pin
n_11618,g167186/A1,net,pin
n_11618,g167185/A1,net,pin
n_11618,g167184/A1,net,pin
n_11618,g167183/A1,net,pin
n_11618,g167182/A1,net,pin
n_11618,g167181/A1,net,pin
n_11618,g167180/A1,net,pin
n_11618,g167179/A1,net,pin
n_11618,g167178/A1,net,pin
n_11618,g167177/A1,net,pin
n_11618,g167176/A1,net,pin
n_11618,g167175/A1,net,pin
n_11618,g167174/A1,net,pin
n_11618,g167173/A1,net,pin
n_11618,g167172/A1,net,pin
n_11618,g167171/A1,net,pin
n_11618,g167170/A1,net,pin
n_11618,g167169/A1,net,pin
n_11618,g167168/A1,net,pin
n_11618,g167167/A1,net,pin
n_11618,g167166/A1,net,pin
g167165/Y,n_11618,pin,net
n_11618,g167164/A1,net,pin
g167164/Y,n_11619,pin,net
n_11619,g157799/B,net,pin
g167166/Y,n_11620,pin,net
n_11620,g157797/B,net,pin
g167167/Y,n_11621,pin,net
n_11621,g157793/B,net,pin
g167168/Y,n_11622,pin,net
n_11622,g157783/B,net,pin
g167169/Y,n_11623,pin,net
n_11623,g157804/B,net,pin
g167170/Y,n_11624,pin,net
n_11624,g157811/B,net,pin
g167171/Y,n_11625,pin,net
n_11625,g157810/B,net,pin
g167172/Y,n_11626,pin,net
n_11626,g157809/B,net,pin
g167173/Y,n_11627,pin,net
n_11627,g157808/B,net,pin
g167174/Y,n_11628,pin,net
n_11628,g157807/B,net,pin
g167175/Y,n_11629,pin,net
n_11629,g157805/B,net,pin
g167176/Y,n_11630,pin,net
n_11630,g157802/B,net,pin
g167177/Y,n_11631,pin,net
n_11631,g157800/B,net,pin
g167178/Y,n_11632,pin,net
n_11632,g157798/B,net,pin
g167179/Y,n_11633,pin,net
n_11633,g157812/B,net,pin
g167180/Y,n_11634,pin,net
n_11634,g157792/B,net,pin
g167181/Y,n_11635,pin,net
n_11635,g157790/B,net,pin
g167182/Y,n_11636,pin,net
n_11636,g157789/B,net,pin
g167183/Y,n_11637,pin,net
n_11637,g157788/B,net,pin
g167184/Y,n_11638,pin,net
n_11638,g157784/B,net,pin
g167185/Y,n_11639,pin,net
n_11639,g157806/B,net,pin
g167186/Y,n_11640,pin,net
n_11640,g157813/B,net,pin
g167187/Y,n_11641,pin,net
n_11641,g157786/B,net,pin
g167188/Y,n_11642,pin,net
n_11642,g157787/B,net,pin
g167189/Y,n_11643,pin,net
n_11643,g157866/B,net,pin
g167190/Y,n_11644,pin,net
n_11644,g157791/B,net,pin
g167191/Y,n_11645,pin,net
n_11645,g157795/B,net,pin
g167192/Y,n_11646,pin,net
n_11646,g157794/B,net,pin
g167193/Y,n_11647,pin,net
n_11647,g157796/B,net,pin
g167194/Y,n_11648,pin,net
n_11648,g157782/B,net,pin
g167195/Y,n_11649,pin,net
n_11649,g157801/B,net,pin
g167196/Y,n_11650,pin,net
n_11650,g157785/B,net,pin
n_1167,g196730/A1,net,pin
n_1167,g196729/A1,net,pin
n_1167,g196728/A1,net,pin
n_1167,g196727/A1,net,pin
n_1167,g196726/A1,net,pin
n_1167,g196725/A1,net,pin
n_1167,g196724/A1,net,pin
n_1167,g196723/A1,net,pin
n_1167,g196722/A1,net,pin
n_1167,g196721/A1,net,pin
n_1167,g196720/A1,net,pin
n_1167,g196719/A1,net,pin
n_1167,g196718/A1,net,pin
n_1167,g196717/A1,net,pin
n_1167,g196716/A1,net,pin
n_1167,g196715/A1,net,pin
n_1167,g196714/A1,net,pin
n_1167,g196713/A1,net,pin
n_1167,g196712/A1,net,pin
n_1167,g196711/A1,net,pin
n_1167,g196710/A1,net,pin
n_1167,g196709/A1,net,pin
n_1167,g196708/A1,net,pin
n_1167,g196707/A1,net,pin
n_1167,g196706/A1,net,pin
n_1167,g196705/A1,net,pin
n_1167,g196704/A1,net,pin
n_1167,g196703/A1,net,pin
n_1167,g167023/A1,net,pin
n_1167,g165302/A1,net,pin
n_1167,g165300/A1,net,pin
n_1167,g165292/A1,net,pin
n_1167,g165288/A1,net,pin
g159365/Y,n_1167,pin,net
n_11693,g200413/B2,net,pin
n_11693,g182872/B,net,pin
g167218/Y,n_11693,pin,net
n_11693,g158924/A,net,pin
n_11697,u10_mem_reg\[0\]\[18\]/D,net,pin
g154082__167222/Y,n_11697,pin,net
n_11699,u10_mem_reg\[1\]\[18\]/D,net,pin
g153869__167224/Y,n_11699,pin,net
n_117,g39/A,net,pin
g170042/Y,n_117,pin,net
n_117,g170041/A,net,pin
n_1171,g184964/A1,net,pin
n_1171,g184963/A1,net,pin
n_1171,g184962/A1,net,pin
n_1171,g184961/A1,net,pin
n_1171,g184960/A1,net,pin
n_1171,g184959/A1,net,pin
n_1171,g184958/A1,net,pin
n_1171,g184957/A1,net,pin
n_1171,g184956/A1,net,pin
n_1171,g184955/A1,net,pin
n_1171,g184954/A1,net,pin
n_1171,g184953/A1,net,pin
n_1171,g184952/A1,net,pin
n_1171,g184951/A1,net,pin
n_1171,g184950/A1,net,pin
n_1171,g184949/A1,net,pin
n_1171,g184948/A1,net,pin
n_1171,g184947/A1,net,pin
n_1171,g184946/A1,net,pin
n_1171,g184945/A1,net,pin
n_1171,g184944/A1,net,pin
n_1171,g184943/A1,net,pin
n_1171,g184942/A1,net,pin
n_1171,g184941/A1,net,pin
n_1171,g184940/A1,net,pin
n_1171,g184939/A1,net,pin
n_1171,g184938/A1,net,pin
n_1171,g184936/A1,net,pin
n_1171,g167058/A1,net,pin
n_1171,g165339/A1,net,pin
n_1171,g165337/A1,net,pin
n_1171,g165323/A1,net,pin
n_1171,g165319/A1,net,pin
g159366/Y,n_1171,pin,net
n_1175,g170077/A2,net,pin
n_1175,g169200/B,net,pin
g158782/Y,n_1175,pin,net
n_1177,g176922/B,net,pin
n_1177,g169219/A1,net,pin
g158792/Y,n_1177,pin,net
g160092/Y,n_118,pin,net
n_118,g158114/A2,net,pin
n_1186,g168999/A,net,pin
g158842/Y,n_1186,pin,net
g167355/Y,n_11874,pin,net
n_11874,g154319__198592/A2,net,pin
n_119,g176749/B,net,pin
n_119,drc_bufs164580/A,net,pin
drc_bufs164429/Y,n_119,pin,net
g159847/Y,n_1192,pin,net
n_1192,g159327/A,net,pin
n_1192,g158372/C,net,pin
n_1192,g157297/D,net,pin
n_1192,g157291/D,net,pin
g159320/Y,n_1193,pin,net
n_1193,g157581/C,net,pin
n_1193,g157579/B,net,pin
n_1193,g157297/B,net,pin
n_1194,u2_out_le_reg\[1\]/D,net,pin
g157297/Y,n_1194,pin,net
g159402/Y,n_12,pin,net
n_12,g156963/A,net,pin
n_1201,g172206/C,net,pin
g158890/Y,n_1201,pin,net
n_12053,g186487/B,net,pin
g167520/Y,n_12053,pin,net
g167529/Y,n_12061,pin,net
n_12061,g167528/B2,net,pin
n_12062,g86/A2,net,pin
g167528/Y,n_12062,pin,net
n_12066,g189113/B,net,pin
g167533/Y,n_12066,pin,net
n_12067,g61/B,net,pin
g167534/Y,n_12067,pin,net
n_12070,g197943/A,net,pin
n_12070,g188352/A,net,pin
g167537/Y,n_12070,pin,net
n_1208,g172208/C,net,pin
g158879/Y,n_1208,pin,net
n_1209,g181838/B,net,pin
g158878/Y,n_1209,pin,net
g175201/Y,n_12097,pin,net
n_12097,g171453/A,net,pin
n_12097,g167562/A1,net,pin
n_12097,g122/A,net,pin
n_12097,fopt162752/A,net,pin
n_12098,g86/A1,net,pin
n_12098,g167564/A,net,pin
g167562/Y,n_12098,pin,net
n_12098,g153873__167561/A1,net,pin
n_12099,u6_rp_reg\[1\]/D,net,pin
g153873__167561/Y,n_12099,pin,net
g167564/Y,n_12100,pin,net
n_12100,g154319__198592/B,net,pin
n_12100,g154187__4733/B,net,pin
n_12106,g219093/B,net,pin
g159/Y,n_12106,pin,net
n_12116,g192710/A,net,pin
n_12116,g167580/A,net,pin
g167578/Y,n_12116,pin,net
n_12116,g167577/A,net,pin
n_12117,u14_u7_en_out_l2_reg/D,net,pin
g167577/Y,n_12117,pin,net
g167580/Y,n_12119,pin,net
n_12119,g154983/B,net,pin
n_12119,g154311/A1,net,pin
n_1214,g172207/C,net,pin
g158877/Y,n_1214,pin,net
n_12142,g173/B,net,pin
n_12142,g170821/B,net,pin
g167603/Y,n_12142,pin,net
n_12142,g156882/A,net,pin
n_12142,g100/A,net,pin
n_12143,g175616/B,net,pin
n_12143,g175589/A,net,pin
g167604/Y,n_12143,pin,net
n_12219,g213833/B2,net,pin
n_12219,g196639/B2,net,pin
n_12219,g176743/B2,net,pin
n_12219,g172169/B1,net,pin
n_12219,g172114/B1,net,pin
n_12219,g171492/B2,net,pin
n_12219,g171473/B2,net,pin
g167677/Y,n_12219,pin,net
n_12219,fopt205430/A,net,pin
n_12219,fopt205429/A,net,pin
n_12225,u6_status_reg\[0\]/D,net,pin
n_12225,g167685/A1,net,pin
g167682/Y,n_12225,pin,net
n_12226,u20_int_set_reg\[2\]/D,net,pin
g167684/Y,n_12226,pin,net
n_12227,g189098/B,net,pin
g167685/Y,n_12227,pin,net
n_12275,g217561/B,net,pin
n_12275,g178136/B1,net,pin
g167730/Y,n_12275,pin,net
n_12275,g159705/A,net,pin
n_1228,g196917/B,net,pin
g158849/Y,n_1228,pin,net
n_1229,g180443/B,net,pin
g158846/Y,n_1229,pin,net
g159435/Y,n_123,pin,net
n_123,g158104/A2,net,pin
n_1231,u1_sr_reg\[1\]/D,net,pin
g158836/Y,n_1231,pin,net
n_12403,g214946/A2,net,pin
n_12403,g213863/A2,net,pin
n_12403,g213847/A1,net,pin
n_12403,g167890/A1,net,pin
n_12403,g167889/A2,net,pin
n_12403,g167888/A1,net,pin
n_12403,g167887/A1,net,pin
n_12403,g167886/A2,net,pin
n_12403,g167884/A1,net,pin
n_12403,g167883/A2,net,pin
n_12403,g167882/A1,net,pin
n_12403,g167880/A1,net,pin
n_12403,g167879/A1,net,pin
n_12403,g167878/A1,net,pin
n_12403,g167877/A2,net,pin
n_12403,g167876/A1,net,pin
n_12403,g167875/A1,net,pin
n_12403,g167874/A1,net,pin
n_12403,g167873/A2,net,pin
n_12403,g167872/A2,net,pin
n_12403,g167870/A1,net,pin
n_12403,g167869/A2,net,pin
n_12403,g167868/A2,net,pin
n_12403,g167867/A2,net,pin
n_12403,g167866/A2,net,pin
n_12403,g167865/A2,net,pin
n_12403,g167864/A2,net,pin
n_12403,g167863/A1,net,pin
n_12403,g167862/A1,net,pin
n_12403,g167861/A1,net,pin
n_12403,g167860/A1,net,pin
g167859/Y,n_12403,pin,net
n_12403,g167858/A1,net,pin
n_12404,u7_mem_reg\[0\]\[0\]/D,net,pin
g167858/Y,n_12404,pin,net
n_12405,u7_mem_reg\[0\]\[1\]/D,net,pin
g167860/Y,n_12405,pin,net
n_12406,u7_mem_reg\[0\]\[24\]/D,net,pin
g167861/Y,n_12406,pin,net
n_12407,u7_mem_reg\[0\]\[31\]/D,net,pin
g167862/Y,n_12407,pin,net
n_12408,u7_mem_reg\[0\]\[23\]/D,net,pin
g167863/Y,n_12408,pin,net
n_12409,u7_mem_reg\[0\]\[21\]/D,net,pin
g167864/Y,n_12409,pin,net
n_1241,g173053/B,net,pin
g158796/Y,n_1241,pin,net
n_12410,u7_mem_reg\[0\]\[19\]/D,net,pin
g167865/Y,n_12410,pin,net
n_12411,u7_mem_reg\[0\]\[18\]/D,net,pin
g167866/Y,n_12411,pin,net
n_12412,u7_mem_reg\[0\]\[17\]/D,net,pin
g167867/Y,n_12412,pin,net
n_12413,u7_mem_reg\[0\]\[16\]/D,net,pin
g167868/Y,n_12413,pin,net
n_12414,u7_mem_reg\[0\]\[13\]/D,net,pin
g167869/Y,n_12414,pin,net
n_12415,u7_mem_reg\[0\]\[5\]/D,net,pin
g167870/Y,n_12415,pin,net
n_12417,u7_mem_reg\[0\]\[8\]/D,net,pin
g167872/Y,n_12417,pin,net
n_12418,u7_mem_reg\[0\]\[15\]/D,net,pin
g167873/Y,n_12418,pin,net
n_12419,u7_mem_reg\[0\]\[14\]/D,net,pin
g167874/Y,n_12419,pin,net
n_12420,u7_mem_reg\[0\]\[29\]/D,net,pin
g167875/Y,n_12420,pin,net
n_12421,u7_mem_reg\[0\]\[30\]/D,net,pin
g167876/Y,n_12421,pin,net
n_12422,u7_mem_reg\[0\]\[27\]/D,net,pin
g167877/Y,n_12422,pin,net
n_12423,u7_mem_reg\[0\]\[26\]/D,net,pin
g167878/Y,n_12423,pin,net
n_12424,u7_mem_reg\[0\]\[25\]/D,net,pin
g167879/Y,n_12424,pin,net
n_12425,u7_mem_reg\[0\]\[28\]/D,net,pin
g167880/Y,n_12425,pin,net
n_12427,u7_mem_reg\[0\]\[20\]/D,net,pin
g167882/Y,n_12427,pin,net
n_12428,u7_mem_reg\[0\]\[12\]/D,net,pin
g167883/Y,n_12428,pin,net
n_12429,u7_mem_reg\[0\]\[11\]/D,net,pin
g167884/Y,n_12429,pin,net
n_12431,u7_mem_reg\[0\]\[9\]/D,net,pin
g167886/Y,n_12431,pin,net
n_12432,u7_mem_reg\[0\]\[3\]/D,net,pin
g167887/Y,n_12432,pin,net
n_12433,u7_mem_reg\[0\]\[2\]/D,net,pin
g167888/Y,n_12433,pin,net
n_12434,u7_mem_reg\[0\]\[7\]/D,net,pin
g167889/Y,n_12434,pin,net
n_12435,u7_mem_reg\[0\]\[6\]/D,net,pin
g167890/Y,n_12435,pin,net
n_12438,u13_occ0_r_reg\[30\]/D,net,pin
g167892/Y,n_12438,pin,net
n_1244,g171388/B,net,pin
g158789/Y,n_1244,pin,net
n_12440,u13_occ0_r_reg\[27\]/D,net,pin
g167895/Y,n_12440,pin,net
n_12441,u13_occ0_r_reg\[26\]/D,net,pin
g167897/Y,n_12441,pin,net
n_12442,u13_occ0_r_reg\[25\]/D,net,pin
g167898/Y,n_12442,pin,net
n_12444,u13_occ0_r_reg\[31\]/D,net,pin
g167900/Y,n_12444,pin,net
n_12445,u13_occ0_r_reg\[19\]/D,net,pin
g167901/Y,n_12445,pin,net
n_12447,u13_occ0_r_reg\[17\]/D,net,pin
g167903/Y,n_12447,pin,net
n_12448,u13_occ0_r_reg\[13\]/D,net,pin
g167904/Y,n_12448,pin,net
n_12450,u13_occ0_r_reg\[12\]/D,net,pin
g167906/Y,n_12450,pin,net
n_12452,u13_occ0_r_reg\[7\]/D,net,pin
g167908/Y,n_12452,pin,net
n_12453,u13_occ0_r_reg\[14\]/D,net,pin
g167909/Y,n_12453,pin,net
n_12454,u13_occ0_r_reg\[6\]/D,net,pin
g167910/Y,n_12454,pin,net
n_12455,u13_occ0_r_reg\[0\]/D,net,pin
g167911/Y,n_12455,pin,net
n_12456,u13_occ0_r_reg\[1\]/D,net,pin
g167912/Y,n_12456,pin,net
n_12457,u13_occ0_r_reg\[29\]/D,net,pin
g167913/Y,n_12457,pin,net
n_12458,u13_occ0_r_reg\[24\]/D,net,pin
g167914/Y,n_12458,pin,net
n_12459,u13_occ0_r_reg\[23\]/D,net,pin
g167915/Y,n_12459,pin,net
n_12461,u13_occ0_r_reg\[21\]/D,net,pin
g167917/Y,n_12461,pin,net
n_12463,u13_occ0_r_reg\[16\]/D,net,pin
g167919/Y,n_12463,pin,net
n_12466,u13_occ0_r_reg\[9\]/D,net,pin
g167922/Y,n_12466,pin,net
n_12468,u13_occ0_r_reg\[3\]/D,net,pin
g167924/Y,n_12468,pin,net
n_12469,u13_occ0_r_reg\[2\]/D,net,pin
g167925/Y,n_12469,pin,net
n_12470,u13_occ0_r_reg\[15\]/D,net,pin
g167926/Y,n_12470,pin,net
n_12482,g208862/B2,net,pin
n_12482,g176367/B2,net,pin
n_12482,g153577__6417/A1,net,pin
n_12482,g153557__168323/A1,net,pin
g107/Y,n_12482,pin,net
n_12519,g175/B1,net,pin
fopt167964/Y,n_12519,pin,net
g158725/Y,n_1259,pin,net
n_1259,g125/A,net,pin
g158713/Y,n_1261,pin,net
n_1261,g157899/A,net,pin
n_128,u12_dout_reg\[0\]/D,net,pin
g160060/Y,n_128,pin,net
n_12837,u11_mem_reg\[2\]\[11\]/D,net,pin
g153820__168262/Y,n_12837,pin,net
n_12838,u11_mem_reg\[2\]\[24\]/D,net,pin
g153909__168264/Y,n_12838,pin,net
n_12839,u11_mem_reg\[2\]\[23\]/D,net,pin
g153908__168265/Y,n_12839,pin,net
g158299/Y,n_1284,pin,net
n_1284,g157570/B,net,pin
n_12842,u11_mem_reg\[2\]\[22\]/D,net,pin
g153907__168268/Y,n_12842,pin,net
n_12843,u11_mem_reg\[2\]\[27\]/D,net,pin
g153912__168269/Y,n_12843,pin,net
n_12845,u11_mem_reg\[2\]\[29\]/D,net,pin
g153914__168271/Y,n_12845,pin,net
n_12846,u11_mem_reg\[2\]\[21\]/D,net,pin
g153906__168272/Y,n_12846,pin,net
n_12847,u11_mem_reg\[2\]\[28\]/D,net,pin
g153913__168273/Y,n_12847,pin,net
n_12848,u11_mem_reg\[2\]\[26\]/D,net,pin
g153911__168274/Y,n_12848,pin,net
n_12849,u11_mem_reg\[2\]\[30\]/D,net,pin
g153915__168275/Y,n_12849,pin,net
n_1285,g178026/A,net,pin
n_1285,g178023/A2,net,pin
g159073/Y,n_1285,pin,net
n_1285,g158294/B,net,pin
n_1285,g158284/B,net,pin
n_12851,u11_mem_reg\[2\]\[5\]/D,net,pin
g153814__168277/Y,n_12851,pin,net
n_12854,u11_mem_reg\[2\]\[15\]/D,net,pin
g153824__168280/Y,n_12854,pin,net
n_12855,u11_mem_reg\[2\]\[17\]/D,net,pin
g153826__168281/Y,n_12855,pin,net
n_12856,u11_mem_reg\[2\]\[16\]/D,net,pin
g153825__168282/Y,n_12856,pin,net
n_12857,u11_mem_reg\[2\]\[18\]/D,net,pin
g153827__168283/Y,n_12857,pin,net
n_12858,u11_mem_reg\[2\]\[13\]/D,net,pin
g153822__168284/Y,n_12858,pin,net
n_12859,u11_mem_reg\[2\]\[12\]/D,net,pin
g153821__168285/Y,n_12859,pin,net
g158294/Y,n_1286,pin,net
n_1286,g157316/C,net,pin
n_12861,u11_mem_reg\[2\]\[9\]/D,net,pin
g153818__168287/Y,n_12861,pin,net
n_12863,u11_mem_reg\[2\]\[6\]/D,net,pin
g153815__168289/Y,n_12863,pin,net
n_12865,u11_mem_reg\[2\]\[2\]/D,net,pin
g153811__168291/Y,n_12865,pin,net
n_12867,u11_mem_reg\[2\]\[1\]/D,net,pin
g153810__168293/Y,n_12867,pin,net
n_12868,g168298/A,net,pin
n_12868,g168295/A,net,pin
g154432__168296/Y,n_12868,pin,net
g168295/Y,n_12869,pin,net
n_12869,g153976__168300/A1,net,pin
n_12869,g153904__168302/A1,net,pin
n_12869,g153903__168303/A2,net,pin
n_12869,g153902__168304/A2,net,pin
n_12869,g153900__168305/A2,net,pin
n_12869,g153899__168306/A2,net,pin
n_12869,g153898__168307/A1,net,pin
n_12869,g153897__168308/A2,net,pin
n_12869,g153896__168309/A2,net,pin
n_12869,g153895__168310/A2,net,pin
n_12869,g153894__168311/A2,net,pin
n_12869,g153893__168312/A2,net,pin
n_12869,g153763__168294/A1,net,pin
n_12869,g153552__168299/A1,net,pin
n_12869,g153544__168301/A1,net,pin
g158293/Y,n_1287,pin,net
n_1287,g158038/B,net,pin
n_12870,u9_mem_reg\[2\]\[19\]/D,net,pin
g153763__168294/Y,n_12870,pin,net
n_12871,g168313/B2,net,pin
g168298/Y,n_12871,pin,net
n_12871,g153901__168297/A1,net,pin
n_12871,g153762__168314/A1,net,pin
n_12871,g153761__168317/A1,net,pin
n_12871,g153558__168322/A2,net,pin
n_12871,g153557__168323/A2,net,pin
n_12871,g153556__168324/A2,net,pin
n_12871,g153555__168325/A2,net,pin
n_12871,g153553__168326/A1,net,pin
n_12871,g153551__168327/A1,net,pin
n_12871,g153550__178342/A1,net,pin
n_12871,g153549__168316/A1,net,pin
n_12871,g153548__168315/A1,net,pin
n_12871,g153547__168319/A1,net,pin
n_12871,g153546__168328/A1,net,pin
n_12871,g153545__168318/A1,net,pin
n_12871,g153543__168321/A1,net,pin
n_12872,u9_mem_reg\[2\]\[28\]/D,net,pin
g153901__168297/Y,n_12872,pin,net
n_12873,u9_mem_reg\[2\]\[6\]/D,net,pin
g153552__168299/Y,n_12873,pin,net
n_12874,u9_mem_reg\[2\]\[16\]/D,net,pin
g153976__168300/Y,n_12874,pin,net
n_12875,u9_mem_reg\[2\]\[14\]/D,net,pin
g153544__168301/Y,n_12875,pin,net
n_12876,u9_mem_reg\[2\]\[31\]/D,net,pin
g153904__168302/Y,n_12876,pin,net
n_12877,u9_mem_reg\[2\]\[30\]/D,net,pin
g153903__168303/Y,n_12877,pin,net
n_12878,u9_mem_reg\[2\]\[29\]/D,net,pin
g153902__168304/Y,n_12878,pin,net
n_12879,u9_mem_reg\[2\]\[27\]/D,net,pin
g153900__168305/Y,n_12879,pin,net
g158292/Y,n_1288,pin,net
n_1288,g158070/B,net,pin
n_12880,u9_mem_reg\[2\]\[26\]/D,net,pin
g153899__168306/Y,n_12880,pin,net
n_12881,u9_mem_reg\[2\]\[25\]/D,net,pin
g153898__168307/Y,n_12881,pin,net
n_12882,u9_mem_reg\[2\]\[24\]/D,net,pin
g153897__168308/Y,n_12882,pin,net
n_12883,u9_mem_reg\[2\]\[23\]/D,net,pin
g153896__168309/Y,n_12883,pin,net
n_12884,u9_mem_reg\[2\]\[22\]/D,net,pin
g153895__168310/Y,n_12884,pin,net
n_12885,u9_mem_reg\[2\]\[21\]/D,net,pin
g153894__168311/Y,n_12885,pin,net
n_12886,u9_mem_reg\[2\]\[20\]/D,net,pin
g153893__168312/Y,n_12886,pin,net
n_12887,u9_mem_reg\[2\]\[4\]/D,net,pin
g168313/Y,n_12887,pin,net
n_12888,u9_mem_reg\[2\]\[18\]/D,net,pin
g153762__168314/Y,n_12888,pin,net
n_12889,u9_mem_reg\[2\]\[10\]/D,net,pin
g153548__168315/Y,n_12889,pin,net
n_1289,g194198/B,net,pin
g158834/Y,n_1289,pin,net
n_1289,g158289/B,net,pin
n_12890,u9_mem_reg\[2\]\[9\]/D,net,pin
g153549__168316/Y,n_12890,pin,net
n_12891,u9_mem_reg\[2\]\[17\]/D,net,pin
g153761__168317/Y,n_12891,pin,net
n_12892,u9_mem_reg\[2\]\[13\]/D,net,pin
g153545__168318/Y,n_12892,pin,net
n_12893,u9_mem_reg\[2\]\[11\]/D,net,pin
g153547__168319/Y,n_12893,pin,net
n_12895,u9_mem_reg\[2\]\[15\]/D,net,pin
g153543__168321/Y,n_12895,pin,net
n_12896,u9_mem_reg\[2\]\[0\]/D,net,pin
g153558__168322/Y,n_12896,pin,net
n_12897,u9_mem_reg\[2\]\[1\]/D,net,pin
g153557__168323/Y,n_12897,pin,net
n_12898,u9_mem_reg\[2\]\[2\]/D,net,pin
g153556__168324/Y,n_12898,pin,net
n_12899,u9_mem_reg\[2\]\[3\]/D,net,pin
g153555__168325/Y,n_12899,pin,net
n_1290,g194197/A1,net,pin
g158289/Y,n_1290,pin,net
n_12900,u9_mem_reg\[2\]\[5\]/D,net,pin
g153553__168326/Y,n_12900,pin,net
n_12901,u9_mem_reg\[2\]\[7\]/D,net,pin
g153551__168327/Y,n_12901,pin,net
n_12902,u9_mem_reg\[2\]\[12\]/D,net,pin
g153546__168328/Y,n_12902,pin,net
n_12908,g182070/A,net,pin
g168335/Y,n_12908,pin,net
n_1292,g175899/A2,net,pin
g158288/Y,n_1292,pin,net
g158284/Y,n_1296,pin,net
n_1296,g157307/C,net,pin
g158283/Y,n_1297,pin,net
n_1297,g158084/B,net,pin
n_130,g166610/B2,net,pin
g159381/Y,n_130,pin,net
n_13027,g182020/B2,net,pin
g168438/Y,n_13027,pin,net
n_13027,g167130/B,net,pin
n_13027,g167024/B,net,pin
n_13027,g157281/A,net,pin
n_13027,g156703/A2,net,pin
n_13035,g178198/B2,net,pin
g168446/Y,n_13035,pin,net
n_13035,g167165/A,net,pin
n_13035,g167059/B,net,pin
n_13035,g157280/A,net,pin
n_13035,g156701/A2,net,pin
g158235/Y,n_1306,pin,net
n_1306,g157875/A,net,pin
n_13063,u3_mem_reg\[3\]\[27\]/D,net,pin
g168463/Y,n_13063,pin,net
n_13064,u3_mem_reg\[3\]\[26\]/D,net,pin
g168465/Y,n_13064,pin,net
n_13065,u3_mem_reg\[3\]\[25\]/D,net,pin
g168466/Y,n_13065,pin,net
n_13066,u3_mem_reg\[3\]\[24\]/D,net,pin
g168467/Y,n_13066,pin,net
n_13067,u3_mem_reg\[3\]\[28\]/D,net,pin
g168468/Y,n_13067,pin,net
n_13068,u3_mem_reg\[3\]\[31\]/D,net,pin
g168469/Y,n_13068,pin,net
n_13069,u3_mem_reg\[3\]\[23\]/D,net,pin
g168470/Y,n_13069,pin,net
n_13070,u3_mem_reg\[3\]\[30\]/D,net,pin
g168471/Y,n_13070,pin,net
n_13071,u3_mem_reg\[3\]\[29\]/D,net,pin
g168472/Y,n_13071,pin,net
n_13072,u3_mem_reg\[3\]\[22\]/D,net,pin
g168473/Y,n_13072,pin,net
n_13075,u3_mem_reg\[3\]\[20\]/D,net,pin
g168476/Y,n_13075,pin,net
n_13076,u3_mem_reg\[3\]\[19\]/D,net,pin
g168477/Y,n_13076,pin,net
n_13077,u3_mem_reg\[3\]\[18\]/D,net,pin
g168478/Y,n_13077,pin,net
n_13079,u3_mem_reg\[3\]\[16\]/D,net,pin
g168480/Y,n_13079,pin,net
n_13080,u3_mem_reg\[3\]\[15\]/D,net,pin
g168481/Y,n_13080,pin,net
n_13081,u3_mem_reg\[3\]\[14\]/D,net,pin
g168482/Y,n_13081,pin,net
n_13082,u3_mem_reg\[3\]\[13\]/D,net,pin
g168483/Y,n_13082,pin,net
n_13083,u3_mem_reg\[3\]\[12\]/D,net,pin
g168484/Y,n_13083,pin,net
n_13084,u3_mem_reg\[3\]\[11\]/D,net,pin
g168485/Y,n_13084,pin,net
n_13085,u3_mem_reg\[3\]\[10\]/D,net,pin
g168486/Y,n_13085,pin,net
n_13086,u3_mem_reg\[3\]\[9\]/D,net,pin
g168487/Y,n_13086,pin,net
n_13087,u3_mem_reg\[3\]\[8\]/D,net,pin
g168488/Y,n_13087,pin,net
n_13088,u3_mem_reg\[3\]\[7\]/D,net,pin
g168489/Y,n_13088,pin,net
n_13089,u3_mem_reg\[3\]\[6\]/D,net,pin
g168490/Y,n_13089,pin,net
n_13090,u3_mem_reg\[3\]\[5\]/D,net,pin
g168491/Y,n_13090,pin,net
n_13092,u3_mem_reg\[3\]\[3\]/D,net,pin
g168493/Y,n_13092,pin,net
n_13093,u3_mem_reg\[3\]\[2\]/D,net,pin
g168494/Y,n_13093,pin,net
n_13094,u3_mem_reg\[3\]\[0\]/D,net,pin
g168495/Y,n_13094,pin,net
n_13095,u3_mem_reg\[3\]\[1\]/D,net,pin
g168496/Y,n_13095,pin,net
n_131,g176756/B,net,pin
n_131,drc_bufs164598/A,net,pin
drc_bufs164399/Y,n_131,pin,net
g158231/Y,n_1310,pin,net
n_1310,g157630/A2,net,pin
n_13176,g176501/A,net,pin
n_13176,g176437/A,net,pin
g168541/Y,n_13176,pin,net
n_1319,g166482/A1,net,pin
g159453/Y,n_1319,pin,net
n_132,g169996/A2,net,pin
g159561/Y,n_132,pin,net
n_1322,g171490/A,net,pin
n_1322,g166498/A1,net,pin
g159501/Y,n_1322,pin,net
n_13236,g213327/B1,net,pin
n_13236,g184544/A2,net,pin
n_13236,g184542/A2,net,pin
n_13236,g184540/A2,net,pin
n_13236,g178919/A2,net,pin
n_13236,g170137/B,net,pin
n_13236,g170133/B,net,pin
n_13236,g168599/B,net,pin
n_13236,g168597/B,net,pin
n_13236,g168596/B,net,pin
n_13236,g168594/B,net,pin
n_13236,g168586/A,net,pin
g159280_dup168589/Y,n_13236,pin,net
g168586/Y,n_13237,pin,net
n_13237,g158532/C,net,pin
n_13244,g175424/C,net,pin
g168594/Y,n_13244,pin,net
n_13246,g175428/C,net,pin
g168596/Y,n_13246,pin,net
g168597/Y,n_13247,pin,net
n_13247,g158474/C,net,pin
n_13249,g175420/C,net,pin
g168599/Y,n_13249,pin,net
n_1325,g166484/A1,net,pin
g159475/Y,n_1325,pin,net
n_13266,g184027/A1,net,pin
n_13266,g168616/A,net,pin
g168615/Y,n_13266,pin,net
n_13266,g153871__223685/A1,net,pin
g168616/Y,n_13269,pin,net
n_13269,g154317__201203/B,net,pin
n_13269,g154189__2802/B,net,pin
g158039/Y,n_1329,pin,net
n_1329,g156710/C,net,pin
n_13295,g214950/B2,net,pin
n_13295,g178287/B2,net,pin
n_13295,g178286/B2,net,pin
n_13295,g178284/B2,net,pin
n_13295,g178282/B2,net,pin
n_13295,g178280/B2,net,pin
n_13295,g178279/B2,net,pin
n_13295,g178277/B2,net,pin
n_13295,g178276/B2,net,pin
n_13295,g178272/B2,net,pin
n_13295,g178271/B2,net,pin
n_13295,g178270/B2,net,pin
n_13295,g178269/B2,net,pin
n_13295,g178268/B2,net,pin
n_13295,g178267/B2,net,pin
n_13295,g178266/B2,net,pin
fopt168634/Y,n_13295,pin,net
n_133,g166618/A2,net,pin
g159387/Y,n_133,pin,net
g158013/Y,n_1330,pin,net
n_1330,g157295/B,net,pin
n_13304,g213861/B2,net,pin
n_13304,g213844/B2,net,pin
n_13304,g166528/B2,net,pin
n_13304,g166302/B2,net,pin
n_13304,g166278/B2,net,pin
n_13304,g166136/B2,net,pin
n_13304,g166111/B2,net,pin
n_13304,g166085/B2,net,pin
n_13304,g166059/B2,net,pin
n_13304,g166008/B2,net,pin
n_13304,g165981/B2,net,pin
n_13304,g165954/B2,net,pin
n_13304,g165680/B2,net,pin
n_13304,g165507/B2,net,pin
n_13304,g165477/B2,net,pin
n_13304,g165360/B2,net,pin
fopt168635/Y,n_13304,pin,net
n_13312,g215508/B2,net,pin
n_13312,g166506/B2,net,pin
n_13312,g165898/B2,net,pin
n_13312,g165871/B2,net,pin
n_13312,g165844/B2,net,pin
n_13312,g165817/B2,net,pin
n_13312,g165794/B2,net,pin
n_13312,g165766/B2,net,pin
n_13312,g165737/B2,net,pin
n_13312,g165709/B2,net,pin
n_13312,g165651/B2,net,pin
n_13312,g165591/B2,net,pin
n_13312,g165536/B2,net,pin
n_13312,g165448/B2,net,pin
n_13312,g165418/B2,net,pin
n_13312,g165389/B2,net,pin
fopt168636/Y,n_13312,pin,net
n_13325,g215501/B2,net,pin
n_13325,g213836/B2,net,pin
n_13325,g166277/B2,net,pin
n_13325,g166110/B2,net,pin
n_13325,g166058/B2,net,pin
n_13325,g165897/B2,net,pin
n_13325,g165843/B2,net,pin
n_13325,g165816/B2,net,pin
n_13325,g165793/B2,net,pin
n_13325,g165765/B2,net,pin
n_13325,g165708/B2,net,pin
n_13325,g165679/B2,net,pin
n_13325,g165590/B2,net,pin
n_13325,g165563/B2,net,pin
n_13325,g165476/B2,net,pin
n_13325,g165359/B2,net,pin
fopt168641/Y,n_13325,pin,net
n_13333,g166529/B2,net,pin
n_13333,g166505/B2,net,pin
n_13333,g166301/B2,net,pin
n_13333,g166135/B2,net,pin
n_13333,g166084/B2,net,pin
n_13333,g166007/B2,net,pin
n_13333,g165980/B2,net,pin
n_13333,g165953/B2,net,pin
n_13333,g165870/B2,net,pin
n_13333,g165736/B2,net,pin
n_13333,g165650/B2,net,pin
n_13333,g165535/B2,net,pin
n_13333,g165506/B2,net,pin
n_13333,g165447/B2,net,pin
n_13333,g165417/B2,net,pin
n_13333,g165388/B2,net,pin
fopt168642/Y,n_13333,pin,net
g168648/Y,n_13347,pin,net
n_13347,g156157/B,net,pin
g159034/Y,n_1336,pin,net
n_1336,g158018/A,net,pin
n_1336,g157297/A,net,pin
n_1336,g157291/A,net,pin
n_1337,u2_ld_reg/D,net,pin
g157291/Y,n_1337,pin,net
n_1338,g168994/A,net,pin
g158266/Y,n_1338,pin,net
n_1338,g157487/A1,net,pin
g160089/Y,n_134,pin,net
n_134,g158164/B1,net,pin
n_13405,u5_rp_reg\[0\]/SE,net,pin
n_13405,g189005/B,net,pin
g182917/Y,n_13405,pin,net
n_13405,g173875/A1,net,pin
n_13413,u12_we2_reg/D,net,pin
fopt168704/Y,n_13413,pin,net
n_13420,g178194/A,net,pin
n_13420,g172433/B,net,pin
g168710/Y,n_13420,pin,net
n_13420,g154432__168296/B,net,pin
n_13420,g154431__2883/A,net,pin
n_13420,g154314__9315/A,net,pin
n_13420,g153628__178191/A2,net,pin
g158239/Y,n_1343,pin,net
n_1343,g157298/A1,net,pin
n_1346,g168994/B,net,pin
g158760/Y,n_1346,pin,net
n_1346,g157487/A2,net,pin
n_13500,g215505/B2,net,pin
n_13500,g213841/B2,net,pin
n_13500,g166272/B2,net,pin
n_13500,g166126/B2,net,pin
n_13500,g166049/B2,net,pin
n_13500,g165974/B2,net,pin
n_13500,g165945/B1,net,pin
n_13500,g165861/B2,net,pin
n_13500,g165784/B2,net,pin
n_13500,g165727/B2,net,pin
n_13500,g165669/B2,net,pin
n_13500,g165640/B2,net,pin
n_13500,g165496/B2,net,pin
n_13500,g165467/B2,net,pin
n_13500,g165350/B2,net,pin
n_13500,g155827/B2,net,pin
fopt168784/Y,n_13500,pin,net
n_13508,g213853/B2,net,pin
n_13508,g166291/B2,net,pin
n_13508,g166100/B2,net,pin
n_13508,g166075/B2,net,pin
n_13508,g166000/B2,net,pin
n_13508,g165890/B2,net,pin
n_13508,g165834/B2,net,pin
n_13508,g165807/B2,net,pin
n_13508,g165755/B2,net,pin
n_13508,g165698/B2,net,pin
n_13508,g165582/B2,net,pin
n_13508,g165525/B2,net,pin
n_13508,g165437/B2,net,pin
n_13508,g165407/B2,net,pin
n_13508,g165378/B2,net,pin
n_13508,g155828/B2,net,pin
fopt168785/Y,n_13508,pin,net
g168801/Y,n_13546,pin,net
n_13546,g168800/A,net,pin
n_13547,g187549/B,net,pin
g168800/Y,n_13547,pin,net
n_13547,g157718/A,net,pin
n_13547,g157546/B,net,pin
n_13557,g197876/B,net,pin
g168808/Y,n_13557,pin,net
n_1358,g200419/B,net,pin
n_1358,g200417/B,net,pin
g158862/Y,n_1358,pin,net
g34/Y,n_13594,pin,net
n_13594,g168834/A1,net,pin
g168835/Y,n_13595,pin,net
n_13595,g168834/A2,net,pin
n_13597,u14_u6_en_out_l_reg/D,net,pin
g168834/Y,n_13597,pin,net
g42/Y,n_13598,pin,net
n_13598,g181937/A1,net,pin
g39/Y,n_13599,pin,net
n_13599,g181937/A2,net,pin
n_136,g194248/A,net,pin
g159683/Y,n_136,pin,net
n_1361,g170138/A2,net,pin
n_1361,g170134/A2,net,pin
g159895/Y,n_1361,pin,net
n_1361,g159000/B2,net,pin
n_1361,g158992/B2,net,pin
n_1362,g170138/B2,net,pin
n_1362,g170134/B2,net,pin
g160045/Y,n_1362,pin,net
n_1365,g187220/B,net,pin
g159288/Y,n_1365,pin,net
n_1365,g158940/B,net,pin
n_1365,g158939/B,net,pin
n_1365,g158935/B,net,pin
n_1365,g158924/B,net,pin
n_1365,g158922/B,net,pin
n_1365,g158918/B,net,pin
n_1365,g158905/B,net,pin
g160093/Y,n_137,pin,net
n_137,g158071/B2,net,pin
n_1372,u7_status_reg\[0\]/D,net,pin
g158960/Y,n_1372,pin,net
n_1372,g158065/A1,net,pin
n_13734,g168948/A2,net,pin
g168946/Y,n_13734,pin,net
n_13734,g157006/A1,net,pin
n_13734,g154355__9315/A1,net,pin
n_13734,g154354__6161/A1,net,pin
g168950/Y,n_13736,pin,net
n_13736,g168948/B,net,pin
g168951/Y,n_13737,pin,net
n_13737,g168948/C,net,pin
g168948/Y,n_13738,pin,net
n_13738,g153844__219225/B2,net,pin
n_13742,g170077/A1,net,pin
n_13742,g169200/A,net,pin
g168955/Y,n_13742,pin,net
g168960/Y,n_13749,pin,net
n_13749,g156117/A,net,pin
n_13751,g2/B,net,pin
g168964/Y,n_13751,pin,net
n_13755,g175150/A2,net,pin
n_13755,g171468/B,net,pin
g168968/Y,n_13755,pin,net
n_13758,g169031/A1,net,pin
g168971/Y,n_13758,pin,net
n_13758,g167165/B,net,pin
n_13758,g159366/B,net,pin
n_13758,g157293/A,net,pin
n_1376,g166622/B2,net,pin
g159518/Y,n_1376,pin,net
n_1376,g156938/A,net,pin
n_13761,g172269/A,net,pin
n_13761,g169869/B,net,pin
n_13761,g169866/A,net,pin
n_13761,g169049/A1,net,pin
g168974/Y,n_13761,pin,net
n_13761,g167095/A,net,pin
n_13764,g180464/A1,net,pin
g168976/Y,n_13764,pin,net
n_13764,g167130/A,net,pin
n_13764,g159365/B,net,pin
n_13764,g157294/B,net,pin
n_13777,u14_u5_en_out_l_reg/D,net,pin
g168986/Y,n_13777,pin,net
n_13787,g188049/B2,net,pin
g168994/Y,n_13787,pin,net
n_1379,g166613/B2,net,pin
g159466/Y,n_1379,pin,net
n_1379,g156945/A,net,pin
n_13792,u12_o6_we_reg/D,net,pin
g10/Y,n_13792,pin,net
n_13794,u12_o9_we_reg/D,net,pin
g168999/Y,n_13794,pin,net
n_13796,u12_o8_we_reg/D,net,pin
g169001/Y,n_13796,pin,net
n_1381,g504/B,net,pin
n_1381,g166624/A2,net,pin
g159459/Y,n_1381,pin,net
g169026/Y,n_13820,pin,net
n_13820,g169025/A,net,pin
g169027/Y,n_13821,pin,net
n_13821,g169025/B,net,pin
n_13822,g187550/B2,net,pin
n_13822,g169029/A,net,pin
n_13822,g169028/B,net,pin
g169025/Y,n_13822,pin,net
n_13824,g180714/A,net,pin
g169028/Y,n_13824,pin,net
g169029/Y,n_13825,pin,net
n_13825,g154386__1881/A2,net,pin
n_13825,g1287/B,net,pin
n_13827,g175647/A,net,pin
n_13827,g175646/B,net,pin
g169031/Y,n_13827,pin,net
n_13829,g175646/A,net,pin
g169034/Y,n_13829,pin,net
n_13855,g175742/A,net,pin
n_13855,g175741/B,net,pin
g169049/Y,n_13855,pin,net
n_13857,g175741/A,net,pin
g169052/Y,n_13857,pin,net
g158198/Y,n_1386,pin,net
n_1386,g131/A,net,pin
g158197/Y,n_1387,pin,net
n_1387,g157107/D,net,pin
n_1389,g194036/C,net,pin
g158194/Y,n_1389,pin,net
g61/Y,n_13898,pin,net
n_13898,g190134/A,net,pin
n_13898,g181270/A2,net,pin
n_13899,g181270/A1,net,pin
g169092/Y,n_13899,pin,net
n_139,g167906/B1,net,pin
g159485/Y,n_139,pin,net
g158193/Y,n_1390,pin,net
n_1390,g157103/C,net,pin
n_1391,g188465/C,net,pin
g158192/Y,n_1391,pin,net
n_13955,g2351/C,net,pin
n_13955,g190187/C,net,pin
g169135/Y,n_13955,pin,net
n_13968,g179289/A,net,pin
g169148/Y,n_13968,pin,net
n_13968,g155029/A,net,pin
n_13968,g154849/C,net,pin
n_13974,g188533/B,net,pin
g169156/Y,n_13974,pin,net
n_13976,u6_dout_reg\[2\]/D,net,pin
g153764__169153/Y,n_13976,pin,net
n_13978,g199221/A2,net,pin
fopt169158/Y,n_13978,pin,net
n_13980,g175904/A2,net,pin
fopt169162/Y,n_13980,pin,net
n_13982,g217132/B,net,pin
g169163/Y,n_13982,pin,net
n_13983,g212888/B,net,pin
g169164/Y,n_13983,pin,net
n_13988,g224656/A2,net,pin
n_13988,g179262/B,net,pin
g169169/Y,n_13988,pin,net
g169170/Y,n_13989,pin,net
n_13989,g157975/A,net,pin
n_13990,g224640/B,net,pin
n_13990,g224638/B,net,pin
g169171/Y,n_13990,pin,net
n_13995,g214470/A,net,pin
g169176/Y,n_13995,pin,net
n_13999,g172211/B,net,pin
n_13999,g172210/B,net,pin
g169180/Y,n_13999,pin,net
n_14,g164308/A2,net,pin
g159512/Y,n_14,pin,net
n_140,u12_dout_reg\[30\]/D,net,pin
g160062/Y,n_140,pin,net
g158180/Y,n_1400,pin,net
n_1400,g157094/B,net,pin
n_14001,g200562/B2,net,pin
n_14001,g194375/B2,net,pin
g169182/Y,n_14001,pin,net
n_14001,g168950/B2,net,pin
n_14001,g158126/B2,net,pin
n_14001,g158125/B2,net,pin
n_14001,g158124/B2,net,pin
n_14001,g158123/B2,net,pin
n_14001,g158122/B2,net,pin
n_14001,g158120/B2,net,pin
n_14001,g158118/B1,net,pin
n_14001,g158116/B2,net,pin
n_14001,g158111/B2,net,pin
n_14003,g170366/A,net,pin
g169184/Y,n_14003,pin,net
g169187/Y,n_14004,pin,net
n_14004,g169186/A,net,pin
g169186/Y,n_14006,pin,net
n_14006,g153887__169189/A1,net,pin
n_14006,g153833__178097/B2,net,pin
n_14006,fopt169190/A,net,pin
n_14008,u3_dout_reg\[0\]/D,net,pin
g153887__169189/Y,n_14008,pin,net
n_14009,g123/A1,net,pin
fopt169190/Y,n_14009,pin,net
n_1401,g253/A,net,pin
g158179/Y,n_1401,pin,net
n_14010,g184622/B,net,pin
n_14010,fopt179709/A,net,pin
fopt169192/Y,n_14010,pin,net
n_14012,g169195/B2,net,pin
n_14012,fopt212236/A,net,pin
fopt169193/Y,n_14012,pin,net
n_14013,g173879/A1,net,pin
g169195/Y,n_14013,pin,net
n_14013,g162475/B,net,pin
n_14017,g180577/A,net,pin
g169200/Y,n_14017,pin,net
n_14017,g157755/A,net,pin
n_1403,g172284/D,net,pin
g158177/Y,n_1403,pin,net
n_14030,u7_mem_reg\[3\]\[12\]/D,net,pin
g169206/Y,n_14030,pin,net
g169219/Y,n_14054,pin,net
n_14054,fopt188226/A,net,pin
n_1406,g224335/D,net,pin
g158174/Y,n_1406,pin,net
g169257/Y,n_14098,pin,net
n_14098,g169254/B2,net,pin
n_14098,g164248/A1,net,pin
n_14099,u13_icc_r_reg\[1\]/D,net,pin
g169254/Y,n_14099,pin,net
g169265/Y,n_14108,pin,net
n_14108,g157700/A,net,pin
n_14108,g157628/A,net,pin
g158171/Y,n_1411,pin,net
n_1411,g157082/C,net,pin
n_1418,g176064/D,net,pin
g158139/Y,n_1418,pin,net
g158137/Y,n_1420,pin,net
n_1420,g157094/C,net,pin
n_1421,g253/B,net,pin
g158136/Y,n_1421,pin,net
n_1422,g199219/B,net,pin
g158135/Y,n_1422,pin,net
g57/Y,n_14226,pin,net
n_14226,g169382/D,net,pin
n_14227,u13_int_reg/D,net,pin
g169382/Y,n_14227,pin,net
g158131/Y,n_1426,pin,net
n_1426,g157082/A,net,pin
n_14280,g187220/A,net,pin
n_14280,g182874/B,net,pin
n_14280,g172542/A1,net,pin
n_14280,g172202/B1,net,pin
g169431/Y,n_14280,pin,net
n_14288,g186649/B,net,pin
n_14288,g172208/A2,net,pin
n_14288,g172206/B1,net,pin
g169439/Y,n_14288,pin,net
n_14288,g158939/A,net,pin
n_14292,g200413/A1,net,pin
n_14292,g191487/A,net,pin
n_14292,g188414/B1,net,pin
n_14292,g182868/B,net,pin
g169443/Y,n_14292,pin,net
g159451/Y,n_143,pin,net
n_143,g156962/A,net,pin
n_1430,g224335/C,net,pin
g158129/Y,n_1430,pin,net
n_14301,g182520/B,net,pin
n_14301,g176529/B2,net,pin
n_14301,g172183/A1,net,pin
g169452/Y,n_14301,pin,net
n_14301,g158831/A1,net,pin
n_14309,g182140/B,net,pin
g169460/Y,n_14309,pin,net
n_14309,g158927/A,net,pin
n_14309,g158532/A2,net,pin
n_14309,g158521/B2,net,pin
n_14313,g182138/B,net,pin
n_14313,g175428/B2,net,pin
g169464/Y,n_14313,pin,net
n_14313,g158829/A1,net,pin
n_14313,g158477/A2,net,pin
n_14319,g187485/B,net,pin
g169471/Y,n_14319,pin,net
n_1432,g180360/C,net,pin
g158126/Y,n_1432,pin,net
n_14324,g188078/A2,net,pin
g169475/Y,n_14324,pin,net
g169478/Y,n_14325,pin,net
n_14325,g169477/A,net,pin
n_14326,g188078/B,net,pin
g169477/Y,n_14326,pin,net
n_14328,g188060/A2,net,pin
g169480/Y,n_14328,pin,net
g158125/Y,n_1433,pin,net
n_1433,g105/A,net,pin
n_14333,g188090/B1,net,pin
g169483/Y,n_14333,pin,net
g158124/Y,n_1434,pin,net
n_1434,g157107/C,net,pin
n_14343,g188088/A3,net,pin
g169494/Y,n_14343,pin,net
n_14345,g188079/A2,net,pin
g169496/Y,n_14345,pin,net
n_1435,g224666/B,net,pin
g158123/Y,n_1435,pin,net
n_14350,g188089/B1,net,pin
g169500/Y,n_14350,pin,net
g158122/Y,n_1436,pin,net
n_1436,g157006/B,net,pin
g158120/Y,n_1437,pin,net
n_1437,g131/D,net,pin
n_14385,g181643/A,net,pin
g169536/Y,n_14385,pin,net
n_14385,g156760_169534/B,net,pin
n_14386,g166297/A2,net,pin
n_14386,g166275/A2,net,pin
n_14386,g166128/A2,net,pin
n_14386,g166102/A2,net,pin
n_14386,g166051/A2,net,pin
n_14386,g166002/A2,net,pin
n_14386,g165976/A2,net,pin
n_14386,g165947/A2,net,pin
n_14386,g165918/A2,net,pin
n_14386,g165864/A2,net,pin
n_14386,g165757/A2,net,pin
n_14386,g165671/A2,net,pin
n_14386,g165642/A2,net,pin
n_14386,g165555/A2,net,pin
n_14386,g165409/A2,net,pin
n_14386,g165380/A2,net,pin
g156760_169534/Y,n_14386,pin,net
n_1439,g194036/D,net,pin
g158118/Y,n_1439,pin,net
n_14390,u6_mem_reg\[1\]\[0\]/D,net,pin
g169540/Y,n_14390,pin,net
n_14391,u6_mem_reg\[1\]\[6\]/D,net,pin
g169541/Y,n_14391,pin,net
n_14392,u6_mem_reg\[1\]\[7\]/D,net,pin
g169542/Y,n_14392,pin,net
n_14393,u6_mem_reg\[1\]\[2\]/D,net,pin
g169543/Y,n_14393,pin,net
n_14394,u6_mem_reg\[1\]\[3\]/D,net,pin
g169544/Y,n_14394,pin,net
n_14395,u6_mem_reg\[1\]\[8\]/D,net,pin
g169545/Y,n_14395,pin,net
n_14396,u6_mem_reg\[1\]\[9\]/D,net,pin
g169546/Y,n_14396,pin,net
n_14398,u6_mem_reg\[1\]\[5\]/D,net,pin
g169548/Y,n_14398,pin,net
n_14399,u6_mem_reg\[1\]\[13\]/D,net,pin
g169549/Y,n_14399,pin,net
g160068/Y,n_144,pin,net
n_144,g158156/B1,net,pin
g158116/Y,n_1440,pin,net
n_1440,g157103/A,net,pin
n_14400,u6_mem_reg\[1\]\[17\]/D,net,pin
g169550/Y,n_14400,pin,net
n_14401,u6_mem_reg\[1\]\[18\]/D,net,pin
g169551/Y,n_14401,pin,net
n_14402,u6_mem_reg\[1\]\[19\]/D,net,pin
g169552/Y,n_14402,pin,net
n_14403,u6_mem_reg\[1\]\[21\]/D,net,pin
g169553/Y,n_14403,pin,net
n_14405,u6_mem_reg\[1\]\[1\]/D,net,pin
g169555/Y,n_14405,pin,net
n_14418,u3_dout_reg\[5\]/D,net,pin
g439/Y,n_14418,pin,net
g131/Y,n_14424,pin,net
n_14424,g130/A1,net,pin
n_14425,u8_dout_reg\[13\]/D,net,pin
g130/Y,n_14425,pin,net
g169569/Y,n_14431,pin,net
n_14431,g169567/B,net,pin
n_14431,g169483/A,net,pin
n_14431,g169480/B,net,pin
n_14432,g186756/A1,net,pin
n_14432,g170036/A,net,pin
g169567/Y,n_14432,pin,net
n_1444,g188465/A,net,pin
g158111/Y,n_1444,pin,net
g253/Y,n_14448,pin,net
n_14448,g179299/A1,net,pin
n_1452,g583/B,net,pin
g158083/Y,n_1452,pin,net
n_14546,g184533/D,net,pin
g169660/Y,n_14546,pin,net
n_1455,g197985/D,net,pin
g158076/Y,n_1455,pin,net
g158075/Y,n_1456,pin,net
n_1456,g157010/B,net,pin
g158074/Y,n_1457,pin,net
n_1457,g138/B,net,pin
g69/Y,n_14570,pin,net
n_14570,g215510/A2,net,pin
n_14570,g169206/B1,net,pin
n_14570,g166841/A2,net,pin
n_14570,g155745/A1,net,pin
n_14570,g155744/A2,net,pin
n_14570,g155742/A2,net,pin
n_14570,g155741/A2,net,pin
n_14570,g155740/A2,net,pin
n_14570,g155738/A2,net,pin
n_14570,g155737/A2,net,pin
n_14570,g155736/A2,net,pin
n_14570,g155735/A2,net,pin
n_14570,g155734/A2,net,pin
n_14570,g155733/A2,net,pin
n_14570,g155732/A2,net,pin
n_1459,g219107/A2,net,pin
n_1459,g207469/A,net,pin
n_1459,g170092/A2,net,pin
g159064/Y,n_1459,pin,net
n_1459,g158083/A2,net,pin
n_1459,g158076/A2,net,pin
n_1459,g158075/A2,net,pin
n_1459,g158074/A2,net,pin
n_1459,g158073/A2,net,pin
n_1459,g158072/A2,net,pin
n_146,g184513/B,net,pin
g159571/Y,n_146,pin,net
g158073/Y,n_1460,pin,net
n_1460,g132/D,net,pin
n_1461,g194438/D,net,pin
g158072/Y,n_1461,pin,net
n_14680,g174499/A,net,pin
g169752/Y,n_14680,pin,net
g159631/Y,n_147,pin,net
n_147,g159178/A,net,pin
g158057/Y,n_1470,pin,net
n_1470,g156126/C,net,pin
g158052/Y,n_1475,pin,net
n_1475,g156706/B,net,pin
n_14763,g3/A,net,pin
n_14763,g221583/A,net,pin
n_14763,g219878/A,net,pin
g191967/Y,n_14763,pin,net
n_14763,g175310/A,net,pin
n_14763,g171526/A,net,pin
n_14763,g157115/B,net,pin
n_14765,g218183/A2,net,pin
g169816/Y,n_14765,pin,net
g81/Y,n_14788,pin,net
n_14788,g169838/B,net,pin
g80/Y,n_14789,pin,net
n_14789,g169838/C,net,pin
g79/Y,n_14791,pin,net
n_14791,g169838/A,net,pin
n_14792,g2349/B2,net,pin
g169838/Y,n_14792,pin,net
g84/Y,n_14794,pin,net
n_14794,g154344__6260/B,net,pin
g159616/Y,n_148,pin,net
n_148,g159181/A,net,pin
n_14816,u15_crac_rd_reg/D,net,pin
g153627__169861/Y,n_14816,pin,net
n_14820,g182902/A1,net,pin
g169866/Y,n_14820,pin,net
n_14821,g184558/A1,net,pin
n_14821,g182902/A2,net,pin
n_14821,g175244/A1,net,pin
n_14821,g175243/A1,net,pin
n_14821,g175242/A1,net,pin
n_14821,g175241/A1,net,pin
n_14821,g175240/A1,net,pin
n_14821,g175239/A1,net,pin
n_14821,g175238/A1,net,pin
n_14821,g175237/A1,net,pin
n_14821,g175236/A1,net,pin
n_14821,g175235/A1,net,pin
n_14821,g175234/A1,net,pin
n_14821,g175233/A1,net,pin
n_14821,g175232/A1,net,pin
n_14821,g175231/A1,net,pin
n_14821,g175230/A1,net,pin
n_14821,g175229/A1,net,pin
n_14821,g175228/A1,net,pin
n_14821,g175227/A1,net,pin
n_14821,g175226/A1,net,pin
n_14821,g175225/A1,net,pin
n_14821,g175224/A1,net,pin
n_14821,g175223/A1,net,pin
n_14821,g175222/A1,net,pin
n_14821,g175221/A1,net,pin
n_14821,g175220/A1,net,pin
n_14821,g175219/A1,net,pin
n_14821,g175218/A1,net,pin
n_14821,g175217/A1,net,pin
n_14821,g175216/A1,net,pin
n_14821,g175215/A1,net,pin
n_14821,g175213/A1,net,pin
g169867/Y,n_14821,pin,net
n_14825,g184510/B2,net,pin
g169869/Y,n_14825,pin,net
n_14825,g167126/B1,net,pin
n_14825,g167125/B1,net,pin
n_14825,g167124/B1,net,pin
n_14825,g167123/B1,net,pin
n_14825,g167122/B1,net,pin
n_14825,g167121/B1,net,pin
n_14825,g167120/B1,net,pin
n_14825,g167119/B1,net,pin
n_14825,g167118/B1,net,pin
n_14825,g167117/B1,net,pin
n_14825,g167116/B1,net,pin
n_14825,g167115/B1,net,pin
n_14825,g167114/B1,net,pin
n_14825,g167113/B1,net,pin
n_14825,g167112/B1,net,pin
n_14825,g167111/B1,net,pin
n_14825,g167110/B1,net,pin
n_14825,g167109/B1,net,pin
n_14825,g167108/B1,net,pin
n_14825,g167107/B1,net,pin
n_14825,g167106/B1,net,pin
n_14825,g167105/B1,net,pin
n_14825,g167104/B1,net,pin
n_14825,g167103/B1,net,pin
n_14825,g167102/B1,net,pin
n_14825,g167101/B1,net,pin
n_14825,g167100/B1,net,pin
n_14825,g167099/B1,net,pin
n_14825,g167098/B1,net,pin
n_14825,g167097/B1,net,pin
n_14825,g167096/B1,net,pin
g158045/Y,n_1483,pin,net
n_1483,g156132/B,net,pin
g158044/Y,n_1484,pin,net
n_1484,g157128/A,net,pin
n_14859,g197985/C,net,pin
g169903/Y,n_14859,pin,net
g169906/Y,n_14864,pin,net
n_14864,g153585__5526/B2,net,pin
g158040/Y,n_1488,pin,net
n_1488,g156707/B,net,pin
g159394/Y,n_149,pin,net
n_149,g158149/B1,net,pin
g158036/Y,n_1490,pin,net
n_1490,g157129/A,net,pin
g169948/Y,n_14902,pin,net
n_14902,g169945/B1,net,pin
n_14904,g170002/C,net,pin
g169945/Y,n_14904,pin,net
n_14906,g170032/B,net,pin
g169955/Y,n_14906,pin,net
n_14906,g169950/A2,net,pin
n_14906,g159534/A,net,pin
g169953/Y,n_14907,pin,net
n_14907,g169950/B,net,pin
n_14908,g198086/C,net,pin
g169950/Y,n_14908,pin,net
n_14909,g607/B1,net,pin
n_14909,g200192/B1,net,pin
n_14909,g169957/B2,net,pin
g169954/Y,n_14909,pin,net
n_14909,g166492/A2,net,pin
n_14909,g166491/A2,net,pin
n_14909,g166487/A2,net,pin
n_14909,g166485/A2,net,pin
n_14909,g166484/A2,net,pin
n_14909,g166482/A2,net,pin
g169958/Y,n_14912,pin,net
n_14912,g169957/B1,net,pin
n_14913,g172003/C,net,pin
g169957/Y,n_14913,pin,net
g169959/Y,n_14914,pin,net
n_14914,g102/A1,net,pin
n_14917,g185116/B,net,pin
g102/Y,n_14917,pin,net
n_14918,g169963/A2,net,pin
g169961/Y,n_14918,pin,net
n_14918,g154391__1705/A2,net,pin
n_14918,g154386__1881/A1,net,pin
g678/Y,n_14924,pin,net
n_14924,g169963/C,net,pin
n_14924,g169962/A,net,pin
n_14925,g185123/B2,net,pin
g169962/Y,n_14925,pin,net
n_14926,g185123/B1,net,pin
g169963/Y,n_14926,pin,net
n_14933,g429/B1,net,pin
n_14933,g202337/A2,net,pin
n_14933,g174/B1,net,pin
n_14933,g170001/A2,net,pin
n_14933,g169967/B,net,pin
g169965/Y,n_14933,pin,net
n_14933,g166246/A1,net,pin
n_14933,g163765/A2,net,pin
n_14933,g163764/A2,net,pin
n_14933,g163762/A2,net,pin
n_14933,g163759/A2,net,pin
n_14933,g163758/A2,net,pin
n_14933,g163757/A2,net,pin
n_14933,g163756/A2,net,pin
n_14933,g163706/A2,net,pin
n_14933,g157073/A1,net,pin
n_14933,g110/B2,net,pin
n_14935,u12_i6_re_reg/D,net,pin
g169967/Y,n_14935,pin,net
n_1494,g166620/B2,net,pin
g159407/Y,n_1494,pin,net
n_1494,g156942/A,net,pin
g169976/Y,n_14944,pin,net
n_14944,g169975/A1,net,pin
n_14945,u2_to_cnt_reg\[2\]/D,net,pin
g169975/Y,n_14945,pin,net
g549/Y,n_14947,pin,net
n_14947,g175895/B,net,pin
g194/Y,n_14959,pin,net
n_14959,g188727/B1,net,pin
n_1496,g166618/B2,net,pin
g159399/Y,n_1496,pin,net
n_1496,g156941/A,net,pin
g195/Y,n_14961,pin,net
n_14961,g188727/C,net,pin
g199/Y,n_14963,pin,net
n_14963,g154340__1705/B,net,pin
n_14966,g189101/B,net,pin
g122/Y,n_14966,pin,net
n_14966,g121/A2,net,pin
n_14969,g179298/B,net,pin
g121/Y,n_14969,pin,net
n_14976,g174501/C,net,pin
g169996/Y,n_14976,pin,net
n_14976,g169752/A,net,pin
g170001/Y,n_14982,pin,net
n_14982,g170000/A,net,pin
g170002/Y,n_14983,pin,net
n_14983,g170000/B,net,pin
n_14985,u12_wb_data_o_reg\[10\]/D,net,pin
g170000/Y,n_14985,pin,net
n_15,g159159/B,net,pin
n_15,drc_bufs164574/A,net,pin
drc_bufs164417/Y,n_15,pin,net
g170017/Y,n_15005,pin,net
n_15005,g170016/A,net,pin
n_15007,g224664/B,net,pin
n_15007,g224663/B,net,pin
n_15007,g223687/C,net,pin
g170016/Y,n_15007,pin,net
n_15007,g155543/A,net,pin
n_15007,g155542/A,net,pin
n_1501,g166615/B2,net,pin
g159495/Y,n_1501,pin,net
n_1501,g156957/A,net,pin
n_15020,g183009/B,net,pin
g170032/Y,n_15020,pin,net
n_15023,u18_int_set_reg\[0\]/D,net,pin
g170033/Y,n_15023,pin,net
n_15024,g176896/A1,net,pin
n_15024,g173212/A2,net,pin
g170035/Y,n_15024,pin,net
n_15025,g176896/A2,net,pin
n_15025,g173212/A1,net,pin
g170036/Y,n_15025,pin,net
n_15026,g186754/B,net,pin
g170038/Y,n_15026,pin,net
n_1503,g166616/B2,net,pin
g159444/Y,n_1503,pin,net
n_1503,g156936/A,net,pin
n_15031,g171484/A,net,pin
g170043/Y,n_15031,pin,net
n_15031,g170041/B,net,pin
n_15032,g173214/B,net,pin
g170041/Y,n_15032,pin,net
n_15034,u25_int_set_reg\[0\]/D,net,pin
g170044/Y,n_15034,pin,net
n_15037,g192556/A,net,pin
g170049/Y,n_15037,pin,net
n_15040,u21_int_set_reg\[0\]/D,net,pin
g170050/Y,n_15040,pin,net
n_15054,u22_int_set_reg\[0\]/D,net,pin
g170063/Y,n_15054,pin,net
n_15056,g175810/C,net,pin
g170065/Y,n_15056,pin,net
g170076/Y,n_15079,pin,net
n_15079,g157144/A1,net,pin
n_15079,g154389__170080/A2,net,pin
n_15079,g102/A2,net,pin
n_15080,g75/A,net,pin
g170077/Y,n_15080,pin,net
n_15080,g154389__170080/A1,net,pin
n_15082,g185127/B,net,pin
g154389__170080/Y,n_15082,pin,net
n_15084,g196790/A,net,pin
g170083/Y,n_15084,pin,net
n_15085,g196790/C,net,pin
g170084/Y,n_15085,pin,net
n_15087,g196790/D,net,pin
g170086/Y,n_15087,pin,net
n_15090,g170089/A,net,pin
g170087/Y,n_15090,pin,net
n_15090,g154380__189848/A2,net,pin
g170091/Y,n_15092,pin,net
n_15092,g170089/C,net,pin
g170092/Y,n_15093,pin,net
n_15093,g170089/D,net,pin
g170089/Y,n_15094,pin,net
n_15094,g153579__213705/A1,net,pin
n_1510,u2_out_le_reg\[4\]/D,net,pin
g158018/Y,n_1510,pin,net
n_15100,g200197/A2,net,pin
n_15100,g194404/B,net,pin
n_15100,g171873/A1,net,pin
n_15100,g171749/A1,net,pin
g170097/Y,n_15100,pin,net
n_15100,g157098/A1,net,pin
n_15100,g157084/A2,net,pin
n_15100,g157078/A2,net,pin
g170098/Y,n_15101,pin,net
n_15101,g154112__9945/A1,net,pin
g170133/Y,n_15134,pin,net
n_15134,g170132/B,net,pin
g170134/Y,n_15135,pin,net
n_15135,g170132/A,net,pin
g170132/Y,n_15136,pin,net
n_15136,g170131/A2,net,pin
n_15136,g153811__168291/A1,net,pin
n_15136,g153791__182078/A1,net,pin
n_15136,g153359__5107/A2,net,pin
n_15137,u11_mem_reg\[3\]\[2\]/D,net,pin
g170131/Y,n_15137,pin,net
n_15138,g181064/A,net,pin
g170137/Y,n_15138,pin,net
n_15139,g181064/B,net,pin
g170138/Y,n_15139,pin,net
n_15141,u11_mem_reg\[3\]\[3\]/D,net,pin
g170135/Y,n_15141,pin,net
n_15143,g213850/B2,net,pin
n_15143,g176436/B2,net,pin
n_15143,g176310/B2,net,pin
g173/Y,n_15143,pin,net
n_15143,g172/A2,net,pin
n_15143,g171322/B2,net,pin
n_15143,g171179/B2,net,pin
n_15143,g170840/B2,net,pin
n_15143,g170689/B2,net,pin
n_15143,g170625/B2,net,pin
n_15143,g170623/B2,net,pin
n_15143,g170621/B2,net,pin
n_15143,g170405/B2,net,pin
n_15143,g170393/B2,net,pin
n_15143,g170356/B2,net,pin
n_15143,g170351/B2,net,pin
n_15143,g170302/B2,net,pin
n_15145,u3_mem_reg\[1\]\[20\]/D,net,pin
g172/Y,n_15145,pin,net
n_1516,u11_dout_reg\[24\]/D,net,pin
g158008/Y,n_1516,pin,net
n_15166,u3_mem_reg\[1\]\[5\]/D,net,pin
g170156/Y,n_15166,pin,net
n_1519,u10_dout_reg\[17\]/D,net,pin
g158006/Y,n_1519,pin,net
n_152,g166491/A1,net,pin
g159413/Y,n_152,pin,net
n_1523,g213327/C2,net,pin
n_1523,g178919/B2,net,pin
g159896/Y,n_1523,pin,net
n_15269,g181899/C,net,pin
n_15269,g170221/A,net,pin
g170220/Y,n_15269,pin,net
g158997/Y,n_1527,pin,net
n_1527,g158516/B,net,pin
n_15271,u13_occ1_r_reg\[15\]/D,net,pin
g170215/Y,n_15271,pin,net
n_15272,g213864/B2,net,pin
n_15272,g178167/B2,net,pin
n_15272,g170248/B2,net,pin
n_15272,g170222/B2,net,pin
g170221/Y,n_15272,pin,net
n_15272,g166578/A2,net,pin
n_15272,g166577/A2,net,pin
n_15272,g166576/A2,net,pin
n_15274,u13_occ1_r_reg\[14\]/D,net,pin
g170222/Y,n_15274,pin,net
g158998/Y,n_1528,pin,net
n_1528,g158479/B,net,pin
n_153,g166500/A1,net,pin
g159396/Y,n_153,pin,net
n_1530,u9_dout_reg\[17\]/D,net,pin
g157799/Y,n_1530,pin,net
n_15300,u13_occ1_r_reg\[8\]/D,net,pin
g170248/Y,n_15300,pin,net
n_1531,u9_dout_reg\[9\]/D,net,pin
g157791/Y,n_1531,pin,net
n_1534,g200415/A2,net,pin
n_1534,g200413/A2,net,pin
g159291/Y,n_1534,pin,net
n_1534,g158937/B,net,pin
n_1534,g158934/B,net,pin
n_1534,g158916/B,net,pin
n_1534,g158908/B,net,pin
n_1534,g158516/A2,net,pin
n_1534,g158479/A2,net,pin
g158464/Y,n_1535,pin,net
n_1535,g157636/A,net,pin
n_1535,g157070/A,net,pin
g160075/Y,n_154,pin,net
n_154,g158084/A2,net,pin
n_1540,u10_dout_reg\[8\]/D,net,pin
g157871/Y,n_1540,pin,net
n_15426,u3_mem_reg\[1\]\[31\]/D,net,pin
g170302/Y,n_15426,pin,net
n_1544,u10_dout_reg\[31\]/D,net,pin
g157869/Y,n_1544,pin,net
n_1545,u10_dout_reg\[13\]/D,net,pin
g157868/Y,n_1545,pin,net
n_1546,u10_dout_reg\[19\]/D,net,pin
g157867/Y,n_1546,pin,net
n_15469,u3_mem_reg\[1\]\[8\]/D,net,pin
g170345/Y,n_15469,pin,net
n_1547,u9_dout_reg\[23\]/D,net,pin
g157866/Y,n_1547,pin,net
n_15473,u3_mem_reg\[1\]\[13\]/D,net,pin
g170349/Y,n_15473,pin,net
n_15475,u3_mem_reg\[1\]\[24\]/D,net,pin
g170351/Y,n_15475,pin,net
n_1548,u11_dout_reg\[28\]/D,net,pin
g157864/Y,n_1548,pin,net
n_15481,u3_mem_reg\[1\]\[16\]/D,net,pin
g170356/Y,n_15481,pin,net
n_15483,u3_mem_reg\[1\]\[7\]/D,net,pin
g170358/Y,n_15483,pin,net
n_15487,u3_mem_reg\[1\]\[14\]/D,net,pin
g170362/Y,n_15487,pin,net
n_1549,u10_dout_reg\[21\]/D,net,pin
g157863/Y,n_1549,pin,net
g170366/Y,n_15491,pin,net
n_15491,g157752/A,net,pin
n_15491,g157643/B,net,pin
n_15491,g157567/B,net,pin
n_15495,g99/B,net,pin
g100/Y,n_15495,pin,net
n_15496,u3_mem_reg\[1\]\[0\]/D,net,pin
g99/Y,n_15496,pin,net
g159651/Y,n_155,pin,net
n_155,g159302/B,net,pin
n_1550,u11_dout_reg\[5\]/D,net,pin
g157862/Y,n_1550,pin,net
n_15506,u3_mem_reg\[1\]\[9\]/D,net,pin
g170378/Y,n_15506,pin,net
n_1551,u10_dout_reg\[6\]/D,net,pin
g157861/Y,n_1551,pin,net
n_15515,u3_mem_reg\[1\]\[12\]/D,net,pin
g170387/Y,n_15515,pin,net
n_1552,u10_dout_reg\[10\]/D,net,pin
g157860/Y,n_1552,pin,net
n_15521,u3_mem_reg\[1\]\[17\]/D,net,pin
g170393/Y,n_15521,pin,net
n_1553,u11_dout_reg\[19\]/D,net,pin
g157859/Y,n_1553,pin,net
n_15534,u3_mem_reg\[1\]\[18\]/D,net,pin
g170405/Y,n_15534,pin,net
n_1554,u10_dout_reg\[4\]/D,net,pin
g157858/Y,n_1554,pin,net
n_1555,u11_dout_reg\[23\]/D,net,pin
g157857/Y,n_1555,pin,net
n_1558,u11_full_reg/D,net,pin
g157856/Y,n_1558,pin,net
n_1559,u11_dout_reg\[31\]/D,net,pin
g157855/Y,n_1559,pin,net
g159386/Y,n_156,pin,net
n_156,g158090/B2,net,pin
n_1560,u10_dout_reg\[20\]/D,net,pin
g157854/Y,n_1560,pin,net
n_1561,u11_dout_reg\[29\]/D,net,pin
g157853/Y,n_1561,pin,net
n_1563,u11_dout_reg\[26\]/D,net,pin
g157851/Y,n_1563,pin,net
n_1564,u11_dout_reg\[25\]/D,net,pin
g157850/Y,n_1564,pin,net
n_1565,u11_dout_reg\[22\]/D,net,pin
g157849/Y,n_1565,pin,net
n_1566,u11_dout_reg\[21\]/D,net,pin
g157848/Y,n_1566,pin,net
n_1567,u11_dout_reg\[20\]/D,net,pin
g157847/Y,n_1567,pin,net
n_1568,u11_dout_reg\[18\]/D,net,pin
g157846/Y,n_1568,pin,net
n_1569,u11_dout_reg\[17\]/D,net,pin
g157845/Y,n_1569,pin,net
n_15693,g41/B2,net,pin
n_15693,g153567__1881/A1,net,pin
n_15693,g153547__168319/A2,net,pin
g141/Y,n_15693,pin,net
n_15693,g140/A2,net,pin
n_15694,u9_mem_reg\[3\]\[11\]/D,net,pin
g140/Y,n_15694,pin,net
n_157,g166487/A1,net,pin
g159411/Y,n_157,pin,net
n_1570,u11_dout_reg\[16\]/D,net,pin
g157844/Y,n_1570,pin,net
n_1571,u11_dout_reg\[15\]/D,net,pin
g157843/Y,n_1571,pin,net
n_1572,u11_dout_reg\[14\]/D,net,pin
g157842/Y,n_1572,pin,net
n_1573,u10_dout_reg\[22\]/D,net,pin
g157841/Y,n_1573,pin,net
n_1574,u11_dout_reg\[13\]/D,net,pin
g157840/Y,n_1574,pin,net
n_1575,u11_dout_reg\[12\]/D,net,pin
g157839/Y,n_1575,pin,net
n_1576,u11_dout_reg\[10\]/D,net,pin
g157838/Y,n_1576,pin,net
n_1577,u11_dout_reg\[9\]/D,net,pin
g157837/Y,n_1577,pin,net
n_15771,u3_mem_reg\[1\]\[27\]/D,net,pin
g170621/Y,n_15771,pin,net
n_15773,u3_mem_reg\[1\]\[28\]/D,net,pin
g170623/Y,n_15773,pin,net
n_15775,u3_mem_reg\[1\]\[23\]/D,net,pin
g170625/Y,n_15775,pin,net
n_1578,u11_dout_reg\[8\]/D,net,pin
g157836/Y,n_1578,pin,net
n_1579,u11_dout_reg\[7\]/D,net,pin
g157835/Y,n_1579,pin,net
n_158,g166495/A1,net,pin
g159385/Y,n_158,pin,net
n_1580,u11_dout_reg\[6\]/D,net,pin
g157834/Y,n_1580,pin,net
n_1581,u11_dout_reg\[4\]/D,net,pin
g157833/Y,n_1581,pin,net
n_1582,u11_dout_reg\[3\]/D,net,pin
g157832/Y,n_1582,pin,net
n_1583,u11_dout_reg\[2\]/D,net,pin
g157831/Y,n_1583,pin,net
n_1584,u11_dout_reg\[1\]/D,net,pin
g157830/Y,n_1584,pin,net
n_1585,u11_dout_reg\[0\]/D,net,pin
g157829/Y,n_1585,pin,net
n_15854,u3_mem_reg\[1\]\[26\]/D,net,pin
g170689/Y,n_15854,pin,net
n_1586,u10_dout_reg\[29\]/D,net,pin
g157828/Y,n_1586,pin,net
n_15867,g216472/B1,net,pin
n_15867,g212597/A1,net,pin
n_15867,g176500/B1,net,pin
n_15867,g173649/C,net,pin
n_15867,g172533/A1,net,pin
n_15867,g172155/B1,net,pin
g170703/Y,n_15867,pin,net
n_15867,g169544/A1,net,pin
n_15867,g167924/A1,net,pin
n_15867,g167887/A2,net,pin
n_15867,g165507/A2,net,pin
n_15867,g165503/A2,net,pin
n_15867,g165493/A2,net,pin
n_15869,u8_mem_reg\[1\]\[3\]/D,net,pin
g97/Y,n_15869,pin,net
n_1587,u10_dout_reg\[24\]/D,net,pin
g157827/Y,n_1587,pin,net
n_1588,u10_dout_reg\[16\]/D,net,pin
g157826/Y,n_1588,pin,net
n_1589,u11_dout_reg\[30\]/D,net,pin
g157825/Y,n_1589,pin,net
n_1590,u10_dout_reg\[15\]/D,net,pin
g157824/Y,n_1590,pin,net
n_1591,u10_dout_reg\[28\]/D,net,pin
g157822/Y,n_1591,pin,net
n_15915,u8_mem_reg\[1\]\[25\]/D,net,pin
g170740/Y,n_15915,pin,net
n_1592,u10_dout_reg\[27\]/D,net,pin
g157821/Y,n_1592,pin,net
n_15920,g216477/A2,net,pin
n_15920,g212593/A1,net,pin
n_15920,g202308/A2,net,pin
n_15920,g200173/B1,net,pin
n_15920,g179670/A2,net,pin
g170749/Y,n_15920,pin,net
n_15920,g170748/A1,net,pin
n_15920,g170302/B1,net,pin
n_15920,g167900/A1,net,pin
n_15920,g165981/A2,net,pin
n_15920,g165976/A1,net,pin
n_15920,g165969/A2,net,pin
n_15923,u8_mem_reg\[1\]\[31\]/D,net,pin
g170748/Y,n_15923,pin,net
n_15927,u8_mem_reg\[1\]\[24\]/D,net,pin
g89/Y,n_15927,pin,net
n_1593,u10_dout_reg\[25\]/D,net,pin
g157820/Y,n_1593,pin,net
n_15931,u8_mem_reg\[1\]\[20\]/D,net,pin
g170754/Y,n_15931,pin,net
n_1594,u10_dout_reg\[9\]/D,net,pin
g157819/Y,n_1594,pin,net
n_1595,u10_dout_reg\[14\]/D,net,pin
g157818/Y,n_1595,pin,net
n_15952,g216473/B1,net,pin
n_15952,g212622/A2,net,pin
n_15952,g186041/A2,net,pin
n_15952,g178291/A2,net,pin
n_15952,g167875/A2,net,pin
n_15952,g166301/A2,net,pin
n_15952,g166297/A1,net,pin
n_15952,g166291/A2,net,pin
n_15952,g166287/A2,net,pin
drc_buf_sp170772/Y,n_15952,pin,net
n_15954,g213846/B2,net,pin
n_15954,g178292/B2,net,pin
n_15954,g178291/B2,net,pin
n_15954,g178289/B2,net,pin
n_15954,g178285/B2,net,pin
n_15954,g178283/B2,net,pin
n_15954,g178281/B2,net,pin
n_15954,g178278/B2,net,pin
n_15954,g178275/B2,net,pin
n_15954,g178274/B2,net,pin
n_15954,g178273/B2,net,pin
n_15954,g178265/B2,net,pin
n_15954,g178264/B2,net,pin
n_15954,g178263/B2,net,pin
n_15954,g178262/B2,net,pin
n_15954,g178260/B2,net,pin
fopt170775/Y,n_15954,pin,net
n_1596,u10_dout_reg\[12\]/D,net,pin
g157817/Y,n_1596,pin,net
n_1597,u10_dout_reg\[11\]/D,net,pin
g157816/Y,n_1597,pin,net
n_1598,u10_dout_reg\[0\]/D,net,pin
g157815/Y,n_1598,pin,net
n_1599,u10_dout_reg\[1\]/D,net,pin
g157814/Y,n_1599,pin,net
g159635/Y,n_16,pin,net
n_16,g157279/A,net,pin
g159434/Y,n_160,pin,net
n_160,g158087/B2,net,pin
n_1600,u9_dout_reg\[31\]/D,net,pin
g157813/Y,n_1600,pin,net
n_16009,g215512/B2,net,pin
n_16009,g213858/B2,net,pin
n_16009,g176500/B2,net,pin
n_16009,g176265/B2,net,pin
n_16009,g171168/B2,net,pin
n_16009,g171075/B2,net,pin
g170821/Y,n_16009,pin,net
n_16009,g170387/B2,net,pin
n_16009,g170378/B2,net,pin
n_16009,g170362/B2,net,pin
n_16009,g170358/B2,net,pin
n_16009,g170349/B2,net,pin
n_16009,g170345/B2,net,pin
n_16009,g170156/B2,net,pin
n_16009,g165889/A2,net,pin
n_16009,g155838/A1,net,pin
n_16009,g155567/B,net,pin
n_1601,u9_dout_reg\[30\]/D,net,pin
g157812/Y,n_1601,pin,net
n_1602,u9_dout_reg\[29\]/D,net,pin
g157811/Y,n_1602,pin,net
n_1603,u9_dout_reg\[28\]/D,net,pin
g157810/Y,n_1603,pin,net
n_16031,u3_mem_reg\[1\]\[25\]/D,net,pin
g170840/Y,n_16031,pin,net
n_1604,u9_dout_reg\[27\]/D,net,pin
g157809/Y,n_1604,pin,net
n_1605,u9_dout_reg\[26\]/D,net,pin
g157808/Y,n_1605,pin,net
n_1606,u9_dout_reg\[25\]/D,net,pin
g157807/Y,n_1606,pin,net
n_1607,u9_dout_reg\[24\]/D,net,pin
g157806/Y,n_1607,pin,net
n_1608,u9_dout_reg\[22\]/D,net,pin
g157805/Y,n_1608,pin,net
n_1609,u9_dout_reg\[21\]/D,net,pin
g157804/Y,n_1609,pin,net
g160069/Y,n_161,pin,net
n_161,g158104/B1,net,pin
n_1610,u10_dout_reg\[2\]/D,net,pin
g157803/Y,n_1610,pin,net
n_1611,u9_dout_reg\[20\]/D,net,pin
g157802/Y,n_1611,pin,net
n_1612,u9_dout_reg\[19\]/D,net,pin
g157801/Y,n_1612,pin,net
n_1613,u9_dout_reg\[18\]/D,net,pin
g157800/Y,n_1613,pin,net
n_1614,u9_dout_reg\[16\]/D,net,pin
g157798/Y,n_1614,pin,net
n_1615,u9_dout_reg\[15\]/D,net,pin
g157797/Y,n_1615,pin,net
n_1616,u9_dout_reg\[14\]/D,net,pin
g157796/Y,n_1616,pin,net
n_1617,u9_dout_reg\[13\]/D,net,pin
g157795/Y,n_1617,pin,net
n_1618,u9_dout_reg\[12\]/D,net,pin
g157794/Y,n_1618,pin,net
n_1619,u9_dout_reg\[11\]/D,net,pin
g157793/Y,n_1619,pin,net
g159445/Y,n_162,pin,net
n_162,g158982/A,net,pin
n_1620,u9_dout_reg\[10\]/D,net,pin
g157792/Y,n_1620,pin,net
n_1621,u9_dout_reg\[8\]/D,net,pin
g157790/Y,n_1621,pin,net
n_1622,u9_dout_reg\[7\]/D,net,pin
g157789/Y,n_1622,pin,net
n_1623,u9_dout_reg\[6\]/D,net,pin
g157788/Y,n_1623,pin,net
n_1624,u9_dout_reg\[5\]/D,net,pin
g157787/Y,n_1624,pin,net
n_1625,u9_dout_reg\[4\]/D,net,pin
g157786/Y,n_1625,pin,net
n_1626,u9_dout_reg\[3\]/D,net,pin
g157785/Y,n_1626,pin,net
n_1627,u9_dout_reg\[2\]/D,net,pin
g157784/Y,n_1627,pin,net
n_1628,u9_dout_reg\[1\]/D,net,pin
g157783/Y,n_1628,pin,net
n_1629,u9_dout_reg\[0\]/D,net,pin
g157782/Y,n_1629,pin,net
n_1630,u10_dout_reg\[30\]/D,net,pin
g157781/Y,n_1630,pin,net
n_16304,u3_mem_reg\[1\]\[11\]/D,net,pin
g171075/Y,n_16304,pin,net
n_1631,u10_dout_reg\[26\]/D,net,pin
g157780/Y,n_1631,pin,net
n_16314,u8_mem_reg\[1\]\[16\]/D,net,pin
g171085/Y,n_16314,pin,net
n_1632,u10_dout_reg\[3\]/D,net,pin
g157779/Y,n_1632,pin,net
n_1633,u10_dout_reg\[5\]/D,net,pin
g157778/Y,n_1633,pin,net
n_1634,u11_dout_reg\[11\]/D,net,pin
g157777/Y,n_1634,pin,net
n_1635,u10_dout_reg\[7\]/D,net,pin
g157776/Y,n_1635,pin,net
n_1637,u10_dout_reg\[18\]/D,net,pin
g157874/Y,n_1637,pin,net
n_16416,u3_mem_reg\[1\]\[2\]/D,net,pin
g171168/Y,n_16416,pin,net
n_16427,u3_mem_reg\[1\]\[19\]/D,net,pin
g171179/Y,n_16427,pin,net
n_1643,g200568/A1,net,pin
n_1643,g200566/B,net,pin
g158753/Y,n_1643,pin,net
n_16436,g184540/B,net,pin
g171192/Y,n_16436,pin,net
n_16439,u11_mem_reg\[1\]\[9\]/D,net,pin
g171189/Y,n_16439,pin,net
g159327/Y,n_1645,pin,net
n_1645,g159233/A,net,pin
n_1645,g158018/C,net,pin
n_1645,g157513/B,net,pin
n_1645,g157469/A,net,pin
n_16458,g200561/A,net,pin
g171209/Y,n_16458,pin,net
n_16458,g157762/A,net,pin
n_16458,g157317/A2,net,pin
n_1646,u2_in_valid_reg\[1\]/D,net,pin
g157513/Y,n_1646,pin,net
n_1647,g172048/B,net,pin
g159585/Y,n_1647,pin,net
n_1647,g157465/B,net,pin
n_1648,g172048/A,net,pin
g158469/Y,n_1648,pin,net
n_1648,g158235/A,net,pin
n_1648,g157465/A,net,pin
g157465/Y,n_1649,pin,net
n_1649,g156728/A2,net,pin
n_1651,u2_valid_reg/D,net,pin
g157289/Y,n_1651,pin,net
n_16593,u3_mem_reg\[1\]\[15\]/D,net,pin
g171322/Y,n_16593,pin,net
n_166,g166484/B1,net,pin
g159898/Y,n_166,pin,net
n_166,g159897/A,net,pin
n_1660,u11_dout_reg\[27\]/D,net,pin
g157852/Y,n_1660,pin,net
n_1661,g180293/A,net,pin
n_1661,g173226/A,net,pin
g158517/Y,n_1661,pin,net
n_1661,g158015/A,net,pin
n_1661,fopt168704/A,net,pin
n_1666,g210419/A2,net,pin
n_1666,g198622/B2,net,pin
n_1666,g191945/B2,net,pin
n_1666,g187478/A2,net,pin
n_1666,g184549/B1,net,pin
n_1666,g181839/A1,net,pin
g159913/Y,n_1666,pin,net
n_1666,g158998/B2,net,pin
n_1666,g158997/B2,net,pin
n_16664,u10_mem_reg\[0\]\[19\]/D,net,pin
g171378/Y,n_16664,pin,net
n_1667,g210420/B,net,pin
g200412/Y,n_1667,pin,net
n_1667,g198623/B,net,pin
n_1667,g191946/A,net,pin
n_1667,g187479/B,net,pin
n_1667,g158998/A2,net,pin
n_1667,g158997/A2,net,pin
g171389/Y,n_16671,pin,net
n_16671,g171388/A,net,pin
n_16672,g2351/B,net,pin
n_16672,g199521/A2,net,pin
n_16672,g190187/A1,net,pin
g171388/Y,n_16672,pin,net
n_16672,g154344__6260/A1,net,pin
n_16672,g123/C2,net,pin
n_16680,u8_mem_reg\[1\]\[22\]/D,net,pin
g171394/Y,n_16680,pin,net
n_16684,u8_mem_reg\[1\]\[23\]/D,net,pin
g171397/Y,n_16684,pin,net
g171436/Y,n_16720,pin,net
n_16720,g171435/B,net,pin
g171437/Y,n_16721,pin,net
n_16721,g171435/C,net,pin
g174/Y,n_16722,pin,net
n_16722,g171435/D,net,pin
n_16723,u12_wb_data_o_reg\[8\]/D,net,pin
g171435/Y,n_16723,pin,net
g171439/Y,n_16724,pin,net
n_16724,g171438/A,net,pin
n_16725,u12_wb_data_o_reg\[0\]/D,net,pin
g171438/Y,n_16725,pin,net
n_16726,g171440/A,net,pin
g143/Y,n_16726,pin,net
g171441/Y,n_16727,pin,net
n_16727,g171440/C,net,pin
n_16728,u12_wb_data_o_reg\[6\]/D,net,pin
g171440/Y,n_16728,pin,net
n_16730,g171442/A,net,pin
g111/Y,n_16730,pin,net
n_16731,g171442/C,net,pin
g110/Y,n_16731,pin,net
n_16732,g171442/D,net,pin
g112/Y,n_16732,pin,net
n_16733,u12_wb_data_o_reg\[3\]/D,net,pin
g171442/Y,n_16733,pin,net
g171447/Y,n_16736,pin,net
n_16736,g171446/A2,net,pin
g171448/Y,n_16737,pin,net
n_16737,g171446/B1,net,pin
g171446/Y,n_16738,pin,net
n_16738,g171445/B,net,pin
n_16739,g583/C,net,pin
g171445/Y,n_16739,pin,net
g492/Y,n_16741,pin,net
n_16741,g490/A,net,pin
g493/Y,n_16742,pin,net
n_16742,g490/C,net,pin
g490/Y,n_16743,pin,net
n_16743,g185115/A1,net,pin
n_16749,g224742/A,net,pin
g171451/Y,n_16749,pin,net
n_16750,g224742/D,net,pin
g171452/Y,n_16750,pin,net
n_16751,g224742/B,net,pin
g171453/Y,n_16751,pin,net
n_1677,g182522/B,net,pin
n_1677,g179068/A,net,pin
g160140/Y,n_1677,pin,net
n_1677,g158831/B1,net,pin
n_1678,g224/A2,net,pin
n_1678,g182524/B,net,pin
n_1678,g179067/A,net,pin
g160144/Y,n_1678,pin,net
n_16781,g472/A1,net,pin
g171468/Y,n_16781,pin,net
n_16781,g154380__189848/A1,net,pin
n_16788,u13_crac_r_reg\[4\]/D,net,pin
g171473/Y,n_16788,pin,net
g196662/Y,n_1679,pin,net
n_1679,g196187/A2,net,pin
n_1679,g179828/A1,net,pin
n_1679,g175428/A1,net,pin
n_1679,g175424/A1,net,pin
n_1679,g175420/A1,net,pin
n_1679,g172863/B2,net,pin
n_1679,g172563/B2,net,pin
n_1679,g171192/B2,net,pin
n_1679,g160049/A,net,pin
n_1679,g158829/B2,net,pin
n_1679,g158532/A1,net,pin
n_1679,g158527/A1,net,pin
n_1679,g158521/A1,net,pin
n_1679,g158477/A1,net,pin
n_1679,g158474/A1,net,pin
n_16797,g214958/A1,net,pin
n_16797,g213838/A2,net,pin
g171483/Y,n_16797,pin,net
n_16797,g169254/A2,net,pin
n_16797,g165957/A1,net,pin
n_16797,g165902/A1,net,pin
n_16797,g165874/A1,net,pin
n_16797,g165848/A1,net,pin
n_16797,g165822/A1,net,pin
n_16797,g165798/A1,net,pin
n_16797,g165771/A1,net,pin
n_16797,g165740/A1,net,pin
n_16797,g165712/A1,net,pin
n_16797,g165683/A1,net,pin
n_16797,g165655/A1,net,pin
n_16797,g165596/A1,net,pin
n_16797,g165569/A1,net,pin
n_16797,g165540/A1,net,pin
n_16797,g165510/A1,net,pin
n_16797,g165482/A1,net,pin
n_16797,g165450/A1,net,pin
n_16797,g165423/A1,net,pin
n_16797,g165393/A1,net,pin
n_16797,g165364/A1,net,pin
n_16798,g213838/B1,net,pin
g171484/Y,n_16798,pin,net
n_1680,g182152/B,net,pin
g160103/Y,n_1680,pin,net
n_1680,g158906/A,net,pin
n_1680,g158829/B1,net,pin
g171490/Y,n_16805,pin,net
n_16805,g171489/A1,net,pin
n_16807,u13_crac_r_reg\[1\]/D,net,pin
g171489/Y,n_16807,pin,net
n_1681,g182154/B,net,pin
n_1681,g172563/A1,net,pin
g160110/Y,n_1681,pin,net
n_1681,g158911/A,net,pin
n_16816,u13_crac_r_reg\[7\]/D,net,pin
g171492/Y,n_16816,pin,net
n_16819,u13_crac_r_reg\[0\]/D,net,pin
g171495/Y,n_16819,pin,net
n_16828,u13_crac_r_reg\[3\]/D,net,pin
g171504/Y,n_16828,pin,net
n_16853,g218182/A,net,pin
n_16853,g218181/A1,net,pin
g171526/Y,n_16853,pin,net
g171528/Y,n_16857,pin,net
n_16857,g171521/B,net,pin
n_16858,g184219/A,net,pin
g171521/Y,n_16858,pin,net
n_16880,g200197/B1,net,pin
g171550/Y,n_16880,pin,net
n_16895,g180444/A,net,pin
g171562/Y,n_16895,pin,net
n_16899,u7_rp_reg\[1\]/D,net,pin
g165/Y,n_16899,pin,net
n_169,g173874/A,net,pin
g159727/Y,n_169,pin,net
n_169,g157194/A,net,pin
n_16900,g215499/B2,net,pin
n_16900,g213842/B2,net,pin
n_16900,g166287/B2,net,pin
n_16900,g166263/B2,net,pin
n_16900,g166118/B2,net,pin
n_16900,g166092/B2,net,pin
n_16900,g166068/B2,net,pin
n_16900,g166042/B2,net,pin
n_16900,g165993/B2,net,pin
n_16900,g165966/B2,net,pin
n_16900,g165936/B2,net,pin
n_16900,g165884/B2,net,pin
n_16900,g165857/B2,net,pin
n_16900,g165704/B2,net,pin
n_16900,g165443/B2,net,pin
n_16900,g165384/B2,net,pin
fopt171563/Y,n_16900,pin,net
n_16908,g166532/B2,net,pin
n_16908,g166503/B2,net,pin
n_16908,g165839/B2,net,pin
n_16908,g165812/B2,net,pin
n_16908,g165789/B2,net,pin
n_16908,g165761/B2,net,pin
n_16908,g165732/B2,net,pin
n_16908,g165675/B2,net,pin
n_16908,g165646/B2,net,pin
n_16908,g165587/B2,net,pin
n_16908,g165559/B2,net,pin
n_16908,g165531/B2,net,pin
n_16908,g165502/B2,net,pin
n_16908,g165473/B2,net,pin
n_16908,g165413/B2,net,pin
n_16908,g165355/B2,net,pin
fopt171564/Y,n_16908,pin,net
n_1692,g200347/B2,net,pin
n_1692,g200345/B2,net,pin
n_1692,g198750/B2,net,pin
n_1692,g198742/B2,net,pin
n_1692,g198741/A2,net,pin
n_1692,g198740/A2,net,pin
g159904/Y,n_1692,pin,net
n_1699,g200415/B2,net,pin
n_1699,g182870/B,net,pin
g160142/Y,n_1699,pin,net
n_1699,g158935/A,net,pin
n_1701,g44/A,net,pin
n_1701,g196187/A1,net,pin
n_1701,g182135/B,net,pin
g160151/Y,n_1701,pin,net
n_1704,g182142/B,net,pin
n_1704,g172863/A1,net,pin
n_1704,g172563/B1,net,pin
g160147/Y,n_1704,pin,net
n_1704,g158909/A,net,pin
n_1705,g179828/B1,net,pin
n_1705,g175428/B1,net,pin
n_1705,g175424/B1,net,pin
n_1705,g175420/B1,net,pin
n_1705,g172863/A2,net,pin
n_1705,g172563/A2,net,pin
n_1705,g171192/A2,net,pin
g159894/Y,n_1705,pin,net
n_1705,g158532/B1,net,pin
n_1705,g158527/B2,net,pin
n_1705,g158521/B1,net,pin
n_1705,g158477/B1,net,pin
n_1705,g158474/B2,net,pin
n_1707,g182148/B,net,pin
n_1707,g175618/A1,net,pin
n_1707,g175428/A2,net,pin
g160145/Y,n_1707,pin,net
n_17079,u2_to_cnt_reg\[1\]/D,net,pin
g171722/Y,n_17079,pin,net
n_171,g193487/A,net,pin
n_171,g174933/B,net,pin
g159578/Y,n_171,pin,net
g171749/Y,n_17108,pin,net
n_17108,g171748/A1,net,pin
n_17110,u7_dout_reg\[14\]/D,net,pin
g171748/Y,n_17110,pin,net
n_1714,g182540/B,net,pin
n_1714,g175597/A2,net,pin
n_1714,g172183/B1,net,pin
g160112/Y,n_1714,pin,net
n_1714,g158938/A,net,pin
g154121__171814/Y,n_17184,pin,net
n_17184,g153656__5122/B,net,pin
n_172,g182134/B,net,pin
g159614/Y,n_172,pin,net
n_172,g159612/A,net,pin
n_1723,g177281/A,net,pin
g157970/Y,n_1723,pin,net
n_1723,g153841__191897/A1,net,pin
g171873/Y,n_17252,pin,net
n_17252,g171872/A2,net,pin
n_17254,u7_dout_reg\[12\]/D,net,pin
g171872/Y,n_17254,pin,net
n_17304,u5_dout_reg\[17\]/D,net,pin
g153675__171918/Y,n_17304,pin,net
g157752/Y,n_1734,pin,net
n_1734,g154355__9315/B,net,pin
g157726/Y,n_1736,pin,net
n_1736,g154116__7410/A1,net,pin
g172003/Y,n_17388,pin,net
n_17388,g156139/B,net,pin
g157701/Y,n_1739,pin,net
n_1739,g156929/A1,net,pin
g183349/Y,n_17399,pin,net
n_17399,g175375/B,net,pin
n_17399,g172010/A2,net,pin
n_17399,g168834/B,net,pin
n_17399,fopt163956/A,net,pin
g172012/Y,n_17400,pin,net
n_17400,g172010/A1,net,pin
n_17401,u23_int_set_reg\[2\]/D,net,pin
g172010/Y,n_17401,pin,net
n_17402,g198739/B,net,pin
n_17402,g198738/A2,net,pin
g172013/Y,n_17402,pin,net
g172014/Y,n_17403,pin,net
n_17403,g154785/A1,net,pin
g157694/Y,n_1742,pin,net
n_1742,g154329__9945/B,net,pin
n_1744,g164219/D,net,pin
g158201/Y,n_1744,pin,net
g172048/Y,n_17440,pin,net
n_17440,g172047/B,net,pin
n_17441,u2_to_cnt_reg\[4\]/D,net,pin
g172047/Y,n_17441,pin,net
n_1745,g173054/C,net,pin
g158195/Y,n_1745,pin,net
n_1747,g197877/C,net,pin
g158189/Y,n_1747,pin,net
n_17489,g172095/A2,net,pin
n_17489,g154347__8246/B,net,pin
g119/Y,n_17489,pin,net
g158167/Y,n_1749,pin,net
n_1749,g157015/C,net,pin
g172097/Y,n_17490,pin,net
n_17490,g172095/B,net,pin
g172095/Y,n_17492,pin,net
n_17492,g163920/A1,net,pin
n_1751,g62/D,net,pin
g158165/Y,n_1751,pin,net
n_17513,u13_crac_dout_r_reg\[1\]/D,net,pin
g172114/Y,n_17513,pin,net
n_1752,g180146/B,net,pin
g158164/Y,n_1752,pin,net
n_17525,u13_crac_dout_r_reg\[12\]/D,net,pin
g82/Y,n_17525,pin,net
n_17528,u13_crac_dout_r_reg\[6\]/D,net,pin
g85/Y,n_17528,pin,net
n_1753,g162/C,net,pin
g158163/Y,n_1753,pin,net
n_17530,u13_crac_dout_r_reg\[8\]/D,net,pin
g172124/Y,n_17530,pin,net
n_17532,u13_crac_dout_r_reg\[2\]/D,net,pin
g172126/Y,n_17532,pin,net
n_17534,u13_crac_dout_r_reg\[14\]/D,net,pin
g172128/Y,n_17534,pin,net
n_1754,g181575/C,net,pin
g158162/Y,n_1754,pin,net
n_17542,u13_crac_dout_r_reg\[15\]/D,net,pin
g172136/Y,n_17542,pin,net
g3/Y,n_17545,pin,net
n_17545,g191982/A2,net,pin
g158161/Y,n_1755,pin,net
n_1755,g157137/D,net,pin
n_17563,u13_crac_dout_r_reg\[3\]/D,net,pin
g172155/Y,n_17563,pin,net
n_17565,u13_crac_dout_r_reg\[9\]/D,net,pin
g172157/Y,n_17565,pin,net
n_17567,u13_crac_dout_r_reg\[5\]/D,net,pin
g172159/Y,n_17567,pin,net
n_17569,g182635/A2,net,pin
g172163/Y,n_17569,pin,net
n_1757,g176923/C,net,pin
g158159/Y,n_1757,pin,net
g172167/Y,n_17573,pin,net
n_17573,g172165/A2,net,pin
n_17575,u5_wp_reg\[1\]/D,net,pin
g172165/Y,n_17575,pin,net
n_17577,u13_crac_dout_r_reg\[11\]/D,net,pin
g172169/Y,n_17577,pin,net
n_17578,g216479/B1,net,pin
n_17578,g212614/A1,net,pin
n_17578,g191975/B1,net,pin
n_17578,g186027/A2,net,pin
n_17578,g184900/A1,net,pin
n_17578,g181508/B1,net,pin
n_17578,g172501/A1,net,pin
g172172/Y,n_17578,pin,net
n_17578,g170358/B1,net,pin
n_17578,g169542/A1,net,pin
n_17578,g167889/A1,net,pin
n_17578,g165450/A2,net,pin
n_17578,g165448/A2,net,pin
n_17578,g165444/A2,net,pin
n_17579,g85/B2,net,pin
n_17579,g82/B2,net,pin
n_17579,g215497/B2,net,pin
n_17579,g213854/B2,net,pin
n_17579,g210439/B2,net,pin
n_17579,g181508/B2,net,pin
n_17579,g172175/B2,net,pin
g172173/Y,n_17579,pin,net
n_17579,g172159/B1,net,pin
n_17579,g172157/B1,net,pin
n_17579,g172155/B2,net,pin
n_17579,g172136/B2,net,pin
n_17579,g172128/B2,net,pin
n_17579,g172126/B2,net,pin
n_17579,g172124/B2,net,pin
n_17579,g171504/B2,net,pin
n_17579,g171495/B2,net,pin
n_17579,g171489/B2,net,pin
n_17583,u13_crac_dout_r_reg\[13\]/D,net,pin
g172175/Y,n_17583,pin,net
n_17584,g200340/A,net,pin
n_17584,g184495/A1,net,pin
n_17584,g178335/A,net,pin
g172177/Y,n_17584,pin,net
g172183/Y,n_17591,pin,net
n_17591,g153571__6161/A1,net,pin
n_17591,g153551__168327/A2,net,pin
n_17591,g153411__9945/A2,net,pin
n_17591,g153374__5526/A1,net,pin
g172187/Y,n_17594,pin,net
n_17594,g141/B,net,pin
g172188/Y,n_17595,pin,net
n_17595,g153564__8246/A1,net,pin
n_17595,g153544__168301/A2,net,pin
n_17595,g153418__2398/A2,net,pin
n_17595,g153367__1666/A2,net,pin
g172189/Y,n_17596,pin,net
n_17596,g153565__7098/A1,net,pin
n_17596,g153545__168318/A2,net,pin
n_17596,g153417__5477/A2,net,pin
n_17596,g153368__6417/A2,net,pin
g172190/Y,n_17597,pin,net
n_17597,g153572__9315/A1,net,pin
n_17597,g153552__168299/A2,net,pin
n_17597,g153410__9315/A2,net,pin
n_17597,g153375__6783/A2,net,pin
g172192/Y,n_17599,pin,net
n_17599,g153563__5122/A1,net,pin
n_17599,g153543__168321/A2,net,pin
n_17599,g153419__5107/A2,net,pin
n_17599,g153366__2346/A1,net,pin
n_176,g197875/B,net,pin
n_176,g184495/B1,net,pin
n_176,g181979/B,net,pin
g159934/Y,n_176,pin,net
n_176,g154360__7410/A1,net,pin
n_176,g154356__9945/A1,net,pin
n_176,g154352__7482/A1,net,pin
n_176,fopt181975/A,net,pin
n_1760,g58/A,net,pin
g158156/Y,n_1760,pin,net
n_17600,g200411/A,net,pin
n_17600,g180065/B1,net,pin
n_17600,g172200/A,net,pin
g172193/Y,n_17600,pin,net
n_17606,g188414/B2,net,pin
n_17606,g181843/A,net,pin
n_17606,g172898/B2,net,pin
n_17606,g172542/B2,net,pin
n_17606,g172208/A1,net,pin
n_17606,g172207/A1,net,pin
n_17606,g172206/A1,net,pin
n_17606,g172202/B2,net,pin
n_17606,g172201/B,net,pin
g172200/Y,n_17606,pin,net
n_17608,g184549/C,net,pin
g172201/Y,n_17608,pin,net
g172202/Y,n_17609,pin,net
n_17609,g127/B,net,pin
g172206/Y,n_17613,pin,net
n_17613,g154097__198367/A2,net,pin
n_17613,g154077__1617/A2,net,pin
n_17613,g153864__1705/A1,net,pin
n_17613,g153779__178438/A2,net,pin
g172207/Y,n_17614,pin,net
n_17614,g154099__198356/A2,net,pin
n_17614,g154078__2802/A1,net,pin
n_17614,g153865__5122/A1,net,pin
n_17614,g153780__178437/A2,net,pin
g172208/Y,n_17615,pin,net
n_17615,g154100__198368/A2,net,pin
n_17615,g154079__1705/A1,net,pin
n_17615,g153866__8246/A2,net,pin
n_17615,g153781__178436/A2,net,pin
g172209/Y,n_17616,pin,net
n_17616,g153972__182369/A1,net,pin
n_17617,g224667/B1,net,pin
g172210/Y,n_17617,pin,net
n_17617,g154355__9315/A2,net,pin
n_17617,g154121__171814/A1,net,pin
n_17618,g200560/B,net,pin
g172211/Y,n_17618,pin,net
n_1762,g177869/A2,net,pin
g159070/Y,n_1762,pin,net
n_1762,g158156/B2,net,pin
n_1762,g158154/B2,net,pin
n_1762,g158152/B2,net,pin
g172216/Y,n_17623,pin,net
n_17623,g158090/A2,net,pin
n_17623,g158087/A2,net,pin
n_17623,g158071/A1,net,pin
g8/Y,n_17624,pin,net
n_17624,g493/B1,net,pin
n_17624,g183256/A2,net,pin
n_17624,g180579/A2,net,pin
n_17624,g158092/A2,net,pin
n_17624,g158091/A2,net,pin
n_17624,g158088/A2,net,pin
n_17624,g158085/A2,net,pin
n_17624,g158082/A2,net,pin
n_17624,g158081/A2,net,pin
g172218/Y,n_17625,pin,net
n_17625,g172217/B,net,pin
n_17626,g182616/A1,net,pin
g172217/Y,n_17626,pin,net
g158154/Y,n_1764,pin,net
n_1764,g157605/A,net,pin
n_1765,g492/A2,net,pin
n_1765,g196922/A2,net,pin
n_1765,g180578/B2,net,pin
g159071/Y,n_1765,pin,net
n_1765,g158163/B2,net,pin
n_1765,g158162/B2,net,pin
n_1765,g158161/B2,net,pin
n_1765,g158159/B2,net,pin
n_1765,g158153/B2,net,pin
n_1766,g492/B2,net,pin
n_1766,g196922/B2,net,pin
n_1766,g180578/A2,net,pin
g158969/Y,n_1766,pin,net
n_1766,g158163/A2,net,pin
n_1766,g158162/A2,net,pin
n_1766,g158161/A2,net,pin
n_1766,g158159/A2,net,pin
n_1766,g158153/A2,net,pin
n_1767,g180714/C,net,pin
g158153/Y,n_1767,pin,net
n_17672,u7_status_reg\[1\]/D,net,pin
g172262/Y,n_17672,pin,net
g158152/Y,n_1768,pin,net
n_1768,g157602/A,net,pin
g172264/Y,n_17686,pin,net
n_17686,g159887/A,net,pin
n_17686,g154859__4319/B,net,pin
n_17686,g153979__173338/C,net,pin
n_17687,g197826/B,net,pin
n_17687,g182902/B,net,pin
n_17687,g182901/B,net,pin
n_17687,g182899/B,net,pin
n_17687,g181981/A2,net,pin
g172266/Y,n_17687,pin,net
g172267/Y,n_17688,pin,net
n_17688,g165540/B,net,pin
n_1769,g163909/A,net,pin
g158149/Y,n_1769,pin,net
n_17690,g182902/C,net,pin
g172269/Y,n_17690,pin,net
n_1770,g172218/B,net,pin
g158148/Y,n_1770,pin,net
n_17704,g224211/B2,net,pin
n_17704,g188956/B2,net,pin
n_17704,g183375/B2,net,pin
n_17704,g176883/B2,net,pin
n_17704,g172285/B2,net,pin
g172283/Y,n_17704,pin,net
n_17704,g171452/B2,net,pin
n_17704,g158139/B2,net,pin
n_17704,g158137/B2,net,pin
n_17704,g158136/B2,net,pin
n_17704,g158135/B2,net,pin
n_17704,g158131/B2,net,pin
n_17704,g158129/B2,net,pin
g172285/Y,n_17705,pin,net
n_17705,g172284/C,net,pin
g172284/Y,n_17706,pin,net
n_17706,g153639__182909/B2,net,pin
n_17711,g456/C1,net,pin
g172292/Y,n_17711,pin,net
n_17712,g456/B1,net,pin
fopt172293/Y,n_17712,pin,net
g158142/Y,n_1775,pin,net
n_1775,g157596/B,net,pin
n_1777,g164219/B,net,pin
g158128/Y,n_1777,pin,net
n_17778,u8_mem_reg\[3\]\[13\]/D,net,pin
g172326/Y,n_17778,pin,net
n_17785,u8_mem_reg\[3\]\[8\]/D,net,pin
g172330/Y,n_17785,pin,net
n_17787,u8_mem_reg\[3\]\[16\]/D,net,pin
g172332/Y,n_17787,pin,net
n_1779,g173054/D,net,pin
g158117/Y,n_1779,pin,net
n_178,g194198/A,net,pin
g159560/Y,n_178,pin,net
n_178,g158469/B,net,pin
n_178,g158289/A,net,pin
n_1780,g197877/B,net,pin
g158115/Y,n_1780,pin,net
n_17801,u8_mem_reg\[3\]\[10\]/D,net,pin
g172336/Y,n_17801,pin,net
n_17809,u8_mem_reg\[3\]\[6\]/D,net,pin
g172340/Y,n_17809,pin,net
n_1781,g196698/B,net,pin
g158114/Y,n_1781,pin,net
g159055/Y,n_1782,pin,net
n_1782,g158114/B1,net,pin
n_1782,g158113/B1,net,pin
n_1782,g158098/B1,net,pin
n_1783,g223143/A,net,pin
n_1783,g223142/A,net,pin
g159065/Y,n_1783,pin,net
n_1783,g158114/A1,net,pin
n_1783,g158113/A1,net,pin
n_1783,g158098/A1,net,pin
n_1784,g173186/C,net,pin
g158113/Y,n_1784,pin,net
g158108/Y,n_1785,pin,net
n_1785,g157606/A,net,pin
n_1788,g163916/A,net,pin
g158104/Y,n_1788,pin,net
n_1789,g212433/A,net,pin
g158103/Y,n_1789,pin,net
n_179,g278/A,net,pin
n_179,g181642/B,net,pin
g159846/Y,n_179,pin,net
n_179,g159845/A,net,pin
g172434/Y,n_17924,pin,net
n_17924,g172433/A,net,pin
n_17925,g197008/A,net,pin
g172433/Y,n_17925,pin,net
n_17927,u9_mem_reg\[0\]\[18\]/D,net,pin
g172431/Y,n_17927,pin,net
g158101/Y,n_1793,pin,net
n_1793,fopt188959/A,net,pin
n_17938,u8_mem_reg\[3\]\[9\]/D,net,pin
g172438/Y,n_17938,pin,net
g158098/Y,n_1794,pin,net
n_1794,g157597/C,net,pin
g158095/Y,n_1797,pin,net
n_1797,g157003/B,net,pin
n_17979,u8_mem_reg\[3\]\[5\]/D,net,pin
g172475/Y,n_17979,pin,net
n_1801,g62/C,net,pin
g158093/Y,n_1801,pin,net
n_18018,u8_mem_reg\[3\]\[7\]/D,net,pin
g172501/Y,n_18018,pin,net
n_1802,g75/C,net,pin
g158092/Y,n_1802,pin,net
n_1803,g162/D,net,pin
g158091/Y,n_1803,pin,net
n_1805,g176923/D,net,pin
g158088/Y,n_1805,pin,net
n_18058,u8_mem_reg\[3\]\[3\]/D,net,pin
g172533/Y,n_18058,pin,net
n_18060,u8_mem_reg\[3\]\[11\]/D,net,pin
g172535/Y,n_18060,pin,net
n_18066,g173050/A,net,pin
g172542/Y,n_18066,pin,net
n_18068,u10_mem_reg\[0\]\[9\]/D,net,pin
g172541/Y,n_18068,pin,net
n_1807,g180714/D,net,pin
g158085/Y,n_1807,pin,net
g158084/Y,n_1808,pin,net
n_1808,g157596/A,net,pin
n_18089,g184542/B,net,pin
g172563/Y,n_18089,pin,net
n_1809,g181575/D,net,pin
g158082/Y,n_1809,pin,net
n_18092,u11_mem_reg\[3\]\[14\]/D,net,pin
g172560/Y,n_18092,pin,net
n_181,g188068/B,net,pin
g159601/Y,n_181,pin,net
n_181,g157118/C,net,pin
n_181,g152440__3680/B1,net,pin
g158081/Y,n_1812,pin,net
n_1812,g157137/C,net,pin
n_1816,g180146/A,net,pin
g158070/Y,n_1816,pin,net
n_18195,u8_mem_reg\[3\]\[14\]/D,net,pin
g172635/Y,n_18195,pin,net
n_1820,g182536/B,net,pin
n_1820,g179059/A,net,pin
n_1820,g175597/B2,net,pin
n_1820,g172187/B1,net,pin
g160131/Y,n_1820,pin,net
n_1828,g187547/A,net,pin
g157913/Y,n_1828,pin,net
n_1828,fopt172293/A,net,pin
n_1828,fopt163801/A,net,pin
n_18289,u8_mem_reg\[3\]\[2\]/D,net,pin
g172710/Y,n_18289,pin,net
g159590/Y,n_183,pin,net
n_183,g158902/A,net,pin
g157906/Y,n_1831,pin,net
n_1831,g157688/A,net,pin
n_1831,g157662/B,net,pin
g157892/Y,n_1836,pin,net
n_1836,g157675/A,net,pin
n_1836,g157653/A,net,pin
g157971/Y,n_1838,pin,net
n_1838,g157747/A,net,pin
n_1838,g153842__8246/A1,net,pin
n_184,g175809/A,net,pin
g159595/Y,n_184,pin,net
n_184,g159594/A,net,pin
n_1840,g204759/B1,net,pin
n_1840,g170098/A,net,pin
g157948/Y,n_1840,pin,net
n_1840,g157656/B,net,pin
g158216/Y,n_1841,pin,net
n_1841,g157670/B,net,pin
n_1841,g157469/B,net,pin
n_1841,g157146/A1,net,pin
n_1842,g180433/A,net,pin
g157950/Y,n_1842,pin,net
n_1842,g157655/B,net,pin
g157951/Y,n_1844,pin,net
n_1844,g157725/A,net,pin
n_1844,g157654/A,net,pin
n_18448,u8_mem_reg\[3\]\[15\]/D,net,pin
g172840/Y,n_18448,pin,net
g157732/Y,n_1845,pin,net
n_1845,g154115__1666/A1,net,pin
g157741/Y,n_1846,pin,net
n_1846,g154357__2883/B,net,pin
g157717/Y,n_1847,pin,net
n_1847,g154386__1881/B,net,pin
n_18480,g184544/B,net,pin
g172863/Y,n_18480,pin,net
n_18483,u11_mem_reg\[1\]\[12\]/D,net,pin
g172860/Y,n_18483,pin,net
g157748/Y,n_1849,pin,net
n_1849,g154354__6161/B,net,pin
n_18491,u8_mem_reg\[3\]\[12\]/D,net,pin
g172868/Y,n_18491,pin,net
n_185,g196605/B1,net,pin
g159916/Y,n_185,pin,net
n_185,g159915/A,net,pin
g157755/Y,n_1850,pin,net
n_1850,g154110__8428/A1,net,pin
g157760/Y,n_1852,pin,net
n_1852,g154358__2346/B,net,pin
n_18524,g196917/A,net,pin
g172898/Y,n_18524,pin,net
g157709/Y,n_1853,pin,net
n_1853,g154330__9315/B,net,pin
n_1857,u12_i4_re_reg/D,net,pin
g157774/Y,n_1857,pin,net
n_18591,u10_mem_reg\[0\]\[11\]/D,net,pin
g172949/Y,n_18591,pin,net
g160019/Y,n_186,pin,net
n_186,g160018/A,net,pin
n_186,g158302/A2,net,pin
g157875/Y,n_1861,pin,net
n_1861,g156728/B2,net,pin
n_1863,g79/A1,net,pin
n_1863,g181979/A1,net,pin
g158795/Y,n_1863,pin,net
g173002/Y,n_18652,pin,net
n_18652,g173001/A,net,pin
g173004/Y,n_18653,pin,net
n_18653,g173003/B,net,pin
g173003/Y,n_18654,pin,net
n_18654,g173001/B,net,pin
n_18655,u11_wp_reg\[0\]/D,net,pin
g173001/Y,n_18655,pin,net
g173007/Y,n_18658,pin,net
n_18658,g173006/C,net,pin
n_18660,u7_empty_reg/D,net,pin
g173006/Y,n_18660,pin,net
g173014/Y,n_18666,pin,net
n_18666,g173013/C,net,pin
g173015/Y,n_18667,pin,net
n_18667,g173013/B,net,pin
n_18668,u6_empty_reg/D,net,pin
g173013/Y,n_18668,pin,net
n_18679,g188049/C1,net,pin
g173024/Y,n_18679,pin,net
n_18679,g154382__6161/B,net,pin
g173028/Y,n_18683,pin,net
n_18683,g173027/A,net,pin
n_18684,g193869/B2,net,pin
g173027/Y,n_18684,pin,net
n_18684,g172292/A,net,pin
n_18684,g153880__193867/A1,net,pin
n_1869,u12_rf_we_reg/D,net,pin
g158015/Y,n_1869,pin,net
n_18704,g213724/B1,net,pin
n_18704,g213707/A2,net,pin
n_18704,g202329/A,net,pin
g173047/Y,n_18704,pin,net
g173051/Y,n_18706,pin,net
n_18706,g173050/B,net,pin
n_18707,g197155/B2,net,pin
g173050/Y,n_18707,pin,net
n_18707,g172541/A2,net,pin
n_18707,g154093__198350/A1,net,pin
n_18707,g153775__178441/A2,net,pin
n_18709,g173055/A,net,pin
g173053/Y,n_18709,pin,net
n_18709,g172097/A,net,pin
n_18709,g157740/A,net,pin
g173055/Y,n_18710,pin,net
n_18710,g173054/B,net,pin
g173054/Y,n_18711,pin,net
n_18711,g164111/A1,net,pin
g157677/Y,n_1872,pin,net
n_1872,g154114__200937/A2,net,pin
n_18739,g224740/B,net,pin
n_18739,g223450/A,net,pin
n_18739,g223449/A2,net,pin
fopt173083/Y,n_18739,pin,net
g173086/Y,n_18742,pin,net
n_18742,g162472/B,net,pin
n_18743,g154849/A2,net,pin
n_18743,g154191/A,net,pin
n_18743,g153873__167561/A2,net,pin
fopt173087/Y,n_18743,pin,net
g173089/Y,n_18745,pin,net
n_18745,g158472/B,net,pin
n_18841,g199521/C,net,pin
g173186/Y,n_18841,pin,net
g157566/Y,n_1885,pin,net
n_1885,g156129/B,net,pin
n_18857,g245/B,net,pin
n_18857,g184503/B,net,pin
g173202/Y,n_18857,pin,net
g157561/Y,n_1887,pin,net
n_1887,g156127/B,net,pin
n_18871,u16_u0_dma_req_r1_reg/D,net,pin
g173212/Y,n_18871,pin,net
n_18872,u16_u8_dma_req_r1_reg/D,net,pin
g173214/Y,n_18872,pin,net
n_18872,g173213/A,net,pin
g173213/Y,n_18873,pin,net
n_18873,g154126/A1,net,pin
n_18875,u16_u1_dma_req_r1_reg/D,net,pin
g173216/Y,n_18875,pin,net
g157559/Y,n_1888,pin,net
n_1888,g156128/B,net,pin
n_18885,g173229/A,net,pin
g173226/Y,n_18885,pin,net
n_18885,g157290/A2,net,pin
n_18886,g173230/A,net,pin
g173227/Y,n_18886,pin,net
n_18886,g158948/A,net,pin
n_18887,g187713/C,net,pin
n_18887,g173230/B,net,pin
g173228/Y,n_18887,pin,net
g173230/Y,n_18888,pin,net
n_18888,g173229/B,net,pin
n_18889,u12_we1_reg/D,net,pin
g173229/Y,n_18889,pin,net
n_18894,g173237/B2,net,pin
n_18894,fopt173238/A,net,pin
fopt173235/Y,n_18894,pin,net
n_18894,fopt173234/A,net,pin
n_18895,g173237/A2,net,pin
fopt173234/Y,n_18895,pin,net
n_18895,fopt162739/A,net,pin
g173237/Y,n_18896,pin,net
n_18896,g167684/A1,net,pin
n_18896,g162472/A,net,pin
n_18897,g158472/A,net,pin
fopt173238/Y,n_18897,pin,net
n_18899,g215513/B1,net,pin
fopt173240/Y,n_18899,pin,net
n_18900,g166495/B2,net,pin
n_18900,fopt173240/A,net,pin
fopt1/Y,n_18900,pin,net
n_18902,g167904/B1,net,pin
fopt173241/Y,n_18902,pin,net
n_18903,g607/A1,net,pin
fopt173242/Y,n_18903,pin,net
n_18903,fopt173241/A,net,pin
n_1892,g192329/A1,net,pin
g158233/Y,n_1892,pin,net
n_1892,g153760__193866/A2,net,pin
n_18928,in_valid_s_reg\[2\]/D,net,pin
g173250/Y,n_18928,pin,net
n_18931,g175346/A1,net,pin
g173253/Y,n_18931,pin,net
g173254/Y,n_18933,pin,net
n_18933,g155999/A,net,pin
n_18933,g154862/B2,net,pin
g157636/Y,n_1894,pin,net
n_1894,g157512/A,net,pin
n_1894,g157116/A,net,pin
g157512/Y,n_1895,pin,net
n_1895,g157153/A,net,pin
n_1896,g163774/B,net,pin
g158038/Y,n_1896,pin,net
n_18964,g223449/A1,net,pin
n_18964,g184504/B,net,pin
n_18964,g176333/B,net,pin
fopt173279/Y,n_18964,pin,net
n_18964,fopt173278/A,net,pin
n_18966,g223943/A,net,pin
fopt173278/Y,n_18966,pin,net
g159885/Y,n_19,pin,net
n_19,g159884/A,net,pin
n_19,g159881/A,net,pin
n_19,g157294/A,net,pin
n_19,g156968/A,net,pin
n_19,g156703/C,net,pin
n_190,g198782/A,net,pin
n_190,g198781/A,net,pin
g159829/Y,n_190,pin,net
n_19002,g184878/B1,net,pin
fopt173311/Y,n_19002,pin,net
g173314/Y,n_19004,pin,net
n_19004,g173313/B1,net,pin
n_19005,u13_occ0_r_reg\[20\]/D,net,pin
g173313/Y,n_19005,pin,net
n_19006,g181968/A2,net,pin
n_19006,g178049/A1,net,pin
g173312/Y,n_19006,pin,net
n_19007,g181968/A1,net,pin
n_19007,g178049/A2,net,pin
g173315/Y,n_19007,pin,net
g173316/Y,n_19008,pin,net
n_19008,g157127/A,net,pin
n_19009,g549/A,net,pin
n_19009,g158288/B,net,pin
fopt173318/Y,n_19009,pin,net
n_19010,g158848/A,net,pin
n_19010,g158847/A,net,pin
fopt173319/Y,n_19010,pin,net
n_19010,fopt173318/A,net,pin
n_19013,g197865/B,net,pin
n_19013,g197863/A1,net,pin
n_19013,g176669/A,net,pin
fopt173320/Y,n_19013,pin,net
n_19013,fopt173319/A,net,pin
g159869/Y,n_1903,pin,net
n_1903,g159327/B,net,pin
n_1903,g158372/B,net,pin
n_1903,g157581/D,net,pin
n_1903,g157291/C,net,pin
n_1903,g157286/A1,net,pin
n_1903,g157070/B,net,pin
n_1904,u2_in_valid_reg\[2\]/D,net,pin
g157286/Y,n_1904,pin,net
n_19045,g173340/B,net,pin
g173339/Y,n_19045,pin,net
n_19045,g153979__173338/A1,net,pin
g173340/Y,n_19046,pin,net
n_19046,g153979__173338/B,net,pin
n_19047,u10_wp_reg\[1\]/D,net,pin
g153979__173338/Y,n_19047,pin,net
g173359/Y,n_19067,pin,net
n_19067,g173358/B1,net,pin
n_19068,u13_occ0_r_reg\[5\]/D,net,pin
g173358/Y,n_19068,pin,net
n_19069,g186756/A2,net,pin
g173357/Y,n_19069,pin,net
n_19069,g170035/A,net,pin
g157118/Y,n_1913,pin,net
n_1913,g152426__2398/B2,net,pin
g9/Y,n_19132,pin,net
n_19132,g173416/B,net,pin
n_19133,g216899/C,net,pin
n_19133,g186762/A1,net,pin
n_19133,g184605/A,net,pin
g173416/Y,n_19133,pin,net
g159787/Y,n_1914,pin,net
n_1914,g158216/B,net,pin
n_1914,g157583/B2,net,pin
n_1914,g157070/C,net,pin
n_1915,u2_out_le_reg\[5\]/D,net,pin
g157070/Y,n_1915,pin,net
g158065/Y,n_1917,pin,net
n_1917,g157551/B,net,pin
n_1919,g181896/A,net,pin
n_1919,g181894/A1,net,pin
n_1919,g168648/C,net,pin
g159574/Y,n_1919,pin,net
n_1919,g158982/B,net,pin
n_1920,g207848/B2,net,pin
n_1920,g181895/A,net,pin
n_1920,g168648/B,net,pin
g159570/Y,n_1920,pin,net
n_19234,u6_mem_reg\[3\]\[29\]/D,net,pin
g173512/Y,n_19234,pin,net
n_19235,u6_mem_reg\[3\]\[30\]/D,net,pin
g173513/Y,n_19235,pin,net
n_19237,u6_mem_reg\[3\]\[31\]/D,net,pin
g173515/Y,n_19237,pin,net
n_19241,u6_mem_reg\[3\]\[26\]/D,net,pin
g173519/Y,n_19241,pin,net
n_1932,g197107/A,net,pin
n_1932,g176924/B,net,pin
n_1932,g169961/A,net,pin
n_1932,g169959/A,net,pin
g160033/Y,n_1932,pin,net
n_1932,g157628/B,net,pin
n_1932,g1292/B,net,pin
n_19378,g97/B,net,pin
g173649/Y,n_19378,pin,net
g173655/Y,n_19383,pin,net
n_19383,g156909/A,net,pin
n_19383,g156908/A,net,pin
n_19383,g156907/A,net,pin
n_19383,g156906/A,net,pin
n_19495,g180562/A2,net,pin
g173763/Y,n_19495,pin,net
n_19495,g171550/B,net,pin
g173764/Y,n_19496,pin,net
n_19496,g157892/B,net,pin
g173765/Y,n_19497,pin,net
n_19497,g157951/B,net,pin
n_195,g186370/A,net,pin
n_195,g182630/A,net,pin
n_195,g179660/C,net,pin
n_195,g179657/A,net,pin
g159776/Y,n_195,pin,net
n_19501,g188094/B,net,pin
g173769/Y,n_19501,pin,net
n_19502,g199174/B,net,pin
g173770/Y,n_19502,pin,net
n_19503,g200194/A2,net,pin
n_19503,g194/B,net,pin
g173771/Y,n_19503,pin,net
g173772/Y,n_19504,pin,net
n_19504,g157948/A,net,pin
g173773/Y,n_19505,pin,net
n_19505,g157950/A,net,pin
g173774/Y,n_19506,pin,net
n_19506,g157906/A,net,pin
g173778/Y,n_19509,pin,net
n_19509,g173777/B2,net,pin
n_19510,g178/B2,net,pin
g173777/Y,n_19510,pin,net
n_1955,g692/B,net,pin
g157723/Y,n_1955,pin,net
g157743/Y,n_1957,pin,net
n_1957,g154352__7482/B,net,pin
g173838/Y,n_19576,pin,net
n_19576,g173837/B,net,pin
g173839/Y,n_19577,pin,net
n_19577,g173837/A,net,pin
n_19578,u2_suspended_reg/D,net,pin
n_19578,g194199/B,net,pin
g173837/Y,n_19578,pin,net
n_19578,g171722/B,net,pin
n_19578,g158239/A,net,pin
g157744/Y,n_1959,pin,net
n_1959,g154356__9945/B,net,pin
n_19593,g176460/A1,net,pin
n_19593,g153891__176455/C2,net,pin
n_19593,g11/B,net,pin
fopt176458/Y,n_19593,pin,net
n_19594,g162475/A,net,pin
g11/Y,n_19594,pin,net
n_19615,g192702/A,net,pin
n_19615,g173876/A2,net,pin
g173872/Y,n_19615,pin,net
n_19615,g11/A,net,pin
n_19616,g173876/A1,net,pin
n_19616,g159311/A,net,pin
fopt173873/Y,n_19616,pin,net
n_19616,fopt164034/A,net,pin
n_19617,g192701/A,net,pin
n_19617,g173876/B2,net,pin
g173874/Y,n_19617,pin,net
n_19617,g159725/A,net,pin
n_19619,g173880/A,net,pin
n_19619,g173878/A,net,pin
g173876/Y,n_19619,pin,net
n_19619,g173875/A2,net,pin
n_19620,u5_status_reg\[0\]/D,net,pin
g173878/Y,n_19620,pin,net
n_19620,g173875/B1,net,pin
n_19621,g176943/B,net,pin
g173875/Y,n_19621,pin,net
g173880/Y,n_19622,pin,net
n_19622,g173879/A2,net,pin
n_19623,u19_int_set_reg\[2\]/D,net,pin
g173879/Y,n_19623,pin,net
g158071/Y,n_1965,pin,net
n_1965,g157602/B,net,pin
n_19669,g180354/A,net,pin
g173927/Y,n_19669,pin,net
n_19672,g189101/C,net,pin
g173925/Y,n_19672,pin,net
n_1968,g170083/A,net,pin
g157899/Y,n_1968,pin,net
n_1968,fopt162394/A,net,pin
g173940/Y,n_19687,pin,net
n_19687,g156940/C,net,pin
n_19688,u7_dout_reg\[2\]/D,net,pin
g153829__173944/Y,n_19688,pin,net
n_1972,g58/B,net,pin
g158087/Y,n_1972,pin,net
n_198,g196651/B,net,pin
n_198,g167914/B1,net,pin
g159840/Y,n_198,pin,net
g158090/Y,n_1990,pin,net
n_1990,g157605/B,net,pin
g158144/Y,n_1992,pin,net
n_1992,g132/C,net,pin
n_1999,g176064/B,net,pin
g157659/Y,n_1999,pin,net
g159547/Y,n_2,pin,net
n_2,g157566/A1,net,pin
g160088/Y,n_20,pin,net
n_20,g158098/B2,net,pin
g159072/Y,n_2002,pin,net
n_2002,fopt212376/A,net,pin
n_2009,g194036/A,net,pin
g157639/Y,n_2009,pin,net
n_201,g193858/A,net,pin
n_201,g166501/B1,net,pin
g159772/Y,n_201,pin,net
n_2013,g200561/B,net,pin
g159958/Y,n_2013,pin,net
n_2013,g159957/A,net,pin
n_2013,g157642/B,net,pin
n_2013,g157640/B,net,pin
n_2013,g157639/B,net,pin
n_2013,g157637/A,net,pin
n_2013,g157634/A,net,pin
g157637/Y,n_2014,pin,net
n_2014,g157107/B,net,pin
g157634/Y,n_2016,pin,net
n_2016,g131/C,net,pin
g157469/Y,n_2020,pin,net
n_2020,g157341/A,net,pin
n_2020,g156711/A1,net,pin
g157341/Y,n_2021,pin,net
n_2021,g156711/B1,net,pin
n_2024,g176166/A1,net,pin
n_2024,g166246/B2,net,pin
g159488/Y,n_2024,pin,net
n_20245,u10_empty_reg/D,net,pin
g174499/Y,n_20245,pin,net
n_20246,u10_full_reg/D,net,pin
g174501/Y,n_20246,pin,net
n_20247,u10_status_reg\[0\]/D,net,pin
g174502/Y,n_20247,pin,net
n_2029,g176163/A1,net,pin
g159531/Y,n_2029,pin,net
n_2029,g129/A1,net,pin
n_203,g208863/B,net,pin
g159695/Y,n_203,pin,net
n_203,g159297/B,net,pin
n_203,g154062__178195/B,net,pin
n_2031,g176162/A1,net,pin
n_2031,g166255/A2,net,pin
g159458/Y,n_2031,pin,net
g174551/Y,n_20316,pin,net
n_20316,g174550/B,net,pin
n_20317,g221644/A1,net,pin
n_20317,g174553/B,net,pin
g174550/Y,n_20317,pin,net
n_20317,g153972__182369/B1,net,pin
n_20319,g221644/B,net,pin
g174553/Y,n_20319,pin,net
n_2034,g176160/A1,net,pin
n_2034,g166259/A2,net,pin
g159519/Y,n_2034,pin,net
n_2036,g176159/A1,net,pin
n_2036,g166257/A2,net,pin
g159507/Y,n_2036,pin,net
n_2038,g176158/A1,net,pin
g159492/Y,n_2038,pin,net
n_2038,g111/A1,net,pin
n_20426,g181939/C,net,pin
g174613/Y,n_20426,pin,net
n_20426,g166545/A,net,pin
n_20426,g159280_dup168589/A,net,pin
n_2048,g489/B,net,pin
n_2048,g176240/A1,net,pin
g159447/Y,n_2048,pin,net
g157577/Y,n_2052,pin,net
n_2052,g131/B,net,pin
g157575/Y,n_2053,pin,net
n_2053,g157107/A,net,pin
n_2057,g194036/B,net,pin
g157569/Y,n_2057,pin,net
g157567/Y,n_2059,pin,net
n_2059,g157103/D,net,pin
n_20593,g264/B1,net,pin
n_20593,g172860/B1,net,pin
n_20593,g171189/B1,net,pin
g154065__9315_dup174764/Y,n_20593,pin,net
n_20593,g153361__4319/B1,net,pin
n_20593,g153360__6260/B1,net,pin
n_20593,g153359__5107/B1,net,pin
n_20593,g153358__2398/B1,net,pin
n_20593,g153357__5477/B1,net,pin
n_20593,g153356__6417/B1,net,pin
n_20593,g153355__7410/B1,net,pin
n_20593,g153353__2346/B1,net,pin
n_20593,g153351__6161/B1,net,pin
n_20593,g153350__5115/B1,net,pin
n_20593,g153348__1705/B1,net,pin
n_20593,g153347__6783/B1,net,pin
n_20593,g153346__8428/B1,net,pin
n_20594,g263/B1,net,pin
n_20594,g172560/B1,net,pin
n_20594,g170135/B1,net,pin
n_20594,g170131/B1,net,pin
g154063__174765/Y,n_20594,pin,net
n_20594,g153432__7482/B1,net,pin
n_20594,g153430__1666/B1,net,pin
n_20594,g153429__7410/B1,net,pin
n_20594,g153428__2346/B1,net,pin
n_20594,g153425__6161/B1,net,pin
n_20594,g153424__4733/B1,net,pin
n_20594,g153394__7098/B1,net,pin
n_20594,g153392__5122/B1,net,pin
n_20594,g153391__1705/B1,net,pin
n_20594,g153390__2802/B1,net,pin
n_20594,g153389__1617/B1,net,pin
n_20594,g153388__3680/B1,net,pin
g154063__9945_dup174766/Y,n_20595,pin,net
n_20595,g153436__3680/B1,net,pin
n_20595,g153435__6783/B1,net,pin
n_20595,g153434__5526/B1,net,pin
n_20595,g153433__8428/B1,net,pin
n_20595,g153325__1881/B1,net,pin
n_20595,g153324__6131/B1,net,pin
n_20595,g153323__7098/B1,net,pin
n_20595,g153322__8246/B1,net,pin
n_20595,g153321__5122/B1,net,pin
n_20595,g153320__1705/B1,net,pin
n_20595,g153319__2802/B1,net,pin
n_20595,g153318__1617/B1,net,pin
n_20595,g153317__3680/B1,net,pin
n_20595,g153316__6783/B1,net,pin
n_20595,g153315__5526/B1,net,pin
n_20595,g153314__8428/B1,net,pin
n_20597,u11_wp_reg\[2\]/D,net,pin
g153396__174767/Y,n_20597,pin,net
n_206,g184896/B1,net,pin
g159538/Y,n_206,pin,net
n_2063,g175585/A,net,pin
n_2063,g166247/A2,net,pin
g159476/Y,n_2063,pin,net
n_2065,g166253/A2,net,pin
g159465/Y,n_2065,pin,net
n_2065,g153667__176231/A2,net,pin
n_20669,g216450/B,net,pin
n_20669,g198082/A,net,pin
n_20669,fopt174833/A,net,pin
fopt174830/Y,n_20669,pin,net
n_20671,g223599/A,net,pin
fopt174832/Y,n_20671,pin,net
n_20673,g223712/C,net,pin
n_20673,g206338/A,net,pin
n_20673,g206337/B1,net,pin
n_20673,g173086/A,net,pin
fopt174833/Y,n_20673,pin,net
n_2073,g211605/A,net,pin
g157547/Y,n_2073,pin,net
n_2074,g162/B,net,pin
g157546/Y,n_2074,pin,net
n_20756,g218108/A,net,pin
g174908/Y,n_20756,pin,net
g174906/Y,n_20759,pin,net
n_20759,g172095/C,net,pin
g174910/Y,n_20760,pin,net
n_20760,g157080/B,net,pin
n_20760,g154325__7410/A2,net,pin
n_20783,g184295/B,net,pin
g174933/Y,n_20783,pin,net
n_2079,g166242/A2,net,pin
g159554/Y,n_2079,pin,net
n_2079,g153664__176232/A2,net,pin
n_20821,in_valid_s_reg\[0\]/D,net,pin
g174970/Y,n_20821,pin,net
g174972/Y,n_20824,pin,net
n_20824,g156001/A,net,pin
n_20824,g154785/B2,net,pin
n_2092,g253/C,net,pin
g157529/Y,n_2092,pin,net
n_2095,g171436/A1,net,pin
g159487/Y,n_2095,pin,net
n_2095,g153666__176235/A2,net,pin
g175105/Y,n_20972,pin,net
n_20972,g175104/A,net,pin
n_20973,g212241/B,net,pin
n_20973,g176012/A,net,pin
g175104/Y,n_20973,pin,net
n_20973,g1292/A,net,pin
n_2098,g172284/B,net,pin
g157525/Y,n_2098,pin,net
g160086/Y,n_21,pin,net
n_21,g158152/A1,net,pin
n_21015,g207749/B,net,pin
g175146/Y,n_21015,pin,net
n_21015,g157697/A,net,pin
n_21015,g157433/B,net,pin
n_21024,g206950/A,net,pin
g175149/Y,n_21024,pin,net
n_21024,g175148/A,net,pin
n_21026,g212936/B,net,pin
g175151/Y,n_21026,pin,net
n_21026,g175150/B,net,pin
g175150/Y,n_21027,pin,net
n_21027,g163908/C,net,pin
n_21027,g154000__189844/A1,net,pin
n_2106,g166245/A1,net,pin
g159464/Y,n_2106,pin,net
n_2106,g153665__176236/A2,net,pin
n_21076,g224333/B,net,pin
n_21076,g223596/A,net,pin
n_21076,g223595/B,net,pin
n_21076,g223535/B,net,pin
n_21076,g175201/A,net,pin
g175200/Y,n_21076,pin,net
n_21076,fopt162754/A,net,pin
n_2108,g176064/A,net,pin
g157516/Y,n_2108,pin,net
n_21092,g200646/C,net,pin
n_21092,g197827/A1,net,pin
n_21092,g184558/B1,net,pin
n_21092,g175214/A,net,pin
g175212/Y,n_21092,pin,net
n_21093,g175244/B1,net,pin
n_21093,g175243/B1,net,pin
n_21093,g175242/B1,net,pin
n_21093,g175241/B1,net,pin
n_21093,g175240/B1,net,pin
n_21093,g175239/B1,net,pin
n_21093,g175238/B1,net,pin
n_21093,g175237/B1,net,pin
n_21093,g175236/B1,net,pin
n_21093,g175235/B1,net,pin
n_21093,g175234/B1,net,pin
n_21093,g175233/B1,net,pin
n_21093,g175232/B1,net,pin
n_21093,g175231/B1,net,pin
n_21093,g175230/B1,net,pin
n_21093,g175229/B1,net,pin
n_21093,g175228/B1,net,pin
n_21093,g175227/B1,net,pin
n_21093,g175226/B1,net,pin
n_21093,g175225/B1,net,pin
n_21093,g175224/B1,net,pin
n_21093,g175223/B1,net,pin
n_21093,g175222/B1,net,pin
n_21093,g175221/B1,net,pin
n_21093,g175220/B1,net,pin
n_21093,g175219/B1,net,pin
n_21093,g175218/B1,net,pin
n_21093,g175217/B1,net,pin
n_21093,g175216/B1,net,pin
n_21093,g175215/B1,net,pin
g175214/Y,n_21093,pin,net
n_21093,g175213/B1,net,pin
g175213/Y,n_21094,pin,net
n_21094,g157803/A,net,pin
g175215/Y,n_21095,pin,net
n_21095,g157780/A,net,pin
g175216/Y,n_21096,pin,net
n_21096,g157779/A,net,pin
g175217/Y,n_21097,pin,net
n_21097,g157871/A,net,pin
g175218/Y,n_21098,pin,net
n_21098,g157817/A,net,pin
g175219/Y,n_21099,pin,net
n_21099,g157826/A,net,pin
n_211,g213865/B1,net,pin
g159483/Y,n_211,pin,net
g175220/Y,n_21100,pin,net
n_21100,g157841/A,net,pin
g175221/Y,n_21101,pin,net
n_21101,g157869/A,net,pin
g175222/Y,n_21102,pin,net
n_21102,g157860/A,net,pin
g175223/Y,n_21103,pin,net
n_21103,g157815/A,net,pin
g175224/Y,n_21104,pin,net
n_21104,g157867/A,net,pin
g175225/Y,n_21105,pin,net
n_21105,g157874/A,net,pin
g175226/Y,n_21106,pin,net
n_21106,g157822/A,net,pin
g175227/Y,n_21107,pin,net
n_21107,g157814/A,net,pin
g175228/Y,n_21108,pin,net
n_21108,g157858/A,net,pin
g175229/Y,n_21109,pin,net
n_21109,g157778/A,net,pin
g175230/Y,n_21110,pin,net
n_21110,g157861/A,net,pin
g175231/Y,n_21111,pin,net
n_21111,g157776/A,net,pin
g175232/Y,n_21112,pin,net
n_21112,g157819/A,net,pin
g175233/Y,n_21113,pin,net
n_21113,g157868/A,net,pin
g175234/Y,n_21114,pin,net
n_21114,g157824/A,net,pin
g175235/Y,n_21115,pin,net
n_21115,g158006/A,net,pin
g175236/Y,n_21116,pin,net
n_21116,g157854/A,net,pin
g175237/Y,n_21117,pin,net
n_21117,g157863/A,net,pin
g175238/Y,n_21118,pin,net
n_21118,g157821/A,net,pin
g175239/Y,n_21119,pin,net
n_21119,g157781/A,net,pin
g175240/Y,n_21120,pin,net
n_21120,g157828/A,net,pin
g175241/Y,n_21121,pin,net
n_21121,g157820/A,net,pin
g175242/Y,n_21122,pin,net
n_21122,g157816/A,net,pin
g175243/Y,n_21123,pin,net
n_21123,g157827/A,net,pin
g175244/Y,n_21124,pin,net
n_21124,g157818/A,net,pin
n_2113,g224335/A,net,pin
g157495/Y,n_2113,pin,net
n_21141,g212625/A,net,pin
g175263/Y,n_21141,pin,net
g175269/Y,n_21147,pin,net
n_21147,g175268/B,net,pin
n_21148,u10_rp_reg\[0\]/D,net,pin
g175268/Y,n_21148,pin,net
n_2118,g92/C,net,pin
g157299/Y,n_2118,pin,net
g159758/Y,n_2119,pin,net
n_2119,g157636/C,net,pin
n_2119,g157295/A,net,pin
n_2119,g157286/B,net,pin
n_2119,g156711/B2,net,pin
n_21190,g218182/C,net,pin
n_21190,g218181/A2,net,pin
g175310/Y,n_21190,pin,net
g159463/Y,n_212,pin,net
n_212,g157075/B1,net,pin
n_2120,u2_in_valid_reg\[0\]/D,net,pin
g157295/Y,n_2120,pin,net
n_21225,g42/A,net,pin
g175346/Y,n_21225,pin,net
n_21226,g182067/A,net,pin
g175347/Y,n_21226,pin,net
g37/Y,n_21231,pin,net
n_21231,g169186/B,net,pin
n_21234,u3_rp_reg\[0\]/SI,net,pin
g175352/Y,n_21234,pin,net
n_2124,g173006/A,net,pin
g157279/Y,n_2124,pin,net
n_21261,g184483/B,net,pin
n_21261,g178199/B,net,pin
n_21261,g178196/A,net,pin
g175375/Y,n_21261,pin,net
n_21261,g168710/A,net,pin
n_21261,g154068__178190/B,net,pin
n_21261,g154062__178195/A,net,pin
n_21263,g153395__175376/A2,net,pin
g1/Y,n_21263,pin,net
n_21264,u9_wp_reg\[2\]/D,net,pin
g153395__175376/Y,n_21264,pin,net
n_2129,u2_out_le_reg\[0\]/D,net,pin
g157116/Y,n_2129,pin,net
n_2130,g166260/A2,net,pin
g159498/Y,n_2130,pin,net
n_2130,g153668__176233/A2,net,pin
n_21311,g215502/A2,net,pin
n_21311,g187726/A2,net,pin
g175415/Y,n_21311,pin,net
n_21311,g175414/A2,net,pin
n_21311,g166571/A2,net,pin
n_21311,g166570/A2,net,pin
n_21311,g166569/A2,net,pin
n_21311,g166568/A2,net,pin
n_21311,g166567/A1,net,pin
n_21312,u13_occ1_r_reg\[0\]/D,net,pin
g175414/Y,n_21312,pin,net
g175420/Y,n_21317,pin,net
n_21317,g153819__175422/A2,net,pin
n_21317,g153799__182068/A2,net,pin
n_21317,g153434__5526/A1,net,pin
n_21317,g153351__6161/A1,net,pin
n_21320,u11_mem_reg\[2\]\[10\]/D,net,pin
g153819__175422/Y,n_21320,pin,net
g175424/Y,n_21321,pin,net
n_21321,g153817__175426/A2,net,pin
n_21321,g153797__182082/A1,net,pin
n_21321,g153432__7482/A1,net,pin
n_21321,g153353__2346/A1,net,pin
n_21324,u11_mem_reg\[2\]\[8\]/D,net,pin
g153817__175426/Y,n_21324,pin,net
g175428/Y,n_21325,pin,net
n_21325,g153813__175430/A2,net,pin
n_21325,g153793__182084/A1,net,pin
n_21325,g153428__2346/A1,net,pin
n_21325,g153357__5477/A2,net,pin
n_21328,u11_mem_reg\[2\]\[4\]/D,net,pin
g153813__175430/Y,n_21328,pin,net
n_21331,g25/B,net,pin
g175436/Y,n_21331,pin,net
g25/Y,n_21332,pin,net
n_21332,g179815/B,net,pin
n_21332,g175415/A,net,pin
n_21335,g181899/A,net,pin
g175437/Y,n_21335,pin,net
n_21335,g175415/B,net,pin
n_21335,g170221/B,net,pin
n_21341,g219218/A2,net,pin
g175442/Y,n_21341,pin,net
n_21341,g175441/A,net,pin
n_21341,g170017/A,net,pin
g175441/Y,n_21342,pin,net
n_21342,g175440/A,net,pin
g175440/Y,n_21343,pin,net
n_21343,g168615/B,net,pin
n_21343,g155531/A,net,pin
n_21343,g155046/A,net,pin
n_2136,u1_sr_reg\[2\]/D,net,pin
g158243/Y,n_2136,pin,net
g157769/Y,n_2138,pin,net
n_2138,g157767/A,net,pin
g157606/Y,n_2143,pin,net
n_2143,g157098/B,net,pin
n_2149,g77/C,net,pin
g157596/Y,n_2149,pin,net
n_21507,g175352/B,net,pin
n_21507,g154318__186128/B,net,pin
fopt175575/Y,n_21507,pin,net
n_21513,g175584/A,net,pin
g175581/Y,n_21513,pin,net
n_21513,g154725/A,net,pin
n_21513,g154123__175580/A1,net,pin
g175582/Y,n_21514,pin,net
n_21514,g154123__175580/B2,net,pin
n_21515,u15_crac_wr_reg/D,net,pin
g154123__175580/Y,n_21515,pin,net
n_21516,g175586/A,net,pin
g175585/Y,n_21516,pin,net
n_21516,g175584/B,net,pin
n_21517,g176229/A,net,pin
g175584/Y,n_21517,pin,net
n_21518,g176229/C,net,pin
g175586/Y,n_21518,pin,net
n_21520,g175615/B,net,pin
n_21520,g175610/A,net,pin
n_21520,g175594/B,net,pin
g175589/Y,n_21520,pin,net
n_21520,g175588/A,net,pin
n_21521,g198600/A2,net,pin
n_21521,g198599/A1,net,pin
g175588/Y,n_21521,pin,net
n_21527,g215511/A2,net,pin
g175594/Y,n_21527,pin,net
n_21527,g168496/A2,net,pin
n_21527,g168495/A2,net,pin
n_21527,g168494/A2,net,pin
n_21527,g168493/A2,net,pin
n_21527,g168491/A2,net,pin
n_21527,g168490/A2,net,pin
n_21527,g168489/A2,net,pin
n_21527,g168488/A2,net,pin
n_21527,g168487/A2,net,pin
n_21527,g168486/A2,net,pin
n_21527,g168485/A2,net,pin
n_21527,g168484/A2,net,pin
n_21527,g168483/A2,net,pin
n_21527,g168482/A2,net,pin
n_21527,g168481/A2,net,pin
g175597/Y,n_21530,pin,net
n_21530,g153569__7482/A1,net,pin
n_21530,g153549__168316/A2,net,pin
n_21530,g153413__175598/A2,net,pin
n_21530,g153372__4319/A2,net,pin
n_21532,u9_mem_reg\[3\]\[9\]/D,net,pin
g153413__175598/Y,n_21532,pin,net
g175601/Y,n_21534,pin,net
n_21534,g153568__5115/A1,net,pin
n_21534,g153548__168315/A2,net,pin
n_21534,g153414__175602/A2,net,pin
n_21534,g153371__5107/A1,net,pin
n_21536,u9_mem_reg\[3\]\[10\]/D,net,pin
g153414__175602/Y,n_21536,pin,net
g175605/Y,n_21538,pin,net
n_21538,g175604/A1,net,pin
n_21539,g175608/A,net,pin
g175607/Y,n_21539,pin,net
n_21539,g175604/A2,net,pin
g175608/Y,n_21540,pin,net
n_21540,g175604/B2,net,pin
n_21541,u11_status_reg\[1\]/D,net,pin
g175604/Y,n_21541,pin,net
n_21543,g198598/A2,net,pin
n_21543,g198596/A1,net,pin
g175610/Y,n_21543,pin,net
n_21546,g198598/B,net,pin
g175614/Y,n_21546,pin,net
g175615/Y,n_21549,pin,net
n_21549,g168480/A2,net,pin
n_21549,g168478/A2,net,pin
n_21549,g168477/A2,net,pin
n_21549,g168476/A2,net,pin
n_21549,g168473/A2,net,pin
n_21549,g168472/A2,net,pin
n_21549,g168471/A2,net,pin
n_21549,g168470/A2,net,pin
n_21549,g168469/A2,net,pin
n_21549,g168468/A2,net,pin
n_21549,g168467/A2,net,pin
n_21549,g168466/A2,net,pin
n_21549,g168465/A2,net,pin
n_21549,g168463/A2,net,pin
n_2155,u12_o3_we_reg/D,net,pin
g157589/Y,n_2155,pin,net
n_21550,g215511/B2,net,pin
g175616/Y,n_21550,pin,net
n_21550,g168496/B2,net,pin
n_21550,g168495/B2,net,pin
n_21550,g168494/B2,net,pin
n_21550,g168493/B2,net,pin
n_21550,g168491/B2,net,pin
n_21550,g168490/B2,net,pin
n_21550,g168489/B2,net,pin
n_21550,g168488/B2,net,pin
n_21550,g168487/B2,net,pin
n_21550,g168486/B2,net,pin
n_21550,g168485/B2,net,pin
n_21550,g168484/B2,net,pin
n_21550,g168483/B2,net,pin
n_21550,g168482/B2,net,pin
n_21550,g168481/B2,net,pin
n_21550,g168480/B2,net,pin
n_21550,g168478/B2,net,pin
n_21550,g168477/B2,net,pin
n_21550,g168476/B2,net,pin
n_21550,g168473/B2,net,pin
n_21550,g168472/B2,net,pin
n_21550,g168471/B2,net,pin
n_21550,g168470/B2,net,pin
n_21550,g168469/B2,net,pin
n_21550,g168468/B2,net,pin
n_21550,g168467/B2,net,pin
n_21550,g168466/B2,net,pin
n_21550,g168465/B2,net,pin
n_21550,g168463/B2,net,pin
n_21550,g155573/A1,net,pin
g175618/Y,n_21552,pin,net
n_21552,g153825__168282/A2,net,pin
n_21552,g153805__182079/A1,net,pin
n_21552,g153391__1705/A2,net,pin
n_21552,g153345__175619/A2,net,pin
g154065__175620/Y,n_21553,pin,net
n_21553,g153345__175619/B1,net,pin
n_21553,g153344__6260/B1,net,pin
n_21553,g153343__5107/B1,net,pin
n_21553,g153342__2398/B1,net,pin
n_21553,g153301__6417/B1,net,pin
n_21553,g153300__7410/B1,net,pin
n_21553,g153299__2883/B1,net,pin
n_21553,g153298__6161/B1,net,pin
n_21553,g153297__4733/B1,net,pin
n_21553,g153296__7482/B1,net,pin
n_21553,g153295__5115/B1,net,pin
n_21553,g153294__1881/B1,net,pin
n_21553,g153293__7098/B1,net,pin
n_21553,g153292__1705/B1,net,pin
n_21553,g153291__3680/B1,net,pin
n_21553,g153290__5526/B1,net,pin
n_21554,u11_mem_reg\[1\]\[16\]/D,net,pin
g153345__175619/Y,n_21554,pin,net
n_21599,u9_status_reg\[1\]/D,net,pin
g175646/Y,n_21599,pin,net
n_21600,g200315/A,net,pin
n_21600,g198743/D,net,pin
g175647/Y,n_21600,pin,net
n_2162,g221645/A,net,pin
g157554/Y,n_2162,pin,net
n_21631,g182156/B,net,pin
n_21631,g179828/B2,net,pin
g175677/Y,n_21631,pin,net
n_21631,g171192/B1,net,pin
n_21631,g158912/A,net,pin
n_21638,g182158/B,net,pin
g175684/Y,n_21638,pin,net
n_21638,g175424/B2,net,pin
n_21638,g175420/A2,net,pin
n_21638,g158932/A,net,pin
n_2164,g173007/A,net,pin
g157551/Y,n_2164,pin,net
n_21646,g182160/B,net,pin
g175692/Y,n_21646,pin,net
n_21646,g175420/B2,net,pin
n_21646,g172863/B1,net,pin
n_21646,g158907/A,net,pin
n_21665,g182546/B,net,pin
n_21665,g179065/A1,net,pin
n_21665,g176529/A1,net,pin
g175711/Y,n_21665,pin,net
n_21669,g182847/B,net,pin
g175715/Y,n_21669,pin,net
n_21669,g172207/A2,net,pin
n_21669,g158940/A,net,pin
n_21673,g182548/B,net,pin
n_21673,g179069/A,net,pin
g175719/Y,n_21673,pin,net
n_21673,g172188/B2,net,pin
n_2168,g164088/B,net,pin
g158227/Y,n_2168,pin,net
n_2168,g158003/A,net,pin
n_2168,g157307/B2,net,pin
n_21695,u10_status_reg\[1\]/D,net,pin
g175741/Y,n_21695,pin,net
g175742/Y,n_21696,pin,net
n_21696,g174501/A,net,pin
n_21696,g174499/B,net,pin
n_21697,g182162/B,net,pin
g175743/Y,n_21697,pin,net
n_21697,g158929/A,net,pin
n_21697,g158527/B1,net,pin
n_217,g182018/C,net,pin
g159737/Y,n_217,pin,net
n_21705,g182164/B,net,pin
g175751/Y,n_21705,pin,net
n_21705,g158933/A,net,pin
n_21705,g158532/B2,net,pin
n_21705,g158527/A2,net,pin
n_21709,g182166/B,net,pin
g175755/Y,n_21709,pin,net
n_21709,g175424/A2,net,pin
n_21709,g158913/A,net,pin
n_21709,g158477/B2,net,pin
n_2174,g173054/A,net,pin
g157641/Y,n_2174,pin,net
n_2176,g197877/A,net,pin
g157644/Y,n_2176,pin,net
n_21776,g175813/C,net,pin
n_21776,g175811/B,net,pin
g175809/Y,n_21776,pin,net
n_21776,g156172/A1,net,pin
n_21777,g178217/A,net,pin
g175811/Y,n_21777,pin,net
n_21777,g175810/A,net,pin
g175810/Y,n_21778,pin,net
n_21778,g153338__5122/C,net,pin
n_21780,g178215/A1,net,pin
n_21780,g175892/B,net,pin
n_21780,g175817/A,net,pin
g175813/Y,n_21780,pin,net
g175817/Y,n_21784,pin,net
n_21784,g154249/A,net,pin
g157337/Y,n_2179,pin,net
n_2179,g157166/A1,net,pin
n_21793,g221643/B,net,pin
g175821/Y,n_21793,pin,net
n_21793,g175819/A1,net,pin
g175822/Y,n_21794,pin,net
n_21794,g175819/B,net,pin
n_21795,u3_rp_reg\[3\]/D,net,pin
g175819/Y,n_21795,pin,net
g159468/Y,n_218,pin,net
n_218,g159467/A,net,pin
n_218,g156707/A1,net,pin
g157333/Y,n_2180,pin,net
n_2180,g157185/A1,net,pin
g157483/Y,n_2183,pin,net
n_2183,g132/B,net,pin
n_2185,g194438/A,net,pin
g157480/Y,n_2185,pin,net
n_21865,u26_cnt_reg\[0\]/D,net,pin
g175892/Y,n_21865,pin,net
n_21867,u26_ps_cnt_reg\[5\]/D,net,pin
g175895/Y,n_21867,pin,net
n_21871,u26_ps_cnt_reg\[2\]/D,net,pin
g175898/Y,n_21871,pin,net
n_21872,u26_ps_cnt_reg\[3\]/D,net,pin
g175899/Y,n_21872,pin,net
g175901/Y,n_21874,pin,net
n_21874,g154249/B,net,pin
n_21876,g184027/A2,net,pin
g175904/Y,n_21876,pin,net
n_21878,g182866/B,net,pin
g175906/Y,n_21878,pin,net
n_21878,g172206/A2,net,pin
n_21878,g172202/A1,net,pin
n_21878,g158905/A,net,pin
n_2188,g212122/A,net,pin
n_2188,g175151/A,net,pin
g175148/Y,n_2188,pin,net
n_2188,g159985/A,net,pin
n_2188,g157479/A,net,pin
n_219,g176239/A2,net,pin
g159467/Y,n_219,pin,net
n_2190,valid_s1_reg/D,net,pin
g156878/Y,n_2190,pin,net
n_2191,g62/A,net,pin
g157462/Y,n_2191,pin,net
n_2193,g194438/B,net,pin
g157454/Y,n_2193,pin,net
n_21938,u10_mem_reg\[0\]\[6\]/D,net,pin
g175956/Y,n_21938,pin,net
n_21947,u10_mem_reg\[0\]\[8\]/D,net,pin
g175968/Y,n_21947,pin,net
g157433/Y,n_2195,pin,net
n_2195,g132/A,net,pin
n_21996,g181575/A,net,pin
g176012/Y,n_21996,pin,net
g160080/Y,n_22,pin,net
n_22,g158294/A,net,pin
n_220,g182846/A,net,pin
g159470/Y,n_220,pin,net
n_22025,g486/A,net,pin
g176040/Y,n_22025,pin,net
g489/Y,n_22027,pin,net
n_22027,g486/C,net,pin
g487/Y,n_22028,pin,net
n_22028,g486/D,net,pin
n_22029,u12_wb_data_o_reg\[18\]/D,net,pin
g486/Y,n_22029,pin,net
g157339/Y,n_2203,pin,net
n_2203,g157075/A1,net,pin
g157335/Y,n_2205,pin,net
n_2205,g157164/A1,net,pin
g176065/Y,n_22059,pin,net
n_22059,g176064/C,net,pin
g157334/Y,n_2206,pin,net
n_2206,g157163/A2,net,pin
g176064/Y,n_22060,pin,net
n_22060,g153634__188333/A1,net,pin
n_22062,g223141/B2,net,pin
n_22062,g207843/B2,net,pin
n_22062,g180534/B2,net,pin
g176067/Y,n_22062,pin,net
n_22062,g170084/B2,net,pin
n_22062,g158128/B2,net,pin
n_22062,g158117/B2,net,pin
n_22062,g158115/B2,net,pin
n_22062,g158095/B2,net,pin
n_22062,g158093/B2,net,pin
g176068/Y,n_22064,pin,net
n_22064,g153843__5477/B2,net,pin
g157332/Y,n_2207,pin,net
n_2207,g157184/A1,net,pin
g157331/Y,n_2208,pin,net
n_2208,g157183/A1,net,pin
n_2216,u12_wb_ack_o_reg/D,net,pin
g157290/Y,n_2216,pin,net
n_22163,g213720/B1,net,pin
n_22163,g213707/B2,net,pin
g176147/Y,n_22163,pin,net
g157287/Y,n_2217,pin,net
n_2217,g156718/B,net,pin
n_22174,g176160/B,net,pin
n_22174,g176159/B,net,pin
n_22174,g176158/B,net,pin
n_22174,g176157/B,net,pin
n_22174,g176156/B,net,pin
n_22174,g176155/B,net,pin
n_22174,g176154/B,net,pin
g176153/Y,n_22174,pin,net
n_22174,g176152/B,net,pin
n_22175,u13_ints_r_reg\[12\]/D,net,pin
g176152/Y,n_22175,pin,net
n_22176,u13_ints_r_reg\[22\]/D,net,pin
g176154/Y,n_22176,pin,net
n_22177,u13_ints_r_reg\[15\]/D,net,pin
g176155/Y,n_22177,pin,net
n_22178,u13_ints_r_reg\[13\]/D,net,pin
g176156/Y,n_22178,pin,net
n_22179,u13_ints_r_reg\[0\]/D,net,pin
g176157/Y,n_22179,pin,net
n_22180,u13_ints_r_reg\[3\]/D,net,pin
g176158/Y,n_22180,pin,net
n_22181,u13_ints_r_reg\[4\]/D,net,pin
g176159/Y,n_22181,pin,net
n_22182,u13_ints_r_reg\[6\]/D,net,pin
g176160/Y,n_22182,pin,net
n_22183,g176167/B,net,pin
n_22183,g176166/B,net,pin
n_22183,g176165/B,net,pin
n_22183,g176164/B,net,pin
n_22183,g176163/B,net,pin
n_22183,g176162/B,net,pin
n_22183,g176161/B,net,pin
g168393_dup/Y,n_22183,pin,net
n_22184,u13_ints_r_reg\[7\]/D,net,pin
g176161/Y,n_22184,pin,net
n_22185,u13_ints_r_reg\[9\]/D,net,pin
g176162/Y,n_22185,pin,net
n_22186,u13_ints_r_reg\[10\]/D,net,pin
g176163/Y,n_22186,pin,net
n_22187,u13_ints_r_reg\[16\]/D,net,pin
g176164/Y,n_22187,pin,net
n_22188,u13_ints_r_reg\[19\]/D,net,pin
g176165/Y,n_22188,pin,net
n_22189,u13_ints_r_reg\[24\]/D,net,pin
g176166/Y,n_22189,pin,net
n_22190,u13_ints_r_reg\[25\]/D,net,pin
g176167/Y,n_22190,pin,net
n_2222,in_valid_s1_reg\[1\]/D,net,pin
g157198/Y,n_2222,pin,net
n_2223,u2_out_le_reg\[2\]/D,net,pin
g157153/Y,n_2223,pin,net
n_2224,g164219/A,net,pin
g157463/Y,n_2224,pin,net
g176215/Y,n_22247,pin,net
n_22247,g176214/B,net,pin
g176216/Y,n_22248,pin,net
n_22248,g176214/C,net,pin
n_22250,g193162/A1,net,pin
g176214/Y,n_22250,pin,net
g176220/Y,n_22252,pin,net
n_22252,g176219/A,net,pin
g176221/Y,n_22253,pin,net
n_22253,g176219/B,net,pin
g176222/Y,n_22254,pin,net
n_22254,g176219/C,net,pin
g176219/Y,n_22256,pin,net
n_22256,g176218/A1,net,pin
n_22257,u7_dout_reg\[15\]/D,net,pin
g176218/Y,n_22257,pin,net
n_2226,g172014/A,net,pin
n_2226,g172012/A,net,pin
g157343/Y,n_2226,pin,net
n_2226,g156993/B,net,pin
g176228/Y,n_22267,pin,net
n_22267,g176153/B,net,pin
n_22267,g168393_dup/B,net,pin
n_22267,g164270_dup_dup/B,net,pin
n_22267,g164270_dup176230/B,net,pin
n_22268,g176229/B,net,pin
g164270_dup176230/Y,n_22268,pin,net
n_22268,g153669__176234/B,net,pin
n_22268,g153668__176233/B,net,pin
n_22268,g153667__176231/B,net,pin
n_22268,g153666__176235/B,net,pin
n_22268,g153665__176236/B,net,pin
n_22268,g153664__176232/B,net,pin
n_22269,u13_ints_r_reg\[1\]/D,net,pin
g176229/Y,n_22269,pin,net
n_2227,g187485/A,net,pin
n_2227,g176761/A,net,pin
g157347/Y,n_2227,pin,net
n_2227,g156995/B,net,pin
n_22270,u13_ints_r_reg\[11\]/D,net,pin
g153667__176231/Y,n_22270,pin,net
n_22271,u13_ints_r_reg\[2\]/D,net,pin
g153664__176232/Y,n_22271,pin,net
n_22272,u13_ints_r_reg\[14\]/D,net,pin
g153668__176233/Y,n_22272,pin,net
n_22273,u13_ints_r_reg\[17\]/D,net,pin
g153669__176234/Y,n_22273,pin,net
n_22274,u13_ints_r_reg\[8\]/D,net,pin
g153666__176235/Y,n_22274,pin,net
n_22275,u13_ints_r_reg\[5\]/D,net,pin
g153665__176236/Y,n_22275,pin,net
n_22276,g176243/B,net,pin
n_22276,g176242/B,net,pin
n_22276,g176241/B,net,pin
n_22276,g176240/B,net,pin
n_22276,g176239/B,net,pin
n_22276,g176238/B,net,pin
n_22276,g176237/B,net,pin
g164270_dup_dup/Y,n_22276,pin,net
n_22277,u13_ints_r_reg\[23\]/D,net,pin
g176237/Y,n_22277,pin,net
n_22278,u13_ints_r_reg\[20\]/D,net,pin
g176238/Y,n_22278,pin,net
n_22279,u13_ints_r_reg\[26\]/D,net,pin
g176239/Y,n_22279,pin,net
n_2228,g267/B,net,pin
g157349/Y,n_2228,pin,net
n_2228,g157348/A,net,pin
n_22280,u13_ints_r_reg\[18\]/D,net,pin
g176240/Y,n_22280,pin,net
n_22281,u13_ints_r_reg\[27\]/D,net,pin
g176241/Y,n_22281,pin,net
n_22282,u13_ints_r_reg\[21\]/D,net,pin
g176242/Y,n_22282,pin,net
n_22283,u13_ints_r_reg\[28\]/D,net,pin
g176243/Y,n_22283,pin,net
n_223,g184889/B1,net,pin
n_223,g181788/B2,net,pin
g159506/Y,n_223,pin,net
g157597/Y,n_2230,pin,net
n_2230,g157080/C,net,pin
n_22311,u3_mem_reg\[1\]\[6\]/D,net,pin
g176265/Y,n_22311,pin,net
n_22315,u6_mem_reg\[3\]\[16\]/D,net,pin
g176269/Y,n_22315,pin,net
g157602/Y,n_2232,pin,net
n_2232,g157139/B,net,pin
g157605/Y,n_2234,pin,net
n_2234,g157144/B,net,pin
n_2235,g184582/A,net,pin
g157338/Y,n_2235,pin,net
n_2236,g224666/C,net,pin
g157318/Y,n_2236,pin,net
g157226/Y,n_2237,pin,net
n_2237,g156728/B1,net,pin
n_22371,u3_mem_reg\[1\]\[29\]/D,net,pin
g176310/Y,n_22371,pin,net
n_2238,g176068/C,net,pin
g157316/Y,n_2238,pin,net
n_22396,g223942/B1,net,pin
g176333/Y,n_22396,pin,net
n_22396,g169552/B1,net,pin
n_22396,g169551/B2,net,pin
n_22396,g169548/B2,net,pin
n_22396,g169546/B1,net,pin
n_22396,g169544/B1,net,pin
n_22396,g169541/B1,net,pin
n_22396,g166275/B1,net,pin
n_22396,g166102/B1,net,pin
n_22396,g166002/B1,net,pin
n_22396,g165976/B1,net,pin
n_22396,g165947/B1,net,pin
n_22396,g165757/B2,net,pin
n_22396,g165671/B1,net,pin
n_22396,g165642/B1,net,pin
n_22396,g165380/B1,net,pin
n_22407,u9_mem_reg\[3\]\[23\]/D,net,pin
g176342/Y,n_22407,pin,net
n_22413,u9_mem_reg\[3\]\[24\]/D,net,pin
g176348/Y,n_22413,pin,net
n_22415,u9_mem_reg\[3\]\[28\]/D,net,pin
g176350/Y,n_22415,pin,net
n_22424,u9_mem_reg\[3\]\[29\]/D,net,pin
g176359/Y,n_22424,pin,net
n_22430,u9_mem_reg\[3\]\[31\]/D,net,pin
g176365/Y,n_22430,pin,net
n_22432,u9_mem_reg\[3\]\[1\]/D,net,pin
g176367/Y,n_22432,pin,net
n_2247,g169906/C,net,pin
g157307/Y,n_2247,pin,net
n_22482,u9_mem_reg\[3\]\[30\]/D,net,pin
g176413/Y,n_22482,pin,net
n_225,g166892/A,net,pin
g166696/Y,n_225,pin,net
n_225,g159733/A,net,pin
n_225,g159146/B,net,pin
n_225,g154063__9945_dup174766/B,net,pin
n_225,g154063__174765/B,net,pin
n_22505,g99/A2,net,pin
g176437/Y,n_22505,pin,net
n_22505,g176436/A1,net,pin
n_22505,g176310/A1,net,pin
n_22505,g171322/A1,net,pin
n_22505,g171179/A1,net,pin
n_22505,g171075/A1,net,pin
n_22505,g170840/A1,net,pin
n_22505,g170621/A1,net,pin
n_22505,g170405/A1,net,pin
n_22505,g170393/A1,net,pin
n_22505,g170387/A1,net,pin
n_22505,g170378/A1,net,pin
n_22505,g170302/A1,net,pin
n_22505,g170156/A1,net,pin
n_22505,g165889/B2,net,pin
n_22505,g155838/B1,net,pin
n_22506,u3_mem_reg\[1\]\[30\]/D,net,pin
g176436/Y,n_22506,pin,net
n_22508,u8_mem_reg\[3\]\[0\]/D,net,pin
g176438/Y,n_22508,pin,net
n_2251,u2_res_cnt_reg\[0\]/D,net,pin
g157296/Y,n_2251,pin,net
g176460/Y,n_22530,pin,net
n_22530,g153891__176455/B2,net,pin
n_22532,u5_rp_reg\[1\]/D,net,pin
g153891__176455/Y,n_22532,pin,net
g157285/Y,n_2254,pin,net
n_2254,g105/B,net,pin
g157275/Y,n_2256,pin,net
n_2256,g157163/B,net,pin
n_22577,g215512/A1,net,pin
n_22577,g213858/A1,net,pin
n_22577,g213850/A1,net,pin
g176501/Y,n_22577,pin,net
n_22577,g176500/A1,net,pin
n_22577,g176265/A1,net,pin
n_22577,g172/B1,net,pin
n_22577,g171168/A1,net,pin
n_22577,g170689/A1,net,pin
n_22577,g170625/A1,net,pin
n_22577,g170623/A1,net,pin
n_22577,g170362/A1,net,pin
n_22577,g170358/A1,net,pin
n_22577,g170356/A1,net,pin
n_22577,g170351/A1,net,pin
n_22577,g170349/A1,net,pin
n_22577,g170345/A1,net,pin
n_22578,u3_mem_reg\[1\]\[3\]/D,net,pin
g176500/Y,n_22578,pin,net
n_226,g177057/B,net,pin
g159733/Y,n_226,pin,net
g157270/Y,n_2261,pin,net
n_2261,g157164/B,net,pin
n_22629,u9_mem_reg\[1\]\[12\]/D,net,pin
g153369__176525/Y,n_22629,pin,net
g157317/Y,n_2263,pin,net
n_2263,g157006/C,net,pin
g176529/Y,n_22632,pin,net
n_22632,g153573__9945/A1,net,pin
n_22632,g153553__168326/A2,net,pin
n_22632,g153409__6161/A2,net,pin
n_22632,g153376__176531/A1,net,pin
n_22635,u9_mem_reg\[1\]\[5\]/D,net,pin
g153376__176531/Y,n_22635,pin,net
n_22640,g200174/B1,net,pin
n_22640,g186033/A2,net,pin
n_22640,g184883/A1,net,pin
n_22640,g178260/A2,net,pin
g176538/Y,n_22640,pin,net
n_22640,g176537/A1,net,pin
n_22640,g170623/B1,net,pin
n_22640,g166009/A1,net,pin
n_22640,g166007/A2,net,pin
n_22640,g166002/A1,net,pin
n_22640,g165999/A1,net,pin
n_22640,g165993/A2,net,pin
n_22642,u6_mem_reg\[3\]\[28\]/D,net,pin
g176537/Y,n_22642,pin,net
g157215/Y,n_2265,pin,net
n_2265,g157127/B,net,pin
g157214/Y,n_2266,pin,net
n_2266,g157128/B,net,pin
g157212/Y,n_2268,pin,net
n_2268,g157129/B,net,pin
n_22694,u9_mem_reg\[1\]\[11\]/D,net,pin
g41/Y,n_22694,pin,net
n_227,g184882/B1,net,pin
g159543/Y,n_227,pin,net
n_227,g158057/B1,net,pin
n_2271,in_valid_s1_reg\[2\]/D,net,pin
g156879/Y,n_2271,pin,net
n_22715,g202309/A2,net,pin
n_22715,g200145/B1,net,pin
n_22715,g179664/A2,net,pin
g176608/Y,n_22715,pin,net
n_22715,g176607/A1,net,pin
n_22715,g176310/B1,net,pin
n_22715,g166302/A2,net,pin
n_22715,g166300/A2,net,pin
n_22715,g166290/A2,net,pin
n_22715,g166285/A2,net,pin
n_22718,u8_mem_reg\[1\]\[29\]/D,net,pin
g176607/Y,n_22718,pin,net
n_2273,g164307/B,net,pin
g157223/Y,n_2273,pin,net
n_2274,u1_slt3_reg\[1\]/D,net,pin
g156720/Y,n_2274,pin,net
n_2275,u1_slt3_reg\[0\]/D,net,pin
g156719/Y,n_2275,pin,net
n_2277,u0_slt9_r_reg\[0\]/D,net,pin
g156688/Y,n_2277,pin,net
n_22774,g188072/A2,net,pin
g176647/Y,n_22774,pin,net
n_22775,g188072/B,net,pin
g176648/Y,n_22775,pin,net
g157224/Y,n_2278,pin,net
n_2278,g157166/B,net,pin
n_22780,g184964/B1,net,pin
n_22780,g184963/B1,net,pin
n_22780,g184962/B1,net,pin
n_22780,g184961/B1,net,pin
n_22780,g184960/B1,net,pin
n_22780,g184959/B1,net,pin
n_22780,g184958/B1,net,pin
n_22780,g184957/B1,net,pin
n_22780,g184956/B1,net,pin
n_22780,g184955/B1,net,pin
n_22780,g184954/B1,net,pin
n_22780,g184953/B1,net,pin
n_22780,g184952/B1,net,pin
n_22780,g184951/B1,net,pin
n_22780,g165339/B1,net,pin
n_22780,g165337/B1,net,pin
n_22780,g165323/B1,net,pin
n_22780,g165319/B1,net,pin
fopt176651_dup/Y,n_22780,pin,net
g157220/Y,n_2281,pin,net
n_2281,g155577/D,net,pin
g157221/Y,n_2282,pin,net
n_2282,g156132/D,net,pin
g176661/Y,n_22827,pin,net
n_22827,g176660/A,net,pin
g176662/Y,n_22828,pin,net
n_22828,g176660/B,net,pin
n_22829,u4_rp_reg\[3\]/D,net,pin
g176660/Y,n_22829,pin,net
g176669/Y,n_22835,pin,net
n_22835,g176667/B,net,pin
n_22837,g200047/A,net,pin
g176667/Y,n_22837,pin,net
g176672/Y,n_22839,pin,net
n_22839,g154333__7482/B,net,pin
n_22839,g154331__176675/A1,net,pin
g176676/Y,n_22841,pin,net
n_22841,g154331__176675/B,net,pin
g154331__176675/Y,n_22842,pin,net
n_22842,g153635__188335/C,net,pin
g176678/Y,n_22844,pin,net
n_22844,g176677/A,net,pin
g176679/Y,n_22845,pin,net
n_22845,g176677/D,net,pin
n_22846,u12_wb_data_o_reg\[11\]/D,net,pin
g176677/Y,n_22846,pin,net
g20/Y,n_22851,pin,net
n_22851,g19/A,net,pin
n_22851,g172173/A,net,pin
n_22851,g167677/B,net,pin
n_22851,g163689/A1,net,pin
n_22851,g163204/A2,net,pin
n_22851,g158039/A2,net,pin
g19/Y,n_22852,pin,net
n_22852,g181509/A,net,pin
n_2286,g194199/A,net,pin
n_2286,g171722/C,net,pin
g157345/Y,n_2286,pin,net
n_2286,g157298/B,net,pin
g159638/Y,n_2288,pin,net
n_2288,g159320/B,net,pin
n_2288,g159181/B,net,pin
n_2288,g157579/A1,net,pin
n_2288,g157464/B,net,pin
n_2288,g157291/E,net,pin
n_2289,u2_cnt_reg\[0\]/D,net,pin
g157464/Y,n_2289,pin,net
n_229,g166622/A2,net,pin
g159553/Y,n_229,pin,net
n_229,g159552/A,net,pin
g158930/Y,n_2290,pin,net
n_2290,g158299/B,net,pin
n_2290,g158216/A,net,pin
n_2290,g157580/B,net,pin
n_2290,g157570/A1,net,pin
n_2291,u2_cnt_reg\[2\]/D,net,pin
g157580/Y,n_2291,pin,net
n_22919,u13_crac_dout_r_reg\[0\]/D,net,pin
g176743/Y,n_22919,pin,net
n_2292,u1_sr_reg\[3\]/D,net,pin
g157766/Y,n_2292,pin,net
g176748/Y,n_22922,pin,net
n_22922,g153382__176747/A1,net,pin
g176749/Y,n_22923,pin,net
n_22923,g153382__176747/B,net,pin
n_22924,u16_u5_dma_req_reg/D,net,pin
g153382__176747/Y,n_22924,pin,net
g607/Y,n_22927,pin,net
n_22927,g606/C,net,pin
g606/Y,n_22928,pin,net
n_22928,g448/B,net,pin
g176756/Y,n_22932,pin,net
n_22932,g153386__176754/B,net,pin
n_22933,u16_u1_dma_req_reg/D,net,pin
g153386__176754/Y,n_22933,pin,net
g176761/Y,n_22938,pin,net
n_22938,g154862/A1,net,pin
n_22964,u9_mem_reg\[3\]\[25\]/D,net,pin
g176786/Y,n_22964,pin,net
g157306/Y,n_2298,pin,net
n_2298,g157003/C,net,pin
n_23,g175586/B,net,pin
g159575/Y,n_23,pin,net
n_230,g215502/B1,net,pin
g159552/Y,n_230,pin,net
n_2302,u2_to_cnt_reg\[0\]/D,net,pin
g157298/Y,n_2302,pin,net
g157281/Y,n_2304,pin,net
n_2304,g156703/B,net,pin
g157280/Y,n_2306,pin,net
n_2306,g156701/B,net,pin
n_23079,g197062/D,net,pin
g176883/Y,n_23079,pin,net
g176896/Y,n_23099,pin,net
n_23099,g153387__176895/A1,net,pin
g159724/Y,n_231,pin,net
n_231,g159723/A,net,pin
n_231,g157195/A,net,pin
g176897/Y,n_23100,pin,net
n_23100,g153387__176895/B,net,pin
n_23101,u16_u0_dma_req_reg/D,net,pin
g153387__176895/Y,n_23101,pin,net
n_23110,g180001/A,net,pin
g176906/Y,n_23110,pin,net
n_23129,g212241/A2,net,pin
n_23129,g193863/A1,net,pin
n_23129,g176924/A,net,pin
g176922/Y,n_23129,pin,net
g176924/Y,n_23130,pin,net
n_23130,g176923/B,net,pin
n_23131,g212239/A1,net,pin
g176923/Y,n_23131,pin,net
g176943/Y,n_23150,pin,net
n_23150,g176941/A,net,pin
n_23154,u5_empty_reg/D,net,pin
g176941/Y,n_23154,pin,net
g159723/Y,n_232,pin,net
n_232,g156764/A,net,pin
n_23285,g209722/B,net,pin
g177057/Y,n_23285,pin,net
n_23285,g154436__177060/A,net,pin
n_23285,g154436__168261_dup/A,net,pin
n_23286,g209722/A,net,pin
n_23286,g182016/A,net,pin
g177058/Y,n_23286,pin,net
n_23286,g154436__177060/B,net,pin
n_23286,g154436__168261_dup/B,net,pin
n_23286,g154433__5122/B,net,pin
n_23286,g154316__3680/A,net,pin
n_23286,g153629__182014/A2,net,pin
n_23287,g196188/A,net,pin
g154436__177060/Y,n_23287,pin,net
n_23289,g181635/A,net,pin
g154436__168261_dup/Y,n_23289,pin,net
g177066/Y,n_23296,pin,net
n_23296,g171209/B,net,pin
g157670/Y,n_2330,pin,net
n_2330,g157287/B,net,pin
n_2330,g157146/B,net,pin
n_2330,g156718/A1,net,pin
n_2331,u2_cnt_reg\[5\]/D,net,pin
g157146/Y,n_2331,pin,net
n_2332,g162/A,net,pin
g157487/Y,n_2332,pin,net
n_2332,g154393__1617/A1,net,pin
g157137/Y,n_2337,pin,net
n_2337,g153618__185117/A1,net,pin
n_23393,g177081/A2,net,pin
g132/Y,n_23393,pin,net
n_23394,u5_dout_reg\[11\]/D,net,pin
g177081/Y,n_23394,pin,net
n_234,g184862/A,net,pin
n_234,g184562/B,net,pin
n_234,g178256/B,net,pin
n_234,g169049/B2,net,pin
g159713/Y,n_234,pin,net
n_2345,g180360/B,net,pin
g157630/Y,n_2345,pin,net
n_2345,g154367__8428/A2,net,pin
g157107/Y,n_2348,pin,net
n_2348,g153659__1617/B2,net,pin
n_2350,g198417/A1,net,pin
g157094/Y,n_2350,pin,net
g30/Y,n_23504,pin,net
n_23504,g185556/A2,net,pin
n_23508,g184595/B,net,pin
g177137/Y,n_23508,pin,net
n_23524,g200565/B,net,pin
n_23524,fopt177156/A,net,pin
fopt177154/Y,n_23524,pin,net
n_23526,g234/B1,net,pin
n_23526,g193607/A,net,pin
n_23526,g177158/A,net,pin
fopt177156/Y,n_23526,pin,net
n_23529,g192329/B1,net,pin
g177158/Y,n_23529,pin,net
n_23529,g158233/A,net,pin
g177159/Y,n_23530,pin,net
n_23530,g158090/B1,net,pin
n_23530,g158087/B1,net,pin
n_23530,g158071/B1,net,pin
n_23531,g493/A2,net,pin
n_23531,g183256/B2,net,pin
n_23531,g180579/B2,net,pin
g177160/Y,n_23531,pin,net
n_23531,g158092/B2,net,pin
n_23531,g158091/B2,net,pin
n_23531,g158088/B2,net,pin
n_23531,g158085/B2,net,pin
n_23531,g158082/B2,net,pin
n_23531,g158081/B2,net,pin
g157493/Y,n_2362,pin,net
n_2362,g157082/B,net,pin
n_2362,g154098__181547/A2,net,pin
g157082/Y,n_2363,pin,net
n_2363,g153632__179287/A1,net,pin
n_23655,g224667/A2,net,pin
g177280/Y,n_23655,pin,net
n_23655,g177279/A1,net,pin
n_23655,g156931/A2,net,pin
n_23655,g156929/A2,net,pin
g177281/Y,n_23656,pin,net
n_23656,g177279/A2,net,pin
n_23656,g154351__5115/A1,net,pin
g177284/Y,n_23659,pin,net
n_23659,g177282/B,net,pin
g177282/Y,n_23660,pin,net
n_23660,g177279/B,net,pin
g177279/Y,n_23661,pin,net
n_23661,g153593__219227/A2,net,pin
n_23671,g456/A1,net,pin
n_23671,g199344/A2,net,pin
g177292/Y,n_23671,pin,net
n_23671,g154384__7482/B,net,pin
n_23671,g154382__6161/A2,net,pin
g157073/Y,n_2369,pin,net
n_2369,g156710/A,net,pin
n_2371,g173214/A1,net,pin
n_2371,g170044/A1,net,pin
g157069/Y,n_2371,pin,net
n_2373,g184089/A2,net,pin
n_2373,g178044/A1,net,pin
g157067/Y,n_2373,pin,net
n_2375,g189103/C1,net,pin
g157687/Y,n_2375,pin,net
n_2375,g154326__1666/A1,net,pin
g157675/Y,n_2384,pin,net
n_2384,g157028/B1,net,pin
n_2384,g154350__1881/A1,net,pin
g157028/Y,n_2385,pin,net
n_2385,g153602__193161/B2,net,pin
n_2393,g188048/C1,net,pin
g157700/Y,n_2393,pin,net
n_2393,g154392__2802/A1,net,pin
n_23971,u8_mem_reg\[3\]\[18\]/D,net,pin
g177544/Y,n_23971,pin,net
g159433/Y,n_24,pin,net
n_24,g158071/A2,net,pin
n_2401,g210507/A,net,pin
g157653/Y,n_2401,pin,net
n_2401,g154117__8246/A2,net,pin
n_2403,g212201/B,net,pin
g157654/Y,n_2403,pin,net
n_2403,g154116__7410/A2,net,pin
g156986/Y,n_2413,pin,net
n_2413,g156143/A,net,pin
g156984/Y,n_2416,pin,net
n_2416,g156146/B,net,pin
n_2418,g171438/B,net,pin
g156983/Y,n_2418,pin,net
g156982/Y,n_2419,pin,net
n_2419,g156137/A,net,pin
g156981/Y,n_2420,pin,net
n_2420,g156144/A,net,pin
n_2424,g200197/A1,net,pin
g157676/Y,n_2424,pin,net
n_2424,g154341__1617/B,net,pin
g157725/Y,n_2427,pin,net
n_2427,g156940/B2,net,pin
n_2427,g154346__5122/A1,net,pin
g159976/Y,n_2428,pin,net
n_2428,g159974/A,net,pin
n_2428,g157028/A2,net,pin
n_2428,g156940/A2,net,pin
n_2428,g154340__1705/A1,net,pin
g156940/Y,n_2429,pin,net
n_2429,g153603__6161/B2,net,pin
n_24316,g69/A,net,pin
n_24316,g188517/A,net,pin
g177835/Y,n_24316,pin,net
g157646/Y,n_2432,pin,net
n_2432,g156931/C,net,pin
n_2432,g154351__5115/A2,net,pin
g156931/Y,n_2433,pin,net
n_2433,g153595__219229/B2,net,pin
n_24336,g210419/B2,net,pin
n_24336,g198622/A2,net,pin
n_24336,g191945/A2,net,pin
n_24336,g191491/A1,net,pin
n_24336,g191486/A1,net,pin
n_24336,g187478/B2,net,pin
n_24336,g184549/A1,net,pin
n_24336,g177857/A,net,pin
g177855/Y,n_24336,pin,net
n_24336,g174499/C,net,pin
n_24336,g173051/A,net,pin
n_24336,g159291/A,net,pin
n_24336,g159288/A,net,pin
n_24336,g158890/B,net,pin
n_24336,g158879/B,net,pin
n_24336,g158878/A,net,pin
n_24336,g158877/B,net,pin
n_24336,g158862/B,net,pin
n_24336,g158849/B,net,pin
n_24336,g127/A2,net,pin
n_24337,g213136/B,net,pin
g177857/Y,n_24337,pin,net
g157643/Y,n_2434,pin,net
n_2434,g156929/C,net,pin
n_2434,g154353__4733/A2,net,pin
g177859/Y,n_24341,pin,net
n_24341,g164308/B,net,pin
g156929/Y,n_2435,pin,net
n_2435,g153594__219232/B2,net,pin
n_24350,g187550/A1,net,pin
n_24350,g186390/B,net,pin
n_24350,g183257/A2,net,pin
n_24350,g180577/B,net,pin
g177868/Y,n_24350,pin,net
n_24350,g176012/B,net,pin
n_24350,g169028/A,net,pin
n_24350,g164006/B,net,pin
n_24350,g157546/A,net,pin
n_24351,g183257/B,net,pin
g177869/Y,n_24351,pin,net
n_24367,g165153/B,net,pin
n_24367,g156772_dup166716/A,net,pin
n_24367,g156772_dup165220_dup/A,net,pin
g13/Y,n_24367,pin,net
n_24373,g191533/A1,net,pin
n_24373,g191530/A,net,pin
g191527/Y,n_24373,pin,net
n_24373,g177888/B,net,pin
n_24373,g177886/B,net,pin
n_24373,g156872/B1,net,pin
g177886/Y,n_24374,pin,net
n_24374,g155573/B,net,pin
g177888/Y,n_24375,pin,net
n_24375,g162474/A,net,pin
n_2440,g224667/A1,net,pin
g157747/Y,n_2440,pin,net
n_2440,g154353__4733/A1,net,pin
n_2442,in_valid_s1_reg\[0\]/D,net,pin
g156877/Y,n_2442,pin,net
n_2444,g188465/B,net,pin
g157642/Y,n_2444,pin,net
n_2444,g154120__4319/A2,net,pin
g157640/Y,n_2446,pin,net
n_2446,g157103/B,net,pin
n_2446,g154121__171814/A2,net,pin
g157103/Y,n_2447,pin,net
n_2447,g153656__5122/A1,net,pin
n_245,g223712/A,net,pin
g159845/Y,n_245,pin,net
g36/Y,n_24509,pin,net
n_24509,g178023/A1,net,pin
g178024/Y,n_24510,pin,net
n_24510,g178023/B,net,pin
n_24511,g196698/A,net,pin
g178023/Y,n_24511,pin,net
g178025/Y,n_24512,pin,net
n_24512,g173186/B1,net,pin
n_24512,g170086/A2,net,pin
n_24512,g158201/A2,net,pin
n_24512,g158195/A2,net,pin
n_24512,g158189/A2,net,pin
n_24512,g158167/A2,net,pin
n_24512,g158165/A2,net,pin
n_24512,g157597/A1,net,pin
n_24512,g157316/A1,net,pin
n_24512,g157307/A1,net,pin
n_24512,g157306/B1,net,pin
g178026/Y,n_24513,pin,net
n_24513,g173186/A1,net,pin
n_24513,g170086/B2,net,pin
n_24513,g158201/B1,net,pin
n_24513,g158195/B2,net,pin
n_24513,g158189/B2,net,pin
n_24513,g158167/B2,net,pin
n_24513,g158165/B2,net,pin
n_24513,g157597/B2,net,pin
n_24513,g157306/C1,net,pin
n_24516,g196990/B,net,pin
g178030/Y,n_24516,pin,net
n_2452,g167058/C,net,pin
g157293/Y,n_2452,pin,net
n_24523,g192557/A1,net,pin
n_24523,g192554/A1,net,pin
g178037/Y,n_24523,pin,net
n_24524,g192557/A2,net,pin
n_24524,g192554/A2,net,pin
g178038/Y,n_24524,pin,net
n_2453,g167023/C,net,pin
g157294/Y,n_2453,pin,net
n_24532,u23_int_set_reg\[0\]/D,net,pin
g178044/Y,n_24532,pin,net
n_24536,u19_int_set_reg\[0\]/D,net,pin
g178049/Y,n_24536,pin,net
n_2454,g221644/A2,net,pin
n_2454,g174553/A,net,pin
g159825/Y,n_2454,pin,net
n_2454,g155567/A1,net,pin
g178060/Y,n_24553,pin,net
n_24553,g171872/A1,net,pin
n_2458,g173015/A1,net,pin
g158472/Y,n_2458,pin,net
n_2458,g158238/A,net,pin
n_2458,g153973__5526/B2,net,pin
g178081/Y,n_24580,pin,net
n_24580,g171748/A2,net,pin
n_24586,g194061/A,net,pin
fopt178090/Y,n_24586,pin,net
n_24586,fopt178089/A,net,pin
n_24587,g198604/B1,net,pin
fopt178089/Y,n_24587,pin,net
n_24587,fopt178088/A,net,pin
n_24588,g198604/A2,net,pin
n_24588,g174550/A,net,pin
fopt178088/Y,n_24588,pin,net
n_24588,fopt162854/A,net,pin
n_24594,g180442/B,net,pin
g178099/Y,n_24594,pin,net
n_24594,g178098/A,net,pin
n_24594,g175352/A,net,pin
n_24594,g172209/A,net,pin
n_24594,g154223/B,net,pin
g178098/Y,n_24595,pin,net
n_24595,g153833__178097/C,net,pin
n_24596,u3_dout_reg\[2\]/D,net,pin
g153833__178097/Y,n_24596,pin,net
n_2462,g184595/A,net,pin
g158466/Y,n_2462,pin,net
n_2462,g153974__6783/B2,net,pin
g178126/Y,n_24622,pin,net
n_24622,g178125/B1,net,pin
n_24623,u13_occ0_r_reg\[28\]/D,net,pin
g178125/Y,n_24623,pin,net
g178124/Y,n_24624,pin,net
n_24624,g154994/A1,net,pin
g178127/Y,n_24625,pin,net
n_24625,g154994/A2,net,pin
g178128/Y,n_24626,pin,net
n_24626,g164348/C,net,pin
n_24627,u12_o4_we_reg/D,net,pin
g178130/Y,n_24627,pin,net
n_24628,g212590/B,net,pin
g178129/Y,n_24628,pin,net
n_24632,g184533/B,net,pin
n_24632,g178136/A2,net,pin
g178134/Y,n_24632,pin,net
n_24632,g156969/C,net,pin
n_24633,g215508/A1,net,pin
n_24633,g213861/A1,net,pin
n_24633,g213844/A1,net,pin
g178135/Y,n_24633,pin,net
n_24633,g166528/A1,net,pin
n_24633,g166506/A1,net,pin
n_24633,g166302/A1,net,pin
n_24633,g166278/A1,net,pin
n_24633,g166136/A1,net,pin
n_24633,g166111/A1,net,pin
n_24633,g166085/A1,net,pin
n_24633,g166059/A1,net,pin
n_24633,g166008/A1,net,pin
n_24633,g165981/A1,net,pin
n_24633,g165954/A1,net,pin
n_24633,g165898/A1,net,pin
n_24633,g165871/A1,net,pin
n_24633,g165844/A1,net,pin
n_24633,g165817/A1,net,pin
n_24633,g165794/A1,net,pin
n_24633,g165766/A1,net,pin
n_24633,g165737/A1,net,pin
n_24633,g165709/A1,net,pin
n_24633,g165680/A1,net,pin
n_24633,g165651/A1,net,pin
n_24633,g165591/A1,net,pin
n_24633,g165536/A1,net,pin
n_24633,g165507/A1,net,pin
n_24633,g165477/A1,net,pin
n_24633,g165448/A1,net,pin
n_24633,g165418/A1,net,pin
n_24633,g165389/A1,net,pin
n_24633,g165360/A1,net,pin
g178136/Y,n_24635,pin,net
n_24635,g156161/B,net,pin
n_24637,g184880/B1,net,pin
fopt178139/Y,n_24637,pin,net
n_2464,u2_cnt_reg\[3\]/D,net,pin
g157570/Y,n_2464,pin,net
n_24641,u4_rp_reg\[0\]/SI,net,pin
g178142/Y,n_24641,pin,net
n_24641,g176662/B2,net,pin
g157767/Y,n_2465,pin,net
n_2465,g157579/C,net,pin
n_2465,g157464/A,net,pin
n_2465,g157146/C,net,pin
n_2465,g156711/C,net,pin
n_2466,u2_cnt_reg\[1\]/D,net,pin
g157579/Y,n_2466,pin,net
g178168/Y,n_24669,pin,net
n_24669,g178167/A1,net,pin
g157770/Y,n_2467,pin,net
n_2467,g157769/A,net,pin
n_2467,g157583/C,net,pin
n_2467,g157580/C,net,pin
n_2467,g157570/C,net,pin
n_2467,g156718/C,net,pin
n_2467,g154846/A2,net,pin
n_2467,drc_bufs164453/A,net,pin
n_24670,u13_occ1_r_reg\[6\]/D,net,pin
g178167/Y,n_24670,pin,net
n_24672,g179852/A2,net,pin
g178169/Y,n_24672,pin,net
n_2468,u2_cnt_reg\[4\]/D,net,pin
g157583/Y,n_2468,pin,net
n_247,g211698/A1,net,pin
n_247,g211697/A1,net,pin
n_247,g199705/C,net,pin
n_247,g166577/B1,net,pin
g159668/Y,n_247,pin,net
n_247,g157551/A1,net,pin
n_247,g155050/A,net,pin
g157185/Y,n_2470,pin,net
n_2470,g156127/C,net,pin
g157183/Y,n_2471,pin,net
n_2471,g156129/C,net,pin
n_24725,g549/B,net,pin
n_24725,g197863/B,net,pin
n_24725,g176667/C,net,pin
fopt178188/Y,n_24725,pin,net
n_24726,g197865/C,net,pin
n_24726,g158288/C,net,pin
fopt178189/Y,n_24726,pin,net
n_24726,fopt178188/A,net,pin
n_2473,g164347/B,net,pin
g157166/Y,n_2473,pin,net
n_24730,g178194/B,net,pin
g178193/Y,n_24730,pin,net
n_24730,g153628__178191/A1,net,pin
g178194/Y,n_24732,pin,net
n_24732,g153628__178191/B,net,pin
n_24733,u9_wp_reg\[1\]/D,net,pin
g153628__178191/Y,n_24733,pin,net
n_24734,g41/B1,net,pin
n_24734,g208862/B1,net,pin
g154068__178190/Y,n_24734,pin,net
n_24734,g153395__175376/B,net,pin
n_24734,g153381__8246/A2,net,pin
n_24734,g153379__1705/A2,net,pin
n_24734,g153378__2802/A2,net,pin
n_24734,g153377__1617/A2,net,pin
n_24734,g153376__176531/A2,net,pin
n_24734,g153375__6783/A1,net,pin
n_24734,g153374__5526/A2,net,pin
n_24734,g153373__178344/A1,net,pin
n_24734,g153372__4319/A1,net,pin
n_24734,g153371__5107/A2,net,pin
n_24734,g153369__176525/A1,net,pin
n_24734,g153368__6417/A1,net,pin
n_24734,g153367__1666/A1,net,pin
n_24734,g153366__2346/A2,net,pin
n_24734,g153365__2883/A1,net,pin
n_24734,g153364__9945/A1,net,pin
n_24734,g153363__9315/A1,net,pin
n_24734,g153362__6161/A2,net,pin
n_24734,g153313__2883/A2,net,pin
n_24734,g153312__9945/A2,net,pin
n_24734,g153311__9315/A2,net,pin
n_24734,g153310__6161/A2,net,pin
n_24734,g153309__4733/A2,net,pin
n_24734,g153308__7482/A1,net,pin
n_24734,g153307__5115/A2,net,pin
n_24734,g153306__1881/A2,net,pin
n_24734,g153305__6131/A2,net,pin
n_24734,g153304__7098/A2,net,pin
n_24734,g153303__8246/A1,net,pin
n_24734,g153302__5122/A1,net,pin
n_24735,g223/A2,net,pin
n_24735,g196984/A1,net,pin
n_24735,g176786/B1,net,pin
n_24735,g176413/B1,net,pin
n_24735,g176367/B1,net,pin
n_24735,g176365/B1,net,pin
n_24735,g176359/B1,net,pin
n_24735,g176350/B1,net,pin
n_24735,g176348/B1,net,pin
n_24735,g176342/B1,net,pin
g154062__178195/Y,n_24735,pin,net
n_24735,g153423__1705/A2,net,pin
n_24735,g153421__4319/A1,net,pin
n_24735,g153420__6260/A1,net,pin
n_24735,g153419__5107/A1,net,pin
n_24735,g153418__2398/A1,net,pin
n_24735,g153417__5477/A1,net,pin
n_24735,g153416__6417/A1,net,pin
n_24735,g153414__175602/A1,net,pin
n_24735,g153413__175598/A1,net,pin
n_24735,g153412__178339/A1,net,pin
n_24735,g153411__9945/A1,net,pin
n_24735,g153410__9315/A1,net,pin
n_24735,g153409__6161/A1,net,pin
n_24735,g153408__4733/A1,net,pin
n_24735,g153404__6131/A1,net,pin
n_24735,g153397__1881/A1,net,pin
n_24735,g153337__4733/A1,net,pin
n_24735,g153336__7482/A1,net,pin
n_24735,g153335__5115/A1,net,pin
n_24735,g153331__6783/A2,net,pin
n_24735,g153330__4319/A1,net,pin
n_24735,g140/A1,net,pin
n_24735,g118/A1,net,pin
n_24736,g208863/A,net,pin
g178196/Y,n_24736,pin,net
n_24736,g1/A,net,pin
n_24737,g178198/B1,net,pin
g178197/Y,n_24737,pin,net
n_24737,g169034/B,net,pin
n_24737,g159307/A,net,pin
n_24737,g159297/A,net,pin
n_24737,g154314__9315/D,net,pin
n_24738,g200315/B,net,pin
n_24738,g198743/B,net,pin
g178198/Y,n_24738,pin,net
n_24738,g158946/A,net,pin
n_24739,g195911/A,net,pin
g178199/Y,n_24739,pin,net
n_24741,g223712/D,net,pin
n_24741,g181643/B,net,pin
n_24741,g173015/B2,net,pin
fopt178202/Y,n_24741,pin,net
n_24742,g173237/B1,net,pin
n_24742,g173015/A2,net,pin
fopt178203/Y,n_24742,pin,net
n_24742,fopt178202/A,net,pin
n_24745,g198083/B,net,pin
n_24745,g198082/C,net,pin
fopt178204/Y,n_24745,pin,net
n_24745,fopt178203/A,net,pin
g157164/Y,n_2475,pin,net
n_2475,g156124/A,net,pin
n_24750,g223599/B,net,pin
n_24750,g216450/A,net,pin
n_24750,g216235/A,net,pin
n_24750,fopt182409/A,net,pin
fopt178207/Y,n_24750,pin,net
n_24753,u13_occ0_r_reg\[18\]/D,net,pin
g178210/Y,n_24753,pin,net
n_24759,g178217/C,net,pin
g178216/Y,n_24759,pin,net
n_24759,g178215/B,net,pin
g178217/Y,n_24761,pin,net
n_24761,g178215/C,net,pin
n_24762,u26_cnt_reg\[1\]/D,net,pin
g178215/Y,n_24762,pin,net
g178214/Y,n_24763,pin,net
n_24763,g153338__5122/A2,net,pin
g178219/Y,n_24764,pin,net
n_24764,g175809/B,net,pin
n_24764,g170065/A,net,pin
g157163/Y,n_2477,pin,net
n_2477,g156125/A,net,pin
n_2478,u1_slt4_reg\[1\]/D,net,pin
g157159/Y,n_2478,pin,net
n_2479,u1_slt4_reg\[0\]/D,net,pin
g157156/Y,n_2479,pin,net
n_24801,g22/A,net,pin
g178256/Y,n_24801,pin,net
n_24803,g224146/B1,net,pin
g22/Y,n_24803,pin,net
n_24803,g210458/B1,net,pin
n_24803,g210032/B1,net,pin
n_24803,g209881/B1,net,pin
n_24803,g209875/B1,net,pin
n_24803,g209819/B1,net,pin
n_24803,g209813/B1,net,pin
n_24803,g209807/B1,net,pin
n_24803,g209805/B1,net,pin
n_24803,g209803/B1,net,pin
n_24803,g209801/B1,net,pin
n_24803,g208465/B1,net,pin
n_24803,g200520/B1,net,pin
n_24803,g197155/B1,net,pin
n_24803,g195169/B1,net,pin
n_24803,g156/A1,net,pin
n_24803,g153964__7410/A1,net,pin
n_24803,g153963__1666/A1,net,pin
n_24803,g153960__9945/A1,net,pin
n_24803,g153959__9315/A1,net,pin
n_24803,g153956__7482/A2,net,pin
n_24803,g153954__1881/A2,net,pin
n_24803,g153870__5115/A1,net,pin
n_24803,g153869__167224/A2,net,pin
n_24803,g153868__6131/A1,net,pin
n_24803,g153867__7098/A1,net,pin
n_24803,g153866__8246/A1,net,pin
n_24803,g153865__5122/A2,net,pin
n_24803,g153864__1705/A2,net,pin
n_24803,g153863__2802/A2,net,pin
n_24803,g153862__6417/A1,net,pin
n_24803,g153859__4319/A1,net,pin
n_24803,g153625__179916/B,net,pin
n_24804,g178261/B,net,pin
g178258/Y,n_24804,pin,net
n_24804,g157193/B,net,pin
n_24805,g178261/A,net,pin
g178259/Y,n_24805,pin,net
n_24805,g157193/A,net,pin
n_24806,g214950/A1,net,pin
n_24806,g213846/A1,net,pin
n_24806,g178292/A1,net,pin
n_24806,g178291/A1,net,pin
n_24806,g178289/A1,net,pin
n_24806,g178287/A1,net,pin
n_24806,g178286/A1,net,pin
n_24806,g178285/A1,net,pin
n_24806,g178284/A1,net,pin
n_24806,g178283/A1,net,pin
n_24806,g178282/A1,net,pin
n_24806,g178281/A1,net,pin
n_24806,g178280/A1,net,pin
n_24806,g178279/A1,net,pin
n_24806,g178278/A1,net,pin
n_24806,g178277/A1,net,pin
n_24806,g178276/A1,net,pin
n_24806,g178275/A1,net,pin
n_24806,g178274/A1,net,pin
n_24806,g178273/A1,net,pin
n_24806,g178272/A1,net,pin
n_24806,g178271/A1,net,pin
n_24806,g178270/A1,net,pin
n_24806,g178269/A1,net,pin
n_24806,g178268/A1,net,pin
n_24806,g178267/A1,net,pin
n_24806,g178266/A1,net,pin
n_24806,g178265/A1,net,pin
n_24806,g178264/A1,net,pin
n_24806,g178263/A1,net,pin
n_24806,g178262/A1,net,pin
g178261/Y,n_24806,pin,net
n_24806,g178260/A1,net,pin
n_24807,u3_mem_reg\[2\]\[28\]/D,net,pin
g178260/Y,n_24807,pin,net
n_24808,u3_mem_reg\[2\]\[25\]/D,net,pin
g178262/Y,n_24808,pin,net
n_24809,u3_mem_reg\[2\]\[24\]/D,net,pin
g178263/Y,n_24809,pin,net
n_24810,u3_mem_reg\[2\]\[23\]/D,net,pin
g178264/Y,n_24810,pin,net
n_24811,u3_mem_reg\[2\]\[15\]/D,net,pin
g178265/Y,n_24811,pin,net
n_24812,u3_mem_reg\[2\]\[0\]/D,net,pin
g178266/Y,n_24812,pin,net
n_24813,u3_mem_reg\[2\]\[19\]/D,net,pin
g178267/Y,n_24813,pin,net
n_24814,u3_mem_reg\[2\]\[20\]/D,net,pin
g178268/Y,n_24814,pin,net
n_24815,u3_mem_reg\[2\]\[17\]/D,net,pin
g178269/Y,n_24815,pin,net
n_24816,u3_mem_reg\[2\]\[14\]/D,net,pin
g178270/Y,n_24816,pin,net
n_24817,u3_mem_reg\[2\]\[7\]/D,net,pin
g178271/Y,n_24817,pin,net
n_24818,u3_mem_reg\[2\]\[3\]/D,net,pin
g178272/Y,n_24818,pin,net
n_24819,u3_mem_reg\[2\]\[1\]/D,net,pin
g178273/Y,n_24819,pin,net
n_24820,u3_mem_reg\[2\]\[12\]/D,net,pin
g178274/Y,n_24820,pin,net
n_24821,u3_mem_reg\[2\]\[11\]/D,net,pin
g178275/Y,n_24821,pin,net
n_24822,u3_mem_reg\[2\]\[2\]/D,net,pin
g178276/Y,n_24822,pin,net
n_24823,u3_mem_reg\[2\]\[5\]/D,net,pin
g178277/Y,n_24823,pin,net
n_24824,u3_mem_reg\[2\]\[10\]/D,net,pin
g178278/Y,n_24824,pin,net
n_24825,u3_mem_reg\[2\]\[16\]/D,net,pin
g178279/Y,n_24825,pin,net
n_24826,u3_mem_reg\[2\]\[18\]/D,net,pin
g178280/Y,n_24826,pin,net
n_24827,u3_mem_reg\[2\]\[31\]/D,net,pin
g178281/Y,n_24827,pin,net
n_24828,u3_mem_reg\[2\]\[30\]/D,net,pin
g178282/Y,n_24828,pin,net
n_24829,u3_mem_reg\[2\]\[8\]/D,net,pin
g178283/Y,n_24829,pin,net
n_24830,u3_mem_reg\[2\]\[13\]/D,net,pin
g178284/Y,n_24830,pin,net
n_24831,u3_mem_reg\[2\]\[6\]/D,net,pin
g178285/Y,n_24831,pin,net
n_24832,u3_mem_reg\[2\]\[9\]/D,net,pin
g178286/Y,n_24832,pin,net
n_24833,u3_mem_reg\[2\]\[21\]/D,net,pin
g178287/Y,n_24833,pin,net
n_24835,u3_mem_reg\[2\]\[27\]/D,net,pin
g178289/Y,n_24835,pin,net
n_24837,u3_mem_reg\[2\]\[29\]/D,net,pin
g178291/Y,n_24837,pin,net
n_24838,u3_mem_reg\[2\]\[26\]/D,net,pin
g178292/Y,n_24838,pin,net
n_2486,g77/B,net,pin
g157479/Y,n_2486,pin,net
n_2486,g153998__189854/A2,net,pin
n_24883,g178340/A2,net,pin
g178335/Y,n_24883,pin,net
n_24883,g175601/A1,net,pin
n_24883,g175597/A1,net,pin
n_24883,g172192/A2,net,pin
n_24883,g172190/A1,net,pin
n_24883,g172189/A1,net,pin
n_24883,g172188/A1,net,pin
n_24883,g172187/B2,net,pin
n_24883,g172183/A2,net,pin
n_24886,g182538/B,net,pin
n_24886,g178340/B2,net,pin
g178338/Y,n_24886,pin,net
n_24886,g175601/A2,net,pin
n_24886,g158931/A,net,pin
g178340/Y,n_24888,pin,net
n_24888,g153570__178343/A1,net,pin
n_24888,g153550__178342/A2,net,pin
n_24888,g153412__178339/A2,net,pin
n_24888,g153373__178344/A2,net,pin
n_24889,u9_mem_reg\[3\]\[8\]/D,net,pin
g153412__178339/Y,n_24889,pin,net
n_24890,u9_mem_reg\[2\]\[8\]/D,net,pin
g153550__178342/Y,n_24890,pin,net
n_24891,u9_mem_reg\[0\]\[8\]/D,net,pin
g153570__178343/Y,n_24891,pin,net
n_24892,u9_mem_reg\[1\]\[8\]/D,net,pin
g153373__178344/Y,n_24892,pin,net
g157129/Y,n_2490,pin,net
n_2490,g156127/A,net,pin
g157128/Y,n_2491,pin,net
n_2491,g156128/A,net,pin
g157127/Y,n_2492,pin,net
n_2492,g156129/A,net,pin
g157184/Y,n_2496,pin,net
n_2496,g156128/C,net,pin
n_24975,g209220/A,net,pin
n_24975,g187222/A,net,pin
g178425/Y,n_24975,pin,net
n_24978,u10_mem_reg\[3\]\[19\]/D,net,pin
g178423/Y,n_24978,pin,net
n_24979,u10_mem_reg\[3\]\[29\]/D,net,pin
g153926__178427/Y,n_24979,pin,net
n_2498,g171873/A2,net,pin
g157688/Y,n_2498,pin,net
n_2498,g154111__9315/A1,net,pin
n_24980,u10_mem_reg\[3\]\[31\]/D,net,pin
g153928__178428/Y,n_24980,pin,net
n_24981,u10_mem_reg\[3\]\[24\]/D,net,pin
g153921__178429/Y,n_24981,pin,net
n_24982,u10_mem_reg\[3\]\[27\]/D,net,pin
g153924__178430/Y,n_24982,pin,net
n_24984,u10_mem_reg\[3\]\[20\]/D,net,pin
g153917__178432/Y,n_24984,pin,net
n_24985,u10_mem_reg\[3\]\[18\]/D,net,pin
g153784__178433/Y,n_24985,pin,net
n_24986,u10_mem_reg\[3\]\[17\]/D,net,pin
g153783__178434/Y,n_24986,pin,net
n_24987,u10_mem_reg\[3\]\[16\]/D,net,pin
g153782__178435/Y,n_24987,pin,net
n_24988,u10_mem_reg\[3\]\[15\]/D,net,pin
g153781__178436/Y,n_24988,pin,net
n_24989,u10_mem_reg\[3\]\[14\]/D,net,pin
g153780__178437/Y,n_24989,pin,net
n_24990,u10_mem_reg\[3\]\[13\]/D,net,pin
g153779__178438/Y,n_24990,pin,net
n_24991,u10_mem_reg\[3\]\[12\]/D,net,pin
g153778__178439/Y,n_24991,pin,net
n_24992,u10_mem_reg\[3\]\[10\]/D,net,pin
g153776__178440/Y,n_24992,pin,net
n_24993,u10_mem_reg\[3\]\[9\]/D,net,pin
g153775__178441/Y,n_24993,pin,net
n_24995,u10_mem_reg\[3\]\[8\]/D,net,pin
g153774__178442/Y,n_24995,pin,net
n_24997,u10_mem_reg\[3\]\[6\]/D,net,pin
g153772__178444/Y,n_24997,pin,net
n_24998,u10_mem_reg\[3\]\[5\]/D,net,pin
g153771__178445/Y,n_24998,pin,net
n_24999,u10_mem_reg\[3\]\[4\]/D,net,pin
g153770__178446/Y,n_24999,pin,net
n_25,g179983/B,net,pin
n_25,drc_bufs164604/A,net,pin
drc_bufs164411/Y,n_25,pin,net
n_2500,g171749/B,net,pin
g157649/Y,n_2500,pin,net
n_2500,g154115__1666/A2,net,pin
n_25001,u10_mem_reg\[3\]\[2\]/D,net,pin
g153768__178448/Y,n_25001,pin,net
n_25002,u10_mem_reg\[3\]\[1\]/D,net,pin
g153767__178449/Y,n_25002,pin,net
n_25004,u10_mem_reg\[3\]\[0\]/D,net,pin
g153766__178451/Y,n_25004,pin,net
n_25005,u10_mem_reg\[3\]\[22\]/D,net,pin
g153919__178452/Y,n_25005,pin,net
n_25006,u10_mem_reg\[3\]\[26\]/D,net,pin
g153923__178453/Y,n_25006,pin,net
n_25007,u10_mem_reg\[3\]\[25\]/D,net,pin
g153922__178454/Y,n_25007,pin,net
n_25008,u10_mem_reg\[3\]\[21\]/D,net,pin
g153918__178455/Y,n_25008,pin,net
n_25009,u10_mem_reg\[3\]\[30\]/D,net,pin
g153927__178456/Y,n_25009,pin,net
n_25010,u10_mem_reg\[3\]\[28\]/D,net,pin
g153925__178457/Y,n_25010,pin,net
n_2503,g40/C,net,pin
g157500/Y,n_2503,pin,net
n_2503,g154112__9945/A2,net,pin
g157662/Y,n_2508,pin,net
n_2508,g157084/B,net,pin
n_2508,g154108__4733/A2,net,pin
g157084/Y,n_2509,pin,net
n_2509,g153643__1666/A1,net,pin
g157656/Y,n_2511,pin,net
n_2511,g157078/C,net,pin
n_2511,g154109__6161/A2,net,pin
g157078/Y,n_2513,pin,net
n_2513,g153644__2346/A1,net,pin
n_2516,g163776/C,net,pin
g157075/Y,n_2516,pin,net
n_2517,g173202/B,net,pin
g159442/Y,n_2517,pin,net
n_2517,g157074/B2,net,pin
n_2518,g163775/C,net,pin
g157074/Y,n_2518,pin,net
n_2519,u2_res_cnt_reg\[1\]/D,net,pin
g157071/Y,n_2519,pin,net
n_2520,g178038/A,net,pin
n_2520,g170050/A2,net,pin
g157065/Y,n_2520,pin,net
n_2522,g183008/A,net,pin
n_2522,g170033/A2,net,pin
g157063/Y,n_2522,pin,net
n_2523,g79/B,net,pin
n_2523,g181261/A1,net,pin
g159242/Y,n_2523,pin,net
n_2523,g123/B1,net,pin
n_2524,g190187/A2,net,pin
n_2524,g181261/B2,net,pin
n_2524,g176068/A1,net,pin
n_2524,g169906/A2,net,pin
g159919/Y,n_2524,pin,net
n_2524,g154365__6260/A2,net,pin
n_2524,g154349__6131/A2,net,pin
n_2524,g154347__8246/A1,net,pin
n_2524,g154344__6260/A2,net,pin
n_2524,g154323__5477/A1,net,pin
n_2524,g154322__2398/A2,net,pin
n_2524,g154321__6260/A2,net,pin
n_2524,g123/C1,net,pin
n_25293,g178723/A,net,pin
g178721/Y,n_25293,pin,net
n_25293,g166624/B2,net,pin
n_25293,g156944/A,net,pin
n_25294,g182899/C,net,pin
n_25294,g181966/A,net,pin
g178723/Y,n_25294,pin,net
n_253,g224652/A,net,pin
g159966/Y,n_253,pin,net
n_253,g159333/B,net,pin
n_25330,u6_mem_reg\[3\]\[20\]/D,net,pin
g178750/Y,n_25330,pin,net
n_25331,u6_mem_reg\[3\]\[19\]/D,net,pin
g178751/Y,n_25331,pin,net
n_25332,u6_mem_reg\[3\]\[18\]/D,net,pin
g178752/Y,n_25332,pin,net
n_25333,u6_mem_reg\[3\]\[17\]/D,net,pin
g178753/Y,n_25333,pin,net
n_25378,g178806/A2,net,pin
n_25378,g178805/A2,net,pin
n_25378,g178804/A2,net,pin
n_25378,g178803/A2,net,pin
n_25378,g178802/A2,net,pin
n_25378,g178801/A2,net,pin
n_25378,g178800/A2,net,pin
g178797/Y,n_25378,pin,net
n_25378,g178796/A2,net,pin
n_25379,u7_mem_reg\[3\]\[26\]/D,net,pin
g178796/Y,n_25379,pin,net
n_25380,u7_mem_reg\[3\]\[27\]/D,net,pin
g178800/Y,n_25380,pin,net
n_25381,u7_mem_reg\[3\]\[0\]/D,net,pin
g178801/Y,n_25381,pin,net
n_25382,u7_mem_reg\[3\]\[19\]/D,net,pin
g178802/Y,n_25382,pin,net
n_25383,u7_mem_reg\[3\]\[21\]/D,net,pin
g178803/Y,n_25383,pin,net
n_25384,u7_mem_reg\[3\]\[30\]/D,net,pin
g178804/Y,n_25384,pin,net
n_25385,u7_mem_reg\[3\]\[29\]/D,net,pin
g178805/Y,n_25385,pin,net
n_25386,u7_mem_reg\[3\]\[28\]/D,net,pin
g178806/Y,n_25386,pin,net
n_25387,g178814/A2,net,pin
n_25387,g178813/A2,net,pin
n_25387,g178812/A2,net,pin
n_25387,g178811/A2,net,pin
n_25387,g178810/A2,net,pin
n_25387,g178809/A2,net,pin
n_25387,g178808/A2,net,pin
n_25387,g178807/B2,net,pin
g176041_dup/Y,n_25387,pin,net
n_25388,u7_mem_reg\[3\]\[20\]/D,net,pin
g178807/Y,n_25388,pin,net
n_25389,u7_mem_reg\[3\]\[23\]/D,net,pin
g178808/Y,n_25389,pin,net
g157015/Y,n_2539,pin,net
n_2539,g153584__6783/B2,net,pin
n_25390,u7_mem_reg\[3\]\[1\]/D,net,pin
g178809/Y,n_25390,pin,net
n_25391,u7_mem_reg\[3\]\[22\]/D,net,pin
g178810/Y,n_25391,pin,net
n_25392,u7_mem_reg\[3\]\[2\]/D,net,pin
g178811/Y,n_25392,pin,net
n_25393,u7_mem_reg\[3\]\[31\]/D,net,pin
g178812/Y,n_25393,pin,net
n_25394,u7_mem_reg\[3\]\[24\]/D,net,pin
g178813/Y,n_25394,pin,net
n_25395,u7_mem_reg\[3\]\[25\]/D,net,pin
g178814/Y,n_25395,pin,net
n_25398,g194315/A2,net,pin
g178817/Y,n_25398,pin,net
g157655/Y,n_2540,pin,net
n_2540,g157098/C,net,pin
n_2540,g154111__9315/A2,net,pin
n_25405,g439/A2,net,pin
n_25405,g2349/B1,net,pin
n_25405,g184615/A2,net,pin
n_25405,g184613/A2,net,pin
n_25405,g164218/A2,net,pin
n_25405,g164113/A2,net,pin
n_25405,g164111/A2,net,pin
n_25405,g163920/A2,net,pin
n_25405,g153843__5477/B1,net,pin
n_25405,g153652__1881/A1,net,pin
n_25405,g153651__5115/A1,net,pin
n_25405,g153631__1617/B1,net,pin
n_25405,g153599__2346/B1,net,pin
n_25405,g153586__8428/A1,net,pin
n_25405,g153585__5526/B1,net,pin
n_25405,g153584__6783/B1,net,pin
fopt178822/Y,n_25405,pin,net
g157098/Y,n_2541,pin,net
n_2541,g153645__2883/A1,net,pin
g21/Y,n_25438,pin,net
n_25438,g198064/A,net,pin
n_25438,g184562/A,net,pin
n_25438,g178833/B1,net,pin
n_25438,g169052/B,net,pin
n_25438,g154859__4319/D,net,pin
g178834/Y,n_25439,pin,net
n_25439,g178833/B2,net,pin
n_25439,g175269/A,net,pin
n_25439,g175268/A2,net,pin
n_25439,g169867/B,net,pin
n_25439,g167095/B,net,pin
n_2544,g173214/A2,net,pin
n_2544,g170044/A2,net,pin
g156995/Y,n_2544,pin,net
g178833/Y,n_25440,pin,net
n_25440,g174502/A,net,pin
n_25440,g174501/B,net,pin
n_25440,g174499/D,net,pin
n_2546,g184089/A1,net,pin
n_2546,g178044/A2,net,pin
g156993/Y,n_2546,pin,net
g178919/Y,n_25528,pin,net
n_25528,g178918/A,net,pin
g178920/Y,n_25529,pin,net
n_25529,g178918/B,net,pin
g178918/Y,n_25530,pin,net
n_25530,g153810__168293/A1,net,pin
n_25530,g153790__182072/A1,net,pin
n_25530,g153425__6161/A2,net,pin
n_25530,g153360__6260/A2,net,pin
n_2557,in_valid_s_reg\[1\]/D,net,pin
g156876/Y,n_2557,pin,net
g159607/Y,n_256,pin,net
n_256,g159604/A,net,pin
n_256,g159173/B,net,pin
n_2560,u2_cnt_reg\[6\]/D,net,pin
g156718/Y,n_2560,pin,net
n_2564,u23_int_set_reg\[1\]/D,net,pin
g156715/Y,n_2564,pin,net
n_2565,u25_int_set_reg\[1\]/D,net,pin
g156714/Y,n_2565,pin,net
n_2566,u24_int_set_reg\[1\]/D,net,pin
g156713/Y,n_2566,pin,net
n_2567,u2_cnt_reg\[7\]/D,net,pin
g156711/Y,n_2567,pin,net
g179059/Y,n_25673,pin,net
n_25673,g176342/B2,net,pin
n_25673,g153932__2802/A1,net,pin
n_25673,g153896__168309/A1,net,pin
n_25673,g153310__6161/A1,net,pin
g179061/Y,n_25674,pin,net
n_25674,g176348/B2,net,pin
n_25674,g153933__5122/A1,net,pin
n_25674,g153897__168308/A1,net,pin
n_25674,g153309__4733/A1,net,pin
g179062/Y,n_25675,pin,net
n_25675,g153929__5526/A1,net,pin
n_25675,g153893__168312/A1,net,pin
n_25675,g153337__4733/A2,net,pin
n_25675,g153313__2883/A1,net,pin
g179063/Y,n_25677,pin,net
n_25677,g153976__168300/A2,net,pin
n_25677,g153562__1705/A2,net,pin
n_25677,g153420__6260/A2,net,pin
n_25677,g153365__2883/A2,net,pin
g179065/Y,n_25678,pin,net
n_25678,g153761__168317/A2,net,pin
n_25678,g153561__2802/A2,net,pin
n_25678,g153421__4319/A2,net,pin
n_25678,g153364__9945/A2,net,pin
g179066/Y,n_25679,pin,net
n_25679,g176359/B2,net,pin
n_25679,g153938__4733/A1,net,pin
n_25679,g153902__168304/A1,net,pin
n_25679,g153304__7098/A1,net,pin
g179067/Y,n_25680,pin,net
n_25680,g176413/B2,net,pin
n_25680,g153939__9315/A1,net,pin
n_25680,g153903__168303/A1,net,pin
n_25680,g153303__8246/A2,net,pin
g179068/Y,n_25681,pin,net
n_25681,g176365/B2,net,pin
n_25681,g153940__9945/A1,net,pin
n_25681,g153904__168302/A2,net,pin
n_25681,g153302__5122/A2,net,pin
g179069/Y,n_25682,pin,net
n_25682,g176350/B2,net,pin
n_25682,g153937__7482/A1,net,pin
n_25682,g153901__168297/A2,net,pin
n_25682,g153305__6131/A1,net,pin
n_257,g170038/B,net,pin
n_257,g166497/B2,net,pin
g159480/Y,n_257,pin,net
n_257,g159478/A,net,pin
n_2571,valid_s_reg/D,net,pin
g156627/Y,n_2571,pin,net
n_2573,g165569/B,net,pin
g156976/Y,n_2573,pin,net
n_2574,u1_slt6_reg\[1\]/D,net,pin
g155587/Y,n_2574,pin,net
n_2575,u1_slt6_reg\[0\]/D,net,pin
g155588/Y,n_2575,pin,net
n_2576,u1_slt4_reg\[2\]/D,net,pin
g157157/Y,n_2576,pin,net
g157628/Y,n_2578,pin,net
n_2578,g157144/C,net,pin
n_2578,g154110__8428/A2,net,pin
g157144/Y,n_2579,pin,net
n_2579,g153619__185121/A2,net,pin
n_258,g173838/A,net,pin
g159551/Y,n_258,pin,net
n_258,g159549/A,net,pin
n_258,g157226/B,net,pin
g157139/Y,n_2584,pin,net
n_2584,g153677__185118/A1,net,pin
n_259,g169031/B2,net,pin
g159696/Y,n_259,pin,net
n_259,g159695/A,net,pin
n_259,g159307/B,net,pin
n_259,g154068__178190/A,net,pin
n_25928,g224667/C1,net,pin
g179262/Y,n_25928,pin,net
g157080/Y,n_2594,pin,net
n_2594,g153631__1617/B2,net,pin
n_2595,g165482/B,net,pin
g156975/Y,n_2595,pin,net
n_25953,g179291/A,net,pin
g179289/Y,n_25953,pin,net
n_25953,g179288/A,net,pin
n_25954,g519/B2,net,pin
n_25954,g198417/A2,net,pin
n_25954,g182911/B2,net,pin
n_25954,g179301/A2,net,pin
n_25954,g179299/A2,net,pin
n_25954,g179298/A2,net,pin
g179288/Y,n_25954,pin,net
n_25954,g153634__188333/A2,net,pin
n_25954,g153632__179287/A2,net,pin
n_25954,g153607__179418/B1,net,pin
n_25955,u6_dout_reg\[8\]/D,net,pin
g153632__179287/Y,n_25955,pin,net
n_25956,g224630/A2,net,pin
n_25956,g194039/A2,net,pin
n_25956,g179295/A2,net,pin
g179291/Y,n_25956,pin,net
n_25956,g153639__182909/B1,net,pin
n_25956,g153635__188335/A1,net,pin
n_25956,g153633__188954/A2,net,pin
n_25956,g126/A2,net,pin
n_2596,g583/A2,net,pin
n_2596,g181785/B,net,pin
n_2596,g176147/A,net,pin
n_2596,g160007/A,net,pin
n_2596,g138/A1,net,pin
fopt163978/Y,n_2596,pin,net
n_25961,u6_dout_reg\[12\]/D,net,pin
g179295/Y,n_25961,pin,net
n_25964,u6_dout_reg\[5\]/D,net,pin
g179298/Y,n_25964,pin,net
n_25965,u6_dout_reg\[18\]/D,net,pin
g179299/Y,n_25965,pin,net
n_25967,u6_dout_reg\[16\]/D,net,pin
g179301/Y,n_25967,pin,net
n_2598,g164104/A1,net,pin
g157010/Y,n_2598,pin,net
g157006/Y,n_2603,pin,net
n_2603,g153845__200405/B2,net,pin
n_26050,g187966/A,net,pin
g179383/Y,n_26050,pin,net
n_26050,g156762_dup187968/A,net,pin
n_26050,g156762_dup166760_dup187969/A,net,pin
n_26050,g156762_dup165229_dup187967/B,net,pin
n_26054,u4_mem_reg\[3\]\[27\]/D,net,pin
g179385/Y,n_26054,pin,net
n_26055,u4_mem_reg\[3\]\[31\]/D,net,pin
g179388/Y,n_26055,pin,net
n_26057,u4_mem_reg\[3\]\[28\]/D,net,pin
g179390/Y,n_26057,pin,net
n_2608,g165510/B,net,pin
g156980/Y,n_2608,pin,net
n_2609,g165848/B,net,pin
g156979/Y,n_2609,pin,net
n_26098,g213720/A2,net,pin
g179414/Y,n_26098,pin,net
n_26098,g153882__213722/A1,net,pin
n_2610,g165655/B,net,pin
g156978/Y,n_2610,pin,net
n_26103,u6_dout_reg\[4\]/D,net,pin
g153607__179418/Y,n_26103,pin,net
n_2611,g165822/B,net,pin
g156977/Y,n_2611,pin,net
n_2612,u1_slt6_reg\[2\]/D,net,pin
g155586/Y,n_2612,pin,net
g179498/Y,n_26182,pin,net
n_26182,g179496/B,net,pin
n_26182,g169500/A,net,pin
n_26182,g169496/B,net,pin
g179496/Y,n_26183,pin,net
n_26183,g178037/A,net,pin
n_26183,g170050/A1,net,pin
n_2619,g165957/B,net,pin
g156963/Y,n_2619,pin,net
n_262,g169957/A1,net,pin
g159522/Y,n_262,pin,net
n_262,g159521/A,net,pin
n_2620,g165902/B,net,pin
g156962/Y,n_2620,pin,net
n_2623,g165874/B,net,pin
g156958/Y,n_2623,pin,net
n_2624,g165683/B,net,pin
g156957/Y,n_2624,pin,net
n_26250,g196915/A,net,pin
g179532/Y,n_26250,pin,net
n_26254,g193489/B,net,pin
g179537/Y,n_26254,pin,net
n_26254,g179534/B,net,pin
n_26254,g158947/A,net,pin
g179534/Y,n_26255,pin,net
n_26255,g176153/A,net,pin
n_26255,g168393_dup/A,net,pin
n_26255,g164270_dup_dup/A,net,pin
n_26255,g164270_dup176230/A,net,pin
n_263,g196662/A,net,pin
n_263,g196661/A,net,pin
n_263,g166482/B1,net,pin
g160051/Y,n_263,pin,net
n_263,g160046/A,net,pin
g179657/Y,n_26376,pin,net
n_26376,g1300/B,net,pin
n_26376,fopt162431/A,net,pin
n_26379,g185112/A,net,pin
g179660/Y,n_26379,pin,net
n_26379,g178142/C,net,pin
n_26379,g1306/A,net,pin
n_26382,g179666/C,net,pin
g179663/Y,n_26382,pin,net
n_26382,g166713/A,net,pin
n_26382,g159768/A,net,pin
n_26382,g159761/A,net,pin
g179667/Y,n_26383,pin,net
n_26383,g179666/A,net,pin
n_26384,g179671/A,net,pin
n_26384,g179668/A,net,pin
g179666/Y,n_26384,pin,net
n_26384,g179665/A,net,pin
n_26385,g215504/A1,net,pin
n_26385,g179700/A1,net,pin
n_26385,g179699/A1,net,pin
n_26385,g179698/A1,net,pin
n_26385,g179697/A1,net,pin
n_26385,g179696/A1,net,pin
n_26385,g179695/A1,net,pin
n_26385,g179694/A1,net,pin
n_26385,g179693/A1,net,pin
n_26385,g179692/A1,net,pin
n_26385,g179691/A1,net,pin
n_26385,g179690/A1,net,pin
n_26385,g179689/A1,net,pin
n_26385,g179688/A1,net,pin
n_26385,g179687/A1,net,pin
n_26385,g179686/A1,net,pin
n_26385,g179685/A1,net,pin
n_26385,g179684/A1,net,pin
n_26385,g179683/A1,net,pin
n_26385,g179682/A1,net,pin
n_26385,g179681/A2,net,pin
n_26385,g179680/A1,net,pin
n_26385,g179679/A1,net,pin
n_26385,g179677/A1,net,pin
n_26385,g179676/A1,net,pin
n_26385,g179675/A1,net,pin
n_26385,g179674/A1,net,pin
n_26385,g179673/A1,net,pin
n_26385,g179672/A1,net,pin
n_26385,g179670/A1,net,pin
n_26385,g179669/A1,net,pin
g179665/Y,n_26385,pin,net
n_26385,g179664/A1,net,pin
n_26386,g179699/B2,net,pin
n_26386,g179691/B2,net,pin
n_26386,g179690/B2,net,pin
n_26386,g179687/B2,net,pin
n_26386,g179685/B2,net,pin
n_26386,g179682/B2,net,pin
n_26386,g179681/B2,net,pin
n_26386,g179680/B2,net,pin
n_26386,g179679/B2,net,pin
n_26386,g179677/B2,net,pin
n_26386,g179676/B2,net,pin
n_26386,g179675/B2,net,pin
n_26386,g179674/B2,net,pin
n_26386,g179672/B2,net,pin
n_26386,g179669/B2,net,pin
g179668/Y,n_26386,pin,net
n_26386,g179664/B2,net,pin
n_26387,u5_mem_reg\[0\]\[29\]/D,net,pin
g179664/Y,n_26387,pin,net
n_26388,u5_mem_reg\[0\]\[30\]/D,net,pin
g179669/Y,n_26388,pin,net
n_26389,g215504/B2,net,pin
n_26389,g179700/B2,net,pin
n_26389,g179698/B2,net,pin
n_26389,g179697/B2,net,pin
n_26389,g179696/B2,net,pin
n_26389,g179695/B2,net,pin
n_26389,g179694/B2,net,pin
n_26389,g179693/B2,net,pin
n_26389,g179692/B2,net,pin
n_26389,g179689/B2,net,pin
n_26389,g179688/B2,net,pin
n_26389,g179686/B2,net,pin
n_26389,g179684/B2,net,pin
n_26389,g179683/B2,net,pin
n_26389,g179673/B2,net,pin
g179671/Y,n_26389,pin,net
n_26389,g179670/B2,net,pin
n_2639,g165393/B,net,pin
g156944/Y,n_2639,pin,net
n_26390,u5_mem_reg\[0\]\[31\]/D,net,pin
g179670/Y,n_26390,pin,net
n_26391,u5_mem_reg\[0\]\[19\]/D,net,pin
g179672/Y,n_26391,pin,net
n_26392,u5_mem_reg\[0\]\[18\]/D,net,pin
g179673/Y,n_26392,pin,net
n_26393,u5_mem_reg\[0\]\[17\]/D,net,pin
g179674/Y,n_26393,pin,net
n_26394,u5_mem_reg\[0\]\[16\]/D,net,pin
g179675/Y,n_26394,pin,net
n_26395,u5_mem_reg\[0\]\[13\]/D,net,pin
g179676/Y,n_26395,pin,net
n_26396,u5_mem_reg\[0\]\[5\]/D,net,pin
g179677/Y,n_26396,pin,net
n_26398,u5_mem_reg\[0\]\[9\]/D,net,pin
g179679/Y,n_26398,pin,net
n_26399,u5_mem_reg\[0\]\[10\]/D,net,pin
g179680/Y,n_26399,pin,net
n_264,g166609/B1,net,pin
g159907/Y,n_264,pin,net
n_264,g159906/A,net,pin
n_264,g159903/A,net,pin
n_2640,g175346/B2,net,pin
n_2640,g166498/B2,net,pin
g159450/Y,n_2640,pin,net
n_2640,g156943/A,net,pin
n_26400,u5_mem_reg\[0\]\[8\]/D,net,pin
g179681/Y,n_26400,pin,net
n_26401,u5_mem_reg\[0\]\[3\]/D,net,pin
g179682/Y,n_26401,pin,net
n_26402,u5_mem_reg\[0\]\[7\]/D,net,pin
g179683/Y,n_26402,pin,net
n_26403,u5_mem_reg\[0\]\[6\]/D,net,pin
g179684/Y,n_26403,pin,net
n_26404,u5_mem_reg\[0\]\[11\]/D,net,pin
g179685/Y,n_26404,pin,net
n_26405,u5_mem_reg\[0\]\[22\]/D,net,pin
g179686/Y,n_26405,pin,net
n_26406,u5_mem_reg\[0\]\[27\]/D,net,pin
g179687/Y,n_26406,pin,net
n_26407,u5_mem_reg\[0\]\[23\]/D,net,pin
g179688/Y,n_26407,pin,net
n_26408,u5_mem_reg\[0\]\[25\]/D,net,pin
g179689/Y,n_26408,pin,net
n_26409,u5_mem_reg\[0\]\[12\]/D,net,pin
g179690/Y,n_26409,pin,net
n_2641,g165798/B,net,pin
g156943/Y,n_2641,pin,net
n_26410,u5_mem_reg\[0\]\[2\]/D,net,pin
g179691/Y,n_26410,pin,net
n_26411,u5_mem_reg\[0\]\[21\]/D,net,pin
g179692/Y,n_26411,pin,net
n_26412,u5_mem_reg\[0\]\[24\]/D,net,pin
g179693/Y,n_26412,pin,net
n_26413,u5_mem_reg\[0\]\[28\]/D,net,pin
g179694/Y,n_26413,pin,net
n_26414,u5_mem_reg\[0\]\[26\]/D,net,pin
g179695/Y,n_26414,pin,net
n_26415,u5_mem_reg\[0\]\[20\]/D,net,pin
g179696/Y,n_26415,pin,net
n_26416,u5_mem_reg\[0\]\[15\]/D,net,pin
g179697/Y,n_26416,pin,net
n_26417,u5_mem_reg\[0\]\[14\]/D,net,pin
g179698/Y,n_26417,pin,net
n_26418,u5_mem_reg\[0\]\[1\]/D,net,pin
g179699/Y,n_26418,pin,net
n_26419,u5_mem_reg\[0\]\[0\]/D,net,pin
g179700/Y,n_26419,pin,net
n_2642,g165423/B,net,pin
g156942/Y,n_2642,pin,net
n_26427,g169195/A1,net,pin
fopt179709/Y,n_26427,pin,net
n_26427,fopt179708/A,net,pin
n_26427,fopt169193/A,net,pin
n_26428,g95/B2,net,pin
n_26428,g184298/B,net,pin
n_26428,g180521/A,net,pin
fopt179708/Y,n_26428,pin,net
n_2643,g165450/B,net,pin
g156941/Y,n_2643,pin,net
n_2644,g214958/B,net,pin
g156938/Y,n_2644,pin,net
n_2645,g166614/B2,net,pin
g159511/Y,n_2645,pin,net
n_2645,g156937/A,net,pin
n_2645,g155583/B2,net,pin
n_2646,g165596/B,net,pin
g156937/Y,n_2646,pin,net
n_2647,g165712/B,net,pin
g156936/Y,n_2647,pin,net
g179776/Y,n_26497,pin,net
n_26497,g179775/A,net,pin
n_26497,g167452_dup/A,net,pin
g179777/Y,n_26498,pin,net
n_26498,g179775/B,net,pin
n_26498,g167452_dup/B,net,pin
g179775/Y,n_26499,pin,net
n_26499,fopt184227/A,net,pin
n_26499,fopt184226/A,net,pin
g160028/Y,n_265,pin,net
n_265,g160027/A,net,pin
n_265,g158303/A2,net,pin
n_2650,g165771/B,net,pin
g156968/Y,n_2650,pin,net
n_26501,g221584/A,net,pin
n_26501,g219307/A,net,pin
g167452_dup/Y,n_26501,pin,net
n_2651,u1_slt3_reg\[2\]/D,net,pin
g156721/Y,n_2651,pin,net
n_2652,u2_res_cnt_reg\[2\]/D,net,pin
g156712/Y,n_2652,pin,net
n_2653,u12_wb_data_o_reg\[31\]/D,net,pin
g156710/Y,n_2653,pin,net
g179815/Y,n_26539,pin,net
n_26539,g179814/B,net,pin
g179814/Y,n_26540,pin,net
n_26540,g179813/A,net,pin
n_26541,g215502/B2,net,pin
n_26541,g213864/A2,net,pin
n_26541,g187726/B2,net,pin
g179813/Y,n_26541,pin,net
n_26541,g178167/A2,net,pin
n_26541,g175414/B2,net,pin
n_26541,g170248/A2,net,pin
n_26541,g170222/A2,net,pin
n_26541,g170215/A1,net,pin
n_26541,g166578/B2,net,pin
n_26541,g166577/B2,net,pin
n_26541,g166576/B2,net,pin
n_26541,g166571/B2,net,pin
n_26541,g166570/B2,net,pin
n_26541,g166569/B2,net,pin
n_26541,g166568/B2,net,pin
n_26541,g166567/B2,net,pin
g156707/Y,n_2655,pin,net
n_2655,g156124/B,net,pin
n_26553,g264/A1,net,pin
n_26553,g263/A2,net,pin
n_26553,g182085/A2,net,pin
g179828/Y,n_26553,pin,net
n_26553,g179827/A2,net,pin
n_26556,u11_mem_reg\[2\]\[7\]/D,net,pin
g179827/Y,n_26556,pin,net
g156706/Y,n_2657,pin,net
n_2657,g156125/B,net,pin
n_26577,g181760/B,net,pin
n_26577,g179853/A,net,pin
n_26577,g179852/B2,net,pin
g179851/Y,n_26577,pin,net
g179852/Y,n_26579,pin,net
n_26579,g166259/B,net,pin
g179853/Y,n_26581,pin,net
n_26581,g165364/B,net,pin
n_2660,g165740/B,net,pin
g156945/Y,n_2660,pin,net
n_2663,g182420/A,net,pin
n_2663,g182417/A,net,pin
g159682/Y,n_2663,pin,net
n_2663,g157189/B,net,pin
n_2663,g157188/B,net,pin
g159813/Y,n_2664,pin,net
n_2664,g157189/A,net,pin
n_2664,g157188/A,net,pin
g179917/Y,n_26645,pin,net
n_26645,g153625__179916/A2,net,pin
n_26646,u10_wp_reg\[2\]/D,net,pin
g153625__179916/Y,n_26646,pin,net
g159761/Y,n_2669,pin,net
n_2669,g157195/C,net,pin
n_2669,g157194/B,net,pin
g159313/Y,n_267,pin,net
n_267,g158466/B,net,pin
g248/Y,n_26710,pin,net
n_26710,g244/A1,net,pin
n_26711,g245/A,net,pin
g179982/Y,n_26711,pin,net
g245/Y,n_26712,pin,net
n_26712,g244/A2,net,pin
n_26713,g244/B,net,pin
g179983/Y,n_26713,pin,net
n_26714,u16_u3_dma_req_reg/D,net,pin
g244/Y,n_26714,pin,net
n_26733,g197107/B,net,pin
n_26733,g183257/A1,net,pin
g180001/Y,n_26733,pin,net
n_26733,g157717/A,net,pin
n_2678,g176237/A2,net,pin
n_2678,g166239/A1,net,pin
g159510/Y,n_2678,pin,net
n_26801,g456/A2,net,pin
n_26801,g188049/A2,net,pin
n_26801,g188048/A2,net,pin
n_26801,g188044/A2,net,pin
n_26801,g180067/A,net,pin
g180062/Y,n_26801,pin,net
n_26802,g193870/B1,net,pin
n_26802,g193869/A1,net,pin
g180064/Y,n_26802,pin,net
g180065/Y,n_26803,pin,net
n_26803,g176678/A,net,pin
g180067/Y,n_26806,pin,net
n_26806,g153880__193867/A2,net,pin
n_26806,g153879__193871/A2,net,pin
n_26807,g186614/B,net,pin
g180069/Y,n_26807,pin,net
n_26807,g172207/B1,net,pin
n_26807,g158908/A,net,pin
n_26811,g182862/B,net,pin
g180073/Y,n_26811,pin,net
n_26811,g172208/B2,net,pin
n_26811,g158937/A,net,pin
n_26815,g193622/A,net,pin
n_26815,g182860/B,net,pin
g180077/Y,n_26815,pin,net
n_26815,g172542/B1,net,pin
n_26815,g158934/A,net,pin
n_26819,g186599/B,net,pin
g180081/Y,n_26819,pin,net
n_26819,g172898/A1,net,pin
n_26819,g158916/A,net,pin
n_26823,g186658/B,net,pin
g180085/Y,n_26823,pin,net
n_26823,g172898/B1,net,pin
n_26823,g158918/A,net,pin
n_26827,g188414/A1,net,pin
n_26827,g182854/B,net,pin
g180089/Y,n_26827,pin,net
n_26827,g172201/A,net,pin
n_26827,g158922/A,net,pin
n_2683,u12_wb_data_o_reg\[1\]/D,net,pin
g155577/Y,n_2683,pin,net
n_26831,g200418/A1,net,pin
n_26831,g182852/B,net,pin
g180093/Y,n_26831,pin,net
n_26831,g158479/A1,net,pin
n_2684,u1_sr_reg\[4\]/D,net,pin
g157350/Y,n_2684,pin,net
g157477/Y,n_2685,pin,net
n_2685,g157003/A,net,pin
n_2685,g153996__4733/A2,net,pin
n_26859,g200420/A2,net,pin
n_26859,g186831/A,net,pin
g180108/Y,n_26859,pin,net
n_26859,g158516/A1,net,pin
g157003/Y,n_2686,pin,net
n_2686,g153586__8428/A2,net,pin
n_2687,g175822/A2,net,pin
g159664/Y,n_2687,pin,net
n_2687,g159304/B,net,pin
n_2687,g158611/A1,net,pin
n_2687,g156974/A2,net,pin
n_2688,g199186/A3,net,pin
g156974/Y,n_2688,pin,net
n_2689,g184027/B1,net,pin
n_2689,g175904/B1,net,pin
g159666/Y,n_2689,pin,net
n_2689,g159305/B,net,pin
n_2689,g113/A2,net,pin
n_269,g186758/C,net,pin
g159149/Y,n_269,pin,net
n_26904,g93/A2,net,pin
g180146/Y,n_26904,pin,net
n_2691,g190190/B,net,pin
n_2691,g178817/B,net,pin
n_2691,g178/A1,net,pin
n_2691,g173777/A1,net,pin
g159655/Y,n_2691,pin,net
n_2691,g159308/B,net,pin
n_2691,g156972/A2,net,pin
n_2692,g193853/A2,net,pin
g156972/Y,n_2692,pin,net
n_2693,g86/B1,net,pin
n_2693,g167528/A1,net,pin
g159645/Y,n_2693,pin,net
n_2693,g159306/B,net,pin
n_2693,g156971/A2,net,pin
n_2694,g167684/A3,net,pin
g156971/Y,n_2694,pin,net
n_2695,g173879/A3,net,pin
g156970/Y,n_2695,pin,net
n_2696,g233/A3,net,pin
g156969/Y,n_2696,pin,net
g180238/Y,n_27003,pin,net
n_27003,g180237/B1,net,pin
n_27003,g166487/B2,net,pin
n_27004,g34/A,net,pin
g180237/Y,n_27004,pin,net
n_27013,g77/A2,net,pin
n_27013,g472/C2,net,pin
g180246/Y,n_27013,pin,net
n_27013,g154372__189851/B,net,pin
n_27013,g154370__189852/A2,net,pin
n_2702,u2_to_cnt_reg\[5\]/D,net,pin
g156728/Y,n_2702,pin,net
n_27038,g198833/A,net,pin
g180273/Y,n_27038,pin,net
g180290/Y,n_27057,pin,net
n_27057,g180289/A,net,pin
n_27057,g178135/A,net,pin
g180289/Y,n_27058,pin,net
n_27058,fopt168636/A,net,pin
n_27058,fopt168635/A,net,pin
g180292/Y,n_27059,pin,net
n_27059,g180291/A,net,pin
n_2706,u11_rp_reg\[0\]/D,net,pin
g156703/Y,n_2706,pin,net
g180293/Y,n_27060,pin,net
n_27060,g180291/B,net,pin
n_27061,g198075/A,net,pin
g180291/Y,n_27061,pin,net
n_27061,g178130/B,net,pin
n_27061,g169001/B,net,pin
n_27061,g168999/B,net,pin
n_27061,g157589/A,net,pin
n_27061,g10/B,net,pin
n_2708,u9_rp_reg\[0\]/D,net,pin
g156701/Y,n_2708,pin,net
n_2712,u12_wb_data_o_reg\[14\]/D,net,pin
g156147/Y,n_2712,pin,net
n_27128,g180356/A1,net,pin
g180353/Y,n_27128,pin,net
n_27128,g153764__169153/A1,net,pin
n_27129,g196660/A2,net,pin
n_27129,g180356/B1,net,pin
g180354/Y,n_27129,pin,net
n_27129,g173925/A,net,pin
n_2713,u12_wb_data_o_reg\[7\]/D,net,pin
g156146/Y,n_2713,pin,net
g180357/Y,n_27131,pin,net
n_27131,g180356/C,net,pin
n_27132,u6_dout_reg\[3\]/D,net,pin
g180356/Y,n_27132,pin,net
n_27133,g200563/A2,net,pin
n_27133,g194376/A2,net,pin
n_27133,g180361/A2,net,pin
g180358/Y,n_27133,pin,net
n_27133,g168951/B2,net,pin
n_27133,g158198/A2,net,pin
n_27133,g158197/A2,net,pin
n_27133,g158194/A2,net,pin
n_27133,g158193/A2,net,pin
n_27133,g158192/A2,net,pin
n_27133,g157318/B2,net,pin
n_27133,g157317/B2,net,pin
n_27133,g157285/B2,net,pin
n_27134,g200563/B2,net,pin
n_27134,g194376/B2,net,pin
n_27134,g180361/B1,net,pin
g180359/Y,n_27134,pin,net
n_27134,g168951/C2,net,pin
n_27134,g158198/B2,net,pin
n_27134,g158197/B2,net,pin
n_27134,g158194/B2,net,pin
n_27134,g158193/B2,net,pin
n_27134,g158192/B2,net,pin
n_27134,g157318/C2,net,pin
n_27134,g157317/C2,net,pin
n_27134,g157285/C2,net,pin
g180361/Y,n_27135,pin,net
n_27135,g180360/D,net,pin
g180360/Y,n_27136,pin,net
n_27136,g153662__6783/B2,net,pin
n_2715,u12_wb_data_o_reg\[2\]/D,net,pin
g156144/Y,n_2715,pin,net
n_2716,u12_wb_data_o_reg\[4\]/D,net,pin
g156143/Y,n_2716,pin,net
n_2719,u12_wb_data_o_reg\[9\]/D,net,pin
g156139/Y,n_2719,pin,net
n_2721,u12_wb_data_o_reg\[12\]/D,net,pin
g156137/Y,n_2721,pin,net
n_27219,g197062/C,net,pin
g180428/Y,n_27219,pin,net
g180432/Y,n_27223,pin,net
n_27223,g180431/A1,net,pin
n_27223,g171873/B,net,pin
g180433/Y,n_27224,pin,net
n_27224,g180431/A2,net,pin
n_27224,g171749/A2,net,pin
g180434/Y,n_27225,pin,net
n_27225,g180431/B,net,pin
n_27225,g154350__1881/B,net,pin
n_27225,g154346__5122/B,net,pin
n_27225,g154345__5107/C,net,pin
n_27225,g154343__4319/C,net,pin
n_27225,g154342__5526/C,net,pin
n_27225,g154341__1617/C,net,pin
n_27225,g154340__1705/C,net,pin
n_27225,g154117__8246/B,net,pin
n_27225,g154116__7410/B,net,pin
n_27225,g154115__1666/B,net,pin
n_27225,g154114__200937/B,net,pin
n_27225,g154112__9945/B,net,pin
n_27225,g154111__9315/B,net,pin
n_27225,g154109__6161/B,net,pin
n_27225,g154108__4733/B,net,pin
g180431/Y,n_27227,pin,net
n_27227,g171872/C,net,pin
g180442/Y,n_27234,pin,net
n_27234,g180441/A,net,pin
g180443/Y,n_27235,pin,net
n_27235,g180441/B,net,pin
g180444/Y,n_27236,pin,net
n_27236,g180441/C,net,pin
n_27237,u3_rp_reg\[1\]/D,net,pin
g180441/Y,n_27237,pin,net
n_2724,u12_wb_data_o_reg\[17\]/D,net,pin
g156132/Y,n_2724,pin,net
g180464/Y,n_27257,pin,net
n_27257,g175605/A,net,pin
n_27257,g175604/B1,net,pin
n_27257,g166544/D,net,pin
n_27257,g157856/A,net,pin
n_2727,u12_wb_data_o_reg\[24\]/D,net,pin
g156126/Y,n_2727,pin,net
n_273,g95/A1,net,pin
n_273,g180518/A,net,pin
n_273,g180517/B2,net,pin
g159311/Y,n_273,pin,net
n_27305,g194049/A,net,pin
n_27305,g194048/A,net,pin
g180508/Y,n_27305,pin,net
n_27315,g95/B1,net,pin
g180518/Y,n_27315,pin,net
n_27315,g180517/A1,net,pin
g180519/Y,n_27316,pin,net
n_27316,g180517/B1,net,pin
n_27317,g184298/A,net,pin
g180517/Y,n_27317,pin,net
n_27320,g95/A2,net,pin
g180521/Y,n_27320,pin,net
g95/Y,n_27321,pin,net
n_27321,g212234/A2,net,pin
g157197/Y,n_2733,pin,net
n_2733,fopt171564/A,net,pin
n_2733,fopt171563/A,net,pin
g157195/Y,n_2734,pin,net
n_2734,fopt193818/A,net,pin
n_2734,fopt193817/A,net,pin
g180534/Y,n_27341,pin,net
n_27341,g176068/B,net,pin
g157193/Y,n_2735,pin,net
n_2735,fopt170775/A,net,pin
n_2735,fopt168634/A,net,pin
n_27368,g180564/A,net,pin
g180562/Y,n_27368,pin,net
n_27368,g154350__1881/A2,net,pin
g180565/Y,n_27369,pin,net
n_27369,g180564/B,net,pin
g157189/Y,n_2737,pin,net
n_2737,fopt168642/A,net,pin
n_2737,fopt168641/A,net,pin
g180566/Y,n_27370,pin,net
n_27370,g180564/C,net,pin
g180564/Y,n_27372,pin,net
n_27372,g153839__180563/A1,net,pin
n_27373,u7_dout_reg\[19\]/D,net,pin
g153839__180563/Y,n_27373,pin,net
n_27381,g186850/B,net,pin
g180577/Y,n_27381,pin,net
n_27382,g186850/C,net,pin
g180578/Y,n_27382,pin,net
n_27383,g186850/D,net,pin
g180579/Y,n_27383,pin,net
g159918/Y,n_274,pin,net
n_274,g159917/A,net,pin
n_274,g158302/A1,net,pin
n_2741,u0_slt9_r_reg\[1\]/D,net,pin
g154841/Y,n_2741,pin,net
g157204/Y,n_2743,pin,net
n_2743,g157115/C,net,pin
n_2743,g156870/A1,net,pin
n_2743,g113/C,net,pin
n_2744,g218860/B,net,pin
g157115/Y,n_2744,pin,net
n_2746,g192701/B,net,pin
n_2746,g187654/D,net,pin
g157203/Y,n_2746,pin,net
n_2746,g156970/C,net,pin
n_2748,g177886/D,net,pin
g157205/Y,n_2748,pin,net
n_2748,g156974/C,net,pin
n_2748,g156872/A2,net,pin
g159917/Y,n_275,pin,net
n_275,g159374/B,net,pin
n_2752,g206150/A,net,pin
n_2752,g182421/D,net,pin
g157202/Y,n_2752,pin,net
n_2752,g156972/C,net,pin
n_27521,g185123/A2,net,pin
g180714/Y,n_27521,pin,net
n_2753,g206149/B,net,pin
n_2753,g182421/A,net,pin
n_2753,g177136/A,net,pin
g159835/Y,n_2753,pin,net
g156882/Y,n_2767,pin,net
n_2767,g155567/A2,net,pin
g156872/Y,n_2773,pin,net
n_2773,g156163/B,net,pin
g156870/Y,n_2775,pin,net
n_2775,g156162/A,net,pin
n_278,g174933/A,net,pin
g159152/Y,n_278,pin,net
g181064/Y,n_27878,pin,net
n_27878,g181062/B1,net,pin
n_27878,g170135/A2,net,pin
n_27878,g153792__182075/A1,net,pin
n_27878,g153358__2398/A2,net,pin
n_2788,g167023/B2,net,pin
n_2788,g167023/A2,net,pin
g159879/Y,n_2788,pin,net
n_27880,u11_mem_reg\[2\]\[3\]/D,net,pin
g181062/Y,n_27880,pin,net
n_280,u14_crac_valid_r_reg/SI,net,pin
g159295/Y,n_280,pin,net
g159881/Y,n_281,pin,net
n_281,g156117/B,net,pin
g181262/Y,n_28102,pin,net
n_28102,g181261/C,net,pin
n_28103,g439/A1,net,pin
g181261/Y,n_28103,pin,net
g86/Y,n_28110,pin,net
n_28110,g181270/B,net,pin
n_28111,u6_rp_reg\[3\]/D,net,pin
g181270/Y,n_28111,pin,net
g181281/Y,n_28121,pin,net
n_28121,g181280/B,net,pin
g181280/Y,n_28122,pin,net
n_28122,g176662/B1,net,pin
n_2817,u2_res_cnt_reg\[3\]/D,net,pin
g156157/Y,n_2817,pin,net
n_28235,u10_mem_reg\[0\]\[12\]/D,net,pin
g181393/Y,n_28235,pin,net
n_28239,g193159/A1,net,pin
g181397/Y,n_28239,pin,net
n_28239,g173940/A,net,pin
n_28239,g153829__173944/A2,net,pin
n_28240,g202301/A2,net,pin
n_28240,g200169/A1,net,pin
n_28240,g186025/A2,net,pin
n_28240,g184898/A1,net,pin
n_28240,g182633/A1,net,pin
g181400/Y,n_28240,pin,net
n_28240,g178283/A2,net,pin
n_28240,g172330/A1,net,pin
n_28240,g170248/B1,net,pin
n_28240,g165535/A2,net,pin
n_28240,g165531/A2,net,pin
n_28240,g165529/A1,net,pin
n_28240,g165525/A1,net,pin
n_28240,g165519/A2,net,pin
g181402/Y,n_28246,pin,net
n_28246,g157094/A,net,pin
n_28251,g216453/B1,net,pin
n_28251,g202314/A2,net,pin
n_28251,g200163/A1,net,pin
n_28251,g191977/B1,net,pin
n_28251,g186016/A2,net,pin
g181410/Y,n_28251,pin,net
n_28251,g172635/A1,net,pin
n_28251,g170362/B1,net,pin
n_28251,g167874/A2,net,pin
n_28251,g165393/A2,net,pin
n_28251,g165389/A2,net,pin
n_28251,g165385/A2,net,pin
n_28251,g165384/A2,net,pin
n_28251,g165375/A2,net,pin
n_28276,g216470/B1,net,pin
n_28276,g202311/A2,net,pin
n_28276,g200168/A1,net,pin
n_28276,g184891/A1,net,pin
g181433/Y,n_28276,pin,net
n_28276,g179675/A2,net,pin
n_28276,g171085/B1,net,pin
n_28276,g170356/B1,net,pin
n_28276,g167919/A1,net,pin
n_28276,g167868/A1,net,pin
n_28276,g165766/A2,net,pin
n_28276,g165762/A2,net,pin
n_28276,g165752/A2,net,pin
n_28294,g193968/B,net,pin
n_28294,g188211/B,net,pin
g181449/Y,n_28294,pin,net
n_28316,g212600/A1,net,pin
n_28316,g200150/A1,net,pin
n_28316,g197487/A1,net,pin
n_28316,g186032/A2,net,pin
n_28316,g184881/A1,net,pin
g181469/Y,n_28316,pin,net
n_28316,g178262/A2,net,pin
n_28316,g170840/B1,net,pin
n_28316,g170740/A1,net,pin
n_28316,g167879/A2,net,pin
n_28316,g166086/A1,net,pin
n_28316,g166084/A2,net,pin
g181479/Y,n_28327,pin,net
n_28327,g180428/A,net,pin
n_28327,g157714/A,net,pin
n_28327,g157659/A,net,pin
n_28330,g202316/A2,net,pin
n_28330,g200162/B1,net,pin
n_28330,g184899/A1,net,pin
g181484/Y,n_28330,pin,net
n_28330,g179691/A2,net,pin
n_28330,g178276/A2,net,pin
n_28330,g167925/A1,net,pin
n_28330,g166577/A1,net,pin
n_28330,g165477/A2,net,pin
n_28330,g165473/A2,net,pin
n_28330,g165471/A1,net,pin
n_28330,g165467/A1,net,pin
n_28330,g165465/A2,net,pin
n_28330,g165461/A2,net,pin
g156764/Y,n_2836,pin,net
n_2836,fopt168785/A,net,pin
n_2836,fopt168784/A,net,pin
n_28364,g181512/B,net,pin
g181507/Y,n_28364,pin,net
n_28367,u15_crac_we_r_reg/D,net,pin
n_28367,g85/A2,net,pin
n_28367,g82/A2,net,pin
n_28367,g215497/A2,net,pin
n_28367,g213854/A2,net,pin
g181509/Y,n_28367,pin,net
n_28367,g181508/A2,net,pin
n_28367,g176743/A2,net,pin
n_28367,g172175/A2,net,pin
n_28367,g172169/A2,net,pin
n_28367,g172159/A2,net,pin
n_28367,g172157/A2,net,pin
n_28367,g172155/A2,net,pin
n_28367,g172136/A2,net,pin
n_28367,g172128/A2,net,pin
n_28367,g172126/A2,net,pin
n_28367,g172124/A2,net,pin
n_28367,g172114/A2,net,pin
n_28368,u13_crac_dout_r_reg\[7\]/D,net,pin
g181508/Y,n_28368,pin,net
g181512/Y,n_28370,pin,net
n_28370,g181510/B,net,pin
n_28370,g181402/B,net,pin
n_28370,g157678/A,net,pin
g181510/Y,n_28371,pin,net
n_28371,g172284/A,net,pin
n_28381,g200161/B1,net,pin
n_28381,g197679/A1,net,pin
n_28381,g186017/A2,net,pin
g181523/Y,n_28381,pin,net
n_28381,g178264/A2,net,pin
n_28381,g171397/A1,net,pin
n_28381,g170625/B1,net,pin
n_28381,g167915/A1,net,pin
n_28381,g167863/A2,net,pin
n_28381,g165956/A1,net,pin
n_28381,g165954/A2,net,pin
n_28381,g165940/A2,net,pin
n_28391,g181574/B,net,pin
g181532/Y,n_28391,pin,net
g154098__181547/Y,n_28412,pin,net
n_28412,g153632__179287/B,net,pin
n_28413,g188087/A3,net,pin
g181550/Y,n_28413,pin,net
n_28424,g89/A1,net,pin
n_28424,g212594/A1,net,pin
n_28424,g200164/A1,net,pin
n_28424,g197522/A1,net,pin
n_28424,g184882/A1,net,pin
g181557/Y,n_28424,pin,net
n_28424,g179693/A2,net,pin
n_28424,g178263/A2,net,pin
n_28424,g170351/B1,net,pin
n_28424,g167861/A2,net,pin
n_28424,g166060/A1,net,pin
n_28424,g166058/A2,net,pin
n_28441,g187548/A,net,pin
g181574/Y,n_28441,pin,net
n_28441,g170076/A,net,pin
n_28443,g185116/A1,net,pin
g181575/Y,n_28443,pin,net
g159909/Y,n_285,pin,net
n_285,g159908/A,net,pin
n_285,g158303/A1,net,pin
n_28520,g209721/B2,net,pin
g181635/Y,n_28520,pin,net
n_28520,g181634/A2,net,pin
n_28520,g181062/B2,net,pin
n_28520,g179827/A1,net,pin
n_28520,g153827__168283/A1,net,pin
n_28520,g153826__168281/A1,net,pin
n_28520,g153825__168282/A1,net,pin
n_28520,g153824__168280/A1,net,pin
n_28520,g153822__168284/A1,net,pin
n_28520,g153821__168285/A2,net,pin
n_28520,g153820__168262/A1,net,pin
n_28520,g153819__175422/A1,net,pin
n_28520,g153818__168287/A2,net,pin
n_28520,g153817__175426/A1,net,pin
n_28520,g153815__168289/A1,net,pin
n_28520,g153811__168291/A2,net,pin
n_28520,g153810__168293/A2,net,pin
n_28521,u11_mem_reg\[2\]\[14\]/D,net,pin
g181634/Y,n_28521,pin,net
g181643/Y,n_28528,pin,net
n_28528,g181642/A2,net,pin
n_28529,u6_wp_reg\[1\]/D,net,pin
g181642/Y,n_28529,pin,net
g181707/Y,n_28594,pin,net
n_28594,g181705/B,net,pin
n_28595,u16_u4_dma_req_reg/D,net,pin
g181705/Y,n_28595,pin,net
n_286,g198737/B,net,pin
g159908/Y,n_286,pin,net
g181759/Y,n_28662,pin,net
n_28662,g181757/B,net,pin
n_28663,u16_u6_dma_req_reg/D,net,pin
g181757/Y,n_28663,pin,net
n_28664,g184089/B,net,pin
g181760/Y,n_28664,pin,net
n_28669,g607/A2,net,pin
n_28669,g181768/A2,net,pin
g181765/Y,n_28669,pin,net
n_28669,g166495/B1,net,pin
n_28669,g166485/B1,net,pin
g181769/Y,n_28671,pin,net
n_28671,g181768/A1,net,pin
g181770/Y,n_28672,pin,net
n_28672,g181768/B2,net,pin
g181768/Y,n_28673,pin,net
n_28673,g181767/C,net,pin
n_28674,g426/B,net,pin
g181767/Y,n_28674,pin,net
n_28689,g189837/A,net,pin
n_28689,g181792/B,net,pin
n_28689,g181788/A2,net,pin
n_28689,g181787/A,net,pin
g181786/Y,n_28689,pin,net
n_28689,g181785/C,net,pin
n_28689,g178210/B1,net,pin
n_28690,g213724/B2,net,pin
g181785/Y,n_28690,pin,net
n_28690,g153882__213722/A2,net,pin
n_28691,g212233/A2,net,pin
g181787/Y,n_28691,pin,net
n_28691,g176943/A2,net,pin
n_28692,g486/B,net,pin
g181788/Y,n_28692,pin,net
n_28696,g76/A2,net,pin
g181792/Y,n_28696,pin,net
n_28696,g154739/A,net,pin
g181843/Y,n_28745,pin,net
n_28745,g181839/B2,net,pin
g181839/Y,n_28746,pin,net
n_28746,g181838/A,net,pin
g181838/Y,n_28747,pin,net
n_28747,g181393/B2,net,pin
n_28747,g154096__198353/A1,net,pin
n_28747,g153863__2802/A1,net,pin
n_28747,g153778__178439/A2,net,pin
n_28774,g200646/B,net,pin
n_28774,g197827/B,net,pin
g181864/Y,n_28774,pin,net
n_28774,g169996/B1,net,pin
g181895/Y,n_28808,pin,net
n_28808,g181894/A2,net,pin
g181896/Y,n_28810,pin,net
n_28810,g181894/B2,net,pin
g181894/Y,n_28811,pin,net
n_28811,g157071/A,net,pin
g181899/Y,n_28814,pin,net
n_28814,g170215/B,net,pin
n_28848,g187484/A2,net,pin
n_28848,g181939/A,net,pin
n_28848,g181937/B,net,pin
g181936/Y,n_28848,pin,net
n_28848,fopt181935/A,net,pin
n_28849,u14_u8_en_out_l_reg/D,net,pin
g181937/Y,n_28849,pin,net
n_28850,u14_u8_en_out_l2_reg/D,net,pin
fopt181935/Y,n_28850,pin,net
g181939/Y,n_28852,pin,net
n_28852,g173003/A,net,pin
g181966/Y,n_28879,pin,net
n_28879,g181964/C,net,pin
g181964/Y,n_28880,pin,net
n_28880,g154125/A1,net,pin
n_28881,u16_u2_dma_req_r1_reg/D,net,pin
n_28881,g183968/A,net,pin
g181968/Y,n_28881,pin,net
n_28884,g181972/B,net,pin
g181970/Y,n_28884,pin,net
n_28884,g169475/B,net,pin
n_28884,g154792/A,net,pin
n_28885,g188073/B,net,pin
g181972/Y,n_28885,pin,net
g181979/Y,n_28893,pin,net
n_28893,g157015/A,net,pin
n_28893,g154324__6417/A2,net,pin
n_28895,g184495/A2,net,pin
g181983/Y,n_28895,pin,net
n_28895,g180065/B2,net,pin
n_28895,g179852/B1,net,pin
n_28895,g166624/B1,net,pin
n_28895,g166618/B1,net,pin
n_28895,g166617/B1,net,pin
n_28895,g166616/B1,net,pin
n_28895,g166615/B1,net,pin
n_28895,g166609/B2,net,pin
n_28895,g166190/A,net,pin
n_289,g163649/B,net,pin
g159455/Y,n_289,pin,net
n_289,g159454/A,net,pin
g181981/Y,n_28901,pin,net
n_28901,g171435/A,net,pin
n_28913,g216464/B1,net,pin
n_28913,g212620/A1,net,pin
n_28913,g202312/A2,net,pin
n_28913,g200156/B1,net,pin
n_28913,g196865/B2,net,pin
n_28913,g191970/A1,net,pin
n_28913,g186028/A2,net,pin
n_28913,g179697/A2,net,pin
n_28913,g178265/A2,net,pin
n_28913,g172840/A1,net,pin
n_28913,g172136/B1,net,pin
n_28913,g171322/B1,net,pin
n_28913,g168481/A1,net,pin
n_28913,g167873/A1,net,pin
n_28913,g165419/A1,net,pin
n_28913,g165418/A2,net,pin
n_28913,g165417/A2,net,pin
n_28913,g165414/A2,net,pin
n_28913,g165413/A2,net,pin
n_28913,g165409/A1,net,pin
n_28913,g165407/A1,net,pin
n_28913,g165405/A2,net,pin
n_28913,g165400/A1,net,pin
n_28913,g155774/A1,net,pin
n_28913,g155742/A1,net,pin
fopt181996/Y,n_28913,pin,net
n_28926,g181899/B,net,pin
fopt3/Y,n_28926,pin,net
n_28948,g182016/B,net,pin
g182015/Y,n_28948,pin,net
n_28948,g153629__182014/A1,net,pin
g182016/Y,n_28950,pin,net
n_28950,g153629__182014/B,net,pin
n_28951,u11_wp_reg\[1\]/D,net,pin
g153629__182014/Y,n_28951,pin,net
g182013/Y,n_28952,pin,net
n_28952,g154065__9315_dup174764/A,net,pin
n_28952,g154065__175620/A,net,pin
n_28952,g154063__9945_dup174766/A,net,pin
n_28952,g154063__174765/A,net,pin
n_28952,fopt192214/A,net,pin
n_28953,g264/A2,net,pin
g182018/Y,n_28953,pin,net
n_28953,g172860/A1,net,pin
n_28953,g171189/A1,net,pin
n_28953,g153396__174767/B,net,pin
n_28953,g153361__4319/A1,net,pin
n_28953,g153360__6260/A1,net,pin
n_28953,g153359__5107/A1,net,pin
n_28953,g153358__2398/A1,net,pin
n_28953,g153357__5477/A1,net,pin
n_28953,g153356__6417/A2,net,pin
n_28953,g153355__7410/A2,net,pin
n_28953,g153353__2346/A2,net,pin
n_28953,g153351__6161/A2,net,pin
n_28953,g153350__5115/A2,net,pin
n_28953,g153348__1705/A2,net,pin
n_28953,g153347__6783/A1,net,pin
n_28953,g153346__8428/A2,net,pin
n_28953,g153345__175619/A1,net,pin
n_28953,g153344__6260/A1,net,pin
n_28953,g153343__5107/A1,net,pin
n_28953,g153342__2398/A1,net,pin
n_28953,g153301__6417/A2,net,pin
n_28953,g153300__7410/A2,net,pin
n_28953,g153299__2883/A2,net,pin
n_28953,g153298__6161/A2,net,pin
n_28953,g153297__4733/A2,net,pin
n_28953,g153296__7482/A2,net,pin
n_28953,g153295__5115/A2,net,pin
n_28953,g153294__1881/A2,net,pin
n_28953,g153293__7098/A2,net,pin
n_28953,g153292__1705/A2,net,pin
n_28953,g153291__3680/A2,net,pin
n_28953,g153290__5526/A2,net,pin
n_28954,g182020/B1,net,pin
g182019/Y,n_28954,pin,net
n_28954,g177057/A,net,pin
n_28954,g175607/B,net,pin
n_28954,g159146/A,net,pin
n_28954,g154316__3680/D,net,pin
g182020/Y,n_28955,pin,net
n_28955,g166544/B,net,pin
n_28955,g158944/A,net,pin
n_28955,g157856/B,net,pin
n_290,g184874/B1,net,pin
g159454/Y,n_290,pin,net
g182064/Y,n_29003,pin,net
n_29003,g154065__9315_dup174764/B,net,pin
n_29003,g154065__175620/B,net,pin
g182066/Y,n_29004,pin,net
n_29004,g182065/A,net,pin
n_29005,g182070/B,net,pin
g182067/Y,n_29005,pin,net
n_29005,g182065/B,net,pin
n_29005,g182018/A,net,pin
n_29005,g182013/A,net,pin
n_29005,g177058/A,net,pin
n_29006,g263/A1,net,pin
g182065/Y,n_29006,pin,net
n_29006,g172560/A1,net,pin
n_29006,g170135/A1,net,pin
n_29006,g170131/A1,net,pin
n_29006,g153436__3680/A2,net,pin
n_29006,g153435__6783/A2,net,pin
n_29006,g153434__5526/A2,net,pin
n_29006,g153433__8428/A2,net,pin
n_29006,g153432__7482/A2,net,pin
n_29006,g153430__1666/A2,net,pin
n_29006,g153429__7410/A2,net,pin
n_29006,g153428__2346/A2,net,pin
n_29006,g153425__6161/A1,net,pin
n_29006,g153424__4733/A1,net,pin
n_29006,g153398__1617/A1,net,pin
n_29006,g153394__7098/A2,net,pin
n_29006,g153392__5122/A2,net,pin
n_29006,g153391__1705/A1,net,pin
n_29006,g153390__2802/A1,net,pin
n_29006,g153389__1617/A2,net,pin
n_29006,g153388__3680/A2,net,pin
n_29006,g153325__1881/A1,net,pin
n_29006,g153324__6131/A2,net,pin
n_29006,g153323__7098/A2,net,pin
n_29006,g153322__8246/A2,net,pin
n_29006,g153321__5122/A2,net,pin
n_29006,g153320__1705/A2,net,pin
n_29006,g153319__2802/A2,net,pin
n_29006,g153318__1617/A2,net,pin
n_29006,g153317__3680/A2,net,pin
n_29006,g153316__6783/A2,net,pin
n_29006,g153315__5526/A2,net,pin
n_29006,g153314__8428/A1,net,pin
n_29007,g182073/A,net,pin
g182070/Y,n_29007,pin,net
n_29007,g182069/A,net,pin
n_29008,g182085/A1,net,pin
g182069/Y,n_29008,pin,net
n_29008,g153807__182076/A2,net,pin
n_29008,g153805__182079/A2,net,pin
n_29008,g153804__182077/A2,net,pin
n_29008,g153803__182081/A2,net,pin
n_29008,g153802__182074/A2,net,pin
n_29008,g153801__182083/A2,net,pin
n_29008,g153799__182068/A1,net,pin
n_29008,g153798__182071/A2,net,pin
n_29008,g153797__182082/A2,net,pin
n_29008,g153795__182086/A2,net,pin
n_29008,g153793__182084/A2,net,pin
n_29008,g153792__182075/A2,net,pin
n_29008,g153791__182078/A2,net,pin
n_29008,g153788__182080/A2,net,pin
n_29009,u11_mem_reg\[0\]\[10\]/D,net,pin
g153799__182068/Y,n_29009,pin,net
n_29010,u11_mem_reg\[0\]\[9\]/D,net,pin
g153798__182071/Y,n_29010,pin,net
n_29011,g182102/A1,net,pin
g182073/Y,n_29011,pin,net
n_29011,g153952__182095/A2,net,pin
n_29011,g153951__182100/A2,net,pin
n_29011,g153950__182087/A2,net,pin
n_29011,g153949__182092/A2,net,pin
n_29011,g153948__182101/A2,net,pin
n_29011,g153947__182090/A2,net,pin
n_29011,g153946__182093/A2,net,pin
n_29011,g153945__182096/A2,net,pin
n_29011,g153944__182088/A1,net,pin
n_29011,g153943__182099/A2,net,pin
n_29011,g153942__182098/A2,net,pin
n_29011,g153941__182091/A2,net,pin
n_29011,g153808__182089/A1,net,pin
n_29011,g153806__182097/A1,net,pin
n_29011,g153794__182094/A1,net,pin
n_29011,g153790__182072/A2,net,pin
n_29012,u11_mem_reg\[0\]\[1\]/D,net,pin
g153790__182072/Y,n_29012,pin,net
n_29013,u11_mem_reg\[0\]\[13\]/D,net,pin
g153802__182074/Y,n_29013,pin,net
n_29014,u11_mem_reg\[0\]\[3\]/D,net,pin
g153792__182075/Y,n_29014,pin,net
n_29015,u11_mem_reg\[0\]\[18\]/D,net,pin
g153807__182076/Y,n_29015,pin,net
n_29016,u11_mem_reg\[0\]\[15\]/D,net,pin
g153804__182077/Y,n_29016,pin,net
n_29017,u11_mem_reg\[0\]\[2\]/D,net,pin
g153791__182078/Y,n_29017,pin,net
n_29018,u11_mem_reg\[0\]\[16\]/D,net,pin
g153805__182079/Y,n_29018,pin,net
n_29019,u11_mem_reg\[0\]\[0\]/D,net,pin
g153788__182080/Y,n_29019,pin,net
n_29020,u11_mem_reg\[0\]\[14\]/D,net,pin
g153803__182081/Y,n_29020,pin,net
n_29021,u11_mem_reg\[0\]\[8\]/D,net,pin
g153797__182082/Y,n_29021,pin,net
n_29022,u11_mem_reg\[0\]\[12\]/D,net,pin
g153801__182083/Y,n_29022,pin,net
n_29023,u11_mem_reg\[0\]\[4\]/D,net,pin
g153793__182084/Y,n_29023,pin,net
n_29024,u11_mem_reg\[0\]\[7\]/D,net,pin
g182085/Y,n_29024,pin,net
n_29025,u11_mem_reg\[0\]\[6\]/D,net,pin
g153795__182086/Y,n_29025,pin,net
n_29026,u11_mem_reg\[0\]\[29\]/D,net,pin
g153950__182087/Y,n_29026,pin,net
n_29027,u11_mem_reg\[0\]\[23\]/D,net,pin
g153944__182088/Y,n_29027,pin,net
n_29028,u11_mem_reg\[0\]\[19\]/D,net,pin
g153808__182089/Y,n_29028,pin,net
n_29029,u11_mem_reg\[0\]\[26\]/D,net,pin
g153947__182090/Y,n_29029,pin,net
n_29030,u11_mem_reg\[0\]\[20\]/D,net,pin
g153941__182091/Y,n_29030,pin,net
n_29031,u11_mem_reg\[0\]\[28\]/D,net,pin
g153949__182092/Y,n_29031,pin,net
n_29032,u11_mem_reg\[0\]\[25\]/D,net,pin
g153946__182093/Y,n_29032,pin,net
n_29033,u11_mem_reg\[0\]\[5\]/D,net,pin
g153794__182094/Y,n_29033,pin,net
n_29034,u11_mem_reg\[0\]\[31\]/D,net,pin
g153952__182095/Y,n_29034,pin,net
n_29035,u11_mem_reg\[0\]\[24\]/D,net,pin
g153945__182096/Y,n_29035,pin,net
n_29036,u11_mem_reg\[0\]\[17\]/D,net,pin
g153806__182097/Y,n_29036,pin,net
n_29037,u11_mem_reg\[0\]\[21\]/D,net,pin
g153942__182098/Y,n_29037,pin,net
n_29038,u11_mem_reg\[0\]\[22\]/D,net,pin
g153943__182099/Y,n_29038,pin,net
n_29039,u11_mem_reg\[0\]\[30\]/D,net,pin
g153951__182100/Y,n_29039,pin,net
n_29040,u11_mem_reg\[0\]\[27\]/D,net,pin
g153948__182101/Y,n_29040,pin,net
n_29041,u11_mem_reg\[0\]\[11\]/D,net,pin
g182102/Y,n_29041,pin,net
g182134/Y,n_29073,pin,net
n_29073,g182133/A,net,pin
n_29073,g155546_dup188259/A,net,pin
n_29074,g182138/A,net,pin
g182133/Y,n_29074,pin,net
n_29074,g154424__182157/A1,net,pin
n_29074,g154423__182155/A1,net,pin
n_29074,g154422__182165/A1,net,pin
n_29074,g154421__186716/A1,net,pin
n_29074,g154420__182137/A1,net,pin
n_29074,g154419__186712/A1,net,pin
n_29074,g154418__182147/A1,net,pin
n_29074,g154369__188260/A1,net,pin
n_29074,g154315__182159/A1,net,pin
n_29074,g154310__182141/A1,net,pin
n_29074,g154309__182163/A1,net,pin
n_29074,g154308__182153/A1,net,pin
n_29074,g154307__182161/A1,net,pin
n_29074,g154306__182151/A1,net,pin
n_29074,g154305__182132/A1,net,pin
g182135/Y,n_29076,pin,net
n_29076,g154305__182132/B,net,pin
n_29077,u11_din_tmp1_reg\[15\]/D,net,pin
g154305__182132/Y,n_29077,pin,net
g182138/Y,n_29078,pin,net
n_29078,g154420__182137/B,net,pin
n_29079,u11_din_tmp1_reg\[2\]/D,net,pin
g154420__182137/Y,n_29079,pin,net
g182140/Y,n_29080,pin,net
n_29080,g154313__182139/B,net,pin
n_29081,u11_din_tmp1_reg\[9\]/D,net,pin
g154313__182139/Y,n_29081,pin,net
g182142/Y,n_29082,pin,net
n_29082,g154310__182141/B,net,pin
n_29083,u11_din_tmp1_reg\[10\]/D,net,pin
g154310__182141/Y,n_29083,pin,net
g182148/Y,n_29088,pin,net
n_29088,g154418__182147/B,net,pin
n_29089,u11_din_tmp1_reg\[0\]/D,net,pin
g154418__182147/Y,n_29089,pin,net
g182152/Y,n_29092,pin,net
n_29092,g154306__182151/B,net,pin
n_29093,u11_din_tmp1_reg\[14\]/D,net,pin
g154306__182151/Y,n_29093,pin,net
g182154/Y,n_29094,pin,net
n_29094,g154308__182153/B,net,pin
n_29095,u11_din_tmp1_reg\[12\]/D,net,pin
g154308__182153/Y,n_29095,pin,net
g182156/Y,n_29096,pin,net
n_29096,g154423__182155/B,net,pin
n_29097,u11_din_tmp1_reg\[5\]/D,net,pin
g154423__182155/Y,n_29097,pin,net
g182158/Y,n_29098,pin,net
n_29098,g154424__182157/B,net,pin
n_29099,u11_din_tmp1_reg\[6\]/D,net,pin
g154424__182157/Y,n_29099,pin,net
n_291,g436/A2,net,pin
n_291,g184888/B1,net,pin
g159457/Y,n_291,pin,net
g182160/Y,n_29100,pin,net
n_29100,g154315__182159/B,net,pin
n_29101,u11_din_tmp1_reg\[8\]/D,net,pin
g154315__182159/Y,n_29101,pin,net
g182162/Y,n_29102,pin,net
n_29102,g154307__182161/B,net,pin
n_29103,u11_din_tmp1_reg\[13\]/D,net,pin
g154307__182161/Y,n_29103,pin,net
g182164/Y,n_29104,pin,net
n_29104,g154309__182163/B,net,pin
n_29105,u11_din_tmp1_reg\[11\]/D,net,pin
g154309__182163/Y,n_29105,pin,net
g182166/Y,n_29106,pin,net
n_29106,g154422__182165/B,net,pin
n_29107,u11_din_tmp1_reg\[4\]/D,net,pin
g154422__182165/Y,n_29107,pin,net
n_293,g166615/A2,net,pin
g159529/Y,n_293,pin,net
n_293,g159528/A,net,pin
n_2931,u12_wb_data_o_reg\[20\]/D,net,pin
g156129/Y,n_2931,pin,net
n_29310,g182370/B,net,pin
g182367/Y,n_29310,pin,net
n_29310,g155025/A,net,pin
n_29310,g154244/B,net,pin
n_29312,u3_rp_reg\[0\]/D,net,pin
n_29312,g182371/A,net,pin
g182370/Y,n_29312,pin,net
n_29312,g153972__182369/B2,net,pin
n_29313,u3_rp_reg\[2\]/D,net,pin
g153972__182369/Y,n_29313,pin,net
g182371/Y,n_29314,pin,net
n_29314,g175819/A2,net,pin
n_2932,u12_wb_data_o_reg\[21\]/D,net,pin
g156128/Y,n_2932,pin,net
n_2933,u12_wb_data_o_reg\[22\]/D,net,pin
g156127/Y,n_2933,pin,net
n_2934,u12_wb_data_o_reg\[25\]/D,net,pin
g156125/Y,n_2934,pin,net
n_2935,u12_wb_data_o_reg\[26\]/D,net,pin
g156124/Y,n_2935,pin,net
n_29352,g223943/B,net,pin
n_29352,g187310/B,net,pin
n_29352,g156770_dup214508/B,net,pin
fopt182409/Y,n_29352,pin,net
n_29355,u6_mem_reg\[3\]\[21\]/D,net,pin
g182412/Y,n_29355,pin,net
n_29356,u6_mem_reg\[3\]\[22\]/D,net,pin
g182413/Y,n_29356,pin,net
n_29358,u6_mem_reg\[3\]\[23\]/D,net,pin
g182414/Y,n_29358,pin,net
n_29361,g206150/B,net,pin
g182417/Y,n_29361,pin,net
n_29362,g206151/A,net,pin
n_29362,g182422/A,net,pin
n_29362,g182421/C,net,pin
g182419/Y,n_29362,pin,net
n_29364,g193853/A3,net,pin
g182420/Y,n_29364,pin,net
n_29364,g158960/A,net,pin
n_29364,g158065/B2,net,pin
g182421/Y,n_29365,pin,net
n_29365,g155575/B,net,pin
g182422/Y,n_29366,pin,net
n_29366,g172262/A,net,pin
n_294,g166570/B1,net,pin
g159528/Y,n_294,pin,net
n_2940,u1_slt6_reg\[3\]/D,net,pin
g155585/Y,n_2940,pin,net
n_2941,u1_slt4_reg\[3\]/D,net,pin
g157158/Y,n_2941,pin,net
g156687/Y,n_2947,pin,net
n_2947,g153627__169861/C,net,pin
n_2948,u1_slt3_reg\[3\]/D,net,pin
g156722/Y,n_2948,pin,net
n_29495,g202328/A2,net,pin
g182485/Y,n_29495,pin,net
n_29495,g1360/B,net,pin
n_295,g182134/A,net,pin
n_295,g181939/B,net,pin
n_295,g169471/A,net,pin
g159472/Y,n_295,pin,net
n_2950,g173315/B,net,pin
g156636/Y,n_2950,pin,net
n_2950,g156635/A,net,pin
g156632/Y,n_2951,pin,net
n_2951,g156631/A,net,pin
n_2951,g156167/B,net,pin
g156643/Y,n_2952,pin,net
n_2952,g156642/A,net,pin
n_2952,g155580/B2,net,pin
g182517/Y,n_29527,pin,net
n_29527,g154404__182514/B,net,pin
n_29528,u9_din_tmp1_reg\[2\]/D,net,pin
g154404__182514/Y,n_29528,pin,net
g182520/Y,n_29529,pin,net
n_29529,g154405__182519/B,net,pin
g156642/Y,n_2953,pin,net
n_2953,g155580/A2,net,pin
n_29530,u9_din_tmp1_reg\[3\]/D,net,pin
g154405__182519/Y,n_29530,pin,net
g182522/Y,n_29531,pin,net
n_29531,g154417__182521/B,net,pin
n_29532,u9_din_tmp1_reg\[15\]/D,net,pin
g154417__182521/Y,n_29532,pin,net
g182524/Y,n_29533,pin,net
n_29533,g154416__182523/B,net,pin
n_29534,u9_din_tmp1_reg\[14\]/D,net,pin
g154416__182523/Y,n_29534,pin,net
g182534/Y,n_29543,pin,net
n_29543,g154410__182533/B,net,pin
n_29544,u9_din_tmp1_reg\[8\]/D,net,pin
g154410__182533/Y,n_29544,pin,net
g182536/Y,n_29545,pin,net
n_29545,g154409__182535/B,net,pin
n_29546,u9_din_tmp1_reg\[7\]/D,net,pin
g154409__182535/Y,n_29546,pin,net
g182538/Y,n_29547,pin,net
n_29547,g154408__182537/B,net,pin
n_29548,u9_din_tmp1_reg\[6\]/D,net,pin
g154408__182537/Y,n_29548,pin,net
g182540/Y,n_29549,pin,net
n_29549,g154407__182539/B,net,pin
n_2955,u26_ac97_rst__reg/D,net,pin
g156172/Y,n_2955,pin,net
n_29550,u9_din_tmp1_reg\[5\]/D,net,pin
g154407__182539/Y,n_29550,pin,net
g182544/Y,n_29553,pin,net
n_29553,g154402__182543/B,net,pin
n_29554,u9_din_tmp1_reg\[0\]/D,net,pin
g154402__182543/Y,n_29554,pin,net
g182546/Y,n_29555,pin,net
n_29555,g154403__182545/B,net,pin
n_29556,u9_din_tmp1_reg\[1\]/D,net,pin
g154403__182545/Y,n_29556,pin,net
g182548/Y,n_29557,pin,net
n_29557,g154414__182547/B,net,pin
n_29558,u9_din_tmp1_reg\[12\]/D,net,pin
g154414__182547/Y,n_29558,pin,net
n_2956,u9_rp_reg\[2\]/D,net,pin
g156119/Y,n_2956,pin,net
n_2957,u11_rp_reg\[2\]/D,net,pin
g156117/Y,n_2957,pin,net
n_29618,g182607/B,net,pin
g182605/Y,n_29618,pin,net
n_29618,g181765/A,net,pin
n_29619,g214230/A,net,pin
g182607/Y,n_29619,pin,net
n_29619,fopt182608/A,net,pin
n_29621,g213868/B2,net,pin
n_29621,g187540/B2,net,pin
n_29621,g178210/B2,net,pin
n_29621,g178125/B2,net,pin
n_29621,g173313/B2,net,pin
n_29621,g167924/B2,net,pin
n_29621,g167922/B2,net,pin
n_29621,g167919/B2,net,pin
n_29621,g167912/B2,net,pin
n_29621,g167910/B2,net,pin
n_29621,g167909/B2,net,pin
n_29621,g167908/B2,net,pin
n_29621,g167906/B2,net,pin
n_29621,g167898/B2,net,pin
n_29621,g167897/B2,net,pin
n_29621,g167895/B2,net,pin
fopt182608/Y,n_29621,pin,net
n_29630,u5_dout_reg\[16\]/D,net,pin
g182616/Y,n_29630,pin,net
n_2964,g503/B,net,pin
n_2964,g189210/B,net,pin
g156640/Y,n_2964,pin,net
n_2965,g192711/A,net,pin
g155583/Y,n_2965,pin,net
n_29657,g184533/A,net,pin
n_29657,g182632/A,net,pin
g182630/Y,n_29657,pin,net
n_29657,g156161/A,net,pin
n_29658,g182635/B,net,pin
n_29658,g182633/B1,net,pin
g182632/Y,n_29658,pin,net
n_29658,g182631/B,net,pin
n_29659,g192333/B1,net,pin
g182631/Y,n_29659,pin,net
n_29661,u13_occ0_r_reg\[8\]/D,net,pin
g182633/Y,n_29661,pin,net
n_29662,u4_wp_reg\[1\]/D,net,pin
g182635/Y,n_29662,pin,net
g155999/Y,n_2967,pin,net
n_2967,g154862/A2,net,pin
g182658/Y,n_29687,pin,net
n_29687,g182657/A,net,pin
n_29688,g193869/A2,net,pin
g182657/Y,n_29688,pin,net
n_29688,g173024/A,net,pin
n_2974,u1_sr_reg\[5\]/D,net,pin
g157199/Y,n_2974,pin,net
n_2976,u2_sync_resume_reg/D,net,pin
g154846/Y,n_2976,pin,net
n_2977,u12_wb_data_o_reg\[23\]/D,net,pin
g156158/Y,n_2977,pin,net
n_29787,g200650/A,net,pin
n_29787,g186009/A,net,pin
g182756/Y,n_29787,pin,net
n_29790,g215500/A1,net,pin
n_29790,g213866/A1,net,pin
n_29790,g213849/A1,net,pin
n_29790,g186042/A1,net,pin
n_29790,g186041/A1,net,pin
n_29790,g186040/A1,net,pin
n_29790,g186039/A1,net,pin
n_29790,g186038/A1,net,pin
n_29790,g186037/A1,net,pin
n_29790,g186036/A1,net,pin
n_29790,g186034/A1,net,pin
n_29790,g186033/A1,net,pin
n_29790,g186032/A1,net,pin
n_29790,g186031/A1,net,pin
n_29790,g186030/A1,net,pin
n_29790,g186029/A1,net,pin
n_29790,g186028/A1,net,pin
n_29790,g186027/A1,net,pin
n_29790,g186026/A1,net,pin
n_29790,g186025/A1,net,pin
n_29790,g186023/A1,net,pin
n_29790,g186022/A2,net,pin
n_29790,g186021/A1,net,pin
n_29790,g186020/A2,net,pin
n_29790,g186019/A1,net,pin
n_29790,g186018/A1,net,pin
n_29790,g186017/A1,net,pin
n_29790,g186016/A1,net,pin
n_29790,g186015/A1,net,pin
n_29790,g186014/A1,net,pin
n_29790,g186012/A1,net,pin
n_29790,g186010/A1,net,pin
g182759/Y,n_29790,pin,net
n_2980,g183007/A,net,pin
n_2980,g170033/A1,net,pin
g156167/Y,n_2980,pin,net
n_2983,u3_wp_reg\[0\]/D,net,pin
g156163/Y,n_2983,pin,net
n_2984,u8_wp_reg\[0\]/D,net,pin
g156162/Y,n_2984,pin,net
n_2985,u4_wp_reg\[0\]/D,net,pin
g156161/Y,n_2985,pin,net
n_29874,u10_dout_reg\[23\]/D,net,pin
g291/Y,n_29874,pin,net
n_29881,g186656/A,net,pin
n_29881,g182848/A,net,pin
g182846/Y,n_29881,pin,net
n_29883,g186658/A,net,pin
n_29883,g186649/A,net,pin
n_29883,g186614/A,net,pin
n_29883,g186599/A,net,pin
n_29883,g182878/A,net,pin
n_29883,g182874/A,net,pin
n_29883,g182872/A,net,pin
n_29883,g182870/A,net,pin
n_29883,g182868/A,net,pin
n_29883,g182866/A,net,pin
n_29883,g182862/A,net,pin
n_29883,g182860/A,net,pin
n_29883,g182854/A,net,pin
n_29883,g182852/A,net,pin
g182848/Y,n_29883,pin,net
n_29883,g182847/A,net,pin
g182847/Y,n_29884,pin,net
n_29884,g182844/B,net,pin
n_29885,u10_din_tmp1_reg\[10\]/D,net,pin
g182844/Y,n_29885,pin,net
g182852/Y,n_29888,pin,net
n_29888,g182851/B,net,pin
n_29889,u10_din_tmp1_reg\[1\]/D,net,pin
g182851/Y,n_29889,pin,net
g182854/Y,n_29890,pin,net
n_29890,g182853/B,net,pin
n_29891,u10_din_tmp1_reg\[4\]/D,net,pin
g182853/Y,n_29891,pin,net
g182860/Y,n_29896,pin,net
n_29896,g182859/B,net,pin
n_29897,u10_din_tmp1_reg\[5\]/D,net,pin
g182859/Y,n_29897,pin,net
g182862/Y,n_29898,pin,net
n_29898,g182861/B,net,pin
n_29899,u10_din_tmp1_reg\[13\]/D,net,pin
g182861/Y,n_29899,pin,net
n_2990,g178127/B,net,pin
g156634/Y,n_2990,pin,net
n_2990,g156633/A,net,pin
g182866/Y,n_29902,pin,net
n_29902,g182865/B,net,pin
n_29903,u10_din_tmp1_reg\[9\]/D,net,pin
g182865/Y,n_29903,pin,net
g182868/Y,n_29904,pin,net
n_29904,g182867/B,net,pin
n_29905,u10_din_tmp1_reg\[2\]/D,net,pin
g182867/Y,n_29905,pin,net
g182870/Y,n_29906,pin,net
n_29906,g182869/B,net,pin
n_29907,u10_din_tmp1_reg\[15\]/D,net,pin
g182869/Y,n_29907,pin,net
g182872/Y,n_29908,pin,net
n_29908,g182871/B,net,pin
n_29909,u10_din_tmp1_reg\[14\]/D,net,pin
g182871/Y,n_29909,pin,net
g182874/Y,n_29910,pin,net
n_29910,g182873/B,net,pin
n_29911,u10_din_tmp1_reg\[7\]/D,net,pin
g182873/Y,n_29911,pin,net
g182878/Y,n_29914,pin,net
n_29914,g182877/B,net,pin
n_29915,u10_din_tmp1_reg\[3\]/D,net,pin
g182877/Y,n_29915,pin,net
n_29934,g192711/B,net,pin
g182896/Y,n_29934,pin,net
n_29934,g181964/A,net,pin
n_29934,g175268/C,net,pin
n_29934,g172269/B,net,pin
n_29934,g172267/A,net,pin
n_29934,g172266/A,net,pin
n_29934,g172264/A,net,pin
n_29938,u16_u7_dma_req_r1_reg/D,net,pin
g182899/Y,n_29938,pin,net
n_29939,u24_int_set_reg\[0\]/D,net,pin
g182901/Y,n_29939,pin,net
n_29940,u10_rp_reg\[1\]/D,net,pin
g182902/Y,n_29940,pin,net
n_29948,u6_dout_reg\[15\]/D,net,pin
g153639__182909/Y,n_29948,pin,net
n_29949,u6_dout_reg\[7\]/D,net,pin
g182911/Y,n_29949,pin,net
n_29953,g157630/A1,net,pin
fopt182915/Y,n_29953,pin,net
n_29970,u6_dout_reg\[6\]/D,net,pin
g519/Y,n_29970,pin,net
g159412/Y,n_3,pin,net
n_3,g158148/B1,net,pin
g183007/Y,n_30059,pin,net
n_30059,g183006/A1,net,pin
n_30059,g173216/A2,net,pin
g183008/Y,n_30060,pin,net
n_30060,g183006/A2,net,pin
n_30060,g173216/A1,net,pin
g183009/Y,n_30061,pin,net
n_30061,g183006/B,net,pin
n_30061,g173216/B,net,pin
g183006/Y,n_30062,pin,net
n_30062,g153386__176754/A1,net,pin
n_30078,g212655/A,net,pin
n_30078,g188525/B2,net,pin
n_30078,g187708/B2,net,pin
n_30078,g186389/B2,net,pin
g183025/Y,n_30078,pin,net
n_30078,g181281/A,net,pin
n_30078,g177160/A,net,pin
n_30078,g177159/A,net,pin
n_30078,g169027/B2,net,pin
n_30078,g162476/B,net,pin
n_30078,g158819/B2,net,pin
n_30078,g158803/B2,net,pin
n_30078,g158792/B2,net,pin
n_30078,g158786/B2,net,pin
n_30078,g158784/B2,net,pin
n_30078,g158782/B2,net,pin
n_30078,g158775/B2,net,pin
n_30078,g158771/B1,net,pin
n_30078,g158768/B2,net,pin
n_30078,g158760/B2,net,pin
n_30078,g158758/B2,net,pin
n_30078,g158753/B2,net,pin
n_30078,g158738/B2,net,pin
n_30078,g158734/B2,net,pin
n_30078,g158728/B2,net,pin
n_30078,g158721/B2,net,pin
n_301,g184898/B1,net,pin
n_301,g171437/B2,net,pin
g159500/Y,n_301,pin,net
n_30235,u4_mem_reg\[3\]\[30\]/D,net,pin
g183172/Y,n_30235,pin,net
n_30247,u4_mem_reg\[3\]\[29\]/D,net,pin
g53/Y,n_30247,pin,net
g54/Y,n_30253,pin,net
n_30253,g53/A1,net,pin
n_30253,g215507/A2,net,pin
n_30253,g183188/A2,net,pin
n_30253,g179390/A1,net,pin
n_30253,g179388/A1,net,pin
n_30253,g179385/A1,net,pin
n_30253,g166777/A1,net,pin
n_30253,g166773/A1,net,pin
n_30253,g166772/A1,net,pin
n_30253,g166771/A1,net,pin
n_30253,g155776/A2,net,pin
n_30253,g155773/A2,net,pin
n_30253,g155771/A2,net,pin
n_30253,g155768/A1,net,pin
n_30253,g155762/A2,net,pin
n_30253,g155760/A1,net,pin
n_30254,u4_mem_reg\[3\]\[10\]/D,net,pin
g183188/Y,n_30254,pin,net
n_303,g549/E,net,pin
n_303,g175895/A1,net,pin
g159490/Y,n_303,pin,net
g183256/Y,n_30330,pin,net
n_30330,g183255/B,net,pin
g183257/Y,n_30331,pin,net
n_30331,g183255/C,net,pin
n_30332,g185125/A1,net,pin
g183255/Y,n_30332,pin,net
n_30357,u6_dout_reg\[14\]/D,net,pin
g126/Y,n_30357,pin,net
g183362/Y,n_30452,pin,net
n_30452,g178797/B,net,pin
n_30452,g176041_dup/B,net,pin
n_30453,g186110/B,net,pin
n_30453,g186104/A,net,pin
g183363/Y,n_30453,pin,net
n_30469,g194040/D,net,pin
g183375/Y,n_30469,pin,net
n_30471,g194040/B,net,pin
g183377/Y,n_30471,pin,net
n_30472,g194040/A,net,pin
g183378/Y,n_30472,pin,net
g44/Y,n_30483,pin,net
n_30483,g196171/B1,net,pin
n_30483,g153952__182095/A1,net,pin
n_30483,g153314__8428/A2,net,pin
n_30483,g153290__5526/A1,net,pin
n_306,g172013/A,net,pin
n_306,g172012/B,net,pin
g159502/Y,n_306,pin,net
n_30616,g194062/B,net,pin
g183511/Y,n_30616,pin,net
g156001/Y,n_3063,pin,net
n_3063,g154785/A2,net,pin
n_307,g214954/B1,net,pin
g159517/Y,n_307,pin,net
n_307,g156986/A2,net,pin
n_3077,u7_wp_reg\[2\]/D,net,pin
g155575/Y,n_3077,pin,net
n_3081,u3_wp_reg\[2\]/D,net,pin
g155573/Y,n_3081,pin,net
n_310,g184903/B1,net,pin
g159481/Y,n_310,pin,net
g183902/Y,n_31056,pin,net
n_31056,g183901/A,net,pin
g183903/Y,n_31057,pin,net
n_31057,g183901/B,net,pin
g183901/Y,n_31058,pin,net
n_31058,g153835__6131/A2,net,pin
n_31058,g119/A,net,pin
n_31078,g202325/A2,net,pin
g183923/Y,n_31078,pin,net
n_31107,g224210/A,net,pin
g183946/Y,n_31107,pin,net
n_31107,g183377/A,net,pin
n_31107,g157736/A,net,pin
g183968/Y,n_31127,pin,net
n_31127,g183967/A1,net,pin
g183969/Y,n_31128,pin,net
n_31128,g183967/B,net,pin
n_31129,u16_u2_dma_req_reg/D,net,pin
g183967/Y,n_31129,pin,net
g184027/Y,n_31190,pin,net
n_31190,g184025/B,net,pin
n_31191,u8_rp_reg\[3\]/D,net,pin
g184025/Y,n_31191,pin,net
n_312,g184884/B1,net,pin
n_312,g163172/B1,net,pin
g159533/Y,n_312,pin,net
n_31227,g184059/A,net,pin
g184057/Y,n_31227,pin,net
n_31227,g159502/A,net,pin
n_31228,g186735/A,net,pin
g184059/Y,n_31228,pin,net
n_31272,u16_u6_dma_req_r1_reg/D,net,pin
n_31272,g70/A,net,pin
g184089/Y,n_31272,pin,net
g70/Y,n_31273,pin,net
n_31273,g181757/A1,net,pin
g184114/Y,n_31311,pin,net
n_31311,g181397/B,net,pin
g26/Y,n_31396,pin,net
n_31396,g184164/B,net,pin
g184164/Y,n_31397,pin,net
n_31397,g156157/A2,net,pin
n_31445,g192278/A,net,pin
g184212/Y,n_31445,pin,net
n_31445,g157749/A,net,pin
n_31445,g157483/B,net,pin
n_31455,u8_empty_reg/D,net,pin
g184219/Y,n_31455,pin,net
n_31460,g89/B2,net,pin
n_31460,g199410/B2,net,pin
n_31460,g191977/A2,net,pin
n_31460,g191976/A2,net,pin
n_31460,g171397/B2,net,pin
n_31460,g171394/B2,net,pin
n_31460,g171085/A2,net,pin
n_31460,g165999/B2,net,pin
fopt184226/Y,n_31460,pin,net
n_31464,g97/A1,net,pin
n_31464,g214948/A2,net,pin
n_31464,g213856/B1,net,pin
n_31464,g191975/A2,net,pin
n_31464,g191974/A2,net,pin
n_31464,g191973/A2,net,pin
n_31464,g170754/B2,net,pin
n_31464,g166099/B2,net,pin
fopt184227/Y,n_31464,pin,net
n_31534,g26/A,net,pin
n_31534,g188567/A2,net,pin
n_31534,g187553/B,net,pin
g184294/Y,n_31534,pin,net
n_31535,g91/A2,net,pin
n_31535,g211606/B,net,pin
n_31535,g207849/A,net,pin
n_31535,g207848/A2,net,pin
n_31535,g193485/B,net,pin
n_31535,g188567/A1,net,pin
g184295/Y,n_31535,pin,net
n_31535,g181895/B,net,pin
n_31535,g181894/B1,net,pin
n_31535,g175813/B,net,pin
n_31535,g175811/A,net,pin
n_31535,g168648/A,net,pin
g184298/Y,n_31538,pin,net
n_31538,g176941/C,net,pin
g159421/Y,n_31561,pin,net
n_31561,g157290/B,net,pin
g184324/Y,n_31579,pin,net
n_31579,g181550/A,net,pin
n_31579,g159183/B,net,pin
g300/Y,n_31581,pin,net
n_31581,g186702/B,net,pin
n_31581,g169494/A,net,pin
n_316,g163647/B,net,pin
g159541/Y,n_316,pin,net
n_316,g159540/A,net,pin
n_317,g184904/B1,net,pin
g159540/Y,n_317,pin,net
n_31720,g197007/B1,net,pin
g184483/Y,n_31720,pin,net
n_31720,g172431/B1,net,pin
n_31720,g153940__9945/A2,net,pin
n_31720,g153939__9315/A2,net,pin
n_31720,g153938__4733/A2,net,pin
n_31720,g153937__7482/A2,net,pin
n_31720,g153936__1881/A2,net,pin
n_31720,g153935__6131/A2,net,pin
n_31720,g153934__8246/A1,net,pin
n_31720,g153933__5122/A2,net,pin
n_31720,g153932__2802/A2,net,pin
n_31720,g153931__1617/A2,net,pin
n_31720,g153930__3680/A2,net,pin
n_31720,g153929__5526/A2,net,pin
n_31720,g153577__6417/A2,net,pin
n_31720,g153576__7410/A1,net,pin
n_31720,g153575__1666/A1,net,pin
n_31720,g153574__2883/A2,net,pin
n_31720,g153573__9945/A2,net,pin
n_31720,g153572__9315/A2,net,pin
n_31720,g153571__6161/A2,net,pin
n_31720,g153570__178343/A2,net,pin
n_31720,g153569__7482/A2,net,pin
n_31720,g153568__5115/A2,net,pin
n_31720,g153567__1881/A2,net,pin
n_31720,g153566__6131/A2,net,pin
n_31720,g153565__7098/A2,net,pin
n_31720,g153564__8246/A2,net,pin
n_31720,g153563__5122/A2,net,pin
n_31720,g153562__1705/A1,net,pin
n_31720,g153561__2802/A1,net,pin
n_31720,g153559__3680/A2,net,pin
g184487/Y,n_31724,pin,net
n_31724,drc_bufs164466/A,net,pin
g184489/Y,n_31726,pin,net
n_31726,g168986/A2,net,pin
g184495/Y,n_31732,pin,net
n_31732,g171442/B,net,pin
n_31733,g472/B2,net,pin
g184496/Y,n_31733,pin,net
n_31740,u16_u3_dma_req_r1_reg/D,net,pin
g184503/Y,n_31740,pin,net
n_31741,g214943/B1,net,pin
g184504/Y,n_31741,pin,net
n_31741,g169555/B1,net,pin
n_31741,g169553/B1,net,pin
n_31741,g169550/B1,net,pin
n_31741,g169549/B1,net,pin
n_31741,g169545/B1,net,pin
n_31741,g169543/B1,net,pin
n_31741,g169542/B1,net,pin
n_31741,g169540/B1,net,pin
n_31741,g166297/B1,net,pin
n_31741,g166128/B1,net,pin
n_31741,g166051/B1,net,pin
n_31741,g165918/B2,net,pin
n_31741,g165864/B2,net,pin
n_31741,g165555/B2,net,pin
n_31741,g165409/B1,net,pin
g184505/Y,n_31742,pin,net
n_31742,g178060/B,net,pin
g184506/Y,n_31743,pin,net
n_31743,g178081/B,net,pin
n_31747,g291/B,net,pin
g184510/Y,n_31747,pin,net
g184511/Y,n_31748,pin,net
n_31748,g153760__193866/B1,net,pin
g184513/Y,n_31750,pin,net
n_31750,g171722/A,net,pin
g184517/Y,n_31754,pin,net
n_31754,g176941/B,net,pin
n_31770,g192333/A1,net,pin
g184533/Y,n_31770,pin,net
g184540/Y,n_31777,pin,net
n_31777,g171189/A2,net,pin
n_31777,g153818__168287/A1,net,pin
n_31777,g153798__182071/A1,net,pin
n_31777,g153433__8428/A1,net,pin
g184542/Y,n_31779,pin,net
n_31779,g181634/A1,net,pin
n_31779,g172560/A2,net,pin
n_31779,g153803__182081/A1,net,pin
n_31779,g153347__6783/A2,net,pin
g184544/Y,n_31781,pin,net
n_31781,g172860/A2,net,pin
n_31781,g153821__168285/A1,net,pin
n_31781,g153801__182083/A1,net,pin
n_31781,g153436__3680/A1,net,pin
g184549/Y,n_31786,pin,net
n_31786,g175968/A1,net,pin
n_31786,g154092__198348/A1,net,pin
n_31786,g153859__4319/A2,net,pin
n_31786,g153774__178442/A2,net,pin
n_31795,g291/A,net,pin
g184558/Y,n_31795,pin,net
n_31801,g196916/A,net,pin
g184562/Y,n_31801,pin,net
n_31801,g179532/B,net,pin
g184582/Y,n_31821,pin,net
n_31821,g166239/B,net,pin
g184595/Y,n_31834,pin,net
n_31834,g173006/B,net,pin
g184605/Y,n_31844,pin,net
n_31844,g182370/A,net,pin
n_31844,g180443/C,net,pin
n_31844,fopt178822/A,net,pin
g49/Y,n_31849,pin,net
n_31849,g184610/A,net,pin
n_31850,g64/B,net,pin
n_31850,g63/B,net,pin
g184610/Y,n_31850,pin,net
n_31850,fopt184619/A,net,pin
n_31863,g153843__5477/A1,net,pin
n_31863,g153599__2346/A1,net,pin
n_31863,g153585__5526/A1,net,pin
n_31863,g153584__6783/A1,net,pin
fopt/Y,n_31863,pin,net
g184614/Y,n_31864,pin,net
n_31864,g184613/C,net,pin
n_31865,u3_dout_reg\[14\]/D,net,pin
g184613/Y,n_31865,pin,net
g184616/Y,n_31866,pin,net
n_31866,g184615/C,net,pin
n_31867,u3_dout_reg\[15\]/D,net,pin
g184615/Y,n_31867,pin,net
n_31869,g154000__189844/A2,net,pin
fopt184617/Y,n_31869,pin,net
n_31869,fopt167964/A,net,pin
g32/Y,n_31870,pin,net
n_31870,g170089/B,net,pin
g33/Y,n_31871,pin,net
n_31871,g197985/A,net,pin
n_31872,g154321__6260/A1,net,pin
n_31872,g153996__4733/A1,net,pin
fopt184619/Y,n_31872,pin,net
n_3188,g215501/A1,net,pin
n_3188,g213836/A1,net,pin
n_3188,g166529/A1,net,pin
n_3188,g166505/A1,net,pin
n_3188,g166301/A1,net,pin
n_3188,g166277/A1,net,pin
n_3188,g166135/A1,net,pin
n_3188,g166110/A1,net,pin
n_3188,g166084/A1,net,pin
n_3188,g166058/A1,net,pin
n_3188,g166007/A1,net,pin
n_3188,g165980/A1,net,pin
n_3188,g165953/A1,net,pin
n_3188,g165897/A1,net,pin
n_3188,g165870/A1,net,pin
n_3188,g165843/A1,net,pin
n_3188,g165816/A1,net,pin
n_3188,g165793/A1,net,pin
n_3188,g165765/A1,net,pin
n_3188,g165736/A1,net,pin
n_3188,g165708/A1,net,pin
n_3188,g165679/A1,net,pin
n_3188,g165650/A1,net,pin
n_3188,g165590/A1,net,pin
n_3188,g165563/A1,net,pin
n_3188,g165535/A1,net,pin
n_3188,g165506/A1,net,pin
n_3188,g165476/A1,net,pin
n_3188,g165447/A1,net,pin
n_3188,g165417/A1,net,pin
n_3188,g165388/A1,net,pin
n_3188,g165359/A1,net,pin
g157188/Y,n_3188,pin,net
n_31886,g189100/C1,net,pin
fopt2/Y,n_31886,pin,net
n_31888,g184630/A,net,pin
g184622/Y,n_31888,pin,net
n_31888,g159072/A,net,pin
n_31888,fopt212222/A,net,pin
g184623/Y,n_31890,pin,net
n_31890,g184212/A,net,pin
g184625/Y,n_31891,pin,net
n_31891,g180246/A,net,pin
g184626/Y,n_31892,pin,net
n_31892,g175146/A,net,pin
n_31895,g212119/B2,net,pin
n_31895,g205401/A2,net,pin
n_31895,g205400/A1,net,pin
n_31895,g205398/A1,net,pin
n_31895,g198008/A,net,pin
g184630/Y,n_31895,pin,net
n_319,g184892/B1,net,pin
g159544/Y,n_319,pin,net
g184634/Y,n_31900,pin,net
n_31900,g157898/B,net,pin
g184641/Y,n_31907,pin,net
n_31907,g1369/A,net,pin
n_31907,g1365/A,net,pin
n_321,g184513/A,net,pin
g159598/Y,n_321,pin,net
n_321,g157298/A2,net,pin
g184752/Y,n_32162,pin,net
n_32162,g184750/B,net,pin
n_32162,g172167/A,net,pin
n_32162,g172166_dup/A,net,pin
n_32163,g213841/A2,net,pin
g184750/Y,n_32163,pin,net
n_32163,g166291/A1,net,pin
n_32163,g166272/A1,net,pin
n_32163,g166126/A2,net,pin
n_32163,g166100/A2,net,pin
n_32163,g166049/A2,net,pin
n_32163,g166000/A2,net,pin
n_32163,g165890/A2,net,pin
n_32163,g165861/A2,net,pin
n_32163,g165784/A2,net,pin
n_32163,g165640/A2,net,pin
n_32163,g165525/A2,net,pin
n_32163,g165496/A2,net,pin
n_32163,g165437/A2,net,pin
n_32163,g165407/A2,net,pin
n_32163,g165350/A2,net,pin
n_32163,g155827/A2,net,pin
n_32164,g215505/A2,net,pin
n_32164,g213853/A2,net,pin
g172166_dup/Y,n_32164,pin,net
n_32164,g172165/A1,net,pin
n_32164,g166075/A2,net,pin
n_32164,g165974/A2,net,pin
n_32164,g165945/A2,net,pin
n_32164,g165834/A2,net,pin
n_32164,g165807/A2,net,pin
n_32164,g165755/A2,net,pin
n_32164,g165727/A2,net,pin
n_32164,g165698/A2,net,pin
n_32164,g165669/A2,net,pin
n_32164,g165582/A2,net,pin
n_32164,g165467/A2,net,pin
n_32164,g165378/A2,net,pin
n_32164,g155828/A2,net,pin
n_32299,g224147/A,net,pin
g184861/Y,n_32299,pin,net
n_32299,g179917/A,net,pin
n_32299,g154290__179919_dup/A,net,pin
n_32300,g224147/B,net,pin
n_32300,g185961/B,net,pin
g184862/Y,n_32300,pin,net
n_32300,g154290__179919_dup/B,net,pin
n_32302,g156/B2,net,pin
g154290__179919_dup/Y,n_32302,pin,net
n_32302,g153964__7410/B2,net,pin
n_32302,g153963__1666/B2,net,pin
n_32302,g153960__9945/B2,net,pin
n_32302,g153959__9315/B2,net,pin
n_32302,g153956__7482/B2,net,pin
n_32302,g153954__1881/B2,net,pin
n_32302,g153870__5115/B2,net,pin
n_32302,g153869__167224/B2,net,pin
n_32302,g153868__6131/B2,net,pin
n_32302,g153867__7098/B2,net,pin
n_32302,g153866__8246/B1,net,pin
n_32302,g153865__5122/B2,net,pin
n_32302,g153864__1705/B2,net,pin
n_32302,g153863__2802/B2,net,pin
n_32302,g153862__6417/B2,net,pin
n_32317,g184875/B,net,pin
g184873/Y,n_32317,pin,net
n_32317,g163649/A,net,pin
n_32317,g163648_dup/B,net,pin
n_32317,g163647/A,net,pin
n_32317,g163646/A,net,pin
g184876/Y,n_32318,pin,net
n_32318,g184875/A,net,pin
n_32318,g163648_dup/A,net,pin
n_32319,g213848/B2,net,pin
n_32319,g184890/B2,net,pin
n_32319,g184889/B2,net,pin
n_32319,g184888/B2,net,pin
n_32319,g184887/B2,net,pin
n_32319,g184886/B2,net,pin
n_32319,g184884/B2,net,pin
n_32319,g184883/B2,net,pin
n_32319,g184882/B2,net,pin
n_32319,g184881/B2,net,pin
n_32319,g184880/B2,net,pin
n_32319,g184879/B2,net,pin
n_32319,g184878/B2,net,pin
n_32319,g184877/B2,net,pin
g184875/Y,n_32319,pin,net
n_32319,g184874/B2,net,pin
n_32320,u13_intm_r_reg\[11\]/D,net,pin
g184874/Y,n_32320,pin,net
n_32321,u13_intm_r_reg\[0\]/D,net,pin
g184877/Y,n_32321,pin,net
n_32322,u13_intm_r_reg\[1\]/D,net,pin
g184878/Y,n_32322,pin,net
n_32323,u13_intm_r_reg\[27\]/D,net,pin
g184879/Y,n_32323,pin,net
n_32324,u13_intm_r_reg\[26\]/D,net,pin
g184880/Y,n_32324,pin,net
n_32325,u13_intm_r_reg\[25\]/D,net,pin
g184881/Y,n_32325,pin,net
n_32326,u13_intm_r_reg\[24\]/D,net,pin
g184882/Y,n_32326,pin,net
n_32327,u13_intm_r_reg\[28\]/D,net,pin
g184883/Y,n_32327,pin,net
n_32328,u13_intm_r_reg\[23\]/D,net,pin
g184884/Y,n_32328,pin,net
n_32330,u13_intm_r_reg\[21\]/D,net,pin
g184886/Y,n_32330,pin,net
n_32331,u13_intm_r_reg\[20\]/D,net,pin
g184887/Y,n_32331,pin,net
n_32332,u13_intm_r_reg\[19\]/D,net,pin
g184888/Y,n_32332,pin,net
n_32333,u13_intm_r_reg\[18\]/D,net,pin
g184889/Y,n_32333,pin,net
n_32334,u13_intm_r_reg\[17\]/D,net,pin
g184890/Y,n_32334,pin,net
n_32335,g214954/B2,net,pin
n_32335,g213865/B2,net,pin
n_32335,g198087/B2,net,pin
n_32335,g184904/B2,net,pin
n_32335,g184903/B2,net,pin
n_32335,g184901/B2,net,pin
n_32335,g184900/B2,net,pin
n_32335,g184899/B2,net,pin
n_32335,g184898/B2,net,pin
n_32335,g184896/B2,net,pin
n_32335,g184894/B2,net,pin
n_32335,g184893/B2,net,pin
n_32335,g184892/B2,net,pin
n_32335,g184891/B2,net,pin
g163648_dup/Y,n_32335,pin,net
n_32336,u13_intm_r_reg\[16\]/D,net,pin
g184891/Y,n_32336,pin,net
n_32337,u13_intm_r_reg\[13\]/D,net,pin
g184892/Y,n_32337,pin,net
n_32338,u13_intm_r_reg\[5\]/D,net,pin
g184893/Y,n_32338,pin,net
n_32339,u13_intm_r_reg\[12\]/D,net,pin
g184894/Y,n_32339,pin,net
n_32341,u13_intm_r_reg\[9\]/D,net,pin
g184896/Y,n_32341,pin,net
n_32343,u13_intm_r_reg\[8\]/D,net,pin
g184898/Y,n_32343,pin,net
n_32344,u13_intm_r_reg\[2\]/D,net,pin
g184899/Y,n_32344,pin,net
n_32345,u13_intm_r_reg\[7\]/D,net,pin
g184900/Y,n_32345,pin,net
n_32346,u13_intm_r_reg\[15\]/D,net,pin
g184901/Y,n_32346,pin,net
n_32348,u13_intm_r_reg\[6\]/D,net,pin
g184903/Y,n_32348,pin,net
n_32349,u13_intm_r_reg\[3\]/D,net,pin
g184904/Y,n_32349,pin,net
g184935/Y,n_32381,pin,net
n_32381,g168964/A,net,pin
n_32381,fopt184937/A,net,pin
n_32381,fopt176651_dup/A,net,pin
n_32382,g184950/B1,net,pin
n_32382,g184949/B1,net,pin
n_32382,g184948/B1,net,pin
n_32382,g184947/B1,net,pin
n_32382,g184946/B1,net,pin
n_32382,g184945/B1,net,pin
n_32382,g184944/B1,net,pin
n_32382,g184943/B1,net,pin
n_32382,g184942/B1,net,pin
n_32382,g184941/B1,net,pin
n_32382,g184940/B1,net,pin
n_32382,g184939/B1,net,pin
n_32382,g184938/B1,net,pin
n_32382,g184936/B1,net,pin
fopt184937/Y,n_32382,pin,net
g184936/Y,n_32383,pin,net
n_32383,g157799/A,net,pin
g184938/Y,n_32384,pin,net
n_32384,g157793/A,net,pin
g184939/Y,n_32385,pin,net
n_32385,g157783/A,net,pin
g184940/Y,n_32386,pin,net
n_32386,g157797/A,net,pin
g184941/Y,n_32387,pin,net
n_32387,g157785/A,net,pin
g184942/Y,n_32388,pin,net
n_32388,g157811/A,net,pin
g184943/Y,n_32389,pin,net
n_32389,g157784/A,net,pin
g184944/Y,n_32390,pin,net
n_32390,g157812/A,net,pin
g184945/Y,n_32391,pin,net
n_32391,g157804/A,net,pin
g184946/Y,n_32392,pin,net
n_32392,g157800/A,net,pin
g184947/Y,n_32393,pin,net
n_32393,g157786/A,net,pin
g184948/Y,n_32394,pin,net
n_32394,g157807/A,net,pin
g184949/Y,n_32395,pin,net
n_32395,g157791/A,net,pin
g184950/Y,n_32396,pin,net
n_32396,g157806/A,net,pin
g184951/Y,n_32398,pin,net
n_32398,g157810/A,net,pin
g184952/Y,n_32399,pin,net
n_32399,g157788/A,net,pin
g184953/Y,n_32400,pin,net
n_32400,g157813/A,net,pin
g184954/Y,n_32401,pin,net
n_32401,g157866/A,net,pin
g184955/Y,n_32402,pin,net
n_32402,g157787/A,net,pin
g184956/Y,n_32403,pin,net
n_32403,g157802/A,net,pin
g184957/Y,n_32404,pin,net
n_32404,g157795/A,net,pin
g184958/Y,n_32405,pin,net
n_32405,g157808/A,net,pin
g184959/Y,n_32406,pin,net
n_32406,g157794/A,net,pin
g184960/Y,n_32407,pin,net
n_32407,g157809/A,net,pin
g184961/Y,n_32408,pin,net
n_32408,g157792/A,net,pin
g184962/Y,n_32409,pin,net
n_32409,g157790/A,net,pin
g184963/Y,n_32410,pin,net
n_32410,g157798/A,net,pin
g184964/Y,n_32411,pin,net
n_32411,g157782/A,net,pin
n_32582,g455/A2,net,pin
n_32582,g186849/A2,net,pin
n_32582,g185129/A2,net,pin
n_32582,g185127/A2,net,pin
n_32582,g185125/A2,net,pin
n_32582,g185123/A1,net,pin
n_32582,g185120/A2,net,pin
n_32582,g185119/A2,net,pin
n_32582,g185115/A2,net,pin
g185112/Y,n_32582,pin,net
n_32582,g154171__185111/A,net,pin
n_32582,g153760__193866/A1,net,pin
n_32582,g153624__185113/A1,net,pin
n_32582,g153619__185121/A1,net,pin
n_32582,g153618__185117/A2,net,pin
n_32582,g153611__185128/B1,net,pin
n_32582,drc_bufs15/A,net,pin
n_32583,g200463/C,net,pin
g154171__185111/Y,n_32583,pin,net
n_32584,u4_dout_reg\[9\]/D,net,pin
g153624__185113/Y,n_32584,pin,net
n_32585,g212239/A2,net,pin
n_32585,g185116/A2,net,pin
n_32585,g153677__185118/A2,net,pin
drc_bufs15/Y,n_32585,pin,net
n_32587,u4_dout_reg\[11\]/D,net,pin
g185115/Y,n_32587,pin,net
n_32588,u4_dout_reg\[12\]/D,net,pin
g185116/Y,n_32588,pin,net
n_32589,u4_dout_reg\[17\]/D,net,pin
g153618__185117/Y,n_32589,pin,net
n_32590,u4_dout_reg\[8\]/D,net,pin
g153677__185118/Y,n_32590,pin,net
n_32591,u4_dout_reg\[7\]/D,net,pin
g185119/Y,n_32591,pin,net
n_32592,u4_dout_reg\[6\]/D,net,pin
g185120/Y,n_32592,pin,net
n_32593,u4_dout_reg\[16\]/D,net,pin
g153619__185121/Y,n_32593,pin,net
n_32595,u4_dout_reg\[15\]/D,net,pin
g185123/Y,n_32595,pin,net
n_32597,u4_dout_reg\[13\]/D,net,pin
g185125/Y,n_32597,pin,net
n_32599,u4_dout_reg\[14\]/D,net,pin
g185127/Y,n_32599,pin,net
n_32600,u4_dout_reg\[4\]/D,net,pin
g153611__185128/Y,n_32600,pin,net
n_32601,u4_dout_reg\[19\]/D,net,pin
g185129/Y,n_32601,pin,net
n_32644,g222740/B2,net,pin
n_32644,g212613/A1,net,pin
n_32644,g197605/A1,net,pin
n_32644,g179684/A2,net,pin
n_32644,g178285/A2,net,pin
n_32644,g176265/B1,net,pin
n_32644,g172340/A1,net,pin
n_32644,g169541/A1,net,pin
n_32644,g168490/A1,net,pin
n_32644,g167890/A2,net,pin
n_32644,g165359/A2,net,pin
n_32644,g165355/A2,net,pin
fopt185166/Y,n_32644,pin,net
n_32650,g199410/A1,net,pin
n_32650,g184903/A1,net,pin
n_32650,g178167/B1,net,pin
n_32650,g167910/A2,net,pin
n_32650,g155733/A1,net,pin
fopt185167/Y,n_32650,pin,net
n_3285,g215506/A1,net,pin
n_3285,g213860/A1,net,pin
n_3285,g166531/A1,net,pin
n_3285,g166504/A1,net,pin
n_3285,g166300/A1,net,pin
n_3285,g166262/A1,net,pin
n_3285,g166132/A1,net,pin
n_3285,g166106/A1,net,pin
n_3285,g166081/A1,net,pin
n_3285,g166055/A1,net,pin
n_3285,g166006/A1,net,pin
n_3285,g165965/A1,net,pin
n_3285,g165951/A1,net,pin
n_3285,g165922/A1,net,pin
n_3285,g165895/A1,net,pin
n_3285,g165868/A1,net,pin
n_3285,g165840/A1,net,pin
n_3285,g165813/A1,net,pin
n_3285,g165790/A1,net,pin
n_3285,g165762/A1,net,pin
n_3285,g165733/A1,net,pin
n_3285,g165705/A1,net,pin
n_3285,g165676/A1,net,pin
n_3285,g165647/A1,net,pin
n_3285,g165593/A1,net,pin
n_3285,g165532/A1,net,pin
n_3285,g165503/A1,net,pin
n_3285,g165474/A1,net,pin
n_3285,g165444/A1,net,pin
n_3285,g165414/A1,net,pin
n_3285,g165385/A1,net,pin
n_3285,g165356/A1,net,pin
g157194/Y,n_3285,pin,net
n_329,g198257/A,net,pin
g159903/Y,n_329,pin,net
n_32916,g216461/B1,net,pin
n_32916,g212601/A1,net,pin
n_32916,g198599/A3,net,pin
n_32916,g182412/A1,net,pin
n_32916,g179692/A2,net,pin
n_32916,g178803/A1,net,pin
n_32916,g169553/A1,net,pin
n_32916,g166774/A2,net,pin
n_32916,g165899/A1,net,pin
n_32916,g165897/A2,net,pin
n_32916,g165895/A2,net,pin
n_32916,g165889/A1,net,pin
n_32916,g165887/A2,net,pin
fopt185394/Y,n_32916,pin,net
n_33,g183969/B,net,pin
n_33,drc_bufs164601/A,net,pin
drc_bufs164405/Y,n_33,pin,net
n_330,g212105/B,net,pin
n_330,g193622/B,net,pin
n_330,g191487/B,net,pin
n_330,g188414/A2,net,pin
n_330,g172898/A2,net,pin
n_330,g172542/A2,net,pin
n_330,g172208/B1,net,pin
n_330,g172207/B2,net,pin
n_330,g172206/B2,net,pin
n_330,g172202/A2,net,pin
g159915/Y,n_330,pin,net
n_330,g159913/A,net,pin
n_330,g156976/A,net,pin
n_33024,g216463/B1,net,pin
n_33024,g212602/A1,net,pin
n_33024,g197673/A1,net,pin
n_33024,g179696/A2,net,pin
n_33024,g178807/B1,net,pin
n_33024,g178750/A1,net,pin
n_33024,g170754/A1,net,pin
n_33024,g165872/A1,net,pin
n_33024,g165870/A2,net,pin
n_33024,g165868/A2,net,pin
n_33024,g165864/A1,net,pin
n_33024,g165860/A2,net,pin
fopt185483/Y,n_33024,pin,net
n_331,g193148/B,net,pin
g159836/Y,n_331,pin,net
n_331,g159835/A,net,pin
n_33100,g30/A,net,pin
n_33100,g194250/B,net,pin
n_33100,g194249/B,net,pin
g185545/Y,n_33100,pin,net
n_33100,g181571_dup194251/B,net,pin
n_33112,u7_wp_reg\[1\]/D,net,pin
g185556/Y,n_33112,pin,net
g159662/Y,n_332,pin,net
n_332,g159661/A,net,pin
n_332,g155037/A1,net,pin
n_3320,g215499/A1,net,pin
n_3320,g213842/A1,net,pin
n_3320,g166532/A1,net,pin
n_3320,g166503/A1,net,pin
n_3320,g166287/A1,net,pin
n_3320,g166263/A1,net,pin
n_3320,g166118/A1,net,pin
n_3320,g166092/A1,net,pin
n_3320,g166068/A1,net,pin
n_3320,g166042/A1,net,pin
n_3320,g165993/A1,net,pin
n_3320,g165966/A1,net,pin
n_3320,g165936/A1,net,pin
n_3320,g165884/A1,net,pin
n_3320,g165857/A1,net,pin
n_3320,g165839/A1,net,pin
n_3320,g165812/A1,net,pin
n_3320,g165789/A1,net,pin
n_3320,g165761/A1,net,pin
n_3320,g165732/A1,net,pin
n_3320,g165704/A1,net,pin
n_3320,g165675/A1,net,pin
n_3320,g165646/A1,net,pin
n_3320,g165587/A1,net,pin
n_3320,g165559/A1,net,pin
n_3320,g165531/A1,net,pin
n_3320,g165502/A1,net,pin
n_3320,g165473/A1,net,pin
n_3320,g165443/A1,net,pin
n_3320,g165413/A1,net,pin
n_3320,g165384/A1,net,pin
n_3320,g165355/A1,net,pin
g157196/Y,n_3320,pin,net
n_33203,g200148/A1,net,pin
n_33203,g178801/A1,net,pin
n_33203,g178266/A2,net,pin
n_33203,g166531/A2,net,pin
n_33203,g166529/A2,net,pin
n_33203,g166528/A2,net,pin
n_33203,g155827/A1,net,pin
n_33203,g155631/A2,net,pin
fopt185622/Y,n_33203,pin,net
n_336,g172193/A,net,pin
g160018/Y,n_336,pin,net
n_336,g159374/A,net,pin
n_33603,g209219/B,net,pin
g185961/Y,n_33603,pin,net
n_33604,g22/B,net,pin
n_33604,g209219/A,net,pin
n_33604,g198065/A,net,pin
n_33604,g196916/B,net,pin
n_33604,g189142/B,net,pin
g185962/Y,n_33604,pin,net
n_33604,g184861/A,net,pin
n_33604,g179532/A,net,pin
n_33604,g178425/A,net,pin
n_33644,g216677/B,net,pin
n_33644,g216676/A,net,pin
g186001/Y,n_33644,pin,net
n_3365,g213847/B2,net,pin
n_3365,g167890/B2,net,pin
n_3365,g167889/B2,net,pin
n_3365,g167888/B2,net,pin
n_3365,g167887/B2,net,pin
n_3365,g167882/B2,net,pin
n_3365,g167880/B2,net,pin
n_3365,g167877/B2,net,pin
n_3365,g167875/B2,net,pin
n_3365,g167866/B2,net,pin
n_3365,g167865/B2,net,pin
n_3365,g167864/B2,net,pin
n_3365,g167863/B2,net,pin
n_3365,g167861/B2,net,pin
n_3365,g167860/B2,net,pin
n_3365,g167858/B2,net,pin
g156903/Y,n_3365,pin,net
n_33654,g186013/A,net,pin
n_33654,g186011/A,net,pin
g186009/Y,n_33654,pin,net
n_33654,g182759/A,net,pin
n_33655,g215500/B2,net,pin
n_33655,g213849/B2,net,pin
n_33655,g186042/B2,net,pin
n_33655,g186041/B2,net,pin
n_33655,g186040/B2,net,pin
n_33655,g186039/B2,net,pin
n_33655,g186038/B2,net,pin
n_33655,g186037/B2,net,pin
n_33655,g186036/B2,net,pin
n_33655,g186034/B2,net,pin
n_33655,g186033/B2,net,pin
n_33655,g186032/B2,net,pin
n_33655,g186031/B2,net,pin
n_33655,g186030/B2,net,pin
n_33655,g186029/B2,net,pin
g186011/Y,n_33655,pin,net
n_33655,g186010/B2,net,pin
n_33656,u4_mem_reg\[0\]\[24\]/D,net,pin
g186010/Y,n_33656,pin,net
n_33657,g213866/B2,net,pin
n_33657,g186028/B2,net,pin
n_33657,g186027/B2,net,pin
n_33657,g186026/B2,net,pin
n_33657,g186025/B2,net,pin
n_33657,g186023/B2,net,pin
n_33657,g186022/B2,net,pin
n_33657,g186021/B2,net,pin
n_33657,g186020/B2,net,pin
n_33657,g186019/B2,net,pin
n_33657,g186018/B2,net,pin
n_33657,g186017/B2,net,pin
n_33657,g186016/B2,net,pin
n_33657,g186015/B2,net,pin
n_33657,g186014/B2,net,pin
g186013/Y,n_33657,pin,net
n_33657,g186012/B2,net,pin
n_33658,u4_mem_reg\[0\]\[18\]/D,net,pin
g186012/Y,n_33658,pin,net
n_33659,u4_mem_reg\[0\]\[13\]/D,net,pin
g186014/Y,n_33659,pin,net
n_33660,u4_mem_reg\[0\]\[2\]/D,net,pin
g186015/Y,n_33660,pin,net
n_33661,u4_mem_reg\[0\]\[14\]/D,net,pin
g186016/Y,n_33661,pin,net
n_33662,u4_mem_reg\[0\]\[23\]/D,net,pin
g186017/Y,n_33662,pin,net
n_33663,u4_mem_reg\[0\]\[20\]/D,net,pin
g186018/Y,n_33663,pin,net
n_33664,u4_mem_reg\[0\]\[17\]/D,net,pin
g186019/Y,n_33664,pin,net
n_33665,u4_mem_reg\[0\]\[16\]/D,net,pin
g186020/Y,n_33665,pin,net
n_33666,u4_mem_reg\[0\]\[12\]/D,net,pin
g186021/Y,n_33666,pin,net
n_33667,u4_mem_reg\[0\]\[11\]/D,net,pin
g186022/Y,n_33667,pin,net
n_33668,u4_mem_reg\[0\]\[9\]/D,net,pin
g186023/Y,n_33668,pin,net
n_33670,u4_mem_reg\[0\]\[8\]/D,net,pin
g186025/Y,n_33670,pin,net
n_33671,u4_mem_reg\[0\]\[3\]/D,net,pin
g186026/Y,n_33671,pin,net
n_33672,u4_mem_reg\[0\]\[7\]/D,net,pin
g186027/Y,n_33672,pin,net
n_33673,u4_mem_reg\[0\]\[15\]/D,net,pin
g186028/Y,n_33673,pin,net
n_33674,u4_mem_reg\[0\]\[30\]/D,net,pin
g186029/Y,n_33674,pin,net
n_33675,u4_mem_reg\[0\]\[27\]/D,net,pin
g186030/Y,n_33675,pin,net
n_33676,u4_mem_reg\[0\]\[26\]/D,net,pin
g186031/Y,n_33676,pin,net
n_33677,u4_mem_reg\[0\]\[25\]/D,net,pin
g186032/Y,n_33677,pin,net
n_33678,u4_mem_reg\[0\]\[28\]/D,net,pin
g186033/Y,n_33678,pin,net
n_33679,u4_mem_reg\[0\]\[31\]/D,net,pin
g186034/Y,n_33679,pin,net
n_33681,u4_mem_reg\[0\]\[21\]/D,net,pin
g186036/Y,n_33681,pin,net
n_33682,u4_mem_reg\[0\]\[19\]/D,net,pin
g186037/Y,n_33682,pin,net
n_33683,u4_mem_reg\[0\]\[5\]/D,net,pin
g186038/Y,n_33683,pin,net
n_33684,u4_mem_reg\[0\]\[0\]/D,net,pin
g186039/Y,n_33684,pin,net
n_33685,u4_mem_reg\[0\]\[1\]/D,net,pin
g186040/Y,n_33685,pin,net
n_33686,u4_mem_reg\[0\]\[29\]/D,net,pin
g186041/Y,n_33686,pin,net
n_33687,u4_mem_reg\[0\]\[6\]/D,net,pin
g186042/Y,n_33687,pin,net
n_33771,g200142/C,net,pin
n_33771,g193854/B1,net,pin
n_33771,g188519/A,net,pin
n_33771,g186110/A,net,pin
n_33771,g186107/A,net,pin
g186105/Y,n_33771,pin,net
n_33771,g186104/B,net,pin
n_33772,g215510/B2,net,pin
g186104/Y,n_33772,pin,net
n_33772,g169206/A2,net,pin
n_33772,g155745/B2,net,pin
n_33772,g155744/B2,net,pin
n_33772,g155742/B2,net,pin
n_33772,g155741/B2,net,pin
n_33772,g155740/B2,net,pin
n_33772,g155738/B2,net,pin
n_33772,g155737/B2,net,pin
n_33772,g155736/B2,net,pin
n_33772,g155735/B2,net,pin
n_33772,g155734/B2,net,pin
n_33772,g155733/B2,net,pin
n_33772,g155732/B2,net,pin
n_33772,g155575/A1,net,pin
n_33774,g69/B,net,pin
g186107/Y,n_33774,pin,net
n_33774,g178797/A,net,pin
n_33774,g176041_dup/A,net,pin
g186110/Y,n_33777,pin,net
n_33777,g178814/B2,net,pin
n_33777,g178813/B2,net,pin
n_33777,g178812/B1,net,pin
n_33777,g178811/B2,net,pin
n_33777,g178810/B2,net,pin
n_33777,g178809/B1,net,pin
n_33777,g178808/B2,net,pin
n_33777,g178807/A1,net,pin
n_33777,g178806/B1,net,pin
n_33777,g178805/B1,net,pin
n_33777,g178804/B1,net,pin
n_33777,g178803/B2,net,pin
n_33777,g178802/B2,net,pin
n_33777,g178801/B1,net,pin
n_33777,g178800/B1,net,pin
n_33777,g178796/B2,net,pin
n_33777,g166841/B2,net,pin
n_33784,g52/B,net,pin
n_33784,g218106/B,net,pin
fopt186117/Y,n_33784,pin,net
n_33786,g196697/B,net,pin
g186118/Y,n_33786,pin,net
n_33787,g196789/A,net,pin
g186120/Y,n_33787,pin,net
g186121/Y,n_33788,pin,net
n_33788,g184610/B,net,pin
g186122/Y,n_33789,pin,net
n_33789,g157947/A,net,pin
g186123/Y,n_33790,pin,net
n_33790,g157899/B,net,pin
n_33791,g200241/B,net,pin
g186124/Y,n_33791,pin,net
n_33792,g213425/B,net,pin
n_33792,g213424/B,net,pin
g186125/Y,n_33792,pin,net
g186126/Y,n_33793,pin,net
n_33793,g158227/A,net,pin
g186129/Y,n_33795,pin,net
n_33795,g154318__186128/A2,net,pin
g154318__186128/Y,n_33796,pin,net
n_33796,g153972__182369/C,net,pin
n_3386,g214946/B2,net,pin
n_3386,g213863/B2,net,pin
n_3386,g167886/B2,net,pin
n_3386,g167884/B2,net,pin
n_3386,g167883/B2,net,pin
n_3386,g167879/B2,net,pin
n_3386,g167878/B2,net,pin
n_3386,g167876/B2,net,pin
n_3386,g167874/B2,net,pin
n_3386,g167873/B2,net,pin
n_3386,g167872/B2,net,pin
n_3386,g167870/B2,net,pin
n_3386,g167869/B2,net,pin
n_3386,g167868/B2,net,pin
n_3386,g167867/B2,net,pin
n_3386,g167862/B2,net,pin
g156902/Y,n_3386,pin,net
n_339,g178217/B,net,pin
n_339,g175814/A,net,pin
n_339,g175810/B,net,pin
g159594/Y,n_339,pin,net
g159504/Y,n_34,pin,net
n_34,g157559/A1,net,pin
n_340,g178199/A,net,pin
g159702/Y,n_340,pin,net
n_340,g159700/A,net,pin
n_340,g153395__175376/A1,net,pin
g186370/Y,n_34081,pin,net
n_34081,g186369/B,net,pin
n_34082,g188065/C,net,pin
g186369/Y,n_34082,pin,net
n_34098,g188887/A,net,pin
n_34098,g188886/A,net,pin
g186388/Y,n_34098,pin,net
n_34099,g188887/B,net,pin
n_34099,g188886/B,net,pin
g186389/Y,n_34099,pin,net
g186390/Y,n_34102,pin,net
n_34102,g157137/B,net,pin
n_3415,g213862/B2,net,pin
n_3415,g213837/B2,net,pin
n_3415,g166270/B2,net,pin
n_3415,g166071/B2,net,pin
n_3415,g166043/B2,net,pin
n_3415,g165940/B2,net,pin
n_3415,g165779/B2,net,pin
n_3415,g165752/B2,net,pin
n_3415,g165725/B2,net,pin
n_3415,g165667/B2,net,pin
n_3415,g165638/B2,net,pin
n_3415,g165574/B2,net,pin
n_3415,g165522/B2,net,pin
n_3415,g165493/B2,net,pin
n_3415,g165405/B2,net,pin
n_3415,g165375/B2,net,pin
g156894/Y,n_3415,pin,net
n_34190,g310/A2,net,pin
g186474/Y,n_34190,pin,net
n_34190,g171453/B,net,pin
n_34190,g157727/A,net,pin
n_3420,g215503/A1,net,pin
n_3420,g213862/A1,net,pin
n_3420,g213837/A1,net,pin
n_3420,g166538/A1,net,pin
n_3420,g166512/A1,net,pin
n_3420,g166290/A1,net,pin
n_3420,g166270/A1,net,pin
n_3420,g166122/A1,net,pin
n_3420,g166096/A1,net,pin
n_3420,g166071/A1,net,pin
n_3420,g166043/A1,net,pin
n_3420,g165996/A1,net,pin
n_3420,g165969/A1,net,pin
n_3420,g165940/A1,net,pin
n_3420,g165887/A1,net,pin
n_3420,g165860/A1,net,pin
n_3420,g165832/A1,net,pin
n_3420,g165805/A1,net,pin
n_3420,g165779/A1,net,pin
n_3420,g165752/A1,net,pin
n_3420,g165725/A1,net,pin
n_3420,g165690/A1,net,pin
n_3420,g165667/A1,net,pin
n_3420,g165638/A1,net,pin
n_3420,g165574/A1,net,pin
n_3420,g165522/A1,net,pin
n_3420,g165493/A1,net,pin
n_3420,g165465/A1,net,pin
n_3420,g165435/A2,net,pin
n_3420,g165405/A1,net,pin
n_3420,g165375/A1,net,pin
n_3420,g165346/A1,net,pin
g156896/Y,n_3420,pin,net
g186487/Y,n_34203,pin,net
n_34203,g171451/B,net,pin
n_34203,g157709/A,net,pin
n_34203,g157493/A,net,pin
g186516/Y,n_34234,pin,net
n_34234,g186515/A,net,pin
n_34234,g167562/B,net,pin
n_34234,g155529/A,net,pin
n_34235,g198416/A,net,pin
g186515/Y,n_34235,pin,net
n_34235,g180356/B2,net,pin
n_34235,g153764__169153/B1,net,pin
n_3425,g215503/B2,net,pin
n_3425,g166538/B2,net,pin
n_3425,g166512/B2,net,pin
n_3425,g166290/B2,net,pin
n_3425,g166122/B2,net,pin
n_3425,g166096/B2,net,pin
n_3425,g165996/B2,net,pin
n_3425,g165969/B2,net,pin
n_3425,g165887/B2,net,pin
n_3425,g165860/B2,net,pin
n_3425,g165832/B2,net,pin
n_3425,g165805/B2,net,pin
n_3425,g165690/B2,net,pin
n_3425,g165465/B2,net,pin
n_3425,g165435/B2,net,pin
n_3425,g165346/B2,net,pin
g156895/Y,n_3425,pin,net
g186599/Y,n_34362,pin,net
n_34362,g186598/B,net,pin
n_34363,u10_din_tmp1_reg\[8\]/D,net,pin
g186598/Y,n_34363,pin,net
g186614/Y,n_34377,pin,net
n_34377,g186613/B,net,pin
n_34378,u10_din_tmp1_reg\[12\]/D,net,pin
g186613/Y,n_34378,pin,net
g186649/Y,n_34412,pin,net
n_34412,g186648/B,net,pin
n_34413,u10_din_tmp1_reg\[11\]/D,net,pin
g186648/Y,n_34413,pin,net
n_34420,g186831/B,net,pin
n_34420,g186830/A1,net,pin
n_34420,g186657/A2,net,pin
g186656/Y,n_34420,pin,net
n_34420,g186648/A2,net,pin
n_34420,g186613/A2,net,pin
n_34420,g186598/A2,net,pin
n_34420,g182877/A1,net,pin
n_34420,g182873/A1,net,pin
n_34420,g182871/A1,net,pin
n_34420,g182869/A1,net,pin
n_34420,g182867/A1,net,pin
n_34420,g182865/A1,net,pin
n_34420,g182861/A1,net,pin
n_34420,g182859/A1,net,pin
n_34420,g182853/A1,net,pin
n_34420,g182851/A1,net,pin
n_34420,g182844/A1,net,pin
g186658/Y,n_34421,pin,net
n_34421,g186657/B,net,pin
n_34422,u10_din_tmp1_reg\[6\]/D,net,pin
g186657/Y,n_34422,pin,net
g186670/Y,n_34433,pin,net
n_34433,g186669/B,net,pin
n_34434,g188727/A2,net,pin
g186669/Y,n_34434,pin,net
n_34434,g157098/A2,net,pin
n_34434,g154342__5526/A2,net,pin
n_34434,g154108__4733/A1,net,pin
n_34472,g224524/A,net,pin
n_34472,g224523/A,net,pin
n_34472,g213702/A1,net,pin
n_34472,g206953/B,net,pin
g186702/Y,n_34472,pin,net
n_34473,g224572/A,net,pin
n_34473,g206952/B,net,pin
g186703/Y,n_34473,pin,net
g186708/Y,n_34475,pin,net
n_34475,g182616/B,net,pin
n_34475,g153975__213703/A1,net,pin
g186709/Y,n_34479,pin,net
n_34479,g153891__176455/B1,net,pin
n_34480,g186713/B,net,pin
g186710/Y,n_34480,pin,net
n_34480,g158530/A1,net,pin
n_34480,g158474/A2,net,pin
g186713/Y,n_34482,pin,net
n_34482,g154419__186712/B,net,pin
n_34483,u11_din_tmp1_reg\[1\]/D,net,pin
g154419__186712/Y,n_34483,pin,net
n_34484,g196187/B1,net,pin
n_34484,g186717/B,net,pin
g186714/Y,n_34484,pin,net
n_34484,g179828/A2,net,pin
n_34484,g158474/B1,net,pin
g186717/Y,n_34486,pin,net
n_34486,g154421__186716/B,net,pin
n_34487,u11_din_tmp1_reg\[3\]/D,net,pin
g154421__186716/Y,n_34487,pin,net
n_34488,g186721/B,net,pin
g186718/Y,n_34488,pin,net
n_34488,g179062/A,net,pin
n_34488,g178340/A1,net,pin
n_34488,g172190/B2,net,pin
g186721/Y,n_34490,pin,net
n_34490,g154406__186720/B,net,pin
n_34491,u9_din_tmp1_reg\[4\]/D,net,pin
g154406__186720/Y,n_34491,pin,net
n_34492,g186725/B,net,pin
g186722/Y,n_34492,pin,net
n_34492,g172189/A2,net,pin
n_34492,g172187/A1,net,pin
n_34492,g158926/A,net,pin
g186725/Y,n_34494,pin,net
n_34494,g154411__186724/B,net,pin
n_34495,u9_din_tmp1_reg\[9\]/D,net,pin
g154411__186724/Y,n_34495,pin,net
g186729/Y,n_34498,pin,net
n_34498,g154412__186728/B,net,pin
n_34499,u9_din_tmp1_reg\[10\]/D,net,pin
g154412__186728/Y,n_34499,pin,net
n_34500,g186733/B,net,pin
g186730/Y,n_34500,pin,net
n_34500,g172192/A1,net,pin
n_34500,g172189/B2,net,pin
n_34500,g158915/A,net,pin
g186733/Y,n_34502,pin,net
n_34502,g154413__186732/B,net,pin
n_34503,u9_din_tmp1_reg\[11\]/D,net,pin
g154413__186732/Y,n_34503,pin,net
n_34504,g186737/B,net,pin
g186734/Y,n_34504,pin,net
n_34504,g179066/A,net,pin
n_34504,g172192/B1,net,pin
n_34505,g186737/A,net,pin
g186735/Y,n_34505,pin,net
n_34505,g186733/A,net,pin
n_34505,g186729/A,net,pin
n_34505,g186725/A,net,pin
n_34505,g186721/A,net,pin
n_34505,g182548/A,net,pin
n_34505,g182546/A,net,pin
n_34505,g182544/A,net,pin
n_34505,g182540/A,net,pin
n_34505,g182538/A,net,pin
n_34505,g182536/A,net,pin
n_34505,g182534/A,net,pin
n_34505,g182524/A,net,pin
n_34505,g182522/A,net,pin
n_34505,g182520/A,net,pin
n_34505,g182517/A,net,pin
n_34505,g154417__182521/A1,net,pin
n_34505,g154416__182523/A1,net,pin
n_34505,g154415__186736/A1,net,pin
n_34505,g154414__182547/A1,net,pin
n_34505,g154413__186732/A1,net,pin
n_34505,g154412__186728/A1,net,pin
n_34505,g154411__186724/A1,net,pin
n_34505,g154410__182533/A1,net,pin
n_34505,g154409__182535/A1,net,pin
n_34505,g154408__182537/A1,net,pin
n_34505,g154407__182539/A1,net,pin
n_34505,g154406__186720/A1,net,pin
n_34505,g154405__182519/A1,net,pin
n_34505,g154404__182514/A1,net,pin
n_34505,g154403__182545/A1,net,pin
n_34505,g154402__182543/A1,net,pin
g186737/Y,n_34506,pin,net
n_34506,g154415__186736/B,net,pin
n_34507,u9_din_tmp1_reg\[13\]/D,net,pin
g154415__186736/Y,n_34507,pin,net
g267/Y,n_34524,pin,net
n_34524,g265/A,net,pin
n_34524,g182901/A1,net,pin
n_34524,g182899/A1,net,pin
g266/Y,n_34525,pin,net
n_34525,g265/B,net,pin
n_34525,g182901/A2,net,pin
n_34525,g182899/A2,net,pin
g265/Y,n_34526,pin,net
n_34526,g181964/B,net,pin
n_3453,g213851/B2,net,pin
n_3453,g213840/B2,net,pin
n_3453,g166533/B2,net,pin
n_3453,g166516/B2,net,pin
n_3453,g166285/B2,net,pin
n_3453,g166265/B2,net,pin
n_3453,g166009/B2,net,pin
n_3453,g165899/B2,net,pin
n_3453,g165872/B2,net,pin
n_3453,g165795/B2,net,pin
n_3453,g165702/B2,net,pin
n_3453,g165681/B2,net,pin
n_3453,g165652/B2,net,pin
n_3453,g165529/B2,net,pin
n_3453,g165419/B2,net,pin
n_3453,g165390/B2,net,pin
g156906/Y,n_3453,pin,net
n_34532,g186757/A,net,pin
n_34532,g186755/A,net,pin
g186753/Y,n_34532,pin,net
n_34532,g166494/B2,net,pin
n_34533,g186760/A,net,pin
n_34533,g186759/A,net,pin
n_34533,g186758/A,net,pin
g186755/Y,n_34533,pin,net
n_34533,g186754/A,net,pin
g186754/Y,n_34534,pin,net
n_34534,g176896/B,net,pin
n_34534,g173212/B,net,pin
n_34535,g186762/B,net,pin
n_34535,g186761/A,net,pin
g186757/Y,n_34535,pin,net
n_34535,g186756/B,net,pin
n_34536,u17_int_set_reg\[0\]/D,net,pin
g186756/Y,n_34536,pin,net
n_34537,g188937/A2,net,pin
g186758/Y,n_34537,pin,net
n_34538,g216899/A,net,pin
g186759/Y,n_34538,pin,net
g186760/Y,n_34539,pin,net
n_34539,g184605/B,net,pin
n_3454,g213851/A2,net,pin
n_3454,g166533/A2,net,pin
n_3454,g166516/A2,net,pin
n_3454,g166138/A2,net,pin
n_3454,g166112/A2,net,pin
n_3454,g166086/A2,net,pin
n_3454,g165956/A2,net,pin
n_3454,g165899/A2,net,pin
n_3454,g165872/A2,net,pin
n_3454,g165818/A2,net,pin
n_3454,g165795/A2,net,pin
n_3454,g165767/A2,net,pin
n_3454,g165738/A2,net,pin
n_3454,g165652/A2,net,pin
n_3454,g165471/A2,net,pin
n_3454,g165390/A2,net,pin
g156908/Y,n_3454,pin,net
g186761/Y,n_34540,pin,net
n_34540,g177886/A,net,pin
n_34540,g159852/A,net,pin
n_34540,g156163/A,net,pin
g186762/Y,n_34541,pin,net
n_34541,g178099/A,net,pin
n_34541,g175822/A1,net,pin
n_34541,g154770/A,net,pin
n_34541,fopt2363/A,net,pin
n_3460,g215495/B2,net,pin
n_3460,g166138/B2,net,pin
n_3460,g166112/B2,net,pin
n_3460,g166086/B2,net,pin
n_3460,g166060/B2,net,pin
n_3460,g165982/B2,net,pin
n_3460,g165956/B2,net,pin
n_3460,g165845/B2,net,pin
n_3460,g165818/B2,net,pin
n_3460,g165767/B2,net,pin
n_3460,g165738/B2,net,pin
n_3460,g165592/B2,net,pin
n_3460,g165500/B2,net,pin
n_3460,g165471/B2,net,pin
n_3460,g165441/B2,net,pin
n_3460,g165354/B2,net,pin
g156907/Y,n_3460,pin,net
n_3461,g215495/A2,net,pin
n_3461,g213840/A2,net,pin
n_3461,g166285/A1,net,pin
n_3461,g166265/A1,net,pin
n_3461,g166060/A2,net,pin
n_3461,g166009/A2,net,pin
n_3461,g165982/A2,net,pin
n_3461,g165845/A2,net,pin
n_3461,g165702/A2,net,pin
n_3461,g165681/A2,net,pin
n_3461,g165592/A2,net,pin
n_3461,g165529/A2,net,pin
n_3461,g165500/A2,net,pin
n_3461,g165441/A2,net,pin
n_3461,g165419/A2,net,pin
n_3461,g165354/A2,net,pin
g156909/Y,n_3461,pin,net
g186831/Y,n_34613,pin,net
n_34613,g186830/B,net,pin
n_34614,u10_din_tmp1_reg\[0\]/D,net,pin
g186830/Y,n_34614,pin,net
g186850/Y,n_34633,pin,net
n_34633,g186849/A1,net,pin
n_34634,u4_dout_reg\[18\]/D,net,pin
g186849/Y,n_34634,pin,net
g186857/Y,n_34644,pin,net
n_34644,g186856/A,net,pin
g186856/Y,n_34645,pin,net
n_34645,g176215/A,net,pin
n_34645,g157726/A,net,pin
n_34645,g157649/A,net,pin
g186861/Y,n_34648,pin,net
n_34648,g186860/B,net,pin
g186860/Y,n_34649,pin,net
n_34649,g157078/A1,net,pin
n_34649,g157028/A1,net,pin
n_34649,g154343__4319/B,net,pin
n_34649,g154341__1617/A2,net,pin
n_3468,g196651/A2,net,pin
n_3468,g186516/B,net,pin
n_3468,g169148/A,net,pin
g159183/Y,n_3468,pin,net
g159177/Y,n_347,pin,net
n_347,g159085/A,net,pin
n_347,g158902/B,net,pin
n_34837,g189100/A1,net,pin
g187014/Y,n_34837,pin,net
n_34837,g187013/A1,net,pin
n_34837,g154329__9945/A2,net,pin
g187013/Y,n_34841,pin,net
n_34841,g153633__188954/B,net,pin
n_35041,g216478/B1,net,pin
n_35041,g202299/A2,net,pin
n_35041,g200165/A1,net,pin
g187152/Y,n_35041,pin,net
n_35041,g186014/A2,net,pin
n_35041,g179676/A2,net,pin
n_35041,g172326/A1,net,pin
n_35041,g172175/B1,net,pin
n_35041,g168483/A1,net,pin
n_35041,g167869/A1,net,pin
n_35041,g166568/A1,net,pin
n_35041,g165737/A2,net,pin
n_35041,g165733/A2,net,pin
n_35041,g165727/A1,net,pin
n_35041,g165725/A2,net,pin
n_35041,g155772/A2,net,pin
n_35041,g155740/A1,net,pin
g187220/Y,n_35120,pin,net
n_35120,g154145__5115/A1,net,pin
n_35120,g154133__198344/A1,net,pin
n_35120,g153956__7482/A1,net,pin
n_35120,g153920__187221/A2,net,pin
g187222/Y,n_35121,pin,net
n_35121,g178423/A1,net,pin
n_35121,g153928__178428/B2,net,pin
n_35121,g153926__178427/B2,net,pin
n_35121,g153924__178430/B2,net,pin
n_35121,g153921__178429/B2,net,pin
n_35121,g153920__187221/B1,net,pin
n_35121,g153917__178432/B2,net,pin
n_35121,g153784__178433/B1,net,pin
n_35121,g153783__178434/B1,net,pin
n_35121,g153782__178435/B1,net,pin
n_35121,g153781__178436/B1,net,pin
n_35121,g153780__178437/B1,net,pin
n_35121,g153779__178438/B1,net,pin
n_35121,g153778__178439/B1,net,pin
n_35121,g153776__178440/B2,net,pin
n_35121,g153775__178441/B2,net,pin
n_35122,u10_mem_reg\[3\]\[23\]/D,net,pin
g153920__187221/Y,n_35122,pin,net
n_35215,g209205/A,net,pin
g187310/Y,n_35215,pin,net
n_35215,g182414/B2,net,pin
g187478/Y,n_35390,pin,net
n_35390,g187477/A,net,pin
g187479/Y,n_35391,pin,net
n_35391,g187477/B,net,pin
n_35392,g209803/B2,net,pin
g187477/Y,n_35392,pin,net
n_35392,g187476/A2,net,pin
n_35392,g154087__198359/A1,net,pin
n_35392,g153986__5115/A1,net,pin
n_35393,u10_mem_reg\[3\]\[3\]/D,net,pin
g187476/Y,n_35393,pin,net
g187485/Y,n_35398,pin,net
n_35398,g187484/A1,net,pin
n_35399,u25_int_set_reg\[2\]/D,net,pin
g187484/Y,n_35399,pin,net
n_35407,g212202/A1,net,pin
g187491/Y,n_35407,pin,net
n_35407,g180432/A,net,pin
n_35407,g157732/A,net,pin
n_35437,g216474/B1,net,pin
n_35437,g202304/A2,net,pin
n_35437,g200166/A1,net,pin
g187520/Y,n_35437,pin,net
n_35437,g186031/A2,net,pin
n_35437,g179695/A2,net,pin
n_35437,g173519/A1,net,pin
n_35437,g170689/B1,net,pin
n_35437,g167897/A1,net,pin
n_35437,g166111/A2,net,pin
n_35437,g166099/A1,net,pin
n_35437,g166092/A2,net,pin
n_35457,g187543/A,net,pin
g187539/Y,n_35457,pin,net
n_35457,g187538/A,net,pin
n_35457,g178143/A,net,pin
n_35457,g169019/A,net,pin
n_35458,g187541/A,net,pin
g187538/Y,n_35458,pin,net
n_35458,g180065/A1,net,pin
n_35458,g180064/B,net,pin
n_35458,g180062/A,net,pin
n_35459,g187550/B1,net,pin
n_35459,g187549/A,net,pin
n_35459,g187548/B,net,pin
n_35459,g187547/B,net,pin
g187541/Y,n_35459,pin,net
n_35459,g187540/B1,net,pin
n_35460,u13_occ0_r_reg\[11\]/D,net,pin
g187540/Y,n_35460,pin,net
n_35461,g212241/A1,net,pin
n_35461,g200568/B,net,pin
n_35461,g187544/A,net,pin
g187543/Y,n_35461,pin,net
n_35461,g187542/A,net,pin
g187542/Y,n_35462,pin,net
n_35462,g1300/A2,net,pin
g187544/Y,n_35463,pin,net
n_35463,g183255/A2,net,pin
n_35463,g1287/A1,net,pin
g187547/Y,n_35466,pin,net
n_35466,g157137/A,net,pin
g187548/Y,n_35467,pin,net
n_35467,g181575/B,net,pin
g187549/Y,n_35468,pin,net
n_35468,g180714/B,net,pin
n_35469,g490/B,net,pin
g187550/Y,n_35469,pin,net
n_35474,g91/A1,net,pin
g187553/Y,n_35474,pin,net
g91/Y,n_35476,pin,net
n_35476,g156712/A,net,pin
n_35550,g194374/B,net,pin
g187623/Y,n_35550,pin,net
n_35550,g158000/A,net,pin
g187653/Y,n_35577,pin,net
n_35577,g172165/B,net,pin
n_35577,g167919/B1,net,pin
n_35577,g166719/A3,net,pin
g187654/Y,n_35578,pin,net
n_35578,g166719/B,net,pin
n_356,g167910/B1,net,pin
g159478/Y,n_356,pin,net
n_35632,g8/A,net,pin
n_35632,g207116/B2,net,pin
g187709/Y,n_35632,pin,net
n_35632,g187708/A2,net,pin
n_35632,g186389/A1,net,pin
n_35632,g184511/A,net,pin
n_35632,g182658/B2,net,pin
n_35632,g181532/B2,net,pin
n_35632,g180508/A2,net,pin
n_35632,g176906/B2,net,pin
n_35632,g173028/B2,net,pin
n_35632,g172216/B,net,pin
n_35632,g169026/B2,net,pin
n_35632,g168955/B2,net,pin
n_35632,g158803/A2,net,pin
n_35632,g158784/A1,net,pin
n_35632,g158775/A1,net,pin
n_35632,g158771/A2,net,pin
n_35632,g158760/A2,net,pin
n_35632,g158753/A1,net,pin
n_35632,g158738/A2,net,pin
n_35632,g158734/A2,net,pin
n_35632,g158728/A1,net,pin
n_35632,g158576/B2,net,pin
g187708/Y,n_35633,pin,net
n_35633,g169265/B,net,pin
n_35634,u12_re2_reg/D,net,pin
g187711/Y,n_35634,pin,net
g187712/Y,n_35636,pin,net
n_35636,g179534/C,net,pin
g187714/Y,n_35637,pin,net
n_35637,g187713/A,net,pin
n_35638,u12_re1_reg/D,net,pin
g187713/Y,n_35638,pin,net
n_35645,g190188/C,net,pin
n_35645,g188080/A,net,pin
n_35645,g188079/A3,net,pin
n_35645,g157118/D,net,pin
n_35645,g152442__1617/B1,net,pin
fopt187722/Y,n_35645,pin,net
g187727/Y,n_35653,pin,net
n_35653,g187726/B1,net,pin
n_35654,u13_occ1_r_reg\[9\]/D,net,pin
g187726/Y,n_35654,pin,net
g187725/Y,n_35655,pin,net
n_35655,g184489/C,net,pin
g187728/Y,n_35656,pin,net
n_35656,g166614/A1,net,pin
n_357,g186369/A1,net,pin
n_357,g167922/B1,net,pin
g159521/Y,n_357,pin,net
n_35902,g198302/A,net,pin
n_35902,g187963/A,net,pin
g187960/Y,n_35902,pin,net
n_35902,g186009/B,net,pin
n_35904,g212590/A,net,pin
n_35904,g187966/B,net,pin
g187963/Y,n_35904,pin,net
n_35904,g156762_dup187968/B,net,pin
n_35904,g156762_dup166760_dup187969/B,net,pin
n_35904,g156762_dup165229_dup187967/A,net,pin
n_35908,g215507/B2,net,pin
n_35908,g197726/B2,net,pin
n_35908,g197661/B2,net,pin
n_35908,g197605/B2,net,pin
g187966/Y,n_35908,pin,net
n_35908,g155776/B2,net,pin
n_35908,g155775/B2,net,pin
n_35908,g155774/B2,net,pin
n_35908,g155773/B2,net,pin
n_35908,g155772/B1,net,pin
n_35908,g155771/B2,net,pin
n_35908,g155770/B2,net,pin
n_35908,g155768/B1,net,pin
n_35908,g155767/B2,net,pin
n_35908,g155762/B2,net,pin
n_35908,g155761/B2,net,pin
n_35908,g155760/B2,net,pin
n_35908,g155759/B2,net,pin
n_35909,g197673/B2,net,pin
n_35909,g166777/B2,net,pin
n_35909,g166776/B2,net,pin
n_35909,g166774/B2,net,pin
n_35909,g166773/B2,net,pin
n_35909,g166772/B2,net,pin
n_35909,g166771/B2,net,pin
n_35909,g166770/B2,net,pin
n_35909,g166769/B2,net,pin
g156762_dup165229_dup187967/Y,n_35909,pin,net
n_35910,g54/A,net,pin
n_35910,g192333/B2,net,pin
n_35910,g179390/B2,net,pin
n_35910,g179388/B1,net,pin
n_35910,g179385/B1,net,pin
g156762_dup187968/Y,n_35910,pin,net
n_35911,g53/B1,net,pin
n_35911,g197727/A,net,pin
n_35911,g183188/B2,net,pin
n_35911,g183172/A2,net,pin
g156762_dup166760_dup187969/Y,n_35911,pin,net
n_360,g167909/B1,net,pin
g159534/Y,n_360,pin,net
n_36007,g456/B2,net,pin
n_36007,g188049/B1,net,pin
n_36007,g188048/C2,net,pin
n_36007,g188047/B1,net,pin
n_36007,g188046/B,net,pin
n_36007,g188044/C2,net,pin
g188043/Y,n_36007,pin,net
n_36007,g188042/A,net,pin
n_36008,g8/B,net,pin
n_36008,g217564/A1,net,pin
g188042/Y,n_36008,pin,net
n_36008,g177160/B,net,pin
n_36008,g177159/B,net,pin
n_36008,g172216/A,net,pin
n_36008,g159071/A,net,pin
n_36008,g159070/A,net,pin
g188044/Y,n_36010,pin,net
n_36010,g185120/A1,net,pin
g188046/Y,n_36011,pin,net
n_36011,g177869/B2,net,pin
n_36011,g158969/A,net,pin
n_36011,g158156/A2,net,pin
n_36011,g158154/A2,net,pin
n_36011,g158152/A2,net,pin
g188047/Y,n_36012,pin,net
n_36012,g154171__185111/B,net,pin
g188048/Y,n_36013,pin,net
n_36013,g153611__185128/B2,net,pin
g188049/Y,n_36014,pin,net
n_36014,g185119/A1,net,pin
n_36068,g224524/C,net,pin
n_36068,g224522/A,net,pin
n_36068,g216675/A,net,pin
n_36068,g210670/A,net,pin
n_36068,g206952/A,net,pin
n_36068,g202203/C,net,pin
n_36068,g193857/A,net,pin
n_36068,g179660/A,net,pin
n_36068,g179657/B,net,pin
n_36068,g175440/B,net,pin
fopt188056/Y,n_36068,pin,net
g188058/Y,n_36071,pin,net
n_36071,g168986/A1,net,pin
n_36072,u17_int_set_reg\[1\]/D,net,pin
g188060/Y,n_36072,pin,net
g188061/Y,n_36073,pin,net
n_36073,g168986/B,net,pin
n_36076,u14_u5_en_out_l2_reg/D,net,pin
g188063/Y,n_36076,pin,net
n_36077,u14_u1_en_out_l_reg/D,net,pin
g188065/Y,n_36077,pin,net
n_36078,g188090/B2,net,pin
n_36078,g188089/B2,net,pin
n_36078,g188085/A2,net,pin
n_36078,g188074/B2,net,pin
n_36078,g188069/B2,net,pin
n_36078,g188066/A2,net,pin
fopt188067/Y,n_36078,pin,net
n_36079,u14_u2_full_empty_r_reg/D,net,pin
g188066/Y,n_36079,pin,net
n_36080,u14_u3_en_out_l_reg/D,net,pin
g188068/Y,n_36080,pin,net
n_36081,u14_u1_full_empty_r_reg/D,net,pin
g188069/Y,n_36081,pin,net
n_36082,u15_valid_r_reg/D,net,pin
n_36082,g188070/B2,net,pin
n_36082,g153627__169861/A1,net,pin
fopt188071/Y,n_36082,pin,net
n_36083,u14_u3_full_empty_r_reg/D,net,pin
g188070/Y,n_36083,pin,net
n_36084,u15_rdd1_reg/D,net,pin
g188072/Y,n_36084,pin,net
n_36085,u15_crac_rd_done_reg/D,net,pin
g188073/Y,n_36085,pin,net
n_36086,u14_u5_full_empty_r_reg/D,net,pin
g188074/Y,n_36086,pin,net
n_36089,u14_u1_en_out_l2_reg/D,net,pin
n_36089,g197059/A,net,pin
g188077/Y,n_36089,pin,net
n_36090,u15_rdd3_reg/D,net,pin
g188078/Y,n_36090,pin,net
n_36091,u21_int_set_reg\[1\]/D,net,pin
g188079/Y,n_36091,pin,net
n_36092,u14_u4_en_out_l2_reg/D,net,pin
g188080/Y,n_36092,pin,net
n_36094,u14_u3_en_out_l2_reg/D,net,pin
g188082/Y,n_36094,pin,net
n_36095,g188937/B,net,pin
g188084/Y,n_36095,pin,net
n_36097,u14_crac_wr_r_reg/D,net,pin
g188085/Y,n_36097,pin,net
n_36098,u14_u2_en_out_l_reg/D,net,pin
g188086/Y,n_36098,pin,net
n_36099,u20_int_set_reg\[1\]/D,net,pin
g188087/Y,n_36099,pin,net
n_36100,u19_int_set_reg\[1\]/D,net,pin
g188088/Y,n_36100,pin,net
n_36101,u14_u4_full_empty_r_reg/D,net,pin
g188089/Y,n_36101,pin,net
n_36102,u14_u0_full_empty_r_reg/D,net,pin
g188090/Y,n_36102,pin,net
n_36103,u14_u0_en_out_l2_reg/D,net,pin
g188091/Y,n_36103,pin,net
g188094/Y,n_36107,pin,net
n_36107,g157676/A,net,pin
n_36107,g153830__205422/B1,net,pin
g159549/Y,n_362,pin,net
n_362,g157465/C,net,pin
n_3621,u3_mem_reg\[1\]\[1\]/D,net,pin
g155838/Y,n_3621,pin,net
n_36224,g213707/B1,net,pin
g188211/Y,n_36224,pin,net
n_36256,g75/B,net,pin
fopt188226/Y,n_36256,pin,net
n_36288,g188261/B,net,pin
g188258/Y,n_36288,pin,net
n_36288,g171192/A1,net,pin
n_36288,g158910/A,net,pin
n_36288,g158521/A2,net,pin
n_36289,g188261/A,net,pin
n_36289,g186717/A,net,pin
n_36289,g186713/A,net,pin
n_36289,g182166/A,net,pin
n_36289,g182164/A,net,pin
n_36289,g182162/A,net,pin
n_36289,g182160/A,net,pin
n_36289,g182158/A,net,pin
n_36289,g182156/A,net,pin
n_36289,g182154/A,net,pin
n_36289,g182152/A,net,pin
n_36289,g182148/A,net,pin
n_36289,g182142/A,net,pin
n_36289,g182140/A,net,pin
n_36289,g182135/A,net,pin
g155546_dup188259/Y,n_36289,pin,net
n_36289,g154313__182139/A1,net,pin
g188261/Y,n_36290,pin,net
n_36290,g154369__188260/B,net,pin
n_36291,u11_din_tmp1_reg\[7\]/D,net,pin
g154369__188260/Y,n_36291,pin,net
n_363,g57/C,net,pin
g159002/Y,n_363,pin,net
n_3635,u5_mem_reg\[1\]\[1\]/D,net,pin
g155828/Y,n_3635,pin,net
n_36361,g519/A1,net,pin
n_36361,g188332/A,net,pin
n_36361,g188331/B,net,pin
g188330/Y,n_36361,pin,net
n_36361,g182911/A1,net,pin
n_36361,g153639__182909/A1,net,pin
n_36361,g153635__188335/B2,net,pin
n_36361,g153634__188333/B2,net,pin
n_36361,g153607__179418/A1,net,pin
g188331/Y,n_36363,pin,net
n_36363,g121/C,net,pin
g188332/Y,n_36364,pin,net
n_36364,g179301/B,net,pin
n_36366,u6_dout_reg\[10\]/D,net,pin
g153634__188333/Y,n_36366,pin,net
n_36367,u6_dout_reg\[11\]/D,net,pin
g153635__188335/Y,n_36367,pin,net
n_3638,u5_mem_reg\[1\]\[0\]/D,net,pin
g155827/Y,n_3638,pin,net
g188350/Y,n_36382,pin,net
n_36382,g188349/A,net,pin
g188349/Y,n_36383,pin,net
n_36383,g157687/A,net,pin
n_36383,g153764__169153/A2,net,pin
g188352/Y,n_36385,pin,net
n_36385,fopt2/A,net,pin
n_36405,u10_mem_reg\[3\]\[7\]/D,net,pin
g153773__188371/Y,n_36405,pin,net
n_36478,g213136/A,net,pin
g188414/Y,n_36478,pin,net
n_36525,g188957/A,net,pin
g188460/Y,n_36525,pin,net
n_36525,g157694/A,net,pin
n_36525,g122/B,net,pin
n_36528,g223687/A1,net,pin
n_36528,g200560/A,net,pin
n_36528,g194374/A,net,pin
n_36528,g192383/A,net,pin
n_36528,g188466/B,net,pin
g188463/Y,n_36528,pin,net
n_36528,g177280/A,net,pin
n_36528,g168951/A1,net,pin
n_36528,g157577/B,net,pin
n_36528,g157575/A,net,pin
n_36528,g157569/A,net,pin
n_36528,g157567/A,net,pin
n_36528,g157318/A1,net,pin
n_36528,g157317/A1,net,pin
n_36528,g157285/A1,net,pin
g188466/Y,n_36530,pin,net
n_36530,g188465/D,net,pin
g188465/Y,n_36531,pin,net
n_36531,g153655__8246/A1,net,pin
n_36580,g194246/A1,net,pin
n_36580,g188518/A1,net,pin
g188517/Y,n_36580,pin,net
g188519/Y,n_36581,pin,net
n_36581,g188518/A2,net,pin
g188520/Y,n_36582,pin,net
n_36582,g188518/B,net,pin
n_36583,g194246/B,net,pin
g188518/Y,n_36583,pin,net
n_366,g173004/A,net,pin
g159612/Y,n_366,pin,net
n_366,g158297/A,net,pin
g188525/Y,n_36613,pin,net
n_36613,g180001/B,net,pin
g188533/Y,n_36628,pin,net
n_36628,g153883__196657/A1,net,pin
n_36628,g153764__169153/B2,net,pin
n_36628,fopt169158/A,net,pin
n_36635,g212384/A,net,pin
n_36635,g212383/A,net,pin
g188542/Y,n_36635,pin,net
n_36662,g91/B,net,pin
g188567/Y,n_36662,pin,net
g188672/Y,n_36769,pin,net
n_36769,g157082/D,net,pin
g188676/Y,n_36770,pin,net
n_36770,g154328__2883/B,net,pin
n_36771,g199221/C,net,pin
g188677/Y,n_36771,pin,net
n_36771,g154326__1666/A2,net,pin
g159309/Y,n_368,pin,net
n_368,g156969/B,net,pin
g188727/Y,n_36843,pin,net
n_36843,g153601__193160/B2,net,pin
g159306/Y,n_369,pin,net
n_369,g156971/B,net,pin
g188804/Y,n_36968,pin,net
n_36968,g188803/A,net,pin
n_36969,g193971/A,net,pin
n_36969,g193969/B,net,pin
g188803/Y,n_36969,pin,net
n_36969,g157454/B,net,pin
n_3697,u4_mem_reg\[3\]\[17\]/D,net,pin
g155776/Y,n_3697,pin,net
n_36971,g210417/A2,net,pin
n_36971,g154141__198362/A2,net,pin
n_36971,g154140__198346/A2,net,pin
n_36971,g154136__198361/A2,net,pin
n_36971,g154133__198344/A2,net,pin
n_36971,g154132__198345/A2,net,pin
n_36971,g154131__198347/A2,net,pin
n_36971,g154104__198357/A1,net,pin
n_36971,g154103__198365/A2,net,pin
n_36971,g154100__198368/A1,net,pin
n_36971,g154099__198356/A1,net,pin
n_36971,g154097__198367/A1,net,pin
n_36971,g154095__198358/A1,net,pin
n_36971,g154094__198366/A1,net,pin
n_36971,g154091__198355/A1,net,pin
n_36971,g154089__198371/A2,net,pin
n_36971,g154087__198359/A2,net,pin
fopt182304_dup188806/Y,n_36971,pin,net
n_36975,g198372/A1,net,pin
n_36975,g198369/A2,net,pin
n_36975,g198066/A1,net,pin
n_36975,g154139__198340/A1,net,pin
n_36975,g154138__198364/A1,net,pin
n_36975,g154137__198363/A2,net,pin
n_36975,g154135__198360/A2,net,pin
n_36975,g154130__198343/A2,net,pin
n_36975,g154102__198352/A2,net,pin
n_36975,g154101__198351/A2,net,pin
n_36975,g154096__198353/A2,net,pin
n_36975,g154093__198350/A2,net,pin
n_36975,g154092__198348/A2,net,pin
n_36975,g154088__198370/A2,net,pin
n_36975,g154085__198354/A2,net,pin
fopt188811/Y,n_36975,pin,net
n_3698,u4_mem_reg\[3\]\[16\]/D,net,pin
g155775/Y,n_3698,pin,net
n_3699,u4_mem_reg\[3\]\[15\]/D,net,pin
g155774/Y,n_3699,pin,net
g159423/Y,n_37,pin,net
n_37,g158154/B1,net,pin
n_370,g202203/A,net,pin
g159301/Y,n_370,pin,net
n_3700,u4_mem_reg\[3\]\[14\]/D,net,pin
g155773/Y,n_3700,pin,net
n_3701,u4_mem_reg\[3\]\[13\]/D,net,pin
g155772/Y,n_3701,pin,net
n_3702,u4_mem_reg\[3\]\[12\]/D,net,pin
g155771/Y,n_3702,pin,net
n_3703,u4_mem_reg\[3\]\[11\]/D,net,pin
g155770/Y,n_3703,pin,net
g188886/Y,n_37051,pin,net
n_37051,g183255/A1,net,pin
n_37051,g169963/B,net,pin
n_37051,g1287/A2,net,pin
g188887/Y,n_37052,pin,net
n_37052,g186390/A,net,pin
n_3709,u7_mem_reg\[3\]\[18\]/D,net,pin
g155745/Y,n_3709,pin,net
n_3710,u7_mem_reg\[3\]\[17\]/D,net,pin
g155744/Y,n_3710,pin,net
g188938/Y,n_37110,pin,net
n_37110,g188937/A1,net,pin
n_37111,u14_u0_en_out_l_reg/D,net,pin
g188937/Y,n_37111,pin,net
n_3712,u7_mem_reg\[3\]\[15\]/D,net,pin
g155742/Y,n_3712,pin,net
n_3713,u7_mem_reg\[3\]\[14\]/D,net,pin
g155741/Y,n_3713,pin,net
n_37136,g188955/D,net,pin
g188953/Y,n_37136,pin,net
n_37136,g187013/A2,net,pin
g188956/Y,n_37137,pin,net
n_37137,g188955/A,net,pin
g188957/Y,n_37138,pin,net
n_37138,g188955/B,net,pin
g188958/Y,n_37139,pin,net
n_37139,g188955/C,net,pin
n_3714,u7_mem_reg\[3\]\[13\]/D,net,pin
g155740/Y,n_3714,pin,net
g188955/Y,n_37140,pin,net
n_37140,g153633__188954/A1,net,pin
n_37141,u6_dout_reg\[9\]/D,net,pin
g153633__188954/Y,n_37141,pin,net
n_37142,g178060/A,net,pin
fopt188959/Y,n_37142,pin,net
n_3716,u7_mem_reg\[3\]\[11\]/D,net,pin
g155738/Y,n_3716,pin,net
n_3717,u7_mem_reg\[3\]\[10\]/D,net,pin
g155737/Y,n_3717,pin,net
n_3718,u7_mem_reg\[3\]\[9\]/D,net,pin
g155736/Y,n_3718,pin,net
n_3719,u7_mem_reg\[3\]\[8\]/D,net,pin
g155735/Y,n_3719,pin,net
n_3720,u7_mem_reg\[3\]\[7\]/D,net,pin
g155734/Y,n_3720,pin,net
n_37200,g32/A,net,pin
n_37200,g219106/B,net,pin
n_37200,g212378/A2,net,pin
n_37200,g202359/A2,net,pin
n_37200,g202329/B,net,pin
n_37200,g192278/B,net,pin
g189005/Y,n_37200,pin,net
n_37200,g176460/A2,net,pin
n_37200,g171445/A1,net,pin
n_37200,g157454/A,net,pin
n_37200,g157433/A,net,pin
n_37200,g114/A,net,pin
n_3721,u7_mem_reg\[3\]\[6\]/D,net,pin
g155733/Y,n_3721,pin,net
n_3722,u7_mem_reg\[3\]\[5\]/D,net,pin
g155732/Y,n_3722,pin,net
g66/Y,n_37311,pin,net
n_37311,g184517/B,net,pin
n_37311,g153975__213703/A3,net,pin
n_37335,g189095/B,net,pin
fopt189096/Y,n_37335,pin,net
n_37336,g189097/A,net,pin
g189095/Y,n_37336,pin,net
n_37336,g189094/A,net,pin
n_37337,g224741/A,net,pin
n_37337,g224740/C,net,pin
n_37337,g198582/A,net,pin
n_37337,g189099/A,net,pin
g189094/Y,n_37337,pin,net
n_37337,g172283/A,net,pin
g189097/Y,n_37338,pin,net
n_37338,g154849/B,net,pin
n_37339,g199221/B2,net,pin
n_37339,g189103/A2,net,pin
n_37339,g189101/A2,net,pin
n_37339,g189100/B2,net,pin
g189099/Y,n_37339,pin,net
n_37339,g189098/A2,net,pin
g189098/Y,n_37340,pin,net
n_37340,g173014/A,net,pin
g189100/Y,n_37341,pin,net
n_37341,g182911/B1,net,pin
g189101/Y,n_37342,pin,net
n_37342,g179298/A1,net,pin
n_37344,g519/B1,net,pin
g189103/Y,n_37344,pin,net
n_37350,g197062/A,net,pin
g189110/Y,n_37350,pin,net
g189113/Y,n_37355,pin,net
n_37355,g176672/A,net,pin
n_37355,g157525/B,net,pin
n_37355,g157495/B,net,pin
g189123/Y,n_37367,pin,net
n_37367,g189103/B1,net,pin
n_37367,g154328__2883/A2,net,pin
n_37367,g154098__181547/A1,net,pin
g189125/Y,n_37368,pin,net
n_37368,g157516/A,net,pin
g189138/Y,n_37381,pin,net
n_37381,g189137/A1,net,pin
g189140/Y,n_37383,pin,net
n_37383,g189137/B,net,pin
n_37384,g196990/A,net,pin
g189137/Y,n_37384,pin,net
g189143/Y,n_37386,pin,net
n_37386,g189142/A,net,pin
g189142/Y,n_37387,pin,net
n_37387,fopt188811/A,net,pin
n_37387,fopt182304_dup188806/A,net,pin
n_374,g187654/A,net,pin
g159725/Y,n_374,pin,net
g189209/Y,n_37456,pin,net
n_37456,g189208/A1,net,pin
n_37456,g188084/B,net,pin
n_37456,g188065/A,net,pin
n_37456,g188061/B,net,pin
n_37456,g188060/A1,net,pin
n_37456,g188058/A,net,pin
g189212/Y,n_37457,pin,net
n_37457,g189211/A,net,pin
n_37457,g188063/A,net,pin
n_37457,g188061/A,net,pin
n_37457,g157118/E,net,pin
n_37457,g152444__2802/B1,net,pin
g189211/Y,n_37458,pin,net
n_37458,g189210/A,net,pin
g189210/Y,n_37459,pin,net
n_37459,g189208/A2,net,pin
n_37460,u22_int_set_reg\[1\]/D,net,pin
g189208/Y,n_37460,pin,net
g59/Y,n_375,pin,net
n_375,g178044/B,net,pin
n_375,g167058/B2,net,pin
n_375,g167058/A2,net,pin
n_375,g164248/A2,net,pin
n_375,g156119/B,net,pin
n_37521,g190189/A,net,pin
g189273/Y,n_37521,pin,net
drc_bufs189335/Y,n_37601,pin,net
n_37601,drc_bufs189334/A,net,pin
drc_bufs189337/Y,n_37606,pin,net
n_37606,drc_bufs189336/A,net,pin
drc_bufs189339/Y,n_37611,pin,net
n_37611,drc_bufs189338/A,net,pin
drc_bufs189341/Y,n_37616,pin,net
n_37616,drc_bufs189340/A,net,pin
drc_bufs189343/Y,n_37621,pin,net
n_37621,drc_bufs189342/A,net,pin
drc_bufs189345/Y,n_37626,pin,net
n_37626,drc_bufs189344/A,net,pin
n_379,g184751/A,net,pin
n_379,g169195/B1,net,pin
g159768/Y,n_379,pin,net
n_37935,g198305/B,net,pin
g189476/Y,n_37935,pin,net
n_37935,g187970_dup198303/B,net,pin
n_37935,g172163/A,net,pin
n_38,g179537/A,net,pin
g160097/Y,n_38,pin,net
n_3815,g212621/B1,net,pin
n_3815,g200140/A1,net,pin
n_3815,g191981/A2,net,pin
n_3815,g178809/A1,net,pin
n_3815,g169555/A1,net,pin
n_3815,g168496/A1,net,pin
n_3815,g166878/A1,net,pin
g166522/Y,n_3815,pin,net
n_3815,g155838/A2,net,pin
n_3815,g155828/A1,net,pin
n_3815,g155760/A2,net,pin
n_3815,g155632/A2,net,pin
n_3815,g155600/A2,net,pin
n_38363,g213720/A1,net,pin
n_38363,g213707/A1,net,pin
n_38363,g189839/A,net,pin
g189837/Y,n_38363,pin,net
n_38363,g171917_dup/A,net,pin
n_38364,g207000/B,net,pin
n_38364,g189847/B,net,pin
n_38364,g189845/B,net,pin
n_38364,g189843/B,net,pin
n_38364,g189842/A,net,pin
n_38364,g189841/B2,net,pin
n_38364,g189840/B,net,pin
g189839/Y,n_38364,pin,net
n_38364,g189838/B,net,pin
n_38364,g154000__189844/B,net,pin
g189838/Y,n_38365,pin,net
n_38365,g164094/A1,net,pin
n_38366,g194437/B2,net,pin
g189840/Y,n_38366,pin,net
g189841/Y,n_38367,pin,net
n_38367,g175/C,net,pin
n_38368,g202325/A1,net,pin
g189842/Y,n_38368,pin,net
g189843/Y,n_38369,pin,net
n_38369,g182616/C,net,pin
g154000__189844/Y,n_38370,pin,net
n_38370,g153675__171918/B,net,pin
g189845/Y,n_38371,pin,net
n_38371,g177081/B1,net,pin
g189847/Y,n_38373,pin,net
n_38373,g175/B2,net,pin
n_38374,g189855/B,net,pin
g171917_dup/Y,n_38374,pin,net
n_38374,g154380__189848/B,net,pin
n_38374,g154376__189849/C,net,pin
n_38374,g154375__189850/C,net,pin
n_38374,g154372__189851/C,net,pin
n_38374,g154370__189852/C,net,pin
n_38374,g153998__189854/B,net,pin
n_38374,g153997__189853/B,net,pin
g154380__189848/Y,n_38375,pin,net
n_38375,g153579__213705/C,net,pin
n_38376,g164104/C,net,pin
g154376__189849/Y,n_38376,pin,net
g154375__189850/Y,n_38377,pin,net
n_38377,g137/B,net,pin
n_38378,g73/B,net,pin
g154372__189851/Y,n_38378,pin,net
n_38379,g471/C,net,pin
g154370__189852/Y,n_38379,pin,net
n_38380,g93/C,net,pin
g153997__189853/Y,n_38380,pin,net
n_38381,g76/B,net,pin
g153998__189854/Y,n_38381,pin,net
n_38382,g219103/B,net,pin
g189855/Y,n_38382,pin,net
n_3858,u5_mem_reg\[3\]\[1\]/D,net,pin
g155632/Y,n_3858,pin,net
n_3862,u5_mem_reg\[3\]\[0\]/D,net,pin
g155631/Y,n_3862,pin,net
n_387,g184489/B,net,pin
g159158/Y,n_387,pin,net
g190134/Y,n_38705,pin,net
n_38705,g173013/A,net,pin
n_38758,g2349/A2,net,pin
g190187/Y,n_38758,pin,net
g190189/Y,n_38759,pin,net
n_38759,g190188/A,net,pin
n_38760,u14_u4_en_out_l_reg/D,net,pin
g190188/Y,n_38760,pin,net
n_38761,g194315/B,net,pin
g190190/Y,n_38761,pin,net
drc_bufs190212/Y,n_38792,pin,net
n_38792,drc_bufs190211/A,net,pin
drc_bufs190214/Y,n_38797,pin,net
n_38797,drc_bufs190213/A,net,pin
n_388,g186369/C,net,pin
g159157/Y,n_388,pin,net
drc_bufs190216/Y,n_38802,pin,net
n_38802,drc_bufs190215/A,net,pin
g159156/Y,n_389,pin,net
n_389,g158306/C,net,pin
g159379/Y,n_39,pin,net
n_39,g159011/B,net,pin
n_390,g186758/B,net,pin
g159154/Y,n_390,pin,net
n_3900,u8_mem_reg\[3\]\[1\]/D,net,pin
g155600/Y,n_3900,pin,net
n_3906,u1_slt2_reg\[4\]/D,net,pin
g155591/Y,n_3906,pin,net
n_3907,u1_slt6_reg\[4\]/D,net,pin
g155584/Y,n_3907,pin,net
g157348/Y,n_3908,pin,net
n_3908,g155580/A1,net,pin
n_3908,g154311/A2,net,pin
n_3909,u14_u7_full_empty_r_reg/D,net,pin
g155580/Y,n_3909,pin,net
g159161/Y,n_391,pin,net
n_391,g154126/B,net,pin
n_3913,u3_wp_reg\[1\]/D,net,pin
g155567/Y,n_3913,pin,net
n_3933,u4_mem_reg\[3\]\[0\]/D,net,pin
g155759/Y,n_3933,pin,net
n_3934,u4_mem_reg\[3\]\[1\]/D,net,pin
g155760/Y,n_3934,pin,net
n_3935,u4_mem_reg\[3\]\[2\]/D,net,pin
g155761/Y,n_3935,pin,net
n_3937,g188066/A1,net,pin
n_3937,g169494/B,net,pin
g156635/Y,n_3937,pin,net
n_3941,u4_mem_reg\[3\]\[3\]/D,net,pin
g155762/Y,n_3941,pin,net
n_3947,u1_slt4_reg\[4\]/D,net,pin
g156724/Y,n_3947,pin,net
n_3948,u1_slt3_reg\[4\]/D,net,pin
g156723/Y,n_3948,pin,net
n_3955,u4_mem_reg\[3\]\[8\]/D,net,pin
g155767/Y,n_3955,pin,net
n_3956,u4_mem_reg\[3\]\[9\]/D,net,pin
g155768/Y,n_3956,pin,net
n_3959,u5_mem_reg\[3\]\[27\]/D,net,pin
g155658/Y,n_3959,pin,net
n_396,g213868/B1,net,pin
n_396,g180067/C,net,pin
g159674/Y,n_396,pin,net
n_396,g1306/B,net,pin
n_3985,u0_slt9_r_reg\[2\]/D,net,pin
g153840/Y,n_3985,pin,net
n_399,g200312/A,net,pin
n_399,g197929/A,net,pin
g159627/Y,n_399,pin,net
g154983/Y,n_3991,pin,net
n_3991,g154122__6417/B,net,pin
n_3993,u14_u8_full_empty_r_reg/D,net,pin
g154862/Y,n_3993,pin,net
n_3996,g184027/B2,net,pin
g154776/Y,n_3996,pin,net
n_3996,g154774/A,net,pin
n_3996,g153971__218177/A1,net,pin
n_3999,g86/B2,net,pin
g154762/Y,n_3999,pin,net
n_3999,g153973__5526/A2,net,pin
n_4,g202360/A1,net,pin
g160099/Y,n_4,pin,net
n_40,g164348/A2,net,pin
g159537/Y,n_40,pin,net
n_4003,u1_sr_reg\[6\]/D,net,pin
g156892/Y,n_4003,pin,net
g159619/Y,n_401,pin,net
n_401,g159618/A,net,pin
n_402,g169752/B,net,pin
g159618/Y,n_402,pin,net
n_402,g154122__6417/A,net,pin
g169946/Y,n_4024,pin,net
n_4024,g169945/A1,net,pin
n_4024,g164013/A,net,pin
n_4027,g189098/A1,net,pin
n_4027,g186515/B,net,pin
n_4027,g167897/B1,net,pin
g159652/Y,n_4027,pin,net
n_4027,g154241/C,net,pin
n_4028,g216898/A,net,pin
n_4028,g167925/B1,net,pin
g159661/Y,n_4028,pin,net
n_4028,g157554/A1,net,pin
n_4028,g154244/A,net,pin
g191423/Y,n_40286,pin,net
n_40286,g191422/A,net,pin
n_40287,g199522/B,net,pin
g191422/Y,n_40287,pin,net
n_40287,g157743/A,net,pin
n_40287,g157316/B2,net,pin
g191487/Y,n_40371,pin,net
n_40371,g191486/B,net,pin
n_40372,g200420/B,net,pin
g191486/Y,n_40372,pin,net
n_40379,g200418/B,net,pin
g191491/Y,n_40379,pin,net
n_4040,g197058/B,net,pin
n_4040,g188069/B1,net,pin
g156631/Y,n_4040,pin,net
n_40416,g200239/A,net,pin
n_40416,g194061/B,net,pin
n_40416,g191533/B2,net,pin
fopt191529/Y,n_40416,pin,net
n_40416,fopt191528/A,net,pin
n_40417,g191533/A2,net,pin
n_40417,g180443/A1,net,pin
n_40417,g180442/A,net,pin
n_40417,g177888/A,net,pin
n_40417,g174551/A,net,pin
n_40417,g171562/A,net,pin
n_40417,g158846/A,net,pin
fopt191528/Y,n_40417,pin,net
n_40418,g191533/B1,net,pin
g191530/Y,n_40418,pin,net
n_40418,g156872/A1,net,pin
n_40419,g199186/A2,net,pin
g191533/Y,n_40419,pin,net
n_40419,g191532/A,net,pin
n_40419,g191531/B2,net,pin
n_4042,g188070/B1,net,pin
n_4042,g181550/B,net,pin
g156633/Y,n_4042,pin,net
n_40420,u3_status_reg\[0\]/D,net,pin
g191532/Y,n_40420,pin,net
n_40420,g191531/A1,net,pin
g191531/Y,n_40421,pin,net
n_40421,g157554/B,net,pin
g154849/Y,n_4048,pin,net
n_4048,g153873__167561/B,net,pin
n_4070,u14_u6_full_empty_r_reg/D,net,pin
g154785/Y,n_4070,pin,net
n_40712,g197007/B2,net,pin
g191781/Y,n_40712,pin,net
n_40712,g153558__168322/A1,net,pin
n_40712,g153404__6131/A2,net,pin
n_40712,g153381__8246/A1,net,pin
n_4075,g39/C,net,pin
n_4075,g193874/C,net,pin
n_4075,g192711/D,net,pin
n_4075,g168835/C,net,pin
g160159/Y,n_4075,pin,net
n_4075,g159158/B,net,pin
n_4075,g159157/B,net,pin
n_4075,g159156/B,net,pin
n_4075,g159154/B,net,pin
n_4075,g159153/B,net,pin
n_4077,u24_int_set_reg\[2\]/D,net,pin
g154311/Y,n_4077,pin,net
g154249/Y,n_4078,pin,net
n_4078,g153338__5122/A1,net,pin
g154191/Y,n_4081,pin,net
n_4081,g153873__167561/C,net,pin
g154231/Y,n_4082,pin,net
n_4082,g153842__8246/C,net,pin
n_40824,g213838/B2,net,pin
fopt191858/Y,n_40824,pin,net
g154230/Y,n_4083,pin,net
n_4083,g153841__191897/C,net,pin
g154223/Y,n_4084,pin,net
n_4084,g153835__6131/C,net,pin
g154216/Y,n_4086,pin,net
n_4086,g153830__205422/C,net,pin
g154215/Y,n_4087,pin,net
n_4087,g153829__173944/C,net,pin
g191894/Y,n_40900,pin,net
n_40900,g191893/A,net,pin
n_40902,g191896/A,net,pin
g191893/Y,n_40902,pin,net
n_40902,g153889__219219/A2,net,pin
n_40902,g153841__191897/B2,net,pin
g191896/Y,n_40904,pin,net
n_40904,g156931/A1,net,pin
n_40905,u8_dout_reg\[2\]/D,net,pin
g153841__191897/Y,n_40905,pin,net
g154206/Y,n_4092,pin,net
n_4092,g153764__169153/C,net,pin
g191945/Y,n_40954,pin,net
n_40954,g191944/A,net,pin
g191946/Y,n_40955,pin,net
n_40955,g191944/B,net,pin
n_40956,g209807/B2,net,pin
n_40956,g198372/A2,net,pin
g191944/Y,n_40956,pin,net
n_40956,g154002__2346/A2,net,pin
n_40956,g153766__178451/A2,net,pin
n_40978,g3/B,net,pin
n_40978,g221583/B,net,pin
n_40978,g219878/B,net,pin
g191966/Y,n_40978,pin,net
n_40978,g173649/A,net,pin
n_4098,g165/B,net,pin
g154190/Y,n_4098,pin,net
n_40982,u8_mem_reg\[1\]\[15\]/D,net,pin
g191970/Y,n_40982,pin,net
n_40983,u8_mem_reg\[1\]\[12\]/D,net,pin
g191971/Y,n_40983,pin,net
n_40985,u8_mem_reg\[1\]\[13\]/D,net,pin
g191973/Y,n_40985,pin,net
n_40986,u8_mem_reg\[1\]\[2\]/D,net,pin
g191974/Y,n_40986,pin,net
n_40987,u8_mem_reg\[1\]\[7\]/D,net,pin
g191975/Y,n_40987,pin,net
n_40988,u8_mem_reg\[1\]\[8\]/D,net,pin
g191976/Y,n_40988,pin,net
n_40989,u8_mem_reg\[1\]\[14\]/D,net,pin
g191977/Y,n_40989,pin,net
n_40990,u8_mem_reg\[1\]\[5\]/D,net,pin
g191978/Y,n_40990,pin,net
n_40992,u8_mem_reg\[1\]\[11\]/D,net,pin
g191980/Y,n_40992,pin,net
n_40993,u8_mem_reg\[1\]\[1\]/D,net,pin
g191981/Y,n_40993,pin,net
n_40994,u8_wp_reg\[1\]/D,net,pin
g191982/Y,n_40994,pin,net
n_41,g166500/B1,net,pin
g159389/Y,n_41,pin,net
n_41034,g197876/A,net,pin
g192019/Y,n_41034,pin,net
g155528/Y,n_4114,pin,net
n_4114,g155025/B,net,pin
n_4114,g154244/C,net,pin
n_41152,g222523/B2,net,pin
n_41152,g216709/B1,net,pin
n_41152,g211398/B2,net,pin
n_41152,g199218/B1,net,pin
n_41152,g198590/B2,net,pin
n_41152,g198580/A2,net,pin
n_41152,g198579/B1,net,pin
n_41152,g198574/A2,net,pin
n_41152,g198572/B2,net,pin
n_41152,g198570/B2,net,pin
n_41152,g197695/B2,net,pin
n_41152,g197647/B2,net,pin
g192138/Y,n_41152,pin,net
n_41152,g188350/B1,net,pin
n_41152,g181507/B2,net,pin
n_41152,g173927/B1,net,pin
n_41152,g172283/B,net,pin
n_41152,g169156/B1,net,pin
n_41152,g167537/B1,net,pin
n_41152,g167534/A,net,pin
n_41152,g167533/B2,net,pin
n_41152,g167529/A,net,pin
n_41152,g167528/A2,net,pin
n_41152,g167520/B2,net,pin
n_41152,g159/A2,net,pin
g192139/Y,n_41154,pin,net
n_41154,g189100/B1,net,pin
n_4116,g199705/B,net,pin
g155530/Y,n_4116,pin,net
n_4116,g155024/B,net,pin
n_4117,g180353/B,net,pin
g155529/Y,n_4117,pin,net
n_4117,g154241/A,net,pin
n_4119,g224655/B,net,pin
n_4119,g224653/C,net,pin
g155531/Y,n_4119,pin,net
n_41248,g153396__174767/A2,net,pin
fopt192214/Y,n_41248,pin,net
n_41323,g197985/B,net,pin
g192278/Y,n_41323,pin,net
n_41375,g192332/A,net,pin
g192331/Y,n_41375,pin,net
n_41375,g192330/A,net,pin
g192330/Y,n_41376,pin,net
n_41376,g192329/A2,net,pin
n_41376,g172163/B,net,pin
n_41377,g192333/A2,net,pin
g192332/Y,n_41377,pin,net
n_41377,g192329/B2,net,pin
n_41378,g67/A,net,pin
g192329/Y,n_41378,pin,net
n_41379,u4_wp_reg\[2\]/D,net,pin
g192333/Y,n_41379,pin,net
n_41434,g168948/A1,net,pin
n_41434,g154364__224657/B,net,pin
n_41434,g154362__224659/A2,net,pin
fopt192379/Y,n_41434,pin,net
g192383/Y,n_41435,pin,net
n_41435,g180360/A,net,pin
g154792/Y,n_4146,pin,net
n_4146,g153627__169861/A2,net,pin
g192438/Y,n_41491,pin,net
n_41491,g192437/A,net,pin
n_41491,g180565/A,net,pin
n_41491,g176220/A,net,pin
g192437/Y,n_41492,pin,net
n_41492,g154345__5107/A2,net,pin
n_41492,g154117__8246/A1,net,pin
n_415,g207117/A,net,pin
n_415,g188046/A,net,pin
g159343/Y,n_415,pin,net
n_4155,u1_slt6_reg\[5\]/D,net,pin
g155579/Y,n_4155,pin,net
n_4156,u1_slt2_reg\[5\]/D,net,pin
g155590/Y,n_4156,pin,net
n_41606,g196789/B,net,pin
g192552/Y,n_41606,pin,net
n_41608,g192555/A,net,pin
g192553/Y,n_41608,pin,net
n_41608,g170050/B,net,pin
g192556/Y,n_41609,pin,net
n_41609,g192555/B,net,pin
n_4161,u16_u7_dma_req_reg/D,net,pin
g154125/Y,n_4161,pin,net
n_41610,g192557/B,net,pin
g192555/Y,n_41610,pin,net
n_41610,g192554/B,net,pin
n_41611,u16_u4_dma_req_r1_reg/D,net,pin
g192554/Y,n_41611,pin,net
g192557/Y,n_41612,pin,net
n_41612,g181705/A1,net,pin
n_4162,u16_u8_dma_req_reg/D,net,pin
g154126/Y,n_4162,pin,net
g192581/Y,n_41636,pin,net
n_41636,g192579/A,net,pin
g192579/Y,n_41637,pin,net
n_41637,g171445/A2,net,pin
n_41637,g157480/B,net,pin
n_41637,fopt162413/A,net,pin
n_417,g197875/A,net,pin
n_417,g191531/B1,net,pin
g160155/Y,n_417,pin,net
n_417,g159332/A,net,pin
g192701/Y,n_41758,pin,net
n_41758,g192700/A1,net,pin
g192702/Y,n_41759,pin,net
n_41759,g192700/A2,net,pin
n_41761,u5_wp_reg\[0\]/D,net,pin
g192700/Y,n_41761,pin,net
g192710/Y,n_41767,pin,net
n_41767,g192709/A,net,pin
n_41767,g185962/B,net,pin
g192711/Y,n_41768,pin,net
n_41768,g192709/B,net,pin
n_41769,u14_u7_en_out_l_reg/D,net,pin
g192709/Y,n_41769,pin,net
n_4177,u1_slt4_reg\[5\]/D,net,pin
g156114/Y,n_4177,pin,net
g154229/Y,n_4179,pin,net
n_4179,g154119__6417/C,net,pin
g154228/Y,n_4180,pin,net
n_4180,g154118__5477/C,net,pin
g154221/Y,n_4186,pin,net
n_4186,g154112__9945/C,net,pin
n_419,g200193/A,net,pin
g160157/Y,n_419,pin,net
n_419,g158065/B1,net,pin
n_41910,g198603/A,net,pin
g192845/Y,n_41910,pin,net
n_41910,g174069_dup202286/A,net,pin
n_42,g200192/B2,net,pin
g159384/Y,n_42,pin,net
g154725/Y,n_4202,pin,net
n_4202,g154154__7410/A1,net,pin
g87/Y,n_42030,pin,net
n_42030,g192950/A,net,pin
n_42031,g207750/B,net,pin
g192950/Y,n_42031,pin,net
n_42031,g170087/B,net,pin
n_4207,u1_slt1_reg\[5\]/D,net,pin
g156116__5115/Y,n_4207,pin,net
n_4208,u1_slt3_reg\[5\]/D,net,pin
g156115__1881/Y,n_4208,pin,net
g154859__4319/Y,n_4224,pin,net
n_4224,g153616__5526/B,net,pin
n_42248,g200936/A,net,pin
g193148/Y,n_42248,pin,net
n_42248,g193147/A,net,pin
n_42248,g154216/B,net,pin
n_42248,g154215/B,net,pin
n_42248,g154190/B,net,pin
n_42248,g154186__6783/B,net,pin
n_42249,g193153/A,net,pin
g193147/Y,n_42249,pin,net
n_42249,g178/A2,net,pin
n_42249,g154745/A,net,pin
n_42249,g153974__6783/A1,net,pin
n_4225,g176218/B1,net,pin
g154745/Y,n_4225,pin,net
n_4225,g153839__180563/B1,net,pin
n_4225,g153603__6161/A1,net,pin
g193149/Y,n_42251,pin,net
n_42251,g154111__9315/C,net,pin
g193151/Y,n_42252,pin,net
n_42252,g154108__4733/C,net,pin
n_42253,g193162/B2,net,pin
n_42253,g193159/B2,net,pin
g193153/Y,n_42253,pin,net
n_42253,g193152/B,net,pin
n_42253,g153602__193161/A1,net,pin
n_42253,g153601__193160/A1,net,pin
n_42253,g153600__193163/A1,net,pin
g193152/Y,n_42254,pin,net
n_42254,g154109__6161/C,net,pin
g193154/Y,n_42255,pin,net
n_42255,g154115__1666/C,net,pin
g193155/Y,n_42256,pin,net
n_42256,g154116__7410/C,net,pin
g193156/Y,n_42257,pin,net
n_42257,g154117__8246/C,net,pin
g193157/Y,n_42258,pin,net
n_42258,g180431/C,net,pin
n_42260,u7_dout_reg\[0\]/D,net,pin
g193159/Y,n_42260,pin,net
n_42261,u7_dout_reg\[6\]/D,net,pin
g153601__193160/Y,n_42261,pin,net
n_42262,u7_dout_reg\[5\]/D,net,pin
g153602__193161/Y,n_42262,pin,net
n_42263,u7_dout_reg\[18\]/D,net,pin
g193162/Y,n_42263,pin,net
n_42264,u7_dout_reg\[7\]/D,net,pin
g153600__193163/Y,n_42264,pin,net
g159897/Y,n_423,pin,net
n_423,g159896/A,net,pin
n_423,g159895/A,net,pin
n_423,g159894/A,net,pin
n_423,g156977/A,net,pin
n_4230,u1_sr_reg\[7\]/D,net,pin
g156644/Y,n_4230,pin,net
g154122__6417/Y,n_4232,pin,net
n_4232,g153591__6783/A,net,pin
n_425,g80/A,net,pin
n_425,g63/A,net,pin
n_425,g199522/A,net,pin
n_425,g182367/A,net,pin
n_425,g172097/B,net,pin
n_425,g164088/A,net,pin
n_425,g155037/A2,net,pin
n_425,g139/A,net,pin
fopt181975/Y,n_425,pin,net
n_4253,g197109/B,net,pin
g154757/Y,n_4253,pin,net
n_4253,g154219__2802/B,net,pin
g154219__2802/Y,n_4254,pin,net
n_4254,g154110__8428/C,net,pin
g154200__6783/Y,n_4258,pin,net
n_4258,g153996__4733/C,net,pin
n_4261,g175822/B1,net,pin
n_4261,g171562/B,net,pin
g155037/Y,n_4261,pin,net
n_4261,fopt175575/A,net,pin
n_42613,g221874/A,net,pin
n_42613,g193486/A2,net,pin
g193484/Y,n_42613,pin,net
n_42615,g193488/A,net,pin
g193487/Y,n_42615,pin,net
n_42615,g193486/A1,net,pin
g193488/Y,n_42616,pin,net
n_42616,g193486/B1,net,pin
g193486/Y,n_42617,pin,net
n_42617,g193485/A,net,pin
n_42618,u26_ps_cnt_reg\[1\]/D,net,pin
g193485/Y,n_42618,pin,net
g193491/Y,n_42619,pin,net
n_42619,g193490/B,net,pin
g193490/Y,n_42620,pin,net
n_42620,g193489/A,net,pin
g193489/Y,n_42621,pin,net
n_42621,g187711/A,net,pin
n_42621,g169967/A,net,pin
n_42621,g163770/B,net,pin
n_42621,g157774/A,net,pin
n_42621,g157290/A1,net,pin
n_427,g198737/A,net,pin
n_427,g172177/A,net,pin
g160027/Y,n_427,pin,net
n_42722,g193558/B1,net,pin
n_42722,g193557/A2,net,pin
n_42722,g193556/A2,net,pin
n_42722,g193555/A2,net,pin
n_42722,g193554/A2,net,pin
g193553/Y,n_42722,pin,net
n_42722,g193552/A2,net,pin
n_42723,u15_crac_din_reg\[6\]/D,net,pin
g193552/Y,n_42723,pin,net
n_42724,u15_crac_din_reg\[8\]/D,net,pin
g193554/Y,n_42724,pin,net
n_42725,u15_crac_din_reg\[12\]/D,net,pin
g193555/Y,n_42725,pin,net
n_42726,u15_crac_din_reg\[14\]/D,net,pin
g193556/Y,n_42726,pin,net
n_42727,u15_crac_din_reg\[5\]/D,net,pin
g193557/Y,n_42727,pin,net
n_42728,u15_crac_din_reg\[7\]/D,net,pin
g193558/Y,n_42728,pin,net
n_42729,g193570/A2,net,pin
n_42729,g193569/A2,net,pin
n_42729,g193568/A2,net,pin
n_42729,g193567/A2,net,pin
n_42729,g193566/A,net,pin
n_42729,g193565/A2,net,pin
n_42729,g193564/A2,net,pin
n_42729,g193563/A2,net,pin
n_42729,g193562/A2,net,pin
n_42729,g193561/A2,net,pin
g193560/Y,n_42729,pin,net
n_42729,g193559/A2,net,pin
n_42730,u15_crac_din_reg\[13\]/D,net,pin
g193559/Y,n_42730,pin,net
n_42731,u15_crac_din_reg\[0\]/D,net,pin
g193561/Y,n_42731,pin,net
n_42732,u15_crac_din_reg\[15\]/D,net,pin
g193562/Y,n_42732,pin,net
n_42733,u15_crac_din_reg\[1\]/D,net,pin
g193563/Y,n_42733,pin,net
n_42734,u15_crac_din_reg\[11\]/D,net,pin
g193564/Y,n_42734,pin,net
n_42735,u15_crac_din_reg\[3\]/D,net,pin
g193565/Y,n_42735,pin,net
g193566/Y,n_42736,pin,net
n_42736,g176157/A2,net,pin
n_42737,u15_crac_din_reg\[4\]/D,net,pin
g193567/Y,n_42737,pin,net
n_42738,u15_crac_din_reg\[10\]/D,net,pin
g193568/Y,n_42738,pin,net
n_42739,u15_crac_din_reg\[2\]/D,net,pin
g193569/Y,n_42739,pin,net
n_42740,u15_crac_din_reg\[9\]/D,net,pin
g193570/Y,n_42740,pin,net
g159297/Y,n_4276,pin,net
n_4276,g154432__168296/A,net,pin
n_4276,g154431__2883/B,net,pin
n_42779,g234/A2,net,pin
g193607/Y,n_42779,pin,net
n_42779,g153760__193866/C2,net,pin
n_42799,g200419/C,net,pin
n_42799,g200417/C,net,pin
g193622/Y,n_42799,pin,net
n_4280,u20_int_set_reg\[0\]/D,net,pin
n_4280,g248/A,net,pin
n_4280,g184503/A,net,pin
g154994/Y,n_4280,pin,net
n_42801,u10_mem_reg\[1\]\[7\]/D,net,pin
g156/Y,n_42801,pin,net
n_43,g197058/A,net,pin
g159426/Y,n_43,pin,net
n_43020,g215506/B2,net,pin
n_43020,g166531/B2,net,pin
n_43020,g166504/B2,net,pin
n_43020,g166300/B2,net,pin
n_43020,g166262/B2,net,pin
n_43020,g166106/B2,net,pin
n_43020,g166055/B2,net,pin
n_43020,g166006/B2,net,pin
n_43020,g165965/B2,net,pin
n_43020,g165951/B2,net,pin
n_43020,g165895/B2,net,pin
n_43020,g165733/B2,net,pin
n_43020,g165532/B2,net,pin
n_43020,g165444/B2,net,pin
n_43020,g165385/B2,net,pin
n_43020,g165356/B2,net,pin
fopt193817/Y,n_43020,pin,net
n_43028,g213860/B2,net,pin
n_43028,g166132/B2,net,pin
n_43028,g166081/B2,net,pin
n_43028,g165922/B2,net,pin
n_43028,g165868/B2,net,pin
n_43028,g165840/B2,net,pin
n_43028,g165813/B2,net,pin
n_43028,g165790/B2,net,pin
n_43028,g165762/B2,net,pin
n_43028,g165705/B2,net,pin
n_43028,g165676/B2,net,pin
n_43028,g165647/B2,net,pin
n_43028,g165593/B2,net,pin
n_43028,g165503/B2,net,pin
n_43028,g165474/B2,net,pin
n_43028,g165414/B2,net,pin
fopt193818/Y,n_43028,pin,net
n_43075,g224455/A3,net,pin
g113/Y,n_43075,pin,net
g193854/Y,n_43077,pin,net
n_43077,g193853/A1,net,pin
n_43077,g172262/B,net,pin
n_43078,u21_int_set_reg\[2\]/D,net,pin
g193853/Y,n_43078,pin,net
n_43082,g216899/B,net,pin
n_43082,g193860/A1,net,pin
g193857/Y,n_43082,pin,net
n_43082,g189209/A,net,pin
n_43082,g186762/A2,net,pin
n_43082,g186516/A,net,pin
n_43082,g184605/C,net,pin
n_43082,g175581/A,net,pin
n_43083,g193860/B,net,pin
g193858/Y,n_43083,pin,net
n_43083,g183009/A,net,pin
n_43083,g170033/B,net,pin
g193861/Y,n_43084,pin,net
n_43084,g193860/A2,net,pin
n_43085,g193865/A,net,pin
n_43085,g193862/A,net,pin
g193860/Y,n_43085,pin,net
n_43085,g193859/A,net,pin
n_43085,fopt193864/A,net,pin
g193859/Y,n_43086,pin,net
n_43086,g154106__6260/C,net,pin
n_43087,g463/B,net,pin
n_43087,g309/B,net,pin
g193862/Y,n_43087,pin,net
n_43087,g186849/B1,net,pin
n_43087,g163987/B,net,pin
n_43087,g163907/B,net,pin
n_43087,g163/B,net,pin
n_43087,g153618__185117/B1,net,pin
n_43087,g153611__185128/A1,net,pin
n_43087,g128/B,net,pin
n_43088,g200464/A,net,pin
n_43088,g193870/C1,net,pin
n_43088,g193869/C2,net,pin
n_43088,g193863/B1,net,pin
n_43088,g154184__193872/A,net,pin
n_43088,g153880__193867/B1,net,pin
n_43088,g153879__193871/B1,net,pin
n_43088,g153760__193866/C1,net,pin
fopt193864/Y,n_43088,pin,net
g193863/Y,n_43089,pin,net
n_43089,g102/B,net,pin
g193865/Y,n_43090,pin,net
n_43090,g176662/A1,net,pin
n_43090,g154757/A,net,pin
n_43090,fopt1322/A,net,pin
n_43091,u4_rp_reg\[2\]/D,net,pin
g153760__193866/Y,n_43091,pin,net
n_43092,u4_dout_reg\[1\]/D,net,pin
g153880__193867/Y,n_43092,pin,net
n_43094,u4_dout_reg\[3\]/D,net,pin
g193869/Y,n_43094,pin,net
n_43095,u4_dout_reg\[2\]/D,net,pin
g193870/Y,n_43095,pin,net
n_43096,u4_dout_reg\[0\]/D,net,pin
g153879__193871/Y,n_43096,pin,net
n_43097,u4_rp_reg\[0\]/D,net,pin
g154184__193872/Y,n_43097,pin,net
g193874/Y,n_43098,pin,net
n_43098,g193873/B,net,pin
g193873/Y,n_43099,pin,net
n_43099,g188086/C,net,pin
g159906/Y,n_431,pin,net
n_431,g159904/A,net,pin
n_431,g156975/A,net,pin
n_43100,g213702/B,net,pin
g193875/Y,n_43100,pin,net
n_43100,g192700/B,net,pin
n_43100,g187654/C,net,pin
n_43100,g187653/A,net,pin
n_4312,u6_rp_reg\[0\]/SI,net,pin
g154187__4733/Y,n_4312,pin,net
n_4316,g189841/B1,net,pin
n_4316,g163908/A2,net,pin
g157898/Y,n_4316,pin,net
n_4316,g157010/A2,net,pin
n_4316,g154376__189849/A2,net,pin
g436/Y,n_43169,pin,net
n_43169,g433/A,net,pin
g435/Y,n_43170,pin,net
n_43170,g433/B,net,pin
g434/Y,n_43171,pin,net
n_43171,g433/C,net,pin
n_43172,u12_wb_data_o_reg\[19\]/D,net,pin
g433/Y,n_43172,pin,net
n_4318,g207000/A2,net,pin
n_4318,g189847/A,net,pin
n_4318,g183923/A1,net,pin
g159998/Y,n_4318,pin,net
n_4318,g157010/A1,net,pin
n_4318,g154375__189850/A1,net,pin
n_432,g199334/B,net,pin
n_432,g196605/A1,net,pin
g159644/Y,n_432,pin,net
n_432,g159640/A,net,pin
n_4320,g273/A2,net,pin
n_4320,g164096/B,net,pin
g157991/Y,n_4320,pin,net
n_4320,g154375__189850/A2,net,pin
n_4320,g138/A2,net,pin
g193968/Y,n_43201,pin,net
n_43201,g193966/A2,net,pin
n_43201,g183923/B,net,pin
g193969/Y,n_43202,pin,net
n_43202,g193966/B,net,pin
g193970/Y,n_43203,pin,net
n_43203,g193966/C,net,pin
g193966/Y,n_43204,pin,net
n_43204,g1809/B2,net,pin
g193971/Y,n_43205,pin,net
n_43205,g1811/A,net,pin
n_43205,g153997__189853/A1,net,pin
g98/Y,n_43206,pin,net
n_43206,g472/C1,net,pin
n_4324,g692/A1,net,pin
g157749/Y,n_4324,pin,net
n_4324,g154376__189849/B,net,pin
g194036/Y,n_43281,pin,net
n_43281,g194035/A1,net,pin
n_43282,u8_dout_reg\[10\]/D,net,pin
g194035/Y,n_43282,pin,net
g194040/Y,n_43290,pin,net
n_43290,g194039/A1,net,pin
n_43291,u6_dout_reg\[17\]/D,net,pin
g194039/Y,n_43291,pin,net
g194048/Y,n_43305,pin,net
n_43305,g188044/B1,net,pin
n_43305,g154381__9945/B,net,pin
g194049/Y,n_43306,pin,net
n_43306,g193870/B2,net,pin
n_43317,g194063/A1,net,pin
g194060/Y,n_43317,pin,net
n_43317,g192019/A2,net,pin
n_43317,g191423/B2,net,pin
n_43317,g183902/A2,net,pin
n_43317,g180273/B2,net,pin
n_43317,g169187/B2,net,pin
n_43317,g162693/B1,net,pin
n_43317,g162672/B2,net,pin
n_43317,g158796/A1,net,pin
n_43317,g158795/A2,net,pin
n_43317,g158789/A2,net,pin
n_43318,g194063/B1,net,pin
g194061/Y,n_43318,pin,net
n_43318,g186123/A2,net,pin
n_43318,g186122/A2,net,pin
n_43318,g186121/B2,net,pin
n_43318,g186120/A2,net,pin
n_43318,g183902/B2,net,pin
n_43318,g180273/A1,net,pin
n_43318,g163897/A2,net,pin
n_43318,g163896/A2,net,pin
n_43318,g162693/A2,net,pin
g194063/Y,n_43319,pin,net
n_43319,g194062/A,net,pin
g157697/Y,n_4332,pin,net
n_4332,g154372__189851/A1,net,pin
n_4332,g153998__189854/A1,net,pin
n_43320,g84/A,net,pin
n_43320,g81/B,net,pin
g194062/Y,n_43320,pin,net
n_43320,g153833__178097/A2,net,pin
g157978/Y,n_4339,pin,net
n_4339,g156929/B2,net,pin
n_4339,g154368__5526/A2,net,pin
n_4339,g154366__224661/A2,net,pin
n_4339,fopt164030/A,net,pin
n_43394,g194136/B1,net,pin
fopt60/Y,n_43394,pin,net
n_43395,g213425/A,net,pin
n_43395,g213424/A,net,pin
g194136/Y,n_43395,pin,net
n_434,u2_bit_clk_r_reg/D,net,pin
n_434,u1_sdata_in_r_reg/CLK,net,pin
g160160/Y,n_434,pin,net
n_4340,g218313/C,net,pin
g154368__5526/Y,n_4340,pin,net
n_4341,g224666/A2,net,pin
g157975/Y,n_4341,pin,net
n_4341,g156931/B1,net,pin
n_4341,g154367__8428/A1,net,pin
n_4341,g154364__224657/A2,net,pin
g154367__8428/Y,n_4342,pin,net
n_4342,g153662__6783/C,net,pin
g158000/Y,n_4343,pin,net
n_4343,g157006/A2,net,pin
n_4343,g154366__224661/B,net,pin
n_4343,g154363__224660/A2,net,pin
g157759/Y,n_4345,pin,net
n_4345,g154365__6260/B,net,pin
n_4345,g154356__9945/A2,net,pin
g158003/Y,n_4346,pin,net
n_4346,g154365__6260/A1,net,pin
n_4346,g154322__2398/B,net,pin
g194198/Y,n_43467,pin,net
n_43467,g194197/A2,net,pin
g194199/Y,n_43468,pin,net
n_43468,g194197/B,net,pin
n_43468,g172047/A,net,pin
n_43468,g169975/B,net,pin
n_43468,g156728/A1,net,pin
n_43469,u2_to_cnt_reg\[3\]/D,net,pin
g194197/Y,n_43469,pin,net
n_4347,g164218/B,net,pin
g154365__6260/Y,n_4347,pin,net
g160046/Y,n_435,pin,net
n_435,g160045/A,net,pin
n_435,g156979/A,net,pin
g157765/Y,n_4350,pin,net
n_4350,g154363__224660/B,net,pin
n_4350,g154361__6417/A2,net,pin
g157763/Y,n_4353,pin,net
n_4353,g154362__224659/B,net,pin
n_4353,g154359__1666/A1,net,pin
n_43530,g194248/C,net,pin
g194245/Y,n_43530,pin,net
n_43530,g194244/A,net,pin
n_43531,g194247/A,net,pin
g194244/Y,n_43531,pin,net
n_43531,g193854/A2,net,pin
n_43533,u7_mem_reg\[3\]\[16\]/D,net,pin
g194246/Y,n_43533,pin,net
g194248/Y,n_43534,pin,net
n_43534,g167859/A,net,pin
n_43534,g156903/A,net,pin
n_43534,g156902/A,net,pin
n_43535,g214952/A2,net,pin
n_43535,g200165/A2,net,pin
n_43535,g200162/B2,net,pin
n_43535,g200161/B2,net,pin
n_43535,g200160/B2,net,pin
n_43535,g200159/A2,net,pin
n_43535,g200148/A2,net,pin
g194249/Y,n_43535,pin,net
n_43535,g185556/A1,net,pin
n_43536,g200174/B2,net,pin
n_43536,g200173/B2,net,pin
n_43536,g200166/A2,net,pin
n_43536,g200158/B2,net,pin
n_43536,g200156/B2,net,pin
n_43536,g200155/B2,net,pin
n_43536,g200153/B2,net,pin
n_43536,g200145/B2,net,pin
n_43536,g200143/B2,net,pin
g194250/Y,n_43536,pin,net
n_43537,g213867/A2,net,pin
n_43537,g213843/A2,net,pin
n_43537,g200170/A2,net,pin
n_43537,g200169/A2,net,pin
n_43537,g200168/A2,net,pin
n_43537,g200164/A2,net,pin
n_43537,g200163/A2,net,pin
n_43537,g200157/A2,net,pin
n_43537,g200154/B2,net,pin
n_43537,g200152/B2,net,pin
n_43537,g200151/B2,net,pin
n_43537,g200150/A2,net,pin
n_43537,g200149/A2,net,pin
n_43537,g200147/B2,net,pin
n_43537,g200146/B2,net,pin
n_43537,g200140/A2,net,pin
g181571_dup194251/Y,n_43537,pin,net
g157762/Y,n_4355,pin,net
n_4355,g154361__6417/B,net,pin
n_4355,g154358__2346/A2,net,pin
g154361__6417/Y,n_4356,pin,net
n_4356,g130/C,net,pin
g157751/Y,n_4357,pin,net
n_4357,g154360__7410/B,net,pin
n_4357,g154352__7482/A2,net,pin
g154360__7410/Y,n_4359,pin,net
n_4359,g153843__5477/C,net,pin
g194315/Y,n_43604,pin,net
n_43604,g176/A1,net,pin
n_43604,g157279/B,net,pin
g179/Y,n_43605,pin,net
n_43605,g176/A2,net,pin
g178/Y,n_43606,pin,net
n_43606,g176/B,net,pin
n_43607,u7_rp_reg\[3\]/D,net,pin
g176/Y,n_43607,pin,net
g154359__1666/Y,n_4361,pin,net
n_4361,g153659__1617/C,net,pin
g159957/Y,n_4362,pin,net
n_4362,g154361__6417/A1,net,pin
n_4362,g154359__1666/A2,net,pin
n_4362,g154358__2346/A1,net,pin
n_4362,g154357__2883/A1,net,pin
n_4363,g200558/C,net,pin
g154358__2346/Y,n_4363,pin,net
n_4364,g194035/C,net,pin
g154357__2883/Y,n_4364,pin,net
n_4366,g164111/B,net,pin
g154356__9945/Y,n_4366,pin,net
n_43665,g218314/D,net,pin
g194374/Y,n_43665,pin,net
n_43666,g218314/C,net,pin
g194375/Y,n_43666,pin,net
n_43667,g218314/B,net,pin
g194376/Y,n_43667,pin,net
g154355__9315/Y,n_4369,pin,net
n_4369,g153592__219228/C,net,pin
g154354__6161/Y,n_4371,pin,net
n_4371,g153593__219227/C,net,pin
g154353__4733/Y,n_4372,pin,net
n_4372,g153594__219232/C,net,pin
n_43720,g40/A,net,pin
g194404/Y,n_43720,pin,net
g40/Y,n_43721,pin,net
n_43721,g153646__9945/A1,net,pin
n_4373,g164113/B,net,pin
g154352__7482/Y,n_4373,pin,net
g154351__5115/Y,n_4374,pin,net
n_4374,g153595__219229/C,net,pin
g154350__1881/Y,n_4375,pin,net
n_4375,g153839__180563/C,net,pin
g194438/Y,n_43760,pin,net
n_43760,g194437/A2,net,pin
n_43761,u5_dout_reg\[10\]/D,net,pin
g194437/Y,n_43761,pin,net
g157740/Y,n_4377,pin,net
n_4377,g154349__6131/A1,net,pin
n_4377,g154119__6417/A1,net,pin
n_4379,g163920/B,net,pin
g154349__6131/Y,n_4379,pin,net
n_4381,g2351/A,net,pin
g157735/Y,n_4381,pin,net
n_4381,g154118__5477/A1,net,pin
n_4383,g439/C,net,pin
g154347__8246/Y,n_4383,pin,net
n_4384,g193162/C,net,pin
g154346__5122/Y,n_4384,pin,net
n_4390,g173002/A,net,pin
g159884/Y,n_4390,pin,net
n_4390,g159882/A,net,pin
n_4390,g154316__3680/B,net,pin
n_4390,g153629__182014/C,net,pin
g154316__3680/Y,n_4392,pin,net
n_4392,g153398__1617/B,net,pin
n_44,u12_dout_reg\[29\]/D,net,pin
g160061/Y,n_44,pin,net
n_4401,g184613/B,net,pin
g154321__6260/Y,n_4401,pin,net
n_4404,g184615/B,net,pin
g154322__2398/Y,n_4404,pin,net
n_4405,g181261/A2,net,pin
n_4405,g169906/A1,net,pin
g157907/Y,n_4405,pin,net
n_4405,g154325__7410/A1,net,pin
n_4405,g154323__5477/A2,net,pin
g154323__5477/Y,n_4407,pin,net
n_4407,g153585__5526/C,net,pin
g154324__6417/Y,n_4408,pin,net
n_4408,g153584__6783/C,net,pin
g154325__7410/Y,n_4409,pin,net
n_4409,g153631__1617/C,net,pin
g154326__1666/Y,n_4410,pin,net
n_4410,g153607__179418/C,net,pin
n_4413,g519/C,net,pin
g154328__2883/Y,n_4413,pin,net
n_4415,g182911/C,net,pin
g154329__9945/Y,n_4415,pin,net
g157714/Y,n_4416,pin,net
n_4416,g154332__4733/B,net,pin
n_4416,g154330__9315/A2,net,pin
g154330__9315/Y,n_4418,pin,net
n_4418,g153634__188333/C,net,pin
g158988/Y,n_442,pin,net
n_442,g158011/A,net,pin
g157727/Y,n_4422,pin,net
n_4422,g154334__5115/B,net,pin
n_4422,g154332__4733/A1,net,pin
n_4423,g179295/B,net,pin
g154332__4733/Y,n_4423,pin,net
g157736/Y,n_4424,pin,net
n_4424,g154335__1881/B,net,pin
n_4424,g154333__7482/A2,net,pin
n_4425,g224630/C,net,pin
g154333__7482/Y,n_4425,pin,net
g157758/Y,n_4426,pin,net
n_4426,g154336__199215/B,net,pin
n_4426,g154334__5115/A2,net,pin
g154334__5115/Y,n_4427,pin,net
n_4427,g126/C,net,pin
g157678/Y,n_4428,pin,net
n_4428,g154337__7098/B,net,pin
n_4428,g154335__1881/A2,net,pin
g158995/Y,n_443,pin,net
n_443,g158009/B,net,pin
g154335__1881/Y,n_4430,pin,net
n_4430,g153639__182909/C,net,pin
n_4434,g194039/C,net,pin
g154337__7098/Y,n_4434,pin,net
g154340__1705/Y,n_4438,pin,net
n_4438,g153603__6161/C,net,pin
n_4439,u8_rp_reg\[0\]/SI,net,pin
g154189__2802/Y,n_4439,pin,net
g154341__1617/Y,n_4441,pin,net
n_4441,g153602__193161/C,net,pin
n_4443,u7_rp_reg\[0\]/SI,net,pin
g154186__6783/Y,n_4443,pin,net
n_44440,u6_mem_reg\[3\]\[11\]/D,net,pin
g195056/Y,n_44440,pin,net
n_44447,u6_mem_reg\[3\]\[8\]/D,net,pin
g195063/Y,n_44447,pin,net
g154342__5526/Y,n_4445,pin,net
n_4445,g153601__193160/C,net,pin
n_44452,u6_mem_reg\[3\]\[5\]/D,net,pin
g195068/Y,n_44452,pin,net
n_44456,u6_mem_reg\[3\]\[0\]/D,net,pin
g195072/Y,n_44456,pin,net
n_4448,g200197/C1,net,pin
n_4448,g194404/A,net,pin
g157945/Y,n_4448,pin,net
n_4448,g154343__4319/A2,net,pin
n_4448,g154109__6161/A1,net,pin
n_445,g57/A,net,pin
g158991/Y,n_445,pin,net
g154343__4319/Y,n_4450,pin,net
n_4450,g153600__193163/C,net,pin
g154344__6260/Y,n_4451,pin,net
n_4451,g153599__2346/C,net,pin
n_4453,g176218/C,net,pin
g154345__5107/Y,n_4453,pin,net
n_44556,u10_mem_reg\[1\]\[6\]/D,net,pin
g195169/Y,n_44556,pin,net
g154116__7410/Y,n_4456,pin,net
n_4456,g153837__9945/B,net,pin
n_4457,g171748/C,net,pin
g154115__1666/Y,n_4457,pin,net
g154112__9945/Y,n_4460,pin,net
n_4460,g153646__9945/B,net,pin
g154111__9315/Y,n_4461,pin,net
n_4461,g153645__2883/B,net,pin
g154109__6161/Y,n_4462,pin,net
n_4462,g153644__2346/B,net,pin
g154108__4733/Y,n_4464,pin,net
n_4464,g153643__1666/B,net,pin
n_4470,u10_mem_reg\[0\]\[17\]/D,net,pin
g154081__7098/Y,n_4470,pin,net
n_4471,g210505/C,net,pin
g154117__8246/Y,n_4471,pin,net
n_4472,u10_mem_reg\[0\]\[16\]/D,net,pin
g154080__5122/Y,n_4472,pin,net
n_4473,u10_mem_reg\[0\]\[15\]/D,net,pin
g154079__1705/Y,n_4473,pin,net
n_4474,u10_mem_reg\[0\]\[14\]/D,net,pin
g154078__2802/Y,n_4474,pin,net
n_4475,u10_mem_reg\[0\]\[13\]/D,net,pin
g154077__1617/Y,n_4475,pin,net
n_4481,u10_mem_reg\[0\]\[7\]/D,net,pin
g154071__6260/Y,n_4481,pin,net
n_4483,u10_mem_reg\[0\]\[5\]/D,net,pin
g154069__2398/Y,n_4483,pin,net
g154118__5477/Y,n_4484,pin,net
n_4484,g153651__5115/B,net,pin
n_4485,g190187/B,net,pin
g154731/Y,n_4485,pin,net
n_4485,g154365__6260/C,net,pin
n_4485,g154360__7410/C,net,pin
n_4485,g154356__9945/C,net,pin
n_4485,g154352__7482/C,net,pin
n_4485,g154349__6131/C,net,pin
n_4485,g154347__8246/C,net,pin
n_4485,g154344__6260/C,net,pin
n_4485,g154325__7410/B,net,pin
n_4485,g154324__6417/B,net,pin
n_4485,g154323__5477/C,net,pin
n_4485,g154322__2398/C,net,pin
n_4485,g154321__6260/C,net,pin
n_4485,g154119__6417/B,net,pin
n_4485,g154118__5477/B,net,pin
n_4485,g153996__4733/B,net,pin
g154119__6417/Y,n_4486,pin,net
n_4486,g153652__1881/B,net,pin
n_44864,u6_mem_reg\[3\]\[9\]/D,net,pin
g195458/Y,n_44864,pin,net
n_4487,u0_slt9_r_reg\[3\]/D,net,pin
g152881__7410/Y,n_4487,pin,net
n_4488,u10_mem_reg\[0\]\[2\]/D,net,pin
g154003__1666/Y,n_4488,pin,net
n_4489,u10_mem_reg\[0\]\[0\]/D,net,pin
g154002__2346/Y,n_4489,pin,net
g153996__4733/Y,n_4495,pin,net
n_4495,g153586__8428/B,net,pin
n_4496,g200463/A2,net,pin
n_4496,g176661/B,net,pin
g154724/Y,n_4496,pin,net
n_4498,u10_mem_reg\[0\]\[3\]/D,net,pin
g153986__5115/Y,n_4498,pin,net
g159266/Y,n_450,pin,net
n_450,g158611/B2,net,pin
n_4500,u10_mem_reg\[0\]\[4\]/D,net,pin
g153985__1881/Y,n_4500,pin,net
n_4502,u10_mem_reg\[0\]\[1\]/D,net,pin
g153978__7098/Y,n_4502,pin,net
n_4505,u26_cnt_reg\[2\]/D,net,pin
g153338__5122/Y,n_4505,pin,net
g159001/Y,n_451,pin,net
n_451,g158011/B,net,pin
n_4513,g184616/B,net,pin
n_4513,g164220/B,net,pin
n_4513,g164114/B,net,pin
n_4513,g164112/B,net,pin
g154770/Y,n_4513,pin,net
n_4513,g154200__6783/B,net,pin
n_4513,g153888__3680/B1,net,pin
n_4513,g153887__169189/B2,net,pin
g154244/Y,n_4514,pin,net
n_4514,g153888__3680/A2,net,pin
n_4514,g153887__169189/A2,net,pin
n_4515,g181262/B,net,pin
g157947/Y,n_4515,pin,net
n_4515,g153888__3680/A1,net,pin
n_4515,g153835__6131/B2,net,pin
n_4516,u3_dout_reg\[1\]/D,net,pin
g153888__3680/Y,n_4516,pin,net
n_452,g57/D,net,pin
g159003/Y,n_452,pin,net
g154729/Y,n_4524,pin,net
n_4524,g154368__5526/B,net,pin
n_4524,g154367__8428/B,net,pin
n_4524,g154366__224661/C,net,pin
n_4524,g154364__224657/C,net,pin
n_4524,g154363__224660/C,net,pin
n_4524,g154362__224659/C,net,pin
n_4524,g154361__6417/C,net,pin
n_4524,g154359__1666/C,net,pin
n_4524,g154358__2346/C,net,pin
n_4524,g154357__2883/C,net,pin
n_4524,g154355__9315/C,net,pin
n_4524,g154354__6161/C,net,pin
n_4524,g154353__4733/B,net,pin
n_4524,g154351__5115/B,net,pin
n_4524,g154121__171814/B,net,pin
n_4524,g154120__4319/B,net,pin
g154120__4319/Y,n_4525,pin,net
n_4525,g153655__8246/B,net,pin
n_4527,g196660/A1,net,pin
g154241/Y,n_4527,pin,net
n_4527,g153883__196657/A2,net,pin
n_4533,u1_slt1_reg\[6\]/D,net,pin
g155592__5477/Y,n_4533,pin,net
n_45330,g223/B2,net,pin
n_45330,g196984/B2,net,pin
g195911/Y,n_45330,pin,net
n_45330,g176786/A2,net,pin
n_45330,g176413/A2,net,pin
n_45330,g176367/A2,net,pin
n_45330,g176365/A2,net,pin
n_45330,g176359/A2,net,pin
n_45330,g176350/A2,net,pin
n_45330,g176348/A2,net,pin
n_45330,g176342/A2,net,pin
n_45330,g153423__1705/B2,net,pin
n_45330,g153421__4319/B2,net,pin
n_45330,g153420__6260/B2,net,pin
n_45330,g153419__5107/B1,net,pin
n_45330,g153418__2398/B2,net,pin
n_45330,g153417__5477/B2,net,pin
n_45330,g153416__6417/B2,net,pin
n_45330,g153414__175602/B2,net,pin
n_45330,g153413__175598/B2,net,pin
n_45330,g153412__178339/B2,net,pin
n_45330,g153411__9945/B2,net,pin
n_45330,g153410__9315/B2,net,pin
n_45330,g153409__6161/B2,net,pin
n_45330,g153408__4733/B2,net,pin
n_45330,g153404__6131/B2,net,pin
n_45330,g153337__4733/B2,net,pin
n_45330,g153336__7482/B2,net,pin
n_45330,g153335__5115/B2,net,pin
n_45330,g153331__6783/B2,net,pin
n_45330,g153330__4319/B2,net,pin
n_45330,g140/B2,net,pin
n_45330,g118/B2,net,pin
n_4534,u1_slt2_reg\[6\]/D,net,pin
g155589__6417/Y,n_4534,pin,net
n_4535,u1_slt3_reg\[6\]/D,net,pin
g155582__7410/Y,n_4535,pin,net
n_4536,u1_slt4_reg\[6\]/D,net,pin
g155581__1666/Y,n_4536,pin,net
n_4537,u1_slt6_reg\[6\]/D,net,pin
g155578__2346/Y,n_4537,pin,net
n_45388,u6_mem_reg\[3\]\[3\]/D,net,pin
g195965/Y,n_45388,pin,net
g158994/Y,n_454,pin,net
n_454,g158009/D,net,pin
n_4540,g188048/A1,net,pin
g157921/Y,n_4540,pin,net
n_4540,g157139/A2,net,pin
n_4540,g154383__4733/B,net,pin
n_4540,g154381__9945/A2,net,pin
g154381__9945/Y,n_4541,pin,net
n_4541,g153611__185128/C,net,pin
g159873/Y,n_4542,pin,net
n_4542,g159871/A,net,pin
n_4542,g154314__9315/B,net,pin
n_4542,g153628__178191/C,net,pin
g154314__9315/Y,n_4544,pin,net
n_4544,g153397__1881/B,net,pin
n_4546,g455/B,net,pin
g154382__6161/Y,n_4546,pin,net
n_4548,g178142/A,net,pin
n_4548,g170077/B,net,pin
g169019/Y,n_4548,pin,net
n_4548,g160033/A,net,pin
n_4548,g157487/B,net,pin
n_4548,g154384__7482/A2,net,pin
n_4548,g154383__4733/A2,net,pin
n_4548,g154382__6161/A1,net,pin
n_4548,g154381__9945/A1,net,pin
n_4548,g153760__193866/A3,net,pin
n_4549,g185120/B,net,pin
g154383__4733/Y,n_4549,pin,net
g159659/Y,n_455,pin,net
n_455,g159293/B,net,pin
n_455,g156970/A2,net,pin
n_45569,u11_mem_reg\[2\]\[25\]/D,net,pin
g196136/Y,n_45569,pin,net
n_4557,g185119/B,net,pin
g154384__7482/Y,n_4557,pin,net
g159293/Y,n_456,pin,net
n_456,g156970/B,net,pin
n_45607,u11_mem_reg\[2\]\[31\]/D,net,pin
g196171/Y,n_45607,pin,net
n_4562,g185115/B,net,pin
g154386__1881/Y,n_4562,pin,net
n_45624,g90/A2,net,pin
g196187/Y,n_45624,pin,net
n_45624,g153808__182089/A2,net,pin
n_45624,g153388__3680/A1,net,pin
n_45624,g153342__2398/A2,net,pin
n_45625,g90/A1,net,pin
n_45625,g209708/B2,net,pin
g196188/Y,n_45625,pin,net
n_45625,g196171/B2,net,pin
n_45625,g196136/B2,net,pin
n_45625,g153915__168275/A1,net,pin
n_45625,g153914__168271/A1,net,pin
n_45625,g153913__168273/A1,net,pin
n_45625,g153912__168269/A1,net,pin
n_45625,g153911__168274/A1,net,pin
n_45625,g153909__168264/A1,net,pin
n_45625,g153908__168265/A1,net,pin
n_45625,g153907__168268/A1,net,pin
n_45625,g153906__168272/A1,net,pin
n_45625,g153814__168277/A1,net,pin
n_45625,g153813__175430/A1,net,pin
n_45627,u11_mem_reg\[2\]\[19\]/D,net,pin
g90/Y,n_45627,pin,net
n_4568,g169963/A1,net,pin
g157718/Y,n_4568,pin,net
n_4568,g154391__1705/B,net,pin
g154391__1705/Y,n_4572,pin,net
n_4572,g153618__185117/C,net,pin
n_4573,g186849/C,net,pin
g154392__2802/Y,n_4573,pin,net
n_4574,g185129/B,net,pin
g154393__1617/Y,n_4574,pin,net
n_4578,u10_wp_reg\[0\]/D,net,pin
g153591__6783/Y,n_4578,pin,net
n_4579,u10_wp_reg\[3\]/D,net,pin
g153616__5526/Y,n_4579,pin,net
n_4588,u10_mem_reg\[0\]\[20\]/D,net,pin
g154142__6417/Y,n_4588,pin,net
n_459,g169148/C,net,pin
g159302/Y,n_459,pin,net
n_4591,u15_rdd2_reg/D,net,pin
g154154__7410/Y,n_4591,pin,net
n_4592,u10_mem_reg\[0\]\[31\]/D,net,pin
g154153__1666/Y,n_4592,pin,net
n_4593,u10_mem_reg\[0\]\[30\]/D,net,pin
g154152__2346/Y,n_4593,pin,net
n_4594,u10_mem_reg\[0\]\[29\]/D,net,pin
g154151__2883/Y,n_4594,pin,net
n_4595,u10_mem_reg\[0\]\[28\]/D,net,pin
g154150__9945/Y,n_4595,pin,net
n_4596,u10_mem_reg\[0\]\[27\]/D,net,pin
g154149__9315/Y,n_4596,pin,net
n_4597,u10_mem_reg\[0\]\[26\]/D,net,pin
g154148__6161/Y,n_4597,pin,net
n_4598,u10_mem_reg\[0\]\[25\]/D,net,pin
g154147__4733/Y,n_4598,pin,net
n_4599,u10_mem_reg\[0\]\[24\]/D,net,pin
g154146__7482/Y,n_4599,pin,net
n_46,g176897/B,net,pin
n_46,drc_bufs164592/A,net,pin
drc_bufs164393/Y,n_46,pin,net
g159011/Y,n_460,pin,net
n_460,g154154__7410/B,net,pin
n_4600,u10_mem_reg\[0\]\[23\]/D,net,pin
g154145__5115/Y,n_4600,pin,net
n_4603,u10_mem_reg\[0\]\[22\]/D,net,pin
g154144__1881/Y,n_4603,pin,net
n_4604,u10_mem_reg\[0\]\[21\]/D,net,pin
g154143__6131/Y,n_4604,pin,net
g158996/Y,n_461,pin,net
n_461,g158009/C,net,pin
g196605/Y,n_46110,pin,net
n_46110,g129/B,net,pin
n_46111,g170000/C,net,pin
g129/Y,n_46111,pin,net
g154110__8428/Y,n_4614,pin,net
n_4614,g153619__185121/B,net,pin
n_46163,u13_crac_r_reg\[2\]/D,net,pin
g196639/Y,n_46163,pin,net
g154106__6260/Y,n_4617,pin,net
n_4617,g153677__185118/B,net,pin
n_46182,g196654/A,net,pin
n_46182,g196652/A,net,pin
g196651/Y,n_46182,pin,net
n_46182,g188330/A,net,pin
n_46182,g180357/B,net,pin
n_46182,g154762/A,net,pin
n_46182,g154206/B,net,pin
n_46182,g154191/B,net,pin
n_46182,g154187__4733/A,net,pin
n_46183,g196656/A,net,pin
g196652/Y,n_46183,pin,net
n_46183,g154759/A,net,pin
n_46184,g196660/B1,net,pin
n_46184,g196659/B,net,pin
n_46184,g196658/A,net,pin
g196654/Y,n_46184,pin,net
n_46184,g196653/A,net,pin
n_46184,g153883__196657/B2,net,pin
n_46185,g198417/C,net,pin
g196653/Y,n_46185,pin,net
g196656/Y,n_46186,pin,net
n_46186,g196655/A,net,pin
n_46187,g199220/C,net,pin
g196655/Y,n_46187,pin,net
n_46188,u6_dout_reg\[0\]/D,net,pin
g153883__196657/Y,n_46188,pin,net
g196658/Y,n_46189,pin,net
n_46189,g154098__181547/C,net,pin
g196659/Y,n_46190,pin,net
n_46190,g187013/C,net,pin
n_46191,u6_dout_reg\[1\]/D,net,pin
g196660/Y,n_46191,pin,net
n_46192,g213327/A2,net,pin
g196661/Y,n_46192,pin,net
n_46192,g178920/B,net,pin
g158990/Y,n_462,pin,net
n_462,g158011/C,net,pin
n_46227,g199521/A1,net,pin
g196696/Y,n_46227,pin,net
n_46227,g172095/A1,net,pin
n_46227,g157080/A2,net,pin
n_46227,g136/A1,net,pin
n_46227,g123/A2,net,pin
g196697/Y,n_46228,pin,net
n_46228,g181261/B1,net,pin
n_46228,g154349__6131/B,net,pin
n_46228,g154347__8246/A2,net,pin
n_46228,g136/A2,net,pin
g196698/Y,n_46229,pin,net
n_46229,g136/B,net,pin
n_46230,g154119__6417/A2,net,pin
g139/Y,n_46230,pin,net
n_46230,g136/C,net,pin
n_46231,g153652__1881/A2,net,pin
g136/Y,n_46231,pin,net
g196700/Y,n_46232,pin,net
n_46232,fopt196702/A,net,pin
n_46232,fopt196699/A,net,pin
n_46233,g165302/B1,net,pin
n_46233,g165300/B1,net,pin
n_46233,g165292/B1,net,pin
n_46233,g165288/B1,net,pin
fopt196699/Y,n_46233,pin,net
n_46234,g196730/B1,net,pin
n_46234,g196729/B1,net,pin
n_46234,g196728/B1,net,pin
n_46234,g196727/B1,net,pin
n_46234,g196726/B1,net,pin
n_46234,g196725/B1,net,pin
n_46234,g196724/B1,net,pin
n_46234,g196723/B1,net,pin
n_46234,g196722/B1,net,pin
n_46234,g196721/B1,net,pin
n_46234,g196720/B1,net,pin
n_46234,g196719/B1,net,pin
n_46234,g196718/B1,net,pin
n_46234,g196717/B1,net,pin
n_46234,g196716/B1,net,pin
n_46234,g196715/B1,net,pin
n_46234,g196714/B1,net,pin
n_46234,g196713/B1,net,pin
n_46234,g196712/B1,net,pin
n_46234,g196711/B1,net,pin
n_46234,g196710/B1,net,pin
n_46234,g196709/B1,net,pin
n_46234,g196708/B1,net,pin
n_46234,g196707/B1,net,pin
n_46234,g196706/B1,net,pin
n_46234,g196705/B1,net,pin
n_46234,g196704/B1,net,pin
n_46234,g196703/B1,net,pin
n_46234,g196701/A,net,pin
fopt196702/Y,n_46234,pin,net
g196701/Y,n_46235,pin,net
n_46235,g168960/B,net,pin
g196703/Y,n_46236,pin,net
n_46236,g157843/A,net,pin
g196704/Y,n_46237,pin,net
n_46237,g157837/A,net,pin
g196705/Y,n_46238,pin,net
n_46238,g158008/A,net,pin
g196706/Y,n_46239,pin,net
n_46239,g157831/A,net,pin
n_4624,u1_sr_reg\[8\]/D,net,pin
g156003/Y,n_4624,pin,net
g196707/Y,n_46240,pin,net
n_46240,g157838/A,net,pin
g196708/Y,n_46241,pin,net
n_46241,g157832/A,net,pin
g196709/Y,n_46242,pin,net
n_46242,g157839/A,net,pin
g196710/Y,n_46243,pin,net
n_46243,g157836/A,net,pin
g196711/Y,n_46244,pin,net
n_46244,g157847/A,net,pin
g196712/Y,n_46245,pin,net
n_46245,g157833/A,net,pin
g196713/Y,n_46246,pin,net
n_46246,g157829/A,net,pin
g196714/Y,n_46247,pin,net
n_46247,g157849/A,net,pin
g196715/Y,n_46248,pin,net
n_46248,g157857/A,net,pin
g196716/Y,n_46249,pin,net
n_46249,g157850/A,net,pin
g196717/Y,n_46250,pin,net
n_46250,g157834/A,net,pin
g196718/Y,n_46251,pin,net
n_46251,g157842/A,net,pin
g196719/Y,n_46252,pin,net
n_46252,g157859/A,net,pin
g196720/Y,n_46253,pin,net
n_46253,g157830/A,net,pin
g196721/Y,n_46254,pin,net
n_46254,g157845/A,net,pin
g196722/Y,n_46255,pin,net
n_46255,g157862/A,net,pin
g196723/Y,n_46256,pin,net
n_46256,g157853/A,net,pin
g196724/Y,n_46257,pin,net
n_46257,g157852/A,net,pin
g196725/Y,n_46258,pin,net
n_46258,g157825/A,net,pin
g196726/Y,n_46259,pin,net
n_46259,g157846/A,net,pin
g196727/Y,n_46260,pin,net
n_46260,g157777/A,net,pin
g196728/Y,n_46261,pin,net
n_46261,g157855/A,net,pin
g196729/Y,n_46262,pin,net
n_46262,g157848/A,net,pin
g196730/Y,n_46263,pin,net
n_46263,g157835/A,net,pin
n_46289,u8_mem_reg\[1\]\[17\]/D,net,pin
g196753/Y,n_46289,pin,net
g159305/Y,n_463,pin,net
n_463,g113/B,net,pin
n_46334,g196791/A,net,pin
g196789/Y,n_46334,pin,net
n_46334,g157759/A,net,pin
n_46334,g157641/B,net,pin
g196791/Y,n_46335,pin,net
n_46335,g196790/B,net,pin
g196790/Y,n_46336,pin,net
n_46336,g184615/A1,net,pin
g159308/Y,n_464,pin,net
n_464,g156972/B,net,pin
n_4641,u11_wp_reg\[3\]/D,net,pin
g153398__1617/Y,n_4641,pin,net
n_46422,u6_mem_reg\[3\]\[15\]/D,net,pin
g196865/Y,n_46422,pin,net
n_4644,u7_rp_reg\[2\]/D,net,pin
g153974__6783/Y,n_4644,pin,net
n_4645,u6_rp_reg\[0\]/D,net,pin
n_4645,g169092/A,net,pin
g155029/Y,n_4645,pin,net
n_4645,g153973__5526/B1,net,pin
n_4646,u6_rp_reg\[2\]/D,net,pin
g153973__5526/Y,n_4646,pin,net
g196915/Y,n_46477,pin,net
n_46477,g196914/A1,net,pin
n_46477,g181393/A1,net,pin
n_46477,g175968/B2,net,pin
n_46477,g175956/B2,net,pin
n_46477,g172949/B2,net,pin
n_46477,g172541/B2,net,pin
n_46477,g171378/A1,net,pin
n_46477,g154153__1666/B2,net,pin
n_46477,g154152__2346/B2,net,pin
n_46477,g154151__2883/B2,net,pin
n_46477,g154150__9945/B2,net,pin
n_46477,g154149__9315/B2,net,pin
n_46477,g154148__6161/B2,net,pin
n_46477,g154147__4733/B2,net,pin
n_46477,g154146__7482/B2,net,pin
n_46477,g154145__5115/B2,net,pin
n_46477,g154144__1881/B2,net,pin
n_46477,g154143__6131/B2,net,pin
n_46477,g154142__6417/B2,net,pin
n_46477,g154082__167222/B2,net,pin
n_46477,g154081__7098/B2,net,pin
n_46477,g154080__5122/B2,net,pin
n_46477,g154079__1705/B2,net,pin
n_46477,g154078__2802/B2,net,pin
n_46477,g154077__1617/B1,net,pin
n_46477,g154071__6260/B2,net,pin
n_46477,g154069__2398/B2,net,pin
n_46477,g154003__1666/B2,net,pin
n_46477,g154002__2346/B2,net,pin
n_46477,g153986__5115/B2,net,pin
n_46477,g153985__1881/B2,net,pin
n_46477,g153978__7098/B2,net,pin
g196916/Y,n_46478,pin,net
n_46478,g196914/B1,net,pin
n_46478,g181393/B1,net,pin
n_46478,g175968/A2,net,pin
n_46478,g175956/A1,net,pin
n_46478,g172949/A1,net,pin
n_46478,g172541/A1,net,pin
n_46478,g171378/B1,net,pin
n_46478,g154153__1666/A2,net,pin
n_46478,g154152__2346/A2,net,pin
n_46478,g154151__2883/A1,net,pin
n_46478,g154150__9945/A2,net,pin
n_46478,g154149__9315/A2,net,pin
n_46478,g154148__6161/A2,net,pin
n_46478,g154147__4733/A2,net,pin
n_46478,g154146__7482/A2,net,pin
n_46478,g154145__5115/A2,net,pin
n_46478,g154144__1881/A2,net,pin
n_46478,g154143__6131/A2,net,pin
n_46478,g154142__6417/A2,net,pin
n_46478,g154082__167222/A2,net,pin
n_46478,g154081__7098/A1,net,pin
n_46478,g154080__5122/A1,net,pin
n_46478,g154079__1705/A2,net,pin
n_46478,g154078__2802/A2,net,pin
n_46478,g154077__1617/A1,net,pin
n_46478,g154071__6260/A1,net,pin
n_46478,g154069__2398/A1,net,pin
n_46478,g154003__1666/A1,net,pin
n_46478,g154002__2346/A1,net,pin
n_46478,g153986__5115/A2,net,pin
n_46478,g153985__1881/A2,net,pin
n_46478,g153978__7098/A1,net,pin
n_46479,g209801/B2,net,pin
g196917/Y,n_46479,pin,net
n_46479,g196914/B2,net,pin
n_46479,g154094__198366/A2,net,pin
n_46479,g153776__178440/A2,net,pin
n_46480,u10_mem_reg\[0\]\[10\]/D,net,pin
g196914/Y,n_46480,pin,net
n_46485,g75/D,net,pin
g196922/Y,n_46485,pin,net
g75/Y,n_46486,pin,net
n_46486,g185127/A1,net,pin
g196982/Y,n_46558,pin,net
n_46558,g153576__7410/A2,net,pin
n_46558,g153556__168324/A1,net,pin
n_46558,g153379__1705/A1,net,pin
n_46558,g118/A2,net,pin
n_46559,u9_mem_reg\[3\]\[2\]/D,net,pin
g118/Y,n_46559,pin,net
n_4656,u10_mem_reg\[1\]\[11\]/D,net,pin
g153862__6417/Y,n_4656,pin,net
g196985/Y,n_46562,pin,net
n_46562,g196984/A2,net,pin
n_46562,g153575__1666/A2,net,pin
n_46562,g153555__168325/A1,net,pin
n_46562,g153378__2802/A1,net,pin
n_46563,u9_mem_reg\[3\]\[3\]/D,net,pin
g196984/Y,n_46563,pin,net
g196990/Y,n_46564,pin,net
n_46564,g196989/A,net,pin
g196989/Y,n_46566,pin,net
n_46566,g153648__196988/A2,net,pin
n_46567,u7_dout_reg\[13\]/D,net,pin
g153648__196988/Y,n_46567,pin,net
n_4657,u10_mem_reg\[1\]\[31\]/D,net,pin
g153964__7410/Y,n_4657,pin,net
n_4658,u10_mem_reg\[1\]\[30\]/D,net,pin
g153963__1666/Y,n_4658,pin,net
g197008/Y,n_46587,pin,net
n_46587,g197007/A2,net,pin
n_46587,g172431/A1,net,pin
n_46587,g153940__9945/B2,net,pin
n_46587,g153939__9315/B2,net,pin
n_46587,g153938__4733/B2,net,pin
n_46587,g153937__7482/B2,net,pin
n_46587,g153936__1881/B2,net,pin
n_46587,g153935__6131/B2,net,pin
n_46587,g153934__8246/B2,net,pin
n_46587,g153933__5122/B2,net,pin
n_46587,g153932__2802/B2,net,pin
n_46587,g153931__1617/B2,net,pin
n_46587,g153930__3680/B2,net,pin
n_46587,g153929__5526/B2,net,pin
n_46587,g153577__6417/B2,net,pin
n_46587,g153576__7410/B2,net,pin
n_46587,g153575__1666/B2,net,pin
n_46587,g153574__2883/B2,net,pin
n_46587,g153573__9945/B2,net,pin
n_46587,g153572__9315/B2,net,pin
n_46587,g153571__6161/B2,net,pin
n_46587,g153570__178343/B2,net,pin
n_46587,g153569__7482/B2,net,pin
n_46587,g153568__5115/B2,net,pin
n_46587,g153567__1881/B2,net,pin
n_46587,g153566__6131/B2,net,pin
n_46587,g153565__7098/B2,net,pin
n_46587,g153564__8246/B2,net,pin
n_46587,g153563__5122/B2,net,pin
n_46587,g153562__1705/B2,net,pin
n_46587,g153561__2802/B2,net,pin
n_46587,g153559__3680/B2,net,pin
n_46588,u9_mem_reg\[0\]\[0\]/D,net,pin
g197007/Y,n_46588,pin,net
g158939/Y,n_4661,pin,net
n_4661,g154149__9315/A1,net,pin
n_4661,g154137__198363/A1,net,pin
n_4661,g153960__9945/A2,net,pin
n_4661,g153924__178430/A2,net,pin
n_4662,u10_mem_reg\[1\]\[27\]/D,net,pin
g153960__9945/Y,n_4662,pin,net
g158940/Y,n_4663,pin,net
n_4663,g154148__6161/A1,net,pin
n_4663,g154136__198361/A1,net,pin
n_4663,g153959__9315/A2,net,pin
n_4663,g153923__178453/A2,net,pin
g197058/Y,n_46638,pin,net
n_46638,g197057/A2,net,pin
g197059/Y,n_46639,pin,net
n_46639,g197057/A1,net,pin
n_4664,u10_mem_reg\[1\]\[26\]/D,net,pin
g153959__9315/Y,n_4664,pin,net
n_46640,u18_int_set_reg\[1\]/D,net,pin
g197057/Y,n_46640,pin,net
n_46642,g197063/A,net,pin
g197061/Y,n_46642,pin,net
n_46642,g157758/A,net,pin
n_46642,g157529/B,net,pin
g197063/Y,n_46643,pin,net
n_46643,g197062/B,net,pin
g197062/Y,n_46644,pin,net
n_46644,g126/A1,net,pin
n_4665,g209881/B2,net,pin
g158905/Y,n_4665,pin,net
n_4665,g154147__4733/A1,net,pin
n_4665,g154135__198360/A1,net,pin
n_4665,g153922__178454/A2,net,pin
n_4667,g210032/B2,net,pin
n_4667,g198066/A2,net,pin
g158916/Y,n_4667,pin,net
n_4667,g154146__7482/A1,net,pin
n_4667,g153921__178429/A2,net,pin
g197106/Y,n_46697,pin,net
n_46697,g197105/A1,net,pin
n_46697,g188049/A1,net,pin
n_46697,g154384__7482/A1,net,pin
n_46698,g199344/C,net,pin
g197107/Y,n_46698,pin,net
n_46698,g197105/A2,net,pin
g158989/Y,n_467,pin,net
n_467,g158011/D,net,pin
n_4670,u10_mem_reg\[1\]\[23\]/D,net,pin
g153956__7482/Y,n_4670,pin,net
g197109/Y,n_46700,pin,net
n_46700,g197105/C,net,pin
g197105/Y,n_46701,pin,net
n_46701,g153624__185113/B,net,pin
n_4671,g209819/B2,net,pin
g158918/Y,n_4671,pin,net
n_4671,g154144__1881/A1,net,pin
n_4671,g154132__198345/A1,net,pin
n_4671,g153919__178452/A2,net,pin
g158934/Y,n_4673,pin,net
n_4673,g154143__6131/A1,net,pin
n_4673,g154131__198347/A1,net,pin
n_4673,g153954__1881/A1,net,pin
n_4673,g153918__178455/A2,net,pin
n_4674,u10_mem_reg\[1\]\[21\]/D,net,pin
g153954__1881/Y,n_4674,pin,net
n_4675,g209813/B2,net,pin
g158922/Y,n_4675,pin,net
n_4675,g154142__6417/A1,net,pin
n_4675,g154130__198343/A1,net,pin
n_4675,g153917__178432/A2,net,pin
n_46750,u10_mem_reg\[1\]\[9\]/D,net,pin
g197155/Y,n_46750,pin,net
g158985/Y,n_468,pin,net
n_468,g157865/A,net,pin
g158935/Y,n_4689,pin,net
n_4689,g154153__1666/A1,net,pin
n_4689,g154141__198362/A1,net,pin
n_4689,g153964__7410/A2,net,pin
n_4689,g153928__178428/A2,net,pin
g159304/Y,n_469,pin,net
n_469,g156974/B,net,pin
g158924/Y,n_4691,pin,net
n_4691,g154152__2346/A1,net,pin
n_4691,g154140__198346/A1,net,pin
n_4691,g153963__1666/A2,net,pin
n_4691,g153927__178456/A2,net,pin
n_4693,g208465/B2,net,pin
g158937/Y,n_4693,pin,net
n_4693,g154151__2883/A2,net,pin
n_4693,g154139__198340/A2,net,pin
n_4693,g153926__178427/A2,net,pin
n_4695,g209875/B2,net,pin
g158908/Y,n_4695,pin,net
n_4695,g154150__9945/A1,net,pin
n_4695,g154138__198364/A2,net,pin
n_4695,g153925__178457/A2,net,pin
n_47,g607/B2,net,pin
g159392/Y,n_47,pin,net
n_4707,u10_mem_reg\[1\]\[19\]/D,net,pin
g153870__5115/Y,n_4707,pin,net
g158479/Y,n_4710,pin,net
n_4710,g154102__198352/A1,net,pin
n_4710,g154081__7098/A2,net,pin
n_4710,g153868__6131/A2,net,pin
n_4710,g153783__178434/A2,net,pin
n_4711,u10_mem_reg\[1\]\[17\]/D,net,pin
g153868__6131/Y,n_4711,pin,net
g158516/Y,n_4712,pin,net
n_4712,g154101__198351/A1,net,pin
n_4712,g154080__5122/A2,net,pin
n_4712,g153867__7098/A2,net,pin
n_4712,g153782__178435/A2,net,pin
n_47121,u8_mem_reg\[3\]\[30\]/D,net,pin
g197482/Y,n_47121,pin,net
n_47127,u6_mem_reg\[3\]\[25\]/D,net,pin
g197487/Y,n_47127,pin,net
n_4713,u10_mem_reg\[1\]\[16\]/D,net,pin
g153867__7098/Y,n_4713,pin,net
n_4715,u10_mem_reg\[1\]\[15\]/D,net,pin
g153866__8246/Y,n_4715,pin,net
n_47157,u8_mem_reg\[3\]\[28\]/D,net,pin
g88/Y,n_47157,pin,net
n_47164,u6_mem_reg\[3\]\[24\]/D,net,pin
g197522/Y,n_47164,pin,net
n_4717,u10_mem_reg\[1\]\[14\]/D,net,pin
g153865__5122/Y,n_4717,pin,net
n_47184,u8_mem_reg\[3\]\[25\]/D,net,pin
g197539/Y,n_47184,pin,net
n_4719,u10_mem_reg\[1\]\[13\]/D,net,pin
g153864__1705/Y,n_4719,pin,net
n_47192,u8_mem_reg\[3\]\[27\]/D,net,pin
g197544/Y,n_47192,pin,net
n_4721,u10_mem_reg\[1\]\[12\]/D,net,pin
g153863__2802/Y,n_4721,pin,net
n_47217,u8_mem_reg\[3\]\[31\]/D,net,pin
g197567/Y,n_47217,pin,net
n_47255,u4_mem_reg\[3\]\[6\]/D,net,pin
g197605/Y,n_47255,pin,net
n_47261,u8_mem_reg\[3\]\[21\]/D,net,pin
g197608/Y,n_47261,pin,net
n_47266,u8_mem_reg\[3\]\[29\]/D,net,pin
g197613/Y,n_47266,pin,net
n_47287,u8_mem_reg\[3\]\[26\]/D,net,pin
g197631/Y,n_47287,pin,net
g197647/Y,n_47306,pin,net
n_47306,g181479/B,net,pin
n_47322,u4_mem_reg\[3\]\[5\]/D,net,pin
g197661/Y,n_47322,pin,net
n_47334,u4_mem_reg\[3\]\[20\]/D,net,pin
g197673/Y,n_47334,pin,net
n_47340,u8_mem_reg\[3\]\[23\]/D,net,pin
g197679/Y,n_47340,pin,net
n_47348,u8_mem_reg\[3\]\[22\]/D,net,pin
g197686/Y,n_47348,pin,net
g197695/Y,n_47357,pin,net
n_47357,g197061/B,net,pin
n_47373,u8_mem_reg\[3\]\[24\]/D,net,pin
g197708/Y,n_47373,pin,net
g197727/Y,n_47390,pin,net
n_47390,g197726/A2,net,pin
n_47390,g197673/A2,net,pin
n_47390,g197661/A2,net,pin
n_47390,g197605/A2,net,pin
n_47390,g183172/B1,net,pin
n_47390,g166776/A1,net,pin
n_47390,g166774/A1,net,pin
n_47390,g166770/A1,net,pin
n_47390,g166769/A1,net,pin
n_47390,g155775/A1,net,pin
n_47390,g155774/A2,net,pin
n_47390,g155772/A1,net,pin
n_47390,g155770/A2,net,pin
n_47390,g155767/A2,net,pin
n_47390,g155761/A2,net,pin
n_47390,g155759/A1,net,pin
n_47391,u4_mem_reg\[3\]\[7\]/D,net,pin
g197726/Y,n_47391,pin,net
n_47403,u8_mem_reg\[1\]\[30\]/D,net,pin
g197738/Y,n_47403,pin,net
n_47415,u8_mem_reg\[3\]\[20\]/D,net,pin
g197748/Y,n_47415,pin,net
g197827/Y,n_47498,pin,net
n_47498,g197826/A2,net,pin
n_47500,u10_rp_reg\[2\]/D,net,pin
g197826/Y,n_47500,pin,net
n_47538,g197866/A,net,pin
n_47538,g197865/A,net,pin
g197864/Y,n_47538,pin,net
n_47538,g197863/A2,net,pin
g197863/Y,n_47539,pin,net
n_47539,g175899/A1,net,pin
g197865/Y,n_47540,pin,net
n_47540,g157547/B,net,pin
n_47541,g549/C,net,pin
g197866/Y,n_47541,pin,net
n_47541,g176667/A,net,pin
n_47541,g158848/B,net,pin
n_47541,g158847/B,net,pin
n_47541,g158288/A,net,pin
n_47551,g81/A,net,pin
n_47551,g64/A,net,pin
n_47551,g197878/B,net,pin
g197875/Y,n_47551,pin,net
n_47551,g196791/B,net,pin
n_47551,g196696/A,net,pin
n_47551,g181262/A,net,pin
n_47551,g180443/A2,net,pin
n_47551,g173055/B,net,pin
n_47551,g157463/A,net,pin
n_47551,g157462/A,net,pin
n_47551,g157316/B1,net,pin
n_47551,g157307/B1,net,pin
n_47551,g157306/A1,net,pin
n_47552,g80/B,net,pin
n_47552,g197878/A,net,pin
g197876/Y,n_47552,pin,net
n_47552,g157735/A,net,pin
g197878/Y,n_47553,pin,net
n_47553,g197877/D,net,pin
g197877/Y,n_47554,pin,net
n_47554,g164113/A1,net,pin
n_47613,g198739/C,net,pin
n_47613,g198738/B,net,pin
g197929/Y,n_47613,pin,net
g197927/Y,n_47616,pin,net
n_47616,g153399__5115/A,net,pin
n_47631,g197944/A,net,pin
g197943/Y,n_47631,pin,net
n_47631,g180356/A2,net,pin
g197944/Y,n_47632,pin,net
n_47632,g121/A1,net,pin
g197985/Y,n_47682,pin,net
n_47682,g175/A2,net,pin
n_47683,u5_dout_reg\[15\]/D,net,pin
g175/Y,n_47683,pin,net
n_477,g224653/A,net,pin
n_477,g213864/A1,net,pin
n_477,g171528/A1,net,pin
n_477,g168615/A1,net,pin
g159640/Y,n_477,pin,net
n_477,g155046/B,net,pin
n_47706,g212237/A,net,pin
g198008/Y,n_47706,pin,net
n_47707,g212237/B,net,pin
g198009/Y,n_47707,pin,net
n_47739,g504/A,net,pin
g198038/Y,n_47739,pin,net
n_47740,g219218/B,net,pin
n_47740,g199334/A,net,pin
g198039/Y,n_47740,pin,net
n_47740,g184489/A,net,pin
n_47740,g181981/B2,net,pin
n_47740,g175440/C,net,pin
n_47740,g170063/B,net,pin
n_47740,g159864/A,net,pin
n_47767,g198342/B,net,pin
n_47767,g198068/A,net,pin
g198064/Y,n_47767,pin,net
n_47767,g189143/A,net,pin
n_47768,g198342/A,net,pin
n_47768,g198069/A,net,pin
g198065/Y,n_47768,pin,net
n_47768,g173340/A,net,pin
n_47768,g154859__4319/A,net,pin
n_47768,g153979__173338/A2,net,pin
g198068/Y,n_47769,pin,net
n_47769,g198067/A,net,pin
g198069/Y,n_47770,pin,net
n_47770,g198067/B,net,pin
g198067/Y,n_47771,pin,net
n_47771,g198066/B,net,pin
n_47772,u10_mem_reg\[2\]\[24\]/D,net,pin
g198066/Y,n_47772,pin,net
n_47778,u12_o7_we_reg/D,net,pin
g198075/Y,n_47778,pin,net
g198076/Y,n_47780,pin,net
n_47780,g187310/A,net,pin
g198082/Y,n_47786,pin,net
n_47786,g156896/A,net,pin
n_47786,g156895/A,net,pin
n_47786,g156894/A,net,pin
g198083/Y,n_47787,pin,net
n_47787,g184504/A,net,pin
n_47787,g176333/A,net,pin
g198088/Y,n_47791,pin,net
n_47791,g198087/B1,net,pin
n_47792,u13_intm_r_reg\[14\]/D,net,pin
g198087/Y,n_47792,pin,net
g198086/Y,n_47793,pin,net
n_47793,g156147/B,net,pin
n_47794,g57/B,net,pin
g198089/Y,n_47794,pin,net
n_4784,g182102/B2,net,pin
n_4784,g182085/B2,net,pin
g154433__5122/Y,n_4784,pin,net
n_4784,g153952__182095/B2,net,pin
n_4784,g153951__182100/B2,net,pin
n_4784,g153950__182087/B2,net,pin
n_4784,g153949__182092/B2,net,pin
n_4784,g153948__182101/B2,net,pin
n_4784,g153947__182090/B2,net,pin
n_4784,g153946__182093/B2,net,pin
n_4784,g153945__182096/B2,net,pin
n_4784,g153944__182088/B2,net,pin
n_4784,g153943__182099/B2,net,pin
n_4784,g153942__182098/B2,net,pin
n_4784,g153941__182091/B2,net,pin
n_4784,g153808__182089/B2,net,pin
n_4784,g153807__182076/B2,net,pin
n_4784,g153806__182097/B2,net,pin
n_4784,g153805__182079/B2,net,pin
n_4784,g153804__182077/B2,net,pin
n_4784,g153803__182081/B2,net,pin
n_4784,g153802__182074/B2,net,pin
n_4784,g153801__182083/B2,net,pin
n_4784,g153799__182068/B1,net,pin
n_4784,g153798__182071/B1,net,pin
n_4784,g153797__182082/B1,net,pin
n_4784,g153795__182086/B2,net,pin
n_4784,g153794__182094/B1,net,pin
n_4784,g153793__182084/B2,net,pin
n_4784,g153792__182075/B2,net,pin
n_4784,g153791__182078/B2,net,pin
n_4784,g153790__182072/B2,net,pin
n_4784,g153788__182080/B2,net,pin
g155024/Y,n_4787,pin,net
n_4787,g153830__205422/B2,net,pin
n_4787,g153829__173944/B2,net,pin
n_4788,g180434/A,net,pin
g155050/Y,n_4788,pin,net
n_4788,g153830__205422/A1,net,pin
n_4788,g153829__173944/A1,net,pin
g155025/Y,n_4792,pin,net
n_4792,g153835__6131/A1,net,pin
n_4792,g153833__178097/A1,net,pin
n_4794,u3_dout_reg\[3\]/D,net,pin
g153835__6131/Y,n_4794,pin,net
g155046/Y,n_4795,pin,net
n_4795,g154729/A,net,pin
n_4795,g153842__8246/B1,net,pin
n_4795,g153841__191897/B1,net,pin
n_4798,u8_dout_reg\[3\]/D,net,pin
g153842__8246/Y,n_4798,pin,net
g160090/Y,n_48,pin,net
n_48,g158098/A2,net,pin
g198253/Y,n_48052,pin,net
n_48052,g198251/A2,net,pin
n_48052,g186729/B,net,pin
n_48052,g172188/A2,net,pin
n_48052,g158936/A,net,pin
g198254/Y,n_48053,pin,net
n_48053,g198251/B2,net,pin
n_48053,g182534/B,net,pin
n_48053,g179061/A,net,pin
n_48053,g175601/B2,net,pin
g198251/Y,n_48055,pin,net
n_48055,g153566__6131/A1,net,pin
n_48055,g153546__168328/A2,net,pin
n_48055,g153416__6417/A2,net,pin
n_48055,g153369__176525/A2,net,pin
g38/Y,n_48056,pin,net
n_48056,g224/B1,net,pin
n_48056,g198256/A1,net,pin
n_48056,g182517/B,net,pin
n_48056,g172190/A2,net,pin
g198257/Y,n_48057,pin,net
n_48057,g198256/A2,net,pin
n_48057,g198251/A1,net,pin
n_48057,g178340/B1,net,pin
n_48057,g176529/B1,net,pin
n_48057,g175601/B1,net,pin
n_48057,g175597/B1,net,pin
n_48057,g172192/B2,net,pin
n_48057,g172190/B1,net,pin
n_48057,g172189/B1,net,pin
n_48057,g172188/B1,net,pin
n_48057,g172187/A2,net,pin
n_48057,g172183/B2,net,pin
g198258/Y,n_48058,pin,net
n_48058,g198256/B1,net,pin
n_48058,g182544/B,net,pin
n_48058,g179063/A2,net,pin
n_48060,g198753/B,net,pin
g198256/Y,n_48060,pin,net
n_4807,u10_mem_reg\[1\]\[8\]/D,net,pin
g153859__4319/Y,n_4807,pin,net
n_48105,g198304/A,net,pin
g198302/Y,n_48105,pin,net
n_48105,g192331/A,net,pin
n_48105,g180289/B,net,pin
n_48105,g178135/B,net,pin
n_48106,g234/B2,net,pin
n_48106,g198308/A,net,pin
n_48106,g198305/A,net,pin
g198304/Y,n_48106,pin,net
n_48106,g187970_dup198303/A,net,pin
n_48107,g215509/A2,net,pin
n_48107,g213021/B2,net,pin
n_48107,g212621/B2,net,pin
n_48107,g212619/A2,net,pin
n_48107,g212617/A2,net,pin
n_48107,g212615/A2,net,pin
n_48107,g212614/A2,net,pin
n_48107,g212612/A2,net,pin
n_48107,g212610/A2,net,pin
n_48107,g212607/A2,net,pin
n_48107,g212601/A2,net,pin
n_48107,g212600/A2,net,pin
n_48107,g212597/A2,net,pin
n_48107,g212595/A2,net,pin
n_48107,g212593/A2,net,pin
g187970_dup198303/Y,n_48107,pin,net
n_48107,g182635/A1,net,pin
n_48109,g212622/A1,net,pin
n_48109,g212620/A2,net,pin
n_48109,g212618/A2,net,pin
n_48109,g212613/A2,net,pin
n_48109,g212609/A2,net,pin
n_48109,g212608/A2,net,pin
n_48109,g212606/A2,net,pin
n_48109,g212605/A1,net,pin
n_48109,g212604/A2,net,pin
n_48109,g212603/A2,net,pin
n_48109,g212602/A2,net,pin
n_48109,g212599/A2,net,pin
n_48109,g212598/A2,net,pin
n_48109,g212596/A2,net,pin
n_48109,g212594/A2,net,pin
n_48109,g212591/A2,net,pin
n_48109,g212588/A2,net,pin
g198305/Y,n_48109,pin,net
n_48110,g234/A1,net,pin
g198308/Y,n_48110,pin,net
g198342/Y,n_48145,pin,net
n_48145,fopt198349/A,net,pin
n_48145,fopt198341/A,net,pin
n_48146,g154141__198362/B2,net,pin
n_48146,g154140__198346/B2,net,pin
n_48146,g154139__198340/B2,net,pin
n_48146,g154138__198364/B2,net,pin
n_48146,g154137__198363/B2,net,pin
n_48146,g154136__198361/B2,net,pin
n_48146,g154135__198360/B2,net,pin
n_48146,g154133__198344/B2,net,pin
n_48146,g154132__198345/B2,net,pin
n_48146,g154131__198347/B2,net,pin
n_48146,g154130__198343/B2,net,pin
n_48146,g154104__198357/B1,net,pin
n_48146,g154102__198352/B2,net,pin
n_48146,g154101__198351/B2,net,pin
n_48146,g154099__198356/B1,net,pin
n_48146,g154096__198353/B2,net,pin
n_48146,g154095__198358/B2,net,pin
n_48146,g154093__198350/B2,net,pin
n_48146,g154091__198355/B1,net,pin
n_48146,g154087__198359/B2,net,pin
n_48146,g154085__198354/B2,net,pin
fopt198341/Y,n_48146,pin,net
n_48147,u10_mem_reg\[2\]\[29\]/D,net,pin
g154139__198340/Y,n_48147,pin,net
n_48148,u10_mem_reg\[2\]\[20\]/D,net,pin
g154130__198343/Y,n_48148,pin,net
n_48149,u10_mem_reg\[2\]\[23\]/D,net,pin
g154133__198344/Y,n_48149,pin,net
n_48150,u10_mem_reg\[2\]\[22\]/D,net,pin
g154132__198345/Y,n_48150,pin,net
n_48151,u10_mem_reg\[2\]\[30\]/D,net,pin
g154140__198346/Y,n_48151,pin,net
n_48152,u10_mem_reg\[2\]\[21\]/D,net,pin
g154131__198347/Y,n_48152,pin,net
n_48153,g210417/B2,net,pin
n_48153,g198372/B2,net,pin
n_48153,g198369/B1,net,pin
n_48153,g154103__198365/B2,net,pin
n_48153,g154100__198368/B1,net,pin
n_48153,g154097__198367/B1,net,pin
n_48153,g154094__198366/B2,net,pin
n_48153,g154092__198348/B2,net,pin
n_48153,g154089__198371/B2,net,pin
n_48153,g154088__198370/B2,net,pin
fopt198349/Y,n_48153,pin,net
n_48154,u10_mem_reg\[2\]\[8\]/D,net,pin
g154092__198348/Y,n_48154,pin,net
n_48155,u10_mem_reg\[2\]\[9\]/D,net,pin
g154093__198350/Y,n_48155,pin,net
n_48156,u10_mem_reg\[2\]\[16\]/D,net,pin
g154101__198351/Y,n_48156,pin,net
n_48157,u10_mem_reg\[2\]\[17\]/D,net,pin
g154102__198352/Y,n_48157,pin,net
n_48158,u10_mem_reg\[2\]\[12\]/D,net,pin
g154096__198353/Y,n_48158,pin,net
n_48159,u10_mem_reg\[2\]\[1\]/D,net,pin
g154085__198354/Y,n_48159,pin,net
n_48160,u10_mem_reg\[2\]\[7\]/D,net,pin
g154091__198355/Y,n_48160,pin,net
n_48161,u10_mem_reg\[2\]\[14\]/D,net,pin
g154099__198356/Y,n_48161,pin,net
n_48162,u10_mem_reg\[2\]\[19\]/D,net,pin
g154104__198357/Y,n_48162,pin,net
n_48163,u10_mem_reg\[2\]\[11\]/D,net,pin
g154095__198358/Y,n_48163,pin,net
n_48164,u10_mem_reg\[2\]\[3\]/D,net,pin
g154087__198359/Y,n_48164,pin,net
n_48165,u10_mem_reg\[2\]\[25\]/D,net,pin
g154135__198360/Y,n_48165,pin,net
n_48166,u10_mem_reg\[2\]\[26\]/D,net,pin
g154136__198361/Y,n_48166,pin,net
n_48167,u10_mem_reg\[2\]\[31\]/D,net,pin
g154141__198362/Y,n_48167,pin,net
n_48168,u10_mem_reg\[2\]\[27\]/D,net,pin
g154137__198363/Y,n_48168,pin,net
n_48169,u10_mem_reg\[2\]\[28\]/D,net,pin
g154138__198364/Y,n_48169,pin,net
n_4817,u11_mem_reg\[3\]\[5\]/D,net,pin
g153429__7410/Y,n_4817,pin,net
n_48170,u10_mem_reg\[2\]\[18\]/D,net,pin
g154103__198365/Y,n_48170,pin,net
n_48171,u10_mem_reg\[2\]\[10\]/D,net,pin
g154094__198366/Y,n_48171,pin,net
n_48172,u10_mem_reg\[2\]\[13\]/D,net,pin
g154097__198367/Y,n_48172,pin,net
n_48173,u10_mem_reg\[2\]\[15\]/D,net,pin
g154100__198368/Y,n_48173,pin,net
n_48174,u10_mem_reg\[2\]\[6\]/D,net,pin
g198369/Y,n_48174,pin,net
n_48175,u10_mem_reg\[2\]\[4\]/D,net,pin
g154088__198370/Y,n_48175,pin,net
n_48176,u10_mem_reg\[2\]\[5\]/D,net,pin
g154089__198371/Y,n_48176,pin,net
n_48177,u10_mem_reg\[2\]\[0\]/D,net,pin
g198372/Y,n_48177,pin,net
n_4818,u11_mem_reg\[3\]\[6\]/D,net,pin
g153430__1666/Y,n_4818,pin,net
n_4819,u11_mem_reg\[3\]\[4\]/D,net,pin
g153428__2346/Y,n_4819,pin,net
n_48223,g199220/B,net,pin
g198416/Y,n_48223,pin,net
n_48223,g187013/B,net,pin
n_48223,g154339__198418/B,net,pin
n_48223,g154337__7098/C,net,pin
n_48223,g154336__199215/C,net,pin
n_48223,g154335__1881/C,net,pin
n_48223,g154334__5115/C,net,pin
n_48223,g154333__7482/C,net,pin
n_48223,g154332__4733/C,net,pin
n_48223,g154331__176675/C,net,pin
n_48223,g154330__9315/C,net,pin
n_48223,g154329__9945/C,net,pin
n_48223,g154328__2883/C,net,pin
n_48223,g154326__1666/B,net,pin
n_48223,g154098__181547/B,net,pin
n_48223,g121/B,net,pin
n_48224,g198417/B,net,pin
g154339__198418/Y,n_48224,pin,net
n_48225,u6_dout_reg\[19\]/D,net,pin
g198417/Y,n_48225,pin,net
n_4823,u11_mem_reg\[3\]\[1\]/D,net,pin
g153425__6161/Y,n_4823,pin,net
n_4824,u11_mem_reg\[3\]\[0\]/D,net,pin
g153424__4733/Y,n_4824,pin,net
n_4825,u11_mem_reg\[3\]\[8\]/D,net,pin
g153432__7482/Y,n_4825,pin,net
n_4826,u9_wp_reg\[0\]/D,net,pin
g153399__5115/Y,n_4826,pin,net
n_4827,u9_wp_reg\[3\]/D,net,pin
g153397__1881/Y,n_4827,pin,net
n_4829,u11_mem_reg\[3\]\[13\]/D,net,pin
g153394__7098/Y,n_4829,pin,net
n_4831,u11_mem_reg\[3\]\[15\]/D,net,pin
g153392__5122/Y,n_4831,pin,net
n_4832,u11_mem_reg\[3\]\[16\]/D,net,pin
g153391__1705/Y,n_4832,pin,net
n_4833,u11_mem_reg\[3\]\[17\]/D,net,pin
g153390__2802/Y,n_4833,pin,net
n_4834,u11_mem_reg\[3\]\[18\]/D,net,pin
g153389__1617/Y,n_4834,pin,net
n_4835,u11_mem_reg\[3\]\[19\]/D,net,pin
g153388__3680/Y,n_4835,pin,net
n_4840,u11_mem_reg\[1\]\[0\]/D,net,pin
g153361__4319/Y,n_4840,pin,net
n_48404,g223535/A1,net,pin
n_48404,g223485/A,net,pin
g198570/Y,n_48404,pin,net
g198572/Y,n_48405,pin,net
n_48405,g186474/B,net,pin
g198574/Y,n_48407,pin,net
n_48407,g189125/B,net,pin
n_48407,g189123/A,net,pin
g198579/Y,n_48412,pin,net
n_48412,g188460/A,net,pin
n_48413,g224755/A,net,pin
g198580/Y,n_48413,pin,net
n_48415,g224211/A2,net,pin
g198582/Y,n_48415,pin,net
n_48415,g188956/A2,net,pin
n_48415,g183375/A2,net,pin
n_48415,g176883/A2,net,pin
n_48415,g172285/A1,net,pin
n_48415,g171452/A2,net,pin
n_48415,g158139/A1,net,pin
n_48415,g158137/A2,net,pin
n_48415,g158136/A2,net,pin
n_48415,g158135/A2,net,pin
n_48415,g158131/A2,net,pin
n_48415,g158129/A2,net,pin
n_4842,u11_mem_reg\[1\]\[1\]/D,net,pin
g153360__6260/Y,n_4842,pin,net
n_48423,g223595/A1,net,pin
g198590/Y,n_48423,pin,net
n_48423,g192139/B,net,pin
g198593/Y,n_48425,pin,net
n_48425,g154319__198592/A1,net,pin
g154319__198592/Y,n_48426,pin,net
n_48426,g153973__5526/C,net,pin
g198595/Y,n_48427,pin,net
n_48427,g198594/A,net,pin
n_48427,g175616/A,net,pin
n_48427,g168541/C,net,pin
n_48428,g198597/A,net,pin
g198594/Y,n_48428,pin,net
n_48428,g175615/A,net,pin
n_48428,g175594/A,net,pin
n_48429,g198599/A2,net,pin
n_48429,g198598/A1,net,pin
g198597/Y,n_48429,pin,net
n_48429,g198596/A2,net,pin
g198598/Y,n_48430,pin,net
n_48430,g198596/B,net,pin
n_48431,u3_mem_reg\[3\]\[17\]/D,net,pin
g198596/Y,n_48431,pin,net
n_48432,g198604/A1,net,pin
n_48432,g198603/B,net,pin
g198601/Y,n_48432,pin,net
n_48432,g198600/A1,net,pin
n_48432,g174069_dup202286/B,net,pin
g198600/Y,n_48433,pin,net
n_48433,g198599/B,net,pin
n_48434,u3_mem_reg\[3\]\[21\]/D,net,pin
g198599/Y,n_48434,pin,net
g198603/Y,n_48436,pin,net
n_48436,fopt201049/A,net,pin
n_48436,fopt201048/A,net,pin
n_48437,g199186/A1,net,pin
g198604/Y,n_48437,pin,net
n_48437,g162474/B,net,pin
n_4844,u11_mem_reg\[1\]\[2\]/D,net,pin
g153359__5107/Y,n_4844,pin,net
g198622/Y,n_48454,pin,net
n_48454,g198621/A,net,pin
g198623/Y,n_48455,pin,net
n_48455,g198621/B,net,pin
n_48456,g209805/B2,net,pin
g198621/Y,n_48456,pin,net
n_48456,g154085__198354/A1,net,pin
n_48456,g153978__7098/A2,net,pin
n_48456,g153767__178449/A2,net,pin
n_4846,u11_mem_reg\[1\]\[3\]/D,net,pin
g153358__2398/Y,n_4846,pin,net
n_4848,u11_mem_reg\[1\]\[4\]/D,net,pin
g153357__5477/Y,n_4848,pin,net
g158474/Y,n_4849,pin,net
n_4849,g153814__168277/A2,net,pin
n_4849,g153794__182094/A2,net,pin
n_4849,g153429__7410/A1,net,pin
n_4849,g153356__6417/A1,net,pin
n_4850,u11_mem_reg\[1\]\[5\]/D,net,pin
g153356__6417/Y,n_4850,pin,net
g158477/Y,n_4851,pin,net
n_4851,g153815__168289/A2,net,pin
n_4851,g153795__182086/A1,net,pin
n_4851,g153430__1666/A1,net,pin
n_4851,g153355__7410/A1,net,pin
n_4852,u11_mem_reg\[1\]\[6\]/D,net,pin
g153355__7410/Y,n_4852,pin,net
n_4856,u11_mem_reg\[1\]\[8\]/D,net,pin
g153353__2346/Y,n_4856,pin,net
n_4858,u9_mem_reg\[0\]\[31\]/D,net,pin
g153940__9945/Y,n_4858,pin,net
n_4859,u9_mem_reg\[0\]\[30\]/D,net,pin
g153939__9315/Y,n_4859,pin,net
n_4860,u11_mem_reg\[1\]\[10\]/D,net,pin
g153351__6161/Y,n_4860,pin,net
n_4861,u9_mem_reg\[0\]\[29\]/D,net,pin
g153938__4733/Y,n_4861,pin,net
n_4862,u9_mem_reg\[0\]\[28\]/D,net,pin
g153937__7482/Y,n_4862,pin,net
g198737/Y,n_48624,pin,net
n_48624,fopt198745/A,net,pin
n_48624,fopt198736/A,net,pin
n_48625,g198751/B,net,pin
n_48625,g198750/A2,net,pin
n_48625,g198749/B,net,pin
n_48625,g198747/B,net,pin
n_48625,g198746/A,net,pin
n_48625,g198743/A,net,pin
n_48625,g198742/A2,net,pin
n_48625,g198741/B2,net,pin
n_48625,g198740/B2,net,pin
n_48625,g198739/A,net,pin
n_48625,g198738/A1,net,pin
n_48625,g198735/B,net,pin
n_48625,fopt198752/A,net,pin
fopt198736/Y,n_48625,pin,net
g198735/Y,n_48626,pin,net
n_48626,g198251/C,net,pin
g198738/Y,n_48627,pin,net
n_48627,g197927/B,net,pin
g198739/Y,n_48628,pin,net
n_48628,g197927/A,net,pin
g198740/Y,n_48629,pin,net
n_48629,g196985/A,net,pin
n_4863,u11_mem_reg\[1\]\[11\]/D,net,pin
g153350__5115/Y,n_4863,pin,net
g198741/Y,n_48630,pin,net
n_48630,g196982/A,net,pin
g198742/Y,n_48631,pin,net
n_48631,g191781/A,net,pin
n_48632,u9_empty_reg/D,net,pin
g198743/Y,n_48632,pin,net
n_48633,g198758/B,net,pin
n_48633,g198757/B,net,pin
n_48633,g198756/A,net,pin
n_48633,g198755/B,net,pin
n_48633,g198754/B,net,pin
n_48633,g198753/A2,net,pin
n_48633,g198744/A,net,pin
n_48633,fopt198759/A,net,pin
fopt198745/Y,n_48633,pin,net
g198744/Y,n_48634,pin,net
n_48634,g176529/C,net,pin
g198746/Y,n_48635,pin,net
n_48635,g175601/C,net,pin
g198747/Y,n_48636,pin,net
n_48636,g175597/C,net,pin
n_48637,g179069/B,net,pin
n_48637,g179068/B,net,pin
n_48637,g179067/B,net,pin
n_48637,g179066/B,net,pin
n_48637,g179065/A2,net,pin
n_48637,g179063/A1,net,pin
n_48637,g179062/B,net,pin
n_48637,g179061/B,net,pin
n_48637,g179059/B,net,pin
n_48637,g158938/B,net,pin
n_48637,g158936/B,net,pin
n_48637,g158931/B,net,pin
n_48637,g158915/B,net,pin
fopt198752/Y,n_48637,pin,net
g198749/Y,n_48638,pin,net
n_48638,g172190/C,net,pin
g198750/Y,n_48639,pin,net
n_48639,g107/B,net,pin
n_4864,u9_mem_reg\[0\]\[27\]/D,net,pin
g153936__1881/Y,n_4864,pin,net
g198751/Y,n_48640,pin,net
n_48640,g178340/C,net,pin
g198753/Y,n_48642,pin,net
n_48642,g168313/B1,net,pin
n_48642,g153574__2883/A1,net,pin
n_48642,g153408__4733/A2,net,pin
n_48642,g153377__1617/A1,net,pin
g198754/Y,n_48643,pin,net
n_48643,g141/A,net,pin
g198755/Y,n_48644,pin,net
n_48644,g172192/C,net,pin
g198756/Y,n_48645,pin,net
n_48645,g172183/C,net,pin
g198757/Y,n_48646,pin,net
n_48646,g172188/C,net,pin
g198758/Y,n_48647,pin,net
n_48647,g172189/C,net,pin
n_48648,g224/B2,net,pin
n_48648,g158926/B,net,pin
n_48648,g158831/A2,net,pin
fopt198759/Y,n_48648,pin,net
n_4865,u9_mem_reg\[0\]\[26\]/D,net,pin
g153935__6131/Y,n_4865,pin,net
n_4867,u9_mem_reg\[0\]\[25\]/D,net,pin
g153934__8246/Y,n_4867,pin,net
g198781/Y,n_48675,pin,net
n_48675,g177886/C,net,pin
n_48675,g173/A,net,pin
n_48675,g170821/A,net,pin
n_48675,g159825/A,net,pin
n_48675,g100/B,net,pin
g198782/Y,n_48676,pin,net
n_48676,g198604/B2,net,pin
n_4868,u9_mem_reg\[0\]\[24\]/D,net,pin
g153933__5122/Y,n_4868,pin,net
g158532/Y,n_4869,pin,net
n_4869,g153822__168284/A2,net,pin
n_4869,g153802__182074/A1,net,pin
n_4869,g153394__7098/A1,net,pin
n_4869,g153348__1705/A1,net,pin
g159159/Y,n_487,pin,net
n_487,g154125/B,net,pin
n_4870,u11_mem_reg\[1\]\[13\]/D,net,pin
g153348__1705/Y,n_4870,pin,net
n_4871,u9_mem_reg\[0\]\[23\]/D,net,pin
g153932__2802/Y,n_4871,pin,net
n_4872,u9_mem_reg\[0\]\[22\]/D,net,pin
g153931__1617/Y,n_4872,pin,net
g198833/Y,n_48729,pin,net
n_48729,g157744/A,net,pin
n_48729,g157463/B,net,pin
n_48729,g139/B,net,pin
n_4873,u9_mem_reg\[0\]\[21\]/D,net,pin
g153930__3680/Y,n_4873,pin,net
n_4875,u11_mem_reg\[1\]\[14\]/D,net,pin
g153347__6783/Y,n_4875,pin,net
n_4876,u9_mem_reg\[0\]\[20\]/D,net,pin
g153929__5526/Y,n_4876,pin,net
g158527/Y,n_4877,pin,net
n_4877,g153824__168280/A2,net,pin
n_4877,g153804__182077/A1,net,pin
n_4877,g153392__5122/A1,net,pin
n_4877,g153346__8428/A1,net,pin
n_4878,u11_mem_reg\[1\]\[15\]/D,net,pin
g153346__8428/Y,n_4878,pin,net
n_488,g178136/A1,net,pin
n_488,g169660/A,net,pin
g159705/Y,n_488,pin,net
g158530/Y,n_4881,pin,net
n_4881,g153826__168281/A2,net,pin
n_4881,g153806__182097/A2,net,pin
n_4881,g153390__2802/A2,net,pin
n_4881,g153344__6260/A2,net,pin
n_4882,u11_mem_reg\[1\]\[17\]/D,net,pin
g153344__6260/Y,n_4882,pin,net
g158829/Y,n_4883,pin,net
n_4883,g153827__168283/A2,net,pin
n_4883,g153807__182076/A1,net,pin
n_4883,g153389__1617/A1,net,pin
n_4883,g153343__5107/A2,net,pin
n_4884,u11_mem_reg\[1\]\[18\]/D,net,pin
g153343__5107/Y,n_4884,pin,net
n_4886,u11_mem_reg\[1\]\[19\]/D,net,pin
g153342__2398/Y,n_4886,pin,net
g154/Y,n_48972,pin,net
n_48972,g153/A,net,pin
n_48974,g188466/A,net,pin
n_48974,g157748/A,net,pin
n_48974,g157646/B,net,pin
g153/Y,n_48974,pin,net
n_4899,g209708/B1,net,pin
g158913/Y,n_4899,pin,net
n_4899,g153941__182091/A1,net,pin
n_4899,g153325__1881/A2,net,pin
n_4899,g153301__6417/A1,net,pin
n_49,g166497/A1,net,pin
g159383/Y,n_49,pin,net
g158986/Y,n_490,pin,net
n_490,g158009/A,net,pin
n_4900,u11_mem_reg\[3\]\[20\]/D,net,pin
g153325__1881/Y,n_4900,pin,net
g158912/Y,n_4901,pin,net
n_4901,g153942__182098/A1,net,pin
n_4901,g153906__168272/A2,net,pin
n_4901,g153324__6131/A1,net,pin
n_4901,g153300__7410/A1,net,pin
n_4902,u11_mem_reg\[3\]\[21\]/D,net,pin
g153324__6131/Y,n_4902,pin,net
g158932/Y,n_4903,pin,net
n_4903,g153943__182099/A1,net,pin
n_4903,g153907__168268/A2,net,pin
n_4903,g153323__7098/A1,net,pin
n_4903,g153299__2883/A1,net,pin
n_4904,u11_mem_reg\[3\]\[22\]/D,net,pin
g153323__7098/Y,n_4904,pin,net
g158910/Y,n_4905,pin,net
n_4905,g153944__182088/A2,net,pin
n_4905,g153908__168265/A2,net,pin
n_4905,g153322__8246/A1,net,pin
n_4905,g153298__6161/A1,net,pin
n_4906,u11_mem_reg\[3\]\[23\]/D,net,pin
g153322__8246/Y,n_4906,pin,net
g158907/Y,n_4907,pin,net
n_4907,g153945__182096/A1,net,pin
n_4907,g153909__168264/A2,net,pin
n_4907,g153321__5122/A1,net,pin
n_4907,g153297__4733/A1,net,pin
n_4908,u11_mem_reg\[3\]\[24\]/D,net,pin
g153321__5122/Y,n_4908,pin,net
n_4909,g196136/B1,net,pin
g158927/Y,n_4909,pin,net
n_4909,g153946__182093/A1,net,pin
n_4909,g153320__1705/A1,net,pin
n_4909,g153296__7482/A1,net,pin
n_491,g190189/B,net,pin
g159153/Y,n_491,pin,net
n_4910,u11_mem_reg\[3\]\[25\]/D,net,pin
g153320__1705/Y,n_4910,pin,net
g158909/Y,n_4911,pin,net
n_4911,g153947__182090/A1,net,pin
n_4911,g153911__168274/A2,net,pin
n_4911,g153319__2802/A1,net,pin
n_4911,g153295__5115/A1,net,pin
n_4912,u11_mem_reg\[3\]\[26\]/D,net,pin
g153319__2802/Y,n_4912,pin,net
n_49129,g205420/A1,net,pin
n_49129,g204762/A1,net,pin
n_49129,g200852/A2,net,pin
n_49129,g200850/A2,net,pin
n_49129,g200848/A2,net,pin
n_49129,g200847/A2,net,pin
n_49129,g200846/A2,net,pin
n_49129,g200845/A2,net,pin
n_49129,g200844/A1,net,pin
n_49129,g200840/A1,net,pin
n_49129,g200839/A2,net,pin
n_49129,g200836/A1,net,pin
n_49129,g200833/B1,net,pin
g199173/Y,n_49129,pin,net
n_49129,g186861/B1,net,pin
n_49129,g186857/A1,net,pin
n_49129,g186670/A1,net,pin
n_49129,g162910/A2,net,pin
n_49129,g162906/A1,net,pin
n_49129,g162904/A1,net,pin
n_49129,g159059_dup212431/B,net,pin
n_49129,g158886/B,net,pin
g158933/Y,n_4913,pin,net
n_4913,g153948__182101/A1,net,pin
n_4913,g153912__168269/A2,net,pin
n_4913,g153318__1617/A1,net,pin
n_4913,g153294__1881/A1,net,pin
g199174/Y,n_49131,pin,net
n_49131,g199/A,net,pin
n_49131,g195/B,net,pin
n_49131,g153829__173944/B1,net,pin
n_4914,u11_mem_reg\[3\]\[27\]/D,net,pin
g153318__1617/Y,n_4914,pin,net
n_49143,u17_int_set_reg\[2\]/D,net,pin
g199186/Y,n_49143,pin,net
g158911/Y,n_4915,pin,net
n_4915,g153949__182092/A1,net,pin
n_4915,g153913__168273/A2,net,pin
n_4915,g153317__3680/A1,net,pin
n_4915,g153293__7098/A1,net,pin
n_4916,u11_mem_reg\[3\]\[28\]/D,net,pin
g153317__3680/Y,n_4916,pin,net
g158929/Y,n_4917,pin,net
n_4917,g153950__182087/A1,net,pin
n_4917,g153914__168271/A2,net,pin
n_4917,g153316__6783/A1,net,pin
n_4917,g153292__1705/A1,net,pin
g199212/Y,n_49172,pin,net
n_49172,g199211/A,net,pin
g199213/Y,n_49173,pin,net
n_49173,g199211/B,net,pin
n_49175,u12_wb_data_o_reg\[16\]/D,net,pin
g199211/Y,n_49175,pin,net
g199218/Y,n_49177,pin,net
n_49177,g199216/B,net,pin
n_49178,g199221/B1,net,pin
n_49178,g199220/A1,net,pin
n_49178,g199219/A2,net,pin
g199216/Y,n_49178,pin,net
n_49178,g154336__199215/A2,net,pin
n_49179,g179301/C,net,pin
g154336__199215/Y,n_49179,pin,net
n_4918,u11_mem_reg\[3\]\[29\]/D,net,pin
g153316__6783/Y,n_4918,pin,net
g199219/Y,n_49180,pin,net
n_49180,g179301/A1,net,pin
g199220/Y,n_49181,pin,net
n_49181,g179299/B,net,pin
g199221/Y,n_49182,pin,net
n_49182,g153607__179418/B2,net,pin
g158906/Y,n_4919,pin,net
n_4919,g153951__182100/A1,net,pin
n_4919,g153915__168275/A2,net,pin
n_4919,g153315__5526/A1,net,pin
n_4919,g153291__3680/A1,net,pin
n_4920,u11_mem_reg\[3\]\[30\]/D,net,pin
g153315__5526/Y,n_4920,pin,net
n_49203,g219102/A,net,pin
g199240/Y,n_49203,pin,net
n_49203,g193970/A,net,pin
n_4922,u11_mem_reg\[3\]\[31\]/D,net,pin
g153314__8428/Y,n_4922,pin,net
n_4927,u3_dout_reg\[12\]/D,net,pin
g153843__5477/Y,n_4927,pin,net
n_4928,u11_mem_reg\[1\]\[20\]/D,net,pin
g153301__6417/Y,n_4928,pin,net
n_4929,u11_mem_reg\[1\]\[21\]/D,net,pin
g153300__7410/Y,n_4929,pin,net
g199334/Y,n_49309,pin,net
n_49309,g170016/B,net,pin
g58/Y,n_49319,pin,net
n_49319,g199344/B,net,pin
n_4932,u11_mem_reg\[1\]\[22\]/D,net,pin
g153299__2883/Y,n_4932,pin,net
g199344/Y,n_49320,pin,net
n_49320,g153624__185113/A2,net,pin
n_4933,u7_dout_reg\[16\]/D,net,pin
g153837__9945/Y,n_4933,pin,net
n_4936,u11_mem_reg\[1\]\[23\]/D,net,pin
g153298__6161/Y,n_4936,pin,net
n_4937,u11_mem_reg\[1\]\[24\]/D,net,pin
g153297__4733/Y,n_4937,pin,net
n_4938,u11_mem_reg\[1\]\[25\]/D,net,pin
g153296__7482/Y,n_4938,pin,net
n_49387,u8_mem_reg\[1\]\[6\]/D,net,pin
g199410/Y,n_49387,pin,net
n_4939,u11_mem_reg\[1\]\[26\]/D,net,pin
g153295__5115/Y,n_4939,pin,net
n_4940,u11_mem_reg\[1\]\[27\]/D,net,pin
g153294__1881/Y,n_4940,pin,net
n_4942,u11_mem_reg\[1\]\[28\]/D,net,pin
g153293__7098/Y,n_4942,pin,net
n_4945,u11_mem_reg\[1\]\[29\]/D,net,pin
g153292__1705/Y,n_4945,pin,net
g199522/Y,n_49499,pin,net
n_49499,g199521/B,net,pin
n_49499,g154118__5477/A2,net,pin
n_4950,u11_mem_reg\[1\]\[30\]/D,net,pin
g153291__3680/Y,n_4950,pin,net
g199521/Y,n_49500,pin,net
n_49500,g153651__5115/A2,net,pin
n_4952,u11_mem_reg\[1\]\[31\]/D,net,pin
g153290__5526/Y,n_4952,pin,net
n_4956,g182102/A2,net,pin
g158521/Y,n_4956,pin,net
n_4956,g153820__168262/A2,net,pin
n_4956,g153435__6783/A1,net,pin
n_4956,g153350__5115/A1,net,pin
n_49617,g212432/B,net,pin
n_49617,g205421/A1,net,pin
n_49617,g204762/B2,net,pin
n_49617,g199624/A1,net,pin
g199621/Y,n_49617,pin,net
n_49617,g186861/A1,net,pin
n_49617,g186857/B2,net,pin
n_49617,g186670/B1,net,pin
n_49617,g184114/A2,net,pin
n_49617,g175263/A,net,pin
n_49617,g173774/A2,net,pin
n_49617,g173773/A2,net,pin
n_49617,g173772/A2,net,pin
n_49617,g173771/A2,net,pin
n_49617,g173770/A1,net,pin
n_49617,g173769/A1,net,pin
n_49617,g173765/A1,net,pin
n_49617,g173764/A1,net,pin
n_49617,g173763/A2,net,pin
n_49617,g162910/B2,net,pin
n_49617,g162909/A,net,pin
n_49617,g162906/B1,net,pin
n_49617,g162904/B2,net,pin
n_49618,g219108/A,net,pin
n_49618,g212626/A2,net,pin
n_49618,g211406/B2,net,pin
n_49618,g205421/B2,net,pin
n_49618,g204761/B2,net,pin
n_49618,g200841/A1,net,pin
n_49618,g200838/B2,net,pin
n_49618,g200837/B2,net,pin
n_49618,g200832/B2,net,pin
n_49618,g200830/B2,net,pin
n_49618,g199624/B2,net,pin
g199622/Y,n_49618,pin,net
n_49618,g194315/A1,net,pin
n_49618,g190190/A1,net,pin
n_49618,g184114/B2,net,pin
n_49618,g173778/A,net,pin
n_49618,g173777/A2,net,pin
n_49618,g173774/B2,net,pin
n_49618,g173773/B2,net,pin
n_49618,g173772/B2,net,pin
n_49618,g173771/B2,net,pin
n_49618,g173770/B2,net,pin
n_49618,g173769/B2,net,pin
n_49618,g173765/B1,net,pin
n_49618,g173764/B1,net,pin
n_49618,g173763/B2,net,pin
g199624/Y,n_49619,pin,net
n_49619,g199623/B,net,pin
g199623/Y,n_49620,pin,net
n_49620,g176221/A,net,pin
n_49620,g157677/A,net,pin
n_49620,g157500/A,net,pin
g224/Y,n_49625,pin,net
n_49625,g223/A1,net,pin
n_49625,g172431/B2,net,pin
n_49625,g153762__168314/A2,net,pin
n_49625,g153363__9315/A2,net,pin
n_49626,u9_mem_reg\[3\]\[18\]/D,net,pin
g223/Y,n_49626,pin,net
n_49641,u6_mem_reg\[3\]\[13\]/D,net,pin
g199637/Y,n_49641,pin,net
n_497,g224457/B1,net,pin
n_497,g188463/A,net,pin
g160153/Y,n_497,pin,net
g199705/Y,n_49719,pin,net
n_49719,g193159/A2,net,pin
n_49719,g153886__205418/A2,net,pin
n_4976,g93/B,net,pin
g154739/Y,n_4976,pin,net
n_4976,g153675__171918/A2,net,pin
n_4988,g218313/B1,net,pin
n_4988,g200558/B1,net,pin
n_4988,g194035/B1,net,pin
g154774/Y,n_4988,pin,net
n_4988,g153662__6783/A1,net,pin
n_4988,g153659__1617/A1,net,pin
n_4988,g130/B1,net,pin
n_4990,u8_dout_reg\[18\]/D,net,pin
g153662__6783/Y,n_4990,pin,net
n_4992,u11_mem_reg\[3\]\[9\]/D,net,pin
g153433__8428/Y,n_4992,pin,net
n_4998,u9_mem_reg\[0\]\[1\]/D,net,pin
g153577__6417/Y,n_4998,pin,net
n_4999,u9_mem_reg\[0\]\[2\]/D,net,pin
g153576__7410/Y,n_4999,pin,net
n_5,g173839/A,net,pin
g159596/Y,n_5,pin,net
n_5000,u9_mem_reg\[0\]\[3\]/D,net,pin
g153575__1666/Y,n_5000,pin,net
n_5002,u9_mem_reg\[0\]\[4\]/D,net,pin
g153574__2883/Y,n_5002,pin,net
n_5003,u9_mem_reg\[0\]\[5\]/D,net,pin
g153573__9945/Y,n_5003,pin,net
n_5004,u9_mem_reg\[0\]\[6\]/D,net,pin
g153572__9315/Y,n_5004,pin,net
n_5005,u9_mem_reg\[0\]\[7\]/D,net,pin
g153571__6161/Y,n_5005,pin,net
n_5007,u9_mem_reg\[0\]\[9\]/D,net,pin
g153569__7482/Y,n_5007,pin,net
n_5008,u9_mem_reg\[0\]\[10\]/D,net,pin
g153568__5115/Y,n_5008,pin,net
n_50088,g549/D,net,pin
g200045/Y,n_50088,pin,net
n_50088,g157547/A,net,pin
n_5009,u9_mem_reg\[0\]\[11\]/D,net,pin
g153567__1881/Y,n_5009,pin,net
g200047/Y,n_50090,pin,net
n_50090,g175895/A2,net,pin
g200049/Y,n_50091,pin,net
n_50091,g184295/A,net,pin
n_5010,u9_mem_reg\[0\]\[12\]/D,net,pin
g153566__6131/Y,n_5010,pin,net
n_50109,g223715/A,net,pin
n_50109,g206337/B2,net,pin
n_50109,g156971/C,net,pin
fopt200058/Y,n_50109,pin,net
n_5011,u9_mem_reg\[0\]\[13\]/D,net,pin
g153565__7098/Y,n_5011,pin,net
n_5012,u9_mem_reg\[0\]\[14\]/D,net,pin
g153564__8246/Y,n_5012,pin,net
n_5014,u9_mem_reg\[0\]\[15\]/D,net,pin
g153563__5122/Y,n_5014,pin,net
n_5015,u9_mem_reg\[0\]\[16\]/D,net,pin
g153562__1705/Y,n_5015,pin,net
n_5016,u9_mem_reg\[0\]\[17\]/D,net,pin
g153561__2802/Y,n_5016,pin,net
n_5020,u9_mem_reg\[0\]\[19\]/D,net,pin
g153559__3680/Y,n_5020,pin,net
n_5021,u3_dout_reg\[18\]/D,net,pin
g153584__6783/Y,n_5021,pin,net
n_50217,g200144/A,net,pin
g200142/Y,n_50217,pin,net
n_50217,g200141/A,net,pin
n_50218,g200157/B2,net,pin
n_50218,g200156/A1,net,pin
n_50218,g200155/A1,net,pin
n_50218,g200154/A1,net,pin
n_50218,g200153/A1,net,pin
n_50218,g200152/A1,net,pin
n_50218,g200151/A2,net,pin
n_50218,g200150/B1,net,pin
n_50218,g200149/B1,net,pin
n_50218,g200148/B2,net,pin
n_50218,g200147/A1,net,pin
n_50218,g200146/A1,net,pin
n_50218,g200145/A1,net,pin
g200141/Y,n_50218,pin,net
n_50218,g200140/B2,net,pin
n_50219,u7_mem_reg\[1\]\[1\]/D,net,pin
g200140/Y,n_50219,pin,net
n_5022,u3_dout_reg\[17\]/D,net,pin
g153585__5526/Y,n_5022,pin,net
n_50220,g214952/B2,net,pin
n_50220,g213867/B2,net,pin
n_50220,g213843/B2,net,pin
n_50220,g200174/A1,net,pin
n_50220,g200173/A1,net,pin
n_50220,g200170/B2,net,pin
n_50220,g200169/B2,net,pin
n_50220,g200168/B2,net,pin
n_50220,g200166/B2,net,pin
n_50220,g200165/B2,net,pin
n_50220,g200164/B2,net,pin
n_50220,g200163/B2,net,pin
n_50220,g200162/A2,net,pin
n_50220,g200161/A1,net,pin
n_50220,g200160/A1,net,pin
n_50220,g200159/B2,net,pin
n_50220,g200158/A1,net,pin
g200144/Y,n_50220,pin,net
n_50220,g200143/A1,net,pin
n_50221,u7_mem_reg\[1\]\[21\]/D,net,pin
g200143/Y,n_50221,pin,net
n_50222,u7_mem_reg\[1\]\[29\]/D,net,pin
g200145/Y,n_50222,pin,net
n_50223,u7_mem_reg\[1\]\[5\]/D,net,pin
g200146/Y,n_50223,pin,net
n_50224,u7_mem_reg\[1\]\[27\]/D,net,pin
g200147/Y,n_50224,pin,net
n_50225,u7_mem_reg\[1\]\[0\]/D,net,pin
g200148/Y,n_50225,pin,net
n_50226,u7_mem_reg\[1\]\[30\]/D,net,pin
g200149/Y,n_50226,pin,net
n_50227,u7_mem_reg\[1\]\[25\]/D,net,pin
g200150/Y,n_50227,pin,net
n_50228,u7_mem_reg\[1\]\[18\]/D,net,pin
g200151/Y,n_50228,pin,net
n_50229,u7_mem_reg\[1\]\[11\]/D,net,pin
g200152/Y,n_50229,pin,net
n_5023,u3_dout_reg\[16\]/D,net,pin
g153586__8428/Y,n_5023,pin,net
n_50230,u7_mem_reg\[1\]\[9\]/D,net,pin
g200153/Y,n_50230,pin,net
n_50231,u7_mem_reg\[1\]\[12\]/D,net,pin
g200154/Y,n_50231,pin,net
n_50232,u7_mem_reg\[1\]\[19\]/D,net,pin
g200155/Y,n_50232,pin,net
n_50233,u7_mem_reg\[1\]\[15\]/D,net,pin
g200156/Y,n_50233,pin,net
n_50234,u7_mem_reg\[1\]\[7\]/D,net,pin
g200157/Y,n_50234,pin,net
n_50235,u7_mem_reg\[1\]\[17\]/D,net,pin
g200158/Y,n_50235,pin,net
n_50236,u7_mem_reg\[1\]\[6\]/D,net,pin
g200159/Y,n_50236,pin,net
n_50237,u7_mem_reg\[1\]\[20\]/D,net,pin
g200160/Y,n_50237,pin,net
n_50238,u7_mem_reg\[1\]\[23\]/D,net,pin
g200161/Y,n_50238,pin,net
n_50239,u7_mem_reg\[1\]\[2\]/D,net,pin
g200162/Y,n_50239,pin,net
n_5024,g184614/B,net,pin
n_5024,g169135/B,net,pin
n_5024,g163921/B,net,pin
n_5024,g163919/B,net,pin
n_5024,g154229/B,net,pin
n_5024,g154228/B,net,pin
n_5024,g153631__1617/A1,net,pin
fopt2363/Y,n_5024,pin,net
n_5024,fopt/A,net,pin
n_50240,u7_mem_reg\[1\]\[14\]/D,net,pin
g200163/Y,n_50240,pin,net
n_50241,u7_mem_reg\[1\]\[24\]/D,net,pin
g200164/Y,n_50241,pin,net
n_50242,u7_mem_reg\[1\]\[13\]/D,net,pin
g200165/Y,n_50242,pin,net
n_50243,u7_mem_reg\[1\]\[26\]/D,net,pin
g200166/Y,n_50243,pin,net
n_50245,u7_mem_reg\[1\]\[16\]/D,net,pin
g200168/Y,n_50245,pin,net
n_50246,u7_mem_reg\[1\]\[8\]/D,net,pin
g200169/Y,n_50246,pin,net
n_50247,u7_mem_reg\[1\]\[3\]/D,net,pin
g200170/Y,n_50247,pin,net
n_50250,u7_mem_reg\[1\]\[31\]/D,net,pin
g200173/Y,n_50250,pin,net
n_50251,u7_mem_reg\[1\]\[28\]/D,net,pin
g200174/Y,n_50251,pin,net
n_5028,g218313/A2,net,pin
g155543/Y,n_5028,pin,net
n_5028,g153844__219225/B1,net,pin
n_5028,g153662__6783/B1,net,pin
n_5028,g153595__219229/B1,net,pin
n_5028,g153594__219232/B1,net,pin
n_5028,g153593__219227/A1,net,pin
n_5028,g153592__219228/A1,net,pin
n_5028,g104/A2,net,pin
n_50287,g202672/B,net,pin
n_50287,g200196/A,net,pin
n_50287,g200195/A,net,pin
n_50287,g200194/B,net,pin
n_50287,g200193/B,net,pin
n_50287,g200192/A2,net,pin
g200191/Y,n_50287,pin,net
g200192/Y,n_50289,pin,net
n_50289,g111/B,net,pin
n_50290,g212358/A2,net,pin
n_50290,g212202/A2,net,pin
n_50290,g206130/A2,net,pin
n_50290,g205423/B,net,pin
n_50290,g204759/B2,net,pin
g200193/Y,n_50290,pin,net
n_50290,g195/A,net,pin
n_50290,g180565/B,net,pin
n_50290,g176221/B,net,pin
n_50290,g176215/B,net,pin
n_50290,g173940/B,net,pin
n_50290,g170097/A,net,pin
g200194/Y,n_50291,pin,net
n_50291,g176214/A,net,pin
n_50291,g154346__5122/A2,net,pin
n_50292,g200197/C2,net,pin
g200195/Y,n_50292,pin,net
n_50292,g199705/A,net,pin
n_50292,g188727/A1,net,pin
n_50292,g154345__5107/A1,net,pin
n_50292,g154343__4319/A1,net,pin
n_50292,g154342__5526/A1,net,pin
n_50292,g154341__1617/A1,net,pin
n_50293,g27/A,net,pin
n_50293,g211698/A2,net,pin
n_50293,g211697/A2,net,pin
n_50293,g204763/A,net,pin
n_50293,g204759/A2,net,pin
g200196/Y,n_50293,pin,net
n_50293,g180562/B,net,pin
n_50293,g180432/B,net,pin
n_50293,g166576/B1,net,pin
n_50293,g157662/A,net,pin
n_50293,g157656/A,net,pin
n_50293,g157655/A,net,pin
n_50293,g157500/B,net,pin
g200197/Y,n_50295,pin,net
n_50295,g153600__193163/B1,net,pin
n_503,g30/B,net,pin
n_503,g194250/A,net,pin
n_503,g194249/A,net,pin
g194247/Y,n_503,pin,net
n_503,g194246/A2,net,pin
n_503,g182421/B,net,pin
n_503,g181571_dup194251/A,net,pin
n_503,g177137/A,net,pin
g200217/Y,n_50319,pin,net
n_50319,g154359__1666/B,net,pin
n_50319,g154357__2883/A2,net,pin
n_50341,g83/B2,net,pin
n_50341,g200242/A2,net,pin
g200239/Y,n_50341,pin,net
n_50341,g194136/A1,net,pin
n_50341,g178025/A,net,pin
n_50341,g178024/B,net,pin
n_50341,g174908/A2,net,pin
n_50341,g171389/A2,net,pin
n_50341,g169187/A1,net,pin
n_50341,g168808/B2,net,pin
n_50341,g163893/A2,net,pin
n_50341,g162680/A1,net,pin
n_50341,g162672/A1,net,pin
n_50342,g49/B1,net,pin
n_50342,g200242/B1,net,pin
n_50342,g174908/B1,net,pin
n_50342,g168808/A2,net,pin
n_50342,g163896/B1,net,pin
n_50342,g163893/B2,net,pin
n_50342,g163890/A1,net,pin
n_50342,g163888/A1,net,pin
fopt200240/Y,n_50342,pin,net
g200242/Y,n_50343,pin,net
n_50343,g200241/A,net,pin
g200241/Y,n_50344,pin,net
n_50344,g157751/A,net,pin
n_50344,g157644/B,net,pin
n_50344,g157462/B,net,pin
n_5036,u3_dout_reg\[4\]/D,net,pin
g153599__2346/Y,n_5036,pin,net
n_50388,g37/B1,net,pin
n_50388,g200276/A2,net,pin
n_50388,g192552/A1,net,pin
n_50388,g183903/B2,net,pin
n_50388,g183511/B1,net,pin
n_50388,g171389/B1,net,pin
n_50388,g163897/B1,net,pin
n_50388,g163886/A,net,pin
n_50388,g158725/A1,net,pin
n_50388,g158713/A1,net,pin
fopt200277/Y,n_50388,pin,net
g200276/Y,n_50389,pin,net
n_50389,g198833/B,net,pin
n_5041,u7_dout_reg\[4\]/D,net,pin
g153603__6161/Y,n_5041,pin,net
g200312/Y,n_50426,pin,net
n_50426,g198743/C,net,pin
n_50427,u9_full_reg/D,net,pin
g200315/Y,n_50427,pin,net
n_50452,g200344/A,net,pin
n_50452,g200342/A,net,pin
g200340/Y,n_50452,pin,net
n_50452,g198256/B2,net,pin
n_50452,g198251/B1,net,pin
n_50452,g176529/A2,net,pin
n_50452,g156980/A,net,pin
n_50453,g200347/A2,net,pin
n_50453,g200346/A,net,pin
n_50453,g200345/A2,net,pin
g200342/Y,n_50453,pin,net
n_50453,g200341/B,net,pin
g200341/Y,n_50454,pin,net
n_50454,g191781/B,net,pin
n_50455,g200349/B,net,pin
n_50455,g200348/B,net,pin
g200344/Y,n_50455,pin,net
n_50455,g200343/A,net,pin
g200343/Y,n_50456,pin,net
n_50456,g107/A,net,pin
g200345/Y,n_50457,pin,net
n_50457,g179065/B,net,pin
n_50458,g224/A1,net,pin
g200346/Y,n_50458,pin,net
n_50458,g158831/B2,net,pin
g200347/Y,n_50459,pin,net
n_50459,g179063/B,net,pin
g200348/Y,n_50460,pin,net
n_50460,g196985/B,net,pin
g200349/Y,n_50461,pin,net
n_50461,g196982/B,net,pin
n_50463,g153891__176455/C1,net,pin
fopt200350/Y,n_50463,pin,net
n_5054,u3_dout_reg\[19\]/D,net,pin
g153631__1617/Y,n_5054,pin,net
n_50541,u8_dout_reg\[15\]/D,net,pin
g153845__200405/Y,n_50541,pin,net
n_50546,g200415/B1,net,pin
n_50546,g200414/A,net,pin
n_50546,g200412/A,net,pin
g200411/Y,n_50546,pin,net
n_50546,g156978/A,net,pin
n_50548,g200420/A1,net,pin
n_50548,g200419/A2,net,pin
n_50548,g200418/A2,net,pin
n_50548,g200417/A2,net,pin
g200414/Y,n_50548,pin,net
n_50548,g200413/B1,net,pin
g200413/Y,n_50549,pin,net
n_50549,g154103__198365/A1,net,pin
n_50549,g154082__167222/A1,net,pin
n_50549,g153869__167224/A1,net,pin
n_50549,g153784__178433/A2,net,pin
g200415/Y,n_50551,pin,net
n_50551,g178423/B2,net,pin
n_50551,g171378/B2,net,pin
n_50551,g154104__198357/A2,net,pin
n_50551,g153870__5115/A2,net,pin
g200417/Y,n_50552,pin,net
n_50552,g154091__198355/A2,net,pin
n_50552,g154071__6260/A2,net,pin
n_50552,g153773__188371/A2,net,pin
n_50553,g224146/B2,net,pin
g200418/Y,n_50553,pin,net
n_50553,g154089__198371/A1,net,pin
n_50553,g154069__2398/A2,net,pin
n_50553,g153771__178445/A2,net,pin
g200419/Y,n_50554,pin,net
n_50554,g156/A2,net,pin
n_50555,g200520/B2,net,pin
g200420/Y,n_50555,pin,net
n_50555,g154088__198370/A1,net,pin
n_50555,g153985__1881/A1,net,pin
n_50555,g153770__178446/A1,net,pin
n_506,g168960/A,net,pin
g159572/Y,n_506,pin,net
n_506,g159025/A2,net,pin
g200464/Y,n_50601,pin,net
n_50601,g200463/B2,net,pin
n_50602,u4_rp_reg\[1\]/D,net,pin
g200463/Y,n_50602,pin,net
n_50619,g178081/A,net,pin
fopt200481/Y,n_50619,pin,net
n_5062,g224630/B1,net,pin
n_5062,g194039/B1,net,pin
n_5062,g163992/B,net,pin
g154759/Y,n_5062,pin,net
n_5062,g126/B1,net,pin
n_50660,u10_mem_reg\[1\]\[4\]/D,net,pin
g200520/Y,n_50660,pin,net
g200560/Y,n_50702,pin,net
n_50702,g200559/A,net,pin
g200561/Y,n_50703,pin,net
n_50703,g200559/B,net,pin
g200562/Y,n_50704,pin,net
n_50704,g200559/C,net,pin
g200563/Y,n_50705,pin,net
n_50705,g200559/D,net,pin
g200559/Y,n_50706,pin,net
n_50706,g200558/A1,net,pin
n_50707,u8_dout_reg\[11\]/D,net,pin
g200558/Y,n_50707,pin,net
n_50709,g200567/B2,net,pin
g200565/Y,n_50709,pin,net
n_50709,g188525/A2,net,pin
n_50709,g186388/B1,net,pin
n_50709,g184511/B,net,pin
n_50709,g175105/B2,net,pin
n_50709,g169027/A2,net,pin
n_50709,g168801/B2,net,pin
n_50709,g159071/B,net,pin
n_50709,g159070/B,net,pin
n_50709,g158819/A2,net,pin
n_50709,g158792/A2,net,pin
n_50709,g158786/A2,net,pin
n_50709,g158782/A2,net,pin
n_50709,g158768/A2,net,pin
n_50709,g158758/A2,net,pin
n_50709,g158721/A2,net,pin
n_50709,g158346/B2,net,pin
n_50709,g158322/B2,net,pin
n_50709,g158321/B1,net,pin
n_50709,g158313/B2,net,pin
n_50709,g158312/B2,net,pin
n_50709,g158301/B2,net,pin
n_50709,g158266/B2,net,pin
n_5071,u7_dout_reg\[8\]/D,net,pin
g153643__1666/Y,n_5071,pin,net
n_50710,g200568/A2,net,pin
g200567/Y,n_50710,pin,net
n_50710,g200566/A,net,pin
g200566/Y,n_50711,pin,net
n_50711,g188044/C1,net,pin
g200568/Y,n_50712,pin,net
n_50712,g186850/A,net,pin
n_50712,g154392__2802/A2,net,pin
n_5072,u7_dout_reg\[9\]/D,net,pin
g153644__2346/Y,n_5072,pin,net
n_5073,u7_dout_reg\[10\]/D,net,pin
g153645__2883/Y,n_5073,pin,net
n_5074,u7_dout_reg\[11\]/D,net,pin
g153646__9945/Y,n_5074,pin,net
n_5077,g210505/B,net,pin
n_5077,g193162/A2,net,pin
n_5077,g176218/A2,net,pin
n_5077,g171872/B,net,pin
n_5077,g171748/B,net,pin
g155541/Y,n_5077,pin,net
n_5077,g153839__180563/A2,net,pin
n_5077,g153837__9945/A2,net,pin
n_5077,g153648__196988/A1,net,pin
n_5077,g153646__9945/A2,net,pin
n_5077,g153645__2883/A2,net,pin
n_5077,g153644__2346/A2,net,pin
n_5077,g153643__1666/A2,net,pin
n_5077,g153603__6161/B1,net,pin
n_5077,g153602__193161/B1,net,pin
n_5077,g153601__193160/B1,net,pin
n_5077,g153600__193163/B2,net,pin
g200638/Y,n_50792,pin,net
n_50792,g200637/A,net,pin
g200639/Y,n_50793,pin,net
n_50793,g200637/B,net,pin
g200637/Y,n_50794,pin,net
n_50794,g199211/C,net,pin
g200646/Y,n_50808,pin,net
n_50808,g197826/A1,net,pin
n_50809,g187709/B,net,pin
fopt200649/Y,n_50809,pin,net
n_50809,fopt200648/A,net,pin
n_5081,u3_dout_reg\[8\]/D,net,pin
g153651__5115/Y,n_5081,pin,net
n_50810,g217561/A,net,pin
n_50810,g200652/A,net,pin
n_50810,g200650/B,net,pin
fopt200648/Y,n_50810,pin,net
n_50810,fopt200647/A,net,pin
g200650/Y,n_50812,pin,net
n_50812,g162473/A,net,pin
g200652/Y,n_50814,pin,net
n_50814,g177158/B,net,pin
n_5082,u3_dout_reg\[9\]/D,net,pin
g153652__1881/Y,n_5082,pin,net
n_5087,u8_dout_reg\[8\]/D,net,pin
g153655__8246/Y,n_5087,pin,net
n_5088,u8_dout_reg\[9\]/D,net,pin
g153656__5122/Y,n_5088,pin,net
g159864/Y,n_509,pin,net
n_509,g159863/A,net,pin
n_509,g157115/A,net,pin
n_509,g156162/B,net,pin
n_5091,g200558/A2,net,pin
n_5091,g194035/A2,net,pin
n_5091,g164106/A2,net,pin
g155542/Y,n_5091,pin,net
n_5091,g153845__200405/B1,net,pin
n_5091,g153659__1617/B1,net,pin
n_5091,g153656__5122/A2,net,pin
n_5091,g153655__8246/A2,net,pin
n_5091,g130/A2,net,pin
n_5093,u8_dout_reg\[12\]/D,net,pin
g153659__1617/Y,n_5093,pin,net
n_5094,u11_mem_reg\[3\]\[12\]/D,net,pin
g153436__3680/Y,n_5094,pin,net
n_5097,u11_mem_reg\[3\]\[11\]/D,net,pin
g153435__6783/Y,n_5097,pin,net
n_5098,u11_mem_reg\[3\]\[10\]/D,net,pin
g153434__5526/Y,n_5098,pin,net
g160066/Y,n_51,pin,net
n_51,g158149/A1,net,pin
n_5100,u9_mem_reg\[3\]\[17\]/D,net,pin
g153421__4319/Y,n_5100,pin,net
n_5101,u9_mem_reg\[3\]\[16\]/D,net,pin
g153420__6260/Y,n_5101,pin,net
n_5103,u9_mem_reg\[3\]\[15\]/D,net,pin
g153419__5107/Y,n_5103,pin,net
n_51030,g212124/A,net,pin
n_51030,g211407/B,net,pin
n_51030,g199173/B,net,pin
fopt200829/Y,n_51030,pin,net
g200830/Y,n_51032,pin,net
n_51032,g186669/A,net,pin
g200832/Y,n_51033,pin,net
n_51033,g192438/B,net,pin
g200833/Y,n_51034,pin,net
n_51034,g199174/A,net,pin
g200835/Y,n_51035,pin,net
n_51035,g154320__200834/A1,net,pin
g154320__200834/Y,n_51036,pin,net
n_51036,g153974__6783/C,net,pin
g200836/Y,n_51037,pin,net
n_51037,g188094/A,net,pin
g200837/Y,n_51038,pin,net
n_51038,g157945/A,net,pin
g200838/Y,n_51039,pin,net
n_51039,g187491/A,net,pin
n_5104,u9_mem_reg\[3\]\[14\]/D,net,pin
g153418__2398/Y,n_5104,pin,net
g200839/Y,n_51040,pin,net
n_51040,g157951/A,net,pin
g200840/Y,n_51041,pin,net
n_51041,g180562/A1,net,pin
n_51041,g171550/A,net,pin
g200841/Y,n_51042,pin,net
n_51042,g186860/A,net,pin
g200844/Y,n_51045,pin,net
n_51045,g199623/A,net,pin
g200845/Y,n_51046,pin,net
n_51046,g157948/B,net,pin
g200846/Y,n_51047,pin,net
n_51047,g157906/B,net,pin
g200847/Y,n_51048,pin,net
n_51048,g200194/A1,net,pin
n_51048,g194/A,net,pin
g200848/Y,n_51049,pin,net
n_51049,g157950/B,net,pin
n_5105,u9_mem_reg\[3\]\[13\]/D,net,pin
g153417__5477/Y,n_5105,pin,net
g200850/Y,n_51051,pin,net
n_51051,g181397/A,net,pin
g200852/Y,n_51053,pin,net
n_51053,g157892/A,net,pin
n_5106,u9_mem_reg\[3\]\[12\]/D,net,pin
g153416__6417/Y,n_5106,pin,net
n_5111,u9_mem_reg\[3\]\[7\]/D,net,pin
g153411__9945/Y,n_5111,pin,net
n_5112,u9_mem_reg\[3\]\[6\]/D,net,pin
g153410__9315/Y,n_5112,pin,net
n_5113,u9_mem_reg\[3\]\[5\]/D,net,pin
g153409__6161/Y,n_5113,pin,net
n_5114,u9_mem_reg\[3\]\[4\]/D,net,pin
g153408__4733/Y,n_5114,pin,net
n_51158,g200938/A,net,pin
g200936/Y,n_51158,pin,net
n_51158,g193157/B,net,pin
n_51158,g193156/B,net,pin
n_51158,g193155/B,net,pin
n_51158,g193154/B,net,pin
n_51158,g193151/B,net,pin
n_51158,g193149/B,net,pin
n_51158,g154221/B,net,pin
n_51158,g153886__205418/B1,net,pin
g200938/Y,n_51159,pin,net
n_51159,g154114__200937/C,net,pin
g154114__200937/Y,n_51160,pin,net
n_51160,g153648__196988/B,net,pin
n_5118,u9_mem_reg\[3\]\[0\]/D,net,pin
g153404__6131/Y,n_5118,pin,net
n_512,g436/B2,net,pin
g159997/Y,n_512,pin,net
n_512,g159996/A,net,pin
n_5121,u9_mem_reg\[1\]\[0\]/D,net,pin
g153381__8246/Y,n_5121,pin,net
n_5125,u9_mem_reg\[1\]\[2\]/D,net,pin
g153379__1705/Y,n_5125,pin,net
n_5127,u9_mem_reg\[1\]\[3\]/D,net,pin
g153378__2802/Y,n_5127,pin,net
n_51288,g213869/B2,net,pin
n_51288,g202318/B2,net,pin
n_51288,g202316/B2,net,pin
n_51288,g202315/B2,net,pin
n_51288,g202314/B2,net,pin
n_51288,g202313/B2,net,pin
n_51288,g202311/B2,net,pin
n_51288,g202308/B2,net,pin
n_51288,g202303/B2,net,pin
n_51288,g202302/B2,net,pin
n_51288,g202299/B2,net,pin
n_51288,g202298/B2,net,pin
n_51288,g202297/B2,net,pin
n_51288,g202295/B2,net,pin
n_51288,g202293/B2,net,pin
n_51288,g202290/B2,net,pin
fopt201048/Y,n_51288,pin,net
n_5129,u9_mem_reg\[1\]\[4\]/D,net,pin
g153377__1617/Y,n_5129,pin,net
n_51296,g214962/B2,net,pin
n_51296,g213839/B2,net,pin
n_51296,g202312/B2,net,pin
n_51296,g202310/B2,net,pin
n_51296,g202309/B2,net,pin
n_51296,g202307/B2,net,pin
n_51296,g202306/B2,net,pin
n_51296,g202305/B2,net,pin
n_51296,g202304/B2,net,pin
n_51296,g202301/B2,net,pin
n_51296,g202300/B2,net,pin
n_51296,g202294/B2,net,pin
n_51296,g202292/B2,net,pin
n_51296,g202289/B2,net,pin
n_51296,g202288/B2,net,pin
n_51296,g202287/B2,net,pin
fopt201049/Y,n_51296,pin,net
n_5133,u9_mem_reg\[1\]\[6\]/D,net,pin
g153375__6783/Y,n_5133,pin,net
n_5135,u9_mem_reg\[1\]\[7\]/D,net,pin
g153374__5526/Y,n_5135,pin,net
n_5139,u9_mem_reg\[1\]\[9\]/D,net,pin
g153372__4319/Y,n_5139,pin,net
n_5143,u9_mem_reg\[1\]\[10\]/D,net,pin
g153371__5107/Y,n_5143,pin,net
n_51464,g455/C,net,pin
g309/Y,n_51464,pin,net
g201204/Y,n_51478,pin,net
n_51478,g154317__201203/A1,net,pin
g154317__201203/Y,n_51479,pin,net
n_51479,g153971__218177/C,net,pin
g201208/Y,n_51481,pin,net
n_51481,g191893/B,net,pin
g201209/Y,n_51482,pin,net
n_51482,g157970/A,net,pin
g201210/Y,n_51483,pin,net
n_51483,g187623/A,net,pin
n_51484,g207597/B,net,pin
g201211/Y,n_51484,pin,net
g201213/Y,n_51486,pin,net
n_51486,g157975/B,net,pin
g201214/Y,n_51487,pin,net
n_51487,g177284/A1,net,pin
n_51487,fopt182915/A,net,pin
g201215/Y,n_51488,pin,net
n_51488,g200562/A2,net,pin
n_51488,g194375/A2,net,pin
n_51488,g168950/A2,net,pin
n_51488,g158126/A2,net,pin
n_51488,g158125/A2,net,pin
n_51488,g158124/A2,net,pin
n_51488,g158123/A2,net,pin
n_51488,g158122/A2,net,pin
n_51488,g158120/A2,net,pin
n_51488,g158118/A2,net,pin
n_51488,g158116/A2,net,pin
n_51488,g158111/A2,net,pin
g201216/Y,n_51489,pin,net
n_51489,g157978/A,net,pin
n_5149,u9_mem_reg\[1\]\[13\]/D,net,pin
g153368__6417/Y,n_5149,pin,net
g201217/Y,n_51490,pin,net
n_51490,g170366/B,net,pin
g201220/Y,n_51493,pin,net
n_51493,g172211/A,net,pin
n_51493,g172210/A,net,pin
g201222/Y,n_51495,pin,net
n_51495,g157971/A,net,pin
n_51496,g224656/A1,net,pin
g201223/Y,n_51496,pin,net
n_51496,g179262/A,net,pin
n_51498,g205710/A,net,pin
g201225/Y,n_51498,pin,net
g201226/Y,n_51499,pin,net
n_51499,g171209/A,net,pin
g201227/Y,n_51500,pin,net
n_51500,g153/B,net,pin
n_5152,u9_mem_reg\[1\]\[14\]/D,net,pin
g153367__1666/Y,n_5152,pin,net
n_5153,u9_mem_reg\[1\]\[15\]/D,net,pin
g153366__2346/Y,n_5153,pin,net
n_5154,u9_mem_reg\[1\]\[16\]/D,net,pin
g153365__2883/Y,n_5154,pin,net
n_5156,u9_mem_reg\[1\]\[17\]/D,net,pin
g153364__9945/Y,n_5156,pin,net
n_5157,u9_mem_reg\[1\]\[18\]/D,net,pin
g153363__9315/Y,n_5157,pin,net
n_5158,u9_mem_reg\[1\]\[19\]/D,net,pin
g153362__6161/Y,n_5158,pin,net
n_5159,u9_mem_reg\[3\]\[20\]/D,net,pin
g153337__4733/Y,n_5159,pin,net
n_5160,u9_mem_reg\[3\]\[21\]/D,net,pin
g153336__7482/Y,n_5160,pin,net
n_5161,u9_mem_reg\[3\]\[22\]/D,net,pin
g153335__5115/Y,n_5161,pin,net
n_517,g188065/B,net,pin
g159604/Y,n_517,pin,net
n_517,g157118/B,net,pin
n_517,g152434__8428/B1,net,pin
g158936/Y,n_5171,pin,net
n_5171,g153935__6131/A1,net,pin
n_5171,g153899__168306/A1,net,pin
n_5171,g153331__6783/A1,net,pin
n_5171,g153307__5115/A1,net,pin
n_5172,u9_mem_reg\[3\]\[26\]/D,net,pin
g153331__6783/Y,n_5172,pin,net
n_5173,g176786/B2,net,pin
g158926/Y,n_5173,pin,net
n_5173,g153934__8246/A2,net,pin
n_5173,g153898__168307/A2,net,pin
n_5173,g153308__7482/A2,net,pin
g158915/Y,n_5177,pin,net
n_5177,g153936__1881/A1,net,pin
n_5177,g153900__168305/A1,net,pin
n_5177,g153330__4319/A2,net,pin
n_5177,g153306__1881/A1,net,pin
n_5178,u9_mem_reg\[3\]\[27\]/D,net,pin
g153330__4319/Y,n_5178,pin,net
g158931/Y,n_5181,pin,net
n_5181,g153931__1617/A1,net,pin
n_5181,g153895__168310/A1,net,pin
n_5181,g153335__5115/A2,net,pin
n_5181,g153311__9315/A1,net,pin
g158938/Y,n_5185,pin,net
n_5185,g153930__3680/A1,net,pin
n_5185,g153894__168311/A1,net,pin
n_5185,g153336__7482/A2,net,pin
n_5185,g153312__9945/A1,net,pin
n_519,g193861/A,net,pin
n_519,g179660/B,net,pin
n_519,g179657/C,net,pin
g159173/Y,n_519,pin,net
n_5195,u9_mem_reg\[1\]\[20\]/D,net,pin
g153313__2883/Y,n_5195,pin,net
n_5196,u9_mem_reg\[1\]\[21\]/D,net,pin
g153312__9945/Y,n_5196,pin,net
n_5197,u9_mem_reg\[1\]\[22\]/D,net,pin
g153311__9315/Y,n_5197,pin,net
n_5198,u9_mem_reg\[1\]\[23\]/D,net,pin
g153310__6161/Y,n_5198,pin,net
n_5199,u9_mem_reg\[1\]\[24\]/D,net,pin
g153309__4733/Y,n_5199,pin,net
g160072/Y,n_52,pin,net
n_52,g158113/A2,net,pin
n_5200,u9_mem_reg\[1\]\[25\]/D,net,pin
g153308__7482/Y,n_5200,pin,net
n_5201,u9_mem_reg\[1\]\[26\]/D,net,pin
g153307__5115/Y,n_5201,pin,net
n_5202,u9_mem_reg\[1\]\[27\]/D,net,pin
g153306__1881/Y,n_5202,pin,net
n_5203,u9_mem_reg\[1\]\[28\]/D,net,pin
g153305__6131/Y,n_5203,pin,net
n_5204,u9_mem_reg\[1\]\[29\]/D,net,pin
g153304__7098/Y,n_5204,pin,net
n_5207,u9_mem_reg\[1\]\[30\]/D,net,pin
g153303__8246/Y,n_5207,pin,net
n_5208,u9_mem_reg\[1\]\[31\]/D,net,pin
g153302__5122/Y,n_5208,pin,net
g159871/Y,n_521,pin,net
n_521,g159147/B,net,pin
n_521,g153399__5115/B,net,pin
n_521,g153395__175376/C,net,pin
g158831/Y,n_5211,pin,net
n_5211,g153763__168294/A2,net,pin
n_5211,g153559__3680/A1,net,pin
n_5211,g153423__1705/A1,net,pin
n_5211,g153362__6161/A1,net,pin
n_5212,u9_mem_reg\[3\]\[19\]/D,net,pin
g153423__1705/Y,n_5212,pin,net
n_522,g172434/A,net,pin
g159307/Y,n_522,pin,net
n_522,g159223/A,net,pin
n_5221,u1_slt1_reg\[7\]/D,net,pin
g154858__6260/Y,n_5221,pin,net
n_5222,u1_slt2_reg\[7\]/D,net,pin
g154857__5107/Y,n_5222,pin,net
n_5223,u1_slt3_reg\[7\]/D,net,pin
g154840__2398/Y,n_5223,pin,net
n_5224,u1_slt4_reg\[7\]/D,net,pin
g154839__5477/Y,n_5224,pin,net
n_5225,u1_slt6_reg\[7\]/D,net,pin
g154838__6417/Y,n_5225,pin,net
n_523,g184483/A,net,pin
g159223/Y,n_523,pin,net
n_5258,g168313/A2,net,pin
g154431__2883/Y,n_5258,pin,net
n_5258,g153976__168300/B2,net,pin
n_5258,g153904__168302/B2,net,pin
n_5258,g153903__168303/B2,net,pin
n_5258,g153902__168304/B2,net,pin
n_5258,g153901__168297/B2,net,pin
n_5258,g153900__168305/B2,net,pin
n_5258,g153899__168306/B2,net,pin
n_5258,g153898__168307/B2,net,pin
n_5258,g153897__168308/B2,net,pin
n_5258,g153896__168309/B2,net,pin
n_5258,g153895__168310/B2,net,pin
n_5258,g153894__168311/B2,net,pin
n_5258,g153893__168312/B2,net,pin
n_5258,g153763__168294/B1,net,pin
n_5258,g153762__168314/B2,net,pin
n_5258,g153761__168317/B2,net,pin
n_5258,g153558__168322/B2,net,pin
n_5258,g153557__168323/B2,net,pin
n_5258,g153556__168324/B2,net,pin
n_5258,g153555__168325/B2,net,pin
n_5258,g153553__168326/B2,net,pin
n_5258,g153552__168299/B1,net,pin
n_5258,g153551__168327/B1,net,pin
n_5258,g153550__178342/B2,net,pin
n_5258,g153549__168316/B2,net,pin
n_5258,g153548__168315/B2,net,pin
n_5258,g153547__168319/B2,net,pin
n_5258,g153546__168328/B2,net,pin
n_5258,g153545__168318/B1,net,pin
n_5258,g153544__168301/B2,net,pin
n_5258,g153543__168321/B2,net,pin
n_5263,u1_sr_reg\[9\]/D,net,pin
g155073/Y,n_5263,pin,net
n_5266,u0_slt9_r_reg\[4\]/D,net,pin
g152847__2883/Y,n_5266,pin,net
n_5267,u1_slt3_reg\[8\]/D,net,pin
g154399__9945/Y,n_5267,pin,net
n_5268,u1_slt4_reg\[8\]/D,net,pin
g154400__9315/Y,n_5268,pin,net
n_5269,u1_slt6_reg\[8\]/D,net,pin
g154401__6161/Y,n_5269,pin,net
n_5271,u1_slt2_reg\[8\]/D,net,pin
g154396__4733/Y,n_5271,pin,net
n_5272,u1_slt1_reg\[8\]/D,net,pin
g154395__7482/Y,n_5272,pin,net
n_5273,u1_sr_reg\[10\]/D,net,pin
g154437/Y,n_5273,pin,net
n_5274,u1_slt6_reg\[9\]/D,net,pin
g154129__5115/Y,n_5274,pin,net
n_5275,u1_slt4_reg\[9\]/D,net,pin
g154128__1881/Y,n_5275,pin,net
n_5276,u1_slt3_reg\[9\]/D,net,pin
g154127__6131/Y,n_5276,pin,net
g27/Y,n_52768,pin,net
n_52768,g202202/A,net,pin
n_52768,g159976/A,net,pin
n_52768,g155024/A,net,pin
n_52769,g206130/C,net,pin
g202203/Y,n_52769,pin,net
n_52769,g202202/B,net,pin
n_52769,g155541/A,net,pin
n_5277,u1_slt2_reg\[9\]/D,net,pin
g153995__7098/Y,n_5277,pin,net
n_52770,u7_rp_reg\[0\]/D,net,pin
g202202/Y,n_52770,pin,net
n_52770,g179/A,net,pin
n_52770,g153974__6783/B1,net,pin
n_5278,u1_slt0_reg\[9\]/D,net,pin
g153994__8246/Y,n_5278,pin,net
n_5279,u0_slt9_r_reg\[5\]/D,net,pin
g152818__5122/Y,n_5279,pin,net
g159319/Y,n_528,pin,net
n_528,g159034/B,net,pin
n_528,g158372/A,net,pin
n_528,g157581/A,net,pin
n_5280,u1_sr_reg\[11\]/D,net,pin
g154157/Y,n_5280,pin,net
n_5281,u1_slt3_reg\[10\]/D,net,pin
g153875__1705/Y,n_5281,pin,net
n_5282,u1_slt4_reg\[10\]/D,net,pin
g153876__2802/Y,n_5282,pin,net
n_5283,u1_slt6_reg\[10\]/D,net,pin
g153877__1617/Y,n_5283,pin,net
g156893/Y,n_5284,pin,net
n_5284,g156116__5115/B2,net,pin
n_5284,g155592__5477/B2,net,pin
n_5284,g154858__6260/B2,net,pin
n_5284,g154395__7482/B2,net,pin
n_5284,g153590__3680/B2,net,pin
n_5284,g153402__6260/B2,net,pin
n_5285,u1_slt1_reg\[10\]/D,net,pin
g153590__3680/Y,n_5285,pin,net
n_5286,u1_slt2_reg\[10\]/D,net,pin
g153589__6783/Y,n_5286,pin,net
n_5287,u1_sr_reg\[12\]/D,net,pin
g153977/Y,n_5287,pin,net
n_5288,u1_slt2_reg\[11\]/D,net,pin
g153403__5526/Y,n_5288,pin,net
g202272/Y,n_52880,pin,net
n_52880,g184496/B,net,pin
n_52880,g179414/B,net,pin
n_5289,u1_slt3_reg\[11\]/D,net,pin
g153341__8428/Y,n_5289,pin,net
g174069_dup202286/Y,n_52892,pin,net
n_52892,fopt202291/A,net,pin
n_52892,fopt202285/A,net,pin
n_52893,g214962/A1,net,pin
n_52893,g213869/A1,net,pin
n_52893,g202302/A1,net,pin
n_52893,g202301/A1,net,pin
n_52893,g202300/A1,net,pin
n_52893,g202299/A1,net,pin
n_52893,g202298/A1,net,pin
n_52893,g202297/A1,net,pin
n_52893,g202295/A1,net,pin
n_52893,g202294/A1,net,pin
n_52893,g202293/A1,net,pin
n_52893,g202292/A1,net,pin
n_52893,g202289/A1,net,pin
n_52893,g202288/A1,net,pin
n_52893,g202287/A1,net,pin
fopt202285/Y,n_52893,pin,net
n_52895,u3_mem_reg\[0\]\[3\]/D,net,pin
g202287/Y,n_52895,pin,net
n_52896,u3_mem_reg\[0\]\[1\]/D,net,pin
g202288/Y,n_52896,pin,net
n_52897,u3_mem_reg\[0\]\[21\]/D,net,pin
g202289/Y,n_52897,pin,net
n_52898,g213839/A1,net,pin
n_52898,g202318/A1,net,pin
n_52898,g202316/A1,net,pin
n_52898,g202315/A1,net,pin
n_52898,g202314/A1,net,pin
n_52898,g202313/A1,net,pin
n_52898,g202312/A1,net,pin
n_52898,g202311/A1,net,pin
n_52898,g202310/A1,net,pin
n_52898,g202309/A1,net,pin
n_52898,g202308/A1,net,pin
n_52898,g202307/A1,net,pin
n_52898,g202306/A1,net,pin
n_52898,g202305/A1,net,pin
n_52898,g202304/A1,net,pin
n_52898,g202303/A1,net,pin
n_52898,g202290/A1,net,pin
fopt202291/Y,n_52898,pin,net
n_52899,u3_mem_reg\[0\]\[6\]/D,net,pin
g202290/Y,n_52899,pin,net
n_529,u2_sync_beat_reg/D,net,pin
g158372/Y,n_529,pin,net
n_5290,u1_slt0_reg\[11\]/D,net,pin
g153401__4319/Y,n_5290,pin,net
n_52900,u3_mem_reg\[0\]\[11\]/D,net,pin
g202292/Y,n_52900,pin,net
n_52901,u3_mem_reg\[0\]\[17\]/D,net,pin
g202293/Y,n_52901,pin,net
n_52902,u3_mem_reg\[0\]\[7\]/D,net,pin
g202294/Y,n_52902,pin,net
n_52903,u3_mem_reg\[0\]\[24\]/D,net,pin
g202295/Y,n_52903,pin,net
n_52905,u3_mem_reg\[0\]\[20\]/D,net,pin
g202297/Y,n_52905,pin,net
n_52906,u3_mem_reg\[0\]\[25\]/D,net,pin
g202298/Y,n_52906,pin,net
n_52907,u3_mem_reg\[0\]\[13\]/D,net,pin
g202299/Y,n_52907,pin,net
n_52908,u3_mem_reg\[0\]\[30\]/D,net,pin
g202300/Y,n_52908,pin,net
n_52909,u3_mem_reg\[0\]\[8\]/D,net,pin
g202301/Y,n_52909,pin,net
n_5291,u1_slt1_reg\[11\]/D,net,pin
g153402__6260/Y,n_5291,pin,net
n_52910,u3_mem_reg\[0\]\[27\]/D,net,pin
g202302/Y,n_52910,pin,net
n_52911,u3_mem_reg\[0\]\[9\]/D,net,pin
g202303/Y,n_52911,pin,net
n_52912,u3_mem_reg\[0\]\[26\]/D,net,pin
g202304/Y,n_52912,pin,net
n_52913,u3_mem_reg\[0\]\[0\]/D,net,pin
g202305/Y,n_52913,pin,net
n_52914,u3_mem_reg\[0\]\[28\]/D,net,pin
g202306/Y,n_52914,pin,net
n_52915,u3_mem_reg\[0\]\[18\]/D,net,pin
g202307/Y,n_52915,pin,net
n_52916,u3_mem_reg\[0\]\[31\]/D,net,pin
g202308/Y,n_52916,pin,net
n_52917,u3_mem_reg\[0\]\[29\]/D,net,pin
g202309/Y,n_52917,pin,net
n_52918,u3_mem_reg\[0\]\[19\]/D,net,pin
g202310/Y,n_52918,pin,net
n_52919,u3_mem_reg\[0\]\[16\]/D,net,pin
g202311/Y,n_52919,pin,net
n_5292,u1_slt4_reg\[11\]/D,net,pin
g153340__5107/Y,n_5292,pin,net
n_52920,u3_mem_reg\[0\]\[15\]/D,net,pin
g202312/Y,n_52920,pin,net
n_52921,u3_mem_reg\[0\]\[23\]/D,net,pin
g202313/Y,n_52921,pin,net
n_52922,u3_mem_reg\[0\]\[14\]/D,net,pin
g202314/Y,n_52922,pin,net
n_52923,u3_mem_reg\[0\]\[5\]/D,net,pin
g202315/Y,n_52923,pin,net
n_52924,u3_mem_reg\[0\]\[2\]/D,net,pin
g202316/Y,n_52924,pin,net
n_52926,u3_mem_reg\[0\]\[12\]/D,net,pin
g202318/Y,n_52926,pin,net
n_5293,u0_slt9_r_reg\[6\]/D,net,pin
g152804__2398/Y,n_5293,pin,net
n_52932,g213720/B2,net,pin
n_52932,g207748/A,net,pin
g202323/Y,n_52932,pin,net
g456/Y,n_52933,pin,net
n_52933,g455/A1,net,pin
n_52934,u4_dout_reg\[5\]/D,net,pin
g455/Y,n_52934,pin,net
g202327/Y,n_52935,pin,net
n_52935,g202326/A1,net,pin
g202328/Y,n_52936,pin,net
n_52936,g202326/A2,net,pin
g202329/Y,n_52937,pin,net
n_52937,g202326/A3,net,pin
g202330/Y,n_52938,pin,net
n_52938,g202326/B,net,pin
g202326/Y,n_52939,pin,net
n_52939,g202325/B,net,pin
n_5294,u1_slt6_reg\[11\]/D,net,pin
g153339__5477/Y,n_5294,pin,net
n_52940,u5_dout_reg\[4\]/D,net,pin
g202325/Y,n_52940,pin,net
g202337/Y,n_52948,pin,net
n_52948,g202336/A,net,pin
g202338/Y,n_52949,pin,net
n_52949,g202336/B,net,pin
n_5295,u1_sr_reg\[13\]/D,net,pin
g153542/Y,n_5295,pin,net
g202339/Y,n_52950,pin,net
n_52950,g202336/C,net,pin
n_52951,u12_wb_data_o_reg\[15\]/D,net,pin
g202336/Y,n_52951,pin,net
g156645/Y,n_5296,pin,net
n_5296,g153994__8246/B2,net,pin
n_5296,g153401__4319/B2,net,pin
n_5296,g152964__6417/B2,net,pin
n_5296,g152859__2802/B2,net,pin
n_5297,u1_slt0_reg\[12\]/D,net,pin
g152964__6417/Y,n_5297,pin,net
g202360/Y,n_52978,pin,net
n_52978,g202359/B,net,pin
g202359/Y,n_52979,pin,net
n_52979,g157010/C,net,pin
n_5298,u1_slt2_reg\[12\]/D,net,pin
g152963__7410/Y,n_5298,pin,net
n_5299,u1_slt3_reg\[12\]/D,net,pin
g152962__1666/Y,n_5299,pin,net
g160074/Y,n_53,pin,net
n_53,g158284/A,net,pin
n_5300,u1_slt4_reg\[12\]/D,net,pin
g152961__2346/Y,n_5300,pin,net
g202384/Y,n_53002,pin,net
n_53002,g202383/B,net,pin
g202383/Y,n_53003,pin,net
n_53003,g202359/A1,net,pin
n_53003,g157723/A,net,pin
n_53003,g157479/B,net,pin
n_5301,u1_slt6_reg\[12\]/D,net,pin
g152960__2883/Y,n_5301,pin,net
n_5302,u1_sr_reg\[14\]/D,net,pin
g153037/Y,n_5302,pin,net
n_5303,u0_slt9_r_reg\[7\]/D,net,pin
g152802__9945/Y,n_5303,pin,net
n_5304,u1_slt6_reg\[13\]/D,net,pin
g152880__9315/Y,n_5304,pin,net
n_5305,u1_slt2_reg\[13\]/D,net,pin
g152879__6161/Y,n_5305,pin,net
n_5306,u1_slt3_reg\[13\]/D,net,pin
g152878__4733/Y,n_5306,pin,net
n_5307,u1_slt4_reg\[13\]/D,net,pin
g152877__7482/Y,n_5307,pin,net
n_5308,u1_sr_reg\[15\]/D,net,pin
g152883/Y,n_5308,pin,net
n_5309,u1_slt6_reg\[14\]/D,net,pin
g152870__5115/Y,n_5309,pin,net
n_5310,u1_slt4_reg\[14\]/D,net,pin
g152869__1881/Y,n_5310,pin,net
g202448/Y,n_53101,pin,net
n_53101,g202447/A2,net,pin
n_53101,g202272/A2,net,pin
n_53101,g184641/B1,net,pin
n_53101,g184626/A1,net,pin
n_53101,g184625/A1,net,pin
n_53101,g184623/A2,net,pin
n_53101,g181449/A1,net,pin
n_53101,g168968/A1,net,pin
n_53101,g158559/A2,net,pin
g202447/Y,n_53102,pin,net
n_53102,g202323/B,net,pin
n_5311,u1_slt2_reg\[14\]/D,net,pin
g152867__6131/Y,n_5311,pin,net
n_5312,u1_slt3_reg\[14\]/D,net,pin
g152866__7098/Y,n_5312,pin,net
n_5313,u1_sr_reg\[16\]/D,net,pin
g152871/Y,n_5313,pin,net
n_5314,u0_slt9_r_reg\[8\]/D,net,pin
g152800__8246/Y,n_5314,pin,net
n_5315,u1_slt2_reg\[15\]/D,net,pin
g152857__5122/Y,n_5315,pin,net
n_5316,u1_slt6_reg\[15\]/D,net,pin
g152858__1705/Y,n_5316,pin,net
n_5317,u1_slt0_reg\[15\]/D,net,pin
g152859__2802/Y,n_5317,pin,net
n_5318,u1_slt3_reg\[15\]/D,net,pin
g152856__1617/Y,n_5318,pin,net
n_5319,u1_slt4_reg\[15\]/D,net,pin
g152855__3680/Y,n_5319,pin,net
g159700/Y,n_532,pin,net
n_532,g154314__9315/C,net,pin
n_5320,u1_sr_reg\[17\]/D,net,pin
g152860/Y,n_5320,pin,net
n_5321,u1_slt6_reg\[16\]/D,net,pin
g152846__6783/Y,n_5321,pin,net
n_5322,u1_slt2_reg\[16\]/D,net,pin
g152845__5526/Y,n_5322,pin,net
n_5323,u1_slt3_reg\[16\]/D,net,pin
g152844__8428/Y,n_5323,pin,net
n_5324,u1_slt4_reg\[16\]/D,net,pin
g152843__4319/Y,n_5324,pin,net
n_5325,u0_slt9_r_reg\[9\]/D,net,pin
g152798__6260/Y,n_5325,pin,net
n_5326,u1_sr_reg\[18\]/D,net,pin
g152849/Y,n_5326,pin,net
n_53263,g207595/B,net,pin
fopt202580/Y,n_53263,pin,net
n_53264,g224642/B,net,pin
fopt202581/Y,n_53264,pin,net
n_5327,u1_slt6_reg\[17\]/D,net,pin
g152836__5107/Y,n_5327,pin,net
n_5328,u1_slt4_reg\[17\]/D,net,pin
g152835__2398/Y,n_5328,pin,net
n_5329,u1_slt2_reg\[17\]/D,net,pin
g152833__5477/Y,n_5329,pin,net
n_5330,u1_slt3_reg\[17\]/D,net,pin
g152832__6417/Y,n_5330,pin,net
n_5331,u1_sr_reg\[19\]/D,net,pin
g152837/Y,n_5331,pin,net
n_5332,u0_slt9_r_reg\[10\]/D,net,pin
g152796__7410/Y,n_5332,pin,net
g156648/Y,n_5333,pin,net
n_5333,g155587/B2,net,pin
n_5333,g155586/B2,net,pin
n_5333,g155584/B2,net,pin
n_5333,g155578__2346/B2,net,pin
n_5333,g154401__6161/B2,net,pin
n_5333,g153877__1617/B2,net,pin
n_5333,g152960__2883/B2,net,pin
n_5333,g152870__5115/B2,net,pin
n_5333,g152846__6783/B2,net,pin
n_5333,g152817__9315/B2,net,pin
n_5333,drc_buf_sp166429/A,net,pin
n_5335,u1_slt6_reg\[18\]/D,net,pin
g152826__1666/Y,n_5335,pin,net
g156646/Y,n_5336,pin,net
n_5336,g155591/B2,net,pin
n_5336,g155590/B2,net,pin
n_5336,g155589__6417/B2,net,pin
n_5336,g154857__5107/B2,net,pin
n_5336,g154396__4733/B2,net,pin
n_5336,g153995__7098/B2,net,pin
n_5336,g153589__6783/B2,net,pin
n_5336,g153403__5526/B2,net,pin
n_5336,g152963__7410/B2,net,pin
n_5336,g152879__6161/B2,net,pin
n_5336,g152867__6131/B2,net,pin
n_5336,g152857__5122/B2,net,pin
n_5336,g152845__5526/B2,net,pin
n_5336,g152833__5477/B2,net,pin
n_5336,g152825__2346/B2,net,pin
n_5336,g152816__6161/B2,net,pin
n_53365,g219108/B,net,pin
n_53365,g212432/A,net,pin
n_53365,g212125/A,net,pin
n_53365,g202674/B,net,pin
g202672/Y,n_53365,pin,net
n_53365,g200851_dup/B,net,pin
n_53365,g159059_dup212431/A,net,pin
n_53366,g202676/A2,net,pin
n_53366,g202675/A2,net,pin
g202674/Y,n_53366,pin,net
n_53366,g202673/A2,net,pin
n_53367,g210507/B,net,pin
g202673/Y,n_53367,pin,net
n_53368,g212201/C,net,pin
g202675/Y,n_53368,pin,net
g202676/Y,n_53369,pin,net
n_53369,g180564/D,net,pin
n_5337,u1_slt2_reg\[18\]/D,net,pin
g152825__2346/Y,n_5337,pin,net
n_53370,g212412/A,net,pin
n_53370,g202678/A2,net,pin
n_53370,g202677/A2,net,pin
g200851_dup/Y,n_53370,pin,net
g202677/Y,n_53371,pin,net
n_53371,g176219/D,net,pin
g202678/Y,n_53372,pin,net
n_53372,g176214/D,net,pin
g157207/Y,n_5338,pin,net
n_5338,g156723/B2,net,pin
n_5338,g156721/B2,net,pin
n_5338,g156720/B2,net,pin
n_5338,g155582__7410/B2,net,pin
n_5338,g154399__9945/B2,net,pin
n_5338,g153875__1705/B2,net,pin
n_5338,g152962__1666/B2,net,pin
n_5338,g152866__7098/B2,net,pin
n_5338,g152844__8428/B2,net,pin
n_5338,g152815__4733/B2,net,pin
n_5338,drc_buf_sp166379/A,net,pin
n_534,g209220/B,net,pin
n_534,g187222/B,net,pin
g178426/Y,n_534,pin,net
n_534,g154859__4319/C,net,pin
n_5340,u1_slt3_reg\[18\]/D,net,pin
g152824__2883/Y,n_5340,pin,net
g157353/Y,n_5341,pin,net
n_5341,g157159/B2,net,pin
n_5341,g157157/B2,net,pin
n_5341,g156724/B2,net,pin
n_5341,g155581__1666/B2,net,pin
n_5341,g154400__9315/B2,net,pin
n_5341,g153876__2802/B2,net,pin
n_5341,g152961__2346/B2,net,pin
n_5341,g152869__1881/B2,net,pin
n_5341,g152843__4319/B2,net,pin
n_5341,g152814__7482/B2,net,pin
n_5341,drc_buf_sp166404/A,net,pin
n_5343,u1_slt4_reg\[18\]/D,net,pin
g152823__9945/Y,n_5343,pin,net
n_5344,u1_slt6_reg\[19\]/D,net,pin
g152817__9315/Y,n_5344,pin,net
n_5345,u1_slt2_reg\[19\]/D,net,pin
g152816__6161/Y,n_5345,pin,net
n_5346,u1_slt3_reg\[19\]/D,net,pin
g152815__4733/Y,n_5346,pin,net
n_5347,u1_slt4_reg\[19\]/D,net,pin
g152814__7482/Y,n_5347,pin,net
n_5348,u0_slt9_r_reg\[11\]/D,net,pin
g152794__5115/Y,n_5348,pin,net
n_5349,u0_slt9_r_reg\[12\]/D,net,pin
g152792__1881/Y,n_5349,pin,net
n_5350,u0_slt9_r_reg\[13\]/D,net,pin
g152790__6131/Y,n_5350,pin,net
n_5351,u0_slt9_r_reg\[14\]/D,net,pin
g152788__7098/Y,n_5351,pin,net
n_5352,u0_slt9_r_reg\[15\]/D,net,pin
g152786__8246/Y,n_5352,pin,net
n_5353,u0_slt9_r_reg\[16\]/D,net,pin
g152784__5122/Y,n_5353,pin,net
n_5354,u0_slt9_r_reg\[17\]/D,net,pin
g152782__1705/Y,n_5354,pin,net
n_5355,u0_slt9_r_reg\[18\]/D,net,pin
g152780__2802/Y,n_5355,pin,net
n_5356,u0_slt9_r_reg\[19\]/D,net,pin
g152778__1617/Y,n_5356,pin,net
n_5357,u0_slt8_r_reg\[0\]/D,net,pin
g152776__3680/Y,n_5357,pin,net
n_5358,u0_slt8_r_reg\[1\]/D,net,pin
g152774__6783/Y,n_5358,pin,net
n_5359,u0_slt8_r_reg\[2\]/D,net,pin
g152772__5526/Y,n_5359,pin,net
n_5360,u0_slt8_r_reg\[3\]/D,net,pin
g152770__8428/Y,n_5360,pin,net
n_5361,u0_slt8_r_reg\[4\]/D,net,pin
g152768__4319/Y,n_5361,pin,net
n_5362,u0_slt8_r_reg\[5\]/D,net,pin
g152766__6260/Y,n_5362,pin,net
n_5363,u0_slt8_r_reg\[6\]/D,net,pin
g152764__5107/Y,n_5363,pin,net
n_5364,u0_slt8_r_reg\[7\]/D,net,pin
g152762__2398/Y,n_5364,pin,net
n_5365,u0_slt8_r_reg\[8\]/D,net,pin
g152760__5477/Y,n_5365,pin,net
n_5366,u0_slt8_r_reg\[9\]/D,net,pin
g152758__6417/Y,n_5366,pin,net
n_5367,u0_slt8_r_reg\[10\]/D,net,pin
g152756__7410/Y,n_5367,pin,net
n_5368,u0_slt8_r_reg\[11\]/D,net,pin
g152754__1666/Y,n_5368,pin,net
n_5369,u0_slt8_r_reg\[12\]/D,net,pin
g152752__2346/Y,n_5369,pin,net
n_5370,u0_slt8_r_reg\[13\]/D,net,pin
g152750__2883/Y,n_5370,pin,net
n_5371,u0_slt8_r_reg\[14\]/D,net,pin
g152748__9945/Y,n_5371,pin,net
n_5372,u0_slt8_r_reg\[15\]/D,net,pin
g152746__9315/Y,n_5372,pin,net
n_5373,u0_slt8_r_reg\[16\]/D,net,pin
g152744__6161/Y,n_5373,pin,net
n_5374,u0_slt8_r_reg\[17\]/D,net,pin
g152742__4733/Y,n_5374,pin,net
n_5375,u0_slt8_r_reg\[18\]/D,net,pin
g152740__7482/Y,n_5375,pin,net
n_5376,u0_slt8_r_reg\[19\]/D,net,pin
g152738__5115/Y,n_5376,pin,net
n_5377,u0_slt7_r_reg\[0\]/D,net,pin
g152736__1881/Y,n_5377,pin,net
n_5378,u0_slt7_r_reg\[1\]/D,net,pin
g152734__6131/Y,n_5378,pin,net
n_5379,u0_slt7_r_reg\[2\]/D,net,pin
g152732__7098/Y,n_5379,pin,net
n_5380,u0_slt7_r_reg\[3\]/D,net,pin
g152730__8246/Y,n_5380,pin,net
n_5381,u0_slt7_r_reg\[4\]/D,net,pin
g152728__5122/Y,n_5381,pin,net
n_5382,u0_slt7_r_reg\[5\]/D,net,pin
g152726__1705/Y,n_5382,pin,net
n_5383,u0_slt7_r_reg\[6\]/D,net,pin
g152724__2802/Y,n_5383,pin,net
n_5384,u0_slt7_r_reg\[7\]/D,net,pin
g152722__1617/Y,n_5384,pin,net
n_5385,u0_slt7_r_reg\[8\]/D,net,pin
g152720__3680/Y,n_5385,pin,net
n_5386,u0_slt7_r_reg\[9\]/D,net,pin
g152718__6783/Y,n_5386,pin,net
n_5387,u0_slt7_r_reg\[10\]/D,net,pin
g152716__5526/Y,n_5387,pin,net
n_5388,u0_slt7_r_reg\[11\]/D,net,pin
g152714__8428/Y,n_5388,pin,net
n_5389,u0_slt7_r_reg\[12\]/D,net,pin
g152712__4319/Y,n_5389,pin,net
n_5390,u0_slt7_r_reg\[13\]/D,net,pin
g152710__6260/Y,n_5390,pin,net
n_5391,u0_slt7_r_reg\[14\]/D,net,pin
g152708__5107/Y,n_5391,pin,net
n_5392,u0_slt7_r_reg\[15\]/D,net,pin
g152706__2398/Y,n_5392,pin,net
n_5393,u0_slt7_r_reg\[16\]/D,net,pin
g152704__5477/Y,n_5393,pin,net
n_5394,u0_slt7_r_reg\[17\]/D,net,pin
g152702__6417/Y,n_5394,pin,net
n_5395,u0_slt7_r_reg\[18\]/D,net,pin
g152700__7410/Y,n_5395,pin,net
n_5396,u0_slt7_r_reg\[19\]/D,net,pin
g152698__1666/Y,n_5396,pin,net
n_5397,u0_slt6_r_reg\[0\]/D,net,pin
g152696__2346/Y,n_5397,pin,net
n_5398,u0_slt6_r_reg\[1\]/D,net,pin
g152694__2883/Y,n_5398,pin,net
n_5399,u0_slt6_r_reg\[2\]/D,net,pin
g152692__9945/Y,n_5399,pin,net
n_5400,u0_slt6_r_reg\[3\]/D,net,pin
g152690__9315/Y,n_5400,pin,net
n_5401,u0_slt6_r_reg\[4\]/D,net,pin
g152688__6161/Y,n_5401,pin,net
n_5402,u0_slt6_r_reg\[5\]/D,net,pin
g152686__4733/Y,n_5402,pin,net
n_5403,u0_slt6_r_reg\[6\]/D,net,pin
g152684__7482/Y,n_5403,pin,net
n_5404,u0_slt6_r_reg\[7\]/D,net,pin
g152682__5115/Y,n_5404,pin,net
n_5405,u0_slt6_r_reg\[8\]/D,net,pin
g152680__1881/Y,n_5405,pin,net
n_5406,u0_slt6_r_reg\[9\]/D,net,pin
g152678__6131/Y,n_5406,pin,net
n_5407,u0_slt6_r_reg\[10\]/D,net,pin
g152676__7098/Y,n_5407,pin,net
n_5408,u0_slt6_r_reg\[11\]/D,net,pin
g152674__8246/Y,n_5408,pin,net
n_5409,u0_slt6_r_reg\[12\]/D,net,pin
g152672__5122/Y,n_5409,pin,net
n_5410,u0_slt6_r_reg\[13\]/D,net,pin
g152670__1705/Y,n_5410,pin,net
n_5411,u0_slt6_r_reg\[14\]/D,net,pin
g152668__2802/Y,n_5411,pin,net
n_5412,u0_slt6_r_reg\[15\]/D,net,pin
g152666__1617/Y,n_5412,pin,net
n_5413,u0_slt6_r_reg\[16\]/D,net,pin
g152664__3680/Y,n_5413,pin,net
n_5414,u0_slt6_r_reg\[17\]/D,net,pin
g152662__6783/Y,n_5414,pin,net
n_5415,u0_slt6_r_reg\[18\]/D,net,pin
g152660__5526/Y,n_5415,pin,net
n_5416,u0_slt6_r_reg\[19\]/D,net,pin
g152658__8428/Y,n_5416,pin,net
n_5417,u0_slt5_r_reg\[0\]/D,net,pin
g152656__4319/Y,n_5417,pin,net
n_5418,u0_slt5_r_reg\[1\]/D,net,pin
g152654__6260/Y,n_5418,pin,net
n_5419,u0_slt5_r_reg\[2\]/D,net,pin
g152652__5107/Y,n_5419,pin,net
n_5420,u0_slt5_r_reg\[3\]/D,net,pin
g152650__2398/Y,n_5420,pin,net
n_5421,u0_slt5_r_reg\[4\]/D,net,pin
g152648__5477/Y,n_5421,pin,net
n_5422,u0_slt5_r_reg\[5\]/D,net,pin
g152646__6417/Y,n_5422,pin,net
n_5423,u0_slt5_r_reg\[6\]/D,net,pin
g152644__7410/Y,n_5423,pin,net
n_5424,u0_slt5_r_reg\[7\]/D,net,pin
g152642__1666/Y,n_5424,pin,net
n_5425,u0_slt5_r_reg\[8\]/D,net,pin
g152640__2346/Y,n_5425,pin,net
n_5426,u0_slt5_r_reg\[9\]/D,net,pin
g152638__2883/Y,n_5426,pin,net
n_5427,u0_slt5_r_reg\[10\]/D,net,pin
g152636__9945/Y,n_5427,pin,net
n_5428,u0_slt5_r_reg\[11\]/D,net,pin
g152634__9315/Y,n_5428,pin,net
n_5429,u0_slt5_r_reg\[12\]/D,net,pin
g152632__6161/Y,n_5429,pin,net
n_543,g180464/A2,net,pin
g168980/Y,n_543,pin,net
n_543,g154316__3680/C,net,pin
n_5430,u0_slt5_r_reg\[13\]/D,net,pin
g152630__4733/Y,n_5430,pin,net
n_5431,u0_slt5_r_reg\[14\]/D,net,pin
g152628__7482/Y,n_5431,pin,net
n_5432,u0_slt5_r_reg\[15\]/D,net,pin
g152626__5115/Y,n_5432,pin,net
n_5433,u0_slt5_r_reg\[16\]/D,net,pin
g152624__1881/Y,n_5433,pin,net
n_5434,u0_slt5_r_reg\[17\]/D,net,pin
g152622__6131/Y,n_5434,pin,net
n_5435,u0_slt5_r_reg\[18\]/D,net,pin
g152620__7098/Y,n_5435,pin,net
n_5436,u0_slt5_r_reg\[19\]/D,net,pin
g152618__8246/Y,n_5436,pin,net
n_5437,u0_slt4_r_reg\[0\]/D,net,pin
g152616__5122/Y,n_5437,pin,net
n_5438,u0_slt4_r_reg\[1\]/D,net,pin
g152614__1705/Y,n_5438,pin,net
n_5439,u0_slt4_r_reg\[2\]/D,net,pin
g152612__2802/Y,n_5439,pin,net
n_5440,u0_slt4_r_reg\[3\]/D,net,pin
g152610__1617/Y,n_5440,pin,net
n_5441,u0_slt4_r_reg\[4\]/D,net,pin
g152608__3680/Y,n_5441,pin,net
n_5442,u0_slt4_r_reg\[5\]/D,net,pin
g152606__6783/Y,n_5442,pin,net
n_5443,u0_slt4_r_reg\[6\]/D,net,pin
g152604__5526/Y,n_5443,pin,net
n_5444,u0_slt4_r_reg\[7\]/D,net,pin
g152602__8428/Y,n_5444,pin,net
n_5445,u0_slt4_r_reg\[8\]/D,net,pin
g152600__4319/Y,n_5445,pin,net
n_5446,u0_slt4_r_reg\[9\]/D,net,pin
g152598__6260/Y,n_5446,pin,net
n_5447,u0_slt4_r_reg\[10\]/D,net,pin
g152596__5107/Y,n_5447,pin,net
n_5448,u0_slt4_r_reg\[11\]/D,net,pin
g152594__2398/Y,n_5448,pin,net
n_5449,u0_slt4_r_reg\[12\]/D,net,pin
g152592__5477/Y,n_5449,pin,net
n_5450,u0_slt4_r_reg\[13\]/D,net,pin
g152590__6417/Y,n_5450,pin,net
n_5451,u0_slt4_r_reg\[14\]/D,net,pin
g152588__7410/Y,n_5451,pin,net
n_5452,u0_slt4_r_reg\[15\]/D,net,pin
g152586__1666/Y,n_5452,pin,net
n_5453,u0_slt4_r_reg\[16\]/D,net,pin
g152584__2346/Y,n_5453,pin,net
n_5454,u0_slt4_r_reg\[17\]/D,net,pin
g152582__2883/Y,n_5454,pin,net
n_5455,u0_slt4_r_reg\[18\]/D,net,pin
g152580__9945/Y,n_5455,pin,net
n_5456,u0_slt4_r_reg\[19\]/D,net,pin
g152578__9315/Y,n_5456,pin,net
g472/Y,n_54564,pin,net
n_54564,g471/A1,net,pin
n_54566,u5_dout_reg\[5\]/D,net,pin
g471/Y,n_54566,pin,net
n_5457,u0_slt3_r_reg\[0\]/D,net,pin
g152576__6161/Y,n_5457,pin,net
n_5458,u0_slt3_r_reg\[1\]/D,net,pin
g152574__4733/Y,n_5458,pin,net
n_5459,u0_slt3_r_reg\[2\]/D,net,pin
g152572__7482/Y,n_5459,pin,net
n_5460,u0_slt3_r_reg\[3\]/D,net,pin
g152570__5115/Y,n_5460,pin,net
n_5461,u0_slt3_r_reg\[4\]/D,net,pin
g152568__1881/Y,n_5461,pin,net
n_5462,u0_slt3_r_reg\[5\]/D,net,pin
g152566__6131/Y,n_5462,pin,net
n_5463,u0_slt3_r_reg\[6\]/D,net,pin
g152564__7098/Y,n_5463,pin,net
n_5464,u0_slt3_r_reg\[7\]/D,net,pin
g152562__8246/Y,n_5464,pin,net
n_5465,u0_slt3_r_reg\[8\]/D,net,pin
g152560__5122/Y,n_5465,pin,net
n_5466,u0_slt3_r_reg\[9\]/D,net,pin
g152558__1705/Y,n_5466,pin,net
n_5467,u0_slt3_r_reg\[10\]/D,net,pin
g152556__2802/Y,n_5467,pin,net
n_5468,u0_slt3_r_reg\[11\]/D,net,pin
g152554__1617/Y,n_5468,pin,net
n_5469,u0_slt3_r_reg\[12\]/D,net,pin
g152552__3680/Y,n_5469,pin,net
n_5470,u0_slt3_r_reg\[13\]/D,net,pin
g152550__6783/Y,n_5470,pin,net
n_5471,u0_slt3_r_reg\[14\]/D,net,pin
g152548__5526/Y,n_5471,pin,net
n_5472,u0_slt3_r_reg\[15\]/D,net,pin
g152546__8428/Y,n_5472,pin,net
n_5473,u0_slt3_r_reg\[16\]/D,net,pin
g152544__4319/Y,n_5473,pin,net
n_5474,u0_slt3_r_reg\[17\]/D,net,pin
g152542__6260/Y,n_5474,pin,net
n_5475,u0_slt3_r_reg\[18\]/D,net,pin
g152540__5107/Y,n_5475,pin,net
n_5476,u0_slt3_r_reg\[19\]/D,net,pin
g152538__2398/Y,n_5476,pin,net
n_5477,u0_slt2_r_reg\[0\]/D,net,pin
g152536__5477/Y,n_5477,pin,net
n_5478,u0_slt2_r_reg\[1\]/D,net,pin
g152534__6417/Y,n_5478,pin,net
n_5479,u0_slt2_r_reg\[2\]/D,net,pin
g152532__7410/Y,n_5479,pin,net
n_5480,u0_slt2_r_reg\[3\]/D,net,pin
g152530__1666/Y,n_5480,pin,net
n_5481,u0_slt2_r_reg\[4\]/D,net,pin
g152528__2346/Y,n_5481,pin,net
n_5482,u0_slt2_r_reg\[5\]/D,net,pin
g152526__2883/Y,n_5482,pin,net
n_5483,u0_slt2_r_reg\[6\]/D,net,pin
g152524__9945/Y,n_5483,pin,net
n_5484,u0_slt2_r_reg\[7\]/D,net,pin
g152522__9315/Y,n_5484,pin,net
n_5485,u0_slt2_r_reg\[8\]/D,net,pin
g152520__6161/Y,n_5485,pin,net
n_5486,u0_slt2_r_reg\[9\]/D,net,pin
g152518__4733/Y,n_5486,pin,net
n_5487,u0_slt2_r_reg\[10\]/D,net,pin
g152516__7482/Y,n_5487,pin,net
n_5488,u0_slt2_r_reg\[11\]/D,net,pin
g152514__5115/Y,n_5488,pin,net
n_5489,u0_slt2_r_reg\[12\]/D,net,pin
g152512__1881/Y,n_5489,pin,net
n_549,g185556/B,net,pin
g177136/Y,n_549,pin,net
n_549,g175414/B1,net,pin
n_549,g155575/A2,net,pin
n_5490,u0_slt2_r_reg\[13\]/D,net,pin
g152510__6131/Y,n_5490,pin,net
n_5491,u0_slt2_r_reg\[14\]/D,net,pin
g152508__7098/Y,n_5491,pin,net
n_5492,u0_slt2_r_reg\[15\]/D,net,pin
g152506__8246/Y,n_5492,pin,net
n_5493,u0_slt2_r_reg\[16\]/D,net,pin
g152504__5122/Y,n_5493,pin,net
n_5494,u0_slt2_r_reg\[17\]/D,net,pin
g152502__1705/Y,n_5494,pin,net
n_5495,u0_slt2_r_reg\[18\]/D,net,pin
g152500__2802/Y,n_5495,pin,net
n_5496,u0_slt2_r_reg\[19\]/D,net,pin
g152498__1617/Y,n_5496,pin,net
n_5497,u0_slt1_r_reg\[0\]/D,net,pin
g152496__3680/Y,n_5497,pin,net
n_5498,u0_slt1_r_reg\[1\]/D,net,pin
g152494__6783/Y,n_5498,pin,net
n_5499,u0_slt1_r_reg\[2\]/D,net,pin
g152492__5526/Y,n_5499,pin,net
g160067/Y,n_55,pin,net
n_55,g158108/A2,net,pin
n_550,g175892/A2,net,pin
g175814/Y,n_550,pin,net
n_550,g175813/A,net,pin
n_5500,u0_slt1_r_reg\[3\]/D,net,pin
g152490__8428/Y,n_5500,pin,net
n_5501,u0_slt1_r_reg\[4\]/D,net,pin
g152488__4319/Y,n_5501,pin,net
n_5502,u0_slt1_r_reg\[5\]/D,net,pin
g152486__6260/Y,n_5502,pin,net
n_5503,u0_slt1_r_reg\[6\]/D,net,pin
g152484__5107/Y,n_5503,pin,net
n_5504,u0_slt1_r_reg\[7\]/D,net,pin
g152482__2398/Y,n_5504,pin,net
n_5505,u0_slt1_r_reg\[8\]/D,net,pin
g152480__5477/Y,n_5505,pin,net
n_5506,u0_slt1_r_reg\[9\]/D,net,pin
g152478__6417/Y,n_5506,pin,net
n_5507,u0_slt1_r_reg\[10\]/D,net,pin
g152476__7410/Y,n_5507,pin,net
n_5508,u0_slt1_r_reg\[11\]/D,net,pin
g152474__1666/Y,n_5508,pin,net
n_5509,u0_slt1_r_reg\[12\]/D,net,pin
g152472__2346/Y,n_5509,pin,net
n_5510,u0_slt1_r_reg\[13\]/D,net,pin
g152470__2883/Y,n_5510,pin,net
n_5511,u0_slt1_r_reg\[14\]/D,net,pin
g152468__9945/Y,n_5511,pin,net
n_5512,u0_slt1_r_reg\[15\]/D,net,pin
g152466__9315/Y,n_5512,pin,net
n_5513,u0_slt1_r_reg\[16\]/D,net,pin
g152464__6161/Y,n_5513,pin,net
n_5514,u0_slt1_r_reg\[17\]/D,net,pin
g152462__4733/Y,n_5514,pin,net
n_5515,u0_slt1_r_reg\[18\]/D,net,pin
g152460__7482/Y,n_5515,pin,net
n_5516,u0_slt1_r_reg\[19\]/D,net,pin
g152458__5115/Y,n_5516,pin,net
n_5517,u0_slt0_r_reg\[0\]/D,net,pin
g152456__1881/Y,n_5517,pin,net
n_5518,u0_slt0_r_reg\[1\]/D,net,pin
g152454__6131/Y,n_5518,pin,net
n_5519,u0_slt0_r_reg\[2\]/D,net,pin
g152452__7098/Y,n_5519,pin,net
n_552,g167911/B1,net,pin
g159852/Y,n_552,pin,net
n_552,g155573/A2,net,pin
n_552,g155567/C,net,pin
n_5520,u0_slt0_r_reg\[3\]/D,net,pin
g152450__8246/Y,n_5520,pin,net
n_5521,u0_slt0_r_reg\[4\]/D,net,pin
g152448__5122/Y,n_5521,pin,net
g156921/Y,n_5522,pin,net
n_5522,g152748__9945/A2,net,pin
n_5522,g152698__1666/A2,net,pin
n_5522,g152688__6161/A2,net,pin
n_5522,g152682__5115/A2,net,pin
n_5522,g152664__3680/A2,net,pin
n_5522,g152602__8428/A2,net,pin
n_5522,g152550__6783/A2,net,pin
n_5522,g152490__8428/B,net,pin
n_5522,g152446__1705/B,net,pin
n_5522,g152426__2398/A2,net,pin
n_5522,drc_buf_sp165148/A,net,pin
n_5522,drc_buf_sp165147/A,net,pin
n_5522,drc_buf_sp165146/A,net,pin
n_5523,u0_slt0_r_reg\[5\]/D,net,pin
g152446__1705/Y,n_5523,pin,net
n_5524,u0_slt0_r_reg\[6\]/D,net,pin
g152444__2802/Y,n_5524,pin,net
n_5525,u0_slt0_r_reg\[7\]/D,net,pin
g152442__1617/Y,n_5525,pin,net
n_5526,u0_slt0_r_reg\[8\]/D,net,pin
g152440__3680/Y,n_5526,pin,net
n_5527,u0_slt0_r_reg\[9\]/D,net,pin
g152438__6783/Y,n_5527,pin,net
n_5528,u0_slt0_r_reg\[10\]/D,net,pin
g152436__5526/Y,n_5528,pin,net
g156919/Y,n_5529,pin,net
n_5529,drc_buf_sp164984/A,net,pin
n_5529,drc_buf_sp164983/A,net,pin
n_5529,drc_buf_sp164982/A,net,pin
n_5529,drc_buf_sp164981/A,net,pin
n_5529,drc_buf_sp164980/A,net,pin
n_5529,drc_buf_sp164979/A,net,pin
n_5529,drc_buf_sp164978/A,net,pin
n_5529,drc_buf_sp164977/A,net,pin
n_5530,u0_slt0_r_reg\[11\]/D,net,pin
g152434__8428/Y,n_5530,pin,net
g156920/Y,n_5532,pin,net
n_5532,drc_buf_sp165271/A,net,pin
n_5532,drc_buf_sp165270/A,net,pin
n_5533,u0_slt0_r_reg\[12\]/D,net,pin
g152432__4319/Y,n_5533,pin,net
n_5534,u0_slt0_r_reg\[13\]/D,net,pin
g152430__6260/Y,n_5534,pin,net
n_5536,u0_slt0_r_reg\[14\]/D,net,pin
g152428__5107/Y,n_5536,pin,net
n_5537,u0_slt0_r_reg\[15\]/D,net,pin
g152426__2398/Y,n_5537,pin,net
n_556,g218860/A2,net,pin
n_556,g191982/B,net,pin
n_556,g170248/A1,net,pin
g159863/Y,n_556,pin,net
g159887/Y,n_557,pin,net
n_557,g159145/B,net,pin
n_557,g153625__179916/C,net,pin
n_557,g153591__6783/B,net,pin
n_56,g172217/A2,net,pin
g160087/Y,n_56,pin,net
n_560,u1_sr_reg\[0\]/D,net,pin
g159082/Y,n_560,pin,net
n_56056,g312/A,net,pin
g204761/Y,n_56056,pin,net
n_56057,g312/B,net,pin
g204762/Y,n_56057,pin,net
g204759/Y,n_56059,pin,net
n_56059,g196989/B,net,pin
g204763/Y,n_56060,pin,net
n_56060,g154114__200937/A1,net,pin
g204765/Y,n_56062,pin,net
n_56062,g154345__5107/B,net,pin
n_5674,g157080/A1,net,pin
n_5674,g154323__5477/B,net,pin
n_5674,g154322__2398/A1,net,pin
fopt162394/Y,n_5674,pin,net
n_56842,g50/B2,net,pin
n_56842,g212120/B2,net,pin
n_56842,g205417/B,net,pin
n_56842,g205416/B1,net,pin
n_56842,g205415/B2,net,pin
n_56842,g205413/B1,net,pin
n_56842,g205412/B1,net,pin
n_56842,g205411/B2,net,pin
n_56842,g205410/A2,net,pin
n_56842,g205409/B,net,pin
n_56842,g205408/B2,net,pin
n_56842,g205407/B1,net,pin
n_56842,g205406/B2,net,pin
n_56842,g205405/B2,net,pin
n_56842,g205404/B1,net,pin
n_56842,g205403/B2,net,pin
n_56842,g205402/B,net,pin
n_56842,g205401/B1,net,pin
n_56842,g205400/B2,net,pin
n_56842,g205399/B2,net,pin
n_56842,g205398/B2,net,pin
n_56842,g205397/B2,net,pin
n_56842,g205396/B1,net,pin
g205395/Y,n_56842,pin,net
g205396/Y,n_56844,pin,net
n_56844,g202323/A,net,pin
g205397/Y,n_56845,pin,net
n_56845,g193968/A,net,pin
n_56845,g188211/A,net,pin
g205398/Y,n_56846,pin,net
n_56846,g173047/A,net,pin
n_56847,g212936/A1,net,pin
g205399/Y,n_56847,pin,net
n_56847,g182485/A,net,pin
g205400/Y,n_56848,pin,net
n_56848,g184496/A,net,pin
n_56848,g179414/A,net,pin
g205401/Y,n_56849,pin,net
n_56849,g157991/A,net,pin
g205402/Y,n_56850,pin,net
n_56850,g153975__213703/B1,net,pin
g205403/Y,n_56851,pin,net
n_56851,g175146/B,net,pin
g205404/Y,n_56852,pin,net
n_56852,g180246/B,net,pin
g205405/Y,n_56853,pin,net
n_56853,g192950/B,net,pin
n_56854,g216619/B,net,pin
g205406/Y,n_56854,pin,net
g205407/Y,n_56855,pin,net
n_56855,g184212/B,net,pin
g205408/Y,n_56856,pin,net
n_56856,g192579/B,net,pin
n_56857,g66/B,net,pin
g205409/Y,n_56857,pin,net
g205410/Y,n_56858,pin,net
n_56858,g202383/A,net,pin
g205411/Y,n_56859,pin,net
n_56859,g175150/A1,net,pin
n_56859,g171468/A,net,pin
g205412/Y,n_56860,pin,net
n_56860,g188803/B,net,pin
n_56861,g212384/B,net,pin
n_56861,g212383/B,net,pin
g205413/Y,n_56861,pin,net
g205415/Y,n_56863,pin,net
n_56863,g157898/A,net,pin
g205416/Y,n_56864,pin,net
n_56864,g1368/A,net,pin
n_56864,g1365/B,net,pin
n_56865,g219107/B2,net,pin
n_56865,g207470/B,net,pin
g205417/Y,n_56865,pin,net
n_56865,g172218/A2,net,pin
n_56865,g170092/B2,net,pin
n_56865,g158292/B,net,pin
n_56865,g158283/B,net,pin
n_56865,g158083/B2,net,pin
n_56865,g158076/B2,net,pin
n_56865,g158075/B2,net,pin
n_56865,g158074/B2,net,pin
n_56865,g158073/B2,net,pin
n_56865,g158072/B2,net,pin
g205420/Y,n_56866,pin,net
n_56866,g205419/A,net,pin
g205421/Y,n_56867,pin,net
n_56867,g205419/B,net,pin
n_56868,g205423/A,net,pin
g205419/Y,n_56868,pin,net
n_56868,g153886__205418/A1,net,pin
n_56868,g153830__205422/A2,net,pin
n_56869,u7_dout_reg\[1\]/D,net,pin
g153886__205418/Y,n_56869,pin,net
n_5687,g200463/A1,net,pin
n_5687,g188047/B2,net,pin
fopt162402/Y,n_5687,pin,net
n_56870,u7_dout_reg\[3\]/D,net,pin
g153830__205422/Y,n_56870,pin,net
g205423/Y,n_56871,pin,net
n_56871,g157028/C,net,pin
n_56879,g171504/A2,net,pin
n_56879,g171495/A2,net,pin
n_56879,g171492/A2,net,pin
n_56879,g171489/A2,net,pin
fopt205429/Y,n_56879,pin,net
n_56881,g213833/A2,net,pin
n_56881,g210439/A2,net,pin
n_56881,g196639/A2,net,pin
n_56881,g171473/A2,net,pin
fopt205430/Y,n_56881,pin,net
n_5691,g200463/B1,net,pin
n_5691,g188047/A2,net,pin
fopt200647/Y,n_5691,pin,net
n_5691,fopt162402/A,net,pin
n_57,g166485/B2,net,pin
g159486/Y,n_57,pin,net
g205517/Y,n_57041,pin,net
n_57041,g154354__6161/A2,net,pin
n_57041,g154120__4319/A1,net,pin
n_5706,g756/A1,net,pin
n_5706,g154375__189850/B,net,pin
fopt162413/Y,n_5706,pin,net
n_57084,g224667/C2,net,pin
n_57084,g223688/B,net,pin
g205538/Y,n_57084,pin,net
n_57084,g177284/B,net,pin
n_57084,g171528/A2,net,pin
n_57084,g156931/B2,net,pin
n_57084,g156929/B1,net,pin
g205710/Y,n_57289,pin,net
n_57289,g157741/A,net,pin
n_57289,g157642/A,net,pin
n_57289,g157575/B,net,pin
n_573,g174910/A,net,pin
n_573,g170083/B,net,pin
n_573,g167924/B1,net,pin
n_573,g159919/A,net,pin
n_573,g157644/A,net,pin
n_573,g157641/A,net,pin
n_573,g157477/B,net,pin
fopt164092/Y,n_573,pin,net
n_5741,g180067/B,net,pin
n_5741,g180064/A,net,pin
fopt162431/Y,n_5741,pin,net
n_5748,g212233/B,net,pin
n_5748,g181785/A,net,pin
n_5748,g176147/B,net,pin
fopt162437/Y,n_5748,pin,net
g206130/Y,n_57733,pin,net
n_57733,g165/C,net,pin
g206150/Y,n_57758,pin,net
n_57758,g206149/A1,net,pin
g206151/Y,n_57759,pin,net
n_57759,g206149/A2,net,pin
n_57760,u7_wp_reg\[0\]/D,net,pin
g206149/Y,n_57760,pin,net
n_5789,g213702/A2,net,pin
fopt8/Y,n_5789,pin,net
g206338/Y,n_57963,pin,net
n_57963,g206337/A1,net,pin
g223715/Y,n_57964,pin,net
n_57964,g223713/B,net,pin
n_57964,g206337/A2,net,pin
g206339/Y,n_57965,pin,net
n_57965,g206337/C,net,pin
n_57965,g186516/C,net,pin
n_57965,g159840/A,net,pin
n_57965,g158306/B,net,pin
n_57966,u6_wp_reg\[0\]/D,net,pin
g206337/Y,n_57966,pin,net
g159432/Y,n_58,pin,net
n_58,g158152/B1,net,pin
n_58150,u8_status_reg\[1\]/D,net,pin
g329/Y,n_58150,pin,net
n_5845,u6_status_reg\[1\]/D,net,pin
g162472/Y,n_5845,pin,net
n_5846,u4_status_reg\[1\]/D,net,pin
g162473/Y,n_5846,pin,net
n_5847,u3_status_reg\[1\]/D,net,pin
g162474/Y,n_5847,pin,net
n_5848,u5_status_reg\[1\]/D,net,pin
g162475/Y,n_5848,pin,net
n_5849,g176661/A,net,pin
g162476/Y,n_5849,pin,net
n_58646,g212233/A1,net,pin
g206950/Y,n_58646,pin,net
n_58646,g206949/A,net,pin
g206952/Y,n_58647,pin,net
n_58647,g206951/A,net,pin
g206953/Y,n_58648,pin,net
n_58648,g206951/B,net,pin
g206951/Y,n_58649,pin,net
n_58649,g206949/B,net,pin
n_58649,g186709/A,net,pin
n_58649,g186708/A,net,pin
n_58650,u5_rp_reg\[0\]/SI,net,pin
n_58650,g212234/A1,net,pin
g206949/Y,n_58650,pin,net
g207000/Y,n_58710,pin,net
n_58710,g1809/A1,net,pin
g234/Y,n_58734,pin,net
n_58734,g233/A1,net,pin
n_58734,g162473/B,net,pin
n_58735,u18_int_set_reg\[2\]/D,net,pin
g233/Y,n_58735,pin,net
g159233/Y,n_588,pin,net
n_588,g157295/C,net,pin
n_589,g212377/B,net,pin
g159239/Y,n_589,pin,net
g207117/Y,n_58959,pin,net
n_58959,g207116/A2,net,pin
n_58959,g200567/A1,net,pin
n_58959,g186388/A1,net,pin
n_58959,g182658/A1,net,pin
n_58959,g181532/A1,net,pin
n_58959,g180508/B2,net,pin
n_58959,g176906/A1,net,pin
n_58959,g175105/A1,net,pin
n_58959,g173028/A1,net,pin
n_58959,g169026/A1,net,pin
n_58959,g168955/A1,net,pin
n_58959,g168801/A1,net,pin
n_58959,g158576/A1,net,pin
n_58959,g158346/A1,net,pin
n_58959,g158322/A1,net,pin
n_58959,g158321/A1,net,pin
n_58959,g158313/A2,net,pin
n_58959,g158312/A1,net,pin
n_58959,g158301/A2,net,pin
n_58959,g158266/A2,net,pin
g207116/Y,n_58960,pin,net
n_58960,g176922/A,net,pin
n_58960,g169219/A2,net,pin
n_59,g166613/A2,net,pin
g159441/Y,n_59,pin,net
n_59252,g219109/A1,net,pin
g207382/Y,n_59252,pin,net
n_59256,g212411/A2,net,pin
g207385/Y,n_59256,pin,net
n_59256,g158108/B2,net,pin
n_59256,g158104/B2,net,pin
n_59256,g158103/B2,net,pin
n_59256,g158101/B2,net,pin
g207468/Y,n_59338,pin,net
n_59338,g207467/A1,net,pin
g207469/Y,n_59339,pin,net
n_59339,g207467/A2,net,pin
n_59339,g172217/A1,net,pin
n_59339,g158084/A1,net,pin
n_59339,g158070/A1,net,pin
g207470/Y,n_59340,pin,net
n_59340,g207467/B,net,pin
g207467/Y,n_59341,pin,net
n_59341,g163909/B,net,pin
n_59474,g224641/B2,net,pin
n_59474,g207598/A1,net,pin
g207595/Y,n_59474,pin,net
n_59474,g201225/B2,net,pin
n_59474,g191894/A1,net,pin
n_59474,g177066/B2,net,pin
n_59474,g163932/A2,net,pin
n_59474,g163931/A2,net,pin
n_59474,g163930/A2,net,pin
n_59474,g163929/A1,net,pin
n_59474,g163923/A2,net,pin
n_59474,g158/A2,net,pin
g207598/Y,n_59476,pin,net
n_59476,g207597/A,net,pin
g207597/Y,n_59477,pin,net
n_59477,g157701/A,net,pin
n_59477,g153890__219221/A1,net,pin
n_59477,g153842__8246/B2,net,pin
n_59639,g94/A2,net,pin
n_59639,g77/A1,net,pin
n_59639,g472/B1,net,pin
n_59639,g273/A1,net,pin
n_59639,g193966/A1,net,pin
n_59639,g163908/A1,net,pin
g114/Y,n_59639,pin,net
n_59639,g109/A1,net,pin
g207748/Y,n_59640,pin,net
n_59640,g154370__189852/B,net,pin
n_59640,g109/A2,net,pin
g207749/Y,n_59641,pin,net
n_59641,g109/B,net,pin
g207750/Y,n_59642,pin,net
n_59642,g109/C,net,pin
n_59643,g73/A1,net,pin
g109/Y,n_59643,pin,net
n_59644,g472/A2,net,pin
g207751/Y,n_59644,pin,net
g158362/Y,n_597,pin,net
n_597,g157865/B,net,pin
g207843/Y,n_59759,pin,net
n_59759,g169906/B,net,pin
g207849/Y,n_59763,pin,net
n_59763,g207848/B1,net,pin
n_59763,g184164/A,net,pin
g207848/Y,n_59764,pin,net
n_59764,g157296/A,net,pin
n_6,g212411/A1,net,pin
g159431/Y,n_6,pin,net
g158948/Y,n_603,pin,net
n_603,g158517/A,net,pin
g162672/Y,n_6044,pin,net
n_6044,g125/B,net,pin
n_60456,u10_mem_reg\[1\]\[29\]/D,net,pin
g208465/Y,n_60456,pin,net
n_6051,g191422/B,net,pin
g162680/Y,n_6051,pin,net
n_60588,u6_mem_reg\[3\]\[14\]/D,net,pin
g208588/Y,n_60588,pin,net
g162693/Y,n_6065,pin,net
n_6065,g157907/B,net,pin
g158982/Y,n_607,pin,net
n_607,g154846/C,net,pin
n_6071,g219105/B2,net,pin
n_6071,g212183/B2,net,pin
n_6071,g170091/B2,net,pin
n_6071,g169903/B2,net,pin
n_6071,g158144/B1,net,pin
fopt162699/Y,n_6071,pin,net
n_608,g186760/B,net,pin
n_608,g166492/B1,net,pin
g159663/Y,n_608,pin,net
n_608,g159662/A,net,pin
n_60873,g41/A1,net,pin
g208863/Y,n_60873,pin,net
n_60873,g208862/A1,net,pin
n_60873,g153381__8246/B2,net,pin
n_60873,g153379__1705/B2,net,pin
n_60873,g153378__2802/B2,net,pin
n_60873,g153377__1617/B2,net,pin
n_60873,g153376__176531/B1,net,pin
n_60873,g153375__6783/B1,net,pin
n_60873,g153374__5526/B2,net,pin
n_60873,g153373__178344/B1,net,pin
n_60873,g153372__4319/B1,net,pin
n_60873,g153371__5107/B2,net,pin
n_60873,g153369__176525/B1,net,pin
n_60873,g153368__6417/B1,net,pin
n_60873,g153367__1666/B1,net,pin
n_60873,g153366__2346/B2,net,pin
n_60873,g153365__2883/B2,net,pin
n_60873,g153364__9945/B2,net,pin
n_60873,g153363__9315/B2,net,pin
n_60873,g153362__6161/B2,net,pin
n_60873,g153313__2883/B2,net,pin
n_60873,g153312__9945/B2,net,pin
n_60873,g153311__9315/B2,net,pin
n_60873,g153310__6161/B2,net,pin
n_60873,g153309__4733/B2,net,pin
n_60873,g153308__7482/B2,net,pin
n_60873,g153307__5115/B2,net,pin
n_60873,g153306__1881/B2,net,pin
n_60873,g153305__6131/B2,net,pin
n_60873,g153304__7098/B2,net,pin
n_60873,g153303__8246/B2,net,pin
n_60873,g153302__5122/B2,net,pin
n_60874,u9_mem_reg\[1\]\[1\]/D,net,pin
g208862/Y,n_60874,pin,net
n_6115,g153973__5526/A1,net,pin
fopt162739/Y,n_6115,pin,net
n_6122,g199219/A1,net,pin
n_6122,g189100/A2,net,pin
n_6122,g154337__7098/A1,net,pin
n_6122,g154336__199215/A1,net,pin
n_6122,g154335__1881/A1,net,pin
n_6122,g154334__5115/A1,net,pin
n_6122,g154333__7482/A1,net,pin
n_6122,g154332__4733/A2,net,pin
n_6122,g154331__176675/A2,net,pin
n_6122,g154330__9315/A1,net,pin
n_6122,g154329__9945/A1,net,pin
n_6122,g154328__2883/A1,net,pin
fopt176671/Y,n_6122,pin,net
n_61228,g222985/B1,net,pin
n_61228,g222740/B1,net,pin
n_61228,g222537/B1,net,pin
n_61228,g215498/B2,net,pin
n_61228,g213855/B1,net,pin
g209205/Y,n_61228,pin,net
n_61228,g209203/B2,net,pin
n_61228,g208588/B2,net,pin
n_61228,g199637/B1,net,pin
n_61228,g196865/B1,net,pin
n_61228,g195965/B2,net,pin
n_61228,g195458/B2,net,pin
n_61228,g195072/B2,net,pin
n_61228,g195068/B2,net,pin
n_61228,g195063/B2,net,pin
n_61228,g195056/B2,net,pin
n_61228,g166878/A2,net,pin
n_61229,u6_mem_reg\[3\]\[7\]/D,net,pin
g209203/Y,n_61229,pin,net
g209219/Y,n_61242,pin,net
n_61242,g209218/A1,net,pin
n_61242,g187476/A1,net,pin
n_61242,g178423/B1,net,pin
n_61242,g153928__178428/A1,net,pin
n_61242,g153927__178456/A1,net,pin
n_61242,g153926__178427/A1,net,pin
n_61242,g153925__178457/A1,net,pin
n_61242,g153924__178430/A1,net,pin
n_61242,g153923__178453/A1,net,pin
n_61242,g153922__178454/A1,net,pin
n_61242,g153921__178429/A1,net,pin
n_61242,g153920__187221/A1,net,pin
n_61242,g153919__178452/A1,net,pin
n_61242,g153918__178455/A1,net,pin
n_61242,g153917__178432/A1,net,pin
n_61242,g153784__178433/A1,net,pin
n_61242,g153783__178434/A1,net,pin
n_61242,g153782__178435/A1,net,pin
n_61242,g153781__178436/A1,net,pin
n_61242,g153780__178437/A1,net,pin
n_61242,g153779__178438/A1,net,pin
n_61242,g153778__178439/A1,net,pin
n_61242,g153776__178440/A1,net,pin
n_61242,g153775__178441/A1,net,pin
n_61242,g153774__178442/A1,net,pin
n_61242,g153773__188371/A1,net,pin
n_61242,g153772__178444/A1,net,pin
n_61242,g153771__178445/A1,net,pin
n_61242,g153770__178446/A2,net,pin
n_61242,g153768__178448/A1,net,pin
n_61242,g153767__178449/A1,net,pin
n_61242,g153766__178451/A1,net,pin
n_61242,g153616__5526/A1,net,pin
n_61243,g209218/A2,net,pin
n_61243,g172949/A2,net,pin
n_61243,g154095__198358/A2,net,pin
n_61243,g153862__6417/A2,net,pin
g127/Y,n_61243,pin,net
g209220/Y,n_61244,pin,net
n_61244,g209218/B2,net,pin
n_61244,g187476/B2,net,pin
n_61244,g153927__178456/B2,net,pin
n_61244,g153925__178457/B2,net,pin
n_61244,g153923__178453/B2,net,pin
n_61244,g153922__178454/B2,net,pin
n_61244,g153919__178452/B2,net,pin
n_61244,g153918__178455/B2,net,pin
n_61244,g153774__178442/B2,net,pin
n_61244,g153773__188371/B1,net,pin
n_61244,g153772__178444/B2,net,pin
n_61244,g153771__178445/B1,net,pin
n_61244,g153770__178446/B2,net,pin
n_61244,g153768__178448/B2,net,pin
n_61244,g153767__178449/B1,net,pin
n_61244,g153766__178451/B2,net,pin
n_61245,u10_mem_reg\[3\]\[11\]/D,net,pin
g209218/Y,n_61245,pin,net
n_6136,g155029/B,net,pin
fopt162752/Y,n_6136,pin,net
n_6138,g189103/B2,net,pin
n_6138,g180353/A,net,pin
n_6138,g154241/B,net,pin
fopt162754/Y,n_6138,pin,net
n_6141,g175200/A,net,pin
fopt162757/Y,n_6141,pin,net
n_6144,g206130/A1,net,pin
n_6144,g165/A2,net,pin
n_6144,g154190/A,net,pin
fopt162758/Y,n_6144,pin,net
fopt162760/Y,n_6146,pin,net
n_6146,fopt162758/A,net,pin
n_616,g175821/B,net,pin
g158901/Y,n_616,pin,net
n_61773,u11_mem_reg\[2\]\[20\]/D,net,pin
g209708/Y,n_61773,pin,net
n_61785,g90/B2,net,pin
g209722/Y,n_61785,pin,net
n_61785,g209721/A2,net,pin
n_61785,g209708/A2,net,pin
n_61785,g196171/A2,net,pin
n_61785,g196136/A2,net,pin
n_61785,g181634/B2,net,pin
n_61785,g181062/A2,net,pin
n_61785,g179827/B2,net,pin
n_61785,g153915__168275/B2,net,pin
n_61785,g153914__168271/B2,net,pin
n_61785,g153913__168273/B2,net,pin
n_61785,g153912__168269/B2,net,pin
n_61785,g153911__168274/B2,net,pin
n_61785,g153909__168264/B2,net,pin
n_61785,g153908__168265/B2,net,pin
n_61785,g153907__168268/B2,net,pin
n_61785,g153906__168272/B2,net,pin
n_61785,g153827__168283/B2,net,pin
n_61785,g153826__168281/B2,net,pin
n_61785,g153825__168282/B2,net,pin
n_61785,g153824__168280/B2,net,pin
n_61785,g153822__168284/B1,net,pin
n_61785,g153821__168285/B1,net,pin
n_61785,g153820__168262/B2,net,pin
n_61785,g153819__175422/B2,net,pin
n_61785,g153818__168287/B2,net,pin
n_61785,g153817__175426/B2,net,pin
n_61785,g153815__168289/B2,net,pin
n_61785,g153814__168277/B2,net,pin
n_61785,g153813__175430/B1,net,pin
n_61785,g153811__168291/B2,net,pin
n_61785,g153810__168293/B2,net,pin
n_61786,u11_mem_reg\[2\]\[0\]/D,net,pin
g209721/Y,n_61786,pin,net
n_61883,u10_mem_reg\[1\]\[10\]/D,net,pin
g209801/Y,n_61883,pin,net
n_61885,u10_mem_reg\[1\]\[3\]/D,net,pin
g209803/Y,n_61885,pin,net
n_61887,u10_mem_reg\[1\]\[1\]/D,net,pin
g209805/Y,n_61887,pin,net
n_61889,u10_mem_reg\[1\]\[0\]/D,net,pin
g209807/Y,n_61889,pin,net
n_61895,u10_mem_reg\[1\]\[20\]/D,net,pin
g209813/Y,n_61895,pin,net
n_61901,u10_mem_reg\[1\]\[22\]/D,net,pin
g209819/Y,n_61901,pin,net
n_61957,u10_mem_reg\[1\]\[28\]/D,net,pin
g209875/Y,n_61957,pin,net
n_61963,u10_mem_reg\[1\]\[25\]/D,net,pin
g209881/Y,n_61963,pin,net
g160076/Y,n_62,pin,net
n_62,g158087/A1,net,pin
n_62124,u10_mem_reg\[1\]\[24\]/D,net,pin
g210032/Y,n_62124,pin,net
g162845/Y,n_6232,pin,net
n_6232,g157606/B,net,pin
n_624,g202203/B,net,pin
g159088/Y,n_624,pin,net
n_6242,g153972__182369/A2,net,pin
fopt162854/Y,n_6242,pin,net
n_6248,g200239/B,net,pin
fopt162859/Y,n_6248,pin,net
n_6249,g163948/A,net,pin
n_6249,g163947/B,net,pin
fopt162860/Y,n_6249,pin,net
n_625,g168335/A,net,pin
g159146/Y,n_625,pin,net
n_625,g154433__5122/A,net,pin
g210419/Y,n_62612,pin,net
n_62612,g210418/A,net,pin
g210420/Y,n_62613,pin,net
n_62613,g210418/B,net,pin
n_62614,g210458/B2,net,pin
g210418/Y,n_62614,pin,net
n_62614,g210417/A1,net,pin
n_62614,g154003__1666/A2,net,pin
n_62614,g153768__178448/A2,net,pin
n_62615,u10_mem_reg\[2\]\[2\]/D,net,pin
g210417/Y,n_62615,pin,net
n_62634,u13_crac_r_reg\[5\]/D,net,pin
g210439/Y,n_62634,pin,net
n_62657,u10_mem_reg\[1\]\[2\]/D,net,pin
g210458/Y,n_62657,pin,net
g210507/Y,n_62717,pin,net
n_62717,g210505/A2,net,pin
n_62718,u7_dout_reg\[17\]/D,net,pin
g210505/Y,n_62718,pin,net
n_62918,g210671/B,net,pin
g210669/Y,n_62918,pin,net
n_62918,g188088/A2,net,pin
n_62918,g188086/B,net,pin
n_62918,g158311/C,net,pin
n_62918,g152438__6783/B1,net,pin
n_62919,u14_crac_valid_r_reg/SE,net,pin
n_62919,g210671/A,net,pin
g210670/Y,n_62919,pin,net
n_62919,g190188/B,net,pin
n_62919,g188938/A,net,pin
n_62919,g188091/B,net,pin
n_62919,g188090/A2,net,pin
n_62919,g188089/A2,net,pin
n_62919,g188088/A1,net,pin
n_62919,g188087/A1,net,pin
n_62919,g188086/A,net,pin
n_62919,g188085/B1,net,pin
n_62919,g188082/B,net,pin
n_62919,g188080/B,net,pin
n_62919,g188079/A1,net,pin
n_62919,g188078/A1,net,pin
n_62919,g188077/B,net,pin
n_62919,g188074/A2,net,pin
n_62919,g188073/A,net,pin
n_62919,g188072/A1,net,pin
n_62919,g188070/A2,net,pin
n_62919,g188069/A2,net,pin
n_62919,g188068/A,net,pin
n_62919,g188066/B1,net,pin
n_62919,g188063/B,net,pin
n_62919,fopt188071/A,net,pin
n_62919,fopt188067/A,net,pin
n_62920,u14_u2_en_out_l2_reg/D,net,pin
g210671/Y,n_62920,pin,net
n_62940,g212247/A1,net,pin
g210690/Y,n_62940,pin,net
n_62940,g202302/A2,net,pin
n_62940,g200147/B1,net,pin
n_62940,g186030/A2,net,pin
n_62940,g179687/A2,net,pin
n_62940,g178289/A2,net,pin
n_62940,g170621/B1,net,pin
n_62940,g167895/A1,net,pin
n_62940,g166135/A2,net,pin
n_62940,g166125/A1,net,pin
n_62940,g166118/A2,net,pin
n_6295,g187491/B,net,pin
g162904/Y,n_6295,pin,net
n_6297,g192438/A,net,pin
g162906/Y,n_6297,pin,net
g162909/Y,n_6299,pin,net
n_6299,g154320__200834/A2,net,pin
g159496/Y,n_63,pin,net
n_63,g156706/A1,net,pin
g162910/Y,n_6301,pin,net
n_6301,g157945/B,net,pin
g159186/Y,n_633,pin,net
n_633,g159022/B,net,pin
n_633,g158984/B,net,pin
n_633,g158894/A,net,pin
n_633,g157291/B,net,pin
g159802/Y,n_634,pin,net
n_634,g159178/B,net,pin
n_634,g159034/A,net,pin
n_634,g159022/A,net,pin
n_634,g158984/A,net,pin
n_634,g158216/C,net,pin
g158984/Y,n_635,pin,net
n_635,g157513/A1,net,pin
n_636,g205538/A,net,pin
n_636,g201215/A,net,pin
n_636,g180359/A,net,pin
n_636,g180358/A,net,pin
n_636,g169182/A,net,pin
g159333/Y,n_636,pin,net
g211398/Y,n_63778,pin,net
n_63778,g183946/B,net,pin
n_63785,g212626/B2,net,pin
g211407/Y,n_63785,pin,net
n_63785,g211406/A2,net,pin
n_63785,g205420/B2,net,pin
n_63785,g204761/A1,net,pin
n_63785,g202674/A,net,pin
n_63785,g200852/B1,net,pin
n_63785,g200851_dup/A,net,pin
n_63785,g200850/B2,net,pin
n_63785,g200848/B2,net,pin
n_63785,g200847/B2,net,pin
n_63785,g200846/B2,net,pin
n_63785,g200845/B2,net,pin
n_63785,g200844/B2,net,pin
n_63785,g200841/B1,net,pin
n_63785,g200840/B1,net,pin
n_63785,g200839/B1,net,pin
n_63785,g200838/A1,net,pin
n_63785,g200837/A1,net,pin
n_63785,g200836/B2,net,pin
n_63785,g200835/A,net,pin
n_63785,g200833/A1,net,pin
n_63785,g200832/A1,net,pin
n_63785,g200830/A1,net,pin
g211406/Y,n_63786,pin,net
n_63786,g186856/B,net,pin
g211606/Y,n_63999,pin,net
n_63999,g211605/B,net,pin
n_63999,g178215/A2,net,pin
n_63999,g175901/A,net,pin
n_63999,g175899/B,net,pin
n_63999,g175898/B,net,pin
n_63999,g175895/C,net,pin
n_63999,g175892/A1,net,pin
n_64,u12_dout_reg\[1\]/D,net,pin
g160063/Y,n_64,pin,net
g159332/Y,n_640,pin,net
n_640,g159247/A,net,pin
n_640,g159073/A,net,pin
n_640,g159065/A,net,pin
n_640,g158846/B,net,pin
n_640,g157554/A2,net,pin
n_64000,u26_ps_cnt_reg\[4\]/D,net,pin
g211605/Y,n_64000,pin,net
g67/Y,n_64014,pin,net
n_64014,g212653/C,net,pin
g211697/Y,n_64102,pin,net
n_64102,g154320__200834/B,net,pin
n_64102,g154186__6783/A,net,pin
g211698/Y,n_64103,pin,net
n_64103,g178/B1,net,pin
n_64103,g165/A1,net,pin
g2/Y,n_64133,pin,net
n_64133,g156119/A,net,pin
n_64191,g212208/B,net,pin
n_64191,g212206/B,net,pin
g14/Y,n_64191,pin,net
n_64192,g218861/B,net,pin
n_64192,g216872/A,net,pin
n_64192,g156773_dup165222_dup/B,net,pin
g15/Y,n_64192,pin,net
g211860/Y,n_64296,pin,net
n_64296,g12/C,net,pin
n_64297,g181968/B,net,pin
g12/Y,n_64297,pin,net
n_643,g33/B,net,pin
n_643,g219102/B,net,pin
n_643,g207749/A,net,pin
n_643,g170087/A,net,pin
g160007/Y,n_643,pin,net
n_643,g159998/A,net,pin
n_644,g167901/B1,net,pin
g159996/Y,n_644,pin,net
n_644,g159993/A,net,pin
n_644,g157483/A,net,pin
n_644,g157480/A,net,pin
g212080/Y,n_64672,pin,net
n_64672,g205710/B,net,pin
g212106/Y,n_64696,pin,net
n_64696,g212105/A,net,pin
n_64696,g200419/A1,net,pin
n_64696,g200417/A1,net,pin
n_64696,g200415/A1,net,pin
n_64696,g182878/B,net,pin
g212105/Y,n_64697,pin,net
n_64697,g191491/B,net,pin
g212119/Y,n_64708,pin,net
n_64708,g212118/A,net,pin
g212120/Y,n_64709,pin,net
n_64709,g212118/B,net,pin
n_64710,g212378/A1,net,pin
n_64710,g212122/B,net,pin
g212118/Y,n_64710,pin,net
n_64710,g212117/A,net,pin
n_64711,g756/B,net,pin
g212117/Y,n_64711,pin,net
n_64713,g94/B,net,pin
g212122/Y,n_64713,pin,net
n_64713,g153997__189853/A2,net,pin
g212124/Y,n_64714,pin,net
n_64714,g212123/A,net,pin
n_64714,g182422/B,net,pin
n_64714,g182420/B,net,pin
n_64714,g159313/A,net,pin
n_64714,fopt162760/A,net,pin
g212125/Y,n_64715,pin,net
n_64715,g212123/B,net,pin
n_64715,g200197/B2,net,pin
n_64715,g188727/B2,net,pin
n_64715,g157551/A2,net,pin
n_64715,g157028/B2,net,pin
n_64715,g156940/B1,net,pin
g212123/Y,n_64716,pin,net
n_64716,g206130/B,net,pin
g312/Y,n_64744,pin,net
n_64744,g212358/A1,net,pin
n_64744,g204765/A,net,pin
n_64744,g204763/B,net,pin
n_64744,g204759/A1,net,pin
g311/Y,n_64745,pin,net
n_64745,g212358/B,net,pin
n_64793,g219105/A2,net,pin
g212184/Y,n_64793,pin,net
n_64793,g212183/A2,net,pin
n_64793,g170091/A1,net,pin
n_64793,g169903/A1,net,pin
n_64793,g158144/A1,net,pin
g212183/Y,n_64794,pin,net
n_64794,g194438/C,net,pin
g212202/Y,n_64812,pin,net
n_64812,g212201/A,net,pin
g212201/Y,n_64813,pin,net
n_64813,g153837__9945/A1,net,pin
n_64814,g216873/A,net,pin
g212204/Y,n_64814,pin,net
n_64814,g191967/A,net,pin
n_64814,g179777/A,net,pin
n_64814,g169816/A,net,pin
n_64814,g157197/C,net,pin
n_64814,g157196/C,net,pin
n_64816,g212207/A,net,pin
g212205/Y,n_64816,pin,net
n_64816,g173655/C,net,pin
n_64816,g173649/B,net,pin
n_64817,g218184/A,net,pin
n_64817,g212208/A,net,pin
g212207/Y,n_64817,pin,net
n_64817,g212206/A,net,pin
n_64818,g214944/A2,net,pin
g212206/Y,n_64818,pin,net
n_64818,g197708/A2,net,pin
n_64818,g197686/A2,net,pin
n_64818,g197631/A2,net,pin
n_64818,g197608/A2,net,pin
n_64818,g197567/A2,net,pin
n_64818,g197544/A2,net,pin
n_64818,g197482/A2,net,pin
n_64818,g172868/A2,net,pin
n_64818,g172635/A2,net,pin
n_64818,g172501/A2,net,pin
n_64818,g172438/A2,net,pin
n_64818,g172336/A2,net,pin
n_64818,g172332/A2,net,pin
n_64818,g172330/A2,net,pin
n_64818,g166797/A1,net,pin
n_64819,g88/A2,net,pin
g212208/Y,n_64819,pin,net
n_64819,g197748/A2,net,pin
n_64819,g197679/A2,net,pin
n_64819,g197613/A2,net,pin
n_64819,g197539/A2,net,pin
n_64819,g177544/A2,net,pin
n_64819,g176438/A2,net,pin
n_64819,g172840/A2,net,pin
n_64819,g172710/A2,net,pin
n_64819,g172535/A2,net,pin
n_64819,g172533/A2,net,pin
n_64819,g172475/A2,net,pin
n_64819,g172340/A2,net,pin
n_64819,g172326/A2,net,pin
n_64819,g166783/A2,net,pin
n_64819,g155600/A1,net,pin
n_64833,g87/A2,net,pin
n_64833,g50/A2,net,pin
n_64833,g216620/A2,net,pin
n_64833,g205411/A1,net,pin
n_64833,g205410/B1,net,pin
n_64833,g205399/A1,net,pin
n_64833,g205397/A1,net,pin
n_64833,g205396/A1,net,pin
n_64833,g192581/A1,net,pin
n_64833,g188804/B1,net,pin
n_64833,g188542/A1,net,pin
n_64833,g184641/A1,net,pin
n_64833,g184634/B1,net,pin
n_64833,g184626/B1,net,pin
n_64833,g184625/B1,net,pin
n_64833,g184623/B1,net,pin
fopt212222/Y,n_64833,pin,net
g50/Y,n_64834,pin,net
n_64834,g199240/A,net,pin
n_64847,g213716/B,net,pin
n_64847,g213700/B1,net,pin
g212233/Y,n_64847,pin,net
n_64847,g153975__213703/B2,net,pin
n_64847,fopt200350/A,net,pin
n_64848,g213700/A2,net,pin
fopt212236/Y,n_64848,pin,net
n_64849,g213700/B2,net,pin
g212237/Y,n_64849,pin,net
n_64851,u5_rp_reg\[2\]/D,net,pin
g212234/Y,n_64851,pin,net
n_64852,g212240/A2,net,pin
g212238/Y,n_64852,pin,net
n_64852,g197105/B,net,pin
n_64852,g169962/B,net,pin
n_64852,g154393__1617/B,net,pin
n_64852,g154392__2802/B,net,pin
n_64852,g154391__1705/C,net,pin
n_64852,g154389__170080/B,net,pin
n_64852,g154386__1881/C,net,pin
n_64852,g154384__7482/C,net,pin
n_64852,g154383__4733/C,net,pin
n_64852,g154382__6161/C,net,pin
n_64852,g154381__9945/C,net,pin
n_64852,g154110__8428/B,net,pin
n_64852,g154106__6260/B,net,pin
n_64852,g1287/C,net,pin
g212241/Y,n_64853,pin,net
n_64853,g212240/A1,net,pin
g212242/Y,n_64854,pin,net
n_64854,g212240/B,net,pin
g212240/Y,n_64855,pin,net
n_64855,g212239/B,net,pin
n_64856,u4_dout_reg\[10\]/D,net,pin
g212239/Y,n_64856,pin,net
g212248/Y,n_64861,pin,net
n_64861,g212247/A2,net,pin
n_64861,g197522/A2,net,pin
n_64861,g197487/A2,net,pin
n_64861,g182414/A2,net,pin
n_64861,g182413/A2,net,pin
n_64861,g182412/A2,net,pin
n_64861,g178753/A2,net,pin
n_64861,g178752/A2,net,pin
n_64861,g178751/A2,net,pin
n_64861,g178750/A2,net,pin
n_64861,g176537/A2,net,pin
n_64861,g176269/A2,net,pin
n_64861,g173519/A2,net,pin
n_64861,g173515/A2,net,pin
n_64861,g173513/A2,net,pin
n_64861,g173512/A2,net,pin
n_64862,u6_mem_reg\[3\]\[27\]/D,net,pin
g212247/Y,n_64862,pin,net
g212358/Y,n_64974,pin,net
n_64974,g210505/A1,net,pin
n_64993,g212379/A1,net,pin
n_64993,g202360/A2,net,pin
n_64993,g171446/B2,net,pin
n_64993,g158164/B2,net,pin
n_64993,g158149/B2,net,pin
n_64993,g158148/B2,net,pin
n_64993,g158142/B2,net,pin
fopt212376/Y,n_64993,pin,net
n_64993,fopt162699/A,net,pin
n_64994,g212379/B2,net,pin
g212377/Y,n_64994,pin,net
n_64994,g212184/A,net,pin
n_64994,g202360/B2,net,pin
n_64994,g171446/A1,net,pin
n_64994,g158164/A1,net,pin
n_64994,g158149/A2,net,pin
n_64994,g158148/A2,net,pin
n_64994,g158142/A2,net,pin
g212380/Y,n_64995,pin,net
n_64995,g212379/A2,net,pin
g212381/Y,n_64996,pin,net
n_64996,g212379/B1,net,pin
g212379/Y,n_64997,pin,net
n_64997,g212378/B,net,pin
g212378/Y,n_64998,pin,net
n_64998,g138/C,net,pin
n_65,g166494/A1,net,pin
g159414/Y,n_65,pin,net
n_65000,g583/A1,net,pin
g212383/Y,n_65000,pin,net
n_65000,g189843/A1,net,pin
n_65000,g164096/A1,net,pin
n_65001,g219106/A,net,pin
g212384/Y,n_65001,pin,net
n_65029,g219109/A2,net,pin
g212412/Y,n_65029,pin,net
n_65029,g212411/B1,net,pin
n_65029,g189137/A2,net,pin
n_65029,g158108/A1,net,pin
n_65029,g158104/A1,net,pin
n_65029,g158103/A1,net,pin
n_65029,g158101/A1,net,pin
g212411/Y,n_65030,pin,net
n_65030,fopt200481/A,net,pin
g212430/Y,n_65053,pin,net
n_65053,g212429/B,net,pin
g212429/Y,n_65054,pin,net
n_65054,g157084/C,net,pin
n_65055,g311/B2,net,pin
n_65055,g212434/A1,net,pin
n_65055,g212430/A1,net,pin
n_65055,g212202/C1,net,pin
n_65055,g184506/A2,net,pin
n_65055,g184505/A2,net,pin
n_65055,g180566/A2,net,pin
n_65055,g178030/A1,net,pin
n_65055,g176222/A2,net,pin
n_65055,g176216/A2,net,pin
n_65055,g163917/B2,net,pin
n_65055,g162845/A1,net,pin
g159059_dup212431/Y,n_65055,pin,net
n_65056,g311/A2,net,pin
n_65056,g212434/B2,net,pin
g212432/Y,n_65056,pin,net
n_65056,g212430/B2,net,pin
n_65056,g212202/B1,net,pin
n_65056,g184506/B1,net,pin
n_65056,g184505/B2,net,pin
n_65056,g180566/B2,net,pin
n_65056,g178030/B1,net,pin
n_65056,g176222/B2,net,pin
n_65056,g176216/B1,net,pin
n_65056,g163917/A1,net,pin
n_65056,g162845/B2,net,pin
g212434/Y,n_65057,pin,net
n_65057,g212433/B,net,pin
n_65058,g40/B,net,pin
g212433/Y,n_65058,pin,net
n_65236,g213022/A,net,pin
g212590/Y,n_65236,pin,net
n_65236,fopt212592/A,net,pin
n_65238,u4_mem_reg\[1\]\[26\]/D,net,pin
g212588/Y,n_65238,pin,net
n_65239,g212604/B2,net,pin
n_65239,g212603/B2,net,pin
n_65239,g212602/B2,net,pin
n_65239,g212601/B2,net,pin
n_65239,g212600/B2,net,pin
n_65239,g212599/B2,net,pin
n_65239,g212598/B2,net,pin
n_65239,g212597/B2,net,pin
n_65239,g212596/B1,net,pin
n_65239,g212595/B1,net,pin
n_65239,g212594/B1,net,pin
n_65239,g212593/B1,net,pin
n_65239,g212591/B1,net,pin
fopt212592/Y,n_65239,pin,net
n_65240,u4_mem_reg\[1\]\[27\]/D,net,pin
g212591/Y,n_65240,pin,net
n_65241,u4_mem_reg\[1\]\[31\]/D,net,pin
g212593/Y,n_65241,pin,net
n_65242,u4_mem_reg\[1\]\[24\]/D,net,pin
g212594/Y,n_65242,pin,net
n_65243,u4_mem_reg\[1\]\[23\]/D,net,pin
g212595/Y,n_65243,pin,net
n_65244,u4_mem_reg\[1\]\[13\]/D,net,pin
g212596/Y,n_65244,pin,net
n_65245,u4_mem_reg\[1\]\[3\]/D,net,pin
g212597/Y,n_65245,pin,net
n_65246,u4_mem_reg\[1\]\[2\]/D,net,pin
g212598/Y,n_65246,pin,net
n_65247,u4_mem_reg\[1\]\[14\]/D,net,pin
g212599/Y,n_65247,pin,net
n_65248,u4_mem_reg\[1\]\[25\]/D,net,pin
g212600/Y,n_65248,pin,net
n_65249,u4_mem_reg\[1\]\[21\]/D,net,pin
g212601/Y,n_65249,pin,net
n_65250,u4_mem_reg\[1\]\[20\]/D,net,pin
g212602/Y,n_65250,pin,net
n_65251,u4_mem_reg\[1\]\[0\]/D,net,pin
g212603/Y,n_65251,pin,net
n_65252,u4_mem_reg\[1\]\[18\]/D,net,pin
g212604/Y,n_65252,pin,net
n_65253,u4_mem_reg\[1\]\[30\]/D,net,pin
g212605/Y,n_65253,pin,net
n_65254,u4_mem_reg\[1\]\[8\]/D,net,pin
g212606/Y,n_65254,pin,net
n_65255,u4_mem_reg\[1\]\[11\]/D,net,pin
g212607/Y,n_65255,pin,net
n_65256,u4_mem_reg\[1\]\[16\]/D,net,pin
g212608/Y,n_65256,pin,net
n_65257,u4_mem_reg\[1\]\[17\]/D,net,pin
g212609/Y,n_65257,pin,net
n_65258,u4_mem_reg\[1\]\[19\]/D,net,pin
g212610/Y,n_65258,pin,net
n_65260,u4_mem_reg\[1\]\[28\]/D,net,pin
g212612/Y,n_65260,pin,net
n_65261,u4_mem_reg\[1\]\[6\]/D,net,pin
g212613/Y,n_65261,pin,net
n_65262,u4_mem_reg\[1\]\[7\]/D,net,pin
g212614/Y,n_65262,pin,net
n_65263,u4_mem_reg\[1\]\[12\]/D,net,pin
g212615/Y,n_65263,pin,net
n_65265,u4_mem_reg\[1\]\[5\]/D,net,pin
g212617/Y,n_65265,pin,net
n_65266,u4_mem_reg\[1\]\[9\]/D,net,pin
g212618/Y,n_65266,pin,net
n_65267,u4_mem_reg\[1\]\[22\]/D,net,pin
g212619/Y,n_65267,pin,net
n_65268,u4_mem_reg\[1\]\[15\]/D,net,pin
g212620/Y,n_65268,pin,net
n_65269,u4_mem_reg\[1\]\[1\]/D,net,pin
g212621/Y,n_65269,pin,net
n_65270,u4_mem_reg\[1\]\[29\]/D,net,pin
g212622/Y,n_65270,pin,net
n_65292,g205517/A,net,pin
g145/Y,n_65292,pin,net
n_65292,g144/A,net,pin
n_65293,g177282/A1,net,pin
n_65293,g157569/B,net,pin
g144/Y,n_65293,pin,net
g212626/Y,n_65297,pin,net
n_65297,g212625/C,net,pin
g212625/Y,n_65298,pin,net
n_65298,g157084/A1,net,pin
n_65298,g156940/A1,net,pin
n_65298,g154342__5526/B,net,pin
n_65298,g154340__1705/A2,net,pin
n_65325,g212656/A,net,pin
g212652/Y,n_65325,pin,net
n_65325,g181280/A,net,pin
n_65325,g176662/A2,net,pin
n_65325,g159309/B,net,pin
n_65325,g156969/A2,net,pin
g212655/Y,n_65326,pin,net
n_65326,g212654/A,net,pin
g212656/Y,n_65327,pin,net
n_65327,g212654/B,net,pin
g212654/Y,n_65328,pin,net
n_65328,g212653/B,net,pin
n_65329,u4_empty_reg/D,net,pin
g212653/Y,n_65329,pin,net
g212713/Y,n_65395,pin,net
n_65395,g188677/A,net,pin
n_65395,g188676/A,net,pin
n_65395,g188672/B,net,pin
g159181/Y,n_655,pin,net
n_655,g158930/B,net,pin
n_655,g158895/A,net,pin
n_655,g157580/A1,net,pin
n_6552,g164352/B,net,pin
n_6552,g164350/B,net,pin
n_6552,g164337/A,net,pin
n_6552,g164280/B,net,pin
n_6552,g159185_dup163779/B,net,pin
fopt163741_dup/Y,n_6552,pin,net
g212889/Y,n_65577,pin,net
n_65577,g212888/A,net,pin
g212888/Y,n_65578,pin,net
n_65578,g157760/A,net,pin
n_65578,g157640/A,net,pin
n_65578,g157577/A,net,pin
n_65642,g87/B2,net,pin
n_65642,g216620/B2,net,pin
n_65642,g212935/A1,net,pin
n_65642,g212119/A1,net,pin
n_65642,g202384/A1,net,pin
n_65642,g192581/B1,net,pin
n_65642,g188804/A1,net,pin
n_65642,g188542/B2,net,pin
n_65642,g184634/A1,net,pin
n_65642,g164049/A2,net,pin
n_65642,g164047/A2,net,pin
fopt212932/Y,n_65642,pin,net
n_65643,g212935/B2,net,pin
g212933/Y,n_65643,pin,net
n_65643,g212120/A2,net,pin
n_65643,g205416/A2,net,pin
n_65643,g205415/A2,net,pin
n_65643,g205413/A1,net,pin
n_65643,g205412/A2,net,pin
n_65643,g205408/A1,net,pin
n_65643,g205407/A1,net,pin
n_65643,g205406/A2,net,pin
n_65643,g205405/A2,net,pin
n_65643,g205404/A1,net,pin
n_65643,g205403/A2,net,pin
n_65643,g202447/B1,net,pin
n_65643,g202384/B2,net,pin
n_65643,g202272/B2,net,pin
n_65643,g198009/A,net,pin
n_65643,g181449/B2,net,pin
n_65643,g168968/B2,net,pin
n_65643,g164049/B2,net,pin
n_65643,g164047/B1,net,pin
n_65643,g159064/A,net,pin
n_65643,g158559/B2,net,pin
n_65644,g212936/A2,net,pin
g212935/Y,n_65644,pin,net
n_65644,g212934/A,net,pin
g212934/Y,n_65645,pin,net
n_65645,g202327/B2,net,pin
n_65645,g1360/A,net,pin
n_65646,g273/B,net,pin
g212936/Y,n_65646,pin,net
n_65646,g189843/A2,net,pin
n_65763,g215509/B2,net,pin
g213022/Y,n_65763,pin,net
n_65763,g213021/A2,net,pin
n_65763,g212622/B1,net,pin
n_65763,g212621/A2,net,pin
n_65763,g212620/B1,net,pin
n_65763,g212619/B1,net,pin
n_65763,g212618/B1,net,pin
n_65763,g212617/B2,net,pin
n_65763,g212615/B2,net,pin
n_65763,g212614/B2,net,pin
n_65763,g212613/B2,net,pin
n_65763,g212612/B2,net,pin
n_65763,g212610/B2,net,pin
n_65763,g212609/B2,net,pin
n_65763,g212608/B2,net,pin
n_65763,g212607/B2,net,pin
n_65763,g212606/B2,net,pin
n_65763,g212605/B1,net,pin
n_65763,g212588/B1,net,pin
n_65764,u4_mem_reg\[1\]\[10\]/D,net,pin
g213021/Y,n_65764,pin,net
g163172/Y,n_6583,pin,net
n_6583,g156158/D,net,pin
g213136/Y,n_65879,pin,net
n_65879,g198369/A1,net,pin
n_65879,g195169/B2,net,pin
n_65879,g175956/A2,net,pin
n_65879,g153772__178444/A2,net,pin
n_65895,g157074/A1,net,pin
g155/Y,n_65895,pin,net
n_65896,g164307/A2,net,pin
g116/Y,n_65896,pin,net
g213145/Y,n_65897,pin,net
n_65897,g199213/A1,net,pin
n_65898,u12_dout_reg\[31\]/D,net,pin
g171/Y,n_65898,pin,net
u12_dout_reg\[31\]/QN,n_65899,pin,net
n_65899,g213146/A,net,pin
n_65899,drc_buf_sp165962/A,net,pin
g159882/Y,n_659,pin,net
n_659,g159303/B,net,pin
n_659,g153396__174767/C,net,pin
g213146/Y,n_65900,pin,net
n_65900,g197567/A1,net,pin
n_65900,g178812/A1,net,pin
n_65900,g173515/A1,net,pin
n_65900,g165982/A1,net,pin
g213149/Y,n_65902,pin,net
n_65902,g186034/A2,net,pin
n_65902,g179388/A2,net,pin
n_65902,g178281/A2,net,pin
n_65902,g171492/B1,net,pin
n_65902,g168469/A1,net,pin
n_65902,g167862/A2,net,pin
n_65902,g166720/A2,net,pin
n_65902,g165980/A2,net,pin
n_65902,g165974/A1,net,pin
n_65902,g165966/A2,net,pin
n_65902,g165965/A2,net,pin
n_65905,u12_dout_reg\[27\]/D,net,pin
g186/Y,n_65905,pin,net
u12_dout_reg\[27\]/QN,n_65906,pin,net
n_65906,g72/A,net,pin
n_65906,g213155/A,net,pin
g71/Y,n_65908,pin,net
n_65908,g216457/A2,net,pin
n_65908,g212591/A1,net,pin
n_65908,g197544/A1,net,pin
n_65908,g184879/A1,net,pin
n_65908,g179385/A2,net,pin
n_65908,g178800/A1,net,pin
n_65908,g168463/A1,net,pin
n_65908,g166138/A1,net,pin
n_65908,g166136/A2,net,pin
n_65908,g166132/A2,net,pin
n_65908,g166128/A1,net,pin
g213155/Y,n_65910,pin,net
n_65910,g167877/A1,net,pin
n_65910,g166126/A1,net,pin
n_65910,g166122/A2,net,pin
n_65910,g155658/A2,net,pin
n_65911,u12_dout_reg\[24\]/D,net,pin
g184/Y,n_65911,pin,net
u12_dout_reg\[24\]/QN,n_65912,pin,net
n_65912,g213162/A,net,pin
n_65912,g213157/A,net,pin
n_65914,g216462/B1,net,pin
g213156/Y,n_65914,pin,net
n_65914,g167914/A1,net,pin
n_65914,g166059/A2,net,pin
g213160/Y,n_65915,pin,net
n_65915,g202295/A2,net,pin
n_65915,g186010/A2,net,pin
n_65915,g168467/A1,net,pin
n_65915,g166771/A2,net,pin
n_65915,g166726/A2,net,pin
n_65915,g166055/A2,net,pin
n_65915,g166043/A2,net,pin
n_65915,g166042/A2,net,pin
g213162/Y,n_65917,pin,net
n_65917,g197708/A1,net,pin
n_65917,g178813/A1,net,pin
n_65917,g166051/A1,net,pin
n_65917,g166049/A1,net,pin
n_65918,u12_dout_reg\[28\]/D,net,pin
g180/Y,n_65918,pin,net
u12_dout_reg\[28\]/QN,n_65919,pin,net
n_65919,g213163/A,net,pin
n_65919,g178125/A1,net,pin
n_65919,drc_buf_sp165988/A,net,pin
n_65920,g88/A1,net,pin
n_65920,g216455/B1,net,pin
g213163/Y,n_65920,pin,net
n_65920,g212612/A1,net,pin
n_65920,g202306/A2,net,pin
n_65920,g179694/A2,net,pin
n_65920,g179390/A2,net,pin
n_65920,g178806/A1,net,pin
n_65920,g168468/A1,net,pin
n_65920,g167880/A2,net,pin
n_65920,g166723/A2,net,pin
n_65920,g166008/A2,net,pin
n_65920,g166006/A2,net,pin
n_65920,g166000/A1,net,pin
n_65920,g165996/A2,net,pin
n_65921,u12_dout_reg\[25\]/D,net,pin
g213170/Y,n_65921,pin,net
u12_dout_reg\[25\]/QN,n_65922,pin,net
n_65922,g213173/A,net,pin
n_65922,g213167/A,net,pin
g213166/Y,n_65924,pin,net
n_65924,g167898/A1,net,pin
n_65924,g166081/A2,net,pin
n_65924,g166068/A2,net,pin
n_65925,g223942/A1,net,pin
n_65925,g216458/A2,net,pin
g213171/Y,n_65925,pin,net
n_65925,g202298/A2,net,pin
n_65925,g179689/A2,net,pin
n_65925,g166770/A2,net,pin
n_65925,g166725/A2,net,pin
n_65925,g166085/A2,net,pin
n_65925,g166071/A2,net,pin
g213173/Y,n_65927,pin,net
n_65927,g197539/A1,net,pin
n_65927,g178814/A1,net,pin
n_65927,g168466/A1,net,pin
n_65927,g166075/A1,net,pin
n_65928,u12_dout_reg\[23\]/D,net,pin
g213177/Y,n_65928,pin,net
u12_dout_reg\[23\]/QN,n_65929,pin,net
n_65929,g213174/A,net,pin
n_65929,g165959/A,net,pin
n_65929,drc_buf_sp165935/A,net,pin
n_65930,g216454/B1,net,pin
g213174/Y,n_65930,pin,net
n_65930,g212595/A1,net,pin
n_65930,g202313/A2,net,pin
n_65930,g184884/A1,net,pin
n_65930,g179688/A2,net,pin
n_65930,g168470/A1,net,pin
n_65930,g165957/A2,net,pin
n_65930,g165953/A2,net,pin
n_65930,g165951/A2,net,pin
n_65930,g165947/A1,net,pin
n_65930,g165945/A1,net,pin
n_65930,g165936/A2,net,pin
n_65931,u12_dout_reg\[19\]/D,net,pin
g213180/Y,n_65931,pin,net
u12_dout_reg\[19\]/QN,n_65932,pin,net
n_65932,g178802/A1,net,pin
n_65932,g178751/A1,net,pin
n_65932,g168477/A1,net,pin
n_65932,g166797/A2,net,pin
n_65932,g166776/A2,net,pin
n_65932,g166731/A2,net,pin
n_65932,drc_buf_sp165827/A,net,pin
n_65933,u12_dout_reg\[18\]/D,net,pin
g181/Y,n_65933,pin,net
u12_dout_reg\[18\]/QN,n_65934,pin,net
n_65934,g213181/A,net,pin
n_65934,g184889/A1,net,pin
n_65934,g178210/A2,net,pin
n_65934,drc_buf_sp41/A,net,pin
n_65936,u12_dout_reg\[22\]/D,net,pin
g213188/Y,n_65936,pin,net
u12_dout_reg\[22\]/QN,n_65937,pin,net
n_65937,g213185/A,net,pin
n_65937,g165932/A,net,pin
g213193/Y,n_65941,pin,net
n_65941,g212619/A1,net,pin
n_65941,g197686/A1,net,pin
n_65941,g179686/A2,net,pin
n_65941,g171394/A1,net,pin
n_65941,g166728/A2,net,pin
n_65941,g165922/A2,net,pin
n_65941,g165918/A1,net,pin
n_65947,u12_dout_reg\[16\]/D,net,pin
g160/Y,n_65947,pin,net
u12_dout_reg\[16\]/QN,n_65948,pin,net
n_65948,g213196/A,net,pin
n_65948,drc_buf_sp165747/A,net,pin
g213196/Y,n_65949,pin,net
n_65949,g212608/A1,net,pin
n_65949,g194246/A3,net,pin
n_65949,g186020/A1,net,pin
n_65949,g178279/A2,net,pin
n_65949,g176269/A1,net,pin
n_65949,g172332/A1,net,pin
n_65949,g171495/B1,net,pin
n_65949,g168480/A1,net,pin
n_65949,g166717/A2,net,pin
n_65949,g165771/A2,net,pin
n_65949,g165767/A1,net,pin
n_65949,g165765/A2,net,pin
n_65949,g165761/A2,net,pin
n_65949,g165757/A1,net,pin
n_65949,g165755/A1,net,pin
n_65949,g155775/A2,net,pin
n_65950,u12_dout_reg\[17\]/D,net,pin
g161/Y,n_65950,pin,net
u12_dout_reg\[17\]/QN,n_65951,pin,net
n_65951,g213199/A,net,pin
n_65951,drc_buf_sp165775/A,net,pin
n_65952,g216481/B1,net,pin
g213199/Y,n_65952,pin,net
n_65952,g202293/A2,net,pin
n_65952,g200158/B1,net,pin
n_65952,g198596/A3,net,pin
n_65952,g184890/A1,net,pin
n_65952,g179674/A2,net,pin
n_65952,g178753/A1,net,pin
n_65952,g167867/A1,net,pin
n_65952,g166783/A1,net,pin
n_65952,g166714/A2,net,pin
n_65952,g165798/A2,net,pin
n_65952,g165794/A2,net,pin
n_65952,g165790/A2,net,pin
n_65952,g165784/A1,net,pin
n_65952,g155776/A1,net,pin
n_65952,g155744/A1,net,pin
n_65953,u12_dout_reg\[13\]/D,net,pin
g213204/Y,n_65953,pin,net
u12_dout_reg\[13\]/QN,n_65954,pin,net
n_65954,g108/A,net,pin
n_65954,drc_buf_sp165718/A,net,pin
n_65955,g212596/A1,net,pin
n_65955,g199637/B2,net,pin
n_65955,g191973/B1,net,pin
n_65955,g184892/A1,net,pin
n_65955,g178284/A2,net,pin
n_65955,g170349/B1,net,pin
n_65955,g169549/A1,net,pin
n_65955,g167904/A1,net,pin
n_65955,g165740/A2,net,pin
n_65955,g165738/A1,net,pin
n_65955,g165736/A2,net,pin
n_65955,g165732/A2,net,pin
n_65955,g165722/A2,net,pin
g108/Y,n_65955,pin,net
n_65958,u12_dout_reg\[5\]/D,net,pin
g213210/Y,n_65958,pin,net
u12_dout_reg\[5\]/QN,n_65959,pin,net
n_65959,drc_buf_sp213901/A,net,pin
n_65959,drc_buf_sp165689/A,net,pin
n_65961,u12_dout_reg\[3\]/D,net,pin
g213214/Y,n_65961,pin,net
u12_dout_reg\[3\]/QN,n_65962,pin,net
n_65962,drc_buf_sp213889/A,net,pin
n_65962,drc_buf_sp165486/A,net,pin
n_65964,u12_dout_reg\[11\]/D,net,pin
g185/Y,n_65964,pin,net
u12_dout_reg\[11\]/QN,n_65965,pin,net
n_65965,drc_buf_sp213877/A,net,pin
n_65965,drc_buf_sp165631/A,net,pin
n_65967,u12_dout_reg\[7\]/D,net,pin
g182/Y,n_65967,pin,net
u12_dout_reg\[7\]/QN,n_65968,pin,net
n_65968,g213218/A,net,pin
n_65968,drc_buf_sp165428/A,net,pin
g213218/Y,n_65969,pin,net
n_65969,g209203/B1,net,pin
n_65969,g202294/A2,net,pin
n_65969,g200157/A1,net,pin
n_65969,g197726/A1,net,pin
n_65969,g179683/A2,net,pin
n_65969,g178271/A2,net,pin
n_65969,g168489/A1,net,pin
n_65969,g167908/A1,net,pin
n_65969,g166578/A1,net,pin
n_65969,g165447/A2,net,pin
n_65969,g165443/A2,net,pin
n_65969,g165441/A1,net,pin
n_65969,g165437/A1,net,pin
n_65969,g165435/A1,net,pin
n_65969,g165433/A2,net,pin
n_65969,g155734/A1,net,pin
n_65970,u12_dout_reg\[10\]/D,net,pin
g213223/Y,n_65970,pin,net
u12_dout_reg\[10\]/QN,n_65971,pin,net
n_65971,g4/A,net,pin
n_65971,g213225/A,net,pin
g4/Y,n_65972,pin,net
n_65972,g179680/A2,net,pin
n_65972,g178278/A2,net,pin
n_65972,g172336/A1,net,pin
n_65972,g165563/A2,net,pin
g213226/Y,n_65975,pin,net
n_65975,g213021/B1,net,pin
n_65975,g183188/A1,net,pin
n_65975,g168486/A1,net,pin
n_65975,g165569/A2,net,pin
n_65975,g165559/A2,net,pin
n_65975,g165555/A1,net,pin
n_65975,g165546/A2,net,pin
n_65975,g155737/A1,net,pin
n_65977,u12_dout_reg\[8\]/D,net,pin
g164/Y,n_65977,pin,net
u12_dout_reg\[8\]/QN,n_65978,pin,net
n_65978,g17/A,net,pin
n_65980,g216469/B1,net,pin
g213231/Y,n_65980,pin,net
n_65980,g212606/A1,net,pin
n_65980,g195063/B1,net,pin
n_65980,g191976/B1,net,pin
n_65980,g179681/A1,net,pin
n_65980,g172124/B1,net,pin
n_65980,g170345/B1,net,pin
n_65980,g169545/A1,net,pin
n_65980,g168488/A1,net,pin
n_65980,g167872/A1,net,pin
n_65980,g165540/A2,net,pin
n_65980,g165536/A2,net,pin
n_65980,g165532/A2,net,pin
n_65980,g165522/A2,net,pin
n_65980,g155767/A1,net,pin
n_65980,g155735/A1,net,pin
n_65983,u12_dout_reg\[4\]/D,net,pin
g213237/Y,n_65983,pin,net
u12_dout_reg\[4\]/QN,n_65984,pin,net
n_65984,g213234/A,net,pin
n_65989,u12_dout_reg\[15\]/D,net,pin
g177/Y,n_65989,pin,net
u12_dout_reg\[15\]/QN,n_65990,pin,net
n_65990,g184901/A1,net,pin
n_65990,g167926/A1,net,pin
n_65990,g165423/A2,net,pin
n_65990,fopt3/A,net,pin
n_65990,fopt181996/A,net,pin
n_65992,u12_dout_reg\[9\]/D,net,pin
g166/Y,n_65992,pin,net
u12_dout_reg\[9\]/QN,n_65993,pin,net
n_65993,drc_buf_sp213913/A,net,pin
n_65993,drc_buf_sp165573/A,net,pin
n_65995,u12_dout_reg\[12\]/D,net,pin
g167/Y,n_65995,pin,net
u12_dout_reg\[12\]/QN,n_65996,pin,net
n_65996,g213246/A,net,pin
n_65996,drc_buf_sp165660/A,net,pin
n_65997,g82/B1,net,pin
n_65997,g222985/B2,net,pin
g213246/Y,n_65997,pin,net
n_65997,g212615/A1,net,pin
n_65997,g186021/A2,net,pin
n_65997,g178274/A2,net,pin
n_65997,g169206/A1,net,pin
n_65997,g168484/A1,net,pin
n_65997,g165683/A2,net,pin
n_65997,g165681/A1,net,pin
n_65997,g165679/A2,net,pin
n_65997,g165675/A2,net,pin
n_65997,g165671/A1,net,pin
n_65997,g165669/A1,net,pin
n_65997,g165667/A2,net,pin
n_65997,g165662/A2,net,pin
n_65997,g155771/A1,net,pin
n_65998,u12_dout_reg\[2\]/D,net,pin
g183/Y,n_65998,pin,net
u12_dout_reg\[2\]/QN,n_65999,pin,net
n_65999,g213249/A,net,pin
n_65999,drc_buf_sp165457/A,net,pin
g159406/Y,n_66,pin,net
n_66,g158154/A1,net,pin
g159303/Y,n_660,pin,net
n_660,g153398__1617/A2,net,pin
n_66000,g222537/B2,net,pin
n_66000,g216468/B1,net,pin
g213249/Y,n_66000,pin,net
n_66000,g212598/A1,net,pin
n_66000,g191974/B1,net,pin
n_66000,g186015/A2,net,pin
n_66000,g178811/A1,net,pin
n_66000,g172710/A1,net,pin
n_66000,g172126/B1,net,pin
n_66000,g171168/B1,net,pin
n_66000,g169543/A1,net,pin
n_66000,g168494/A1,net,pin
n_66000,g167888/A2,net,pin
n_66000,g165482/A2,net,pin
n_66000,g165476/A2,net,pin
n_66000,g165474/A2,net,pin
n_66000,g155761/A1,net,pin
n_66001,u12_dout_reg\[6\]/D,net,pin
g213254/Y,n_66001,pin,net
u12_dout_reg\[6\]/QN,n_66002,pin,net
n_66002,g213256/A,net,pin
n_66002,fopt185167/A,net,pin
n_66002,fopt185166/A,net,pin
n_66003,g35/A,net,pin
g213256/Y,n_66003,pin,net
n_66003,g213255/A,net,pin
n_66004,g85/B1,net,pin
n_66004,g216475/B1,net,pin
g213255/Y,n_66004,pin,net
n_66004,g202290/A2,net,pin
n_66004,g200159/A1,net,pin
n_66004,g186042/A2,net,pin
n_66004,g165354/A1,net,pin
n_66004,g165350/A1,net,pin
n_66004,g165346/A2,net,pin
n_66004,g165344/A2,net,pin
g35/Y,n_66005,pin,net
n_66005,g165364/A2,net,pin
n_66005,g165360/A2,net,pin
n_66005,g165356/A2,net,pin
n_66007,u12_dout_reg\[26\]/D,net,pin
g168/Y,n_66007,pin,net
u12_dout_reg\[26\]/QN,n_66008,pin,net
n_66008,g213262/A,net,pin
n_66008,g213259/A,net,pin
g213263/Y,n_66010,pin,net
n_66010,g212588/A1,net,pin
n_66010,g197631/A1,net,pin
n_66010,g184880/A1,net,pin
n_66010,g178292/A2,net,pin
n_66010,g168465/A1,net,pin
n_66010,g167878/A2,net,pin
n_66010,g166769/A2,net,pin
n_66010,g166724/A2,net,pin
n_66010,g166112/A1,net,pin
n_66010,g166102/A1,net,pin
n_66010,g166096/A2,net,pin
g213262/Y,n_66011,pin,net
n_66011,g178796/A1,net,pin
n_66011,g166110/A2,net,pin
n_66011,g166106/A2,net,pin
n_66011,g166100/A1,net,pin
n_66014,u12_dout_reg\[21\]/D,net,pin
g169/Y,n_66014,pin,net
u12_dout_reg\[21\]/QN,n_66015,pin,net
n_66015,g51/A,net,pin
n_66015,g213267/A,net,pin
n_66015,g167917/A1,net,pin
n_66015,fopt185394/A,net,pin
g213267/Y,n_66016,pin,net
n_66016,g202289/A2,net,pin
n_66016,g186036/A2,net,pin
n_66016,g166729/A2,net,pin
n_66016,g165890/A1,net,pin
g51/Y,n_66017,pin,net
n_66017,g219877/A,net,pin
n_66023,u12_dout_reg\[20\]/D,net,pin
g213275/Y,n_66023,pin,net
u12_dout_reg\[20\]/QN,n_66024,pin,net
n_66024,g213278/A,net,pin
n_66024,g213277/A,net,pin
n_66024,fopt185483/A,net,pin
g213277/Y,n_66025,pin,net
n_66025,g213276/A,net,pin
g213276/Y,n_66026,pin,net
n_66026,g200160/B1,net,pin
n_66026,g184887/A1,net,pin
n_66026,g178268/A2,net,pin
n_66026,g173313/A1,net,pin
n_66026,g172/A1,net,pin
n_66026,g171473/B1,net,pin
n_66026,g168476/A1,net,pin
n_66026,g165874/A2,net,pin
n_66026,g165871/A2,net,pin
n_66026,g165857/A2,net,pin
n_66030,u12_dout_reg\[14\]/D,net,pin
g170/Y,n_66030,pin,net
u12_dout_reg\[14\]/QN,n_66031,pin,net
n_66031,g213281/A,net,pin
n_66031,drc_buf_sp165370/A,net,pin
g213281/Y,n_66032,pin,net
n_66032,g212599/A1,net,pin
n_66032,g208588/B1,net,pin
n_66032,g198087/A1,net,pin
n_66032,g179698/A2,net,pin
n_66032,g178270/A2,net,pin
n_66032,g172128/B1,net,pin
n_66032,g170222/B1,net,pin
n_66032,g168482/A1,net,pin
n_66032,g167909/A1,net,pin
n_66032,g165390/A1,net,pin
n_66032,g165388/A2,net,pin
n_66032,g165380/A1,net,pin
n_66032,g165378/A1,net,pin
n_66032,g165371/A2,net,pin
n_66032,g155773/A1,net,pin
n_66032,g155741/A1,net,pin
g213305/Y,n_66054,pin,net
n_66054,g200315/C,net,pin
n_66054,g200312/B,net,pin
g213327/Y,n_66076,pin,net
n_66076,g209721/B1,net,pin
n_66076,g153788__182080/A1,net,pin
n_66076,g153424__4733/A2,net,pin
n_66076,g153361__4319/A2,net,pin
n_6615,g171483/A,net,pin
g164251/Y,n_6615,pin,net
n_6615,g164250/C,net,pin
n_6615,g163310/B2,net,pin
n_6615,g163204/B2,net,pin
n_6615,g163172/A2,net,pin
g163204/Y,n_6616,pin,net
n_6616,g157566/B,net,pin
g213424/Y,n_66198,pin,net
n_66198,g176068/A2,net,pin
n_66198,g154360__7410/A2,net,pin
n_66198,g154321__6260/B,net,pin
g213425/Y,n_66199,pin,net
n_66199,g157306/A2,net,pin
n_666,g176220/B,net,pin
g159974/Y,n_666,pin,net
n_666,g157654/B,net,pin
n_666,g157653/B,net,pin
n_666,g157649/B,net,pin
g213702/Y,n_66658,pin,net
n_66658,g213701/A,net,pin
n_66658,g212232_dup/A,net,pin
n_66659,g213713/B,net,pin
n_66659,g213712/A,net,pin
n_66659,g213711/B,net,pin
n_66659,g213710/A,net,pin
n_66659,g213709/B,net,pin
n_66659,g213708/A,net,pin
n_66659,g213707/C1,net,pin
n_66659,g213706/B,net,pin
n_66659,g213704/B,net,pin
g213701/Y,n_66659,pin,net
n_66659,g213700/A1,net,pin
n_66659,g153975__213703/C2,net,pin
n_66659,g153579__213705/B2,net,pin
g213700/Y,n_66660,pin,net
n_66660,g212234/B,net,pin
n_66661,u5_rp_reg\[3\]/D,net,pin
g153975__213703/Y,n_66661,pin,net
n_66662,g471/B,net,pin
g213704/Y,n_66662,pin,net
n_66663,u5_dout_reg\[19\]/D,net,pin
g153579__213705/Y,n_66663,pin,net
g213706/Y,n_66664,pin,net
n_66664,g154000__189844/C,net,pin
n_66665,u5_dout_reg\[2\]/D,net,pin
g213707/Y,n_66665,pin,net
g213708/Y,n_66666,pin,net
n_66666,g189838/A,net,pin
n_66666,g164096/C,net,pin
n_66667,g692/C,net,pin
g213709/Y,n_66667,pin,net
n_66667,g189845/A,net,pin
g213710/Y,n_66668,pin,net
n_66668,g207000/C,net,pin
n_66668,g1811/C,net,pin
g213711/Y,n_66669,pin,net
n_66669,g189855/C,net,pin
g213712/Y,n_66670,pin,net
n_66670,g189841/A2,net,pin
n_66670,g153891__176455/A2,net,pin
g213713/Y,n_66671,pin,net
n_66671,g137/C,net,pin
n_66672,g213724/A2,net,pin
n_66672,g213723/A,net,pin
n_66672,g213721/A,net,pin
n_66672,g213720/C1,net,pin
n_66672,g213719/B,net,pin
n_66672,g213718/B,net,pin
n_66672,g213717/B,net,pin
n_66672,g213716/A,net,pin
n_66672,g213715/B,net,pin
n_66672,g213714/B,net,pin
g212232_dup/Y,n_66672,pin,net
n_66672,g153882__213722/B1,net,pin
g213714/Y,n_66673,pin,net
n_66673,g153998__189854/C,net,pin
g213715/Y,n_66674,pin,net
n_66674,g153997__189853/C,net,pin
n_66675,u5_rp_reg\[0\]/D,net,pin
g213716/Y,n_66675,pin,net
n_66676,g73/C,net,pin
g213717/Y,n_66676,pin,net
g213718/Y,n_66677,pin,net
n_66677,g189843/C,net,pin
g213719/Y,n_66678,pin,net
n_66678,g164104/B,net,pin
n_66679,u5_dout_reg\[3\]/D,net,pin
g213720/Y,n_66679,pin,net
n_66680,g756/C,net,pin
g213721/Y,n_66680,pin,net
n_66680,g189840/A,net,pin
n_66681,u5_dout_reg\[1\]/D,net,pin
g153882__213722/Y,n_66681,pin,net
g213723/Y,n_66682,pin,net
n_66682,g189842/B,net,pin
n_66682,g183923/C,net,pin
n_66683,u5_dout_reg\[0\]/D,net,pin
g213724/Y,n_66683,pin,net
n_66799,u13_crac_r_reg\[6\]/D,net,pin
g213833/Y,n_66799,pin,net
n_66801,g213850/B1,net,pin
n_66801,g213836/A2,net,pin
drc_bufs6/Y,n_66801,pin,net
n_66802,u7_mem_reg\[2\]\[22\]/D,net,pin
g213836/Y,n_66802,pin,net
n_66803,u6_mem_reg\[0\]\[22\]/D,net,pin
g213837/Y,n_66803,pin,net
n_66804,u13_icc_r_reg\[22\]/D,net,pin
g213838/Y,n_66804,pin,net
n_66805,u3_mem_reg\[0\]\[22\]/D,net,pin
g213839/Y,n_66805,pin,net
n_66806,u8_mem_reg\[0\]\[22\]/D,net,pin
g213840/Y,n_66806,pin,net
n_66807,u5_mem_reg\[1\]\[22\]/D,net,pin
g213841/Y,n_66807,pin,net
n_66808,u8_mem_reg\[2\]\[22\]/D,net,pin
g213842/Y,n_66808,pin,net
n_66809,u7_mem_reg\[1\]\[22\]/D,net,pin
g213843/Y,n_66809,pin,net
n_66810,u4_mem_reg\[2\]\[22\]/D,net,pin
g213844/Y,n_66810,pin,net
n_66812,u3_mem_reg\[2\]\[22\]/D,net,pin
g213846/Y,n_66812,pin,net
n_66813,u7_mem_reg\[0\]\[22\]/D,net,pin
g213847/Y,n_66813,pin,net
n_66814,u13_intm_r_reg\[22\]/D,net,pin
g213848/Y,n_66814,pin,net
n_66815,u4_mem_reg\[0\]\[22\]/D,net,pin
g213849/Y,n_66815,pin,net
n_66816,u3_mem_reg\[1\]\[22\]/D,net,pin
g213850/Y,n_66816,pin,net
n_66817,g216467/B1,net,pin
n_66817,g213869/A2,net,pin
n_66817,g213867/A1,net,pin
n_66817,g213866/A2,net,pin
n_66817,g213865/A1,net,pin
n_66817,g213864/B1,net,pin
n_66817,g213863/A1,net,pin
n_66817,g213862/A2,net,pin
n_66817,g213861/A2,net,pin
n_66817,g213860/A2,net,pin
n_66817,g213856/A1,net,pin
n_66817,g213855/B2,net,pin
n_66817,g213854/B1,net,pin
n_66817,g213853/A1,net,pin
g213852/Y,n_66817,pin,net
n_66817,g213851/A1,net,pin
n_66817,drc_bufs213859/A,net,pin
n_66818,u8_mem_reg\[0\]\[10\]/D,net,pin
g213851/Y,n_66818,pin,net
n_66819,u5_mem_reg\[1\]\[10\]/D,net,pin
g213853/Y,n_66819,pin,net
n_66820,u13_crac_dout_r_reg\[10\]/D,net,pin
g213854/Y,n_66820,pin,net
n_66821,u6_mem_reg\[3\]\[10\]/D,net,pin
g213855/Y,n_66821,pin,net
n_66822,u8_mem_reg\[1\]\[10\]/D,net,pin
g213856/Y,n_66822,pin,net
n_66824,g213868/A1,net,pin
n_66824,g213858/B1,net,pin
drc_bufs213859/Y,n_66824,pin,net
n_66825,u3_mem_reg\[1\]\[10\]/D,net,pin
g213858/Y,n_66825,pin,net
n_66826,u5_mem_reg\[2\]\[10\]/D,net,pin
g213860/Y,n_66826,pin,net
n_66827,u4_mem_reg\[2\]\[10\]/D,net,pin
g213861/Y,n_66827,pin,net
n_66828,u6_mem_reg\[0\]\[10\]/D,net,pin
g213862/Y,n_66828,pin,net
n_66829,u7_mem_reg\[0\]\[10\]/D,net,pin
g213863/Y,n_66829,pin,net
n_66830,u13_occ1_r_reg\[10\]/D,net,pin
g213864/Y,n_66830,pin,net
n_66831,u13_intm_r_reg\[10\]/D,net,pin
g213865/Y,n_66831,pin,net
n_66832,u4_mem_reg\[0\]\[10\]/D,net,pin
g213866/Y,n_66832,pin,net
n_66833,u7_mem_reg\[1\]\[10\]/D,net,pin
g213867/Y,n_66833,pin,net
n_66834,u13_occ0_r_reg\[10\]/D,net,pin
g213868/Y,n_66834,pin,net
n_66835,u3_mem_reg\[0\]\[10\]/D,net,pin
g213869/Y,n_66835,pin,net
n_66842,g202292/A2,net,pin
n_66842,g200152/B1,net,pin
n_66842,g191980/A1,net,pin
n_66842,g184874/A1,net,pin
n_66842,g171075/B1,net,pin
n_66842,g166571/A1,net,pin
n_66842,g165651/A2,net,pin
n_66842,g165647/A2,net,pin
drc_buf_sp213877/Y,n_66842,pin,net
n_66842,drc_buf_sp213876/A,net,pin
n_66843,g216480/B1,net,pin
n_66843,g195056/B1,net,pin
n_66843,g186022/A1,net,pin
n_66843,g172535/A1,net,pin
n_66843,g168485/A1,net,pin
n_66843,g167884/A2,net,pin
n_66843,g165655/A2,net,pin
n_66843,g155770/A1,net,pin
n_66843,g155738/A1,net,pin
drc_buf_sp213876/Y,n_66843,pin,net
n_66855,g200170/A1,net,pin
n_66855,g186026/A2,net,pin
n_66855,g166576/A1,net,pin
n_66855,g165502/A2,net,pin
n_66855,g165500/A1,net,pin
n_66855,g165496/A1,net,pin
n_66855,g165490/A2,net,pin
n_66855,g155762/A1,net,pin
drc_buf_sp213889/Y,n_66855,pin,net
n_66855,drc_buf_sp213888/A,net,pin
n_66856,g202287/A2,net,pin
n_66856,g195965/B1,net,pin
n_66856,g184904/A1,net,pin
n_66856,g179682/A2,net,pin
n_66856,g178272/A2,net,pin
n_66856,g168493/A1,net,pin
n_66856,g166841/A1,net,pin
n_66856,g165510/A2,net,pin
n_66856,g165506/A2,net,pin
drc_buf_sp213888/Y,n_66856,pin,net
n_66868,g212617/A1,net,pin
n_66868,g197661/A1,net,pin
n_66868,g191978/B1,net,pin
n_66868,g184893/A1,net,pin
n_66868,g173358/A1,net,pin
n_66868,g172475/A1,net,pin
n_66868,g168491/A1,net,pin
n_66868,g166569/A1,net,pin
drc_buf_sp213901/Y,n_66868,pin,net
n_66868,drc_buf_sp213900/A,net,pin
n_66869,g216456/B1,net,pin
n_66869,g195068/B1,net,pin
n_66869,g179677/A2,net,pin
n_66869,g170156/B1,net,pin
n_66869,g167870/A2,net,pin
n_66869,g165709/A2,net,pin
n_66869,g165705/A2,net,pin
n_66869,g165690/A2,net,pin
n_66869,g155732/A1,net,pin
drc_buf_sp213900/Y,n_66869,pin,net
n_66881,drc_buf_sp225157/A,net,pin
drc_buf_sp213913/Y,n_66881,pin,net
g159429/Y,n_67,pin,net
n_67,g158101/B1,net,pin
n_670,g187713/B,net,pin
g158947/Y,n_670,pin,net
n_672,g212625/B,net,pin
g158886/Y,n_672,pin,net
g163310/Y,n_6721,pin,net
n_6721,g157561/B,net,pin
n_67246,g216482/B1,net,pin
g214228/Y,n_67246,pin,net
n_67246,g214227/A1,net,pin
n_67246,g213849/A2,net,pin
n_67246,g213848/A1,net,pin
n_67246,g213847/A2,net,pin
n_67246,g213846/A2,net,pin
n_67246,g213844/A2,net,pin
n_67246,g213843/A1,net,pin
n_67246,g213842/A2,net,pin
n_67246,g213841/A1,net,pin
n_67246,g213840/A1,net,pin
n_67246,g213839/A2,net,pin
n_67246,g213838/A1,net,pin
n_67246,g213837/A2,net,pin
n_67246,g213833/B1,net,pin
n_67246,drc_bufs6/A,net,pin
n_67247,g215513/A2,net,pin
g214229/Y,n_67247,pin,net
n_67247,g214227/A2,net,pin
n_67247,g213868/A2,net,pin
n_67247,g187540/A2,net,pin
n_67247,g182633/A2,net,pin
n_67247,g178210/A1,net,pin
n_67247,g178125/A2,net,pin
n_67247,g173358/A2,net,pin
n_67247,g173313/A2,net,pin
n_67247,g167926/A2,net,pin
n_67247,g167925/A2,net,pin
n_67247,g167924/A2,net,pin
n_67247,g167922/A2,net,pin
n_67247,g167919/A2,net,pin
n_67247,g167917/A2,net,pin
n_67247,g167915/A2,net,pin
n_67247,g167914/A2,net,pin
n_67247,g167913/A2,net,pin
n_67247,g167912/A2,net,pin
n_67247,g167911/A2,net,pin
n_67247,g167910/A1,net,pin
n_67247,g167909/A2,net,pin
n_67247,g167908/A2,net,pin
n_67247,g167906/A2,net,pin
n_67247,g167904/A2,net,pin
n_67247,g167903/A2,net,pin
n_67247,g167901/A2,net,pin
n_67247,g167900/A2,net,pin
n_67247,g167898/A2,net,pin
n_67247,g167897/A2,net,pin
n_67247,g167895/A2,net,pin
n_67247,g167892/A2,net,pin
n_67248,g215513/B2,net,pin
g214230/Y,n_67248,pin,net
n_67248,g214227/B2,net,pin
n_67248,g182633/B2,net,pin
n_67248,g173358/B2,net,pin
n_67248,g167926/B2,net,pin
n_67248,g167925/B2,net,pin
n_67248,g167917/B2,net,pin
n_67248,g167915/B2,net,pin
n_67248,g167914/B2,net,pin
n_67248,g167913/B2,net,pin
n_67248,g167911/B2,net,pin
n_67248,g167904/B2,net,pin
n_67248,g167903/B2,net,pin
n_67248,g167901/B2,net,pin
n_67248,g167900/B2,net,pin
n_67248,g167892/B2,net,pin
n_67249,u13_occ0_r_reg\[22\]/D,net,pin
g214227/Y,n_67249,pin,net
n_6732,g214954/A2,net,pin
n_6732,g213865/A2,net,pin
n_6732,g198087/A2,net,pin
n_6732,g184904/A2,net,pin
n_6732,g184903/A2,net,pin
n_6732,g184900/A2,net,pin
n_6732,g184899/A2,net,pin
n_6732,g184898/A2,net,pin
n_6732,g184896/A2,net,pin
n_6732,g184894/A2,net,pin
n_6732,g184893/A2,net,pin
n_6732,g184892/A2,net,pin
n_6732,g184878/A2,net,pin
n_6732,g184877/A2,net,pin
n_6732,g184874/A2,net,pin
g163319/Y,n_6732,pin,net
n_67328,g189210/C,net,pin
fopt214309/Y,n_67328,pin,net
n_67329,g175442/B,net,pin
fopt214310/Y,n_67329,pin,net
n_67329,fopt214309/A,net,pin
n_6748,g213848/A2,net,pin
n_6748,g184901/A2,net,pin
n_6748,g184891/A2,net,pin
n_6748,g184890/A2,net,pin
n_6748,g184889/A2,net,pin
n_6748,g184888/A2,net,pin
n_6748,g184887/A2,net,pin
n_6748,g184886/A2,net,pin
n_6748,g184884/A2,net,pin
n_6748,g184883/A2,net,pin
n_6748,g184882/A2,net,pin
n_6748,g184881/A2,net,pin
n_6748,g184880/A2,net,pin
n_6748,g184879/A2,net,pin
g157327_dup/Y,n_6748,pin,net
g214470/Y,n_67490,pin,net
n_67490,g157765/A,net,pin
n_67490,g157634/B,net,pin
n_67490,g157285/A2,net,pin
n_675,g187654/B,net,pin
g184751/Y,n_675,pin,net
n_675,g184750/A,net,pin
n_675,g180519/A,net,pin
n_675,g180517/A2,net,pin
n_675,g172167/B,net,pin
n_675,g172166_dup/B,net,pin
g214503/Y,n_67546,pin,net
n_67546,g214470/B,net,pin
n_67568,g212248/A,net,pin
n_67568,g182413/B2,net,pin
n_67568,g182412/B1,net,pin
n_67568,g178753/B2,net,pin
n_67568,g178752/B2,net,pin
n_67568,g178751/B2,net,pin
n_67568,g178750/B2,net,pin
g156770_dup214508/Y,n_67568,pin,net
n_678,g224333/A,net,pin
n_678,g167685/B1,net,pin
g160156/Y,n_678,pin,net
n_68,g199212/A1,net,pin
g159527/Y,n_68,pin,net
n_68207,g216448/B1,net,pin
n_68207,g214962/A2,net,pin
n_68207,g214960/A2,net,pin
n_68207,g214958/A2,net,pin
n_68207,g214954/A1,net,pin
n_68207,g214952/A1,net,pin
n_68207,g214950/A2,net,pin
n_68207,g214948/B1,net,pin
n_68207,g214946/A1,net,pin
n_68207,g214944/A1,net,pin
n_68207,g214943/A1,net,pin
g214942/Y,n_68207,pin,net
n_68211,u6_mem_reg\[1\]\[4\]/D,net,pin
g214943/Y,n_68211,pin,net
n_68212,u8_mem_reg\[3\]\[4\]/D,net,pin
g214944/Y,n_68212,pin,net
n_68215,u7_mem_reg\[0\]\[4\]/D,net,pin
g214946/Y,n_68215,pin,net
n_68217,u8_mem_reg\[1\]\[4\]/D,net,pin
g214948/Y,n_68217,pin,net
n_68219,u3_mem_reg\[2\]\[4\]/D,net,pin
g214950/Y,n_68219,pin,net
n_68221,u7_mem_reg\[1\]\[4\]/D,net,pin
g214952/Y,n_68221,pin,net
n_68223,u13_intm_r_reg\[4\]/D,net,pin
g214954/Y,n_68223,pin,net
n_68227,u13_icc_r_reg\[4\]/D,net,pin
g214958/Y,n_68227,pin,net
n_68229,u5_mem_reg\[3\]\[4\]/D,net,pin
g214960/Y,n_68229,pin,net
n_68231,u3_mem_reg\[0\]\[4\]/D,net,pin
g214962/Y,n_68231,pin,net
n_684,g177855/A,net,pin
g159374/Y,n_684,pin,net
n_684,g154983/A,net,pin
g160079/Y,n_69,pin,net
n_69,g158070/A2,net,pin
n_69010,g215513/A1,net,pin
n_69010,g215509/A1,net,pin
n_69010,g215508/A2,net,pin
n_69010,g215507/A1,net,pin
n_69010,g215506/A2,net,pin
n_69010,g215505/A1,net,pin
n_69010,g215504/A2,net,pin
n_69010,g215503/A2,net,pin
n_69010,g215502/A1,net,pin
n_69010,g215501/A2,net,pin
n_69010,g215500/A2,net,pin
n_69010,g215499/A2,net,pin
n_69010,g215498/B1,net,pin
n_69010,g215497/B1,net,pin
n_69010,g215495/A1,net,pin
n_69010,drc_bufs12/A,net,pin
drc_buf_sp215496/Y,n_69010,pin,net
n_69011,u8_mem_reg\[0\]\[4\]/D,net,pin
g215495/Y,n_69011,pin,net
n_69012,u13_crac_dout_r_reg\[4\]/D,net,pin
g215497/Y,n_69012,pin,net
n_69013,u6_mem_reg\[3\]\[4\]/D,net,pin
g215498/Y,n_69013,pin,net
n_69014,u8_mem_reg\[2\]\[4\]/D,net,pin
g215499/Y,n_69014,pin,net
n_69015,u4_mem_reg\[0\]\[4\]/D,net,pin
g215500/Y,n_69015,pin,net
n_69016,u7_mem_reg\[2\]\[4\]/D,net,pin
g215501/Y,n_69016,pin,net
n_69017,u13_occ1_r_reg\[4\]/D,net,pin
g215502/Y,n_69017,pin,net
n_69018,u6_mem_reg\[0\]\[4\]/D,net,pin
g215503/Y,n_69018,pin,net
n_69019,u5_mem_reg\[0\]\[4\]/D,net,pin
g215504/Y,n_69019,pin,net
n_69020,u5_mem_reg\[1\]\[4\]/D,net,pin
g215505/Y,n_69020,pin,net
n_69021,u5_mem_reg\[2\]\[4\]/D,net,pin
g215506/Y,n_69021,pin,net
n_69022,u4_mem_reg\[3\]\[4\]/D,net,pin
g215507/Y,n_69022,pin,net
n_69023,u4_mem_reg\[2\]\[4\]/D,net,pin
g215508/Y,n_69023,pin,net
n_69024,u4_mem_reg\[1\]\[4\]/D,net,pin
g215509/Y,n_69024,pin,net
n_69025,g215512/B1,net,pin
n_69025,g215511/A1,net,pin
n_69025,g215510/A1,net,pin
drc_bufs12/Y,n_69025,pin,net
n_69026,u7_mem_reg\[3\]\[4\]/D,net,pin
g215510/Y,n_69026,pin,net
n_69027,u3_mem_reg\[3\]\[4\]/D,net,pin
g215511/Y,n_69027,pin,net
n_69028,u3_mem_reg\[1\]\[4\]/D,net,pin
g215512/Y,n_69028,pin,net
n_69029,u13_occ0_r_reg\[4\]/D,net,pin
g215513/Y,n_69029,pin,net
n_695,g178025/B,net,pin
n_695,g178024/A,net,pin
n_695,g176067/A,net,pin
n_695,g174906/A,net,pin
g159247/Y,n_695,pin,net
n_695,g159242/A,net,pin
n_695,g159055/A,net,pin
n_6956,g157075/B2,net,pin
n_6956,g157074/B1,net,pin
fopt163534/Y,n_6956,pin,net
g158902/Y,n_696,pin,net
n_696,g158834/A,net,pin
n_696,g158469/A,net,pin
n_6960,g184495/B2,net,pin
n_6960,g178130/A,net,pin
n_6960,g169957/A2,net,pin
g169951/Y,n_6960,pin,net
n_6960,g169950/A1,net,pin
n_6960,g169945/A2,net,pin
n_6960,g166501/B2,net,pin
n_6960,g166500/B2,net,pin
n_6960,g166497/B1,net,pin
n_6960,g166494/B1,net,pin
n_6960,g166492/B2,net,pin
n_6960,g166491/B2,net,pin
n_6960,g158038/A1,net,pin
n_6960,fopt163538/A,net,pin
n_6961,g436/B1,net,pin
n_6961,g181788/A1,net,pin
n_6961,g163720/B2,net,pin
n_6961,g158057/A2,net,pin
n_6961,g158045/A2,net,pin
n_6961,g158039/B1,net,pin
fopt163538/Y,n_6961,pin,net
n_6972,g180065/A2,net,pin
fopt163540/Y,n_6972,pin,net
n_69795,g276/B,net,pin
n_69795,g222986/B,net,pin
g216235/Y,n_69795,pin,net
n_69795,g173237/A1,net,pin
n_69795,g156760_169534/A,net,pin
n_69796,g276/A,net,pin
n_69796,g222986/A,net,pin
g216236/Y,n_69796,pin,net
n_69796,g169536/A,net,pin
n_69796,g156770_dup214508/A,net,pin
n_698,g207751/A,net,pin
n_698,g207750/A,net,pin
n_698,g202328/A1,net,pin
n_698,g202327/B1,net,pin
n_698,g193970/B,net,pin
n_698,g176943/A1,net,pin
n_698,g176460/B2,net,pin
fopt1385/Y,n_698,pin,net
g160091/Y,n_7,pin,net
n_7,g158142/B1,net,pin
n_70,g202360/B1,net,pin
g160083/Y,n_70,pin,net
g158963/Y,n_700,pin,net
n_700,g157589/B,net,pin
n_70038,g223598/A,net,pin
g216450/Y,n_70038,pin,net
n_70038,g216449/A,net,pin
n_70039,g216482/A2,net,pin
n_70039,g216481/A2,net,pin
n_70039,g216480/A2,net,pin
n_70039,g216479/A2,net,pin
n_70039,g216478/A2,net,pin
n_70039,g216477/B2,net,pin
n_70039,g216476/B2,net,pin
n_70039,g216475/A2,net,pin
n_70039,g216474/A2,net,pin
n_70039,g216473/A2,net,pin
n_70039,g216472/A2,net,pin
n_70039,g216471/A2,net,pin
n_70039,g216470/A2,net,pin
n_70039,g216469/A2,net,pin
n_70039,g216468/A2,net,pin
n_70039,g216467/A2,net,pin
g216449/Y,n_70039,pin,net
n_70039,g216448/A2,net,pin
n_70040,u6_mem_reg\[2\]\[4\]/D,net,pin
g216448/Y,n_70040,pin,net
n_70042,u6_mem_reg\[2\]\[18\]/D,net,pin
g216451/Y,n_70042,pin,net
n_70043,u6_mem_reg\[2\]\[14\]/D,net,pin
g216453/Y,n_70043,pin,net
n_70044,u6_mem_reg\[2\]\[23\]/D,net,pin
g216454/Y,n_70044,pin,net
n_70045,u6_mem_reg\[2\]\[28\]/D,net,pin
g216455/Y,n_70045,pin,net
n_70046,u6_mem_reg\[2\]\[5\]/D,net,pin
g216456/Y,n_70046,pin,net
n_70047,u6_mem_reg\[2\]\[27\]/D,net,pin
g216457/Y,n_70047,pin,net
n_70048,u6_mem_reg\[2\]\[25\]/D,net,pin
g216458/Y,n_70048,pin,net
n_70050,u6_mem_reg\[2\]\[30\]/D,net,pin
g216460/Y,n_70050,pin,net
n_70051,u6_mem_reg\[2\]\[21\]/D,net,pin
g216461/Y,n_70051,pin,net
n_70052,u6_mem_reg\[2\]\[24\]/D,net,pin
g216462/Y,n_70052,pin,net
n_70053,u6_mem_reg\[2\]\[20\]/D,net,pin
g216463/Y,n_70053,pin,net
n_70054,u6_mem_reg\[2\]\[15\]/D,net,pin
g216464/Y,n_70054,pin,net
n_70055,u6_mem_reg\[2\]\[19\]/D,net,pin
g216465/Y,n_70055,pin,net
n_70056,u6_mem_reg\[2\]\[0\]/D,net,pin
g216466/Y,n_70056,pin,net
n_70057,u6_mem_reg\[2\]\[10\]/D,net,pin
g216467/Y,n_70057,pin,net
n_70058,u6_mem_reg\[2\]\[2\]/D,net,pin
g216468/Y,n_70058,pin,net
n_70059,u6_mem_reg\[2\]\[8\]/D,net,pin
g216469/Y,n_70059,pin,net
n_70060,u6_mem_reg\[2\]\[16\]/D,net,pin
g216470/Y,n_70060,pin,net
n_70061,u6_mem_reg\[2\]\[9\]/D,net,pin
g216471/Y,n_70061,pin,net
n_70062,u6_mem_reg\[2\]\[3\]/D,net,pin
g216472/Y,n_70062,pin,net
n_70063,u6_mem_reg\[2\]\[29\]/D,net,pin
g216473/Y,n_70063,pin,net
n_70064,u6_mem_reg\[2\]\[26\]/D,net,pin
g216474/Y,n_70064,pin,net
n_70065,u6_mem_reg\[2\]\[6\]/D,net,pin
g216475/Y,n_70065,pin,net
n_70066,u6_mem_reg\[2\]\[12\]/D,net,pin
g216476/Y,n_70066,pin,net
n_70067,u6_mem_reg\[2\]\[31\]/D,net,pin
g216477/Y,n_70067,pin,net
n_70068,u6_mem_reg\[2\]\[13\]/D,net,pin
g216478/Y,n_70068,pin,net
n_70069,u6_mem_reg\[2\]\[7\]/D,net,pin
g216479/Y,n_70069,pin,net
n_70070,u6_mem_reg\[2\]\[11\]/D,net,pin
g216480/Y,n_70070,pin,net
n_70071,u6_mem_reg\[2\]\[17\]/D,net,pin
g216481/Y,n_70071,pin,net
n_70072,u6_mem_reg\[2\]\[22\]/D,net,pin
g216482/Y,n_70072,pin,net
g503/Y,n_70198,pin,net
n_70198,g501/A1,net,pin
n_70198,g170063/A1,net,pin
g502/Y,n_70199,pin,net
n_70199,g501/A2,net,pin
n_70199,g170063/A2,net,pin
g504/Y,n_70200,pin,net
n_70200,g501/B,net,pin
n_70201,u16_u5_dma_req_r1_reg/D,net,pin
g501/Y,n_70201,pin,net
n_70201,g176748/A,net,pin
g216620/Y,n_70240,pin,net
n_70240,g216619/A,net,pin
n_70241,g33/A,net,pin
n_70241,g32/B,net,pin
g216619/Y,n_70241,pin,net
n_70241,fopt184617/A,net,pin
n_703,u9_status_reg\[0\]/D,net,pin
g158946/Y,n_703,pin,net
n_70322,g219218/A1,net,pin
g216675/Y,n_70322,pin,net
n_70322,g216674/B,net,pin
n_70322,g196651/A1,net,pin
n_70322,g193148/A1,net,pin
n_70322,g170017/B,net,pin
n_70322,g169148/B,net,pin
n_70322,fopt8/A,net,pin
g216676/Y,n_70323,pin,net
n_70323,g216674/A,net,pin
g216674/Y,n_70324,pin,net
n_70324,g211698/B,net,pin
n_70324,g211697/B,net,pin
n_70324,g155530/A,net,pin
n_70324,g155050/B,net,pin
g216677/Y,n_70325,pin,net
n_70325,g193148/A2,net,pin
n_70325,g159088/A,net,pin
g216678/Y,n_70326,pin,net
n_70326,g192553/A,net,pin
n_70326,g189273/B,net,pin
n_70326,g166617/A2,net,pin
n_70326,g159836/A,net,pin
n_70326,g159301/B,net,pin
g216709/Y,n_70411,pin,net
n_70411,g216708/A,net,pin
n_70413,g216711/A,net,pin
g216708/Y,n_70413,pin,net
n_70413,g216707/B,net,pin
g216707/Y,n_70414,pin,net
n_70414,g194040/C,net,pin
g216711/Y,n_70415,pin,net
n_70415,g189101/A1,net,pin
n_70415,g154339__198418/A2,net,pin
n_70415,g154337__7098/A2,net,pin
n_705,g169976/B,net,pin
g159085/Y,n_705,pin,net
n_705,g158854/B,net,pin
n_706,g169975/A2,net,pin
g158854/Y,n_706,pin,net
n_70621,g218861/A,net,pin
g216873/Y,n_70621,pin,net
n_70621,g216872/B,net,pin
n_70621,g156773_dup165222_dup/A,net,pin
g216872/Y,n_70622,pin,net
n_70622,g214944/B2,net,pin
n_70622,g176438/B2,net,pin
n_70622,g172868/B2,net,pin
n_70622,g172840/B1,net,pin
n_70622,g172710/B2,net,pin
n_70622,g172635/B2,net,pin
n_70622,g172535/B2,net,pin
n_70622,g172533/B2,net,pin
n_70622,g172501/B2,net,pin
n_70622,g172475/B2,net,pin
n_70622,g172438/B2,net,pin
n_70622,g172340/B1,net,pin
n_70622,g172336/B2,net,pin
n_70622,g172332/B2,net,pin
n_70622,g172330/B1,net,pin
n_70622,g172326/B2,net,pin
n_70622,g155600/B2,net,pin
g216899/Y,n_70648,pin,net
n_70648,g216898/B,net,pin
n_70648,g155528/A,net,pin
n_70648,g155037/B,net,pin
g216898/Y,n_70649,pin,net
n_70649,g154731/A,net,pin
n_70649,g153835__6131/B1,net,pin
n_70649,g153833__178097/B1,net,pin
n_707,u11_status_reg\[0\]/D,net,pin
g158944/Y,n_707,pin,net
n_7082,g606/A2,net,pin
n_7082,g202338/A1,net,pin
n_7082,g200638/B1,net,pin
n_7082,g198086/A1,net,pin
n_7082,g181767/A2,net,pin
n_7082,g178128/B2,net,pin
n_7082,g177859/B1,net,pin
n_7082,g173316/B2,net,pin
n_7082,g172003/A2,net,pin
g163643/Y,n_7082,pin,net
n_7082,g158052/B2,net,pin
n_7082,g158044/B2,net,pin
n_7082,g158040/B2,net,pin
n_7082,g158036/B2,net,pin
n_7082,g156986/A1,net,pin
n_7082,g156983/A1,net,pin
n_7082,g156982/A1,net,pin
n_7083,g436/A1,net,pin
n_7083,g181788/B1,net,pin
n_7083,g171441/B1,net,pin
n_7083,g171437/B1,net,pin
n_7083,g170002/A1,net,pin
g163644/Y,n_7083,pin,net
n_7083,g163172/B2,net,pin
n_7083,g158045/B2,net,pin
n_7083,g156984/A1,net,pin
g164316/Y,n_7084,pin,net
n_7084,g163319/A,net,pin
n_7084,g158842/A,net,pin
n_7084,g158057/B2,net,pin
n_7084,g157327_dup/A,net,pin
n_7084,g156981/A1,net,pin
g163646/Y,n_7086,pin,net
n_7086,g158293/A,net,pin
g163647/Y,n_7087,pin,net
n_7087,g110/C,net,pin
g8_dup217131/Y,n_70885,pin,net
n_70885,g217133/B1,net,pin
n_70885,g214503/B2,net,pin
n_70885,g212889/A1,net,pin
n_70885,g201227/B2,net,pin
n_70885,g201223/A2,net,pin
n_70885,g201220/A1,net,pin
n_70885,g201217/A2,net,pin
n_70885,g201213/A1,net,pin
n_70885,g180358/B,net,pin
n_70885,g145/B1,net,pin
g217133/Y,n_70886,pin,net
n_70886,g217132/A,net,pin
g217132/Y,n_70887,pin,net
n_70887,g157763/A,net,pin
n_70887,g157637/B,net,pin
n_70887,g157318/A2,net,pin
n_7089,g163706/C,net,pin
g163649/Y,n_7089,pin,net
n_709,g185962/A,net,pin
g158302/Y,n_709,pin,net
g159427/Y,n_71,pin,net
n_71,g158103/B1,net,pin
n_710,g175375/A,net,pin
g158303/Y,n_710,pin,net
g158894/Y,n_713,pin,net
n_713,g158832/A,net,pin
n_713,g158464/B,net,pin
n_7132,g199212/B,net,pin
g163689/Y,n_7132,pin,net
n_71350,g217531/A,net,pin
n_71350,g200217/A,net,pin
g157/Y,n_71350,pin,net
n_71351,g217531/B,net,pin
n_71351,g200217/B,net,pin
g158/Y,n_71351,pin,net
g217531/Y,n_71352,pin,net
n_71352,g168951/A2,net,pin
n_71352,g157639/A,net,pin
n_71390,u4_rp_reg\[0\]/SE,net,pin
n_71390,g217565/A1,net,pin
g217560/Y,n_71390,pin,net
n_71390,g188043/B,net,pin
n_71391,g233/A2,net,pin
n_71391,g217565/A2,net,pin
n_71391,g217563/A,net,pin
g217561/Y,n_71391,pin,net
n_71392,g217565/B2,net,pin
g217562/Y,n_71392,pin,net
n_71392,g212655/B,net,pin
n_71392,g200652/B,net,pin
n_71392,g181281/B,net,pin
n_71392,g178143/B,net,pin
n_71393,u4_status_reg\[0\]/D,net,pin
n_71393,g217565/B1,net,pin
g217563/Y,n_71393,pin,net
g217565/Y,n_71394,pin,net
n_71394,g217564/B,net,pin
g217564/Y,n_71395,pin,net
n_71395,g212653/A,net,pin
g158832/Y,n_714,pin,net
n_714,g158018/B,net,pin
n_7152,g176677/C,net,pin
g163706/Y,n_7152,pin,net
g163720/Y,n_7167,pin,net
n_7167,g156158/C,net,pin
g163721/Y,n_7168,pin,net
n_7168,g156706/C,net,pin
n_7169,g164308/C,net,pin
g163722/Y,n_7169,pin,net
g163723/Y,n_7170,pin,net
n_7170,g157075/A2,net,pin
n_7170,g157074/A2,net,pin
g163724/Y,n_7171,pin,net
n_7171,g157185/B,net,pin
g163725/Y,n_7172,pin,net
n_7172,g156707/C,net,pin
g163726/Y,n_7173,pin,net
n_7173,g157184/B,net,pin
n_7174,g199213/B,net,pin
g163727/Y,n_7174,pin,net
n_7175,g164348/B,net,pin
g163728/Y,n_7175,pin,net
g163729/Y,n_7176,pin,net
n_7176,g157183/B,net,pin
n_719,g175898/A1,net,pin
g158848/Y,n_719,pin,net
n_7195,g169965/B,net,pin
n_7195,g163746/A,net,pin
g163703_dup/Y,n_7195,pin,net
n_7196,g166526/C,net,pin
n_7196,g166520/C,net,pin
g163746/Y,n_7196,pin,net
n_7196,g158963/A,net,pin
n_7196,g157299/B,net,pin
n_71971,g218109/A1,net,pin
g218106/Y,n_71971,pin,net
n_71971,g186129/A,net,pin
n_71971,g186126/A1,net,pin
n_71971,g186125/A2,net,pin
n_71971,g186124/A2,net,pin
n_71971,g186123/B2,net,pin
n_71971,g186122/B2,net,pin
n_71971,g186121/A2,net,pin
n_71971,g186120/B1,net,pin
n_71971,g186118/A2,net,pin
n_71972,g49/A1,net,pin
n_71972,g37/A2,net,pin
n_71972,g218109/B1,net,pin
g218107/Y,n_71972,pin,net
n_71972,g200276/B2,net,pin
n_71972,g192552/B2,net,pin
n_71972,g192019/B2,net,pin
n_71972,g191423/A2,net,pin
n_71972,g186126/B2,net,pin
n_71972,g186125/B2,net,pin
n_71972,g186124/B2,net,pin
n_71972,g186118/B2,net,pin
n_71972,g183903/A2,net,pin
n_71972,g183511/A1,net,pin
n_71972,g176067/B,net,pin
n_71972,g163890/B1,net,pin
n_71972,g163888/B2,net,pin
n_71972,g159266/A,net,pin
n_71972,g159055/B,net,pin
n_71972,g158901/A,net,pin
n_71972,g158796/B2,net,pin
n_71972,g158795/B2,net,pin
n_71972,g158789/B2,net,pin
n_71972,g158725/B1,net,pin
n_71972,g158713/B1,net,pin
n_71972,g158611/A2,net,pin
g218109/Y,n_71973,pin,net
n_71973,g218108/B,net,pin
g218108/Y,n_71974,pin,net
n_71974,g174910/B,net,pin
n_71974,g174906/B,net,pin
g159477/Y,n_72,pin,net
n_72,g158038/A2,net,pin
n_720,g175898/A2,net,pin
g158847/Y,n_720,pin,net
g163752/Y,n_7202,pin,net
n_7202,g156132/C,net,pin
n_7204,g171440/D,net,pin
g163754/Y,n_7204,pin,net
n_72057,g8_dup217131/A,net,pin
g218176/Y,n_72057,pin,net
n_72057,g207595/A,net,pin
n_72057,fopt218179/A,net,pin
n_72058,g218184/B,net,pin
n_72058,g218183/A1,net,pin
n_72058,g218180/B,net,pin
n_72058,g218178/A,net,pin
fopt218179/Y,n_72058,pin,net
n_72059,g218182/B,net,pin
n_72059,g218181/B,net,pin
g218178/Y,n_72059,pin,net
n_72059,g153971__218177/A2,net,pin
g163756/Y,n_7206,pin,net
n_7206,g156146/C,net,pin
g218180/Y,n_72060,pin,net
n_72060,g153971__218177/B1,net,pin
n_72061,u8_rp_reg\[2\]/D,net,pin
g153971__218177/Y,n_72061,pin,net
g218181/Y,n_72062,pin,net
n_72062,g171521/A1,net,pin
g218182/Y,n_72063,pin,net
n_72063,g171521/A2,net,pin
g218184/Y,n_72064,pin,net
n_72064,g218183/B,net,pin
n_72065,g329/B,net,pin
n_72065,g224455/A1,net,pin
g218183/Y,n_72065,pin,net
n_7207,g171438/C,net,pin
g163757/Y,n_7207,pin,net
g163758/Y,n_7208,pin,net
n_7208,g156144/C,net,pin
g279/Y,n_72081,pin,net
n_72081,g275/A,net,pin
g278/Y,n_72082,pin,net
n_72082,g275/B,net,pin
g275/Y,n_72083,pin,net
n_72083,g218198/A1,net,pin
g276/Y,n_72084,pin,net
n_72084,g218198/A2,net,pin
n_72084,g212247/B2,net,pin
n_72084,g197522/B2,net,pin
n_72084,g197487/B2,net,pin
n_72084,g176537/B2,net,pin
n_72084,g173519/B2,net,pin
n_72084,g173515/B2,net,pin
n_72084,g173513/B2,net,pin
n_72084,g173512/B2,net,pin
n_72087,u6_wp_reg\[2\]/D,net,pin
g218198/Y,n_72087,pin,net
g163759/Y,n_7209,pin,net
n_7209,g156143/C,net,pin
g163762/Y,n_7212,pin,net
n_7212,g156139/C,net,pin
g163764/Y,n_7215,pin,net
n_7215,g156137/C,net,pin
g163765/Y,n_7216,pin,net
n_7216,g156147/C,net,pin
g163767/Y,n_7218,pin,net
n_7218,g156710/B,net,pin
g163768/Y,n_7219,pin,net
n_7219,g156126/A,net,pin
n_7221,u12_i3_re_reg/D,net,pin
g163770/Y,n_7221,pin,net
g163771/Y,n_7222,pin,net
n_7222,g156158/A,net,pin
g163774/Y,n_7225,pin,net
n_7225,g155577/B,net,pin
n_7226,u12_wb_data_o_reg\[30\]/D,net,pin
g163775/Y,n_7226,pin,net
n_7227,u12_wb_data_o_reg\[29\]/D,net,pin
g163776/Y,n_7227,pin,net
g218314/Y,n_72307,pin,net
n_72307,g218313/A1,net,pin
n_72308,u8_dout_reg\[19\]/D,net,pin
g218313/Y,n_72308,pin,net
n_7231,g184582/B,net,pin
g159185_dup163779/Y,n_7231,pin,net
g138/Y,n_7249,pin,net
n_7249,g137/A1,net,pin
n_725,g164096/A2,net,pin
g159993/Y,n_725,pin,net
n_725,g154376__189849/A1,net,pin
n_725,g154370__189852/A1,net,pin
n_725,g153975__213703/A2,net,pin
n_7251,u5_dout_reg\[12\]/D,net,pin
g137/Y,n_7251,pin,net
g586/Y,n_7270,pin,net
n_7270,g189841/A1,net,pin
g160049/Y,n_728,pin,net
n_728,g159000/A2,net,pin
n_728,g158992/A2,net,pin
g1811/Y,n_7285,pin,net
n_7285,g1809/A2,net,pin
n_7288,u5_dout_reg\[6\]/D,net,pin
g1809/Y,n_7288,pin,net
g158992/Y,n_729,pin,net
n_729,g158530/B,net,pin
n_72908,g88/B2,net,pin
g218861/Y,n_72908,pin,net
n_72908,g218860/A1,net,pin
n_72908,g197679/B2,net,pin
n_72908,g197613/B2,net,pin
n_72908,g197567/B2,net,pin
n_72908,g197482/B2,net,pin
n_72908,g166783/B2,net,pin
n_72909,u8_wp_reg\[2\]/D,net,pin
g218860/Y,n_72909,pin,net
n_73,g182846/D,net,pin
g159620/Y,n_73,pin,net
n_73,g159619/A,net,pin
n_73,g158302/A3,net,pin
n_7308,u5_dout_reg\[7\]/D,net,pin
g73/Y,n_7308,pin,net
n_73154,g224209/A,net,pin
g219093/Y,n_73154,pin,net
n_73154,g188953/A,net,pin
n_73154,g176676/A,net,pin
n_73169,g219104/B,net,pin
g219102/Y,n_73169,pin,net
n_73169,g189855/A2,net,pin
g219105/Y,n_73170,pin,net
n_73170,g219104/A,net,pin
g219106/Y,n_73171,pin,net
n_73171,g219104/C,net,pin
g219107/Y,n_73172,pin,net
n_73172,g219104/D,net,pin
g219104/Y,n_73173,pin,net
n_73173,g219103/A1,net,pin
n_73174,u5_dout_reg\[18\]/D,net,pin
g219103/Y,n_73174,pin,net
n_73175,g219110/A,net,pin
g219108/Y,n_73175,pin,net
n_73175,g207385/A,net,pin
n_73175,g202678/B2,net,pin
n_73175,g202677/B2,net,pin
n_73175,g202676/B2,net,pin
n_73175,g202675/B2,net,pin
n_73175,g202673/B2,net,pin
n_73175,g189140/B,net,pin
g219110/Y,n_73176,pin,net
n_73176,g219109/B,net,pin
g219109/Y,n_73177,pin,net
n_73177,g212429/A,net,pin
n_7319,g154393__1617/A2,net,pin
n_7319,g154391__1705/A1,net,pin
fopt163801/Y,n_7319,pin,net
n_73300,g223689/A,net,pin
n_73300,g219220/A,net,pin
g219218/Y,n_73300,pin,net
n_73300,g154776/A,net,pin
n_73300,g154231/B,net,pin
n_73300,g154230/B,net,pin
n_73300,g154189__2802/A,net,pin
n_73301,g219231/A,net,pin
n_73301,g219230/B,net,pin
n_73301,g219226/A,net,pin
n_73301,g219224/B,net,pin
n_73301,g219222/A,net,pin
g219220/Y,n_73301,pin,net
n_73301,g154233__219223/A,net,pin
n_73301,g153890__219221/B1,net,pin
n_73301,g153889__219219/B1,net,pin
n_73301,g153595__219229/A1,net,pin
n_73301,g153594__219232/A1,net,pin
n_73301,g153593__219227/B2,net,pin
n_73301,g153592__219228/B2,net,pin
n_73302,u8_dout_reg\[0\]/D,net,pin
g153889__219219/Y,n_73302,pin,net
n_73303,u8_dout_reg\[1\]/D,net,pin
g153890__219221/Y,n_73303,pin,net
g219222/Y,n_73304,pin,net
n_73304,g154120__4319/C,net,pin
g154233__219223/Y,n_73305,pin,net
n_73305,g154121__171814/C,net,pin
g219224/Y,n_73306,pin,net
n_73306,g104/C,net,pin
g219226/Y,n_73307,pin,net
n_73307,g153844__219225/A2,net,pin
n_73308,u8_dout_reg\[14\]/D,net,pin
g153844__219225/Y,n_73308,pin,net
n_73309,u8_dout_reg\[6\]/D,net,pin
g153593__219227/Y,n_73309,pin,net
n_73310,u8_dout_reg\[7\]/D,net,pin
g153592__219228/Y,n_73310,pin,net
n_73311,u8_dout_reg\[4\]/D,net,pin
g153595__219229/Y,n_73311,pin,net
g219230/Y,n_73312,pin,net
n_73312,g164106/C,net,pin
g219231/Y,n_73313,pin,net
n_73313,g153845__200405/A1,net,pin
n_73314,u8_dout_reg\[5\]/D,net,pin
g153594__219232/Y,n_73314,pin,net
g163815/Y,n_7335,pin,net
n_7335,g154317__201203/A2,net,pin
n_73388,u8_mem_reg\[1\]\[9\]/D,net,pin
g219293/Y,n_73388,pin,net
g219307/Y,n_73399,pin,net
n_73399,g219306/A2,net,pin
n_73399,g196753/A2,net,pin
n_73399,g191981/B2,net,pin
n_73399,g191978/A2,net,pin
n_73399,g191971/B2,net,pin
n_73399,g191970/B2,net,pin
n_73399,g166125/B2,net,pin
n_73399,g165833/B2,net,pin
n_73400,u8_mem_reg\[1\]\[18\]/D,net,pin
g219306/Y,n_73400,pin,net
g158895/Y,n_736,pin,net
n_736,g158833/A,net,pin
n_736,g157583/A1,net,pin
g158833/Y,n_737,pin,net
n_737,g157583/B1,net,pin
g219877/Y,n_73996,pin,net
n_73996,g219876/A1,net,pin
n_73996,g210439/B1,net,pin
n_73996,g200143/B1,net,pin
n_73996,g197608/A1,net,pin
n_73996,g184886/A1,net,pin
n_73996,g178287/A2,net,pin
n_73996,g167864/A1,net,pin
n_73996,g165902/A2,net,pin
n_73996,g165898/A2,net,pin
n_73996,g165884/A2,net,pin
n_73997,g89/A2,net,pin
g219878/Y,n_73997,pin,net
n_73997,g219876/A2,net,pin
n_73997,g219306/B2,net,pin
n_73997,g197738/A2,net,pin
n_73997,g196753/B2,net,pin
n_73997,g176607/A2,net,pin
n_73997,g171397/A2,net,pin
n_73997,g171394/A2,net,pin
n_73997,g171085/B2,net,pin
n_73997,g170754/A2,net,pin
n_73997,g170748/A2,net,pin
n_73997,g170740/A2,net,pin
n_73997,g166125/A2,net,pin
n_73997,g166099/A2,net,pin
n_73997,g165999/A2,net,pin
n_73997,g165833/A2,net,pin
n_73999,u8_mem_reg\[1\]\[21\]/D,net,pin
g219876/Y,n_73999,pin,net
g159436/Y,n_74,pin,net
n_74,g158108/B1,net,pin
g163886/Y,n_7408,pin,net
n_7408,g154318__186128/A1,net,pin
g163888/Y,n_7410,pin,net
n_7410,g157947/B,net,pin
g163890/Y,n_7411,pin,net
n_7411,g157907/A,net,pin
n_7414,g79/A2,net,pin
n_7414,g181979/A2,net,pin
g163893/Y,n_7414,pin,net
n_7417,g173053/A,net,pin
g163896/Y,n_7417,pin,net
n_7418,g196697/A,net,pin
g163897/Y,n_7418,pin,net
n_742,g173027/B,net,pin
g158819/Y,n_742,pin,net
g463/Y,n_7426,pin,net
n_7426,g185120/C,net,pin
g756/Y,n_7430,pin,net
n_7430,g194437/B1,net,pin
n_744,g175618/B,net,pin
g159000/Y,n_744,pin,net
g676/Y,n_7442,pin,net
n_7442,g199221/A1,net,pin
n_7442,g189103/C2,net,pin
n_7442,g189100/C2,net,pin
g2351/Y,n_7486,pin,net
n_7486,g2349/A1,net,pin
n_7491,u3_dout_reg\[6\]/D,net,pin
g2349/Y,n_7491,pin,net
g159514/Y,n_75,pin,net
n_75,g157561/A1,net,pin
n_7500,u11_mem_reg\[3\]\[7\]/D,net,pin
g263/Y,n_7500,pin,net
n_7501,u11_mem_reg\[1\]\[7\]/D,net,pin
g264/Y,n_7501,pin,net
n_7502,g185119/C,net,pin
g163907/Y,n_7502,pin,net
g163909/Y,n_7510,pin,net
n_7510,g163908/B,net,pin
g163908/Y,n_7511,pin,net
n_7511,g153675__171918/A1,net,pin
g163910/Y,n_7514,pin,net
n_7514,g105/C,net,pin
n_752,g175104/B,net,pin
g158803/Y,n_752,pin,net
g163917/Y,n_7522,pin,net
n_7522,g163916/B,net,pin
g163916/Y,n_7523,pin,net
n_7523,g157078/B,net,pin
n_7524,g439/B,net,pin
g163919/Y,n_7524,pin,net
g163921/Y,n_7526,pin,net
n_7526,g163920/C,net,pin
n_7527,u3_dout_reg\[7\]/D,net,pin
g163920/Y,n_7527,pin,net
n_7538,g187623/B,net,pin
g163923/Y,n_7538,pin,net
g163929/Y,n_7541,pin,net
n_7541,g157978/B,net,pin
g163930/Y,n_7542,pin,net
n_7542,g157970/B,net,pin
g163931/Y,n_7543,pin,net
n_7543,g157971/B,net,pin
n_7544,g177284/A2,net,pin
g163932/Y,n_7544,pin,net
n_7544,g158231/A,net,pin
n_7562,g83/A2,net,pin
g163947/Y,n_7562,pin,net
n_7562,g162680/B2,net,pin
g83/Y,n_7563,pin,net
n_7563,g158227/B,net,pin
g163948/Y,n_7564,pin,net
n_7564,g159065/B,net,pin
n_7564,fopt60/A,net,pin
n_7564,fopt200277/A,net,pin
n_7564,fopt200240/A,net,pin
g52/Y,n_7567,pin,net
n_7567,g194060/A,net,pin
n_7567,g159073/B,net,pin
g310/Y,n_7569,pin,net
n_7569,g199219/C,net,pin
n_7570,g157477/A,net,pin
g125/Y,n_7570,pin,net
n_7570,g124/A,net,pin
n_7571,g154324__6417/A1,net,pin
g124/Y,n_7571,pin,net
n_7571,g123/B2,net,pin
n_7572,g153599__2346/B2,net,pin
g123/Y,n_7572,pin,net
g221582/Y,n_75733,pin,net
n_75733,g221581/A1,net,pin
n_75733,g212603/A1,net,pin
n_75733,g195072/B1,net,pin
n_75733,g176438/A1,net,pin
n_75733,g169540/A1,net,pin
n_75733,g168495/A1,net,pin
n_75733,g167911/A1,net,pin
n_75733,g166533/A1,net,pin
n_75733,g166532/A2,net,pin
n_75733,g166526/A,net,pin
n_75733,g164250/B,net,pin
n_75733,g164246_dup/A,net,pin
n_75733,g155759/A2,net,pin
n_75733,g100/C,net,pin
n_75733,fopt185622/A,net,pin
g221583/Y,n_75734,pin,net
n_75734,g221581/A2,net,pin
n_75734,g219293/A2,net,pin
n_75734,g214948/B2,net,pin
n_75734,g213856/A2,net,pin
n_75734,g199410/A2,net,pin
n_75734,g191982/A1,net,pin
n_75734,g191981/A1,net,pin
n_75734,g191980/A2,net,pin
n_75734,g191978/B2,net,pin
n_75734,g191977/B2,net,pin
n_75734,g191976/B2,net,pin
n_75734,g191975/B2,net,pin
n_75734,g191974/B2,net,pin
n_75734,g191973/B2,net,pin
n_75734,g191971/A2,net,pin
n_75734,g191970/A2,net,pin
g221584/Y,n_75735,pin,net
n_75735,g221581/B2,net,pin
n_75735,g219876/B2,net,pin
n_75735,g219293/B2,net,pin
n_75735,g197738/B2,net,pin
n_75735,g191980/B2,net,pin
n_75735,g176607/B2,net,pin
n_75735,g170748/B2,net,pin
n_75735,g170740/B2,net,pin
n_75736,u8_mem_reg\[1\]\[0\]/D,net,pin
g221581/Y,n_75736,pin,net
g221643/Y,n_75792,pin,net
n_75792,g221642/A,net,pin
g221644/Y,n_75793,pin,net
n_75793,g221642/B,net,pin
g221645/Y,n_75794,pin,net
n_75794,g221642/C,net,pin
n_75795,u3_empty_reg/D,net,pin
g221642/Y,n_75795,pin,net
n_7582,u14_u6_en_out_l2_reg/D,net,pin
n_7582,g172013/B,net,pin
fopt163956/Y,n_7582,pin,net
n_7586,g185127/C,net,pin
g128/Y,n_7586,pin,net
n_7588,g185129/A1,net,pin
g162/Y,n_7588,pin,net
n_7589,g185129/C,net,pin
g163/Y,n_7589,pin,net
n_759,g164213/B,net,pin
n_759,g164212/B,net,pin
g158786/Y,n_759,pin,net
g692/Y,n_7597,pin,net
n_7597,g177081/B2,net,pin
n_76,g166485/A1,net,pin
g159403/Y,n_76,pin,net
g221873/Y,n_76054,pin,net
n_76054,g221872/A,net,pin
n_76054,g211606/A,net,pin
n_76054,g193485/C,net,pin
n_76054,g156172/B,net,pin
g221874/Y,n_76055,pin,net
n_76055,g221872/B,net,pin
n_76055,g193486/B2,net,pin
n_76056,u26_ps_cnt_reg\[0\]/D,net,pin
g221872/Y,n_76056,pin,net
n_761,g164102/B,net,pin
g158784/Y,n_761,pin,net
g273/Y,n_7641,pin,net
n_7641,g182616/A2,net,pin
n_7653,g199621/B,net,pin
n_7653,g199173/A,net,pin
fopt163967/Y,n_7653,pin,net
n_7656,g193854/B2,net,pin
n_7656,g158466/A,net,pin
n_7656,g153974__6783/A2,net,pin
fopt163968/Y,n_7656,pin,net
n_7665,g94/A1,net,pin
n_7665,g207000/A1,net,pin
n_7665,g183923/A2,net,pin
n_7665,g1811/B,net,pin
g1365/Y,n_7665,pin,net
n_7667,g1359/B,net,pin
fopt163976/Y,n_7667,pin,net
n_7668,g205417/A,net,pin
n_7668,g159239/A,net,pin
n_7668,g159072/B,net,pin
n_7668,g159064/B,net,pin
g1359/Y,n_7668,pin,net
n_7668,fopt1385/A,net,pin
n_7671,g189005/A,net,pin
n_7671,g175149/A,net,pin
n_7671,g159997/A,net,pin
n_7671,fopt163978/A,net,pin
fopt1378/Y,n_7671,pin,net
n_7671,fopt1377/A,net,pin
n_7672,g98/A,net,pin
n_7672,g202328/B1,net,pin
n_7672,g202327/A1,net,pin
n_7672,g193969/A,net,pin
fopt1377/Y,n_7672,pin,net
n_7673,g202327/A2,net,pin
g1369/Y,n_7673,pin,net
n_7676,g202328/B2,net,pin
g1368/Y,n_7676,pin,net
n_76763,g224480/B1,net,pin
n_76763,g224479/B1,net,pin
n_76763,g224478/B1,net,pin
n_76763,g224477/B2,net,pin
n_76763,g224476/A1,net,pin
n_76763,g224475/B1,net,pin
n_76763,g224474/B2,net,pin
n_76763,g224473/B2,net,pin
n_76763,g224472/B1,net,pin
n_76763,g224471/B1,net,pin
n_76763,g224465/B2,net,pin
n_76763,g224464/B2,net,pin
n_76763,g224461/B1,net,pin
g222524/Y,n_76763,pin,net
n_76763,g222523/A2,net,pin
n_76763,g198593/A,net,pin
n_76763,g198590/A1,net,pin
n_76763,g198582/B,net,pin
n_76763,g198580/B1,net,pin
n_76763,g198579/A1,net,pin
n_76763,g198574/B1,net,pin
n_76763,g198572/A2,net,pin
n_76763,g198570/A2,net,pin
g222523/Y,n_76764,pin,net
n_76764,g212713/B,net,pin
n_76778,u6_mem_reg\[3\]\[2\]/D,net,pin
g222537/Y,n_76778,pin,net
n_7689,g189855/A1,net,pin
g1360/Y,n_7689,pin,net
n_769,g164005/B,net,pin
g158775/Y,n_769,pin,net
g48/Y,n_7691,pin,net
n_7691,g43/A,net,pin
g47/Y,n_7692,pin,net
n_7692,g43/B,net,pin
n_7692,g174613/B,net,pin
g45/Y,n_7693,pin,net
n_7693,g43/C,net,pin
n_7693,g174613/A,net,pin
g43/Y,n_7694,pin,net
n_7694,g182067/B,net,pin
g46/Y,n_7695,pin,net
n_7695,g175347/A,net,pin
n_76986,u6_mem_reg\[3\]\[6\]/D,net,pin
g222740/Y,n_76986,pin,net
g23/Y,n_7712,pin,net
n_7712,g224740/A,net,pin
g222986/Y,n_77233,pin,net
n_77233,g222985/A2,net,pin
n_77233,g222740/A2,net,pin
n_77233,g222537/A2,net,pin
n_77233,g215498/A2,net,pin
n_77233,g213855/A2,net,pin
n_77233,g209203/A2,net,pin
n_77233,g208588/A2,net,pin
n_77233,g199637/A2,net,pin
n_77233,g196865/A2,net,pin
n_77233,g195965/A2,net,pin
n_77233,g195458/A2,net,pin
n_77233,g195072/A2,net,pin
n_77233,g195068/A2,net,pin
n_77233,g195063/A2,net,pin
n_77233,g195056/A2,net,pin
n_77233,g176269/B2,net,pin
n_77233,g166878/B2,net,pin
n_77234,u6_mem_reg\[3\]\[12\]/D,net,pin
g222985/Y,n_77234,pin,net
n_7725,g185125/C,net,pin
g163987/Y,n_7725,pin,net
n_7735,g179295/C,net,pin
g163992/Y,n_7735,pin,net
g223142/Y,n_77396,pin,net
n_77396,g223141/A2,net,pin
g223141/Y,n_77397,pin,net
n_77397,g157015/D,net,pin
g223143/Y,n_77398,pin,net
n_77398,g207843/A2,net,pin
n_77398,g180534/A2,net,pin
n_77398,g170084/A2,net,pin
n_77398,g158128/A1,net,pin
n_77398,g158117/A2,net,pin
n_77398,g158115/A2,net,pin
n_77398,g158095/A1,net,pin
n_77398,g158093/A2,net,pin
g105/Y,n_7743,pin,net
n_7743,g104/A1,net,pin
n_7744,u8_dout_reg\[17\]/D,net,pin
g104/Y,n_7744,pin,net
n_775,g182657/B,net,pin
g158768/Y,n_775,pin,net
n_7753,g164007/A,net,pin
n_7753,g164006/A,net,pin
g164005/Y,n_7753,pin,net
n_7753,g164004/A,net,pin
g164004/Y,n_7754,pin,net
n_7754,g154383__4733/A1,net,pin
n_7754,g154106__6260/A1,net,pin
n_7755,g176923/A,net,pin
g164006/Y,n_7755,pin,net
n_7756,g188044/A1,net,pin
g164007/Y,n_7756,pin,net
n_7766,g217564/A2,net,pin
n_7766,g185112/B,net,pin
n_7766,g178142/B,net,pin
g164013/Y,n_7766,pin,net
n_7766,g159674/A,net,pin
n_7766,g1300/A1,net,pin
n_7772,g212238/A,net,pin
n_7772,g193870/A1,net,pin
n_7772,g193869/B1,net,pin
n_7772,g193863/A2,net,pin
n_7772,g169959/B,net,pin
g1306/Y,n_7772,pin,net
g223450/Y,n_77796,pin,net
n_77796,g223449/B2,net,pin
n_77796,g189097/B,net,pin
n_77796,g173089/A,net,pin
n_77796,g173086/B,net,pin
n_77796,fopt173087/A,net,pin
g223449/Y,n_77797,pin,net
n_77797,g167685/B2,net,pin
n_77797,g167684/A2,net,pin
n_77797,g167682/A,net,pin
n_778,g169382/A,net,pin
g157865/Y,n_778,pin,net
n_7781,g678/B,net,pin
n_7781,g212242/B,net,pin
n_7781,g1282/B,net,pin
fopt1322/Y,n_7781,pin,net
n_77853,g224741/B,net,pin
n_77853,g224481/B1,net,pin
n_77853,g224470/B2,net,pin
n_77853,g224469/B1,net,pin
n_77853,g224468/B1,net,pin
n_77853,g224467/B2,net,pin
n_77853,g224466/B1,net,pin
n_77853,g224463/B1,net,pin
g223484/Y,n_77853,pin,net
n_77853,g216709/A1,net,pin
n_77853,g211398/A2,net,pin
n_77853,g199218/A1,net,pin
n_77853,g197695/A2,net,pin
n_77853,g197647/A2,net,pin
n_77853,g188350/A1,net,pin
n_77853,g181507/A1,net,pin
n_77853,g173927/A1,net,pin
n_77853,g169156/A1,net,pin
n_77853,g167537/A1,net,pin
n_77853,g167533/A2,net,pin
n_77853,g167520/A2,net,pin
n_77853,g167355/A,net,pin
n_77853,g159/B2,net,pin
g223485/Y,n_77855,pin,net
n_77855,g189103/A1,net,pin
n_7788,g185115/C,net,pin
g1282/Y,n_7788,pin,net
n_77964,g253/D,net,pin
g223535/Y,n_77964,pin,net
n_77964,g199220/A2,net,pin
n_7800,g185125/B,net,pin
g1287/Y,n_7800,pin,net
g223555/Y,n_78002,pin,net
n_78002,g205517/B,net,pin
n_78002,g144/B,net,pin
n_7803,g154724/A,net,pin
n_7803,g154184__193872/B,net,pin
n_7803,g153760__193866/B2,net,pin
g1300/Y,n_7803,pin,net
g223595/Y,n_78040,pin,net
n_78040,g157094/D,net,pin
n_78040,g154339__198418/A1,net,pin
n_78041,g224210/B,net,pin
g223596/Y,n_78041,pin,net
n_78041,g216707/A,net,pin
n_78041,g197063/B,net,pin
n_78041,g188953/B,net,pin
n_78041,g188677/B,net,pin
n_78041,g181510/A,net,pin
n_78041,g177859/A2,net,pin
n_78041,g167895/B1,net,pin
n_78041,g157659/B,net,pin
n_78041,g157495/A,net,pin
n_78041,g157493/B,net,pin
n_78041,fopt176671/A,net,pin
g223598/Y,n_78042,pin,net
n_78042,g223597/A2,net,pin
n_78042,g216466/A2,net,pin
n_78042,g216465/A2,net,pin
n_78042,g216464/A2,net,pin
n_78042,g216463/A2,net,pin
n_78042,g216462/A2,net,pin
n_78042,g216461/A2,net,pin
n_78042,g216460/B2,net,pin
n_78042,g216458/B2,net,pin
n_78042,g216457/B2,net,pin
n_78042,g216456/A2,net,pin
n_78042,g216455/A2,net,pin
n_78042,g216454/A2,net,pin
n_78042,g216453/A2,net,pin
n_78042,g216451/A2,net,pin
g223599/Y,n_78043,pin,net
n_78043,g223597/B1,net,pin
n_78043,g216482/B2,net,pin
n_78043,g216481/B2,net,pin
n_78043,g216480/B2,net,pin
n_78043,g216479/B2,net,pin
n_78043,g216478/B2,net,pin
n_78043,g216477/A1,net,pin
n_78043,g216476/A1,net,pin
n_78043,g216475/B2,net,pin
n_78043,g216474/B2,net,pin
n_78043,g216473/B2,net,pin
n_78043,g216472/B2,net,pin
n_78043,g216471/B2,net,pin
n_78043,g216470/B2,net,pin
n_78043,g216469/B2,net,pin
n_78043,g216468/B2,net,pin
n_78043,g216467/B2,net,pin
n_78043,g216466/B2,net,pin
n_78043,g216465/B2,net,pin
n_78043,g216464/B2,net,pin
n_78043,g216463/B2,net,pin
n_78043,g216462/B2,net,pin
n_78043,g216461/B2,net,pin
n_78043,g216460/A1,net,pin
n_78043,g216458/A1,net,pin
n_78043,g216457/A1,net,pin
n_78043,g216456/B2,net,pin
n_78043,g216455/B2,net,pin
n_78043,g216454/B2,net,pin
n_78043,g216453/B2,net,pin
n_78043,g216451/B2,net,pin
n_78043,g216448/B2,net,pin
g223600/Y,n_78044,pin,net
n_78044,g223597/B2,net,pin
n_78044,g184878/A1,net,pin
n_78044,g178273/A2,net,pin
n_78044,g172114/B2,net,pin
n_78044,g169254/A1,net,pin
n_78044,g167860/A2,net,pin
n_78044,g166520/B,net,pin
n_78044,g166505/A2,net,pin
n_78044,g166504/A2,net,pin
n_78045,u6_mem_reg\[2\]\[1\]/D,net,pin
g223597/Y,n_78045,pin,net
n_7806,g157139/C,net,pin
n_7806,g154106__6260/A2,net,pin
g1292/Y,n_7806,pin,net
n_78094,g224524/B,net,pin
n_78094,g224522/B,net,pin
g223648/Y,n_78094,pin,net
n_78094,g206953/A,net,pin
n_78094,g200639/B,net,pin
n_78094,g193875/A,net,pin
n_78094,g193873/A,net,pin
n_78094,g178049/B,net,pin
n_78094,g12/A,net,pin
n_78134,g329/A,net,pin
g223681/Y,n_78134,pin,net
g223683/Y,n_78135,pin,net
n_78135,g218180/A,net,pin
n_78135,g175310/B,net,pin
n_78135,g171526/B,net,pin
n_78137,g223689/B,net,pin
n_78137,g223687/A2,net,pin
n_78137,g153871__223685/A2,net,pin
fopt223686/Y,n_78137,pin,net
g223688/Y,n_78138,pin,net
n_78138,g223687/B,net,pin
g223687/Y,n_78139,pin,net
n_78139,g153871__223685/B,net,pin
g223689/Y,n_78140,pin,net
n_78140,g153871__223685/C,net,pin
n_78141,u8_rp_reg\[1\]/D,net,pin
g153871__223685/Y,n_78141,pin,net
g223714/Y,n_78164,pin,net
n_78164,g223713/A,net,pin
g223713/Y,n_78166,pin,net
n_78166,g223712/B,net,pin
g223712/Y,n_78167,pin,net
n_78167,g218198/B,net,pin
n_782,g181574/A,net,pin
g158758/Y,n_782,pin,net
n_78273,g223812/A2,net,pin
g223809/Y,n_78273,pin,net
n_78273,g223555/B2,net,pin
n_78273,g212080/B2,net,pin
n_78273,g201226/B2,net,pin
n_78273,g201222/B1,net,pin
n_78273,g201216/B1,net,pin
n_78273,g201214/B1,net,pin
n_78273,g201211/B1,net,pin
n_78273,g201210/B2,net,pin
n_78273,g201209/B1,net,pin
n_78273,g201208/B1,net,pin
n_78273,g175904/B2,net,pin
n_78273,g169184/B1,net,pin
n_78273,g169182/B,net,pin
n_78273,g169180/B2,net,pin
n_78273,g169176/B1,net,pin
n_78273,g169171/A,net,pin
n_78273,g169170/B1,net,pin
n_78273,g169169/B2,net,pin
n_78273,g169164/B1,net,pin
n_78273,g169163/A2,net,pin
n_78273,g157/A2,net,pin
n_78273,g154/A2,net,pin
n_78273,fopt169162/A,net,pin
n_78274,g223812/B1,net,pin
g223810/Y,n_78274,pin,net
n_78274,g223555/A2,net,pin
n_78274,g212080/A2,net,pin
n_78274,g207598/B1,net,pin
n_78274,g191894/B1,net,pin
n_78274,g180359/B,net,pin
n_78274,g177066/A1,net,pin
n_78274,g169184/A1,net,pin
n_78274,g169180/A2,net,pin
n_78274,g169176/A1,net,pin
n_78274,g169170/A1,net,pin
n_78274,g169169/A2,net,pin
n_78274,g169164/A1,net,pin
n_78274,g169163/B2,net,pin
n_78274,g163932/B2,net,pin
n_78274,g163931/B2,net,pin
n_78274,g163930/B1,net,pin
n_78274,g163929/B1,net,pin
n_78274,g163923/B2,net,pin
n_78274,g163815/A,net,pin
n_78274,g158/B2,net,pin
n_78274,g154/B2,net,pin
g223812/Y,n_78275,pin,net
n_78275,g223811/B,net,pin
g223811/Y,n_78276,pin,net
n_78276,g192383/B,net,pin
n_78276,fopt192379/A,net,pin
g223943/Y,n_78410,pin,net
n_78410,g223942/A2,net,pin
n_78410,g214943/A2,net,pin
n_78410,g181642/A1,net,pin
n_78410,g169555/A2,net,pin
n_78410,g169553/A2,net,pin
n_78410,g169552/A2,net,pin
n_78410,g169551/A2,net,pin
n_78410,g169550/A1,net,pin
n_78410,g169549/A2,net,pin
n_78410,g169548/A2,net,pin
n_78410,g169546/A2,net,pin
n_78410,g169545/A2,net,pin
n_78410,g169544/A2,net,pin
n_78410,g169543/A2,net,pin
n_78410,g169542/A2,net,pin
n_78410,g169541/A2,net,pin
n_78410,g169540/A2,net,pin
n_78411,u6_mem_reg\[1\]\[25\]/D,net,pin
g223942/Y,n_78411,pin,net
n_7859,g163910/A,net,pin
fopt164030/Y,n_7859,pin,net
g159147/Y,n_786,pin,net
n_786,g153397__1881/A2,net,pin
g224147/Y,n_78621,pin,net
n_78621,g224146/A2,net,pin
n_78621,g210458/A2,net,pin
n_78621,g210032/A2,net,pin
n_78621,g209881/A2,net,pin
n_78621,g209875/A2,net,pin
n_78621,g209819/A2,net,pin
n_78621,g209813/A2,net,pin
n_78621,g209807/A2,net,pin
n_78621,g209805/A2,net,pin
n_78621,g209803/A2,net,pin
n_78621,g209801/A2,net,pin
n_78621,g208465/A2,net,pin
n_78621,g200520/A2,net,pin
n_78621,g197155/A2,net,pin
n_78621,g195169/A2,net,pin
n_78621,g153859__4319/B2,net,pin
n_78622,u10_mem_reg\[1\]\[5\]/D,net,pin
g224146/Y,n_78622,pin,net
n_7863,g176460/B1,net,pin
n_7863,g153891__176455/A1,net,pin
n_7863,fopt176458/A,net,pin
fopt164034/Y,n_7863,pin,net
n_78683,g224631/B,net,pin
g224208/Y,n_78683,pin,net
n_78684,g224631/A,net,pin
g224209/Y,n_78684,pin,net
n_78685,g224631/D,net,pin
g224210/Y,n_78685,pin,net
n_78686,g224631/C,net,pin
g224211/Y,n_78686,pin,net
n_7869,g212933/B,net,pin
n_7869,g173876/B1,net,pin
n_7869,fopt173873/A,net,pin
fopt164037/Y,n_7869,pin,net
n_7872,g212377/A,net,pin
n_7872,g202448/A,net,pin
g164038/Y,n_7872,pin,net
n_7872,fopt212932/A,net,pin
g164047/Y,n_7881,pin,net
n_7881,g157991/B,net,pin
n_78810,g676/A,net,pin
n_78810,g310/A1,net,pin
g224333/Y,n_78810,pin,net
n_78810,g224209/B,net,pin
n_78810,g188957/B,net,pin
n_78810,g188672/A,net,pin
n_78810,g183377/B,net,pin
n_78810,g181402/A,net,pin
n_78810,g180428/B,net,pin
n_78810,g18/A,net,pin
n_78810,g173925/B,net,pin
n_78810,g171451/A,net,pin
n_78810,g157529/A,net,pin
n_78810,g157525/A,net,pin
n_78810,g157516/B,net,pin
n_78810,g154849/A1,net,pin
g224335/Y,n_78813,pin,net
n_78813,g153635__188335/A2,net,pin
n_7883,g199240/B,net,pin
g164049/Y,n_7883,pin,net
n_7888,g223810/B,net,pin
g164055/Y,n_7888,pin,net
n_78930,g8_dup217131/B,net,pin
n_78930,g224456/A2,net,pin
n_78930,fopt224454/A,net,pin
fopt224452/Y,n_78930,pin,net
n_78931,g224456/B2,net,pin
g224453/Y,n_78931,pin,net
n_78931,g223681/A,net,pin
n_78931,g173655/A,net,pin
n_78931,g157197/A,net,pin
n_78931,g157196/A,net,pin
n_78931,g157115/D,net,pin
n_78931,g156870/B1,net,pin
n_78932,g224456/B1,net,pin
n_78932,g223688/A,net,pin
n_78932,g223683/A,net,pin
n_78932,g223681/B,net,pin
fopt224454/Y,n_78932,pin,net
n_78932,fopt223686/A,net,pin
n_78933,g224458/A,net,pin
n_78933,g224457/B2,net,pin
g224456/Y,n_78933,pin,net
n_78933,g224455/A2,net,pin
n_78934,u22_int_set_reg\[2\]/D,net,pin
g224455/Y,n_78934,pin,net
n_78935,u8_status_reg\[0\]/D,net,pin
g224458/Y,n_78935,pin,net
n_78935,g224457/A1,net,pin
g224457/Y,n_78936,pin,net
n_78936,g171528/B,net,pin
n_78937,g224462/B,net,pin
n_78937,g223484/B,net,pin
fopt224459/Y,n_78937,pin,net
n_78937,fopt173083/A,net,pin
n_78938,g23/A,net,pin
n_78938,g224462/A,net,pin
n_78938,g222524/B,net,pin
fopt224460/Y,n_78938,pin,net
n_78938,fopt173235/A,net,pin
n_78939,g224481/A1,net,pin
n_78939,g224480/A1,net,pin
n_78939,g224479/A2,net,pin
n_78939,g224478/A2,net,pin
n_78939,g224477/A1,net,pin
n_78939,g224476/B1,net,pin
n_78939,g224475/A1,net,pin
n_78939,g224474/A1,net,pin
n_78939,g224473/A2,net,pin
n_78939,g224472/A1,net,pin
n_78939,g224471/A1,net,pin
n_78939,g224470/A2,net,pin
n_78939,g224469/A2,net,pin
n_78939,g224468/A2,net,pin
n_78939,g224467/A1,net,pin
n_78939,g224466/A2,net,pin
n_78939,g224465/A1,net,pin
n_78939,g224464/A1,net,pin
n_78939,g224463/A2,net,pin
g224462/Y,n_78939,pin,net
n_78939,g224461/A1,net,pin
g224461/Y,n_78940,pin,net
n_78940,g186487/A,net,pin
g224463/Y,n_78941,pin,net
n_78941,g223535/A2,net,pin
n_78941,g223485/B,net,pin
g224464/Y,n_78942,pin,net
n_78942,g216708/B,net,pin
g224465/Y,n_78943,pin,net
n_78943,g181479/A,net,pin
g224466/Y,n_78944,pin,net
n_78944,g188460/B,net,pin
g224467/Y,n_78945,pin,net
n_78945,g186474/A,net,pin
g224468/Y,n_78946,pin,net
n_78946,g223595/A2,net,pin
n_78946,g192139/A,net,pin
g224469/Y,n_78947,pin,net
n_78947,g189125/A,net,pin
n_78947,g189123/B,net,pin
n_78948,g224755/B,net,pin
g224470/Y,n_78948,pin,net
g224471/Y,n_78949,pin,net
n_78949,g189113/A,net,pin
g224472/Y,n_78950,pin,net
n_78950,g181512/A,net,pin
g224473/Y,n_78951,pin,net
n_78951,g188349/B,net,pin
g224474/Y,n_78952,pin,net
n_78952,g180354/B,net,pin
g224475/Y,n_78953,pin,net
n_78953,g188533/A,net,pin
g224476/Y,n_78954,pin,net
n_78954,g219093/A,net,pin
g224477/Y,n_78955,pin,net
n_78955,g197061/A,net,pin
g224478/Y,n_78956,pin,net
n_78956,g183946/A,net,pin
g224479/Y,n_78957,pin,net
n_78957,g197943/B,net,pin
n_78957,g188352/B,net,pin
g224480/Y,n_78958,pin,net
n_78958,g199216/A,net,pin
g224481/Y,n_78959,pin,net
n_78959,g212713/A,net,pin
g160095/Y,n_79,pin,net
n_79,g158113/B2,net,pin
n_79016,g224573/B,net,pin
g224522/Y,n_79016,pin,net
n_79017,g224573/A,net,pin
g224523/Y,n_79017,pin,net
g224524/Y,n_79019,pin,net
n_79019,g181792/A,net,pin
n_79019,fopt162437/A,net,pin
g224573/Y,n_79103,pin,net
n_79103,g224572/B,net,pin
n_79103,g189837/B,net,pin
n_79104,g73/A2,net,pin
n_79104,g471/A2,net,pin
g224572/Y,n_79104,pin,net
n_79104,g219103/A2,net,pin
n_79104,g202330/A,net,pin
n_79104,g194437/A1,net,pin
n_79104,g1809/B1,net,pin
n_79104,g177081/A1,net,pin
n_79104,g175/A1,net,pin
n_79104,g164104/A2,net,pin
n_79104,g164094/B1,net,pin
n_79104,g153579__213705/A2,net,pin
n_79104,g137/A2,net,pin
g224631/Y,n_79167,pin,net
n_79167,g224630/A1,net,pin
n_79168,u6_dout_reg\[13\]/D,net,pin
g224630/Y,n_79168,pin,net
g224639/Y,n_79175,pin,net
n_79175,g224638/A,net,pin
g224638/Y,n_79176,pin,net
n_79176,g184219/B,net,pin
g224640/Y,n_79177,pin,net
n_79177,g184025/A2,net,pin
g224642/Y,n_79178,pin,net
n_79178,g224641/A1,net,pin
n_79178,g217133/A1,net,pin
n_79178,g214503/A1,net,pin
n_79178,g212889/B1,net,pin
n_79178,g201227/A2,net,pin
n_79178,g201226/A1,net,pin
n_79178,g201225/A1,net,pin
n_79178,g201223/B1,net,pin
n_79178,g201222/A1,net,pin
n_79178,g201220/B1,net,pin
n_79178,g201217/B1,net,pin
n_79178,g201216/A1,net,pin
n_79178,g201215/B,net,pin
n_79178,g201214/A1,net,pin
n_79178,g201213/B1,net,pin
n_79178,g201211/A1,net,pin
n_79178,g201210/A1,net,pin
n_79178,g201209/A1,net,pin
n_79178,g201208/A1,net,pin
n_79178,g201204/A,net,pin
n_79178,g157/B1,net,pin
n_79178,g145/A1,net,pin
g224641/Y,n_79179,pin,net
n_79179,g223811/A,net,pin
n_79192,g224654/A,net,pin
g224652/Y,n_79192,pin,net
n_79192,g224651/A,net,pin
n_79192,g188463/B,net,pin
n_79192,g166610/A2,net,pin
n_79193,g224658/A,net,pin
g224651/Y,n_79193,pin,net
n_79193,g177282/A2,net,pin
n_79193,g168615/A2,net,pin
n_79193,g166571/B1,net,pin
n_79193,g159958/A,net,pin
n_79193,g157646/A,net,pin
n_79194,g224662/A,net,pin
n_79194,g224656/B,net,pin
n_79194,g224655/A,net,pin
g224654/Y,n_79194,pin,net
n_79194,g224653/B,net,pin
n_79194,g154366__224661/A1,net,pin
n_79194,g154363__224660/A1,net,pin
n_79194,g154362__224659/A1,net,pin
g224653/Y,n_79195,pin,net
n_79195,g153890__219221/A2,net,pin
n_79195,g153889__219219/A1,net,pin
g224655/Y,n_79196,pin,net
n_79196,g153842__8246/A2,net,pin
n_79196,g153841__191897/A2,net,pin
g224656/Y,n_79197,pin,net
n_79197,g218314/A,net,pin
n_79197,g154368__5526/A1,net,pin
n_79198,g224667/B2,net,pin
n_79198,g224666/A1,net,pin
n_79198,g224665/A,net,pin
n_79198,g224664/A,net,pin
n_79198,g224663/A,net,pin
g224658/Y,n_79198,pin,net
n_79198,g154364__224657/A1,net,pin
n_79199,g164106/B,net,pin
g154364__224657/Y,n_79199,pin,net
g154362__224659/Y,n_79200,pin,net
n_79200,g153844__219225/C,net,pin
g154363__224660/Y,n_79201,pin,net
n_79201,g153845__200405/C,net,pin
g154366__224661/Y,n_79202,pin,net
n_79202,g104/B,net,pin
g224662/Y,n_79203,pin,net
n_79203,g168946/A,net,pin
n_79203,g157643/A,net,pin
n_79203,g157630/B,net,pin
n_79204,u8_rp_reg\[0\]/D,net,pin
g224663/Y,n_79204,pin,net
n_79204,g153971__218177/B2,net,pin
g224664/Y,n_79205,pin,net
n_79205,g184025/A1,net,pin
g224665/Y,n_79206,pin,net
n_79206,g163910/B,net,pin
g224666/Y,n_79207,pin,net
n_79207,g164106/A1,net,pin
g224667/Y,n_79208,pin,net
n_79208,g153592__219228/A2,net,pin
n_7927,g164219/C,net,pin
g164088/Y,n_7927,pin,net
n_79305,g310/B1,net,pin
n_79305,g224743/A2,net,pin
g224740/Y,n_79305,pin,net
n_79305,g224208/A2,net,pin
n_79305,g189110/A1,net,pin
n_79305,g188958/A2,net,pin
n_79305,g183378/A2,net,pin
n_79305,g176065/A1,net,pin
n_79305,g158180/A1,net,pin
n_79305,g158179/A2,net,pin
n_79305,g158177/A2,net,pin
n_79305,g158174/A1,net,pin
n_79305,g158171/A2,net,pin
n_79306,g310/C1,net,pin
n_79306,g224743/B1,net,pin
g224741/Y,n_79306,pin,net
n_79306,g224208/B2,net,pin
n_79306,g189110/B2,net,pin
n_79306,g188958/B2,net,pin
n_79306,g183378/B2,net,pin
n_79306,g176065/B2,net,pin
n_79306,g158180/B2,net,pin
n_79306,g158179/B2,net,pin
n_79306,g158177/B2,net,pin
n_79306,g158174/B2,net,pin
n_79306,g158171/B2,net,pin
g224743/Y,n_79307,pin,net
n_79307,g224742/C,net,pin
g224742/Y,n_79308,pin,net
n_79308,g179295/A1,net,pin
g224755/Y,n_79326,pin,net
n_79326,g187014/A,net,pin
n_79326,g18/B,net,pin
n_79327,g224335/B,net,pin
g18/Y,n_79327,pin,net
g164096/Y,n_7939,pin,net
n_7939,g164094/A2,net,pin
g583/Y,n_7941,pin,net
n_7941,g164094/B2,net,pin
n_7942,u5_dout_reg\[14\]/D,net,pin
g164094/Y,n_7942,pin,net
g158738/Y,n_798,pin,net
n_798,g157913/B,net,pin
n_7990,g197106/A,net,pin
n_7990,g187550/A2,net,pin
g164102/Y,n_7990,pin,net
g77/Y,n_7994,pin,net
n_7994,g76/A1,net,pin
n_7995,u5_dout_reg\[9\]/D,net,pin
g76/Y,n_7995,pin,net
n_7997,u5_dout_reg\[13\]/D,net,pin
g164104/Y,n_7997,pin,net
n_79971,g219293/A1,net,pin
n_79971,g195458/B1,net,pin
n_79971,g186023/A2,net,pin
n_79971,g184896/A1,net,pin
n_79971,g170378/B1,net,pin
n_79971,g168487/A1,net,pin
n_79971,g165593/A2,net,pin
n_79971,g165587/A2,net,pin
n_79971,g155736/A1,net,pin
drc_buf_sp225155/Y,n_79971,pin,net
n_79972,g216471/B1,net,pin
n_79972,g212618/A1,net,pin
n_79972,g187726/A1,net,pin
n_79972,g167922/A1,net,pin
n_79972,g165591/A2,net,pin
n_79972,g165577/A2,net,pin
n_79972,g165574/A2,net,pin
n_79972,g155768/A2,net,pin
drc_buf_sp225156/Y,n_79972,pin,net
drc_buf_sp225157/Y,n_79973,pin,net
n_79973,drc_buf_sp225156/A,net,pin
n_79973,drc_buf_sp225155/A,net,pin
n_7999,u8_dout_reg\[16\]/D,net,pin
g164106/Y,n_7999,pin,net
n_8,g198600/B,net,pin
g175593/Y,n_8,pin,net
n_8,g158114/B2,net,pin
drc_bufs164354/Y,n_80,pin,net
n_80,drc_bufs164353/A,net,pin
g164112/Y,n_8005,pin,net
n_8005,g164111/C,net,pin
n_8006,u3_dout_reg\[11\]/D,net,pin
g164111/Y,n_8006,pin,net
g164114/Y,n_8007,pin,net
n_8007,g164113/C,net,pin
n_8008,u3_dout_reg\[10\]/D,net,pin
g164113/Y,n_8008,pin,net
n_801,g177292/A,net,pin
g158734/Y,n_801,pin,net
g94/Y,n_8012,pin,net
n_8012,g93/A1,net,pin
n_8013,u5_dout_reg\[8\]/D,net,pin
g93/Y,n_8013,pin,net
n_805,g168800/B,net,pin
g158728/Y,n_805,pin,net
n_806,u2_bit_clk_r1_reg/D,net,pin
n_806,u2_bit_clk_e_reg/D,net,pin
g159086/Y,n_806,pin,net
n_81,g166620/A2,net,pin
g159393/Y,n_81,pin,net
n_811,g194049/B,net,pin
n_811,g194048/B,net,pin
g158721/Y,n_811,pin,net
n_8111,g188048/B1,net,pin
g164212/Y,n_8111,pin,net
n_8112,g193870/A2,net,pin
g164213/Y,n_8112,pin,net
n_8112,g153879__193871/A1,net,pin
n_8113,g456/C2,net,pin
n_8113,g199344/A1,net,pin
n_8113,g188049/C2,net,pin
n_8113,g188048/B2,net,pin
n_8113,g188047/A1,net,pin
n_8113,g188044/B2,net,pin
g178143/Y,n_8113,pin,net
n_8113,g177868/A,net,pin
n_8113,g169219/B,net,pin
n_8113,g157144/A2,net,pin
n_8113,g157139/A1,net,pin
g164219/Y,n_8117,pin,net
n_8117,g164218/A1,net,pin
g164220/Y,n_8118,pin,net
n_8118,g164218/C,net,pin
n_8119,u3_dout_reg\[13\]/D,net,pin
g164218/Y,n_8119,pin,net
g63/Y,n_8123,pin,net
n_8123,g62/B,net,pin
g62/Y,n_8124,pin,net
n_8124,g184613/A1,net,pin
g64/Y,n_8128,pin,net
n_8128,g157015/B,net,pin
n_8173,g487/A1,net,pin
n_8173,g434/A1,net,pin
n_8173,g200638/A2,net,pin
n_8173,g198086/B2,net,pin
n_8173,g164244/A,net,pin
g164241/Y,n_8173,pin,net
n_8173,g163768/B1,net,pin
n_8173,g157223/A,net,pin
n_8173,g157221/B,net,pin
n_8173,g157220/B,net,pin
n_8173,g157215/A,net,pin
n_8173,g157214/B,net,pin
n_8173,g157212/B,net,pin
n_8173,g157073/B1,net,pin
n_8173,g156981/B2,net,pin
n_8174,g606/B1,net,pin
n_8174,g202338/B2,net,pin
n_8174,g181767/B1,net,pin
n_8174,g172003/B1,net,pin
n_8174,g171441/A2,net,pin
n_8174,g171437/A2,net,pin
n_8174,g170002/B2,net,pin
g164243/Y,n_8174,pin,net
n_8174,g163706/B2,net,pin
n_8174,g157275/A,net,pin
n_8174,g157270/A,net,pin
n_8174,g157224/A,net,pin
n_8174,g156986/B2,net,pin
n_8174,g156984/B2,net,pin
n_8174,g156983/B2,net,pin
n_8174,g156982/B2,net,pin
n_8174,g110/A1,net,pin
g164244/Y,n_8175,pin,net
n_8175,g163776/B1,net,pin
n_8175,g163775/B1,net,pin
n_8175,g157774/B,net,pin
n_8177,g184873/A,net,pin
n_8177,g179815/A,net,pin
g16/Y,n_8177,pin,net
g55/Y,n_8183,pin,net
n_8183,g164288/B,net,pin
g60/Y,n_8186,pin,net
n_8186,g59/A,net,pin
n_8186,g181760/A,net,pin
n_8186,g168835/A,net,pin
n_8186,g166617/B2,net,pin
n_8186,g159873/A,net,pin
n_8186,g157293/B,net,pin
n_8186,g156701/C,net,pin
g56/Y,n_8189,pin,net
n_8189,g164251/B,net,pin
g164250/Y,n_8191,pin,net
n_8191,g164248/B,net,pin
n_8192,u13_icc_r_reg\[0\]/D,net,pin
g164248/Y,n_8192,pin,net
n_8212,g200639/A,net,pin
n_8212,g178128/A2,net,pin
n_8212,g177859/A1,net,pin
n_8212,g173316/A2,net,pin
g164265/Y,n_8212,pin,net
n_8212,g158052/A2,net,pin
n_8212,g158044/A2,net,pin
n_8212,g158040/A2,net,pin
n_8212,g158036/A2,net,pin
n_8212,fopt163540/A,net,pin
n_8212,fopt163534/A,net,pin
g78/Y,n_8220,pin,net
n_8220,g176228/A,net,pin
n_8228,g20/A,net,pin
g164274/Y,n_8228,pin,net
n_8232,g7/A,net,pin
n_8232,g6/B,net,pin
n_8232,g164279/B,net,pin
g164277/Y,n_8232,pin,net
n_8234,g31/A,net,pin
g164280/Y,n_8234,pin,net
n_8234,g164279/A,net,pin
n_8235,g487/C2,net,pin
n_8235,g451/A1,net,pin
n_8235,g434/B2,net,pin
n_8235,g429/A1,net,pin
n_8235,g174/A1,net,pin
n_8235,g170001/B2,net,pin
g164279/Y,n_8235,pin,net
n_8235,g163762/B2,net,pin
n_8235,g163759/B2,net,pin
n_8235,g163758/B2,net,pin
n_8235,g163757/B2,net,pin
n_8235,g163756/B2,net,pin
n_8235,g163754/B2,net,pin
n_8235,g163752/B2,net,pin
g31/Y,n_8236,pin,net
n_8236,g180292/A,net,pin
g96/Y,n_8238,pin,net
n_8238,g166608/B,net,pin
n_8238,g164351/C,net,pin
g92/Y,n_8242,pin,net
n_8242,g155577/C,net,pin
g164286/Y,n_8246,pin,net
n_8246,g157559/B,net,pin
n_8247,g169257/B,net,pin
n_8247,g164326/A,net,pin
g164288/Y,n_8247,pin,net
n_8247,g163689/B1,net,pin
g451/Y,n_8248,pin,net
n_8248,g448/A,net,pin
n_8251,u12_wb_data_o_reg\[13\]/D,net,pin
g448/Y,n_8251,pin,net
g429/Y,n_8252,pin,net
n_8252,g426/A,net,pin
n_8255,u12_wb_data_o_reg\[5\]/D,net,pin
g426/Y,n_8255,pin,net
n_8256,g184582/D,net,pin
n_8256,g169965/C,net,pin
n_8256,g165213/B,net,pin
n_8256,g164351/B,net,pin
g164289/Y,n_8256,pin,net
n_8256,g163746/B,net,pin
n_8262,g25/A,net,pin
n_8262,g165213/C,net,pin
g164296/Y,n_8262,pin,net
g164307/Y,n_8278,pin,net
n_8278,g164306/A,net,pin
g164308/Y,n_8279,pin,net
n_8279,g164306/B,net,pin
n_8280,u12_wb_data_o_reg\[27\]/D,net,pin
g164306/Y,n_8280,pin,net
g24/Y,n_8296,pin,net
n_8296,g166481/A,net,pin
n_8299,g184582/C,net,pin
g164320/Y,n_8299,pin,net
n_8299,g164319/A,net,pin
n_83,g181707/B,net,pin
n_83,drc_bufs164577/A,net,pin
drc_bufs164423/Y,n_83,pin,net
g164319/Y,n_8301,pin,net
n_8301,g164243/A,net,pin
n_8301,g164241/A,net,pin
n_8306,g179853/B,net,pin
n_8306,g172267/B,net,pin
g164326/Y,n_8306,pin,net
n_8306,g156980/B,net,pin
n_8306,g156979/B,net,pin
n_8306,g156978/B,net,pin
n_8306,g156977/B,net,pin
n_8306,g156976/B,net,pin
n_8306,g156975/B,net,pin
n_8306,g156968/B,net,pin
n_8306,g156963/B,net,pin
n_8306,g156962/B,net,pin
n_8306,g156958/B,net,pin
n_8306,g156957/B,net,pin
n_8306,g156945/B,net,pin
n_8306,g156944/B,net,pin
n_8306,g156943/B,net,pin
n_8306,g156942/B,net,pin
n_8306,g156941/B,net,pin
n_8306,g156938/B,net,pin
n_8306,g156937/B,net,pin
n_8306,g156936/B,net,pin
n_8306,fopt191858/A,net,pin
g164328/Y,n_8307,pin,net
n_8307,g164327/A,net,pin
n_8308,g169951/A,net,pin
g164327/Y,n_8308,pin,net
n_8308,g164265/A,net,pin
n_8309,g164334/A,net,pin
g164330/Y,n_8309,pin,net
n_8311,g182605/A,net,pin
n_8311,g176228/B,net,pin
g164332/Y,n_8311,pin,net
n_8313,g166238/A,net,pin
g164334/Y,n_8313,pin,net
n_8313,g164277/A,net,pin
g164336/Y,n_8314,pin,net
n_8314,g164335/B,net,pin
n_8315,g7/B,net,pin
n_8315,g6/A,net,pin
n_8315,g166238/B,net,pin
g164335/Y,n_8315,pin,net
g164337/Y,n_8319,pin,net
n_8319,g164319/B,net,pin
g164340/Y,n_8320,pin,net
n_8320,g164339/A,net,pin
g164339/Y,n_8321,pin,net
n_8321,g164316/A,net,pin
n_8321,g163644/A,net,pin
n_8321,g163643/A,net,pin
g164348/Y,n_8332,pin,net
n_8332,g164347/A,net,pin
n_8333,u12_wb_data_o_reg\[28\]/D,net,pin
g164347/Y,n_8333,pin,net
n_8334,g28/A,net,pin
n_8334,g169965/A,net,pin
g164350/Y,n_8334,pin,net
g28/Y,n_8336,pin,net
n_8336,g157299/C,net,pin
g164352/Y,n_8337,pin,net
n_8337,g164351/A,net,pin
n_8338,g92/B2,net,pin
n_8338,g487/B2,net,pin
n_8338,g451/B1,net,pin
n_8338,g434/C2,net,pin
g164351/Y,n_8338,pin,net
n_8338,g163754/A2,net,pin
n_8338,g163752/A2,net,pin
n_8338,g163729/B,net,pin
n_8338,g163728/B,net,pin
n_8338,g163727/B,net,pin
n_8338,g163726/B,net,pin
n_8338,g163725/B,net,pin
n_8338,g163724/B,net,pin
n_8338,g163723/A,net,pin
n_8338,g163722/A,net,pin
n_8338,g163721/A,net,pin
n_8338,g163720/A2,net,pin
g6/Y,n_8339,pin,net
n_8339,g5/A,net,pin
g5/Y,n_8340,pin,net
n_8340,g199213/A2,net,pin
n_8340,g164307/A1,net,pin
n_8340,g157185/A2,net,pin
n_8340,g157184/A2,net,pin
n_8340,g157183/A2,net,pin
n_8340,g157166/A2,net,pin
n_8340,g157164/A2,net,pin
n_8340,g157163/A1,net,pin
g7/Y,n_8341,pin,net
n_8341,g202337/B2,net,pin
n_8341,g176679/B,net,pin
n_8341,g163776/A1,net,pin
n_8341,g163775/A1,net,pin
n_8341,g163774/A1,net,pin
n_8341,g163771/B,net,pin
n_8341,g163770/A,net,pin
n_8341,g163768/A1,net,pin
n_8341,g163767/A,net,pin
n_8341,g163765/B2,net,pin
n_8341,g163764/B2,net,pin
n_8341,g112/A,net,pin
n_8351,drc_bufs164536/A,net,pin
drc_bufs164361/Y,n_8351,pin,net
n_8354,drc_bufs164560/A,net,pin
drc_bufs164364/Y,n_8354,pin,net
n_8357,drc_bufs164539/A,net,pin
drc_bufs164367/Y,n_8357,pin,net
n_8360,drc_bufs164548/A,net,pin
drc_bufs164370/Y,n_8360,pin,net
n_8363,drc_bufs164563/A,net,pin
drc_bufs164373/Y,n_8363,pin,net
n_8366,drc_bufs164566/A,net,pin
drc_bufs164376/Y,n_8366,pin,net
n_8369,drc_bufs164542/A,net,pin
drc_bufs164379/Y,n_8369,pin,net
n_8372,drc_bufs164545/A,net,pin
drc_bufs164382/Y,n_8372,pin,net
n_8375,drc_bufs164551/A,net,pin
drc_bufs164385/Y,n_8375,pin,net
n_8378,drc_bufs164554/A,net,pin
drc_bufs164388/Y,n_8378,pin,net
g160084/Y,n_84,pin,net
n_84,g158101/A2,net,pin
n_842,g756/A2,net,pin
n_842,g692/A2,net,pin
g159985/Y,n_842,pin,net
n_842,g154372__189851/A2,net,pin
n_8443,drc_bufs164572/A,net,pin
drc_bufs164453/Y,n_8443,pin,net
n_8446,drc_bufs164557/A,net,pin
drc_bufs164456/Y,n_8446,pin,net
n_8449,drc_bufs164590/A,net,pin
drc_bufs164459/Y,n_8449,pin,net
n_8452,drc_bufs164596/A,net,pin
drc_bufs164462/Y,n_8452,pin,net
drc_bufs164470/Y,n_8464,pin,net
n_8464,drc_bufs164469/A,net,pin
drc_bufs164473/Y,n_8469,pin,net
n_8469,drc_bufs164472/A,net,pin
drc_bufs164476/Y,n_8474,pin,net
n_8474,drc_bufs164475/A,net,pin
drc_bufs164479/Y,n_8479,pin,net
n_8479,drc_bufs164478/A,net,pin
drc_bufs164482/Y,n_8484,pin,net
n_8484,drc_bufs164481/A,net,pin
drc_bufs164485/Y,n_8489,pin,net
n_8489,drc_bufs164484/A,net,pin
drc_bufs164488/Y,n_8494,pin,net
n_8494,drc_bufs164487/A,net,pin
drc_bufs164491/Y,n_8499,pin,net
n_8499,drc_bufs164490/A,net,pin
drc_bufs164494/Y,n_8504,pin,net
n_8504,drc_bufs164493/A,net,pin
drc_bufs164497/Y,n_8509,pin,net
n_8509,drc_bufs164496/A,net,pin
drc_bufs164500/Y,n_8514,pin,net
n_8514,drc_bufs164499/A,net,pin
drc_bufs164503/Y,n_8519,pin,net
n_8519,drc_bufs164502/A,net,pin
drc_bufs164506/Y,n_8524,pin,net
n_8524,drc_bufs164505/A,net,pin
drc_bufs164509/Y,n_8529,pin,net
n_8529,drc_bufs164508/A,net,pin
drc_bufs164512/Y,n_8534,pin,net
n_8534,drc_bufs164511/A,net,pin
drc_bufs164515/Y,n_8539,pin,net
n_8539,drc_bufs164514/A,net,pin
drc_bufs164518/Y,n_8544,pin,net
n_8544,drc_bufs164517/A,net,pin
drc_bufs164521/Y,n_8549,pin,net
n_8549,drc_bufs164520/A,net,pin
drc_bufs164524/Y,n_8554,pin,net
n_8554,drc_bufs164523/A,net,pin
drc_bufs164527/Y,n_8559,pin,net
n_8559,drc_bufs164526/A,net,pin
drc_bufs164530/Y,n_8564,pin,net
n_8564,drc_bufs164529/A,net,pin
drc_bufs164533/Y,n_8569,pin,net
n_8569,drc_bufs164532/A,net,pin
drc_bufs164536/Y,n_8574,pin,net
n_8574,drc_bufs164535/A,net,pin
drc_bufs164539/Y,n_8579,pin,net
n_8579,drc_bufs164538/A,net,pin
drc_bufs164542/Y,n_8584,pin,net
n_8584,drc_bufs164541/A,net,pin
drc_bufs164545/Y,n_8589,pin,net
n_8589,drc_bufs164544/A,net,pin
drc_bufs164548/Y,n_8594,pin,net
n_8594,drc_bufs164547/A,net,pin
drc_bufs164551/Y,n_8599,pin,net
n_8599,drc_bufs164550/A,net,pin
n_86,g181759/B,net,pin
n_86,drc_bufs164583/A,net,pin
drc_bufs164435/Y,n_86,pin,net
drc_bufs164554/Y,n_8604,pin,net
n_8604,drc_bufs164553/A,net,pin
drc_bufs164557/Y,n_8609,pin,net
n_8609,drc_bufs164556/A,net,pin
drc_bufs164560/Y,n_8614,pin,net
n_8614,drc_bufs164559/A,net,pin
drc_bufs164563/Y,n_8619,pin,net
n_8619,drc_bufs164562/A,net,pin
drc_bufs164566/Y,n_8624,pin,net
n_8624,drc_bufs164565/A,net,pin
drc_bufs164572/Y,n_8634,pin,net
n_8634,drc_bufs164571/A,net,pin
n_8638,drc_bufs189335/A,net,pin
drc_bufs164574/Y,n_8638,pin,net
n_8643,drc_bufs189337/A,net,pin
drc_bufs164577/Y,n_8643,pin,net
n_8648,drc_bufs189339/A,net,pin
drc_bufs164580/Y,n_8648,pin,net
n_8653,drc_bufs190212/A,net,pin
drc_bufs164583/Y,n_8653,pin,net
n_8658,drc_bufs190214/A,net,pin
drc_bufs164586/Y,n_8658,pin,net
drc_bufs164590/Y,n_8664,pin,net
n_8664,drc_bufs164589/A,net,pin
n_8668,drc_bufs189341/A,net,pin
drc_bufs164592/Y,n_8668,pin,net
drc_bufs164596/Y,n_8674,pin,net
n_8674,drc_bufs164595/A,net,pin
n_8678,drc_bufs189345/A,net,pin
drc_bufs164598/Y,n_8678,pin,net
n_8683,drc_bufs189343/A,net,pin
drc_bufs164601/Y,n_8683,pin,net
n_8688,drc_bufs190216/A,net,pin
drc_bufs164604/Y,n_8688,pin,net
g159449/Y,n_88,pin,net
n_88,g156958/A,net,pin
g160077/Y,n_89,pin,net
n_89,g158142/A1,net,pin
g160085/Y,n_9,pin,net
n_9,g158148/A1,net,pin
g159398/Y,n_90,pin,net
n_90,g158164/A2,net,pin
n_908,g175822/B2,net,pin
g158611/Y,n_908,pin,net
n_9294,g152794__5115/A2,net,pin
n_9294,g152766__6260/A2,net,pin
n_9294,g152744__6161/A2,net,pin
n_9294,g152714__8428/A2,net,pin
n_9294,g152678__6131/A2,net,pin
n_9294,g152658__8428/A2,net,pin
n_9294,g152650__2398/B,net,pin
n_9294,g152608__3680/A2,net,pin
n_9294,g152598__6260/A2,net,pin
n_9294,g152572__7482/A2,net,pin
n_9294,g152548__5526/A2,net,pin
n_9294,g152532__7410/B,net,pin
n_9294,g152522__9315/A2,net,pin
n_9294,g152504__5122/A2,net,pin
n_9294,g152468__9945/A2,net,pin
drc_buf_sp164977/Y,n_9294,pin,net
n_9295,g153840/A2,net,pin
n_9295,g152792__1881/A2,net,pin
n_9295,g152764__5107/A2,net,pin
n_9295,g152742__4733/A2,net,pin
n_9295,g152712__4319/A2,net,pin
n_9295,g152676__7098/A2,net,pin
n_9295,g152642__1666/B,net,pin
n_9295,g152596__5107/A2,net,pin
n_9295,g152570__5115/A2,net,pin
n_9295,g152546__8428/A2,net,pin
n_9295,g152520__6161/A2,net,pin
n_9295,g152502__1705/A2,net,pin
n_9295,g152470__2883/A2,net,pin
n_9295,g152436__5526/B,net,pin
n_9295,g152434__8428/A2,net,pin
drc_buf_sp164978/Y,n_9295,pin,net
n_9296,g152881__7410/A2,net,pin
n_9296,g152790__6131/A2,net,pin
n_9296,g152762__2398/A2,net,pin
n_9296,g152740__7482/A2,net,pin
n_9296,g152710__6260/A2,net,pin
n_9296,g152674__8246/A2,net,pin
n_9296,g152652__5107/B,net,pin
n_9296,g152644__7410/B,net,pin
n_9296,g152640__2346/B,net,pin
n_9296,g152592__5477/A2,net,pin
n_9296,g152568__1881/A2,net,pin
n_9296,g152544__4319/A2,net,pin
n_9296,g152516__7482/A2,net,pin
n_9296,g152498__1617/A2,net,pin
n_9296,g152484__5107/B,net,pin
n_9296,g152430__6260/A2,net,pin
drc_buf_sp164979/Y,n_9296,pin,net
n_9297,g152847__2883/A2,net,pin
n_9297,g152786__8246/A2,net,pin
n_9297,g152760__5477/A2,net,pin
n_9297,g152730__8246/A2,net,pin
n_9297,g152706__2398/A2,net,pin
n_9297,g152672__5122/A2,net,pin
n_9297,g152654__6260/B,net,pin
n_9297,g152646__6417/B,net,pin
n_9297,g152614__1705/A2,net,pin
n_9297,g152590__6417/A2,net,pin
n_9297,g152566__6131/A2,net,pin
n_9297,g152542__6260/A2,net,pin
n_9297,g152514__5115/A2,net,pin
n_9297,g152496__3680/B,net,pin
n_9297,g152482__2398/B,net,pin
n_9297,g152440__3680/A2,net,pin
drc_buf_sp164980/Y,n_9297,pin,net
n_9298,g152804__2398/A2,net,pin
n_9298,g152782__1705/A2,net,pin
n_9298,g152758__6417/A2,net,pin
n_9298,g152724__2802/A2,net,pin
n_9298,g152700__7410/A2,net,pin
n_9298,g152670__1705/A2,net,pin
n_9298,g152656__4319/B,net,pin
n_9298,g152610__1617/A2,net,pin
n_9298,g152584__2346/A2,net,pin
n_9298,g152562__8246/A2,net,pin
n_9298,g152540__5107/A2,net,pin
n_9298,g152512__1881/A2,net,pin
n_9298,g152494__6783/B,net,pin
n_9298,g152478__6417/B,net,pin
n_9298,g152454__6131/B,net,pin
n_9298,g152442__1617/A2,net,pin
drc_buf_sp164981/Y,n_9298,pin,net
n_9299,g154841/A2,net,pin
n_9299,g152802__9945/A2,net,pin
n_9299,g152780__2802/A2,net,pin
n_9299,g152754__1666/A2,net,pin
n_9299,g152722__1617/A2,net,pin
n_9299,g152692__9945/A2,net,pin
n_9299,g152668__2802/A2,net,pin
n_9299,g152582__2883/A2,net,pin
n_9299,g152560__5122/A2,net,pin
n_9299,g152510__6131/A2,net,pin
n_9299,g152500__2802/A2,net,pin
n_9299,g152492__5526/B,net,pin
n_9299,g152476__7410/B,net,pin
n_9299,g152460__7482/A2,net,pin
n_9299,g152452__7098/B,net,pin
drc_buf_sp164982/Y,n_9299,pin,net
g159378/Y,n_93,pin,net
n_93,g158103/A2,net,pin
n_9300,g152798__6260/A2,net,pin
n_9300,g152776__3680/A2,net,pin
n_9300,g152750__2883/A2,net,pin
n_9300,g152720__3680/A2,net,pin
n_9300,g152684__7482/A2,net,pin
n_9300,g152662__6783/A2,net,pin
n_9300,g152604__5526/A2,net,pin
n_9300,g152580__9945/A2,net,pin
n_9300,g152558__1705/A2,net,pin
n_9300,g152528__2346/A2,net,pin
n_9300,g152508__7098/A2,net,pin
n_9300,g152488__4319/B,net,pin
n_9300,g152474__1666/B,net,pin
n_9300,g152464__6161/A2,net,pin
n_9300,g152450__8246/B,net,pin
drc_buf_sp164983/Y,n_9300,pin,net
n_9301,g152796__7410/A2,net,pin
n_9301,g152772__5526/A2,net,pin
n_9301,g152746__9315/A2,net,pin
n_9301,g152718__6783/A2,net,pin
n_9301,g152680__1881/A2,net,pin
n_9301,g152660__5526/A2,net,pin
n_9301,g152648__5477/B,net,pin
n_9301,g152628__7482/B,net,pin
n_9301,g152600__4319/A2,net,pin
n_9301,g152578__9315/A2,net,pin
n_9301,g152556__2802/A2,net,pin
n_9301,g152526__2883/A2,net,pin
n_9301,g152506__8246/A2,net,pin
n_9301,g152486__6260/B,net,pin
n_9301,g152466__9315/A2,net,pin
drc_buf_sp164984/Y,n_9301,pin,net
n_933,g164213/A,net,pin
n_933,g164212/A,net,pin
g158576/Y,n_933,pin,net
n_9344,g152786__8246/B2,net,pin
n_9344,g152756__7410/B2,net,pin
n_9344,g152730__8246/B2,net,pin
n_9344,g152708__5107/B2,net,pin
n_9344,g152678__6131/B2,net,pin
n_9344,g152658__8428/B2,net,pin
n_9344,g152590__6417/B2,net,pin
n_9344,g152572__7482/B2,net,pin
n_9344,g152556__2802/B2,net,pin
n_9344,g152524__9945/B2,net,pin
n_9344,g152502__1705/B2,net,pin
n_9344,g152428__5107/B2,net,pin
drc_buf_sp165026/Y,n_9344,pin,net
n_9345,g156688/B,net,pin
n_9345,g153840/B2,net,pin
n_9345,g152776__3680/B2,net,pin
n_9345,g152752__2346/B2,net,pin
n_9345,g152724__2802/B2,net,pin
n_9345,g152704__5477/B2,net,pin
n_9345,g152674__8246/B2,net,pin
n_9345,g152588__7410/B2,net,pin
n_9345,g152570__5115/B2,net,pin
n_9345,g152554__1617/B2,net,pin
n_9345,g152522__9315/B2,net,pin
n_9345,g152500__2802/B2,net,pin
drc_buf_sp165027/Y,n_9345,pin,net
n_9346,g152881__7410/B2,net,pin
n_9346,g152774__6783/B2,net,pin
n_9346,g152748__9945/B2,net,pin
n_9346,g152722__1617/B2,net,pin
n_9346,g152702__6417/B2,net,pin
n_9346,g152666__1617/B2,net,pin
n_9346,g152586__1666/B2,net,pin
n_9346,g152568__1881/B2,net,pin
n_9346,g152552__3680/B2,net,pin
n_9346,g152520__6161/B2,net,pin
n_9346,g152472__2346/B2,net,pin
drc_buf_sp165028/Y,n_9346,pin,net
n_9347,g152818__5122/B2,net,pin
n_9347,g152770__8428/B2,net,pin
n_9347,g152742__4733/B2,net,pin
n_9347,g152720__3680/B2,net,pin
n_9347,g152700__7410/B2,net,pin
n_9347,g152664__3680/B2,net,pin
n_9347,g152584__2346/B2,net,pin
n_9347,g152566__6131/B2,net,pin
n_9347,g152550__6783/B2,net,pin
n_9347,g152518__4733/B2,net,pin
n_9347,g152470__2883/B2,net,pin
drc_buf_sp165029/Y,n_9347,pin,net
n_9348,g154841/B2,net,pin
n_9348,g152802__9945/B2,net,pin
n_9348,g152768__4319/B2,net,pin
n_9348,g152738__5115/B2,net,pin
n_9348,g152718__6783/B2,net,pin
n_9348,g152694__2883/B2,net,pin
n_9348,g152582__2883/B2,net,pin
n_9348,g152564__7098/B2,net,pin
n_9348,g152548__5526/B2,net,pin
n_9348,g152514__5115/B2,net,pin
n_9348,g152468__9945/B2,net,pin
drc_buf_sp165030/Y,n_9348,pin,net
n_9349,g152800__8246/B2,net,pin
n_9349,g152766__6260/B2,net,pin
n_9349,g152736__1881/B2,net,pin
n_9349,g152714__8428/B2,net,pin
n_9349,g152692__9945/B2,net,pin
n_9349,g152616__5122/B2,net,pin
n_9349,g152580__9945/B2,net,pin
n_9349,g152562__8246/B2,net,pin
n_9349,g152546__8428/B2,net,pin
n_9349,g152512__1881/B2,net,pin
n_9349,g152460__7482/B2,net,pin
drc_buf_sp165031/Y,n_9349,pin,net
n_9350,g152794__5115/B2,net,pin
n_9350,g152764__5107/B2,net,pin
n_9350,g152734__6131/B2,net,pin
n_9350,g152712__4319/B2,net,pin
n_9350,g152686__4733/B2,net,pin
n_9350,g152606__6783/B2,net,pin
n_9350,g152578__9315/B2,net,pin
n_9350,g152560__5122/B2,net,pin
n_9350,g152544__4319/B2,net,pin
n_9350,g152508__7098/B2,net,pin
n_9350,g152458__5115/B2,net,pin
drc_buf_sp165032/Y,n_9350,pin,net
n_9351,g152792__1881/B2,net,pin
n_9351,g152760__5477/B2,net,pin
n_9351,g152732__7098/B2,net,pin
n_9351,g152710__6260/B2,net,pin
n_9351,g152680__1881/B2,net,pin
n_9351,g152592__5477/B2,net,pin
n_9351,g152576__6161/B2,net,pin
n_9351,g152558__1705/B2,net,pin
n_9351,g152526__2883/B2,net,pin
n_9351,g152506__8246/B2,net,pin
n_9351,g152426__2398/B1,net,pin
drc_buf_sp165033/Y,n_9351,pin,net
n_9394,g156920/A,net,pin
n_9394,g152784__5122/B2,net,pin
n_9394,g152750__2883/B2,net,pin
n_9394,g152698__1666/B2,net,pin
n_9394,g152670__1705/B2,net,pin
n_9394,g152604__5526/B2,net,pin
n_9394,g152540__5107/B2,net,pin
n_9394,g152464__6161/B2,net,pin
n_9394,g152432__4319/B2,net,pin
drc_buf_sp165083/Y,n_9394,pin,net
n_9394,drc_buf_sp165082/A,net,pin
n_9394,drc_buf_sp165079/A,net,pin
n_9394,drc_buf_sp165078/A,net,pin
n_9394,drc_buf_sp165077/A,net,pin
n_9395,g156921/A,net,pin
n_9395,g152788__7098/B2,net,pin
n_9395,g152782__1705/B2,net,pin
n_9395,g152754__1666/B2,net,pin
n_9395,g152746__9315/B2,net,pin
n_9395,g152706__2398/B2,net,pin
n_9395,g152696__2346/B2,net,pin
n_9395,g152672__5122/B2,net,pin
n_9395,g152668__2802/B2,net,pin
n_9395,g152608__3680/B2,net,pin
n_9395,g152602__8428/B2,net,pin
n_9395,g152542__6260/B2,net,pin
n_9395,g152538__2398/B2,net,pin
n_9395,g152466__9315/B2,net,pin
n_9395,g152462__4733/B2,net,pin
n_9395,g152430__6260/B2,net,pin
drc_buf_sp165082/Y,n_9395,pin,net
n_9396,g152847__2883/B2,net,pin
n_9396,g152790__6131/B2,net,pin
n_9396,g152780__2802/B2,net,pin
n_9396,g152758__6417/B2,net,pin
n_9396,g152744__6161/B2,net,pin
n_9396,g152716__5526/B2,net,pin
n_9396,g152690__9315/B2,net,pin
n_9396,g152676__7098/B2,net,pin
n_9396,g152662__6783/B2,net,pin
n_9396,g152610__1617/B2,net,pin
n_9396,g152600__4319/B2,net,pin
n_9396,g152574__4733/B2,net,pin
n_9396,g152528__2346/B2,net,pin
n_9396,g152498__1617/B2,net,pin
n_9396,g152444__2802/B2,net,pin
n_9396,g152434__8428/B2,net,pin
drc_buf_sp165077/Y,n_9396,pin,net
n_9397,g152804__2398/B2,net,pin
n_9397,g152778__1617/B2,net,pin
n_9397,g152740__7482/B2,net,pin
n_9397,g152688__6161/B2,net,pin
n_9397,g152660__5526/B2,net,pin
n_9397,g152598__6260/B2,net,pin
n_9397,g152516__7482/B2,net,pin
n_9397,g152442__1617/B2,net,pin
drc_buf_sp165078/Y,n_9397,pin,net
n_9398,g152798__6260/B2,net,pin
n_9398,g152796__7410/B2,net,pin
n_9398,g152772__5526/B2,net,pin
n_9398,g152762__2398/B2,net,pin
n_9398,g152728__5122/B2,net,pin
n_9398,g152726__1705/B2,net,pin
n_9398,g152684__7482/B2,net,pin
n_9398,g152682__5115/B2,net,pin
n_9398,g152614__1705/B2,net,pin
n_9398,g152612__2802/B2,net,pin
n_9398,g152596__5107/B2,net,pin
n_9398,g152594__2398/B2,net,pin
n_9398,g152510__6131/B2,net,pin
n_9398,g152504__5122/B2,net,pin
n_9398,g152440__3680/B2,net,pin
n_9398,g152438__6783/B2,net,pin
drc_buf_sp165079/Y,n_9398,pin,net
g159438/Y,n_94,pin,net
n_94,g158156/A1,net,pin
n_9466,g152800__8246/A2,net,pin
n_9466,g152778__1617/A2,net,pin
n_9466,g152708__5107/A2,net,pin
n_9466,g152696__2346/A2,net,pin
n_9466,g152686__4733/A2,net,pin
n_9466,g152632__6161/B,net,pin
n_9466,g152620__7098/B,net,pin
n_9466,g152576__6161/A2,net,pin
n_9466,g152538__2398/A2,net,pin
n_9466,g152534__6417/B,net,pin
drc_buf_sp165146/Y,n_9466,pin,net
n_9467,g152784__5122/A2,net,pin
n_9467,g152756__7410/A2,net,pin
n_9467,g152704__5477/A2,net,pin
n_9467,g152694__2883/A2,net,pin
n_9467,g152630__4733/B,net,pin
n_9467,g152612__2802/A2,net,pin
n_9467,g152574__4733/A2,net,pin
n_9467,g152530__1666/B,net,pin
n_9467,g152518__4733/A2,net,pin
n_9467,g152456__1881/B,net,pin
drc_buf_sp165147/Y,n_9467,pin,net
n_9468,g152752__2346/A2,net,pin
n_9468,g152702__6417/A2,net,pin
n_9468,g152690__9315/A2,net,pin
n_9468,g152666__1617/A2,net,pin
n_9468,g152638__2883/B,net,pin
n_9468,g152622__6131/B,net,pin
n_9468,g152606__6783/A2,net,pin
n_9468,g152564__7098/A2,net,pin
n_9468,g152536__5477/B,net,pin
n_9468,g152458__5115/A2,net,pin
drc_buf_sp165148/Y,n_9468,pin,net
n_9476,g214960/B2,net,pin
n_9476,g165722/B2,net,pin
n_9476,g165694/B2,net,pin
n_9476,g165662/B2,net,pin
n_9476,g165633/B2,net,pin
n_9476,g165577/B2,net,pin
n_9476,g165546/B2,net,pin
n_9476,g165519/B2,net,pin
n_9476,g165490/B2,net,pin
n_9476,g165461/B2,net,pin
n_9476,g165433/B2,net,pin
n_9476,g165400/B2,net,pin
n_9476,g165371/B2,net,pin
n_9476,g165344/B2,net,pin
g165153/Y,n_9476,pin,net
n_9476,g155658/B2,net,pin
n_9476,g155632/B2,net,pin
n_9476,g155631/B2,net,pin
n_95,g166492/A1,net,pin
g159401/Y,n_95,pin,net
n_9555,g214229/A,net,pin
g165213/Y,n_9555,pin,net
n_9629,g152788__7098/A2,net,pin
n_9629,g152770__8428/A2,net,pin
n_9629,g152738__5115/A2,net,pin
n_9629,g152734__6131/A2,net,pin
n_9629,g152728__5122/A2,net,pin
n_9629,g152716__5526/A2,net,pin
n_9629,g152636__9945/B,net,pin
n_9629,g152616__5122/A2,net,pin
n_9629,g152588__7410/A2,net,pin
n_9629,g152554__1617/A2,net,pin
n_9629,g152524__9945/A2,net,pin
n_9629,g152480__5477/B,net,pin
n_9629,g152462__4733/A2,net,pin
n_9629,g152448__5122/B,net,pin
n_9629,g152438__6783/A2,net,pin
n_9629,g152432__4319/A2,net,pin
drc_buf_sp165270/Y,n_9629,pin,net
n_9630,g152818__5122/A2,net,pin
n_9630,g152774__6783/A2,net,pin
n_9630,g152768__4319/A2,net,pin
n_9630,g152736__1881/A2,net,pin
n_9630,g152732__7098/A2,net,pin
n_9630,g152726__1705/A2,net,pin
n_9630,g152634__9315/B,net,pin
n_9630,g152626__5115/B,net,pin
n_9630,g152624__1881/B,net,pin
n_9630,g152618__8246/B,net,pin
n_9630,g152594__2398/A2,net,pin
n_9630,g152586__1666/A2,net,pin
n_9630,g152552__3680/A2,net,pin
n_9630,g152472__2346/A2,net,pin
n_9630,g152444__2802/A2,net,pin
n_9630,g152428__5107/A2,net,pin
drc_buf_sp165271/Y,n_9630,pin,net
g165288/Y,n_9650,pin,net
n_9650,g157851/A,net,pin
g165292/Y,n_9654,pin,net
n_9654,g157844/A,net,pin
g165300/Y,n_9663,pin,net
n_9663,g157840/A,net,pin
g165302/Y,n_9665,pin,net
n_9665,g157864/A,net,pin
g165319/Y,n_9682,pin,net
n_9682,g157801/A,net,pin
g165323/Y,n_9686,pin,net
n_9686,g157796/A,net,pin
n_97,g166491/B1,net,pin
g159390/Y,n_97,pin,net
g165337/Y,n_9701,pin,net
n_9701,g157805/A,net,pin
g165339/Y,n_9703,pin,net
n_9703,g157789/A,net,pin
n_9711,u5_mem_reg\[3\]\[6\]/D,net,pin
g165344/Y,n_9711,pin,net
n_9713,u6_mem_reg\[0\]\[6\]/D,net,pin
g165346/Y,n_9713,pin,net
n_9717,u5_mem_reg\[1\]\[6\]/D,net,pin
g165350/Y,n_9717,pin,net
n_9721,u8_mem_reg\[0\]\[6\]/D,net,pin
g165354/Y,n_9721,pin,net
n_9722,u8_mem_reg\[2\]\[6\]/D,net,pin
g165355/Y,n_9722,pin,net
n_9723,u5_mem_reg\[2\]\[6\]/D,net,pin
g165356/Y,n_9723,pin,net
n_9726,u7_mem_reg\[2\]\[6\]/D,net,pin
g165359/Y,n_9726,pin,net
n_9727,u4_mem_reg\[2\]\[6\]/D,net,pin
g165360/Y,n_9727,pin,net
n_9731,u13_icc_r_reg\[6\]/D,net,pin
g165364/Y,n_9731,pin,net
n_9735,g181410/A,net,pin
drc_buf_sp165370/Y,n_9735,pin,net
n_9738,u5_mem_reg\[3\]\[14\]/D,net,pin
g165371/Y,n_9738,pin,net
n_9742,u6_mem_reg\[0\]\[14\]/D,net,pin
g165375/Y,n_9742,pin,net
n_9745,u5_mem_reg\[1\]\[14\]/D,net,pin
g165378/Y,n_9745,pin,net
n_9747,u6_mem_reg\[1\]\[14\]/D,net,pin
g165380/Y,n_9747,pin,net
n_9751,u8_mem_reg\[2\]\[14\]/D,net,pin
g165384/Y,n_9751,pin,net
n_9752,u5_mem_reg\[2\]\[14\]/D,net,pin
g165385/Y,n_9752,pin,net
n_9755,u7_mem_reg\[2\]\[14\]/D,net,pin
g165388/Y,n_9755,pin,net
n_9756,u4_mem_reg\[2\]\[14\]/D,net,pin
g165389/Y,n_9756,pin,net
n_9757,u8_mem_reg\[0\]\[14\]/D,net,pin
g165390/Y,n_9757,pin,net
n_9760,u13_icc_r_reg\[14\]/D,net,pin
g165393/Y,n_9760,pin,net
n_9767,u5_mem_reg\[3\]\[15\]/D,net,pin
g165400/Y,n_9767,pin,net
n_9772,u6_mem_reg\[0\]\[15\]/D,net,pin
g165405/Y,n_9772,pin,net
n_9774,u5_mem_reg\[1\]\[15\]/D,net,pin
g165407/Y,n_9774,pin,net
n_9776,u6_mem_reg\[1\]\[15\]/D,net,pin
g165409/Y,n_9776,pin,net
n_9780,u8_mem_reg\[2\]\[15\]/D,net,pin
g165413/Y,n_9780,pin,net
n_9781,u5_mem_reg\[2\]\[15\]/D,net,pin
g165414/Y,n_9781,pin,net
n_9784,u7_mem_reg\[2\]\[15\]/D,net,pin
g165417/Y,n_9784,pin,net
n_9785,u4_mem_reg\[2\]\[15\]/D,net,pin
g165418/Y,n_9785,pin,net
n_9786,u8_mem_reg\[0\]\[15\]/D,net,pin
g165419/Y,n_9786,pin,net
n_9790,u13_icc_r_reg\[15\]/D,net,pin
g165423/Y,n_9790,pin,net
n_9793,g172172/A,net,pin
drc_buf_sp165428/Y,n_9793,pin,net
n_9800,u5_mem_reg\[3\]\[7\]/D,net,pin
g165433/Y,n_9800,pin,net
n_9802,u6_mem_reg\[0\]\[7\]/D,net,pin
g165435/Y,n_9802,pin,net
n_9804,u5_mem_reg\[1\]\[7\]/D,net,pin
g165437/Y,n_9804,pin,net
n_9808,u8_mem_reg\[0\]\[7\]/D,net,pin
g165441/Y,n_9808,pin,net
n_9810,u8_mem_reg\[2\]\[7\]/D,net,pin
g165443/Y,n_9810,pin,net
n_9811,u5_mem_reg\[2\]\[7\]/D,net,pin
g165444/Y,n_9811,pin,net
n_9814,u7_mem_reg\[2\]\[7\]/D,net,pin
g165447/Y,n_9814,pin,net
n_9815,u4_mem_reg\[2\]\[7\]/D,net,pin
g165448/Y,n_9815,pin,net
n_9817,u13_icc_r_reg\[7\]/D,net,pin
g165450/Y,n_9817,pin,net
n_9822,g181484/A,net,pin
drc_buf_sp165457/Y,n_9822,pin,net
n_9828,u5_mem_reg\[3\]\[2\]/D,net,pin
g165461/Y,n_9828,pin,net
n_9832,u6_mem_reg\[0\]\[2\]/D,net,pin
g165465/Y,n_9832,pin,net
n_9834,u5_mem_reg\[1\]\[2\]/D,net,pin
g165467/Y,n_9834,pin,net
n_9838,u8_mem_reg\[0\]\[2\]/D,net,pin
g165471/Y,n_9838,pin,net
n_9840,u8_mem_reg\[2\]\[2\]/D,net,pin
g165473/Y,n_9840,pin,net
n_9841,u5_mem_reg\[2\]\[2\]/D,net,pin
g165474/Y,n_9841,pin,net
n_9843,u7_mem_reg\[2\]\[2\]/D,net,pin
g165476/Y,n_9843,pin,net
n_9844,u4_mem_reg\[2\]\[2\]/D,net,pin
g165477/Y,n_9844,pin,net
n_9849,u13_icc_r_reg\[2\]/D,net,pin
g165482/Y,n_9849,pin,net
n_9851,g170703/A,net,pin
drc_buf_sp165486/Y,n_9851,pin,net
n_9857,u5_mem_reg\[3\]\[3\]/D,net,pin
g165490/Y,n_9857,pin,net
n_9860,u6_mem_reg\[0\]\[3\]/D,net,pin
g165493/Y,n_9860,pin,net
n_9863,u5_mem_reg\[1\]\[3\]/D,net,pin
g165496/Y,n_9863,pin,net
n_9867,u8_mem_reg\[0\]\[3\]/D,net,pin
g165500/Y,n_9867,pin,net
n_9869,u8_mem_reg\[2\]\[3\]/D,net,pin
g165502/Y,n_9869,pin,net
n_9870,u5_mem_reg\[2\]\[3\]/D,net,pin
g165503/Y,n_9870,pin,net
n_9873,u7_mem_reg\[2\]\[3\]/D,net,pin
g165506/Y,n_9873,pin,net
n_9874,u4_mem_reg\[2\]\[3\]/D,net,pin
g165507/Y,n_9874,pin,net
n_9877,u13_icc_r_reg\[3\]/D,net,pin
g165510/Y,n_9877,pin,net
n_9880,g213231/A,net,pin
n_9880,g181400/A,net,pin
g17/Y,n_9880,pin,net
n_9886,u5_mem_reg\[3\]\[8\]/D,net,pin
g165519/Y,n_9886,pin,net
n_9889,u6_mem_reg\[0\]\[8\]/D,net,pin
g165522/Y,n_9889,pin,net
n_9892,u5_mem_reg\[1\]\[8\]/D,net,pin
g165525/Y,n_9892,pin,net
n_9896,u8_mem_reg\[0\]\[8\]/D,net,pin
g165529/Y,n_9896,pin,net
n_9898,u8_mem_reg\[2\]\[8\]/D,net,pin
g165531/Y,n_9898,pin,net
n_9899,u5_mem_reg\[2\]\[8\]/D,net,pin
g165532/Y,n_9899,pin,net
n_99,g166501/A1,net,pin
g159376/Y,n_99,pin,net
n_9902,u7_mem_reg\[2\]\[8\]/D,net,pin
g165535/Y,n_9902,pin,net
n_9903,u4_mem_reg\[2\]\[8\]/D,net,pin
g165536/Y,n_9903,pin,net
n_9907,u13_icc_r_reg\[8\]/D,net,pin
g165540/Y,n_9907,pin,net
n_9909,g213852/A,net,pin
n_9909,g213226/A,net,pin
g213225/Y,n_9909,pin,net
n_9914,u5_mem_reg\[3\]\[10\]/D,net,pin
g165546/Y,n_9914,pin,net
n_9922,u6_mem_reg\[1\]\[10\]/D,net,pin
g165555/Y,n_9922,pin,net
n_9926,u8_mem_reg\[2\]\[10\]/D,net,pin
g165559/Y,n_9926,pin,net
n_9930,u7_mem_reg\[2\]\[10\]/D,net,pin
g165563/Y,n_9930,pin,net
n_9936,u13_icc_r_reg\[10\]/D,net,pin
g165569/Y,n_9936,pin,net
n_9938,drc_buf_sp165576/A,net,pin
drc_buf_sp165573/Y,n_9938,pin,net
n_9941,u6_mem_reg\[0\]\[9\]/D,net,pin
g165574/Y,n_9941,pin,net
n_9942,g202303/A2,net,pin
n_9942,g200153/B1,net,pin
n_9942,g179679/A2,net,pin
n_9942,g178286/A2,net,pin
n_9942,g172438/A1,net,pin
n_9942,g172157/B2,net,pin
n_9942,g169546/A1,net,pin
n_9942,g167886/A1,net,pin
n_9942,g165596/A2,net,pin
n_9942,g165592/A1,net,pin
n_9942,g165590/A2,net,pin
n_9942,g165582/A1,net,pin
drc_buf_sp165576/Y,n_9942,pin,net
n_9944,u5_mem_reg\[3\]\[9\]/D,net,pin
g165577/Y,n_9944,pin,net
n_9949,u5_mem_reg\[1\]\[9\]/D,net,pin
g165582/Y,n_9949,pin,net
n_9954,u8_mem_reg\[2\]\[9\]/D,net,pin
g165587/Y,n_9954,pin,net
n_9957,u7_mem_reg\[2\]\[9\]/D,net,pin
g165590/Y,n_9957,pin,net
n_9958,u4_mem_reg\[2\]\[9\]/D,net,pin
g165591/Y,n_9958,pin,net
n_9959,u8_mem_reg\[0\]\[9\]/D,net,pin
g165592/Y,n_9959,pin,net
n_9960,u5_mem_reg\[2\]\[9\]/D,net,pin
g165593/Y,n_9960,pin,net
n_9963,u13_icc_r_reg\[9\]/D,net,pin
g165596/Y,n_9963,pin,net
n_9967,g214942/A,net,pin
g213234/Y,n_9967,pin,net
n_9967,drc_buf_sp215496/A,net,pin
n_9996,drc_buf_sp165634/A,net,pin
drc_buf_sp165631/Y,n_9996,pin,net
u3_empty_reg/QN,o3_empty,pin,net
o3_empty,g169569/A,net,pin
u3_status_reg\[0\]/QN,o3_status[0],pin,net
o3_status[0],g173357/A2,net,pin
o3_status[0],g169567/A3,net,pin
u3_status_reg\[1\]/QN,o3_status[1],pin,net
o3_status[1],g173357/B,net,pin
o3_status[1],g169567/A2,net,pin
u12_o3_we_reg/Q,o3_we,pin,net
o3_we,g198603/C,net,pin
o3_we,g178261/C,net,pin
o3_we,g174069_dup202286/C,net,pin
o3_we,g168541/B,net,pin
o3_we,g167604/B,net,pin
o3_we,g167603/B,net,pin
o3_we,g157205/A,net,pin
o3_we,g157193/C,net,pin
o3_we,g156872/B2,net,pin
u4_empty_reg/QN,o4_empty,pin,net
o4_empty,g156632/A,net,pin
u4_status_reg\[0\]/QN,o4_status[0],pin,net
o4_status[0],g157063/A2,net,pin
o4_status[0],g156167/A2,net,pin
u4_status_reg\[1\]/QN,o4_status[1],pin,net
o4_status[1],g157063/B,net,pin
o4_status[1],g156167/A3,net,pin
u12_o4_we_reg/Q,o4_we,pin,net
o4_we,g189476/B,net,pin
o4_we,g186009/C,net,pin
o4_we,g180289/C,net,pin
o4_we,g179383/B,net,pin
o4_we,g178136/B2,net,pin
o4_we,g178135/C,net,pin
o4_we,g178134/A,net,pin
o4_we,g178129/A,net,pin
u5_empty_reg/QN,o6_empty,pin,net
o6_empty,g156636/A,net,pin
u5_status_reg\[0\]/QN,o6_status[0],pin,net
o6_status[0],g173315/A3,net,pin
o6_status[0],g173312/A1,net,pin
u5_status_reg\[1\]/QN,o6_status[1],pin,net
o6_status[1],g173315/A2,net,pin
o6_status[1],g173312/B,net,pin
u12_o6_we_reg/Q,o6_we,pin,net
o6_we,g192702/B,net,pin
o6_we,g184752/B,net,pin
o6_we,g179666/B,net,pin
o6_we,g157203/A,net,pin
o6_we,g157195/B,net,pin
o6_we,g157194/C,net,pin
o6_we,g156764/C,net,pin
o6_we,g13/A,net,pin
u6_empty_reg/QN,o7_empty,pin,net
o7_empty,g156634/A,net,pin
u6_status_reg\[0\]/QN,o7_status[0],pin,net
o7_status[0],g178127/A2,net,pin
o7_status[0],g178124/A2,net,pin
u6_status_reg\[1\]/QN,o7_status[1],pin,net
o7_status[1],g178127/A3,net,pin
o7_status[1],g178124/B,net,pin
u12_o7_we_reg/Q,o7_we,pin,net
o7_we,g223943/C,net,pin
o7_we,g223599/C,net,pin
o7_we,g216450/C,net,pin
o7_we,g216236/B,net,pin
o7_we,g198083/A,net,pin
o7_we,g198082/B,net,pin
o7_we,g198076/B,net,pin
o7_we,fopt200058/A,net,pin
u7_empty_reg/QN,o8_empty,pin,net
o8_empty,g179498/A,net,pin
u7_status_reg\[0\]/QN,o8_status[0],pin,net
o8_status[0],g179496/A2,net,pin
o8_status[0],g157065/A2,net,pin
u7_status_reg\[1\]/QN,o8_status[1],pin,net
o8_status[1],g179496/A3,net,pin
o8_status[1],g157065/B,net,pin
u12_o8_we_reg/Q,o8_we,pin,net
o8_we,g206151/B,net,pin
o8_we,g200142/B,net,pin
o8_we,g194248/B,net,pin
o8_we,g185545/B,net,pin
o8_we,g183363/A,net,pin
o8_we,g183362/B,net,pin
o8_we,g177835/B,net,pin
o8_we,g157202/A,net,pin
o8_we,g157189/C,net,pin
o8_we,g157188/C,net,pin
u8_empty_reg/QN,o9_empty,pin,net
o9_empty,g188074/B1,net,pin
o9_empty,g156640/A,net,pin
u8_status_reg\[0\]/QN,o9_status[0],pin,net
o9_status[0],g503/A3,net,pin
o9_status[0],g502/A1,net,pin
u8_status_reg\[1\]/QN,o9_status[1],pin,net
o9_status[1],g503/A2,net,pin
o9_status[1],g502/B,net,pin
u12_o9_we_reg/Q,o9_we,pin,net
o9_we,g191966/B,net,pin
o9_we,g179776/B,net,pin
o9_we,g173655/B,net,pin
o9_we,g157204/A,net,pin
o9_we,g157197/B,net,pin
o9_we,g157196/B,net,pin
o9_we,g156870/B2,net,pin
o9_we,g15/A,net,pin
o9_we,g14/B,net,pin
u13_occ0_r_reg\[0\]/QN,oc0_cfg[0],pin,net
oc0_cfg[0],g186753/A,net,pin
u13_occ0_r_reg\[1\]/QN,oc0_cfg[1],pin,net
oc0_cfg[1],g167912/B1,net,pin
oc0_cfg[1],g159477/A,net,pin
oc0_cfg[1],g159149/B,net,pin
u13_occ0_r_reg\[2\]/QN,oc0_cfg[2],pin,net
oc0_cfg[2],g159663/A,net,pin
u13_occ0_r_reg\[3\]/QN,oc0_cfg[3],pin,net
oc0_cfg[3],g159934/A,net,pin
oc0_cfg[3],g159332/B,net,pin
oc0_cfg[3],fopt164092/A,net,pin
u13_occ0_r_reg\[4\]/QN,oc0_cfg[4],pin,net
oc0_cfg[4],g173357/A1,net,pin
oc0_cfg[4],g169567/A1,net,pin
oc0_cfg[4],fopt1/A,net,pin
u13_occ0_r_reg\[5\]/QN,oc0_cfg[5],pin,net
oc0_cfg[5],g181769/A,net,pin
oc0_cfg[5],g173359/A,net,pin
oc0_cfg[5],g173357/C,net,pin
u13_occ0_r_reg\[6\]/QN,oc0_cfg[6],pin,net
oc0_cfg[6],g159480/A,net,pin
u17_int_set_reg\[0\]/QN,oc0_int_set[0],pin,net
oc0_int_set[0],g153664__176232/A1,net,pin
u17_int_set_reg\[1\]/QN,oc0_int_set[1],pin,net
oc0_int_set[1],g188060/B,net,pin
oc0_int_set[1],g176158/A2,net,pin
u17_int_set_reg\[2\]/QN,oc0_int_set[2],pin,net
oc0_int_set[2],g199186/B,net,pin
oc0_int_set[2],g176159/A2,net,pin
u13_occ0_r_reg\[8\]/QN,oc1_cfg[0],pin,net
oc1_cfg[0],g159776/A,net,pin
oc1_cfg[0],g159772/A,net,pin
u13_occ0_r_reg\[9\]/QN,oc1_cfg[1],pin,net
oc1_cfg[1],g159522/A,net,pin
u13_occ0_r_reg\[10\]/QN,oc1_cfg[2],pin,net
oc1_cfg[2],g169946/A,net,pin
u13_occ0_r_reg\[11\]/QN,oc1_cfg[3],pin,net
oc1_cfg[3],g188043/A,net,pin
oc1_cfg[3],g187539/A,net,pin
u13_occ0_r_reg\[12\]/QN,oc1_cfg[4],pin,net
oc1_cfg[4],g159486/A,net,pin
oc1_cfg[4],g159485/A,net,pin
oc1_cfg[4],g157063/A1,net,pin
oc1_cfg[4],g156167/A1,net,pin
u13_occ0_r_reg\[13\]/QN,oc1_cfg[5],pin,net
oc1_cfg[5],g157063/C,net,pin
oc1_cfg[5],fopt173242/A,net,pin
u13_occ0_r_reg\[14\]/QN,oc1_cfg[6],pin,net
oc1_cfg[6],g169955/A,net,pin
u18_int_set_reg\[0\]/QN,oc1_int_set[0],pin,net
oc1_int_set[0],g153665__176236/A1,net,pin
u18_int_set_reg\[1\]/QN,oc1_int_set[1],pin,net
oc1_int_set[1],g197057/B,net,pin
oc1_int_set[1],g176160/A2,net,pin
u18_int_set_reg\[2\]/QN,oc1_int_set[2],pin,net
oc1_int_set[2],g233/B,net,pin
oc1_int_set[2],g176161/A2,net,pin
u13_occ0_r_reg\[16\]/QN,oc2_cfg[0],pin,net
oc2_cfg[0],g223648/A,net,pin
u13_occ0_r_reg\[17\]/QN,oc2_cfg[1],pin,net
oc2_cfg[1],g193874/A1,net,pin
oc2_cfg[1],g167903/B1,net,pin
oc2_cfg[1],g158045/A1,net,pin
u13_occ0_r_reg\[18\]/QN,oc2_cfg[2],pin,net
oc2_cfg[2],g186703/A,net,pin
oc2_cfg[2],g181786/A,net,pin
u13_occ0_r_reg\[19\]/QN,oc2_cfg[3],pin,net
oc2_cfg[3],fopt163976/A,net,pin
oc2_cfg[3],fopt1378/A,net,pin
u13_occ0_r_reg\[20\]/QN,oc2_cfg[4],pin,net
oc2_cfg[4],g173316/A1,net,pin
oc2_cfg[4],g173315/A1,net,pin
oc2_cfg[4],g173314/A,net,pin
oc2_cfg[4],g173312/A2,net,pin
u13_occ0_r_reg\[21\]/QN,oc2_cfg[5],pin,net
oc2_cfg[5],g173312/C,net,pin
oc2_cfg[5],g167917/B1,net,pin
oc2_cfg[5],g158044/A1,net,pin
u13_occ0_r_reg\[22\]/QN,oc2_cfg[6],pin,net
oc2_cfg[6],g214227/B1,net,pin
oc2_cfg[6],g158036/A1,net,pin
oc2_cfg[6],g12/B,net,pin
u19_int_set_reg\[0\]/QN,oc2_int_set[0],pin,net
oc2_int_set[0],g153666__176235/A1,net,pin
u19_int_set_reg\[1\]/QN,oc2_int_set[1],pin,net
oc2_int_set[1],g188088/B,net,pin
oc2_int_set[1],g176162/A2,net,pin
u19_int_set_reg\[2\]/QN,oc2_int_set[2],pin,net
oc2_int_set[2],g176163/A2,net,pin
oc2_int_set[2],g173879/B,net,pin
u13_occ0_r_reg\[24\]/QN,oc3_cfg[0],pin,net
oc3_cfg[0],g206339/A,net,pin
oc3_cfg[0],g159846/A,net,pin
oc3_cfg[0],g159302/A,net,pin
oc3_cfg[0],g158057/A1,net,pin
oc3_cfg[0],g154994/B,net,pin
u13_occ0_r_reg\[25\]/QN,oc3_cfg[1],pin,net
oc3_cfg[1],g167898/B1,net,pin
oc3_cfg[1],g158306/A1,net,pin
oc3_cfg[1],g158052/A1,net,pin
u13_occ0_r_reg\[26\]/QN,oc3_cfg[2],pin,net
oc3_cfg[2],g167562/A2,net,pin
oc3_cfg[2],g159652/A,net,pin
oc3_cfg[2],g159651/A,net,pin
oc3_cfg[2],g158040/A1,net,pin
u13_occ0_r_reg\[27\]/QN,oc3_cfg[3],pin,net
oc3_cfg[3],fopt189096/A,net,pin
oc3_cfg[3],fopt162757/A,net,pin
u13_occ0_r_reg\[28\]/QN,oc3_cfg[4],pin,net
oc3_cfg[4],g178128/A1,net,pin
oc3_cfg[4],g178127/A1,net,pin
oc3_cfg[4],g178126/A,net,pin
oc3_cfg[4],g178124/A1,net,pin
u13_occ0_r_reg\[29\]/QN,oc3_cfg[5],pin,net
oc3_cfg[5],g178124/C,net,pin
oc3_cfg[5],g167913/B1,net,pin
oc3_cfg[5],g159463/A,net,pin
u13_occ0_r_reg\[30\]/QN,oc3_cfg[6],pin,net
oc3_cfg[6],g167892/B1,net,pin
oc3_cfg[6],g159442/A,net,pin
u20_int_set_reg\[0\]/QN,oc3_int_set[0],pin,net
oc3_int_set[0],g153667__176231/A1,net,pin
u20_int_set_reg\[1\]/QN,oc3_int_set[1],pin,net
oc3_int_set[1],g188087/B,net,pin
oc3_int_set[1],g176152/A2,net,pin
u20_int_set_reg\[2\]/QN,oc3_int_set[2],pin,net
oc3_int_set[2],g176156/A2,net,pin
oc3_int_set[2],g167684/B,net,pin
u13_occ1_r_reg\[0\]/QN,oc4_cfg[0],pin,net
oc4_cfg[0],g216678/A,net,pin
oc4_cfg[0],g216676/C,net,pin
u13_occ1_r_reg\[1\]/QN,oc4_cfg[1],pin,net
oc4_cfg[1],g92/A1,net,pin
oc4_cfg[1],g189273/A2,net,pin
oc4_cfg[1],g166567/B1,net,pin
u13_occ1_r_reg\[2\]/QN,oc4_cfg[2],pin,net
oc4_cfg[2],g159671/A,net,pin
oc4_cfg[2],g159301/A,net,pin
u13_occ1_r_reg\[3\]/QN,oc4_cfg[3],pin,net
oc4_cfg[3],g200191/A,net,pin
u13_occ1_r_reg\[4\]/QN,oc4_cfg[4],pin,net
oc4_cfg[4],g179496/A1,net,pin
oc4_cfg[4],g159553/A,net,pin
oc4_cfg[4],g157065/A1,net,pin
u13_occ1_r_reg\[5\]/QN,oc4_cfg[5],pin,net
oc4_cfg[5],g166569/B1,net,pin
oc4_cfg[5],g159548/A,net,pin
oc4_cfg[5],g157065/C,net,pin
u13_occ1_r_reg\[6\]/QN,oc4_cfg[6],pin,net
oc4_cfg[6],g192556/B,net,pin
oc4_cfg[6],g178169/A,net,pin
oc4_cfg[6],g178168/A,net,pin
u21_int_set_reg\[0\]/QN,oc4_int_set[0],pin,net
oc4_int_set[0],g153668__176233/A1,net,pin
u21_int_set_reg\[1\]/QN,oc4_int_set[1],pin,net
oc4_int_set[1],g188079/B,net,pin
oc4_int_set[1],g176155/A2,net,pin
u21_int_set_reg\[2\]/QN,oc4_int_set[2],pin,net
oc4_int_set[2],g193853/B,net,pin
oc4_int_set[2],g176164/A2,net,pin
u13_occ1_r_reg\[8\]/QN,oc5_cfg[0],pin,net
oc5_cfg[0],g198039/A,net,pin
oc5_cfg[0],g198038/A,net,pin
u13_occ1_r_reg\[9\]/QN,oc5_cfg[1],pin,net
oc5_cfg[1],g187728/A,net,pin
oc5_cfg[1],g187727/A,net,pin
oc5_cfg[1],g187725/B,net,pin
u13_occ1_r_reg\[10\]/QN,oc5_cfg[2],pin,net
oc5_cfg[2],g159644/A,net,pin
u13_occ1_r_reg\[11\]/QN,oc5_cfg[3],pin,net
oc5_cfg[3],g159966/A,net,pin
u13_occ1_r_reg\[12\]/QN,oc5_cfg[4],pin,net
oc5_cfg[4],g503/A1,net,pin
oc5_cfg[4],g502/A2,net,pin
oc5_cfg[4],g159529/A,net,pin
u13_occ1_r_reg\[13\]/QN,oc5_cfg[5],pin,net
oc5_cfg[5],g502/C,net,pin
oc5_cfg[5],g166568/B1,net,pin
oc5_cfg[5],g159441/A,net,pin
u13_occ1_r_reg\[14\]/QN,oc5_cfg[6],pin,net
oc5_cfg[6],g170222/A1,net,pin
oc5_cfg[6],g159459/A,net,pin
u22_int_set_reg\[0\]/QN,oc5_int_set[0],pin,net
oc5_int_set[0],g153669__176234/A1,net,pin
u22_int_set_reg\[1\]/QN,oc5_int_set[1],pin,net
oc5_int_set[1],g189208/B,net,pin
oc5_int_set[1],g176240/A2,net,pin
u22_int_set_reg\[2\]/QN,oc5_int_set[2],pin,net
oc5_int_set[2],g224455/B,net,pin
oc5_int_set[2],g176165/A2,net,pin
u2_out_le_reg\[0\]/QN,out_le[0],pin,net
out_le[0],g156645/A,net,pin
out_le[0],g153994__8246/A1,net,pin
out_le[0],g153401__4319/A1,net,pin
out_le[0],g152964__6417/A1,net,pin
out_le[0],g152859__2802/A1,net,pin
u2_out_le_reg\[1\]/QN,out_le[1],pin,net
out_le[1],g156893/A,net,pin
out_le[1],g156116__5115/A2,net,pin
out_le[1],g155592__5477/A2,net,pin
out_le[1],g154858__6260/A2,net,pin
out_le[1],g154395__7482/A2,net,pin
out_le[1],g153590__3680/A2,net,pin
out_le[1],g153402__6260/A1,net,pin
u2_out_le_reg\[2\]/QN,out_le[2],pin,net
out_le[2],g156646/A,net,pin
out_le[2],g155590/A2,net,pin
out_le[2],g154857__5107/A2,net,pin
out_le[2],g153995__7098/A2,net,pin
out_le[2],g153403__5526/A2,net,pin
out_le[2],g152879__6161/A2,net,pin
out_le[2],g152857__5122/A2,net,pin
out_le[2],g152833__5477/A2,net,pin
out_le[2],g152825__2346/A2,net,pin
out_le[2],drc_buf_sp166649/A,net,pin
u2_out_le_reg\[3\]/QN,out_le[3],pin,net
out_le[3],g157207/A,net,pin
out_le[3],g156723/A2,net,pin
out_le[3],g156721/A2,net,pin
out_le[3],g156720/A2,net,pin
out_le[3],g155582__7410/A2,net,pin
out_le[3],g154399__9945/A2,net,pin
out_le[3],g153875__1705/A2,net,pin
out_le[3],g152962__1666/A2,net,pin
out_le[3],g152866__7098/A2,net,pin
out_le[3],g152844__8428/A2,net,pin
out_le[3],g152815__4733/A2,net,pin
out_le[3],drc_buf_sp166354/A,net,pin
u2_out_le_reg\[4\]/QN,out_le[4],pin,net
out_le[4],g157353/A,net,pin
out_le[4],g157159/A2,net,pin
out_le[4],g157157/A2,net,pin
out_le[4],g156724/A2,net,pin
out_le[4],g155581__1666/A2,net,pin
out_le[4],g154400__9315/A2,net,pin
out_le[4],g153876__2802/A2,net,pin
out_le[4],g152961__2346/A2,net,pin
out_le[4],g152869__1881/A2,net,pin
out_le[4],g152843__4319/A2,net,pin
out_le[4],g152814__7482/A2,net,pin
out_le[4],drc_buf_sp166329/A,net,pin
u2_out_le_reg\[5\]/QN,out_le[5],pin,net
out_le[5],g156648/A,net,pin
out_le[5],g155587/A2,net,pin
out_le[5],g155586/A2,net,pin
out_le[5],g155584/A2,net,pin
out_le[5],g155578__2346/A2,net,pin
out_le[5],g154401__6161/A2,net,pin
out_le[5],g153877__1617/A2,net,pin
out_le[5],g152960__2883/A2,net,pin
out_le[5],g152870__5115/A2,net,pin
out_le[5],g152846__6783/A2,net,pin
out_le[5],g152817__9315/A2,net,pin
out_le[5],drc_buf_sp166454/A,net,pin
u14_u1_en_out_l_reg/QN,out_slt0[11],pin,net
out_slt0[11],g188077/A,net,pin
out_slt0[11],g159607/A,net,pin
u14_u0_en_out_l_reg/QN,out_slt0[12],pin,net
out_slt0[12],g188938/B,net,pin
out_slt0[12],g173416/A,net,pin
out_slt0[12],g169481/A,net,pin
u14_crac_wr_r_reg/QN,out_slt0[13],pin,net
out_slt0[13],g188085/A1,net,pin
out_slt0[13],g158311/B,net,pin
out_slt0[13],g152430__6260/B1,net,pin
u14_crac_valid_r_reg/QN,out_slt0[14],pin,net
out_slt0[14],g160100/A,net,pin
out_slt0[14],g158311/A,net,pin
out_slt0[14],g152428__5107/B1,net,pin
u14_u5_en_out_l_reg/QN,out_slt0[6],pin,net
out_slt0[6],g189212/A,net,pin
out_slt0[6],g188058/B,net,pin
out_slt0[6],g175442/A,net,pin
u14_u4_en_out_l_reg/QN,out_slt0[7],pin,net
out_slt0[7],g216677/A,net,pin
out_slt0[7],g216676/B,net,pin
out_slt0[7],fopt187722/A,net,pin
u14_u3_en_out_l_reg/QN,out_slt0[8],pin,net
out_slt0[8],g188087/A2,net,pin
out_slt0[8],g188082/A,net,pin
out_slt0[8],g159601/A,net,pin
out_slt0[8],g159183/A,net,pin
u14_u2_en_out_l_reg/QN,out_slt0[9],pin,net
out_slt0[9],g210669/A,net,pin
out_slt0[9],g186702/A,net,pin
u3_dout_reg\[0\]/QN,out_slt3[0],pin,net
out_slt3[0],g153887__169189/B1,net,pin
out_slt3[0],g152576__6161/B1,net,pin
u3_dout_reg\[10\]/QN,out_slt3[10],pin,net
out_slt3[10],g164114/A,net,pin
out_slt3[10],g152556__2802/B1,net,pin
u3_dout_reg\[11\]/QN,out_slt3[11],pin,net
out_slt3[11],g164112/A,net,pin
out_slt3[11],g152554__1617/B1,net,pin
u3_dout_reg\[12\]/QN,out_slt3[12],pin,net
out_slt3[12],g153843__5477/A2,net,pin
out_slt3[12],g152552__3680/B1,net,pin
u3_dout_reg\[13\]/QN,out_slt3[13],pin,net
out_slt3[13],g164220/A,net,pin
out_slt3[13],g152550__6783/B1,net,pin
u3_dout_reg\[14\]/QN,out_slt3[14],pin,net
out_slt3[14],g184614/A,net,pin
out_slt3[14],g152548__5526/B1,net,pin
u3_dout_reg\[15\]/QN,out_slt3[15],pin,net
out_slt3[15],g184616/A,net,pin
out_slt3[15],g152546__8428/B1,net,pin
u3_dout_reg\[16\]/QN,out_slt3[16],pin,net
out_slt3[16],g154200__6783/A,net,pin
out_slt3[16],g152544__4319/B1,net,pin
u3_dout_reg\[17\]/QN,out_slt3[17],pin,net
out_slt3[17],g153585__5526/A2,net,pin
out_slt3[17],g152542__6260/B1,net,pin
u3_dout_reg\[18\]/QN,out_slt3[18],pin,net
out_slt3[18],g153584__6783/A2,net,pin
out_slt3[18],g152540__5107/B1,net,pin
u3_dout_reg\[19\]/QN,out_slt3[19],pin,net
out_slt3[19],g153631__1617/A2,net,pin
out_slt3[19],g152538__2398/B1,net,pin
u3_dout_reg\[1\]/QN,out_slt3[1],pin,net
out_slt3[1],g153888__3680/B2,net,pin
out_slt3[1],g152574__4733/B1,net,pin
u3_dout_reg\[2\]/QN,out_slt3[2],pin,net
out_slt3[2],g178098/B,net,pin
out_slt3[2],g152572__7482/B1,net,pin
u3_dout_reg\[3\]/QN,out_slt3[3],pin,net
out_slt3[3],g154223/A,net,pin
out_slt3[3],g152570__5115/B1,net,pin
u3_dout_reg\[4\]/QN,out_slt3[4],pin,net
out_slt3[4],g153599__2346/A2,net,pin
out_slt3[4],g152568__1881/B1,net,pin
u3_dout_reg\[5\]/QN,out_slt3[5],pin,net
out_slt3[5],g163919/A,net,pin
out_slt3[5],g152566__6131/B1,net,pin
u3_dout_reg\[6\]/QN,out_slt3[6],pin,net
out_slt3[6],g169135/A,net,pin
out_slt3[6],g152564__7098/B1,net,pin
u3_dout_reg\[7\]/QN,out_slt3[7],pin,net
out_slt3[7],g163921/A,net,pin
out_slt3[7],g152562__8246/B1,net,pin
u3_dout_reg\[8\]/QN,out_slt3[8],pin,net
out_slt3[8],g154228/A,net,pin
out_slt3[8],g152560__5122/B1,net,pin
u3_dout_reg\[9\]/QN,out_slt3[9],pin,net
out_slt3[9],g154229/A,net,pin
out_slt3[9],g152558__1705/B1,net,pin
u4_dout_reg\[0\]/QN,out_slt4[0],pin,net
out_slt4[0],g153879__193871/B2,net,pin
out_slt4[0],g152616__5122/B1,net,pin
u4_dout_reg\[10\]/QN,out_slt4[10],pin,net
out_slt4[10],g212242/A,net,pin
out_slt4[10],g152596__5107/B1,net,pin
u4_dout_reg\[11\]/QN,out_slt4[11],pin,net
out_slt4[11],g152594__2398/B1,net,pin
out_slt4[11],g1282/A,net,pin
u4_dout_reg\[12\]/QN,out_slt4[12],pin,net
out_slt4[12],g193863/B2,net,pin
out_slt4[12],g152592__5477/B1,net,pin
u4_dout_reg\[13\]/QN,out_slt4[13],pin,net
out_slt4[13],g163987/A,net,pin
out_slt4[13],g152590__6417/B1,net,pin
u4_dout_reg\[14\]/QN,out_slt4[14],pin,net
out_slt4[14],g152588__7410/B1,net,pin
out_slt4[14],g128/A,net,pin
u4_dout_reg\[15\]/QN,out_slt4[15],pin,net
out_slt4[15],g678/A,net,pin
out_slt4[15],g152586__1666/B1,net,pin
u4_dout_reg\[16\]/QN,out_slt4[16],pin,net
out_slt4[16],g154219__2802/A,net,pin
out_slt4[16],g152584__2346/B1,net,pin
u4_dout_reg\[17\]/QN,out_slt4[17],pin,net
out_slt4[17],g153618__185117/B2,net,pin
out_slt4[17],g152582__2883/B1,net,pin
u4_dout_reg\[18\]/QN,out_slt4[18],pin,net
out_slt4[18],g186849/B2,net,pin
out_slt4[18],g152580__9945/B1,net,pin
u4_dout_reg\[19\]/QN,out_slt4[19],pin,net
out_slt4[19],g163/A,net,pin
out_slt4[19],g152578__9315/B1,net,pin
u4_dout_reg\[1\]/QN,out_slt4[1],pin,net
out_slt4[1],g153880__193867/B2,net,pin
out_slt4[1],g152614__1705/B1,net,pin
u4_dout_reg\[2\]/QN,out_slt4[2],pin,net
out_slt4[2],g193870/C2,net,pin
out_slt4[2],g152612__2802/B1,net,pin
u4_dout_reg\[3\]/QN,out_slt4[3],pin,net
out_slt4[3],g193869/C1,net,pin
out_slt4[3],g152610__1617/B1,net,pin
u4_dout_reg\[4\]/QN,out_slt4[4],pin,net
out_slt4[4],g153611__185128/A2,net,pin
out_slt4[4],g152608__3680/B1,net,pin
u4_dout_reg\[5\]/QN,out_slt4[5],pin,net
out_slt4[5],g309/A,net,pin
out_slt4[5],g152606__6783/B1,net,pin
u4_dout_reg\[6\]/QN,out_slt4[6],pin,net
out_slt4[6],g463/A,net,pin
out_slt4[6],g152604__5526/B1,net,pin
u4_dout_reg\[7\]/QN,out_slt4[7],pin,net
out_slt4[7],g163907/A,net,pin
out_slt4[7],g152602__8428/B1,net,pin
u4_dout_reg\[8\]/QN,out_slt4[8],pin,net
out_slt4[8],g193859/B,net,pin
out_slt4[8],g152600__4319/B1,net,pin
u4_dout_reg\[9\]/QN,out_slt4[9],pin,net
out_slt4[9],g197109/A,net,pin
out_slt4[9],g152598__6260/B1,net,pin
u5_dout_reg\[0\]/QN,out_slt6[0],pin,net
out_slt6[0],g213724/A1,net,pin
out_slt6[0],g152696__2346/B1,net,pin
u5_dout_reg\[10\]/QN,out_slt6[10],pin,net
out_slt6[10],g213721/B,net,pin
out_slt6[10],g152676__7098/B1,net,pin
u5_dout_reg\[11\]/QN,out_slt6[11],pin,net
out_slt6[11],g213709/A,net,pin
out_slt6[11],g152674__8246/B1,net,pin
u5_dout_reg\[12\]/QN,out_slt6[12],pin,net
out_slt6[12],g213713/A,net,pin
out_slt6[12],g152672__5122/B1,net,pin
u5_dout_reg\[13\]/QN,out_slt6[13],pin,net
out_slt6[13],g213719/A,net,pin
out_slt6[13],g152670__1705/B1,net,pin
u5_dout_reg\[14\]/QN,out_slt6[14],pin,net
out_slt6[14],g213708/B,net,pin
out_slt6[14],g152668__2802/B1,net,pin
u5_dout_reg\[15\]/QN,out_slt6[15],pin,net
out_slt6[15],g586/A,net,pin
out_slt6[15],g152666__1617/B1,net,pin
u5_dout_reg\[16\]/QN,out_slt6[16],pin,net
out_slt6[16],g213718/A,net,pin
out_slt6[16],g152664__3680/B1,net,pin
u5_dout_reg\[17\]/QN,out_slt6[17],pin,net
out_slt6[17],g213706/A,net,pin
out_slt6[17],g152662__6783/B1,net,pin
u5_dout_reg\[18\]/QN,out_slt6[18],pin,net
out_slt6[18],g213711/A,net,pin
out_slt6[18],g152660__5526/B1,net,pin
u5_dout_reg\[19\]/QN,out_slt6[19],pin,net
out_slt6[19],g153579__213705/B1,net,pin
out_slt6[19],g152658__8428/B1,net,pin
u5_dout_reg\[1\]/QN,out_slt6[1],pin,net
out_slt6[1],g153882__213722/B2,net,pin
out_slt6[1],g152694__2883/B1,net,pin
u5_dout_reg\[2\]/QN,out_slt6[2],pin,net
out_slt6[2],g213707/C2,net,pin
out_slt6[2],g152692__9945/B1,net,pin
u5_dout_reg\[3\]/QN,out_slt6[3],pin,net
out_slt6[3],g213720/C2,net,pin
out_slt6[3],g152690__9315/B1,net,pin
u5_dout_reg\[4\]/QN,out_slt6[4],pin,net
out_slt6[4],g213723/B,net,pin
out_slt6[4],g152688__6161/B1,net,pin
u5_dout_reg\[5\]/QN,out_slt6[5],pin,net
out_slt6[5],g213704/A,net,pin
out_slt6[5],g152686__4733/B1,net,pin
u5_dout_reg\[6\]/QN,out_slt6[6],pin,net
out_slt6[6],g213710/B,net,pin
out_slt6[6],g152684__7482/B1,net,pin
u5_dout_reg\[7\]/QN,out_slt6[7],pin,net
out_slt6[7],g213717/A,net,pin
out_slt6[7],g152682__5115/B1,net,pin
u5_dout_reg\[8\]/QN,out_slt6[8],pin,net
out_slt6[8],g213715/A,net,pin
out_slt6[8],g152680__1881/B1,net,pin
u5_dout_reg\[9\]/QN,out_slt6[9],pin,net
out_slt6[9],g213714/A,net,pin
out_slt6[9],g152678__6131/B1,net,pin
u6_dout_reg\[0\]/QN,out_slt7[0],pin,net
out_slt7[0],g153883__196657/B1,net,pin
out_slt7[0],g152736__1881/B1,net,pin
u6_dout_reg\[10\]/QN,out_slt7[10],pin,net
out_slt7[10],g153634__188333/B1,net,pin
out_slt7[10],g152716__5526/B1,net,pin
u6_dout_reg\[11\]/QN,out_slt7[11],pin,net
out_slt7[11],g153635__188335/B1,net,pin
out_slt7[11],g152714__8428/B1,net,pin
u6_dout_reg\[12\]/QN,out_slt7[12],pin,net
out_slt7[12],g163992/A,net,pin
out_slt7[12],g152712__4319/B1,net,pin
u6_dout_reg\[13\]/QN,out_slt7[13],pin,net
out_slt7[13],g224630/B2,net,pin
out_slt7[13],g152710__6260/B1,net,pin
u6_dout_reg\[14\]/QN,out_slt7[14],pin,net
out_slt7[14],g152708__5107/B1,net,pin
out_slt7[14],g126/B2,net,pin
u6_dout_reg\[15\]/QN,out_slt7[15],pin,net
out_slt7[15],g153639__182909/A2,net,pin
out_slt7[15],g152706__2398/B1,net,pin
u6_dout_reg\[16\]/QN,out_slt7[16],pin,net
out_slt7[16],g188332/B,net,pin
out_slt7[16],g152704__5477/B1,net,pin
u6_dout_reg\[17\]/QN,out_slt7[17],pin,net
out_slt7[17],g194039/B2,net,pin
out_slt7[17],g152702__6417/B1,net,pin
u6_dout_reg\[18\]/QN,out_slt7[18],pin,net
out_slt7[18],g196655/B,net,pin
out_slt7[18],g152700__7410/B1,net,pin
u6_dout_reg\[19\]/QN,out_slt7[19],pin,net
out_slt7[19],g196653/B,net,pin
out_slt7[19],g152698__1666/B1,net,pin
u6_dout_reg\[1\]/QN,out_slt7[1],pin,net
out_slt7[1],g196660/B2,net,pin
out_slt7[1],g152734__6131/B1,net,pin
u6_dout_reg\[2\]/QN,out_slt7[2],pin,net
out_slt7[2],g154206/A,net,pin
out_slt7[2],g152732__7098/B1,net,pin
u6_dout_reg\[3\]/QN,out_slt7[3],pin,net
out_slt7[3],g180357/A,net,pin
out_slt7[3],g152730__8246/B1,net,pin
u6_dout_reg\[4\]/QN,out_slt7[4],pin,net
out_slt7[4],g153607__179418/A2,net,pin
out_slt7[4],g152728__5122/B1,net,pin
u6_dout_reg\[5\]/QN,out_slt7[5],pin,net
out_slt7[5],g188331/A,net,pin
out_slt7[5],g152726__1705/B1,net,pin
u6_dout_reg\[6\]/QN,out_slt7[6],pin,net
out_slt7[6],g519/A2,net,pin
out_slt7[6],g152724__2802/B1,net,pin
u6_dout_reg\[7\]/QN,out_slt7[7],pin,net
out_slt7[7],g182911/A2,net,pin
out_slt7[7],g152722__1617/B1,net,pin
u6_dout_reg\[8\]/QN,out_slt7[8],pin,net
out_slt7[8],g196658/B,net,pin
out_slt7[8],g152720__3680/B1,net,pin
u6_dout_reg\[9\]/QN,out_slt7[9],pin,net
out_slt7[9],g196659/A,net,pin
out_slt7[9],g152718__6783/B1,net,pin
u7_dout_reg\[0\]/QN,out_slt8[0],pin,net
out_slt8[0],g193159/B1,net,pin
out_slt8[0],g152776__3680/B1,net,pin
u7_dout_reg\[10\]/QN,out_slt8[10],pin,net
out_slt8[10],g193149/A,net,pin
out_slt8[10],g152756__7410/B1,net,pin
u7_dout_reg\[11\]/QN,out_slt8[11],pin,net
out_slt8[11],g154221/A,net,pin
out_slt8[11],g152754__1666/B1,net,pin
u7_dout_reg\[12\]/QN,out_slt8[12],pin,net
out_slt8[12],g193157/A,net,pin
out_slt8[12],g152752__2346/B1,net,pin
u7_dout_reg\[13\]/QN,out_slt8[13],pin,net
out_slt8[13],g200938/B,net,pin
out_slt8[13],g152750__2883/B1,net,pin
u7_dout_reg\[14\]/QN,out_slt8[14],pin,net
out_slt8[14],g193154/A,net,pin
out_slt8[14],g152748__9945/B1,net,pin
u7_dout_reg\[15\]/QN,out_slt8[15],pin,net
out_slt8[15],g176218/B2,net,pin
out_slt8[15],g152746__9315/B1,net,pin
u7_dout_reg\[16\]/QN,out_slt8[16],pin,net
out_slt8[16],g193155/A,net,pin
out_slt8[16],g152744__6161/B1,net,pin
u7_dout_reg\[17\]/QN,out_slt8[17],pin,net
out_slt8[17],g193156/A,net,pin
out_slt8[17],g152742__4733/B1,net,pin
u7_dout_reg\[18\]/QN,out_slt8[18],pin,net
out_slt8[18],g193162/B1,net,pin
out_slt8[18],g152740__7482/B1,net,pin
u7_dout_reg\[19\]/QN,out_slt8[19],pin,net
out_slt8[19],g153839__180563/B2,net,pin
out_slt8[19],g152738__5115/B1,net,pin
u7_dout_reg\[1\]/QN,out_slt8[1],pin,net
out_slt8[1],g153886__205418/B2,net,pin
out_slt8[1],g152774__6783/B1,net,pin
u7_dout_reg\[2\]/QN,out_slt8[2],pin,net
out_slt8[2],g154215/A,net,pin
out_slt8[2],g152772__5526/B1,net,pin
u7_dout_reg\[3\]/QN,out_slt8[3],pin,net
out_slt8[3],g154216/A,net,pin
out_slt8[3],g152770__8428/B1,net,pin
u7_dout_reg\[4\]/QN,out_slt8[4],pin,net
out_slt8[4],g153603__6161/A2,net,pin
out_slt8[4],g152768__4319/B1,net,pin
u7_dout_reg\[5\]/QN,out_slt8[5],pin,net
out_slt8[5],g153602__193161/A2,net,pin
out_slt8[5],g152766__6260/B1,net,pin
u7_dout_reg\[6\]/QN,out_slt8[6],pin,net
out_slt8[6],g153601__193160/A2,net,pin
out_slt8[6],g152764__5107/B1,net,pin
u7_dout_reg\[7\]/QN,out_slt8[7],pin,net
out_slt8[7],g153600__193163/A2,net,pin
out_slt8[7],g152762__2398/B1,net,pin
u7_dout_reg\[8\]/QN,out_slt8[8],pin,net
out_slt8[8],g193151/A,net,pin
out_slt8[8],g152760__5477/B1,net,pin
u7_dout_reg\[9\]/QN,out_slt8[9],pin,net
out_slt8[9],g193152/A,net,pin
out_slt8[9],g152758__6417/B1,net,pin
u8_dout_reg\[0\]/QN,out_slt9[0],pin,net
out_slt9[0],g156688/A,net,pin
out_slt9[0],g153889__219219/B2,net,pin
u8_dout_reg\[10\]/QN,out_slt9[10],pin,net
out_slt9[10],g194035/B2,net,pin
out_slt9[10],g152796__7410/B1,net,pin
u8_dout_reg\[11\]/QN,out_slt9[11],pin,net
out_slt9[11],g200558/B2,net,pin
out_slt9[11],g152794__5115/B1,net,pin
u8_dout_reg\[12\]/QN,out_slt9[12],pin,net
out_slt9[12],g153659__1617/A2,net,pin
out_slt9[12],g152792__1881/B1,net,pin
u8_dout_reg\[13\]/QN,out_slt9[13],pin,net
out_slt9[13],g152790__6131/B1,net,pin
out_slt9[13],g130/B2,net,pin
u8_dout_reg\[14\]/QN,out_slt9[14],pin,net
out_slt9[14],g153844__219225/A1,net,pin
out_slt9[14],g152788__7098/B1,net,pin
u8_dout_reg\[15\]/QN,out_slt9[15],pin,net
out_slt9[15],g153845__200405/A2,net,pin
out_slt9[15],g152786__8246/B1,net,pin
u8_dout_reg\[16\]/QN,out_slt9[16],pin,net
out_slt9[16],g219230/A,net,pin
out_slt9[16],g152784__5122/B1,net,pin
u8_dout_reg\[17\]/QN,out_slt9[17],pin,net
out_slt9[17],g219224/A,net,pin
out_slt9[17],g152782__1705/B1,net,pin
u8_dout_reg\[18\]/QN,out_slt9[18],pin,net
out_slt9[18],g153662__6783/A2,net,pin
out_slt9[18],g152780__2802/B1,net,pin
u8_dout_reg\[19\]/QN,out_slt9[19],pin,net
out_slt9[19],g218313/B2,net,pin
out_slt9[19],g152778__1617/B1,net,pin
u8_dout_reg\[1\]/QN,out_slt9[1],pin,net
out_slt9[1],g154841/B1,net,pin
out_slt9[1],g153890__219221/B2,net,pin
u8_dout_reg\[2\]/QN,out_slt9[2],pin,net
out_slt9[2],g154230/A,net,pin
out_slt9[2],g153840/B1,net,pin
u8_dout_reg\[3\]/QN,out_slt9[3],pin,net
out_slt9[3],g154231/A,net,pin
out_slt9[3],g152881__7410/B1,net,pin
u8_dout_reg\[4\]/QN,out_slt9[4],pin,net
out_slt9[4],g153595__219229/A2,net,pin
out_slt9[4],g152847__2883/B1,net,pin
u8_dout_reg\[5\]/QN,out_slt9[5],pin,net
out_slt9[5],g153594__219232/A2,net,pin
out_slt9[5],g152818__5122/B1,net,pin
u8_dout_reg\[6\]/QN,out_slt9[6],pin,net
out_slt9[6],g153593__219227/B1,net,pin
out_slt9[6],g152804__2398/B1,net,pin
u8_dout_reg\[7\]/QN,out_slt9[7],pin,net
out_slt9[7],g153592__219228/B1,net,pin
out_slt9[7],g152802__9945/B1,net,pin
u8_dout_reg\[8\]/QN,out_slt9[8],pin,net
out_slt9[8],g219222/B,net,pin
out_slt9[8],g152800__8246/B1,net,pin
u8_dout_reg\[9\]/QN,out_slt9[9],pin,net
out_slt9[9],g154233__219223/B,net,pin
out_slt9[9],g152798__6260/B1,net,pin
u13_resume_req_reg/QN,resume_req,pin,net
resume_req,g154846/A1,net,pin
u12_rf_we_reg/Q,rf_we,pin,net
rf_we,g19/B,net,pin
rf_we,g184876/A,net,pin
rf_we,g182607/A,net,pin
rf_we,g179814/A,net,pin
rf_we,g175437/B,net,pin
rf_we,g172173/B,net,pin
rf_we,g171483/B,net,pin
rf_we,g169257/A,net,pin
rf_we,g167677/A,net,pin
rf_we,g166526/B,net,pin
rf_we,g166520/A,net,pin
rf_we,g165213/A,net,pin
rf_we,g164326/B,net,pin
rf_we,g164250/A,net,pin
rf_we,g163319/B,net,pin
rf_we,g157327_dup/B,net,pin
u0_slt0_r_reg\[0\]/QN,u0_slt0_r[0],pin,net
u0_slt0_r[0],g152454__6131/A,net,pin
u0_slt0_r_reg\[10\]/QN,u0_slt0_r[10],pin,net
u0_slt0_r[10],g152434__8428/A1,net,pin
u0_slt0_r_reg\[11\]/QN,u0_slt0_r[11],pin,net
u0_slt0_r[11],g152432__4319/A1,net,pin
u0_slt0_r_reg\[12\]/QN,u0_slt0_r[12],pin,net
u0_slt0_r[12],g152430__6260/A1,net,pin
u0_slt0_r_reg\[13\]/QN,u0_slt0_r[13],pin,net
u0_slt0_r[13],g152428__5107/A1,net,pin
u0_slt0_r_reg\[14\]/QN,u0_slt0_r[14],pin,net
u0_slt0_r[14],g152426__2398/A1,net,pin
u0_slt0_r_reg\[15\]/QN,u0_slt0_r[15],pin,net
u0_slt0_r[15],drc_bufs164456/A,net,pin
u0_slt0_r_reg\[1\]/QN,u0_slt0_r[1],pin,net
u0_slt0_r[1],g152452__7098/A,net,pin
u0_slt0_r_reg\[2\]/QN,u0_slt0_r[2],pin,net
u0_slt0_r[2],g152450__8246/A,net,pin
u0_slt0_r_reg\[3\]/QN,u0_slt0_r[3],pin,net
u0_slt0_r[3],g152448__5122/A,net,pin
u0_slt0_r_reg\[4\]/QN,u0_slt0_r[4],pin,net
u0_slt0_r[4],g152446__1705/A,net,pin
u0_slt0_r_reg\[5\]/QN,u0_slt0_r[5],pin,net
u0_slt0_r[5],g152444__2802/A1,net,pin
u0_slt0_r_reg\[6\]/QN,u0_slt0_r[6],pin,net
u0_slt0_r[6],g152442__1617/A1,net,pin
u0_slt0_r_reg\[7\]/QN,u0_slt0_r[7],pin,net
u0_slt0_r[7],g152440__3680/A1,net,pin
u0_slt0_r_reg\[8\]/QN,u0_slt0_r[8],pin,net
u0_slt0_r[8],g152438__6783/A1,net,pin
u0_slt0_r_reg\[9\]/QN,u0_slt0_r[9],pin,net
u0_slt0_r[9],g152436__5526/A,net,pin
u0_slt1_r_reg\[0\]/QN,u0_slt1_r[0],pin,net
u0_slt1_r[0],g152494__6783/A,net,pin
u0_slt1_r_reg\[10\]/QN,u0_slt1_r[10],pin,net
u0_slt1_r[10],g152474__1666/A,net,pin
u0_slt1_r_reg\[11\]/QN,u0_slt1_r[11],pin,net
u0_slt1_r[11],g152472__2346/A1,net,pin
u0_slt1_r_reg\[12\]/QN,u0_slt1_r[12],pin,net
u0_slt1_r[12],g152470__2883/A1,net,pin
u0_slt1_r_reg\[13\]/QN,u0_slt1_r[13],pin,net
u0_slt1_r[13],g152468__9945/A1,net,pin
u0_slt1_r_reg\[14\]/QN,u0_slt1_r[14],pin,net
u0_slt1_r[14],g152466__9315/A1,net,pin
u0_slt1_r_reg\[15\]/QN,u0_slt1_r[15],pin,net
u0_slt1_r[15],g152464__6161/A1,net,pin
u0_slt1_r_reg\[16\]/QN,u0_slt1_r[16],pin,net
u0_slt1_r[16],g152462__4733/A1,net,pin
u0_slt1_r_reg\[17\]/QN,u0_slt1_r[17],pin,net
u0_slt1_r[17],g152460__7482/A1,net,pin
u0_slt1_r_reg\[18\]/QN,u0_slt1_r[18],pin,net
u0_slt1_r[18],g152458__5115/A1,net,pin
u0_slt1_r_reg\[19\]/QN,u0_slt1_r[19],pin,net
u0_slt1_r[19],g152456__1881/A,net,pin
u0_slt1_r_reg\[1\]/QN,u0_slt1_r[1],pin,net
u0_slt1_r[1],g152492__5526/A,net,pin
u0_slt1_r_reg\[2\]/QN,u0_slt1_r[2],pin,net
u0_slt1_r[2],g152490__8428/A,net,pin
u0_slt1_r_reg\[3\]/QN,u0_slt1_r[3],pin,net
u0_slt1_r[3],g152488__4319/A,net,pin
u0_slt1_r_reg\[4\]/QN,u0_slt1_r[4],pin,net
u0_slt1_r[4],g152486__6260/A,net,pin
u0_slt1_r_reg\[5\]/QN,u0_slt1_r[5],pin,net
u0_slt1_r[5],g152484__5107/A,net,pin
u0_slt1_r_reg\[6\]/QN,u0_slt1_r[6],pin,net
u0_slt1_r[6],g152482__2398/A,net,pin
u0_slt1_r_reg\[7\]/QN,u0_slt1_r[7],pin,net
u0_slt1_r[7],g152480__5477/A,net,pin
u0_slt1_r_reg\[8\]/QN,u0_slt1_r[8],pin,net
u0_slt1_r[8],g152478__6417/A,net,pin
u0_slt1_r_reg\[9\]/QN,u0_slt1_r[9],pin,net
u0_slt1_r[9],g152476__7410/A,net,pin
u0_slt2_r_reg\[0\]/QN,u0_slt2_r[0],pin,net
u0_slt2_r[0],g152534__6417/A,net,pin
u0_slt2_r_reg\[10\]/QN,u0_slt2_r[10],pin,net
u0_slt2_r[10],g152514__5115/A1,net,pin
u0_slt2_r_reg\[11\]/QN,u0_slt2_r[11],pin,net
u0_slt2_r[11],g152512__1881/A1,net,pin
u0_slt2_r_reg\[12\]/QN,u0_slt2_r[12],pin,net
u0_slt2_r[12],g152510__6131/A1,net,pin
u0_slt2_r_reg\[13\]/QN,u0_slt2_r[13],pin,net
u0_slt2_r[13],g152508__7098/A1,net,pin
u0_slt2_r_reg\[14\]/QN,u0_slt2_r[14],pin,net
u0_slt2_r[14],g152506__8246/A1,net,pin
u0_slt2_r_reg\[15\]/QN,u0_slt2_r[15],pin,net
u0_slt2_r[15],g152504__5122/A1,net,pin
u0_slt2_r_reg\[16\]/QN,u0_slt2_r[16],pin,net
u0_slt2_r[16],g152502__1705/A1,net,pin
u0_slt2_r_reg\[17\]/QN,u0_slt2_r[17],pin,net
u0_slt2_r[17],g152500__2802/A1,net,pin
u0_slt2_r_reg\[18\]/QN,u0_slt2_r[18],pin,net
u0_slt2_r[18],g152498__1617/A1,net,pin
u0_slt2_r_reg\[19\]/QN,u0_slt2_r[19],pin,net
u0_slt2_r[19],g152496__3680/A,net,pin
u0_slt2_r_reg\[1\]/QN,u0_slt2_r[1],pin,net
u0_slt2_r[1],g152532__7410/A,net,pin
u0_slt2_r_reg\[2\]/QN,u0_slt2_r[2],pin,net
u0_slt2_r[2],g152530__1666/A,net,pin
u0_slt2_r_reg\[3\]/QN,u0_slt2_r[3],pin,net
u0_slt2_r[3],g152528__2346/A1,net,pin
u0_slt2_r_reg\[4\]/QN,u0_slt2_r[4],pin,net
u0_slt2_r[4],g152526__2883/A1,net,pin
u0_slt2_r_reg\[5\]/QN,u0_slt2_r[5],pin,net
u0_slt2_r[5],g152524__9945/A1,net,pin
u0_slt2_r_reg\[6\]/QN,u0_slt2_r[6],pin,net
u0_slt2_r[6],g152522__9315/A1,net,pin
u0_slt2_r_reg\[7\]/QN,u0_slt2_r[7],pin,net
u0_slt2_r[7],g152520__6161/A1,net,pin
u0_slt2_r_reg\[8\]/QN,u0_slt2_r[8],pin,net
u0_slt2_r[8],g152518__4733/A1,net,pin
u0_slt2_r_reg\[9\]/QN,u0_slt2_r[9],pin,net
u0_slt2_r[9],g152516__7482/A1,net,pin
u0_slt3_r_reg\[0\]/QN,u0_slt3_r[0],pin,net
u0_slt3_r[0],g152574__4733/A1,net,pin
u0_slt3_r_reg\[10\]/QN,u0_slt3_r[10],pin,net
u0_slt3_r[10],g152554__1617/A1,net,pin
u0_slt3_r_reg\[11\]/QN,u0_slt3_r[11],pin,net
u0_slt3_r[11],g152552__3680/A1,net,pin
u0_slt3_r_reg\[12\]/QN,u0_slt3_r[12],pin,net
u0_slt3_r[12],g152550__6783/A1,net,pin
u0_slt3_r_reg\[13\]/QN,u0_slt3_r[13],pin,net
u0_slt3_r[13],g152548__5526/A1,net,pin
u0_slt3_r_reg\[14\]/QN,u0_slt3_r[14],pin,net
u0_slt3_r[14],g152546__8428/A1,net,pin
u0_slt3_r_reg\[15\]/QN,u0_slt3_r[15],pin,net
u0_slt3_r[15],g152544__4319/A1,net,pin
u0_slt3_r_reg\[16\]/QN,u0_slt3_r[16],pin,net
u0_slt3_r[16],g152542__6260/A1,net,pin
u0_slt3_r_reg\[17\]/QN,u0_slt3_r[17],pin,net
u0_slt3_r[17],g152540__5107/A1,net,pin
u0_slt3_r_reg\[18\]/QN,u0_slt3_r[18],pin,net
u0_slt3_r[18],g152538__2398/A1,net,pin
u0_slt3_r_reg\[19\]/QN,u0_slt3_r[19],pin,net
u0_slt3_r[19],g152536__5477/A,net,pin
u0_slt3_r_reg\[1\]/QN,u0_slt3_r[1],pin,net
u0_slt3_r[1],g152572__7482/A1,net,pin
u0_slt3_r_reg\[2\]/QN,u0_slt3_r[2],pin,net
u0_slt3_r[2],g152570__5115/A1,net,pin
u0_slt3_r_reg\[3\]/QN,u0_slt3_r[3],pin,net
u0_slt3_r[3],g152568__1881/A1,net,pin
u0_slt3_r_reg\[4\]/QN,u0_slt3_r[4],pin,net
u0_slt3_r[4],g152566__6131/A1,net,pin
u0_slt3_r_reg\[5\]/QN,u0_slt3_r[5],pin,net
u0_slt3_r[5],g152564__7098/A1,net,pin
u0_slt3_r_reg\[6\]/QN,u0_slt3_r[6],pin,net
u0_slt3_r[6],g152562__8246/A1,net,pin
u0_slt3_r_reg\[7\]/QN,u0_slt3_r[7],pin,net
u0_slt3_r[7],g152560__5122/A1,net,pin
u0_slt3_r_reg\[8\]/QN,u0_slt3_r[8],pin,net
u0_slt3_r[8],g152558__1705/A1,net,pin
u0_slt3_r_reg\[9\]/QN,u0_slt3_r[9],pin,net
u0_slt3_r[9],g152556__2802/A1,net,pin
u0_slt4_r_reg\[0\]/QN,u0_slt4_r[0],pin,net
u0_slt4_r[0],g152614__1705/A1,net,pin
u0_slt4_r_reg\[10\]/QN,u0_slt4_r[10],pin,net
u0_slt4_r[10],g152594__2398/A1,net,pin
u0_slt4_r_reg\[11\]/QN,u0_slt4_r[11],pin,net
u0_slt4_r[11],g152592__5477/A1,net,pin
u0_slt4_r_reg\[12\]/QN,u0_slt4_r[12],pin,net
u0_slt4_r[12],g152590__6417/A1,net,pin
u0_slt4_r_reg\[13\]/QN,u0_slt4_r[13],pin,net
u0_slt4_r[13],g152588__7410/A1,net,pin
u0_slt4_r_reg\[14\]/QN,u0_slt4_r[14],pin,net
u0_slt4_r[14],g152586__1666/A1,net,pin
u0_slt4_r_reg\[15\]/QN,u0_slt4_r[15],pin,net
u0_slt4_r[15],g152584__2346/A1,net,pin
u0_slt4_r_reg\[16\]/QN,u0_slt4_r[16],pin,net
u0_slt4_r[16],g152582__2883/A1,net,pin
u0_slt4_r_reg\[17\]/QN,u0_slt4_r[17],pin,net
u0_slt4_r[17],g152580__9945/A1,net,pin
u0_slt4_r_reg\[18\]/QN,u0_slt4_r[18],pin,net
u0_slt4_r[18],g152578__9315/A1,net,pin
u0_slt4_r_reg\[19\]/QN,u0_slt4_r[19],pin,net
u0_slt4_r[19],g152576__6161/A1,net,pin
u0_slt4_r_reg\[1\]/QN,u0_slt4_r[1],pin,net
u0_slt4_r[1],g152612__2802/A1,net,pin
u0_slt4_r_reg\[2\]/QN,u0_slt4_r[2],pin,net
u0_slt4_r[2],g152610__1617/A1,net,pin
u0_slt4_r_reg\[3\]/QN,u0_slt4_r[3],pin,net
u0_slt4_r[3],g152608__3680/A1,net,pin
u0_slt4_r_reg\[4\]/QN,u0_slt4_r[4],pin,net
u0_slt4_r[4],g152606__6783/A1,net,pin
u0_slt4_r_reg\[5\]/QN,u0_slt4_r[5],pin,net
u0_slt4_r[5],g152604__5526/A1,net,pin
u0_slt4_r_reg\[6\]/QN,u0_slt4_r[6],pin,net
u0_slt4_r[6],g152602__8428/A1,net,pin
u0_slt4_r_reg\[7\]/QN,u0_slt4_r[7],pin,net
u0_slt4_r[7],g152600__4319/A1,net,pin
u0_slt4_r_reg\[8\]/QN,u0_slt4_r[8],pin,net
u0_slt4_r[8],g152598__6260/A1,net,pin
u0_slt4_r_reg\[9\]/QN,u0_slt4_r[9],pin,net
u0_slt4_r[9],g152596__5107/A1,net,pin
u0_slt5_r_reg\[0\]/QN,u0_slt5_r[0],pin,net
u0_slt5_r[0],g152654__6260/A,net,pin
u0_slt5_r_reg\[10\]/QN,u0_slt5_r[10],pin,net
u0_slt5_r[10],g152634__9315/A,net,pin
u0_slt5_r_reg\[11\]/QN,u0_slt5_r[11],pin,net
u0_slt5_r[11],g152632__6161/A,net,pin
u0_slt5_r_reg\[12\]/QN,u0_slt5_r[12],pin,net
u0_slt5_r[12],g152630__4733/A,net,pin
u0_slt5_r_reg\[13\]/QN,u0_slt5_r[13],pin,net
u0_slt5_r[13],g152628__7482/A,net,pin
u0_slt5_r_reg\[14\]/QN,u0_slt5_r[14],pin,net
u0_slt5_r[14],g152626__5115/A,net,pin
u0_slt5_r_reg\[15\]/QN,u0_slt5_r[15],pin,net
u0_slt5_r[15],g152624__1881/A,net,pin
u0_slt5_r_reg\[16\]/QN,u0_slt5_r[16],pin,net
u0_slt5_r[16],g152622__6131/A,net,pin
u0_slt5_r_reg\[17\]/QN,u0_slt5_r[17],pin,net
u0_slt5_r[17],g152620__7098/A,net,pin
u0_slt5_r_reg\[18\]/QN,u0_slt5_r[18],pin,net
u0_slt5_r[18],g152618__8246/A,net,pin
u0_slt5_r_reg\[19\]/QN,u0_slt5_r[19],pin,net
u0_slt5_r[19],g152616__5122/A1,net,pin
u0_slt5_r_reg\[1\]/QN,u0_slt5_r[1],pin,net
u0_slt5_r[1],g152652__5107/A,net,pin
u0_slt5_r_reg\[2\]/QN,u0_slt5_r[2],pin,net
u0_slt5_r[2],g152650__2398/A,net,pin
u0_slt5_r_reg\[3\]/QN,u0_slt5_r[3],pin,net
u0_slt5_r[3],g152648__5477/A,net,pin
u0_slt5_r_reg\[4\]/QN,u0_slt5_r[4],pin,net
u0_slt5_r[4],g152646__6417/A,net,pin
u0_slt5_r_reg\[5\]/QN,u0_slt5_r[5],pin,net
u0_slt5_r[5],g152644__7410/A,net,pin
u0_slt5_r_reg\[6\]/QN,u0_slt5_r[6],pin,net
u0_slt5_r[6],g152642__1666/A,net,pin
u0_slt5_r_reg\[7\]/QN,u0_slt5_r[7],pin,net
u0_slt5_r[7],g152640__2346/A,net,pin
u0_slt5_r_reg\[8\]/QN,u0_slt5_r[8],pin,net
u0_slt5_r[8],g152638__2883/A,net,pin
u0_slt5_r_reg\[9\]/QN,u0_slt5_r[9],pin,net
u0_slt5_r[9],g152636__9945/A,net,pin
u0_slt6_r_reg\[0\]/QN,u0_slt6_r[0],pin,net
u0_slt6_r[0],g152694__2883/A1,net,pin
u0_slt6_r_reg\[10\]/QN,u0_slt6_r[10],pin,net
u0_slt6_r[10],g152674__8246/A1,net,pin
u0_slt6_r_reg\[11\]/QN,u0_slt6_r[11],pin,net
u0_slt6_r[11],g152672__5122/A1,net,pin
u0_slt6_r_reg\[12\]/QN,u0_slt6_r[12],pin,net
u0_slt6_r[12],g152670__1705/A1,net,pin
u0_slt6_r_reg\[13\]/QN,u0_slt6_r[13],pin,net
u0_slt6_r[13],g152668__2802/A1,net,pin
u0_slt6_r_reg\[14\]/QN,u0_slt6_r[14],pin,net
u0_slt6_r[14],g152666__1617/A1,net,pin
u0_slt6_r_reg\[15\]/QN,u0_slt6_r[15],pin,net
u0_slt6_r[15],g152664__3680/A1,net,pin
u0_slt6_r_reg\[16\]/QN,u0_slt6_r[16],pin,net
u0_slt6_r[16],g152662__6783/A1,net,pin
u0_slt6_r_reg\[17\]/QN,u0_slt6_r[17],pin,net
u0_slt6_r[17],g152660__5526/A1,net,pin
u0_slt6_r_reg\[18\]/QN,u0_slt6_r[18],pin,net
u0_slt6_r[18],g152658__8428/A1,net,pin
u0_slt6_r_reg\[19\]/QN,u0_slt6_r[19],pin,net
u0_slt6_r[19],g152656__4319/A,net,pin
u0_slt6_r_reg\[1\]/QN,u0_slt6_r[1],pin,net
u0_slt6_r[1],g152692__9945/A1,net,pin
u0_slt6_r_reg\[2\]/QN,u0_slt6_r[2],pin,net
u0_slt6_r[2],g152690__9315/A1,net,pin
u0_slt6_r_reg\[3\]/QN,u0_slt6_r[3],pin,net
u0_slt6_r[3],g152688__6161/A1,net,pin
u0_slt6_r_reg\[4\]/QN,u0_slt6_r[4],pin,net
u0_slt6_r[4],g152686__4733/A1,net,pin
u0_slt6_r_reg\[5\]/QN,u0_slt6_r[5],pin,net
u0_slt6_r[5],g152684__7482/A1,net,pin
u0_slt6_r_reg\[6\]/QN,u0_slt6_r[6],pin,net
u0_slt6_r[6],g152682__5115/A1,net,pin
u0_slt6_r_reg\[7\]/QN,u0_slt6_r[7],pin,net
u0_slt6_r[7],g152680__1881/A1,net,pin
u0_slt6_r_reg\[8\]/QN,u0_slt6_r[8],pin,net
u0_slt6_r[8],g152678__6131/A1,net,pin
u0_slt6_r_reg\[9\]/QN,u0_slt6_r[9],pin,net
u0_slt6_r[9],g152676__7098/A1,net,pin
u0_slt7_r_reg\[0\]/QN,u0_slt7_r[0],pin,net
u0_slt7_r[0],g152734__6131/A1,net,pin
u0_slt7_r_reg\[10\]/QN,u0_slt7_r[10],pin,net
u0_slt7_r[10],g152714__8428/A1,net,pin
u0_slt7_r_reg\[11\]/QN,u0_slt7_r[11],pin,net
u0_slt7_r[11],g152712__4319/A1,net,pin
u0_slt7_r_reg\[12\]/QN,u0_slt7_r[12],pin,net
u0_slt7_r[12],g152710__6260/A1,net,pin
u0_slt7_r_reg\[13\]/QN,u0_slt7_r[13],pin,net
u0_slt7_r[13],g152708__5107/A1,net,pin
u0_slt7_r_reg\[14\]/QN,u0_slt7_r[14],pin,net
u0_slt7_r[14],g152706__2398/A1,net,pin
u0_slt7_r_reg\[15\]/QN,u0_slt7_r[15],pin,net
u0_slt7_r[15],g152704__5477/A1,net,pin
u0_slt7_r_reg\[16\]/QN,u0_slt7_r[16],pin,net
u0_slt7_r[16],g152702__6417/A1,net,pin
u0_slt7_r_reg\[17\]/QN,u0_slt7_r[17],pin,net
u0_slt7_r[17],g152700__7410/A1,net,pin
u0_slt7_r_reg\[18\]/QN,u0_slt7_r[18],pin,net
u0_slt7_r[18],g152698__1666/A1,net,pin
u0_slt7_r_reg\[19\]/QN,u0_slt7_r[19],pin,net
u0_slt7_r[19],g152696__2346/A1,net,pin
u0_slt7_r_reg\[1\]/QN,u0_slt7_r[1],pin,net
u0_slt7_r[1],g152732__7098/A1,net,pin
u0_slt7_r_reg\[2\]/QN,u0_slt7_r[2],pin,net
u0_slt7_r[2],g152730__8246/A1,net,pin
u0_slt7_r_reg\[3\]/QN,u0_slt7_r[3],pin,net
u0_slt7_r[3],g152728__5122/A1,net,pin
u0_slt7_r_reg\[4\]/QN,u0_slt7_r[4],pin,net
u0_slt7_r[4],g152726__1705/A1,net,pin
u0_slt7_r_reg\[5\]/QN,u0_slt7_r[5],pin,net
u0_slt7_r[5],g152724__2802/A1,net,pin
u0_slt7_r_reg\[6\]/QN,u0_slt7_r[6],pin,net
u0_slt7_r[6],g152722__1617/A1,net,pin
u0_slt7_r_reg\[7\]/QN,u0_slt7_r[7],pin,net
u0_slt7_r[7],g152720__3680/A1,net,pin
u0_slt7_r_reg\[8\]/QN,u0_slt7_r[8],pin,net
u0_slt7_r[8],g152718__6783/A1,net,pin
u0_slt7_r_reg\[9\]/QN,u0_slt7_r[9],pin,net
u0_slt7_r[9],g152716__5526/A1,net,pin
u0_slt8_r_reg\[0\]/QN,u0_slt8_r[0],pin,net
u0_slt8_r[0],g152774__6783/A1,net,pin
u0_slt8_r_reg\[10\]/QN,u0_slt8_r[10],pin,net
u0_slt8_r[10],g152754__1666/A1,net,pin
u0_slt8_r_reg\[11\]/QN,u0_slt8_r[11],pin,net
u0_slt8_r[11],g152752__2346/A1,net,pin
u0_slt8_r_reg\[12\]/QN,u0_slt8_r[12],pin,net
u0_slt8_r[12],g152750__2883/A1,net,pin
u0_slt8_r_reg\[13\]/QN,u0_slt8_r[13],pin,net
u0_slt8_r[13],g152748__9945/A1,net,pin
u0_slt8_r_reg\[14\]/QN,u0_slt8_r[14],pin,net
u0_slt8_r[14],g152746__9315/A1,net,pin
u0_slt8_r_reg\[15\]/QN,u0_slt8_r[15],pin,net
u0_slt8_r[15],g152744__6161/A1,net,pin
u0_slt8_r_reg\[16\]/QN,u0_slt8_r[16],pin,net
u0_slt8_r[16],g152742__4733/A1,net,pin
u0_slt8_r_reg\[17\]/QN,u0_slt8_r[17],pin,net
u0_slt8_r[17],g152740__7482/A1,net,pin
u0_slt8_r_reg\[18\]/QN,u0_slt8_r[18],pin,net
u0_slt8_r[18],g152738__5115/A1,net,pin
u0_slt8_r_reg\[19\]/QN,u0_slt8_r[19],pin,net
u0_slt8_r[19],g152736__1881/A1,net,pin
u0_slt8_r_reg\[1\]/QN,u0_slt8_r[1],pin,net
u0_slt8_r[1],g152772__5526/A1,net,pin
u0_slt8_r_reg\[2\]/QN,u0_slt8_r[2],pin,net
u0_slt8_r[2],g152770__8428/A1,net,pin
u0_slt8_r_reg\[3\]/QN,u0_slt8_r[3],pin,net
u0_slt8_r[3],g152768__4319/A1,net,pin
u0_slt8_r_reg\[4\]/QN,u0_slt8_r[4],pin,net
u0_slt8_r[4],g152766__6260/A1,net,pin
u0_slt8_r_reg\[5\]/QN,u0_slt8_r[5],pin,net
u0_slt8_r[5],g152764__5107/A1,net,pin
u0_slt8_r_reg\[6\]/QN,u0_slt8_r[6],pin,net
u0_slt8_r[6],g152762__2398/A1,net,pin
u0_slt8_r_reg\[7\]/QN,u0_slt8_r[7],pin,net
u0_slt8_r[7],g152760__5477/A1,net,pin
u0_slt8_r_reg\[8\]/QN,u0_slt8_r[8],pin,net
u0_slt8_r[8],g152758__6417/A1,net,pin
u0_slt8_r_reg\[9\]/QN,u0_slt8_r[9],pin,net
u0_slt8_r[9],g152756__7410/A1,net,pin
u0_slt9_r_reg\[0\]/QN,u0_slt9_r[0],pin,net
u0_slt9_r[0],g154841/A1,net,pin
u0_slt9_r_reg\[10\]/QN,u0_slt9_r[10],pin,net
u0_slt9_r[10],g152794__5115/A1,net,pin
u0_slt9_r_reg\[11\]/QN,u0_slt9_r[11],pin,net
u0_slt9_r[11],g152792__1881/A1,net,pin
u0_slt9_r_reg\[12\]/QN,u0_slt9_r[12],pin,net
u0_slt9_r[12],g152790__6131/A1,net,pin
u0_slt9_r_reg\[13\]/QN,u0_slt9_r[13],pin,net
u0_slt9_r[13],g152788__7098/A1,net,pin
u0_slt9_r_reg\[14\]/QN,u0_slt9_r[14],pin,net
u0_slt9_r[14],g152786__8246/A1,net,pin
u0_slt9_r_reg\[15\]/QN,u0_slt9_r[15],pin,net
u0_slt9_r[15],g152784__5122/A1,net,pin
u0_slt9_r_reg\[16\]/QN,u0_slt9_r[16],pin,net
u0_slt9_r[16],g152782__1705/A1,net,pin
u0_slt9_r_reg\[17\]/QN,u0_slt9_r[17],pin,net
u0_slt9_r[17],g152780__2802/A1,net,pin
u0_slt9_r_reg\[18\]/QN,u0_slt9_r[18],pin,net
u0_slt9_r[18],g152778__1617/A1,net,pin
u0_slt9_r_reg\[19\]/QN,u0_slt9_r[19],pin,net
u0_slt9_r[19],g152776__3680/A1,net,pin
u0_slt9_r_reg\[1\]/QN,u0_slt9_r[1],pin,net
u0_slt9_r[1],g153840/A1,net,pin
u0_slt9_r_reg\[2\]/QN,u0_slt9_r[2],pin,net
u0_slt9_r[2],g152881__7410/A1,net,pin
u0_slt9_r_reg\[3\]/QN,u0_slt9_r[3],pin,net
u0_slt9_r[3],g152847__2883/A1,net,pin
u0_slt9_r_reg\[4\]/QN,u0_slt9_r[4],pin,net
u0_slt9_r[4],g152818__5122/A1,net,pin
u0_slt9_r_reg\[5\]/QN,u0_slt9_r[5],pin,net
u0_slt9_r[5],g152804__2398/A1,net,pin
u0_slt9_r_reg\[6\]/QN,u0_slt9_r[6],pin,net
u0_slt9_r[6],g152802__9945/A1,net,pin
u0_slt9_r_reg\[7\]/QN,u0_slt9_r[7],pin,net
u0_slt9_r[7],g152800__8246/A1,net,pin
u0_slt9_r_reg\[8\]/QN,u0_slt9_r[8],pin,net
u0_slt9_r[8],g152798__6260/A1,net,pin
u0_slt9_r_reg\[9\]/QN,u0_slt9_r[9],pin,net
u0_slt9_r[9],g152796__7410/A1,net,pin
u10_din_tmp1_reg\[0\]/QN,u10_din_tmp1[0],pin,net
u10_din_tmp1[0],g191945/A1,net,pin
u10_din_tmp1[0],g186830/A2,net,pin
u10_din_tmp1_reg\[10\]/QN,u10_din_tmp1[10],pin,net
u10_din_tmp1[10],g182844/A2,net,pin
u10_din_tmp1[10],g158849/A,net,pin
u10_din_tmp1_reg\[11\]/QN,u10_din_tmp1[11],pin,net
u10_din_tmp1[11],g186648/A1,net,pin
u10_din_tmp1[11],g127/A1,net,pin
u10_din_tmp1_reg\[12\]/QN,u10_din_tmp1[12],pin,net
u10_din_tmp1[12],g186613/A1,net,pin
u10_din_tmp1[12],g158878/B,net,pin
u10_din_tmp1_reg\[13\]/QN,u10_din_tmp1[13],pin,net
u10_din_tmp1[13],g182861/A2,net,pin
u10_din_tmp1[13],g158890/A,net,pin
u10_din_tmp1_reg\[14\]/QN,u10_din_tmp1[14],pin,net
u10_din_tmp1[14],g182871/A2,net,pin
u10_din_tmp1[14],g158877/A,net,pin
u10_din_tmp1_reg\[15\]/QN,u10_din_tmp1[15],pin,net
u10_din_tmp1[15],g182869/A2,net,pin
u10_din_tmp1[15],g158879/A,net,pin
u10_din_tmp1_reg\[1\]/QN,u10_din_tmp1[1],pin,net
u10_din_tmp1[1],g198622/A1,net,pin
u10_din_tmp1[1],g182851/A2,net,pin
u10_din_tmp1_reg\[2\]/QN,u10_din_tmp1[2],pin,net
u10_din_tmp1[2],g210419/B1,net,pin
u10_din_tmp1[2],g182867/A2,net,pin
u10_din_tmp1_reg\[3\]/QN,u10_din_tmp1[3],pin,net
u10_din_tmp1[3],g187478/B1,net,pin
u10_din_tmp1[3],g182877/A2,net,pin
u10_din_tmp1_reg\[4\]/QN,u10_din_tmp1[4],pin,net
u10_din_tmp1[4],g191486/A2,net,pin
u10_din_tmp1[4],g182853/A2,net,pin
u10_din_tmp1_reg\[5\]/QN,u10_din_tmp1[5],pin,net
u10_din_tmp1[5],g191491/A2,net,pin
u10_din_tmp1[5],g182859/A2,net,pin
u10_din_tmp1_reg\[6\]/QN,u10_din_tmp1[6],pin,net
u10_din_tmp1[6],g186657/A1,net,pin
u10_din_tmp1[6],g177857/B,net,pin
u10_din_tmp1_reg\[7\]/QN,u10_din_tmp1[7],pin,net
u10_din_tmp1[7],g182873/A2,net,pin
u10_din_tmp1[7],g158862/A,net,pin
u10_din_tmp1_reg\[8\]/QN,u10_din_tmp1[8],pin,net
u10_din_tmp1[8],g186598/A1,net,pin
u10_din_tmp1[8],g184549/A2,net,pin
u10_din_tmp1_reg\[9\]/QN,u10_din_tmp1[9],pin,net
u10_din_tmp1[9],g182865/A2,net,pin
u10_din_tmp1[9],g173051/B,net,pin
u10_mem_reg\[0\]\[0\]/QN,u10_mem\[0\][0],pin,net
u10_mem\[0\][0],g167122/A2,net,pin
u10_mem\[0\][0],g154002__2346/B1,net,pin
u10_mem_reg\[0\]\[10\]/QN,u10_mem\[0\][10],pin,net
u10_mem\[0\][10],g196914/A2,net,pin
u10_mem\[0\][10],g167098/A2,net,pin
u10_mem_reg\[0\]\[11\]/QN,u10_mem\[0\][11],pin,net
u10_mem\[0\][11],g172949/B1,net,pin
u10_mem\[0\][11],g167096/A2,net,pin
u10_mem_reg\[0\]\[12\]/QN,u10_mem\[0\][12],pin,net
u10_mem\[0\][12],g181393/A2,net,pin
u10_mem\[0\][12],g167112/A2,net,pin
u10_mem_reg\[0\]\[13\]/QN,u10_mem\[0\][13],pin,net
u10_mem\[0\][13],g167117/A2,net,pin
u10_mem\[0\][13],g154077__1617/B2,net,pin
u10_mem_reg\[0\]\[14\]/QN,u10_mem\[0\][14],pin,net
u10_mem\[0\][14],g167121/A2,net,pin
u10_mem\[0\][14],g154078__2802/B1,net,pin
u10_mem_reg\[0\]\[15\]/QN,u10_mem\[0\][15],pin,net
u10_mem\[0\][15],g167124/A2,net,pin
u10_mem\[0\][15],g154079__1705/B1,net,pin
u10_mem_reg\[0\]\[16\]/QN,u10_mem\[0\][16],pin,net
u10_mem\[0\][16],g167123/A2,net,pin
u10_mem\[0\][16],g154080__5122/B1,net,pin
u10_mem_reg\[0\]\[17\]/QN,u10_mem\[0\][17],pin,net
u10_mem\[0\][17],g167114/A2,net,pin
u10_mem\[0\][17],g154081__7098/B1,net,pin
u10_mem_reg\[0\]\[18\]/QN,u10_mem\[0\][18],pin,net
u10_mem\[0\][18],g167109/A2,net,pin
u10_mem\[0\][18],g154082__167222/B1,net,pin
u10_mem_reg\[0\]\[19\]/QN,u10_mem\[0\][19],pin,net
u10_mem\[0\][19],g171378/A2,net,pin
u10_mem\[0\][19],g167120/A2,net,pin
u10_mem_reg\[0\]\[1\]/QN,u10_mem\[0\][1],pin,net
u10_mem\[0\][1],g167116/A2,net,pin
u10_mem\[0\][1],g153978__7098/B1,net,pin
u10_mem_reg\[0\]\[20\]/QN,u10_mem\[0\][20],pin,net
u10_mem\[0\][20],g167115/A2,net,pin
u10_mem\[0\][20],g154142__6417/B1,net,pin
u10_mem_reg\[0\]\[21\]/QN,u10_mem\[0\][21],pin,net
u10_mem\[0\][21],g167119/A2,net,pin
u10_mem\[0\][21],g154143__6131/B1,net,pin
u10_mem_reg\[0\]\[22\]/QN,u10_mem\[0\][22],pin,net
u10_mem\[0\][22],g167099/A2,net,pin
u10_mem\[0\][22],g154144__1881/B1,net,pin
u10_mem_reg\[0\]\[23\]/QN,u10_mem\[0\][23],pin,net
u10_mem\[0\][23],g184510/A1,net,pin
u10_mem\[0\][23],g154145__5115/B1,net,pin
u10_mem_reg\[0\]\[24\]/QN,u10_mem\[0\][24],pin,net
u10_mem\[0\][24],g167108/A2,net,pin
u10_mem\[0\][24],g154146__7482/B1,net,pin
u10_mem_reg\[0\]\[25\]/QN,u10_mem\[0\][25],pin,net
u10_mem\[0\][25],g167107/A2,net,pin
u10_mem\[0\][25],g154147__4733/B1,net,pin
u10_mem_reg\[0\]\[26\]/QN,u10_mem\[0\][26],pin,net
u10_mem\[0\][26],g167118/A2,net,pin
u10_mem\[0\][26],g154148__6161/B1,net,pin
u10_mem_reg\[0\]\[27\]/QN,u10_mem\[0\][27],pin,net
u10_mem\[0\][27],g167104/A2,net,pin
u10_mem\[0\][27],g154149__9315/B1,net,pin
u10_mem_reg\[0\]\[28\]/QN,u10_mem\[0\][28],pin,net
u10_mem\[0\][28],g167100/A2,net,pin
u10_mem\[0\][28],g154150__9945/B1,net,pin
u10_mem_reg\[0\]\[29\]/QN,u10_mem\[0\][29],pin,net
u10_mem\[0\][29],g167113/A2,net,pin
u10_mem\[0\][29],g154151__2883/B1,net,pin
u10_mem_reg\[0\]\[2\]/QN,u10_mem\[0\][2],pin,net
u10_mem\[0\][2],g167110/A2,net,pin
u10_mem\[0\][2],g154003__1666/B1,net,pin
u10_mem_reg\[0\]\[30\]/QN,u10_mem\[0\][30],pin,net
u10_mem\[0\][30],g167106/A2,net,pin
u10_mem\[0\][30],g154152__2346/B1,net,pin
u10_mem_reg\[0\]\[31\]/QN,u10_mem\[0\][31],pin,net
u10_mem\[0\][31],g167102/A2,net,pin
u10_mem\[0\][31],g154153__1666/B1,net,pin
u10_mem_reg\[0\]\[3\]/QN,u10_mem\[0\][3],pin,net
u10_mem\[0\][3],g167101/A2,net,pin
u10_mem\[0\][3],g153986__5115/B1,net,pin
u10_mem_reg\[0\]\[4\]/QN,u10_mem\[0\][4],pin,net
u10_mem\[0\][4],g167103/A2,net,pin
u10_mem\[0\][4],g153985__1881/B1,net,pin
u10_mem_reg\[0\]\[5\]/QN,u10_mem\[0\][5],pin,net
u10_mem\[0\][5],g167126/A2,net,pin
u10_mem\[0\][5],g154069__2398/B1,net,pin
u10_mem_reg\[0\]\[6\]/QN,u10_mem\[0\][6],pin,net
u10_mem\[0\][6],g175956/B1,net,pin
u10_mem\[0\][6],g167111/A2,net,pin
u10_mem_reg\[0\]\[7\]/QN,u10_mem\[0\][7],pin,net
u10_mem\[0\][7],g167105/A2,net,pin
u10_mem\[0\][7],g154071__6260/B1,net,pin
u10_mem_reg\[0\]\[8\]/QN,u10_mem\[0\][8],pin,net
u10_mem\[0\][8],g175968/B1,net,pin
u10_mem\[0\][8],g167097/A2,net,pin
u10_mem_reg\[0\]\[9\]/QN,u10_mem\[0\][9],pin,net
u10_mem\[0\][9],g172541/B1,net,pin
u10_mem\[0\][9],g167125/A2,net,pin
u10_mem_reg\[1\]\[0\]/QN,u10_mem\[1\][0],pin,net
u10_mem\[1\][0],g209807/A1,net,pin
u10_mem\[1\][0],g167122/B2,net,pin
u10_mem_reg\[1\]\[10\]/QN,u10_mem\[1\][10],pin,net
u10_mem\[1\][10],g209801/A1,net,pin
u10_mem\[1\][10],g167098/B2,net,pin
u10_mem_reg\[1\]\[11\]/QN,u10_mem\[1\][11],pin,net
u10_mem\[1\][11],g167096/B2,net,pin
u10_mem\[1\][11],g153862__6417/B1,net,pin
u10_mem_reg\[1\]\[12\]/QN,u10_mem\[1\][12],pin,net
u10_mem\[1\][12],g167112/B2,net,pin
u10_mem\[1\][12],g153863__2802/B1,net,pin
u10_mem_reg\[1\]\[13\]/QN,u10_mem\[1\][13],pin,net
u10_mem\[1\][13],g167117/B2,net,pin
u10_mem\[1\][13],g153864__1705/B1,net,pin
u10_mem_reg\[1\]\[14\]/QN,u10_mem\[1\][14],pin,net
u10_mem\[1\][14],g167121/B2,net,pin
u10_mem\[1\][14],g153865__5122/B1,net,pin
u10_mem_reg\[1\]\[15\]/QN,u10_mem\[1\][15],pin,net
u10_mem\[1\][15],g167124/B2,net,pin
u10_mem\[1\][15],g153866__8246/B2,net,pin
u10_mem_reg\[1\]\[16\]/QN,u10_mem\[1\][16],pin,net
u10_mem\[1\][16],g167123/B2,net,pin
u10_mem\[1\][16],g153867__7098/B1,net,pin
u10_mem_reg\[1\]\[17\]/QN,u10_mem\[1\][17],pin,net
u10_mem\[1\][17],g167114/B2,net,pin
u10_mem\[1\][17],g153868__6131/B1,net,pin
u10_mem_reg\[1\]\[18\]/QN,u10_mem\[1\][18],pin,net
u10_mem\[1\][18],g167109/B2,net,pin
u10_mem\[1\][18],g153869__167224/B1,net,pin
u10_mem_reg\[1\]\[19\]/QN,u10_mem\[1\][19],pin,net
u10_mem\[1\][19],g167120/B2,net,pin
u10_mem\[1\][19],g153870__5115/B1,net,pin
u10_mem_reg\[1\]\[1\]/QN,u10_mem\[1\][1],pin,net
u10_mem\[1\][1],g209805/A1,net,pin
u10_mem\[1\][1],g167116/B2,net,pin
u10_mem_reg\[1\]\[20\]/QN,u10_mem\[1\][20],pin,net
u10_mem\[1\][20],g209813/A1,net,pin
u10_mem\[1\][20],g167115/B2,net,pin
u10_mem_reg\[1\]\[21\]/QN,u10_mem\[1\][21],pin,net
u10_mem\[1\][21],g167119/B2,net,pin
u10_mem\[1\][21],g153954__1881/B1,net,pin
u10_mem_reg\[1\]\[22\]/QN,u10_mem\[1\][22],pin,net
u10_mem\[1\][22],g209819/A1,net,pin
u10_mem\[1\][22],g167099/B2,net,pin
u10_mem_reg\[1\]\[23\]/QN,u10_mem\[1\][23],pin,net
u10_mem\[1\][23],g184510/B1,net,pin
u10_mem\[1\][23],g153956__7482/B1,net,pin
u10_mem_reg\[1\]\[24\]/QN,u10_mem\[1\][24],pin,net
u10_mem\[1\][24],g210032/A1,net,pin
u10_mem\[1\][24],g167108/B2,net,pin
u10_mem_reg\[1\]\[25\]/QN,u10_mem\[1\][25],pin,net
u10_mem\[1\][25],g209881/A1,net,pin
u10_mem\[1\][25],g167107/B2,net,pin
u10_mem_reg\[1\]\[26\]/QN,u10_mem\[1\][26],pin,net
u10_mem\[1\][26],g167118/B2,net,pin
u10_mem\[1\][26],g153959__9315/B1,net,pin
u10_mem_reg\[1\]\[27\]/QN,u10_mem\[1\][27],pin,net
u10_mem\[1\][27],g167104/B2,net,pin
u10_mem\[1\][27],g153960__9945/B1,net,pin
u10_mem_reg\[1\]\[28\]/QN,u10_mem\[1\][28],pin,net
u10_mem\[1\][28],g209875/A1,net,pin
u10_mem\[1\][28],g167100/B2,net,pin
u10_mem_reg\[1\]\[29\]/QN,u10_mem\[1\][29],pin,net
u10_mem\[1\][29],g208465/A1,net,pin
u10_mem\[1\][29],g167113/B2,net,pin
u10_mem_reg\[1\]\[2\]/QN,u10_mem\[1\][2],pin,net
u10_mem\[1\][2],g210458/A1,net,pin
u10_mem\[1\][2],g167110/B2,net,pin
u10_mem_reg\[1\]\[30\]/QN,u10_mem\[1\][30],pin,net
u10_mem\[1\][30],g167106/B2,net,pin
u10_mem\[1\][30],g153963__1666/B1,net,pin
u10_mem_reg\[1\]\[31\]/QN,u10_mem\[1\][31],pin,net
u10_mem\[1\][31],g167102/B2,net,pin
u10_mem\[1\][31],g153964__7410/B1,net,pin
u10_mem_reg\[1\]\[3\]/QN,u10_mem\[1\][3],pin,net
u10_mem\[1\][3],g209803/A1,net,pin
u10_mem\[1\][3],g167101/B2,net,pin
u10_mem_reg\[1\]\[4\]/QN,u10_mem\[1\][4],pin,net
u10_mem\[1\][4],g200520/A1,net,pin
u10_mem\[1\][4],g167103/B2,net,pin
u10_mem_reg\[1\]\[5\]/QN,u10_mem\[1\][5],pin,net
u10_mem\[1\][5],g224146/A1,net,pin
u10_mem\[1\][5],g167126/B2,net,pin
u10_mem_reg\[1\]\[6\]/QN,u10_mem\[1\][6],pin,net
u10_mem\[1\][6],g195169/A1,net,pin
u10_mem\[1\][6],g167111/B2,net,pin
u10_mem_reg\[1\]\[7\]/QN,u10_mem\[1\][7],pin,net
u10_mem\[1\][7],g167105/B2,net,pin
u10_mem\[1\][7],g156/B1,net,pin
u10_mem_reg\[1\]\[8\]/QN,u10_mem\[1\][8],pin,net
u10_mem\[1\][8],g167097/B2,net,pin
u10_mem\[1\][8],g153859__4319/B1,net,pin
u10_mem_reg\[1\]\[9\]/QN,u10_mem\[1\][9],pin,net
u10_mem\[1\][9],g197155/A1,net,pin
u10_mem\[1\][9],g167125/B2,net,pin
u10_mem_reg\[2\]\[0\]/QN,u10_mem\[2\][0],pin,net
u10_mem\[2\][0],g198372/B1,net,pin
u10_mem\[2\][0],g175223/A2,net,pin
u10_mem_reg\[2\]\[10\]/QN,u10_mem\[2\][10],pin,net
u10_mem\[2\][10],g175222/A2,net,pin
u10_mem\[2\][10],g154094__198366/B1,net,pin
u10_mem_reg\[2\]\[11\]/QN,u10_mem\[2\][11],pin,net
u10_mem\[2\][11],g175242/A2,net,pin
u10_mem\[2\][11],g154095__198358/B1,net,pin
u10_mem_reg\[2\]\[12\]/QN,u10_mem\[2\][12],pin,net
u10_mem\[2\][12],g175218/A2,net,pin
u10_mem\[2\][12],g154096__198353/B1,net,pin
u10_mem_reg\[2\]\[13\]/QN,u10_mem\[2\][13],pin,net
u10_mem\[2\][13],g175233/A2,net,pin
u10_mem\[2\][13],g154097__198367/B2,net,pin
u10_mem_reg\[2\]\[14\]/QN,u10_mem\[2\][14],pin,net
u10_mem\[2\][14],g175244/A2,net,pin
u10_mem\[2\][14],g154099__198356/B2,net,pin
u10_mem_reg\[2\]\[15\]/QN,u10_mem\[2\][15],pin,net
u10_mem\[2\][15],g175234/A2,net,pin
u10_mem\[2\][15],g154100__198368/B2,net,pin
u10_mem_reg\[2\]\[16\]/QN,u10_mem\[2\][16],pin,net
u10_mem\[2\][16],g175219/A2,net,pin
u10_mem\[2\][16],g154101__198351/B1,net,pin
u10_mem_reg\[2\]\[17\]/QN,u10_mem\[2\][17],pin,net
u10_mem\[2\][17],g175235/A2,net,pin
u10_mem\[2\][17],g154102__198352/B1,net,pin
u10_mem_reg\[2\]\[18\]/QN,u10_mem\[2\][18],pin,net
u10_mem\[2\][18],g175225/A2,net,pin
u10_mem\[2\][18],g154103__198365/B1,net,pin
u10_mem_reg\[2\]\[19\]/QN,u10_mem\[2\][19],pin,net
u10_mem\[2\][19],g175224/A2,net,pin
u10_mem\[2\][19],g154104__198357/B2,net,pin
u10_mem_reg\[2\]\[1\]/QN,u10_mem\[2\][1],pin,net
u10_mem\[2\][1],g175227/A2,net,pin
u10_mem\[2\][1],g154085__198354/B1,net,pin
u10_mem_reg\[2\]\[20\]/QN,u10_mem\[2\][20],pin,net
u10_mem\[2\][20],g175236/A2,net,pin
u10_mem\[2\][20],g154130__198343/B1,net,pin
u10_mem_reg\[2\]\[21\]/QN,u10_mem\[2\][21],pin,net
u10_mem\[2\][21],g175237/A2,net,pin
u10_mem\[2\][21],g154131__198347/B1,net,pin
u10_mem_reg\[2\]\[22\]/QN,u10_mem\[2\][22],pin,net
u10_mem\[2\][22],g175220/A2,net,pin
u10_mem\[2\][22],g154132__198345/B1,net,pin
u10_mem_reg\[2\]\[23\]/QN,u10_mem\[2\][23],pin,net
u10_mem\[2\][23],g184558/A2,net,pin
u10_mem\[2\][23],g154133__198344/B1,net,pin
u10_mem_reg\[2\]\[24\]/QN,u10_mem\[2\][24],pin,net
u10_mem\[2\][24],g198069/B,net,pin
u10_mem\[2\][24],g198068/B,net,pin
u10_mem\[2\][24],g175243/A2,net,pin
u10_mem_reg\[2\]\[25\]/QN,u10_mem\[2\][25],pin,net
u10_mem\[2\][25],g175241/A2,net,pin
u10_mem\[2\][25],g154135__198360/B1,net,pin
u10_mem_reg\[2\]\[26\]/QN,u10_mem\[2\][26],pin,net
u10_mem\[2\][26],g175215/A2,net,pin
u10_mem\[2\][26],g154136__198361/B1,net,pin
u10_mem_reg\[2\]\[27\]/QN,u10_mem\[2\][27],pin,net
u10_mem\[2\][27],g175238/A2,net,pin
u10_mem\[2\][27],g154137__198363/B1,net,pin
u10_mem_reg\[2\]\[28\]/QN,u10_mem\[2\][28],pin,net
u10_mem\[2\][28],g175226/A2,net,pin
u10_mem\[2\][28],g154138__198364/B1,net,pin
u10_mem_reg\[2\]\[29\]/QN,u10_mem\[2\][29],pin,net
u10_mem\[2\][29],g175240/A2,net,pin
u10_mem\[2\][29],g154139__198340/B1,net,pin
u10_mem_reg\[2\]\[2\]/QN,u10_mem\[2\][2],pin,net
u10_mem\[2\][2],g210417/B1,net,pin
u10_mem\[2\][2],g175213/A2,net,pin
u10_mem_reg\[2\]\[30\]/QN,u10_mem\[2\][30],pin,net
u10_mem\[2\][30],g175239/A2,net,pin
u10_mem\[2\][30],g154140__198346/B1,net,pin
u10_mem_reg\[2\]\[31\]/QN,u10_mem\[2\][31],pin,net
u10_mem\[2\][31],g175221/A2,net,pin
u10_mem\[2\][31],g154141__198362/B1,net,pin
u10_mem_reg\[2\]\[3\]/QN,u10_mem\[2\][3],pin,net
u10_mem\[2\][3],g175216/A2,net,pin
u10_mem\[2\][3],g154087__198359/B1,net,pin
u10_mem_reg\[2\]\[4\]/QN,u10_mem\[2\][4],pin,net
u10_mem\[2\][4],g175228/A2,net,pin
u10_mem\[2\][4],g154088__198370/B1,net,pin
u10_mem_reg\[2\]\[5\]/QN,u10_mem\[2\][5],pin,net
u10_mem\[2\][5],g175229/A2,net,pin
u10_mem\[2\][5],g154089__198371/B1,net,pin
u10_mem_reg\[2\]\[6\]/QN,u10_mem\[2\][6],pin,net
u10_mem\[2\][6],g198369/B2,net,pin
u10_mem\[2\][6],g175230/A2,net,pin
u10_mem_reg\[2\]\[7\]/QN,u10_mem\[2\][7],pin,net
u10_mem\[2\][7],g175231/A2,net,pin
u10_mem\[2\][7],g154091__198355/B2,net,pin
u10_mem_reg\[2\]\[8\]/QN,u10_mem\[2\][8],pin,net
u10_mem\[2\][8],g175217/A2,net,pin
u10_mem\[2\][8],g154092__198348/B1,net,pin
u10_mem_reg\[2\]\[9\]/QN,u10_mem\[2\][9],pin,net
u10_mem\[2\][9],g175232/A2,net,pin
u10_mem\[2\][9],g154093__198350/B1,net,pin
u10_mem_reg\[3\]\[0\]/QN,u10_mem\[3\][0],pin,net
u10_mem\[3\][0],g175223/B2,net,pin
u10_mem\[3\][0],g153766__178451/B1,net,pin
u10_mem_reg\[3\]\[10\]/QN,u10_mem\[3\][10],pin,net
u10_mem\[3\][10],g175222/B2,net,pin
u10_mem\[3\][10],g153776__178440/B1,net,pin
u10_mem_reg\[3\]\[11\]/QN,u10_mem\[3\][11],pin,net
u10_mem\[3\][11],g209218/B1,net,pin
u10_mem\[3\][11],g175242/B2,net,pin
u10_mem_reg\[3\]\[12\]/QN,u10_mem\[3\][12],pin,net
u10_mem\[3\][12],g175218/B2,net,pin
u10_mem\[3\][12],g153778__178439/B2,net,pin
u10_mem_reg\[3\]\[13\]/QN,u10_mem\[3\][13],pin,net
u10_mem\[3\][13],g175233/B2,net,pin
u10_mem\[3\][13],g153779__178438/B2,net,pin
u10_mem_reg\[3\]\[14\]/QN,u10_mem\[3\][14],pin,net
u10_mem\[3\][14],g175244/B2,net,pin
u10_mem\[3\][14],g153780__178437/B2,net,pin
u10_mem_reg\[3\]\[15\]/QN,u10_mem\[3\][15],pin,net
u10_mem\[3\][15],g175234/B2,net,pin
u10_mem\[3\][15],g153781__178436/B2,net,pin
u10_mem_reg\[3\]\[16\]/QN,u10_mem\[3\][16],pin,net
u10_mem\[3\][16],g175219/B2,net,pin
u10_mem\[3\][16],g153782__178435/B2,net,pin
u10_mem_reg\[3\]\[17\]/QN,u10_mem\[3\][17],pin,net
u10_mem\[3\][17],g175235/B2,net,pin
u10_mem\[3\][17],g153783__178434/B2,net,pin
u10_mem_reg\[3\]\[18\]/QN,u10_mem\[3\][18],pin,net
u10_mem\[3\][18],g175225/B2,net,pin
u10_mem\[3\][18],g153784__178433/B2,net,pin
u10_mem_reg\[3\]\[19\]/QN,u10_mem\[3\][19],pin,net
u10_mem\[3\][19],g178423/A2,net,pin
u10_mem\[3\][19],g175224/B2,net,pin
u10_mem_reg\[3\]\[1\]/QN,u10_mem\[3\][1],pin,net
u10_mem\[3\][1],g175227/B2,net,pin
u10_mem\[3\][1],g153767__178449/B2,net,pin
u10_mem_reg\[3\]\[20\]/QN,u10_mem\[3\][20],pin,net
u10_mem\[3\][20],g175236/B2,net,pin
u10_mem\[3\][20],g153917__178432/B1,net,pin
u10_mem_reg\[3\]\[21\]/QN,u10_mem\[3\][21],pin,net
u10_mem\[3\][21],g175237/B2,net,pin
u10_mem\[3\][21],g153918__178455/B1,net,pin
u10_mem_reg\[3\]\[22\]/QN,u10_mem\[3\][22],pin,net
u10_mem\[3\][22],g175220/B2,net,pin
u10_mem\[3\][22],g153919__178452/B1,net,pin
u10_mem_reg\[3\]\[23\]/QN,u10_mem\[3\][23],pin,net
u10_mem\[3\][23],g184558/B2,net,pin
u10_mem\[3\][23],g153920__187221/B2,net,pin
u10_mem_reg\[3\]\[24\]/QN,u10_mem\[3\][24],pin,net
u10_mem\[3\][24],g175243/B2,net,pin
u10_mem\[3\][24],g153921__178429/B1,net,pin
u10_mem_reg\[3\]\[25\]/QN,u10_mem\[3\][25],pin,net
u10_mem\[3\][25],g175241/B2,net,pin
u10_mem\[3\][25],g153922__178454/B1,net,pin
u10_mem_reg\[3\]\[26\]/QN,u10_mem\[3\][26],pin,net
u10_mem\[3\][26],g175215/B2,net,pin
u10_mem\[3\][26],g153923__178453/B1,net,pin
u10_mem_reg\[3\]\[27\]/QN,u10_mem\[3\][27],pin,net
u10_mem\[3\][27],g175238/B2,net,pin
u10_mem\[3\][27],g153924__178430/B1,net,pin
u10_mem_reg\[3\]\[28\]/QN,u10_mem\[3\][28],pin,net
u10_mem\[3\][28],g175226/B2,net,pin
u10_mem\[3\][28],g153925__178457/B1,net,pin
u10_mem_reg\[3\]\[29\]/QN,u10_mem\[3\][29],pin,net
u10_mem\[3\][29],g175240/B2,net,pin
u10_mem\[3\][29],g153926__178427/B1,net,pin
u10_mem_reg\[3\]\[2\]/QN,u10_mem\[3\][2],pin,net
u10_mem\[3\][2],g175213/B2,net,pin
u10_mem\[3\][2],g153768__178448/B1,net,pin
u10_mem_reg\[3\]\[30\]/QN,u10_mem\[3\][30],pin,net
u10_mem\[3\][30],g175239/B2,net,pin
u10_mem\[3\][30],g153927__178456/B1,net,pin
u10_mem_reg\[3\]\[31\]/QN,u10_mem\[3\][31],pin,net
u10_mem\[3\][31],g175221/B2,net,pin
u10_mem\[3\][31],g153928__178428/B1,net,pin
u10_mem_reg\[3\]\[3\]/QN,u10_mem\[3\][3],pin,net
u10_mem\[3\][3],g187476/B1,net,pin
u10_mem\[3\][3],g175216/B2,net,pin
u10_mem_reg\[3\]\[4\]/QN,u10_mem\[3\][4],pin,net
u10_mem\[3\][4],g175228/B2,net,pin
u10_mem\[3\][4],g153770__178446/B1,net,pin
u10_mem_reg\[3\]\[5\]/QN,u10_mem\[3\][5],pin,net
u10_mem\[3\][5],g175229/B2,net,pin
u10_mem\[3\][5],g153771__178445/B2,net,pin
u10_mem_reg\[3\]\[6\]/QN,u10_mem\[3\][6],pin,net
u10_mem\[3\][6],g175230/B2,net,pin
u10_mem\[3\][6],g153772__178444/B1,net,pin
u10_mem_reg\[3\]\[7\]/QN,u10_mem\[3\][7],pin,net
u10_mem\[3\][7],g175231/B2,net,pin
u10_mem\[3\][7],g153773__188371/B2,net,pin
u10_mem_reg\[3\]\[8\]/QN,u10_mem\[3\][8],pin,net
u10_mem\[3\][8],g175217/B2,net,pin
u10_mem\[3\][8],g153774__178442/B1,net,pin
u10_mem_reg\[3\]\[9\]/QN,u10_mem\[3\][9],pin,net
u10_mem\[3\][9],g175232/B2,net,pin
u10_mem\[3\][9],g153775__178441/B1,net,pin
u10_rp_reg\[0\]/Q,u10_rp[0],pin,net
u10_rp[0],g178834/A,net,pin
u10_rp[0],g178833/A2,net,pin
u10_rp[0],g175212/B,net,pin
u10_rp[0],g169869/A,net,pin
u10_rp[0],g169866/B,net,pin
u10_rp[0],g169052/A,net,pin
u10_rp_reg\[1\]/QN,u10_rp[1],pin,net
u10_rp[1],g175212/A,net,pin
u10_rp[1],g169867/A,net,pin
u10_rp[1],g169049/B1,net,pin
u10_rp[1],g168974/A,net,pin
u10_rp_reg\[2\]/QN,u10_rp[2],pin,net
u10_rp[2],g181864/A,net,pin
u10_rp[2],g169996/A1,net,pin
u10_wp_reg\[0\]/QN,u10_wp[0],pin,net
u10_wp[0],g159620/A,net,pin
u10_wp_reg\[1\]/Q,u10_wp[1],pin,net
u10_wp[1],g21/A,net,pin
u10_wp[1],g185961/A,net,pin
u10_wp[1],g184861/B,net,pin
u10_wp[1],g178833/A1,net,pin
u10_wp[1],g178425/B,net,pin
u10_wp[1],g178256/A,net,pin
u10_wp[1],g173339/A,net,pin
u10_wp_reg\[2\]/QN,u10_wp[2],pin,net
u10_wp[2],g198064/B,net,pin
u10_wp[2],g178426/A,net,pin
u10_wp[2],g169049/A2,net,pin
u10_wp[2],g159713/A,net,pin
u10_wp[2],g153625__179916/A1,net,pin
u10_wp_reg\[3\]/Q,u10_wp[3],pin,net
u10_wp[3],g169996/B2,net,pin
u10_wp[3],g159561/A,net,pin
u10_wp[3],g159145/A,net,pin
u10_wp[3],g154859__4319/E,net,pin
u11_din_tmp1_reg\[0\]/QN,u11_din_tmp1[0],pin,net
u11_din_tmp1[0],g213327/B2,net,pin
u11_din_tmp1[0],g154418__182147/A2,net,pin
u11_din_tmp1_reg\[10\]/QN,u11_din_tmp1[10],pin,net
u11_din_tmp1[10],g168599/A,net,pin
u11_din_tmp1[10],g154310__182141/A2,net,pin
u11_din_tmp1_reg\[11\]/QN,u11_din_tmp1[11],pin,net
u11_din_tmp1[11],g166552/A,net,pin
u11_din_tmp1[11],g154309__182163/A2,net,pin
u11_din_tmp1_reg\[12\]/QN,u11_din_tmp1[12],pin,net
u11_din_tmp1[12],g184544/A1,net,pin
u11_din_tmp1[12],g154308__182153/A2,net,pin
u11_din_tmp1_reg\[13\]/QN,u11_din_tmp1[13],pin,net
u11_din_tmp1[13],g168586/B,net,pin
u11_din_tmp1[13],g154307__182161/A2,net,pin
u11_din_tmp1_reg\[14\]/QN,u11_din_tmp1[14],pin,net
u11_din_tmp1[14],g184542/A1,net,pin
u11_din_tmp1[14],g154306__182151/A2,net,pin
u11_din_tmp1_reg\[15\]/QN,u11_din_tmp1[15],pin,net
u11_din_tmp1[15],g166553/A,net,pin
u11_din_tmp1[15],g154305__182132/A2,net,pin
u11_din_tmp1_reg\[1\]/QN,u11_din_tmp1[1],pin,net
u11_din_tmp1[1],g178919/A1,net,pin
u11_din_tmp1[1],g154419__186712/A2,net,pin
u11_din_tmp1_reg\[2\]/QN,u11_din_tmp1[2],pin,net
u11_din_tmp1[2],g170133/A,net,pin
u11_din_tmp1[2],g154420__182137/A2,net,pin
u11_din_tmp1_reg\[3\]/QN,u11_din_tmp1[3],pin,net
u11_din_tmp1[3],g170137/A,net,pin
u11_din_tmp1[3],g154421__186716/A2,net,pin
u11_din_tmp1_reg\[4\]/QN,u11_din_tmp1[4],pin,net
u11_din_tmp1[4],g168596/A,net,pin
u11_din_tmp1[4],g154422__182165/A2,net,pin
u11_din_tmp1_reg\[5\]/QN,u11_din_tmp1[5],pin,net
u11_din_tmp1[5],g168597/A,net,pin
u11_din_tmp1[5],g154423__182155/A2,net,pin
u11_din_tmp1_reg\[6\]/QN,u11_din_tmp1[6],pin,net
u11_din_tmp1[6],g166551/A,net,pin
u11_din_tmp1[6],g154424__182157/A2,net,pin
u11_din_tmp1_reg\[7\]/QN,u11_din_tmp1[7],pin,net
u11_din_tmp1[7],g166550/A,net,pin
u11_din_tmp1[7],g154369__188260/A2,net,pin
u11_din_tmp1_reg\[8\]/QN,u11_din_tmp1[8],pin,net
u11_din_tmp1[8],g168594/A,net,pin
u11_din_tmp1[8],g154315__182159/A2,net,pin
u11_din_tmp1_reg\[9\]/QN,u11_din_tmp1[9],pin,net
u11_din_tmp1[9],g184540/A1,net,pin
u11_din_tmp1[9],g154313__182139/A2,net,pin
u11_mem_reg\[0\]\[0\]/QN,u11_mem\[0\][0],pin,net
u11_mem\[0\][0],g167155/A2,net,pin
u11_mem\[0\][0],g153788__182080/B1,net,pin
u11_mem_reg\[0\]\[10\]/QN,u11_mem\[0\][10],pin,net
u11_mem\[0\][10],g167143/A2,net,pin
u11_mem\[0\][10],g153799__182068/B2,net,pin
u11_mem_reg\[0\]\[11\]/QN,u11_mem\[0\][11],pin,net
u11_mem\[0\][11],g182102/B1,net,pin
u11_mem\[0\][11],g167131/A2,net,pin
u11_mem_reg\[0\]\[12\]/QN,u11_mem\[0\][12],pin,net
u11_mem\[0\][12],g167152/A2,net,pin
u11_mem\[0\][12],g153801__182083/B1,net,pin
u11_mem_reg\[0\]\[13\]/QN,u11_mem\[0\][13],pin,net
u11_mem\[0\][13],g167138/A2,net,pin
u11_mem\[0\][13],g153802__182074/B1,net,pin
u11_mem_reg\[0\]\[14\]/QN,u11_mem\[0\][14],pin,net
u11_mem\[0\][14],g167161/A2,net,pin
u11_mem\[0\][14],g153803__182081/B1,net,pin
u11_mem_reg\[0\]\[15\]/QN,u11_mem\[0\][15],pin,net
u11_mem\[0\][15],g167134/A2,net,pin
u11_mem\[0\][15],g153804__182077/B1,net,pin
u11_mem_reg\[0\]\[16\]/QN,u11_mem\[0\][16],pin,net
u11_mem\[0\][16],g167159/A2,net,pin
u11_mem\[0\][16],g153805__182079/B1,net,pin
u11_mem_reg\[0\]\[17\]/QN,u11_mem\[0\][17],pin,net
u11_mem\[0\][17],g167148/A2,net,pin
u11_mem\[0\][17],g153806__182097/B1,net,pin
u11_mem_reg\[0\]\[18\]/QN,u11_mem\[0\][18],pin,net
u11_mem\[0\][18],g167151/A2,net,pin
u11_mem\[0\][18],g153807__182076/B1,net,pin
u11_mem_reg\[0\]\[19\]/QN,u11_mem\[0\][19],pin,net
u11_mem\[0\][19],g167150/A2,net,pin
u11_mem\[0\][19],g153808__182089/B1,net,pin
u11_mem_reg\[0\]\[1\]/QN,u11_mem\[0\][1],pin,net
u11_mem\[0\][1],g167135/A2,net,pin
u11_mem\[0\][1],g153790__182072/B1,net,pin
u11_mem_reg\[0\]\[20\]/QN,u11_mem\[0\][20],pin,net
u11_mem\[0\][20],g167145/A2,net,pin
u11_mem\[0\][20],g153941__182091/B1,net,pin
u11_mem_reg\[0\]\[21\]/QN,u11_mem\[0\][21],pin,net
u11_mem\[0\][21],g167133/A2,net,pin
u11_mem\[0\][21],g153942__182098/B1,net,pin
u11_mem_reg\[0\]\[22\]/QN,u11_mem\[0\][22],pin,net
u11_mem\[0\][22],g167149/A2,net,pin
u11_mem\[0\][22],g153943__182099/B1,net,pin
u11_mem_reg\[0\]\[23\]/QN,u11_mem\[0\][23],pin,net
u11_mem\[0\][23],g167146/A2,net,pin
u11_mem\[0\][23],g153944__182088/B1,net,pin
u11_mem_reg\[0\]\[24\]/QN,u11_mem\[0\][24],pin,net
u11_mem\[0\][24],g167147/A2,net,pin
u11_mem\[0\][24],g153945__182096/B1,net,pin
u11_mem_reg\[0\]\[25\]/QN,u11_mem\[0\][25],pin,net
u11_mem\[0\][25],g167141/A2,net,pin
u11_mem\[0\][25],g153946__182093/B1,net,pin
u11_mem_reg\[0\]\[26\]/QN,u11_mem\[0\][26],pin,net
u11_mem\[0\][26],g167142/A2,net,pin
u11_mem\[0\][26],g153947__182090/B1,net,pin
u11_mem_reg\[0\]\[27\]/QN,u11_mem\[0\][27],pin,net
u11_mem\[0\][27],g167160/A2,net,pin
u11_mem\[0\][27],g153948__182101/B1,net,pin
u11_mem_reg\[0\]\[28\]/QN,u11_mem\[0\][28],pin,net
u11_mem\[0\][28],g167144/A2,net,pin
u11_mem\[0\][28],g153949__182092/B1,net,pin
u11_mem_reg\[0\]\[29\]/QN,u11_mem\[0\][29],pin,net
u11_mem\[0\][29],g167156/A2,net,pin
u11_mem\[0\][29],g153950__182087/B1,net,pin
u11_mem_reg\[0\]\[2\]/QN,u11_mem\[0\][2],pin,net
u11_mem\[0\][2],g167136/A2,net,pin
u11_mem\[0\][2],g153791__182078/B1,net,pin
u11_mem_reg\[0\]\[30\]/QN,u11_mem\[0\][30],pin,net
u11_mem\[0\][30],g167157/A2,net,pin
u11_mem\[0\][30],g153951__182100/B1,net,pin
u11_mem_reg\[0\]\[31\]/QN,u11_mem\[0\][31],pin,net
u11_mem\[0\][31],g167132/A2,net,pin
u11_mem\[0\][31],g153952__182095/B1,net,pin
u11_mem_reg\[0\]\[3\]/QN,u11_mem\[0\][3],pin,net
u11_mem\[0\][3],g167158/A2,net,pin
u11_mem\[0\][3],g153792__182075/B1,net,pin
u11_mem_reg\[0\]\[4\]/QN,u11_mem\[0\][4],pin,net
u11_mem\[0\][4],g167139/A2,net,pin
u11_mem\[0\][4],g153793__182084/B1,net,pin
u11_mem_reg\[0\]\[5\]/QN,u11_mem\[0\][5],pin,net
u11_mem\[0\][5],g167137/A2,net,pin
u11_mem\[0\][5],g153794__182094/B2,net,pin
u11_mem_reg\[0\]\[6\]/QN,u11_mem\[0\][6],pin,net
u11_mem\[0\][6],g167154/A2,net,pin
u11_mem\[0\][6],g153795__182086/B1,net,pin
u11_mem_reg\[0\]\[7\]/QN,u11_mem\[0\][7],pin,net
u11_mem\[0\][7],g182085/B1,net,pin
u11_mem\[0\][7],g167129/A2,net,pin
u11_mem_reg\[0\]\[8\]/QN,u11_mem\[0\][8],pin,net
u11_mem\[0\][8],g167140/A2,net,pin
u11_mem\[0\][8],g153797__182082/B2,net,pin
u11_mem_reg\[0\]\[9\]/QN,u11_mem\[0\][9],pin,net
u11_mem\[0\][9],g167153/A2,net,pin
u11_mem\[0\][9],g153798__182071/B2,net,pin
u11_mem_reg\[1\]\[0\]/QN,u11_mem\[1\][0],pin,net
u11_mem\[1\][0],g196713/A2,net,pin
u11_mem\[1\][0],g153361__4319/B2,net,pin
u11_mem_reg\[1\]\[10\]/QN,u11_mem\[1\][10],pin,net
u11_mem\[1\][10],g196707/A2,net,pin
u11_mem\[1\][10],g153351__6161/B2,net,pin
u11_mem_reg\[1\]\[11\]/QN,u11_mem\[1\][11],pin,net
u11_mem\[1\][11],g196727/A2,net,pin
u11_mem\[1\][11],g153350__5115/B2,net,pin
u11_mem_reg\[1\]\[12\]/QN,u11_mem\[1\][12],pin,net
u11_mem\[1\][12],g196709/A2,net,pin
u11_mem\[1\][12],g172860/B2,net,pin
u11_mem_reg\[1\]\[13\]/QN,u11_mem\[1\][13],pin,net
u11_mem\[1\][13],g165300/A2,net,pin
u11_mem\[1\][13],g153348__1705/B2,net,pin
u11_mem_reg\[1\]\[14\]/QN,u11_mem\[1\][14],pin,net
u11_mem\[1\][14],g196718/A2,net,pin
u11_mem\[1\][14],g153347__6783/B2,net,pin
u11_mem_reg\[1\]\[15\]/QN,u11_mem\[1\][15],pin,net
u11_mem\[1\][15],g196703/A2,net,pin
u11_mem\[1\][15],g153346__8428/B2,net,pin
u11_mem_reg\[1\]\[16\]/QN,u11_mem\[1\][16],pin,net
u11_mem\[1\][16],g165292/A2,net,pin
u11_mem\[1\][16],g153345__175619/B2,net,pin
u11_mem_reg\[1\]\[17\]/QN,u11_mem\[1\][17],pin,net
u11_mem\[1\][17],g196721/A2,net,pin
u11_mem\[1\][17],g153344__6260/B2,net,pin
u11_mem_reg\[1\]\[18\]/QN,u11_mem\[1\][18],pin,net
u11_mem\[1\][18],g196726/A2,net,pin
u11_mem\[1\][18],g153343__5107/B2,net,pin
u11_mem_reg\[1\]\[19\]/QN,u11_mem\[1\][19],pin,net
u11_mem\[1\][19],g196719/A2,net,pin
u11_mem\[1\][19],g153342__2398/B2,net,pin
u11_mem_reg\[1\]\[1\]/QN,u11_mem\[1\][1],pin,net
u11_mem\[1\][1],g196720/A2,net,pin
u11_mem\[1\][1],g153360__6260/B2,net,pin
u11_mem_reg\[1\]\[20\]/QN,u11_mem\[1\][20],pin,net
u11_mem\[1\][20],g196711/A2,net,pin
u11_mem\[1\][20],g153301__6417/B2,net,pin
u11_mem_reg\[1\]\[21\]/QN,u11_mem\[1\][21],pin,net
u11_mem\[1\][21],g196729/A2,net,pin
u11_mem\[1\][21],g153300__7410/B2,net,pin
u11_mem_reg\[1\]\[22\]/QN,u11_mem\[1\][22],pin,net
u11_mem\[1\][22],g196714/A2,net,pin
u11_mem\[1\][22],g153299__2883/B2,net,pin
u11_mem_reg\[1\]\[23\]/QN,u11_mem\[1\][23],pin,net
u11_mem\[1\][23],g196715/A2,net,pin
u11_mem\[1\][23],g153298__6161/B2,net,pin
u11_mem_reg\[1\]\[24\]/QN,u11_mem\[1\][24],pin,net
u11_mem\[1\][24],g196705/A2,net,pin
u11_mem\[1\][24],g153297__4733/B2,net,pin
u11_mem_reg\[1\]\[25\]/QN,u11_mem\[1\][25],pin,net
u11_mem\[1\][25],g196716/A2,net,pin
u11_mem\[1\][25],g153296__7482/B2,net,pin
u11_mem_reg\[1\]\[26\]/QN,u11_mem\[1\][26],pin,net
u11_mem\[1\][26],g165288/A2,net,pin
u11_mem\[1\][26],g153295__5115/B2,net,pin
u11_mem_reg\[1\]\[27\]/QN,u11_mem\[1\][27],pin,net
u11_mem\[1\][27],g196724/A2,net,pin
u11_mem\[1\][27],g153294__1881/B2,net,pin
u11_mem_reg\[1\]\[28\]/QN,u11_mem\[1\][28],pin,net
u11_mem\[1\][28],g165302/A2,net,pin
u11_mem\[1\][28],g153293__7098/B2,net,pin
u11_mem_reg\[1\]\[29\]/QN,u11_mem\[1\][29],pin,net
u11_mem\[1\][29],g196723/A2,net,pin
u11_mem\[1\][29],g153292__1705/B2,net,pin
u11_mem_reg\[1\]\[2\]/QN,u11_mem\[1\][2],pin,net
u11_mem\[1\][2],g196706/A2,net,pin
u11_mem\[1\][2],g153359__5107/B2,net,pin
u11_mem_reg\[1\]\[30\]/QN,u11_mem\[1\][30],pin,net
u11_mem\[1\][30],g196725/A2,net,pin
u11_mem\[1\][30],g153291__3680/B2,net,pin
u11_mem_reg\[1\]\[31\]/QN,u11_mem\[1\][31],pin,net
u11_mem\[1\][31],g196728/A2,net,pin
u11_mem\[1\][31],g153290__5526/B2,net,pin
u11_mem_reg\[1\]\[3\]/QN,u11_mem\[1\][3],pin,net
u11_mem\[1\][3],g196708/A2,net,pin
u11_mem\[1\][3],g153358__2398/B2,net,pin
u11_mem_reg\[1\]\[4\]/QN,u11_mem\[1\][4],pin,net
u11_mem\[1\][4],g196712/A2,net,pin
u11_mem\[1\][4],g153357__5477/B2,net,pin
u11_mem_reg\[1\]\[5\]/QN,u11_mem\[1\][5],pin,net
u11_mem\[1\][5],g196722/A2,net,pin
u11_mem\[1\][5],g153356__6417/B2,net,pin
u11_mem_reg\[1\]\[6\]/QN,u11_mem\[1\][6],pin,net
u11_mem\[1\][6],g196717/A2,net,pin
u11_mem\[1\][6],g153355__7410/B2,net,pin
u11_mem_reg\[1\]\[7\]/QN,u11_mem\[1\][7],pin,net
u11_mem\[1\][7],g264/B2,net,pin
u11_mem\[1\][7],g196730/A2,net,pin
u11_mem_reg\[1\]\[8\]/QN,u11_mem\[1\][8],pin,net
u11_mem\[1\][8],g196710/A2,net,pin
u11_mem\[1\][8],g153353__2346/B2,net,pin
u11_mem_reg\[1\]\[9\]/QN,u11_mem\[1\][9],pin,net
u11_mem\[1\][9],g196704/A2,net,pin
u11_mem\[1\][9],g171189/B2,net,pin
u11_mem_reg\[2\]\[0\]/QN,u11_mem\[2\][0],pin,net
u11_mem\[2\][0],g209721/A1,net,pin
u11_mem\[2\][0],g167155/B2,net,pin
u11_mem_reg\[2\]\[10\]/QN,u11_mem\[2\][10],pin,net
u11_mem\[2\][10],g167143/B2,net,pin
u11_mem\[2\][10],g153819__175422/B1,net,pin
u11_mem_reg\[2\]\[11\]/QN,u11_mem\[2\][11],pin,net
u11_mem\[2\][11],g167131/B2,net,pin
u11_mem\[2\][11],g153820__168262/B1,net,pin
u11_mem_reg\[2\]\[12\]/QN,u11_mem\[2\][12],pin,net
u11_mem\[2\][12],g167152/B2,net,pin
u11_mem\[2\][12],g153821__168285/B2,net,pin
u11_mem_reg\[2\]\[13\]/QN,u11_mem\[2\][13],pin,net
u11_mem\[2\][13],g167138/B2,net,pin
u11_mem\[2\][13],g153822__168284/B2,net,pin
u11_mem_reg\[2\]\[14\]/QN,u11_mem\[2\][14],pin,net
u11_mem\[2\][14],g181634/B1,net,pin
u11_mem\[2\][14],g167161/B2,net,pin
u11_mem_reg\[2\]\[15\]/QN,u11_mem\[2\][15],pin,net
u11_mem\[2\][15],g167134/B2,net,pin
u11_mem\[2\][15],g153824__168280/B1,net,pin
u11_mem_reg\[2\]\[16\]/QN,u11_mem\[2\][16],pin,net
u11_mem\[2\][16],g167159/B2,net,pin
u11_mem\[2\][16],g153825__168282/B1,net,pin
u11_mem_reg\[2\]\[17\]/QN,u11_mem\[2\][17],pin,net
u11_mem\[2\][17],g167148/B2,net,pin
u11_mem\[2\][17],g153826__168281/B1,net,pin
u11_mem_reg\[2\]\[18\]/QN,u11_mem\[2\][18],pin,net
u11_mem\[2\][18],g167151/B2,net,pin
u11_mem\[2\][18],g153827__168283/B1,net,pin
u11_mem_reg\[2\]\[19\]/QN,u11_mem\[2\][19],pin,net
u11_mem\[2\][19],g90/B1,net,pin
u11_mem\[2\][19],g167150/B2,net,pin
u11_mem_reg\[2\]\[1\]/QN,u11_mem\[2\][1],pin,net
u11_mem\[2\][1],g167135/B2,net,pin
u11_mem\[2\][1],g153810__168293/B1,net,pin
u11_mem_reg\[2\]\[20\]/QN,u11_mem\[2\][20],pin,net
u11_mem\[2\][20],g209708/A1,net,pin
u11_mem\[2\][20],g167145/B2,net,pin
u11_mem_reg\[2\]\[21\]/QN,u11_mem\[2\][21],pin,net
u11_mem\[2\][21],g167133/B2,net,pin
u11_mem\[2\][21],g153906__168272/B1,net,pin
u11_mem_reg\[2\]\[22\]/QN,u11_mem\[2\][22],pin,net
u11_mem\[2\][22],g167149/B2,net,pin
u11_mem\[2\][22],g153907__168268/B1,net,pin
u11_mem_reg\[2\]\[23\]/QN,u11_mem\[2\][23],pin,net
u11_mem\[2\][23],g167146/B2,net,pin
u11_mem\[2\][23],g153908__168265/B1,net,pin
u11_mem_reg\[2\]\[24\]/QN,u11_mem\[2\][24],pin,net
u11_mem\[2\][24],g167147/B2,net,pin
u11_mem\[2\][24],g153909__168264/B1,net,pin
u11_mem_reg\[2\]\[25\]/QN,u11_mem\[2\][25],pin,net
u11_mem\[2\][25],g196136/A1,net,pin
u11_mem\[2\][25],g167141/B2,net,pin
u11_mem_reg\[2\]\[26\]/QN,u11_mem\[2\][26],pin,net
u11_mem\[2\][26],g167142/B2,net,pin
u11_mem\[2\][26],g153911__168274/B1,net,pin
u11_mem_reg\[2\]\[27\]/QN,u11_mem\[2\][27],pin,net
u11_mem\[2\][27],g167160/B2,net,pin
u11_mem\[2\][27],g153912__168269/B1,net,pin
u11_mem_reg\[2\]\[28\]/QN,u11_mem\[2\][28],pin,net
u11_mem\[2\][28],g167144/B2,net,pin
u11_mem\[2\][28],g153913__168273/B1,net,pin
u11_mem_reg\[2\]\[29\]/QN,u11_mem\[2\][29],pin,net
u11_mem\[2\][29],g167156/B2,net,pin
u11_mem\[2\][29],g153914__168271/B1,net,pin
u11_mem_reg\[2\]\[2\]/QN,u11_mem\[2\][2],pin,net
u11_mem\[2\][2],g167136/B2,net,pin
u11_mem\[2\][2],g153811__168291/B1,net,pin
u11_mem_reg\[2\]\[30\]/QN,u11_mem\[2\][30],pin,net
u11_mem\[2\][30],g167157/B2,net,pin
u11_mem\[2\][30],g153915__168275/B1,net,pin
u11_mem_reg\[2\]\[31\]/QN,u11_mem\[2\][31],pin,net
u11_mem\[2\][31],g196171/A1,net,pin
u11_mem\[2\][31],g167132/B2,net,pin
u11_mem_reg\[2\]\[3\]/QN,u11_mem\[2\][3],pin,net
u11_mem\[2\][3],g181062/A1,net,pin
u11_mem\[2\][3],g167158/B2,net,pin
u11_mem_reg\[2\]\[4\]/QN,u11_mem\[2\][4],pin,net
u11_mem\[2\][4],g167139/B2,net,pin
u11_mem\[2\][4],g153813__175430/B2,net,pin
u11_mem_reg\[2\]\[5\]/QN,u11_mem\[2\][5],pin,net
u11_mem\[2\][5],g167137/B2,net,pin
u11_mem\[2\][5],g153814__168277/B1,net,pin
u11_mem_reg\[2\]\[6\]/QN,u11_mem\[2\][6],pin,net
u11_mem\[2\][6],g167154/B2,net,pin
u11_mem\[2\][6],g153815__168289/B1,net,pin
u11_mem_reg\[2\]\[7\]/QN,u11_mem\[2\][7],pin,net
u11_mem\[2\][7],g179827/B1,net,pin
u11_mem\[2\][7],g167129/B2,net,pin
u11_mem_reg\[2\]\[8\]/QN,u11_mem\[2\][8],pin,net
u11_mem\[2\][8],g167140/B2,net,pin
u11_mem\[2\][8],g153817__175426/B1,net,pin
u11_mem_reg\[2\]\[9\]/QN,u11_mem\[2\][9],pin,net
u11_mem\[2\][9],g167153/B2,net,pin
u11_mem\[2\][9],g153818__168287/B1,net,pin
u11_mem_reg\[3\]\[0\]/QN,u11_mem\[3\][0],pin,net
u11_mem\[3\][0],g196713/B2,net,pin
u11_mem\[3\][0],g153424__4733/B2,net,pin
u11_mem_reg\[3\]\[10\]/QN,u11_mem\[3\][10],pin,net
u11_mem\[3\][10],g196707/B2,net,pin
u11_mem\[3\][10],g153434__5526/B2,net,pin
u11_mem_reg\[3\]\[11\]/QN,u11_mem\[3\][11],pin,net
u11_mem\[3\][11],g196727/B2,net,pin
u11_mem\[3\][11],g153435__6783/B2,net,pin
u11_mem_reg\[3\]\[12\]/QN,u11_mem\[3\][12],pin,net
u11_mem\[3\][12],g196709/B2,net,pin
u11_mem\[3\][12],g153436__3680/B2,net,pin
u11_mem_reg\[3\]\[13\]/QN,u11_mem\[3\][13],pin,net
u11_mem\[3\][13],g165300/B2,net,pin
u11_mem\[3\][13],g153394__7098/B2,net,pin
u11_mem_reg\[3\]\[14\]/QN,u11_mem\[3\][14],pin,net
u11_mem\[3\][14],g196718/B2,net,pin
u11_mem\[3\][14],g172560/B2,net,pin
u11_mem_reg\[3\]\[15\]/QN,u11_mem\[3\][15],pin,net
u11_mem\[3\][15],g196703/B2,net,pin
u11_mem\[3\][15],g153392__5122/B2,net,pin
u11_mem_reg\[3\]\[16\]/QN,u11_mem\[3\][16],pin,net
u11_mem\[3\][16],g165292/B2,net,pin
u11_mem\[3\][16],g153391__1705/B2,net,pin
u11_mem_reg\[3\]\[17\]/QN,u11_mem\[3\][17],pin,net
u11_mem\[3\][17],g196721/B2,net,pin
u11_mem\[3\][17],g153390__2802/B2,net,pin
u11_mem_reg\[3\]\[18\]/QN,u11_mem\[3\][18],pin,net
u11_mem\[3\][18],g196726/B2,net,pin
u11_mem\[3\][18],g153389__1617/B2,net,pin
u11_mem_reg\[3\]\[19\]/QN,u11_mem\[3\][19],pin,net
u11_mem\[3\][19],g196719/B2,net,pin
u11_mem\[3\][19],g153388__3680/B2,net,pin
u11_mem_reg\[3\]\[1\]/QN,u11_mem\[3\][1],pin,net
u11_mem\[3\][1],g196720/B2,net,pin
u11_mem\[3\][1],g153425__6161/B2,net,pin
u11_mem_reg\[3\]\[20\]/QN,u11_mem\[3\][20],pin,net
u11_mem\[3\][20],g196711/B2,net,pin
u11_mem\[3\][20],g153325__1881/B2,net,pin
u11_mem_reg\[3\]\[21\]/QN,u11_mem\[3\][21],pin,net
u11_mem\[3\][21],g196729/B2,net,pin
u11_mem\[3\][21],g153324__6131/B2,net,pin
u11_mem_reg\[3\]\[22\]/QN,u11_mem\[3\][22],pin,net
u11_mem\[3\][22],g196714/B2,net,pin
u11_mem\[3\][22],g153323__7098/B2,net,pin
u11_mem_reg\[3\]\[23\]/QN,u11_mem\[3\][23],pin,net
u11_mem\[3\][23],g196715/B2,net,pin
u11_mem\[3\][23],g153322__8246/B2,net,pin
u11_mem_reg\[3\]\[24\]/QN,u11_mem\[3\][24],pin,net
u11_mem\[3\][24],g196705/B2,net,pin
u11_mem\[3\][24],g153321__5122/B2,net,pin
u11_mem_reg\[3\]\[25\]/QN,u11_mem\[3\][25],pin,net
u11_mem\[3\][25],g196716/B2,net,pin
u11_mem\[3\][25],g153320__1705/B2,net,pin
u11_mem_reg\[3\]\[26\]/QN,u11_mem\[3\][26],pin,net
u11_mem\[3\][26],g165288/B2,net,pin
u11_mem\[3\][26],g153319__2802/B2,net,pin
u11_mem_reg\[3\]\[27\]/QN,u11_mem\[3\][27],pin,net
u11_mem\[3\][27],g196724/B2,net,pin
u11_mem\[3\][27],g153318__1617/B2,net,pin
u11_mem_reg\[3\]\[28\]/QN,u11_mem\[3\][28],pin,net
u11_mem\[3\][28],g165302/B2,net,pin
u11_mem\[3\][28],g153317__3680/B2,net,pin
u11_mem_reg\[3\]\[29\]/QN,u11_mem\[3\][29],pin,net
u11_mem\[3\][29],g196723/B2,net,pin
u11_mem\[3\][29],g153316__6783/B2,net,pin
u11_mem_reg\[3\]\[2\]/QN,u11_mem\[3\][2],pin,net
u11_mem\[3\][2],g196706/B2,net,pin
u11_mem\[3\][2],g170131/B2,net,pin
u11_mem_reg\[3\]\[30\]/QN,u11_mem\[3\][30],pin,net
u11_mem\[3\][30],g196725/B2,net,pin
u11_mem\[3\][30],g153315__5526/B2,net,pin
u11_mem_reg\[3\]\[31\]/QN,u11_mem\[3\][31],pin,net
u11_mem\[3\][31],g196728/B2,net,pin
u11_mem\[3\][31],g153314__8428/B2,net,pin
u11_mem_reg\[3\]\[3\]/QN,u11_mem\[3\][3],pin,net
u11_mem\[3\][3],g196708/B2,net,pin
u11_mem\[3\][3],g170135/B2,net,pin
u11_mem_reg\[3\]\[4\]/QN,u11_mem\[3\][4],pin,net
u11_mem\[3\][4],g196712/B2,net,pin
u11_mem\[3\][4],g153428__2346/B2,net,pin
u11_mem_reg\[3\]\[5\]/QN,u11_mem\[3\][5],pin,net
u11_mem\[3\][5],g196722/B2,net,pin
u11_mem\[3\][5],g153429__7410/B2,net,pin
u11_mem_reg\[3\]\[6\]/QN,u11_mem\[3\][6],pin,net
u11_mem\[3\][6],g196717/B2,net,pin
u11_mem\[3\][6],g153430__1666/B2,net,pin
u11_mem_reg\[3\]\[7\]/QN,u11_mem\[3\][7],pin,net
u11_mem\[3\][7],g263/B2,net,pin
u11_mem\[3\][7],g196730/B2,net,pin
u11_mem_reg\[3\]\[8\]/QN,u11_mem\[3\][8],pin,net
u11_mem\[3\][8],g196710/B2,net,pin
u11_mem\[3\][8],g153432__7482/B2,net,pin
u11_mem_reg\[3\]\[9\]/QN,u11_mem\[3\][9],pin,net
u11_mem\[3\][9],g196704/B2,net,pin
u11_mem\[3\][9],g153433__8428/B2,net,pin
u11_rp_reg\[0\]/Q,u11_rp[0],pin,net
u11_rp[0],g196700/A,net,pin
u11_rp[0],g182020/A1,net,pin
u11_rp[0],g175607/A,net,pin
u11_rp[0],g168438/A,net,pin
u11_rp[0],g159365/A,net,pin
u11_rp_reg\[1\]/QN,u11_rp[1],pin,net
u11_rp[1],g196700/B,net,pin
u11_rp[1],g180464/B1,net,pin
u11_rp[1],g168976/A,net,pin
u11_rp[1],g167024/A,net,pin
u11_rp_reg\[2\]/QN,u11_rp[2],pin,net
u11_rp[2],g159572/A,net,pin
u11_rp[2],g159025/B1,net,pin
u11_wp_reg\[0\]/QN,u11_wp[0],pin,net
u11_wp[0],g48/A,net,pin
u11_wp[0],g159614/A,net,pin
u11_wp_reg\[1\]/Q,u11_wp[1],pin,net
u11_wp[1],g182066/A,net,pin
u11_wp[1],g182020/A2,net,pin
u11_wp[1],g182019/A,net,pin
u11_wp[1],g182018/B,net,pin
u11_wp[1],g182015/A,net,pin
u11_wp[1],g182013/B,net,pin
u11_wp_reg\[2\]/QN,u11_wp[2],pin,net
u11_wp[2],g180464/B2,net,pin
u11_wp[2],g168980/A,net,pin
u11_wp[2],g166696/A,net,pin
u11_wp[2],g159737/A,net,pin
u11_wp[2],g153396__174767/A1,net,pin
u11_wp_reg\[3\]/Q,u11_wp[3],pin,net
u11_wp[3],g159586/A,net,pin
u11_wp[3],g159303/A,net,pin
u11_wp[3],g159025/A1,net,pin
u11_wp[3],g154316__3680/E,net,pin
u12_re1_reg/QN,u12_re1,pin,net
u12_re1,g193491/A,net,pin
u12_re1,g179534/A,net,pin
u12_re2_reg/QN,u12_re2,pin,net
u12_re2,g193490/A,net,pin
u12_re2,g187714/A,net,pin
u12_re2,g187712/A,net,pin
u12_wb_ack_o_reg/QN,u12_wb_ack_o_745,pin,net
u12_wb_ack_o_745,g159421/A,net,pin
u12_wb_ack_o_745,drc_bufs164354/A,net,pin
u12_wb_data_o_reg\[0\]/Q,u12_wb_data_o\[0\]_713,pin,net
u12_wb_data_o\[0\]_713,drc_bufs164503/A,net,pin
u12_wb_data_o_reg\[10\]/Q,u12_wb_data_o\[10\]_723,pin,net
u12_wb_data_o\[10\]_723,drc_bufs164500/A,net,pin
u12_wb_data_o_reg\[11\]/Q,u12_wb_data_o\[11\]_724,pin,net
u12_wb_data_o\[11\]_724,drc_bufs164515/A,net,pin
u12_wb_data_o_reg\[12\]/Q,u12_wb_data_o\[12\]_725,pin,net
u12_wb_data_o\[12\]_725,drc_bufs164506/A,net,pin
u12_wb_data_o_reg\[13\]/Q,u12_wb_data_o\[13\]_726,pin,net
u12_wb_data_o\[13\]_726,drc_bufs164509/A,net,pin
u12_wb_data_o_reg\[14\]/Q,u12_wb_data_o\[14\]_727,pin,net
u12_wb_data_o\[14\]_727,drc_bufs164488/A,net,pin
u12_wb_data_o_reg\[15\]/Q,u12_wb_data_o\[15\]_728,pin,net
u12_wb_data_o\[15\]_728,drc_bufs164512/A,net,pin
u12_wb_data_o_reg\[16\]/QN,u12_wb_data_o\[16\]_729,pin,net
u12_wb_data_o\[16\]_729,drc_bufs164373/A,net,pin
u12_wb_data_o_reg\[17\]/Q,u12_wb_data_o\[17\]_730,pin,net
u12_wb_data_o\[17\]_730,drc_bufs164470/A,net,pin
u12_wb_data_o_reg\[18\]/Q,u12_wb_data_o\[18\]_731,pin,net
u12_wb_data_o\[18\]_731,drc_bufs164497/A,net,pin
u12_wb_data_o_reg\[19\]/Q,u12_wb_data_o\[19\]_732,pin,net
u12_wb_data_o\[19\]_732,drc_bufs164473/A,net,pin
u12_wb_data_o_reg\[1\]/Q,u12_wb_data_o\[1\]_714,pin,net
u12_wb_data_o\[1\]_714,drc_bufs164482/A,net,pin
u12_wb_data_o_reg\[20\]/QN,u12_wb_data_o\[20\]_733,pin,net
u12_wb_data_o\[20\]_733,drc_bufs164376/A,net,pin
u12_wb_data_o_reg\[21\]/QN,u12_wb_data_o\[21\]_734,pin,net
u12_wb_data_o\[21\]_734,drc_bufs164379/A,net,pin
u12_wb_data_o_reg\[22\]/QN,u12_wb_data_o\[22\]_735,pin,net
u12_wb_data_o\[22\]_735,drc_bufs164382/A,net,pin
u12_wb_data_o_reg\[23\]/Q,u12_wb_data_o\[23\]_736,pin,net
u12_wb_data_o\[23\]_736,drc_bufs164518/A,net,pin
u12_wb_data_o_reg\[24\]/Q,u12_wb_data_o\[24\]_737,pin,net
u12_wb_data_o\[24\]_737,drc_bufs164527/A,net,pin
u12_wb_data_o_reg\[25\]/QN,u12_wb_data_o\[25\]_738,pin,net
u12_wb_data_o\[25\]_738,drc_bufs164385/A,net,pin
u12_wb_data_o_reg\[26\]/QN,u12_wb_data_o\[26\]_739,pin,net
u12_wb_data_o\[26\]_739,drc_bufs164459/A,net,pin
u12_wb_data_o_reg\[27\]/QN,u12_wb_data_o\[27\]_740,pin,net
u12_wb_data_o\[27\]_740,drc_bufs164388/A,net,pin
u12_wb_data_o_reg\[28\]/QN,u12_wb_data_o\[28\]_741,pin,net
u12_wb_data_o\[28\]_741,drc_bufs164462/A,net,pin
u12_wb_data_o_reg\[29\]/QN,u12_wb_data_o\[29\]_742,pin,net
u12_wb_data_o\[29\]_742,drc_bufs164364/A,net,pin
u12_wb_data_o_reg\[2\]/Q,u12_wb_data_o\[2\]_715,pin,net
u12_wb_data_o\[2\]_715,drc_bufs164485/A,net,pin
u12_wb_data_o_reg\[30\]/QN,u12_wb_data_o\[30\]_743,pin,net
u12_wb_data_o\[30\]_743,drc_bufs164367/A,net,pin
u12_wb_data_o_reg\[31\]/Q,u12_wb_data_o\[31\]_744,pin,net
u12_wb_data_o\[31\]_744,drc_bufs164479/A,net,pin
u12_wb_data_o_reg\[3\]/Q,u12_wb_data_o\[3\]_716,pin,net
u12_wb_data_o\[3\]_716,drc_bufs164530/A,net,pin
u12_wb_data_o_reg\[4\]/Q,u12_wb_data_o\[4\]_717,pin,net
u12_wb_data_o\[4\]_717,drc_bufs164524/A,net,pin
u12_wb_data_o_reg\[5\]/Q,u12_wb_data_o\[5\]_718,pin,net
u12_wb_data_o\[5\]_718,drc_bufs164476/A,net,pin
u12_wb_data_o_reg\[6\]/Q,u12_wb_data_o\[6\]_719,pin,net
u12_wb_data_o\[6\]_719,drc_bufs164494/A,net,pin
u12_wb_data_o_reg\[7\]/Q,u12_wb_data_o\[7\]_720,pin,net
u12_wb_data_o\[7\]_720,drc_bufs164521/A,net,pin
u12_wb_data_o_reg\[8\]/Q,u12_wb_data_o\[8\]_721,pin,net
u12_wb_data_o\[8\]_721,drc_bufs164491/A,net,pin
u12_wb_data_o_reg\[9\]/Q,u12_wb_data_o\[9\]_722,pin,net
u12_wb_data_o\[9\]_722,drc_bufs164533/A,net,pin
u12_we1_reg/QN,u12_we1,pin,net
u12_we1,g158517/B,net,pin
u12_we2_reg/QN,u12_we2,pin,net
u12_we2,g180292/B,net,pin
u12_we2,g173226/B,net,pin
u12_we2,g158015/B,net,pin
u2_suspended_reg/QN,u13_csr[1],pin,net
u13_csr[1],g157770/A,net,pin
u13_csr[1],g157299/A,net,pin
u13_icc_r_reg\[15\]/QN,u13_icc_r[15],pin,net
u13_icc_r[15],g159407/A,net,pin
u13_icc_r_reg\[23\]/QN,u13_icc_r[23],pin,net
u13_icc_r[23],g163172/A1,net,pin
u13_icc_r[23],g159402/A,net,pin
u13_icc_r_reg\[7\]/QN,u13_icc_r[7],pin,net
u13_icc_r[7],g159399/A,net,pin
u13_int_reg/QN,u13_int_1643,pin,net
u13_int_1643,drc_bufs164370/A,net,pin
u13_intm_r_reg\[0\]/QN,u13_intm_r[0],pin,net
u13_intm_r[0],g184877/B1,net,pin
u13_intm_r[0],g158362/C1,net,pin
u13_intm_r[0],g156983/A2,net,pin
u13_intm_r_reg\[10\]/QN,u13_intm_r[10],pin,net
u13_intm_r[10],g170002/A2,net,pin
u13_intm_r[10],g159483/A,net,pin
u13_intm_r[10],g158989/B1,net,pin
u13_intm_r_reg\[11\]/QN,u13_intm_r[11],pin,net
u13_intm_r[11],g159455/A,net,pin
u13_intm_r[11],g158989/A1,net,pin
u13_intm_r_reg\[12\]/QN,u13_intm_r[12],pin,net
u13_intm_r[12],g184894/B1,net,pin
u13_intm_r[12],g158990/A1,net,pin
u13_intm_r[12],g156982/A2,net,pin
u13_intm_r_reg\[13\]/QN,u13_intm_r[13],pin,net
u13_intm_r[13],g606/A1,net,pin
u13_intm_r[13],g159544/A,net,pin
u13_intm_r[13],g158991/A1,net,pin
u13_intm_r_reg\[14\]/QN,u13_intm_r[14],pin,net
u13_intm_r[14],g198089/B1,net,pin
u13_intm_r[14],g198088/A,net,pin
u13_intm_r[14],g198086/A2,net,pin
u13_intm_r_reg\[15\]/QN,u13_intm_r[15],pin,net
u13_intm_r[15],g202338/A2,net,pin
u13_intm_r[15],g198089/A1,net,pin
u13_intm_r[15],g184901/B1,net,pin
u13_intm_r_reg\[16\]/QN,u13_intm_r[16],pin,net
u13_intm_r[16],g200638/B2,net,pin
u13_intm_r[16],g184891/B1,net,pin
u13_intm_r[16],g159001/A1,net,pin
u13_intm_r_reg\[17\]/QN,u13_intm_r[17],pin,net
u13_intm_r[17],g184890/B1,net,pin
u13_intm_r[17],g158985/B1,net,pin
u13_intm_r[17],g158045/B1,net,pin
u13_intm_r_reg\[18\]/QN,u13_intm_r[18],pin,net
u13_intm_r[18],g159506/A,net,pin
u13_intm_r[18],g158994/B1,net,pin
u13_intm_r_reg\[19\]/QN,u13_intm_r[19],pin,net
u13_intm_r[19],g159457/A,net,pin
u13_intm_r[19],g158986/B1,net,pin
u13_intm_r_reg\[1\]/QN,u13_intm_r[1],pin,net
u13_intm_r[1],g158988/B1,net,pin
u13_intm_r[1],g158293/B,net,pin
u13_intm_r[1],fopt173311/A,net,pin
u13_intm_r_reg\[20\]/QN,u13_intm_r[20],pin,net
u13_intm_r[20],g184887/B1,net,pin
u13_intm_r[20],g173316/B1,net,pin
u13_intm_r[20],g158985/A1,net,pin
u13_intm_r_reg\[21\]/QN,u13_intm_r[21],pin,net
u13_intm_r[21],g184886/B1,net,pin
u13_intm_r[21],g158362/B1,net,pin
u13_intm_r[21],g158044/B1,net,pin
u13_intm_r_reg\[22\]/QN,u13_intm_r[22],pin,net
u13_intm_r[22],g213848/B1,net,pin
u13_intm_r[22],g158986/A1,net,pin
u13_intm_r[22],g158036/B1,net,pin
u13_intm_r_reg\[23\]/QN,u13_intm_r[23],pin,net
u13_intm_r[23],g159533/A,net,pin
u13_intm_r[23],g158994/A1,net,pin
u13_intm_r_reg\[24\]/QN,u13_intm_r[24],pin,net
u13_intm_r[24],g159543/A,net,pin
u13_intm_r[24],g158996/B1,net,pin
u13_intm_r_reg\[25\]/QN,u13_intm_r[25],pin,net
u13_intm_r[25],g184881/B1,net,pin
u13_intm_r[25],g158996/A1,net,pin
u13_intm_r[25],g158052/B1,net,pin
u13_intm_r_reg\[26\]/QN,u13_intm_r[26],pin,net
u13_intm_r[26],g158995/B1,net,pin
u13_intm_r[26],g158040/B1,net,pin
u13_intm_r[26],fopt178139/A,net,pin
u13_intm_r_reg\[27\]/QN,u13_intm_r[27],pin,net
u13_intm_r[27],g184879/B1,net,pin
u13_intm_r[27],g177859/B2,net,pin
u13_intm_r[27],g158995/A1,net,pin
u13_intm_r_reg\[28\]/QN,u13_intm_r[28],pin,net
u13_intm_r[28],g184883/B1,net,pin
u13_intm_r[28],g178128/B1,net,pin
u13_intm_r[28],g158362/A1,net,pin
u13_intm_r_reg\[2\]/QN,u13_intm_r[2],pin,net
u13_intm_r[2],g184899/B1,net,pin
u13_intm_r[2],g158988/A1,net,pin
u13_intm_r[2],g156981/A2,net,pin
u13_intm_r_reg\[3\]/QN,u13_intm_r[3],pin,net
u13_intm_r[3],g159541/A,net,pin
u13_intm_r[3],g159003/B1,net,pin
u13_intm_r_reg\[4\]/QN,u13_intm_r[4],pin,net
u13_intm_r[4],g159517/A,net,pin
u13_intm_r[4],g159001/B1,net,pin
u13_intm_r_reg\[5\]/QN,u13_intm_r[5],pin,net
u13_intm_r[5],g184893/B1,net,pin
u13_intm_r[5],g181767/A1,net,pin
u13_intm_r[5],g159003/A1,net,pin
u13_intm_r_reg\[6\]/QN,u13_intm_r[6],pin,net
u13_intm_r[6],g171441/B2,net,pin
u13_intm_r[6],g159481/A,net,pin
u13_intm_r[6],g159002/B1,net,pin
u13_intm_r_reg\[7\]/QN,u13_intm_r[7],pin,net
u13_intm_r[7],g184900/B1,net,pin
u13_intm_r[7],g159002/A1,net,pin
u13_intm_r[7],g156984/A2,net,pin
u13_intm_r_reg\[8\]/QN,u13_intm_r[8],pin,net
u13_intm_r[8],g159500/A,net,pin
u13_intm_r[8],g158991/B1,net,pin
u13_intm_r_reg\[9\]/QN,u13_intm_r[9],pin,net
u13_intm_r[9],g172003/A1,net,pin
u13_intm_r[9],g159538/A,net,pin
u13_intm_r[9],g158990/B1,net,pin
u13_ints_r_reg\[0\]/QN,u13_ints_r[0],pin,net
u13_ints_r[0],g176157/A1,net,pin
u13_ints_r[0],g171439/A2,net,pin
u13_ints_r[0],g158362/C2,net,pin
u13_ints_r_reg\[10\]/QN,u13_ints_r[10],pin,net
u13_ints_r[10],g159531/A,net,pin
u13_ints_r[10],g158989/B2,net,pin
u13_ints_r_reg\[11\]/QN,u13_ints_r[11],pin,net
u13_ints_r[11],g159465/A,net,pin
u13_ints_r[11],g158989/A2,net,pin
u13_ints_r_reg\[12\]/QN,u13_ints_r[12],pin,net
u13_ints_r[12],g176152/A1,net,pin
u13_ints_r[12],g166249/A2,net,pin
u13_ints_r[12],g158990/A2,net,pin
u13_ints_r_reg\[13\]/QN,u13_ints_r[13],pin,net
u13_ints_r[13],g176156/A1,net,pin
u13_ints_r[13],g166251/A2,net,pin
u13_ints_r[13],g158991/A2,net,pin
u13_ints_r_reg\[14\]/QN,u13_ints_r[14],pin,net
u13_ints_r[14],g198089/B2,net,pin
u13_ints_r[14],g159498/A,net,pin
u13_ints_r_reg\[15\]/QN,u13_ints_r[15],pin,net
u13_ints_r[15],g202339/A2,net,pin
u13_ints_r[15],g198089/A2,net,pin
u13_ints_r[15],g176155/A1,net,pin
u13_ints_r_reg\[16\]/QN,u13_ints_r[16],pin,net
u13_ints_r[16],g176164/A1,net,pin
u13_ints_r[16],g159527/A,net,pin
u13_ints_r[16],g159001/A2,net,pin
u13_ints_r_reg\[17\]/QN,u13_ints_r[17],pin,net
u13_ints_r[17],g166252/A1,net,pin
u13_ints_r[17],g158985/B2,net,pin
u13_ints_r[17],g153669__176234/A2,net,pin
u13_ints_r_reg\[18\]/QN,u13_ints_r[18],pin,net
u13_ints_r[18],g159447/A,net,pin
u13_ints_r[18],g158994/B2,net,pin
u13_ints_r_reg\[19\]/QN,u13_ints_r[19],pin,net
u13_ints_r[19],g435/A1,net,pin
u13_ints_r[19],g176165/A1,net,pin
u13_ints_r[19],g158986/B2,net,pin
u13_ints_r_reg\[1\]/QN,u13_ints_r[1],pin,net
u13_ints_r[1],g159476/A,net,pin
u13_ints_r[1],g158988/B2,net,pin
u13_ints_r_reg\[20\]/QN,u13_ints_r[20],pin,net
u13_ints_r[20],g176238/A2,net,pin
u13_ints_r[20],g159547/A,net,pin
u13_ints_r[20],g158985/A2,net,pin
u13_ints_r_reg\[21\]/QN,u13_ints_r[21],pin,net
u13_ints_r[21],g176242/A1,net,pin
u13_ints_r[21],g159504/A,net,pin
u13_ints_r[21],g158362/B2,net,pin
u13_ints_r_reg\[22\]/QN,u13_ints_r[22],pin,net
u13_ints_r[22],g176154/A1,net,pin
u13_ints_r[22],g159514/A,net,pin
u13_ints_r[22],g158986/A2,net,pin
u13_ints_r_reg\[23\]/QN,u13_ints_r[23],pin,net
u13_ints_r[23],g159510/A,net,pin
u13_ints_r[23],g158994/A2,net,pin
u13_ints_r_reg\[24\]/QN,u13_ints_r[24],pin,net
u13_ints_r[24],g159488/A,net,pin
u13_ints_r[24],g158996/B2,net,pin
u13_ints_r_reg\[25\]/QN,u13_ints_r[25],pin,net
u13_ints_r[25],g176167/A1,net,pin
u13_ints_r[25],g159496/A,net,pin
u13_ints_r[25],g158996/A2,net,pin
u13_ints_r_reg\[26\]/QN,u13_ints_r[26],pin,net
u13_ints_r[26],g159468/A,net,pin
u13_ints_r[26],g158995/B2,net,pin
u13_ints_r_reg\[27\]/QN,u13_ints_r[27],pin,net
u13_ints_r[27],g176241/A1,net,pin
u13_ints_r[27],g159512/A,net,pin
u13_ints_r[27],g158995/A2,net,pin
u13_ints_r_reg\[28\]/QN,u13_ints_r[28],pin,net
u13_ints_r[28],g176243/A1,net,pin
u13_ints_r[28],g159537/A,net,pin
u13_ints_r[28],g158362/A2,net,pin
u13_ints_r_reg\[2\]/QN,u13_ints_r[2],pin,net
u13_ints_r[2],g159554/A,net,pin
u13_ints_r[2],g158988/A2,net,pin
u13_ints_r_reg\[3\]/QN,u13_ints_r[3],pin,net
u13_ints_r[3],g159492/A,net,pin
u13_ints_r[3],g159003/B2,net,pin
u13_ints_r_reg\[4\]/QN,u13_ints_r[4],pin,net
u13_ints_r[4],g159507/A,net,pin
u13_ints_r[4],g159001/B2,net,pin
u13_ints_r_reg\[5\]/QN,u13_ints_r[5],pin,net
u13_ints_r[5],g159464/A,net,pin
u13_ints_r[5],g159003/A2,net,pin
u13_ints_r_reg\[6\]/QN,u13_ints_r[6],pin,net
u13_ints_r[6],g159519/A,net,pin
u13_ints_r[6],g159002/B2,net,pin
u13_ints_r_reg\[7\]/QN,u13_ints_r[7],pin,net
u13_ints_r[7],g176161/A1,net,pin
u13_ints_r[7],g166248/A2,net,pin
u13_ints_r[7],g159002/A2,net,pin
u13_ints_r_reg\[8\]/QN,u13_ints_r[8],pin,net
u13_ints_r[8],g159487/A,net,pin
u13_ints_r[8],g158991/B2,net,pin
u13_ints_r_reg\[9\]/QN,u13_ints_r[9],pin,net
u13_ints_r[9],g159458/A,net,pin
u13_ints_r[9],g158990/B2,net,pin
u13_occ0_r_reg\[15\]/QN,u13_occ0_r[15],pin,net
u13_occ0_r[15],g167926/B1,net,pin
u13_occ0_r[15],g159390/A,net,pin
u13_occ0_r_reg\[23\]/QN,u13_occ0_r[23],pin,net
u13_occ0_r[23],g167915/B1,net,pin
u13_occ0_r[23],g163720/B1,net,pin
u13_occ0_r_reg\[31\]/QN,u13_occ0_r[31],pin,net
u13_occ0_r[31],g167900/B1,net,pin
u13_occ0_r[31],g158039/B2,net,pin
u13_occ0_r_reg\[7\]/QN,u13_occ0_r[7],pin,net
u13_occ0_r[7],g167908/B1,net,pin
u13_occ0_r[7],g159389/A,net,pin
u13_occ1_r_reg\[15\]/QN,u13_occ1_r[15],pin,net
u13_occ1_r[15],g170215/A2,net,pin
u13_occ1_r[15],g159393/A,net,pin
u13_occ1_r_reg\[7\]/QN,u13_occ1_r[7],pin,net
u13_occ1_r[7],g166578/B1,net,pin
u13_occ1_r[7],g159387/A,net,pin
u14_u0_en_out_l2_reg/QN,u14_u0_en_out_l2,pin,net
u14_u0_en_out_l2,g9/A,net,pin
u14_u0_en_out_l2,g169480/A,net,pin
u14_u0_full_empty_r_reg/QN,u14_u0_full_empty_r,pin,net
u14_u0_full_empty_r,g188090/A1,net,pin
u14_u0_full_empty_r,g159154/A,net,pin
u14_u1_en_out_l2_reg/QN,u14_u1_en_out_l2,pin,net
u14_u1_en_out_l2,g159426/A,net,pin
u14_u1_en_out_l2,g159173/A,net,pin
u14_u1_full_empty_r_reg/QN,u14_u1_full_empty_r,pin,net
u14_u1_full_empty_r,g188069/A1,net,pin
u14_u1_full_empty_r,g159157/A,net,pin
u14_u2_en_out_l2_reg/QN,u14_u2_en_out_l2,pin,net
u14_u2_en_out_l2,g300/A,net,pin
u14_u2_full_empty_r_reg/QN,u14_u2_full_empty_r,pin,net
u14_u2_full_empty_r,g193874/B,net,pin
u14_u2_full_empty_r,g188066/B2,net,pin
u14_u3_en_out_l2_reg/QN,u14_u3_en_out_l2,pin,net
u14_u3_en_out_l2,g184324/A,net,pin
u14_u3_full_empty_r_reg/QN,u14_u3_full_empty_r,pin,net
u14_u3_full_empty_r,g188070/A1,net,pin
u14_u3_full_empty_r,g159156/A,net,pin
u14_u4_en_out_l2_reg/QN,u14_u4_en_out_l2,pin,net
u14_u4_en_out_l2,g186001/A,net,pin
u14_u4_en_out_l2,g169496/A,net,pin
u14_u4_full_empty_r_reg/QN,u14_u4_full_empty_r,pin,net
u14_u4_full_empty_r,g188089/A1,net,pin
u14_u4_full_empty_r,g159153/A,net,pin
u14_u5_en_out_l2_reg/QN,u14_u5_en_out_l2,pin,net
u14_u5_en_out_l2,fopt214310/A,net,pin
u14_u5_full_empty_r_reg/QN,u14_u5_full_empty_r,pin,net
u14_u5_full_empty_r,g188074/A1,net,pin
u14_u5_full_empty_r,g159158/A,net,pin
u14_u6_en_out_l2_reg/QN,u14_u6_en_out_l2,pin,net
u14_u6_en_out_l2,g184057/A,net,pin
u14_u6_en_out_l2,g158303/B,net,pin
u14_u6_en_out_l_reg/QN,u14_u6_en_out_l_44,pin,net
u14_u6_en_out_l_44,g184059/C,net,pin
u14_u6_en_out_l_44,g183349/A,net,pin
u14_u6_en_out_l_44,g180237/A1,net,pin
u14_u6_full_empty_r_reg/QN,u14_u6_full_empty_r,pin,net
u14_u6_full_empty_r,g168835/B,net,pin
u14_u6_full_empty_r,g154785/B1,net,pin
u14_u7_en_out_l2_reg/QN,u14_u7_en_out_l2,pin,net
u14_u7_en_out_l2,g167580/B,net,pin
u14_u7_en_out_l2,g159470/A,net,pin
u14_u7_en_out_l2,g158302/B,net,pin
u14_u7_en_out_l_reg/QN,u14_u7_en_out_l_44,pin,net
u14_u7_en_out_l_44,g182846/B,net,pin
u14_u7_en_out_l_44,g167578/B,net,pin
u14_u7_en_out_l_44,g155583/A1,net,pin
u14_u7_full_empty_r_reg/QN,u14_u7_full_empty_r,pin,net
u14_u7_full_empty_r,g192711/C,net,pin
u14_u7_full_empty_r,g155580/B1,net,pin
u14_u8_en_out_l2_reg/QN,u14_u8_en_out_l2,pin,net
u14_u8_en_out_l2,g46/A,net,pin
u14_u8_en_out_l2,g159472/A,net,pin
u14_u8_en_out_l_reg/QN,u14_u8_en_out_l_44,pin,net
u14_u8_en_out_l_44,g182134/D,net,pin
u14_u8_en_out_l_44,g181936/B,net,pin
u14_u8_en_out_l_44,g175347/C,net,pin
u14_u8_en_out_l_44,g175346/A2,net,pin
u14_u8_full_empty_r_reg/QN,u14_u8_full_empty_r,pin,net
u14_u8_full_empty_r,g39/B,net,pin
u14_u8_full_empty_r,g154862/B1,net,pin
u15_crac_rd_reg/QN,u15_crac_rd,pin,net
u15_crac_rd,g176648/B,net,pin
u15_crac_rd,g159295/B,net,pin
u15_crac_rd,g154154__7410/A2,net,pin
u15_crac_rd,g153627__169861/B,net,pin
u15_crac_we_r_reg/QN,u15_crac_we_r,pin,net
u15_crac_we_r,g156687/A,net,pin
u15_crac_we_r,g154123__175580/B1,net,pin
u15_rdd1_reg/QN,u15_rdd1,pin,net
u15_rdd1,g176648/A2,net,pin
u15_rdd1,g176647/A,net,pin
u15_rdd1,g154792/B,net,pin
u15_rdd2_reg/QN,u15_rdd2,pin,net
u15_rdd2,g169475/A,net,pin
u15_rdd2,g159379/A,net,pin
u15_rdd3_reg/QN,u15_rdd3,pin,net
u15_rdd3,g181972/A,net,pin
u15_rdd3,g169478/A,net,pin
u15_rdd3,g159011/A1,net,pin
u15_valid_r_reg/QN,u15_valid_r,pin,net
u15_valid_r,g181970/A,net,pin
u15_valid_r,g176648/A1,net,pin
u15_valid_r,g175581/B,net,pin
u16_u0_dma_req_reg/QN,u16_u0_dma_req_52,pin,net
u16_u0_dma_req_52,drc_bufs164393/A,net,pin
u16_u0_dma_req_r1_reg/QN,u16_u0_dma_req_r1,pin,net
u16_u0_dma_req_r1,g153387__176895/A2,net,pin
u16_u1_dma_req_reg/QN,u16_u1_dma_req_52,pin,net
u16_u1_dma_req_52,drc_bufs164399/A,net,pin
u16_u1_dma_req_r1_reg/QN,u16_u1_dma_req_r1,pin,net
u16_u1_dma_req_r1,g153386__176754/A2,net,pin
u16_u2_dma_req_reg/QN,u16_u2_dma_req_52,pin,net
u16_u2_dma_req_52,drc_bufs164405/A,net,pin
u16_u2_dma_req_r1_reg/QN,u16_u2_dma_req_r1,pin,net
u16_u2_dma_req_r1,g183967/A2,net,pin
u16_u3_dma_req_reg/QN,u16_u3_dma_req_52,pin,net
u16_u3_dma_req_52,drc_bufs164411/A,net,pin
u16_u3_dma_req_r1_reg/QN,u16_u3_dma_req_r1,pin,net
u16_u3_dma_req_r1,g179982/A,net,pin
u16_u4_dma_req_reg/QN,u16_u4_dma_req_52,pin,net
u16_u4_dma_req_52,drc_bufs164423/A,net,pin
u16_u4_dma_req_r1_reg/QN,u16_u4_dma_req_r1,pin,net
u16_u4_dma_req_r1,g181705/A2,net,pin
u16_u5_dma_req_reg/QN,u16_u5_dma_req_52,pin,net
u16_u5_dma_req_52,drc_bufs164429/A,net,pin
u16_u5_dma_req_r1_reg/QN,u16_u5_dma_req_r1,pin,net
u16_u5_dma_req_r1,g153382__176747/A2,net,pin
u16_u6_dma_req_reg/QN,u16_u6_dma_req_52,pin,net
u16_u6_dma_req_52,drc_bufs164435/A,net,pin
u16_u6_dma_req_r1_reg/QN,u16_u6_dma_req_r1,pin,net
u16_u6_dma_req_r1,g181757/A2,net,pin
u16_u7_dma_req_reg/QN,u16_u7_dma_req_52,pin,net
u16_u7_dma_req_52,drc_bufs164417/A,net,pin
u16_u7_dma_req_r1_reg/QN,u16_u7_dma_req_r1,pin,net
u16_u7_dma_req_r1,g154125/A2,net,pin
u16_u8_dma_req_reg/QN,u16_u8_dma_req_52,pin,net
u16_u8_dma_req_52,drc_bufs164441/A,net,pin
u16_u8_dma_req_r1_reg/QN,u16_u8_dma_req_r1,pin,net
u16_u8_dma_req_r1,g154126/A2,net,pin
u1_sdata_in_r_reg/QN,u1_sdata_in_r,pin,net
u1_sdata_in_r,g159082/A,net,pin
u1_sr_reg\[0\]/QN,u1_sr[0],pin,net
u1_sr[0],g158836/A,net,pin
u1_sr[0],g157156/A1,net,pin
u1_sr[0],g156719/A1,net,pin
u1_sr[0],g155588/A1,net,pin
u1_sr_reg\[10\]/QN,u1_sr[10],pin,net
u1_sr[10],g154157/A,net,pin
u1_sr[10],g153877__1617/A1,net,pin
u1_sr[10],g153876__2802/A1,net,pin
u1_sr[10],g153875__1705/A1,net,pin
u1_sr[10],g153590__3680/A1,net,pin
u1_sr[10],g153589__6783/A1,net,pin
u1_sr_reg\[11\]/QN,u1_sr[11],pin,net
u1_sr[11],g153977/A,net,pin
u1_sr[11],g153403__5526/A1,net,pin
u1_sr[11],g153402__6260/A2,net,pin
u1_sr[11],g153401__4319/A2,net,pin
u1_sr[11],g153341__8428/A1,net,pin
u1_sr[11],g153340__5107/A1,net,pin
u1_sr[11],g153339__5477/A1,net,pin
u1_sr_reg\[12\]/QN,u1_sr[12],pin,net
u1_sr[12],g153542/A,net,pin
u1_sr[12],g152964__6417/A2,net,pin
u1_sr[12],g152963__7410/A1,net,pin
u1_sr[12],g152962__1666/A1,net,pin
u1_sr[12],g152961__2346/A1,net,pin
u1_sr[12],g152960__2883/A1,net,pin
u1_sr_reg\[13\]/QN,u1_sr[13],pin,net
u1_sr[13],g153037/A,net,pin
u1_sr[13],g152880__9315/A1,net,pin
u1_sr[13],g152879__6161/A1,net,pin
u1_sr[13],g152878__4733/A1,net,pin
u1_sr[13],g152877__7482/A1,net,pin
u1_sr_reg\[14\]/QN,u1_sr[14],pin,net
u1_sr[14],g152883/A,net,pin
u1_sr[14],g152870__5115/A1,net,pin
u1_sr[14],g152869__1881/A1,net,pin
u1_sr[14],g152867__6131/A1,net,pin
u1_sr[14],g152866__7098/A1,net,pin
u1_sr_reg\[15\]/QN,u1_sr[15],pin,net
u1_sr[15],g152871/A,net,pin
u1_sr[15],g152859__2802/A2,net,pin
u1_sr[15],g152858__1705/A1,net,pin
u1_sr[15],g152857__5122/A1,net,pin
u1_sr[15],g152856__1617/A1,net,pin
u1_sr[15],g152855__3680/A1,net,pin
u1_sr_reg\[16\]/QN,u1_sr[16],pin,net
u1_sr[16],g152860/A,net,pin
u1_sr[16],g152846__6783/A1,net,pin
u1_sr[16],g152845__5526/A1,net,pin
u1_sr[16],g152844__8428/A1,net,pin
u1_sr[16],g152843__4319/A1,net,pin
u1_sr_reg\[17\]/QN,u1_sr[17],pin,net
u1_sr[17],g152849/A,net,pin
u1_sr[17],g152836__5107/A1,net,pin
u1_sr[17],g152835__2398/A1,net,pin
u1_sr[17],g152833__5477/A1,net,pin
u1_sr[17],g152832__6417/A1,net,pin
u1_sr_reg\[18\]/QN,u1_sr[18],pin,net
u1_sr[18],g152837/A,net,pin
u1_sr[18],g152826__1666/A1,net,pin
u1_sr[18],g152825__2346/A1,net,pin
u1_sr[18],g152824__2883/A1,net,pin
u1_sr[18],g152823__9945/A1,net,pin
u1_sr_reg\[19\]/QN,u1_sr[19],pin,net
u1_sr[19],g152817__9315/A1,net,pin
u1_sr[19],g152816__6161/A1,net,pin
u1_sr[19],g152815__4733/A1,net,pin
u1_sr[19],g152814__7482/A1,net,pin
u1_sr_reg\[1\]/QN,u1_sr[1],pin,net
u1_sr[1],g158243/A,net,pin
u1_sr[1],g157159/A1,net,pin
u1_sr[1],g156720/A1,net,pin
u1_sr[1],g155587/A1,net,pin
u1_sr_reg\[2\]/QN,u1_sr[2],pin,net
u1_sr[2],g157766/A,net,pin
u1_sr[2],g157157/A1,net,pin
u1_sr[2],g156721/A1,net,pin
u1_sr[2],g155586/A1,net,pin
u1_sr_reg\[3\]/QN,u1_sr[3],pin,net
u1_sr[3],g157350/A,net,pin
u1_sr[3],g157158/A1,net,pin
u1_sr[3],g156722/A1,net,pin
u1_sr[3],g155585/A1,net,pin
u1_sr_reg\[4\]/QN,u1_sr[4],pin,net
u1_sr[4],g157199/A,net,pin
u1_sr[4],g156724/A1,net,pin
u1_sr[4],g156723/A1,net,pin
u1_sr[4],g155591/A1,net,pin
u1_sr[4],g155584/A1,net,pin
u1_sr_reg\[5\]/QN,u1_sr[5],pin,net
u1_sr[5],g156892/A,net,pin
u1_sr[5],g156116__5115/A1,net,pin
u1_sr[5],g156115__1881/A1,net,pin
u1_sr[5],g156114/A1,net,pin
u1_sr[5],g155590/A1,net,pin
u1_sr[5],g155579/A1,net,pin
u1_sr_reg\[6\]/QN,u1_sr[6],pin,net
u1_sr[6],g156644/A,net,pin
u1_sr[6],g155592__5477/A1,net,pin
u1_sr[6],g155589__6417/A1,net,pin
u1_sr[6],g155582__7410/A1,net,pin
u1_sr[6],g155581__1666/A1,net,pin
u1_sr[6],g155578__2346/A1,net,pin
u1_sr_reg\[7\]/QN,u1_sr[7],pin,net
u1_sr[7],g156003/A,net,pin
u1_sr[7],g154858__6260/A1,net,pin
u1_sr[7],g154857__5107/A1,net,pin
u1_sr[7],g154840__2398/A1,net,pin
u1_sr[7],g154839__5477/A1,net,pin
u1_sr[7],g154838__6417/A1,net,pin
u1_sr_reg\[8\]/QN,u1_sr[8],pin,net
u1_sr[8],g155073/A,net,pin
u1_sr[8],g154401__6161/A1,net,pin
u1_sr[8],g154400__9315/A1,net,pin
u1_sr[8],g154399__9945/A1,net,pin
u1_sr[8],g154396__4733/A1,net,pin
u1_sr[8],g154395__7482/A1,net,pin
u1_sr_reg\[9\]/QN,u1_sr[9],pin,net
u1_sr[9],g154437/A,net,pin
u1_sr[9],g154129__5115/A1,net,pin
u1_sr[9],g154128__1881/A1,net,pin
u1_sr[9],g154127__6131/A1,net,pin
u1_sr[9],g153995__7098/A1,net,pin
u1_sr[9],g153994__8246/A2,net,pin
u26_ac97_rst__reg/QN,u26_ac97_rst_104,pin,net
u26_ac97_rst_104,g156172/A2,net,pin
u26_ac97_rst_104,drc_bufs164361/A,net,pin
u26_cnt_reg\[0\]/QN,u26_cnt[0],pin,net
u26_cnt[0],g159595/A,net,pin
u26_cnt_reg\[1\]/QN,u26_cnt[1],pin,net
u26_cnt[1],g178219/A,net,pin
u26_cnt[1],g178216/A,net,pin
u26_cnt[1],g178214/B,net,pin
u26_cnt_reg\[2\]/QN,u26_cnt[2],pin,net
u26_cnt[2],g175810/D,net,pin
u26_cnt[2],g175809/C,net,pin
u26_cnt[2],g153338__5122/B,net,pin
u26_ps_cnt_reg\[0\]/QN,u26_ps_cnt[0],pin,net
u26_ps_cnt[0],g200049/C,net,pin
u26_ps_cnt[0],g197864/B,net,pin
u26_ps_cnt[0],g193484/A,net,pin
u26_ps_cnt_reg\[1\]/QN,u26_ps_cnt[1],pin,net
u26_ps_cnt[1],g197864/A,net,pin
u26_ps_cnt[1],g159578/A,net,pin
u26_ps_cnt_reg\[2\]/QN,u26_ps_cnt[2],pin,net
u26_ps_cnt[2],g159152/B,net,pin
u26_ps_cnt[2],fopt173320/A,net,pin
u26_ps_cnt_reg\[3\]/QN,u26_ps_cnt[3],pin,net
u26_ps_cnt[3],g159152/A,net,pin
u26_ps_cnt[3],fopt178189/A,net,pin
u26_ps_cnt_reg\[4\]/QN,u26_ps_cnt[4],pin,net
u26_ps_cnt[4],g200049/B,net,pin
u26_ps_cnt[4],g200047/B,net,pin
u26_ps_cnt[4],g200045/A,net,pin
u26_ps_cnt_reg\[5\]/QN,u26_ps_cnt[5],pin,net
u26_ps_cnt[5],g200049/A,net,pin
u26_ps_cnt[5],g159490/A,net,pin
u2_bit_clk_e_reg/QN,u2_bit_clk_e,pin,net
u2_bit_clk_e,g157345/A,net,pin
u2_bit_clk_e,g157226/A,net,pin
u2_bit_clk_r_reg/QN,u2_bit_clk_r,pin,net
u2_bit_clk_r,u2_bit_clk_e_reg/SI,net,pin
u2_bit_clk_r,g159086/A,net,pin
u2_bit_clk_r1_reg/QN,u2_bit_clk_r1,pin,net
u2_bit_clk_r1,u2_bit_clk_e_reg/SE,net,pin
u2_cnt_reg\[0\]/QN,u2_cnt[0],pin,net
u2_cnt[0],g159638/A,net,pin
u2_cnt[0],g158894/B,net,pin
u2_cnt_reg\[1\]/QN,u2_cnt[1],pin,net
u2_cnt[1],g159616/A,net,pin
u2_cnt[1],g159320/A,net,pin
u2_cnt[1],g159186/B,net,pin
u2_cnt[1],g158013/A1,net,pin
u2_cnt[1],g157579/A2,net,pin
u2_cnt_reg\[2\]/QN,u2_cnt[2],pin,net
u2_cnt[2],g159631/A,net,pin
u2_cnt[2],g159186/A,net,pin
u2_cnt[2],g158930/A,net,pin
u2_cnt[2],g157580/A2,net,pin
u2_cnt[2],g157297/E,net,pin
u2_cnt_reg\[3\]/QN,u2_cnt[3],pin,net
u2_cnt[3],g159802/A,net,pin
u2_cnt[3],g158299/A,net,pin
u2_cnt[3],g157570/A2,net,pin
u2_cnt[3],g157153/C,net,pin
u2_cnt[3],g157116/C,net,pin
u2_cnt[3],g157070/D,net,pin
u2_cnt_reg\[4\]/QN,u2_cnt[4],pin,net
u2_cnt[4],g159787/A,net,pin
u2_cnt[4],g159319/B,net,pin
u2_cnt[4],g158017/C,net,pin
u2_cnt[4],g158013/B,net,pin
u2_cnt[4],g157636/B,net,pin
u2_cnt[4],g157583/A2,net,pin
u2_cnt[4],g157513/A2,net,pin
u2_cnt[4],g157289/A1,net,pin
u2_cnt_reg\[5\]/QN,u2_cnt[5],pin,net
u2_cnt[5],g159869/A,net,pin
u2_cnt[5],g157670/A,net,pin
u2_cnt[5],g157297/C,net,pin
u2_cnt[5],g157289/A2,net,pin
u2_cnt[5],g157153/B,net,pin
u2_cnt[5],g157146/A2,net,pin
u2_cnt[5],g157116/B,net,pin
u2_cnt_reg\[6\]/QN,u2_cnt[6],pin,net
u2_cnt[6],g159847/A,net,pin
u2_cnt[6],g158464/A,net,pin
u2_cnt[6],g158017/B,net,pin
u2_cnt[6],g158013/C,net,pin
u2_cnt[6],g157581/E,net,pin
u2_cnt[6],g157289/C,net,pin
u2_cnt[6],g157287/A,net,pin
u2_cnt[6],g156718/A2,net,pin
u2_cnt_reg\[7\]/QN,u2_cnt[7],pin,net
u2_cnt[7],g159758/A,net,pin
u2_cnt[7],g159319/A,net,pin
u2_cnt[7],g157513/C,net,pin
u2_cnt[7],g157289/B,net,pin
u2_cnt[7],g157070/E,net,pin
u2_cnt[7],g156711/A2,net,pin
u2_res_cnt_reg\[0\]/QN,u2_res_cnt[0],pin,net
u2_res_cnt[0],g207848/A1,net,pin
u2_res_cnt[0],g184294/B,net,pin
u2_res_cnt[0],g181896/B,net,pin
u2_res_cnt[0],g159570/A,net,pin
u2_res_cnt[0],g158982/C,net,pin
u2_res_cnt_reg\[1\]/QN,u2_res_cnt[1],pin,net
u2_res_cnt[1],g184294/A,net,pin
u2_res_cnt[1],g159574/A,net,pin
u2_res_cnt_reg\[2\]/QN,u2_res_cnt[2],pin,net
u2_res_cnt[2],g188567/B,net,pin
u2_res_cnt[2],g187553/A,net,pin
u2_res_cnt[2],g184164/C,net,pin
u2_res_cnt[2],g159562/A,net,pin
u2_res_cnt[2],g158982/D,net,pin
u2_res_cnt_reg\[3\]/QN,u2_res_cnt[3],pin,net
u2_res_cnt[3],g168648/E,net,pin
u2_res_cnt[3],g159445/A,net,pin
u2_res_cnt[3],g156157/A1,net,pin
u2_sync_beat_reg/QN,u2_sync_beat,pin,net
u2_sync_beat,g184487/A,net,pin
u2_sync_resume_reg/QN,u2_sync_resume,pin,net
u2_sync_resume,g184487/B,net,pin
u2_sync_resume,g157296/B,net,pin
u2_sync_resume,g157071/B,net,pin
u2_sync_resume,g156712/B,net,pin
u2_sync_resume,g156157/C,net,pin
u2_sync_resume,g154846/B,net,pin
u2_to_cnt_reg\[0\]/QN,u2_to_cnt[0],pin,net
u2_to_cnt[0],g159598/A,net,pin
u2_to_cnt[0],g159596/A,net,pin
u2_to_cnt[0],g159177/A,net,pin
u2_to_cnt_reg\[1\]/QN,u2_to_cnt[1],pin,net
u2_to_cnt[1],g173838/B,net,pin
u2_to_cnt[1],g159571/A,net,pin
u2_to_cnt[1],g159177/B,net,pin
u2_to_cnt_reg\[2\]/QN,u2_to_cnt[2],pin,net
u2_to_cnt[2],g173839/B,net,pin
u2_to_cnt[2],g169976/A,net,pin
u2_to_cnt[2],g159590/A,net,pin
u2_to_cnt[2],g158854/A,net,pin
u2_to_cnt_reg\[3\]/QN,u2_to_cnt[3],pin,net
u2_to_cnt[3],g173839/C,net,pin
u2_to_cnt[3],g159560/A,net,pin
u2_to_cnt_reg\[4\]/QN,u2_to_cnt[4],pin,net
u2_to_cnt[4],g173838/C,net,pin
u2_to_cnt[4],g159585/A,net,pin
u2_to_cnt[4],g157875/B,net,pin
u2_to_cnt_reg\[5\]/QN,u2_to_cnt[5],pin,net
u2_to_cnt[5],g159551/A,net,pin
u3_mem_reg\[0\]\[0\]/QN,u3_mem\[0\][0],pin,net
u3_mem\[0\][0],g202305/B1,net,pin
u3_mem\[0\][0],g169187/A2,net,pin
u3_mem_reg\[0\]\[10\]/QN,u3_mem\[0\][10],pin,net
u3_mem\[0\][10],g213869/B1,net,pin
u3_mem\[0\][10],g200242/A1,net,pin
u3_mem_reg\[0\]\[11\]/QN,u3_mem\[0\][11],pin,net
u3_mem\[0\][11],g202292/B1,net,pin
u3_mem\[0\][11],g186120/A1,net,pin
u3_mem_reg\[0\]\[12\]/QN,u3_mem\[0\][12],pin,net
u3_mem\[0\][12],g202318/B1,net,pin
u3_mem\[0\][12],g194136/A2,net,pin
u3_mem_reg\[0\]\[13\]/QN,u3_mem\[0\][13],pin,net
u3_mem\[0\][13],g83/B1,net,pin
u3_mem\[0\][13],g202299/B1,net,pin
u3_mem_reg\[0\]\[14\]/QN,u3_mem\[0\][14],pin,net
u3_mem\[0\][14],g202314/B1,net,pin
u3_mem\[0\][14],g186121/B1,net,pin
u3_mem_reg\[0\]\[15\]/QN,u3_mem\[0\][15],pin,net
u3_mem\[0\][15],g202312/B1,net,pin
u3_mem\[0\][15],g186123/A1,net,pin
u3_mem_reg\[0\]\[16\]/QN,u3_mem\[0\][16],pin,net
u3_mem\[0\][16],g202311/B1,net,pin
u3_mem\[0\][16],g162672/A2,net,pin
u3_mem_reg\[0\]\[17\]/QN,u3_mem\[0\][17],pin,net
u3_mem\[0\][17],g202293/B1,net,pin
u3_mem\[0\][17],g162693/A1,net,pin
u3_mem_reg\[0\]\[18\]/QN,u3_mem\[0\][18],pin,net
u3_mem\[0\][18],g202307/B1,net,pin
u3_mem\[0\][18],g163893/A1,net,pin
u3_mem_reg\[0\]\[19\]/QN,u3_mem\[0\][19],pin,net
u3_mem\[0\][19],g202310/B1,net,pin
u3_mem\[0\][19],g174908/A1,net,pin
u3_mem_reg\[0\]\[1\]/QN,u3_mem\[0\][1],pin,net
u3_mem\[0\][1],g202288/B1,net,pin
u3_mem\[0\][1],g186122/A1,net,pin
u3_mem_reg\[0\]\[20\]/QN,u3_mem\[0\][20],pin,net
u3_mem\[0\][20],g202297/B1,net,pin
u3_mem\[0\][20],g173186/B2,net,pin
u3_mem_reg\[0\]\[21\]/QN,u3_mem\[0\][21],pin,net
u3_mem\[0\][21],g202289/B1,net,pin
u3_mem\[0\][21],g178024/C,net,pin
u3_mem_reg\[0\]\[22\]/QN,u3_mem\[0\][22],pin,net
u3_mem\[0\][22],g213839/B1,net,pin
u3_mem\[0\][22],g158189/A1,net,pin
u3_mem_reg\[0\]\[23\]/QN,u3_mem\[0\][23],pin,net
u3_mem\[0\][23],g202313/B1,net,pin
u3_mem\[0\][23],g158195/A1,net,pin
u3_mem_reg\[0\]\[24\]/QN,u3_mem\[0\][24],pin,net
u3_mem\[0\][24],g202295/B1,net,pin
u3_mem\[0\][24],g157316/A2,net,pin
u3_mem_reg\[0\]\[25\]/QN,u3_mem\[0\][25],pin,net
u3_mem\[0\][25],g202298/B1,net,pin
u3_mem\[0\][25],g158201/A1,net,pin
u3_mem_reg\[0\]\[26\]/QN,u3_mem\[0\][26],pin,net
u3_mem\[0\][26],g202304/B1,net,pin
u3_mem\[0\][26],g158165/A1,net,pin
u3_mem_reg\[0\]\[27\]/QN,u3_mem\[0\][27],pin,net
u3_mem\[0\][27],g202302/B1,net,pin
u3_mem\[0\][27],g170086/A1,net,pin
u3_mem_reg\[0\]\[28\]/QN,u3_mem\[0\][28],pin,net
u3_mem\[0\][28],g202306/B1,net,pin
u3_mem\[0\][28],g157306/B2,net,pin
u3_mem_reg\[0\]\[29\]/QN,u3_mem\[0\][29],pin,net
u3_mem\[0\][29],g202309/B1,net,pin
u3_mem\[0\][29],g157307/A2,net,pin
u3_mem_reg\[0\]\[2\]/QN,u3_mem\[0\][2],pin,net
u3_mem\[0\][2],g202316/B1,net,pin
u3_mem\[0\][2],g194063/B2,net,pin
u3_mem_reg\[0\]\[30\]/QN,u3_mem\[0\][30],pin,net
u3_mem\[0\][30],g202300/B1,net,pin
u3_mem\[0\][30],g158167/A1,net,pin
u3_mem_reg\[0\]\[31\]/QN,u3_mem\[0\][31],pin,net
u3_mem\[0\][31],g202308/B1,net,pin
u3_mem\[0\][31],g157597/A2,net,pin
u3_mem_reg\[0\]\[3\]/QN,u3_mem\[0\][3],pin,net
u3_mem\[0\][3],g202287/B1,net,pin
u3_mem\[0\][3],g183902/B1,net,pin
u3_mem_reg\[0\]\[4\]/QN,u3_mem\[0\][4],pin,net
u3_mem\[0\][4],g214962/B1,net,pin
u3_mem\[0\][4],g171389/A1,net,pin
u3_mem_reg\[0\]\[5\]/QN,u3_mem\[0\][5],pin,net
u3_mem\[0\][5],g202315/B1,net,pin
u3_mem\[0\][5],g163897/A1,net,pin
u3_mem_reg\[0\]\[6\]/QN,u3_mem\[0\][6],pin,net
u3_mem\[0\][6],g202290/B1,net,pin
u3_mem\[0\][6],g168808/B1,net,pin
u3_mem_reg\[0\]\[7\]/QN,u3_mem\[0\][7],pin,net
u3_mem\[0\][7],g202294/B1,net,pin
u3_mem\[0\][7],g163896/A1,net,pin
u3_mem_reg\[0\]\[8\]/QN,u3_mem\[0\][8],pin,net
u3_mem\[0\][8],g202301/B1,net,pin
u3_mem\[0\][8],g162680/A2,net,pin
u3_mem_reg\[0\]\[9\]/QN,u3_mem\[0\][9],pin,net
u3_mem\[0\][9],g202303/B1,net,pin
u3_mem\[0\][9],g180273/A2,net,pin
u3_mem_reg\[1\]\[0\]/QN,u3_mem\[1\][0],pin,net
u3_mem\[1\][0],g99/A1,net,pin
u3_mem\[1\][0],g169187/B1,net,pin
u3_mem_reg\[1\]\[10\]/QN,u3_mem\[1\][10],pin,net
u3_mem\[1\][10],g213858/A2,net,pin
u3_mem\[1\][10],g186124/A1,net,pin
u3_mem_reg\[1\]\[11\]/QN,u3_mem\[1\][11],pin,net
u3_mem\[1\][11],g186120/B2,net,pin
u3_mem\[1\][11],g171075/A2,net,pin
u3_mem_reg\[1\]\[12\]/QN,u3_mem\[1\][12],pin,net
u3_mem\[1\][12],g186125/A1,net,pin
u3_mem\[1\][12],g170387/A2,net,pin
u3_mem_reg\[1\]\[13\]/QN,u3_mem\[1\][13],pin,net
u3_mem\[1\][13],g186126/A2,net,pin
u3_mem\[1\][13],g170349/A2,net,pin
u3_mem_reg\[1\]\[14\]/QN,u3_mem\[1\][14],pin,net
u3_mem\[1\][14],g186121/A1,net,pin
u3_mem\[1\][14],g170362/A2,net,pin
u3_mem_reg\[1\]\[15\]/QN,u3_mem\[1\][15],pin,net
u3_mem\[1\][15],g186123/B1,net,pin
u3_mem\[1\][15],g171322/A2,net,pin
u3_mem_reg\[1\]\[16\]/QN,u3_mem\[1\][16],pin,net
u3_mem\[1\][16],g170356/A2,net,pin
u3_mem\[1\][16],g162672/B1,net,pin
u3_mem_reg\[1\]\[17\]/QN,u3_mem\[1\][17],pin,net
u3_mem\[1\][17],g170393/A2,net,pin
u3_mem\[1\][17],g162693/B2,net,pin
u3_mem_reg\[1\]\[18\]/QN,u3_mem\[1\][18],pin,net
u3_mem\[1\][18],g170405/A2,net,pin
u3_mem\[1\][18],g158795/A1,net,pin
u3_mem_reg\[1\]\[19\]/QN,u3_mem\[1\][19],pin,net
u3_mem\[1\][19],g218109/A2,net,pin
u3_mem\[1\][19],g171179/A2,net,pin
u3_mem_reg\[1\]\[1\]/QN,u3_mem\[1\][1],pin,net
u3_mem\[1\][1],g186122/B1,net,pin
u3_mem\[1\][1],g155838/B2,net,pin
u3_mem_reg\[1\]\[20\]/QN,u3_mem\[1\][20],pin,net
u3_mem\[1\][20],g173186/A2,net,pin
u3_mem\[1\][20],g172/B2,net,pin
u3_mem_reg\[1\]\[21\]/QN,u3_mem\[1\][21],pin,net
u3_mem\[1\][21],g36/A,net,pin
u3_mem\[1\][21],g165889/B1,net,pin
u3_mem_reg\[1\]\[22\]/QN,u3_mem\[1\][22],pin,net
u3_mem\[1\][22],g213850/A2,net,pin
u3_mem\[1\][22],g158189/B1,net,pin
u3_mem_reg\[1\]\[23\]/QN,u3_mem\[1\][23],pin,net
u3_mem\[1\][23],g170625/A2,net,pin
u3_mem\[1\][23],g158195/B1,net,pin
u3_mem_reg\[1\]\[24\]/QN,u3_mem\[1\][24],pin,net
u3_mem\[1\][24],g170351/A2,net,pin
u3_mem\[1\][24],g160080/A,net,pin
u3_mem_reg\[1\]\[25\]/QN,u3_mem\[1\][25],pin,net
u3_mem\[1\][25],g170840/A2,net,pin
u3_mem\[1\][25],g158201/B2,net,pin
u3_mem_reg\[1\]\[26\]/QN,u3_mem\[1\][26],pin,net
u3_mem\[1\][26],g170689/A2,net,pin
u3_mem\[1\][26],g158165/B1,net,pin
u3_mem_reg\[1\]\[27\]/QN,u3_mem\[1\][27],pin,net
u3_mem\[1\][27],g170621/A2,net,pin
u3_mem\[1\][27],g170086/B1,net,pin
u3_mem_reg\[1\]\[28\]/QN,u3_mem\[1\][28],pin,net
u3_mem\[1\][28],g170623/A2,net,pin
u3_mem\[1\][28],g157306/C2,net,pin
u3_mem_reg\[1\]\[29\]/QN,u3_mem\[1\][29],pin,net
u3_mem\[1\][29],g176310/A2,net,pin
u3_mem\[1\][29],g160074/A,net,pin
u3_mem_reg\[1\]\[2\]/QN,u3_mem\[1\][2],pin,net
u3_mem\[1\][2],g194063/A2,net,pin
u3_mem\[1\][2],g171168/A2,net,pin
u3_mem_reg\[1\]\[30\]/QN,u3_mem\[1\][30],pin,net
u3_mem\[1\][30],g176436/A2,net,pin
u3_mem\[1\][30],g158167/B1,net,pin
u3_mem_reg\[1\]\[31\]/QN,u3_mem\[1\][31],pin,net
u3_mem\[1\][31],g170302/A2,net,pin
u3_mem\[1\][31],g157597/B1,net,pin
u3_mem_reg\[1\]\[3\]/QN,u3_mem\[1\][3],pin,net
u3_mem\[1\][3],g183902/A1,net,pin
u3_mem\[1\][3],g176500/A2,net,pin
u3_mem_reg\[1\]\[4\]/QN,u3_mem\[1\][4],pin,net
u3_mem\[1\][4],g215512/A2,net,pin
u3_mem\[1\][4],g158789/A1,net,pin
u3_mem_reg\[1\]\[5\]/QN,u3_mem\[1\][5],pin,net
u3_mem\[1\][5],g186118/A1,net,pin
u3_mem\[1\][5],g170156/A2,net,pin
u3_mem_reg\[1\]\[6\]/QN,u3_mem\[1\][6],pin,net
u3_mem\[1\][6],g192019/A1,net,pin
u3_mem\[1\][6],g176265/A2,net,pin
u3_mem_reg\[1\]\[7\]/QN,u3_mem\[1\][7],pin,net
u3_mem\[1\][7],g170358/A2,net,pin
u3_mem\[1\][7],g158796/A2,net,pin
u3_mem_reg\[1\]\[8\]/QN,u3_mem\[1\][8],pin,net
u3_mem\[1\][8],g191423/B1,net,pin
u3_mem\[1\][8],g170345/A2,net,pin
u3_mem_reg\[1\]\[9\]/QN,u3_mem\[1\][9],pin,net
u3_mem\[1\][9],g180273/B1,net,pin
u3_mem\[1\][9],g170378/A2,net,pin
u3_mem_reg\[2\]\[0\]/QN,u3_mem\[2\][0],pin,net
u3_mem\[2\][0],g37/B2,net,pin
u3_mem\[2\][0],g178266/B1,net,pin
u3_mem_reg\[2\]\[10\]/QN,u3_mem\[2\][10],pin,net
u3_mem\[2\][10],g200242/B2,net,pin
u3_mem\[2\][10],g178278/B1,net,pin
u3_mem_reg\[2\]\[11\]/QN,u3_mem\[2\][11],pin,net
u3_mem\[2\][11],g192552/A2,net,pin
u3_mem\[2\][11],g178275/B1,net,pin
u3_mem_reg\[2\]\[12\]/QN,u3_mem\[2\][12],pin,net
u3_mem\[2\][12],g194136/B2,net,pin
u3_mem\[2\][12],g178274/B1,net,pin
u3_mem_reg\[2\]\[13\]/QN,u3_mem\[2\][13],pin,net
u3_mem\[2\][13],g83/A1,net,pin
u3_mem\[2\][13],g178284/B1,net,pin
u3_mem_reg\[2\]\[14\]/QN,u3_mem\[2\][14],pin,net
u3_mem\[2\][14],g49/B2,net,pin
u3_mem\[2\][14],g178270/B1,net,pin
u3_mem_reg\[2\]\[15\]/QN,u3_mem\[2\][15],pin,net
u3_mem\[2\][15],g178265/B1,net,pin
u3_mem\[2\][15],g158713/A2,net,pin
u3_mem_reg\[2\]\[16\]/QN,u3_mem\[2\][16],pin,net
u3_mem\[2\][16],g178279/B1,net,pin
u3_mem\[2\][16],g158725/A2,net,pin
u3_mem_reg\[2\]\[17\]/QN,u3_mem\[2\][17],pin,net
u3_mem\[2\][17],g178269/B1,net,pin
u3_mem\[2\][17],g163890/A2,net,pin
u3_mem_reg\[2\]\[18\]/QN,u3_mem\[2\][18],pin,net
u3_mem\[2\][18],g178280/B1,net,pin
u3_mem\[2\][18],g163893/B1,net,pin
u3_mem_reg\[2\]\[19\]/QN,u3_mem\[2\][19],pin,net
u3_mem\[2\][19],g178267/B1,net,pin
u3_mem\[2\][19],g174908/B2,net,pin
u3_mem_reg\[2\]\[1\]/QN,u3_mem\[2\][1],pin,net
u3_mem\[2\][1],g178273/B1,net,pin
u3_mem\[2\][1],g163888/A2,net,pin
u3_mem_reg\[2\]\[20\]/QN,u3_mem\[2\][20],pin,net
u3_mem\[2\][20],g178268/B1,net,pin
u3_mem\[2\][20],g160072/A,net,pin
u3_mem_reg\[2\]\[21\]/QN,u3_mem\[2\][21],pin,net
u3_mem\[2\][21],g178287/B1,net,pin
u3_mem\[2\][21],g160092/A,net,pin
u3_mem_reg\[2\]\[22\]/QN,u3_mem\[2\][22],pin,net
u3_mem\[2\][22],g213846/B1,net,pin
u3_mem\[2\][22],g158115/A1,net,pin
u3_mem_reg\[2\]\[23\]/QN,u3_mem\[2\][23],pin,net
u3_mem\[2\][23],g178264/B1,net,pin
u3_mem\[2\][23],g158117/A1,net,pin
u3_mem_reg\[2\]\[24\]/QN,u3_mem\[2\][24],pin,net
u3_mem\[2\][24],g180534/A1,net,pin
u3_mem\[2\][24],g178263/B1,net,pin
u3_mem_reg\[2\]\[25\]/QN,u3_mem\[2\][25],pin,net
u3_mem\[2\][25],g178262/B1,net,pin
u3_mem\[2\][25],g158128/A2,net,pin
u3_mem_reg\[2\]\[26\]/QN,u3_mem\[2\][26],pin,net
u3_mem\[2\][26],g178292/B1,net,pin
u3_mem\[2\][26],g158093/A1,net,pin
u3_mem_reg\[2\]\[27\]/QN,u3_mem\[2\][27],pin,net
u3_mem\[2\][27],g178289/B1,net,pin
u3_mem\[2\][27],g170084/A1,net,pin
u3_mem_reg\[2\]\[28\]/QN,u3_mem\[2\][28],pin,net
u3_mem\[2\][28],g178260/B1,net,pin
u3_mem\[2\][28],g158095/A2,net,pin
u3_mem_reg\[2\]\[29\]/QN,u3_mem\[2\][29],pin,net
u3_mem\[2\][29],g207843/A1,net,pin
u3_mem\[2\][29],g178291/B1,net,pin
u3_mem_reg\[2\]\[2\]/QN,u3_mem\[2\][2],pin,net
u3_mem\[2\][2],g183511/B2,net,pin
u3_mem\[2\][2],g178276/B1,net,pin
u3_mem_reg\[2\]\[30\]/QN,u3_mem\[2\][30],pin,net
u3_mem\[2\][30],g223141/A1,net,pin
u3_mem\[2\][30],g178282/B1,net,pin
u3_mem_reg\[2\]\[31\]/QN,u3_mem\[2\][31],pin,net
u3_mem\[2\][31],g178281/B1,net,pin
u3_mem\[2\][31],g160090/A,net,pin
u3_mem_reg\[2\]\[3\]/QN,u3_mem\[2\][3],pin,net
u3_mem\[2\][3],g183903/B1,net,pin
u3_mem\[2\][3],g178272/B1,net,pin
u3_mem_reg\[2\]\[4\]/QN,u3_mem\[2\][4],pin,net
u3_mem\[2\][4],g214950/B1,net,pin
u3_mem\[2\][4],g171389/B2,net,pin
u3_mem_reg\[2\]\[5\]/QN,u3_mem\[2\][5],pin,net
u3_mem\[2\][5],g178277/B1,net,pin
u3_mem\[2\][5],g163897/B2,net,pin
u3_mem_reg\[2\]\[6\]/QN,u3_mem\[2\][6],pin,net
u3_mem\[2\][6],g178285/B1,net,pin
u3_mem\[2\][6],g168808/A1,net,pin
u3_mem_reg\[2\]\[7\]/QN,u3_mem\[2\][7],pin,net
u3_mem\[2\][7],g178271/B1,net,pin
u3_mem\[2\][7],g163896/B2,net,pin
u3_mem_reg\[2\]\[8\]/QN,u3_mem\[2\][8],pin,net
u3_mem\[2\][8],g178283/B1,net,pin
u3_mem\[2\][8],g162680/B1,net,pin
u3_mem_reg\[2\]\[9\]/QN,u3_mem\[2\][9],pin,net
u3_mem\[2\][9],g200276/A1,net,pin
u3_mem\[2\][9],g178286/B1,net,pin
u3_mem_reg\[3\]\[0\]/QN,u3_mem\[3\][0],pin,net
u3_mem\[3\][0],g37/A1,net,pin
u3_mem\[3\][0],g168495/B1,net,pin
u3_mem_reg\[3\]\[10\]/QN,u3_mem\[3\][10],pin,net
u3_mem\[3\][10],g186124/B1,net,pin
u3_mem\[3\][10],g168486/B1,net,pin
u3_mem_reg\[3\]\[11\]/QN,u3_mem\[3\][11],pin,net
u3_mem\[3\][11],g192552/B1,net,pin
u3_mem\[3\][11],g168485/B1,net,pin
u3_mem_reg\[3\]\[12\]/QN,u3_mem\[3\][12],pin,net
u3_mem\[3\][12],g186125/B1,net,pin
u3_mem\[3\][12],g168484/B1,net,pin
u3_mem_reg\[3\]\[13\]/QN,u3_mem\[3\][13],pin,net
u3_mem\[3\][13],g186126/B1,net,pin
u3_mem\[3\][13],g168483/B1,net,pin
u3_mem_reg\[3\]\[14\]/QN,u3_mem\[3\][14],pin,net
u3_mem\[3\][14],g49/A2,net,pin
u3_mem\[3\][14],g168482/B1,net,pin
u3_mem_reg\[3\]\[15\]/QN,u3_mem\[3\][15],pin,net
u3_mem\[3\][15],g168481/B1,net,pin
u3_mem\[3\][15],g158713/B2,net,pin
u3_mem_reg\[3\]\[16\]/QN,u3_mem\[3\][16],pin,net
u3_mem\[3\][16],g168480/B1,net,pin
u3_mem\[3\][16],g158725/B2,net,pin
u3_mem_reg\[3\]\[17\]/QN,u3_mem\[3\][17],pin,net
u3_mem\[3\][17],g175614/A,net,pin
u3_mem\[3\][17],g163890/B2,net,pin
u3_mem_reg\[3\]\[18\]/QN,u3_mem\[3\][18],pin,net
u3_mem\[3\][18],g168478/B1,net,pin
u3_mem\[3\][18],g158795/B1,net,pin
u3_mem_reg\[3\]\[19\]/QN,u3_mem\[3\][19],pin,net
u3_mem\[3\][19],g218109/B2,net,pin
u3_mem\[3\][19],g168477/B1,net,pin
u3_mem_reg\[3\]\[1\]/QN,u3_mem\[3\][1],pin,net
u3_mem\[3\][1],g168496/B1,net,pin
u3_mem\[3\][1],g163888/B1,net,pin
u3_mem_reg\[3\]\[20\]/QN,u3_mem\[3\][20],pin,net
u3_mem\[3\][20],g168476/B1,net,pin
u3_mem\[3\][20],g160095/A,net,pin
u3_mem_reg\[3\]\[21\]/QN,u3_mem\[3\][21],pin,net
u3_mem\[3\][21],g175593/A,net,pin
u3_mem_reg\[3\]\[22\]/QN,u3_mem\[3\][22],pin,net
u3_mem\[3\][22],g168473/B1,net,pin
u3_mem\[3\][22],g158115/B1,net,pin
u3_mem_reg\[3\]\[23\]/QN,u3_mem\[3\][23],pin,net
u3_mem\[3\][23],g168470/B1,net,pin
u3_mem\[3\][23],g158117/B1,net,pin
u3_mem_reg\[3\]\[24\]/QN,u3_mem\[3\][24],pin,net
u3_mem\[3\][24],g180534/B1,net,pin
u3_mem\[3\][24],g168467/B1,net,pin
u3_mem_reg\[3\]\[25\]/QN,u3_mem\[3\][25],pin,net
u3_mem\[3\][25],g168466/B1,net,pin
u3_mem\[3\][25],g158128/B1,net,pin
u3_mem_reg\[3\]\[26\]/QN,u3_mem\[3\][26],pin,net
u3_mem\[3\][26],g168465/B1,net,pin
u3_mem\[3\][26],g158093/B1,net,pin
u3_mem_reg\[3\]\[27\]/QN,u3_mem\[3\][27],pin,net
u3_mem\[3\][27],g170084/B1,net,pin
u3_mem\[3\][27],g168463/B1,net,pin
u3_mem_reg\[3\]\[28\]/QN,u3_mem\[3\][28],pin,net
u3_mem\[3\][28],g168468/B1,net,pin
u3_mem\[3\][28],g158095/B1,net,pin
u3_mem_reg\[3\]\[29\]/QN,u3_mem\[3\][29],pin,net
u3_mem\[3\][29],g207843/B1,net,pin
u3_mem\[3\][29],g168472/B1,net,pin
u3_mem_reg\[3\]\[2\]/QN,u3_mem\[3\][2],pin,net
u3_mem\[3\][2],g183511/A2,net,pin
u3_mem\[3\][2],g168494/B1,net,pin
u3_mem_reg\[3\]\[30\]/QN,u3_mem\[3\][30],pin,net
u3_mem\[3\][30],g223141/B1,net,pin
u3_mem\[3\][30],g168471/B1,net,pin
u3_mem_reg\[3\]\[31\]/QN,u3_mem\[3\][31],pin,net
u3_mem\[3\][31],g168469/B1,net,pin
u3_mem\[3\][31],g160088/A,net,pin
u3_mem_reg\[3\]\[3\]/QN,u3_mem\[3\][3],pin,net
u3_mem\[3\][3],g183903/A1,net,pin
u3_mem\[3\][3],g168493/B1,net,pin
u3_mem_reg\[3\]\[4\]/QN,u3_mem\[3\][4],pin,net
u3_mem\[3\][4],g215511/B1,net,pin
u3_mem\[3\][4],g158789/B1,net,pin
u3_mem_reg\[3\]\[5\]/QN,u3_mem\[3\][5],pin,net
u3_mem\[3\][5],g186118/B1,net,pin
u3_mem\[3\][5],g168491/B1,net,pin
u3_mem_reg\[3\]\[6\]/QN,u3_mem\[3\][6],pin,net
u3_mem\[3\][6],g192019/B1,net,pin
u3_mem\[3\][6],g168490/B1,net,pin
u3_mem_reg\[3\]\[7\]/QN,u3_mem\[3\][7],pin,net
u3_mem\[3\][7],g168489/B1,net,pin
u3_mem\[3\][7],g158796/B1,net,pin
u3_mem_reg\[3\]\[8\]/QN,u3_mem\[3\][8],pin,net
u3_mem\[3\][8],g191423/A1,net,pin
u3_mem\[3\][8],g168488/B1,net,pin
u3_mem_reg\[3\]\[9\]/QN,u3_mem\[3\][9],pin,net
u3_mem\[3\][9],g200276/B1,net,pin
u3_mem\[3\][9],g168487/B1,net,pin
u3_rp[0],u3_rp_reg\[0\]/SE,net,pin
u3_rp_reg\[0\]/QN,u3_rp[0],pin,net
u3_rp[0],g191531/A2,net,pin
u3_rp[0],g174551/B,net,pin
u3_rp[0],g160155/A,net,pin
u3_rp[0],g158901/B,net,pin
u3_rp_reg\[1\]/Q,u3_rp[1],pin,net
u3_rp[1],g52/A,net,pin
u3_rp[1],g218107/A,net,pin
u3_rp[1],g218106/A,net,pin
u3_rp[1],g163948/B,net,pin
u3_rp[1],g163947/A,net,pin
u3_rp[1],fopt191529/A,net,pin
u3_rp_reg\[2\]/Q,u3_rp[2],pin,net
u3_rp[2],g218107/B,net,pin
u3_rp[2],fopt186117/A,net,pin
u3_rp[2],fopt178090/A,net,pin
u3_rp[2],fopt162860/A,net,pin
u3_rp[2],fopt162859/A,net,pin
u3_rp_reg\[3\]/QN,u3_rp[3],pin,net
u3_rp[3],g175821/A,net,pin
u3_rp[3],g159664/A,net,pin
u3_rp[3],g158611/B1,net,pin
u3_wp_reg\[0\]/Q,u3_wp[0],pin,net
u3_wp[0],g192845/A,net,pin
u3_wp[0],g191527/A,net,pin
u3_wp[0],g178259/A,net,pin
u3_wp[0],g168541/A,net,pin
u3_wp[0],g167604/A,net,pin
u3_wp[0],g167603/A,net,pin
u3_wp_reg\[1\]/QN,u3_wp[1],pin,net
u3_wp[1],g198601/A,net,pin
u3_wp[1],g198595/A,net,pin
u3_wp[1],g178258/A,net,pin
u3_wp[1],g159829/A,net,pin
u3_wp_reg\[2\]/QN,u3_wp[2],pin,net
u3_wp[2],g221643/A,net,pin
u3_wp[2],g177886/E,net,pin
u3_wp[2],g159304/A,net,pin
u3_wp[2],g156974/A1,net,pin
u3_wp[2],g155573/A3,net,pin
u4_mem_reg\[0\]\[0\]/QN,u4_mem\[0\][0],pin,net
u4_mem\[0\][0],g186039/B1,net,pin
u4_mem\[0\][0],g158576/A2,net,pin
u4_mem_reg\[0\]\[10\]/QN,u4_mem\[0\][10],pin,net
u4_mem\[0\][10],g213866/B1,net,pin
u4_mem\[0\][10],g207116/A1,net,pin
u4_mem_reg\[0\]\[11\]/QN,u4_mem\[0\][11],pin,net
u4_mem\[0\][11],g186022/B1,net,pin
u4_mem\[0\][11],g169026/A2,net,pin
u4_mem_reg\[0\]\[12\]/QN,u4_mem\[0\][12],pin,net
u4_mem\[0\][12],g186021/B1,net,pin
u4_mem\[0\][12],g181532/A2,net,pin
u4_mem_reg\[0\]\[13\]/QN,u4_mem\[0\][13],pin,net
u4_mem\[0\][13],g186388/A2,net,pin
u4_mem\[0\][13],g186014/B1,net,pin
u4_mem_reg\[0\]\[14\]/QN,u4_mem\[0\][14],pin,net
u4_mem\[0\][14],g186016/B1,net,pin
u4_mem\[0\][14],g168955/A2,net,pin
u4_mem_reg\[0\]\[15\]/QN,u4_mem\[0\][15],pin,net
u4_mem\[0\][15],g186028/B1,net,pin
u4_mem\[0\][15],g168801/A2,net,pin
u4_mem_reg\[0\]\[16\]/QN,u4_mem\[0\][16],pin,net
u4_mem\[0\][16],g186020/B1,net,pin
u4_mem\[0\][16],g158312/A2,net,pin
u4_mem_reg\[0\]\[17\]/QN,u4_mem\[0\][17],pin,net
u4_mem\[0\][17],g186019/B1,net,pin
u4_mem\[0\][17],g158321/A2,net,pin
u4_mem_reg\[0\]\[18\]/QN,u4_mem\[0\][18],pin,net
u4_mem\[0\][18],g200567/A2,net,pin
u4_mem\[0\][18],g186012/B1,net,pin
u4_mem_reg\[0\]\[19\]/QN,u4_mem\[0\][19],pin,net
u4_mem\[0\][19],g186037/B1,net,pin
u4_mem\[0\][19],g158266/A1,net,pin
u4_mem_reg\[0\]\[1\]/QN,u4_mem\[0\][1],pin,net
u4_mem\[0\][1],g186040/B1,net,pin
u4_mem\[0\][1],g173028/A2,net,pin
u4_mem_reg\[0\]\[20\]/QN,u4_mem\[0\][20],pin,net
u4_mem\[0\][20],g186018/B1,net,pin
u4_mem\[0\][20],g160086/A,net,pin
u4_mem_reg\[0\]\[21\]/QN,u4_mem\[0\][21],pin,net
u4_mem\[0\][21],g186036/B1,net,pin
u4_mem\[0\][21],g159438/A,net,pin
u4_mem_reg\[0\]\[22\]/QN,u4_mem\[0\][22],pin,net
u4_mem\[0\][22],g213849/B1,net,pin
u4_mem\[0\][22],g158159/A1,net,pin
u4_mem_reg\[0\]\[23\]/QN,u4_mem\[0\][23],pin,net
u4_mem\[0\][23],g492/B1,net,pin
u4_mem\[0\][23],g186017/B1,net,pin
u4_mem_reg\[0\]\[24\]/QN,u4_mem\[0\][24],pin,net
u4_mem\[0\][24],g186010/B1,net,pin
u4_mem\[0\][24],g158162/A1,net,pin
u4_mem_reg\[0\]\[25\]/QN,u4_mem\[0\][25],pin,net
u4_mem\[0\][25],g186032/B1,net,pin
u4_mem\[0\][25],g160065/A,net,pin
u4_mem_reg\[0\]\[26\]/QN,u4_mem\[0\][26],pin,net
u4_mem\[0\][26],g196922/B1,net,pin
u4_mem\[0\][26],g186031/B1,net,pin
u4_mem_reg\[0\]\[27\]/QN,u4_mem\[0\][27],pin,net
u4_mem\[0\][27],g186030/B1,net,pin
u4_mem\[0\][27],g158153/A1,net,pin
u4_mem_reg\[0\]\[28\]/QN,u4_mem\[0\][28],pin,net
u4_mem\[0\][28],g186033/B1,net,pin
u4_mem\[0\][28],g159406/A,net,pin
u4_mem_reg\[0\]\[29\]/QN,u4_mem\[0\][29],pin,net
u4_mem\[0\][29],g186041/B1,net,pin
u4_mem\[0\][29],g158161/A1,net,pin
u4_mem_reg\[0\]\[2\]/QN,u4_mem\[0\][2],pin,net
u4_mem\[0\][2],g186015/B1,net,pin
u4_mem\[0\][2],g180508/B1,net,pin
u4_mem_reg\[0\]\[30\]/QN,u4_mem\[0\][30],pin,net
u4_mem\[0\][30],g186029/B1,net,pin
u4_mem\[0\][30],g180578/A1,net,pin
u4_mem_reg\[0\]\[31\]/QN,u4_mem\[0\][31],pin,net
u4_mem\[0\][31],g186034/B1,net,pin
u4_mem\[0\][31],g158163/A1,net,pin
u4_mem_reg\[0\]\[3\]/QN,u4_mem\[0\][3],pin,net
u4_mem\[0\][3],g186026/B1,net,pin
u4_mem\[0\][3],g182658/A2,net,pin
u4_mem_reg\[0\]\[4\]/QN,u4_mem\[0\][4],pin,net
u4_mem\[0\][4],g215500/B1,net,pin
u4_mem\[0\][4],g158313/A1,net,pin
u4_mem_reg\[0\]\[5\]/QN,u4_mem\[0\][5],pin,net
u4_mem\[0\][5],g186038/B1,net,pin
u4_mem\[0\][5],g158301/A1,net,pin
u4_mem_reg\[0\]\[6\]/QN,u4_mem\[0\][6],pin,net
u4_mem\[0\][6],g186042/B1,net,pin
u4_mem\[0\][6],g158346/A2,net,pin
u4_mem_reg\[0\]\[7\]/QN,u4_mem\[0\][7],pin,net
u4_mem\[0\][7],g186027/B1,net,pin
u4_mem\[0\][7],g158322/A2,net,pin
u4_mem_reg\[0\]\[8\]/QN,u4_mem\[0\][8],pin,net
u4_mem\[0\][8],g186025/B1,net,pin
u4_mem\[0\][8],g175105/A2,net,pin
u4_mem_reg\[0\]\[9\]/QN,u4_mem\[0\][9],pin,net
u4_mem\[0\][9],g186023/B1,net,pin
u4_mem\[0\][9],g176906/A2,net,pin
u4_mem_reg\[1\]\[0\]/QN,u4_mem\[1\][0],pin,net
u4_mem\[1\][0],g212603/B1,net,pin
u4_mem\[1\][0],g158786/A1,net,pin
u4_mem_reg\[1\]\[10\]/QN,u4_mem\[1\][10],pin,net
u4_mem\[1\][10],g213021/A1,net,pin
u4_mem\[1\][10],g158792/A1,net,pin
u4_mem_reg\[1\]\[11\]/QN,u4_mem\[1\][11],pin,net
u4_mem\[1\][11],g212607/B1,net,pin
u4_mem\[1\][11],g169027/A1,net,pin
u4_mem_reg\[1\]\[12\]/QN,u4_mem\[1\][12],pin,net
u4_mem\[1\][12],g212615/B1,net,pin
u4_mem\[1\][12],g158758/A1,net,pin
u4_mem_reg\[1\]\[13\]/QN,u4_mem\[1\][13],pin,net
u4_mem\[1\][13],g212596/B2,net,pin
u4_mem\[1\][13],g186388/B2,net,pin
u4_mem_reg\[1\]\[14\]/QN,u4_mem\[1\][14],pin,net
u4_mem\[1\][14],g212599/B1,net,pin
u4_mem\[1\][14],g158782/A1,net,pin
u4_mem_reg\[1\]\[15\]/QN,u4_mem\[1\][15],pin,net
u4_mem\[1\][15],g212620/B2,net,pin
u4_mem\[1\][15],g168801/B1,net,pin
u4_mem_reg\[1\]\[16\]/QN,u4_mem\[1\][16],pin,net
u4_mem\[1\][16],g212608/B1,net,pin
u4_mem\[1\][16],g158312/B1,net,pin
u4_mem_reg\[1\]\[17\]/QN,u4_mem\[1\][17],pin,net
u4_mem\[1\][17],g212609/B1,net,pin
u4_mem\[1\][17],g158321/B2,net,pin
u4_mem_reg\[1\]\[18\]/QN,u4_mem\[1\][18],pin,net
u4_mem\[1\][18],g212604/B1,net,pin
u4_mem\[1\][18],g200567/B1,net,pin
u4_mem_reg\[1\]\[19\]/QN,u4_mem\[1\][19],pin,net
u4_mem\[1\][19],g212610/B1,net,pin
u4_mem\[1\][19],g158266/B1,net,pin
u4_mem_reg\[1\]\[1\]/QN,u4_mem\[1\][1],pin,net
u4_mem\[1\][1],g212621/A1,net,pin
u4_mem\[1\][1],g158819/A1,net,pin
u4_mem_reg\[1\]\[20\]/QN,u4_mem\[1\][20],pin,net
u4_mem\[1\][20],g212602/B1,net,pin
u4_mem\[1\][20],g159432/A,net,pin
u4_mem_reg\[1\]\[21\]/QN,u4_mem\[1\][21],pin,net
u4_mem\[1\][21],g212601/B1,net,pin
u4_mem\[1\][21],g160068/A,net,pin
u4_mem_reg\[1\]\[22\]/QN,u4_mem\[1\][22],pin,net
u4_mem\[1\][22],g212619/B2,net,pin
u4_mem\[1\][22],g158159/B1,net,pin
u4_mem_reg\[1\]\[23\]/QN,u4_mem\[1\][23],pin,net
u4_mem\[1\][23],g492/A1,net,pin
u4_mem\[1\][23],g212595/B2,net,pin
u4_mem_reg\[1\]\[24\]/QN,u4_mem\[1\][24],pin,net
u4_mem\[1\][24],g212594/B2,net,pin
u4_mem\[1\][24],g158162/B1,net,pin
u4_mem_reg\[1\]\[25\]/QN,u4_mem\[1\][25],pin,net
u4_mem\[1\][25],g212600/B1,net,pin
u4_mem\[1\][25],g159409/A,net,pin
u4_mem_reg\[1\]\[26\]/QN,u4_mem\[1\][26],pin,net
u4_mem\[1\][26],g212588/B2,net,pin
u4_mem\[1\][26],g196922/A1,net,pin
u4_mem_reg\[1\]\[27\]/QN,u4_mem\[1\][27],pin,net
u4_mem\[1\][27],g212591/B2,net,pin
u4_mem\[1\][27],g158153/B1,net,pin
u4_mem_reg\[1\]\[28\]/QN,u4_mem\[1\][28],pin,net
u4_mem\[1\][28],g212612/B1,net,pin
u4_mem\[1\][28],g159423/A,net,pin
u4_mem_reg\[1\]\[29\]/QN,u4_mem\[1\][29],pin,net
u4_mem\[1\][29],g212622/B2,net,pin
u4_mem\[1\][29],g158161/B1,net,pin
u4_mem_reg\[1\]\[2\]/QN,u4_mem\[1\][2],pin,net
u4_mem\[1\][2],g212598/B1,net,pin
u4_mem\[1\][2],g158721/A1,net,pin
u4_mem_reg\[1\]\[30\]/QN,u4_mem\[1\][30],pin,net
u4_mem\[1\][30],g212605/B2,net,pin
u4_mem\[1\][30],g180578/B1,net,pin
u4_mem_reg\[1\]\[31\]/QN,u4_mem\[1\][31],pin,net
u4_mem\[1\][31],g212593/B2,net,pin
u4_mem\[1\][31],g158163/B1,net,pin
u4_mem_reg\[1\]\[3\]/QN,u4_mem\[1\][3],pin,net
u4_mem\[1\][3],g212597/B1,net,pin
u4_mem\[1\][3],g158768/A1,net,pin
u4_mem_reg\[1\]\[4\]/QN,u4_mem\[1\][4],pin,net
u4_mem\[1\][4],g215509/B1,net,pin
u4_mem\[1\][4],g158313/B1,net,pin
u4_mem_reg\[1\]\[5\]/QN,u4_mem\[1\][5],pin,net
u4_mem\[1\][5],g212617/B1,net,pin
u4_mem\[1\][5],g158301/B1,net,pin
u4_mem_reg\[1\]\[6\]/QN,u4_mem\[1\][6],pin,net
u4_mem\[1\][6],g212613/B1,net,pin
u4_mem\[1\][6],g158346/B1,net,pin
u4_mem_reg\[1\]\[7\]/QN,u4_mem\[1\][7],pin,net
u4_mem\[1\][7],g212614/B1,net,pin
u4_mem\[1\][7],g158322/B1,net,pin
u4_mem_reg\[1\]\[8\]/QN,u4_mem\[1\][8],pin,net
u4_mem\[1\][8],g212606/B1,net,pin
u4_mem\[1\][8],g175105/B1,net,pin
u4_mem_reg\[1\]\[9\]/QN,u4_mem\[1\][9],pin,net
u4_mem\[1\][9],g212618/B2,net,pin
u4_mem\[1\][9],g188525/A1,net,pin
u4_mem_reg\[2\]\[0\]/QN,u4_mem\[2\][0],pin,net
u4_mem\[2\][0],g166528/B1,net,pin
u4_mem\[2\][0],g158576/B1,net,pin
u4_mem_reg\[2\]\[10\]/QN,u4_mem\[2\][10],pin,net
u4_mem\[2\][10],g213861/B1,net,pin
u4_mem\[2\][10],g207116/B1,net,pin
u4_mem_reg\[2\]\[11\]/QN,u4_mem\[2\][11],pin,net
u4_mem\[2\][11],g169026/B1,net,pin
u4_mem\[2\][11],g165651/B1,net,pin
u4_mem_reg\[2\]\[12\]/QN,u4_mem\[2\][12],pin,net
u4_mem\[2\][12],g181532/B1,net,pin
u4_mem\[2\][12],g165680/B1,net,pin
u4_mem_reg\[2\]\[13\]/QN,u4_mem\[2\][13],pin,net
u4_mem\[2\][13],g186389/A2,net,pin
u4_mem\[2\][13],g165737/B1,net,pin
u4_mem_reg\[2\]\[14\]/QN,u4_mem\[2\][14],pin,net
u4_mem\[2\][14],g168955/B1,net,pin
u4_mem\[2\][14],g165389/B1,net,pin
u4_mem_reg\[2\]\[15\]/QN,u4_mem\[2\][15],pin,net
u4_mem\[2\][15],g165418/B1,net,pin
u4_mem\[2\][15],g158728/A2,net,pin
u4_mem_reg\[2\]\[16\]/QN,u4_mem\[2\][16],pin,net
u4_mem\[2\][16],g187708/A1,net,pin
u4_mem\[2\][16],g165766/B1,net,pin
u4_mem_reg\[2\]\[17\]/QN,u4_mem\[2\][17],pin,net
u4_mem\[2\][17],g165794/B1,net,pin
u4_mem\[2\][17],g158738/A1,net,pin
u4_mem_reg\[2\]\[18\]/QN,u4_mem\[2\][18],pin,net
u4_mem\[2\][18],g165817/B1,net,pin
u4_mem\[2\][18],g158753/A2,net,pin
u4_mem_reg\[2\]\[19\]/QN,u4_mem\[2\][19],pin,net
u4_mem\[2\][19],g165844/B1,net,pin
u4_mem\[2\][19],g158760/A1,net,pin
u4_mem_reg\[2\]\[1\]/QN,u4_mem\[2\][1],pin,net
u4_mem\[2\][1],g173028/B1,net,pin
u4_mem\[2\][1],g166506/B1,net,pin
u4_mem_reg\[2\]\[20\]/QN,u4_mem\[2\][20],pin,net
u4_mem\[2\][20],g165871/B1,net,pin
u4_mem\[2\][20],g159433/A,net,pin
u4_mem_reg\[2\]\[21\]/QN,u4_mem\[2\][21],pin,net
u4_mem\[2\][21],g165898/B1,net,pin
u4_mem\[2\][21],g160076/A,net,pin
u4_mem_reg\[2\]\[22\]/QN,u4_mem\[2\][22],pin,net
u4_mem\[2\][22],g213844/B1,net,pin
u4_mem\[2\][22],g158088/A1,net,pin
u4_mem_reg\[2\]\[23\]/QN,u4_mem\[2\][23],pin,net
u4_mem\[2\][23],g493/B2,net,pin
u4_mem\[2\][23],g165954/B1,net,pin
u4_mem_reg\[2\]\[24\]/QN,u4_mem\[2\][24],pin,net
u4_mem\[2\][24],g166059/B1,net,pin
u4_mem\[2\][24],g158082/A1,net,pin
u4_mem_reg\[2\]\[25\]/QN,u4_mem\[2\][25],pin,net
u4_mem\[2\][25],g183256/A1,net,pin
u4_mem\[2\][25],g166085/B1,net,pin
u4_mem_reg\[2\]\[26\]/QN,u4_mem\[2\][26],pin,net
u4_mem\[2\][26],g166111/B1,net,pin
u4_mem\[2\][26],g158092/A1,net,pin
u4_mem_reg\[2\]\[27\]/QN,u4_mem\[2\][27],pin,net
u4_mem\[2\][27],g166136/B1,net,pin
u4_mem\[2\][27],g158085/A1,net,pin
u4_mem_reg\[2\]\[28\]/QN,u4_mem\[2\][28],pin,net
u4_mem\[2\][28],g166008/B1,net,pin
u4_mem\[2\][28],g160078/A,net,pin
u4_mem_reg\[2\]\[29\]/QN,u4_mem\[2\][29],pin,net
u4_mem\[2\][29],g166302/B1,net,pin
u4_mem\[2\][29],g158081/A1,net,pin
u4_mem_reg\[2\]\[2\]/QN,u4_mem\[2\][2],pin,net
u4_mem\[2\][2],g180508/A1,net,pin
u4_mem\[2\][2],g165477/B1,net,pin
u4_mem_reg\[2\]\[30\]/QN,u4_mem\[2\][30],pin,net
u4_mem\[2\][30],g180579/A1,net,pin
u4_mem\[2\][30],g166278/B1,net,pin
u4_mem_reg\[2\]\[31\]/QN,u4_mem\[2\][31],pin,net
u4_mem\[2\][31],g165981/B1,net,pin
u4_mem\[2\][31],g158091/A1,net,pin
u4_mem_reg\[2\]\[3\]/QN,u4_mem\[2\][3],pin,net
u4_mem\[2\][3],g182658/B1,net,pin
u4_mem\[2\][3],g165507/B1,net,pin
u4_mem_reg\[2\]\[4\]/QN,u4_mem\[2\][4],pin,net
u4_mem\[2\][4],g215508/B1,net,pin
u4_mem\[2\][4],g158771/A1,net,pin
u4_mem_reg\[2\]\[5\]/QN,u4_mem\[2\][5],pin,net
u4_mem\[2\][5],g165709/B1,net,pin
u4_mem\[2\][5],g158734/A1,net,pin
u4_mem_reg\[2\]\[6\]/QN,u4_mem\[2\][6],pin,net
u4_mem\[2\][6],g165360/B1,net,pin
u4_mem\[2\][6],g158775/A2,net,pin
u4_mem_reg\[2\]\[7\]/QN,u4_mem\[2\][7],pin,net
u4_mem\[2\][7],g165448/B1,net,pin
u4_mem\[2\][7],g158784/A2,net,pin
u4_mem_reg\[2\]\[8\]/QN,u4_mem\[2\][8],pin,net
u4_mem\[2\][8],g165536/B1,net,pin
u4_mem\[2\][8],g158803/A1,net,pin
u4_mem_reg\[2\]\[9\]/QN,u4_mem\[2\][9],pin,net
u4_mem\[2\][9],g176906/B1,net,pin
u4_mem\[2\][9],g165591/B1,net,pin
u4_mem_reg\[3\]\[0\]/QN,u4_mem\[3\][0],pin,net
u4_mem\[3\][0],g158786/B1,net,pin
u4_mem\[3\][0],g155759/B1,net,pin
u4_mem_reg\[3\]\[10\]/QN,u4_mem\[3\][10],pin,net
u4_mem\[3\][10],g183188/B1,net,pin
u4_mem\[3\][10],g158792/B1,net,pin
u4_mem_reg\[3\]\[11\]/QN,u4_mem\[3\][11],pin,net
u4_mem\[3\][11],g169027/B1,net,pin
u4_mem\[3\][11],g155770/B1,net,pin
u4_mem_reg\[3\]\[12\]/QN,u4_mem\[3\][12],pin,net
u4_mem\[3\][12],g158758/B1,net,pin
u4_mem\[3\][12],g155771/B1,net,pin
u4_mem_reg\[3\]\[13\]/QN,u4_mem\[3\][13],pin,net
u4_mem\[3\][13],g186389/B1,net,pin
u4_mem\[3\][13],g155772/B2,net,pin
u4_mem_reg\[3\]\[14\]/QN,u4_mem\[3\][14],pin,net
u4_mem\[3\][14],g158782/B1,net,pin
u4_mem\[3\][14],g155773/B1,net,pin
u4_mem_reg\[3\]\[15\]/QN,u4_mem\[3\][15],pin,net
u4_mem\[3\][15],g158728/B1,net,pin
u4_mem\[3\][15],g155774/B1,net,pin
u4_mem_reg\[3\]\[16\]/QN,u4_mem\[3\][16],pin,net
u4_mem\[3\][16],g187708/B1,net,pin
u4_mem\[3\][16],g155775/B1,net,pin
u4_mem_reg\[3\]\[17\]/QN,u4_mem\[3\][17],pin,net
u4_mem\[3\][17],g158738/B1,net,pin
u4_mem\[3\][17],g155776/B1,net,pin
u4_mem_reg\[3\]\[18\]/QN,u4_mem\[3\][18],pin,net
u4_mem\[3\][18],g166777/B1,net,pin
u4_mem\[3\][18],g158753/B1,net,pin
u4_mem_reg\[3\]\[19\]/QN,u4_mem\[3\][19],pin,net
u4_mem\[3\][19],g166776/B1,net,pin
u4_mem\[3\][19],g158760/B1,net,pin
u4_mem_reg\[3\]\[1\]/QN,u4_mem\[3\][1],pin,net
u4_mem\[3\][1],g158819/B1,net,pin
u4_mem\[3\][1],g155760/B1,net,pin
u4_mem_reg\[3\]\[20\]/QN,u4_mem\[3\][20],pin,net
u4_mem\[3\][20],g197673/B1,net,pin
u4_mem\[3\][20],g160093/A,net,pin
u4_mem_reg\[3\]\[21\]/QN,u4_mem\[3\][21],pin,net
u4_mem\[3\][21],g166774/B1,net,pin
u4_mem\[3\][21],g159434/A,net,pin
u4_mem_reg\[3\]\[22\]/QN,u4_mem\[3\][22],pin,net
u4_mem\[3\][22],g166773/B1,net,pin
u4_mem\[3\][22],g158088/B1,net,pin
u4_mem_reg\[3\]\[23\]/QN,u4_mem\[3\][23],pin,net
u4_mem\[3\][23],g493/A1,net,pin
u4_mem\[3\][23],g166772/B1,net,pin
u4_mem_reg\[3\]\[24\]/QN,u4_mem\[3\][24],pin,net
u4_mem\[3\][24],g166771/B1,net,pin
u4_mem\[3\][24],g158082/B1,net,pin
u4_mem_reg\[3\]\[25\]/QN,u4_mem\[3\][25],pin,net
u4_mem\[3\][25],g183256/B1,net,pin
u4_mem\[3\][25],g166770/B1,net,pin
u4_mem_reg\[3\]\[26\]/QN,u4_mem\[3\][26],pin,net
u4_mem\[3\][26],g166769/B1,net,pin
u4_mem\[3\][26],g158092/B1,net,pin
u4_mem_reg\[3\]\[27\]/QN,u4_mem\[3\][27],pin,net
u4_mem\[3\][27],g179385/B2,net,pin
u4_mem\[3\][27],g158085/B1,net,pin
u4_mem_reg\[3\]\[28\]/QN,u4_mem\[3\][28],pin,net
u4_mem\[3\][28],g179390/B1,net,pin
u4_mem\[3\][28],g159386/A,net,pin
u4_mem_reg\[3\]\[29\]/QN,u4_mem\[3\][29],pin,net
u4_mem\[3\][29],g53/B2,net,pin
u4_mem\[3\][29],g158081/B1,net,pin
u4_mem_reg\[3\]\[2\]/QN,u4_mem\[3\][2],pin,net
u4_mem\[3\][2],g158721/B1,net,pin
u4_mem\[3\][2],g155761/B1,net,pin
u4_mem_reg\[3\]\[30\]/QN,u4_mem\[3\][30],pin,net
u4_mem\[3\][30],g183172/B2,net,pin
u4_mem\[3\][30],g180579/B1,net,pin
u4_mem_reg\[3\]\[31\]/QN,u4_mem\[3\][31],pin,net
u4_mem\[3\][31],g179388/B2,net,pin
u4_mem\[3\][31],g158091/B1,net,pin
u4_mem_reg\[3\]\[3\]/QN,u4_mem\[3\][3],pin,net
u4_mem\[3\][3],g158768/B1,net,pin
u4_mem\[3\][3],g155762/B1,net,pin
u4_mem_reg\[3\]\[4\]/QN,u4_mem\[3\][4],pin,net
u4_mem\[3\][4],g215507/B1,net,pin
u4_mem\[3\][4],g158771/B2,net,pin
u4_mem_reg\[3\]\[5\]/QN,u4_mem\[3\][5],pin,net
u4_mem\[3\][5],g197661/B1,net,pin
u4_mem\[3\][5],g158734/B1,net,pin
u4_mem_reg\[3\]\[6\]/QN,u4_mem\[3\][6],pin,net
u4_mem\[3\][6],g197605/B1,net,pin
u4_mem\[3\][6],g158775/B1,net,pin
u4_mem_reg\[3\]\[7\]/QN,u4_mem\[3\][7],pin,net
u4_mem\[3\][7],g197726/B1,net,pin
u4_mem\[3\][7],g158784/B1,net,pin
u4_mem_reg\[3\]\[8\]/QN,u4_mem\[3\][8],pin,net
u4_mem\[3\][8],g158803/B1,net,pin
u4_mem\[3\][8],g155767/B1,net,pin
u4_mem_reg\[3\]\[9\]/QN,u4_mem\[3\][9],pin,net
u4_mem\[3\][9],g188525/B1,net,pin
u4_mem\[3\][9],g155768/B2,net,pin
u4_rp_reg\[0\]/QN,u4_rp[0],pin,net
u4_rp[0],g217562/A,net,pin
u4_rp[0],g217560/A,net,pin
u4_rp_reg\[1\]/Q,u4_rp[1],pin,net
u4_rp[1],g200565/A,net,pin
u4_rp[1],g183025/A,net,pin
u4_rp[1],g159343/A,net,pin
u4_rp[1],fopt200649/A,net,pin
u4_rp_reg\[2\]/QN,u4_rp[2],pin,net
u4_rp[2],g187709/A,net,pin
u4_rp[2],g183025/B,net,pin
u4_rp[2],g159343/B,net,pin
u4_rp[2],fopt177154/A,net,pin
u4_rp_reg\[3\]/QN,u4_rp[3],pin,net
u4_rp[3],g212652/A,net,pin
u4_rp[3],g162476/A,net,pin
u4_wp_reg\[0\]/Q,u4_wp[0],pin,net
u4_wp[0],g189476/A,net,pin
u4_wp[0],g182756/A,net,pin
u4_wp[0],g180290/A,net,pin
u4_wp[0],g179383/A,net,pin
u4_wp[0],g178129/B,net,pin
u4_wp[0],g167730/A,net,pin
u4_wp_reg\[1\]/QN,u4_wp[1],pin,net
u4_wp[1],g187960/A,net,pin
u4_wp_reg\[2\]/QN,u4_wp[2],pin,net
u4_wp[2],g212656/B,net,pin
u4_wp[2],g184533/C,net,pin
u4_wp[2],g182631/A,net,pin
u4_wp[2],g159309/A,net,pin
u4_wp[2],g156969/A1,net,pin
u5_mem_reg\[0\]\[0\]/QN,u5_mem\[0\][0],pin,net
u5_mem\[0\][0],g179700/B1,net,pin
u5_mem\[0\][0],g158559/A1,net,pin
u5_mem_reg\[0\]\[10\]/QN,u5_mem\[0\][10],pin,net
u5_mem\[0\][10],g192581/B2,net,pin
u5_mem\[0\][10],g179680/B1,net,pin
u5_mem_reg\[0\]\[11\]/QN,u5_mem\[0\][11],pin,net
u5_mem\[0\][11],g184623/A1,net,pin
u5_mem\[0\][11],g179685/B1,net,pin
u5_mem_reg\[0\]\[12\]/QN,u5_mem\[0\][12],pin,net
u5_mem\[0\][12],g179690/B1,net,pin
u5_mem\[0\][12],g164047/A1,net,pin
u5_mem_reg\[0\]\[13\]/QN,u5_mem\[0\][13],pin,net
u5_mem\[0\][13],g184634/A2,net,pin
u5_mem\[0\][13],g179676/B1,net,pin
u5_mem_reg\[0\]\[14\]/QN,u5_mem\[0\][14],pin,net
u5_mem\[0\][14],g188542/B1,net,pin
u5_mem\[0\][14],g179698/B1,net,pin
u5_mem_reg\[0\]\[15\]/QN,u5_mem\[0\][15],pin,net
u5_mem\[0\][15],g216620/B1,net,pin
u5_mem\[0\][15],g179697/B1,net,pin
u5_mem_reg\[0\]\[16\]/QN,u5_mem\[0\][16],pin,net
u5_mem\[0\][16],g212935/A2,net,pin
u5_mem\[0\][16],g179675/B1,net,pin
u5_mem_reg\[0\]\[17\]/QN,u5_mem\[0\][17],pin,net
u5_mem\[0\][17],g179674/B1,net,pin
u5_mem\[0\][17],g168968/A2,net,pin
u5_mem_reg\[0\]\[18\]/QN,u5_mem\[0\][18],pin,net
u5_mem\[0\][18],g179673/B1,net,pin
u5_mem\[0\][18],g164049/A1,net,pin
u5_mem_reg\[0\]\[19\]/QN,u5_mem\[0\][19],pin,net
u5_mem\[0\][19],g87/B1,net,pin
u5_mem\[0\][19],g179672/B1,net,pin
u5_mem_reg\[0\]\[1\]/QN,u5_mem\[0\][1],pin,net
u5_mem\[0\][1],g202272/A1,net,pin
u5_mem\[0\][1],g179699/B1,net,pin
u5_mem_reg\[0\]\[20\]/QN,u5_mem\[0\][20],pin,net
u5_mem\[0\][20],g179696/B1,net,pin
u5_mem\[0\][20],g159398/A,net,pin
u5_mem_reg\[0\]\[21\]/QN,u5_mem\[0\][21],pin,net
u5_mem\[0\][21],g179692/B1,net,pin
u5_mem\[0\][21],g160077/A,net,pin
u5_mem_reg\[0\]\[22\]/QN,u5_mem\[0\][22],pin,net
u5_mem\[0\][22],g212183/A1,net,pin
u5_mem\[0\][22],g179686/B1,net,pin
u5_mem_reg\[0\]\[23\]/QN,u5_mem\[0\][23],pin,net
u5_mem\[0\][23],g179688/B1,net,pin
u5_mem\[0\][23],g158144/A2,net,pin
u5_mem_reg\[0\]\[24\]/QN,u5_mem\[0\][24],pin,net
u5_mem\[0\][24],g212381/A,net,pin
u5_mem\[0\][24],g179693/B1,net,pin
u5_mem_reg\[0\]\[25\]/QN,u5_mem\[0\][25],pin,net
u5_mem\[0\][25],g179689/B1,net,pin
u5_mem\[0\][25],g160083/A,net,pin
u5_mem_reg\[0\]\[26\]/QN,u5_mem\[0\][26],pin,net
u5_mem\[0\][26],g179695/B1,net,pin
u5_mem\[0\][26],g171447/A,net,pin
u5_mem_reg\[0\]\[27\]/QN,u5_mem\[0\][27],pin,net
u5_mem\[0\][27],g179687/B1,net,pin
u5_mem\[0\][27],g169903/A2,net,pin
u5_mem_reg\[0\]\[28\]/QN,u5_mem\[0\][28],pin,net
u5_mem\[0\][28],g179694/B1,net,pin
u5_mem\[0\][28],g160085/A,net,pin
u5_mem_reg\[0\]\[29\]/QN,u5_mem\[0\][29],pin,net
u5_mem\[0\][29],g179664/B1,net,pin
u5_mem\[0\][29],g160066/A,net,pin
u5_mem_reg\[0\]\[2\]/QN,u5_mem\[0\][2],pin,net
u5_mem\[0\][2],g181449/A2,net,pin
u5_mem\[0\][2],g179691/B1,net,pin
u5_mem_reg\[0\]\[30\]/QN,u5_mem\[0\][30],pin,net
u5_mem\[0\][30],g219105/A1,net,pin
u5_mem\[0\][30],g179669/B1,net,pin
u5_mem_reg\[0\]\[31\]/QN,u5_mem\[0\][31],pin,net
u5_mem\[0\][31],g179670/B1,net,pin
u5_mem\[0\][31],g170091/A2,net,pin
u5_mem_reg\[0\]\[3\]/QN,u5_mem\[0\][3],pin,net
u5_mem\[0\][3],g202447/A1,net,pin
u5_mem\[0\][3],g179682/B1,net,pin
u5_mem_reg\[0\]\[4\]/QN,u5_mem\[0\][4],pin,net
u5_mem\[0\][4],g215504/B1,net,pin
u5_mem\[0\][4],g184641/B2,net,pin
u5_mem_reg\[0\]\[5\]/QN,u5_mem\[0\][5],pin,net
u5_mem\[0\][5],g184625/A2,net,pin
u5_mem\[0\][5],g179677/B1,net,pin
u5_mem_reg\[0\]\[6\]/QN,u5_mem\[0\][6],pin,net
u5_mem\[0\][6],g188804/A2,net,pin
u5_mem\[0\][6],g179684/B1,net,pin
u5_mem_reg\[0\]\[7\]/QN,u5_mem\[0\][7],pin,net
u5_mem\[0\][7],g184626/A2,net,pin
u5_mem\[0\][7],g179683/B1,net,pin
u5_mem_reg\[0\]\[8\]/QN,u5_mem\[0\][8],pin,net
u5_mem\[0\][8],g212119/A2,net,pin
u5_mem\[0\][8],g179681/B1,net,pin
u5_mem_reg\[0\]\[9\]/QN,u5_mem\[0\][9],pin,net
u5_mem\[0\][9],g202384/A2,net,pin
u5_mem\[0\][9],g179679/B1,net,pin
u5_mem_reg\[1\]\[0\]/QN,u5_mem\[1\][0],pin,net
u5_mem\[1\][0],g205398/A2,net,pin
u5_mem\[1\][0],g155827/B1,net,pin
u5_mem_reg\[1\]\[10\]/QN,u5_mem\[1\][10],pin,net
u5_mem\[1\][10],g213853/B1,net,pin
u5_mem\[1\][10],g192581/A2,net,pin
u5_mem_reg\[1\]\[11\]/QN,u5_mem\[1\][11],pin,net
u5_mem\[1\][11],g184623/B2,net,pin
u5_mem\[1\][11],g165640/B1,net,pin
u5_mem_reg\[1\]\[12\]/QN,u5_mem\[1\][12],pin,net
u5_mem\[1\][12],g205401/A1,net,pin
u5_mem\[1\][12],g165669/B1,net,pin
u5_mem_reg\[1\]\[13\]/QN,u5_mem\[1\][13],pin,net
u5_mem\[1\][13],g184634/B2,net,pin
u5_mem\[1\][13],g165727/B1,net,pin
u5_mem_reg\[1\]\[14\]/QN,u5_mem\[1\][14],pin,net
u5_mem\[1\][14],g188542/A2,net,pin
u5_mem\[1\][14],g165378/B1,net,pin
u5_mem_reg\[1\]\[15\]/QN,u5_mem\[1\][15],pin,net
u5_mem\[1\][15],g216620/A1,net,pin
u5_mem\[1\][15],g165407/B1,net,pin
u5_mem_reg\[1\]\[16\]/QN,u5_mem\[1\][16],pin,net
u5_mem\[1\][16],g205399/A2,net,pin
u5_mem\[1\][16],g165755/B1,net,pin
u5_mem_reg\[1\]\[17\]/QN,u5_mem\[1\][17],pin,net
u5_mem\[1\][17],g205411/A2,net,pin
u5_mem\[1\][17],g165784/B1,net,pin
u5_mem_reg\[1\]\[18\]/QN,u5_mem\[1\][18],pin,net
u5_mem\[1\][18],g50/A1,net,pin
u5_mem\[1\][18],g165807/B1,net,pin
u5_mem_reg\[1\]\[19\]/QN,u5_mem\[1\][19],pin,net
u5_mem\[1\][19],g87/A1,net,pin
u5_mem\[1\][19],g165834/B1,net,pin
u5_mem_reg\[1\]\[1\]/QN,u5_mem\[1\][1],pin,net
u5_mem\[1\][1],g205400/A2,net,pin
u5_mem\[1\][1],g155828/B1,net,pin
u5_mem_reg\[1\]\[20\]/QN,u5_mem\[1\][20],pin,net
u5_mem\[1\][20],g165861/B1,net,pin
u5_mem\[1\][20],g160089/A,net,pin
u5_mem_reg\[1\]\[21\]/QN,u5_mem\[1\][21],pin,net
u5_mem\[1\][21],g165890/B1,net,pin
u5_mem\[1\][21],g160091/A,net,pin
u5_mem_reg\[1\]\[22\]/QN,u5_mem\[1\][22],pin,net
u5_mem\[1\][22],g213841/B1,net,pin
u5_mem\[1\][22],g212183/B1,net,pin
u5_mem_reg\[1\]\[23\]/QN,u5_mem\[1\][23],pin,net
u5_mem\[1\][23],g165945/B2,net,pin
u5_mem\[1\][23],g158144/B2,net,pin
u5_mem_reg\[1\]\[24\]/QN,u5_mem\[1\][24],pin,net
u5_mem\[1\][24],g212380/A,net,pin
u5_mem\[1\][24],g166049/B1,net,pin
u5_mem_reg\[1\]\[25\]/QN,u5_mem\[1\][25],pin,net
u5_mem\[1\][25],g166075/B1,net,pin
u5_mem\[1\][25],g160099/A,net,pin
u5_mem_reg\[1\]\[26\]/QN,u5_mem\[1\][26],pin,net
u5_mem\[1\][26],g171448/A,net,pin
u5_mem\[1\][26],g166100/B1,net,pin
u5_mem_reg\[1\]\[27\]/QN,u5_mem\[1\][27],pin,net
u5_mem\[1\][27],g169903/B1,net,pin
u5_mem\[1\][27],g166126/B1,net,pin
u5_mem_reg\[1\]\[28\]/QN,u5_mem\[1\][28],pin,net
u5_mem\[1\][28],g166000/B1,net,pin
u5_mem\[1\][28],g159412/A,net,pin
u5_mem_reg\[1\]\[29\]/QN,u5_mem\[1\][29],pin,net
u5_mem\[1\][29],g166291/B1,net,pin
u5_mem\[1\][29],g159394/A,net,pin
u5_mem_reg\[1\]\[2\]/QN,u5_mem\[1\][2],pin,net
u5_mem\[1\][2],g205397/A2,net,pin
u5_mem\[1\][2],g165467/B1,net,pin
u5_mem_reg\[1\]\[30\]/QN,u5_mem\[1\][30],pin,net
u5_mem\[1\][30],g219105/B1,net,pin
u5_mem\[1\][30],g166272/B1,net,pin
u5_mem_reg\[1\]\[31\]/QN,u5_mem\[1\][31],pin,net
u5_mem\[1\][31],g170091/B1,net,pin
u5_mem\[1\][31],g165974/B1,net,pin
u5_mem_reg\[1\]\[3\]/QN,u5_mem\[1\][3],pin,net
u5_mem\[1\][3],g205396/A2,net,pin
u5_mem\[1\][3],g165496/B1,net,pin
u5_mem_reg\[1\]\[4\]/QN,u5_mem\[1\][4],pin,net
u5_mem\[1\][4],g215505/B1,net,pin
u5_mem\[1\][4],g184641/A2,net,pin
u5_mem_reg\[1\]\[5\]/QN,u5_mem\[1\][5],pin,net
u5_mem\[1\][5],g184625/B2,net,pin
u5_mem\[1\][5],g165698/B1,net,pin
u5_mem_reg\[1\]\[6\]/QN,u5_mem\[1\][6],pin,net
u5_mem\[1\][6],g188804/B2,net,pin
u5_mem\[1\][6],g165350/B1,net,pin
u5_mem_reg\[1\]\[7\]/QN,u5_mem\[1\][7],pin,net
u5_mem\[1\][7],g184626/B2,net,pin
u5_mem\[1\][7],g165437/B1,net,pin
u5_mem_reg\[1\]\[8\]/QN,u5_mem\[1\][8],pin,net
u5_mem\[1\][8],g212119/B1,net,pin
u5_mem\[1\][8],g165525/B1,net,pin
u5_mem_reg\[1\]\[9\]/QN,u5_mem\[1\][9],pin,net
u5_mem\[1\][9],g205410/B2,net,pin
u5_mem\[1\][9],g165582/B1,net,pin
u5_mem_reg\[2\]\[0\]/QN,u5_mem\[2\][0],pin,net
u5_mem\[2\][0],g166531/B1,net,pin
u5_mem\[2\][0],g158559/B1,net,pin
u5_mem_reg\[2\]\[10\]/QN,u5_mem\[2\][10],pin,net
u5_mem\[2\][10],g213860/B1,net,pin
u5_mem\[2\][10],g205408/A2,net,pin
u5_mem_reg\[2\]\[11\]/QN,u5_mem\[2\][11],pin,net
u5_mem\[2\][11],g205407/A2,net,pin
u5_mem\[2\][11],g165647/B1,net,pin
u5_mem_reg\[2\]\[12\]/QN,u5_mem\[2\][12],pin,net
u5_mem\[2\][12],g165676/B1,net,pin
u5_mem\[2\][12],g164047/B2,net,pin
u5_mem_reg\[2\]\[13\]/QN,u5_mem\[2\][13],pin,net
u5_mem\[2\][13],g205415/A1,net,pin
u5_mem\[2\][13],g165733/B1,net,pin
u5_mem_reg\[2\]\[14\]/QN,u5_mem\[2\][14],pin,net
u5_mem\[2\][14],g205413/A2,net,pin
u5_mem\[2\][14],g165385/B1,net,pin
u5_mem_reg\[2\]\[15\]/QN,u5_mem\[2\][15],pin,net
u5_mem\[2\][15],g205406/A1,net,pin
u5_mem\[2\][15],g165414/B1,net,pin
u5_mem_reg\[2\]\[16\]/QN,u5_mem\[2\][16],pin,net
u5_mem\[2\][16],g212935/B1,net,pin
u5_mem\[2\][16],g165762/B1,net,pin
u5_mem_reg\[2\]\[17\]/QN,u5_mem\[2\][17],pin,net
u5_mem\[2\][17],g168968/B1,net,pin
u5_mem\[2\][17],g165790/B1,net,pin
u5_mem_reg\[2\]\[18\]/QN,u5_mem\[2\][18],pin,net
u5_mem\[2\][18],g165813/B1,net,pin
u5_mem\[2\][18],g164049/B1,net,pin
u5_mem_reg\[2\]\[19\]/QN,u5_mem\[2\][19],pin,net
u5_mem\[2\][19],g205405/A1,net,pin
u5_mem\[2\][19],g165840/B1,net,pin
u5_mem_reg\[2\]\[1\]/QN,u5_mem\[2\][1],pin,net
u5_mem\[2\][1],g202272/B1,net,pin
u5_mem\[2\][1],g166504/B1,net,pin
u5_mem_reg\[2\]\[20\]/QN,u5_mem\[2\][20],pin,net
u5_mem\[2\][20],g165868/B1,net,pin
u5_mem\[2\][20],g160079/A,net,pin
u5_mem_reg\[2\]\[21\]/QN,u5_mem\[2\][21],pin,net
u5_mem\[2\][21],g165895/B1,net,pin
u5_mem\[2\][21],g160075/A,net,pin
u5_mem_reg\[2\]\[22\]/QN,u5_mem\[2\][22],pin,net
u5_mem\[2\][22],g165922/B1,net,pin
u5_mem\[2\][22],g158072/A1,net,pin
u5_mem_reg\[2\]\[23\]/QN,u5_mem\[2\][23],pin,net
u5_mem\[2\][23],g165951/B1,net,pin
u5_mem\[2\][23],g158073/A1,net,pin
u5_mem_reg\[2\]\[24\]/QN,u5_mem\[2\][24],pin,net
u5_mem\[2\][24],g166055/B1,net,pin
u5_mem\[2\][24],g158074/A1,net,pin
u5_mem_reg\[2\]\[25\]/QN,u5_mem\[2\][25],pin,net
u5_mem\[2\][25],g166081/B1,net,pin
u5_mem\[2\][25],g158075/A1,net,pin
u5_mem_reg\[2\]\[26\]/QN,u5_mem\[2\][26],pin,net
u5_mem\[2\][26],g166106/B1,net,pin
u5_mem\[2\][26],g158083/A1,net,pin
u5_mem_reg\[2\]\[27\]/QN,u5_mem\[2\][27],pin,net
u5_mem\[2\][27],g166132/B1,net,pin
u5_mem\[2\][27],g158076/A1,net,pin
u5_mem_reg\[2\]\[28\]/QN,u5_mem\[2\][28],pin,net
u5_mem\[2\][28],g166006/B1,net,pin
u5_mem\[2\][28],g160087/A,net,pin
u5_mem_reg\[2\]\[29\]/QN,u5_mem\[2\][29],pin,net
u5_mem\[2\][29],g207468/A,net,pin
u5_mem\[2\][29],g166300/B1,net,pin
u5_mem_reg\[2\]\[2\]/QN,u5_mem\[2\][2],pin,net
u5_mem\[2\][2],g181449/B1,net,pin
u5_mem\[2\][2],g165474/B1,net,pin
u5_mem_reg\[2\]\[30\]/QN,u5_mem\[2\][30],pin,net
u5_mem\[2\][30],g219107/A1,net,pin
u5_mem\[2\][30],g166262/B1,net,pin
u5_mem_reg\[2\]\[31\]/QN,u5_mem\[2\][31],pin,net
u5_mem\[2\][31],g170092/A1,net,pin
u5_mem\[2\][31],g165965/B1,net,pin
u5_mem_reg\[2\]\[3\]/QN,u5_mem\[2\][3],pin,net
u5_mem\[2\][3],g202447/B2,net,pin
u5_mem\[2\][3],g165503/B1,net,pin
u5_mem_reg\[2\]\[4\]/QN,u5_mem\[2\][4],pin,net
u5_mem\[2\][4],g215506/B1,net,pin
u5_mem\[2\][4],g205416/A1,net,pin
u5_mem_reg\[2\]\[5\]/QN,u5_mem\[2\][5],pin,net
u5_mem\[2\][5],g205404/A2,net,pin
u5_mem\[2\][5],g165705/B1,net,pin
u5_mem_reg\[2\]\[6\]/QN,u5_mem\[2\][6],pin,net
u5_mem\[2\][6],g205412/A1,net,pin
u5_mem\[2\][6],g165356/B1,net,pin
u5_mem_reg\[2\]\[7\]/QN,u5_mem\[2\][7],pin,net
u5_mem\[2\][7],g205403/A1,net,pin
u5_mem\[2\][7],g165444/B1,net,pin
u5_mem_reg\[2\]\[8\]/QN,u5_mem\[2\][8],pin,net
u5_mem\[2\][8],g212120/A1,net,pin
u5_mem\[2\][8],g165532/B1,net,pin
u5_mem_reg\[2\]\[9\]/QN,u5_mem\[2\][9],pin,net
u5_mem\[2\][9],g202384/B1,net,pin
u5_mem\[2\][9],g165593/B1,net,pin
u5_mem_reg\[3\]\[0\]/QN,u5_mem\[3\][0],pin,net
u5_mem\[3\][0],g205398/B1,net,pin
u5_mem\[3\][0],g155631/B1,net,pin
u5_mem_reg\[3\]\[10\]/QN,u5_mem\[3\][10],pin,net
u5_mem\[3\][10],g205408/B1,net,pin
u5_mem\[3\][10],g165546/B1,net,pin
u5_mem_reg\[3\]\[11\]/QN,u5_mem\[3\][11],pin,net
u5_mem\[3\][11],g205407/B2,net,pin
u5_mem\[3\][11],g165633/B1,net,pin
u5_mem_reg\[3\]\[12\]/QN,u5_mem\[3\][12],pin,net
u5_mem\[3\][12],g205401/B2,net,pin
u5_mem\[3\][12],g165662/B1,net,pin
u5_mem_reg\[3\]\[13\]/QN,u5_mem\[3\][13],pin,net
u5_mem\[3\][13],g205415/B1,net,pin
u5_mem\[3\][13],g165722/B1,net,pin
u5_mem_reg\[3\]\[14\]/QN,u5_mem\[3\][14],pin,net
u5_mem\[3\][14],g205413/B2,net,pin
u5_mem\[3\][14],g165371/B1,net,pin
u5_mem_reg\[3\]\[15\]/QN,u5_mem\[3\][15],pin,net
u5_mem\[3\][15],g205406/B1,net,pin
u5_mem\[3\][15],g165400/B1,net,pin
u5_mem_reg\[3\]\[16\]/QN,u5_mem\[3\][16],pin,net
u5_mem\[3\][16],g205399/B1,net,pin
u5_mem\[3\][16],g166717/B1,net,pin
u5_mem_reg\[3\]\[17\]/QN,u5_mem\[3\][17],pin,net
u5_mem\[3\][17],g205411/B1,net,pin
u5_mem\[3\][17],g166714/B1,net,pin
u5_mem_reg\[3\]\[18\]/QN,u5_mem\[3\][18],pin,net
u5_mem\[3\][18],g50/B1,net,pin
u5_mem\[3\][18],g166732/B1,net,pin
u5_mem_reg\[3\]\[19\]/QN,u5_mem\[3\][19],pin,net
u5_mem\[3\][19],g205405/B1,net,pin
u5_mem\[3\][19],g166731/B1,net,pin
u5_mem_reg\[3\]\[1\]/QN,u5_mem\[3\][1],pin,net
u5_mem\[3\][1],g205400/B1,net,pin
u5_mem\[3\][1],g155632/B1,net,pin
u5_mem_reg\[3\]\[20\]/QN,u5_mem\[3\][20],pin,net
u5_mem\[3\][20],g166730/B1,net,pin
u5_mem\[3\][20],g158292/A,net,pin
u5_mem_reg\[3\]\[21\]/QN,u5_mem\[3\][21],pin,net
u5_mem\[3\][21],g166729/B1,net,pin
u5_mem\[3\][21],g158283/A,net,pin
u5_mem_reg\[3\]\[22\]/QN,u5_mem\[3\][22],pin,net
u5_mem\[3\][22],g166728/B1,net,pin
u5_mem\[3\][22],g158072/B1,net,pin
u5_mem_reg\[3\]\[23\]/QN,u5_mem\[3\][23],pin,net
u5_mem\[3\][23],g166727/B1,net,pin
u5_mem\[3\][23],g158073/B1,net,pin
u5_mem_reg\[3\]\[24\]/QN,u5_mem\[3\][24],pin,net
u5_mem\[3\][24],g166726/B1,net,pin
u5_mem\[3\][24],g158074/B1,net,pin
u5_mem_reg\[3\]\[25\]/QN,u5_mem\[3\][25],pin,net
u5_mem\[3\][25],g166725/B1,net,pin
u5_mem\[3\][25],g158075/B1,net,pin
u5_mem_reg\[3\]\[26\]/QN,u5_mem\[3\][26],pin,net
u5_mem\[3\][26],g166724/B1,net,pin
u5_mem\[3\][26],g158083/B1,net,pin
u5_mem_reg\[3\]\[27\]/QN,u5_mem\[3\][27],pin,net
u5_mem\[3\][27],g158076/B1,net,pin
u5_mem\[3\][27],g155658/B1,net,pin
u5_mem_reg\[3\]\[28\]/QN,u5_mem\[3\][28],pin,net
u5_mem\[3\][28],g172218/A1,net,pin
u5_mem\[3\][28],g166723/B1,net,pin
u5_mem_reg\[3\]\[29\]/QN,u5_mem\[3\][29],pin,net
u5_mem\[3\][29],g207470/A,net,pin
u5_mem\[3\][29],g166722/B1,net,pin
u5_mem_reg\[3\]\[2\]/QN,u5_mem\[3\][2],pin,net
u5_mem\[3\][2],g205397/B1,net,pin
u5_mem\[3\][2],g165461/B1,net,pin
u5_mem_reg\[3\]\[30\]/QN,u5_mem\[3\][30],pin,net
u5_mem\[3\][30],g219107/B1,net,pin
u5_mem\[3\][30],g166721/B1,net,pin
u5_mem_reg\[3\]\[31\]/QN,u5_mem\[3\][31],pin,net
u5_mem\[3\][31],g170092/B1,net,pin
u5_mem\[3\][31],g166720/B1,net,pin
u5_mem_reg\[3\]\[3\]/QN,u5_mem\[3\][3],pin,net
u5_mem\[3\][3],g205396/B2,net,pin
u5_mem\[3\][3],g165490/B1,net,pin
u5_mem_reg\[3\]\[4\]/QN,u5_mem\[3\][4],pin,net
u5_mem\[3\][4],g214960/B1,net,pin
u5_mem\[3\][4],g205416/B2,net,pin
u5_mem_reg\[3\]\[5\]/QN,u5_mem\[3\][5],pin,net
u5_mem\[3\][5],g205404/B2,net,pin
u5_mem\[3\][5],g165694/B1,net,pin
u5_mem_reg\[3\]\[6\]/QN,u5_mem\[3\][6],pin,net
u5_mem\[3\][6],g205412/B2,net,pin
u5_mem\[3\][6],g165344/B1,net,pin
u5_mem_reg\[3\]\[7\]/QN,u5_mem\[3\][7],pin,net
u5_mem\[3\][7],g205403/B1,net,pin
u5_mem\[3\][7],g165433/B1,net,pin
u5_mem_reg\[3\]\[8\]/QN,u5_mem\[3\][8],pin,net
u5_mem\[3\][8],g212120/B1,net,pin
u5_mem\[3\][8],g165519/B1,net,pin
u5_mem_reg\[3\]\[9\]/QN,u5_mem\[3\][9],pin,net
u5_mem\[3\][9],g205410/A1,net,pin
u5_mem\[3\][9],g165577/B1,net,pin
u5_rp_reg\[0\]/QN,u5_rp[0],pin,net
u5_rp[0],g205409/A,net,pin
u5_rp[0],g182917/A,net,pin
u5_rp[0],g173875/B2,net,pin
u5_rp[0],g159311/B,net,pin
u5_rp[0],g1359/A,net,pin
u5_rp_reg\[1\]/Q,u5_rp[1],pin,net
u5_rp[1],g205395/A,net,pin
u5_rp[1],g184622/A,net,pin
u5_rp[1],g164038/B,net,pin
u5_rp[1],fopt164037/A,net,pin
u5_rp_reg\[2\]/Q,u5_rp[2],pin,net
u5_rp[2],g212933/A,net,pin
u5_rp[2],g205395/B,net,pin
u5_rp[2],g164038/A,net,pin
u5_rp[2],fopt169192/A,net,pin
u5_rp_reg\[3\]/QN,u5_rp[3],pin,net
u5_rp[3],g66/A,net,pin
u5_rp[3],g205402/A,net,pin
u5_rp[3],g159659/A,net,pin
u5_rp[3],g153975__213703/C1,net,pin
u5_wp_reg\[0\]/Q,u5_wp[0],pin,net
u5_wp[0],g184752/A,net,pin
u5_wp[0],g179667/A,net,pin
u5_wp[0],g173872/A,net,pin
u5_wp[0],g159727/A,net,pin
u5_wp[0],g159724/A,net,pin
u5_wp[0],g13/B,net,pin
u5_wp_reg\[1\]/QN,u5_wp[1],pin,net
u5_wp[1],g179663/A,net,pin
u5_wp_reg\[2\]/QN,u5_wp[2],pin,net
u5_wp[2],g187654/E,net,pin
u5_wp[2],g184517/A,net,pin
u5_wp[2],g166719/A2,net,pin
u5_wp[2],g159293/A,net,pin
u5_wp[2],g156970/A1,net,pin
u6_mem_reg\[0\]\[0\]/QN,u6_mem\[0\][0],pin,net
u6_mem\[0\][0],g224475/A2,net,pin
u6_mem\[0\][0],g166538/B1,net,pin
u6_mem_reg\[0\]\[10\]/QN,u6_mem\[0\][10],pin,net
u6_mem\[0\][10],g224465/A2,net,pin
u6_mem\[0\][10],g213862/B1,net,pin
u6_mem_reg\[0\]\[11\]/QN,u6_mem\[0\][11],pin,net
u6_mem\[0\][11],g224471/A2,net,pin
u6_mem\[0\][11],g165638/B1,net,pin
u6_mem_reg\[0\]\[12\]/QN,u6_mem\[0\][12],pin,net
u6_mem\[0\][12],g224467/A2,net,pin
u6_mem\[0\][12],g165667/B1,net,pin
u6_mem_reg\[0\]\[13\]/QN,u6_mem\[0\][13],pin,net
u6_mem\[0\][13],g224478/A1,net,pin
u6_mem\[0\][13],g165725/B1,net,pin
u6_mem_reg\[0\]\[14\]/QN,u6_mem\[0\][14],pin,net
u6_mem\[0\][14],g224477/A2,net,pin
u6_mem\[0\][14],g165375/B1,net,pin
u6_mem_reg\[0\]\[15\]/QN,u6_mem\[0\][15],pin,net
u6_mem\[0\][15],g224472/A2,net,pin
u6_mem\[0\][15],g165405/B1,net,pin
u6_mem_reg\[0\]\[16\]/QN,u6_mem\[0\][16],pin,net
u6_mem\[0\][16],g224480/A2,net,pin
u6_mem\[0\][16],g165752/B1,net,pin
u6_mem_reg\[0\]\[17\]/QN,u6_mem\[0\][17],pin,net
u6_mem\[0\][17],g224464/A2,net,pin
u6_mem\[0\][17],g165779/B1,net,pin
u6_mem_reg\[0\]\[18\]/QN,u6_mem\[0\][18],pin,net
u6_mem\[0\][18],g224463/A1,net,pin
u6_mem\[0\][18],g165805/B1,net,pin
u6_mem_reg\[0\]\[19\]/QN,u6_mem\[0\][19],pin,net
u6_mem\[0\][19],g224468/A1,net,pin
u6_mem\[0\][19],g165832/B1,net,pin
u6_mem_reg\[0\]\[1\]/QN,u6_mem\[0\][1],pin,net
u6_mem\[0\][1],g224474/A2,net,pin
u6_mem\[0\][1],g166512/B1,net,pin
u6_mem_reg\[0\]\[20\]/QN,u6_mem\[0\][20],pin,net
u6_mem\[0\][20],g165860/B1,net,pin
u6_mem\[0\][20],g158171/A1,net,pin
u6_mem_reg\[0\]\[21\]/QN,u6_mem\[0\][21],pin,net
u6_mem\[0\][21],g188958/A1,net,pin
u6_mem\[0\][21],g165887/B1,net,pin
u6_mem_reg\[0\]\[22\]/QN,u6_mem\[0\][22],pin,net
u6_mem\[0\][22],g213837/B1,net,pin
u6_mem\[0\][22],g176065/A2,net,pin
u6_mem_reg\[0\]\[23\]/QN,u6_mem\[0\][23],pin,net
u6_mem\[0\][23],g165940/B1,net,pin
u6_mem\[0\][23],g158174/A2,net,pin
u6_mem_reg\[0\]\[24\]/QN,u6_mem\[0\][24],pin,net
u6_mem\[0\][24],g224743/A1,net,pin
u6_mem\[0\][24],g166043/B1,net,pin
u6_mem_reg\[0\]\[25\]/QN,u6_mem\[0\][25],pin,net
u6_mem\[0\][25],g224208/A1,net,pin
u6_mem\[0\][25],g166071/B1,net,pin
u6_mem_reg\[0\]\[26\]/QN,u6_mem\[0\][26],pin,net
u6_mem\[0\][26],g189110/A2,net,pin
u6_mem\[0\][26],g166096/B1,net,pin
u6_mem_reg\[0\]\[27\]/QN,u6_mem\[0\][27],pin,net
u6_mem\[0\][27],g166122/B1,net,pin
u6_mem\[0\][27],g158177/A1,net,pin
u6_mem_reg\[0\]\[28\]/QN,u6_mem\[0\][28],pin,net
u6_mem\[0\][28],g310/B2,net,pin
u6_mem\[0\][28],g165996/B1,net,pin
u6_mem_reg\[0\]\[29\]/QN,u6_mem\[0\][29],pin,net
u6_mem\[0\][29],g183378/A1,net,pin
u6_mem\[0\][29],g166290/B1,net,pin
u6_mem_reg\[0\]\[2\]/QN,u6_mem\[0\][2],pin,net
u6_mem\[0\][2],g224473/A1,net,pin
u6_mem\[0\][2],g165465/B1,net,pin
u6_mem_reg\[0\]\[30\]/QN,u6_mem\[0\][30],pin,net
u6_mem\[0\][30],g166270/B1,net,pin
u6_mem\[0\][30],g158179/A1,net,pin
u6_mem_reg\[0\]\[31\]/QN,u6_mem\[0\][31],pin,net
u6_mem\[0\][31],g165969/B1,net,pin
u6_mem\[0\][31],g158180/A2,net,pin
u6_mem_reg\[0\]\[3\]/QN,u6_mem\[0\][3],pin,net
u6_mem\[0\][3],g224479/A1,net,pin
u6_mem\[0\][3],g165493/B1,net,pin
u6_mem_reg\[0\]\[4\]/QN,u6_mem\[0\][4],pin,net
u6_mem\[0\][4],g224481/A2,net,pin
u6_mem\[0\][4],g215503/B1,net,pin
u6_mem_reg\[0\]\[5\]/QN,u6_mem\[0\][5],pin,net
u6_mem\[0\][5],g224466/A1,net,pin
u6_mem\[0\][5],g165690/B1,net,pin
u6_mem_reg\[0\]\[6\]/QN,u6_mem\[0\][6],pin,net
u6_mem\[0\][6],g224469/A1,net,pin
u6_mem\[0\][6],g165346/B1,net,pin
u6_mem_reg\[0\]\[7\]/QN,u6_mem\[0\][7],pin,net
u6_mem\[0\][7],g224470/A1,net,pin
u6_mem\[0\][7],g165435/B1,net,pin
u6_mem_reg\[0\]\[8\]/QN,u6_mem\[0\][8],pin,net
u6_mem\[0\][8],g224461/A2,net,pin
u6_mem\[0\][8],g165522/B1,net,pin
u6_mem_reg\[0\]\[9\]/QN,u6_mem\[0\][9],pin,net
u6_mem\[0\][9],g224476/B2,net,pin
u6_mem\[0\][9],g165574/B1,net,pin
u6_mem_reg\[1\]\[0\]/QN,u6_mem\[1\][0],pin,net
u6_mem\[1\][0],g224475/B2,net,pin
u6_mem\[1\][0],g169540/B2,net,pin
u6_mem_reg\[1\]\[10\]/QN,u6_mem\[1\][10],pin,net
u6_mem\[1\][10],g224465/B1,net,pin
u6_mem\[1\][10],g165555/B1,net,pin
u6_mem_reg\[1\]\[11\]/QN,u6_mem\[1\][11],pin,net
u6_mem\[1\][11],g224471/B2,net,pin
u6_mem\[1\][11],g165642/B2,net,pin
u6_mem_reg\[1\]\[12\]/QN,u6_mem\[1\][12],pin,net
u6_mem\[1\][12],g198572/A1,net,pin
u6_mem\[1\][12],g165671/B2,net,pin
u6_mem_reg\[1\]\[13\]/QN,u6_mem\[1\][13],pin,net
u6_mem\[1\][13],g224478/B2,net,pin
u6_mem\[1\][13],g169549/B2,net,pin
u6_mem_reg\[1\]\[14\]/QN,u6_mem\[1\][14],pin,net
u6_mem\[1\][14],g224477/B1,net,pin
u6_mem\[1\][14],g165380/B2,net,pin
u6_mem_reg\[1\]\[15\]/QN,u6_mem\[1\][15],pin,net
u6_mem\[1\][15],g224472/B2,net,pin
u6_mem\[1\][15],g165409/B2,net,pin
u6_mem_reg\[1\]\[16\]/QN,u6_mem\[1\][16],pin,net
u6_mem\[1\][16],g224480/B2,net,pin
u6_mem\[1\][16],g165757/B1,net,pin
u6_mem_reg\[1\]\[17\]/QN,u6_mem\[1\][17],pin,net
u6_mem\[1\][17],g224464/B1,net,pin
u6_mem\[1\][17],g169550/B2,net,pin
u6_mem_reg\[1\]\[18\]/QN,u6_mem\[1\][18],pin,net
u6_mem\[1\][18],g198570/A1,net,pin
u6_mem\[1\][18],g169551/B1,net,pin
u6_mem_reg\[1\]\[19\]/QN,u6_mem\[1\][19],pin,net
u6_mem\[1\][19],g198590/A2,net,pin
u6_mem\[1\][19],g169552/B2,net,pin
u6_mem_reg\[1\]\[1\]/QN,u6_mem\[1\][1],pin,net
u6_mem\[1\][1],g224474/B1,net,pin
u6_mem\[1\][1],g169555/B2,net,pin
u6_mem_reg\[1\]\[20\]/QN,u6_mem\[1\][20],pin,net
u6_mem\[1\][20],g165864/B1,net,pin
u6_mem\[1\][20],g158131/A1,net,pin
u6_mem_reg\[1\]\[21\]/QN,u6_mem\[1\][21],pin,net
u6_mem\[1\][21],g188956/A1,net,pin
u6_mem\[1\][21],g169553/B2,net,pin
u6_mem_reg\[1\]\[22\]/QN,u6_mem\[1\][22],pin,net
u6_mem\[1\][22],g165918/B1,net,pin
u6_mem\[1\][22],g158139/A2,net,pin
u6_mem_reg\[1\]\[23\]/QN,u6_mem\[1\][23],pin,net
u6_mem\[1\][23],g165947/B2,net,pin
u6_mem\[1\][23],g158129/A1,net,pin
u6_mem_reg\[1\]\[24\]/QN,u6_mem\[1\][24],pin,net
u6_mem\[1\][24],g171452/A1,net,pin
u6_mem\[1\][24],g166051/B2,net,pin
u6_mem_reg\[1\]\[25\]/QN,u6_mem\[1\][25],pin,net
u6_mem\[1\][25],g224211/A1,net,pin
u6_mem\[1\][25],g223942/B2,net,pin
u6_mem_reg\[1\]\[26\]/QN,u6_mem\[1\][26],pin,net
u6_mem\[1\][26],g176883/A1,net,pin
u6_mem\[1\][26],g166102/B2,net,pin
u6_mem_reg\[1\]\[27\]/QN,u6_mem\[1\][27],pin,net
u6_mem\[1\][27],g172285/A2,net,pin
u6_mem\[1\][27],g166128/B2,net,pin
u6_mem_reg\[1\]\[28\]/QN,u6_mem\[1\][28],pin,net
u6_mem\[1\][28],g166002/B2,net,pin
u6_mem\[1\][28],g158135/A1,net,pin
u6_mem_reg\[1\]\[29\]/QN,u6_mem\[1\][29],pin,net
u6_mem\[1\][29],g183375/A1,net,pin
u6_mem\[1\][29],g166297/B2,net,pin
u6_mem_reg\[1\]\[2\]/QN,u6_mem\[1\][2],pin,net
u6_mem\[1\][2],g224473/B1,net,pin
u6_mem\[1\][2],g169543/B2,net,pin
u6_mem_reg\[1\]\[30\]/QN,u6_mem\[1\][30],pin,net
u6_mem\[1\][30],g166275/B2,net,pin
u6_mem\[1\][30],g158136/A1,net,pin
u6_mem_reg\[1\]\[31\]/QN,u6_mem\[1\][31],pin,net
u6_mem\[1\][31],g165976/B2,net,pin
u6_mem\[1\][31],g158137/A1,net,pin
u6_mem_reg\[1\]\[3\]/QN,u6_mem\[1\][3],pin,net
u6_mem\[1\][3],g224479/B2,net,pin
u6_mem\[1\][3],g169544/B2,net,pin
u6_mem_reg\[1\]\[4\]/QN,u6_mem\[1\][4],pin,net
u6_mem\[1\][4],g222523/A1,net,pin
u6_mem\[1\][4],g214943/B2,net,pin
u6_mem_reg\[1\]\[5\]/QN,u6_mem\[1\][5],pin,net
u6_mem\[1\][5],g198579/A2,net,pin
u6_mem\[1\][5],g169548/B1,net,pin
u6_mem_reg\[1\]\[6\]/QN,u6_mem\[1\][6],pin,net
u6_mem\[1\][6],g198574/B2,net,pin
u6_mem\[1\][6],g169541/B2,net,pin
u6_mem_reg\[1\]\[7\]/QN,u6_mem\[1\][7],pin,net
u6_mem\[1\][7],g198580/B2,net,pin
u6_mem\[1\][7],g169542/B2,net,pin
u6_mem_reg\[1\]\[8\]/QN,u6_mem\[1\][8],pin,net
u6_mem\[1\][8],g224461/B2,net,pin
u6_mem\[1\][8],g169545/B2,net,pin
u6_mem_reg\[1\]\[9\]/QN,u6_mem\[1\][9],pin,net
u6_mem\[1\][9],g224476/A2,net,pin
u6_mem\[1\][9],g169546/B2,net,pin
u6_mem_reg\[2\]\[0\]/QN,u6_mem\[2\][0],pin,net
u6_mem\[2\][0],g216466/A1,net,pin
u6_mem\[2\][0],g169156/A2,net,pin
u6_mem_reg\[2\]\[10\]/QN,u6_mem\[2\][10],pin,net
u6_mem\[2\][10],g216467/A1,net,pin
u6_mem\[2\][10],g197647/A1,net,pin
u6_mem_reg\[2\]\[11\]/QN,u6_mem\[2\][11],pin,net
u6_mem\[2\][11],g216480/A1,net,pin
u6_mem\[2\][11],g167533/A1,net,pin
u6_mem_reg\[2\]\[12\]/QN,u6_mem\[2\][12],pin,net
u6_mem\[2\][12],g224467/B1,net,pin
u6_mem\[2\][12],g216476/B1,net,pin
u6_mem_reg\[2\]\[13\]/QN,u6_mem\[2\][13],pin,net
u6_mem\[2\][13],g216478/A1,net,pin
u6_mem\[2\][13],g211398/A1,net,pin
u6_mem_reg\[2\]\[14\]/QN,u6_mem\[2\][14],pin,net
u6_mem\[2\][14],g216453/A1,net,pin
u6_mem\[2\][14],g197695/A1,net,pin
u6_mem_reg\[2\]\[15\]/QN,u6_mem\[2\][15],pin,net
u6_mem\[2\][15],g216464/A1,net,pin
u6_mem\[2\][15],g181507/A2,net,pin
u6_mem_reg\[2\]\[16\]/QN,u6_mem\[2\][16],pin,net
u6_mem\[2\][16],g216470/A1,net,pin
u6_mem\[2\][16],g199218/A2,net,pin
u6_mem_reg\[2\]\[17\]/QN,u6_mem\[2\][17],pin,net
u6_mem\[2\][17],g216709/A2,net,pin
u6_mem\[2\][17],g216481/A1,net,pin
u6_mem_reg\[2\]\[18\]/QN,u6_mem\[2\][18],pin,net
u6_mem\[2\][18],g224463/B2,net,pin
u6_mem\[2\][18],g216451/A1,net,pin
u6_mem_reg\[2\]\[19\]/QN,u6_mem\[2\][19],pin,net
u6_mem\[2\][19],g224468/B2,net,pin
u6_mem\[2\][19],g216465/A1,net,pin
u6_mem_reg\[2\]\[1\]/QN,u6_mem\[2\][1],pin,net
u6_mem\[2\][1],g223597/A1,net,pin
u6_mem\[2\][1],g173927/A2,net,pin
u6_mem_reg\[2\]\[20\]/QN,u6_mem\[2\][20],pin,net
u6_mem\[2\][20],g216463/A1,net,pin
u6_mem\[2\][20],g158171/B1,net,pin
u6_mem_reg\[2\]\[21\]/QN,u6_mem\[2\][21],pin,net
u6_mem\[2\][21],g216461/A1,net,pin
u6_mem\[2\][21],g188958/B1,net,pin
u6_mem_reg\[2\]\[22\]/QN,u6_mem\[2\][22],pin,net
u6_mem\[2\][22],g216482/A1,net,pin
u6_mem\[2\][22],g176065/B1,net,pin
u6_mem_reg\[2\]\[23\]/QN,u6_mem\[2\][23],pin,net
u6_mem\[2\][23],g216454/A1,net,pin
u6_mem\[2\][23],g158174/B1,net,pin
u6_mem_reg\[2\]\[24\]/QN,u6_mem\[2\][24],pin,net
u6_mem\[2\][24],g224743/B2,net,pin
u6_mem\[2\][24],g216462/A1,net,pin
u6_mem_reg\[2\]\[25\]/QN,u6_mem\[2\][25],pin,net
u6_mem\[2\][25],g224208/B1,net,pin
u6_mem\[2\][25],g216458/B1,net,pin
u6_mem_reg\[2\]\[26\]/QN,u6_mem\[2\][26],pin,net
u6_mem\[2\][26],g216474/A1,net,pin
u6_mem\[2\][26],g189110/B1,net,pin
u6_mem_reg\[2\]\[27\]/QN,u6_mem\[2\][27],pin,net
u6_mem\[2\][27],g216457/B1,net,pin
u6_mem\[2\][27],g158177/B1,net,pin
u6_mem_reg\[2\]\[28\]/QN,u6_mem\[2\][28],pin,net
u6_mem\[2\][28],g310/C2,net,pin
u6_mem\[2\][28],g216455/A1,net,pin
u6_mem_reg\[2\]\[29\]/QN,u6_mem\[2\][29],pin,net
u6_mem\[2\][29],g216473/A1,net,pin
u6_mem\[2\][29],g183378/B1,net,pin
u6_mem_reg\[2\]\[2\]/QN,u6_mem\[2\][2],pin,net
u6_mem\[2\][2],g216468/A1,net,pin
u6_mem\[2\][2],g188350/A2,net,pin
u6_mem_reg\[2\]\[30\]/QN,u6_mem\[2\][30],pin,net
u6_mem\[2\][30],g216460/B1,net,pin
u6_mem\[2\][30],g158179/B1,net,pin
u6_mem_reg\[2\]\[31\]/QN,u6_mem\[2\][31],pin,net
u6_mem\[2\][31],g216477/B1,net,pin
u6_mem\[2\][31],g158180/B1,net,pin
u6_mem_reg\[2\]\[3\]/QN,u6_mem\[2\][3],pin,net
u6_mem\[2\][3],g216472/A1,net,pin
u6_mem\[2\][3],g167537/A2,net,pin
u6_mem_reg\[2\]\[4\]/QN,u6_mem\[2\][4],pin,net
u6_mem\[2\][4],g224481/B2,net,pin
u6_mem\[2\][4],g216448/A1,net,pin
u6_mem_reg\[2\]\[5\]/QN,u6_mem\[2\][5],pin,net
u6_mem\[2\][5],g224466/B2,net,pin
u6_mem\[2\][5],g216456/A1,net,pin
u6_mem_reg\[2\]\[6\]/QN,u6_mem\[2\][6],pin,net
u6_mem\[2\][6],g224469/B2,net,pin
u6_mem\[2\][6],g216475/A1,net,pin
u6_mem_reg\[2\]\[7\]/QN,u6_mem\[2\][7],pin,net
u6_mem\[2\][7],g224470/B1,net,pin
u6_mem\[2\][7],g216479/A1,net,pin
u6_mem_reg\[2\]\[8\]/QN,u6_mem\[2\][8],pin,net
u6_mem\[2\][8],g216469/A1,net,pin
u6_mem\[2\][8],g167520/A1,net,pin
u6_mem_reg\[2\]\[9\]/QN,u6_mem\[2\][9],pin,net
u6_mem\[2\][9],g216471/A1,net,pin
u6_mem\[2\][9],g159/B1,net,pin
u6_mem_reg\[3\]\[0\]/QN,u6_mem\[3\][0],pin,net
u6_mem\[3\][0],g195072/A1,net,pin
u6_mem\[3\][0],g169156/B2,net,pin
u6_mem_reg\[3\]\[10\]/QN,u6_mem\[3\][10],pin,net
u6_mem\[3\][10],g213855/A1,net,pin
u6_mem\[3\][10],g197647/B1,net,pin
u6_mem_reg\[3\]\[11\]/QN,u6_mem\[3\][11],pin,net
u6_mem\[3\][11],g195056/A1,net,pin
u6_mem\[3\][11],g167533/B1,net,pin
u6_mem_reg\[3\]\[12\]/QN,u6_mem\[3\][12],pin,net
u6_mem\[3\][12],g222985/A1,net,pin
u6_mem\[3\][12],g198572/B1,net,pin
u6_mem_reg\[3\]\[13\]/QN,u6_mem\[3\][13],pin,net
u6_mem\[3\][13],g211398/B1,net,pin
u6_mem\[3\][13],g199637/A1,net,pin
u6_mem_reg\[3\]\[14\]/QN,u6_mem\[3\][14],pin,net
u6_mem\[3\][14],g208588/A1,net,pin
u6_mem\[3\][14],g197695/B1,net,pin
u6_mem_reg\[3\]\[15\]/QN,u6_mem\[3\][15],pin,net
u6_mem\[3\][15],g196865/A1,net,pin
u6_mem\[3\][15],g181507/B1,net,pin
u6_mem_reg\[3\]\[16\]/QN,u6_mem\[3\][16],pin,net
u6_mem\[3\][16],g199218/B2,net,pin
u6_mem\[3\][16],g176269/B1,net,pin
u6_mem_reg\[3\]\[17\]/QN,u6_mem\[3\][17],pin,net
u6_mem\[3\][17],g216709/B2,net,pin
u6_mem\[3\][17],g178753/B1,net,pin
u6_mem_reg\[3\]\[18\]/QN,u6_mem\[3\][18],pin,net
u6_mem\[3\][18],g198570/B1,net,pin
u6_mem\[3\][18],g178752/B1,net,pin
u6_mem_reg\[3\]\[19\]/QN,u6_mem\[3\][19],pin,net
u6_mem\[3\][19],g198590/B1,net,pin
u6_mem\[3\][19],g178751/B1,net,pin
u6_mem_reg\[3\]\[1\]/QN,u6_mem\[3\][1],pin,net
u6_mem\[3\][1],g173927/B2,net,pin
u6_mem\[3\][1],g166878/B1,net,pin
u6_mem_reg\[3\]\[20\]/QN,u6_mem\[3\][20],pin,net
u6_mem\[3\][20],g178750/B1,net,pin
u6_mem\[3\][20],g158131/B1,net,pin
u6_mem_reg\[3\]\[21\]/QN,u6_mem\[3\][21],pin,net
u6_mem\[3\][21],g188956/B1,net,pin
u6_mem\[3\][21],g182412/B2,net,pin
u6_mem_reg\[3\]\[22\]/QN,u6_mem\[3\][22],pin,net
u6_mem\[3\][22],g182413/B1,net,pin
u6_mem\[3\][22],g158139/B1,net,pin
u6_mem_reg\[3\]\[23\]/QN,u6_mem\[3\][23],pin,net
u6_mem\[3\][23],g182414/B1,net,pin
u6_mem\[3\][23],g158129/B1,net,pin
u6_mem_reg\[3\]\[24\]/QN,u6_mem\[3\][24],pin,net
u6_mem\[3\][24],g197522/B1,net,pin
u6_mem\[3\][24],g171452/B1,net,pin
u6_mem_reg\[3\]\[25\]/QN,u6_mem\[3\][25],pin,net
u6_mem\[3\][25],g224211/B1,net,pin
u6_mem\[3\][25],g197487/B1,net,pin
u6_mem_reg\[3\]\[26\]/QN,u6_mem\[3\][26],pin,net
u6_mem\[3\][26],g176883/B1,net,pin
u6_mem\[3\][26],g173519/B1,net,pin
u6_mem_reg\[3\]\[27\]/QN,u6_mem\[3\][27],pin,net
u6_mem\[3\][27],g212247/B1,net,pin
u6_mem\[3\][27],g172285/B1,net,pin
u6_mem_reg\[3\]\[28\]/QN,u6_mem\[3\][28],pin,net
u6_mem\[3\][28],g176537/B1,net,pin
u6_mem\[3\][28],g158135/B1,net,pin
u6_mem_reg\[3\]\[29\]/QN,u6_mem\[3\][29],pin,net
u6_mem\[3\][29],g183375/B1,net,pin
u6_mem\[3\][29],g173512/B1,net,pin
u6_mem_reg\[3\]\[2\]/QN,u6_mem\[3\][2],pin,net
u6_mem\[3\][2],g222537/A1,net,pin
u6_mem\[3\][2],g188350/B2,net,pin
u6_mem_reg\[3\]\[30\]/QN,u6_mem\[3\][30],pin,net
u6_mem\[3\][30],g173513/B1,net,pin
u6_mem\[3\][30],g158136/B1,net,pin
u6_mem_reg\[3\]\[31\]/QN,u6_mem\[3\][31],pin,net
u6_mem\[3\][31],g173515/B1,net,pin
u6_mem\[3\][31],g158137/B1,net,pin
u6_mem_reg\[3\]\[3\]/QN,u6_mem\[3\][3],pin,net
u6_mem\[3\][3],g195965/A1,net,pin
u6_mem\[3\][3],g167537/B2,net,pin
u6_mem_reg\[3\]\[4\]/QN,u6_mem\[3\][4],pin,net
u6_mem\[3\][4],g222523/B1,net,pin
u6_mem\[3\][4],g215498/A1,net,pin
u6_mem_reg\[3\]\[5\]/QN,u6_mem\[3\][5],pin,net
u6_mem\[3\][5],g198579/B2,net,pin
u6_mem\[3\][5],g195068/A1,net,pin
u6_mem_reg\[3\]\[6\]/QN,u6_mem\[3\][6],pin,net
u6_mem\[3\][6],g222740/A1,net,pin
u6_mem\[3\][6],g198574/A1,net,pin
u6_mem_reg\[3\]\[7\]/QN,u6_mem\[3\][7],pin,net
u6_mem\[3\][7],g209203/A1,net,pin
u6_mem\[3\][7],g198580/A1,net,pin
u6_mem_reg\[3\]\[8\]/QN,u6_mem\[3\][8],pin,net
u6_mem\[3\][8],g195063/A1,net,pin
u6_mem\[3\][8],g167520/B1,net,pin
u6_mem_reg\[3\]\[9\]/QN,u6_mem\[3\][9],pin,net
u6_mem\[3\][9],g195458/A1,net,pin
u6_mem\[3\][9],g159/A1,net,pin
u6_rp[0],u6_rp_reg\[0\]/SE,net,pin
u6_rp_reg\[0\]/QN,u6_rp[0],pin,net
u6_rp[0],g189095/A,net,pin
u6_rp[0],g173089/B,net,pin
u6_rp[0],g167685/A2,net,pin
u6_rp[0],g167534/B,net,pin
u6_rp[0],g160156/A,net,pin
u6_rp_reg\[1\]/Q,u6_rp[1],pin,net
u6_rp[1],g222524/A,net,pin
u6_rp[1],g192138/A,net,pin
u6_rp[1],fopt224459/A,net,pin
u6_rp_reg\[2\]/Q,u6_rp[2],pin,net
u6_rp[2],g223484/A,net,pin
u6_rp[2],g192138/B,net,pin
u6_rp[2],fopt224460/A,net,pin
u6_rp_reg\[3\]/QN,u6_rp[3],pin,net
u6_rp[3],g61/A,net,pin
u6_rp[3],g167528/B1,net,pin
u6_rp[3],g159645/A,net,pin
u6_wp_reg\[0\]/Q,u6_wp[0],pin,net
u6_wp[0],g223449/B1,net,pin
u6_wp[0],g216236/A,net,pin
u6_wp[0],g198076/A,net,pin
u6_wp[0],fopt174832/A,net,pin
u6_wp[0],fopt174830/A,net,pin
u6_wp[0],fopt173279/A,net,pin
u6_wp_reg\[1\]/QN,u6_wp[1],pin,net
u6_wp[1],fopt178207/A,net,pin
u6_wp[1],fopt178204/A,net,pin
u6_wp_reg\[2\]/QN,u6_wp[2],pin,net
u6_wp[2],g279/A,net,pin
u6_wp[2],g223714/A,net,pin
u6_wp[2],g190134/B,net,pin
u6_wp[2],g159306/A,net,pin
u6_wp[2],g156971/A1,net,pin
u7_mem_reg\[0\]\[0\]/QN,u7_mem\[0\][0],pin,net
u7_mem\[0\][0],g200850/A1,net,pin
u7_mem\[0\][0],g167858/B1,net,pin
u7_mem_reg\[0\]\[10\]/QN,u7_mem\[0\][10],pin,net
u7_mem\[0\][10],g213863/B1,net,pin
u7_mem\[0\][10],g200848/A1,net,pin
u7_mem_reg\[0\]\[11\]/QN,u7_mem\[0\][11],pin,net
u7_mem\[0\][11],g200844/A2,net,pin
u7_mem\[0\][11],g167884/B1,net,pin
u7_mem_reg\[0\]\[12\]/QN,u7_mem\[0\][12],pin,net
u7_mem\[0\][12],g167883/B1,net,pin
u7_mem\[0\][12],g162904/A2,net,pin
u7_mem_reg\[0\]\[13\]/QN,u7_mem\[0\][13],pin,net
u7_mem\[0\][13],g204762/A2,net,pin
u7_mem\[0\][13],g167869/B1,net,pin
u7_mem_reg\[0\]\[14\]/QN,u7_mem\[0\][14],pin,net
u7_mem\[0\][14],g186857/A2,net,pin
u7_mem\[0\][14],g167874/B1,net,pin
u7_mem_reg\[0\]\[15\]/QN,u7_mem\[0\][15],pin,net
u7_mem\[0\][15],g167873/B1,net,pin
u7_mem\[0\][15],g162906/A2,net,pin
u7_mem_reg\[0\]\[16\]/QN,u7_mem\[0\][16],pin,net
u7_mem\[0\][16],g200839/A1,net,pin
u7_mem\[0\][16],g167868/B1,net,pin
u7_mem_reg\[0\]\[17\]/QN,u7_mem\[0\][17],pin,net
u7_mem\[0\][17],g200852/A1,net,pin
u7_mem\[0\][17],g167867/B1,net,pin
u7_mem_reg\[0\]\[18\]/QN,u7_mem\[0\][18],pin,net
u7_mem\[0\][18],g200847/A1,net,pin
u7_mem\[0\][18],g167866/B1,net,pin
u7_mem_reg\[0\]\[19\]/QN,u7_mem\[0\][19],pin,net
u7_mem\[0\][19],g200840/A2,net,pin
u7_mem\[0\][19],g167865/B1,net,pin
u7_mem_reg\[0\]\[1\]/QN,u7_mem\[0\][1],pin,net
u7_mem\[0\][1],g205420/A2,net,pin
u7_mem\[0\][1],g167860/B1,net,pin
u7_mem_reg\[0\]\[20\]/QN,u7_mem\[0\][20],pin,net
u7_mem\[0\][20],g212430/A2,net,pin
u7_mem\[0\][20],g167882/B1,net,pin
u7_mem_reg\[0\]\[21\]/QN,u7_mem\[0\][21],pin,net
u7_mem\[0\][21],g167864/B1,net,pin
u7_mem\[0\][21],g163917/B1,net,pin
u7_mem_reg\[0\]\[22\]/QN,u7_mem\[0\][22],pin,net
u7_mem\[0\][22],g213847/B1,net,pin
u7_mem\[0\][22],g162845/A2,net,pin
u7_mem_reg\[0\]\[23\]/QN,u7_mem\[0\][23],pin,net
u7_mem\[0\][23],g212434/A2,net,pin
u7_mem\[0\][23],g167863/B1,net,pin
u7_mem_reg\[0\]\[24\]/QN,u7_mem\[0\][24],pin,net
u7_mem\[0\][24],g184505/A1,net,pin
u7_mem\[0\][24],g167861/B1,net,pin
u7_mem_reg\[0\]\[25\]/QN,u7_mem\[0\][25],pin,net
u7_mem\[0\][25],g178030/A2,net,pin
u7_mem\[0\][25],g167879/B1,net,pin
u7_mem_reg\[0\]\[26\]/QN,u7_mem\[0\][26],pin,net
u7_mem\[0\][26],g184506/A1,net,pin
u7_mem\[0\][26],g167878/B1,net,pin
u7_mem_reg\[0\]\[27\]/QN,u7_mem\[0\][27],pin,net
u7_mem\[0\][27],g176222/A1,net,pin
u7_mem\[0\][27],g167877/B1,net,pin
u7_mem_reg\[0\]\[28\]/QN,u7_mem\[0\][28],pin,net
u7_mem\[0\][28],g212202/C2,net,pin
u7_mem\[0\][28],g167880/B1,net,pin
u7_mem_reg\[0\]\[29\]/QN,u7_mem\[0\][29],pin,net
u7_mem\[0\][29],g311/B1,net,pin
u7_mem\[0\][29],g167875/B1,net,pin
u7_mem_reg\[0\]\[2\]/QN,u7_mem\[0\][2],pin,net
u7_mem\[0\][2],g200833/B2,net,pin
u7_mem\[0\][2],g167888/B1,net,pin
u7_mem_reg\[0\]\[30\]/QN,u7_mem\[0\][30],pin,net
u7_mem\[0\][30],g176216/A1,net,pin
u7_mem\[0\][30],g167876/B1,net,pin
u7_mem_reg\[0\]\[31\]/QN,u7_mem\[0\][31],pin,net
u7_mem\[0\][31],g180566/A1,net,pin
u7_mem\[0\][31],g167862/B1,net,pin
u7_mem_reg\[0\]\[3\]/QN,u7_mem\[0\][3],pin,net
u7_mem\[0\][3],g200836/A2,net,pin
u7_mem\[0\][3],g167887/B1,net,pin
u7_mem_reg\[0\]\[4\]/QN,u7_mem\[0\][4],pin,net
u7_mem\[0\][4],g214946/B1,net,pin
u7_mem\[0\][4],g158886/A,net,pin
u7_mem_reg\[0\]\[5\]/QN,u7_mem\[0\][5],pin,net
u7_mem\[0\][5],g186861/B2,net,pin
u7_mem\[0\][5],g167870/B1,net,pin
u7_mem_reg\[0\]\[6\]/QN,u7_mem\[0\][6],pin,net
u7_mem\[0\][6],g186670/A2,net,pin
u7_mem\[0\][6],g167890/B1,net,pin
u7_mem_reg\[0\]\[7\]/QN,u7_mem\[0\][7],pin,net
u7_mem\[0\][7],g167889/B1,net,pin
u7_mem\[0\][7],g162910/A1,net,pin
u7_mem_reg\[0\]\[8\]/QN,u7_mem\[0\][8],pin,net
u7_mem\[0\][8],g200846/A1,net,pin
u7_mem\[0\][8],g167872/B1,net,pin
u7_mem_reg\[0\]\[9\]/QN,u7_mem\[0\][9],pin,net
u7_mem\[0\][9],g200845/A1,net,pin
u7_mem\[0\][9],g167886/B1,net,pin
u7_mem_reg\[1\]\[0\]/QN,u7_mem\[1\][0],pin,net
u7_mem\[1\][0],g200148/B1,net,pin
u7_mem\[1\][0],g184114/A1,net,pin
u7_mem_reg\[1\]\[10\]/QN,u7_mem\[1\][10],pin,net
u7_mem\[1\][10],g213867/B1,net,pin
u7_mem\[1\][10],g173773/A1,net,pin
u7_mem_reg\[1\]\[11\]/QN,u7_mem\[1\][11],pin,net
u7_mem\[1\][11],g200152/A2,net,pin
u7_mem\[1\][11],g199624/A2,net,pin
u7_mem_reg\[1\]\[12\]/QN,u7_mem\[1\][12],pin,net
u7_mem\[1\][12],g200154/A2,net,pin
u7_mem\[1\][12],g162904/B1,net,pin
u7_mem_reg\[1\]\[13\]/QN,u7_mem\[1\][13],pin,net
u7_mem\[1\][13],g204762/B1,net,pin
u7_mem\[1\][13],g200165/B1,net,pin
u7_mem_reg\[1\]\[14\]/QN,u7_mem\[1\][14],pin,net
u7_mem\[1\][14],g200163/B1,net,pin
u7_mem\[1\][14],g186857/B1,net,pin
u7_mem_reg\[1\]\[15\]/QN,u7_mem\[1\][15],pin,net
u7_mem\[1\][15],g200156/A2,net,pin
u7_mem\[1\][15],g162906/B2,net,pin
u7_mem_reg\[1\]\[16\]/QN,u7_mem\[1\][16],pin,net
u7_mem\[1\][16],g200168/B1,net,pin
u7_mem\[1\][16],g173765/A2,net,pin
u7_mem_reg\[1\]\[17\]/QN,u7_mem\[1\][17],pin,net
u7_mem\[1\][17],g200158/A2,net,pin
u7_mem\[1\][17],g173764/A2,net,pin
u7_mem_reg\[1\]\[18\]/QN,u7_mem\[1\][18],pin,net
u7_mem\[1\][18],g200151/A1,net,pin
u7_mem\[1\][18],g173771/A1,net,pin
u7_mem_reg\[1\]\[19\]/QN,u7_mem\[1\][19],pin,net
u7_mem\[1\][19],g200155/A2,net,pin
u7_mem\[1\][19],g173763/A1,net,pin
u7_mem_reg\[1\]\[1\]/QN,u7_mem\[1\][1],pin,net
u7_mem\[1\][1],g205421/A2,net,pin
u7_mem\[1\][1],g200140/B1,net,pin
u7_mem_reg\[1\]\[20\]/QN,u7_mem\[1\][20],pin,net
u7_mem\[1\][20],g212430/B1,net,pin
u7_mem\[1\][20],g200160/A2,net,pin
u7_mem_reg\[1\]\[21\]/QN,u7_mem\[1\][21],pin,net
u7_mem\[1\][21],g200143/A2,net,pin
u7_mem\[1\][21],g163917/A2,net,pin
u7_mem_reg\[1\]\[22\]/QN,u7_mem\[1\][22],pin,net
u7_mem\[1\][22],g213843/B1,net,pin
u7_mem\[1\][22],g162845/B1,net,pin
u7_mem_reg\[1\]\[23\]/QN,u7_mem\[1\][23],pin,net
u7_mem\[1\][23],g212434/B1,net,pin
u7_mem\[1\][23],g200161/A2,net,pin
u7_mem_reg\[1\]\[24\]/QN,u7_mem\[1\][24],pin,net
u7_mem\[1\][24],g200164/B1,net,pin
u7_mem\[1\][24],g184505/B1,net,pin
u7_mem_reg\[1\]\[25\]/QN,u7_mem\[1\][25],pin,net
u7_mem\[1\][25],g200150/B2,net,pin
u7_mem\[1\][25],g178030/B2,net,pin
u7_mem_reg\[1\]\[26\]/QN,u7_mem\[1\][26],pin,net
u7_mem\[1\][26],g200166/B1,net,pin
u7_mem\[1\][26],g184506/B2,net,pin
u7_mem_reg\[1\]\[27\]/QN,u7_mem\[1\][27],pin,net
u7_mem\[1\][27],g200147/A2,net,pin
u7_mem\[1\][27],g176222/B1,net,pin
u7_mem_reg\[1\]\[28\]/QN,u7_mem\[1\][28],pin,net
u7_mem\[1\][28],g212202/B2,net,pin
u7_mem\[1\][28],g200174/A2,net,pin
u7_mem_reg\[1\]\[29\]/QN,u7_mem\[1\][29],pin,net
u7_mem\[1\][29],g311/A1,net,pin
u7_mem\[1\][29],g200145/A2,net,pin
u7_mem_reg\[1\]\[2\]/QN,u7_mem\[1\][2],pin,net
u7_mem\[1\][2],g200162/A1,net,pin
u7_mem\[1\][2],g173770/A2,net,pin
u7_mem_reg\[1\]\[30\]/QN,u7_mem\[1\][30],pin,net
u7_mem\[1\][30],g200149/B2,net,pin
u7_mem\[1\][30],g176216/B2,net,pin
u7_mem_reg\[1\]\[31\]/QN,u7_mem\[1\][31],pin,net
u7_mem\[1\][31],g200173/A2,net,pin
u7_mem\[1\][31],g180566/B1,net,pin
u7_mem_reg\[1\]\[3\]/QN,u7_mem\[1\][3],pin,net
u7_mem\[1\][3],g200170/B1,net,pin
u7_mem\[1\][3],g173769/A2,net,pin
u7_mem_reg\[1\]\[4\]/QN,u7_mem\[1\][4],pin,net
u7_mem\[1\][4],g214952/B1,net,pin
u7_mem\[1\][4],g175263/B,net,pin
u7_mem_reg\[1\]\[5\]/QN,u7_mem\[1\][5],pin,net
u7_mem\[1\][5],g200146/A2,net,pin
u7_mem\[1\][5],g186861/A2,net,pin
u7_mem_reg\[1\]\[6\]/QN,u7_mem\[1\][6],pin,net
u7_mem\[1\][6],g200159/B1,net,pin
u7_mem\[1\][6],g186670/B2,net,pin
u7_mem_reg\[1\]\[7\]/QN,u7_mem\[1\][7],pin,net
u7_mem\[1\][7],g200157/B1,net,pin
u7_mem\[1\][7],g162910/B1,net,pin
u7_mem_reg\[1\]\[8\]/QN,u7_mem\[1\][8],pin,net
u7_mem\[1\][8],g200169/B1,net,pin
u7_mem\[1\][8],g173774/A1,net,pin
u7_mem_reg\[1\]\[9\]/QN,u7_mem\[1\][9],pin,net
u7_mem\[1\][9],g200153/A2,net,pin
u7_mem\[1\][9],g173772/A1,net,pin
u7_mem_reg\[2\]\[0\]/QN,u7_mem\[2\][0],pin,net
u7_mem\[2\][0],g200850/B1,net,pin
u7_mem\[2\][0],g166529/B1,net,pin
u7_mem_reg\[2\]\[10\]/QN,u7_mem\[2\][10],pin,net
u7_mem\[2\][10],g200848/B1,net,pin
u7_mem\[2\][10],g165563/B1,net,pin
u7_mem_reg\[2\]\[11\]/QN,u7_mem\[2\][11],pin,net
u7_mem\[2\][11],g200844/B1,net,pin
u7_mem\[2\][11],g165650/B1,net,pin
u7_mem_reg\[2\]\[12\]/QN,u7_mem\[2\][12],pin,net
u7_mem\[2\][12],g200838/A2,net,pin
u7_mem\[2\][12],g165679/B1,net,pin
u7_mem_reg\[2\]\[13\]/QN,u7_mem\[2\][13],pin,net
u7_mem\[2\][13],g204761/A2,net,pin
u7_mem\[2\][13],g165736/B1,net,pin
u7_mem_reg\[2\]\[14\]/QN,u7_mem\[2\][14],pin,net
u7_mem\[2\][14],g211406/A1,net,pin
u7_mem\[2\][14],g165388/B1,net,pin
u7_mem_reg\[2\]\[15\]/QN,u7_mem\[2\][15],pin,net
u7_mem\[2\][15],g200832/A2,net,pin
u7_mem\[2\][15],g165417/B1,net,pin
u7_mem_reg\[2\]\[16\]/QN,u7_mem\[2\][16],pin,net
u7_mem\[2\][16],g200839/B2,net,pin
u7_mem\[2\][16],g165765/B1,net,pin
u7_mem_reg\[2\]\[17\]/QN,u7_mem\[2\][17],pin,net
u7_mem\[2\][17],g200852/B2,net,pin
u7_mem\[2\][17],g165793/B1,net,pin
u7_mem_reg\[2\]\[18\]/QN,u7_mem\[2\][18],pin,net
u7_mem\[2\][18],g200847/B1,net,pin
u7_mem\[2\][18],g165816/B1,net,pin
u7_mem_reg\[2\]\[19\]/QN,u7_mem\[2\][19],pin,net
u7_mem\[2\][19],g200840/B2,net,pin
u7_mem\[2\][19],g165843/B1,net,pin
u7_mem_reg\[2\]\[1\]/QN,u7_mem\[2\][1],pin,net
u7_mem\[2\][1],g205420/B1,net,pin
u7_mem\[2\][1],g166505/B1,net,pin
u7_mem_reg\[2\]\[20\]/QN,u7_mem\[2\][20],pin,net
u7_mem\[2\][20],g207382/A,net,pin
u7_mem\[2\][20],g165870/B1,net,pin
u7_mem_reg\[2\]\[21\]/QN,u7_mem\[2\][21],pin,net
u7_mem\[2\][21],g165897/B1,net,pin
u7_mem\[2\][21],g159435/A,net,pin
u7_mem_reg\[2\]\[22\]/QN,u7_mem\[2\][22],pin,net
u7_mem\[2\][22],g213836/B1,net,pin
u7_mem\[2\][22],g160067/A,net,pin
u7_mem_reg\[2\]\[23\]/QN,u7_mem\[2\][23],pin,net
u7_mem\[2\][23],g165953/B1,net,pin
u7_mem\[2\][23],g159378/A,net,pin
u7_mem_reg\[2\]\[24\]/QN,u7_mem\[2\][24],pin,net
u7_mem\[2\][24],g166058/B1,net,pin
u7_mem\[2\][24],g160084/A,net,pin
u7_mem_reg\[2\]\[25\]/QN,u7_mem\[2\][25],pin,net
u7_mem\[2\][25],g189138/A,net,pin
u7_mem\[2\][25],g166084/B1,net,pin
u7_mem_reg\[2\]\[26\]/QN,u7_mem\[2\][26],pin,net
u7_mem\[2\][26],g166110/B1,net,pin
u7_mem\[2\][26],g160081/A,net,pin
u7_mem_reg\[2\]\[27\]/QN,u7_mem\[2\][27],pin,net
u7_mem\[2\][27],g202677/A1,net,pin
u7_mem\[2\][27],g166135/B1,net,pin
u7_mem_reg\[2\]\[28\]/QN,u7_mem\[2\][28],pin,net
u7_mem\[2\][28],g202675/A1,net,pin
u7_mem\[2\][28],g166007/B1,net,pin
u7_mem_reg\[2\]\[29\]/QN,u7_mem\[2\][29],pin,net
u7_mem\[2\][29],g202673/A1,net,pin
u7_mem\[2\][29],g166301/B1,net,pin
u7_mem_reg\[2\]\[2\]/QN,u7_mem\[2\][2],pin,net
u7_mem\[2\][2],g200833/A2,net,pin
u7_mem\[2\][2],g165476/B1,net,pin
u7_mem_reg\[2\]\[30\]/QN,u7_mem\[2\][30],pin,net
u7_mem\[2\][30],g202678/A1,net,pin
u7_mem\[2\][30],g166277/B1,net,pin
u7_mem_reg\[2\]\[31\]/QN,u7_mem\[2\][31],pin,net
u7_mem\[2\][31],g202676/A1,net,pin
u7_mem\[2\][31],g165980/B1,net,pin
u7_mem_reg\[2\]\[3\]/QN,u7_mem\[2\][3],pin,net
u7_mem\[2\][3],g200836/B1,net,pin
u7_mem\[2\][3],g165506/B1,net,pin
u7_mem_reg\[2\]\[4\]/QN,u7_mem\[2\][4],pin,net
u7_mem\[2\][4],g215501/B1,net,pin
u7_mem\[2\][4],g212626/B1,net,pin
u7_mem_reg\[2\]\[5\]/QN,u7_mem\[2\][5],pin,net
u7_mem\[2\][5],g200841/B2,net,pin
u7_mem\[2\][5],g165708/B1,net,pin
u7_mem_reg\[2\]\[6\]/QN,u7_mem\[2\][6],pin,net
u7_mem\[2\][6],g200830/A2,net,pin
u7_mem\[2\][6],g165359/B1,net,pin
u7_mem_reg\[2\]\[7\]/QN,u7_mem\[2\][7],pin,net
u7_mem\[2\][7],g200837/A2,net,pin
u7_mem\[2\][7],g165447/B1,net,pin
u7_mem_reg\[2\]\[8\]/QN,u7_mem\[2\][8],pin,net
u7_mem\[2\][8],g200846/B1,net,pin
u7_mem\[2\][8],g165535/B1,net,pin
u7_mem_reg\[2\]\[9\]/QN,u7_mem\[2\][9],pin,net
u7_mem\[2\][9],g200845/B1,net,pin
u7_mem\[2\][9],g165590/B1,net,pin
u7_mem_reg\[3\]\[0\]/QN,u7_mem\[3\][0],pin,net
u7_mem\[3\][0],g184114/B1,net,pin
u7_mem\[3\][0],g178801/B2,net,pin
u7_mem_reg\[3\]\[10\]/QN,u7_mem\[3\][10],pin,net
u7_mem\[3\][10],g173773/B1,net,pin
u7_mem\[3\][10],g155737/B1,net,pin
u7_mem_reg\[3\]\[11\]/QN,u7_mem\[3\][11],pin,net
u7_mem\[3\][11],g199624/B1,net,pin
u7_mem\[3\][11],g155738/B1,net,pin
u7_mem_reg\[3\]\[12\]/QN,u7_mem\[3\][12],pin,net
u7_mem\[3\][12],g200838/B1,net,pin
u7_mem\[3\][12],g169206/B2,net,pin
u7_mem_reg\[3\]\[13\]/QN,u7_mem\[3\][13],pin,net
u7_mem\[3\][13],g204761/B1,net,pin
u7_mem\[3\][13],g155740/B1,net,pin
u7_mem_reg\[3\]\[14\]/QN,u7_mem\[3\][14],pin,net
u7_mem\[3\][14],g211406/B1,net,pin
u7_mem\[3\][14],g155741/B1,net,pin
u7_mem_reg\[3\]\[15\]/QN,u7_mem\[3\][15],pin,net
u7_mem\[3\][15],g200832/B1,net,pin
u7_mem\[3\][15],g155742/B1,net,pin
u7_mem_reg\[3\]\[16\]/QN,u7_mem\[3\][16],pin,net
u7_mem\[3\][16],g188520/A,net,pin
u7_mem\[3\][16],g173765/B2,net,pin
u7_mem_reg\[3\]\[17\]/QN,u7_mem\[3\][17],pin,net
u7_mem\[3\][17],g173764/B2,net,pin
u7_mem\[3\][17],g155744/B1,net,pin
u7_mem_reg\[3\]\[18\]/QN,u7_mem\[3\][18],pin,net
u7_mem\[3\][18],g173771/B1,net,pin
u7_mem\[3\][18],g155745/B1,net,pin
u7_mem_reg\[3\]\[19\]/QN,u7_mem\[3\][19],pin,net
u7_mem\[3\][19],g178802/B1,net,pin
u7_mem\[3\][19],g173763/B1,net,pin
u7_mem_reg\[3\]\[1\]/QN,u7_mem\[3\][1],pin,net
u7_mem\[3\][1],g205421/B1,net,pin
u7_mem\[3\][1],g178809/B2,net,pin
u7_mem_reg\[3\]\[20\]/QN,u7_mem\[3\][20],pin,net
u7_mem\[3\][20],g219110/B,net,pin
u7_mem\[3\][20],g178807/A2,net,pin
u7_mem_reg\[3\]\[21\]/QN,u7_mem\[3\][21],pin,net
u7_mem\[3\][21],g178803/B1,net,pin
u7_mem\[3\][21],g160069/A,net,pin
u7_mem_reg\[3\]\[22\]/QN,u7_mem\[3\][22],pin,net
u7_mem\[3\][22],g178810/B1,net,pin
u7_mem\[3\][22],g159436/A,net,pin
u7_mem_reg\[3\]\[23\]/QN,u7_mem\[3\][23],pin,net
u7_mem\[3\][23],g178808/B1,net,pin
u7_mem\[3\][23],g159427/A,net,pin
u7_mem_reg\[3\]\[24\]/QN,u7_mem\[3\][24],pin,net
u7_mem\[3\][24],g178813/B1,net,pin
u7_mem\[3\][24],g159429/A,net,pin
u7_mem_reg\[3\]\[25\]/QN,u7_mem\[3\][25],pin,net
u7_mem\[3\][25],g189140/A,net,pin
u7_mem\[3\][25],g178814/B1,net,pin
u7_mem_reg\[3\]\[26\]/QN,u7_mem\[3\][26],pin,net
u7_mem\[3\][26],g178796/B1,net,pin
u7_mem\[3\][26],g159431/A,net,pin
u7_mem_reg\[3\]\[27\]/QN,u7_mem\[3\][27],pin,net
u7_mem\[3\][27],g202677/B1,net,pin
u7_mem\[3\][27],g178800/B2,net,pin
u7_mem_reg\[3\]\[28\]/QN,u7_mem\[3\][28],pin,net
u7_mem\[3\][28],g202675/B1,net,pin
u7_mem\[3\][28],g178806/B2,net,pin
u7_mem_reg\[3\]\[29\]/QN,u7_mem\[3\][29],pin,net
u7_mem\[3\][29],g202673/B1,net,pin
u7_mem\[3\][29],g178805/B2,net,pin
u7_mem_reg\[3\]\[2\]/QN,u7_mem\[3\][2],pin,net
u7_mem\[3\][2],g178811/B1,net,pin
u7_mem\[3\][2],g173770/B1,net,pin
u7_mem_reg\[3\]\[30\]/QN,u7_mem\[3\][30],pin,net
u7_mem\[3\][30],g202678/B1,net,pin
u7_mem\[3\][30],g178804/B2,net,pin
u7_mem_reg\[3\]\[31\]/QN,u7_mem\[3\][31],pin,net
u7_mem\[3\][31],g202676/B1,net,pin
u7_mem\[3\][31],g178812/B2,net,pin
u7_mem_reg\[3\]\[3\]/QN,u7_mem\[3\][3],pin,net
u7_mem\[3\][3],g173769/B1,net,pin
u7_mem\[3\][3],g166841/B1,net,pin
u7_mem_reg\[3\]\[4\]/QN,u7_mem\[3\][4],pin,net
u7_mem\[3\][4],g215510/B1,net,pin
u7_mem\[3\][4],g212626/A1,net,pin
u7_mem_reg\[3\]\[5\]/QN,u7_mem\[3\][5],pin,net
u7_mem\[3\][5],g200841/A2,net,pin
u7_mem\[3\][5],g155732/B1,net,pin
u7_mem_reg\[3\]\[6\]/QN,u7_mem\[3\][6],pin,net
u7_mem\[3\][6],g200830/B1,net,pin
u7_mem\[3\][6],g155733/B1,net,pin
u7_mem_reg\[3\]\[7\]/QN,u7_mem\[3\][7],pin,net
u7_mem\[3\][7],g200837/B1,net,pin
u7_mem\[3\][7],g155734/B1,net,pin
u7_mem_reg\[3\]\[8\]/QN,u7_mem\[3\][8],pin,net
u7_mem\[3\][8],g173774/B1,net,pin
u7_mem\[3\][8],g155735/B1,net,pin
u7_mem_reg\[3\]\[9\]/QN,u7_mem\[3\][9],pin,net
u7_mem\[3\][9],g173772/B1,net,pin
u7_mem\[3\][9],g155736/B1,net,pin
u7_rp[0],u7_rp_reg\[0\]/SE,net,pin
u7_rp_reg\[0\]/QN,u7_rp[0],pin,net
u7_rp[0],g202672/A,net,pin
u7_rp[0],g190190/A2,net,pin
u7_rp[0],g178817/A,net,pin
u7_rp[0],g160157/A,net,pin
u7_rp[0],g159313/B,net,pin
u7_rp[0],g158065/A2,net,pin
u7_rp_reg\[1\]/Q,u7_rp[1],pin,net
u7_rp[1],g199622/A,net,pin
u7_rp[1],g199621/A,net,pin
u7_rp[1],fopt200829/A,net,pin
u7_rp_reg\[2\]/Q,u7_rp[2],pin,net
u7_rp[2],g211407/A,net,pin
u7_rp[2],g199622/B,net,pin
u7_rp[2],g193854/A1,net,pin
u7_rp[2],fopt163968/A,net,pin
u7_rp[2],fopt163967/A,net,pin
u7_rp_reg\[3\]/QN,u7_rp[3],pin,net
u7_rp[3],g173777/B1,net,pin
u7_rp[3],g159655/A,net,pin
u7_wp_reg\[0\]/Q,u7_wp[0],pin,net
u7_wp[0],g200142/A,net,pin
u7_wp[0],g185545/A,net,pin
u7_wp[0],g183363/B,net,pin
u7_wp[0],g183362/A,net,pin
u7_wp[0],g182419/A,net,pin
u7_wp[0],g177835/A,net,pin
u7_wp[0],g159683/A,net,pin
u7_wp[0],g159682/A,net,pin
u7_wp_reg\[1\]/QN,u7_wp[1],pin,net
u7_wp[1],g194245/A,net,pin
u7_wp[1],g186105/A,net,pin
u7_wp[1],g159813/A,net,pin
u7_wp_reg\[2\]/QN,u7_wp[2],pin,net
u7_wp[2],g182421/E,net,pin
u7_wp[2],g159635/A,net,pin
u7_wp[2],g159308/A,net,pin
u7_wp[2],g156972/A1,net,pin
u7_wp[2],g155575/A3,net,pin
u8_mem_reg\[0\]\[0\]/QN,u8_mem\[0\][0],pin,net
u8_mem\[0\][0],g191894/A2,net,pin
u8_mem\[0\][0],g166533/B1,net,pin
u8_mem_reg\[0\]\[10\]/QN,u8_mem\[0\][10],pin,net
u8_mem\[0\][10],g213851/B1,net,pin
u8_mem\[0\][10],g158/A1,net,pin
u8_mem_reg\[0\]\[11\]/QN,u8_mem\[0\][11],pin,net
u8_mem\[0\][11],g177066/B1,net,pin
u8_mem\[0\][11],g165652/B1,net,pin
u8_mem_reg\[0\]\[12\]/QN,u8_mem\[0\][12],pin,net
u8_mem\[0\][12],g217133/B2,net,pin
u8_mem\[0\][12],g165681/B1,net,pin
u8_mem_reg\[0\]\[13\]/QN,u8_mem\[0\][13],pin,net
u8_mem\[0\][13],g214503/B1,net,pin
u8_mem\[0\][13],g165738/B1,net,pin
u8_mem_reg\[0\]\[14\]/QN,u8_mem\[0\][14],pin,net
u8_mem\[0\][14],g224641/B1,net,pin
u8_mem\[0\][14],g165390/B1,net,pin
u8_mem_reg\[0\]\[15\]/QN,u8_mem\[0\][15],pin,net
u8_mem\[0\][15],g165419/B1,net,pin
u8_mem\[0\][15],g163923/A1,net,pin
u8_mem_reg\[0\]\[16\]/QN,u8_mem\[0\][16],pin,net
u8_mem\[0\][16],g201213/A2,net,pin
u8_mem\[0\][16],g165767/B1,net,pin
u8_mem_reg\[0\]\[17\]/QN,u8_mem\[0\][17],pin,net
u8_mem\[0\][17],g165795/B1,net,pin
u8_mem\[0\][17],g163929/A2,net,pin
u8_mem_reg\[0\]\[18\]/QN,u8_mem\[0\][18],pin,net
u8_mem\[0\][18],g165818/B1,net,pin
u8_mem\[0\][18],g163932/A1,net,pin
u8_mem_reg\[0\]\[19\]/QN,u8_mem\[0\][19],pin,net
u8_mem\[0\][19],g201223/A1,net,pin
u8_mem\[0\][19],g165845/B1,net,pin
u8_mem_reg\[0\]\[1\]/QN,u8_mem\[0\][1],pin,net
u8_mem\[0\][1],g207598/A2,net,pin
u8_mem\[0\][1],g166516/B1,net,pin
u8_mem_reg\[0\]\[20\]/QN,u8_mem\[0\][20],pin,net
u8_mem\[0\][20],g165872/B1,net,pin
u8_mem\[0\][20],g158192/A1,net,pin
u8_mem_reg\[0\]\[21\]/QN,u8_mem\[0\][21],pin,net
u8_mem\[0\][21],g165899/B1,net,pin
u8_mem\[0\][21],g158193/A1,net,pin
u8_mem_reg\[0\]\[22\]/QN,u8_mem\[0\][22],pin,net
u8_mem\[0\][22],g213840/B1,net,pin
u8_mem\[0\][22],g158194/A1,net,pin
u8_mem_reg\[0\]\[23\]/QN,u8_mem\[0\][23],pin,net
u8_mem\[0\][23],g200563/A1,net,pin
u8_mem\[0\][23],g165956/B1,net,pin
u8_mem_reg\[0\]\[24\]/QN,u8_mem\[0\][24],pin,net
u8_mem\[0\][24],g166060/B1,net,pin
u8_mem\[0\][24],g158197/A1,net,pin
u8_mem_reg\[0\]\[25\]/QN,u8_mem\[0\][25],pin,net
u8_mem\[0\][25],g166086/B1,net,pin
u8_mem\[0\][25],g158198/A1,net,pin
u8_mem_reg\[0\]\[26\]/QN,u8_mem\[0\][26],pin,net
u8_mem\[0\][26],g168951/B1,net,pin
u8_mem\[0\][26],g166112/B1,net,pin
u8_mem_reg\[0\]\[27\]/QN,u8_mem\[0\][27],pin,net
u8_mem\[0\][27],g166138/B1,net,pin
u8_mem\[0\][27],g157317/B1,net,pin
u8_mem_reg\[0\]\[28\]/QN,u8_mem\[0\][28],pin,net
u8_mem\[0\][28],g166009/B1,net,pin
u8_mem\[0\][28],g157318/B1,net,pin
u8_mem_reg\[0\]\[29\]/QN,u8_mem\[0\][29],pin,net
u8_mem\[0\][29],g166285/B1,net,pin
u8_mem\[0\][29],g157285/B1,net,pin
u8_mem_reg\[0\]\[2\]/QN,u8_mem\[0\][2],pin,net
u8_mem\[0\][2],g165471/B1,net,pin
u8_mem\[0\][2],g163930/A1,net,pin
u8_mem_reg\[0\]\[30\]/QN,u8_mem\[0\][30],pin,net
u8_mem\[0\][30],g180361/A1,net,pin
u8_mem\[0\][30],g166265/B1,net,pin
u8_mem_reg\[0\]\[31\]/QN,u8_mem\[0\][31],pin,net
u8_mem\[0\][31],g194376/A1,net,pin
u8_mem\[0\][31],g165982/B1,net,pin
u8_mem_reg\[0\]\[3\]/QN,u8_mem\[0\][3],pin,net
u8_mem\[0\][3],g165500/B1,net,pin
u8_mem\[0\][3],g163931/A1,net,pin
u8_mem_reg\[0\]\[4\]/QN,u8_mem\[0\][4],pin,net
u8_mem\[0\][4],g215495/B1,net,pin
u8_mem\[0\][4],g201227/B1,net,pin
u8_mem_reg\[0\]\[5\]/QN,u8_mem\[0\][5],pin,net
u8_mem\[0\][5],g201217/A1,net,pin
u8_mem\[0\][5],g165702/B1,net,pin
u8_mem_reg\[0\]\[6\]/QN,u8_mem\[0\][6],pin,net
u8_mem\[0\][6],g165354/B1,net,pin
u8_mem\[0\][6],g145/B2,net,pin
u8_mem_reg\[0\]\[7\]/QN,u8_mem\[0\][7],pin,net
u8_mem\[0\][7],g201220/A2,net,pin
u8_mem\[0\][7],g165441/B1,net,pin
u8_mem_reg\[0\]\[8\]/QN,u8_mem\[0\][8],pin,net
u8_mem\[0\][8],g201225/B1,net,pin
u8_mem\[0\][8],g165529/B1,net,pin
u8_mem_reg\[0\]\[9\]/QN,u8_mem\[0\][9],pin,net
u8_mem\[0\][9],g212889/A2,net,pin
u8_mem\[0\][9],g165592/B1,net,pin
u8_mem_reg\[1\]\[0\]/QN,u8_mem\[1\][0],pin,net
u8_mem\[1\][0],g221581/B1,net,pin
u8_mem\[1\][0],g191894/B2,net,pin
u8_mem_reg\[1\]\[10\]/QN,u8_mem\[1\][10],pin,net
u8_mem\[1\][10],g213856/B2,net,pin
u8_mem\[1\][10],g158/B1,net,pin
u8_mem_reg\[1\]\[11\]/QN,u8_mem\[1\][11],pin,net
u8_mem\[1\][11],g191980/B1,net,pin
u8_mem\[1\][11],g177066/A2,net,pin
u8_mem_reg\[1\]\[12\]/QN,u8_mem\[1\][12],pin,net
u8_mem\[1\][12],g191971/B1,net,pin
u8_mem\[1\][12],g169163/B1,net,pin
u8_mem_reg\[1\]\[13\]/QN,u8_mem\[1\][13],pin,net
u8_mem\[1\][13],g191973/A1,net,pin
u8_mem\[1\][13],g169176/A2,net,pin
u8_mem_reg\[1\]\[14\]/QN,u8_mem\[1\][14],pin,net
u8_mem\[1\][14],g223812/B2,net,pin
u8_mem\[1\][14],g191977/A1,net,pin
u8_mem_reg\[1\]\[15\]/QN,u8_mem\[1\][15],pin,net
u8_mem\[1\][15],g191970/B1,net,pin
u8_mem\[1\][15],g163923/B1,net,pin
u8_mem_reg\[1\]\[16\]/QN,u8_mem\[1\][16],pin,net
u8_mem\[1\][16],g171085/A1,net,pin
u8_mem\[1\][16],g169170/A2,net,pin
u8_mem_reg\[1\]\[17\]/QN,u8_mem\[1\][17],pin,net
u8_mem\[1\][17],g196753/A1,net,pin
u8_mem\[1\][17],g163929/B2,net,pin
u8_mem_reg\[1\]\[18\]/QN,u8_mem\[1\][18],pin,net
u8_mem\[1\][18],g219306/A1,net,pin
u8_mem\[1\][18],g163932/B1,net,pin
u8_mem_reg\[1\]\[19\]/QN,u8_mem\[1\][19],pin,net
u8_mem\[1\][19],g169169/A1,net,pin
u8_mem\[1\][19],g165833/B1,net,pin
u8_mem_reg\[1\]\[1\]/QN,u8_mem\[1\][1],pin,net
u8_mem\[1\][1],g207598/B2,net,pin
u8_mem\[1\][1],g191981/B1,net,pin
u8_mem_reg\[1\]\[20\]/QN,u8_mem\[1\][20],pin,net
u8_mem\[1\][20],g170754/B1,net,pin
u8_mem\[1\][20],g158192/B1,net,pin
u8_mem_reg\[1\]\[21\]/QN,u8_mem\[1\][21],pin,net
u8_mem\[1\][21],g219876/B1,net,pin
u8_mem\[1\][21],g158193/B1,net,pin
u8_mem_reg\[1\]\[22\]/QN,u8_mem\[1\][22],pin,net
u8_mem\[1\][22],g171394/B1,net,pin
u8_mem\[1\][22],g158194/B1,net,pin
u8_mem_reg\[1\]\[23\]/QN,u8_mem\[1\][23],pin,net
u8_mem\[1\][23],g200563/B1,net,pin
u8_mem\[1\][23],g171397/B1,net,pin
u8_mem_reg\[1\]\[24\]/QN,u8_mem\[1\][24],pin,net
u8_mem\[1\][24],g89/B1,net,pin
u8_mem\[1\][24],g158197/B1,net,pin
u8_mem_reg\[1\]\[25\]/QN,u8_mem\[1\][25],pin,net
u8_mem\[1\][25],g170740/B1,net,pin
u8_mem\[1\][25],g158198/B1,net,pin
u8_mem_reg\[1\]\[26\]/QN,u8_mem\[1\][26],pin,net
u8_mem\[1\][26],g168951/C1,net,pin
u8_mem\[1\][26],g166099/B1,net,pin
u8_mem_reg\[1\]\[27\]/QN,u8_mem\[1\][27],pin,net
u8_mem\[1\][27],g166125/B1,net,pin
u8_mem\[1\][27],g157317/C1,net,pin
u8_mem_reg\[1\]\[28\]/QN,u8_mem\[1\][28],pin,net
u8_mem\[1\][28],g165999/B1,net,pin
u8_mem\[1\][28],g157318/C1,net,pin
u8_mem_reg\[1\]\[29\]/QN,u8_mem\[1\][29],pin,net
u8_mem\[1\][29],g176607/B1,net,pin
u8_mem\[1\][29],g157285/C1,net,pin
u8_mem_reg\[1\]\[2\]/QN,u8_mem\[1\][2],pin,net
u8_mem\[1\][2],g191974/A1,net,pin
u8_mem\[1\][2],g163930/B2,net,pin
u8_mem_reg\[1\]\[30\]/QN,u8_mem\[1\][30],pin,net
u8_mem\[1\][30],g197738/B1,net,pin
u8_mem\[1\][30],g180361/B2,net,pin
u8_mem_reg\[1\]\[31\]/QN,u8_mem\[1\][31],pin,net
u8_mem\[1\][31],g194376/B1,net,pin
u8_mem\[1\][31],g170748/B1,net,pin
u8_mem_reg\[1\]\[3\]/QN,u8_mem\[1\][3],pin,net
u8_mem\[1\][3],g97/A2,net,pin
u8_mem\[1\][3],g163931/B1,net,pin
u8_mem_reg\[1\]\[4\]/QN,u8_mem\[1\][4],pin,net
u8_mem\[1\][4],g214948/A1,net,pin
u8_mem\[1\][4],g154/B1,net,pin
u8_mem_reg\[1\]\[5\]/QN,u8_mem\[1\][5],pin,net
u8_mem\[1\][5],g191978/A1,net,pin
u8_mem\[1\][5],g169184/A2,net,pin
u8_mem_reg\[1\]\[6\]/QN,u8_mem\[1\][6],pin,net
u8_mem\[1\][6],g223555/A1,net,pin
u8_mem\[1\][6],g199410/B1,net,pin
u8_mem_reg\[1\]\[7\]/QN,u8_mem\[1\][7],pin,net
u8_mem\[1\][7],g191975/A1,net,pin
u8_mem\[1\][7],g169180/A1,net,pin
u8_mem_reg\[1\]\[8\]/QN,u8_mem\[1\][8],pin,net
u8_mem\[1\][8],g212080/A1,net,pin
u8_mem\[1\][8],g191976/A1,net,pin
u8_mem_reg\[1\]\[9\]/QN,u8_mem\[1\][9],pin,net
u8_mem\[1\][9],g219293/B1,net,pin
u8_mem\[1\][9],g169164/A2,net,pin
u8_mem_reg\[2\]\[0\]/QN,u8_mem\[2\][0],pin,net
u8_mem\[2\][0],g201208/A2,net,pin
u8_mem\[2\][0],g166532/B1,net,pin
u8_mem_reg\[2\]\[10\]/QN,u8_mem\[2\][10],pin,net
u8_mem\[2\][10],g165559/B1,net,pin
u8_mem\[2\][10],g157/B2,net,pin
u8_mem_reg\[2\]\[11\]/QN,u8_mem\[2\][11],pin,net
u8_mem\[2\][11],g201226/A2,net,pin
u8_mem\[2\][11],g165646/B1,net,pin
u8_mem_reg\[2\]\[12\]/QN,u8_mem\[2\][12],pin,net
u8_mem\[2\][12],g217133/A2,net,pin
u8_mem\[2\][12],g165675/B1,net,pin
u8_mem_reg\[2\]\[13\]/QN,u8_mem\[2\][13],pin,net
u8_mem\[2\][13],g214503/A2,net,pin
u8_mem\[2\][13],g165732/B1,net,pin
u8_mem_reg\[2\]\[14\]/QN,u8_mem\[2\][14],pin,net
u8_mem\[2\][14],g224641/A2,net,pin
u8_mem\[2\][14],g165384/B1,net,pin
u8_mem_reg\[2\]\[15\]/QN,u8_mem\[2\][15],pin,net
u8_mem\[2\][15],g201210/A2,net,pin
u8_mem\[2\][15],g165413/B1,net,pin
u8_mem_reg\[2\]\[16\]/QN,u8_mem\[2\][16],pin,net
u8_mem\[2\][16],g201213/B2,net,pin
u8_mem\[2\][16],g165761/B1,net,pin
u8_mem_reg\[2\]\[17\]/QN,u8_mem\[2\][17],pin,net
u8_mem\[2\][17],g201216/A2,net,pin
u8_mem\[2\][17],g165789/B1,net,pin
u8_mem_reg\[2\]\[18\]/QN,u8_mem\[2\][18],pin,net
u8_mem\[2\][18],g201214/A2,net,pin
u8_mem\[2\][18],g165812/B1,net,pin
u8_mem_reg\[2\]\[19\]/QN,u8_mem\[2\][19],pin,net
u8_mem\[2\][19],g201223/B2,net,pin
u8_mem\[2\][19],g165839/B1,net,pin
u8_mem_reg\[2\]\[1\]/QN,u8_mem\[2\][1],pin,net
u8_mem\[2\][1],g201211/A2,net,pin
u8_mem\[2\][1],g166503/B1,net,pin
u8_mem_reg\[2\]\[20\]/QN,u8_mem\[2\][20],pin,net
u8_mem\[2\][20],g165857/B1,net,pin
u8_mem\[2\][20],g158111/A1,net,pin
u8_mem_reg\[2\]\[21\]/QN,u8_mem\[2\][21],pin,net
u8_mem\[2\][21],g165884/B1,net,pin
u8_mem\[2\][21],g158116/A1,net,pin
u8_mem_reg\[2\]\[22\]/QN,u8_mem\[2\][22],pin,net
u8_mem\[2\][22],g213842/B1,net,pin
u8_mem\[2\][22],g158118/A1,net,pin
u8_mem_reg\[2\]\[23\]/QN,u8_mem\[2\][23],pin,net
u8_mem\[2\][23],g200562/A1,net,pin
u8_mem\[2\][23],g165936/B1,net,pin
u8_mem_reg\[2\]\[24\]/QN,u8_mem\[2\][24],pin,net
u8_mem\[2\][24],g166042/B1,net,pin
u8_mem\[2\][24],g158124/A1,net,pin
u8_mem_reg\[2\]\[25\]/QN,u8_mem\[2\][25],pin,net
u8_mem\[2\][25],g166068/B1,net,pin
u8_mem\[2\][25],g158120/A1,net,pin
u8_mem_reg\[2\]\[26\]/QN,u8_mem\[2\][26],pin,net
u8_mem\[2\][26],g168950/A1,net,pin
u8_mem\[2\][26],g166092/B1,net,pin
u8_mem_reg\[2\]\[27\]/QN,u8_mem\[2\][27],pin,net
u8_mem\[2\][27],g166118/B1,net,pin
u8_mem\[2\][27],g158122/A1,net,pin
u8_mem_reg\[2\]\[28\]/QN,u8_mem\[2\][28],pin,net
u8_mem\[2\][28],g165993/B1,net,pin
u8_mem\[2\][28],g158123/A1,net,pin
u8_mem_reg\[2\]\[29\]/QN,u8_mem\[2\][29],pin,net
u8_mem\[2\][29],g166287/B1,net,pin
u8_mem\[2\][29],g158125/A1,net,pin
u8_mem_reg\[2\]\[2\]/QN,u8_mem\[2\][2],pin,net
u8_mem\[2\][2],g201209/A2,net,pin
u8_mem\[2\][2],g165473/B1,net,pin
u8_mem_reg\[2\]\[30\]/QN,u8_mem\[2\][30],pin,net
u8_mem\[2\][30],g166263/B1,net,pin
u8_mem\[2\][30],g158126/A1,net,pin
u8_mem_reg\[2\]\[31\]/QN,u8_mem\[2\][31],pin,net
u8_mem\[2\][31],g194375/A1,net,pin
u8_mem\[2\][31],g165966/B1,net,pin
u8_mem_reg\[2\]\[3\]/QN,u8_mem\[2\][3],pin,net
u8_mem\[2\][3],g201222/A2,net,pin
u8_mem\[2\][3],g165502/B1,net,pin
u8_mem_reg\[2\]\[4\]/QN,u8_mem\[2\][4],pin,net
u8_mem\[2\][4],g215499/B1,net,pin
u8_mem\[2\][4],g201227/A1,net,pin
u8_mem_reg\[2\]\[5\]/QN,u8_mem\[2\][5],pin,net
u8_mem\[2\][5],g201217/B2,net,pin
u8_mem\[2\][5],g165704/B1,net,pin
u8_mem_reg\[2\]\[6\]/QN,u8_mem\[2\][6],pin,net
u8_mem\[2\][6],g165355/B1,net,pin
u8_mem\[2\][6],g145/A2,net,pin
u8_mem_reg\[2\]\[7\]/QN,u8_mem\[2\][7],pin,net
u8_mem\[2\][7],g201220/B2,net,pin
u8_mem\[2\][7],g165443/B1,net,pin
u8_mem_reg\[2\]\[8\]/QN,u8_mem\[2\][8],pin,net
u8_mem\[2\][8],g201225/A2,net,pin
u8_mem\[2\][8],g165531/B1,net,pin
u8_mem_reg\[2\]\[9\]/QN,u8_mem\[2\][9],pin,net
u8_mem\[2\][9],g212889/B2,net,pin
u8_mem\[2\][9],g165587/B1,net,pin
u8_mem_reg\[3\]\[0\]/QN,u8_mem\[3\][0],pin,net
u8_mem\[3\][0],g201208/B2,net,pin
u8_mem\[3\][0],g176438/B1,net,pin
u8_mem_reg\[3\]\[10\]/QN,u8_mem\[3\][10],pin,net
u8_mem\[3\][10],g172336/B1,net,pin
u8_mem\[3\][10],g157/A1,net,pin
u8_mem_reg\[3\]\[11\]/QN,u8_mem\[3\][11],pin,net
u8_mem\[3\][11],g201226/B1,net,pin
u8_mem\[3\][11],g172535/B1,net,pin
u8_mem_reg\[3\]\[12\]/QN,u8_mem\[3\][12],pin,net
u8_mem\[3\][12],g172868/B1,net,pin
u8_mem\[3\][12],g169163/A1,net,pin
u8_mem_reg\[3\]\[13\]/QN,u8_mem\[3\][13],pin,net
u8_mem\[3\][13],g172326/B1,net,pin
u8_mem\[3\][13],g169176/B2,net,pin
u8_mem_reg\[3\]\[14\]/QN,u8_mem\[3\][14],pin,net
u8_mem\[3\][14],g223812/A1,net,pin
u8_mem\[3\][14],g172635/B1,net,pin
u8_mem_reg\[3\]\[15\]/QN,u8_mem\[3\][15],pin,net
u8_mem\[3\][15],g201210/B1,net,pin
u8_mem\[3\][15],g172840/B2,net,pin
u8_mem_reg\[3\]\[16\]/QN,u8_mem\[3\][16],pin,net
u8_mem\[3\][16],g172332/B1,net,pin
u8_mem\[3\][16],g169170/B2,net,pin
u8_mem_reg\[3\]\[17\]/QN,u8_mem\[3\][17],pin,net
u8_mem\[3\][17],g201216/B2,net,pin
u8_mem\[3\][17],g166783/B1,net,pin
u8_mem_reg\[3\]\[18\]/QN,u8_mem\[3\][18],pin,net
u8_mem\[3\][18],g201214/B2,net,pin
u8_mem\[3\][18],g177544/B1,net,pin
u8_mem_reg\[3\]\[19\]/QN,u8_mem\[3\][19],pin,net
u8_mem\[3\][19],g169169/B1,net,pin
u8_mem\[3\][19],g166797/B1,net,pin
u8_mem_reg\[3\]\[1\]/QN,u8_mem\[3\][1],pin,net
u8_mem\[3\][1],g201211/B2,net,pin
u8_mem\[3\][1],g155600/B1,net,pin
u8_mem_reg\[3\]\[20\]/QN,u8_mem\[3\][20],pin,net
u8_mem\[3\][20],g197748/B1,net,pin
u8_mem\[3\][20],g158111/B1,net,pin
u8_mem_reg\[3\]\[21\]/QN,u8_mem\[3\][21],pin,net
u8_mem\[3\][21],g197608/B1,net,pin
u8_mem\[3\][21],g158116/B1,net,pin
u8_mem_reg\[3\]\[22\]/QN,u8_mem\[3\][22],pin,net
u8_mem\[3\][22],g197686/B1,net,pin
u8_mem\[3\][22],g158118/B2,net,pin
u8_mem_reg\[3\]\[23\]/QN,u8_mem\[3\][23],pin,net
u8_mem\[3\][23],g200562/B1,net,pin
u8_mem\[3\][23],g197679/B1,net,pin
u8_mem_reg\[3\]\[24\]/QN,u8_mem\[3\][24],pin,net
u8_mem\[3\][24],g197708/B1,net,pin
u8_mem\[3\][24],g158124/B1,net,pin
u8_mem_reg\[3\]\[25\]/QN,u8_mem\[3\][25],pin,net
u8_mem\[3\][25],g197539/B1,net,pin
u8_mem\[3\][25],g158120/B1,net,pin
u8_mem_reg\[3\]\[26\]/QN,u8_mem\[3\][26],pin,net
u8_mem\[3\][26],g197631/B1,net,pin
u8_mem\[3\][26],g168950/B1,net,pin
u8_mem_reg\[3\]\[27\]/QN,u8_mem\[3\][27],pin,net
u8_mem\[3\][27],g197544/B1,net,pin
u8_mem\[3\][27],g158122/B1,net,pin
u8_mem_reg\[3\]\[28\]/QN,u8_mem\[3\][28],pin,net
u8_mem\[3\][28],g88/B1,net,pin
u8_mem\[3\][28],g158123/B1,net,pin
u8_mem_reg\[3\]\[29\]/QN,u8_mem\[3\][29],pin,net
u8_mem\[3\][29],g197613/B1,net,pin
u8_mem\[3\][29],g158125/B1,net,pin
u8_mem_reg\[3\]\[2\]/QN,u8_mem\[3\][2],pin,net
u8_mem\[3\][2],g201209/B2,net,pin
u8_mem\[3\][2],g172710/B1,net,pin
u8_mem_reg\[3\]\[30\]/QN,u8_mem\[3\][30],pin,net
u8_mem\[3\][30],g197482/B1,net,pin
u8_mem\[3\][30],g158126/B1,net,pin
u8_mem_reg\[3\]\[31\]/QN,u8_mem\[3\][31],pin,net
u8_mem\[3\][31],g197567/B1,net,pin
u8_mem\[3\][31],g194375/B1,net,pin
u8_mem_reg\[3\]\[3\]/QN,u8_mem\[3\][3],pin,net
u8_mem\[3\][3],g201222/B2,net,pin
u8_mem\[3\][3],g172533/B1,net,pin
u8_mem_reg\[3\]\[4\]/QN,u8_mem\[3\][4],pin,net
u8_mem\[3\][4],g214944/B1,net,pin
u8_mem\[3\][4],g154/A1,net,pin
u8_mem_reg\[3\]\[5\]/QN,u8_mem\[3\][5],pin,net
u8_mem\[3\][5],g172475/B1,net,pin
u8_mem\[3\][5],g169184/B2,net,pin
u8_mem_reg\[3\]\[6\]/QN,u8_mem\[3\][6],pin,net
u8_mem\[3\][6],g223555/B1,net,pin
u8_mem\[3\][6],g172340/B2,net,pin
u8_mem_reg\[3\]\[7\]/QN,u8_mem\[3\][7],pin,net
u8_mem\[3\][7],g172501/B1,net,pin
u8_mem\[3\][7],g169180/B1,net,pin
u8_mem_reg\[3\]\[8\]/QN,u8_mem\[3\][8],pin,net
u8_mem\[3\][8],g212080/B1,net,pin
u8_mem\[3\][8],g172330/B2,net,pin
u8_mem_reg\[3\]\[9\]/QN,u8_mem\[3\][9],pin,net
u8_mem\[3\][9],g172438/B1,net,pin
u8_mem\[3\][9],g169164/B2,net,pin
u8_rp[0],u8_rp_reg\[0\]/SE,net,pin
u8_rp_reg\[0\]/QN,u8_rp[0],pin,net
u8_rp[0],g224457/A2,net,pin
u8_rp[0],g223683/B,net,pin
u8_rp[0],g169171/B,net,pin
u8_rp[0],g160153/A,net,pin
u8_rp[0],g159333/A,net,pin
u8_rp_reg\[1\]/Q,u8_rp[1],pin,net
u8_rp[1],g223810/A,net,pin
u8_rp[1],g223809/B,net,pin
u8_rp[1],fopt224452/A,net,pin
u8_rp[1],fopt202581/A,net,pin
u8_rp[1],fopt202580/A,net,pin
u8_rp_reg\[2\]/Q,u8_rp[2],pin,net
u8_rp[2],g224642/A,net,pin
u8_rp[2],g223809/A,net,pin
u8_rp[2],g218176/A,net,pin
u8_rp[2],g164055/A,net,pin
u8_rp_reg\[3\]/QN,u8_rp[3],pin,net
u8_rp[3],g224640/A,net,pin
u8_rp[3],g224639/B,net,pin
u8_rp[3],g175904/A1,net,pin
u8_rp[3],g159666/A,net,pin
u8_wp_reg\[0\]/Q,u8_wp[0],pin,net
u8_wp[0],g224456/A1,net,pin
u8_wp[0],g224453/A,net,pin
u8_wp[0],g191966/A,net,pin
u8_wp[0],g179776/A,net,pin
u8_wp[0],g156870/A2,net,pin
u8_wp[0],g15/B,net,pin
u8_wp[0],g14/A,net,pin
u8_wp_reg\[1\]/QN,u8_wp[1],pin,net
u8_wp[1],g212205/A,net,pin
u8_wp[1],g212204/A,net,pin
u8_wp_reg\[2\]/QN,u8_wp[2],pin,net
u8_wp[2],g224639/A,net,pin
u8_wp[2],g218860/A3,net,pin
u8_wp[2],g159305/A,net,pin
u8_wp[2],g157115/E,net,pin
u8_wp[2],g113/A1,net,pin
u9_din_tmp1_reg\[0\]/QN,u9_din_tmp1[0],pin,net
u9_din_tmp1[0],g198742/A1,net,pin
u9_din_tmp1[0],g154402__182543/A2,net,pin
u9_din_tmp1_reg\[10\]/QN,u9_din_tmp1[10],pin,net
u9_din_tmp1[10],g198746/B,net,pin
u9_din_tmp1[10],g154412__186728/A2,net,pin
u9_din_tmp1_reg\[11\]/QN,u9_din_tmp1[11],pin,net
u9_din_tmp1[11],g198754/A,net,pin
u9_din_tmp1[11],g154413__186732/A2,net,pin
u9_din_tmp1_reg\[12\]/QN,u9_din_tmp1[12],pin,net
u9_din_tmp1[12],g198735/A,net,pin
u9_din_tmp1[12],g154414__182547/A2,net,pin
u9_din_tmp1_reg\[13\]/QN,u9_din_tmp1[13],pin,net
u9_din_tmp1[13],g198758/A,net,pin
u9_din_tmp1[13],g154415__186736/A2,net,pin
u9_din_tmp1_reg\[14\]/QN,u9_din_tmp1[14],pin,net
u9_din_tmp1[14],g198757/A,net,pin
u9_din_tmp1[14],g154416__182523/A2,net,pin
u9_din_tmp1_reg\[15\]/QN,u9_din_tmp1[15],pin,net
u9_din_tmp1[15],g198755/A,net,pin
u9_din_tmp1[15],g154417__182521/A2,net,pin
u9_din_tmp1_reg\[1\]/QN,u9_din_tmp1[1],pin,net
u9_din_tmp1[1],g198750/A1,net,pin
u9_din_tmp1[1],g154403__182545/A2,net,pin
u9_din_tmp1_reg\[2\]/QN,u9_din_tmp1[2],pin,net
u9_din_tmp1[2],g198741/B1,net,pin
u9_din_tmp1[2],g154404__182514/A2,net,pin
u9_din_tmp1_reg\[3\]/QN,u9_din_tmp1[3],pin,net
u9_din_tmp1[3],g198740/B1,net,pin
u9_din_tmp1[3],g154405__182519/A2,net,pin
u9_din_tmp1_reg\[4\]/QN,u9_din_tmp1[4],pin,net
u9_din_tmp1[4],g198753/A1,net,pin
u9_din_tmp1[4],g154406__186720/A2,net,pin
u9_din_tmp1_reg\[5\]/QN,u9_din_tmp1[5],pin,net
u9_din_tmp1[5],g198744/B,net,pin
u9_din_tmp1[5],g154407__182539/A2,net,pin
u9_din_tmp1_reg\[6\]/QN,u9_din_tmp1[6],pin,net
u9_din_tmp1[6],g198749/A,net,pin
u9_din_tmp1[6],g154408__182537/A2,net,pin
u9_din_tmp1_reg\[7\]/QN,u9_din_tmp1[7],pin,net
u9_din_tmp1[7],g198756/B,net,pin
u9_din_tmp1[7],g154409__182535/A2,net,pin
u9_din_tmp1_reg\[8\]/QN,u9_din_tmp1[8],pin,net
u9_din_tmp1[8],g198751/A,net,pin
u9_din_tmp1[8],g154410__182533/A2,net,pin
u9_din_tmp1_reg\[9\]/QN,u9_din_tmp1[9],pin,net
u9_din_tmp1[9],g198747/A,net,pin
u9_din_tmp1[9],g154411__186724/A2,net,pin
u9_mem_reg\[0\]\[0\]/QN,u9_mem\[0\][0],pin,net
u9_mem\[0\][0],g197007/A1,net,pin
u9_mem\[0\][0],g167194/A2,net,pin
u9_mem_reg\[0\]\[10\]/QN,u9_mem\[0\][10],pin,net
u9_mem\[0\][10],g167180/A2,net,pin
u9_mem\[0\][10],g153568__5115/B1,net,pin
u9_mem_reg\[0\]\[11\]/QN,u9_mem\[0\][11],pin,net
u9_mem\[0\][11],g167167/A2,net,pin
u9_mem\[0\][11],g153567__1881/B1,net,pin
u9_mem_reg\[0\]\[12\]/QN,u9_mem\[0\][12],pin,net
u9_mem\[0\][12],g167192/A2,net,pin
u9_mem\[0\][12],g153566__6131/B1,net,pin
u9_mem_reg\[0\]\[13\]/QN,u9_mem\[0\][13],pin,net
u9_mem\[0\][13],g167191/A2,net,pin
u9_mem\[0\][13],g153565__7098/B1,net,pin
u9_mem_reg\[0\]\[14\]/QN,u9_mem\[0\][14],pin,net
u9_mem\[0\][14],g167193/A2,net,pin
u9_mem\[0\][14],g153564__8246/B1,net,pin
u9_mem_reg\[0\]\[15\]/QN,u9_mem\[0\][15],pin,net
u9_mem\[0\][15],g167166/A2,net,pin
u9_mem\[0\][15],g153563__5122/B1,net,pin
u9_mem_reg\[0\]\[16\]/QN,u9_mem\[0\][16],pin,net
u9_mem\[0\][16],g167178/A2,net,pin
u9_mem\[0\][16],g153562__1705/B1,net,pin
u9_mem_reg\[0\]\[17\]/QN,u9_mem\[0\][17],pin,net
u9_mem\[0\][17],g167164/A2,net,pin
u9_mem\[0\][17],g153561__2802/B1,net,pin
u9_mem_reg\[0\]\[18\]/QN,u9_mem\[0\][18],pin,net
u9_mem\[0\][18],g172431/A2,net,pin
u9_mem\[0\][18],g167177/A2,net,pin
u9_mem_reg\[0\]\[19\]/QN,u9_mem\[0\][19],pin,net
u9_mem\[0\][19],g167195/A2,net,pin
u9_mem\[0\][19],g153559__3680/B1,net,pin
u9_mem_reg\[0\]\[1\]/QN,u9_mem\[0\][1],pin,net
u9_mem\[0\][1],g167168/A2,net,pin
u9_mem\[0\][1],g153577__6417/B1,net,pin
u9_mem_reg\[0\]\[20\]/QN,u9_mem\[0\][20],pin,net
u9_mem\[0\][20],g167176/A2,net,pin
u9_mem\[0\][20],g153929__5526/B1,net,pin
u9_mem_reg\[0\]\[21\]/QN,u9_mem\[0\][21],pin,net
u9_mem\[0\][21],g167169/A2,net,pin
u9_mem\[0\][21],g153930__3680/B1,net,pin
u9_mem_reg\[0\]\[22\]/QN,u9_mem\[0\][22],pin,net
u9_mem\[0\][22],g167175/A2,net,pin
u9_mem\[0\][22],g153931__1617/B1,net,pin
u9_mem_reg\[0\]\[23\]/QN,u9_mem\[0\][23],pin,net
u9_mem\[0\][23],g167189/A2,net,pin
u9_mem\[0\][23],g153932__2802/B1,net,pin
u9_mem_reg\[0\]\[24\]/QN,u9_mem\[0\][24],pin,net
u9_mem\[0\][24],g167185/A2,net,pin
u9_mem\[0\][24],g153933__5122/B1,net,pin
u9_mem_reg\[0\]\[25\]/QN,u9_mem\[0\][25],pin,net
u9_mem\[0\][25],g167174/A2,net,pin
u9_mem\[0\][25],g153934__8246/B1,net,pin
u9_mem_reg\[0\]\[26\]/QN,u9_mem\[0\][26],pin,net
u9_mem\[0\][26],g167173/A2,net,pin
u9_mem\[0\][26],g153935__6131/B1,net,pin
u9_mem_reg\[0\]\[27\]/QN,u9_mem\[0\][27],pin,net
u9_mem\[0\][27],g167172/A2,net,pin
u9_mem\[0\][27],g153936__1881/B1,net,pin
u9_mem_reg\[0\]\[28\]/QN,u9_mem\[0\][28],pin,net
u9_mem\[0\][28],g167171/A2,net,pin
u9_mem\[0\][28],g153937__7482/B1,net,pin
u9_mem_reg\[0\]\[29\]/QN,u9_mem\[0\][29],pin,net
u9_mem\[0\][29],g167170/A2,net,pin
u9_mem\[0\][29],g153938__4733/B1,net,pin
u9_mem_reg\[0\]\[2\]/QN,u9_mem\[0\][2],pin,net
u9_mem\[0\][2],g167184/A2,net,pin
u9_mem\[0\][2],g153576__7410/B1,net,pin
u9_mem_reg\[0\]\[30\]/QN,u9_mem\[0\][30],pin,net
u9_mem\[0\][30],g167179/A2,net,pin
u9_mem\[0\][30],g153939__9315/B1,net,pin
u9_mem_reg\[0\]\[31\]/QN,u9_mem\[0\][31],pin,net
u9_mem\[0\][31],g167186/A2,net,pin
u9_mem\[0\][31],g153940__9945/B1,net,pin
u9_mem_reg\[0\]\[3\]/QN,u9_mem\[0\][3],pin,net
u9_mem\[0\][3],g167196/A2,net,pin
u9_mem\[0\][3],g153575__1666/B1,net,pin
u9_mem_reg\[0\]\[4\]/QN,u9_mem\[0\][4],pin,net
u9_mem\[0\][4],g167187/A2,net,pin
u9_mem\[0\][4],g153574__2883/B1,net,pin
u9_mem_reg\[0\]\[5\]/QN,u9_mem\[0\][5],pin,net
u9_mem\[0\][5],g167188/A2,net,pin
u9_mem\[0\][5],g153573__9945/B1,net,pin
u9_mem_reg\[0\]\[6\]/QN,u9_mem\[0\][6],pin,net
u9_mem\[0\][6],g167183/A2,net,pin
u9_mem\[0\][6],g153572__9315/B1,net,pin
u9_mem_reg\[0\]\[7\]/QN,u9_mem\[0\][7],pin,net
u9_mem\[0\][7],g167182/A2,net,pin
u9_mem\[0\][7],g153571__6161/B1,net,pin
u9_mem_reg\[0\]\[8\]/QN,u9_mem\[0\][8],pin,net
u9_mem\[0\][8],g167181/A2,net,pin
u9_mem\[0\][8],g153570__178343/B1,net,pin
u9_mem_reg\[0\]\[9\]/QN,u9_mem\[0\][9],pin,net
u9_mem\[0\][9],g167190/A2,net,pin
u9_mem\[0\][9],g153569__7482/B1,net,pin
u9_mem_reg\[1\]\[0\]/QN,u9_mem\[1\][0],pin,net
u9_mem\[1\][0],g184964/A2,net,pin
u9_mem\[1\][0],g153381__8246/B1,net,pin
u9_mem_reg\[1\]\[10\]/QN,u9_mem\[1\][10],pin,net
u9_mem\[1\][10],g184961/A2,net,pin
u9_mem\[1\][10],g153371__5107/B1,net,pin
u9_mem_reg\[1\]\[11\]/QN,u9_mem\[1\][11],pin,net
u9_mem\[1\][11],g41/A2,net,pin
u9_mem\[1\][11],g184938/A2,net,pin
u9_mem_reg\[1\]\[12\]/QN,u9_mem\[1\][12],pin,net
u9_mem\[1\][12],g184959/A2,net,pin
u9_mem\[1\][12],g153369__176525/B2,net,pin
u9_mem_reg\[1\]\[13\]/QN,u9_mem\[1\][13],pin,net
u9_mem\[1\][13],g184957/A2,net,pin
u9_mem\[1\][13],g153368__6417/B2,net,pin
u9_mem_reg\[1\]\[14\]/QN,u9_mem\[1\][14],pin,net
u9_mem\[1\][14],g165323/A2,net,pin
u9_mem\[1\][14],g153367__1666/B2,net,pin
u9_mem_reg\[1\]\[15\]/QN,u9_mem\[1\][15],pin,net
u9_mem\[1\][15],g184940/A2,net,pin
u9_mem\[1\][15],g153366__2346/B1,net,pin
u9_mem_reg\[1\]\[16\]/QN,u9_mem\[1\][16],pin,net
u9_mem\[1\][16],g184963/A2,net,pin
u9_mem\[1\][16],g153365__2883/B1,net,pin
u9_mem_reg\[1\]\[17\]/QN,u9_mem\[1\][17],pin,net
u9_mem\[1\][17],g184936/A2,net,pin
u9_mem\[1\][17],g153364__9945/B1,net,pin
u9_mem_reg\[1\]\[18\]/QN,u9_mem\[1\][18],pin,net
u9_mem\[1\][18],g184946/A2,net,pin
u9_mem\[1\][18],g153363__9315/B1,net,pin
u9_mem_reg\[1\]\[19\]/QN,u9_mem\[1\][19],pin,net
u9_mem\[1\][19],g165319/A2,net,pin
u9_mem\[1\][19],g153362__6161/B1,net,pin
u9_mem_reg\[1\]\[1\]/QN,u9_mem\[1\][1],pin,net
u9_mem\[1\][1],g208862/A2,net,pin
u9_mem\[1\][1],g184939/A2,net,pin
u9_mem_reg\[1\]\[20\]/QN,u9_mem\[1\][20],pin,net
u9_mem\[1\][20],g184956/A2,net,pin
u9_mem\[1\][20],g153313__2883/B1,net,pin
u9_mem_reg\[1\]\[21\]/QN,u9_mem\[1\][21],pin,net
u9_mem\[1\][21],g184945/A2,net,pin
u9_mem\[1\][21],g153312__9945/B1,net,pin
u9_mem_reg\[1\]\[22\]/QN,u9_mem\[1\][22],pin,net
u9_mem\[1\][22],g165337/A2,net,pin
u9_mem\[1\][22],g153311__9315/B1,net,pin
u9_mem_reg\[1\]\[23\]/QN,u9_mem\[1\][23],pin,net
u9_mem\[1\][23],g184954/A2,net,pin
u9_mem\[1\][23],g153310__6161/B1,net,pin
u9_mem_reg\[1\]\[24\]/QN,u9_mem\[1\][24],pin,net
u9_mem\[1\][24],g184950/A2,net,pin
u9_mem\[1\][24],g153309__4733/B1,net,pin
u9_mem_reg\[1\]\[25\]/QN,u9_mem\[1\][25],pin,net
u9_mem\[1\][25],g184948/A2,net,pin
u9_mem\[1\][25],g153308__7482/B1,net,pin
u9_mem_reg\[1\]\[26\]/QN,u9_mem\[1\][26],pin,net
u9_mem\[1\][26],g184958/A2,net,pin
u9_mem\[1\][26],g153307__5115/B1,net,pin
u9_mem_reg\[1\]\[27\]/QN,u9_mem\[1\][27],pin,net
u9_mem\[1\][27],g184960/A2,net,pin
u9_mem\[1\][27],g153306__1881/B1,net,pin
u9_mem_reg\[1\]\[28\]/QN,u9_mem\[1\][28],pin,net
u9_mem\[1\][28],g184951/A2,net,pin
u9_mem\[1\][28],g153305__6131/B1,net,pin
u9_mem_reg\[1\]\[29\]/QN,u9_mem\[1\][29],pin,net
u9_mem\[1\][29],g184942/A2,net,pin
u9_mem\[1\][29],g153304__7098/B1,net,pin
u9_mem_reg\[1\]\[2\]/QN,u9_mem\[1\][2],pin,net
u9_mem\[1\][2],g184943/A2,net,pin
u9_mem\[1\][2],g153379__1705/B1,net,pin
u9_mem_reg\[1\]\[30\]/QN,u9_mem\[1\][30],pin,net
u9_mem\[1\][30],g184944/A2,net,pin
u9_mem\[1\][30],g153303__8246/B1,net,pin
u9_mem_reg\[1\]\[31\]/QN,u9_mem\[1\][31],pin,net
u9_mem\[1\][31],g184953/A2,net,pin
u9_mem\[1\][31],g153302__5122/B1,net,pin
u9_mem_reg\[1\]\[3\]/QN,u9_mem\[1\][3],pin,net
u9_mem\[1\][3],g184941/A2,net,pin
u9_mem\[1\][3],g153378__2802/B1,net,pin
u9_mem_reg\[1\]\[4\]/QN,u9_mem\[1\][4],pin,net
u9_mem\[1\][4],g184947/A2,net,pin
u9_mem\[1\][4],g153377__1617/B1,net,pin
u9_mem_reg\[1\]\[5\]/QN,u9_mem\[1\][5],pin,net
u9_mem\[1\][5],g184955/A2,net,pin
u9_mem\[1\][5],g153376__176531/B2,net,pin
u9_mem_reg\[1\]\[6\]/QN,u9_mem\[1\][6],pin,net
u9_mem\[1\][6],g184952/A2,net,pin
u9_mem\[1\][6],g153375__6783/B2,net,pin
u9_mem_reg\[1\]\[7\]/QN,u9_mem\[1\][7],pin,net
u9_mem\[1\][7],g165339/A2,net,pin
u9_mem\[1\][7],g153374__5526/B1,net,pin
u9_mem_reg\[1\]\[8\]/QN,u9_mem\[1\][8],pin,net
u9_mem\[1\][8],g184962/A2,net,pin
u9_mem\[1\][8],g153373__178344/B2,net,pin
u9_mem_reg\[1\]\[9\]/QN,u9_mem\[1\][9],pin,net
u9_mem\[1\][9],g184949/A2,net,pin
u9_mem\[1\][9],g153372__4319/B2,net,pin
u9_mem_reg\[2\]\[0\]/QN,u9_mem\[2\][0],pin,net
u9_mem\[2\][0],g167194/B2,net,pin
u9_mem\[2\][0],g153558__168322/B1,net,pin
u9_mem_reg\[2\]\[10\]/QN,u9_mem\[2\][10],pin,net
u9_mem\[2\][10],g167180/B2,net,pin
u9_mem\[2\][10],g153548__168315/B1,net,pin
u9_mem_reg\[2\]\[11\]/QN,u9_mem\[2\][11],pin,net
u9_mem\[2\][11],g167167/B2,net,pin
u9_mem\[2\][11],g153547__168319/B1,net,pin
u9_mem_reg\[2\]\[12\]/QN,u9_mem\[2\][12],pin,net
u9_mem\[2\][12],g167192/B2,net,pin
u9_mem\[2\][12],g153546__168328/B1,net,pin
u9_mem_reg\[2\]\[13\]/QN,u9_mem\[2\][13],pin,net
u9_mem\[2\][13],g167191/B2,net,pin
u9_mem\[2\][13],g153545__168318/B2,net,pin
u9_mem_reg\[2\]\[14\]/QN,u9_mem\[2\][14],pin,net
u9_mem\[2\][14],g167193/B2,net,pin
u9_mem\[2\][14],g153544__168301/B1,net,pin
u9_mem_reg\[2\]\[15\]/QN,u9_mem\[2\][15],pin,net
u9_mem\[2\][15],g167166/B2,net,pin
u9_mem\[2\][15],g153543__168321/B1,net,pin
u9_mem_reg\[2\]\[16\]/QN,u9_mem\[2\][16],pin,net
u9_mem\[2\][16],g167178/B2,net,pin
u9_mem\[2\][16],g153976__168300/B1,net,pin
u9_mem_reg\[2\]\[17\]/QN,u9_mem\[2\][17],pin,net
u9_mem\[2\][17],g167164/B2,net,pin
u9_mem\[2\][17],g153761__168317/B1,net,pin
u9_mem_reg\[2\]\[18\]/QN,u9_mem\[2\][18],pin,net
u9_mem\[2\][18],g167177/B2,net,pin
u9_mem\[2\][18],g153762__168314/B1,net,pin
u9_mem_reg\[2\]\[19\]/QN,u9_mem\[2\][19],pin,net
u9_mem\[2\][19],g167195/B2,net,pin
u9_mem\[2\][19],g153763__168294/B2,net,pin
u9_mem_reg\[2\]\[1\]/QN,u9_mem\[2\][1],pin,net
u9_mem\[2\][1],g167168/B2,net,pin
u9_mem\[2\][1],g153557__168323/B1,net,pin
u9_mem_reg\[2\]\[20\]/QN,u9_mem\[2\][20],pin,net
u9_mem\[2\][20],g167176/B2,net,pin
u9_mem\[2\][20],g153893__168312/B1,net,pin
u9_mem_reg\[2\]\[21\]/QN,u9_mem\[2\][21],pin,net
u9_mem\[2\][21],g167169/B2,net,pin
u9_mem\[2\][21],g153894__168311/B1,net,pin
u9_mem_reg\[2\]\[22\]/QN,u9_mem\[2\][22],pin,net
u9_mem\[2\][22],g167175/B2,net,pin
u9_mem\[2\][22],g153895__168310/B1,net,pin
u9_mem_reg\[2\]\[23\]/QN,u9_mem\[2\][23],pin,net
u9_mem\[2\][23],g167189/B2,net,pin
u9_mem\[2\][23],g153896__168309/B1,net,pin
u9_mem_reg\[2\]\[24\]/QN,u9_mem\[2\][24],pin,net
u9_mem\[2\][24],g167185/B2,net,pin
u9_mem\[2\][24],g153897__168308/B1,net,pin
u9_mem_reg\[2\]\[25\]/QN,u9_mem\[2\][25],pin,net
u9_mem\[2\][25],g167174/B2,net,pin
u9_mem\[2\][25],g153898__168307/B1,net,pin
u9_mem_reg\[2\]\[26\]/QN,u9_mem\[2\][26],pin,net
u9_mem\[2\][26],g167173/B2,net,pin
u9_mem\[2\][26],g153899__168306/B1,net,pin
u9_mem_reg\[2\]\[27\]/QN,u9_mem\[2\][27],pin,net
u9_mem\[2\][27],g167172/B2,net,pin
u9_mem\[2\][27],g153900__168305/B1,net,pin
u9_mem_reg\[2\]\[28\]/QN,u9_mem\[2\][28],pin,net
u9_mem\[2\][28],g167171/B2,net,pin
u9_mem\[2\][28],g153901__168297/B1,net,pin
u9_mem_reg\[2\]\[29\]/QN,u9_mem\[2\][29],pin,net
u9_mem\[2\][29],g167170/B2,net,pin
u9_mem\[2\][29],g153902__168304/B1,net,pin
u9_mem_reg\[2\]\[2\]/QN,u9_mem\[2\][2],pin,net
u9_mem\[2\][2],g167184/B2,net,pin
u9_mem\[2\][2],g153556__168324/B1,net,pin
u9_mem_reg\[2\]\[30\]/QN,u9_mem\[2\][30],pin,net
u9_mem\[2\][30],g167179/B2,net,pin
u9_mem\[2\][30],g153903__168303/B1,net,pin
u9_mem_reg\[2\]\[31\]/QN,u9_mem\[2\][31],pin,net
u9_mem\[2\][31],g167186/B2,net,pin
u9_mem\[2\][31],g153904__168302/B1,net,pin
u9_mem_reg\[2\]\[3\]/QN,u9_mem\[2\][3],pin,net
u9_mem\[2\][3],g167196/B2,net,pin
u9_mem\[2\][3],g153555__168325/B1,net,pin
u9_mem_reg\[2\]\[4\]/QN,u9_mem\[2\][4],pin,net
u9_mem\[2\][4],g168313/A1,net,pin
u9_mem\[2\][4],g167187/B2,net,pin
u9_mem_reg\[2\]\[5\]/QN,u9_mem\[2\][5],pin,net
u9_mem\[2\][5],g167188/B2,net,pin
u9_mem\[2\][5],g153553__168326/B1,net,pin
u9_mem_reg\[2\]\[6\]/QN,u9_mem\[2\][6],pin,net
u9_mem\[2\][6],g167183/B2,net,pin
u9_mem\[2\][6],g153552__168299/B2,net,pin
u9_mem_reg\[2\]\[7\]/QN,u9_mem\[2\][7],pin,net
u9_mem\[2\][7],g167182/B2,net,pin
u9_mem\[2\][7],g153551__168327/B2,net,pin
u9_mem_reg\[2\]\[8\]/QN,u9_mem\[2\][8],pin,net
u9_mem\[2\][8],g167181/B2,net,pin
u9_mem\[2\][8],g153550__178342/B1,net,pin
u9_mem_reg\[2\]\[9\]/QN,u9_mem\[2\][9],pin,net
u9_mem\[2\][9],g167190/B2,net,pin
u9_mem\[2\][9],g153549__168316/B1,net,pin
u9_mem_reg\[3\]\[0\]/QN,u9_mem\[3\][0],pin,net
u9_mem\[3\][0],g184964/B2,net,pin
u9_mem\[3\][0],g153404__6131/B1,net,pin
u9_mem_reg\[3\]\[10\]/QN,u9_mem\[3\][10],pin,net
u9_mem\[3\][10],g184961/B2,net,pin
u9_mem\[3\][10],g153414__175602/B1,net,pin
u9_mem_reg\[3\]\[11\]/QN,u9_mem\[3\][11],pin,net
u9_mem\[3\][11],g184938/B2,net,pin
u9_mem\[3\][11],g140/B1,net,pin
u9_mem_reg\[3\]\[12\]/QN,u9_mem\[3\][12],pin,net
u9_mem\[3\][12],g184959/B2,net,pin
u9_mem\[3\][12],g153416__6417/B1,net,pin
u9_mem_reg\[3\]\[13\]/QN,u9_mem\[3\][13],pin,net
u9_mem\[3\][13],g184957/B2,net,pin
u9_mem\[3\][13],g153417__5477/B1,net,pin
u9_mem_reg\[3\]\[14\]/QN,u9_mem\[3\][14],pin,net
u9_mem\[3\][14],g165323/B2,net,pin
u9_mem\[3\][14],g153418__2398/B1,net,pin
u9_mem_reg\[3\]\[15\]/QN,u9_mem\[3\][15],pin,net
u9_mem\[3\][15],g184940/B2,net,pin
u9_mem\[3\][15],g153419__5107/B2,net,pin
u9_mem_reg\[3\]\[16\]/QN,u9_mem\[3\][16],pin,net
u9_mem\[3\][16],g184963/B2,net,pin
u9_mem\[3\][16],g153420__6260/B1,net,pin
u9_mem_reg\[3\]\[17\]/QN,u9_mem\[3\][17],pin,net
u9_mem\[3\][17],g184936/B2,net,pin
u9_mem\[3\][17],g153421__4319/B1,net,pin
u9_mem_reg\[3\]\[18\]/QN,u9_mem\[3\][18],pin,net
u9_mem\[3\][18],g223/B1,net,pin
u9_mem\[3\][18],g184946/B2,net,pin
u9_mem_reg\[3\]\[19\]/QN,u9_mem\[3\][19],pin,net
u9_mem\[3\][19],g165319/B2,net,pin
u9_mem\[3\][19],g153423__1705/B1,net,pin
u9_mem_reg\[3\]\[1\]/QN,u9_mem\[3\][1],pin,net
u9_mem\[3\][1],g184939/B2,net,pin
u9_mem\[3\][1],g176367/A1,net,pin
u9_mem_reg\[3\]\[20\]/QN,u9_mem\[3\][20],pin,net
u9_mem\[3\][20],g184956/B2,net,pin
u9_mem\[3\][20],g153337__4733/B1,net,pin
u9_mem_reg\[3\]\[21\]/QN,u9_mem\[3\][21],pin,net
u9_mem\[3\][21],g184945/B2,net,pin
u9_mem\[3\][21],g153336__7482/B1,net,pin
u9_mem_reg\[3\]\[22\]/QN,u9_mem\[3\][22],pin,net
u9_mem\[3\][22],g165337/B2,net,pin
u9_mem\[3\][22],g153335__5115/B1,net,pin
u9_mem_reg\[3\]\[23\]/QN,u9_mem\[3\][23],pin,net
u9_mem\[3\][23],g184954/B2,net,pin
u9_mem\[3\][23],g176342/A1,net,pin
u9_mem_reg\[3\]\[24\]/QN,u9_mem\[3\][24],pin,net
u9_mem\[3\][24],g184950/B2,net,pin
u9_mem\[3\][24],g176348/A1,net,pin
u9_mem_reg\[3\]\[25\]/QN,u9_mem\[3\][25],pin,net
u9_mem\[3\][25],g184948/B2,net,pin
u9_mem\[3\][25],g176786/A1,net,pin
u9_mem_reg\[3\]\[26\]/QN,u9_mem\[3\][26],pin,net
u9_mem\[3\][26],g184958/B2,net,pin
u9_mem\[3\][26],g153331__6783/B1,net,pin
u9_mem_reg\[3\]\[27\]/QN,u9_mem\[3\][27],pin,net
u9_mem\[3\][27],g184960/B2,net,pin
u9_mem\[3\][27],g153330__4319/B1,net,pin
u9_mem_reg\[3\]\[28\]/QN,u9_mem\[3\][28],pin,net
u9_mem\[3\][28],g184951/B2,net,pin
u9_mem\[3\][28],g176350/A1,net,pin
u9_mem_reg\[3\]\[29\]/QN,u9_mem\[3\][29],pin,net
u9_mem\[3\][29],g184942/B2,net,pin
u9_mem\[3\][29],g176359/A1,net,pin
u9_mem_reg\[3\]\[2\]/QN,u9_mem\[3\][2],pin,net
u9_mem\[3\][2],g184943/B2,net,pin
u9_mem\[3\][2],g118/B1,net,pin
u9_mem_reg\[3\]\[30\]/QN,u9_mem\[3\][30],pin,net
u9_mem\[3\][30],g184944/B2,net,pin
u9_mem\[3\][30],g176413/A1,net,pin
u9_mem_reg\[3\]\[31\]/QN,u9_mem\[3\][31],pin,net
u9_mem\[3\][31],g184953/B2,net,pin
u9_mem\[3\][31],g176365/A1,net,pin
u9_mem_reg\[3\]\[3\]/QN,u9_mem\[3\][3],pin,net
u9_mem\[3\][3],g196984/B1,net,pin
u9_mem\[3\][3],g184941/B2,net,pin
u9_mem_reg\[3\]\[4\]/QN,u9_mem\[3\][4],pin,net
u9_mem\[3\][4],g184947/B2,net,pin
u9_mem\[3\][4],g153408__4733/B1,net,pin
u9_mem_reg\[3\]\[5\]/QN,u9_mem\[3\][5],pin,net
u9_mem\[3\][5],g184955/B2,net,pin
u9_mem\[3\][5],g153409__6161/B1,net,pin
u9_mem_reg\[3\]\[6\]/QN,u9_mem\[3\][6],pin,net
u9_mem\[3\][6],g184952/B2,net,pin
u9_mem\[3\][6],g153410__9315/B1,net,pin
u9_mem_reg\[3\]\[7\]/QN,u9_mem\[3\][7],pin,net
u9_mem\[3\][7],g165339/B2,net,pin
u9_mem\[3\][7],g153411__9945/B1,net,pin
u9_mem_reg\[3\]\[8\]/QN,u9_mem\[3\][8],pin,net
u9_mem\[3\][8],g184962/B2,net,pin
u9_mem\[3\][8],g153412__178339/B1,net,pin
u9_mem_reg\[3\]\[9\]/QN,u9_mem\[3\][9],pin,net
u9_mem\[3\][9],g184949/B2,net,pin
u9_mem\[3\][9],g153413__175598/B1,net,pin
u9_rp_reg\[0\]/Q,u9_rp[0],pin,net
u9_rp[0],g184935/A,net,pin
u9_rp[0],g178198/A1,net,pin
u9_rp[0],g169034/A,net,pin
u9_rp[0],g168446/A,net,pin
u9_rp[0],g159366/A,net,pin
u9_rp_reg\[1\]/QN,u9_rp[1],pin,net
u9_rp[1],g184935/B,net,pin
u9_rp[1],g169031/B1,net,pin
u9_rp[1],g168971/A,net,pin
u9_rp[1],g167059/A,net,pin
u9_rp_reg\[2\]/QN,u9_rp[2],pin,net
u9_rp[2],g213305/B,net,pin
u9_rp[2],g2/A,net,pin
u9_wp_reg\[0\]/QN,u9_wp[0],pin,net
u9_wp[0],g184056/A,net,pin
u9_wp_reg\[1\]/Q,u9_wp[1],pin,net
u9_wp[1],g178199/C,net,pin
u9_wp[1],g178198/A2,net,pin
u9_wp[1],g178197/A,net,pin
u9_wp[1],g178196/B,net,pin
u9_wp[1],g178193/A,net,pin
u9_wp[1],g154068__178190/C,net,pin
u9_wp[1],g154062__178195/C,net,pin
u9_wp_reg\[2\]/QN,u9_wp[2],pin,net
u9_wp[2],g169031/A2,net,pin
u9_wp[2],g159702/A,net,pin
u9_wp[2],g159696/A,net,pin
u9_wp_reg\[3\]/Q,u9_wp[3],pin,net
u9_wp[3],g213305/A,net,pin
u9_wp[3],g159147/A,net,pin
u9_wp[3],g154314__9315/E,net,pin
u2_valid_reg/QN,valid,pin,net
valid,g156878/A,net,pin
valid_s_reg/QN,valid_s,pin,net
valid_s,fopt188056/A,net,pin
valid_s1_reg/QN,valid_s1,pin,net
valid_s1,g156627/A,net,pin
u12_dout_reg\[0\]/QN,wb_din[0],pin,net
wb_din[0],g221582/A,net,pin
u12_dout_reg\[1\]/QN,wb_din[1],pin,net
wb_din[1],g166522/A,net,pin
wb_din[1],drc_buf_sp46/A,net,pin
u12_dout_reg\[29\]/QN,wb_din[29],pin,net
wb_din[29],g167913/A1,net,pin
wb_din[29],g166305/A,net,pin
wb_din[29],g166304/A,net,pin
wb_din[29],drc_buf_sp166284/A,net,pin
u12_dout_reg\[30\]/QN,wb_din[30],pin,net
wb_din[30],g167892/A1,net,pin
wb_din[30],g166281/A,net,pin
wb_din[30],g166280/A,net,pin
wb_din[30],drc_buf_sp49/A,net,pin
