net_name,net_route_length,net_steiner_length,fanout,total_cap,net_cap,net_coupling,net_res
ac97_reset_pad_o_,0,-1,0,3.824289964684326e-16,0.0,0.0,0.0
bit_clk_pad_i,0,-1,323,2.0014500853090395e-13,0.0,0.0,0.0
clk_i,0,-1,1876,1.1977272472429856e-12,0.0,0.0,0.0
dma_ack_i[0],0,-1,2,3.866821024213181e-15,0.0,0.0,0.0
dma_ack_i[1],0,-1,2,4.196006826636409e-15,0.0,0.0,0.0
dma_ack_i[2],0,-1,2,2.7212403032707885e-15,0.0,0.0,0.0
dma_ack_i[3],0,-1,2,2.7329867444250743e-15,0.0,0.0,0.0
dma_ack_i[4],0,-1,2,3.405184256311325e-15,0.0,0.0,0.0
dma_ack_i[5],0,-1,2,4.6672269253035005e-15,0.0,0.0,0.0
dma_ack_i[6],0,-1,2,3.109000975095493e-15,0.0,0.0,0.0
dma_ack_i[7],0,-1,2,3.88807053976095e-15,0.0,0.0,0.0
dma_ack_i[8],0,-1,2,7.200644025267752e-15,0.0,0.0,0.0
dma_req_o[0],0,-1,0,8.141780744775229e-16,0.0,0.0,0.0
dma_req_o[1],0,-1,0,5.487604592740655e-16,0.0,0.0,0.0
dma_req_o[2],0,-1,0,2.194689630208882e-16,0.0,0.0,0.0
dma_req_o[3],0,-1,0,5.040153085606467e-16,0.0,0.0,0.0
dma_req_o[4],0,-1,0,2.1373222062737163e-16,0.0,0.0,0.0
dma_req_o[5],0,-1,0,2.11781768447641e-16,0.0,0.0,0.0
dma_req_o[6],0,-1,0,2.794236226236625e-16,0.0,0.0,0.0
dma_req_o[7],0,-1,0,2.3215849595260287e-16,0.0,0.0,0.0
dma_req_o[8],0,-1,0,3.3541922376119056e-16,0.0,0.0,0.0
int_o,0,-1,0,3.430444525803902e-16,0.0,0.0,0.0
rst_i,0,-1,220,2.91158481872944e-13,0.0,0.0,0.0
sdata_pad_i,0,-1,1,9.965743906305605e-16,0.0,0.0,0.0
sdata_pad_o,0,-1,0,2.1232437245969618e-16,0.0,0.0,0.0
suspended_o,0,-1,0,7.652482104277534e-16,0.0,0.0,0.0
sync_pad_o,0,-1,0,5.588120404404547e-16,0.0,0.0,0.0
wb_ack_o,0,-1,0,2.2991502331268145e-16,0.0,0.0,0.0
wb_addr_i[0],0,-1,0,0.0,0.0,0.0,0.0
wb_addr_i[10],0,-1,0,0.0,0.0,0.0,0.0
wb_addr_i[11],0,-1,0,0.0,0.0,0.0,0.0
wb_addr_i[12],0,-1,0,0.0,0.0,0.0,0.0
wb_addr_i[13],0,-1,0,0.0,0.0,0.0,0.0
wb_addr_i[14],0,-1,0,0.0,0.0,0.0,0.0
wb_addr_i[15],0,-1,0,0.0,0.0,0.0,0.0
wb_addr_i[16],0,-1,0,0.0,0.0,0.0,0.0
wb_addr_i[17],0,-1,0,0.0,0.0,0.0,0.0
wb_addr_i[18],0,-1,0,0.0,0.0,0.0,0.0
wb_addr_i[19],0,-1,0,0.0,0.0,0.0,0.0
wb_addr_i[1],0,-1,0,0.0,0.0,0.0,0.0
wb_addr_i[20],0,-1,0,0.0,0.0,0.0,0.0
wb_addr_i[21],0,-1,0,0.0,0.0,0.0,0.0
wb_addr_i[22],0,-1,0,0.0,0.0,0.0,0.0
wb_addr_i[23],0,-1,0,0.0,0.0,0.0,0.0
wb_addr_i[24],0,-1,0,0.0,0.0,0.0,0.0
wb_addr_i[25],0,-1,0,0.0,0.0,0.0,0.0
wb_addr_i[26],0,-1,0,0.0,0.0,0.0,0.0
wb_addr_i[27],0,-1,0,0.0,0.0,0.0,0.0
wb_addr_i[28],0,-1,0,0.0,0.0,0.0,0.0
wb_addr_i[29],0,-1,1,3.199082717277751e-15,0.0,0.0,0.0
wb_addr_i[2],0,-1,16,3.539678180555436e-14,0.0,0.0,0.0
wb_addr_i[30],0,-1,1,3.2680646569856675e-15,0.0,0.0,0.0
wb_addr_i[31],0,-1,1,4.390304326275284e-15,0.0,0.0,0.0
wb_addr_i[3],0,-1,15,3.237218639310334e-14,0.0,0.0,0.0
wb_addr_i[4],0,-1,17,3.4691108492801437e-14,0.0,0.0,0.0
wb_addr_i[5],0,-1,8,1.2576475844354625e-14,0.0,0.0,0.0
wb_addr_i[6],0,-1,4,1.4296425371665422e-14,0.0,0.0,0.0
wb_addr_i[7],0,-1,0,0.0,0.0,0.0,0.0
wb_addr_i[8],0,-1,0,0.0,0.0,0.0,0.0
wb_addr_i[9],0,-1,0,0.0,0.0,0.0,0.0
wb_cyc_i,0,-1,2,5.971723309128535e-15,0.0,0.0,0.0
wb_data_i[0],0,-1,1,4.236824391452528e-16,0.0,0.0,0.0
wb_data_i[10],0,-1,1,5.873515979883267e-16,0.0,0.0,0.0
wb_data_i[11],0,-1,1,5.311941606183138e-16,0.0,0.0,0.0
wb_data_i[12],0,-1,1,5.530399873609495e-16,0.0,0.0,0.0
wb_data_i[13],0,-1,1,8.810454493721784e-16,0.0,0.0,0.0
wb_data_i[14],0,-1,1,8.295316583772504e-16,0.0,0.0,0.0
wb_data_i[15],0,-1,1,8.03680953980878e-16,0.0,0.0,0.0
wb_data_i[16],0,-1,1,4.995175636107263e-16,0.0,0.0,0.0
wb_data_i[17],0,-1,1,4.951198744277004e-16,0.0,0.0,0.0
wb_data_i[18],0,-1,1,5.650657376295924e-16,0.0,0.0,0.0
wb_data_i[19],0,-1,1,6.886616618589469e-16,0.0,0.0,0.0
wb_data_i[1],0,-1,1,5.486727913640247e-16,0.0,0.0,0.0
wb_data_i[20],0,-1,1,5.666721356140602e-16,0.0,0.0,0.0
wb_data_i[21],0,-1,1,7.2196673264719e-16,0.0,0.0,0.0
wb_data_i[22],0,-1,1,5.823143989301238e-16,0.0,0.0,0.0
wb_data_i[23],0,-1,1,7.726097737723405e-16,0.0,0.0,0.0
wb_data_i[24],0,-1,1,1.029888937599901e-15,0.0,0.0,0.0
wb_data_i[25],0,-1,1,7.908138882373747e-16,0.0,0.0,0.0
wb_data_i[26],0,-1,1,4.88409202963519e-16,0.0,0.0,0.0
wb_data_i[27],0,-1,1,6.556428882068758e-16,0.0,0.0,0.0
wb_data_i[28],0,-1,1,9.474416092503644e-16,0.0,0.0,0.0
wb_data_i[29],0,-1,1,4.760283341317397e-16,0.0,0.0,0.0
wb_data_i[2],0,-1,1,4.876654550962705e-16,0.0,0.0,0.0
wb_data_i[30],0,-1,1,1.0719567230461674e-15,0.0,0.0,0.0
wb_data_i[31],0,-1,1,8.628919451257426e-16,0.0,0.0,0.0
wb_data_i[3],0,-1,1,5.12147883645472e-16,0.0,0.0,0.0
wb_data_i[4],0,-1,1,4.790441420008795e-16,0.0,0.0,0.0
wb_data_i[5],0,-1,1,6.626988844157409e-16,0.0,0.0,0.0
wb_data_i[6],0,-1,1,5.410846467060471e-16,0.0,0.0,0.0
wb_data_i[7],0,-1,1,5.032750017647464e-16,0.0,0.0,0.0
wb_data_i[8],0,-1,1,4.997117459138844e-16,0.0,0.0,0.0
wb_data_i[9],0,-1,1,7.499924058938746e-16,0.0,0.0,0.0
wb_data_o[0],0,-1,0,2.716931234909869e-16,0.0,0.0,0.0
wb_data_o[10],0,-1,0,1.9123354324063972e-16,0.0,0.0,0.0
wb_data_o[11],0,-1,0,2.3486749260637934e-16,0.0,0.0,0.0
wb_data_o[12],0,-1,0,3.31610778341878e-16,0.0,0.0,0.0
wb_data_o[13],0,-1,0,2.575465880108764e-16,0.0,0.0,0.0
wb_data_o[14],0,-1,0,2.7147509191640772e-16,0.0,0.0,0.0
wb_data_o[15],0,-1,0,3.773018266293635e-16,0.0,0.0,0.0
wb_data_o[16],0,-1,0,2.9483321657702713e-16,0.0,0.0,0.0
wb_data_o[17],0,-1,0,2.883562997365083e-16,0.0,0.0,0.0
wb_data_o[18],0,-1,0,2.2401348007136473e-16,0.0,0.0,0.0
wb_data_o[19],0,-1,0,5.178833025500085e-16,0.0,0.0,0.0
wb_data_o[1],0,-1,0,3.1181643892771267e-16,0.0,0.0,0.0
wb_data_o[20],0,-1,0,1.1090919180032168e-15,0.0,0.0,0.0
wb_data_o[21],0,-1,0,7.88939669022897e-16,0.0,0.0,0.0
wb_data_o[22],0,-1,0,5.712729538857495e-16,0.0,0.0,0.0
wb_data_o[23],0,-1,0,2.2474224604335864e-16,0.0,0.0,0.0
wb_data_o[24],0,-1,0,3.251320615563463e-16,0.0,0.0,0.0
wb_data_o[25],0,-1,0,2.4532067326888546e-16,0.0,0.0,0.0
wb_data_o[26],0,-1,0,4.905277911832796e-16,0.0,0.0,0.0
wb_data_o[27],0,-1,0,5.526909568471215e-16,0.0,0.0,0.0
wb_data_o[28],0,-1,0,3.209546538791657e-16,0.0,0.0,0.0
wb_data_o[29],0,-1,0,2.3976085488222664e-16,0.0,0.0,0.0
wb_data_o[2],0,-1,0,3.4172411350407795e-16,0.0,0.0,0.0
wb_data_o[30],0,-1,0,1.167030559782187e-15,0.0,0.0,0.0
wb_data_o[31],0,-1,0,2.5521973556520965e-16,0.0,0.0,0.0
wb_data_o[3],0,-1,0,2.333083431785006e-16,0.0,0.0,0.0
wb_data_o[4],0,-1,0,2.1481213469556166e-16,0.0,0.0,0.0
wb_data_o[5],0,-1,0,4.545391611994573e-16,0.0,0.0,0.0
wb_data_o[6],0,-1,0,2.8995605380629608e-16,0.0,0.0,0.0
wb_data_o[7],0,-1,0,3.92006795049731e-16,0.0,0.0,0.0
wb_data_o[8],0,-1,0,3.507178563984649e-16,0.0,0.0,0.0
wb_data_o[9],0,-1,0,2.586865884787623e-16,0.0,0.0,0.0
wb_sel_i[0],0,-1,0,0.0,0.0,0.0,0.0
wb_sel_i[1],0,-1,0,0.0,0.0,0.0,0.0
wb_sel_i[2],0,-1,0,0.0,0.0,0.0,0.0
wb_sel_i[3],0,-1,0,0.0,0.0,0.0,0.0
wb_stb_i,0,-1,2,4.709052141689497e-15,0.0,0.0,0.0
wb_we_i,0,-1,2,5.155144160943342e-15,0.0,0.0,0.0
ac97_rst_force,0,-1,4,3.4200263911295884e-15,0.0,0.0,0.0
crac_din[0],0,-1,2,1.1630654926769713e-15,0.0,0.0,0.0
crac_din[10],0,-1,2,1.27085382334687e-15,0.0,0.0,0.0
crac_din[11],0,-1,2,1.242921217845265e-15,0.0,0.0,0.0
crac_din[12],0,-1,2,1.9092355565172425e-15,0.0,0.0,0.0
crac_din[13],0,-1,2,1.2622030758565619e-15,0.0,0.0,0.0
crac_din[14],0,-1,2,1.9591433730441763e-15,0.0,0.0,0.0
crac_din[15],0,-1,2,1.3708128167270604e-15,0.0,0.0,0.0
crac_din[1],0,-1,2,1.1560548127307843e-15,0.0,0.0,0.0
crac_din[2],0,-1,2,1.6090919727565229e-15,0.0,0.0,0.0
crac_din[3],0,-1,2,1.2633286767643444e-15,0.0,0.0,0.0
crac_din[4],0,-1,2,1.3795950660824298e-15,0.0,0.0,0.0
crac_din[5],0,-1,2,1.6029554308119023e-15,0.0,0.0,0.0
crac_din[6],0,-1,2,1.3394847737772681e-15,0.0,0.0,0.0
crac_din[7],0,-1,2,1.5245147800611153e-15,0.0,0.0,0.0
crac_din[8],0,-1,2,1.223244748359666e-15,0.0,0.0,0.0
crac_din[9],0,-1,2,1.2332029970831796e-15,0.0,0.0,0.0
crac_out[0],0,-1,2,1.226292372903887e-15,0.0,0.0,0.0
crac_out[10],0,-1,2,1.2270398794798389e-15,0.0,0.0,0.0
crac_out[11],0,-1,2,1.1296251613149635e-15,0.0,0.0,0.0
crac_out[12],0,-1,2,1.1738729978092257e-15,0.0,0.0,0.0
crac_out[13],0,-1,2,1.1883730371959169e-15,0.0,0.0,0.0
crac_out[14],0,-1,2,1.183539655440647e-15,0.0,0.0,0.0
crac_out[15],0,-1,2,1.1993823479278546e-15,0.0,0.0,0.0
crac_out[16],0,-1,3,2.5990968817272975e-15,0.0,0.0,0.0
crac_out[17],0,-1,2,1.2553518498626954e-15,0.0,0.0,0.0
crac_out[18],0,-1,3,2.0030052801518457e-15,0.0,0.0,0.0
crac_out[19],0,-1,3,1.8867654664924804e-15,0.0,0.0,0.0
crac_out[1],0,-1,2,1.205289767460243e-15,0.0,0.0,0.0
crac_out[20],0,-1,3,2.676719616288392e-15,0.0,0.0,0.0
crac_out[21],0,-1,3,3.4123814952641447e-15,0.0,0.0,0.0
crac_out[22],0,-1,3,2.6634925615423057e-15,0.0,0.0,0.0
crac_out[2],0,-1,2,1.3057163230273177e-15,0.0,0.0,0.0
crac_out[31],0,-1,5,3.2591873281819688e-15,0.0,0.0,0.0
crac_out[3],0,-1,2,1.3081330139049527e-15,0.0,0.0,0.0
crac_out[4],0,-1,2,1.277463644950769e-15,0.0,0.0,0.0
crac_out[5],0,-1,2,1.2428825719670465e-15,0.0,0.0,0.0
crac_out[6],0,-1,2,1.368223437007304e-15,0.0,0.0,0.0
crac_out[7],0,-1,2,1.070282244788564e-15,0.0,0.0,0.0
crac_out[8],0,-1,2,1.1731253853541554e-15,0.0,0.0,0.0
crac_out[9],0,-1,2,1.2211324599474506e-15,0.0,0.0,0.0
crac_rd_done,0,-1,20,1.8405544829121906e-14,0.0,0.0,0.0
crac_wr,0,-1,4,2.8096648254917434e-15,0.0,0.0,0.0
i3_dout[0],0,-1,1,3.727647158232195e-15,0.0,0.0,0.0
i3_dout[10],0,-1,1,3.2343499928278677e-15,0.0,0.0,0.0
i3_dout[11],0,-1,1,2.0310702345514593e-15,0.0,0.0,0.0
i3_dout[12],0,-1,1,2.735601746891485e-15,0.0,0.0,0.0
i3_dout[13],0,-1,1,2.9713543095184064e-15,0.0,0.0,0.0
i3_dout[14],0,-1,1,3.720803979051328e-15,0.0,0.0,0.0
i3_dout[15],0,-1,1,3.543739152966105e-15,0.0,0.0,0.0
i3_dout[16],0,-1,1,5.856900899227282e-16,0.0,0.0,0.0
i3_dout[17],0,-1,1,2.6595890102048842e-15,0.0,0.0,0.0
i3_dout[18],0,-1,1,3.5220415569892386e-15,0.0,0.0,0.0
i3_dout[19],0,-1,1,3.839839636711343e-15,0.0,0.0,0.0
i3_dout[1],0,-1,1,1.6492876036311205e-15,0.0,0.0,0.0
i3_dout[20],0,-1,1,5.666831999819337e-16,0.0,0.0,0.0
i3_dout[21],0,-1,1,7.073296856812804e-16,0.0,0.0,0.0
i3_dout[22],0,-1,1,6.436904592277296e-16,0.0,0.0,0.0
i3_dout[23],0,-1,1,3.948369544726563e-15,0.0,0.0,0.0
i3_dout[24],0,-1,1,4.429714228212185e-15,0.0,0.0,0.0
i3_dout[25],0,-1,1,3.6863093563677845e-16,0.0,0.0,0.0
i3_dout[26],0,-1,1,1.2190853930721737e-15,0.0,0.0,0.0
i3_dout[27],0,-1,1,4.109991001419649e-16,0.0,0.0,0.0
i3_dout[28],0,-1,1,5.795721827029472e-16,0.0,0.0,0.0
i3_dout[29],0,-1,1,3.2079683046526853e-15,0.0,0.0,0.0
i3_dout[2],0,-1,1,1.1401641570029384e-15,0.0,0.0,0.0
i3_dout[30],0,-1,1,2.9717867198379797e-15,0.0,0.0,0.0
i3_dout[31],0,-1,1,4.163203358171618e-15,0.0,0.0,0.0
i3_dout[3],0,-1,1,1.7554755714263006e-15,0.0,0.0,0.0
i3_dout[4],0,-1,1,1.852736764869486e-15,0.0,0.0,0.0
i3_dout[5],0,-1,1,1.2868373350615587e-15,0.0,0.0,0.0
i3_dout[6],0,-1,1,2.8074136236761783e-15,0.0,0.0,0.0
i3_dout[7],0,-1,1,1.1272750684028065e-15,0.0,0.0,0.0
i3_dout[8],0,-1,1,3.238950228764406e-15,0.0,0.0,0.0
i3_dout[9],0,-1,1,3.858182982217082e-15,0.0,0.0,0.0
i3_empty,0,-1,1,5.572283535268852e-16,0.0,0.0,0.0
i3_full,0,-1,1,8.913016419348887e-16,0.0,0.0,0.0
i3_re,0,-1,6,3.927429196204542e-15,0.0,0.0,0.0
i3_status[0],0,-1,2,1.3342789092834432e-15,0.0,0.0,0.0
i3_status[1],0,-1,2,1.4341627284895648e-15,0.0,0.0,0.0
i4_dout[0],0,-1,1,1.1854806314392802e-15,0.0,0.0,0.0
i4_dout[10],0,-1,1,6.992487796062376e-16,0.0,0.0,0.0
i4_dout[11],0,-1,1,8.5472188883300125e-16,0.0,0.0,0.0
i4_dout[12],0,-1,1,1.6312732245462713e-15,0.0,0.0,0.0
i4_dout[13],0,-1,1,1.328204941897801e-15,0.0,0.0,0.0
i4_dout[14],0,-1,1,1.0528896937661179e-15,0.0,0.0,0.0
i4_dout[15],0,-1,1,1.0713749172905221e-15,0.0,0.0,0.0
i4_dout[16],0,-1,1,2.0001670845038334e-15,0.0,0.0,0.0
i4_dout[17],0,-1,1,8.746675559771495e-16,0.0,0.0,0.0
i4_dout[18],0,-1,1,7.082876270050659e-16,0.0,0.0,0.0
i4_dout[19],0,-1,1,9.4190010795119e-16,0.0,0.0,0.0
i4_dout[1],0,-1,1,1.0601521542558763e-15,0.0,0.0,0.0
i4_dout[20],0,-1,1,1.0118234189008613e-15,0.0,0.0,0.0
i4_dout[21],0,-1,1,1.3001436932673317e-15,0.0,0.0,0.0
i4_dout[22],0,-1,1,1.7997256313820494e-15,0.0,0.0,0.0
i4_dout[23],0,-1,1,8.403479514763326e-16,0.0,0.0,0.0
i4_dout[24],0,-1,1,5.878244011915722e-16,0.0,0.0,0.0
i4_dout[25],0,-1,1,1.5051309604587927e-15,0.0,0.0,0.0
i4_dout[26],0,-1,1,1.4843818296246146e-15,0.0,0.0,0.0
i4_dout[27],0,-1,1,9.103391309409027e-16,0.0,0.0,0.0
i4_dout[28],0,-1,1,1.1399867036004886e-15,0.0,0.0,0.0
i4_dout[29],0,-1,1,1.855377813599025e-15,0.0,0.0,0.0
i4_dout[2],0,-1,1,1.2751604564880661e-15,0.0,0.0,0.0
i4_dout[30],0,-1,1,7.274841993864861e-16,0.0,0.0,0.0
i4_dout[31],0,-1,1,7.743357622210488e-16,0.0,0.0,0.0
i4_dout[3],0,-1,1,1.0339649660212071e-15,0.0,0.0,0.0
i4_dout[4],0,-1,1,9.613398317280314e-16,0.0,0.0,0.0
i4_dout[5],0,-1,1,1.6034458628883625e-15,0.0,0.0,0.0
i4_dout[6],0,-1,1,2.0122186692773675e-15,0.0,0.0,0.0
i4_dout[7],0,-1,1,1.5839065068611003e-15,0.0,0.0,0.0
i4_dout[8],0,-1,1,1.5363453951145346e-15,0.0,0.0,0.0
i4_dout[9],0,-1,1,1.5764453112660924e-15,0.0,0.0,0.0
i4_empty,0,-1,1,5.373396493484398e-16,0.0,0.0,0.0
i4_full,0,-1,1,8.259821668117812e-16,0.0,0.0,0.0
i4_re,0,-1,7,4.72960158450636e-15,0.0,0.0,0.0
i4_status[0],0,-1,2,1.1723826433385318e-15,0.0,0.0,0.0
i4_status[1],0,-1,2,1.5419821876202751e-15,0.0,0.0,0.0
i6_dout[0],0,-1,1,2.4717467486570343e-15,0.0,0.0,0.0
i6_dout[10],0,-1,1,3.1248455734068318e-15,0.0,0.0,0.0
i6_dout[11],0,-1,1,3.831139761310094e-15,0.0,0.0,0.0
i6_dout[12],0,-1,1,3.3913231974042187e-15,0.0,0.0,0.0
i6_dout[13],0,-1,1,2.3660260254113833e-15,0.0,0.0,0.0
i6_dout[14],0,-1,1,1.813797389734785e-15,0.0,0.0,0.0
i6_dout[15],0,-1,1,2.5962516980574703e-15,0.0,0.0,0.0
i6_dout[16],0,-1,1,1.5729020665686093e-15,0.0,0.0,0.0
i6_dout[17],0,-1,1,3.3309168310125415e-15,0.0,0.0,0.0
i6_dout[18],0,-1,1,1.2270379736557075e-15,0.0,0.0,0.0
i6_dout[19],0,-1,1,3.425807179236362e-15,0.0,0.0,0.0
i6_dout[1],0,-1,1,9.65388649215907e-16,0.0,0.0,0.0
i6_dout[20],0,-1,1,2.8951666605281975e-15,0.0,0.0,0.0
i6_dout[21],0,-1,1,2.4425759927447803e-15,0.0,0.0,0.0
i6_dout[22],0,-1,1,6.476830549037311e-16,0.0,0.0,0.0
i6_dout[23],0,-1,1,2.2182022589730364e-15,0.0,0.0,0.0
i6_dout[24],0,-1,1,2.161528766779909e-15,0.0,0.0,0.0
i6_dout[25],0,-1,1,2.1551751726425544e-15,0.0,0.0,0.0
i6_dout[26],0,-1,1,1.477519380444197e-15,0.0,0.0,0.0
i6_dout[27],0,-1,1,3.0064886008958043e-15,0.0,0.0,0.0
i6_dout[28],0,-1,1,1.6399161369818173e-15,0.0,0.0,0.0
i6_dout[29],0,-1,1,5.521831076556833e-16,0.0,0.0,0.0
i6_dout[2],0,-1,1,1.9333448670531784e-15,0.0,0.0,0.0
i6_dout[30],0,-1,1,5.695788879912409e-16,0.0,0.0,0.0
i6_dout[31],0,-1,1,2.4282228076953193e-15,0.0,0.0,0.0
i6_dout[3],0,-1,1,2.512779777479111e-15,0.0,0.0,0.0
i6_dout[4],0,-1,1,3.1786131073161666e-15,0.0,0.0,0.0
i6_dout[5],0,-1,1,2.6873090104367284e-15,0.0,0.0,0.0
i6_dout[6],0,-1,1,1.8096153763159538e-15,0.0,0.0,0.0
i6_dout[7],0,-1,1,3.00353224415165e-15,0.0,0.0,0.0
i6_dout[8],0,-1,1,1.4146367132312218e-15,0.0,0.0,0.0
i6_dout[9],0,-1,1,3.3476476375449453e-15,0.0,0.0,0.0
i6_empty,0,-1,1,5.033138594012017e-16,0.0,0.0,0.0
i6_full,0,-1,1,8.357180693866406e-16,0.0,0.0,0.0
i6_re,0,-1,6,3.891352368915087e-15,0.0,0.0,0.0
i6_status[0],0,-1,2,1.3812052757151603e-15,0.0,0.0,0.0
i6_status[1],0,-1,2,1.5024109259069223e-15,0.0,0.0,0.0
ic0_cfg[0],0,-1,1,1.4096212193922923e-15,0.0,0.0,0.0
ic0_cfg[1],0,-1,2,1.5077252106179958e-15,0.0,0.0,0.0
ic0_cfg[2],0,-1,2,1.355669032300456e-15,0.0,0.0,0.0
ic0_cfg[3],0,-1,1,8.188012861827553e-16,0.0,0.0,0.0
ic0_cfg[4],0,-1,3,1.92631766996452e-15,0.0,0.0,0.0
ic0_cfg[5],0,-1,2,1.7925025579243383e-15,0.0,0.0,0.0
ic0_cfg[6],0,-1,1,8.647182010995821e-16,0.0,0.0,0.0
ic0_int_set[0],0,-1,1,6.546238546317697e-16,0.0,0.0,0.0
ic0_int_set[1],0,-1,2,1.2086352299645422e-15,0.0,0.0,0.0
ic0_int_set[2],0,-1,2,1.736393401432319e-15,0.0,0.0,0.0
ic1_cfg[0],0,-1,1,1.4907142479382877e-15,0.0,0.0,0.0
ic1_cfg[1],0,-1,1,8.47801470835256e-16,0.0,0.0,0.0
ic1_cfg[2],0,-1,2,1.380162260519735e-15,0.0,0.0,0.0
ic1_cfg[3],0,-1,1,8.094611068129413e-16,0.0,0.0,0.0
ic1_cfg[4],0,-1,3,2.4795333107829063e-15,0.0,0.0,0.0
ic1_cfg[5],0,-1,2,1.450945204031751e-15,0.0,0.0,0.0
ic1_cfg[6],0,-1,1,8.360446005878071e-16,0.0,0.0,0.0
ic1_int_set[0],0,-1,1,6.21864431880236e-16,0.0,0.0,0.0
ic1_int_set[1],0,-1,2,1.180690871880794e-15,0.0,0.0,0.0
ic1_int_set[2],0,-1,2,1.5290612294055028e-15,0.0,0.0,0.0
ic2_cfg[0],0,-1,5,4.987734451665634e-15,0.0,0.0,0.0
ic2_cfg[1],0,-1,1,8.588687503845215e-16,0.0,0.0,0.0
ic2_cfg[2],0,-1,2,1.4647461235996022e-15,0.0,0.0,0.0
ic2_cfg[3],0,-1,2,1.3801623663988534e-15,0.0,0.0,0.0
ic2_cfg[4],0,-1,4,3.701403112910942e-15,0.0,0.0,0.0
ic2_cfg[5],0,-1,3,3.112315415018099e-15,0.0,0.0,0.0
ic2_cfg[6],0,-1,2,2.2710541502663894e-15,0.0,0.0,0.0
ic2_int_set[0],0,-1,1,6.401237623055193e-16,0.0,0.0,0.0
ic2_int_set[1],0,-1,2,1.7738483513269569e-15,0.0,0.0,0.0
ic2_int_set[2],0,-1,2,1.4046980521446135e-15,0.0,0.0,0.0
in_slt0[11],0,-1,2,1.691653968191294e-15,0.0,0.0,0.0
in_slt0[12],0,-1,2,2.93930215927783e-15,0.0,0.0,0.0
in_slt0[15],0,-1,2,1.2465514951780785e-15,0.0,0.0,0.0
in_slt0[9],0,-1,2,1.1743534772485557e-15,0.0,0.0,0.0
in_slt1[10],0,-1,2,2.333576404960308e-15,0.0,0.0,0.0
in_slt1[11],0,-1,2,3.0795852149032455e-15,0.0,0.0,0.0
in_slt1[5],0,-1,2,2.2752236699492487e-15,0.0,0.0,0.0
in_slt1[6],0,-1,2,1.315019074128775e-15,0.0,0.0,0.0
in_slt1[7],0,-1,2,1.7673209036771784e-15,0.0,0.0,0.0
in_slt1[8],0,-1,2,2.781682456804487e-15,0.0,0.0,0.0
in_slt2[10],0,-1,2,1.211734100002072e-15,0.0,0.0,0.0
in_slt2[11],0,-1,2,1.2299210620499244e-15,0.0,0.0,0.0
in_slt2[12],0,-1,2,1.2420769377550892e-15,0.0,0.0,0.0
in_slt2[13],0,-1,2,1.1376287756335694e-15,0.0,0.0,0.0
in_slt2[14],0,-1,2,1.352060248428679e-15,0.0,0.0,0.0
in_slt2[15],0,-1,2,1.3546447577089888e-15,0.0,0.0,0.0
in_slt2[16],0,-1,2,1.2904104376704325e-15,0.0,0.0,0.0
in_slt2[17],0,-1,2,1.2468003111063344e-15,0.0,0.0,0.0
in_slt2[18],0,-1,2,1.2458941976110091e-15,0.0,0.0,0.0
in_slt2[19],0,-1,2,1.1998092525332708e-15,0.0,0.0,0.0
in_slt2[4],0,-1,2,1.2001359954926741e-15,0.0,0.0,0.0
in_slt2[5],0,-1,2,1.2377696693391827e-15,0.0,0.0,0.0
in_slt2[6],0,-1,2,1.1842933030054665e-15,0.0,0.0,0.0
in_slt2[7],0,-1,2,1.3156513842239002e-15,0.0,0.0,0.0
in_slt2[8],0,-1,2,1.1421356261876727e-15,0.0,0.0,0.0
in_slt2[9],0,-1,2,1.345994116097799e-15,0.0,0.0,0.0
in_slt3[0],0,-1,2,1.5194084419385928e-15,0.0,0.0,0.0
in_slt3[10],0,-1,2,1.212599238278574e-15,0.0,0.0,0.0
in_slt3[11],0,-1,2,2.2732282720837544e-15,0.0,0.0,0.0
in_slt3[12],0,-1,2,1.5005471357856077e-15,0.0,0.0,0.0
in_slt3[13],0,-1,2,2.0794574151798348e-15,0.0,0.0,0.0
in_slt3[14],0,-1,2,1.3758593331476832e-15,0.0,0.0,0.0
in_slt3[15],0,-1,2,1.9383213973765342e-15,0.0,0.0,0.0
in_slt3[16],0,-1,3,2.462931253258485e-15,0.0,0.0,0.0
in_slt3[17],0,-1,3,2.4112014688620073e-15,0.0,0.0,0.0
in_slt3[18],0,-1,3,2.6412562526109858e-15,0.0,0.0,0.0
in_slt3[19],0,-1,3,2.505854647860597e-15,0.0,0.0,0.0
in_slt3[1],0,-1,2,1.3105402815410494e-15,0.0,0.0,0.0
in_slt3[2],0,-1,3,1.9318485833518537e-15,0.0,0.0,0.0
in_slt3[3],0,-1,3,2.1162059395964626e-15,0.0,0.0,0.0
in_slt3[4],0,-1,3,1.9119617320579804e-15,0.0,0.0,0.0
in_slt3[5],0,-1,3,2.0119027259880417e-15,0.0,0.0,0.0
in_slt3[6],0,-1,2,1.269851995128505e-15,0.0,0.0,0.0
in_slt3[7],0,-1,2,1.3215783913931938e-15,0.0,0.0,0.0
in_slt3[8],0,-1,2,1.3083112084612313e-15,0.0,0.0,0.0
in_slt3[9],0,-1,2,1.7945799062274795e-15,0.0,0.0,0.0
in_slt4[0],0,-1,2,1.1935236327899335e-15,0.0,0.0,0.0
in_slt4[10],0,-1,3,2.034327287991889e-15,0.0,0.0,0.0
in_slt4[11],0,-1,2,1.3228112478479224e-15,0.0,0.0,0.0
in_slt4[12],0,-1,3,1.8620293515755762e-15,0.0,0.0,0.0
in_slt4[13],0,-1,2,1.2924685159740237e-15,0.0,0.0,0.0
in_slt4[14],0,-1,3,2.012263562023572e-15,0.0,0.0,0.0
in_slt4[15],0,-1,2,1.913467333121725e-15,0.0,0.0,0.0
in_slt4[16],0,-1,3,2.5441263492746247e-15,0.0,0.0,0.0
in_slt4[17],0,-1,3,1.7769406568591455e-15,0.0,0.0,0.0
in_slt4[18],0,-1,3,1.999780202205175e-15,0.0,0.0,0.0
in_slt4[19],0,-1,3,2.3875597205129558e-15,0.0,0.0,0.0
in_slt4[1],0,-1,2,1.2431228116867115e-15,0.0,0.0,0.0
in_slt4[2],0,-1,3,1.7619335623744042e-15,0.0,0.0,0.0
in_slt4[3],0,-1,3,1.9439321436191467e-15,0.0,0.0,0.0
in_slt4[4],0,-1,3,1.8543766206553704e-15,0.0,0.0,0.0
in_slt4[5],0,-1,3,2.0643012428963768e-15,0.0,0.0,0.0
in_slt4[6],0,-1,2,1.2924685159740237e-15,0.0,0.0,0.0
in_slt4[7],0,-1,2,1.2127180346494263e-15,0.0,0.0,0.0
in_slt4[8],0,-1,2,1.871367678060818e-15,0.0,0.0,0.0
in_slt4[9],0,-1,2,1.2054679620165216e-15,0.0,0.0,0.0
in_slt6[0],0,-1,2,1.150016738366282e-15,0.0,0.0,0.0
in_slt6[10],0,-1,2,1.3998185070937183e-15,0.0,0.0,0.0
in_slt6[11],0,-1,2,1.5655820078384376e-15,0.0,0.0,0.0
in_slt6[12],0,-1,2,1.263468331321523e-15,0.0,0.0,0.0
in_slt6[13],0,-1,2,2.5340322576421952e-15,0.0,0.0,0.0
in_slt6[14],0,-1,2,1.1575705781898958e-15,0.0,0.0,0.0
in_slt6[15],0,-1,2,1.262235368987676e-15,0.0,0.0,0.0
in_slt6[16],0,-1,3,2.349740969967472e-15,0.0,0.0,0.0
in_slt6[17],0,-1,3,2.1752576885472434e-15,0.0,0.0,0.0
in_slt6[18],0,-1,3,2.21672270417242e-15,0.0,0.0,0.0
in_slt6[19],0,-1,3,2.2054258257548894e-15,0.0,0.0,0.0
in_slt6[1],0,-1,2,1.2811119217337116e-15,0.0,0.0,0.0
in_slt6[2],0,-1,3,2.1586905711318966e-15,0.0,0.0,0.0
in_slt6[3],0,-1,3,1.710933496861986e-15,0.0,0.0,0.0
in_slt6[4],0,-1,3,2.154581614304766e-15,0.0,0.0,0.0
in_slt6[5],0,-1,3,2.02506053579069e-15,0.0,0.0,0.0
in_slt6[6],0,-1,2,1.49459979982558e-15,0.0,0.0,0.0
in_slt6[7],0,-1,2,1.0295138078833858e-15,0.0,0.0,0.0
in_slt6[8],0,-1,2,1.337311393113732e-15,0.0,0.0,0.0
in_slt6[9],0,-1,2,1.3622257025869148e-15,0.0,0.0,0.0
in_valid[0],0,-1,1,3.9233697908048256e-16,0.0,0.0,0.0
in_valid[1],0,-1,1,3.370798318542826e-16,0.0,0.0,0.0
in_valid[2],0,-1,1,3.405706134485952e-16,0.0,0.0,0.0
in_valid_s1[0],0,-1,1,3.971703078961932e-16,0.0,0.0,0.0
in_valid_s1[1],0,-1,1,3.3332056728547e-16,0.0,0.0,0.0
in_valid_s1[2],0,-1,1,4.103278000614863e-16,0.0,0.0,0.0
in_valid_s[0],0,-1,4,2.428813824934266e-15,0.0,0.0,0.0
in_valid_s[1],0,-1,4,2.5341679946719927e-15,0.0,0.0,0.0
in_valid_s[2],0,-1,5,2.915579095765842e-15,0.0,0.0,0.0
ld,0,-1,10,4.166418271722922e-15,0.0,0.0,0.0
n_0,0,-1,1,1.4936974979785174e-15,0.0,0.0,0.0
n_1,0,-1,1,6.444680884128682e-16,0.0,0.0,0.0
n_10000,0,-1,12,1.8927517024406107e-14,0.0,0.0,0.0
n_10001,0,-1,1,6.744785716132065e-16,0.0,0.0,0.0
n_10005,0,-1,1,7.358701961412181e-16,0.0,0.0,0.0
n_10007,0,-1,1,8.362966987687337e-16,0.0,0.0,0.0
n_10009,0,-1,1,7.479535975898335e-16,0.0,0.0,0.0
n_10013,0,-1,1,7.501432306980451e-16,0.0,0.0,0.0
n_10014,0,-1,1,7.659859231852527e-16,0.0,0.0,0.0
n_10017,0,-1,1,8.169632246872135e-16,0.0,0.0,0.0
n_10018,0,-1,1,7.069694849204606e-16,0.0,0.0,0.0
n_10019,0,-1,1,8.435467184620792e-16,0.0,0.0,0.0
n_10022,0,-1,1,8.532362989226356e-16,0.0,0.0,0.0
n_10025,0,-1,1,1.6067148806691721e-15,0.0,0.0,0.0
n_10026,0,-1,13,2.1484933108864915e-14,0.0,0.0,0.0
n_10030,0,-1,1,8.288195683664055e-16,0.0,0.0,0.0
n_10034,0,-1,1,8.145465338095785e-16,0.0,0.0,0.0
n_10036,0,-1,1,7.0106201244851305e-16,0.0,0.0,0.0
n_10038,0,-1,1,7.57620308160814e-16,0.0,0.0,0.0
n_10042,0,-1,1,7.517128886284257e-16,0.0,0.0,0.0
n_10043,0,-1,1,6.744785716132065e-16,0.0,0.0,0.0
n_10046,0,-1,1,6.806131018545773e-16,0.0,0.0,0.0
n_10047,0,-1,1,7.807130203413672e-16,0.0,0.0,0.0
n_10048,0,-1,1,8.8221361368556045e-16,0.0,0.0,0.0
n_10050,0,-1,1,7.756920207882805e-16,0.0,0.0,0.0
n_10054,0,-1,1,1.4389478293668411e-15,0.0,0.0,0.0
n_10057,0,-1,1,8.580467578487704e-16,0.0,0.0,0.0
n_10058,0,-1,12,1.820080171917749e-14,0.0,0.0,0.0
n_10061,0,-1,1,7.808124937731104e-16,0.0,0.0,0.0
n_10065,0,-1,1,8.45963356400155e-16,0.0,0.0,0.0
n_10069,0,-1,1,7.565462703836956e-16,0.0,0.0,0.0
n_10071,0,-1,1,7.141200841216222e-16,0.0,0.0,0.0
n_10072,0,-1,1,8.384863318769452e-16,0.0,0.0,0.0
n_10075,0,-1,1,9.47236944914484e-16,0.0,0.0,0.0
n_10076,0,-1,1,8.674864635898867e-16,0.0,0.0,0.0
n_10079,0,-1,1,7.976526734348283e-16,0.0,0.0,0.0
n_10083,0,-1,1,2.755947901801007e-15,0.0,0.0,0.0
n_10089,0,-1,1,7.152356265131561e-16,0.0,0.0,0.0
n_10092,0,-1,1,7.431202158345637e-16,0.0,0.0,0.0
n_10094,0,-1,1,7.297356658998472e-16,0.0,0.0,0.0
n_10099,0,-1,1,8.169632246872135e-16,0.0,0.0,0.0
n_101,0,-1,2,2.881569452384161e-15,0.0,0.0,0.0
n_10100,0,-1,1,7.853192913876545e-16,0.0,0.0,0.0
n_10103,0,-1,1,6.99719465227115e-16,0.0,0.0,0.0
n_10104,0,-1,1,7.431202687741229e-16,0.0,0.0,0.0
n_10105,0,-1,1,8.663709211983528e-16,0.0,0.0,0.0
n_10107,0,-1,1,8.57532608849787e-16,0.0,0.0,0.0
n_10112,0,-1,1,1.440290588346476e-15,0.0,0.0,0.0
n_10119,0,-1,1,8.650697727122518e-16,0.0,0.0,0.0
n_10122,0,-1,1,7.552036172831791e-16,0.0,0.0,0.0
n_10124,0,-1,1,7.949860548981942e-16,0.0,0.0,0.0
n_10128,0,-1,1,6.889786639394568e-16,0.0,0.0,0.0
n_10129,0,-1,1,7.012891231574956e-16,0.0,0.0,0.0
n_10132,0,-1,1,8.2156954867306e-16,0.0,0.0,0.0
n_10133,0,-1,1,6.865619730618219e-16,0.0,0.0,0.0
n_10134,0,-1,1,8.419770605316986e-16,0.0,0.0,0.0
n_10138,0,-1,1,8.59949299727422e-16,0.0,0.0,0.0
n_10140,0,-1,1,1.4327139845124047e-15,0.0,0.0,0.0
n_10143,0,-1,12,1.5104952201137542e-14,0.0,0.0,0.0
n_10146,0,-1,1,8.532134290330597e-16,0.0,0.0,0.0
n_10151,0,-1,1,8.070694563468096e-16,0.0,0.0,0.0
n_10156,0,-1,1,8.094861472244445e-16,0.0,0.0,0.0
n_10157,0,-1,1,7.356431383717947e-16,0.0,0.0,0.0
n_10160,0,-1,1,6.731359714522492e-16,0.0,0.0,0.0
n_10161,0,-1,1,8.094861472244445e-16,0.0,0.0,0.0
n_10162,0,-1,1,7.549765595137557e-16,0.0,0.0,0.0
n_10165,0,-1,1,8.604863186159812e-16,0.0,0.0,0.0
n_10168,0,-1,1,1.2934239691385265e-15,0.0,0.0,0.0
n_1017,0,-1,1,1.3183021738323326e-15,0.0,0.0,0.0
n_10171,0,-1,11,1.6871068412205488e-14,0.0,0.0,0.0
n_10175,0,-1,1,8.097132049938679e-16,0.0,0.0,0.0
n_10177,0,-1,1,7.565462174441363e-16,0.0,0.0,0.0
n_10182,0,-1,1,7.36985738532752e-16,0.0,0.0,0.0
n_10183,0,-1,1,8.094861472244445e-16,0.0,0.0,0.0
n_10186,0,-1,1,8.143194760401552e-16,0.0,0.0,0.0
n_10187,0,-1,1,8.357430568585846e-16,0.0,0.0,0.0
n_10188,0,-1,1,7.808124937731104e-16,0.0,0.0,0.0
n_10192,0,-1,1,7.568956185348787e-16,0.0,0.0,0.0
n_10194,0,-1,15,1.804237775892073e-14,0.0,0.0,0.0
n_10195,0,-1,2,2.756658985960227e-15,0.0,0.0,0.0
n_10196,0,-1,11,1.732419715766865e-14,0.0,0.0,0.0
n_10198,0,-1,11,1.4017616006747197e-14,0.0,0.0,0.0
n_10202,0,-1,1,8.532134290330597e-16,0.0,0.0,0.0
n_10203,0,-1,1,7.687291452640542e-16,0.0,0.0,0.0
n_10204,0,-1,1,7.882896241754385e-16,0.0,0.0,0.0
n_10209,0,-1,1,9.15493538183182e-16,0.0,0.0,0.0
n_10210,0,-1,1,8.557295404028786e-16,0.0,0.0,0.0
n_10213,0,-1,1,8.288196213059647e-16,0.0,0.0,0.0
n_10214,0,-1,1,8.167361669177901e-16,0.0,0.0,0.0
n_10215,0,-1,1,7.737895318491882e-16,0.0,0.0,0.0
n_10218,0,-1,1,8.02486002250539e-16,0.0,0.0,0.0
n_10227,0,-1,1,7.302892548704371e-16,0.0,0.0,0.0
n_10230,0,-1,1,7.431202687741229e-16,0.0,0.0,0.0
n_10231,0,-1,1,7.791433624109866e-16,0.0,0.0,0.0
n_10234,0,-1,1,6.661129565887678e-16,0.0,0.0,0.0
n_10238,0,-1,1,7.808124937731104e-16,0.0,0.0,0.0
n_10240,0,-1,1,7.759791649573997e-16,0.0,0.0,0.0
n_10241,0,-1,1,8.457363515702908e-16,0.0,0.0,0.0
n_10242,0,-1,1,8.011205851395651e-16,0.0,0.0,0.0
n_10244,0,-1,1,8.4598627922929e-16,0.0,0.0,0.0
n_10247,0,-1,6,9.777462246416367e-15,0.0,0.0,0.0
n_10254,0,-1,1,8.142200555479712e-16,0.0,0.0,0.0
n_10257,0,-1,1,8.290466261358289e-16,0.0,0.0,0.0
n_10259,0,-1,1,7.501432306980451e-16,0.0,0.0,0.0
n_10260,0,-1,1,7.708192520009633e-16,0.0,0.0,0.0
n_10265,0,-1,1,8.492270802250442e-16,0.0,0.0,0.0
n_10267,0,-1,1,6.924693925942102e-16,0.0,0.0,0.0
n_10268,0,-1,1,7.404764671875054e-16,0.0,0.0,0.0
n_10269,0,-1,1,8.169632246872135e-16,0.0,0.0,0.0
n_10272,0,-1,1,7.979791516964357e-16,0.0,0.0,0.0
n_10276,0,-1,2,3.362925782572808e-15,0.0,0.0,0.0
n_10288,0,-1,1,7.552036172831791e-16,0.0,0.0,0.0
n_1029,0,-1,1,7.482567824453913e-16,0.0,0.0,0.0
n_10292,0,-1,1,7.544561107072272e-16,0.0,0.0,0.0
n_103,0,-1,1,1.80331091008954e-15,0.0,0.0,0.0
n_10302,0,-1,4,7.695549282722442e-15,0.0,0.0,0.0
n_10303,0,-1,1,1.388197638573863e-15,0.0,0.0,0.0
n_10306,0,-1,1,7.782963824032915e-16,0.0,0.0,0.0
n_10310,0,-1,1,8.169632246872135e-16,0.0,0.0,0.0
n_10315,0,-1,1,7.938705125066603e-16,0.0,0.0,0.0
n_10317,0,-1,1,6.806131018545773e-16,0.0,0.0,0.0
n_1032,0,-1,1,1.1446275971184949e-15,0.0,0.0,0.0
n_10321,0,-1,1,6.733630292216726e-16,0.0,0.0,0.0
n_10323,0,-1,1,7.542290529378038e-16,0.0,0.0,0.0
n_10324,0,-1,1,7.721204004870644e-16,0.0,0.0,0.0
n_10326,0,-1,1,7.520394198295922e-16,0.0,0.0,0.0
n_10327,0,-1,1,8.293960272265713e-16,0.0,0.0,0.0
n_10329,0,-1,4,7.0072333691246526e-15,0.0,0.0,0.0
n_1033,0,-1,1,1.2329708041765135e-15,0.0,0.0,0.0
n_10330,0,-1,2,4.132184164610218e-15,0.0,0.0,0.0
n_10335,0,-1,1,8.390398679079759e-16,0.0,0.0,0.0
n_10336,0,-1,1,6.674556096892843e-16,0.0,0.0,0.0
n_10339,0,-1,1,8.145465338095785e-16,0.0,0.0,0.0
n_10344,0,-1,1,8.177107842027246e-16,0.0,0.0,0.0
n_10346,0,-1,1,7.286201235083133e-16,0.0,0.0,0.0
n_10350,0,-1,1,8.145465338095785e-16,0.0,0.0,0.0
n_10351,0,-1,1,7.8554640209663705e-16,0.0,0.0,0.0
n_10352,0,-1,1,8.100397361950344e-16,0.0,0.0,0.0
n_10356,0,-1,1,2.0610575302248664e-15,0.0,0.0,0.0
n_10363,0,-1,1,8.625536084028737e-16,0.0,0.0,0.0
n_10366,0,-1,1,8.797969228079255e-16,0.0,0.0,0.0
n_10369,0,-1,1,7.399560183809768e-16,0.0,0.0,0.0
n_10370,0,-1,1,7.953125860993607e-16,0.0,0.0,0.0
n_10372,0,-1,1,8.07296514116233e-16,0.0,0.0,0.0
n_10376,0,-1,1,7.793704201804099e-16,0.0,0.0,0.0
n_10377,0,-1,1,7.697037096094294e-16,0.0,0.0,0.0
n_10378,0,-1,1,8.143194760401552e-16,0.0,0.0,0.0
n_10379,0,-1,1,8.894636863184652e-16,0.0,0.0,0.0
n_104,0,-1,1,7.332479409551964e-16,0.0,0.0,0.0
n_1040,0,-1,1,8.246515309912039e-16,0.0,0.0,0.0
n_10408,0,-1,3,3.2862244081000892e-15,0.0,0.0,0.0
n_1041,0,-1,1,7.291099203100631e-16,0.0,0.0,0.0
n_10413,0,-1,1,7.866204398737555e-16,0.0,0.0,0.0
n_10414,0,-1,1,7.592894395229378e-16,0.0,0.0,0.0
n_1042,0,-1,5,3.96753239460877e-15,0.0,0.0,0.0
n_10420,0,-1,1,7.211430460455444e-16,0.0,0.0,0.0
n_10422,0,-1,1,8.604635016659645e-16,0.0,0.0,0.0
n_10426,0,-1,1,8.580468107883296e-16,0.0,0.0,0.0
n_10429,0,-1,1,7.128189356355211e-16,0.0,0.0,0.0
n_10430,0,-1,1,6.926965033031928e-16,0.0,0.0,0.0
n_10431,0,-1,1,8.07296514116233e-16,0.0,0.0,0.0
n_10434,0,-1,3,3.4797625427017507e-15,0.0,0.0,0.0
n_10439,0,-1,1,7.869470240144812e-16,0.0,0.0,0.0
n_1044,0,-1,1,7.34985999623403e-16,0.0,0.0,0.0
n_10442,0,-1,1,7.18953465876892e-16,0.0,0.0,0.0
n_10446,0,-1,1,7.735624211402056e-16,0.0,0.0,0.0
n_10452,0,-1,1,7.734630006480216e-16,0.0,0.0,0.0
n_10455,0,-1,1,7.832291846507453e-16,0.0,0.0,0.0
n_10456,0,-1,1,8.435467184620792e-16,0.0,0.0,0.0
n_10457,0,-1,1,7.503702884674684e-16,0.0,0.0,0.0
n_10460,0,-1,2,4.049269379952916e-15,0.0,0.0,0.0
n_10464,0,-1,1,6.926965033031928e-16,0.0,0.0,0.0
n_10467,0,-1,1,7.810395515425337e-16,0.0,0.0,0.0
n_10470,0,-1,1,7.68729092324495e-16,0.0,0.0,0.0
n_10471,0,-1,1,7.759791120178405e-16,0.0,0.0,0.0
n_10473,0,-1,1,7.689561500939183e-16,0.0,0.0,0.0
n_10477,0,-1,1,6.516129172020766e-16,0.0,0.0,0.0
n_10481,0,-1,1,7.549765595137557e-16,0.0,0.0,0.0
n_10482,0,-1,1,7.444628159955209e-16,0.0,0.0,0.0
n_10483,0,-1,1,8.027896635621297e-16,0.0,0.0,0.0
n_10486,0,-1,2,4.02993627644831e-15,0.0,0.0,0.0
n_10490,0,-1,1,7.617061304005727e-16,0.0,0.0,0.0
n_10493,0,-1,1,8.290466790753881e-16,0.0,0.0,0.0
n_10496,0,-1,1,7.853192913876545e-16,0.0,0.0,0.0
n_10497,0,-1,1,8.652968304816752e-16,0.0,0.0,0.0
n_10499,0,-1,1,8.435467184620792e-16,0.0,0.0,0.0
n_105,0,-1,1,7.207415524285458e-16,0.0,0.0,0.0
n_10503,0,-1,1,7.503702884674684e-16,0.0,0.0,0.0
n_10506,0,-1,1,8.749635410526557e-16,0.0,0.0,0.0
n_10507,0,-1,1,7.637962900770411e-16,0.0,0.0,0.0
n_10509,0,-1,1,8.532134290330597e-16,0.0,0.0,0.0
n_1051,0,-1,1,1.2253442253985542e-15,0.0,0.0,0.0
n_1054,0,-1,1,6.343868610933251e-16,0.0,0.0,0.0
n_10563,0,-1,2,1.8300627516626726e-15,0.0,0.0,0.0
n_10565,0,-1,2,1.27960081495581e-15,0.0,0.0,0.0
n_10576,0,-1,10,7.670637196710746e-15,0.0,0.0,0.0
n_1058,0,-1,2,1.2587506754426717e-15,0.0,0.0,0.0
n_1059,0,-1,1,6.320220509837095e-16,0.0,0.0,0.0
n_106,0,-1,1,6.590549486766529e-16,0.0,0.0,0.0
n_10613,0,-1,10,1.2211567274413894e-14,0.0,0.0,0.0
n_10614,0,-1,11,8.776512401217646e-15,0.0,0.0,0.0
n_10615,0,-1,1,7.648735042277118e-16,0.0,0.0,0.0
n_10617,0,-1,1,1.0025136797775893e-15,0.0,0.0,0.0
n_10620,0,-1,1,6.289646326210359e-16,0.0,0.0,0.0
n_10621,0,-1,1,1.495571452495199e-15,0.0,0.0,0.0
n_10622,0,-1,1,6.602260776053504e-16,0.0,0.0,0.0
n_10623,0,-1,1,6.02878506004886e-16,0.0,0.0,0.0
n_10624,0,-1,1,7.028453344398386e-16,0.0,0.0,0.0
n_10626,0,-1,10,7.597250262160633e-15,0.0,0.0,0.0
n_10627,0,-1,1,6.942912016450766e-16,0.0,0.0,0.0
n_10628,0,-1,1,7.491061976728098e-16,0.0,0.0,0.0
n_10629,0,-1,1,7.72526341027036e-16,0.0,0.0,0.0
n_10631,0,-1,1,6.897447523006891e-16,0.0,0.0,0.0
n_10633,0,-1,1,1.4793207018856517e-15,0.0,0.0,0.0
n_10635,0,-1,1,8.939339026975998e-16,0.0,0.0,0.0
n_10636,0,-1,1,8.758291557851904e-16,0.0,0.0,0.0
n_10637,0,-1,2,2.712309187874939e-15,0.0,0.0,0.0
n_10638,0,-1,9,1.1923965707503169e-14,0.0,0.0,0.0
n_10640,0,-1,9,1.2098006414208457e-14,0.0,0.0,0.0
n_10641,0,-1,1,7.544561107072272e-16,0.0,0.0,0.0
n_10642,0,-1,1,7.721204004870644e-16,0.0,0.0,0.0
n_10644,0,-1,1,7.262034855702376e-16,0.0,0.0,0.0
n_10649,0,-1,1,7.399559654414176e-16,0.0,0.0,0.0
n_10651,0,-1,1,8.217966064424833e-16,0.0,0.0,0.0
n_10654,0,-1,1,7.552036172831791e-16,0.0,0.0,0.0
n_10656,0,-1,1,7.479535975898335e-16,0.0,0.0,0.0
n_10657,0,-1,1,7.882895712358793e-16,0.0,0.0,0.0
n_10659,0,-1,2,2.8032015405877195e-15,0.0,0.0,0.0
n_10660,0,-1,4,7.665850613525812e-15,0.0,0.0,0.0
n_10661,0,-1,2,2.7224989942304084e-15,0.0,0.0,0.0
n_10665,0,-1,1,7.302893078099963e-16,0.0,0.0,0.0
n_10666,0,-1,1,8.056273827541092e-16,0.0,0.0,0.0
n_10669,0,-1,1,7.431202687741229e-16,0.0,0.0,0.0
n_10670,0,-1,1,7.428932110046995e-16,0.0,0.0,0.0
n_10676,0,-1,1,7.769537822423342e-16,0.0,0.0,0.0
n_10679,0,-1,1,7.490691399813674e-16,0.0,0.0,0.0
n_10680,0,-1,1,7.76953729302775e-16,0.0,0.0,0.0
n_10681,0,-1,1,7.737895318491882e-16,0.0,0.0,0.0
n_10683,0,-1,2,2.422451548709202e-15,0.0,0.0,0.0
n_10684,0,-1,4,8.08128215767142e-15,0.0,0.0,0.0
n_107,0,-1,1,4.875364943300511e-15,0.0,0.0,0.0
n_10709,0,-1,10,5.7387803547876565e-15,0.0,0.0,0.0
n_10735,0,-1,10,5.070013114579549e-15,0.0,0.0,0.0
n_10761,0,-1,10,5.3324497561438224e-15,0.0,0.0,0.0
n_10787,0,-1,10,5.9491244700957905e-15,0.0,0.0,0.0
n_108,0,-1,2,1.0960904916584554e-15,0.0,0.0,0.0
n_10813,0,-1,10,5.513700830812613e-15,0.0,0.0,0.0
n_1082,0,-1,2,1.1519691493097031e-15,0.0,0.0,0.0
n_1083,0,-1,1,6.343305863418919e-16,0.0,0.0,0.0
n_10839,0,-1,10,5.190520915501892e-15,0.0,0.0,0.0
n_1084,0,-1,1,8.222344695366546e-16,0.0,0.0,0.0
n_1086,0,-1,1,1.191162740207699e-15,0.0,0.0,0.0
n_10867,0,-1,5,6.000238249781378e-15,0.0,0.0,0.0
n_10869,0,-1,1,6.462756037827497e-16,0.0,0.0,0.0
n_10870,0,-1,1,7.096603497752099e-16,0.0,0.0,0.0
n_10871,0,-1,1,6.82704902657381e-16,0.0,0.0,0.0
n_10873,0,-1,1,9.03389437366918e-16,0.0,0.0,0.0
n_10877,0,-1,1,1.313742171960789e-15,0.0,0.0,0.0
n_10878,0,-1,1,1.0774078035782225e-15,0.0,0.0,0.0
n_1088,0,-1,3,1.5834729318712245e-15,0.0,0.0,0.0
n_10881,0,-1,1,1.1761651748436143e-15,0.0,0.0,0.0
n_10882,0,-1,1,6.996216329217071e-16,0.0,0.0,0.0
n_10884,0,-1,1,8.361503738270955e-16,0.0,0.0,0.0
n_10885,0,-1,1,7.590416294463067e-16,0.0,0.0,0.0
n_10887,0,-1,1,5.766975116986437e-16,0.0,0.0,0.0
n_10888,0,-1,1,6.747843505071653e-16,0.0,0.0,0.0
n_10889,0,-1,10,8.170003776698624e-15,0.0,0.0,0.0
n_1089,0,-1,1,8.176355041495374e-16,0.0,0.0,0.0
n_10890,0,-1,2,2.6843831468786753e-15,0.0,0.0,0.0
n_10891,0,-1,9,1.5726796357166603e-14,0.0,0.0,0.0
n_10892,0,-1,1,8.529863712636364e-16,0.0,0.0,0.0
n_10894,0,-1,1,7.810395515425337e-16,0.0,0.0,0.0
n_10895,0,-1,1,7.793704201804099e-16,0.0,0.0,0.0
n_10896,0,-1,1,7.927964217899826e-16,0.0,0.0,0.0
n_10902,0,-1,1,8.797969228079255e-16,0.0,0.0,0.0
n_10906,0,-1,1,7.54456057767668e-16,0.0,0.0,0.0
n_10910,0,-1,1,1.1406335191348357e-15,0.0,0.0,0.0
n_10916,0,-1,1,1.2650437067242976e-15,0.0,0.0,0.0
n_10918,0,-1,1,8.360696409993103e-16,0.0,0.0,0.0
n_10919,0,-1,1,7.808124937731104e-16,0.0,0.0,0.0
n_10921,0,-1,1,8.433196606926559e-16,0.0,0.0,0.0
n_10922,0,-1,1,7.083120850814178e-16,0.0,0.0,0.0
n_10923,0,-1,1,7.542289999982446e-16,0.0,0.0,0.0
n_10924,0,-1,9,1.3993382394126251e-14,0.0,0.0,0.0
n_10929,0,-1,1,8.414565587856109e-16,0.0,0.0,0.0
n_10935,0,-1,6,7.765989389649057e-15,0.0,0.0,0.0
n_10936,0,-1,1,8.371436787764288e-16,0.0,0.0,0.0
n_10937,0,-1,16,1.6540634083218007e-14,0.0,0.0,0.0
n_10941,0,-1,1,6.507388321400694e-16,0.0,0.0,0.0
n_10942,0,-1,1,5.930650469757937e-16,0.0,0.0,0.0
n_10943,0,-1,1,8.005150095218374e-16,0.0,0.0,0.0
n_10944,0,-1,1,6.075651393020441e-16,0.0,0.0,0.0
n_10959,0,-1,1,8.11673662750288e-16,0.0,0.0,0.0
n_10960,0,-1,1,7.246732146719043e-16,0.0,0.0,0.0
n_10961,0,-1,1,7.029231026523084e-16,0.0,0.0,0.0
n_10962,0,-1,1,8.089304936110457e-16,0.0,0.0,0.0
n_10963,0,-1,1,8.258472238753718e-16,0.0,0.0,0.0
n_10969,0,-1,1,6.88423010326058e-16,0.0,0.0,0.0
n_10970,0,-1,1,6.749970087164853e-16,0.0,0.0,0.0
n_10971,0,-1,1,8.044236430569424e-16,0.0,0.0,0.0
n_11000,0,-1,1,1.5501321268805192e-15,0.0,0.0,0.0
n_11003,0,-1,1,5.620183248436082e-16,0.0,0.0,0.0
n_11004,0,-1,1,8.550557786328971e-16,0.0,0.0,0.0
n_11006,0,-1,2,1.811474613635177e-15,0.0,0.0,0.0
n_11007,0,-1,1,5.665251224581524e-16,0.0,0.0,0.0
n_11008,0,-1,1,7.856251232211725e-16,0.0,0.0,0.0
n_11009,0,-1,1,5.185181008044164e-16,0.0,0.0,0.0
n_11010,0,-1,1,7.956183649933195e-16,0.0,0.0,0.0
n_11011,0,-1,16,1.2669231034276654e-14,0.0,0.0,0.0
n_11012,0,-1,1,8.061030446935517e-16,0.0,0.0,0.0
n_11013,0,-1,1,6.991160601313147e-16,0.0,0.0,0.0
n_11015,0,-1,1,1.2783045369091557e-15,0.0,0.0,0.0
n_11017,0,-1,1,6.022839418154727e-16,0.0,0.0,0.0
n_11019,0,-1,1,8.125920582233485e-16,0.0,0.0,0.0
n_11046,0,-1,8,4.3868937481131645e-15,0.0,0.0,0.0
n_111,0,-1,1,6.799405576944574e-16,0.0,0.0,0.0
n_11124,0,-1,5,4.290124045537623e-15,0.0,0.0,0.0
n_11125,0,-1,9,1.2868449795339076e-14,0.0,0.0,0.0
n_11126,0,-1,16,1.2495745981184764e-14,0.0,0.0,0.0
n_11127,0,-1,1,7.877360352048486e-16,0.0,0.0,0.0
n_11128,0,-1,16,1.2932053499348402e-14,0.0,0.0,0.0
n_11129,0,-1,1,8.49127606793301e-16,0.0,0.0,0.0
n_1113,0,-1,1,5.739578365703088e-16,0.0,0.0,0.0
n_11130,0,-1,1,8.533476837551996e-16,0.0,0.0,0.0
n_11131,0,-1,1,7.262034855702376e-16,0.0,0.0,0.0
n_11132,0,-1,1,6.9403910346415e-16,0.0,0.0,0.0
n_11133,0,-1,1,7.737895318491882e-16,0.0,0.0,0.0
n_11134,0,-1,1,7.689561500939183e-16,0.0,0.0,0.0
n_11135,0,-1,9,7.351046583514015e-15,0.0,0.0,0.0
n_11136,0,-1,1,8.50796791094984e-16,0.0,0.0,0.0
n_11137,0,-1,1,8.507967381554248e-16,0.0,0.0,0.0
n_11138,0,-1,1,8.169632246872135e-16,0.0,0.0,0.0
n_11139,0,-1,1,7.882895712358793e-16,0.0,0.0,0.0
n_11140,0,-1,1,6.999465229965383e-16,0.0,0.0,0.0
n_11141,0,-1,1,8.239862395506949e-16,0.0,0.0,0.0
n_11142,0,-1,1,7.76953729302775e-16,0.0,0.0,0.0
n_11143,0,-1,1,8.433196606926559e-16,0.0,0.0,0.0
n_11144,0,-1,1,6.867890308312453e-16,0.0,0.0,0.0
n_11183,0,-1,1,8.287201478742216e-16,0.0,0.0,0.0
n_11184,0,-1,1,7.662129809546761e-16,0.0,0.0,0.0
n_11185,0,-1,1,7.938705125066603e-16,0.0,0.0,0.0
n_11186,0,-1,1,7.216966350161343e-16,0.0,0.0,0.0
n_11187,0,-1,1,7.724469316882309e-16,0.0,0.0,0.0
n_11188,0,-1,1,7.187263551679094e-16,0.0,0.0,0.0
n_11190,0,-1,1,7.514858308590023e-16,0.0,0.0,0.0
n_11191,0,-1,1,8.094861472244445e-16,0.0,0.0,0.0
n_11197,0,-1,1,8.529863712636364e-16,0.0,0.0,0.0
n_112,0,-1,1,6.555957719991848e-16,0.0,0.0,0.0
n_11204,0,-1,9,8.565671501085947e-15,0.0,0.0,0.0
n_11212,0,-1,1,7.549765595137557e-16,0.0,0.0,0.0
n_11259,0,-1,1,8.723198453451566e-16,0.0,0.0,0.0
n_11295,0,-1,1,8.964866482423874e-16,0.0,0.0,0.0
n_113,0,-1,3,2.0482556860183018e-15,0.0,0.0,0.0
n_11312,0,-1,2,1.1144552247461127e-15,0.0,0.0,0.0
n_1145,0,-1,1,6.971811721819899e-16,0.0,0.0,0.0
n_11477,0,-1,33,2.6900133325274272e-14,0.0,0.0,0.0
n_11478,0,-1,1,7.549931295957864e-16,0.0,0.0,0.0
n_11512,0,-1,33,2.7493669640206095e-14,0.0,0.0,0.0
n_11513,0,-1,1,8.368337176572929e-16,0.0,0.0,0.0
n_1153,0,-1,1,1.2147348200968388e-15,0.0,0.0,0.0
n_11548,0,-1,32,2.619635059005962e-14,0.0,0.0,0.0
n_11550,0,-1,1,6.961994609961221e-16,0.0,0.0,0.0
n_11551,0,-1,1,7.850795281240223e-16,0.0,0.0,0.0
n_11552,0,-1,1,8.14079712776523e-16,0.0,0.0,0.0
n_11553,0,-1,1,7.391626132071955e-16,0.0,0.0,0.0
n_11554,0,-1,1,7.0237538997279e-16,0.0,0.0,0.0
n_11555,0,-1,1,6.374515321756096e-16,0.0,0.0,0.0
n_11556,0,-1,1,7.66820197698739e-16,0.0,0.0,0.0
n_11557,0,-1,1,7.056556309401507e-16,0.0,0.0,0.0
n_11558,0,-1,1,7.343292843914849e-16,0.0,0.0,0.0
n_11559,0,-1,1,7.568269559265919e-16,0.0,0.0,0.0
n_11560,0,-1,1,6.374515321756096e-16,0.0,0.0,0.0
n_11561,0,-1,1,7.499034674344129e-16,0.0,0.0,0.0
n_11562,0,-1,1,6.374515851151688e-16,0.0,0.0,0.0
n_11563,0,-1,1,6.253681307269942e-16,0.0,0.0,0.0
n_11564,0,-1,1,7.362089034410014e-16,0.0,0.0,0.0
n_11565,0,-1,1,6.816993686698718e-16,0.0,0.0,0.0
n_11566,0,-1,1,6.374515851151688e-16,0.0,0.0,0.0
n_11567,0,-1,1,6.084514004626681e-16,0.0,0.0,0.0
n_11568,0,-1,1,7.072087187885007e-16,0.0,0.0,0.0
n_11569,0,-1,1,6.83041968830829e-16,0.0,0.0,0.0
n_11570,0,-1,1,6.374515321756096e-16,0.0,0.0,0.0
n_11571,0,-1,1,7.66820197698739e-16,0.0,0.0,0.0
n_11572,0,-1,1,6.181181110336486e-16,0.0,0.0,0.0
n_11573,0,-1,1,7.104890126954206e-16,0.0,0.0,0.0
n_11574,0,-1,1,6.777295370043277e-16,0.0,0.0,0.0
n_11575,0,-1,1,7.391626132071955e-16,0.0,0.0,0.0
n_11576,0,-1,1,6.084514004626681e-16,0.0,0.0,0.0
n_11577,0,-1,1,6.331552222484582e-16,0.0,0.0,0.0
n_11578,0,-1,1,7.636559473055929e-16,0.0,0.0,0.0
n_11579,0,-1,1,7.43458923134347e-16,0.0,0.0,0.0
n_11580,0,-1,1,7.726696484137996e-16,0.0,0.0,0.0
n_11583,0,-1,32,2.49881072187123e-14,0.0,0.0,0.0
n_11584,0,-1,1,7.76965958340951e-16,0.0,0.0,0.0
n_11585,0,-1,1,6.927086264622503e-16,0.0,0.0,0.0
n_11586,0,-1,1,7.367459752691198e-16,0.0,0.0,0.0
n_11587,0,-1,1,6.374515321756096e-16,0.0,0.0,0.0
n_11588,0,-1,1,7.709060199384977e-16,0.0,0.0,0.0
n_11589,0,-1,1,8.320705337575268e-16,0.0,0.0,0.0
n_11590,0,-1,1,6.798196966807961e-16,0.0,0.0,0.0
n_11591,0,-1,1,7.987160703605469e-16,0.0,0.0,0.0
n_11592,0,-1,1,7.847529969228558e-16,0.0,0.0,0.0
n_11593,0,-1,1,6.084514004626681e-16,0.0,0.0,0.0
n_11594,0,-1,1,6.956623891680037e-16,0.0,0.0,0.0
n_11595,0,-1,1,9.021542515715844e-16,0.0,0.0,0.0
n_11596,0,-1,1,7.740702173920846e-16,0.0,0.0,0.0
n_11597,0,-1,1,6.57322025145689e-16,0.0,0.0,0.0
n_11598,0,-1,1,7.837369809026243e-16,0.0,0.0,0.0
n_11599,0,-1,1,6.782085870755592e-16,0.0,0.0,0.0
n_116,0,-1,1,8.351310755541934e-16,0.0,0.0,0.0
n_11600,0,-1,1,7.923296007569271e-16,0.0,0.0,0.0
n_11601,0,-1,1,6.404052419418038e-16,0.0,0.0,0.0
n_11602,0,-1,1,6.777295370043277e-16,0.0,0.0,0.0
n_11603,0,-1,1,6.374515851151688e-16,0.0,0.0,0.0
n_11604,0,-1,1,7.067297216568284e-16,0.0,0.0,0.0
n_11605,0,-1,1,7.697159386476054e-16,0.0,0.0,0.0
n_11606,0,-1,1,7.225723612044768e-16,0.0,0.0,0.0
n_11607,0,-1,1,7.541997773615643e-16,0.0,0.0,0.0
n_11608,0,-1,1,6.9082906035229305e-16,0.0,0.0,0.0
n_11609,0,-1,1,6.951253173398853e-16,0.0,0.0,0.0
n_11610,0,-1,1,7.426533948015081e-16,0.0,0.0,0.0
n_11611,0,-1,1,6.94646320208213e-16,0.0,0.0,0.0
n_11612,0,-1,1,7.944197604333955e-16,0.0,0.0,0.0
n_11613,0,-1,1,6.374515321756096e-16,0.0,0.0,0.0
n_11614,0,-1,1,8.189130945317929e-16,0.0,0.0,0.0
n_11615,0,-1,1,7.724591077868477e-16,0.0,0.0,0.0
n_11618,0,-1,32,2.606223816945495e-14,0.0,0.0,0.0
n_11619,0,-1,1,7.531256866448867e-16,0.0,0.0,0.0
n_11620,0,-1,1,6.02275418546441e-16,0.0,0.0,0.0
n_11621,0,-1,1,6.739122242088486e-16,0.0,0.0,0.0
n_11622,0,-1,1,6.898129384529431e-16,0.0,0.0,0.0
n_11623,0,-1,1,6.253681307269942e-16,0.0,0.0,0.0
n_11624,0,-1,1,7.029124088613493e-16,0.0,0.0,0.0
n_11625,0,-1,1,6.884123694746581e-16,0.0,0.0,0.0
n_11626,0,-1,1,7.764869082697195e-16,0.0,0.0,0.0
n_11627,0,-1,1,7.391626132071955e-16,0.0,0.0,0.0
n_11628,0,-1,1,7.547367962501236e-16,0.0,0.0,0.0
n_11629,0,-1,1,7.415793040848305e-16,0.0,0.0,0.0
n_11630,0,-1,1,8.403366753502223e-16,0.0,0.0,0.0
n_11631,0,-1,1,7.909870005959698e-16,0.0,0.0,0.0
n_11632,0,-1,1,6.59738716023324e-16,0.0,0.0,0.0
n_11633,0,-1,1,7.29495902636215e-16,0.0,0.0,0.0
n_11634,0,-1,1,9.018277203704178e-16,0.0,0.0,0.0
n_11635,0,-1,1,8.369039155127966e-16,0.0,0.0,0.0
n_11636,0,-1,1,6.978685394186867e-16,0.0,0.0,0.0
n_11637,0,-1,1,7.603757063382322e-16,0.0,0.0,0.0
n_11638,0,-1,1,7.346557626530922e-16,0.0,0.0,0.0
n_11639,0,-1,1,6.980790800456386e-16,0.0,0.0,0.0
n_11640,0,-1,1,7.268687240711874e-16,0.0,0.0,0.0
n_11641,0,-1,1,7.917925289288087e-16,0.0,0.0,0.0
n_11642,0,-1,1,6.956623891680037e-16,0.0,0.0,0.0
n_11643,0,-1,1,6.084514004626681e-16,0.0,0.0,0.0
n_11644,0,-1,1,7.65419628720454e-16,0.0,0.0,0.0
n_11645,0,-1,1,8.645034782474531e-16,0.0,0.0,0.0
n_11646,0,-1,1,7.729961796149661e-16,0.0,0.0,0.0
n_11647,0,-1,1,6.374515321756096e-16,0.0,0.0,0.0
n_11648,0,-1,1,6.567850062571298e-16,0.0,0.0,0.0
n_11649,0,-1,1,7.298224338373816e-16,0.0,0.0,0.0
n_11650,0,-1,1,6.85458659708464e-16,0.0,0.0,0.0
n_1167,0,-1,33,2.1540064789335803e-14,0.0,0.0,0.0
n_11693,0,-1,3,2.454678187736913e-15,0.0,0.0,0.0
n_11697,0,-1,1,7.665395121558426e-16,0.0,0.0,0.0
n_11699,0,-1,1,7.472060380743224e-16,0.0,0.0,0.0
n_117,0,-1,2,1.3520095323309622e-15,0.0,0.0,0.0
n_1171,0,-1,33,2.1484563802499912e-14,0.0,0.0,0.0
n_1175,0,-1,2,2.8251286824932916e-15,0.0,0.0,0.0
n_1177,0,-1,2,1.3733056346908299e-15,0.0,0.0,0.0
n_118,0,-1,1,6.364722562094652e-16,0.0,0.0,0.0
n_1186,0,-1,1,4.91959170985021e-16,0.0,0.0,0.0
n_11874,0,-1,1,5.38440686300752e-16,0.0,0.0,0.0
n_119,0,-1,2,3.1622816768183933e-15,0.0,0.0,0.0
n_1192,0,-1,4,2.217480163385502e-15,0.0,0.0,0.0
n_1193,0,-1,3,1.7189629456854831e-15,0.0,0.0,0.0
n_1194,0,-1,1,9.389487275256007e-16,0.0,0.0,0.0
n_12,0,-1,1,5.886263825739444e-16,0.0,0.0,0.0
n_1201,0,-1,1,6.773223259149352e-16,0.0,0.0,0.0
n_12053,0,-1,1,1.1132342267526456e-15,0.0,0.0,0.0
n_12061,0,-1,1,6.593270050713992e-16,0.0,0.0,0.0
n_12062,0,-1,1,6.335028233941877e-16,0.0,0.0,0.0
n_12066,0,-1,1,1.4882986158518369e-15,0.0,0.0,0.0
n_12067,0,-1,1,1.2100969970732663e-15,0.0,0.0,0.0
n_12070,0,-1,2,1.3677103467995048e-15,0.0,0.0,0.0
n_1208,0,-1,1,6.091182800899533e-16,0.0,0.0,0.0
n_1209,0,-1,1,7.106232674175604e-16,0.0,0.0,0.0
n_12097,0,-1,4,3.102937489742573e-15,0.0,0.0,0.0
n_12098,0,-1,3,2.2990252957670945e-15,0.0,0.0,0.0
n_12099,0,-1,1,6.712646639135276e-16,0.0,0.0,0.0
n_12100,0,-1,2,1.070155719242068e-15,0.0,0.0,0.0
n_12106,0,-1,1,1.3870086160741547e-15,0.0,0.0,0.0
n_12116,0,-1,3,1.7901270540237636e-15,0.0,0.0,0.0
n_12117,0,-1,1,7.587358505523479e-16,0.0,0.0,0.0
n_12119,0,-1,2,1.2651972314459874e-15,0.0,0.0,0.0
n_1214,0,-1,1,5.879631557762443e-16,0.0,0.0,0.0
n_12142,0,-1,4,3.266990830966786e-15,0.0,0.0,0.0
n_12143,0,-1,2,2.541297682747269e-15,0.0,0.0,0.0
n_12219,0,-1,9,9.642284258364053e-15,0.0,0.0,0.0
n_12225,0,-1,2,1.5489541158091253e-15,0.0,0.0,0.0
n_12226,0,-1,1,8.31946972826346e-16,0.0,0.0,0.0
n_12227,0,-1,1,6.696945824666734e-16,0.0,0.0,0.0
n_12275,0,-1,3,2.3831335498470784e-15,0.0,0.0,0.0
n_1228,0,-1,1,7.205584874328205e-16,0.0,0.0,0.0
n_1229,0,-1,1,7.892947346464741e-16,0.0,0.0,0.0
n_123,0,-1,1,7.608884259691171e-16,0.0,0.0,0.0
n_1231,0,-1,1,7.233667722298829e-16,0.0,0.0,0.0
n_12403,0,-1,32,2.4999945351183127e-14,0.0,0.0,0.0
n_12404,0,-1,1,6.658859517589036e-16,0.0,0.0,0.0
n_12405,0,-1,1,8.169632246872135e-16,0.0,0.0,0.0
n_12406,0,-1,1,7.617061304005727e-16,0.0,0.0,0.0
n_12407,0,-1,1,7.76953729302775e-16,0.0,0.0,0.0
n_12408,0,-1,1,7.15789215483746e-16,0.0,0.0,0.0
n_12409,0,-1,1,9.203269199384518e-16,0.0,0.0,0.0
n_1241,0,-1,1,1.221658361528577e-15,0.0,0.0,0.0
n_12410,0,-1,1,6.779693532075191e-16,0.0,0.0,0.0
n_12411,0,-1,1,6.924693925942102e-16,0.0,0.0,0.0
n_12412,0,-1,1,7.083120850814178e-16,0.0,0.0,0.0
n_12413,0,-1,1,8.243127178123022e-16,0.0,0.0,0.0
n_12414,0,-1,1,7.542290529378038e-16,0.0,0.0,0.0
n_12415,0,-1,1,9.619640950101578e-16,0.0,0.0,0.0
n_12417,0,-1,1,7.114763354745639e-16,0.0,0.0,0.0
n_12418,0,-1,1,7.614790726311494e-16,0.0,0.0,0.0
n_12419,0,-1,1,8.169632246872135e-16,0.0,0.0,0.0
n_12420,0,-1,1,8.867204642396638e-16,0.0,0.0,0.0
n_12421,0,-1,1,7.697037096094294e-16,0.0,0.0,0.0
n_12422,0,-1,1,8.505696803860015e-16,0.0,0.0,0.0
n_12423,0,-1,1,7.737895318491882e-16,0.0,0.0,0.0
n_12424,0,-1,1,8.2421329732011825e-16,0.0,0.0,0.0
n_12425,0,-1,1,8.169632246872135e-16,0.0,0.0,0.0
n_12427,0,-1,1,7.882895712358793e-16,0.0,0.0,0.0
n_12428,0,-1,1,8.312362592440405e-16,0.0,0.0,0.0
n_12429,0,-1,1,7.479535975898335e-16,0.0,0.0,0.0
n_12431,0,-1,1,7.283930657388899e-16,0.0,0.0,0.0
n_12432,0,-1,1,6.999465229965383e-16,0.0,0.0,0.0
n_12433,0,-1,1,7.617061304005727e-16,0.0,0.0,0.0
n_12434,0,-1,1,7.404764671875054e-16,0.0,0.0,0.0
n_12435,0,-1,1,8.8221361368556045e-16,0.0,0.0,0.0
n_12438,0,-1,1,8.624239594223846e-16,0.0,0.0,0.0
n_1244,0,-1,1,8.639714886170182e-16,0.0,0.0,0.0
n_12440,0,-1,1,8.548474085278725e-16,0.0,0.0,0.0
n_12441,0,-1,1,8.306806056306416e-16,0.0,0.0,0.0
n_12442,0,-1,1,8.306806056306416e-16,0.0,0.0,0.0
n_12444,0,-1,1,8.185972041820262e-16,0.0,0.0,0.0
n_12445,0,-1,1,8.185972571215854e-16,0.0,0.0,0.0
n_12447,0,-1,1,6.908397012036929e-16,0.0,0.0,0.0
n_12448,0,-1,1,7.799303618981042e-16,0.0,0.0,0.0
n_12450,0,-1,1,6.980897208970385e-16,0.0,0.0,0.0
n_12452,0,-1,1,7.944304012847954e-16,0.0,0.0,0.0
n_12453,0,-1,1,7.823469998361799e-16,0.0,0.0,0.0
n_12454,0,-1,1,7.509301772456035e-16,0.0,0.0,0.0
n_12455,0,-1,1,7.415899449362304e-16,0.0,0.0,0.0
n_12456,0,-1,1,7.640876164713374e-16,0.0,0.0,0.0
n_12457,0,-1,1,7.778402022216358e-16,0.0,0.0,0.0
n_12458,0,-1,1,8.983476855066235e-16,0.0,0.0,0.0
n_12459,0,-1,1,8.838475931803732e-16,0.0,0.0,0.0
n_12461,0,-1,1,8.45180697956892e-16,0.0,0.0,0.0
n_12463,0,-1,1,8.669308099764879e-16,0.0,0.0,0.0
n_12466,0,-1,1,6.822470813493901e-16,0.0,0.0,0.0
n_12468,0,-1,1,8.596807902831423e-16,0.0,0.0,0.0
n_12469,0,-1,1,6.908397012036929e-16,0.0,0.0,0.0
n_12470,0,-1,1,7.850902219149814e-16,0.0,0.0,0.0
n_12482,0,-1,4,2.650260001082062e-15,0.0,0.0,0.0
n_12519,0,-1,1,1.0481550972283216e-15,0.0,0.0,0.0
n_1259,0,-1,1,7.784596480038747e-16,0.0,0.0,0.0
n_1261,0,-1,1,7.577835737613973e-16,0.0,0.0,0.0
n_128,0,-1,1,7.300621971010138e-16,0.0,0.0,0.0
n_12837,0,-1,1,7.531134576067107e-16,0.0,0.0,0.0
n_12838,0,-1,1,8.217966064424833e-16,0.0,0.0,0.0
n_12839,0,-1,1,7.262034855702376e-16,0.0,0.0,0.0
n_1284,0,-1,1,6.473532943894532e-16,0.0,0.0,0.0
n_12842,0,-1,1,8.169632246872135e-16,0.0,0.0,0.0
n_12843,0,-1,1,8.7254690311457995e-16,0.0,0.0,0.0
n_12845,0,-1,1,8.314633170134638e-16,0.0,0.0,0.0
n_12846,0,-1,1,7.358701961412181e-16,0.0,0.0,0.0
n_12847,0,-1,1,8.097132049938679e-16,0.0,0.0,0.0
n_12848,0,-1,1,7.882896241754385e-16,0.0,0.0,0.0
n_12849,0,-1,1,8.459634093397142e-16,0.0,0.0,0.0
n_1285,0,-1,4,3.185179094965045e-15,0.0,0.0,0.0
n_12851,0,-1,1,8.314633170134638e-16,0.0,0.0,0.0
n_12854,0,-1,1,7.697037096094294e-16,0.0,0.0,0.0
n_12855,0,-1,1,7.882896241754385e-16,0.0,0.0,0.0
n_12856,0,-1,1,7.697037096094294e-16,0.0,0.0,0.0
n_12857,0,-1,1,7.399559654414176e-16,0.0,0.0,0.0
n_12858,0,-1,1,7.407035778964879e-16,0.0,0.0,0.0
n_12859,0,-1,1,8.000464944228874e-16,0.0,0.0,0.0
n_1286,0,-1,1,1.1946313401267053e-15,0.0,0.0,0.0
n_12861,0,-1,1,8.8221361368556045e-16,0.0,0.0,0.0
n_12863,0,-1,1,8.459634093397142e-16,0.0,0.0,0.0
n_12865,0,-1,1,7.882896241754385e-16,0.0,0.0,0.0
n_12867,0,-1,1,7.762061697872639e-16,0.0,0.0,0.0
n_12868,0,-1,2,5.217042787629845e-15,0.0,0.0,0.0
n_12869,0,-1,15,1.2959637974308685e-14,0.0,0.0,0.0
n_1287,0,-1,1,7.563109011034773e-16,0.0,0.0,0.0
n_12870,0,-1,1,6.806131018545773e-16,0.0,0.0,0.0
n_12871,0,-1,17,1.286129151990183e-14,0.0,0.0,0.0
n_12872,0,-1,1,7.544561107072272e-16,0.0,0.0,0.0
n_12873,0,-1,1,8.156206245262562e-16,0.0,0.0,0.0
n_12874,0,-1,1,7.302892548704371e-16,0.0,0.0,0.0
n_12875,0,-1,1,7.157891625441868e-16,0.0,0.0,0.0
n_12876,0,-1,1,7.230392351770915e-16,0.0,0.0,0.0
n_12877,0,-1,1,8.894636863184652e-16,0.0,0.0,0.0
n_12878,0,-1,1,8.459634093397142e-16,0.0,0.0,0.0
n_12879,0,-1,1,8.314633170134638e-16,0.0,0.0,0.0
n_1288,0,-1,1,6.365323955487203e-16,0.0,0.0,0.0
n_12880,0,-1,1,7.721204004870644e-16,0.0,0.0,0.0
n_12881,0,-1,1,9.01220503626355e-16,0.0,0.0,0.0
n_12882,0,-1,1,8.507967381554248e-16,0.0,0.0,0.0
n_12883,0,-1,1,7.637962900770411e-16,0.0,0.0,0.0
n_12884,0,-1,1,8.2421329732011825e-16,0.0,0.0,0.0
n_12885,0,-1,1,8.156206245262562e-16,0.0,0.0,0.0
n_12886,0,-1,1,7.431202687741229e-16,0.0,0.0,0.0
n_12887,0,-1,1,8.607899799275719e-16,0.0,0.0,0.0
n_12888,0,-1,1,9.133039580145295e-16,0.0,0.0,0.0
n_12889,0,-1,1,9.305472194800221e-16,0.0,0.0,0.0
n_1289,0,-1,2,1.2363883703604478e-15,0.0,0.0,0.0
n_12890,0,-1,1,7.517128886284257e-16,0.0,0.0,0.0
n_12891,0,-1,1,6.661129565887678e-16,0.0,0.0,0.0
n_12892,0,-1,1,8.145465338095785e-16,0.0,0.0,0.0
n_12893,0,-1,1,7.42046125117886e-16,0.0,0.0,0.0
n_12895,0,-1,1,7.492961977507908e-16,0.0,0.0,0.0
n_12896,0,-1,1,7.882895712358793e-16,0.0,0.0,0.0
n_12897,0,-1,1,8.056273827541092e-16,0.0,0.0,0.0
n_12898,0,-1,1,7.012891231574956e-16,0.0,0.0,0.0
n_12899,0,-1,1,7.15789215483746e-16,0.0,0.0,0.0
n_1290,0,-1,1,7.33660657758746e-16,0.0,0.0,0.0
n_12900,0,-1,1,8.604635016659645e-16,0.0,0.0,0.0
n_12901,0,-1,1,7.579468393619805e-16,0.0,0.0,0.0
n_12902,0,-1,1,7.842038019356798e-16,0.0,0.0,0.0
n_12908,0,-1,1,1.2357322374636809e-15,0.0,0.0,0.0
n_1292,0,-1,1,7.985462402546224e-16,0.0,0.0,0.0
n_1296,0,-1,1,6.317440653583325e-16,0.0,0.0,0.0
n_1297,0,-1,1,6.318519032404298e-16,0.0,0.0,0.0
n_130,0,-1,1,1.209336890882224e-15,0.0,0.0,0.0
n_13027,0,-1,5,4.254217048354093e-15,0.0,0.0,0.0
n_13035,0,-1,5,4.303369946766786e-15,0.0,0.0,0.0
n_1306,0,-1,1,5.157364975451925e-16,0.0,0.0,0.0
n_13063,0,-1,1,7.662129809546761e-16,0.0,0.0,0.0
n_13064,0,-1,1,7.275460857311949e-16,0.0,0.0,0.0
n_13065,0,-1,1,8.870469425012711e-16,0.0,0.0,0.0
n_13066,0,-1,1,7.334535052635832e-16,0.0,0.0,0.0
n_13067,0,-1,1,7.32705945748072e-16,0.0,0.0,0.0
n_13068,0,-1,1,8.602364438965412e-16,0.0,0.0,0.0
n_13069,0,-1,1,6.999465229965383e-16,0.0,0.0,0.0
n_13070,0,-1,1,8.677135213593101e-16,0.0,0.0,0.0
n_13071,0,-1,1,7.710463097703867e-16,0.0,0.0,0.0
n_13072,0,-1,1,8.314633170134638e-16,0.0,0.0,0.0
n_13075,0,-1,1,7.549765595137557e-16,0.0,0.0,0.0
n_13076,0,-1,1,8.2421329732011825e-16,0.0,0.0,0.0
n_13077,0,-1,1,8.199004173109362e-16,0.0,0.0,0.0
n_13079,0,-1,1,7.791433624109866e-16,0.0,0.0,0.0
n_13080,0,-1,1,6.962286836328024e-16,0.0,0.0,0.0
n_13081,0,-1,1,8.505696803860015e-16,0.0,0.0,0.0
n_13082,0,-1,1,9.275769925713565e-16,0.0,0.0,0.0
n_13083,0,-1,1,8.199004173109362e-16,0.0,0.0,0.0
n_13084,0,-1,1,6.66113009528327e-16,0.0,0.0,0.0
n_13085,0,-1,1,7.635691793680586e-16,0.0,0.0,0.0
n_13086,0,-1,1,8.580467578487704e-16,0.0,0.0,0.0
n_13087,0,-1,1,7.501431777584859e-16,0.0,0.0,0.0
n_13088,0,-1,1,8.312362592440405e-16,0.0,0.0,0.0
n_13089,0,-1,1,9.399868722815793e-16,0.0,0.0,0.0
n_13090,0,-1,1,8.578197530189062e-16,0.0,0.0,0.0
n_13092,0,-1,1,7.99819436653464e-16,0.0,0.0,0.0
n_13093,0,-1,1,8.2421329732011825e-16,0.0,0.0,0.0
n_13094,0,-1,1,7.694766518400061e-16,0.0,0.0,0.0
n_13095,0,-1,1,7.804859625719438e-16,0.0,0.0,0.0
n_131,0,-1,2,9.345573910896792e-16,0.0,0.0,0.0
n_1310,0,-1,1,7.868656029724264e-16,0.0,0.0,0.0
n_13176,0,-1,2,5.359510764742703e-15,0.0,0.0,0.0
n_1319,0,-1,1,1.4385387124533173e-15,0.0,0.0,0.0
n_132,0,-1,1,6.260422630738902e-16,0.0,0.0,0.0
n_1322,0,-1,2,1.5818599693814155e-15,0.0,0.0,0.0
n_13236,0,-1,12,8.768962796558769e-15,0.0,0.0,0.0
n_13237,0,-1,1,5.662130437566484e-16,0.0,0.0,0.0
n_13244,0,-1,1,8.000359594506059e-16,0.0,0.0,0.0
n_13246,0,-1,1,6.604635644679368e-16,0.0,0.0,0.0
n_13247,0,-1,1,6.118034274723086e-16,0.0,0.0,0.0
n_13249,0,-1,1,6.824821859318124e-16,0.0,0.0,0.0
n_1325,0,-1,1,1.589970945126086e-15,0.0,0.0,0.0
n_13266,0,-1,3,2.1032742875907312e-15,0.0,0.0,0.0
n_13269,0,-1,2,1.2594809237223233e-15,0.0,0.0,0.0
n_1329,0,-1,1,1.552275755511783e-15,0.0,0.0,0.0
n_13295,0,-1,16,1.3905835609796888e-14,0.0,0.0,0.0
n_133,0,-1,1,7.13418317324822e-16,0.0,0.0,0.0
n_1330,0,-1,1,6.970760342174119e-16,0.0,0.0,0.0
n_13304,0,-1,16,1.426928135383771e-14,0.0,0.0,0.0
n_13312,0,-1,16,1.4664562831201086e-14,0.0,0.0,0.0
n_13325,0,-1,16,1.4610369663235756e-14,0.0,0.0,0.0
n_13333,0,-1,16,1.4625277443107432e-14,0.0,0.0,0.0
n_13347,0,-1,1,8.359409978704461e-16,0.0,0.0,0.0
n_1336,0,-1,3,1.9361343583067236e-15,0.0,0.0,0.0
n_1337,0,-1,1,1.8032090543776327e-15,0.0,0.0,0.0
n_1338,0,-1,2,1.3249255479633876e-15,0.0,0.0,0.0
n_134,0,-1,1,5.0856991059715145e-16,0.0,0.0,0.0
n_13405,0,-1,3,2.5662298857914625e-15,0.0,0.0,0.0
n_13413,0,-1,1,7.563192126142722e-16,0.0,0.0,0.0
n_13420,0,-1,6,6.625798339350043e-15,0.0,0.0,0.0
n_1343,0,-1,1,6.022044265975492e-16,0.0,0.0,0.0
n_1346,0,-1,2,1.3901321559462733e-15,0.0,0.0,0.0
n_13500,0,-1,16,1.454154993033724e-14,0.0,0.0,0.0
n_13508,0,-1,16,1.3972573335711055e-14,0.0,0.0,0.0
n_13546,0,-1,1,1.2678966195697684e-15,0.0,0.0,0.0
n_13547,0,-1,3,3.455134000969148e-15,0.0,0.0,0.0
n_13557,0,-1,1,1.2756308774111475e-15,0.0,0.0,0.0
n_1358,0,-1,2,1.116935019578318e-15,0.0,0.0,0.0
n_13594,0,-1,1,5.476612752063255e-16,0.0,0.0,0.0
n_13595,0,-1,1,6.578822315611793e-16,0.0,0.0,0.0
n_13597,0,-1,1,8.222408752233182e-16,0.0,0.0,0.0
n_13598,0,-1,1,7.5274473357685905e-16,0.0,0.0,0.0
n_13599,0,-1,1,8.380659388373111e-16,0.0,0.0,0.0
n_136,0,-1,1,1.1976512243419037e-15,0.0,0.0,0.0
n_1361,0,-1,4,2.4107845168937214e-15,0.0,0.0,0.0
n_1362,0,-1,2,1.1777206449721284e-15,0.0,0.0,0.0
n_1365,0,-1,8,8.628305352370667e-15,0.0,0.0,0.0
n_137,0,-1,1,6.935652944092797e-16,0.0,0.0,0.0
n_1372,0,-1,2,1.9906695158245077e-15,0.0,0.0,0.0
n_13734,0,-1,4,2.8764548556904027e-15,0.0,0.0,0.0
n_13736,0,-1,1,9.838049454342283e-16,0.0,0.0,0.0
n_13737,0,-1,1,9.526164511624961e-16,0.0,0.0,0.0
n_13738,0,-1,1,1.3960111998749286e-15,0.0,0.0,0.0
n_13742,0,-1,2,3.002007796604829e-15,0.0,0.0,0.0
n_13749,0,-1,1,6.413619127161683e-16,0.0,0.0,0.0
n_13751,0,-1,1,1.1665967730340745e-15,0.0,0.0,0.0
n_13755,0,-1,2,1.4888819039151398e-15,0.0,0.0,0.0
n_13758,0,-1,4,3.666415993508129e-15,0.0,0.0,0.0
n_1376,0,-1,2,1.6264235374067668e-15,0.0,0.0,0.0
n_13761,0,-1,5,4.492225259719552e-15,0.0,0.0,0.0
n_13764,0,-1,4,3.790943812798141e-15,0.0,0.0,0.0
n_13777,0,-1,1,7.449998878236394e-16,0.0,0.0,0.0
n_13787,0,-1,1,9.854021319353947e-16,0.0,0.0,0.0
n_1379,0,-1,2,1.472840793960038e-15,0.0,0.0,0.0
n_13792,0,-1,1,1.412813474812257e-15,0.0,0.0,0.0
n_13794,0,-1,1,1.683248966134808e-15,0.0,0.0,0.0
n_13796,0,-1,1,1.4445450230822976e-15,0.0,0.0,0.0
n_1381,0,-1,2,2.507980912316442e-15,0.0,0.0,0.0
n_13820,0,-1,1,1.2954779181564998e-15,0.0,0.0,0.0
n_13821,0,-1,1,1.1290769192398532e-15,0.0,0.0,0.0
n_13822,0,-1,3,3.4164843111024077e-15,0.0,0.0,0.0
n_13824,0,-1,1,6.483348996962025e-16,0.0,0.0,0.0
n_13825,0,-1,2,1.4512435713874214e-15,0.0,0.0,0.0
n_13827,0,-1,2,1.9990346014533544e-15,0.0,0.0,0.0
n_13829,0,-1,1,1.2335333399326087e-15,0.0,0.0,0.0
n_13855,0,-1,2,2.0700979128709116e-15,0.0,0.0,0.0
n_13857,0,-1,1,1.2250169530435588e-15,0.0,0.0,0.0
n_1386,0,-1,1,7.056639424509457e-16,0.0,0.0,0.0
n_1387,0,-1,1,7.14174188351128e-16,0.0,0.0,0.0
n_1389,0,-1,1,6.468486215715672e-16,0.0,0.0,0.0
n_13898,0,-1,2,1.8628029044146562e-15,0.0,0.0,0.0
n_13899,0,-1,1,7.423304105508082e-16,0.0,0.0,0.0
n_139,0,-1,1,7.246312865410152e-16,0.0,0.0,0.0
n_1390,0,-1,1,5.69514884064164e-16,0.0,0.0,0.0
n_1391,0,-1,1,7.729370461273359e-16,0.0,0.0,0.0
n_13955,0,-1,2,1.4431583242685239e-15,0.0,0.0,0.0
n_13968,0,-1,3,2.107576156171599e-15,0.0,0.0,0.0
n_13974,0,-1,1,6.863221568586305e-16,0.0,0.0,0.0
n_13976,0,-1,1,6.994095041079791e-16,0.0,0.0,0.0
n_13978,0,-1,1,5.957251010070867e-16,0.0,0.0,0.0
n_13980,0,-1,1,4.86194476504245e-16,0.0,0.0,0.0
n_13982,0,-1,1,1.184123472899542e-15,0.0,0.0,0.0
n_13983,0,-1,1,1.25495480316867e-15,0.0,0.0,0.0
n_13988,0,-1,2,1.840839763608826e-15,0.0,0.0,0.0
n_13989,0,-1,1,7.230171593809037e-16,0.0,0.0,0.0
n_13990,0,-1,2,2.226533251525756e-15,0.0,0.0,0.0
n_13995,0,-1,1,6.099450371860327e-16,0.0,0.0,0.0
n_13999,0,-1,2,1.153065421701687e-15,0.0,0.0,0.0
n_14,0,-1,1,6.926494400350609e-16,0.0,0.0,0.0
n_140,0,-1,1,8.60236390956982e-16,0.0,0.0,0.0
n_1400,0,-1,1,7.797183919030538e-16,0.0,0.0,0.0
n_14001,0,-1,12,7.463492748360865e-15,0.0,0.0,0.0
n_14003,0,-1,1,1.3317280695627869e-15,0.0,0.0,0.0
n_14004,0,-1,1,1.2022252022570769e-15,0.0,0.0,0.0
n_14006,0,-1,3,2.4100937615252355e-15,0.0,0.0,0.0
n_14008,0,-1,1,8.894635804393468e-16,0.0,0.0,0.0
n_14009,0,-1,1,8.075353774073587e-16,0.0,0.0,0.0
n_1401,0,-1,1,7.671550404107004e-16,0.0,0.0,0.0
n_14010,0,-1,2,1.6980345615038423e-15,0.0,0.0,0.0
n_14012,0,-1,2,9.743657161491448e-16,0.0,0.0,0.0
n_14013,0,-1,2,2.1194422407296845e-15,0.0,0.0,0.0
n_14017,0,-1,2,1.1616962639177347e-15,0.0,0.0,0.0
n_1403,0,-1,1,6.648245135968756e-16,0.0,0.0,0.0
n_14030,0,-1,1,8.755006128807741e-16,0.0,0.0,0.0
n_14054,0,-1,1,6.062039044162472e-16,0.0,0.0,0.0
n_1406,0,-1,1,7.148271978139019e-16,0.0,0.0,0.0
n_14098,0,-1,2,1.4725591555050759e-15,0.0,0.0,0.0
n_14099,0,-1,1,8.479239200356935e-16,0.0,0.0,0.0
n_14108,0,-1,2,2.641216018545991e-15,0.0,0.0,0.0
n_1411,0,-1,1,6.710154244687981e-16,0.0,0.0,0.0
n_1418,0,-1,1,9.738590845675683e-16,0.0,0.0,0.0
n_1420,0,-1,1,8.543566058744978e-16,0.0,0.0,0.0
n_1421,0,-1,1,1.003722078155966e-15,0.0,0.0,0.0
n_1422,0,-1,1,8.691209195407323e-16,0.0,0.0,0.0
n_14226,0,-1,1,6.454490584449071e-16,0.0,0.0,0.0
n_14227,0,-1,1,3.8762383365207546e-15,0.0,0.0,0.0
n_1426,0,-1,1,9.542554599154332e-16,0.0,0.0,0.0
n_14280,0,-1,4,3.1133998289488212e-15,0.0,0.0,0.0
n_14288,0,-1,4,2.8278650224293966e-15,0.0,0.0,0.0
n_14292,0,-1,4,2.809026797924224e-15,0.0,0.0,0.0
n_143,0,-1,1,4.91959170985021e-16,0.0,0.0,0.0
n_1430,0,-1,1,8.070970378571546e-16,0.0,0.0,0.0
n_14301,0,-1,4,3.2607952084740943e-15,0.0,0.0,0.0
n_14309,0,-1,4,2.9002994684303217e-15,0.0,0.0,0.0
n_14313,0,-1,4,2.4150067643775473e-15,0.0,0.0,0.0
n_14319,0,-1,1,5.995687247634899e-16,0.0,0.0,0.0
n_1432,0,-1,1,8.965142826922916e-16,0.0,0.0,0.0
n_14324,0,-1,1,7.218547654794748e-16,0.0,0.0,0.0
n_14325,0,-1,1,5.523761782280981e-16,0.0,0.0,0.0
n_14326,0,-1,1,6.355804363951249e-16,0.0,0.0,0.0
n_14328,0,-1,1,7.356502852122872e-16,0.0,0.0,0.0
n_1433,0,-1,1,1.0054083089957124e-15,0.0,0.0,0.0
n_14333,0,-1,1,7.933144353767878e-16,0.0,0.0,0.0
n_1434,0,-1,1,8.49523224119228e-16,0.0,0.0,0.0
n_14343,0,-1,1,5.833331148678747e-16,0.0,0.0,0.0
n_14345,0,-1,1,6.344762230692605e-16,0.0,0.0,0.0
n_1435,0,-1,1,1.005260607625535e-15,0.0,0.0,0.0
n_14350,0,-1,1,7.29464668296285e-16,0.0,0.0,0.0
n_1436,0,-1,1,9.255101263009376e-16,0.0,0.0,0.0
n_1437,0,-1,1,9.487235936160338e-16,0.0,0.0,0.0
n_14385,0,-1,2,1.8293950779419994e-15,0.0,0.0,0.0
n_14386,0,-1,16,1.3666535249670392e-14,0.0,0.0,0.0
n_1439,0,-1,1,1.1054127245176994e-15,0.0,0.0,0.0
n_14390,0,-1,1,9.619640950101578e-16,0.0,0.0,0.0
n_14391,0,-1,1,8.245398285212848e-16,0.0,0.0,0.0
n_14392,0,-1,1,8.605629221581485e-16,0.0,0.0,0.0
n_14393,0,-1,1,8.167361669177901e-16,0.0,0.0,0.0
n_14394,0,-1,1,7.807130203413672e-16,0.0,0.0,0.0
n_14395,0,-1,1,8.362966458291745e-16,0.0,0.0,0.0
n_14396,0,-1,1,7.617060774610135e-16,0.0,0.0,0.0
n_14398,0,-1,1,7.083120850814178e-16,0.0,0.0,0.0
n_14399,0,-1,1,8.529863712636364e-16,0.0,0.0,0.0
n_144,0,-1,1,5.49953452240714e-16,0.0,0.0,0.0
n_1440,0,-1,1,1.0775061652792224e-15,0.0,0.0,0.0
n_14400,0,-1,1,7.213701038149677e-16,0.0,0.0,0.0
n_14401,0,-1,1,8.505696803860015e-16,0.0,0.0,0.0
n_14402,0,-1,1,8.2421329732011825e-16,0.0,0.0,0.0
n_14403,0,-1,1,8.507967381554248e-16,0.0,0.0,0.0
n_14405,0,-1,1,7.737895318491882e-16,0.0,0.0,0.0
n_14418,0,-1,1,7.9521311266761755e-16,0.0,0.0,0.0
n_14424,0,-1,1,1.0021239387427339e-15,0.0,0.0,0.0
n_14425,0,-1,1,7.066595238013247e-16,0.0,0.0,0.0
n_14431,0,-1,3,2.3519930188159845e-15,0.0,0.0,0.0
n_14432,0,-1,2,1.3495032677191552e-15,0.0,0.0,0.0
n_1444,0,-1,1,1.4376223286835066e-15,0.0,0.0,0.0
n_14448,0,-1,1,7.596682220690381e-16,0.0,0.0,0.0
n_1452,0,-1,1,1.058024831008847e-15,0.0,0.0,0.0
n_14546,0,-1,1,5.746177281757791e-16,0.0,0.0,0.0
n_1455,0,-1,1,8.685151851043271e-16,0.0,0.0,0.0
n_1456,0,-1,1,1.0903018684969195e-15,0.0,0.0,0.0
n_1457,0,-1,1,7.738908581655035e-16,0.0,0.0,0.0
n_14570,0,-1,15,9.953854316583233e-15,0.0,0.0,0.0
n_1459,0,-1,9,6.072778998417183e-15,0.0,0.0,0.0
n_146,0,-1,1,1.3447017555785258e-15,0.0,0.0,0.0
n_1460,0,-1,1,1.0346131579840935e-15,0.0,0.0,0.0
n_1461,0,-1,1,6.734171334511784e-16,0.0,0.0,0.0
n_14680,0,-1,1,7.802545108191066e-16,0.0,0.0,0.0
n_147,0,-1,1,4.647454317578388e-16,0.0,0.0,0.0
n_1470,0,-1,1,1.6662563205425843e-15,0.0,0.0,0.0
n_1475,0,-1,1,8.148798942138823e-16,0.0,0.0,0.0
n_14763,0,-1,6,4.84815909206765e-15,0.0,0.0,0.0
n_14765,0,-1,1,7.637310156005433e-16,0.0,0.0,0.0
n_14788,0,-1,1,6.980699744414556e-16,0.0,0.0,0.0
n_14789,0,-1,1,6.338741944019995e-16,0.0,0.0,0.0
n_14791,0,-1,1,7.515805926699764e-16,0.0,0.0,0.0
n_14792,0,-1,1,8.153495210435756e-16,0.0,0.0,0.0
n_14794,0,-1,1,7.013580504635784e-16,0.0,0.0,0.0
n_148,0,-1,1,4.97178323308206e-16,0.0,0.0,0.0
n_14816,0,-1,1,8.179259305713272e-16,0.0,0.0,0.0
n_14820,0,-1,1,1.0622639132724996e-15,0.0,0.0,0.0
n_14821,0,-1,33,2.419794236947076e-14,0.0,0.0,0.0
n_14825,0,-1,32,2.7213950561902518e-14,0.0,0.0,0.0
n_1483,0,-1,1,8.418989746818736e-16,0.0,0.0,0.0
n_1484,0,-1,1,8.126196926732526e-16,0.0,0.0,0.0
n_14859,0,-1,1,1.3426416655716849e-15,0.0,0.0,0.0
n_14864,0,-1,1,6.622338103881391e-16,0.0,0.0,0.0
n_1488,0,-1,1,8.320544401315289e-16,0.0,0.0,0.0
n_149,0,-1,1,7.908982738947449e-16,0.0,0.0,0.0
n_1490,0,-1,1,7.460267035139484e-16,0.0,0.0,0.0
n_14902,0,-1,1,5.994373817171062e-16,0.0,0.0,0.0
n_14904,0,-1,1,6.371144660021616e-16,0.0,0.0,0.0
n_14906,0,-1,3,3.2091439863834743e-15,0.0,0.0,0.0
n_14907,0,-1,1,9.127421634122631e-16,0.0,0.0,0.0
n_14908,0,-1,1,7.201633995024856e-16,0.0,0.0,0.0
n_14909,0,-1,9,7.338345324469937e-15,0.0,0.0,0.0
n_14912,0,-1,1,1.0436322589273388e-15,0.0,0.0,0.0
n_14913,0,-1,1,5.863642222696242e-16,0.0,0.0,0.0
n_14914,0,-1,1,7.731174641451011e-16,0.0,0.0,0.0
n_14917,0,-1,1,6.397424916001365e-16,0.0,0.0,0.0
n_14918,0,-1,3,2.385172781667593e-15,0.0,0.0,0.0
n_14924,0,-1,2,1.1101066634740275e-15,0.0,0.0,0.0
n_14925,0,-1,1,7.167844262572106e-16,0.0,0.0,0.0
n_14926,0,-1,1,8.04726510275145e-16,0.0,0.0,0.0
n_14933,0,-1,16,1.3809402602817881e-14,0.0,0.0,0.0
n_14935,0,-1,1,1.943089981111339e-15,0.0,0.0,0.0
n_1494,0,-1,2,1.1701493350939774e-15,0.0,0.0,0.0
n_14944,0,-1,1,6.128689949199545e-16,0.0,0.0,0.0
n_14945,0,-1,1,8.975025583835006e-16,0.0,0.0,0.0
n_14947,0,-1,1,8.217094149884753e-16,0.0,0.0,0.0
n_14959,0,-1,1,7.210042385213131e-16,0.0,0.0,0.0
n_1496,0,-1,2,1.2132507124941309e-15,0.0,0.0,0.0
n_14961,0,-1,1,7.525079349285423e-16,0.0,0.0,0.0
n_14963,0,-1,1,8.82493028679036e-16,0.0,0.0,0.0
n_14966,0,-1,2,1.2685938335644771e-15,0.0,0.0,0.0
n_14969,0,-1,1,6.723676596295304e-16,0.0,0.0,0.0
n_14976,0,-1,2,1.1970765124871916e-15,0.0,0.0,0.0
n_14982,0,-1,1,1.7407232221004461e-15,0.0,0.0,0.0
n_14983,0,-1,1,6.232871825338272e-16,0.0,0.0,0.0
n_14985,0,-1,1,8.361541854753581e-16,0.0,0.0,0.0
n_15,0,-1,2,4.34176552674935e-15,0.0,0.0,0.0
n_15005,0,-1,1,6.13250424444015e-16,0.0,0.0,0.0
n_15007,0,-1,5,3.8722013774941406e-15,0.0,0.0,0.0
n_1501,0,-1,2,1.156737203648916e-15,0.0,0.0,0.0
n_15020,0,-1,1,6.49534933624225e-16,0.0,0.0,0.0
n_15023,0,-1,1,8.562662416540827e-16,0.0,0.0,0.0
n_15024,0,-1,2,1.1894960970048577e-15,0.0,0.0,0.0
n_15025,0,-1,2,1.2081767733818408e-15,0.0,0.0,0.0
n_15026,0,-1,1,7.307174829648334e-16,0.0,0.0,0.0
n_1503,0,-1,2,1.7160512699292965e-15,0.0,0.0,0.0
n_15031,0,-1,2,1.0023017097825389e-15,0.0,0.0,0.0
n_15032,0,-1,1,7.222851111562392e-16,0.0,0.0,0.0
n_15034,0,-1,1,7.816757262254809e-16,0.0,0.0,0.0
n_15037,0,-1,1,6.614310349123788e-16,0.0,0.0,0.0
n_15040,0,-1,1,8.559397633924753e-16,0.0,0.0,0.0
n_15054,0,-1,1,8.61426154610519e-16,0.0,0.0,0.0
n_15056,0,-1,1,9.311293428730227e-16,0.0,0.0,0.0
n_15079,0,-1,3,1.8705786668704507e-15,0.0,0.0,0.0
n_15080,0,-1,2,1.3527539684124804e-15,0.0,0.0,0.0
n_15082,0,-1,1,7.304769256078131e-16,0.0,0.0,0.0
n_15084,0,-1,1,7.109000883726349e-16,0.0,0.0,0.0
n_15085,0,-1,1,7.276731936128422e-16,0.0,0.0,0.0
n_15087,0,-1,1,9.144321000211539e-16,0.0,0.0,0.0
n_15090,0,-1,2,1.2292440709668314e-15,0.0,0.0,0.0
n_15092,0,-1,1,1.6392106644158729e-15,0.0,0.0,0.0
n_15093,0,-1,1,6.661671137578329e-16,0.0,0.0,0.0
n_15094,0,-1,1,7.300187337229078e-16,0.0,0.0,0.0
n_1510,0,-1,1,1.1764701067046258e-15,0.0,0.0,0.0
n_15100,0,-1,7,4.486089353049642e-15,0.0,0.0,0.0
n_15101,0,-1,1,6.782386038056275e-16,0.0,0.0,0.0
n_15134,0,-1,1,7.788273132425423e-16,0.0,0.0,0.0
n_15135,0,-1,1,7.097764991681021e-16,0.0,0.0,0.0
n_15136,0,-1,4,2.612343206472934e-15,0.0,0.0,0.0
n_15137,0,-1,1,8.314633170134638e-16,0.0,0.0,0.0
n_15138,0,-1,1,5.816161790837902e-16,0.0,0.0,0.0
n_15139,0,-1,1,6.307385313708233e-16,0.0,0.0,0.0
n_15141,0,-1,1,8.027896635621297e-16,0.0,0.0,0.0
n_15143,0,-1,16,1.1861708785879978e-14,0.0,0.0,0.0
n_15145,0,-1,1,8.580468107883296e-16,0.0,0.0,0.0
n_1516,0,-1,1,1.5250257526865465e-15,0.0,0.0,0.0
n_15166,0,-1,1,7.549765595137557e-16,0.0,0.0,0.0
n_1519,0,-1,1,1.4791833766690781e-15,0.0,0.0,0.0
n_152,0,-1,1,7.45868361292371e-16,0.0,0.0,0.0
n_1523,0,-1,2,1.229055288498712e-15,0.0,0.0,0.0
n_15269,0,-1,2,2.389900496062693e-15,0.0,0.0,0.0
n_1527,0,-1,1,7.003245114492506e-16,0.0,0.0,0.0
n_15271,0,-1,1,8.164490756882301e-16,0.0,0.0,0.0
n_15272,0,-1,7,7.211030343266984e-15,0.0,0.0,0.0
n_15274,0,-1,1,7.464233266915002e-16,0.0,0.0,0.0
n_1528,0,-1,1,7.555816057358913e-16,0.0,0.0,0.0
n_153,0,-1,1,1.2960021256717318e-15,0.0,0.0,0.0
n_1530,0,-1,1,7.351723998113581e-16,0.0,0.0,0.0
n_15300,0,-1,1,6.980897208970385e-16,0.0,0.0,0.0
n_1531,0,-1,1,7.447811415650109e-16,0.0,0.0,0.0
n_1534,0,-1,8,7.804793663028671e-15,0.0,0.0,0.0
n_1535,0,-1,2,1.3024068594232768e-15,0.0,0.0,0.0
n_154,0,-1,1,6.823350668967861e-16,0.0,0.0,0.0
n_1540,0,-1,1,7.641145627069719e-16,0.0,0.0,0.0
n_15426,0,-1,1,8.677135213593101e-16,0.0,0.0,0.0
n_1544,0,-1,1,8.89781958948396e-16,0.0,0.0,0.0
n_1545,0,-1,1,1.5737806514931488e-15,0.0,0.0,0.0
n_1546,0,-1,1,7.08857415480772e-16,0.0,0.0,0.0
n_15469,0,-1,1,8.723198453451566e-16,0.0,0.0,0.0
n_1547,0,-1,1,7.686794350179622e-16,0.0,0.0,0.0
n_15473,0,-1,1,7.311362878176914e-16,0.0,0.0,0.0
n_15475,0,-1,1,8.578197530189062e-16,0.0,0.0,0.0
n_1548,0,-1,1,1.7031385702857599e-15,0.0,0.0,0.0
n_15481,0,-1,1,8.28493037165239e-16,0.0,0.0,0.0
n_15483,0,-1,1,8.094861472244445e-16,0.0,0.0,0.0
n_15487,0,-1,1,8.094861472244445e-16,0.0,0.0,0.0
n_1549,0,-1,1,1.59336659433251e-15,0.0,0.0,0.0
n_15491,0,-1,3,2.628357846648434e-15,0.0,0.0,0.0
n_15495,0,-1,1,7.592521700732586e-16,0.0,0.0,0.0
n_15496,0,-1,1,7.57124740947111e-16,0.0,0.0,0.0
n_155,0,-1,1,5.030825135274829e-16,0.0,0.0,0.0
n_1550,0,-1,1,1.0710909494949551e-15,0.0,0.0,0.0
n_15506,0,-1,1,7.442358111656568e-16,0.0,0.0,0.0
n_1551,0,-1,1,2.71018652330912e-15,0.0,0.0,0.0
n_15515,0,-1,1,7.010620653880723e-16,0.0,0.0,0.0
n_1552,0,-1,1,1.78642700235192e-15,0.0,0.0,0.0
n_15521,0,-1,1,9.203269199384518e-16,0.0,0.0,0.0
n_1553,0,-1,1,7.447811415650109e-16,0.0,0.0,0.0
n_15534,0,-1,1,8.1706269811895665e-16,0.0,0.0,0.0
n_1554,0,-1,1,7.737813262175116e-16,0.0,0.0,0.0
n_1555,0,-1,1,7.447811415650109e-16,0.0,0.0,0.0
n_1558,0,-1,1,8.172732387459085e-16,0.0,0.0,0.0
n_1559,0,-1,1,7.786146550332223e-16,0.0,0.0,0.0
n_156,0,-1,1,6.110716968849993e-16,0.0,0.0,0.0
n_1560,0,-1,1,1.5783454179250206e-15,0.0,0.0,0.0
n_1561,0,-1,1,9.408587868216592e-16,0.0,0.0,0.0
n_1563,0,-1,1,1.6280688989068082e-15,0.0,0.0,0.0
n_1564,0,-1,1,9.263586415558496e-16,0.0,0.0,0.0
n_1565,0,-1,1,3.2793075370528106e-15,0.0,0.0,0.0
n_1566,0,-1,1,1.5411688242326742e-15,0.0,0.0,0.0
n_1567,0,-1,1,7.0617226809841665e-16,0.0,0.0,0.0
n_1568,0,-1,1,1.4079583878377137e-15,0.0,0.0,0.0
n_1569,0,-1,1,1.3223677202209164e-15,0.0,0.0,0.0
n_15693,0,-1,4,2.820509600073677e-15,0.0,0.0,0.0
n_15694,0,-1,1,8.128774553870139e-16,0.0,0.0,0.0
n_157,0,-1,1,7.434517233542953e-16,0.0,0.0,0.0
n_1570,0,-1,1,9.405902773773796e-16,0.0,0.0,0.0
n_1571,0,-1,1,1.8969942363635233e-15,0.0,0.0,0.0
n_1572,0,-1,1,1.5192553407333766e-15,0.0,0.0,0.0
n_1573,0,-1,1,1.6668884188794728e-15,0.0,0.0,0.0
n_1574,0,-1,1,1.2962100722602827e-15,0.0,0.0,0.0
n_1575,0,-1,1,7.620244030305035e-16,0.0,0.0,0.0
n_1576,0,-1,1,7.614293623850574e-16,0.0,0.0,0.0
n_1577,0,-1,1,1.2489031762770116e-15,0.0,0.0,0.0
n_15771,0,-1,1,6.865619730618219e-16,0.0,0.0,0.0
n_15773,0,-1,1,6.926965033031928e-16,0.0,0.0,0.0
n_15775,0,-1,1,7.283930657388899e-16,0.0,0.0,0.0
n_1578,0,-1,1,1.0075462201545823e-15,0.0,0.0,0.0
n_1579,0,-1,1,7.738392950348393e-16,0.0,0.0,0.0
n_158,0,-1,1,7.21164539506581e-16,0.0,0.0,0.0
n_1580,0,-1,1,1.3649463724134956e-15,0.0,0.0,0.0
n_1581,0,-1,1,8.936937688570532e-16,0.0,0.0,0.0
n_1582,0,-1,1,8.000382358516517e-16,0.0,0.0,0.0
n_1583,0,-1,1,7.447811415650109e-16,0.0,0.0,0.0
n_1584,0,-1,1,1.2292065897589154e-15,0.0,0.0,0.0
n_1585,0,-1,1,9.081938082437443e-16,0.0,0.0,0.0
n_15854,0,-1,1,7.492961977507908e-16,0.0,0.0,0.0
n_1586,0,-1,1,1.3297750233446553e-15,0.0,0.0,0.0
n_15867,0,-1,12,1.7686071655592314e-14,0.0,0.0,0.0
n_15869,0,-1,1,8.320418405164385e-16,0.0,0.0,0.0
n_1587,0,-1,1,7.348458686101916e-16,0.0,0.0,0.0
n_1588,0,-1,1,9.619926823721276e-16,0.0,0.0,0.0
n_1589,0,-1,1,7.786146550332223e-16,0.0,0.0,0.0
n_1590,0,-1,1,1.6523882736136633e-15,0.0,0.0,0.0
n_1591,0,-1,1,7.469293229983662e-16,0.0,0.0,0.0
n_15915,0,-1,1,8.387133367068094e-16,0.0,0.0,0.0
n_1592,0,-1,1,7.592811809517021e-16,0.0,0.0,0.0
n_15920,0,-1,11,1.569948970901302e-14,0.0,0.0,0.0
n_15923,0,-1,1,8.145465338095785e-16,0.0,0.0,0.0
n_15927,0,-1,1,8.604634487264053e-16,0.0,0.0,0.0
n_1593,0,-1,1,7.668577847857734e-16,0.0,0.0,0.0
n_15931,0,-1,1,8.822135607460012e-16,0.0,0.0,0.0
n_1594,0,-1,1,7.759294547113077e-16,0.0,0.0,0.0
n_1595,0,-1,1,1.766609184243248e-15,0.0,0.0,0.0
n_15952,0,-1,9,1.2175238031306157e-14,0.0,0.0,0.0
n_15954,0,-1,16,1.4009980851760646e-14,0.0,0.0,0.0
n_1596,0,-1,1,1.3293491775304232e-15,0.0,0.0,0.0
n_1597,0,-1,1,1.7885752896643937e-15,0.0,0.0,0.0
n_1598,0,-1,1,8.194296787504996e-16,0.0,0.0,0.0
n_1599,0,-1,1,8.245895387673768e-16,0.0,0.0,0.0
n_16,0,-1,1,1.262654967933922e-15,0.0,0.0,0.0
n_160,0,-1,1,6.510810863903193e-16,0.0,0.0,0.0
n_1600,0,-1,1,7.351724527509174e-16,0.0,0.0,0.0
n_16009,0,-1,16,1.2491566720623012e-14,0.0,0.0,0.0
n_1601,0,-1,1,7.614293623850574e-16,0.0,0.0,0.0
n_1602,0,-1,1,7.910245876830042e-16,0.0,0.0,0.0
n_1603,0,-1,1,8.317815896433946e-16,0.0,0.0,0.0
n_16031,0,-1,1,7.273190279617715e-16,0.0,0.0,0.0
n_1604,0,-1,1,6.895240472783702e-16,0.0,0.0,0.0
n_1605,0,-1,1,7.402742910109076e-16,0.0,0.0,0.0
n_1606,0,-1,1,8.366149713986645e-16,0.0,0.0,0.0
n_1607,0,-1,1,7.713646353398767e-16,0.0,0.0,0.0
n_1608,0,-1,1,6.895240472783702e-16,0.0,0.0,0.0
n_1609,0,-1,1,1.339473550590717e-15,0.0,0.0,0.0
n_161,0,-1,1,6.67647621470515e-16,0.0,0.0,0.0
n_1610,0,-1,1,1.0610976547832489e-15,0.0,0.0,0.0
n_1611,0,-1,1,3.113414652025398e-15,0.0,0.0,0.0
n_1612,0,-1,1,7.402742910109076e-16,0.0,0.0,0.0
n_1613,0,-1,1,1.257827515409283e-15,0.0,0.0,0.0
n_1614,0,-1,1,1.1636508983226424e-15,0.0,0.0,0.0
n_1615,0,-1,1,2.0517410148380164e-15,0.0,0.0,0.0
n_1616,0,-1,1,9.25437069709237e-16,0.0,0.0,0.0
n_1617,0,-1,1,7.641145627069719e-16,0.0,0.0,0.0
n_1618,0,-1,1,8.366149713986645e-16,0.0,0.0,0.0
n_1619,0,-1,1,8.145963499347889e-16,0.0,0.0,0.0
n_162,0,-1,1,7.233282851703421e-16,0.0,0.0,0.0
n_1620,0,-1,1,9.712960687482952e-16,0.0,0.0,0.0
n_1621,0,-1,1,1.291408454240535e-15,0.0,0.0,0.0
n_1622,0,-1,1,1.2207295899019127e-15,0.0,0.0,0.0
n_1623,0,-1,1,7.469293229983662e-16,0.0,0.0,0.0
n_1624,0,-1,1,1.052868094425963e-15,0.0,0.0,0.0
n_1625,0,-1,1,7.59339202708589e-16,0.0,0.0,0.0
n_1626,0,-1,1,7.396792503654615e-16,0.0,0.0,0.0
n_1627,0,-1,1,1.2938250392390514e-15,0.0,0.0,0.0
n_1628,0,-1,1,7.23031029545415e-16,0.0,0.0,0.0
n_1629,0,-1,1,7.710960729560379e-16,0.0,0.0,0.0
n_1630,0,-1,1,1.7376722094244361e-15,0.0,0.0,0.0
n_16304,0,-1,1,8.674864635898867e-16,0.0,0.0,0.0
n_1631,0,-1,1,9.661941775487458e-16,0.0,0.0,0.0
n_16314,0,-1,1,8.795698650385022e-16,0.0,0.0,0.0
n_1632,0,-1,1,8.653465936673264e-16,0.0,0.0,0.0
n_1633,0,-1,1,8.942888095024993e-16,0.0,0.0,0.0
n_1634,0,-1,1,1.1239314058435201e-15,0.0,0.0,0.0
n_1635,0,-1,1,1.762281481157489e-15,0.0,0.0,0.0
n_1637,0,-1,1,7.859226964834548e-16,0.0,0.0,0.0
n_16416,0,-1,1,8.156206245262562e-16,0.0,0.0,0.0
n_16427,0,-1,1,7.57620308160814e-16,0.0,0.0,0.0
n_1643,0,-1,2,1.5037752842267122e-15,0.0,0.0,0.0
n_16436,0,-1,1,8.608508604206558e-16,0.0,0.0,0.0
n_16439,0,-1,1,7.520394198295922e-16,0.0,0.0,0.0
n_1645,0,-1,4,1.97002668762521e-15,0.0,0.0,0.0
n_16458,0,-1,3,2.568123851461523e-15,0.0,0.0,0.0
n_1646,0,-1,1,8.62133585940154e-16,0.0,0.0,0.0
n_1647,0,-1,2,1.7721921901568379e-15,0.0,0.0,0.0
n_1648,0,-1,3,2.4085796901320185e-15,0.0,0.0,0.0
n_1649,0,-1,1,7.553146844783878e-16,0.0,0.0,0.0
n_1651,0,-1,1,8.53657009599625e-16,0.0,0.0,0.0
n_16593,0,-1,1,7.877360352048486e-16,0.0,0.0,0.0
n_166,0,-1,2,2.444175402707433e-15,0.0,0.0,0.0
n_1660,0,-1,1,1.1537997992669565e-15,0.0,0.0,0.0
n_1661,0,-1,4,2.349458060963089e-15,0.0,0.0,0.0
n_1666,0,-1,8,6.277493732757865e-15,0.0,0.0,0.0
n_16664,0,-1,1,7.793704201804099e-16,0.0,0.0,0.0
n_1667,0,-1,6,4.571401664464148e-15,0.0,0.0,0.0
n_16671,0,-1,1,6.481000598115762e-16,0.0,0.0,0.0
n_16672,0,-1,5,3.954019254484749e-15,0.0,0.0,0.0
n_16680,0,-1,1,8.870469954408303e-16,0.0,0.0,0.0
n_16684,0,-1,1,8.217966064424833e-16,0.0,0.0,0.0
n_16720,0,-1,1,8.042696948187789e-16,0.0,0.0,0.0
n_16721,0,-1,1,6.782654441621436e-16,0.0,0.0,0.0
n_16722,0,-1,1,1.9787701852232425e-15,0.0,0.0,0.0
n_16723,0,-1,1,4.713900981796054e-15,0.0,0.0,0.0
n_16724,0,-1,1,7.671547757129044e-16,0.0,0.0,0.0
n_16725,0,-1,1,1.2251972651822055e-15,0.0,0.0,0.0
n_16726,0,-1,1,5.859040186814691e-16,0.0,0.0,0.0
n_16727,0,-1,1,6.092558170647637e-16,0.0,0.0,0.0
n_16728,0,-1,1,5.6175945039910365e-15,0.0,0.0,0.0
n_16730,0,-1,1,5.923485100419758e-16,0.0,0.0,0.0
n_16731,0,-1,1,1.2648599005747434e-15,0.0,0.0,0.0
n_16732,0,-1,1,7.99487293859022e-16,0.0,0.0,0.0
n_16733,0,-1,1,2.25550199008009e-15,0.0,0.0,0.0
n_16736,0,-1,1,7.099275886700686e-16,0.0,0.0,0.0
n_16737,0,-1,1,7.918381098892828e-16,0.0,0.0,0.0
n_16738,0,-1,1,1.587519631776732e-15,0.0,0.0,0.0
n_16739,0,-1,1,7.112169316344672e-16,0.0,0.0,0.0
n_16741,0,-1,1,9.229146055923136e-16,0.0,0.0,0.0
n_16742,0,-1,1,6.463604129565935e-16,0.0,0.0,0.0
n_16743,0,-1,1,1.0081369197561738e-15,0.0,0.0,0.0
n_16749,0,-1,1,6.719067148875464e-16,0.0,0.0,0.0
n_16750,0,-1,1,6.986580270650869e-16,0.0,0.0,0.0
n_16751,0,-1,1,5.597822108024161e-16,0.0,0.0,0.0
n_1677,0,-1,3,2.6641845874602124e-15,0.0,0.0,0.0
n_1678,0,-1,3,2.016349225444653e-15,0.0,0.0,0.0
n_16781,0,-1,2,1.7120940378788428e-15,0.0,0.0,0.0
n_16788,0,-1,1,8.148379660829932e-16,0.0,0.0,0.0
n_1679,0,-1,15,1.0981821971700525e-14,0.0,0.0,0.0
n_16797,0,-1,23,2.0563147809949528e-14,0.0,0.0,0.0
n_16798,0,-1,1,6.279640749520918e-16,0.0,0.0,0.0
n_1680,0,-1,3,2.79727294523165e-15,0.0,0.0,0.0
n_16805,0,-1,1,7.051441289191275e-16,0.0,0.0,0.0
n_16807,0,-1,1,7.447542482689356e-16,0.0,0.0,0.0
n_1681,0,-1,3,2.78532872188418e-15,0.0,0.0,0.0
n_16816,0,-1,1,7.343399252428848e-16,0.0,0.0,0.0
n_16819,0,-1,1,8.838475931803732e-16,0.0,0.0,0.0
n_16828,0,-1,1,7.243466834707377e-16,0.0,0.0,0.0
n_16853,0,-1,2,1.40499334900585e-15,0.0,0.0,0.0
n_16857,0,-1,1,8.541739643952461e-16,0.0,0.0,0.0
n_16858,0,-1,1,7.473112819180187e-16,0.0,0.0,0.0
n_16880,0,-1,1,9.809392212154302e-16,0.0,0.0,0.0
n_16895,0,-1,1,6.114399973983773e-16,0.0,0.0,0.0
n_16899,0,-1,1,9.222727663765317e-16,0.0,0.0,0.0
n_169,0,-1,2,1.9455690347897157e-15,0.0,0.0,0.0
n_16900,0,-1,16,1.4243624725865378e-14,0.0,0.0,0.0
n_16908,0,-1,16,1.4121463940146468e-14,0.0,0.0,0.0
n_1692,0,-1,6,4.482687245216995e-15,0.0,0.0,0.0
n_1699,0,-1,3,2.4445906606098246e-15,0.0,0.0,0.0
n_1701,0,-1,3,3.0019472337491004e-15,0.0,0.0,0.0
n_1704,0,-1,4,3.508169698412055e-15,0.0,0.0,0.0
n_1705,0,-1,12,8.896359939957604e-15,0.0,0.0,0.0
n_1707,0,-1,3,2.015886110180742e-15,0.0,0.0,0.0
n_17079,0,-1,1,7.638771287839447e-16,0.0,0.0,0.0
n_171,0,-1,2,1.2697936557342629e-15,0.0,0.0,0.0
n_17108,0,-1,1,1.1828294183143743e-15,0.0,0.0,0.0
n_17110,0,-1,1,7.800417467306682e-16,0.0,0.0,0.0
n_1714,0,-1,4,3.1767672107658627e-15,0.0,0.0,0.0
n_17184,0,-1,1,7.925486117133515e-16,0.0,0.0,0.0
n_172,0,-1,2,1.447059969781814e-15,0.0,0.0,0.0
n_1723,0,-1,2,3.3102877670986366e-15,0.0,0.0,0.0
n_17252,0,-1,1,1.0776318437927712e-15,0.0,0.0,0.0
n_17254,0,-1,1,7.19624739487591e-16,0.0,0.0,0.0
n_17304,0,-1,1,8.120718741146159e-16,0.0,0.0,0.0
n_1734,0,-1,1,6.782653382830252e-16,0.0,0.0,0.0
n_1736,0,-1,1,6.831920524811707e-16,0.0,0.0,0.0
n_17388,0,-1,1,8.498020567775523e-16,0.0,0.0,0.0
n_1739,0,-1,1,6.638023565877765e-16,0.0,0.0,0.0
n_17399,0,-1,4,3.321878989465338e-15,0.0,0.0,0.0
n_17400,0,-1,1,6.794967124300962e-16,0.0,0.0,0.0
n_17401,0,-1,1,6.553950781302447e-16,0.0,0.0,0.0
n_17402,0,-1,2,1.321934780505751e-15,0.0,0.0,0.0
n_17403,0,-1,1,7.608662442938109e-16,0.0,0.0,0.0
n_1742,0,-1,1,8.092420429169577e-16,0.0,0.0,0.0
n_1744,0,-1,1,8.281792114582813e-16,0.0,0.0,0.0
n_17440,0,-1,1,6.980790271060794e-16,0.0,0.0,0.0
n_17441,0,-1,1,7.368329020253318e-16,0.0,0.0,0.0
n_1745,0,-1,1,8.07786628555338e-16,0.0,0.0,0.0
n_1747,0,-1,1,6.310059820239188e-16,0.0,0.0,0.0
n_17489,0,-1,2,1.3644940568196618e-15,0.0,0.0,0.0
n_1749,0,-1,1,8.150366482486836e-16,0.0,0.0,0.0
n_17490,0,-1,1,6.463836004835246e-16,0.0,0.0,0.0
n_17492,0,-1,1,6.747328403160604e-16,0.0,0.0,0.0
n_1751,0,-1,1,7.97088814189753e-16,0.0,0.0,0.0
n_17513,0,-1,1,7.431202687741229e-16,0.0,0.0,0.0
n_1752,0,-1,1,8.278867733332417e-16,0.0,0.0,0.0
n_17525,0,-1,1,7.57620308160814e-16,0.0,0.0,0.0
n_17528,0,-1,1,8.169632246872135e-16,0.0,0.0,0.0
n_1753,0,-1,1,9.038008836210467e-16,0.0,0.0,0.0
n_17530,0,-1,1,7.592894395229378e-16,0.0,0.0,0.0
n_17532,0,-1,1,7.617061304005727e-16,0.0,0.0,0.0
n_17534,0,-1,1,7.624536899160839e-16,0.0,0.0,0.0
n_1754,0,-1,1,7.283626784319072e-16,0.0,0.0,0.0
n_17542,0,-1,1,7.8554640209663705e-16,0.0,0.0,0.0
n_17545,0,-1,1,7.386663048396637e-16,0.0,0.0,0.0
n_1755,0,-1,1,7.870011282439871e-16,0.0,0.0,0.0
n_17563,0,-1,1,8.314633170134638e-16,0.0,0.0,0.0
n_17565,0,-1,1,8.290466261358289e-16,0.0,0.0,0.0
n_17567,0,-1,1,7.651968590553261e-16,0.0,0.0,0.0
n_17569,0,-1,1,9.60866552068753e-16,0.0,0.0,0.0
n_1757,0,-1,1,1.1351490866804825e-15,0.0,0.0,0.0
n_17573,0,-1,1,8.496993010931385e-16,0.0,0.0,0.0
n_17575,0,-1,1,9.800726006312706e-16,0.0,0.0,0.0
n_17577,0,-1,1,7.882895712358793e-16,0.0,0.0,0.0
n_17578,0,-1,13,2.162070910217799e-14,0.0,0.0,0.0
n_17579,0,-1,17,1.4034265286358427e-14,0.0,0.0,0.0
n_17583,0,-1,1,8.435467184620792e-16,0.0,0.0,0.0
n_17584,0,-1,3,3.1323017926832746e-15,0.0,0.0,0.0
n_17591,0,-1,4,2.392464041277558e-15,0.0,0.0,0.0
n_17594,0,-1,1,1.139146341037694e-15,0.0,0.0,0.0
n_17595,0,-1,4,2.437353399350247e-15,0.0,0.0,0.0
n_17596,0,-1,4,2.475738814937444e-15,0.0,0.0,0.0
n_17597,0,-1,4,2.160088175494866e-15,0.0,0.0,0.0
n_17599,0,-1,4,2.8733089753243003e-15,0.0,0.0,0.0
n_176,0,-1,7,9.403503976467172e-15,0.0,0.0,0.0
n_1760,0,-1,1,5.311630321575022e-16,0.0,0.0,0.0
n_17600,0,-1,3,3.436167662730703e-15,0.0,0.0,0.0
n_17606,0,-1,9,6.558103889721953e-15,0.0,0.0,0.0
n_17608,0,-1,1,6.77126820122797e-16,0.0,0.0,0.0
n_17609,0,-1,1,7.183950594064146e-16,0.0,0.0,0.0
n_17613,0,-1,4,2.56687468962256e-15,0.0,0.0,0.0
n_17614,0,-1,4,2.5063967489468396e-15,0.0,0.0,0.0
n_17615,0,-1,4,2.6041492214994326e-15,0.0,0.0,0.0
n_17616,0,-1,1,5.918389667846431e-16,0.0,0.0,0.0
n_17617,0,-1,3,2.8598779973961624e-15,0.0,0.0,0.0
n_17618,0,-1,1,9.50058623420025e-16,0.0,0.0,0.0
n_1762,0,-1,4,2.6320919913964047e-15,0.0,0.0,0.0
n_17623,0,-1,3,1.7594210508946112e-15,0.0,0.0,0.0
n_17624,0,-1,9,4.918082085379966e-15,0.0,0.0,0.0
n_17625,0,-1,1,7.179702194438074e-16,0.0,0.0,0.0
n_17626,0,-1,1,1.6055239523453326e-15,0.0,0.0,0.0
n_1764,0,-1,1,5.698299803205426e-16,0.0,0.0,0.0
n_1765,0,-1,8,5.02249541327153e-15,0.0,0.0,0.0
n_1766,0,-1,8,5.015041946852166e-15,0.0,0.0,0.0
n_1767,0,-1,1,8.730369646141258e-16,0.0,0.0,0.0
n_17672,0,-1,1,1.4082508259627533e-15,0.0,0.0,0.0
n_1768,0,-1,1,6.181635861150043e-16,0.0,0.0,0.0
n_17686,0,-1,3,2.7372009450959012e-15,0.0,0.0,0.0
n_17687,0,-1,5,4.2526974712467185e-15,0.0,0.0,0.0
n_17688,0,-1,1,6.173211059698415e-16,0.0,0.0,0.0
n_1769,0,-1,1,8.839060913932929e-16,0.0,0.0,0.0
n_17690,0,-1,1,7.67276219061717e-16,0.0,0.0,0.0
n_1770,0,-1,1,7.738682000341644e-16,0.0,0.0,0.0
n_17704,0,-1,12,8.061634381426909e-15,0.0,0.0,0.0
n_17705,0,-1,1,8.881901722822684e-16,0.0,0.0,0.0
n_17706,0,-1,1,7.233220912419153e-16,0.0,0.0,0.0
n_17711,0,-1,1,6.642138557814644e-16,0.0,0.0,0.0
n_17712,0,-1,1,6.747899091608816e-16,0.0,0.0,0.0
n_1775,0,-1,1,7.455275893497788e-16,0.0,0.0,0.0
n_1777,0,-1,1,6.329539460443669e-16,0.0,0.0,0.0
n_17778,0,-1,1,7.228121774076682e-16,0.0,0.0,0.0
n_17785,0,-1,1,6.588629898349814e-16,0.0,0.0,0.0
n_17787,0,-1,1,7.356431383717947e-16,0.0,0.0,0.0
n_1779,0,-1,1,8.08751240263583e-16,0.0,0.0,0.0
n_178,0,-1,3,1.6461227709028232e-15,0.0,0.0,0.0
n_1780,0,-1,1,7.572206674283876e-16,0.0,0.0,0.0
n_17801,0,-1,1,8.795698650385022e-16,0.0,0.0,0.0
n_17809,0,-1,1,7.737895318491882e-16,0.0,0.0,0.0
n_1781,0,-1,1,7.2162934883638675e-16,0.0,0.0,0.0
n_1782,0,-1,3,2.088505844638879e-15,0.0,0.0,0.0
n_1783,0,-1,5,4.478444033667725e-15,0.0,0.0,0.0
n_1784,0,-1,1,7.068717055546119e-16,0.0,0.0,0.0
n_1785,0,-1,1,1.1497409232628323e-15,0.0,0.0,0.0
n_1788,0,-1,1,1.181931351632048e-15,0.0,0.0,0.0
n_1789,0,-1,1,1.101080786267204e-15,0.0,0.0,0.0
n_179,0,-1,3,1.6041257127076525e-15,0.0,0.0,0.0
n_17924,0,-1,1,2.244136290235595e-15,0.0,0.0,0.0
n_17925,0,-1,1,5.1265275763368295e-15,0.0,0.0,0.0
n_17927,0,-1,1,7.407035778964879e-16,0.0,0.0,0.0
n_1793,0,-1,1,7.362437906105164e-16,0.0,0.0,0.0
n_17938,0,-1,1,7.722198739188075e-16,0.0,0.0,0.0
n_1794,0,-1,1,7.651985531212206e-16,0.0,0.0,0.0
n_1797,0,-1,1,7.674243968879273e-16,0.0,0.0,0.0
n_17979,0,-1,1,7.542290529378038e-16,0.0,0.0,0.0
n_1801,0,-1,1,8.885165976043165e-16,0.0,0.0,0.0
n_18018,0,-1,1,6.731359714522492e-16,0.0,0.0,0.0
n_1802,0,-1,1,6.23755909391014e-16,0.0,0.0,0.0
n_1803,0,-1,1,6.130001262081013e-16,0.0,0.0,0.0
n_1805,0,-1,1,6.661671137578329e-16,0.0,0.0,0.0
n_18058,0,-1,1,8.319838187595516e-16,0.0,0.0,0.0
n_18060,0,-1,1,8.674864635898867e-16,0.0,0.0,0.0
n_18066,0,-1,1,1.2958226605660323e-15,0.0,0.0,0.0
n_18068,0,-1,1,7.762061697872639e-16,0.0,0.0,0.0
n_1807,0,-1,1,6.399101511841336e-16,0.0,0.0,0.0
n_1808,0,-1,1,4.529474804124481e-16,0.0,0.0,0.0
n_18089,0,-1,1,7.2858650688821915e-16,0.0,0.0,0.0
n_1809,0,-1,1,6.689102828970751e-16,0.0,0.0,0.0
n_18092,0,-1,1,7.15789215483746e-16,0.0,0.0,0.0
n_181,0,-1,3,3.001017615089489e-15,0.0,0.0,0.0
n_1812,0,-1,1,6.975989182436638e-16,0.0,0.0,0.0
n_1816,0,-1,1,8.93069823212282e-16,0.0,0.0,0.0
n_18195,0,-1,1,8.07296514116233e-16,0.0,0.0,0.0
n_1820,0,-1,4,2.9686382983730355e-15,0.0,0.0,0.0
n_1828,0,-1,3,4.0030683913614036e-15,0.0,0.0,0.0
n_18289,0,-1,1,8.360695880597511e-16,0.0,0.0,0.0
n_183,0,-1,1,9.123692571572344e-16,0.0,0.0,0.0
n_1831,0,-1,2,2.803175917841065e-15,0.0,0.0,0.0
n_1836,0,-1,2,3.2642341622399467e-15,0.0,0.0,0.0
n_1838,0,-1,2,1.822746928097237e-15,0.0,0.0,0.0
n_184,0,-1,2,1.1731927244734621e-15,0.0,0.0,0.0
n_1840,0,-1,3,3.0683387349460765e-15,0.0,0.0,0.0
n_1841,0,-1,3,1.8151835591529667e-15,0.0,0.0,0.0
n_1842,0,-1,2,2.916468692118696e-15,0.0,0.0,0.0
n_1844,0,-1,2,2.2799357142348244e-15,0.0,0.0,0.0
n_18448,0,-1,1,6.85446430670288e-16,0.0,0.0,0.0
n_1845,0,-1,1,6.227750981776527e-16,0.0,0.0,0.0
n_1846,0,-1,1,6.4765404402528765e-16,0.0,0.0,0.0
n_1847,0,-1,1,7.231081624831744e-16,0.0,0.0,0.0
n_18480,0,-1,1,7.42760068013303e-16,0.0,0.0,0.0
n_18483,0,-1,1,8.290466261358289e-16,0.0,0.0,0.0
n_1849,0,-1,1,7.198279215158137e-16,0.0,0.0,0.0
n_18491,0,-1,1,7.998193837139048e-16,0.0,0.0,0.0
n_185,0,-1,2,2.2466678599567013e-15,0.0,0.0,0.0
n_1850,0,-1,1,6.780321924642935e-16,0.0,0.0,0.0
n_1852,0,-1,1,8.422730456072048e-16,0.0,0.0,0.0
n_18524,0,-1,1,7.407905575922591e-16,0.0,0.0,0.0
n_1853,0,-1,1,7.112353016615108e-16,0.0,0.0,0.0
n_1857,0,-1,1,7.451921113631069e-16,0.0,0.0,0.0
n_18591,0,-1,1,8.22870697159161e-16,0.0,0.0,0.0
n_186,0,-1,2,1.3627340282343857e-15,0.0,0.0,0.0
n_1861,0,-1,1,8.082917248896976e-16,0.0,0.0,0.0
n_1863,0,-1,2,1.805648721023962e-15,0.0,0.0,0.0
n_18652,0,-1,1,6.24445129512283e-16,0.0,0.0,0.0
n_18653,0,-1,1,1.1371909654789574e-15,0.0,0.0,0.0
n_18654,0,-1,1,6.882018288477062e-16,0.0,0.0,0.0
n_18655,0,-1,1,7.349718647610957e-16,0.0,0.0,0.0
n_18658,0,-1,1,7.675209586439143e-16,0.0,0.0,0.0
n_18660,0,-1,1,1.3138032642121098e-15,0.0,0.0,0.0
n_18666,0,-1,1,7.516202443998198e-16,0.0,0.0,0.0
n_18667,0,-1,1,1.0445156084122067e-15,0.0,0.0,0.0
n_18668,0,-1,1,8.652802603996445e-16,0.0,0.0,0.0
n_18679,0,-1,2,1.3237561131005846e-15,0.0,0.0,0.0
n_18683,0,-1,1,7.373760619027586e-16,0.0,0.0,0.0
n_18684,0,-1,3,4.0199717808568104e-15,0.0,0.0,0.0
n_1869,0,-1,1,6.598525360756113e-16,0.0,0.0,0.0
n_18704,0,-1,3,2.4517216192345218e-15,0.0,0.0,0.0
n_18706,0,-1,1,1.2865059334209454e-15,0.0,0.0,0.0
n_18707,0,-1,4,3.576879528785666e-15,0.0,0.0,0.0
n_18709,0,-1,3,3.2930781751927974e-15,0.0,0.0,0.0
n_18710,0,-1,1,6.204677274897728e-16,0.0,0.0,0.0
n_18711,0,-1,1,8.925877555861759e-16,0.0,0.0,0.0
n_1872,0,-1,1,7.000351438186448e-16,0.0,0.0,0.0
n_18739,0,-1,3,3.618324850894819e-15,0.0,0.0,0.0
n_18742,0,-1,1,1.1541105544794804e-15,0.0,0.0,0.0
n_18743,0,-1,3,1.8443625736364565e-15,0.0,0.0,0.0
n_18745,0,-1,1,1.1859301941760355e-15,0.0,0.0,0.0
n_18841,0,-1,1,1.4040609774891599e-15,0.0,0.0,0.0
n_1885,0,-1,1,1.2364014993711302e-15,0.0,0.0,0.0
n_18857,0,-1,2,1.130398078879333e-15,0.0,0.0,0.0
n_1887,0,-1,1,5.505863976105498e-16,0.0,0.0,0.0
n_18871,0,-1,1,6.868950158287705e-16,0.0,0.0,0.0
n_18872,0,-1,2,1.50923017640703e-15,0.0,0.0,0.0
n_18873,0,-1,1,7.624113912082803e-16,0.0,0.0,0.0
n_18875,0,-1,1,7.840992992458123e-16,0.0,0.0,0.0
n_1888,0,-1,1,6.182534245469725e-16,0.0,0.0,0.0
n_18885,0,-1,2,1.366730964954242e-15,0.0,0.0,0.0
n_18886,0,-1,2,1.4844729915455628e-15,0.0,0.0,0.0
n_18887,0,-1,2,1.4449402698313101e-15,0.0,0.0,0.0
n_18888,0,-1,1,7.2132409933802e-16,0.0,0.0,0.0
n_18889,0,-1,1,7.708192520009633e-16,0.0,0.0,0.0
n_18894,0,-1,3,2.088061364099807e-15,0.0,0.0,0.0
n_18895,0,-1,2,1.169037816108943e-15,0.0,0.0,0.0
n_18896,0,-1,2,2.0123779114714514e-15,0.0,0.0,0.0
n_18897,0,-1,1,1.2246141888771394e-15,0.0,0.0,0.0
n_18899,0,-1,1,8.582382402344091e-16,0.0,0.0,0.0
n_18900,0,-1,2,2.4801874319764234e-15,0.0,0.0,0.0
n_18902,0,-1,1,6.84563822339249e-16,0.0,0.0,0.0
n_18903,0,-1,2,2.9146213132607342e-15,0.0,0.0,0.0
n_1892,0,-1,2,1.32805681701115e-15,0.0,0.0,0.0
n_18928,0,-1,1,6.586358791259989e-16,0.0,0.0,0.0
n_18931,0,-1,1,6.548401127311155e-16,0.0,0.0,0.0
n_18933,0,-1,2,1.4754260443941764e-15,0.0,0.0,0.0
n_1894,0,-1,2,1.0598950797563846e-15,0.0,0.0,0.0
n_1895,0,-1,1,6.213615590073629e-16,0.0,0.0,0.0
n_1896,0,-1,1,1.1865331757553621e-15,0.0,0.0,0.0
n_18964,0,-1,4,4.450604178273844e-15,0.0,0.0,0.0
n_18966,0,-1,1,1.1703201181119676e-15,0.0,0.0,0.0
n_19,0,-1,5,3.0608791275378447e-15,0.0,0.0,0.0
n_190,0,-1,2,1.194400947165052e-15,0.0,0.0,0.0
n_19002,0,-1,1,6.848903535404155e-16,0.0,0.0,0.0
n_19004,0,-1,1,7.573907092925489e-16,0.0,0.0,0.0
n_19005,0,-1,1,7.460968484298929e-16,0.0,0.0,0.0
n_19006,0,-1,2,1.411130526225181e-15,0.0,0.0,0.0
n_19007,0,-1,2,1.4803161773569123e-15,0.0,0.0,0.0
n_19008,0,-1,1,1.337711192664836e-15,0.0,0.0,0.0
n_19009,0,-1,2,1.248354087168954e-15,0.0,0.0,0.0
n_19010,0,-1,3,1.7352435542064212e-15,0.0,0.0,0.0
n_19013,0,-1,4,2.3081751574215723e-15,0.0,0.0,0.0
n_1903,0,-1,6,3.405721275199884e-15,0.0,0.0,0.0
n_1904,0,-1,1,9.77481315087383e-16,0.0,0.0,0.0
n_19045,0,-1,2,1.4016258636449222e-15,0.0,0.0,0.0
n_19046,0,-1,1,8.147497687773604e-16,0.0,0.0,0.0
n_19047,0,-1,1,8.286936251550607e-16,0.0,0.0,0.0
n_19067,0,-1,1,8.247312579673643e-16,0.0,0.0,0.0
n_19068,0,-1,1,8.620974282212181e-16,0.0,0.0,0.0
n_19069,0,-1,2,1.2705920901661684e-15,0.0,0.0,0.0
n_1913,0,-1,1,7.445713950314471e-16,0.0,0.0,0.0
n_19132,0,-1,1,1.2216582556494587e-15,0.0,0.0,0.0
n_19133,0,-1,3,4.080368618127831e-15,0.0,0.0,0.0
n_1914,0,-1,3,1.6474767530690092e-15,0.0,0.0,0.0
n_1915,0,-1,1,1.006768432150766e-15,0.0,0.0,0.0
n_1917,0,-1,1,4.646032890413777e-16,0.0,0.0,0.0
n_1919,0,-1,4,2.4544016314796344e-15,0.0,0.0,0.0
n_1920,0,-1,3,2.4859519146989625e-15,0.0,0.0,0.0
n_19234,0,-1,1,8.677135213593101e-16,0.0,0.0,0.0
n_19235,0,-1,1,7.938705125066603e-16,0.0,0.0,0.0
n_19237,0,-1,1,8.287200949346624e-16,0.0,0.0,0.0
n_19241,0,-1,1,7.54456057767668e-16,0.0,0.0,0.0
n_1932,0,-1,6,4.382805120076768e-15,0.0,0.0,0.0
n_19378,0,-1,1,8.662391016959364e-16,0.0,0.0,0.0
n_19383,0,-1,4,6.830648175445812e-15,0.0,0.0,0.0
n_19495,0,-1,2,1.196053720203382e-15,0.0,0.0,0.0
n_19496,0,-1,1,5.891179793207071e-16,0.0,0.0,0.0
n_19497,0,-1,1,8.477027385573417e-16,0.0,0.0,0.0
n_195,0,-1,4,2.8994990222951664e-15,0.0,0.0,0.0
n_19501,0,-1,1,1.0909470958444904e-15,0.0,0.0,0.0
n_19502,0,-1,1,8.244939828630146e-16,0.0,0.0,0.0
n_19503,0,-1,2,1.9527423450617755e-15,0.0,0.0,0.0
n_19504,0,-1,1,6.099450371860327e-16,0.0,0.0,0.0
n_19505,0,-1,1,6.24445129512283e-16,0.0,0.0,0.0
n_19506,0,-1,1,6.531187829636172e-16,0.0,0.0,0.0
n_19509,0,-1,1,5.788289642312907e-16,0.0,0.0,0.0
n_19510,0,-1,1,8.106377943953552e-16,0.0,0.0,0.0
n_1955,0,-1,1,7.531202868098479e-16,0.0,0.0,0.0
n_1957,0,-1,1,7.03985229028606e-16,0.0,0.0,0.0
n_19576,0,-1,1,1.219031077084431e-15,0.0,0.0,0.0
n_19577,0,-1,1,1.3419318519618858e-15,0.0,0.0,0.0
n_19578,0,-1,4,2.7246568106635387e-15,0.0,0.0,0.0
n_1959,0,-1,1,7.491545844299217e-16,0.0,0.0,0.0
n_19593,0,-1,3,2.0356372244448176e-15,0.0,0.0,0.0
n_19594,0,-1,1,1.2314613914645063e-15,0.0,0.0,0.0
n_19615,0,-1,3,2.1805755731483427e-15,0.0,0.0,0.0
n_19616,0,-1,3,2.028045479896814e-15,0.0,0.0,0.0
n_19617,0,-1,3,2.07934475979785e-15,0.0,0.0,0.0
n_19619,0,-1,3,1.8389508801364488e-15,0.0,0.0,0.0
n_19620,0,-1,2,1.6202603139243077e-15,0.0,0.0,0.0
n_19621,0,-1,1,5.276477395472785e-16,0.0,0.0,0.0
n_19622,0,-1,1,6.562263350888564e-16,0.0,0.0,0.0
n_19623,0,-1,1,9.162041988259283e-16,0.0,0.0,0.0
n_1965,0,-1,1,5.244411375067697e-16,0.0,0.0,0.0
n_19669,0,-1,1,8.409668149234203e-16,0.0,0.0,0.0
n_19672,0,-1,1,6.313322485272893e-16,0.0,0.0,0.0
n_1968,0,-1,2,1.926472253477394e-15,0.0,0.0,0.0
n_19687,0,-1,1,6.290467418773604e-16,0.0,0.0,0.0
n_19688,0,-1,1,9.79417844163043e-16,0.0,0.0,0.0
n_1972,0,-1,1,5.866217732251487e-16,0.0,0.0,0.0
n_198,0,-1,2,1.4556704832071276e-15,0.0,0.0,0.0
n_1990,0,-1,1,7.226088895003271e-16,0.0,0.0,0.0
n_1992,0,-1,1,1.6005887148781554e-15,0.0,0.0,0.0
n_1999,0,-1,1,8.85707518713866e-16,0.0,0.0,0.0
n_2,0,-1,1,8.424309113727493e-16,0.0,0.0,0.0
n_20,0,-1,1,8.125753822621994e-16,0.0,0.0,0.0
n_2002,0,-1,1,2.6537760348461148e-15,0.0,0.0,0.0
n_2009,0,-1,1,6.719067148875464e-16,0.0,0.0,0.0
n_201,0,-1,2,3.167898987566347e-15,0.0,0.0,0.0
n_2013,0,-1,7,5.041117009100442e-15,0.0,0.0,0.0
n_2014,0,-1,1,6.319560882929421e-16,0.0,0.0,0.0
n_2016,0,-1,1,7.170086252904369e-16,0.0,0.0,0.0
n_2020,0,-1,2,9.914473002008302e-16,0.0,0.0,0.0
n_2021,0,-1,1,6.565017796153916e-16,0.0,0.0,0.0
n_2024,0,-1,2,1.2558194120495798e-15,0.0,0.0,0.0
n_20245,0,-1,1,9.772117468519192e-16,0.0,0.0,0.0
n_20246,0,-1,1,8.245232584392541e-16,0.0,0.0,0.0
n_20247,0,-1,1,7.780693246338681e-16,0.0,0.0,0.0
n_2029,0,-1,2,1.0866872612736301e-15,0.0,0.0,0.0
n_203,0,-1,3,3.4354654724174294e-15,0.0,0.0,0.0
n_2031,0,-1,2,1.1952764615951578e-15,0.0,0.0,0.0
n_20316,0,-1,1,1.155108359291346e-15,0.0,0.0,0.0
n_20317,0,-1,3,1.712568588087542e-15,0.0,0.0,0.0
n_20319,0,-1,1,6.03679110958719e-16,0.0,0.0,0.0
n_2034,0,-1,2,1.2118666606583174e-15,0.0,0.0,0.0
n_2036,0,-1,2,1.1797021726731114e-15,0.0,0.0,0.0
n_2038,0,-1,2,1.5834414857730577e-15,0.0,0.0,0.0
n_20426,0,-1,3,3.6954400009622714e-15,0.0,0.0,0.0
n_2048,0,-1,2,1.2182115727079625e-15,0.0,0.0,0.0
n_2052,0,-1,1,6.418913612477614e-16,0.0,0.0,0.0
n_2053,0,-1,1,6.483348996962025e-16,0.0,0.0,0.0
n_2057,0,-1,1,6.322826194941086e-16,0.0,0.0,0.0
n_2059,0,-1,1,7.076534110858092e-16,0.0,0.0,0.0
n_20593,0,-1,16,1.2389562777949913e-14,0.0,0.0,0.0
n_20594,0,-1,16,1.1825233006072366e-14,0.0,0.0,0.0
n_20595,0,-1,16,1.2713819695653068e-14,0.0,0.0,0.0
n_20597,0,-1,1,6.755112106550279e-16,0.0,0.0,0.0
n_206,0,-1,1,7.573907092925489e-16,0.0,0.0,0.0
n_2063,0,-1,2,2.3310674933705406e-15,0.0,0.0,0.0
n_2065,0,-1,2,1.4687034615291743e-15,0.0,0.0,0.0
n_20669,0,-1,3,3.222662632221653e-15,0.0,0.0,0.0
n_20671,0,-1,1,1.1917438048095154e-15,0.0,0.0,0.0
n_20673,0,-1,4,2.5006422188614307e-15,0.0,0.0,0.0
n_2073,0,-1,1,6.376026216775761e-16,0.0,0.0,0.0
n_2074,0,-1,1,5.576340293690608e-16,0.0,0.0,0.0
n_20756,0,-1,1,6.942023690647333e-16,0.0,0.0,0.0
n_20759,0,-1,1,7.306266386812403e-16,0.0,0.0,0.0
n_20760,0,-1,2,1.358121933836586e-15,0.0,0.0,0.0
n_20783,0,-1,1,1.1788015648919433e-15,0.0,0.0,0.0
n_2079,0,-1,2,1.3715322653366346e-15,0.0,0.0,0.0
n_20821,0,-1,1,1.6269126989338061e-15,0.0,0.0,0.0
n_20824,0,-1,2,1.6315400399246564e-15,0.0,0.0,0.0
n_2092,0,-1,1,6.37853237550845e-16,0.0,0.0,0.0
n_2095,0,-1,2,1.2722721800170473e-15,0.0,0.0,0.0
n_20972,0,-1,1,1.1825652499139493e-15,0.0,0.0,0.0
n_20973,0,-1,3,3.048827966280784e-15,0.0,0.0,0.0
n_2098,0,-1,1,6.781415655936077e-16,0.0,0.0,0.0
n_21,0,-1,1,5.07340230515975e-16,0.0,0.0,0.0
n_21015,0,-1,3,2.635461911977056e-15,0.0,0.0,0.0
n_21024,0,-1,2,1.7300346192181625e-15,0.0,0.0,0.0
n_21026,0,-1,2,1.4076433974604535e-15,0.0,0.0,0.0
n_21027,0,-1,2,1.4805394764176322e-15,0.0,0.0,0.0
n_2106,0,-1,2,1.288114872504255e-15,0.0,0.0,0.0
n_21076,0,-1,6,8.400170580554877e-15,0.0,0.0,0.0
n_2108,0,-1,1,6.383996796809424e-16,0.0,0.0,0.0
n_21092,0,-1,4,4.596284527839164e-15,0.0,0.0,0.0
n_21093,0,-1,31,2.316662385201413e-14,0.0,0.0,0.0
n_21094,0,-1,1,6.942023690647333e-16,0.0,0.0,0.0
n_21095,0,-1,1,8.026264509011056e-16,0.0,0.0,0.0
n_21096,0,-1,1,7.404458151827266e-16,0.0,0.0,0.0
n_21097,0,-1,1,6.676188752898675e-16,0.0,0.0,0.0
n_21098,0,-1,1,6.942023161251741e-16,0.0,0.0,0.0
n_21099,0,-1,1,7.183691719619642e-16,0.0,0.0,0.0
n_211,0,-1,1,8.416480411712495e-16,0.0,0.0,0.0
n_21100,0,-1,1,7.014523887580789e-16,0.0,0.0,0.0
n_21101,0,-1,1,7.822769078597947e-16,0.0,0.0,0.0
n_21102,0,-1,1,6.316952021451878e-16,0.0,0.0,0.0
n_21103,0,-1,1,7.653601246559094e-16,0.0,0.0,0.0
n_21104,0,-1,1,7.546193233682512e-16,0.0,0.0,0.0
n_21105,0,-1,1,7.422094436580285e-16,0.0,0.0,0.0
n_21106,0,-1,1,6.652021844122326e-16,0.0,0.0,0.0
n_21107,0,-1,1,8.319531138152136e-16,0.0,0.0,0.0
n_21108,0,-1,1,9.11703595139811e-16,0.0,0.0,0.0
n_21109,0,-1,1,8.319531138152136e-16,0.0,0.0,0.0
n_21110,0,-1,1,6.341118400832635e-16,0.0,0.0,0.0
n_21111,0,-1,1,7.81202817143117e-16,0.0,0.0,0.0
n_21112,0,-1,1,7.170265718010069e-16,0.0,0.0,0.0
n_21113,0,-1,1,6.942023690647333e-16,0.0,0.0,0.0
n_21114,0,-1,1,7.750268881664491e-16,0.0,0.0,0.0
n_21115,0,-1,1,6.676188223503083e-16,0.0,0.0,0.0
n_21116,0,-1,1,7.041956108368803e-16,0.0,0.0,0.0
n_21117,0,-1,1,6.434520723926367e-16,0.0,0.0,0.0
n_21118,0,-1,1,8.026264509011056e-16,0.0,0.0,0.0
n_21119,0,-1,1,8.247030411823088e-16,0.0,0.0,0.0
n_21120,0,-1,1,6.231025293513257e-16,0.0,0.0,0.0
n_21121,0,-1,1,7.988671598625134e-16,0.0,0.0,0.0
n_21122,0,-1,1,6.268618203899179e-16,0.0,0.0,0.0
n_21123,0,-1,1,7.40866790557512e-16,0.0,0.0,0.0
n_21124,0,-1,1,6.869522964318285e-16,0.0,0.0,0.0
n_2113,0,-1,1,6.43233008496653e-16,0.0,0.0,0.0
n_21141,0,-1,1,7.667120951188456e-16,0.0,0.0,0.0
n_21147,0,-1,1,7.905829129405703e-16,0.0,0.0,0.0
n_21148,0,-1,1,7.779433814225232e-16,0.0,0.0,0.0
n_2118,0,-1,1,6.473182484012605e-16,0.0,0.0,0.0
n_2119,0,-1,4,2.53852174402088e-15,0.0,0.0,0.0
n_21190,0,-1,2,1.3912921675675381e-15,0.0,0.0,0.0
n_212,0,-1,1,1.4583279432000195e-15,0.0,0.0,0.0
n_2120,0,-1,1,7.711053373788985e-16,0.0,0.0,0.0
n_21225,0,-1,1,7.689145925399436e-16,0.0,0.0,0.0
n_21226,0,-1,1,1.3100185092455407e-15,0.0,0.0,0.0
n_21231,0,-1,1,1.106789788331698e-15,0.0,0.0,0.0
n_21234,0,-1,1,7.610708027505728e-16,0.0,0.0,0.0
n_2124,0,-1,1,6.483926567552934e-16,0.0,0.0,0.0
n_21261,0,-1,6,8.586147675552873e-15,0.0,0.0,0.0
n_21263,0,-1,1,7.352113103873726e-16,0.0,0.0,0.0
n_21264,0,-1,1,7.187429252499401e-16,0.0,0.0,0.0
n_2129,0,-1,1,8.028486911706414e-16,0.0,0.0,0.0
n_2130,0,-1,2,1.2593065408143074e-15,0.0,0.0,0.0
n_21311,0,-1,8,8.41080338514176e-15,0.0,0.0,0.0
n_21312,0,-1,1,7.899236036702513e-16,0.0,0.0,0.0
n_21317,0,-1,4,2.609203467095699e-15,0.0,0.0,0.0
n_21320,0,-1,1,7.927964217899826e-16,0.0,0.0,0.0
n_21321,0,-1,4,2.3529745182436154e-15,0.0,0.0,0.0
n_21324,0,-1,1,8.532134290330597e-16,0.0,0.0,0.0
n_21325,0,-1,4,2.4448693344494713e-15,0.0,0.0,0.0
n_21328,0,-1,1,8.228706442196018e-16,0.0,0.0,0.0
n_21331,0,-1,1,1.6865168192453151e-15,0.0,0.0,0.0
n_21332,0,-1,2,2.8098111504333816e-15,0.0,0.0,0.0
n_21335,0,-1,3,4.0316167898156625e-15,0.0,0.0,0.0
n_21341,0,-1,3,2.159402290565827e-15,0.0,0.0,0.0
n_21342,0,-1,1,7.652932090530763e-16,0.0,0.0,0.0
n_21343,0,-1,3,2.1190443470027118e-15,0.0,0.0,0.0
n_2136,0,-1,1,7.851263266943581e-16,0.0,0.0,0.0
n_2138,0,-1,1,4.662379567504601e-16,0.0,0.0,0.0
n_2143,0,-1,1,1.2424367149994355e-15,0.0,0.0,0.0
n_2149,0,-1,1,1.3576457954411108e-15,0.0,0.0,0.0
n_21507,0,-1,2,1.0427666971343633e-15,0.0,0.0,0.0
n_21513,0,-1,3,1.869447030852919e-15,0.0,0.0,0.0
n_21514,0,-1,1,5.477386728418808e-16,0.0,0.0,0.0
n_21515,0,-1,1,6.532468966968894e-16,0.0,0.0,0.0
n_21516,0,-1,2,1.1664434600706214e-15,0.0,0.0,0.0
n_21517,0,-1,1,7.070642996709938e-16,0.0,0.0,0.0
n_21518,0,-1,1,7.595415906434236e-16,0.0,0.0,0.0
n_21520,0,-1,4,3.359998436707097e-15,0.0,0.0,0.0
n_21521,0,-1,2,1.414927986685959e-15,0.0,0.0,0.0
n_21527,0,-1,16,1.2387490088327981e-14,0.0,0.0,0.0
n_21530,0,-1,4,2.1362480096779202e-15,0.0,0.0,0.0
n_21532,0,-1,1,6.747056293826298e-16,0.0,0.0,0.0
n_21534,0,-1,4,2.890300032729748e-15,0.0,0.0,0.0
n_21536,0,-1,1,7.334535052635832e-16,0.0,0.0,0.0
n_21538,0,-1,1,8.580517341673355e-16,0.0,0.0,0.0
n_21539,0,-1,2,1.3172296183628718e-15,0.0,0.0,0.0
n_21540,0,-1,1,7.276650938602841e-16,0.0,0.0,0.0
n_21541,0,-1,1,9.912741878422351e-16,0.0,0.0,0.0
n_21543,0,-1,2,1.3546452871045808e-15,0.0,0.0,0.0
n_21546,0,-1,1,7.710215340566795e-16,0.0,0.0,0.0
n_21549,0,-1,14,1.1379153268796256e-14,0.0,0.0,0.0
n_2155,0,-1,1,2.9148298951239956e-15,0.0,0.0,0.0
n_21550,0,-1,31,2.4893847698275948e-14,0.0,0.0,0.0
n_21552,0,-1,4,2.719708655943916e-15,0.0,0.0,0.0
n_21553,0,-1,16,1.3773978837930759e-14,0.0,0.0,0.0
n_21554,0,-1,1,8.79470391606759e-16,0.0,0.0,0.0
n_21599,0,-1,1,7.483978134311092e-16,0.0,0.0,0.0
n_21600,0,-1,2,1.3375092811860343e-15,0.0,0.0,0.0
n_2162,0,-1,1,5.803679172173334e-16,0.0,0.0,0.0
n_21631,0,-1,4,3.749091914874306e-15,0.0,0.0,0.0
n_21638,0,-1,4,3.785608352263386e-15,0.0,0.0,0.0
n_2164,0,-1,1,5.420276061345779e-16,0.0,0.0,0.0
n_21646,0,-1,4,3.927316117306083e-15,0.0,0.0,0.0
n_21665,0,-1,3,1.9093672701405405e-15,0.0,0.0,0.0
n_21669,0,-1,3,2.2522644183974472e-15,0.0,0.0,0.0
n_21673,0,-1,3,2.3071934462357046e-15,0.0,0.0,0.0
n_2168,0,-1,3,2.268037865941217e-15,0.0,0.0,0.0
n_21695,0,-1,1,7.363144119824938e-16,0.0,0.0,0.0
n_21696,0,-1,2,1.2314692265192684e-15,0.0,0.0,0.0
n_21697,0,-1,3,3.0098616978500078e-15,0.0,0.0,0.0
n_217,0,-1,1,1.115743455979768e-15,0.0,0.0,0.0
n_21705,0,-1,4,3.68519852559702e-15,0.0,0.0,0.0
n_21709,0,-1,4,3.465194211283687e-15,0.0,0.0,0.0
n_2174,0,-1,1,7.41990432701604e-16,0.0,0.0,0.0
n_2176,0,-1,1,8.214143298854756e-16,0.0,0.0,0.0
n_21776,0,-1,3,2.116019168831593e-15,0.0,0.0,0.0
n_21777,0,-1,2,1.4685529014227998e-15,0.0,0.0,0.0
n_21778,0,-1,1,7.899090982310295e-16,0.0,0.0,0.0
n_21780,0,-1,3,2.1417183602095253e-15,0.0,0.0,0.0
n_21784,0,-1,1,9.61953507098317e-16,0.0,0.0,0.0
n_2179,0,-1,1,1.060696584682724e-15,0.0,0.0,0.0
n_21793,0,-1,2,1.9120150951336574e-15,0.0,0.0,0.0
n_21794,0,-1,1,7.203747342228255e-16,0.0,0.0,0.0
n_21795,0,-1,1,7.671179827192581e-16,0.0,0.0,0.0
n_218,0,-1,2,1.2374017394027191e-15,0.0,0.0,0.0
n_2180,0,-1,1,4.028497167470925e-15,0.0,0.0,0.0
n_2183,0,-1,1,6.733662055952248e-16,0.0,0.0,0.0
n_2185,0,-1,1,5.803993633155002e-16,0.0,0.0,0.0
n_21865,0,-1,1,7.662357979046927e-16,0.0,0.0,0.0
n_21867,0,-1,1,8.046341836838943e-16,0.0,0.0,0.0
n_21871,0,-1,1,9.147458198489932e-16,0.0,0.0,0.0
n_21872,0,-1,1,8.786694690155708e-16,0.0,0.0,0.0
n_21874,0,-1,1,7.099519408673022e-16,0.0,0.0,0.0
n_21876,0,-1,1,6.383362051494575e-16,0.0,0.0,0.0
n_21878,0,-1,4,3.1454166155638497e-15,0.0,0.0,0.0
n_2188,0,-1,4,2.5518642070060295e-15,0.0,0.0,0.0
n_219,0,-1,1,6.7344826191199e-16,0.0,0.0,0.0
n_2190,0,-1,1,7.067765202271642e-16,0.0,0.0,0.0
n_2191,0,-1,1,6.314181694318764e-16,0.0,0.0,0.0
n_2193,0,-1,1,6.132177077964273e-16,0.0,0.0,0.0
n_21938,0,-1,1,8.083706048329106e-16,0.0,0.0,0.0
n_21947,0,-1,1,7.299627236692706e-16,0.0,0.0,0.0
n_2195,0,-1,1,6.383996796809424e-16,0.0,0.0,0.0
n_21996,0,-1,1,7.516571432725845e-16,0.0,0.0,0.0
n_22,0,-1,1,6.249630372199698e-16,0.0,0.0,0.0
n_220,0,-1,1,7.702653983325774e-16,0.0,0.0,0.0
n_22025,0,-1,1,6.753212105770469e-16,0.0,0.0,0.0
n_22027,0,-1,1,5.650843194148728e-16,0.0,0.0,0.0
n_22028,0,-1,1,2.3516929573944197e-15,0.0,0.0,0.0
n_22029,0,-1,1,4.297218369987352e-15,0.0,0.0,0.0
n_2203,0,-1,1,1.889372633904129e-15,0.0,0.0,0.0
n_2205,0,-1,1,5.807808457791198e-16,0.0,0.0,0.0
n_22059,0,-1,1,7.276731936128422e-16,0.0,0.0,0.0
n_2206,0,-1,1,1.5106400627477347e-15,0.0,0.0,0.0
n_22060,0,-1,1,1.5183715677320351e-15,0.0,0.0,0.0
n_22062,0,-1,9,6.691092721122088e-15,0.0,0.0,0.0
n_22064,0,-1,1,8.093247345084334e-16,0.0,0.0,0.0
n_2207,0,-1,1,2.8123001567488884e-15,0.0,0.0,0.0
n_2208,0,-1,1,9.083511446136968e-16,0.0,0.0,0.0
n_2216,0,-1,1,7.102845071782179e-16,0.0,0.0,0.0
n_22163,0,-1,2,1.2685373999943663e-15,0.0,0.0,0.0
n_2217,0,-1,1,6.017629106737929e-16,0.0,0.0,0.0
n_22174,0,-1,8,6.659329832632999e-15,0.0,0.0,0.0
n_22175,0,-1,1,8.155092396936923e-16,0.0,0.0,0.0
n_22176,0,-1,1,6.660015717562038e-16,0.0,0.0,0.0
n_22177,0,-1,1,8.324259699580183e-16,0.0,0.0,0.0
n_22178,0,-1,1,7.309254295533843e-16,0.0,0.0,0.0
n_22179,0,-1,1,8.372593517132882e-16,0.0,0.0,0.0
n_22180,0,-1,1,7.59925614205885e-16,0.0,0.0,0.0
n_22181,0,-1,1,1.049927196033096e-15,0.0,0.0,0.0
n_22182,0,-1,1,6.974184472863395e-16,0.0,0.0,0.0
n_22183,0,-1,7,5.8361874496560065e-15,0.0,0.0,0.0
n_22184,0,-1,1,9.170097271587671e-16,0.0,0.0,0.0
n_22185,0,-1,1,8.134190800172239e-16,0.0,0.0,0.0
n_22186,0,-1,1,7.647589430215956e-16,0.0,0.0,0.0
n_22187,0,-1,1,8.469260622842687e-16,0.0,0.0,0.0
n_22188,0,-1,1,7.530020727741467e-16,0.0,0.0,0.0
n_22189,0,-1,1,7.526755415729802e-16,0.0,0.0,0.0
n_22190,0,-1,1,7.430088310019997e-16,0.0,0.0,0.0
n_2222,0,-1,1,6.739590757187436e-16,0.0,0.0,0.0
n_2223,0,-1,1,8.091771919569335e-16,0.0,0.0,0.0
n_2224,0,-1,1,6.749184464106275e-16,0.0,0.0,0.0
n_22247,0,-1,1,5.766989410667422e-16,0.0,0.0,0.0
n_22248,0,-1,1,9.206432867442512e-16,0.0,0.0,0.0
n_22250,0,-1,1,8.367736841971563e-16,0.0,0.0,0.0
n_22252,0,-1,1,6.700850646553576e-16,0.0,0.0,0.0
n_22253,0,-1,1,5.670322834353209e-16,0.0,0.0,0.0
n_22254,0,-1,1,1.0578154021126385e-15,0.0,0.0,0.0
n_22256,0,-1,1,8.094426309067794e-16,0.0,0.0,0.0
n_22257,0,-1,1,7.259929449432857e-16,0.0,0.0,0.0
n_2226,0,-1,3,1.7683032501377566e-15,0.0,0.0,0.0
n_22267,0,-1,4,3.172627548994394e-15,0.0,0.0,0.0
n_22268,0,-1,7,4.6474351534579565e-15,0.0,0.0,0.0
n_22269,0,-1,1,8.381411659509391e-16,0.0,0.0,0.0
n_2227,0,-1,3,1.6317790090949005e-15,0.0,0.0,0.0
n_22270,0,-1,1,7.989189876909735e-16,0.0,0.0,0.0
n_22271,0,-1,1,7.530020727741467e-16,0.0,0.0,0.0
n_22272,0,-1,1,9.55676781200926e-16,0.0,0.0,0.0
n_22273,0,-1,1,7.381754492467299e-16,0.0,0.0,0.0
n_22274,0,-1,1,6.901684275929939e-16,0.0,0.0,0.0
n_22275,0,-1,1,7.59925614205885e-16,0.0,0.0,0.0
n_22276,0,-1,7,6.275138134131551e-15,0.0,0.0,0.0
n_22277,0,-1,1,7.526755415729802e-16,0.0,0.0,0.0
n_22278,0,-1,1,8.686762272434238e-16,0.0,0.0,0.0
n_22279,0,-1,1,7.747521847937427e-16,0.0,0.0,0.0
n_2228,0,-1,2,1.2562494930285482e-15,0.0,0.0,0.0
n_22280,0,-1,1,8.83176266630115e-16,0.0,0.0,0.0
n_22281,0,-1,1,7.264186319388402e-16,0.0,0.0,0.0
n_22282,0,-1,1,7.240019410612052e-16,0.0,0.0,0.0
n_22283,0,-1,1,7.385020333874556e-16,0.0,0.0,0.0
n_223,0,-1,2,1.4615592680146763e-15,0.0,0.0,0.0
n_2230,0,-1,1,1.205740600746419e-15,0.0,0.0,0.0
n_22311,0,-1,1,8.239862395506949e-16,0.0,0.0,0.0
n_22315,0,-1,1,7.808124937731104e-16,0.0,0.0,0.0
n_2232,0,-1,1,1.26144360494023e-15,0.0,0.0,0.0
n_2234,0,-1,1,1.1530195760434169e-15,0.0,0.0,0.0
n_2235,0,-1,1,1.029794175788927e-15,0.0,0.0,0.0
n_2236,0,-1,1,8.807370235002594e-16,0.0,0.0,0.0
n_2237,0,-1,1,9.028126079298378e-16,0.0,0.0,0.0
n_22371,0,-1,1,7.332264474941598e-16,0.0,0.0,0.0
n_2238,0,-1,1,8.640993376524944e-16,0.0,0.0,0.0
n_22396,0,-1,16,1.4278691889881706e-14,0.0,0.0,0.0
n_22407,0,-1,1,6.926965033031928e-16,0.0,0.0,0.0
n_22413,0,-1,1,8.459634093397142e-16,0.0,0.0,0.0
n_22415,0,-1,1,8.322108765289749e-16,0.0,0.0,0.0
n_22424,0,-1,1,7.927964217899826e-16,0.0,0.0,0.0
n_22430,0,-1,1,7.697037096094294e-16,0.0,0.0,0.0
n_22432,0,-1,1,7.431202158345637e-16,0.0,0.0,0.0
n_2247,0,-1,1,8.434233163495761e-16,0.0,0.0,0.0
n_22482,0,-1,1,8.752900722538222e-16,0.0,0.0,0.0
n_225,0,-1,5,4.592099761563254e-15,0.0,0.0,0.0
n_22505,0,-1,16,1.1560038848748306e-14,0.0,0.0,0.0
n_22506,0,-1,1,7.358701961412181e-16,0.0,0.0,0.0
n_22508,0,-1,1,8.706506610434736e-16,0.0,0.0,0.0
n_2251,0,-1,1,7.672107857665416e-16,0.0,0.0,0.0
n_22530,0,-1,1,5.957431004572158e-16,0.0,0.0,0.0
n_22532,0,-1,1,8.023206720071468e-16,0.0,0.0,0.0
n_2254,0,-1,1,1.0254428616597632e-15,0.0,0.0,0.0
n_2256,0,-1,1,8.6611697013285415e-16,0.0,0.0,0.0
n_22577,0,-1,16,1.1972424462415587e-14,0.0,0.0,0.0
n_22578,0,-1,1,8.505696803860015e-16,0.0,0.0,0.0
n_226,0,-1,1,8.382465156737539e-16,0.0,0.0,0.0
n_2261,0,-1,1,6.555973072464017e-16,0.0,0.0,0.0
n_22629,0,-1,1,8.059539139552757e-16,0.0,0.0,0.0
n_2263,0,-1,1,6.436079264549315e-16,0.0,0.0,0.0
n_22632,0,-1,4,2.210451272230949e-15,0.0,0.0,0.0
n_22635,0,-1,1,7.907063150530734e-16,0.0,0.0,0.0
n_22640,0,-1,11,1.666902903142871e-14,0.0,0.0,0.0
n_22642,0,-1,1,7.882896241754385e-16,0.0,0.0,0.0
n_2265,0,-1,1,8.458992995335189e-16,0.0,0.0,0.0
n_2266,0,-1,1,1.1084114329092164e-15,0.0,0.0,0.0
n_2268,0,-1,1,8.260288595029986e-16,0.0,0.0,0.0
n_22694,0,-1,1,6.999465229965383e-16,0.0,0.0,0.0
n_227,0,-1,2,1.328260634314083e-15,0.0,0.0,0.0
n_2271,0,-1,1,6.750331664354212e-16,0.0,0.0,0.0
n_22715,0,-1,9,1.2512630735955332e-14,0.0,0.0,0.0
n_22718,0,-1,1,7.552036172831791e-16,0.0,0.0,0.0
n_2273,0,-1,1,1.5269543408283261e-15,0.0,0.0,0.0
n_2274,0,-1,1,7.58216354657885e-16,0.0,0.0,0.0
n_2275,0,-1,1,7.347026141629872e-16,0.0,0.0,0.0
n_2277,0,-1,1,6.746884240258887e-16,0.0,0.0,0.0
n_22774,0,-1,1,7.067404154477875e-16,0.0,0.0,0.0
n_22775,0,-1,1,6.572944436353441e-16,0.0,0.0,0.0
n_2278,0,-1,1,7.279240212443479e-16,0.0,0.0,0.0
n_22780,0,-1,18,1.3800794206974935e-14,0.0,0.0,0.0
n_2281,0,-1,1,8.689179492707465e-16,0.0,0.0,0.0
n_2282,0,-1,1,1.2207737414942884e-15,0.0,0.0,0.0
n_22827,0,-1,1,6.473742584548977e-16,0.0,0.0,0.0
n_22828,0,-1,1,7.147058074046485e-16,0.0,0.0,0.0
n_22829,0,-1,1,8.819865559161371e-16,0.0,0.0,0.0
n_22835,0,-1,1,7.442656161374883e-16,0.0,0.0,0.0
n_22837,0,-1,1,6.05323572486254e-16,0.0,0.0,0.0
n_22839,0,-1,2,1.3700608632281354e-15,0.0,0.0,0.0
n_22841,0,-1,1,8.696620677149094e-16,0.0,0.0,0.0
n_22842,0,-1,1,5.820679123424728e-16,0.0,0.0,0.0
n_22844,0,-1,1,6.884206809854531e-16,0.0,0.0,0.0
n_22845,0,-1,1,7.124867928410791e-16,0.0,0.0,0.0
n_22846,0,-1,1,2.4911097100730308e-15,0.0,0.0,0.0
n_22851,0,-1,6,6.061808651200819e-15,0.0,0.0,0.0
n_22852,0,-1,1,3.923648041127999e-15,0.0,0.0,0.0
n_2286,0,-1,3,1.8406936504254245e-15,0.0,0.0,0.0
n_2288,0,-1,5,2.4740547016800655e-15,0.0,0.0,0.0
n_2289,0,-1,1,7.479738734410084e-16,0.0,0.0,0.0
n_229,0,-1,2,2.6974897111880147e-15,0.0,0.0,0.0
n_2290,0,-1,4,2.33231559641832e-15,0.0,0.0,0.0
n_2291,0,-1,1,8.898104404312475e-16,0.0,0.0,0.0
n_22919,0,-1,1,7.724469316882309e-16,0.0,0.0,0.0
n_2292,0,-1,1,6.57368876655584e-16,0.0,0.0,0.0
n_22922,0,-1,1,8.290043803675846e-16,0.0,0.0,0.0
n_22923,0,-1,1,7.329952074995594e-16,0.0,0.0,0.0
n_22924,0,-1,1,6.698951704564951e-16,0.0,0.0,0.0
n_22927,0,-1,1,7.8662213393965e-16,0.0,0.0,0.0
n_22928,0,-1,1,6.547040051244036e-16,0.0,0.0,0.0
n_22932,0,-1,1,7.668287209677707e-16,0.0,0.0,0.0
n_22933,0,-1,1,7.444856858850968e-16,0.0,0.0,0.0
n_22938,0,-1,1,6.170695901240662e-16,0.0,0.0,0.0
n_22964,0,-1,1,8.128774553870139e-16,0.0,0.0,0.0
n_2298,0,-1,1,1.034870973637414e-15,0.0,0.0,0.0
n_23,0,-1,1,7.673986682621545e-16,0.0,0.0,0.0
n_230,0,-1,1,6.690476610532079e-16,0.0,0.0,0.0
n_2302,0,-1,1,8.904263392630197e-16,0.0,0.0,0.0
n_2304,0,-1,1,7.624463313173546e-16,0.0,0.0,0.0
n_2306,0,-1,1,6.89945922625662e-16,0.0,0.0,0.0
n_23079,0,-1,1,6.685838046354678e-16,0.0,0.0,0.0
n_23099,0,-1,1,8.245157939614064e-16,0.0,0.0,0.0
n_231,0,-1,2,1.9106613247257083e-15,0.0,0.0,0.0
n_23100,0,-1,1,7.605947702342159e-16,0.0,0.0,0.0
n_23101,0,-1,1,7.227355738655009e-16,0.0,0.0,0.0
n_23110,0,-1,1,7.646125651403983e-16,0.0,0.0,0.0
n_23129,0,-1,3,1.926256048317607e-15,0.0,0.0,0.0
n_23130,0,-1,1,5.5763408230862e-16,0.0,0.0,0.0
n_23131,0,-1,1,8.705089947830453e-16,0.0,0.0,0.0
n_23150,0,-1,1,7.792381242219606e-16,0.0,0.0,0.0
n_23154,0,-1,1,9.940174099210366e-16,0.0,0.0,0.0
n_232,0,-1,1,1.1928178425866338e-15,0.0,0.0,0.0
n_23285,0,-1,3,2.382847887985617e-15,0.0,0.0,0.0
n_23286,0,-1,7,5.74429199817544e-15,0.0,0.0,0.0
n_23287,0,-1,1,3.350726390549978e-15,0.0,0.0,0.0
n_23289,0,-1,1,3.300647261609462e-15,0.0,0.0,0.0
n_23296,0,-1,1,7.120421005437705e-16,0.0,0.0,0.0
n_2330,0,-1,3,1.6745551258433083e-15,0.0,0.0,0.0
n_2331,0,-1,1,7.068903402794515e-16,0.0,0.0,0.0
n_2332,0,-1,2,1.7141030941506116e-15,0.0,0.0,0.0
n_2337,0,-1,1,1.1198883058280385e-15,0.0,0.0,0.0
n_23393,0,-1,1,1.021109652859847e-15,0.0,0.0,0.0
n_23394,0,-1,1,7.810395515425337e-16,0.0,0.0,0.0
n_234,0,-1,4,3.0207583531999607e-15,0.0,0.0,0.0
n_2345,0,-1,2,1.4320375228249037e-15,0.0,0.0,0.0
n_2348,0,-1,1,7.074793987547076e-16,0.0,0.0,0.0
n_2350,0,-1,1,1.2765348733241046e-15,0.0,0.0,0.0
n_23504,0,-1,1,6.988490329946928e-16,0.0,0.0,0.0
n_23508,0,-1,1,1.1275460130668095e-15,0.0,0.0,0.0
n_23524,0,-1,2,2.1087293915292857e-15,0.0,0.0,0.0
n_23526,0,-1,3,3.3769922469696232e-15,0.0,0.0,0.0
n_23529,0,-1,2,1.2662658693880671e-15,0.0,0.0,0.0
n_23530,0,-1,3,1.7199623386841248e-15,0.0,0.0,0.0
n_23531,0,-1,9,5.1334677407901576e-15,0.0,0.0,0.0
n_2362,0,-1,2,2.6924284775699334e-15,0.0,0.0,0.0
n_2363,0,-1,1,1.7482321691778555e-15,0.0,0.0,0.0
n_23655,0,-1,4,2.2177355438190993e-15,0.0,0.0,0.0
n_23656,0,-1,2,1.1146007026548036e-15,0.0,0.0,0.0
n_23659,0,-1,1,9.147909243534345e-16,0.0,0.0,0.0
n_23660,0,-1,1,5.732959332615888e-16,0.0,0.0,0.0
n_23661,0,-1,1,6.41504743646899e-16,0.0,0.0,0.0
n_23671,0,-1,4,3.92489868527462e-15,0.0,0.0,0.0
n_2369,0,-1,1,2.3213992475523432e-15,0.0,0.0,0.0
n_2371,0,-1,2,1.2332722420266176e-15,0.0,0.0,0.0
n_2373,0,-1,2,1.3280236768470886e-15,0.0,0.0,0.0
n_2375,0,-1,2,1.2682331034080652e-15,0.0,0.0,0.0
n_2384,0,-1,2,1.3599805358810988e-15,0.0,0.0,0.0
n_2385,0,-1,1,5.864348965811607e-16,0.0,0.0,0.0
n_2393,0,-1,2,1.4108752516707023e-15,0.0,0.0,0.0
n_23971,0,-1,1,7.542289999982446e-16,0.0,0.0,0.0
n_24,0,-1,1,6.442436246818458e-16,0.0,0.0,0.0
n_2401,0,-1,2,1.3798036479456912e-15,0.0,0.0,0.0
n_2403,0,-1,2,1.3931347818651714e-15,0.0,0.0,0.0
n_2413,0,-1,1,1.1974627595111396e-15,0.0,0.0,0.0
n_2416,0,-1,1,6.450372416138639e-16,0.0,0.0,0.0
n_2418,0,-1,1,8.784757102288864e-16,0.0,0.0,0.0
n_2419,0,-1,1,7.186869151963029e-16,0.0,0.0,0.0
n_2420,0,-1,1,7.573537574802249e-16,0.0,0.0,0.0
n_2424,0,-1,2,1.4362553233857565e-15,0.0,0.0,0.0
n_2427,0,-1,2,1.1520793694719646e-15,0.0,0.0,0.0
n_2428,0,-1,4,2.643457479482663e-15,0.0,0.0,0.0
n_2429,0,-1,1,6.347685023756224e-16,0.0,0.0,0.0
n_24316,0,-1,2,1.951327800039861e-15,0.0,0.0,0.0
n_2432,0,-1,2,1.1936181828426707e-15,0.0,0.0,0.0
n_2433,0,-1,1,7.262758010081094e-16,0.0,0.0,0.0
n_24336,0,-1,19,1.85777178281785e-14,0.0,0.0,0.0
n_24337,0,-1,1,8.02399075494327e-16,0.0,0.0,0.0
n_2434,0,-1,2,1.2301369495723558e-15,0.0,0.0,0.0
n_24341,0,-1,1,7.500505335298799e-16,0.0,0.0,0.0
n_2435,0,-1,1,7.114492304202517e-16,0.0,0.0,0.0
n_24350,0,-1,8,5.3664627876572925e-15,0.0,0.0,0.0
n_24351,0,-1,1,1.435986813941477e-15,0.0,0.0,0.0
n_24367,0,-1,3,2.4400236707164662e-15,0.0,0.0,0.0
n_24373,0,-1,5,3.0598603586605346e-15,0.0,0.0,0.0
n_24374,0,-1,1,7.651155438923897e-16,0.0,0.0,0.0
n_24375,0,-1,1,1.2305216084095277e-15,0.0,0.0,0.0
n_2440,0,-1,2,1.4624124419507982e-15,0.0,0.0,0.0
n_2442,0,-1,1,1.1591533651309589e-15,0.0,0.0,0.0
n_2444,0,-1,2,1.2573216249815353e-15,0.0,0.0,0.0
n_2446,0,-1,2,1.615716405678762e-15,0.0,0.0,0.0
n_2447,0,-1,1,1.2693291640418123e-15,0.0,0.0,0.0
n_245,0,-1,1,7.180424290025608e-16,0.0,0.0,0.0
n_24509,0,-1,1,5.018542628144049e-16,0.0,0.0,0.0
n_24510,0,-1,1,4.667358003652088e-16,0.0,0.0,0.0
n_24511,0,-1,1,5.444548849240535e-16,0.0,0.0,0.0
n_24512,0,-1,11,7.286395946781883e-15,0.0,0.0,0.0
n_24513,0,-1,9,5.865741276218656e-15,0.0,0.0,0.0
n_24516,0,-1,1,8.281984285182721e-16,0.0,0.0,0.0
n_2452,0,-1,1,7.805369963070159e-16,0.0,0.0,0.0
n_24523,0,-1,2,1.2372561556149098e-15,0.0,0.0,0.0
n_24524,0,-1,2,1.2100443751514181e-15,0.0,0.0,0.0
n_2453,0,-1,1,6.651894259784646e-16,0.0,0.0,0.0
n_24532,0,-1,1,8.976764118959245e-16,0.0,0.0,0.0
n_24536,0,-1,1,7.771688756713776e-16,0.0,0.0,0.0
n_2454,0,-1,3,1.7040793062528042e-15,0.0,0.0,0.0
n_24553,0,-1,1,1.6440855507855582e-15,0.0,0.0,0.0
n_2458,0,-1,3,1.813308863482456e-15,0.0,0.0,0.0
n_24580,0,-1,1,1.6879928800350242e-15,0.0,0.0,0.0
n_24586,0,-1,2,2.1785018247352274e-15,0.0,0.0,0.0
n_24587,0,-1,2,1.9380689815582525e-15,0.0,0.0,0.0
n_24588,0,-1,3,2.0976237307995978e-15,0.0,0.0,0.0
n_24594,0,-1,5,2.8142275802203656e-15,0.0,0.0,0.0
n_24595,0,-1,1,6.597464451989677e-16,0.0,0.0,0.0
n_24596,0,-1,1,7.646597872272077e-16,0.0,0.0,0.0
n_2462,0,-1,2,1.7814479309297224e-15,0.0,0.0,0.0
n_24622,0,-1,1,5.124486332813065e-16,0.0,0.0,0.0
n_24623,0,-1,1,8.814309023027383e-16,0.0,0.0,0.0
n_24624,0,-1,1,7.730170907408514e-16,0.0,0.0,0.0
n_24625,0,-1,1,7.169161398805086e-16,0.0,0.0,0.0
n_24626,0,-1,1,6.309874531781976e-16,0.0,0.0,0.0
n_24627,0,-1,1,2.1415919405421476e-15,0.0,0.0,0.0
n_24628,0,-1,1,1.1802345328804607e-15,0.0,0.0,0.0
n_24632,0,-1,3,1.67055765972786e-15,0.0,0.0,0.0
n_24633,0,-1,32,2.4633003902168986e-14,0.0,0.0,0.0
n_24635,0,-1,1,4.898020427661603e-16,0.0,0.0,0.0
n_24637,0,-1,1,7.88481053621518e-16,0.0,0.0,0.0
n_2464,0,-1,1,7.203163418890242e-16,0.0,0.0,0.0
n_24641,0,-1,2,1.281501133372975e-15,0.0,0.0,0.0
n_2465,0,-1,4,2.5582182246598577e-15,0.0,0.0,0.0
n_2466,0,-1,1,8.318100711262461e-16,0.0,0.0,0.0
n_24669,0,-1,1,6.723267373502661e-16,0.0,0.0,0.0
n_2467,0,-1,7,6.381708007906824e-15,0.0,0.0,0.0
n_24670,0,-1,1,8.161805662439505e-16,0.0,0.0,0.0
n_24672,0,-1,1,9.117386411280036e-16,0.0,0.0,0.0
n_2468,0,-1,1,7.305200713485639e-16,0.0,0.0,0.0
n_247,0,-1,6,4.653056911128883e-15,0.0,0.0,0.0
n_2470,0,-1,1,1.4301873911098635e-15,0.0,0.0,0.0
n_2471,0,-1,1,1.4324504513866902e-15,0.0,0.0,0.0
n_24725,0,-1,3,1.7496627019466496e-15,0.0,0.0,0.0
n_24726,0,-1,3,1.7651987685069512e-15,0.0,0.0,0.0
n_2473,0,-1,1,1.3421230696497284e-15,0.0,0.0,0.0
n_24730,0,-1,2,1.3699985004273938e-15,0.0,0.0,0.0
n_24732,0,-1,1,7.423073289029955e-16,0.0,0.0,0.0
n_24733,0,-1,1,6.850934296895198e-16,0.0,0.0,0.0
n_24734,0,-1,33,2.512321575006294e-14,0.0,0.0,0.0
n_24735,0,-1,33,2.511406271203491e-14,0.0,0.0,0.0
n_24736,0,-1,2,1.6192328629592882e-15,0.0,0.0,0.0
n_24737,0,-1,5,4.0442286868838054e-15,0.0,0.0,0.0
n_24738,0,-1,3,1.9648909151077703e-15,0.0,0.0,0.0
n_24739,0,-1,1,5.061604194995682e-15,0.0,0.0,0.0
n_24741,0,-1,3,1.6374293541277971e-15,0.0,0.0,0.0
n_24742,0,-1,3,1.881196648380757e-15,0.0,0.0,0.0
n_24745,0,-1,3,2.7131865022500578e-15,0.0,0.0,0.0
n_2475,0,-1,1,3.301600173675123e-15,0.0,0.0,0.0
n_24750,0,-1,4,6.289346688305268e-15,0.0,0.0,0.0
n_24753,0,-1,1,1.062776474084707e-15,0.0,0.0,0.0
n_24759,0,-1,2,1.496057120011331e-15,0.0,0.0,0.0
n_24761,0,-1,1,8.247586806590316e-16,0.0,0.0,0.0
n_24762,0,-1,1,9.681048721195146e-16,0.0,0.0,0.0
n_24763,0,-1,1,6.999359350846977e-16,0.0,0.0,0.0
n_24764,0,-1,2,1.2062393972732334e-15,0.0,0.0,0.0
n_2477,0,-1,1,2.6220338986642335e-15,0.0,0.0,0.0
n_2478,0,-1,1,7.202025747762961e-16,0.0,0.0,0.0
n_2479,0,-1,1,6.981258786159744e-16,0.0,0.0,0.0
n_24801,0,-1,1,1.1868969764062078e-15,0.0,0.0,0.0
n_24803,0,-1,33,2.6966808370750342e-14,0.0,0.0,0.0
n_24804,0,-1,2,2.2286535867509704e-15,0.0,0.0,0.0
n_24805,0,-1,2,2.342059228168823e-15,0.0,0.0,0.0
n_24806,0,-1,32,2.5215882848558455e-14,0.0,0.0,0.0
n_24807,0,-1,1,6.516129172020766e-16,0.0,0.0,0.0
n_24808,0,-1,1,8.507967381554248e-16,0.0,0.0,0.0
n_24809,0,-1,1,7.955396438687841e-16,0.0,0.0,0.0
n_24810,0,-1,1,8.011205851395651e-16,0.0,0.0,0.0
n_24811,0,-1,1,8.578197530189062e-16,0.0,0.0,0.0
n_24812,0,-1,1,7.767267244729109e-16,0.0,0.0,0.0
n_24813,0,-1,1,7.936434547372369e-16,0.0,0.0,0.0
n_24814,0,-1,1,8.674864635898867e-16,0.0,0.0,0.0
n_24815,0,-1,1,6.924693925942102e-16,0.0,0.0,0.0
n_24816,0,-1,1,9.29993577569873e-16,0.0,0.0,0.0
n_24817,0,-1,1,7.514858308590023e-16,0.0,0.0,0.0
n_24818,0,-1,1,8.892365756094827e-16,0.0,0.0,0.0
n_24819,0,-1,1,8.457363515702908e-16,0.0,0.0,0.0
n_24820,0,-1,1,7.347961054245404e-16,0.0,0.0,0.0
n_24821,0,-1,1,7.54456057767668e-16,0.0,0.0,0.0
n_24822,0,-1,1,7.853192913876545e-16,0.0,0.0,0.0
n_24823,0,-1,1,8.892365756094827e-16,0.0,0.0,0.0
n_24824,0,-1,1,7.697037096094294e-16,0.0,0.0,0.0
n_24825,0,-1,1,8.2156954867306e-16,0.0,0.0,0.0
n_24826,0,-1,1,8.93743426163586e-16,0.0,0.0,0.0
n_24827,0,-1,1,7.356431383717947e-16,0.0,0.0,0.0
n_24828,0,-1,1,7.517128886284257e-16,0.0,0.0,0.0
n_24829,0,-1,1,8.578197530189062e-16,0.0,0.0,0.0
n_24830,0,-1,1,7.034787562657072e-16,0.0,0.0,0.0
n_24831,0,-1,1,8.387133367068094e-16,0.0,0.0,0.0
n_24832,0,-1,1,7.955396438687841e-16,0.0,0.0,0.0
n_24833,0,-1,1,7.442357582260976e-16,0.0,0.0,0.0
n_24835,0,-1,1,7.22712703975925e-16,0.0,0.0,0.0
n_24837,0,-1,1,6.964557414022258e-16,0.0,0.0,0.0
n_24838,0,-1,1,7.927964217899826e-16,0.0,0.0,0.0
n_2486,0,-1,2,1.3829834096296839e-15,0.0,0.0,0.0
n_24883,0,-1,9,6.827404039257828e-15,0.0,0.0,0.0
n_24886,0,-1,4,3.3763999591812557e-15,0.0,0.0,0.0
n_24888,0,-1,4,2.873444288837624e-15,0.0,0.0,0.0
n_24889,0,-1,1,8.722203189738542e-16,0.0,0.0,0.0
n_24890,0,-1,1,9.112136924589427e-16,0.0,0.0,0.0
n_24891,0,-1,1,8.349540456682172e-16,0.0,0.0,0.0
n_24892,0,-1,1,7.810395515425337e-16,0.0,0.0,0.0
n_2490,0,-1,1,6.806307836673513e-16,0.0,0.0,0.0
n_2491,0,-1,1,6.564639807701204e-16,0.0,0.0,0.0
n_2492,0,-1,1,7.123161686417665e-16,0.0,0.0,0.0
n_2496,0,-1,1,8.302923998430032e-16,0.0,0.0,0.0
n_24975,0,-1,2,2.3630226583386564e-15,0.0,0.0,0.0
n_24978,0,-1,1,7.734630006480216e-16,0.0,0.0,0.0
n_24979,0,-1,1,7.447893471966875e-16,0.0,0.0,0.0
n_2498,0,-1,2,1.2578565262877264e-15,0.0,0.0,0.0
n_24980,0,-1,1,7.724469316882309e-16,0.0,0.0,0.0
n_24981,0,-1,1,8.677135213593101e-16,0.0,0.0,0.0
n_24982,0,-1,1,7.927964217899826e-16,0.0,0.0,0.0
n_24984,0,-1,1,8.2421329732011825e-16,0.0,0.0,0.0
n_24985,0,-1,1,8.000464944228874e-16,0.0,0.0,0.0
n_24986,0,-1,1,8.314633170134638e-16,0.0,0.0,0.0
n_24987,0,-1,1,7.372127963021754e-16,0.0,0.0,0.0
n_24988,0,-1,1,8.580468107883296e-16,0.0,0.0,0.0
n_24989,0,-1,1,7.869470240144812e-16,0.0,0.0,0.0
n_24990,0,-1,1,8.459634093397142e-16,0.0,0.0,0.0
n_24991,0,-1,1,7.334535052635832e-16,0.0,0.0,0.0
n_24992,0,-1,1,6.926965033031928e-16,0.0,0.0,0.0
n_24993,0,-1,1,8.53213481972619e-16,0.0,0.0,0.0
n_24995,0,-1,1,7.372127963021754e-16,0.0,0.0,0.0
n_24997,0,-1,1,7.431202687741229e-16,0.0,0.0,0.0
n_24998,0,-1,1,7.144466153227887e-16,0.0,0.0,0.0
n_24999,0,-1,1,8.362966458291745e-16,0.0,0.0,0.0
n_25,0,-1,2,8.97501605471435e-16,0.0,0.0,0.0
n_2500,0,-1,2,1.4148857409177146e-15,0.0,0.0,0.0
n_25001,0,-1,1,8.217966064424833e-16,0.0,0.0,0.0
n_25002,0,-1,1,8.79470391606759e-16,0.0,0.0,0.0
n_25004,0,-1,1,8.362966987687337e-16,0.0,0.0,0.0
n_25005,0,-1,1,6.781964109769424e-16,0.0,0.0,0.0
n_25006,0,-1,1,6.588629368954222e-16,0.0,0.0,0.0
n_25007,0,-1,1,7.810395515425337e-16,0.0,0.0,0.0
n_25008,0,-1,1,8.362966458291745e-16,0.0,0.0,0.0
n_25009,0,-1,1,7.117033932439872e-16,0.0,0.0,0.0
n_25010,0,-1,1,7.57620308160814e-16,0.0,0.0,0.0
n_2503,0,-1,2,1.3074765633708306e-15,0.0,0.0,0.0
n_2508,0,-1,2,1.223078941660241e-15,0.0,0.0,0.0
n_2509,0,-1,1,7.150756431652434e-16,0.0,0.0,0.0
n_2511,0,-1,2,1.3147302358937612e-15,0.0,0.0,0.0
n_2513,0,-1,1,7.461659345546533e-16,0.0,0.0,0.0
n_2516,0,-1,1,1.7292262321491267e-15,0.0,0.0,0.0
n_2517,0,-1,2,2.138676876654172e-15,0.0,0.0,0.0
n_2518,0,-1,1,1.72652589111328e-15,0.0,0.0,0.0
n_2519,0,-1,1,7.549003265485028e-16,0.0,0.0,0.0
n_2520,0,-1,2,1.375751018809553e-15,0.0,0.0,0.0
n_2522,0,-1,2,1.3029487487512827e-15,0.0,0.0,0.0
n_2523,0,-1,3,2.1073383516716573e-15,0.0,0.0,0.0
n_2524,0,-1,12,8.234464678050571e-15,0.0,0.0,0.0
n_25293,0,-1,3,1.8354602573608138e-15,0.0,0.0,0.0
n_25294,0,-1,2,1.4724598408920103e-15,0.0,0.0,0.0
n_253,0,-1,2,1.3294353631328063e-15,0.0,0.0,0.0
n_25330,0,-1,1,7.503702884674684e-16,0.0,0.0,0.0
n_25331,0,-1,1,7.012891231574956e-16,0.0,0.0,0.0
n_25332,0,-1,1,7.428932110046995e-16,0.0,0.0,0.0
n_25333,0,-1,1,8.505697333255607e-16,0.0,0.0,0.0
n_25378,0,-1,8,6.995049647211347e-15,0.0,0.0,0.0
n_25379,0,-1,1,7.880625664060152e-16,0.0,0.0,0.0
n_25380,0,-1,1,7.57620308160814e-16,0.0,0.0,0.0
n_25381,0,-1,1,7.810395515425337e-16,0.0,0.0,0.0
n_25382,0,-1,1,6.731359714522492e-16,0.0,0.0,0.0
n_25383,0,-1,1,7.042262628416591e-16,0.0,0.0,0.0
n_25384,0,-1,1,8.22870697159161e-16,0.0,0.0,0.0
n_25385,0,-1,1,8.314633170134638e-16,0.0,0.0,0.0
n_25386,0,-1,1,8.217966064424833e-16,0.0,0.0,0.0
n_25387,0,-1,8,7.0955886464021695e-15,0.0,0.0,0.0
n_25388,0,-1,1,7.114763354745639e-16,0.0,0.0,0.0
n_25389,0,-1,1,6.817285913065521e-16,0.0,0.0,0.0
n_2539,0,-1,1,6.266549325925511e-16,0.0,0.0,0.0
n_25390,0,-1,1,8.53213481972619e-16,0.0,0.0,0.0
n_25391,0,-1,1,6.938119927551675e-16,0.0,0.0,0.0
n_25392,0,-1,1,6.962286836328024e-16,0.0,0.0,0.0
n_25393,0,-1,1,7.879630400347128e-16,0.0,0.0,0.0
n_25394,0,-1,1,6.731359714522492e-16,0.0,0.0,0.0
n_25395,0,-1,1,8.505696803860015e-16,0.0,0.0,0.0
n_25398,0,-1,1,7.191686122454946e-16,0.0,0.0,0.0
n_2540,0,-1,2,1.286056582442427e-15,0.0,0.0,0.0
n_25405,0,-1,16,1.1430839219237713e-14,0.0,0.0,0.0
n_2541,0,-1,1,8.210830341239808e-16,0.0,0.0,0.0
n_25438,0,-1,5,3.3822135698147356e-15,0.0,0.0,0.0
n_25439,0,-1,5,4.185686577207063e-15,0.0,0.0,0.0
n_2544,0,-1,2,1.2742112501915493e-15,0.0,0.0,0.0
n_25440,0,-1,3,2.2422728177516355e-15,0.0,0.0,0.0
n_2546,0,-1,2,1.3018084306460416e-15,0.0,0.0,0.0
n_25528,0,-1,1,6.171951098189374e-16,0.0,0.0,0.0
n_25529,0,-1,1,7.253338474312034e-16,0.0,0.0,0.0
n_25530,0,-1,4,2.832869293081775e-15,0.0,0.0,0.0
n_2557,0,-1,1,7.909002855979947e-16,0.0,0.0,0.0
n_256,0,-1,2,1.7515234215735305e-15,0.0,0.0,0.0
n_2560,0,-1,1,6.492165021756166e-16,0.0,0.0,0.0
n_2564,0,-1,1,8.177494830205023e-16,0.0,0.0,0.0
n_2565,0,-1,1,7.385940952809103e-16,0.0,0.0,0.0
n_2566,0,-1,1,6.39510192814352e-16,0.0,0.0,0.0
n_2567,0,-1,1,8.054371709178914e-16,0.0,0.0,0.0
n_25673,0,-1,4,3.0037431553555163e-15,0.0,0.0,0.0
n_25674,0,-1,4,3.1466903413582834e-15,0.0,0.0,0.0
n_25675,0,-1,4,2.6607066701787863e-15,0.0,0.0,0.0
n_25677,0,-1,4,2.8677812383105187e-15,0.0,0.0,0.0
n_25678,0,-1,4,3.502177999101415e-15,0.0,0.0,0.0
n_25679,0,-1,4,2.8352651257730838e-15,0.0,0.0,0.0
n_25680,0,-1,4,2.7682082801960394e-15,0.0,0.0,0.0
n_25681,0,-1,4,3.4273060040365287e-15,0.0,0.0,0.0
n_25682,0,-1,4,2.978459645396449e-15,0.0,0.0,0.0
n_257,0,-1,3,2.1383636862219247e-15,0.0,0.0,0.0
n_2571,0,-1,1,8.02236127531099e-16,0.0,0.0,0.0
n_2573,0,-1,1,7.008307724539126e-16,0.0,0.0,0.0
n_2574,0,-1,1,7.7787635994057175e-16,0.0,0.0,0.0
n_2575,0,-1,1,7.419526338563328e-16,0.0,0.0,0.0
n_2576,0,-1,1,7.202025218367369e-16,0.0,0.0,0.0
n_2578,0,-1,2,1.355992281248952e-15,0.0,0.0,0.0
n_2579,0,-1,1,7.329403621162247e-16,0.0,0.0,0.0
n_258,0,-1,3,1.799564695122071e-15,0.0,0.0,0.0
n_2584,0,-1,1,8.259164158792506e-16,0.0,0.0,0.0
n_259,0,-1,4,4.024017210212897e-15,0.0,0.0,0.0
n_25928,0,-1,1,9.656245478917172e-16,0.0,0.0,0.0
n_2594,0,-1,1,8.262415706518779e-16,0.0,0.0,0.0
n_2595,0,-1,1,7.536712288024776e-16,0.0,0.0,0.0
n_25953,0,-1,2,1.5284770943092526e-15,0.0,0.0,0.0
n_25954,0,-1,9,6.3947341040861746e-15,0.0,0.0,0.0
n_25955,0,-1,1,9.213594531011548e-16,0.0,0.0,0.0
n_25956,0,-1,7,4.8320104089282466e-15,0.0,0.0,0.0
n_2596,0,-1,5,4.3565428635471484e-15,0.0,0.0,0.0
n_25961,0,-1,1,8.056273827541092e-16,0.0,0.0,0.0
n_25964,0,-1,1,7.906482403566273e-16,0.0,0.0,0.0
n_25965,0,-1,1,7.646018713494392e-16,0.0,0.0,0.0
n_25967,0,-1,1,7.637962900770411e-16,0.0,0.0,0.0
n_2598,0,-1,1,8.674141481520149e-16,0.0,0.0,0.0
n_2603,0,-1,1,1.2695377459050737e-15,0.0,0.0,0.0
n_26050,0,-1,4,4.240877973500732e-15,0.0,0.0,0.0
n_26054,0,-1,1,8.217966064424833e-16,0.0,0.0,0.0
n_26055,0,-1,1,8.663709211983528e-16,0.0,0.0,0.0
n_26057,0,-1,1,8.384863318769452e-16,0.0,0.0,0.0
n_2608,0,-1,1,7.3782853631527e-16,0.0,0.0,0.0
n_2609,0,-1,1,6.970715343548796e-16,0.0,0.0,0.0
n_26098,0,-1,2,1.447656810372273e-15,0.0,0.0,0.0
n_2610,0,-1,1,6.884208398041307e-16,0.0,0.0,0.0
n_26103,0,-1,1,7.619166710275246e-16,0.0,0.0,0.0
n_2611,0,-1,1,6.718305878014119e-16,0.0,0.0,0.0
n_2612,0,-1,1,8.262099127954742e-16,0.0,0.0,0.0
n_26182,0,-1,3,1.979278404991595e-15,0.0,0.0,0.0
n_26183,0,-1,2,1.3948781874288576e-15,0.0,0.0,0.0
n_2619,0,-1,1,7.709145432075295e-16,0.0,0.0,0.0
n_262,0,-1,2,2.0619242566881444e-15,0.0,0.0,0.0
n_2620,0,-1,1,7.101709518237266e-16,0.0,0.0,0.0
n_2623,0,-1,1,6.259137258241444e-16,0.0,0.0,0.0
n_2624,0,-1,1,8.841719009200532e-16,0.0,0.0,0.0
n_26250,0,-1,1,4.020333463925288e-15,0.0,0.0,0.0
n_26254,0,-1,3,2.719058558156898e-15,0.0,0.0,0.0
n_26255,0,-1,4,2.849521325550084e-15,0.0,0.0,0.0
n_263,0,-1,4,4.928160930419345e-15,0.0,0.0,0.0
n_26376,0,-1,2,1.953524579988565e-15,0.0,0.0,0.0
n_26379,0,-1,3,3.2829131445510354e-15,0.0,0.0,0.0
n_26382,0,-1,4,3.246382095843615e-15,0.0,0.0,0.0
n_26383,0,-1,1,1.1568941165023949e-15,0.0,0.0,0.0
n_26384,0,-1,3,6.755826367083051e-15,0.0,0.0,0.0
n_26385,0,-1,32,2.4318746208408168e-14,0.0,0.0,0.0
n_26386,0,-1,16,1.4569928922202047e-14,0.0,0.0,0.0
n_26387,0,-1,1,7.780693246338681e-16,0.0,0.0,0.0
n_26388,0,-1,1,7.648703807937188e-16,0.0,0.0,0.0
n_26389,0,-1,16,1.3771205652061448e-14,0.0,0.0,0.0
n_2639,0,-1,1,6.173210530302823e-16,0.0,0.0,0.0
n_26390,0,-1,1,7.955396438687841e-16,0.0,0.0,0.0
n_26391,0,-1,1,8.059539139552757e-16,0.0,0.0,0.0
n_26392,0,-1,1,8.578197530189062e-16,0.0,0.0,0.0
n_26393,0,-1,1,7.769537822423342e-16,0.0,0.0,0.0
n_26394,0,-1,1,7.955396438687841e-16,0.0,0.0,0.0
n_26395,0,-1,1,7.228121774076682e-16,0.0,0.0,0.0
n_26396,0,-1,1,7.503702884674684e-16,0.0,0.0,0.0
n_26398,0,-1,1,7.399559654414176e-16,0.0,0.0,0.0
n_26399,0,-1,1,7.262034855702376e-16,0.0,0.0,0.0
n_264,0,-1,3,3.1687551261177843e-15,0.0,0.0,0.0
n_2640,0,-1,3,3.9239220562864354e-15,0.0,0.0,0.0
n_26400,0,-1,1,8.167361669177901e-16,0.0,0.0,0.0
n_26401,0,-1,1,7.689561500939183e-16,0.0,0.0,0.0
n_26402,0,-1,1,8.652968304816752e-16,0.0,0.0,0.0
n_26403,0,-1,1,7.793704201804099e-16,0.0,0.0,0.0
n_26404,0,-1,1,7.807130203413672e-16,0.0,0.0,0.0
n_26405,0,-1,1,7.18953465876892e-16,0.0,0.0,0.0
n_26406,0,-1,1,6.516129172020766e-16,0.0,0.0,0.0
n_26407,0,-1,1,8.532134290330597e-16,0.0,0.0,0.0
n_26408,0,-1,1,8.419770605316986e-16,0.0,0.0,0.0
n_26409,0,-1,1,6.658859517589036e-16,0.0,0.0,0.0
n_2641,0,-1,1,6.173210530302823e-16,0.0,0.0,0.0
n_26410,0,-1,1,8.290466261358289e-16,0.0,0.0,0.0
n_26411,0,-1,1,8.239861866111357e-16,0.0,0.0,0.0
n_26412,0,-1,1,8.602364438965412e-16,0.0,0.0,0.0
n_26413,0,-1,1,7.259764278008142e-16,0.0,0.0,0.0
n_26414,0,-1,1,8.312362592440405e-16,0.0,0.0,0.0
n_26415,0,-1,1,8.384863318769452e-16,0.0,0.0,0.0
n_26416,0,-1,1,8.07296514116233e-16,0.0,0.0,0.0
n_26417,0,-1,1,7.927964217899826e-16,0.0,0.0,0.0
n_26418,0,-1,1,7.334535052635832e-16,0.0,0.0,0.0
n_26419,0,-1,1,8.022360745915398e-16,0.0,0.0,0.0
n_2642,0,-1,1,7.547453195191553e-16,0.0,0.0,0.0
n_26427,0,-1,3,1.7746714555934512e-15,0.0,0.0,0.0
n_26428,0,-1,3,2.3616458062828945e-15,0.0,0.0,0.0
n_2643,0,-1,1,6.632380208866683e-16,0.0,0.0,0.0
n_2644,0,-1,1,7.443310494326637e-16,0.0,0.0,0.0
n_2645,0,-1,3,2.5751690480003107e-15,0.0,0.0,0.0
n_2646,0,-1,1,7.665021897666042e-16,0.0,0.0,0.0
n_2647,0,-1,1,7.740787406611163e-16,0.0,0.0,0.0
n_26497,0,-1,2,2.5500115341921476e-15,0.0,0.0,0.0
n_26498,0,-1,2,2.452360917351462e-15,0.0,0.0,0.0
n_26499,0,-1,2,3.964685940389522e-15,0.0,0.0,0.0
n_265,0,-1,2,1.464234621578579e-15,0.0,0.0,0.0
n_2650,0,-1,1,7.343378076605166e-16,0.0,0.0,0.0
n_26501,0,-1,2,5.58846842906675e-15,0.0,0.0,0.0
n_2651,0,-1,1,6.622022054712947e-16,0.0,0.0,0.0
n_2652,0,-1,1,7.233840305261832e-16,0.0,0.0,0.0
n_2653,0,-1,1,3.439951570664325e-15,0.0,0.0,0.0
n_26539,0,-1,1,6.778871380720762e-16,0.0,0.0,0.0
n_26540,0,-1,1,3.3948980999581055e-15,0.0,0.0,0.0
n_26541,0,-1,16,1.4065300573545825e-14,0.0,0.0,0.0
n_2655,0,-1,1,1.6658706029142284e-15,0.0,0.0,0.0
n_26553,0,-1,4,2.561257378874606e-15,0.0,0.0,0.0
n_26556,0,-1,1,7.085391428508412e-16,0.0,0.0,0.0
n_2657,0,-1,1,6.382538841348962e-16,0.0,0.0,0.0
n_26577,0,-1,3,3.933250853651021e-15,0.0,0.0,0.0
n_26579,0,-1,1,7.110345548530116e-16,0.0,0.0,0.0
n_26581,0,-1,1,7.560879196801126e-16,0.0,0.0,0.0
n_2660,0,-1,1,7.58831141758914e-16,0.0,0.0,0.0
n_2663,0,-1,4,4.726713202156223e-15,0.0,0.0,0.0
n_2664,0,-1,2,2.3207118803156464e-15,0.0,0.0,0.0
n_26645,0,-1,1,7.121185452672602e-16,0.0,0.0,0.0
n_26646,0,-1,1,7.063910143570451e-16,0.0,0.0,0.0
n_2669,0,-1,2,2.241319058653027e-15,0.0,0.0,0.0
n_267,0,-1,1,1.1234230801960492e-15,0.0,0.0,0.0
n_26710,0,-1,1,9.06338170814547e-16,0.0,0.0,0.0
n_26711,0,-1,1,4.547521370461326e-16,0.0,0.0,0.0
n_26712,0,-1,1,7.564358384631973e-16,0.0,0.0,0.0
n_26713,0,-1,1,6.863306801276623e-16,0.0,0.0,0.0
n_26714,0,-1,1,7.786457305544747e-16,0.0,0.0,0.0
n_26733,0,-1,3,3.4746362993049677e-15,0.0,0.0,0.0
n_2678,0,-1,2,1.0365194056318893e-15,0.0,0.0,0.0
n_26801,0,-1,5,3.942421255854469e-15,0.0,0.0,0.0
n_26802,0,-1,2,1.223342898302429e-15,0.0,0.0,0.0
n_26803,0,-1,1,1.0629531863333278e-15,0.0,0.0,0.0
n_26806,0,-1,2,1.0444285757768763e-15,0.0,0.0,0.0
n_26807,0,-1,3,2.9372919383357588e-15,0.0,0.0,0.0
n_26811,0,-1,3,2.8365979321155884e-15,0.0,0.0,0.0
n_26815,0,-1,4,3.2162317463278614e-15,0.0,0.0,0.0
n_26819,0,-1,3,2.2374347773151558e-15,0.0,0.0,0.0
n_26823,0,-1,3,2.888944780014141e-15,0.0,0.0,0.0
n_26827,0,-1,4,3.6205017255692626e-15,0.0,0.0,0.0
n_2683,0,-1,1,3.695232901406668e-15,0.0,0.0,0.0
n_26831,0,-1,3,1.972214361969731e-15,0.0,0.0,0.0
n_2684,0,-1,1,7.188599216757796e-16,0.0,0.0,0.0
n_2685,0,-1,2,1.2506866041474556e-15,0.0,0.0,0.0
n_26859,0,-1,3,2.3732685806268812e-15,0.0,0.0,0.0
n_2686,0,-1,1,7.24808475245669e-16,0.0,0.0,0.0
n_2687,0,-1,4,2.4871445370886966e-15,0.0,0.0,0.0
n_2688,0,-1,1,7.114354131952997e-16,0.0,0.0,0.0
n_2689,0,-1,4,2.501245941594586e-15,0.0,0.0,0.0
n_269,0,-1,1,1.3646151825311191e-15,0.0,0.0,0.0
n_26904,0,-1,1,1.7443288295986709e-15,0.0,0.0,0.0
n_2691,0,-1,6,3.7771049885059e-15,0.0,0.0,0.0
n_2692,0,-1,1,5.509665036456301e-16,0.0,0.0,0.0
n_2693,0,-1,4,2.4252207111720133e-15,0.0,0.0,0.0
n_2694,0,-1,1,6.126780419299079e-16,0.0,0.0,0.0
n_2695,0,-1,1,7.549356901740507e-16,0.0,0.0,0.0
n_2696,0,-1,1,6.765858307672976e-16,0.0,0.0,0.0
n_27003,0,-1,2,1.459290596144574e-15,0.0,0.0,0.0
n_27004,0,-1,1,6.036529588164725e-16,0.0,0.0,0.0
n_27013,0,-1,4,2.8308150264264465e-15,0.0,0.0,0.0
n_2702,0,-1,1,9.246046480803228e-16,0.0,0.0,0.0
n_27038,0,-1,1,1.1483869410966463e-15,0.0,0.0,0.0
n_27057,0,-1,2,2.268216166376614e-15,0.0,0.0,0.0
n_27058,0,-1,2,5.3740106982502756e-15,0.0,0.0,0.0
n_27059,0,-1,1,1.7425874357382344e-15,0.0,0.0,0.0
n_2706,0,-1,1,7.76600781261566e-16,0.0,0.0,0.0
n_27060,0,-1,1,1.78318392495512e-15,0.0,0.0,0.0
n_27061,0,-1,6,4.537083701089666e-15,0.0,0.0,0.0
n_2708,0,-1,1,7.427672148537954e-16,0.0,0.0,0.0
n_2712,0,-1,1,4.672382391336964e-15,0.0,0.0,0.0
n_27128,0,-1,2,1.1835015389580206e-15,0.0,0.0,0.0
n_27129,0,-1,3,1.9696044417010037e-15,0.0,0.0,0.0
n_2713,0,-1,1,2.9207011039978888e-15,0.0,0.0,0.0
n_27131,0,-1,1,8.445064597308776e-16,0.0,0.0,0.0
n_27132,0,-1,1,9.25924325412145e-16,0.0,0.0,0.0
n_27133,0,-1,12,7.114949701994035e-15,0.0,0.0,0.0
n_27134,0,-1,12,7.43766417270024e-15,0.0,0.0,0.0
n_27135,0,-1,1,7.045074777801475e-16,0.0,0.0,0.0
n_27136,0,-1,1,6.035621674724387e-16,0.0,0.0,0.0
n_2715,0,-1,1,5.7720924665372736e-15,0.0,0.0,0.0
n_2716,0,-1,1,8.823976315933514e-16,0.0,0.0,0.0
n_2719,0,-1,1,1.2013994510126223e-15,0.0,0.0,0.0
n_2721,0,-1,1,1.689473070110351e-15,0.0,0.0,0.0
n_27219,0,-1,1,6.426865663665556e-16,0.0,0.0,0.0
n_27223,0,-1,2,1.2165231184067295e-15,0.0,0.0,0.0
n_27224,0,-1,2,1.3165165225004021e-15,0.0,0.0,0.0
n_27225,0,-1,16,1.1420090371137056e-14,0.0,0.0,0.0
n_27227,0,-1,1,6.992826609241278e-16,0.0,0.0,0.0
n_27234,0,-1,1,6.611473847541671e-16,0.0,0.0,0.0
n_27235,0,-1,1,7.341279552478344e-16,0.0,0.0,0.0
n_27236,0,-1,1,6.839532174633971e-16,0.0,0.0,0.0
n_27237,0,-1,1,8.461474272475052e-16,0.0,0.0,0.0
n_2724,0,-1,1,2.867132199314685e-15,0.0,0.0,0.0
n_27257,0,-1,4,2.7584460137206968e-15,0.0,0.0,0.0
n_2727,0,-1,1,1.4684699980730873e-15,0.0,0.0,0.0
n_273,0,-1,3,2.066555832843731e-15,0.0,0.0,0.0
n_27305,0,-1,2,1.2798714419824577e-15,0.0,0.0,0.0
n_27315,0,-1,2,1.1903457769300721e-15,0.0,0.0,0.0
n_27316,0,-1,1,7.077145033371299e-16,0.0,0.0,0.0
n_27317,0,-1,1,1.2087404738082386e-15,0.0,0.0,0.0
n_27320,0,-1,1,6.858062079146343e-16,0.0,0.0,0.0
n_27321,0,-1,1,5.984549293774097e-16,0.0,0.0,0.0
n_2733,0,-1,2,5.395761233786345e-15,0.0,0.0,0.0
n_2734,0,-1,2,5.4927545530599614e-15,0.0,0.0,0.0
n_27341,0,-1,1,6.524252747380527e-16,0.0,0.0,0.0
n_2735,0,-1,2,5.364670465940902e-15,0.0,0.0,0.0
n_27368,0,-1,2,1.2262725735087449e-15,0.0,0.0,0.0
n_27369,0,-1,1,5.96300924592542e-16,0.0,0.0,0.0
n_2737,0,-1,2,5.279760495176342e-15,0.0,0.0,0.0
n_27370,0,-1,1,7.7019382404853445e-16,0.0,0.0,0.0
n_27372,0,-1,1,7.359261532552961e-16,0.0,0.0,0.0
n_27373,0,-1,1,7.21159616127575e-16,0.0,0.0,0.0
n_27381,0,-1,1,5.96300924592542e-16,0.0,0.0,0.0
n_27382,0,-1,1,1.0077180619637565e-15,0.0,0.0,0.0
n_27383,0,-1,1,6.879172257774288e-16,0.0,0.0,0.0
n_274,0,-1,2,1.508030565995481e-15,0.0,0.0,0.0
n_2741,0,-1,1,8.676200300977569e-16,0.0,0.0,0.0
n_2743,0,-1,3,1.6973041014659539e-15,0.0,0.0,0.0
n_2744,0,-1,1,5.866077442419598e-16,0.0,0.0,0.0
n_2746,0,-1,3,2.0230827138588512e-15,0.0,0.0,0.0
n_2748,0,-1,3,1.6974614378359064e-15,0.0,0.0,0.0
n_275,0,-1,1,1.1636850972778878e-15,0.0,0.0,0.0
n_2752,0,-1,3,1.833210749611143e-15,0.0,0.0,0.0
n_27521,0,-1,1,1.3487225151000235e-15,0.0,0.0,0.0
n_2753,0,-1,3,2.1204042583995285e-15,0.0,0.0,0.0
n_2767,0,-1,1,7.179679959823208e-16,0.0,0.0,0.0
n_2773,0,-1,1,3.9582005796893105e-16,0.0,0.0,0.0
n_2775,0,-1,1,4.729522810442265e-16,0.0,0.0,0.0
n_278,0,-1,1,6.05111708370322e-16,0.0,0.0,0.0
n_27878,0,-1,4,2.8452603263089214e-15,0.0,0.0,0.0
n_2788,0,-1,2,1.4185352882500782e-15,0.0,0.0,0.0
n_27880,0,-1,1,7.458634379133651e-16,0.0,0.0,0.0
n_280,0,-1,1,7.51373810751728e-16,0.0,0.0,0.0
n_281,0,-1,1,6.830419158912698e-16,0.0,0.0,0.0
n_28102,0,-1,1,7.380658643591788e-16,0.0,0.0,0.0
n_28103,0,-1,1,7.795318858359803e-16,0.0,0.0,0.0
n_28110,0,-1,1,8.291253472603643e-16,0.0,0.0,0.0
n_28111,0,-1,1,8.048218544212703e-16,0.0,0.0,0.0
n_28121,0,-1,1,1.14967993689063e-15,0.0,0.0,0.0
n_28122,0,-1,1,5.551316293450756e-16,0.0,0.0,0.0
n_2817,0,-1,1,7.812500921694856e-16,0.0,0.0,0.0
n_28235,0,-1,1,8.435467184620792e-16,0.0,0.0,0.0
n_28239,0,-1,3,2.564817458351916e-15,0.0,0.0,0.0
n_28240,0,-1,13,2.2637592484147512e-14,0.0,0.0,0.0
n_28246,0,-1,1,7.688424359207494e-16,0.0,0.0,0.0
n_28251,0,-1,13,1.9796308554009476e-14,0.0,0.0,0.0
n_28276,0,-1,12,2.0520425162155916e-14,0.0,0.0,0.0
n_28294,0,-1,2,1.1987787310738175e-15,0.0,0.0,0.0
n_28316,0,-1,11,1.5469142487139e-14,0.0,0.0,0.0
n_28327,0,-1,3,2.6033748216274053e-15,0.0,0.0,0.0
n_28330,0,-1,13,1.9080894362363127e-14,0.0,0.0,0.0
n_2836,0,-1,2,5.3767538144499586e-15,0.0,0.0,0.0
n_28364,0,-1,1,1.1610307077794296e-15,0.0,0.0,0.0
n_28367,0,-1,17,1.3412851423066571e-14,0.0,0.0,0.0
n_28368,0,-1,1,7.071965426898839e-16,0.0,0.0,0.0
n_28370,0,-1,3,2.9646970540694612e-15,0.0,0.0,0.0
n_28371,0,-1,1,6.383996796809424e-16,0.0,0.0,0.0
n_28381,0,-1,11,1.664599989965876e-14,0.0,0.0,0.0
n_28391,0,-1,1,8.227465009532698e-16,0.0,0.0,0.0
n_28412,0,-1,1,6.38534146161319e-16,0.0,0.0,0.0
n_28413,0,-1,1,6.265068077059e-16,0.0,0.0,0.0
n_28424,0,-1,11,1.6783947685448594e-14,0.0,0.0,0.0
n_28441,0,-1,2,2.559193583098621e-15,0.0,0.0,0.0
n_28443,0,-1,1,1.0403660998827263e-15,0.0,0.0,0.0
n_285,0,-1,2,1.1959158655912164e-15,0.0,0.0,0.0
n_28520,0,-1,17,1.3264248809833224e-14,0.0,0.0,0.0
n_28521,0,-1,1,6.733630292216726e-16,0.0,0.0,0.0
n_28528,0,-1,1,6.20607805563425e-16,0.0,0.0,0.0
n_28529,0,-1,1,8.236414442016032e-16,0.0,0.0,0.0
n_28594,0,-1,1,7.270877350276119e-16,0.0,0.0,0.0
n_28595,0,-1,1,8.339028248411154e-16,0.0,0.0,0.0
n_286,0,-1,1,1.2144353939499844e-15,0.0,0.0,0.0
n_28662,0,-1,1,6.956708594974762e-16,0.0,0.0,0.0
n_28663,0,-1,1,8.4598627922929e-16,0.0,0.0,0.0
n_28664,0,-1,1,6.752178725574819e-16,0.0,0.0,0.0
n_28669,0,-1,4,3.926034979973361e-15,0.0,0.0,0.0
n_28671,0,-1,1,1.4210057657198637e-15,0.0,0.0,0.0
n_28672,0,-1,1,1.1268538812697843e-15,0.0,0.0,0.0
n_28673,0,-1,1,6.512880271272454e-16,0.0,0.0,0.0
n_28674,0,-1,1,6.8612082771498e-16,0.0,0.0,0.0
n_28689,0,-1,6,6.0859287614068325e-15,0.0,0.0,0.0
n_28690,0,-1,2,1.3471161171155557e-15,0.0,0.0,0.0
n_28691,0,-1,2,1.7128945898931165e-15,0.0,0.0,0.0
n_28692,0,-1,1,5.642127754517073e-16,0.0,0.0,0.0
n_28696,0,-1,2,1.826746405915935e-15,0.0,0.0,0.0
n_28745,0,-1,1,6.704646942344052e-16,0.0,0.0,0.0
n_28746,0,-1,1,7.336167708641664e-16,0.0,0.0,0.0
n_28747,0,-1,4,2.7842616721288765e-15,0.0,0.0,0.0
n_28774,0,-1,3,1.620054273159888e-15,0.0,0.0,0.0
n_28808,0,-1,1,8.666852763009026e-16,0.0,0.0,0.0
n_28810,0,-1,1,8.810663075585045e-16,0.0,0.0,0.0
n_28811,0,-1,1,7.216494129293248e-16,0.0,0.0,0.0
n_28814,0,-1,1,7.738682000341644e-16,0.0,0.0,0.0
n_28848,0,-1,4,2.6801388765382208e-15,0.0,0.0,0.0
n_28849,0,-1,1,7.74595060182027e-16,0.0,0.0,0.0
n_28850,0,-1,1,7.332264474941598e-16,0.0,0.0,0.0
n_28852,0,-1,1,1.4092088202260979e-15,0.0,0.0,0.0
n_28879,0,-1,1,7.305372237657458e-16,0.0,0.0,0.0
n_28880,0,-1,1,8.902849906399467e-16,0.0,0.0,0.0
n_28881,0,-1,2,1.5857392744007218e-15,0.0,0.0,0.0
n_28884,0,-1,3,1.7968253905706506e-15,0.0,0.0,0.0
n_28885,0,-1,1,6.174701308289991e-16,0.0,0.0,0.0
n_28893,0,-1,2,1.2037347208482025e-15,0.0,0.0,0.0
n_28895,0,-1,10,8.358986991626426e-15,0.0,0.0,0.0
n_289,0,-1,2,1.0869801229151433e-15,0.0,0.0,0.0
n_28901,0,-1,1,7.381549086977589e-16,0.0,0.0,0.0
n_28913,0,-1,25,2.726177912430218e-14,0.0,0.0,0.0
n_28926,0,-1,1,6.607274152310065e-16,0.0,0.0,0.0
n_28948,0,-1,2,1.2840720901261286e-15,0.0,0.0,0.0
n_28950,0,-1,1,7.253905986386695e-16,0.0,0.0,0.0
n_28951,0,-1,1,8.141935328288103e-16,0.0,0.0,0.0
n_28952,0,-1,5,5.4248860381612106e-15,0.0,0.0,0.0
n_28953,0,-1,33,2.4849397103269937e-14,0.0,0.0,0.0
n_28954,0,-1,5,3.380442000405553e-15,0.0,0.0,0.0
n_28955,0,-1,3,1.9458841310460943e-15,0.0,0.0,0.0
n_290,0,-1,1,7.957310733148636e-16,0.0,0.0,0.0
n_29003,0,-1,2,2.3267997178658e-15,0.0,0.0,0.0
n_29004,0,-1,1,1.1472599637603244e-15,0.0,0.0,0.0
n_29005,0,-1,5,8.913607224829596e-15,0.0,0.0,0.0
n_29006,0,-1,33,2.4164259257290245e-14,0.0,0.0,0.0
n_29007,0,-1,2,3.3353262727777106e-15,0.0,0.0,0.0
n_29008,0,-1,15,1.1589651120584316e-14,0.0,0.0,0.0
n_29009,0,-1,1,7.648703807937188e-16,0.0,0.0,0.0
n_29010,0,-1,1,7.372127963021754e-16,0.0,0.0,0.0
n_29011,0,-1,17,1.3792427215521957e-14,0.0,0.0,0.0
n_29012,0,-1,1,6.926965033031928e-16,0.0,0.0,0.0
n_29013,0,-1,1,7.375393275033419e-16,0.0,0.0,0.0
n_29014,0,-1,1,7.637962900770411e-16,0.0,0.0,0.0
n_29015,0,-1,1,7.665395121558426e-16,0.0,0.0,0.0
n_29016,0,-1,1,8.698036810357785e-16,0.0,0.0,0.0
n_29017,0,-1,1,7.130459934049445e-16,0.0,0.0,0.0
n_29018,0,-1,1,7.503702884674684e-16,0.0,0.0,0.0
n_29019,0,-1,1,8.79470391606759e-16,0.0,0.0,0.0
n_29020,0,-1,1,9.350540700341255e-16,0.0,0.0,0.0
n_29021,0,-1,1,7.262034855702376e-16,0.0,0.0,0.0
n_29022,0,-1,1,7.793704201804099e-16,0.0,0.0,0.0
n_29023,0,-1,1,7.32705945748072e-16,0.0,0.0,0.0
n_29024,0,-1,1,7.037058140351305e-16,0.0,0.0,0.0
n_29025,0,-1,1,7.966137345854617e-16,0.0,0.0,0.0
n_29026,0,-1,1,8.580467578487704e-16,0.0,0.0,0.0
n_29027,0,-1,1,8.8221361368556045e-16,0.0,0.0,0.0
n_29028,0,-1,1,8.362966987687337e-16,0.0,0.0,0.0
n_29029,0,-1,1,8.939705368725685e-16,0.0,0.0,0.0
n_29030,0,-1,1,8.867204642396638e-16,0.0,0.0,0.0
n_29031,0,-1,1,7.32705945748072e-16,0.0,0.0,0.0
n_29032,0,-1,1,7.517128886284257e-16,0.0,0.0,0.0
n_29033,0,-1,1,7.517128886284257e-16,0.0,0.0,0.0
n_29034,0,-1,1,7.724469316882309e-16,0.0,0.0,0.0
n_29035,0,-1,1,9.20553924768316e-16,0.0,0.0,0.0
n_29036,0,-1,1,9.084705762592597e-16,0.0,0.0,0.0
n_29037,0,-1,1,7.697037096094294e-16,0.0,0.0,0.0
n_29038,0,-1,1,8.435467184620792e-16,0.0,0.0,0.0
n_29039,0,-1,1,8.7254690311457995e-16,0.0,0.0,0.0
n_29040,0,-1,1,8.169632246872135e-16,0.0,0.0,0.0
n_29041,0,-1,1,7.32705945748072e-16,0.0,0.0,0.0
n_29073,0,-1,2,4.138173958096727e-15,0.0,0.0,0.0
n_29074,0,-1,16,9.198187425217465e-15,0.0,0.0,0.0
n_29076,0,-1,1,6.3607187432321e-16,0.0,0.0,0.0
n_29077,0,-1,1,7.497404135920665e-16,0.0,0.0,0.0
n_29078,0,-1,1,6.278057327305144e-16,0.0,0.0,0.0
n_29079,0,-1,1,8.369679723794327e-16,0.0,0.0,0.0
n_29080,0,-1,1,6.830628270171552e-16,0.0,0.0,0.0
n_29081,0,-1,1,7.30733523651272e-16,0.0,0.0,0.0
n_29082,0,-1,1,6.481552228322662e-16,0.0,0.0,0.0
n_29083,0,-1,1,8.488243160586248e-16,0.0,0.0,0.0
n_29088,0,-1,1,6.695788565902548e-16,0.0,0.0,0.0
n_29089,0,-1,1,7.641990542434605e-16,0.0,0.0,0.0
n_29092,0,-1,1,7.665725993803447e-16,0.0,0.0,0.0
n_29093,0,-1,1,7.454606208073865e-16,0.0,0.0,0.0
n_29094,0,-1,1,6.94072137749093e-16,0.0,0.0,0.0
n_29095,0,-1,1,9.143017628263951e-16,0.0,0.0,0.0
n_29096,0,-1,1,5.960623789387715e-16,0.0,0.0,0.0
n_29097,0,-1,1,8.511995552614034e-16,0.0,0.0,0.0
n_29098,0,-1,1,5.939722192623031e-16,0.0,0.0,0.0
n_29099,0,-1,1,8.490513738280481e-16,0.0,0.0,0.0
n_291,0,-1,2,1.3056017618212016e-15,0.0,0.0,0.0
n_29100,0,-1,1,6.899863684488934e-16,0.0,0.0,0.0
n_29101,0,-1,1,8.587180843990286e-16,0.0,0.0,0.0
n_29102,0,-1,1,5.843054557517634e-16,0.0,0.0,0.0
n_29103,0,-1,1,8.490513738280481e-16,0.0,0.0,0.0
n_29104,0,-1,1,5.843054557517634e-16,0.0,0.0,0.0
n_29105,0,-1,1,8.488243160586248e-16,0.0,0.0,0.0
n_29106,0,-1,1,6.94072137749093e-16,0.0,0.0,0.0
n_29107,0,-1,1,6.944418676305695e-16,0.0,0.0,0.0
n_293,0,-1,2,2.0694797905776528e-15,0.0,0.0,0.0
n_2931,0,-1,1,1.9816225686731213e-15,0.0,0.0,0.0
n_29310,0,-1,3,1.59077213241507e-15,0.0,0.0,0.0
n_29312,0,-1,3,1.9642031243546e-15,0.0,0.0,0.0
n_29313,0,-1,1,8.388974075541596e-16,0.0,0.0,0.0
n_29314,0,-1,1,8.092762418722031e-16,0.0,0.0,0.0
n_2932,0,-1,1,4.946261600985696e-15,0.0,0.0,0.0
n_2933,0,-1,1,3.7346461914753576e-15,0.0,0.0,0.0
n_2934,0,-1,1,2.116672231233926e-15,0.0,0.0,0.0
n_2935,0,-1,1,1.750648754176372e-15,0.0,0.0,0.0
n_29352,0,-1,3,3.5610561062980085e-15,0.0,0.0,0.0
n_29355,0,-1,1,8.50796791094984e-16,0.0,0.0,0.0
n_29356,0,-1,1,7.254558731151673e-16,0.0,0.0,0.0
n_29358,0,-1,1,8.8221361368556045e-16,0.0,0.0,0.0
n_29361,0,-1,1,4.3428700047730103e-16,0.0,0.0,0.0
n_29362,0,-1,3,1.6396041112198725e-15,0.0,0.0,0.0
n_29364,0,-1,3,2.1867701368498502e-15,0.0,0.0,0.0
n_29365,0,-1,1,6.470247514850369e-16,0.0,0.0,0.0
n_29366,0,-1,1,1.1050464886471303e-15,0.0,0.0,0.0
n_294,0,-1,1,7.308072684572423e-16,0.0,0.0,0.0
n_2940,0,-1,1,7.129525021433913e-16,0.0,0.0,0.0
n_2941,0,-1,1,7.198759906355703e-16,0.0,0.0,0.0
n_2947,0,-1,1,9.73267643812148e-16,0.0,0.0,0.0
n_2948,0,-1,1,7.561261949814166e-16,0.0,0.0,0.0
n_29495,0,-1,2,1.0655913763266698e-15,0.0,0.0,0.0
n_295,0,-1,3,1.885143821914962e-15,0.0,0.0,0.0
n_2950,0,-1,2,1.2734309210888912e-15,0.0,0.0,0.0
n_2951,0,-1,2,2.341924126413736e-15,0.0,0.0,0.0
n_2952,0,-1,2,1.535318155907752e-15,0.0,0.0,0.0
n_29527,0,-1,1,5.829048867734784e-16,0.0,0.0,0.0
n_29528,0,-1,1,7.647940948889067e-16,0.0,0.0,0.0
n_29529,0,-1,1,6.202291288964431e-16,0.0,0.0,0.0
n_2953,0,-1,1,7.598638866798538e-16,0.0,0.0,0.0
n_29530,0,-1,1,8.152178603598368e-16,0.0,0.0,0.0
n_29531,0,-1,1,6.215717819969596e-16,0.0,0.0,0.0
n_29532,0,-1,1,7.379835433446176e-16,0.0,0.0,0.0
n_29533,0,-1,1,5.794721269360527e-16,0.0,0.0,0.0
n_29534,0,-1,1,7.667151656132794e-16,0.0,0.0,0.0
n_29543,0,-1,1,6.785560294026111e-16,0.0,0.0,0.0
n_29544,0,-1,1,6.5313122376003e-16,0.0,0.0,0.0
n_29545,0,-1,1,5.815622336729619e-16,0.0,0.0,0.0
n_29546,0,-1,1,7.667152185528386e-16,0.0,0.0,0.0
n_29547,0,-1,1,6.55405295465171e-16,0.0,0.0,0.0
n_29548,0,-1,1,7.597337083037727e-16,0.0,0.0,0.0
n_29549,0,-1,1,6.315649708295474e-16,0.0,0.0,0.0
n_2955,0,-1,1,7.285087386757494e-16,0.0,0.0,0.0
n_29550,0,-1,1,7.884653305724346e-16,0.0,0.0,0.0
n_29553,0,-1,1,5.287218302639561e-16,0.0,0.0,0.0
n_29554,0,-1,1,8.294494432418075e-16,0.0,0.0,0.0
n_29555,0,-1,1,6.060556207109185e-16,0.0,0.0,0.0
n_29556,0,-1,1,7.786991465697109e-16,0.0,0.0,0.0
n_29557,0,-1,1,5.843054557517634e-16,0.0,0.0,0.0
n_29558,0,-1,1,8.560743357519704e-16,0.0,0.0,0.0
n_2956,0,-1,1,8.632829037704597e-16,0.0,0.0,0.0
n_2957,0,-1,1,7.857221084936331e-16,0.0,0.0,0.0
n_29618,0,-1,2,1.999836741654404e-15,0.0,0.0,0.0
n_29619,0,-1,2,2.7449358382119907e-15,0.0,0.0,0.0
n_29621,0,-1,16,1.7809836721713324e-14,0.0,0.0,0.0
n_29630,0,-1,1,7.486248712005325e-16,0.0,0.0,0.0
n_2964,0,-1,2,1.5370817843830538e-15,0.0,0.0,0.0
n_2965,0,-1,1,6.871626253005436e-16,0.0,0.0,0.0
n_29657,0,-1,3,2.4188239183543488e-15,0.0,0.0,0.0
n_29658,0,-1,3,2.9776382351958492e-15,0.0,0.0,0.0
n_29659,0,-1,1,6.757850140552278e-16,0.0,0.0,0.0
n_29661,0,-1,1,8.113471844886806e-16,0.0,0.0,0.0
n_29662,0,-1,1,7.970580033662966e-16,0.0,0.0,0.0
n_2967,0,-1,1,6.753537154663978e-16,0.0,0.0,0.0
n_29687,0,-1,1,8.781965599332069e-16,0.0,0.0,0.0
n_29688,0,-1,2,3.0492398360513866e-15,0.0,0.0,0.0
n_2974,0,-1,1,7.402835554337682e-16,0.0,0.0,0.0
n_2976,0,-1,1,7.877754222368959e-16,0.0,0.0,0.0
n_2977,0,-1,1,1.8242014954259096e-15,0.0,0.0,0.0
n_29787,0,-1,2,1.9859559892312743e-15,0.0,0.0,0.0
n_29790,0,-1,32,2.4461904940889512e-14,0.0,0.0,0.0
n_2980,0,-1,2,1.4427376665310937e-15,0.0,0.0,0.0
n_2983,0,-1,1,7.41693177076677e-16,0.0,0.0,0.0
n_2984,0,-1,1,6.850934296895198e-16,0.0,0.0,0.0
n_2985,0,-1,1,7.693507086286612e-16,0.0,0.0,0.0
n_29874,0,-1,1,7.302892548704371e-16,0.0,0.0,0.0
n_29881,0,-1,2,5.5592017466732195e-15,0.0,0.0,0.0
n_29883,0,-1,15,8.594603605465313e-15,0.0,0.0,0.0
n_29884,0,-1,1,6.302223706685902e-16,0.0,0.0,0.0
n_29885,0,-1,1,8.224678800531824e-16,0.0,0.0,0.0
n_29888,0,-1,1,6.771554074847669e-16,0.0,0.0,0.0
n_29889,0,-1,1,7.644675636877402e-16,0.0,0.0,0.0
n_29890,0,-1,1,6.274792015293479e-16,0.0,0.0,0.0
n_29891,0,-1,1,7.448656331014995e-16,0.0,0.0,0.0
n_29896,0,-1,1,6.046549987930743e-16,0.0,0.0,0.0
n_29897,0,-1,1,7.937942795414074e-16,0.0,0.0,0.0
n_29898,0,-1,1,7.759127258105995e-16,0.0,0.0,0.0
n_29899,0,-1,1,9.209981935491508e-16,0.0,0.0,0.0
n_2990,0,-1,2,1.298403252318961e-15,0.0,0.0,0.0
n_29902,0,-1,1,5.663146347707597e-16,0.0,0.0,0.0
n_29903,0,-1,1,7.931992388959612e-16,0.0,0.0,0.0
n_29904,0,-1,1,6.94072137749093e-16,0.0,0.0,0.0
n_29905,0,-1,1,7.717175833810857e-16,0.0,0.0,0.0
n_29906,0,-1,1,5.984790168768472e-16,0.0,0.0,0.0
n_29907,0,-1,1,7.884653305724346e-16,0.0,0.0,0.0
n_29908,0,-1,1,6.070716896707093e-16,0.0,0.0,0.0
n_29909,0,-1,1,8.004907102641631e-16,0.0,0.0,0.0
n_29910,0,-1,1,6.215717819969596e-16,0.0,0.0,0.0
n_29911,0,-1,1,8.324611218253294e-16,0.0,0.0,0.0
n_29914,0,-1,1,6.650720060361515e-16,0.0,0.0,0.0
n_29915,0,-1,1,8.055510968492971e-16,0.0,0.0,0.0
n_29934,0,-1,7,5.858779512425173e-15,0.0,0.0,0.0
n_29938,0,-1,1,8.096460246932388e-16,0.0,0.0,0.0
n_29939,0,-1,1,8.807596286920392e-16,0.0,0.0,0.0
n_29940,0,-1,1,6.788676845876414e-16,0.0,0.0,0.0
n_29948,0,-1,1,7.40493037269536e-16,0.0,0.0,0.0
n_29949,0,-1,1,7.912433339416327e-16,0.0,0.0,0.0
n_29953,0,-1,1,8.313439383074602e-16,0.0,0.0,0.0
n_29970,0,-1,1,8.054168950667165e-16,0.0,0.0,0.0
n_3,0,-1,1,7.749213266853975e-16,0.0,0.0,0.0
n_30059,0,-1,2,1.273005816428488e-15,0.0,0.0,0.0
n_30060,0,-1,2,1.1308429829348784e-15,0.0,0.0,0.0
n_30061,0,-1,2,1.331990967413791e-15,0.0,0.0,0.0
n_30062,0,-1,1,7.958421934496315e-16,0.0,0.0,0.0
n_30078,0,-1,25,2.1038275695118777e-14,0.0,0.0,0.0
n_301,0,-1,2,1.5080977992356693e-15,0.0,0.0,0.0
n_30235,0,-1,1,6.752427012107483e-16,0.0,0.0,0.0
n_30247,0,-1,1,7.782963824032915e-16,0.0,0.0,0.0
n_30253,0,-1,16,1.2427392963440184e-14,0.0,0.0,0.0
n_30254,0,-1,1,9.15493538183182e-16,0.0,0.0,0.0
n_303,0,-1,2,1.3210554544273827e-15,0.0,0.0,0.0
n_30330,0,-1,1,7.127262914069152e-16,0.0,0.0,0.0
n_30331,0,-1,1,6.753694914550404e-16,0.0,0.0,0.0
n_30332,0,-1,1,9.749195698175307e-16,0.0,0.0,0.0
n_30357,0,-1,1,7.767432416153823e-16,0.0,0.0,0.0
n_30452,0,-1,2,2.268693257684155e-15,0.0,0.0,0.0
n_30453,0,-1,2,2.3484090106579147e-15,0.0,0.0,0.0
n_30469,0,-1,1,9.171753220999553e-16,0.0,0.0,0.0
n_30471,0,-1,1,7.333986598802484e-16,0.0,0.0,0.0
n_30472,0,-1,1,6.774113173139561e-16,0.0,0.0,0.0
n_30483,0,-1,4,3.02259726172845e-15,0.0,0.0,0.0
n_306,0,-1,2,9.809914196208048e-16,0.0,0.0,0.0
n_30616,0,-1,1,7.123686317449371e-16,0.0,0.0,0.0
n_3063,0,-1,1,8.92454771413457e-16,0.0,0.0,0.0
n_307,0,-1,2,1.4908938189231056e-15,0.0,0.0,0.0
n_3077,0,-1,1,7.616133273532892e-16,0.0,0.0,0.0
n_3081,0,-1,1,8.509310458171238e-16,0.0,0.0,0.0
n_310,0,-1,1,6.990638617259402e-16,0.0,0.0,0.0
n_31056,0,-1,1,6.05111708370322e-16,0.0,0.0,0.0
n_31057,0,-1,1,7.153223415111312e-16,0.0,0.0,0.0
n_31058,0,-1,2,1.904271096413385e-15,0.0,0.0,0.0
n_31078,0,-1,1,6.075994970759671e-16,0.0,0.0,0.0
n_31107,0,-1,3,2.7646655648941483e-15,0.0,0.0,0.0
n_31127,0,-1,1,7.1783712939197e-16,0.0,0.0,0.0
n_31128,0,-1,1,7.1291417390252805e-16,0.0,0.0,0.0
n_31129,0,-1,1,8.411528974740202e-16,0.0,0.0,0.0
n_31190,0,-1,1,7.421248462424214e-16,0.0,0.0,0.0
n_31191,0,-1,1,8.800654322522051e-16,0.0,0.0,0.0
n_312,0,-1,2,1.4097565329056162e-15,0.0,0.0,0.0
n_31227,0,-1,2,1.5116686783830566e-15,0.0,0.0,0.0
n_31228,0,-1,1,3.564602633248162e-15,0.0,0.0,0.0
n_31272,0,-1,2,1.4753966099992594e-15,0.0,0.0,0.0
n_31273,0,-1,1,7.830874654507578e-16,0.0,0.0,0.0
n_31311,0,-1,1,8.217508137237724e-16,0.0,0.0,0.0
n_31396,0,-1,1,7.536719170167473e-16,0.0,0.0,0.0
n_31397,0,-1,1,7.499218904010157e-16,0.0,0.0,0.0
n_31445,0,-1,3,2.2689433441618317e-15,0.0,0.0,0.0
n_31455,0,-1,1,1.0239358841674794e-15,0.0,0.0,0.0
n_31460,0,-1,8,6.629760759477299e-15,0.0,0.0,0.0
n_31464,0,-1,8,7.055074637018523e-15,0.0,0.0,0.0
n_31534,0,-1,3,1.781193821045546e-15,0.0,0.0,0.0
n_31535,0,-1,11,9.333933772377387e-15,0.0,0.0,0.0
n_31538,0,-1,1,9.083779320306538e-16,0.0,0.0,0.0
n_31561,0,-1,1,7.43421971322023e-16,0.0,0.0,0.0
n_31579,0,-1,2,1.659065434336869e-15,0.0,0.0,0.0
n_31581,0,-1,2,1.6388489813473953e-15,0.0,0.0,0.0
n_316,0,-1,2,7.357193713370476e-16,0.0,0.0,0.0
n_317,0,-1,1,6.365567477459538e-16,0.0,0.0,0.0
n_31720,0,-1,32,2.5534155478489258e-14,0.0,0.0,0.0
n_31724,0,-1,1,1.9738230892948037e-15,0.0,0.0,0.0
n_31726,0,-1,1,1.1578301937882293e-15,0.0,0.0,0.0
n_31732,0,-1,1,8.176559388193899e-16,0.0,0.0,0.0
n_31733,0,-1,1,8.891774950614117e-16,0.0,0.0,0.0
n_31740,0,-1,1,7.658681856055843e-16,0.0,0.0,0.0
n_31741,0,-1,16,1.484698323485356e-14,0.0,0.0,0.0
n_31742,0,-1,1,7.067297216568284e-16,0.0,0.0,0.0
n_31743,0,-1,1,9.252470166916968e-16,0.0,0.0,0.0
n_31747,0,-1,1,8.676128303177052e-16,0.0,0.0,0.0
n_31748,0,-1,1,6.114052161079807e-16,0.0,0.0,0.0
n_31750,0,-1,1,6.667282730853888e-16,0.0,0.0,0.0
n_31754,0,-1,1,6.148288174016641e-16,0.0,0.0,0.0
n_31770,0,-1,1,6.16405304535182e-16,0.0,0.0,0.0
n_31777,0,-1,4,2.454418148622106e-15,0.0,0.0,0.0
n_31779,0,-1,4,3.063737863734828e-15,0.0,0.0,0.0
n_31781,0,-1,4,2.817875539365953e-15,0.0,0.0,0.0
n_31786,0,-1,4,2.8090649144068506e-15,0.0,0.0,0.0
n_31795,0,-1,1,9.386262197309337e-16,0.0,0.0,0.0
n_31801,0,-1,2,1.9111985553725043e-15,0.0,0.0,0.0
n_31821,0,-1,1,1.8109369594719073e-15,0.0,0.0,0.0
n_31834,0,-1,1,7.550145171777046e-16,0.0,0.0,0.0
n_31844,0,-1,3,2.7506698277484287e-15,0.0,0.0,0.0
n_31849,0,-1,1,1.232970698297395e-15,0.0,0.0,0.0
n_31850,0,-1,3,2.9894446039311533e-15,0.0,0.0,0.0
n_31863,0,-1,4,3.3474392674399207e-15,0.0,0.0,0.0
n_31864,0,-1,1,6.213865464793069e-16,0.0,0.0,0.0
n_31865,0,-1,1,7.648703807937188e-16,0.0,0.0,0.0
n_31866,0,-1,1,6.162266864624298e-16,0.0,0.0,0.0
n_31867,0,-1,1,7.782963294637323e-16,0.0,0.0,0.0
n_31869,0,-1,2,1.2732591851588354e-15,0.0,0.0,0.0
n_31870,0,-1,1,6.87808223225029e-16,0.0,0.0,0.0
n_31871,0,-1,1,6.024180377189349e-16,0.0,0.0,0.0
n_31872,0,-1,2,1.328201553766012e-15,0.0,0.0,0.0
n_3188,0,-1,32,2.4175956782291827e-14,0.0,0.0,0.0
n_31886,0,-1,1,1.4506449308519494e-15,0.0,0.0,0.0
n_31888,0,-1,3,4.132474273394653e-15,0.0,0.0,0.0
n_31890,0,-1,1,7.518761012894498e-16,0.0,0.0,0.0
n_31891,0,-1,1,6.816070420786211e-16,0.0,0.0,0.0
n_31892,0,-1,1,1.3507350653826997e-15,0.0,0.0,0.0
n_31895,0,-1,5,3.67333074697304e-15,0.0,0.0,0.0
n_319,0,-1,1,8.126478565187488e-16,0.0,0.0,0.0
n_31900,0,-1,1,7.127947422569652e-16,0.0,0.0,0.0
n_31907,0,-1,2,1.996236004595626e-15,0.0,0.0,0.0
n_321,0,-1,2,1.8235655854407585e-15,0.0,0.0,0.0
n_32162,0,-1,3,2.8283918769225888e-15,0.0,0.0,0.0
n_32163,0,-1,17,1.4555319297927805e-14,0.0,0.0,0.0
n_32164,0,-1,16,1.407677786998112e-14,0.0,0.0,0.0
n_32299,0,-1,3,2.790984572631234e-15,0.0,0.0,0.0
n_32300,0,-1,3,3.117599630059545e-15,0.0,0.0,0.0
n_32302,0,-1,16,1.5249035893597288e-14,0.0,0.0,0.0
n_32317,0,-1,5,4.095804099525646e-15,0.0,0.0,0.0
n_32318,0,-1,2,2.4776806379690243e-15,0.0,0.0,0.0
n_32319,0,-1,15,1.2109032242082866e-14,0.0,0.0,0.0
n_32320,0,-1,1,7.495875770846463e-16,0.0,0.0,0.0
n_32321,0,-1,1,7.633401098953855e-16,0.0,0.0,0.0
n_32322,0,-1,1,7.243466834707377e-16,0.0,0.0,0.0
n_32323,0,-1,1,7.329973250819275e-16,0.0,0.0,0.0
n_32324,0,-1,1,7.523307991634477e-16,0.0,0.0,0.0
n_32325,0,-1,1,8.55173939729039e-16,0.0,0.0,0.0
n_32326,0,-1,1,8.116737156898472e-16,0.0,0.0,0.0
n_32327,0,-1,1,8.175811352222355e-16,0.0,0.0,0.0
n_32328,0,-1,1,7.205873924321456e-16,0.0,0.0,0.0
n_32330,0,-1,1,8.334238277094431e-16,0.0,0.0,0.0
n_32331,0,-1,1,7.560900372624807e-16,0.0,0.0,0.0
n_32332,0,-1,1,8.306806056306416e-16,0.0,0.0,0.0
n_32333,0,-1,1,8.45180697956892e-16,0.0,0.0,0.0
n_32334,0,-1,1,8.040971647953351e-16,0.0,0.0,0.0
n_32335,0,-1,14,1.1869758987010683e-14,0.0,0.0,0.0
n_32336,0,-1,1,8.669308099764879e-16,0.0,0.0,0.0
n_32337,0,-1,1,7.243466834707377e-16,0.0,0.0,0.0
n_32338,0,-1,1,6.956730300194036e-16,0.0,0.0,0.0
n_32339,0,-1,1,6.763396088774426e-16,0.0,0.0,0.0
n_32341,0,-1,1,6.69089589184097e-16,0.0,0.0,0.0
n_32343,0,-1,1,8.524307705897968e-16,0.0,0.0,0.0
n_32344,0,-1,1,8.669308099764879e-16,0.0,0.0,0.0
n_32345,0,-1,1,8.4034736914118135e-16,0.0,0.0,0.0
n_32346,0,-1,1,6.956730829589628e-16,0.0,0.0,0.0
n_32348,0,-1,1,8.596807902831423e-16,0.0,0.0,0.0
n_32349,0,-1,1,8.814309023027383e-16,0.0,0.0,0.0
n_32381,0,-1,3,3.71800072351239e-15,0.0,0.0,0.0
n_32382,0,-1,14,1.0442837119670721e-14,0.0,0.0,0.0
n_32383,0,-1,1,6.341118930228227e-16,0.0,0.0,0.0
n_32384,0,-1,1,8.247030411823088e-16,0.0,0.0,0.0
n_32385,0,-1,1,7.836195080207519e-16,0.0,0.0,0.0
n_32386,0,-1,1,6.6036880265696275e-16,0.0,0.0,0.0
n_32387,0,-1,1,5.906116160440717e-16,0.0,0.0,0.0
n_32388,0,-1,1,7.750268881664491e-16,0.0,0.0,0.0
n_32389,0,-1,1,7.929596873905659e-16,0.0,0.0,0.0
n_32390,0,-1,1,7.087024084514244e-16,0.0,0.0,0.0
n_32391,0,-1,1,6.517761298631007e-16,0.0,0.0,0.0
n_32392,0,-1,1,6.980196289206532e-16,0.0,0.0,0.0
n_32393,0,-1,1,7.436100126363135e-16,0.0,0.0,0.0
n_32394,0,-1,1,7.3770259310392515e-16,0.0,0.0,0.0
n_32395,0,-1,1,7.667027777564259e-16,0.0,0.0,0.0
n_32396,0,-1,1,7.401192310420009e-16,0.0,0.0,0.0
n_32398,0,-1,1,6.883529183496727e-16,0.0,0.0,0.0
n_32399,0,-1,1,6.821189676161179e-16,0.0,0.0,0.0
n_32400,0,-1,1,6.026950174926871e-16,0.0,0.0,0.0
n_32401,0,-1,1,7.186956502235715e-16,0.0,0.0,0.0
n_32402,0,-1,1,7.038690266961546e-16,0.0,0.0,0.0
n_32403,0,-1,1,7.667027777564259e-16,0.0,0.0,0.0
n_32404,0,-1,1,6.821189146765587e-16,0.0,0.0,0.0
n_32405,0,-1,1,7.028530106759231e-16,0.0,0.0,0.0
n_32406,0,-1,1,6.652021844122326e-16,0.0,0.0,0.0
n_32407,0,-1,1,7.594527051235211e-16,0.0,0.0,0.0
n_32408,0,-1,1,6.631120247357642e-16,0.0,0.0,0.0
n_32409,0,-1,1,5.796023053121339e-16,0.0,0.0,0.0
n_32410,0,-1,1,5.796023053121339e-16,0.0,0.0,0.0
n_32411,0,-1,1,7.532767761468532e-16,0.0,0.0,0.0
n_32582,0,-1,16,1.1301609943573966e-14,0.0,0.0,0.0
n_32583,0,-1,1,5.707779160676386e-16,0.0,0.0,0.0
n_32584,0,-1,1,7.887686213071108e-16,0.0,0.0,0.0
n_32585,0,-1,3,2.023401198247019e-15,0.0,0.0,0.0
n_32587,0,-1,1,7.782963824032915e-16,0.0,0.0,0.0
n_32588,0,-1,1,7.326479769307443e-16,0.0,0.0,0.0
n_32589,0,-1,1,8.634172114321587e-16,0.0,0.0,0.0
n_32590,0,-1,1,9.715562137422207e-16,0.0,0.0,0.0
n_32591,0,-1,1,7.697037096094294e-16,0.0,0.0,0.0
n_32592,0,-1,1,8.245397755817256e-16,0.0,0.0,0.0
n_32593,0,-1,1,9.44873299475171e-16,0.0,0.0,0.0
n_32595,0,-1,1,7.979562818068598e-16,0.0,0.0,0.0
n_32597,0,-1,1,8.532134290330597e-16,0.0,0.0,0.0
n_32599,0,-1,1,7.302892548704371e-16,0.0,0.0,0.0
n_32600,0,-1,1,7.836667301075614e-16,0.0,0.0,0.0
n_32601,0,-1,1,7.230392351770915e-16,0.0,0.0,0.0
n_32644,0,-1,12,1.5503991116654937e-14,0.0,0.0,0.0
n_32650,0,-1,5,8.169929237799266e-15,0.0,0.0,0.0
n_3285,0,-1,32,2.5195362628378272e-14,0.0,0.0,0.0
n_329,0,-1,1,1.411307238473802e-15,0.0,0.0,0.0
n_32916,0,-1,13,1.430147877022874e-14,0.0,0.0,0.0
n_33,0,-1,2,4.0253500165554016e-15,0.0,0.0,0.0
n_330,0,-1,12,9.661446684729787e-15,0.0,0.0,0.0
n_33024,0,-1,12,1.549131780969812e-14,0.0,0.0,0.0
n_331,0,-1,2,1.4675448263364488e-15,0.0,0.0,0.0
n_33100,0,-1,4,3.4565415579692477e-15,0.0,0.0,0.0
n_33112,0,-1,1,8.356253722184754e-16,0.0,0.0,0.0
n_332,0,-1,2,1.252150277080311e-15,0.0,0.0,0.0
n_3320,0,-1,32,2.4820984230087238e-14,0.0,0.0,0.0
n_33203,0,-1,8,8.655965213263256e-15,0.0,0.0,0.0
n_336,0,-1,2,2.0771577207280394e-15,0.0,0.0,0.0
n_33603,0,-1,1,1.2349374029218011e-15,0.0,0.0,0.0
n_33604,0,-1,8,1.044512664972715e-14,0.0,0.0,0.0
n_33644,0,-1,2,1.2942016512632244e-15,0.0,0.0,0.0
n_3365,0,-1,16,1.3917866865779688e-14,0.0,0.0,0.0
n_33654,0,-1,3,6.981361594783717e-15,0.0,0.0,0.0
n_33655,0,-1,16,1.3124774670672436e-14,0.0,0.0,0.0
n_33656,0,-1,1,7.689561500939183e-16,0.0,0.0,0.0
n_33657,0,-1,16,1.3997444764141283e-14,0.0,0.0,0.0
n_33658,0,-1,1,6.940390505245908e-16,0.0,0.0,0.0
n_33659,0,-1,1,8.749635410526557e-16,0.0,0.0,0.0
n_33660,0,-1,1,6.85446430670288e-16,0.0,0.0,0.0
n_33661,0,-1,1,7.589629083217713e-16,0.0,0.0,0.0
n_33662,0,-1,1,8.652968304816752e-16,0.0,0.0,0.0
n_33663,0,-1,1,7.428932110046995e-16,0.0,0.0,0.0
n_33664,0,-1,1,8.384863318769452e-16,0.0,0.0,0.0
n_33665,0,-1,1,7.542289999982446e-16,0.0,0.0,0.0
n_33666,0,-1,1,8.145465338095785e-16,0.0,0.0,0.0
n_33667,0,-1,1,7.735624740797648e-16,0.0,0.0,0.0
n_33668,0,-1,1,8.24213244380559e-16,0.0,0.0,0.0
n_33670,0,-1,1,6.9403910346415e-16,0.0,0.0,0.0
n_33671,0,-1,1,7.662129809546761e-16,0.0,0.0,0.0
n_33672,0,-1,1,7.735624740797648e-16,0.0,0.0,0.0
n_33673,0,-1,1,8.145465338095785e-16,0.0,0.0,0.0
n_33674,0,-1,1,6.999465229965383e-16,0.0,0.0,0.0
n_33675,0,-1,1,7.420461780574452e-16,0.0,0.0,0.0
n_33676,0,-1,1,7.882896241754385e-16,0.0,0.0,0.0
n_33677,0,-1,1,8.588937907960247e-16,0.0,0.0,0.0
n_33678,0,-1,1,8.433196606926559e-16,0.0,0.0,0.0
n_33679,0,-1,1,8.663709211983528e-16,0.0,0.0,0.0
n_33681,0,-1,1,6.99719465227115e-16,0.0,0.0,0.0
n_33682,0,-1,1,8.650697727122518e-16,0.0,0.0,0.0
n_33683,0,-1,1,7.587358505523479e-16,0.0,0.0,0.0
n_33684,0,-1,1,7.953125860993607e-16,0.0,0.0,0.0
n_33685,0,-1,1,6.926964503636336e-16,0.0,0.0,0.0
n_33686,0,-1,1,7.012891231574956e-16,0.0,0.0,0.0
n_33687,0,-1,1,8.650697727122518e-16,0.0,0.0,0.0
n_33771,0,-1,6,6.361677372770155e-15,0.0,0.0,0.0
n_33772,0,-1,15,1.1582402212621714e-14,0.0,0.0,0.0
n_33774,0,-1,3,3.63276506857961e-15,0.0,0.0,0.0
n_33777,0,-1,17,1.3206097456905375e-14,0.0,0.0,0.0
n_33784,0,-1,2,2.4431564220718863e-15,0.0,0.0,0.0
n_33786,0,-1,1,6.08877458035137e-16,0.0,0.0,0.0
n_33787,0,-1,1,1.1079746815457884e-15,0.0,0.0,0.0
n_33788,0,-1,1,1.1435769586265443e-15,0.0,0.0,0.0
n_33789,0,-1,1,1.3027279907894046e-15,0.0,0.0,0.0
n_33790,0,-1,1,6.811622968417533e-16,0.0,0.0,0.0
n_33791,0,-1,1,1.1986235122862332e-15,0.0,0.0,0.0
n_33792,0,-1,2,1.47196210315638e-15,0.0,0.0,0.0
n_33793,0,-1,1,1.2574822436041584e-15,0.0,0.0,0.0
n_33795,0,-1,1,6.061077661767339e-16,0.0,0.0,0.0
n_33796,0,-1,1,6.714149063825469e-16,0.0,0.0,0.0
n_3386,0,-1,16,1.3757291441836902e-14,0.0,0.0,0.0
n_339,0,-1,3,1.930713559202533e-15,0.0,0.0,0.0
n_34,0,-1,1,5.579566959824055e-16,0.0,0.0,0.0
n_340,0,-1,3,2.439251600185044e-15,0.0,0.0,0.0
n_34081,0,-1,1,1.3836826353276423e-15,0.0,0.0,0.0
n_34082,0,-1,1,1.1676703872947193e-15,0.0,0.0,0.0
n_34098,0,-1,2,1.2328804892885125e-15,0.0,0.0,0.0
n_34099,0,-1,2,1.5408557396795453e-15,0.0,0.0,0.0
n_34102,0,-1,1,6.446345303870037e-16,0.0,0.0,0.0
n_3415,0,-1,16,1.486602114737605e-14,0.0,0.0,0.0
n_34190,0,-1,3,2.6846336568728257e-15,0.0,0.0,0.0
n_3420,0,-1,32,2.508664933772997e-14,0.0,0.0,0.0
n_34203,0,-1,3,3.374795678779156e-15,0.0,0.0,0.0
n_34234,0,-1,3,2.3360268712767146e-15,0.0,0.0,0.0
n_34235,0,-1,3,4.011902097968319e-15,0.0,0.0,0.0
n_3425,0,-1,16,1.436062708093551e-14,0.0,0.0,0.0
n_34362,0,-1,1,6.454120536930239e-16,0.0,0.0,0.0
n_34363,0,-1,1,7.206988302042687e-16,0.0,0.0,0.0
n_34377,0,-1,1,5.155643910382222e-16,0.0,0.0,0.0
n_34378,0,-1,1,8.418013541347026e-16,0.0,0.0,0.0
n_34412,0,-1,1,6.91655446871458e-16,0.0,0.0,0.0
n_34413,0,-1,1,7.814423157089532e-16,0.0,0.0,0.0
n_34420,0,-1,17,1.0651277528429901e-14,0.0,0.0,0.0
n_34421,0,-1,1,5.663146347707597e-16,0.0,0.0,0.0
n_34422,0,-1,1,6.802102847485987e-16,0.0,0.0,0.0
n_34433,0,-1,1,7.11394120339121e-16,0.0,0.0,0.0
n_34434,0,-1,4,4.462656186563852e-15,0.0,0.0,0.0
n_34472,0,-1,4,3.993093307858063e-15,0.0,0.0,0.0
n_34473,0,-1,2,1.9196377563842357e-15,0.0,0.0,0.0
n_34475,0,-1,2,2.2237225844485295e-15,0.0,0.0,0.0
n_34479,0,-1,1,7.185006208874662e-16,0.0,0.0,0.0
n_34480,0,-1,3,1.7327714885498596e-15,0.0,0.0,0.0
n_34482,0,-1,1,7.144797025472908e-16,0.0,0.0,0.0
n_34483,0,-1,1,8.372945035805992e-16,0.0,0.0,0.0
n_34484,0,-1,4,3.100841506714592e-15,0.0,0.0,0.0
n_34486,0,-1,1,6.460650631557978e-16,0.0,0.0,0.0
n_34487,0,-1,1,7.15964921880742e-16,0.0,0.0,0.0
n_34488,0,-1,4,3.3497302798040068e-15,0.0,0.0,0.0
n_34490,0,-1,1,5.598121745929252e-16,0.0,0.0,0.0
n_34491,0,-1,1,7.720441675218115e-16,0.0,0.0,0.0
n_34492,0,-1,4,2.9135868742739e-15,0.0,0.0,0.0
n_34494,0,-1,1,5.829048867734784e-16,0.0,0.0,0.0
n_34495,0,-1,1,7.232149415740876e-16,0.0,0.0,0.0
n_34498,0,-1,1,5.590646150774141e-16,0.0,0.0,0.0
n_34499,0,-1,1,7.597337083037727e-16,0.0,0.0,0.0
n_34500,0,-1,4,2.9960165208106626e-15,0.0,0.0,0.0
n_34502,0,-1,1,6.288218016903052e-16,0.0,0.0,0.0
n_34503,0,-1,1,8.149908025904134e-16,0.0,0.0,0.0
n_34504,0,-1,3,2.62202415778534e-15,0.0,0.0,0.0
n_34505,0,-1,32,1.6576156950959958e-14,0.0,0.0,0.0
n_34506,0,-1,1,6.433218940165555e-16,0.0,0.0,0.0
n_34507,0,-1,1,6.944833193054257e-16,0.0,0.0,0.0
n_34524,0,-1,3,1.6405886811419372e-15,0.0,0.0,0.0
n_34525,0,-1,3,1.6866751085273333e-15,0.0,0.0,0.0
n_34526,0,-1,1,7.200988132402574e-16,0.0,0.0,0.0
n_3453,0,-1,16,1.4249320175402716e-14,0.0,0.0,0.0
n_34532,0,-1,3,4.5953638030254984e-15,0.0,0.0,0.0
n_34533,0,-1,4,3.156127558940117e-15,0.0,0.0,0.0
n_34534,0,-1,2,1.3775813511294512e-15,0.0,0.0,0.0
n_34535,0,-1,3,3.2605209815574207e-15,0.0,0.0,0.0
n_34536,0,-1,1,1.0182896684202006e-15,0.0,0.0,0.0
n_34537,0,-1,1,1.1913372289948333e-15,0.0,0.0,0.0
n_34538,0,-1,1,1.6047982568677724e-15,0.0,0.0,0.0
n_34539,0,-1,1,6.869365204431859e-16,0.0,0.0,0.0
n_3454,0,-1,16,1.3510704904298124e-14,0.0,0.0,0.0
n_34540,0,-1,3,1.7439633348819306e-15,0.0,0.0,0.0
n_34541,0,-1,4,4.811652819073937e-15,0.0,0.0,0.0
n_3460,0,-1,16,1.3665495940244111e-14,0.0,0.0,0.0
n_3461,0,-1,16,1.3521917926453877e-14,0.0,0.0,0.0
n_34613,0,-1,1,7.217297222406364e-16,0.0,0.0,0.0
n_34614,0,-1,1,8.008172414653296e-16,0.0,0.0,0.0
n_34633,0,-1,1,7.842597590497578e-16,0.0,0.0,0.0
n_34634,0,-1,1,6.969928132303442e-16,0.0,0.0,0.0
n_34644,0,-1,1,7.639595556776244e-16,0.0,0.0,0.0
n_34645,0,-1,3,2.760774295534462e-15,0.0,0.0,0.0
n_34648,0,-1,1,7.338917918742281e-16,0.0,0.0,0.0
n_34649,0,-1,4,4.118101818345642e-15,0.0,0.0,0.0
n_3468,0,-1,3,2.9587851876141e-15,0.0,0.0,0.0
n_347,0,-1,2,1.181990961575711e-15,0.0,0.0,0.0
n_34837,0,-1,3,2.315097745941245e-15,0.0,0.0,0.0
n_34841,0,-1,1,6.38534146161319e-16,0.0,0.0,0.0
n_35041,0,-1,16,2.524059757589344e-14,0.0,0.0,0.0
n_35120,0,-1,4,3.275930204933871e-15,0.0,0.0,0.0
n_35121,0,-1,16,1.4225599864747807e-14,0.0,0.0,0.0
n_35122,0,-1,1,7.87963092974272e-16,0.0,0.0,0.0
n_35215,0,-1,2,5.807988028776016e-15,0.0,0.0,0.0
n_35390,0,-1,1,1.363489687502455e-15,0.0,0.0,0.0
n_35391,0,-1,1,1.1023591707428476e-15,0.0,0.0,0.0
n_35392,0,-1,4,2.820762015891959e-15,0.0,0.0,0.0
n_35393,0,-1,1,8.027896635621297e-16,0.0,0.0,0.0
n_35398,0,-1,1,7.827609342495913e-16,0.0,0.0,0.0
n_35399,0,-1,1,7.734858705375975e-16,0.0,0.0,0.0
n_35407,0,-1,3,3.593400906421861e-15,0.0,0.0,0.0
n_35437,0,-1,11,1.7706417386985362e-14,0.0,0.0,0.0
n_35457,0,-1,4,4.77903781543991e-15,0.0,0.0,0.0
n_35458,0,-1,4,5.675127946383864e-15,0.0,0.0,0.0
n_35459,0,-1,5,4.48805658706964e-15,0.0,0.0,0.0
n_35460,0,-1,1,8.475973888345269e-16,0.0,0.0,0.0
n_35461,0,-1,4,3.1226411701616025e-15,0.0,0.0,0.0
n_35462,0,-1,1,6.963453624212867e-16,0.0,0.0,0.0
n_35463,0,-1,2,1.3668695607202365e-15,0.0,0.0,0.0
n_35466,0,-1,1,6.093994950284417e-16,0.0,0.0,0.0
n_35467,0,-1,1,5.766989410667422e-16,0.0,0.0,0.0
n_35468,0,-1,1,6.392061079862877e-16,0.0,0.0,0.0
n_35469,0,-1,1,6.710837165001704e-16,0.0,0.0,0.0
n_35474,0,-1,1,7.588435296157676e-16,0.0,0.0,0.0
n_35476,0,-1,1,7.732815238390724e-16,0.0,0.0,0.0
n_35550,0,-1,2,2.3178251920314037e-15,0.0,0.0,0.0
n_35577,0,-1,3,2.1578147390644356e-15,0.0,0.0,0.0
n_35578,0,-1,1,7.700068944649873e-16,0.0,0.0,0.0
n_356,0,-1,1,6.832212221782917e-16,0.0,0.0,0.0
n_35632,0,-1,23,1.9203825948064038e-14,0.0,0.0,0.0
n_35633,0,-1,1,7.633294161044264e-16,0.0,0.0,0.0
n_35634,0,-1,1,6.817286442461113e-16,0.0,0.0,0.0
n_35636,0,-1,1,1.3857469604992194e-15,0.0,0.0,0.0
n_35637,0,-1,1,6.480324559944735e-16,0.0,0.0,0.0
n_35638,0,-1,1,7.864514038612191e-16,0.0,0.0,0.0
n_35645,0,-1,5,3.644537979513498e-15,0.0,0.0,0.0
n_35653,0,-1,1,8.364881282148131e-16,0.0,0.0,0.0
n_35654,0,-1,1,8.981738319941996e-16,0.0,0.0,0.0
n_35655,0,-1,1,1.5320079511498821e-15,0.0,0.0,0.0
n_35656,0,-1,1,7.068505826704897e-16,0.0,0.0,0.0
n_357,0,-1,2,1.5526310858331562e-15,0.0,0.0,0.0
n_35902,0,-1,3,3.1425771493664165e-15,0.0,0.0,0.0
n_35904,0,-1,5,5.364764063081574e-15,0.0,0.0,0.0
n_35908,0,-1,17,1.301743272636574e-14,0.0,0.0,0.0
n_35909,0,-1,9,7.272629967323106e-15,0.0,0.0,0.0
n_35910,0,-1,5,8.649061894743133e-15,0.0,0.0,0.0
n_35911,0,-1,4,6.3308733255773575e-15,0.0,0.0,0.0
n_360,0,-1,1,7.363881567884641e-16,0.0,0.0,0.0
n_36007,0,-1,7,5.457815291018669e-15,0.0,0.0,0.0
n_36008,0,-1,7,6.537125424717306e-15,0.0,0.0,0.0
n_36010,0,-1,1,6.110173279576974e-16,0.0,0.0,0.0
n_36011,0,-1,5,5.253328832057272e-15,0.0,0.0,0.0
n_36012,0,-1,1,5.204818937530663e-16,0.0,0.0,0.0
n_36013,0,-1,1,6.972756692951679e-16,0.0,0.0,0.0
n_36014,0,-1,1,6.928579160192039e-16,0.0,0.0,0.0
n_36068,0,-1,10,1.6545321563548113e-14,0.0,0.0,0.0
n_36071,0,-1,1,1.3559540588872071e-15,0.0,0.0,0.0
n_36072,0,-1,1,8.896207050510625e-16,0.0,0.0,0.0
n_36073,0,-1,1,1.430834312523329e-15,0.0,0.0,0.0
n_36076,0,-1,1,8.222408752233182e-16,0.0,0.0,0.0
n_36077,0,-1,1,7.793356388900133e-16,0.0,0.0,0.0
n_36078,0,-1,6,5.510525304293357e-15,0.0,0.0,0.0
n_36079,0,-1,1,7.9521311266761755e-16,0.0,0.0,0.0
n_36080,0,-1,1,8.096204019465844e-16,0.0,0.0,0.0
n_36081,0,-1,1,8.290466261358289e-16,0.0,0.0,0.0
n_36082,0,-1,3,3.3160170979538647e-15,0.0,0.0,0.0
n_36083,0,-1,1,9.32963910357657e-16,0.0,0.0,0.0
n_36084,0,-1,1,8.45180697956892e-16,0.0,0.0,0.0
n_36085,0,-1,1,7.917720942589562e-16,0.0,0.0,0.0
n_36086,0,-1,1,8.578197530189062e-16,0.0,0.0,0.0
n_36089,0,-1,2,1.3254546259180663e-15,0.0,0.0,0.0
n_36090,0,-1,1,8.604863186159812e-16,0.0,0.0,0.0
n_36091,0,-1,1,8.582039354000453e-16,0.0,0.0,0.0
n_36092,0,-1,1,7.25305101250556e-16,0.0,0.0,0.0
n_36094,0,-1,1,7.494719041477868e-16,0.0,0.0,0.0
n_36095,0,-1,1,1.3283939361241571e-15,0.0,0.0,0.0
n_36097,0,-1,1,8.677135213593101e-16,0.0,0.0,0.0
n_36098,0,-1,1,6.875018090563598e-16,0.0,0.0,0.0
n_36099,0,-1,1,7.82481307497879e-16,0.0,0.0,0.0
n_36100,0,-1,1,7.639534146887568e-16,0.0,0.0,0.0
n_36101,0,-1,1,8.56477152857949e-16,0.0,0.0,0.0
n_36102,0,-1,1,9.375701814039444e-16,0.0,0.0,0.0
n_36103,0,-1,1,7.90555490248903e-16,0.0,0.0,0.0
n_36107,0,-1,2,2.322568364777791e-15,0.0,0.0,0.0
n_362,0,-1,1,6.943404354351358e-16,0.0,0.0,0.0
n_3621,0,-1,1,8.602364438965412e-16,0.0,0.0,0.0
n_36224,0,-1,1,8.723444622401862e-16,0.0,0.0,0.0
n_36256,0,-1,1,8.01047422668746e-16,0.0,0.0,0.0
n_36288,0,-1,4,3.1116138599795356e-15,0.0,0.0,0.0
n_36289,0,-1,16,8.344274029332618e-15,0.0,0.0,0.0
n_36290,0,-1,1,6.605651554820481e-16,0.0,0.0,0.0
n_36291,0,-1,1,8.22240822283759e-16,0.0,0.0,0.0
n_363,0,-1,1,7.169323393856248e-16,0.0,0.0,0.0
n_3635,0,-1,1,8.169632246872135e-16,0.0,0.0,0.0
n_36361,0,-1,8,5.43857874927005e-15,0.0,0.0,0.0
n_36363,0,-1,1,8.010942212390818e-16,0.0,0.0,0.0
n_36364,0,-1,1,6.600483595051046e-16,0.0,0.0,0.0
n_36366,0,-1,1,8.537505008611782e-16,0.0,0.0,0.0
n_36367,0,-1,1,7.691666907208702e-16,0.0,0.0,0.0
n_3638,0,-1,1,7.882896241754385e-16,0.0,0.0,0.0
n_36382,0,-1,1,1.059720802727487e-15,0.0,0.0,0.0
n_36383,0,-1,2,2.6221486716285864e-15,0.0,0.0,0.0
n_36385,0,-1,1,6.856278016001188e-16,0.0,0.0,0.0
n_36405,0,-1,1,7.592894395229378e-16,0.0,0.0,0.0
n_36478,0,-1,1,7.987908739577013e-16,0.0,0.0,0.0
n_36525,0,-1,3,2.817195160151071e-15,0.0,0.0,0.0
n_36528,0,-1,14,1.0703119332933653e-14,0.0,0.0,0.0
n_36530,0,-1,1,6.067479113266213e-16,0.0,0.0,0.0
n_36531,0,-1,1,7.334112594953388e-16,0.0,0.0,0.0
n_36580,0,-1,2,1.419233561035971e-15,0.0,0.0,0.0
n_36581,0,-1,1,7.831063119338342e-16,0.0,0.0,0.0
n_36582,0,-1,1,7.607415186923277e-16,0.0,0.0,0.0
n_36583,0,-1,1,7.099345237523242e-16,0.0,0.0,0.0
n_366,0,-1,2,1.2236471948887302e-15,0.0,0.0,0.0
n_36613,0,-1,1,6.618288227602331e-16,0.0,0.0,0.0
n_36628,0,-1,3,2.7491419920698187e-15,0.0,0.0,0.0
n_36635,0,-1,2,1.1639128432615808e-15,0.0,0.0,0.0
n_36662,0,-1,1,7.90834005269872e-16,0.0,0.0,0.0
n_36769,0,-1,1,5.970812007556408e-16,0.0,0.0,0.0
n_36770,0,-1,1,7.00280889252467e-16,0.0,0.0,0.0
n_36771,0,-1,2,1.1471821426082955e-15,0.0,0.0,0.0
n_368,0,-1,1,7.848549055743223e-16,0.0,0.0,0.0
n_36843,0,-1,1,9.265124839148947e-16,0.0,0.0,0.0
n_369,0,-1,1,6.280972179434883e-16,0.0,0.0,0.0
n_36968,0,-1,1,1.360401723014121e-15,0.0,0.0,0.0
n_36969,0,-1,3,3.0654033422673668e-15,0.0,0.0,0.0
n_3697,0,-1,1,8.384863318769452e-16,0.0,0.0,0.0
n_36971,0,-1,17,1.3768128381364073e-14,0.0,0.0,0.0
n_36975,0,-1,15,1.2421646691926011e-14,0.0,0.0,0.0
n_3698,0,-1,1,7.372127963021754e-16,0.0,0.0,0.0
n_3699,0,-1,1,7.5739325039139065e-16,0.0,0.0,0.0
n_37,0,-1,1,6.056133106937742e-16,0.0,0.0,0.0
n_370,0,-1,1,7.870414152485409e-16,0.0,0.0,0.0
n_3700,0,-1,1,7.808124937731104e-16,0.0,0.0,0.0
n_3701,0,-1,1,8.387133367068094e-16,0.0,0.0,0.0
n_3702,0,-1,1,6.962287365723616e-16,0.0,0.0,0.0
n_3703,0,-1,1,7.808124937731104e-16,0.0,0.0,0.0
n_37051,0,-1,3,2.684147248202865e-15,0.0,0.0,0.0
n_37052,0,-1,1,1.275718968837662e-15,0.0,0.0,0.0
n_3709,0,-1,1,7.780692716943089e-16,0.0,0.0,0.0
n_3710,0,-1,1,8.602364438965412e-16,0.0,0.0,0.0
n_37110,0,-1,1,1.3030555807817552e-15,0.0,0.0,0.0
n_37111,0,-1,1,7.302727377279656e-16,0.0,0.0,0.0
n_3712,0,-1,1,7.724469316882309e-16,0.0,0.0,0.0
n_3713,0,-1,1,8.446208091787569e-16,0.0,0.0,0.0
n_37136,0,-1,2,1.746923609153466e-15,0.0,0.0,0.0
n_37137,0,-1,1,7.322474362258114e-16,0.0,0.0,0.0
n_37138,0,-1,1,7.361418819590499e-16,0.0,0.0,0.0
n_37139,0,-1,1,7.249299185944815e-16,0.0,0.0,0.0
n_3714,0,-1,1,7.324789409182079e-16,0.0,0.0,0.0
n_37140,0,-1,1,1.2684847780725182e-15,0.0,0.0,0.0
n_37141,0,-1,1,8.008520227557262e-16,0.0,0.0,0.0
n_37142,0,-1,1,6.40019312555211e-16,0.0,0.0,0.0
n_3716,0,-1,1,7.665395121558426e-16,0.0,0.0,0.0
n_3717,0,-1,1,7.356431383717947e-16,0.0,0.0,0.0
n_3718,0,-1,1,8.167361669177901e-16,0.0,0.0,0.0
n_3719,0,-1,1,8.38486278937386e-16,0.0,0.0,0.0
n_3720,0,-1,1,9.037367208752922e-16,0.0,0.0,0.0
n_37200,0,-1,11,8.516880709258205e-15,0.0,0.0,0.0
n_3721,0,-1,1,7.3972890767199425e-16,0.0,0.0,0.0
n_3722,0,-1,1,7.949860548981942e-16,0.0,0.0,0.0
n_37311,0,-1,2,1.9184682156423143e-15,0.0,0.0,0.0
n_37335,0,-1,1,1.285834553931128e-15,0.0,0.0,0.0
n_37336,0,-1,2,1.8677881168257214e-15,0.0,0.0,0.0
n_37337,0,-1,5,5.860118671514782e-15,0.0,0.0,0.0
n_37338,0,-1,1,9.84029726802606e-16,0.0,0.0,0.0
n_37339,0,-1,5,3.446909946326019e-15,0.0,0.0,0.0
n_37340,0,-1,1,7.277854254783534e-16,0.0,0.0,0.0
n_37341,0,-1,1,8.245134116812423e-16,0.0,0.0,0.0
n_37342,0,-1,1,6.715753661864924e-16,0.0,0.0,0.0
n_37344,0,-1,1,8.486802145784731e-16,0.0,0.0,0.0
n_37350,0,-1,1,7.160782654769965e-16,0.0,0.0,0.0
n_37355,0,-1,3,2.7942882128837625e-15,0.0,0.0,0.0
n_37367,0,-1,3,3.11120220196717e-15,0.0,0.0,0.0
n_37368,0,-1,1,8.22362636209486e-16,0.0,0.0,0.0
n_37381,0,-1,1,8.506773594494212e-16,0.0,0.0,0.0
n_37383,0,-1,1,8.224431043394752e-16,0.0,0.0,0.0
n_37384,0,-1,1,1.119532340231955e-15,0.0,0.0,0.0
n_37386,0,-1,1,5.928429125853763e-16,0.0,0.0,0.0
n_37387,0,-1,2,2.778769298740643e-15,0.0,0.0,0.0
n_374,0,-1,1,7.992761179573596e-16,0.0,0.0,0.0
n_37456,0,-1,6,5.613586344084629e-15,0.0,0.0,0.0
n_37457,0,-1,5,4.5159434527920934e-15,0.0,0.0,0.0
n_37458,0,-1,1,6.717812481322344e-16,0.0,0.0,0.0
n_37459,0,-1,1,1.6240755620769778e-15,0.0,0.0,0.0
n_37460,0,-1,1,7.656987790161335e-16,0.0,0.0,0.0
n_375,0,-1,5,3.903766060273572e-15,0.0,0.0,0.0
n_37521,0,-1,1,1.3872321268931114e-15,0.0,0.0,0.0
n_37601,0,-1,1,4.932619076578981e-16,0.0,0.0,0.0
n_37606,0,-1,1,5.163546198384513e-16,0.0,0.0,0.0
n_37611,0,-1,1,4.656043231663547e-16,0.0,0.0,0.0
n_37616,0,-1,1,5.836951155737075e-16,0.0,0.0,0.0
n_37621,0,-1,1,5.005119273512437e-16,0.0,0.0,0.0
n_37626,0,-1,1,4.514307620412709e-16,0.0,0.0,0.0
n_379,0,-1,2,2.0004419466952174e-15,0.0,0.0,0.0
n_37935,0,-1,3,2.8255579164393127e-15,0.0,0.0,0.0
n_38,0,-1,1,1.5609207855296972e-15,0.0,0.0,0.0
n_3815,0,-1,12,1.4945169600033385e-14,0.0,0.0,0.0
n_38363,0,-1,4,5.271693353386692e-15,0.0,0.0,0.0
n_38364,0,-1,9,5.5594617857880266e-15,0.0,0.0,0.0
n_38365,0,-1,1,7.503897702252553e-16,0.0,0.0,0.0
n_38366,0,-1,1,7.291363371501056e-16,0.0,0.0,0.0
n_38367,0,-1,1,1.105003713483294e-15,0.0,0.0,0.0
n_38368,0,-1,1,6.194825222929977e-16,0.0,0.0,0.0
n_38369,0,-1,1,6.077753622916408e-16,0.0,0.0,0.0
n_38370,0,-1,1,7.303680289345318e-16,0.0,0.0,0.0
n_38371,0,-1,1,6.345428210347383e-16,0.0,0.0,0.0
n_38373,0,-1,1,9.636747839262562e-16,0.0,0.0,0.0
n_38374,0,-1,8,5.6884716799184346e-15,0.0,0.0,0.0
n_38375,0,-1,1,7.480894934383086e-16,0.0,0.0,0.0
n_38376,0,-1,1,8.099057991102498e-16,0.0,0.0,0.0
n_38377,0,-1,1,6.859788438171965e-16,0.0,0.0,0.0
n_38378,0,-1,1,6.124623661657132e-16,0.0,0.0,0.0
n_38379,0,-1,1,1.3249182423042175e-15,0.0,0.0,0.0
n_38380,0,-1,1,7.255976452547139e-16,0.0,0.0,0.0
n_38381,0,-1,1,8.076436917454888e-16,0.0,0.0,0.0
n_38382,0,-1,1,6.433674749770297e-16,0.0,0.0,0.0
n_3858,0,-1,1,8.604635016659645e-16,0.0,0.0,0.0
n_3862,0,-1,1,8.939705368725685e-16,0.0,0.0,0.0
n_387,0,-1,1,7.842869699831883e-16,0.0,0.0,0.0
n_38705,0,-1,1,7.89978978449178e-16,0.0,0.0,0.0
n_38758,0,-1,1,7.287312436430812e-16,0.0,0.0,0.0
n_38759,0,-1,1,8.255957080295965e-16,0.0,0.0,0.0
n_38760,0,-1,1,7.88196821128155e-16,0.0,0.0,0.0
n_38761,0,-1,1,7.207414465494274e-16,0.0,0.0,0.0
n_38792,0,-1,1,4.425116109858015e-16,0.0,0.0,0.0
n_38797,0,-1,1,4.835951441473584e-16,0.0,0.0,0.0
n_388,0,-1,1,7.57065395701244e-16,0.0,0.0,0.0
n_38802,0,-1,1,5.236046395317969e-16,0.0,0.0,0.0
n_389,0,-1,1,6.162266864624298e-16,0.0,0.0,0.0
n_39,0,-1,1,6.832757499242712e-16,0.0,0.0,0.0
n_390,0,-1,1,6.347793549852591e-16,0.0,0.0,0.0
n_3900,0,-1,1,8.143195289797144e-16,0.0,0.0,0.0
n_3906,0,-1,1,8.141265113468588e-16,0.0,0.0,0.0
n_3907,0,-1,1,6.981258786159744e-16,0.0,0.0,0.0
n_3908,0,-1,2,1.1440342505389433e-15,0.0,0.0,0.0
n_3909,0,-1,1,9.009934987964908e-16,0.0,0.0,0.0
n_391,0,-1,1,7.1291417390252805e-16,0.0,0.0,0.0
n_3913,0,-1,1,7.569142003201591e-16,0.0,0.0,0.0
n_3933,0,-1,1,7.356431383717947e-16,0.0,0.0,0.0
n_3934,0,-1,1,8.288195683664055e-16,0.0,0.0,0.0
n_3935,0,-1,1,7.356431383717947e-16,0.0,0.0,0.0
n_3937,0,-1,2,1.4776012250027255e-15,0.0,0.0,0.0
n_3941,0,-1,1,8.505696803860015e-16,0.0,0.0,0.0
n_3947,0,-1,1,7.174592997579354e-16,0.0,0.0,0.0
n_3948,0,-1,1,6.211186193701786e-16,0.0,0.0,0.0
n_3955,0,-1,1,8.674864635898867e-16,0.0,0.0,0.0
n_3956,0,-1,1,7.648703807937188e-16,0.0,0.0,0.0
n_3959,0,-1,1,8.532134290330597e-16,0.0,0.0,0.0
n_396,0,-1,3,2.3041356572961165e-15,0.0,0.0,0.0
n_3985,0,-1,1,7.972097281429735e-16,0.0,0.0,0.0
n_399,0,-1,2,1.147360337164574e-15,0.0,0.0,0.0
n_3991,0,-1,1,1.2825974057649589e-15,0.0,0.0,0.0
n_3993,0,-1,1,7.147242303712513e-16,0.0,0.0,0.0
n_3996,0,-1,3,1.9845884545379323e-15,0.0,0.0,0.0
n_3999,0,-1,2,1.1786784274772362e-15,0.0,0.0,0.0
n_4,0,-1,1,7.039212780410883e-16,0.0,0.0,0.0
n_40,0,-1,1,6.314849262160319e-16,0.0,0.0,0.0
n_4003,0,-1,1,6.114519087991981e-16,0.0,0.0,0.0
n_401,0,-1,1,6.398257125872042e-16,0.0,0.0,0.0
n_402,0,-1,2,1.6387293379435956e-15,0.0,0.0,0.0
n_4024,0,-1,2,4.557135935566491e-15,0.0,0.0,0.0
n_4027,0,-1,4,2.444090275896234e-15,0.0,0.0,0.0
n_4028,0,-1,4,2.9159752954269202e-15,0.0,0.0,0.0
n_40286,0,-1,1,1.1200580300548446e-15,0.0,0.0,0.0
n_40287,0,-1,3,3.982317354703094e-15,0.0,0.0,0.0
n_40371,0,-1,1,8.344957479041934e-16,0.0,0.0,0.0
n_40372,0,-1,1,6.682363623084159e-16,0.0,0.0,0.0
n_40379,0,-1,1,7.32546915312225e-16,0.0,0.0,0.0
n_4040,0,-1,2,1.5153589891760068e-15,0.0,0.0,0.0
n_40416,0,-1,4,4.984045623180342e-15,0.0,0.0,0.0
n_40417,0,-1,7,3.78778988561904e-15,0.0,0.0,0.0
n_40418,0,-1,2,1.289193992479057e-15,0.0,0.0,0.0
n_40419,0,-1,3,2.0846283395645855e-15,0.0,0.0,0.0
n_4042,0,-1,2,1.6300536029813435e-15,0.0,0.0,0.0
n_40420,0,-1,2,1.4488543032014538e-15,0.0,0.0,0.0
n_40421,0,-1,1,5.666409012741302e-16,0.0,0.0,0.0
n_4048,0,-1,1,6.631660760257109e-16,0.0,0.0,0.0
n_4070,0,-1,1,8.030672786105923e-16,0.0,0.0,0.0
n_40712,0,-1,4,3.241480739694328e-15,0.0,0.0,0.0
n_4075,0,-1,9,9.962928580547169e-15,0.0,0.0,0.0
n_4077,0,-1,1,8.050949696072006e-16,0.0,0.0,0.0
n_4078,0,-1,1,7.609994402247666e-16,0.0,0.0,0.0
n_4081,0,-1,1,7.741848844773191e-16,0.0,0.0,0.0
n_4082,0,-1,1,6.524963725660629e-16,0.0,0.0,0.0
n_40824,0,-1,1,7.2813853233824e-16,0.0,0.0,0.0
n_4083,0,-1,1,7.612469856036017e-16,0.0,0.0,0.0
n_4084,0,-1,1,6.597464451989677e-16,0.0,0.0,0.0
n_4086,0,-1,1,5.658224027492865e-16,0.0,0.0,0.0
n_4087,0,-1,1,7.249967812577554e-16,0.0,0.0,0.0
n_40900,0,-1,1,5.978616357374172e-16,0.0,0.0,0.0
n_40902,0,-1,3,3.0345277207905266e-15,0.0,0.0,0.0
n_40904,0,-1,1,6.935500478162291e-16,0.0,0.0,0.0
n_40905,0,-1,1,8.634171584925995e-16,0.0,0.0,0.0
n_4092,0,-1,1,6.776610332147185e-16,0.0,0.0,0.0
n_40954,0,-1,1,1.1925584387465372e-15,0.0,0.0,0.0
n_40955,0,-1,1,1.1002108834303739e-15,0.0,0.0,0.0
n_40956,0,-1,4,2.9384805373189934e-15,0.0,0.0,0.0
n_40978,0,-1,4,3.5404475829330746e-15,0.0,0.0,0.0
n_4098,0,-1,1,7.787059757728481e-16,0.0,0.0,0.0
n_40982,0,-1,1,7.904792572836501e-16,0.0,0.0,0.0
n_40983,0,-1,1,9.009934987964908e-16,0.0,0.0,0.0
n_40985,0,-1,1,7.404764671875054e-16,0.0,0.0,0.0
n_40986,0,-1,1,8.094861472244445e-16,0.0,0.0,0.0
n_40987,0,-1,1,8.167361669177901e-16,0.0,0.0,0.0
n_40988,0,-1,1,7.665395121558426e-16,0.0,0.0,0.0
n_40989,0,-1,1,7.869470240144812e-16,0.0,0.0,0.0
n_40990,0,-1,1,6.803859911455948e-16,0.0,0.0,0.0
n_40992,0,-1,1,8.169632246872135e-16,0.0,0.0,0.0
n_40993,0,-1,1,8.2421329732011825e-16,0.0,0.0,0.0
n_40994,0,-1,1,7.608077460808911e-16,0.0,0.0,0.0
n_41,0,-1,1,7.038215399115492e-16,0.0,0.0,0.0
n_41034,0,-1,1,1.157382430996487e-15,0.0,0.0,0.0
n_4114,0,-1,2,1.1411616441774487e-15,0.0,0.0,0.0
n_41152,0,-1,24,1.9565568308847932e-14,0.0,0.0,0.0
n_41154,0,-1,1,7.053431816617323e-16,0.0,0.0,0.0
n_4116,0,-1,2,1.1172971261632692e-15,0.0,0.0,0.0
n_4117,0,-1,2,1.077851437084347e-15,0.0,0.0,0.0
n_4119,0,-1,2,1.0946496886151758e-15,0.0,0.0,0.0
n_41248,0,-1,1,7.877251825952119e-16,0.0,0.0,0.0
n_41323,0,-1,1,5.552173914309851e-16,0.0,0.0,0.0
n_41375,0,-1,2,1.2446866462655797e-15,0.0,0.0,0.0
n_41376,0,-1,2,1.185198675346963e-15,0.0,0.0,0.0
n_41377,0,-1,2,1.2011857869516774e-15,0.0,0.0,0.0
n_41378,0,-1,1,5.936596641047663e-16,0.0,0.0,0.0
n_41379,0,-1,1,9.474639497443482e-16,0.0,0.0,0.0
n_41434,0,-1,3,2.0078742372909002e-15,0.0,0.0,0.0
n_41435,0,-1,1,6.673998643334431e-16,0.0,0.0,0.0
n_4146,0,-1,1,1.3156931005965525e-15,0.0,0.0,0.0
n_41491,0,-1,3,3.631940058488985e-15,0.0,0.0,0.0
n_41492,0,-1,2,1.3934660776266663e-15,0.0,0.0,0.0
n_415,0,-1,2,3.77004666295643e-15,0.0,0.0,0.0
n_4155,0,-1,1,6.125259995158757e-16,0.0,0.0,0.0
n_4156,0,-1,1,6.259520011254484e-16,0.0,0.0,0.0
n_41606,0,-1,1,1.1937902364100817e-15,0.0,0.0,0.0
n_41608,0,-1,2,1.2313424892145355e-15,0.0,0.0,0.0
n_41609,0,-1,1,7.609127781663507e-16,0.0,0.0,0.0
n_4161,0,-1,1,7.611919284620302e-16,0.0,0.0,0.0
n_41610,0,-1,2,1.3416577309243306e-15,0.0,0.0,0.0
n_41611,0,-1,1,6.835385418961569e-16,0.0,0.0,0.0
n_41612,0,-1,1,7.306497732686122e-16,0.0,0.0,0.0
n_4162,0,-1,1,7.56032068445153e-16,0.0,0.0,0.0
n_41636,0,-1,1,1.2171281116893059e-15,0.0,0.0,0.0
n_41637,0,-1,3,3.0894673365406246e-15,0.0,0.0,0.0
n_417,0,-1,3,2.410633956787347e-15,0.0,0.0,0.0
n_41758,0,-1,1,7.236682630195463e-16,0.0,0.0,0.0
n_41759,0,-1,1,6.497571209542017e-16,0.0,0.0,0.0
n_41761,0,-1,1,7.449153962871507e-16,0.0,0.0,0.0
n_41767,0,-1,2,1.6698350347447337e-15,0.0,0.0,0.0
n_41768,0,-1,1,5.509666095247486e-16,0.0,0.0,0.0
n_41769,0,-1,1,7.142195575533653e-16,0.0,0.0,0.0
n_4177,0,-1,1,6.936190280618711e-16,0.0,0.0,0.0
n_4179,0,-1,1,7.700038769101127e-16,0.0,0.0,0.0
n_4180,0,-1,1,8.252610241363126e-16,0.0,0.0,0.0
n_4186,0,-1,1,7.766825728805352e-16,0.0,0.0,0.0
n_419,0,-1,2,1.1601921451616479e-15,0.0,0.0,0.0
n_41910,0,-1,2,1.8869905654982132e-15,0.0,0.0,0.0
n_42,0,-1,1,1.0208890007770872e-15,0.0,0.0,0.0
n_4202,0,-1,1,8.13161687880377e-16,0.0,0.0,0.0
n_42030,0,-1,1,7.446260815961042e-16,0.0,0.0,0.0
n_42031,0,-1,2,2.1762129299535094e-15,0.0,0.0,0.0
n_4207,0,-1,1,6.836257862897241e-16,0.0,0.0,0.0
n_4208,0,-1,1,8.403835268601173e-16,0.0,0.0,0.0
n_4224,0,-1,1,6.525279774829073e-16,0.0,0.0,0.0
n_42248,0,-1,6,4.929707612581031e-15,0.0,0.0,0.0
n_42249,0,-1,4,3.751353492843475e-15,0.0,0.0,0.0
n_4225,0,-1,3,2.029087330421937e-15,0.0,0.0,0.0
n_42251,0,-1,1,7.689717672638833e-16,0.0,0.0,0.0
n_42252,0,-1,1,6.919645080180874e-16,0.0,0.0,0.0
n_42253,0,-1,6,4.0385946472351435e-15,0.0,0.0,0.0
n_42254,0,-1,1,7.377471682127744e-16,0.0,0.0,0.0
n_42255,0,-1,1,8.586337516812176e-16,0.0,0.0,0.0
n_42256,0,-1,1,8.609161878367127e-16,0.0,0.0,0.0
n_42257,0,-1,1,8.468768814337687e-16,0.0,0.0,0.0
n_42258,0,-1,1,8.325110438296582e-16,0.0,0.0,0.0
n_42260,0,-1,1,8.314633170134638e-16,0.0,0.0,0.0
n_42261,0,-1,1,7.114928526170353e-16,0.0,0.0,0.0
n_42262,0,-1,1,7.836667301075614e-16,0.0,0.0,0.0
n_42263,0,-1,1,8.682505402478693e-16,0.0,0.0,0.0
n_42264,0,-1,1,7.401665060683695e-16,0.0,0.0,0.0
n_423,0,-1,4,5.406246654640406e-15,0.0,0.0,0.0
n_4230,0,-1,1,7.402835554337682e-16,0.0,0.0,0.0
n_4232,0,-1,1,7.466979771246474e-16,0.0,0.0,0.0
n_425,0,-1,8,5.836753267664772e-15,0.0,0.0,0.0
n_4253,0,-1,2,1.2147628780632166e-15,0.0,0.0,0.0
n_4254,0,-1,1,9.211409186007631e-16,0.0,0.0,0.0
n_4258,0,-1,1,7.236841978268665e-16,0.0,0.0,0.0
n_4261,0,-1,3,1.820853809460124e-15,0.0,0.0,0.0
n_42613,0,-1,2,1.4732544636756532e-15,0.0,0.0,0.0
n_42615,0,-1,2,1.1142916415081742e-15,0.0,0.0,0.0
n_42616,0,-1,1,5.512960524016713e-16,0.0,0.0,0.0
n_42617,0,-1,1,6.63429767970103e-16,0.0,0.0,0.0
n_42618,0,-1,1,8.291274648427325e-16,0.0,0.0,0.0
n_42619,0,-1,1,5.408208488825365e-16,0.0,0.0,0.0
n_42620,0,-1,1,6.553500795049218e-16,0.0,0.0,0.0
n_42621,0,-1,5,4.427049462560123e-15,0.0,0.0,0.0
n_427,0,-1,2,1.9363005885226223e-15,0.0,0.0,0.0
n_42722,0,-1,6,4.250215664711263e-15,0.0,0.0,0.0
n_42723,0,-1,1,7.654302695718539e-16,0.0,0.0,0.0
n_42724,0,-1,1,6.725803707784096e-16,0.0,0.0,0.0
n_42725,0,-1,1,8.100045843277234e-16,0.0,0.0,0.0
n_42726,0,-1,1,6.532468966968894e-16,0.0,0.0,0.0
n_42727,0,-1,1,7.899236036702513e-16,0.0,0.0,0.0
n_42728,0,-1,1,7.203769047447529e-16,0.0,0.0,0.0
n_42729,0,-1,11,6.885125522964946e-15,0.0,0.0,0.0
n_42730,0,-1,1,7.375041756360308e-16,0.0,0.0,0.0
n_42731,0,-1,1,6.822470813493901e-16,0.0,0.0,0.0
n_42732,0,-1,1,8.231040547361295e-16,0.0,0.0,0.0
n_42733,0,-1,1,7.388467757969881e-16,0.0,0.0,0.0
n_42734,0,-1,1,7.198398858561936e-16,0.0,0.0,0.0
n_42735,0,-1,1,7.447541953293764e-16,0.0,0.0,0.0
n_42736,0,-1,1,6.817723723220133e-16,0.0,0.0,0.0
n_42737,0,-1,1,7.246732146719043e-16,0.0,0.0,0.0
n_42738,0,-1,1,7.826735310373465e-16,0.0,0.0,0.0
n_42739,0,-1,1,7.778401492820766e-16,0.0,0.0,0.0
n_42740,0,-1,1,7.581802498785083e-16,0.0,0.0,0.0
n_4276,0,-1,2,2.3885526548853746e-15,0.0,0.0,0.0
n_42779,0,-1,2,1.4670772641495644e-15,0.0,0.0,0.0
n_42799,0,-1,2,1.2299870247406918e-15,0.0,0.0,0.0
n_4280,0,-1,3,3.130875600958335e-15,0.0,0.0,0.0
n_42801,0,-1,1,9.32963910357657e-16,0.0,0.0,0.0
n_43,0,-1,1,7.256073331940482e-16,0.0,0.0,0.0
n_43020,0,-1,16,1.4109257348343587e-14,0.0,0.0,0.0
n_43028,0,-1,16,1.4454447838305184e-14,0.0,0.0,0.0
n_43075,0,-1,1,6.320115160114281e-16,0.0,0.0,0.0
n_43077,0,-1,2,2.3066371573475953e-15,0.0,0.0,0.0
n_43078,0,-1,1,7.086962674625569e-16,0.0,0.0,0.0
n_43082,0,-1,7,1.1192927993144714e-14,0.0,0.0,0.0
n_43083,0,-1,3,2.1444019723446638e-15,0.0,0.0,0.0
n_43084,0,-1,1,7.49230923274293e-16,0.0,0.0,0.0
n_43085,0,-1,4,3.899178106314769e-15,0.0,0.0,0.0
n_43086,0,-1,1,9.981480719674406e-16,0.0,0.0,0.0
n_43087,0,-1,9,6.524665570063195e-15,0.0,0.0,0.0
n_43088,0,-1,8,5.4847293394012005e-15,0.0,0.0,0.0
n_43089,0,-1,1,6.189442857945768e-16,0.0,0.0,0.0
n_43090,0,-1,3,2.5836359893410647e-15,0.0,0.0,0.0
n_43091,0,-1,1,8.053406091619044e-16,0.0,0.0,0.0
n_43092,0,-1,1,8.722203189738542e-16,0.0,0.0,0.0
n_43094,0,-1,1,6.969928132303442e-16,0.0,0.0,0.0
n_43095,0,-1,1,7.474165257617151e-16,0.0,0.0,0.0
n_43096,0,-1,1,8.449473403799234e-16,0.0,0.0,0.0
n_43097,0,-1,1,8.192342258979207e-16,0.0,0.0,0.0
n_43098,0,-1,1,6.584941599260114e-16,0.0,0.0,0.0
n_43099,0,-1,1,1.1773370449261406e-15,0.0,0.0,0.0
n_431,0,-1,2,1.2727537182475614e-15,0.0,0.0,0.0
n_43100,0,-1,4,3.5463533083995684e-15,0.0,0.0,0.0
n_4312,0,-1,1,7.208507667391824e-16,0.0,0.0,0.0
n_4316,0,-1,4,2.8916999664333224e-15,0.0,0.0,0.0
n_43169,0,-1,1,6.591334580429516e-16,0.0,0.0,0.0
n_43170,0,-1,1,6.6176180127828165e-16,0.0,0.0,0.0
n_43171,0,-1,1,2.3110681984529194e-15,0.0,0.0,0.0
n_43172,0,-1,1,3.3145261082084604e-15,0.0,0.0,0.0
n_4318,0,-1,5,3.482028355835656e-15,0.0,0.0,0.0
n_432,0,-1,3,3.784436058664386e-15,0.0,0.0,0.0
n_4320,0,-1,4,2.6805969096044486e-15,0.0,0.0,0.0
n_43201,0,-1,2,1.4294073796445607e-15,0.0,0.0,0.0
n_43202,0,-1,1,7.059950264542037e-16,0.0,0.0,0.0
n_43203,0,-1,1,6.313321955877301e-16,0.0,0.0,0.0
n_43204,0,-1,1,7.564673904404825e-16,0.0,0.0,0.0
n_43205,0,-1,2,1.3150127213816705e-15,0.0,0.0,0.0
n_43206,0,-1,1,7.508878255982408e-16,0.0,0.0,0.0
n_4324,0,-1,2,1.3925202594619384e-15,0.0,0.0,0.0
n_43281,0,-1,1,9.382742775413495e-16,0.0,0.0,0.0
n_43282,0,-1,1,7.836667301075614e-16,0.0,0.0,0.0
n_43290,0,-1,1,6.364212754139524e-16,0.0,0.0,0.0
n_43291,0,-1,1,8.537505008611782e-16,0.0,0.0,0.0
n_43305,0,-1,2,2.2677236167177855e-15,0.0,0.0,0.0
n_43306,0,-1,1,1.8596388128401878e-15,0.0,0.0,0.0
n_43317,0,-1,11,9.122575335114916e-15,0.0,0.0,0.0
n_43318,0,-1,10,7.838537761581388e-15,0.0,0.0,0.0
n_43319,0,-1,1,5.736948857797456e-16,0.0,0.0,0.0
n_4332,0,-1,2,1.4940889330792672e-15,0.0,0.0,0.0
n_43320,0,-1,3,3.9210480734964016e-15,0.0,0.0,0.0
n_4339,0,-1,4,4.073153591483119e-15,0.0,0.0,0.0
n_43394,0,-1,1,6.139491736859405e-16,0.0,0.0,0.0
n_43395,0,-1,2,1.3661243834848895e-15,0.0,0.0,0.0
n_434,0,-1,2,2.5802010589817117e-15,0.0,0.0,0.0
n_4340,0,-1,1,8.030781312202289e-16,0.0,0.0,0.0
n_4341,0,-1,4,3.54281906342715e-15,0.0,0.0,0.0
n_4342,0,-1,1,5.792484043588592e-16,0.0,0.0,0.0
n_4343,0,-1,3,2.1720533629077804e-15,0.0,0.0,0.0
n_4345,0,-1,2,1.459567787676563e-15,0.0,0.0,0.0
n_4346,0,-1,2,1.4124838731166566e-15,0.0,0.0,0.0
n_43467,0,-1,1,7.369208875727278e-16,0.0,0.0,0.0
n_43468,0,-1,4,2.589342450306717e-15,0.0,0.0,0.0
n_43469,0,-1,1,7.191685593059354e-16,0.0,0.0,0.0
n_4347,0,-1,1,7.563890928324207e-16,0.0,0.0,0.0
n_435,0,-1,2,1.7008281820430054e-15,0.0,0.0,0.0
n_4350,0,-1,2,1.6133717126016437e-15,0.0,0.0,0.0
n_4353,0,-1,2,1.5732724317247962e-15,0.0,0.0,0.0
n_43530,0,-1,2,2.7317109010482725e-15,0.0,0.0,0.0
n_43531,0,-1,2,2.213504826005801e-15,0.0,0.0,0.0
n_43533,0,-1,1,7.283931186784492e-16,0.0,0.0,0.0
n_43534,0,-1,3,6.683325428995766e-15,0.0,0.0,0.0
n_43535,0,-1,8,7.702282347620167e-15,0.0,0.0,0.0
n_43536,0,-1,9,7.729827859064876e-15,0.0,0.0,0.0
n_43537,0,-1,16,1.384774863137303e-14,0.0,0.0,0.0
n_4355,0,-1,2,1.5602047250519121e-15,0.0,0.0,0.0
n_4356,0,-1,1,6.918345943398023e-16,0.0,0.0,0.0
n_4357,0,-1,2,1.4464101896321515e-15,0.0,0.0,0.0
n_4359,0,-1,1,7.170754879537108e-16,0.0,0.0,0.0
n_43604,0,-1,2,1.8645276752535028e-15,0.0,0.0,0.0
n_43605,0,-1,1,8.251189872989699e-16,0.0,0.0,0.0
n_43606,0,-1,1,7.417983679808141e-16,0.0,0.0,0.0
n_43607,0,-1,1,9.211324482712906e-16,0.0,0.0,0.0
n_4361,0,-1,1,6.362509159124358e-16,0.0,0.0,0.0
n_4362,0,-1,4,2.836891429031812e-15,0.0,0.0,0.0
n_4363,0,-1,1,7.782788594091952e-16,0.0,0.0,0.0
n_4364,0,-1,1,6.300749869357679e-16,0.0,0.0,0.0
n_4366,0,-1,1,6.283050057133617e-16,0.0,0.0,0.0
n_43665,0,-1,1,5.608309964097945e-16,0.0,0.0,0.0
n_43666,0,-1,1,7.193490302632598e-16,0.0,0.0,0.0
n_43667,0,-1,1,6.398774345365459e-16,0.0,0.0,0.0
n_4369,0,-1,1,9.59106523483477e-16,0.0,0.0,0.0
n_4371,0,-1,1,7.599226495905696e-16,0.0,0.0,0.0
n_4372,0,-1,1,6.514223347889444e-16,0.0,0.0,0.0
n_43720,0,-1,1,6.163045076144587e-16,0.0,0.0,0.0
n_43721,0,-1,1,6.700405424860676e-16,0.0,0.0,0.0
n_4373,0,-1,1,6.065548936937657e-16,0.0,0.0,0.0
n_4374,0,-1,1,7.21506052603002e-16,0.0,0.0,0.0
n_4375,0,-1,1,7.045892693991168e-16,0.0,0.0,0.0
n_43760,0,-1,1,1.048114333767735e-15,0.0,0.0,0.0
n_43761,0,-1,1,7.637962900770411e-16,0.0,0.0,0.0
n_4377,0,-1,2,1.3998384123679788e-15,0.0,0.0,0.0
n_4379,0,-1,1,6.718052826921127e-16,0.0,0.0,0.0
n_4381,0,-1,2,1.4382634267454597e-15,0.0,0.0,0.0
n_4383,0,-1,1,6.265646706441093e-16,0.0,0.0,0.0
n_4384,0,-1,1,7.550130348700469e-16,0.0,0.0,0.0
n_4390,0,-1,4,2.5516823066806067e-15,0.0,0.0,0.0
n_4392,0,-1,1,7.603387015863491e-16,0.0,0.0,0.0
n_44,0,-1,1,7.283931186784492e-16,0.0,0.0,0.0
n_4401,0,-1,1,8.413939312870732e-16,0.0,0.0,0.0
n_4404,0,-1,1,7.035486364838557e-16,0.0,0.0,0.0
n_4405,0,-1,4,4.325538916578799e-15,0.0,0.0,0.0
n_4407,0,-1,1,5.544103278509293e-16,0.0,0.0,0.0
n_4408,0,-1,1,5.599149832168982e-16,0.0,0.0,0.0
n_4409,0,-1,1,7.834181788771014e-16,0.0,0.0,0.0
n_4410,0,-1,1,6.130819707666298e-16,0.0,0.0,0.0
n_4413,0,-1,1,5.906604792572164e-16,0.0,0.0,0.0
n_4415,0,-1,1,6.676677914425715e-16,0.0,0.0,0.0
n_4416,0,-1,2,1.6285612368073998e-15,0.0,0.0,0.0
n_4418,0,-1,1,7.785085112170195e-16,0.0,0.0,0.0
n_442,0,-1,1,7.181683722139057e-16,0.0,0.0,0.0
n_4422,0,-1,2,1.3916004875603387e-15,0.0,0.0,0.0
n_4423,0,-1,1,7.684724942810361e-16,0.0,0.0,0.0
n_4424,0,-1,2,1.2751524096750672e-15,0.0,0.0,0.0
n_4425,0,-1,1,6.4006822870791495e-16,0.0,0.0,0.0
n_4426,0,-1,2,1.4439905341392012e-15,0.0,0.0,0.0
n_4427,0,-1,1,6.849110529080641e-16,0.0,0.0,0.0
n_4428,0,-1,2,1.4906580261264137e-15,0.0,0.0,0.0
n_443,0,-1,1,1.1333851405678254e-15,0.0,0.0,0.0
n_4430,0,-1,1,6.241675144638204e-16,0.0,0.0,0.0
n_4434,0,-1,1,6.534941773779284e-16,0.0,0.0,0.0
n_4438,0,-1,1,6.435009356057814e-16,0.0,0.0,0.0
n_4439,0,-1,1,7.463601697973706e-16,0.0,0.0,0.0
n_4441,0,-1,1,7.40168200134264e-16,0.0,0.0,0.0
n_4443,0,-1,1,6.751663094268178e-16,0.0,0.0,0.0
n_44440,0,-1,1,7.069694849204606e-16,0.0,0.0,0.0
n_44447,0,-1,1,7.867199133054987e-16,0.0,0.0,0.0
n_4445,0,-1,1,6.74917811135917e-16,0.0,0.0,0.0
n_44452,0,-1,1,8.433196606926559e-16,0.0,0.0,0.0
n_44456,0,-1,1,7.694766518400061e-16,0.0,0.0,0.0
n_4448,0,-1,4,4.017111350593933e-15,0.0,0.0,0.0
n_445,0,-1,1,8.907687523319473e-16,0.0,0.0,0.0
n_4450,0,-1,1,5.820679123424728e-16,0.0,0.0,0.0
n_4451,0,-1,1,1.0830431137763053e-15,0.0,0.0,0.0
n_4453,0,-1,1,6.507510082386862e-16,0.0,0.0,0.0
n_44556,0,-1,1,8.677135213593101e-16,0.0,0.0,0.0
n_4456,0,-1,1,6.361174552836841e-16,0.0,0.0,0.0
n_4457,0,-1,1,6.485903860089181e-16,0.0,0.0,0.0
n_4460,0,-1,1,6.89015933389136e-16,0.0,0.0,0.0
n_4461,0,-1,1,7.759003908933051e-16,0.0,0.0,0.0
n_4462,0,-1,1,6.38534146161319e-16,0.0,0.0,0.0
n_4464,0,-1,1,7.451365777655025e-16,0.0,0.0,0.0
n_4470,0,-1,1,7.202960130982901e-16,0.0,0.0,0.0
n_4471,0,-1,1,7.258661017594344e-16,0.0,0.0,0.0
n_4472,0,-1,1,7.202960130982901e-16,0.0,0.0,0.0
n_4473,0,-1,1,8.915538459949336e-16,0.0,0.0,0.0
n_4474,0,-1,1,7.589629083217713e-16,0.0,0.0,0.0
n_4475,0,-1,1,7.262034855702376e-16,0.0,0.0,0.0
n_4481,0,-1,1,8.580468107883296e-16,0.0,0.0,0.0
n_4483,0,-1,1,7.782963294637323e-16,0.0,0.0,0.0
n_4484,0,-1,1,7.376180486278773e-16,0.0,0.0,0.0
n_4485,0,-1,16,1.0976664388084693e-14,0.0,0.0,0.0
n_4486,0,-1,1,7.421248991819806e-16,0.0,0.0,0.0
n_44864,0,-1,1,7.759791120178405e-16,0.0,0.0,0.0
n_4487,0,-1,1,7.68209596430032e-16,0.0,0.0,0.0
n_4488,0,-1,1,9.012206095054733e-16,0.0,0.0,0.0
n_4489,0,-1,1,7.734630006480216e-16,0.0,0.0,0.0
n_4495,0,-1,1,7.03784535159666e-16,0.0,0.0,0.0
n_4496,0,-1,2,1.1093000763500046e-15,0.0,0.0,0.0
n_4498,0,-1,1,7.589629083217713e-16,0.0,0.0,0.0
n_450,0,-1,1,6.644869180278355e-16,0.0,0.0,0.0
n_4500,0,-1,1,6.926965033031928e-16,0.0,0.0,0.0
n_4502,0,-1,1,8.387133367068094e-16,0.0,0.0,0.0
n_4505,0,-1,1,8.406738474027887e-16,0.0,0.0,0.0
n_451,0,-1,1,9.529504997810695e-16,0.0,0.0,0.0
n_4513,0,-1,7,5.327517906808434e-15,0.0,0.0,0.0
n_4514,0,-1,2,1.3637620085949972e-15,0.0,0.0,0.0
n_4515,0,-1,3,3.0959863138609305e-15,0.0,0.0,0.0
n_4516,0,-1,1,8.07296514116233e-16,0.0,0.0,0.0
n_452,0,-1,1,9.994842664417343e-16,0.0,0.0,0.0
n_4524,0,-1,16,1.0480006619462134e-14,0.0,0.0,0.0
n_4525,0,-1,1,7.950232714083142e-16,0.0,0.0,0.0
n_4527,0,-1,2,1.2894371968140373e-15,0.0,0.0,0.0
n_4533,0,-1,1,6.718689160422752e-16,0.0,0.0,0.0
n_45330,0,-1,32,2.522951330274567e-14,0.0,0.0,0.0
n_4534,0,-1,1,7.416261555947255e-16,0.0,0.0,0.0
n_4535,0,-1,1,6.863690083685255e-16,0.0,0.0,0.0
n_4536,0,-1,1,6.463595129840871e-16,0.0,0.0,0.0
n_4537,0,-1,1,6.718689160422752e-16,0.0,0.0,0.0
n_45388,0,-1,1,7.867199133054987e-16,0.0,0.0,0.0
n_454,0,-1,1,7.314175027561798e-16,0.0,0.0,0.0
n_4540,0,-1,4,3.715314358520173e-15,0.0,0.0,0.0
n_4541,0,-1,1,5.906605321967756e-16,0.0,0.0,0.0
n_4542,0,-1,3,2.6910154148556764e-15,0.0,0.0,0.0
n_4544,0,-1,1,7.222851640957984e-16,0.0,0.0,0.0
n_4546,0,-1,1,6.42805098039612e-16,0.0,0.0,0.0
n_4548,0,-1,9,7.670348358475732e-15,0.0,0.0,0.0
n_4549,0,-1,1,6.527983927513182e-16,0.0,0.0,0.0
n_455,0,-1,2,1.3773141122345924e-15,0.0,0.0,0.0
n_45569,0,-1,1,8.314633170134638e-16,0.0,0.0,0.0
n_4557,0,-1,1,7.177221976089395e-16,0.0,0.0,0.0
n_456,0,-1,1,6.57097402595989e-16,0.0,0.0,0.0
n_45607,0,-1,1,8.159471557274227e-16,0.0,0.0,0.0
n_4562,0,-1,1,6.33464918669798e-16,0.0,0.0,0.0
n_45624,0,-1,4,3.01986854508887e-15,0.0,0.0,0.0
n_45625,0,-1,15,1.217248517422758e-14,0.0,0.0,0.0
n_45627,0,-1,1,8.507967381554248e-16,0.0,0.0,0.0
n_4568,0,-1,2,1.4337474705871734e-15,0.0,0.0,0.0
n_4572,0,-1,1,9.014144741712761e-16,0.0,0.0,0.0
n_4573,0,-1,1,7.046472911560037e-16,0.0,0.0,0.0
n_4574,0,-1,1,6.918100303843319e-16,0.0,0.0,0.0
n_4578,0,-1,1,7.494719041477868e-16,0.0,0.0,0.0
n_4579,0,-1,1,6.736813547911626e-16,0.0,0.0,0.0
n_4588,0,-1,1,8.2421329732011825e-16,0.0,0.0,0.0
n_459,0,-1,1,6.407172677037486e-16,0.0,0.0,0.0
n_4591,0,-1,1,8.411528974740202e-16,0.0,0.0,0.0
n_4592,0,-1,1,7.662129809546761e-16,0.0,0.0,0.0
n_4593,0,-1,1,7.57620308160814e-16,0.0,0.0,0.0
n_4594,0,-1,1,8.169632246872135e-16,0.0,0.0,0.0
n_4595,0,-1,1,7.87963092974272e-16,0.0,0.0,0.0
n_4596,0,-1,1,9.157206488921645e-16,0.0,0.0,0.0
n_4597,0,-1,1,8.677135213593101e-16,0.0,0.0,0.0
n_4598,0,-1,1,8.169632246872135e-16,0.0,0.0,0.0
n_4599,0,-1,1,7.866204928133147e-16,0.0,0.0,0.0
n_46,0,-1,2,8.599088009646314e-16,0.0,0.0,0.0
n_460,0,-1,1,8.413430034311196e-16,0.0,0.0,0.0
n_4600,0,-1,1,6.867890308312453e-16,0.0,0.0,0.0
n_4603,0,-1,1,7.589629083217713e-16,0.0,0.0,0.0
n_4604,0,-1,1,7.724469316882309e-16,0.0,0.0,0.0
n_461,0,-1,1,8.443633111627916e-16,0.0,0.0,0.0
n_46110,0,-1,1,5.378515219463774e-16,0.0,0.0,0.0
n_46111,0,-1,1,1.248986820780553e-15,0.0,0.0,0.0
n_4614,0,-1,1,6.38534146161319e-16,0.0,0.0,0.0
n_46163,0,-1,1,7.160805948176014e-16,0.0,0.0,0.0
n_4617,0,-1,1,7.472847591988578e-16,0.0,0.0,0.0
n_46182,0,-1,8,6.053890163693412e-15,0.0,0.0,0.0
n_46183,0,-1,2,1.3366621423596616e-15,0.0,0.0,0.0
n_46184,0,-1,5,3.486820444734747e-15,0.0,0.0,0.0
n_46185,0,-1,1,1.2815522729871655e-15,0.0,0.0,0.0
n_46186,0,-1,1,5.954449977993415e-16,0.0,0.0,0.0
n_46187,0,-1,1,7.62158816571321e-16,0.0,0.0,0.0
n_46188,0,-1,1,8.169632246872135e-16,0.0,0.0,0.0
n_46189,0,-1,1,7.695430909868063e-16,0.0,0.0,0.0
n_46190,0,-1,1,8.782937040243452e-16,0.0,0.0,0.0
n_46191,0,-1,1,7.431202687741229e-16,0.0,0.0,0.0
n_46192,0,-1,2,1.0838183606812798e-15,0.0,0.0,0.0
n_462,0,-1,1,9.722154171334214e-16,0.0,0.0,0.0
n_46227,0,-1,5,3.4820048506713696e-15,0.0,0.0,0.0
n_46228,0,-1,4,3.3167078533223506e-15,0.0,0.0,0.0
n_46229,0,-1,1,9.314540741291763e-16,0.0,0.0,0.0
n_46230,0,-1,2,1.3913788825655133e-15,0.0,0.0,0.0
n_46231,0,-1,1,6.773566836888582e-16,0.0,0.0,0.0
n_46232,0,-1,2,2.2985145348999e-15,0.0,0.0,0.0
n_46233,0,-1,4,2.700393975405913e-15,0.0,0.0,0.0
n_46234,0,-1,29,1.9491978086390478e-14,0.0,0.0,0.0
n_46235,0,-1,1,1.1255102752572022e-15,0.0,0.0,0.0
n_46236,0,-1,1,7.473693036749056e-16,0.0,0.0,0.0
n_46237,0,-1,1,7.763694353878471e-16,0.0,0.0,0.0
n_46238,0,-1,1,8.375340550859946e-16,0.0,0.0,0.0
n_46239,0,-1,1,7.822769078597947e-16,0.0,0.0,0.0
n_4624,0,-1,1,6.114519087991981e-16,0.0,0.0,0.0
n_46240,0,-1,1,6.026950174926871e-16,0.0,0.0,0.0
n_46241,0,-1,1,6.883529183496727e-16,0.0,0.0,0.0
n_46242,0,-1,1,6.461952415318789e-16,0.0,0.0,0.0
n_46243,0,-1,1,7.232025007776748e-16,0.0,0.0,0.0
n_46244,0,-1,1,6.472693322485566e-16,0.0,0.0,0.0
n_46245,0,-1,1,6.413619127161683e-16,0.0,0.0,0.0
n_46246,0,-1,1,5.906116160440717e-16,0.0,0.0,0.0
n_46247,0,-1,1,5.868523250054795e-16,0.0,0.0,0.0
n_46248,0,-1,1,8.126196926732526e-16,0.0,0.0,0.0
n_46249,0,-1,1,6.748688949832131e-16,0.0,0.0,0.0
n_46250,0,-1,1,6.026950174926871e-16,0.0,0.0,0.0
n_46251,0,-1,1,7.81202817143117e-16,0.0,0.0,0.0
n_46252,0,-1,1,8.788175409626627e-16,0.0,0.0,0.0
n_46253,0,-1,1,6.969455382039756e-16,0.0,0.0,0.0
n_46254,0,-1,1,7.401192839815601e-16,0.0,0.0,0.0
n_46255,0,-1,1,6.748688949832131e-16,0.0,0.0,0.0
n_46256,0,-1,1,7.146098279838128e-16,0.0,0.0,0.0
n_46257,0,-1,1,8.606267672665478e-16,0.0,0.0,0.0
n_46258,0,-1,1,5.736948857797456e-16,0.0,0.0,0.0
n_46259,0,-1,1,8.098764705944512e-16,0.0,0.0,0.0
n_46260,0,-1,1,7.88126305635296e-16,0.0,0.0,0.0
n_46261,0,-1,1,7.422093907184693e-16,0.0,0.0,0.0
n_46262,0,-1,1,6.171951098189374e-16,0.0,0.0,0.0
n_46263,0,-1,1,6.724522041055782e-16,0.0,0.0,0.0
n_46289,0,-1,1,8.2156954867306e-16,0.0,0.0,0.0
n_463,0,-1,1,7.457090132191688e-16,0.0,0.0,0.0
n_46334,0,-1,3,3.370747284807754e-15,0.0,0.0,0.0
n_46335,0,-1,1,6.688013332842345e-16,0.0,0.0,0.0
n_46336,0,-1,1,7.810849736843302e-16,0.0,0.0,0.0
n_464,0,-1,1,6.68643732216486e-16,0.0,0.0,0.0
n_4641,0,-1,1,7.845221275051698e-16,0.0,0.0,0.0
n_46422,0,-1,1,8.446208091787569e-16,0.0,0.0,0.0
n_4644,0,-1,1,8.99640893058844e-16,0.0,0.0,0.0
n_4645,0,-1,3,2.0199495389869575e-15,0.0,0.0,0.0
n_4646,0,-1,1,7.763902406346141e-16,0.0,0.0,0.0
n_46477,0,-1,32,2.7029104255889107e-14,0.0,0.0,0.0
n_46478,0,-1,32,2.582640386814862e-14,0.0,0.0,0.0
n_46479,0,-1,4,2.7046333753069206e-15,0.0,0.0,0.0
n_46480,0,-1,1,9.232972527262358e-16,0.0,0.0,0.0
n_46485,0,-1,1,1.1077287243537294e-15,0.0,0.0,0.0
n_46486,0,-1,1,7.089111491333634e-16,0.0,0.0,0.0
n_46558,0,-1,4,2.7749771322357853e-15,0.0,0.0,0.0
n_46559,0,-1,1,8.604634487264053e-16,0.0,0.0,0.0
n_4656,0,-1,1,8.532134290330597e-16,0.0,0.0,0.0
n_46562,0,-1,4,2.9742952079112733e-15,0.0,0.0,0.0
n_46563,0,-1,1,8.50796791094984e-16,0.0,0.0,0.0
n_46564,0,-1,1,1.5160365096546918e-15,0.0,0.0,0.0
n_46566,0,-1,1,6.548590121537511e-16,0.0,0.0,0.0
n_46567,0,-1,1,8.075650235605126e-16,0.0,0.0,0.0
n_4657,0,-1,1,8.2421329732011825e-16,0.0,0.0,0.0
n_4658,0,-1,1,7.697037096094294e-16,0.0,0.0,0.0
n_46587,0,-1,32,2.6840144757883828e-14,0.0,0.0,0.0
n_46588,0,-1,1,8.722203719134134e-16,0.0,0.0,0.0
n_4661,0,-1,4,3.041653808975777e-15,0.0,0.0,0.0
n_4662,0,-1,1,8.000464944228874e-16,0.0,0.0,0.0
n_4663,0,-1,4,3.753747631468889e-15,0.0,0.0,0.0
n_46638,0,-1,1,8.386029577258703e-16,0.0,0.0,0.0
n_46639,0,-1,1,8.193376697966041e-16,0.0,0.0,0.0
n_4664,0,-1,1,8.083706048329106e-16,0.0,0.0,0.0
n_46640,0,-1,1,7.976526204952691e-16,0.0,0.0,0.0
n_46642,0,-1,3,2.981212078958552e-15,0.0,0.0,0.0
n_46643,0,-1,1,6.688013332842345e-16,0.0,0.0,0.0
n_46644,0,-1,1,1.3560333623468938e-15,0.0,0.0,0.0
n_4665,0,-1,4,2.9447968620066687e-15,0.0,0.0,0.0
n_4667,0,-1,4,3.1838327360953845e-15,0.0,0.0,0.0
n_46697,0,-1,3,2.127317741315018e-15,0.0,0.0,0.0
n_46698,0,-1,2,1.3167883141973523e-15,0.0,0.0,0.0
n_467,0,-1,1,6.565004031868524e-16,0.0,0.0,0.0
n_4670,0,-1,1,7.697037096094294e-16,0.0,0.0,0.0
n_46700,0,-1,1,8.201591329367632e-16,0.0,0.0,0.0
n_46701,0,-1,1,6.871362614000603e-16,0.0,0.0,0.0
n_4671,0,-1,4,2.918176945815071e-15,0.0,0.0,0.0
n_4673,0,-1,4,2.8654711677051194e-15,0.0,0.0,0.0
n_4674,0,-1,1,6.806131018545773e-16,0.0,0.0,0.0
n_4675,0,-1,4,3.1725779975669798e-15,0.0,0.0,0.0
n_46750,0,-1,1,7.213701038149677e-16,0.0,0.0,0.0
n_468,0,-1,1,6.652711117183154e-16,0.0,0.0,0.0
n_4689,0,-1,4,3.535633047660881e-15,0.0,0.0,0.0
n_469,0,-1,1,7.453824820180023e-16,0.0,0.0,0.0
n_4691,0,-1,4,3.042307083136347e-15,0.0,0.0,0.0
n_4693,0,-1,4,3.0285112457661793e-15,0.0,0.0,0.0
n_4695,0,-1,4,3.1815122893363813e-15,0.0,0.0,0.0
n_47,0,-1,1,9.782523268276212e-16,0.0,0.0,0.0
n_4707,0,-1,1,7.472060380743224e-16,0.0,0.0,0.0
n_4710,0,-1,4,3.025692320117717e-15,0.0,0.0,0.0
n_4711,0,-1,1,7.810395515425337e-16,0.0,0.0,0.0
n_4712,0,-1,4,2.951101751749556e-15,0.0,0.0,0.0
n_47121,0,-1,1,7.734630006480216e-16,0.0,0.0,0.0
n_47127,0,-1,1,8.435467184620792e-16,0.0,0.0,0.0
n_4713,0,-1,1,7.882896241754385e-16,0.0,0.0,0.0
n_4715,0,-1,1,8.362966458291745e-16,0.0,0.0,0.0
n_47157,0,-1,1,7.796969513815765e-16,0.0,0.0,0.0
n_47164,0,-1,1,7.472060380743224e-16,0.0,0.0,0.0
n_4717,0,-1,1,8.677135213593101e-16,0.0,0.0,0.0
n_47184,0,-1,1,8.214700752413168e-16,0.0,0.0,0.0
n_4719,0,-1,1,8.435467184620792e-16,0.0,0.0,0.0
n_47192,0,-1,1,7.810395515425337e-16,0.0,0.0,0.0
n_4721,0,-1,1,7.503702884674684e-16,0.0,0.0,0.0
n_47217,0,-1,1,7.085391428508412e-16,0.0,0.0,0.0
n_47255,0,-1,1,8.492271331646034e-16,0.0,0.0,0.0
n_47261,0,-1,1,6.867890308312453e-16,0.0,0.0,0.0
n_47266,0,-1,1,7.834562424201687e-16,0.0,0.0,0.0
n_47287,0,-1,1,8.07296514116233e-16,0.0,0.0,0.0
n_47306,0,-1,1,6.777295370043277e-16,0.0,0.0,0.0
n_47322,0,-1,1,7.877360352048486e-16,0.0,0.0,0.0
n_47334,0,-1,1,6.793119533684763e-16,0.0,0.0,0.0
n_47340,0,-1,1,7.782963824032915e-16,0.0,0.0,0.0
n_47348,0,-1,1,8.145465867491378e-16,0.0,0.0,0.0
n_47357,0,-1,1,8.444805193468679e-16,0.0,0.0,0.0
n_47373,0,-1,1,8.097132049938679e-16,0.0,0.0,0.0
n_47390,0,-1,16,1.2432010987068615e-14,0.0,0.0,0.0
n_47391,0,-1,1,6.658859517589036e-16,0.0,0.0,0.0
n_47403,0,-1,1,7.275460857311949e-16,0.0,0.0,0.0
n_47415,0,-1,1,7.834562424201687e-16,0.0,0.0,0.0
n_47498,0,-1,1,8.071968818658122e-16,0.0,0.0,0.0
n_47500,0,-1,1,8.788985384882439e-16,0.0,0.0,0.0
n_47538,0,-1,3,1.9494802094236624e-15,0.0,0.0,0.0
n_47539,0,-1,1,7.661697822743661e-16,0.0,0.0,0.0
n_47540,0,-1,1,1.157351726052149e-15,0.0,0.0,0.0
n_47541,0,-1,5,2.994426004693956e-15,0.0,0.0,0.0
n_47551,0,-1,13,1.0500197343825835e-14,0.0,0.0,0.0
n_47552,0,-1,3,3.682615075107894e-15,0.0,0.0,0.0
n_47553,0,-1,1,7.175886840406285e-16,0.0,0.0,0.0
n_47554,0,-1,1,1.0659268013737825e-15,0.0,0.0,0.0
n_47613,0,-1,2,1.248615926228774e-15,0.0,0.0,0.0
n_47616,0,-1,1,7.598554692899405e-16,0.0,0.0,0.0
n_47631,0,-1,2,2.1697748442796663e-15,0.0,0.0,0.0
n_47632,0,-1,1,8.209428501712102e-16,0.0,0.0,0.0
n_47682,0,-1,1,1.1988368587098229e-15,0.0,0.0,0.0
n_47683,0,-1,1,7.831297112190021e-16,0.0,0.0,0.0
n_477,0,-1,5,3.504119186858285e-15,0.0,0.0,0.0
n_47706,0,-1,1,6.534452612252245e-16,0.0,0.0,0.0
n_47707,0,-1,1,6.524886963299784e-16,0.0,0.0,0.0
n_47739,0,-1,1,7.9455952086969245e-16,0.0,0.0,0.0
n_47740,0,-1,7,7.536779733023202e-15,0.0,0.0,0.0
n_47767,0,-1,3,3.622180544870721e-15,0.0,0.0,0.0
n_47768,0,-1,5,4.889700552416316e-15,0.0,0.0,0.0
n_47769,0,-1,1,7.477830263300802e-16,0.0,0.0,0.0
n_47770,0,-1,1,7.564771842589351e-16,0.0,0.0,0.0
n_47771,0,-1,1,7.595024153696131e-16,0.0,0.0,0.0
n_47772,0,-1,1,7.625117116729708e-16,0.0,0.0,0.0
n_47778,0,-1,1,2.1023721975019054e-15,0.0,0.0,0.0
n_47780,0,-1,1,1.228741886308228e-15,0.0,0.0,0.0
n_47786,0,-1,3,6.801089690201953e-15,0.0,0.0,0.0
n_47787,0,-1,2,2.4055068663576167e-15,0.0,0.0,0.0
n_47791,0,-1,1,6.352140946454374e-16,0.0,0.0,0.0
n_47792,0,-1,1,8.669308099764879e-16,0.0,0.0,0.0
n_47793,0,-1,1,6.039537613918662e-16,0.0,0.0,0.0
n_47794,0,-1,1,6.101297433080933e-16,0.0,0.0,0.0
n_4784,0,-1,32,2.5443743181699334e-14,0.0,0.0,0.0
n_4787,0,-1,2,1.1973814443482032e-15,0.0,0.0,0.0
n_4788,0,-1,3,3.818255119632935e-15,0.0,0.0,0.0
n_4792,0,-1,2,1.3253381588878188e-15,0.0,0.0,0.0
n_4794,0,-1,1,9.06917541350469e-16,0.0,0.0,0.0
n_4795,0,-1,3,3.301051508083539e-15,0.0,0.0,0.0
n_4798,0,-1,1,7.574098204734213e-16,0.0,0.0,0.0
n_48,0,-1,1,7.824279973617611e-16,0.0,0.0,0.0
n_48052,0,-1,4,3.543199592978704e-15,0.0,0.0,0.0
n_48053,0,-1,4,2.974351323844029e-15,0.0,0.0,0.0
n_48055,0,-1,4,2.3797884049801344e-15,0.0,0.0,0.0
n_48056,0,-1,4,2.9498701658442483e-15,0.0,0.0,0.0
n_48057,0,-1,12,9.358457070266293e-15,0.0,0.0,0.0
n_48058,0,-1,3,2.0379900702140533e-15,0.0,0.0,0.0
n_48060,0,-1,1,7.087283488354341e-16,0.0,0.0,0.0
n_4807,0,-1,1,7.492961977507908e-16,0.0,0.0,0.0
n_48105,0,-1,4,4.125586624984055e-15,0.0,0.0,0.0
n_48106,0,-1,4,3.9863903126299664e-15,0.0,0.0,0.0
n_48107,0,-1,16,1.3903841694239052e-14,0.0,0.0,0.0
n_48109,0,-1,17,1.5764916227924836e-14,0.0,0.0,0.0
n_48110,0,-1,1,7.372177196811813e-16,0.0,0.0,0.0
n_48145,0,-1,2,4.576178930286662e-15,0.0,0.0,0.0
n_48146,0,-1,21,1.8271025832702556e-14,0.0,0.0,0.0
n_48147,0,-1,1,7.399559654414176e-16,0.0,0.0,0.0
n_48148,0,-1,1,8.435467184620792e-16,0.0,0.0,0.0
n_48149,0,-1,1,7.130459934049445e-16,0.0,0.0,0.0
n_48150,0,-1,1,6.602055370563795e-16,0.0,0.0,0.0
n_48151,0,-1,1,8.2421329732011825e-16,0.0,0.0,0.0
n_48152,0,-1,1,8.169632246872135e-16,0.0,0.0,0.0
n_48153,0,-1,10,8.97835611738361e-15,0.0,0.0,0.0
n_48154,0,-1,1,7.710463097703867e-16,0.0,0.0,0.0
n_48155,0,-1,1,7.734630006480216e-16,0.0,0.0,0.0
n_48156,0,-1,1,8.677135213593101e-16,0.0,0.0,0.0
n_48157,0,-1,1,8.580468107883296e-16,0.0,0.0,0.0
n_48158,0,-1,1,7.665395121558426e-16,0.0,0.0,0.0
n_48159,0,-1,1,7.651968590553261e-16,0.0,0.0,0.0
n_48160,0,-1,1,7.327059986876312e-16,0.0,0.0,0.0
n_48161,0,-1,1,8.24213244380559e-16,0.0,0.0,0.0
n_48162,0,-1,1,8.362966458291745e-16,0.0,0.0,0.0
n_48163,0,-1,1,6.819557020155346e-16,0.0,0.0,0.0
n_48164,0,-1,1,7.565462174441363e-16,0.0,0.0,0.0
n_48165,0,-1,1,7.202960130982901e-16,0.0,0.0,0.0
n_48166,0,-1,1,7.665395121558426e-16,0.0,0.0,0.0
n_48167,0,-1,1,7.458634379133651e-16,0.0,0.0,0.0
n_48168,0,-1,1,8.897901116405134e-16,0.0,0.0,0.0
n_48169,0,-1,1,8.8221361368556045e-16,0.0,0.0,0.0
n_4817,0,-1,1,7.447893471966875e-16,0.0,0.0,0.0
n_48170,0,-1,1,8.532134290330597e-16,0.0,0.0,0.0
n_48171,0,-1,1,8.056273827541092e-16,0.0,0.0,0.0
n_48172,0,-1,1,7.492961977507908e-16,0.0,0.0,0.0
n_48173,0,-1,1,8.314633170134638e-16,0.0,0.0,0.0
n_48174,0,-1,1,7.54456057767668e-16,0.0,0.0,0.0
n_48175,0,-1,1,7.782963294637323e-16,0.0,0.0,0.0
n_48176,0,-1,1,7.565462703836956e-16,0.0,0.0,0.0
n_48177,0,-1,1,7.710463097703867e-16,0.0,0.0,0.0
n_4818,0,-1,1,8.60236390956982e-16,0.0,0.0,0.0
n_4819,0,-1,1,7.97956334746419e-16,0.0,0.0,0.0
n_48223,0,-1,16,1.126668423405983e-14,0.0,0.0,0.0
n_48224,0,-1,1,1.1152509063209397e-15,0.0,0.0,0.0
n_48225,0,-1,1,7.811158374473458e-16,0.0,0.0,0.0
n_4823,0,-1,1,7.57620308160814e-16,0.0,0.0,0.0
n_4824,0,-1,1,8.797969228079255e-16,0.0,0.0,0.0
n_4825,0,-1,1,7.085391428508412e-16,0.0,0.0,0.0
n_4826,0,-1,1,6.942148098611461e-16,0.0,0.0,0.0
n_4827,0,-1,1,7.099315591370088e-16,0.0,0.0,0.0
n_4829,0,-1,1,6.733630292216726e-16,0.0,0.0,0.0
n_4831,0,-1,1,7.589629083217713e-16,0.0,0.0,0.0
n_4832,0,-1,1,7.737895318491882e-16,0.0,0.0,0.0
n_4833,0,-1,1,6.806131018545773e-16,0.0,0.0,0.0
n_4834,0,-1,1,7.721204004870644e-16,0.0,0.0,0.0
n_4835,0,-1,1,8.677135213593101e-16,0.0,0.0,0.0
n_4840,0,-1,1,8.373707365458521e-16,0.0,0.0,0.0
n_48404,0,-1,2,1.3279554906948346e-15,0.0,0.0,0.0
n_48405,0,-1,1,1.2635474230229728e-15,0.0,0.0,0.0
n_48407,0,-1,2,9.998751721468921e-16,0.0,0.0,0.0
n_48412,0,-1,1,6.5070209208598225e-16,0.0,0.0,0.0
n_48413,0,-1,1,1.1459702502190114e-15,0.0,0.0,0.0
n_48415,0,-1,12,7.757228527875606e-15,0.0,0.0,0.0
n_4842,0,-1,1,8.011205322000059e-16,0.0,0.0,0.0
n_48423,0,-1,2,1.6793686023243177e-15,0.0,0.0,0.0
n_48425,0,-1,1,5.58283227183572e-16,0.0,0.0,0.0
n_48426,0,-1,1,6.714149063825469e-16,0.0,0.0,0.0
n_48427,0,-1,3,3.736554980221995e-15,0.0,0.0,0.0
n_48428,0,-1,3,3.1005513979301576e-15,0.0,0.0,0.0
n_48429,0,-1,3,1.819636834873156e-15,0.0,0.0,0.0
n_48430,0,-1,1,6.108506212857659e-16,0.0,0.0,0.0
n_48431,0,-1,1,6.948860834718451e-16,0.0,0.0,0.0
n_48432,0,-1,4,3.566297546175618e-15,0.0,0.0,0.0
n_48433,0,-1,1,7.316846357719202e-16,0.0,0.0,0.0
n_48434,0,-1,1,7.501432306980451e-16,0.0,0.0,0.0
n_48436,0,-1,2,5.364996997142069e-15,0.0,0.0,0.0
n_48437,0,-1,2,2.1653592615256297e-15,0.0,0.0,0.0
n_4844,0,-1,1,8.652968304816752e-16,0.0,0.0,0.0
n_48454,0,-1,1,1.2633897690156651e-15,0.0,0.0,0.0
n_48455,0,-1,1,1.162718209168597e-15,0.0,0.0,0.0
n_48456,0,-1,4,3.0647642559086634e-15,0.0,0.0,0.0
n_4846,0,-1,1,7.762061697872639e-16,0.0,0.0,0.0
n_4848,0,-1,1,8.723198453451566e-16,0.0,0.0,0.0
n_4849,0,-1,4,2.3192020440871656e-15,0.0,0.0,0.0
n_4850,0,-1,1,8.677135213593101e-16,0.0,0.0,0.0
n_4851,0,-1,4,2.6344029090347512e-15,0.0,0.0,0.0
n_4852,0,-1,1,8.868199376714069e-16,0.0,0.0,0.0
n_4856,0,-1,1,8.92627883772052e-16,0.0,0.0,0.0
n_4858,0,-1,1,8.387133367068094e-16,0.0,0.0,0.0
n_4859,0,-1,1,8.217966064424833e-16,0.0,0.0,0.0
n_4860,0,-1,1,8.53213481972619e-16,0.0,0.0,0.0
n_4861,0,-1,1,7.334535052635832e-16,0.0,0.0,0.0
n_4862,0,-1,1,7.762061697872639e-16,0.0,0.0,0.0
n_48624,0,-1,2,2.3144260488140722e-15,0.0,0.0,0.0
n_48625,0,-1,13,1.2637597741828495e-14,0.0,0.0,0.0
n_48626,0,-1,1,6.381184118028948e-16,0.0,0.0,0.0
n_48627,0,-1,1,7.956860746895407e-16,0.0,0.0,0.0
n_48628,0,-1,1,6.491490042376323e-16,0.0,0.0,0.0
n_48629,0,-1,1,6.60368855596522e-16,0.0,0.0,0.0
n_4863,0,-1,1,7.810395515425337e-16,0.0,0.0,0.0
n_48630,0,-1,1,6.171951098189374e-16,0.0,0.0,0.0
n_48631,0,-1,1,7.653601775954686e-16,0.0,0.0,0.0
n_48632,0,-1,1,8.674864635898867e-16,0.0,0.0,0.0
n_48633,0,-1,8,6.856764742308504e-15,0.0,0.0,0.0
n_48634,0,-1,1,6.214701380432891e-16,0.0,0.0,0.0
n_48635,0,-1,1,6.172318498730246e-16,0.0,0.0,0.0
n_48636,0,-1,1,6.187849377213746e-16,0.0,0.0,0.0
n_48637,0,-1,13,1.3466880266640134e-14,0.0,0.0,0.0
n_48638,0,-1,1,6.700722532820304e-16,0.0,0.0,0.0
n_48639,0,-1,1,1.1462602531243276e-15,0.0,0.0,0.0
n_4864,0,-1,1,7.517128886284257e-16,0.0,0.0,0.0
n_48640,0,-1,1,6.755006756827464e-16,0.0,0.0,0.0
n_48642,0,-1,4,2.797079821719676e-15,0.0,0.0,0.0
n_48643,0,-1,1,1.2018986710559103e-15,0.0,0.0,0.0
n_48644,0,-1,1,6.942391091188205e-16,0.0,0.0,0.0
n_48645,0,-1,1,6.408036121248093e-16,0.0,0.0,0.0
n_48646,0,-1,1,6.900007680089968e-16,0.0,0.0,0.0
n_48647,0,-1,1,7.308157917262741e-16,0.0,0.0,0.0
n_48648,0,-1,3,2.879640546605026e-15,0.0,0.0,0.0
n_4865,0,-1,1,8.24213244380559e-16,0.0,0.0,0.0
n_4867,0,-1,1,7.955396438687841e-16,0.0,0.0,0.0
n_48675,0,-1,5,4.3635838249212e-15,0.0,0.0,0.0
n_48676,0,-1,1,5.812076974449768e-16,0.0,0.0,0.0
n_4868,0,-1,1,8.82540144886727e-16,0.0,0.0,0.0
n_4869,0,-1,4,2.145140161558196e-15,0.0,0.0,0.0
n_487,0,-1,1,9.61832169628623e-16,0.0,0.0,0.0
n_4870,0,-1,1,7.67613549932961e-16,0.0,0.0,0.0
n_4871,0,-1,1,6.795390111378997e-16,0.0,0.0,0.0
n_4872,0,-1,1,7.793704201804099e-16,0.0,0.0,0.0
n_48729,0,-1,3,4.1880142237461174e-15,0.0,0.0,0.0
n_4873,0,-1,1,8.097132049938679e-16,0.0,0.0,0.0
n_4875,0,-1,1,8.79470391606759e-16,0.0,0.0,0.0
n_4876,0,-1,1,7.9521311266761755e-16,0.0,0.0,0.0
n_4877,0,-1,4,2.6896455508217294e-15,0.0,0.0,0.0
n_4878,0,-1,1,8.507967381554248e-16,0.0,0.0,0.0
n_488,0,-1,2,1.3029211143013785e-15,0.0,0.0,0.0
n_4881,0,-1,4,2.9402366483768884e-15,0.0,0.0,0.0
n_4882,0,-1,1,6.964557414022258e-16,0.0,0.0,0.0
n_4883,0,-1,4,2.8899152680134576e-15,0.0,0.0,0.0
n_4884,0,-1,1,7.927964217899826e-16,0.0,0.0,0.0
n_4886,0,-1,1,8.53213481972619e-16,0.0,0.0,0.0
n_48972,0,-1,1,1.141808247953559e-15,0.0,0.0,0.0
n_48974,0,-1,3,2.7696732236783157e-15,0.0,0.0,0.0
n_4899,0,-1,4,2.9751593932757095e-15,0.0,0.0,0.0
n_49,0,-1,1,1.2317326537658645e-15,0.0,0.0,0.0
n_490,0,-1,1,1.027539903478928e-15,0.0,0.0,0.0
n_4900,0,-1,1,8.387133367068094e-16,0.0,0.0,0.0
n_4901,0,-1,4,2.643641285632217e-15,0.0,0.0,0.0
n_4902,0,-1,1,7.866204928133147e-16,0.0,0.0,0.0
n_4903,0,-1,4,2.687141509671409e-15,0.0,0.0,0.0
n_4904,0,-1,1,7.592894395229378e-16,0.0,0.0,0.0
n_4905,0,-1,4,2.834868502595532e-15,0.0,0.0,0.0
n_4906,0,-1,1,8.027897165016889e-16,0.0,0.0,0.0
n_4907,0,-1,4,2.827878363198316e-15,0.0,0.0,0.0
n_4908,0,-1,1,8.2421329732011825e-16,0.0,0.0,0.0
n_4909,0,-1,4,3.0246718571745124e-15,0.0,0.0,0.0
n_491,0,-1,1,7.089774294614861e-16,0.0,0.0,0.0
n_4910,0,-1,1,7.589629083217713e-16,0.0,0.0,0.0
n_4911,0,-1,4,2.6534423038648966e-15,0.0,0.0,0.0
n_4912,0,-1,1,8.604634487264053e-16,0.0,0.0,0.0
n_49129,0,-1,21,1.6530127486540265e-14,0.0,0.0,0.0
n_4913,0,-1,4,3.0926390514116183e-15,0.0,0.0,0.0
n_49131,0,-1,3,2.6615299862035174e-15,0.0,0.0,0.0
n_4914,0,-1,1,8.2421329732011825e-16,0.0,0.0,0.0
n_49143,0,-1,1,8.912318675958586e-16,0.0,0.0,0.0
n_4915,0,-1,4,2.9337517641327094e-15,0.0,0.0,0.0
n_4916,0,-1,1,6.999465229965383e-16,0.0,0.0,0.0
n_4917,0,-1,4,2.7974014824813957e-15,0.0,0.0,0.0
n_49172,0,-1,1,1.2348502644073524e-15,0.0,0.0,0.0
n_49173,0,-1,1,5.530030884881847e-16,0.0,0.0,0.0
n_49175,0,-1,1,8.102502238824271e-16,0.0,0.0,0.0
n_49177,0,-1,1,6.561369731129211e-16,0.0,0.0,0.0
n_49178,0,-1,4,3.786633262129564e-15,0.0,0.0,0.0
n_49179,0,-1,1,6.410647629703596e-16,0.0,0.0,0.0
n_4918,0,-1,1,7.358701961412181e-16,0.0,0.0,0.0
n_49180,0,-1,1,1.1307175161795664e-15,0.0,0.0,0.0
n_49181,0,-1,1,6.986246222032296e-16,0.0,0.0,0.0
n_49182,0,-1,1,5.791848768878151e-16,0.0,0.0,0.0
n_4919,0,-1,4,2.856744399007795e-15,0.0,0.0,0.0
n_4920,0,-1,1,8.532134290330597e-16,0.0,0.0,0.0
n_49203,0,-1,2,2.8263342221354713e-15,0.0,0.0,0.0
n_4922,0,-1,1,8.677135213593101e-16,0.0,0.0,0.0
n_4927,0,-1,1,1.0664182922414268e-15,0.0,0.0,0.0
n_4928,0,-1,1,9.474639497443482e-16,0.0,0.0,0.0
n_4929,0,-1,1,8.362966987687337e-16,0.0,0.0,0.0
n_49309,0,-1,1,6.537203351748453e-16,0.0,0.0,0.0
n_49319,0,-1,1,1.3758646271036035e-15,0.0,0.0,0.0
n_4932,0,-1,1,8.722203719134134e-16,0.0,0.0,0.0
n_49320,0,-1,1,6.172662076469476e-16,0.0,0.0,0.0
n_4933,0,-1,1,7.718518910427847e-16,0.0,0.0,0.0
n_4936,0,-1,1,7.589629083217713e-16,0.0,0.0,0.0
n_4937,0,-1,1,7.517128886284257e-16,0.0,0.0,0.0
n_4938,0,-1,1,7.927964747295418e-16,0.0,0.0,0.0
n_49387,0,-1,1,7.503702884674684e-16,0.0,0.0,0.0
n_4939,0,-1,1,8.145465867491378e-16,0.0,0.0,0.0
n_4940,0,-1,1,7.866204398737555e-16,0.0,0.0,0.0
n_4942,0,-1,1,7.420461780574452e-16,0.0,0.0,0.0
n_4945,0,-1,1,7.710463097703867e-16,0.0,0.0,0.0
n_49499,0,-1,2,1.4548887776759303e-15,0.0,0.0,0.0
n_4950,0,-1,1,7.8554640209663705e-16,0.0,0.0,0.0
n_49500,0,-1,1,8.075308775448264e-16,0.0,0.0,0.0
n_4952,0,-1,1,8.639542303207179e-16,0.0,0.0,0.0
n_4956,0,-1,4,2.6361187860276516e-15,0.0,0.0,0.0
n_49617,0,-1,22,1.727703097503374e-14,0.0,0.0,0.0
n_49618,0,-1,25,1.9710797189852365e-14,0.0,0.0,0.0
n_49619,0,-1,1,7.648825568923356e-16,0.0,0.0,0.0
n_49620,0,-1,3,2.864416399927551e-15,0.0,0.0,0.0
n_49625,0,-1,4,3.5309197328258846e-15,0.0,0.0,0.0
n_49626,0,-1,1,8.507967381554248e-16,0.0,0.0,0.0
n_49641,0,-1,1,8.42204118301122e-16,0.0,0.0,0.0
n_497,0,-1,2,1.7234037276697006e-15,0.0,0.0,0.0
n_49719,0,-1,2,1.4462556061192776e-15,0.0,0.0,0.0
n_4976,0,-1,2,1.6020583170416416e-15,0.0,0.0,0.0
n_4988,0,-1,6,4.644924547802295e-15,0.0,0.0,0.0
n_4990,0,-1,1,7.740000195365809e-16,0.0,0.0,0.0
n_4992,0,-1,1,7.54456057767668e-16,0.0,0.0,0.0
n_4998,0,-1,1,6.926964503636336e-16,0.0,0.0,0.0
n_4999,0,-1,1,7.855463491570778e-16,0.0,0.0,0.0
n_5,0,-1,1,7.347955760289484e-16,0.0,0.0,0.0
n_5000,0,-1,1,7.407035778964879e-16,0.0,0.0,0.0
n_5002,0,-1,1,7.97956334746419e-16,0.0,0.0,0.0
n_5003,0,-1,1,7.262034855702376e-16,0.0,0.0,0.0
n_5004,0,-1,1,7.782963294637323e-16,0.0,0.0,0.0
n_5005,0,-1,1,7.299627766088298e-16,0.0,0.0,0.0
n_5007,0,-1,1,8.752900722538222e-16,0.0,0.0,0.0
n_5008,0,-1,1,9.257138377247523e-16,0.0,0.0,0.0
n_50088,0,-1,2,1.7316645223669166e-15,0.0,0.0,0.0
n_5009,0,-1,1,6.709463912835968e-16,0.0,0.0,0.0
n_50090,0,-1,1,7.548894739388661e-16,0.0,0.0,0.0
n_50091,0,-1,1,1.155493865161465e-15,0.0,0.0,0.0
n_5010,0,-1,1,7.431202687741229e-16,0.0,0.0,0.0
n_50109,0,-1,3,2.129963448725767e-15,0.0,0.0,0.0
n_5011,0,-1,1,7.375393275033419e-16,0.0,0.0,0.0
n_5012,0,-1,1,8.217966064424833e-16,0.0,0.0,0.0
n_5014,0,-1,1,7.15789215483746e-16,0.0,0.0,0.0
n_5015,0,-1,1,8.649703522200678e-16,0.0,0.0,0.0
n_5016,0,-1,1,7.32705945748072e-16,0.0,0.0,0.0
n_5020,0,-1,1,8.50796791094984e-16,0.0,0.0,0.0
n_5021,0,-1,1,7.449998878236394e-16,0.0,0.0,0.0
n_50217,0,-1,2,5.8417033282085265e-15,0.0,0.0,0.0
n_50218,0,-1,14,1.168589693328198e-14,0.0,0.0,0.0
n_50219,0,-1,1,7.431202687741229e-16,0.0,0.0,0.0
n_5022,0,-1,1,8.682505402478693e-16,0.0,0.0,0.0
n_50220,0,-1,18,1.516952660490442e-14,0.0,0.0,0.0
n_50221,0,-1,1,7.399559654414176e-16,0.0,0.0,0.0
n_50222,0,-1,1,7.665395121558426e-16,0.0,0.0,0.0
n_50223,0,-1,1,8.097132049938679e-16,0.0,0.0,0.0
n_50224,0,-1,1,8.387133896463686e-16,0.0,0.0,0.0
n_50225,0,-1,1,7.782963824032915e-16,0.0,0.0,0.0
n_50226,0,-1,1,8.797969228079255e-16,0.0,0.0,0.0
n_50227,0,-1,1,8.435467184620792e-16,0.0,0.0,0.0
n_50228,0,-1,1,9.182367602619834e-16,0.0,0.0,0.0
n_50229,0,-1,1,7.617060774610135e-16,0.0,0.0,0.0
n_5023,0,-1,1,7.573517987165344e-16,0.0,0.0,0.0
n_50230,0,-1,1,6.865619730618219e-16,0.0,0.0,0.0
n_50231,0,-1,1,8.167361669177901e-16,0.0,0.0,0.0
n_50232,0,-1,1,8.868199376714069e-16,0.0,0.0,0.0
n_50233,0,-1,1,7.735624740797648e-16,0.0,0.0,0.0
n_50234,0,-1,1,7.735624740797648e-16,0.0,0.0,0.0
n_50235,0,-1,1,8.070694563468096e-16,0.0,0.0,0.0
n_50236,0,-1,1,7.472060380743224e-16,0.0,0.0,0.0
n_50237,0,-1,1,7.117033932439872e-16,0.0,0.0,0.0
n_50238,0,-1,1,8.142200555479712e-16,0.0,0.0,0.0
n_50239,0,-1,1,6.99719465227115e-16,0.0,0.0,0.0
n_5024,0,-1,8,5.378790081655158e-15,0.0,0.0,0.0
n_50240,0,-1,1,8.8221361368556045e-16,0.0,0.0,0.0
n_50241,0,-1,1,8.349540986077764e-16,0.0,0.0,0.0
n_50242,0,-1,1,9.037367208752922e-16,0.0,0.0,0.0
n_50243,0,-1,1,8.059539139552757e-16,0.0,0.0,0.0
n_50245,0,-1,1,6.876360637784996e-16,0.0,0.0,0.0
n_50246,0,-1,1,7.114763354745639e-16,0.0,0.0,0.0
n_50247,0,-1,1,8.094861472244445e-16,0.0,0.0,0.0
n_50250,0,-1,1,8.2421329732011825e-16,0.0,0.0,0.0
n_50251,0,-1,1,8.314633170134638e-16,0.0,0.0,0.0
n_5028,0,-1,8,6.5085401803298415e-15,0.0,0.0,0.0
n_50287,0,-1,6,8.777740598991165e-15,0.0,0.0,0.0
n_50289,0,-1,1,7.928751429145181e-16,0.0,0.0,0.0
n_50290,0,-1,11,8.936256038806229e-15,0.0,0.0,0.0
n_50291,0,-1,2,1.5419071193253247e-15,0.0,0.0,0.0
n_50292,0,-1,7,4.98894824987905e-15,0.0,0.0,0.0
n_50293,0,-1,12,9.97910267467499e-15,0.0,0.0,0.0
n_50295,0,-1,1,7.109294168884336e-16,0.0,0.0,0.0
n_503,0,-1,7,5.700643119854005e-15,0.0,0.0,0.0
n_50319,0,-1,2,1.7418187533386011e-15,0.0,0.0,0.0
n_50341,0,-1,12,9.879832954355627e-15,0.0,0.0,0.0
n_50342,0,-1,8,6.353105822860415e-15,0.0,0.0,0.0
n_50343,0,-1,1,1.47158729107722e-15,0.0,0.0,0.0
n_50344,0,-1,3,2.9143642387612426e-15,0.0,0.0,0.0
n_5036,0,-1,1,1.0586313065990812e-15,0.0,0.0,0.0
n_50388,0,-1,10,7.857824701790368e-15,0.0,0.0,0.0
n_50389,0,-1,1,1.1580771038923539e-15,0.0,0.0,0.0
n_5041,0,-1,1,7.62243149289132e-16,0.0,0.0,0.0
n_50426,0,-1,1,5.936816869613949e-16,0.0,0.0,0.0
n_50427,0,-1,1,6.895156828280161e-16,0.0,0.0,0.0
n_50452,0,-1,6,5.408043635038006e-15,0.0,0.0,0.0
n_50453,0,-1,4,3.088540047221618e-15,0.0,0.0,0.0
n_50454,0,-1,1,6.120764367791205e-16,0.0,0.0,0.0
n_50455,0,-1,3,2.1669237313792084e-15,0.0,0.0,0.0
n_50456,0,-1,1,1.2112917370453685e-15,0.0,0.0,0.0
n_50457,0,-1,1,9.364298632987033e-16,0.0,0.0,0.0
n_50458,0,-1,2,1.4072539740629534e-15,0.0,0.0,0.0
n_50459,0,-1,1,7.261787098565304e-16,0.0,0.0,0.0
n_50460,0,-1,1,8.216745278189603e-16,0.0,0.0,0.0
n_50461,0,-1,1,6.746415725159937e-16,0.0,0.0,0.0
n_50463,0,-1,1,6.666305466590994e-16,0.0,0.0,0.0
n_5054,0,-1,1,6.824927209040938e-16,0.0,0.0,0.0
n_50541,0,-1,1,7.278725639928022e-16,0.0,0.0,0.0
n_50546,0,-1,4,4.237500006107082e-15,0.0,0.0,0.0
n_50548,0,-1,5,4.079937478357679e-15,0.0,0.0,0.0
n_50549,0,-1,4,3.2124107807027973e-15,0.0,0.0,0.0
n_50551,0,-1,4,2.98851710285391e-15,0.0,0.0,0.0
n_50552,0,-1,3,1.924752353077994e-15,0.0,0.0,0.0
n_50553,0,-1,4,2.889083269901017e-15,0.0,0.0,0.0
n_50554,0,-1,1,9.353573078292425e-16,0.0,0.0,0.0
n_50555,0,-1,4,2.9187423403073632e-15,0.0,0.0,0.0
n_506,0,-1,2,1.9417722096036483e-15,0.0,0.0,0.0
n_50601,0,-1,1,5.474155827120625e-16,0.0,0.0,0.0
n_50602,0,-1,1,7.760637094334475e-16,0.0,0.0,0.0
n_50619,0,-1,1,6.521027140038264e-16,0.0,0.0,0.0
n_5062,0,-1,4,2.9868213428935067e-15,0.0,0.0,0.0
n_50660,0,-1,1,6.819557020155346e-16,0.0,0.0,0.0
n_50702,0,-1,1,6.89149976353039e-16,0.0,0.0,0.0
n_50703,0,-1,1,7.361418819590499e-16,0.0,0.0,0.0
n_50704,0,-1,1,1.0123670022947617e-15,0.0,0.0,0.0
n_50705,0,-1,1,5.794931439410565e-16,0.0,0.0,0.0
n_50706,0,-1,1,1.1061970770268569e-15,0.0,0.0,0.0
n_50707,0,-1,1,7.066595238013247e-16,0.0,0.0,0.0
n_50709,0,-1,23,2.015499990211736e-14,0.0,0.0,0.0
n_5071,0,-1,1,7.498912383962369e-16,0.0,0.0,0.0
n_50710,0,-1,2,1.2802495363142883e-15,0.0,0.0,0.0
n_50711,0,-1,1,9.462437987838284e-16,0.0,0.0,0.0
n_50712,0,-1,2,1.2160865788015383e-15,0.0,0.0,0.0
n_5072,0,-1,1,7.307683049416686e-16,0.0,0.0,0.0
n_5073,0,-1,1,8.008520227557262e-16,0.0,0.0,0.0
n_5074,0,-1,1,7.616481086436858e-16,0.0,0.0,0.0
n_5077,0,-1,16,1.1051754705891734e-14,0.0,0.0,0.0
n_50792,0,-1,1,5.796023053121339e-16,0.0,0.0,0.0
n_50793,0,-1,1,6.839817518858077e-16,0.0,0.0,0.0
n_50794,0,-1,1,1.208094293548602e-15,0.0,0.0,0.0
n_50808,0,-1,1,7.817257011693689e-16,0.0,0.0,0.0
n_50809,0,-1,2,2.49848376715359e-15,0.0,0.0,0.0
n_5081,0,-1,1,8.075650235605126e-16,0.0,0.0,0.0
n_50810,0,-1,4,3.21176131819049e-15,0.0,0.0,0.0
n_50812,0,-1,1,1.3016214481229352e-15,0.0,0.0,0.0
n_50814,0,-1,1,1.1451151704587582e-15,0.0,0.0,0.0
n_5082,0,-1,1,7.57124740947111e-16,0.0,0.0,0.0
n_5087,0,-1,1,7.713148721542255e-16,0.0,0.0,0.0
n_5088,0,-1,1,8.220651158867629e-16,0.0,0.0,0.0
n_509,0,-1,3,1.9409018832503445e-15,0.0,0.0,0.0
n_5091,0,-1,8,5.8834654406399525e-15,0.0,0.0,0.0
n_5093,0,-1,1,7.740000195365809e-16,0.0,0.0,0.0
n_5094,0,-1,1,8.459634093397142e-16,0.0,0.0,0.0
n_5097,0,-1,1,6.733630292216726e-16,0.0,0.0,0.0
n_5098,0,-1,1,8.53213481972619e-16,0.0,0.0,0.0
n_51,0,-1,1,7.055903564636529e-16,0.0,0.0,0.0
n_5100,0,-1,1,7.431202687741229e-16,0.0,0.0,0.0
n_5101,0,-1,1,8.290466261358289e-16,0.0,0.0,0.0
n_5103,0,-1,1,8.000464944228874e-16,0.0,0.0,0.0
n_51030,0,-1,3,3.727589983508256e-15,0.0,0.0,0.0
n_51032,0,-1,1,5.710928005657804e-16,0.0,0.0,0.0
n_51033,0,-1,1,1.2872352287885314e-15,0.0,0.0,0.0
n_51034,0,-1,1,8.057906483546924e-16,0.0,0.0,0.0
n_51035,0,-1,1,6.49790525816059e-16,0.0,0.0,0.0
n_51036,0,-1,1,6.765747663994241e-16,0.0,0.0,0.0
n_51037,0,-1,1,1.1949752355032905e-15,0.0,0.0,0.0
n_51038,0,-1,1,7.827810512820886e-16,0.0,0.0,0.0
n_51039,0,-1,1,1.0983080239143671e-15,0.0,0.0,0.0
n_5104,0,-1,1,7.866204398737555e-16,0.0,0.0,0.0
n_51040,0,-1,1,6.969455382039756e-16,0.0,0.0,0.0
n_51041,0,-1,2,1.0477833556435954e-15,0.0,0.0,0.0
n_51042,0,-1,1,7.841816731999328e-16,0.0,0.0,0.0
n_51045,0,-1,1,7.356124334274568e-16,0.0,0.0,0.0
n_51046,0,-1,1,8.452860476797068e-16,0.0,0.0,0.0
n_51047,0,-1,1,9.868905805819573e-16,0.0,0.0,0.0
n_51048,0,-1,2,1.347270277111956e-15,0.0,0.0,0.0
n_51049,0,-1,1,7.899129098792922e-16,0.0,0.0,0.0
n_5105,0,-1,1,7.637962371374819e-16,0.0,0.0,0.0
n_51051,0,-1,1,6.748688949832131e-16,0.0,0.0,0.0
n_51053,0,-1,1,6.400192596156518e-16,0.0,0.0,0.0
n_5106,0,-1,1,7.375393275033419e-16,0.0,0.0,0.0
n_5111,0,-1,1,7.710463097703867e-16,0.0,0.0,0.0
n_5112,0,-1,1,7.420461780574452e-16,0.0,0.0,0.0
n_5113,0,-1,1,7.15789215483746e-16,0.0,0.0,0.0
n_5114,0,-1,1,8.459634093397142e-16,0.0,0.0,0.0
n_51158,0,-1,9,6.550734279564367e-15,0.0,0.0,0.0
n_51159,0,-1,1,8.63793664637654e-16,0.0,0.0,0.0
n_51160,0,-1,1,7.155414054071149e-16,0.0,0.0,0.0
n_5118,0,-1,1,8.000464414833282e-16,0.0,0.0,0.0
n_512,0,-1,2,2.6504537598687466e-15,0.0,0.0,0.0
n_5121,0,-1,1,8.604635016659645e-16,0.0,0.0,0.0
n_5125,0,-1,1,8.07296514116233e-16,0.0,0.0,0.0
n_5127,0,-1,1,8.2421329732011825e-16,0.0,0.0,0.0
n_51288,0,-1,16,1.3969363080840961e-14,0.0,0.0,0.0
n_5129,0,-1,1,7.544561107072272e-16,0.0,0.0,0.0
n_51296,0,-1,16,1.383600451955935e-14,0.0,0.0,0.0
n_5133,0,-1,1,7.648703278541596e-16,0.0,0.0,0.0
n_5135,0,-1,1,8.604634487264053e-16,0.0,0.0,0.0
n_5139,0,-1,1,7.071965426898839e-16,0.0,0.0,0.0
n_5143,0,-1,1,7.793704201804099e-16,0.0,0.0,0.0
n_51464,0,-1,1,5.761409051731792e-16,0.0,0.0,0.0
n_51478,0,-1,1,8.286007162286587e-16,0.0,0.0,0.0
n_51479,0,-1,1,7.723784278986217e-16,0.0,0.0,0.0
n_51481,0,-1,1,6.85458659708464e-16,0.0,0.0,0.0
n_51482,0,-1,1,5.736948857797456e-16,0.0,0.0,0.0
n_51483,0,-1,1,6.921122093882649e-16,0.0,0.0,0.0
n_51484,0,-1,1,6.841160066079475e-16,0.0,0.0,0.0
n_51486,0,-1,1,9.085457504333285e-16,0.0,0.0,0.0
n_51487,0,-1,2,1.8808758346519844e-15,0.0,0.0,0.0
n_51488,0,-1,12,7.558593372513842e-15,0.0,0.0,0.0
n_51489,0,-1,1,7.958440992737628e-16,0.0,0.0,0.0
n_5149,0,-1,1,7.302892548704371e-16,0.0,0.0,0.0
n_51490,0,-1,1,1.430835371314513e-15,0.0,0.0,0.0
n_51493,0,-1,2,1.4652503199614553e-15,0.0,0.0,0.0
n_51495,0,-1,1,6.196118006965724e-16,0.0,0.0,0.0
n_51496,0,-1,2,1.998253637075986e-15,0.0,0.0,0.0
n_51498,0,-1,1,1.210894160955751e-15,0.0,0.0,0.0
n_51499,0,-1,1,7.605267958401987e-16,0.0,0.0,0.0
n_51500,0,-1,1,1.2276236969387339e-15,0.0,0.0,0.0
n_5152,0,-1,1,7.420461780574452e-16,0.0,0.0,0.0
n_5153,0,-1,1,8.387133896463686e-16,0.0,0.0,0.0
n_5154,0,-1,1,8.387133367068094e-16,0.0,0.0,0.0
n_5156,0,-1,1,7.431202687741229e-16,0.0,0.0,0.0
n_5157,0,-1,1,8.145465338095785e-16,0.0,0.0,0.0
n_5158,0,-1,1,7.737895318491882e-16,0.0,0.0,0.0
n_5159,0,-1,1,7.697037096094294e-16,0.0,0.0,0.0
n_5160,0,-1,1,7.617060774610135e-16,0.0,0.0,0.0
n_5161,0,-1,1,8.652968304816752e-16,0.0,0.0,0.0
n_517,0,-1,3,2.8482717401946472e-15,0.0,0.0,0.0
n_5171,0,-1,4,3.1467888089384017e-15,0.0,0.0,0.0
n_5172,0,-1,1,8.649702992805086e-16,0.0,0.0,0.0
n_5173,0,-1,4,3.1586853866825883e-15,0.0,0.0,0.0
n_5177,0,-1,4,2.5954561223617617e-15,0.0,0.0,0.0
n_5178,0,-1,1,9.232972527262358e-16,0.0,0.0,0.0
n_5181,0,-1,4,2.746364359277535e-15,0.0,0.0,0.0
n_5185,0,-1,4,2.8477306978995885e-15,0.0,0.0,0.0
n_519,0,-1,3,2.582182692561813e-15,0.0,0.0,0.0
n_5195,0,-1,1,6.999465229965383e-16,0.0,0.0,0.0
n_5196,0,-1,1,8.677135213593101e-16,0.0,0.0,0.0
n_5197,0,-1,1,8.027897165016889e-16,0.0,0.0,0.0
n_5198,0,-1,1,7.565462174441363e-16,0.0,0.0,0.0
n_5199,0,-1,1,8.22870697159161e-16,0.0,0.0,0.0
n_52,0,-1,1,6.657832490140491e-16,0.0,0.0,0.0
n_5200,0,-1,1,8.301207168525066e-16,0.0,0.0,0.0
n_5201,0,-1,1,7.737895318491882e-16,0.0,0.0,0.0
n_5202,0,-1,1,8.539609885485709e-16,0.0,0.0,0.0
n_5203,0,-1,1,8.217966064424833e-16,0.0,0.0,0.0
n_5204,0,-1,1,8.459634093397142e-16,0.0,0.0,0.0
n_5207,0,-1,1,8.722203719134134e-16,0.0,0.0,0.0
n_5208,0,-1,1,7.503702884674684e-16,0.0,0.0,0.0
n_521,0,-1,3,2.1955422218098526e-15,0.0,0.0,0.0
n_5211,0,-1,4,3.597990130930085e-15,0.0,0.0,0.0
n_5212,0,-1,1,8.722203189738542e-16,0.0,0.0,0.0
n_522,0,-1,2,1.4019390540771694e-15,0.0,0.0,0.0
n_5221,0,-1,1,6.739590757187436e-16,0.0,0.0,0.0
n_5222,0,-1,1,6.391094932907415e-16,0.0,0.0,0.0
n_5223,0,-1,1,6.173593283315864e-16,0.0,0.0,0.0
n_5224,0,-1,1,7.923763993272629e-16,0.0,0.0,0.0
n_5225,0,-1,1,8.576267883256099e-16,0.0,0.0,0.0
n_523,0,-1,1,1.131954290161676e-15,0.0,0.0,0.0
n_5258,0,-1,32,2.5801111464343607e-14,0.0,0.0,0.0
n_5263,0,-1,1,7.01616660210287e-16,0.0,0.0,0.0
n_5266,0,-1,1,7.813670885953251e-16,0.0,0.0,0.0
n_5267,0,-1,1,6.895332587616716e-16,0.0,0.0,0.0
n_5268,0,-1,1,7.827096887562824e-16,0.0,0.0,0.0
n_5269,0,-1,1,7.37119252101063e-16,0.0,0.0,0.0
n_5271,0,-1,1,7.609595767366865e-16,0.0,0.0,0.0
n_5272,0,-1,1,6.605330741091709e-16,0.0,0.0,0.0
n_5273,0,-1,1,7.202025218367369e-16,0.0,0.0,0.0
n_5274,0,-1,1,7.89959708449628e-16,0.0,0.0,0.0
n_5275,0,-1,1,8.189598931021287e-16,0.0,0.0,0.0
n_5276,0,-1,1,7.174592997579354e-16,0.0,0.0,0.0
n_52768,0,-1,3,2.4034009306925057e-15,0.0,0.0,0.0
n_52769,0,-1,3,3.296474777311287e-15,0.0,0.0,0.0
n_5277,0,-1,1,7.996264190206085e-16,0.0,0.0,0.0
n_52770,0,-1,3,1.9864678088896527e-15,0.0,0.0,0.0
n_5278,0,-1,1,7.257834631075179e-16,0.0,0.0,0.0
n_5279,0,-1,1,8.127839111859016e-16,0.0,0.0,0.0
n_528,0,-1,3,2.057181295699994e-15,0.0,0.0,0.0
n_5280,0,-1,1,7.89959708449628e-16,0.0,0.0,0.0
n_5281,0,-1,1,7.754596690629368e-16,0.0,0.0,0.0
n_5282,0,-1,1,6.836257862897241e-16,0.0,0.0,0.0
n_5283,0,-1,1,7.547835948204594e-16,0.0,0.0,0.0
n_5284,0,-1,6,3.0782253035064287e-15,0.0,0.0,0.0
n_5285,0,-1,1,6.463595659236463e-16,0.0,0.0,0.0
n_5286,0,-1,1,8.117098204692239e-16,0.0,0.0,0.0
n_5287,0,-1,1,6.812091483516484e-16,0.0,0.0,0.0
n_5288,0,-1,1,6.066185799834874e-16,0.0,0.0,0.0
n_52880,0,-1,2,1.341461325159686e-15,0.0,0.0,0.0
n_5289,0,-1,1,7.682096493695913e-16,0.0,0.0,0.0
n_52892,0,-1,2,2.7563481248685847e-15,0.0,0.0,0.0
n_52893,0,-1,15,1.2133207409430451e-14,0.0,0.0,0.0
n_52895,0,-1,1,8.008935273701417e-16,0.0,0.0,0.0
n_52896,0,-1,1,7.501432306980451e-16,0.0,0.0,0.0
n_52897,0,-1,1,8.433196606926559e-16,0.0,0.0,0.0
n_52898,0,-1,17,1.3520640600769417e-14,0.0,0.0,0.0
n_52899,0,-1,1,8.661438634289295e-16,0.0,0.0,0.0
n_529,0,-1,1,8.762019561611007e-16,0.0,0.0,0.0
n_5290,0,-1,1,8.141265113468588e-16,0.0,0.0,0.0
n_52900,0,-1,1,8.38486278937386e-16,0.0,0.0,0.0
n_52901,0,-1,1,7.46978980304899e-16,0.0,0.0,0.0
n_52902,0,-1,1,6.80386044085154e-16,0.0,0.0,0.0
n_52903,0,-1,1,8.505696803860015e-16,0.0,0.0,0.0
n_52905,0,-1,1,8.2156954867306e-16,0.0,0.0,0.0
n_52906,0,-1,1,7.808124937731104e-16,0.0,0.0,0.0
n_52907,0,-1,1,8.602364438965412e-16,0.0,0.0,0.0
n_52908,0,-1,1,6.99719465227115e-16,0.0,0.0,0.0
n_52909,0,-1,1,8.239862395506949e-16,0.0,0.0,0.0
n_5291,0,-1,1,7.067765202271642e-16,0.0,0.0,0.0
n_52910,0,-1,1,7.56319159674713e-16,0.0,0.0,0.0
n_52911,0,-1,1,7.5739325039139065e-16,0.0,0.0,0.0
n_52912,0,-1,1,8.578197530189062e-16,0.0,0.0,0.0
n_52913,0,-1,1,7.404764671875054e-16,0.0,0.0,0.0
n_52914,0,-1,1,7.083120850814178e-16,0.0,0.0,0.0
n_52915,0,-1,1,7.880625664060152e-16,0.0,0.0,0.0
n_52916,0,-1,1,7.542290529378038e-16,0.0,0.0,0.0
n_52917,0,-1,1,8.650697727122518e-16,0.0,0.0,0.0
n_52918,0,-1,1,7.614790726311494e-16,0.0,0.0,0.0
n_52919,0,-1,1,7.8806251346645595e-16,0.0,0.0,0.0
n_5292,0,-1,1,7.416261555947255e-16,0.0,0.0,0.0
n_52920,0,-1,1,6.924693925942102e-16,0.0,0.0,0.0
n_52921,0,-1,1,7.428932110046995e-16,0.0,0.0,0.0
n_52922,0,-1,1,7.853193443272137e-16,0.0,0.0,0.0
n_52923,0,-1,1,8.167361669177901e-16,0.0,0.0,0.0
n_52924,0,-1,1,7.767267244729109e-16,0.0,0.0,0.0
n_52926,0,-1,1,7.949860548981942e-16,0.0,0.0,0.0
n_5293,0,-1,1,7.654664272907898e-16,0.0,0.0,0.0
n_52932,0,-1,2,1.7124092400143398e-15,0.0,0.0,0.0
n_52933,0,-1,1,7.001079886521087e-16,0.0,0.0,0.0
n_52934,0,-1,1,8.362966987687337e-16,0.0,0.0,0.0
n_52935,0,-1,1,6.224713839265029e-16,0.0,0.0,0.0
n_52936,0,-1,1,5.985525499245807e-16,0.0,0.0,0.0
n_52937,0,-1,1,6.641576339695904e-16,0.0,0.0,0.0
n_52938,0,-1,1,5.220866506111988e-16,0.0,0.0,0.0
n_52939,0,-1,1,7.510623143853752e-16,0.0,0.0,0.0
n_5294,0,-1,1,7.70626287307667e-16,0.0,0.0,0.0
n_52940,0,-1,1,8.443522997344773e-16,0.0,0.0,0.0
n_52948,0,-1,1,1.1231360419060483e-15,0.0,0.0,0.0
n_52949,0,-1,1,1.2526920605291985e-15,0.0,0.0,0.0
n_5295,0,-1,1,7.347026141629872e-16,0.0,0.0,0.0
n_52950,0,-1,1,1.6833538923411492e-15,0.0,0.0,0.0
n_52951,0,-1,1,8.751475589604467e-16,0.0,0.0,0.0
n_5296,0,-1,4,2.030144639298347e-15,0.0,0.0,0.0
n_5297,0,-1,1,6.259520011254484e-16,0.0,0.0,0.0
n_52978,0,-1,1,1.6356343854334468e-15,0.0,0.0,0.0
n_52979,0,-1,1,6.98999275463712e-16,0.0,0.0,0.0
n_5298,0,-1,1,6.863690083685255e-16,0.0,0.0,0.0
n_5299,0,-1,1,9.011270123648017e-16,0.0,0.0,0.0
n_53,0,-1,1,5.023382362646424e-16,0.0,0.0,0.0
n_5300,0,-1,1,7.274525415300825e-16,0.0,0.0,0.0
n_53002,0,-1,1,1.1435769586265443e-15,0.0,0.0,0.0
n_53003,0,-1,3,3.139105161315621e-15,0.0,0.0,0.0
n_5301,0,-1,1,7.081191203881215e-16,0.0,0.0,0.0
n_5302,0,-1,1,7.0537589830932e-16,0.0,0.0,0.0
n_5303,0,-1,1,8.334599324888198e-16,0.0,0.0,0.0
n_5304,0,-1,1,7.271260632684751e-16,0.0,0.0,0.0
n_5305,0,-1,1,6.608596053103374e-16,0.0,0.0,0.0
n_5306,0,-1,1,6.101093086382408e-16,0.0,0.0,0.0
n_5307,0,-1,1,7.923763993272629e-16,0.0,0.0,0.0
n_5308,0,-1,1,6.753596976365878e-16,0.0,0.0,0.0
n_5309,0,-1,1,7.129525021433913e-16,0.0,0.0,0.0
n_5310,0,-1,1,7.008691006947759e-16,0.0,0.0,0.0
n_53101,0,-1,9,7.498140631068302e-15,0.0,0.0,0.0
n_53102,0,-1,1,6.452386236970736e-16,0.0,0.0,0.0
n_5311,0,-1,1,7.692836871467097e-16,0.0,0.0,0.0
n_5312,0,-1,1,7.081191203881215e-16,0.0,0.0,0.0
n_5313,0,-1,1,7.088666799036326e-16,0.0,0.0,0.0
n_5314,0,-1,1,7.029592603712443e-16,0.0,0.0,0.0
n_5315,0,-1,1,5.980259601291846e-16,0.0,0.0,0.0
n_5316,0,-1,1,6.750331664354212e-16,0.0,0.0,0.0
n_5317,0,-1,1,6.66709056025398e-16,0.0,0.0,0.0
n_5318,0,-1,1,6.125259995158757e-16,0.0,0.0,0.0
n_5319,0,-1,1,8.476335465534628e-16,0.0,0.0,0.0
n_532,0,-1,1,7.036543567835848e-16,0.0,0.0,0.0
n_5320,0,-1,1,7.537095041037817e-16,0.0,0.0,0.0
n_5321,0,-1,1,7.347026141629872e-16,0.0,0.0,0.0
n_5322,0,-1,1,8.141265113468588e-16,0.0,0.0,0.0
n_5323,0,-1,1,6.101093086382408e-16,0.0,0.0,0.0
n_5324,0,-1,1,7.923763993272629e-16,0.0,0.0,0.0
n_5325,0,-1,1,8.072030228546798e-16,0.0,0.0,0.0
n_5326,0,-1,1,6.763757665963785e-16,0.0,0.0,0.0
n_53263,0,-1,1,1.2483043239833029e-15,0.0,0.0,0.0
n_53264,0,-1,1,1.2511248378185413e-15,0.0,0.0,0.0
n_5327,0,-1,1,7.827096887562824e-16,0.0,0.0,0.0
n_5328,0,-1,1,7.827096887562824e-16,0.0,0.0,0.0
n_5329,0,-1,1,7.126259709422248e-16,0.0,0.0,0.0
n_5330,0,-1,1,7.202025218367369e-16,0.0,0.0,0.0
n_5331,0,-1,1,7.161167525365374e-16,0.0,0.0,0.0
n_5332,0,-1,1,6.449588910662429e-16,0.0,0.0,0.0
n_5333,0,-1,11,6.055023917293312e-15,0.0,0.0,0.0
n_5335,0,-1,1,7.754596161233776e-16,0.0,0.0,0.0
n_5336,0,-1,16,8.715616661540693e-15,0.0,0.0,0.0
n_53365,0,-1,6,8.753412965713074e-15,0.0,0.0,0.0
n_53366,0,-1,3,1.5981630242754559e-15,0.0,0.0,0.0
n_53367,0,-1,1,7.264211730376819e-16,0.0,0.0,0.0
n_53368,0,-1,1,7.996273189931149e-16,0.0,0.0,0.0
n_53369,0,-1,1,7.555842527138515e-16,0.0,0.0,0.0
n_5337,0,-1,1,6.173593812711456e-16,0.0,0.0,0.0
n_53370,0,-1,3,3.923605265964162e-15,0.0,0.0,0.0
n_53371,0,-1,1,1.0186758095650302e-15,0.0,0.0,0.0
n_53372,0,-1,1,9.087826020212045e-16,0.0,0.0,0.0
n_5338,0,-1,11,5.963879360520487e-15,0.0,0.0,0.0
n_534,0,-1,3,2.9427821941416243e-15,0.0,0.0,0.0
n_5340,0,-1,1,8.548835662468084e-16,0.0,0.0,0.0
n_5341,0,-1,11,6.2039149452451994e-15,0.0,0.0,0.0
n_5343,0,-1,1,6.318594206578367e-16,0.0,0.0,0.0
n_5344,0,-1,1,6.981258786159744e-16,0.0,0.0,0.0
n_5345,0,-1,1,7.68209596430032e-16,0.0,0.0,0.0
n_5346,0,-1,1,7.016166072707278e-16,0.0,0.0,0.0
n_5347,0,-1,1,6.936190810014303e-16,0.0,0.0,0.0
n_5348,0,-1,1,7.088666799036326e-16,0.0,0.0,0.0
n_5349,0,-1,1,8.88717132654579e-16,0.0,0.0,0.0
n_5350,0,-1,1,7.68209596430032e-16,0.0,0.0,0.0
n_5351,0,-1,1,6.943665875773822e-16,0.0,0.0,0.0
n_5352,0,-1,1,6.622022054712947e-16,0.0,0.0,0.0
n_5353,0,-1,1,7.029592603712443e-16,0.0,0.0,0.0
n_5354,0,-1,1,8.217031151809301e-16,0.0,0.0,0.0
n_5355,0,-1,1,7.461330061488288e-16,0.0,0.0,0.0
n_5356,0,-1,1,2.3913821684456776e-15,0.0,0.0,0.0
n_5357,0,-1,1,7.057024295104865e-16,0.0,0.0,0.0
n_5358,0,-1,1,9.304536223393505e-16,0.0,0.0,0.0
n_5359,0,-1,1,6.246094009644911e-16,0.0,0.0,0.0
n_5360,0,-1,1,6.677831467420757e-16,0.0,0.0,0.0
n_5361,0,-1,1,7.112833707812675e-16,0.0,0.0,0.0
n_5362,0,-1,1,6.173593283315864e-16,0.0,0.0,0.0
n_5363,0,-1,1,7.754596161233776e-16,0.0,0.0,0.0
n_5364,0,-1,1,7.067765202271642e-16,0.0,0.0,0.0
n_5365,0,-1,1,7.008690477552167e-16,0.0,0.0,0.0
n_5366,0,-1,1,6.33202020818794e-16,0.0,0.0,0.0
n_5367,0,-1,1,7.754596690629368e-16,0.0,0.0,0.0
n_5368,0,-1,1,7.102092800645898e-16,0.0,0.0,0.0
n_5369,0,-1,1,6.884591680449939e-16,0.0,0.0,0.0
n_5370,0,-1,1,7.161167525365374e-16,0.0,0.0,0.0
n_5371,0,-1,1,7.008690477552167e-16,0.0,0.0,0.0
n_5372,0,-1,1,8.403834739205581e-16,0.0,0.0,0.0
n_5373,0,-1,1,6.936190810014303e-16,0.0,0.0,0.0
n_5374,0,-1,1,7.271260632684751e-16,0.0,0.0,0.0
n_5375,0,-1,1,7.754596690629368e-16,0.0,0.0,0.0
n_5376,0,-1,1,1.6442472281993654e-15,0.0,0.0,0.0
n_5377,0,-1,1,7.537095041037817e-16,0.0,0.0,0.0
n_5378,0,-1,1,7.347026141629872e-16,0.0,0.0,0.0
n_5379,0,-1,1,6.981258786159744e-16,0.0,0.0,0.0
n_5380,0,-1,1,1.001285058487597e-15,0.0,0.0,0.0
n_5381,0,-1,1,8.258834345338669e-16,0.0,0.0,0.0
n_5382,0,-1,1,6.967832784550172e-16,0.0,0.0,0.0
n_5383,0,-1,1,7.68209596430032e-16,0.0,0.0,0.0
n_5384,0,-1,1,6.798665481906911e-16,0.0,0.0,0.0
n_5385,0,-1,1,8.258833815943077e-16,0.0,0.0,0.0
n_5386,0,-1,1,6.777763885142227e-16,0.0,0.0,0.0
n_5387,0,-1,1,1.0147109542180512e-15,0.0,0.0,0.0
n_5388,0,-1,1,7.754596161233776e-16,0.0,0.0,0.0
n_5389,0,-1,1,7.029592603712443e-16,0.0,0.0,0.0
n_5390,0,-1,1,6.653664029248815e-16,0.0,0.0,0.0
n_5391,0,-1,1,7.274525944696417e-16,0.0,0.0,0.0
n_5392,0,-1,1,6.125259995158757e-16,0.0,0.0,0.0
n_5393,0,-1,1,7.057024824500457e-16,0.0,0.0,0.0
n_5394,0,-1,1,8.258833815943077e-16,0.0,0.0,0.0
n_5395,0,-1,1,6.912023371842362e-16,0.0,0.0,0.0
n_5396,0,-1,1,1.0812246399176688e-15,0.0,0.0,0.0
n_5397,0,-1,1,7.765337597796145e-16,0.0,0.0,0.0
n_5398,0,-1,1,7.982838188596512e-16,0.0,0.0,0.0
n_5399,0,-1,1,6.839523174908906e-16,0.0,0.0,0.0
n_5400,0,-1,1,7.0537589830932e-16,0.0,0.0,0.0
n_5401,0,-1,1,6.187019814321028e-16,0.0,0.0,0.0
n_5402,0,-1,1,6.332020737583532e-16,0.0,0.0,0.0
n_5403,0,-1,1,7.4887617528807105e-16,0.0,0.0,0.0
n_5404,0,-1,1,6.912023371842362e-16,0.0,0.0,0.0
n_5405,0,-1,1,8.403835268601173e-16,0.0,0.0,0.0
n_5406,0,-1,1,6.052759798225301e-16,0.0,0.0,0.0
n_5407,0,-1,1,6.967832784550172e-16,0.0,0.0,0.0
n_5408,0,-1,1,6.594589833924932e-16,0.0,0.0,0.0
n_5409,0,-1,1,7.198759906355703e-16,0.0,0.0,0.0
n_5410,0,-1,1,7.4887617528807105e-16,0.0,0.0,0.0
n_5411,0,-1,1,6.981258786159744e-16,0.0,0.0,0.0
n_5412,0,-1,1,8.044598007758783e-16,0.0,0.0,0.0
n_5413,0,-1,1,5.980259601291846e-16,0.0,0.0,0.0
n_5414,0,-1,1,6.718689160422752e-16,0.0,0.0,0.0
n_5415,0,-1,1,7.029592603712443e-16,0.0,0.0,0.0
n_5416,0,-1,1,6.404520934516988e-16,0.0,0.0,0.0
n_5417,0,-1,1,5.901046138855808e-16,0.0,0.0,0.0
n_5418,0,-1,1,6.936953139666832e-16,0.0,0.0,0.0
n_5419,0,-1,1,6.646951822537417e-16,0.0,0.0,0.0
n_5420,0,-1,1,8.220479105300218e-16,0.0,0.0,0.0
n_5421,0,-1,1,6.89130441655693e-16,0.0,0.0,0.0
n_5422,0,-1,1,8.91805097142913e-16,0.0,0.0,0.0
n_5423,0,-1,1,7.471307580211352e-16,0.0,0.0,0.0
n_5424,0,-1,1,6.072898535941864e-16,0.0,0.0,0.0
n_5425,0,-1,1,6.384382196800425e-16,0.0,0.0,0.0
n_5426,0,-1,1,7.833809623669814e-16,0.0,0.0,0.0
n_5427,0,-1,1,7.036305339819433e-16,0.0,0.0,0.0
n_5428,0,-1,1,7.833809623669814e-16,0.0,0.0,0.0
n_5429,0,-1,1,7.398807383277896e-16,0.0,0.0,0.0
n_543,0,-1,2,1.270804377798574e-15,0.0,0.0,0.0
n_5430,0,-1,1,7.806958149846261e-16,0.0,0.0,0.0
n_5431,0,-1,1,6.936953139666832e-16,0.0,0.0,0.0
n_5432,0,-1,1,7.833809623669814e-16,0.0,0.0,0.0
n_5433,0,-1,1,6.870402819792246e-16,0.0,0.0,0.0
n_5434,0,-1,1,6.191047455985223e-16,0.0,0.0,0.0
n_5435,0,-1,1,7.299455183125295e-16,0.0,0.0,0.0
n_5436,0,-1,1,7.785476335512708e-16,0.0,0.0,0.0
n_5437,0,-1,1,7.899597613891872e-16,0.0,0.0,0.0
n_5438,0,-1,1,7.161167525365374e-16,0.0,0.0,0.0
n_5439,0,-1,1,5.921184347176779e-16,0.0,0.0,0.0
n_5440,0,-1,1,7.112833707812675e-16,0.0,0.0,0.0
n_5441,0,-1,1,6.739590757187436e-16,0.0,0.0,0.0
n_5442,0,-1,1,7.419526338563328e-16,0.0,0.0,0.0
n_5443,0,-1,1,7.274525944696417e-16,0.0,0.0,0.0
n_5444,0,-1,1,7.447903530483123e-16,0.0,0.0,0.0
n_5445,0,-1,1,7.008690477552167e-16,0.0,0.0,0.0
n_5446,0,-1,1,7.247093723908402e-16,0.0,0.0,0.0
n_5447,0,-1,1,7.523669568823836e-16,0.0,0.0,0.0
n_5448,0,-1,1,6.197760192092213e-16,0.0,0.0,0.0
n_5449,0,-1,1,7.198759906355703e-16,0.0,0.0,0.0
n_5450,0,-1,1,6.718689160422752e-16,0.0,0.0,0.0
n_5451,0,-1,1,6.125259995158757e-16,0.0,0.0,0.0
n_5452,0,-1,1,7.851263266943581e-16,0.0,0.0,0.0
n_5453,0,-1,1,6.895332058221124e-16,0.0,0.0,0.0
n_5454,0,-1,1,7.827096887562824e-16,0.0,0.0,0.0
n_5455,0,-1,1,7.561261949814166e-16,0.0,0.0,0.0
n_5456,0,-1,1,6.404520934516988e-16,0.0,0.0,0.0
n_54564,0,-1,1,1.0671472699716575e-15,0.0,0.0,0.0
n_54566,0,-1,1,9.52472984957055e-16,0.0,0.0,0.0
n_5457,0,-1,1,6.839523174908906e-16,0.0,0.0,0.0
n_5458,0,-1,1,5.980259601291846e-16,0.0,0.0,0.0
n_5459,0,-1,1,6.957091877383395e-16,0.0,0.0,0.0
n_5460,0,-1,1,6.812090954120891e-16,0.0,0.0,0.0
n_5461,0,-1,1,6.332020737583532e-16,0.0,0.0,0.0
n_5462,0,-1,1,6.957092406778987e-16,0.0,0.0,0.0
n_5463,0,-1,1,7.347026141629872e-16,0.0,0.0,0.0
n_5464,0,-1,1,6.594590363320524e-16,0.0,0.0,0.0
n_5465,0,-1,1,7.319593920841858e-16,0.0,0.0,0.0
n_5466,0,-1,1,6.428687843293337e-16,0.0,0.0,0.0
n_5467,0,-1,1,7.886171612282299e-16,0.0,0.0,0.0
n_5468,0,-1,1,7.533829729026152e-16,0.0,0.0,0.0
n_5469,0,-1,1,7.996264190206085e-16,0.0,0.0,0.0
n_5470,0,-1,1,6.549521328383899e-16,0.0,0.0,0.0
n_5471,0,-1,1,6.750331664354212e-16,0.0,0.0,0.0
n_5472,0,-1,1,7.89959708449628e-16,0.0,0.0,0.0
n_5473,0,-1,1,6.798664952511319e-16,0.0,0.0,0.0
n_5474,0,-1,1,6.052759798225301e-16,0.0,0.0,0.0
n_5475,0,-1,1,5.993685073505826e-16,0.0,0.0,0.0
n_5476,0,-1,1,8.452168556758279e-16,0.0,0.0,0.0
n_5477,0,-1,1,7.71297560918366e-16,0.0,0.0,0.0
n_5478,0,-1,1,7.154454259862791e-16,0.0,0.0,0.0
n_5479,0,-1,1,1.6126287588277832e-15,0.0,0.0,0.0
n_5480,0,-1,1,7.688809229802903e-16,0.0,0.0,0.0
n_5481,0,-1,1,8.576267883256099e-16,0.0,0.0,0.0
n_5482,0,-1,1,8.403834739205581e-16,0.0,0.0,0.0
n_5483,0,-1,1,8.044598537154375e-16,0.0,0.0,0.0
n_5484,0,-1,1,6.763757665963785e-16,0.0,0.0,0.0
n_5485,0,-1,1,7.754596690629368e-16,0.0,0.0,0.0
n_5486,0,-1,1,7.872165393103857e-16,0.0,0.0,0.0
n_5487,0,-1,1,9.784606969326457e-16,0.0,0.0,0.0
n_5488,0,-1,1,8.072030228546798e-16,0.0,0.0,0.0
n_5489,0,-1,1,1.1554781950519409e-15,0.0,0.0,0.0
n_549,0,-1,3,3.2900011162536593e-15,0.0,0.0,0.0
n_5490,0,-1,1,8.669669676954238e-16,0.0,0.0,0.0
n_5491,0,-1,1,7.316329138225784e-16,0.0,0.0,0.0
n_5492,0,-1,1,7.247093723908402e-16,0.0,0.0,0.0
n_5493,0,-1,1,7.247093723908402e-16,0.0,0.0,0.0
n_5494,0,-1,1,7.343760829618207e-16,0.0,0.0,0.0
n_5495,0,-1,1,7.464594844104361e-16,0.0,0.0,0.0
n_5496,0,-1,1,6.957091877383395e-16,0.0,0.0,0.0
n_5497,0,-1,1,6.41123420001957e-16,0.0,0.0,0.0
n_5498,0,-1,1,6.601882787600792e-16,0.0,0.0,0.0
n_5499,0,-1,1,6.69797020513732e-16,0.0,0.0,0.0
n_55,0,-1,1,8.456827237968178e-16,0.0,0.0,0.0
n_550,0,-1,2,1.3972680908895356e-15,0.0,0.0,0.0
n_5500,0,-1,1,7.323622091901644e-16,0.0,0.0,0.0
n_5501,0,-1,1,6.526117278655671e-16,0.0,0.0,0.0
n_5502,0,-1,1,6.000398339008409e-16,0.0,0.0,0.0
n_5503,0,-1,1,6.556234593886481e-16,0.0,0.0,0.0
n_5504,0,-1,1,6.598618004984718e-16,0.0,0.0,0.0
n_5505,0,-1,1,6.384382196800425e-16,0.0,0.0,0.0
n_5506,0,-1,1,7.108806066148481e-16,0.0,0.0,0.0
n_5507,0,-1,1,6.888619322114133e-16,0.0,0.0,0.0
n_5508,0,-1,1,6.942903546121293e-16,0.0,0.0,0.0
n_5509,0,-1,1,7.751331378617703e-16,0.0,0.0,0.0
n_5510,0,-1,1,5.993685602901418e-16,0.0,0.0,0.0
n_5511,0,-1,1,7.153691930210262e-16,0.0,0.0,0.0
n_5512,0,-1,1,5.921184876572371e-16,0.0,0.0,0.0
n_5513,0,-1,1,7.029592603712443e-16,0.0,0.0,0.0
n_5514,0,-1,1,7.851263796339173e-16,0.0,0.0,0.0
n_5515,0,-1,1,7.040333510879219e-16,0.0,0.0,0.0
n_5516,0,-1,1,6.581164361710952e-16,0.0,0.0,0.0
n_5517,0,-1,1,6.791952216404328e-16,0.0,0.0,0.0
n_5518,0,-1,1,7.707025202729199e-16,0.0,0.0,0.0
n_5519,0,-1,1,1.030724429723249e-15,0.0,0.0,0.0
n_552,0,-1,3,2.1644827941834583e-15,0.0,0.0,0.0
n_5520,0,-1,1,7.154454259862791e-16,0.0,0.0,0.0
n_5521,0,-1,1,7.543808306540399e-16,0.0,0.0,0.0
n_5522,0,-1,13,1.2324366651999749e-14,0.0,0.0,0.0
n_5523,0,-1,1,8.075478182037715e-16,0.0,0.0,0.0
n_5524,0,-1,1,7.996264190206085e-16,0.0,0.0,0.0
n_5525,0,-1,1,8.258834345338669e-16,0.0,0.0,0.0
n_5526,0,-1,1,7.419526338563328e-16,0.0,0.0,0.0
n_5527,0,-1,1,7.996264719601677e-16,0.0,0.0,0.0
n_5528,0,-1,1,6.529382590667336e-16,0.0,0.0,0.0
n_5529,0,-1,8,3.0121690155983285e-15,0.0,0.0,0.0
n_5530,0,-1,1,6.536095856169918e-16,0.0,0.0,0.0
n_5532,0,-1,2,7.690909342116501e-16,0.0,0.0,0.0
n_5533,0,-1,1,6.871165678840367e-16,0.0,0.0,0.0
n_5534,0,-1,1,7.7787635994057175e-16,0.0,0.0,0.0
n_5536,0,-1,1,7.851263796339173e-16,0.0,0.0,0.0
n_5537,0,-1,1,7.68209596430032e-16,0.0,0.0,0.0
n_556,0,-1,3,2.298335387431556e-15,0.0,0.0,0.0
n_557,0,-1,3,1.964654804673723e-15,0.0,0.0,0.0
n_56,0,-1,1,6.99091919692318e-16,0.0,0.0,0.0
n_560,0,-1,1,7.451168842494789e-16,0.0,0.0,0.0
n_56056,0,-1,1,1.1459702502190114e-15,0.0,0.0,0.0
n_56057,0,-1,1,1.266501132789167e-15,0.0,0.0,0.0
n_56059,0,-1,1,7.225723612044768e-16,0.0,0.0,0.0
n_56060,0,-1,1,7.091042197057782e-16,0.0,0.0,0.0
n_56062,0,-1,1,6.549040637186332e-16,0.0,0.0,0.0
n_5674,0,-1,3,2.2550706385517007e-15,0.0,0.0,0.0
n_56842,0,-1,23,1.9083594703398973e-14,0.0,0.0,0.0
n_56844,0,-1,1,1.736369472751559e-15,0.0,0.0,0.0
n_56845,0,-1,2,1.2781182955398781e-15,0.0,0.0,0.0
n_56846,0,-1,1,1.265135186282601e-15,0.0,0.0,0.0
n_56847,0,-1,2,1.4851785699906256e-15,0.0,0.0,0.0
n_56848,0,-1,2,1.4452218024071537e-15,0.0,0.0,0.0
n_56849,0,-1,1,9.556695814208743e-16,0.0,0.0,0.0
n_56850,0,-1,1,7.515909158840211e-16,0.0,0.0,0.0
n_56851,0,-1,1,1.2071582162627675e-15,0.0,0.0,0.0
n_56852,0,-1,1,7.511350533397207e-16,0.0,0.0,0.0
n_56853,0,-1,1,6.084514004626681e-16,0.0,0.0,0.0
n_56854,0,-1,1,6.342293129651358e-16,0.0,0.0,0.0
n_56855,0,-1,1,6.86859228686749e-16,0.0,0.0,0.0
n_56856,0,-1,1,1.288251244808763e-15,0.0,0.0,0.0
n_56857,0,-1,1,1.846277291613725e-15,0.0,0.0,0.0
n_56858,0,-1,1,1.326894687807517e-15,0.0,0.0,0.0
n_56859,0,-1,2,1.5678440093240802e-15,0.0,0.0,0.0
n_56860,0,-1,1,1.221658361528577e-15,0.0,0.0,0.0
n_56861,0,-1,2,1.073315046256208e-15,0.0,0.0,0.0
n_56863,0,-1,1,6.698501718311722e-16,0.0,0.0,0.0
n_56864,0,-1,2,1.270856152687475e-15,0.0,0.0,0.0
n_56865,0,-1,12,7.663594117754326e-15,0.0,0.0,0.0
n_56866,0,-1,1,6.724522041055782e-16,0.0,0.0,0.0
n_56867,0,-1,1,6.739122242088486e-16,0.0,0.0,0.0
n_56868,0,-1,3,2.4081445269553666e-15,0.0,0.0,0.0
n_56869,0,-1,1,7.734630006480216e-16,0.0,0.0,0.0
n_5687,0,-1,2,1.070031840673532e-15,0.0,0.0,0.0
n_56870,0,-1,1,7.955231267263126e-16,0.0,0.0,0.0
n_56871,0,-1,1,5.662130437566484e-16,0.0,0.0,0.0
n_56879,0,-1,4,2.9504093023151757e-15,0.0,0.0,0.0
n_56881,0,-1,4,2.5853694422676207e-15,0.0,0.0,0.0
n_5691,0,-1,3,1.8880194987708904e-15,0.0,0.0,0.0
n_57,0,-1,1,2.390124112760768e-15,0.0,0.0,0.0
n_57041,0,-1,2,1.6075710192206094e-15,0.0,0.0,0.0
n_5706,0,-1,2,1.3611034898109212e-15,0.0,0.0,0.0
n_57084,0,-1,6,4.129535916100628e-15,0.0,0.0,0.0
n_57289,0,-1,3,2.6898888610358282e-15,0.0,0.0,0.0
n_573,0,-1,7,7.085415357189172e-15,0.0,0.0,0.0
n_5741,0,-1,2,1.0791223041425836e-15,0.0,0.0,0.0
n_5748,0,-1,3,2.442803421091118e-15,0.0,0.0,0.0
n_57733,0,-1,1,6.586449847301818e-16,0.0,0.0,0.0
n_57758,0,-1,1,8.459973965367228e-16,0.0,0.0,0.0
n_57759,0,-1,1,6.760140835279009e-16,0.0,0.0,0.0
n_57760,0,-1,1,7.932490020816124e-16,0.0,0.0,0.0
n_5789,0,-1,1,1.2362381278914285e-15,0.0,0.0,0.0
n_57963,0,-1,1,7.448453043107654e-16,0.0,0.0,0.0
n_57964,0,-1,2,1.2124793831165374e-15,0.0,0.0,0.0
n_57965,0,-1,4,4.4195095987801386e-15,0.0,0.0,0.0
n_57966,0,-1,1,1.0198219510217836e-15,0.0,0.0,0.0
n_58,0,-1,1,5.558029029557746e-16,0.0,0.0,0.0
n_58150,0,-1,1,7.435644846153985e-16,0.0,0.0,0.0
n_5845,0,-1,1,9.98426428169732e-16,0.0,0.0,0.0
n_5846,0,-1,1,1.1368302353225454e-15,0.0,0.0,0.0
n_5847,0,-1,1,8.64071914960827e-16,0.0,0.0,0.0
n_5848,0,-1,1,9.586489139337229e-16,0.0,0.0,0.0
n_5849,0,-1,1,4.426196606261356e-16,0.0,0.0,0.0
n_58646,0,-1,2,2.0355684030178532e-15,0.0,0.0,0.0
n_58647,0,-1,1,1.146172902851642e-15,0.0,0.0,0.0
n_58648,0,-1,1,1.2137641203392854e-15,0.0,0.0,0.0
n_58649,0,-1,3,1.679050859089979e-15,0.0,0.0,0.0
n_58650,0,-1,2,1.4679980948423483e-15,0.0,0.0,0.0
n_58710,0,-1,1,6.393567739717805e-16,0.0,0.0,0.0
n_58734,0,-1,2,2.0861457990895916e-15,0.0,0.0,0.0
n_58735,0,-1,1,8.163148209660903e-16,0.0,0.0,0.0
n_588,0,-1,1,6.858207662934152e-16,0.0,0.0,0.0
n_589,0,-1,1,7.419421518236105e-16,0.0,0.0,0.0
n_58959,0,-1,20,1.6303991712479995e-14,0.0,0.0,0.0
n_58960,0,-1,2,1.994784613640506e-15,0.0,0.0,0.0
n_59,0,-1,1,1.6711017725173525e-15,0.0,0.0,0.0
n_59252,0,-1,1,6.818362703699718e-16,0.0,0.0,0.0
n_59256,0,-1,5,3.649791701368843e-15,0.0,0.0,0.0
n_59338,0,-1,1,7.091673236603487e-16,0.0,0.0,0.0
n_59339,0,-1,4,2.5981234291126655e-15,0.0,0.0,0.0
n_59340,0,-1,1,8.270079766504654e-16,0.0,0.0,0.0
n_59341,0,-1,1,9.190344535400601e-16,0.0,0.0,0.0
n_59474,0,-1,11,8.857865680636685e-15,0.0,0.0,0.0
n_59476,0,-1,1,7.577835737613973e-16,0.0,0.0,0.0
n_59477,0,-1,3,2.9472244584334995e-15,0.0,0.0,0.0
n_59639,0,-1,7,4.698570532483699e-15,0.0,0.0,0.0
n_59640,0,-1,2,1.4018214223766195e-15,0.0,0.0,0.0
n_59641,0,-1,1,7.781688510051705e-16,0.0,0.0,0.0
n_59642,0,-1,1,7.999048281624591e-16,0.0,0.0,0.0
n_59643,0,-1,1,7.904069418457782e-16,0.0,0.0,0.0
n_59644,0,-1,1,6.871758072507853e-16,0.0,0.0,0.0
n_597,0,-1,1,1.0065821907814885e-15,0.0,0.0,0.0
n_59759,0,-1,1,6.888860197108509e-16,0.0,0.0,0.0
n_59763,0,-1,2,1.4676197887522808e-15,0.0,0.0,0.0
n_59764,0,-1,1,6.080654181365162e-16,0.0,0.0,0.0
n_6,0,-1,1,8.263083803755926e-16,0.0,0.0,0.0
n_603,0,-1,1,1.2893019891798319e-15,0.0,0.0,0.0
n_6044,0,-1,1,6.578590969738075e-16,0.0,0.0,0.0
n_60456,0,-1,1,9.619640950101578e-16,0.0,0.0,0.0
n_6051,0,-1,1,1.3623047942883646e-15,0.0,0.0,0.0
n_60588,0,-1,1,8.747365362227915e-16,0.0,0.0,0.0
n_6065,0,-1,1,7.193916995479777e-16,0.0,0.0,0.0
n_607,0,-1,1,8.362123131113635e-16,0.0,0.0,0.0
n_6071,0,-1,5,3.022624155024525e-15,0.0,0.0,0.0
n_608,0,-1,3,3.234513046670214e-15,0.0,0.0,0.0
n_60873,0,-1,32,2.5257311230008662e-14,0.0,0.0,0.0
n_60874,0,-1,1,8.2421329732011825e-16,0.0,0.0,0.0
n_6115,0,-1,1,7.061704681534037e-16,0.0,0.0,0.0
n_6122,0,-1,12,8.728027388283863e-15,0.0,0.0,0.0
n_61228,0,-1,16,1.3113975847627891e-14,0.0,0.0,0.0
n_61229,0,-1,1,7.853192913876545e-16,0.0,0.0,0.0
n_61242,0,-1,33,2.5072390385095893e-14,0.0,0.0,0.0
n_61243,0,-1,4,3.1690606932535063e-15,0.0,0.0,0.0
n_61244,0,-1,16,1.454014893784248e-14,0.0,0.0,0.0
n_61245,0,-1,1,9.084705762592597e-16,0.0,0.0,0.0
n_6136,0,-1,1,6.908290074127338e-16,0.0,0.0,0.0
n_6138,0,-1,3,1.6507168658504937e-15,0.0,0.0,0.0
n_6141,0,-1,1,1.4258072778604932e-15,0.0,0.0,0.0
n_6144,0,-1,3,1.7639453715032516e-15,0.0,0.0,0.0
n_6146,0,-1,1,6.784653968772549e-16,0.0,0.0,0.0
n_616,0,-1,1,1.1813653218650452e-15,0.0,0.0,0.0
n_61773,0,-1,1,8.532134290330597e-16,0.0,0.0,0.0
n_61785,0,-1,32,2.5960072443488927e-14,0.0,0.0,0.0
n_61786,0,-1,1,7.592894395229378e-16,0.0,0.0,0.0
n_61883,0,-1,1,7.879630400347128e-16,0.0,0.0,0.0
n_61885,0,-1,1,8.07296514116233e-16,0.0,0.0,0.0
n_61887,0,-1,1,8.652968304816752e-16,0.0,0.0,0.0
n_61889,0,-1,1,6.747056293826298e-16,0.0,0.0,0.0
n_61895,0,-1,1,7.869470240144812e-16,0.0,0.0,0.0
n_61901,0,-1,1,8.390398679079759e-16,0.0,0.0,0.0
n_61957,0,-1,1,7.866204928133147e-16,0.0,0.0,0.0
n_61963,0,-1,1,7.517128886284257e-16,0.0,0.0,0.0
n_62,0,-1,1,6.87190577387803e-16,0.0,0.0,0.0
n_62124,0,-1,1,8.459634093397142e-16,0.0,0.0,0.0
n_6232,0,-1,1,1.2073852210926317e-15,0.0,0.0,0.0
n_624,0,-1,1,6.668662335766729e-16,0.0,0.0,0.0
n_6242,0,-1,1,6.985102727553503e-16,0.0,0.0,0.0
n_6248,0,-1,1,1.1636442279381828e-15,0.0,0.0,0.0
n_6249,0,-1,2,1.6529659500836907e-15,0.0,0.0,0.0
n_625,0,-1,2,1.9906729039562967e-15,0.0,0.0,0.0
n_62612,0,-1,1,1.2157274368319025e-15,0.0,0.0,0.0
n_62613,0,-1,1,1.1968201791415288e-15,0.0,0.0,0.0
n_62614,0,-1,4,3.052067655545795e-15,0.0,0.0,0.0
n_62615,0,-1,1,8.677135213593101e-16,0.0,0.0,0.0
n_62634,0,-1,1,6.60496916390235e-16,0.0,0.0,0.0
n_62657,0,-1,1,7.447893471966875e-16,0.0,0.0,0.0
n_62717,0,-1,1,1.0239278373544805e-15,0.0,0.0,0.0
n_62718,0,-1,1,7.51368093279334e-16,0.0,0.0,0.0
n_62918,0,-1,5,4.268589503403104e-15,0.0,0.0,0.0
n_62919,0,-1,26,2.2819069293096746e-14,0.0,0.0,0.0
n_62920,0,-1,1,8.047290513739868e-16,0.0,0.0,0.0
n_62940,0,-1,11,1.8103972300779168e-14,0.0,0.0,0.0
n_6295,0,-1,1,1.127197141371659e-15,0.0,0.0,0.0
n_6297,0,-1,1,1.2374776547306168e-15,0.0,0.0,0.0
n_6299,0,-1,1,6.000080172257596e-16,0.0,0.0,0.0
n_63,0,-1,1,6.583704931157122e-16,0.0,0.0,0.0
n_6301,0,-1,1,7.814778381531786e-16,0.0,0.0,0.0
n_633,0,-1,4,1.9959721538325564e-15,0.0,0.0,0.0
n_634,0,-1,5,2.504435655915709e-15,0.0,0.0,0.0
n_635,0,-1,1,6.782643324314004e-16,0.0,0.0,0.0
n_636,0,-1,5,6.7286552442010275e-15,0.0,0.0,0.0
n_63778,0,-1,1,6.83041968830829e-16,0.0,0.0,0.0
n_63785,0,-1,23,1.7928861791461498e-14,0.0,0.0,0.0
n_63786,0,-1,1,7.302434621517262e-16,0.0,0.0,0.0
n_63999,0,-1,7,5.085687035752016e-15,0.0,0.0,0.0
n_64,0,-1,1,7.187264081074687e-16,0.0,0.0,0.0
n_640,0,-1,5,4.2951888790457304e-15,0.0,0.0,0.0
n_64000,0,-1,1,7.416662308410424e-16,0.0,0.0,0.0
n_64014,0,-1,1,6.141959779109468e-16,0.0,0.0,0.0
n_64102,0,-1,2,1.2214441680720401e-15,0.0,0.0,0.0
n_64103,0,-1,2,1.425428548253952e-15,0.0,0.0,0.0
n_64133,0,-1,1,7.007810622078206e-16,0.0,0.0,0.0
n_64191,0,-1,2,2.3767725441714354e-15,0.0,0.0,0.0
n_64192,0,-1,3,2.4410742033292984e-15,0.0,0.0,0.0
n_64296,0,-1,1,7.394950736389929e-16,0.0,0.0,0.0
n_64297,0,-1,1,7.494056767592234e-16,0.0,0.0,0.0
n_643,0,-1,5,3.5109579191161793e-15,0.0,0.0,0.0
n_644,0,-1,4,3.440972457124003e-15,0.0,0.0,0.0
n_64672,0,-1,1,1.2257441308287766e-15,0.0,0.0,0.0
n_64696,0,-1,5,3.3391783668635863e-15,0.0,0.0,0.0
n_64697,0,-1,1,7.198377153342663e-16,0.0,0.0,0.0
n_64708,0,-1,1,8.029529821022721e-16,0.0,0.0,0.0
n_64709,0,-1,1,7.826628901859466e-16,0.0,0.0,0.0
n_64710,0,-1,3,2.102631813100239e-15,0.0,0.0,0.0
n_64711,0,-1,1,7.366825536771942e-16,0.0,0.0,0.0
n_64713,0,-1,2,1.3544107648573098e-15,0.0,0.0,0.0
n_64714,0,-1,5,3.3388954578592034e-15,0.0,0.0,0.0
n_64715,0,-1,6,4.0171706429002405e-15,0.0,0.0,0.0
n_64716,0,-1,1,7.77864448539751e-16,0.0,0.0,0.0
n_64744,0,-1,4,3.4073350847226404e-15,0.0,0.0,0.0
n_64745,0,-1,1,1.1245160703353624e-15,0.0,0.0,0.0
n_64793,0,-1,5,2.833889120750269e-15,0.0,0.0,0.0
n_64794,0,-1,1,1.508861928833211e-15,0.0,0.0,0.0
n_64812,0,-1,1,8.678679989930656e-16,0.0,0.0,0.0
n_64813,0,-1,1,8.150413598694527e-16,0.0,0.0,0.0
n_64814,0,-1,6,6.3551437841315086e-15,0.0,0.0,0.0
n_64816,0,-1,3,3.2967513335685657e-15,0.0,0.0,0.0
n_64817,0,-1,3,3.606909387864673e-15,0.0,0.0,0.0
n_64818,0,-1,16,1.3656508073640796e-14,0.0,0.0,0.0
n_64819,0,-1,16,1.4005628796477654e-14,0.0,0.0,0.0
n_64833,0,-1,16,1.2882218315896695e-14,0.0,0.0,0.0
n_64834,0,-1,1,8.029529291627129e-16,0.0,0.0,0.0
n_64847,0,-1,4,2.471314338337461e-15,0.0,0.0,0.0
n_64848,0,-1,1,6.547089814429687e-16,0.0,0.0,0.0
n_64849,0,-1,1,7.514111331409664e-16,0.0,0.0,0.0
n_64851,0,-1,1,8.014388577694959e-16,0.0,0.0,0.0
n_64852,0,-1,15,9.825897284406263e-15,0.0,0.0,0.0
n_64853,0,-1,1,6.121214883440026e-16,0.0,0.0,0.0
n_64854,0,-1,1,8.651953982862415e-16,0.0,0.0,0.0
n_64855,0,-1,1,7.747500672113745e-16,0.0,0.0,0.0
n_64856,0,-1,1,7.525184169612645e-16,0.0,0.0,0.0
n_64861,0,-1,16,1.316634958882252e-14,0.0,0.0,0.0
n_64862,0,-1,1,7.503702884674684e-16,0.0,0.0,0.0
n_64974,0,-1,1,1.0049929452142026e-15,0.0,0.0,0.0
n_64993,0,-1,8,6.838407844275609e-15,0.0,0.0,0.0
n_64994,0,-1,8,7.166918561439875e-15,0.0,0.0,0.0
n_64995,0,-1,1,7.727612867907806e-16,0.0,0.0,0.0
n_64996,0,-1,1,7.096709906266097e-16,0.0,0.0,0.0
n_64997,0,-1,1,1.6430154305358208e-15,0.0,0.0,0.0
n_64998,0,-1,1,6.995943161091582e-16,0.0,0.0,0.0
n_65,0,-1,1,6.330900007115196e-16,0.0,0.0,0.0
n_65000,0,-1,3,2.6096513357665597e-15,0.0,0.0,0.0
n_65001,0,-1,1,4.508483210109151e-16,0.0,0.0,0.0
n_65029,0,-1,7,5.2728859757764264e-15,0.0,0.0,0.0
n_65030,0,-1,1,6.709934545517287e-16,0.0,0.0,0.0
n_65053,0,-1,1,9.05205687764068e-16,0.0,0.0,0.0
n_65054,0,-1,1,1.555299980770836e-15,0.0,0.0,0.0
n_65055,0,-1,12,7.175946238591711e-15,0.0,0.0,0.0
n_65056,0,-1,12,7.435039217596699e-15,0.0,0.0,0.0
n_65057,0,-1,1,9.37696601071322e-16,0.0,0.0,0.0
n_65058,0,-1,1,1.2871417375269782e-15,0.0,0.0,0.0
n_65236,0,-1,2,6.490750370855133e-15,0.0,0.0,0.0
n_65238,0,-1,1,7.144466153227887e-16,0.0,0.0,0.0
n_65239,0,-1,13,1.1388606156487614e-14,0.0,0.0,0.0
n_65240,0,-1,1,6.709463912835968e-16,0.0,0.0,0.0
n_65241,0,-1,1,7.044533735506417e-16,0.0,0.0,0.0
n_65242,0,-1,1,6.926964503636336e-16,0.0,0.0,0.0
n_65243,0,-1,1,7.213701038149677e-16,0.0,0.0,0.0
n_65244,0,-1,1,8.387133367068094e-16,0.0,0.0,0.0
n_65245,0,-1,1,7.211430460455444e-16,0.0,0.0,0.0
n_65246,0,-1,1,8.868199376714069e-16,0.0,0.0,0.0
n_65247,0,-1,1,6.80386044085154e-16,0.0,0.0,0.0
n_65248,0,-1,1,8.239861866111357e-16,0.0,0.0,0.0
n_65249,0,-1,1,8.650697727122518e-16,0.0,0.0,0.0
n_65250,0,-1,1,6.599784792869561e-16,0.0,0.0,0.0
n_65251,0,-1,1,7.549765595137557e-16,0.0,0.0,0.0
n_65252,0,-1,1,6.924693925942102e-16,0.0,0.0,0.0
n_65253,0,-1,1,8.000464944228874e-16,0.0,0.0,0.0
n_65254,0,-1,1,8.070694563468096e-16,0.0,0.0,0.0
n_65255,0,-1,1,8.129769288187571e-16,0.0,0.0,0.0
n_65256,0,-1,1,7.490691399813674e-16,0.0,0.0,0.0
n_65257,0,-1,1,7.791433624109866e-16,0.0,0.0,0.0
n_65258,0,-1,1,6.527284595936106e-16,0.0,0.0,0.0
n_65260,0,-1,1,8.505696803860015e-16,0.0,0.0,0.0
n_65261,0,-1,1,7.949860548981942e-16,0.0,0.0,0.0
n_65262,0,-1,1,8.2156954867306e-16,0.0,0.0,0.0
n_65263,0,-1,1,6.817285913065521e-16,0.0,0.0,0.0
n_65265,0,-1,1,8.239862395506949e-16,0.0,0.0,0.0
n_65266,0,-1,1,7.444628689350801e-16,0.0,0.0,0.0
n_65267,0,-1,1,8.749635939922149e-16,0.0,0.0,0.0
n_65268,0,-1,1,8.677135213593101e-16,0.0,0.0,0.0
n_65269,0,-1,1,8.964866482423874e-16,0.0,0.0,0.0
n_65270,0,-1,1,8.939704309934501e-16,0.0,0.0,0.0
n_65292,0,-1,2,1.5929072907168614e-15,0.0,0.0,0.0
n_65293,0,-1,2,1.4821245926993003e-15,0.0,0.0,0.0
n_65297,0,-1,1,8.554957593094365e-16,0.0,0.0,0.0
n_65298,0,-1,4,4.358946743051456e-15,0.0,0.0,0.0
n_65325,0,-1,5,4.415378619096379e-15,0.0,0.0,0.0
n_65326,0,-1,1,1.1115892887690777e-15,0.0,0.0,0.0
n_65327,0,-1,1,1.0962938854449148e-15,0.0,0.0,0.0
n_65328,0,-1,1,6.410857799753634e-16,0.0,0.0,0.0
n_65329,0,-1,1,1.1833024862154158e-15,0.0,0.0,0.0
n_65395,0,-1,3,2.9285662284296186e-15,0.0,0.0,0.0
n_655,0,-1,3,1.4130583732131319e-15,0.0,0.0,0.0
n_6552,0,-1,5,6.5387445281959826e-15,0.0,0.0,0.0
n_65577,0,-1,1,1.3544760922733668e-15,0.0,0.0,0.0
n_65578,0,-1,3,2.609626983569326e-15,0.0,0.0,0.0
n_65642,0,-1,11,9.365480667464926e-15,0.0,0.0,0.0
n_65643,0,-1,22,1.687076517441037e-14,0.0,0.0,0.0
n_65644,0,-1,2,2.0476470928456995e-15,0.0,0.0,0.0
n_65645,0,-1,2,1.0973534177828115e-15,0.0,0.0,0.0
n_65646,0,-1,2,1.3754950031012454e-15,0.0,0.0,0.0
n_65763,0,-1,19,1.660802063636977e-14,0.0,0.0,0.0
n_65764,0,-1,1,8.288195683664055e-16,0.0,0.0,0.0
n_6583,0,-1,1,6.599911318416057e-16,0.0,0.0,0.0
n_65879,0,-1,4,3.1342080403310704e-15,0.0,0.0,0.0
n_65895,0,-1,1,3.0796364603965544e-15,0.0,0.0,0.0
n_65896,0,-1,1,1.540608935454539e-15,0.0,0.0,0.0
n_65897,0,-1,1,1.9097717283728544e-15,0.0,0.0,0.0
n_65898,0,-1,1,7.252288682853031e-16,0.0,0.0,0.0
n_65899,0,-1,2,2.9761123053413706e-15,0.0,0.0,0.0
n_659,0,-1,2,1.2799773211008645e-15,0.0,0.0,0.0
n_65900,0,-1,4,7.082750168020636e-15,0.0,0.0,0.0
n_65902,0,-1,11,1.6045011388856993e-14,0.0,0.0,0.0
n_65905,0,-1,1,7.791433624109866e-16,0.0,0.0,0.0
n_65906,0,-1,2,3.733719537431061e-15,0.0,0.0,0.0
n_65908,0,-1,11,1.759290141952613e-14,0.0,0.0,0.0
n_65910,0,-1,4,8.822932347826024e-15,0.0,0.0,0.0
n_65911,0,-1,1,7.445622894272641e-16,0.0,0.0,0.0
n_65912,0,-1,2,4.310119528806982e-15,0.0,0.0,0.0
n_65914,0,-1,3,4.410597965142076e-15,0.0,0.0,0.0
n_65915,0,-1,8,1.4665062580639966e-14,0.0,0.0,0.0
n_65917,0,-1,4,8.454096933141822e-15,0.0,0.0,0.0
n_65918,0,-1,1,7.853193443272137e-16,0.0,0.0,0.0
n_65919,0,-1,3,4.892279344224232e-15,0.0,0.0,0.0
n_65920,0,-1,14,1.811691327014732e-14,0.0,0.0,0.0
n_65921,0,-1,1,8.312362063044813e-16,0.0,0.0,0.0
n_65922,0,-1,2,3.785394899960678e-15,0.0,0.0,0.0
n_65924,0,-1,3,4.585795718853314e-15,0.0,0.0,0.0
n_65925,0,-1,8,1.2474110218613048e-14,0.0,0.0,0.0
n_65927,0,-1,4,7.715567212364903e-15,0.0,0.0,0.0
n_65928,0,-1,1,7.46978980304899e-16,0.0,0.0,0.0
n_65929,0,-1,3,2.256015503804363e-15,0.0,0.0,0.0
n_65930,0,-1,12,1.888687807766274e-14,0.0,0.0,0.0
n_65931,0,-1,1,8.217966064424833e-16,0.0,0.0,0.0
n_65932,0,-1,7,1.184783184510511e-14,0.0,0.0,0.0
n_65933,0,-1,1,7.542290529378038e-16,0.0,0.0,0.0
n_65934,0,-1,4,5.838181365213843e-15,0.0,0.0,0.0
n_65936,0,-1,1,8.239862395506949e-16,0.0,0.0,0.0
n_65937,0,-1,2,3.525381831416736e-15,0.0,0.0,0.0
n_65941,0,-1,7,1.1483542456248823e-14,0.0,0.0,0.0
n_65947,0,-1,1,7.46978980304899e-16,0.0,0.0,0.0
n_65948,0,-1,2,2.029571197993056e-15,0.0,0.0,0.0
n_65949,0,-1,16,2.4174201730025116e-14,0.0,0.0,0.0
n_65950,0,-1,1,8.719933141439901e-16,0.0,0.0,0.0
n_65951,0,-1,2,2.0102378827302134e-15,0.0,0.0,0.0
n_65952,0,-1,16,2.0043875955701174e-14,0.0,0.0,0.0
n_65953,0,-1,1,7.397289606115535e-16,0.0,0.0,0.0
n_65954,0,-1,2,3.004317020177281e-15,0.0,0.0,0.0
n_65955,0,-1,13,2.272575167329774e-14,0.0,0.0,0.0
n_65958,0,-1,1,8.022360745915398e-16,0.0,0.0,0.0
n_65959,0,-1,2,1.5872641454640164e-15,0.0,0.0,0.0
n_65961,0,-1,1,7.722198739188075e-16,0.0,0.0,0.0
n_65962,0,-1,2,1.5634931187113901e-15,0.0,0.0,0.0
n_65964,0,-1,1,8.070694563468096e-16,0.0,0.0,0.0
n_65965,0,-1,2,1.592819728685939e-15,0.0,0.0,0.0
n_65967,0,-1,1,9.583406998200407e-16,0.0,0.0,0.0
n_65968,0,-1,2,1.7658411371183251e-15,0.0,0.0,0.0
n_65969,0,-1,16,2.205592648893851e-14,0.0,0.0,0.0
n_65970,0,-1,1,8.288196213059647e-16,0.0,0.0,0.0
n_65971,0,-1,2,1.8585995034139068e-15,0.0,0.0,0.0
n_65972,0,-1,4,9.013116655473032e-15,0.0,0.0,0.0
n_65975,0,-1,8,1.7237152663877008e-14,0.0,0.0,0.0
n_65977,0,-1,1,7.732359428785983e-16,0.0,0.0,0.0
n_65978,0,-1,1,1.4096212193922923e-15,0.0,0.0,0.0
n_65980,0,-1,16,2.2894484024522585e-14,0.0,0.0,0.0
n_65983,0,-1,1,6.720619336751308e-16,0.0,0.0,0.0
n_65984,0,-1,1,2.9421700010789963e-15,0.0,0.0,0.0
n_65989,0,-1,1,8.532134290330597e-16,0.0,0.0,0.0
n_65990,0,-1,5,6.438181812082637e-15,0.0,0.0,0.0
n_65992,0,-1,1,7.635691793680586e-16,0.0,0.0,0.0
n_65993,0,-1,2,1.5260996845845465e-15,0.0,0.0,0.0
n_65995,0,-1,1,8.516437711026791e-16,0.0,0.0,0.0
n_65996,0,-1,2,1.6504935667897738e-15,0.0,0.0,0.0
n_65997,0,-1,16,2.2645258132320163e-14,0.0,0.0,0.0
n_65998,0,-1,1,7.994929054522975e-16,0.0,0.0,0.0
n_65999,0,-1,2,1.848697688260504e-15,0.0,0.0,0.0
n_66,0,-1,1,5.913869688281646e-16,0.0,0.0,0.0
n_660,0,-1,1,7.657868175030887e-16,0.0,0.0,0.0
n_66000,0,-1,16,2.14762069754423e-14,0.0,0.0,0.0
n_66001,0,-1,1,7.746365118568833e-16,0.0,0.0,0.0
n_66002,0,-1,3,2.6661880321387057e-15,0.0,0.0,0.0
n_66003,0,-1,2,2.2428180952114305e-15,0.0,0.0,0.0
n_66004,0,-1,9,1.2650052514284922e-14,0.0,0.0,0.0
n_66005,0,-1,3,7.50188621076106e-15,0.0,0.0,0.0
n_66007,0,-1,1,8.661438634289295e-16,0.0,0.0,0.0
n_66008,0,-1,2,3.7613590695329165e-15,0.0,0.0,0.0
n_66010,0,-1,11,1.7420364196302218e-14,0.0,0.0,0.0
n_66011,0,-1,4,4.7075397643621744e-15,0.0,0.0,0.0
n_66014,0,-1,1,8.226436393897376e-16,0.0,0.0,0.0
n_66015,0,-1,4,7.059523254057502e-15,0.0,0.0,0.0
n_66016,0,-1,4,5.9697704746686404e-15,0.0,0.0,0.0
n_66017,0,-1,1,2.0638006464245495e-15,0.0,0.0,0.0
n_66023,0,-1,1,1.193738249762944e-15,0.0,0.0,0.0
n_66024,0,-1,3,3.3222137792377404e-15,0.0,0.0,0.0
n_66025,0,-1,1,1.984050165099952e-15,0.0,0.0,0.0
n_66026,0,-1,10,1.5036278157905952e-14,0.0,0.0,0.0
n_66030,0,-1,1,7.867199662450579e-16,0.0,0.0,0.0
n_66031,0,-1,2,3.338188397106483e-15,0.0,0.0,0.0
n_66032,0,-1,16,2.4814047030249226e-14,0.0,0.0,0.0
n_66054,0,-1,2,1.526146906671356e-15,0.0,0.0,0.0
n_66076,0,-1,4,3.151182157077573e-15,0.0,0.0,0.0
n_6615,0,-1,5,4.7775173912995884e-15,0.0,0.0,0.0
n_6616,0,-1,1,6.656789580824184e-16,0.0,0.0,0.0
n_66198,0,-1,3,2.674943176439763e-15,0.0,0.0,0.0
n_66199,0,-1,1,7.602065115070182e-16,0.0,0.0,0.0
n_666,0,-1,4,2.8467496219884312e-15,0.0,0.0,0.0
n_66658,0,-1,2,2.8324735169371704e-15,0.0,0.0,0.0
n_66659,0,-1,12,9.902829898873582e-15,0.0,0.0,0.0
n_66660,0,-1,1,5.051498033143754e-16,0.0,0.0,0.0
n_66661,0,-1,1,8.65431085203815e-16,0.0,0.0,0.0
n_66662,0,-1,1,1.0686627177934139e-15,0.0,0.0,0.0
n_66663,0,-1,1,9.576677321434472e-16,0.0,0.0,0.0
n_66664,0,-1,1,8.325110438296582e-16,0.0,0.0,0.0
n_66665,0,-1,1,7.474165787012743e-16,0.0,0.0,0.0
n_66666,0,-1,2,1.3216743178744703e-15,0.0,0.0,0.0
n_66667,0,-1,2,1.1050947695251238e-15,0.0,0.0,0.0
n_66668,0,-1,2,1.4743829233196328e-15,0.0,0.0,0.0
n_66669,0,-1,1,7.718255271423015e-16,0.0,0.0,0.0
n_66670,0,-1,2,2.452533500314465e-15,0.0,0.0,0.0
n_66671,0,-1,1,6.196411821519302e-16,0.0,0.0,0.0
n_66672,0,-1,11,7.942157843117848e-15,0.0,0.0,0.0
n_66673,0,-1,1,8.581729657579113e-16,0.0,0.0,0.0
n_66674,0,-1,1,7.233576666256999e-16,0.0,0.0,0.0
n_66675,0,-1,1,7.467338172062281e-16,0.0,0.0,0.0
n_66676,0,-1,1,5.61640865786488e-16,0.0,0.0,0.0
n_66677,0,-1,1,7.141517419780258e-16,0.0,0.0,0.0
n_66678,0,-1,1,6.856340484681048e-16,0.0,0.0,0.0
n_66679,0,-1,1,8.054168950667165e-16,0.0,0.0,0.0
n_66680,0,-1,2,1.0151405058014275e-15,0.0,0.0,0.0
n_66681,0,-1,1,8.314633170134638e-16,0.0,0.0,0.0
n_66682,0,-1,2,9.8357423483522e-16,0.0,0.0,0.0
n_66683,0,-1,1,9.405405141917284e-16,0.0,0.0,0.0
n_66799,0,-1,1,7.125898132232889e-16,0.0,0.0,0.0
n_66801,0,-1,2,4.6587430433038014e-15,0.0,0.0,0.0
n_66802,0,-1,1,7.694766518400061e-16,0.0,0.0,0.0
n_66803,0,-1,1,7.54456057767668e-16,0.0,0.0,0.0
n_66804,0,-1,1,7.681734387110961e-16,0.0,0.0,0.0
n_66805,0,-1,1,8.129768758791979e-16,0.0,0.0,0.0
n_66806,0,-1,1,7.085391428508412e-16,0.0,0.0,0.0
n_66807,0,-1,1,8.494541909340268e-16,0.0,0.0,0.0
n_66808,0,-1,1,6.867890308312453e-16,0.0,0.0,0.0
n_66809,0,-1,1,7.804859625719438e-16,0.0,0.0,0.0
n_66810,0,-1,1,8.000464414833282e-16,0.0,0.0,0.0
n_66812,0,-1,1,8.507967381554248e-16,0.0,0.0,0.0
n_66813,0,-1,1,7.334535052635832e-16,0.0,0.0,0.0
n_66814,0,-1,1,8.330972965082766e-16,0.0,0.0,0.0
n_66815,0,-1,1,8.314633170134638e-16,0.0,0.0,0.0
n_66816,0,-1,1,7.373122697339185e-16,0.0,0.0,0.0
n_66817,0,-1,16,2.2414182462111507e-14,0.0,0.0,0.0
n_66818,0,-1,1,8.2421329732011825e-16,0.0,0.0,0.0
n_66819,0,-1,1,8.435467184620792e-16,0.0,0.0,0.0
n_66820,0,-1,1,7.617061304005727e-16,0.0,0.0,0.0
n_66821,0,-1,1,8.45963356400155e-16,0.0,0.0,0.0
n_66822,0,-1,1,8.532134290330597e-16,0.0,0.0,0.0
n_66824,0,-1,2,3.690889316453148e-15,0.0,0.0,0.0
n_66825,0,-1,1,8.384863318769452e-16,0.0,0.0,0.0
n_66826,0,-1,1,7.953125860993607e-16,0.0,0.0,0.0
n_66827,0,-1,1,7.998193837139048e-16,0.0,0.0,0.0
n_66828,0,-1,1,7.735624211402056e-16,0.0,0.0,0.0
n_66829,0,-1,1,7.646433230242954e-16,0.0,0.0,0.0
n_66830,0,-1,1,8.669308099764879e-16,0.0,0.0,0.0
n_66831,0,-1,1,8.910977187528372e-16,0.0,0.0,0.0
n_66832,0,-1,1,6.85446430670288e-16,0.0,0.0,0.0
n_66833,0,-1,1,8.60236390956982e-16,0.0,0.0,0.0
n_66834,0,-1,1,7.447541953293764e-16,0.0,0.0,0.0
n_66835,0,-1,1,6.658859517589036e-16,0.0,0.0,0.0
n_66842,0,-1,9,1.6368657595805178e-14,0.0,0.0,0.0
n_66843,0,-1,9,1.620017257820093e-14,0.0,0.0,0.0
n_66855,0,-1,9,1.5104799735207036e-14,0.0,0.0,0.0
n_66856,0,-1,9,1.4583301878373298e-14,0.0,0.0,0.0
n_66868,0,-1,9,1.5535588833719312e-14,0.0,0.0,0.0
n_66869,0,-1,9,1.2844449116778626e-14,0.0,0.0,0.0
n_66881,0,-1,1,5.741312136267e-16,0.0,0.0,0.0
n_67,0,-1,1,8.519285859311934e-16,0.0,0.0,0.0
n_670,0,-1,1,7.590931396374116e-16,0.0,0.0,0.0
n_672,0,-1,1,8.106465823621829e-16,0.0,0.0,0.0
n_6721,0,-1,1,5.987654728316968e-16,0.0,0.0,0.0
n_67246,0,-1,16,2.047224931624788e-14,0.0,0.0,0.0
n_67247,0,-1,32,3.05472064743989e-14,0.0,0.0,0.0
n_67248,0,-1,16,1.7115235823646907e-14,0.0,0.0,0.0
n_67249,0,-1,1,7.464233266915002e-16,0.0,0.0,0.0
n_6732,0,-1,15,1.209686122566377e-14,0.0,0.0,0.0
n_67328,0,-1,1,6.656667819838016e-16,0.0,0.0,0.0
n_67329,0,-1,2,1.53976687882585e-15,0.0,0.0,0.0
n_6748,0,-1,14,1.1011785762209646e-14,0.0,0.0,0.0
n_67490,0,-1,3,3.2274028403527248e-15,0.0,0.0,0.0
n_675,0,-1,6,4.680380923457886e-15,0.0,0.0,0.0
n_67546,0,-1,1,8.352928059075597e-16,0.0,0.0,0.0
n_67568,0,-1,7,1.13448814687174e-14,0.0,0.0,0.0
n_678,0,-1,2,1.8482915359622955e-15,0.0,0.0,0.0
n_68,0,-1,1,7.785034819588952e-16,0.0,0.0,0.0
n_68207,0,-1,11,1.8549228722030547e-14,0.0,0.0,0.0
n_68211,0,-1,1,7.808124937731104e-16,0.0,0.0,0.0
n_68212,0,-1,1,7.563192126142722e-16,0.0,0.0,0.0
n_68215,0,-1,1,7.708192520009633e-16,0.0,0.0,0.0
n_68217,0,-1,1,8.747364832832323e-16,0.0,0.0,0.0
n_68219,0,-1,1,7.724468787486717e-16,0.0,0.0,0.0
n_68221,0,-1,1,7.810395515425337e-16,0.0,0.0,0.0
n_68223,0,-1,1,7.640876164713374e-16,0.0,0.0,0.0
n_68227,0,-1,1,7.439486140569784e-16,0.0,0.0,0.0
n_68229,0,-1,1,7.514858308590023e-16,0.0,0.0,0.0
n_68231,0,-1,1,8.143194760401552e-16,0.0,0.0,0.0
n_684,0,-1,2,2.0747701466079663e-15,0.0,0.0,0.0
n_69,0,-1,1,6.213553650789361e-16,0.0,0.0,0.0
n_69010,0,-1,16,2.2534715250505793e-14,0.0,0.0,0.0
n_69011,0,-1,1,8.797969228079255e-16,0.0,0.0,0.0
n_69012,0,-1,1,8.8221361368556045e-16,0.0,0.0,0.0
n_69013,0,-1,1,7.010620653880723e-16,0.0,0.0,0.0
n_69014,0,-1,1,8.563776794262058e-16,0.0,0.0,0.0
n_69015,0,-1,1,8.578197530189062e-16,0.0,0.0,0.0
n_69016,0,-1,1,7.759791649573997e-16,0.0,0.0,0.0
n_69017,0,-1,1,8.475973358949677e-16,0.0,0.0,0.0
n_69018,0,-1,1,8.894636863184652e-16,0.0,0.0,0.0
n_69019,0,-1,1,7.635692323076178e-16,0.0,0.0,0.0
n_69020,0,-1,1,6.867890308312453e-16,0.0,0.0,0.0
n_69021,0,-1,1,8.143194760401552e-16,0.0,0.0,0.0
n_69022,0,-1,1,8.143194760401552e-16,0.0,0.0,0.0
n_69023,0,-1,1,8.819865559161371e-16,0.0,0.0,0.0
n_69024,0,-1,1,6.817285913065521e-16,0.0,0.0,0.0
n_69025,0,-1,3,5.52328204399548e-15,0.0,0.0,0.0
n_69026,0,-1,1,8.2156954867306e-16,0.0,0.0,0.0
n_69027,0,-1,1,9.6898705693408e-16,0.0,0.0,0.0
n_69028,0,-1,1,8.02236127531099e-16,0.0,0.0,0.0
n_69029,0,-1,1,7.640876694108966e-16,0.0,0.0,0.0
n_695,0,-1,6,4.404036000899697e-15,0.0,0.0,0.0
n_6956,0,-1,2,1.3107298051629975e-15,0.0,0.0,0.0
n_696,0,-1,2,1.3067732083872543e-15,0.0,0.0,0.0
n_6960,0,-1,13,1.0726195051515702e-14,0.0,0.0,0.0
n_6961,0,-1,6,5.120696178011457e-15,0.0,0.0,0.0
n_6972,0,-1,1,6.246996629129329e-16,0.0,0.0,0.0
n_69795,0,-1,4,3.856403365994901e-15,0.0,0.0,0.0
n_69796,0,-1,4,4.4525811531727355e-15,0.0,0.0,0.0
n_698,0,-1,7,4.757286856387367e-15,0.0,0.0,0.0
n_7,0,-1,1,6.366274220574904e-16,0.0,0.0,0.0
n_70,0,-1,1,7.836482542013994e-16,0.0,0.0,0.0
n_700,0,-1,1,5.22561465517694e-16,0.0,0.0,0.0
n_70038,0,-1,2,5.337760652723107e-15,0.0,0.0,0.0
n_70039,0,-1,17,1.5254611064456115e-14,0.0,0.0,0.0
n_70040,0,-1,1,7.927964217899826e-16,0.0,0.0,0.0
n_70042,0,-1,1,8.435467184620792e-16,0.0,0.0,0.0
n_70043,0,-1,1,8.129769288187571e-16,0.0,0.0,0.0
n_70044,0,-1,1,7.938705125066603e-16,0.0,0.0,0.0
n_70045,0,-1,1,8.124563741331102e-16,0.0,0.0,0.0
n_70046,0,-1,1,7.286201764478725e-16,0.0,0.0,0.0
n_70047,0,-1,1,7.782963824032915e-16,0.0,0.0,0.0
n_70048,0,-1,1,7.665395121558426e-16,0.0,0.0,0.0
n_70050,0,-1,1,7.721204004870644e-16,0.0,0.0,0.0
n_70051,0,-1,1,8.059539139552757e-16,0.0,0.0,0.0
n_70052,0,-1,1,8.314633170134638e-16,0.0,0.0,0.0
n_70053,0,-1,1,8.459634093397142e-16,0.0,0.0,0.0
n_70054,0,-1,1,7.182059063613809e-16,0.0,0.0,0.0
n_70055,0,-1,1,8.894636863184652e-16,0.0,0.0,0.0
n_70056,0,-1,1,7.936434547372369e-16,0.0,0.0,0.0
n_70057,0,-1,1,7.689561500939183e-16,0.0,0.0,0.0
n_70058,0,-1,1,7.76953729302775e-16,0.0,0.0,0.0
n_70059,0,-1,1,7.687291452640542e-16,0.0,0.0,0.0
n_70060,0,-1,1,7.839767441662564e-16,0.0,0.0,0.0
n_70061,0,-1,1,8.484795736490923e-16,0.0,0.0,0.0
n_70062,0,-1,1,8.194793889965916e-16,0.0,0.0,0.0
n_70063,0,-1,1,8.097132049938679e-16,0.0,0.0,0.0
n_70064,0,-1,1,6.443628975087311e-16,0.0,0.0,0.0
n_70065,0,-1,1,7.141200841216222e-16,0.0,0.0,0.0
n_70066,0,-1,1,7.955396438687841e-16,0.0,0.0,0.0
n_70067,0,-1,1,6.926964503636336e-16,0.0,0.0,0.0
n_70068,0,-1,1,7.866204928133147e-16,0.0,0.0,0.0
n_70069,0,-1,1,8.02236127531099e-16,0.0,0.0,0.0
n_70070,0,-1,1,8.288196213059647e-16,0.0,0.0,0.0
n_70071,0,-1,1,8.360695880597511e-16,0.0,0.0,0.0
n_70072,0,-1,1,8.591208485654481e-16,0.0,0.0,0.0
n_70198,0,-1,2,1.2007812228402451e-15,0.0,0.0,0.0
n_70199,0,-1,2,1.3247692703846192e-15,0.0,0.0,0.0
n_70200,0,-1,1,8.092856121741821e-16,0.0,0.0,0.0
n_70201,0,-1,2,1.5817305850987225e-15,0.0,0.0,0.0
n_70240,0,-1,1,6.171951098189374e-16,0.0,0.0,0.0
n_70241,0,-1,3,2.7425848982668864e-15,0.0,0.0,0.0
n_703,0,-1,1,7.949860548981942e-16,0.0,0.0,0.0
n_70322,0,-1,7,8.538305560626056e-15,0.0,0.0,0.0
n_70323,0,-1,1,1.4383989520170204e-15,0.0,0.0,0.0
n_70324,0,-1,4,3.0233182985248e-15,0.0,0.0,0.0
n_70325,0,-1,2,1.5045095559128633e-15,0.0,0.0,0.0
n_70326,0,-1,5,5.21387911957185e-15,0.0,0.0,0.0
n_70411,0,-1,1,5.881949251664367e-16,0.0,0.0,0.0
n_70413,0,-1,2,1.7865582924587444e-15,0.0,0.0,0.0
n_70414,0,-1,1,6.997653638249443e-16,0.0,0.0,0.0
n_70415,0,-1,3,2.540209457168284e-15,0.0,0.0,0.0
n_705,0,-1,2,1.1023657352481888e-15,0.0,0.0,0.0
n_706,0,-1,1,6.614991151855144e-16,0.0,0.0,0.0
n_70621,0,-1,3,2.3894265811287042e-15,0.0,0.0,0.0
n_70622,0,-1,17,1.3778932286606302e-14,0.0,0.0,0.0
n_70648,0,-1,3,2.384744818270993e-15,0.0,0.0,0.0
n_70649,0,-1,3,4.066639908118733e-15,0.0,0.0,0.0
n_707,0,-1,1,8.022360745915398e-16,0.0,0.0,0.0
n_7082,0,-1,16,1.2161492380638114e-14,0.0,0.0,0.0
n_7083,0,-1,8,6.49286456509148e-15,0.0,0.0,0.0
n_7084,0,-1,5,4.767447016589682e-15,0.0,0.0,0.0
n_7086,0,-1,1,6.703620444291098e-16,0.0,0.0,0.0
n_7087,0,-1,1,1.3460382676901746e-15,0.0,0.0,0.0
n_70885,0,-1,10,8.903641035172202e-15,0.0,0.0,0.0
n_70886,0,-1,1,1.1273081026877494e-15,0.0,0.0,0.0
n_70887,0,-1,3,2.2544281640612084e-15,0.0,0.0,0.0
n_7089,0,-1,1,1.2715112267930578e-15,0.0,0.0,0.0
n_709,0,-1,1,1.2446339184646132e-15,0.0,0.0,0.0
n_71,0,-1,1,6.482379144237419e-16,0.0,0.0,0.0
n_710,0,-1,1,1.1434598563215864e-15,0.0,0.0,0.0
n_713,0,-1,2,7.984939889096887e-16,0.0,0.0,0.0
n_7132,0,-1,1,7.983525873470564e-16,0.0,0.0,0.0
n_71350,0,-1,2,1.2037852251876825e-15,0.0,0.0,0.0
n_71351,0,-1,2,1.4449926799949215e-15,0.0,0.0,0.0
n_71352,0,-1,2,1.369480328021911e-15,0.0,0.0,0.0
n_71390,0,-1,3,2.9291851977558247e-15,0.0,0.0,0.0
n_71391,0,-1,3,1.8138482117116203e-15,0.0,0.0,0.0
n_71392,0,-1,5,3.705332922269728e-15,0.0,0.0,0.0
n_71393,0,-1,2,1.7173669238546192e-15,0.0,0.0,0.0
n_71394,0,-1,1,6.46065116095357e-16,0.0,0.0,0.0
n_71395,0,-1,1,9.28745792159449e-16,0.0,0.0,0.0
n_714,0,-1,1,7.437466496386174e-16,0.0,0.0,0.0
n_7152,0,-1,1,1.17915467175183e-15,0.0,0.0,0.0
n_7167,0,-1,1,9.282941118403257e-16,0.0,0.0,0.0
n_7168,0,-1,1,7.186012589895118e-16,0.0,0.0,0.0
n_7169,0,-1,1,8.891587544574537e-16,0.0,0.0,0.0
n_7170,0,-1,2,1.3654798972911474e-15,0.0,0.0,0.0
n_7171,0,-1,1,1.8661241206008403e-15,0.0,0.0,0.0
n_7172,0,-1,1,8.319166913984817e-16,0.0,0.0,0.0
n_7173,0,-1,1,7.559843699023107e-16,0.0,0.0,0.0
n_7174,0,-1,1,1.7607615864127595e-15,0.0,0.0,0.0
n_7175,0,-1,1,6.815016923558063e-16,0.0,0.0,0.0
n_7176,0,-1,1,4.183211123418712e-15,0.0,0.0,0.0
n_719,0,-1,1,7.615866987550099e-16,0.0,0.0,0.0
n_7195,0,-1,2,1.6534948162801326e-15,0.0,0.0,0.0
n_7196,0,-1,4,4.501472318404727e-15,0.0,0.0,0.0
n_71971,0,-1,10,8.270188292601021e-15,0.0,0.0,0.0
n_71972,0,-1,25,1.9099937357083298e-14,0.0,0.0,0.0
n_71973,0,-1,1,6.57322025145689e-16,0.0,0.0,0.0
n_71974,0,-1,2,3.322215261545398e-15,0.0,0.0,0.0
n_72,0,-1,1,7.896088250512279e-16,0.0,0.0,0.0
n_720,0,-1,1,8.490279745428802e-16,0.0,0.0,0.0
n_7202,0,-1,1,9.586003154183741e-16,0.0,0.0,0.0
n_7204,0,-1,1,1.842646908401793e-15,0.0,0.0,0.0
n_72057,0,-1,3,3.228997591634168e-15,0.0,0.0,0.0
n_72058,0,-1,4,3.4870804838495542e-15,0.0,0.0,0.0
n_72059,0,-1,3,1.9118211245887362e-15,0.0,0.0,0.0
n_7206,0,-1,1,1.2295792842557073e-15,0.0,0.0,0.0
n_72060,0,-1,1,6.700434012222646e-16,0.0,0.0,0.0
n_72061,0,-1,1,8.558141378184857e-16,0.0,0.0,0.0
n_72062,0,-1,1,6.927304905002013e-16,0.0,0.0,0.0
n_72063,0,-1,1,6.378080271672853e-16,0.0,0.0,0.0
n_72064,0,-1,1,7.818475150950959e-16,0.0,0.0,0.0
n_72065,0,-1,2,2.1615999175474783e-15,0.0,0.0,0.0
n_7207,0,-1,1,1.5296481173588316e-15,0.0,0.0,0.0
n_7208,0,-1,1,1.3947836373761203e-15,0.0,0.0,0.0
n_72081,0,-1,1,6.276198089985921e-16,0.0,0.0,0.0
n_72082,0,-1,1,5.239040656786513e-16,0.0,0.0,0.0
n_72083,0,-1,1,4.88318358679926e-16,0.0,0.0,0.0
n_72084,0,-1,9,8.205253899831559e-15,0.0,0.0,0.0
n_72087,0,-1,1,7.859491662630565e-16,0.0,0.0,0.0
n_7209,0,-1,1,1.3742543115917547e-15,0.0,0.0,0.0
n_7212,0,-1,1,1.2842311205619756e-15,0.0,0.0,0.0
n_7215,0,-1,1,1.920296324500726e-15,0.0,0.0,0.0
n_7216,0,-1,1,1.7447586988194024e-15,0.0,0.0,0.0
n_7218,0,-1,1,5.911305296033833e-16,0.0,0.0,0.0
n_7219,0,-1,1,7.108997707352797e-16,0.0,0.0,0.0
n_7221,0,-1,1,1.7306606824453018e-15,0.0,0.0,0.0
n_7222,0,-1,1,7.833424753074406e-16,0.0,0.0,0.0
n_7225,0,-1,1,6.418150753429493e-16,0.0,0.0,0.0
n_7226,0,-1,1,4.678938849865186e-15,0.0,0.0,0.0
n_7227,0,-1,1,4.2177937845892105e-15,0.0,0.0,0.0
n_72307,0,-1,1,1.100881415887244e-15,0.0,0.0,0.0
n_72308,0,-1,1,7.646598401667669e-16,0.0,0.0,0.0
n_7231,0,-1,1,7.780048971903176e-16,0.0,0.0,0.0
n_7249,0,-1,1,8.405041761155418e-16,0.0,0.0,0.0
n_725,0,-1,4,3.4252502550735425e-15,0.0,0.0,0.0
n_7251,0,-1,1,7.275460857311949e-16,0.0,0.0,0.0
n_7270,0,-1,1,6.896072682654379e-16,0.0,0.0,0.0
n_728,0,-1,2,1.0836324369493575e-15,0.0,0.0,0.0
n_7285,0,-1,1,7.616249211167547e-16,0.0,0.0,0.0
n_7288,0,-1,1,9.5406095997492e-16,0.0,0.0,0.0
n_729,0,-1,1,8.641583652610062e-16,0.0,0.0,0.0
n_72908,0,-1,7,6.8591872565376515e-15,0.0,0.0,0.0
n_72909,0,-1,1,6.998122682743985e-16,0.0,0.0,0.0
n_73,0,-1,3,1.7132247209843089e-15,0.0,0.0,0.0
n_7308,0,-1,1,8.362966458291745e-16,0.0,0.0,0.0
n_73154,0,-1,3,2.1778936550790988e-15,0.0,0.0,0.0
n_73169,0,-1,2,1.6230245000685537e-15,0.0,0.0,0.0
n_73170,0,-1,1,1.213297828701822e-15,0.0,0.0,0.0
n_73171,0,-1,1,5.556860653486127e-16,0.0,0.0,0.0
n_73172,0,-1,1,6.51993552632749e-16,0.0,0.0,0.0
n_73173,0,-1,1,9.533656518043426e-16,0.0,0.0,0.0
n_73174,0,-1,1,7.356016337573793e-16,0.0,0.0,0.0
n_73175,0,-1,8,6.782687475906379e-15,0.0,0.0,0.0
n_73176,0,-1,1,8.79177053509213e-16,0.0,0.0,0.0
n_73177,0,-1,1,1.1599629168702972e-15,0.0,0.0,0.0
n_7319,0,-1,2,1.5217168184780976e-15,0.0,0.0,0.0
n_73300,0,-1,6,4.683055429988842e-15,0.0,0.0,0.0
n_73301,0,-1,12,7.610379272843075e-15,0.0,0.0,0.0
n_73302,0,-1,1,7.724469316882309e-16,0.0,0.0,0.0
n_73303,0,-1,1,7.431202687741229e-16,0.0,0.0,0.0
n_73304,0,-1,1,8.438071281538007e-16,0.0,0.0,0.0
n_73305,0,-1,1,7.544479580151098e-16,0.0,0.0,0.0
n_73306,0,-1,1,1.2065009186956982e-15,0.0,0.0,0.0
n_73307,0,-1,1,1.1505032529153612e-15,0.0,0.0,0.0
n_73308,0,-1,1,8.846302516236362e-16,0.0,0.0,0.0
n_73309,0,-1,1,8.755006128807741e-16,0.0,0.0,0.0
n_73310,0,-1,1,6.849094117817288e-16,0.0,0.0,0.0
n_73311,0,-1,1,7.740000724761401e-16,0.0,0.0,0.0
n_73312,0,-1,1,7.439841365012038e-16,0.0,0.0,0.0
n_73313,0,-1,1,1.0129403377209345e-15,0.0,0.0,0.0
n_73314,0,-1,1,7.066595238013247e-16,0.0,0.0,0.0
n_7335,0,-1,1,7.771988924014459e-16,0.0,0.0,0.0
n_73388,0,-1,1,8.288195683664055e-16,0.0,0.0,0.0
n_73399,0,-1,8,7.033775146526866e-15,0.0,0.0,0.0
n_73400,0,-1,1,8.081435470634873e-16,0.0,0.0,0.0
n_736,0,-1,2,9.192734227103042e-16,0.0,0.0,0.0
n_737,0,-1,1,6.409856183293506e-16,0.0,0.0,0.0
n_73996,0,-1,10,1.655729183315871e-14,0.0,0.0,0.0
n_73997,0,-1,16,1.306607613446066e-14,0.0,0.0,0.0
n_73999,0,-1,1,8.652968304816752e-16,0.0,0.0,0.0
n_74,0,-1,1,7.918380569497236e-16,0.0,0.0,0.0
n_7408,0,-1,1,5.603733339204812e-16,0.0,0.0,0.0
n_7410,0,-1,1,1.5320094334575398e-15,0.0,0.0,0.0
n_7411,0,-1,1,6.205004970769197e-16,0.0,0.0,0.0
n_7414,0,-1,2,2.0637009082950103e-15,0.0,0.0,0.0
n_7417,0,-1,1,1.2229775094648072e-15,0.0,0.0,0.0
n_7418,0,-1,1,1.0632104725910563e-15,0.0,0.0,0.0
n_742,0,-1,1,7.54410265048957e-16,0.0,0.0,0.0
n_7426,0,-1,1,6.234767061557753e-16,0.0,0.0,0.0
n_7430,0,-1,1,6.238020197470802e-16,0.0,0.0,0.0
n_744,0,-1,1,8.291561051442615e-16,0.0,0.0,0.0
n_7442,0,-1,3,1.8956027729894213e-15,0.0,0.0,0.0
n_7486,0,-1,1,6.852736888886073e-16,0.0,0.0,0.0
n_7491,0,-1,1,6.819557020155346e-16,0.0,0.0,0.0
n_75,0,-1,1,5.694981551634557e-16,0.0,0.0,0.0
n_7500,0,-1,1,6.586358791259989e-16,0.0,0.0,0.0
n_7501,0,-1,1,7.67613549932961e-16,0.0,0.0,0.0
n_7502,0,-1,1,6.904724065419398e-16,0.0,0.0,0.0
n_7510,0,-1,1,1.5717774185728924e-15,0.0,0.0,0.0
n_7511,0,-1,1,6.280751421473005e-16,0.0,0.0,0.0
n_7514,0,-1,1,6.773744713807505e-16,0.0,0.0,0.0
n_752,0,-1,1,1.1982969810850667e-15,0.0,0.0,0.0
n_7522,0,-1,1,8.71698652557464e-16,0.0,0.0,0.0
n_7523,0,-1,1,1.5813692196676e-15,0.0,0.0,0.0
n_7524,0,-1,1,7.170509239982404e-16,0.0,0.0,0.0
n_7526,0,-1,1,6.458981447256295e-16,0.0,0.0,0.0
n_7527,0,-1,1,9.568041820537214e-16,0.0,0.0,0.0
n_7538,0,-1,1,7.192921202371161e-16,0.0,0.0,0.0
n_7541,0,-1,1,7.535517442173556e-16,0.0,0.0,0.0
n_7542,0,-1,1,6.733752582598485e-16,0.0,0.0,0.0
n_7543,0,-1,1,6.83041968830829e-16,0.0,0.0,0.0
n_7544,0,-1,2,1.6963945998388396e-15,0.0,0.0,0.0
n_7562,0,-1,2,2.2941851377482466e-15,0.0,0.0,0.0
n_7563,0,-1,1,1.1502900123708899e-15,0.0,0.0,0.0
n_7564,0,-1,4,6.407238427970016e-15,0.0,0.0,0.0
n_7567,0,-1,2,2.7004829138653746e-15,0.0,0.0,0.0
n_7569,0,-1,1,5.933946486713941e-16,0.0,0.0,0.0
n_7570,0,-1,2,2.2309388816426625e-15,0.0,0.0,0.0
n_7571,0,-1,2,1.297651298820036e-15,0.0,0.0,0.0
n_7572,0,-1,1,9.945545346887142e-16,0.0,0.0,0.0
n_75733,0,-1,15,1.987856731164913e-14,0.0,0.0,0.0
n_75734,0,-1,16,1.3589416287954677e-14,0.0,0.0,0.0
n_75735,0,-1,8,6.891419401279519e-15,0.0,0.0,0.0
n_75736,0,-1,1,7.083120850814178e-16,0.0,0.0,0.0
n_75792,0,-1,1,6.380546725736139e-16,0.0,0.0,0.0
n_75793,0,-1,1,7.411856984621532e-16,0.0,0.0,0.0
n_75794,0,-1,1,6.75360544669535e-16,0.0,0.0,0.0
n_75795,0,-1,1,1.1290250384718339e-15,0.0,0.0,0.0
n_7582,0,-1,2,1.3158021560885115e-15,0.0,0.0,0.0
n_7586,0,-1,1,5.609695392362298e-16,0.0,0.0,0.0
n_7588,0,-1,1,9.485835155423816e-16,0.0,0.0,0.0
n_7589,0,-1,1,6.08976613829525e-16,0.0,0.0,0.0
n_759,0,-1,2,1.3922116218317826e-15,0.0,0.0,0.0
n_7597,0,-1,1,7.975509765415986e-16,0.0,0.0,0.0
n_76,0,-1,1,1.234358244144116e-15,0.0,0.0,0.0
n_76054,0,-1,4,3.370910762166574e-15,0.0,0.0,0.0
n_76055,0,-1,2,1.283255973881449e-15,0.0,0.0,0.0
n_76056,0,-1,1,7.371014114696114e-16,0.0,0.0,0.0
n_761,0,-1,1,1.3455985517114312e-15,0.0,0.0,0.0
n_7641,0,-1,1,1.0703817711598665e-15,0.0,0.0,0.0
n_7653,0,-1,2,2.281351318047923e-15,0.0,0.0,0.0
n_7656,0,-1,3,2.583134969352764e-15,0.0,0.0,0.0
n_7665,0,-1,4,2.537208631194399e-15,0.0,0.0,0.0
n_7667,0,-1,1,1.133301496064284e-15,0.0,0.0,0.0
n_7668,0,-1,5,5.167747164165539e-15,0.0,0.0,0.0
n_7671,0,-1,5,4.14257387074124e-15,0.0,0.0,0.0
n_7672,0,-1,4,2.183182105285281e-15,0.0,0.0,0.0
n_7673,0,-1,1,5.172847678936549e-16,0.0,0.0,0.0
n_7676,0,-1,1,6.682461561268685e-16,0.0,0.0,0.0
n_76763,0,-1,22,1.8484288400030455e-14,0.0,0.0,0.0
n_76764,0,-1,1,7.270792117585801e-16,0.0,0.0,0.0
n_76778,0,-1,1,9.305472194800221e-16,0.0,0.0,0.0
n_7689,0,-1,1,9.102334635807327e-16,0.0,0.0,0.0
n_769,0,-1,1,1.1508270312594491e-15,0.0,0.0,0.0
n_7691,0,-1,1,6.097257615318122e-16,0.0,0.0,0.0
n_7692,0,-1,2,1.5173405168769898e-15,0.0,0.0,0.0
n_7693,0,-1,2,1.3372893702571034e-15,0.0,0.0,0.0
n_7694,0,-1,1,1.2322511438087025e-15,0.0,0.0,0.0
n_7695,0,-1,1,7.062188549105156e-16,0.0,0.0,0.0
n_76986,0,-1,1,8.07296514116233e-16,0.0,0.0,0.0
n_7712,0,-1,1,8.629745837776591e-16,0.0,0.0,0.0
n_77233,0,-1,17,1.3714980452055655e-14,0.0,0.0,0.0
n_77234,0,-1,1,7.842038019356798e-16,0.0,0.0,0.0
n_7725,0,-1,1,6.0030770807041e-16,0.0,0.0,0.0
n_7735,0,-1,1,6.773149673162059e-16,0.0,0.0,0.0
n_77396,0,-1,1,6.454137477589184e-16,0.0,0.0,0.0
n_77397,0,-1,1,7.145007195522946e-16,0.0,0.0,0.0
n_77398,0,-1,8,5.532903491243342e-15,0.0,0.0,0.0
n_7743,0,-1,1,1.0557169838649343e-15,0.0,0.0,0.0
n_7744,0,-1,1,7.859492192026157e-16,0.0,0.0,0.0
n_775,0,-1,1,6.342293129651358e-16,0.0,0.0,0.0
n_7753,0,-1,3,3.781448996975894e-15,0.0,0.0,0.0
n_7754,0,-1,2,1.417292161520864e-15,0.0,0.0,0.0
n_7755,0,-1,1,6.504251123122301e-16,0.0,0.0,0.0
n_7756,0,-1,1,7.535048927074606e-16,0.0,0.0,0.0
n_7766,0,-1,5,3.8465223031487056e-15,0.0,0.0,0.0
n_7772,0,-1,5,6.097621204210731e-15,0.0,0.0,0.0
n_77796,0,-1,5,2.9140347429447606e-15,0.0,0.0,0.0
n_77797,0,-1,3,2.245029274720238e-15,0.0,0.0,0.0
n_778,0,-1,1,6.652782585588079e-16,0.0,0.0,0.0
n_7781,0,-1,3,1.8859324095888558e-15,0.0,0.0,0.0
n_77853,0,-1,22,1.7347134809880295e-14,0.0,0.0,0.0
n_77855,0,-1,1,8.754129979102925e-16,0.0,0.0,0.0
n_7788,0,-1,1,5.537195195428842e-16,0.0,0.0,0.0
n_77964,0,-1,2,1.6861015613429237e-15,0.0,0.0,0.0
n_7800,0,-1,1,1.055730959908564e-15,0.0,0.0,0.0
n_78002,0,-1,2,1.3078948917676558e-15,0.0,0.0,0.0
n_7803,0,-1,3,2.1723654945488436e-15,0.0,0.0,0.0
n_78040,0,-1,2,1.539213025157464e-15,0.0,0.0,0.0
n_78041,0,-1,12,1.1212838349602874e-14,0.0,0.0,0.0
n_78042,0,-1,15,1.3582154674497866e-14,0.0,0.0,0.0
n_78043,0,-1,32,2.649684908062524e-14,0.0,0.0,0.0
n_78044,0,-1,9,1.5190265359584995e-14,0.0,0.0,0.0
n_78045,0,-1,1,7.224856462065016e-16,0.0,0.0,0.0
n_7806,0,-1,2,1.234889757318518e-15,0.0,0.0,0.0
n_78094,0,-1,8,7.716726800469694e-15,0.0,0.0,0.0
n_78134,0,-1,1,1.2087714963899317e-15,0.0,0.0,0.0
n_78135,0,-1,3,2.4724859966617505e-15,0.0,0.0,0.0
n_78137,0,-1,3,1.8418068634763534e-15,0.0,0.0,0.0
n_78138,0,-1,1,6.908639475218081e-16,0.0,0.0,0.0
n_78139,0,-1,1,6.389413043111523e-16,0.0,0.0,0.0
n_78140,0,-1,1,7.430365713310223e-16,0.0,0.0,0.0
n_78141,0,-1,1,8.32529202098465e-16,0.0,0.0,0.0
n_78164,0,-1,1,7.159524810843292e-16,0.0,0.0,0.0
n_78166,0,-1,1,7.103958390712226e-16,0.0,0.0,0.0
n_78167,0,-1,1,5.15564338098663e-16,0.0,0.0,0.0
n_782,0,-1,1,9.4572732044424e-16,0.0,0.0,0.0
n_78273,0,-1,24,1.991004644410089e-14,0.0,0.0,0.0
n_78274,0,-1,22,1.690163952533779e-14,0.0,0.0,0.0
n_78275,0,-1,1,6.839054659809956e-16,0.0,0.0,0.0
n_78276,0,-1,2,2.4510552160632694e-15,0.0,0.0,0.0
n_78410,0,-1,17,1.4955239127710344e-14,0.0,0.0,0.0
n_78411,0,-1,1,8.097132049938679e-16,0.0,0.0,0.0
n_7859,0,-1,1,6.735262948222558e-16,0.0,0.0,0.0
n_786,0,-1,1,7.600715685706087e-16,0.0,0.0,0.0
n_78621,0,-1,16,1.444511692335823e-14,0.0,0.0,0.0
n_78622,0,-1,1,7.517128886284257e-16,0.0,0.0,0.0
n_7863,0,-1,3,1.9200991775822525e-15,0.0,0.0,0.0
n_78683,0,-1,1,6.868104713527226e-16,0.0,0.0,0.0
n_78684,0,-1,1,6.477398590507564e-16,0.0,0.0,0.0
n_78685,0,-1,1,5.970812007556408e-16,0.0,0.0,0.0
n_78686,0,-1,1,7.407726110816892e-16,0.0,0.0,0.0
n_7869,0,-1,3,2.8864068575459303e-15,0.0,0.0,0.0
n_7872,0,-1,3,4.647485975434792e-15,0.0,0.0,0.0
n_7881,0,-1,1,1.1495868691455504e-15,0.0,0.0,0.0
n_78810,0,-1,15,1.0870714118910337e-14,0.0,0.0,0.0
n_78813,0,-1,1,7.612464032684505e-16,0.0,0.0,0.0
n_7883,0,-1,1,6.943197890070464e-16,0.0,0.0,0.0
n_7888,0,-1,1,1.2752917465948905e-15,0.0,0.0,0.0
n_78930,0,-1,3,3.4247867162931576e-15,0.0,0.0,0.0
n_78931,0,-1,7,5.94927270086156e-15,0.0,0.0,0.0
n_78932,0,-1,5,2.747676201554595e-15,0.0,0.0,0.0
n_78933,0,-1,3,1.9803215260661387e-15,0.0,0.0,0.0
n_78934,0,-1,1,9.395655792694387e-16,0.0,0.0,0.0
n_78935,0,-1,2,1.3145319243049853e-15,0.0,0.0,0.0
n_78936,0,-1,1,5.878539944051669e-16,0.0,0.0,0.0
n_78937,0,-1,3,3.229756321396671e-15,0.0,0.0,0.0
n_78938,0,-1,4,3.5246326307748896e-15,0.0,0.0,0.0
n_78939,0,-1,20,1.6030772765013648e-14,0.0,0.0,0.0
n_78940,0,-1,1,1.251977694117308e-15,0.0,0.0,0.0
n_78941,0,-1,2,1.3946390065003767e-15,0.0,0.0,0.0
n_78942,0,-1,1,1.0466544724831422e-15,0.0,0.0,0.0
n_78943,0,-1,1,7.363599929429679e-16,0.0,0.0,0.0
n_78944,0,-1,1,7.67625778971137e-16,0.0,0.0,0.0
n_78945,0,-1,1,1.271982388869968e-15,0.0,0.0,0.0
n_78946,0,-1,2,1.9296145339534705e-15,0.0,0.0,0.0
n_78947,0,-1,2,1.2776887439565018e-15,0.0,0.0,0.0
n_78948,0,-1,1,1.2026513657086642e-15,0.0,0.0,0.0
n_78949,0,-1,1,1.630250749899817e-15,0.0,0.0,0.0
n_78950,0,-1,1,1.2043153619335453e-15,0.0,0.0,0.0
n_78951,0,-1,1,7.196186514382827e-16,0.0,0.0,0.0
n_78952,0,-1,1,7.402367039238732e-16,0.0,0.0,0.0
n_78953,0,-1,1,7.291099203100631e-16,0.0,0.0,0.0
n_78954,0,-1,1,1.322387943132532e-15,0.0,0.0,0.0
n_78955,0,-1,1,7.667027248168666e-16,0.0,0.0,0.0
n_78956,0,-1,1,6.196118006965724e-16,0.0,0.0,0.0
n_78957,0,-1,2,1.4051535441119995e-15,0.0,0.0,0.0
n_78958,0,-1,1,7.185103088268004e-16,0.0,0.0,0.0
n_78959,0,-1,1,6.171951098189374e-16,0.0,0.0,0.0
n_79,0,-1,1,4.833141409671068e-16,0.0,0.0,0.0
n_79016,0,-1,1,1.1366988393366026e-15,0.0,0.0,0.0
n_79017,0,-1,1,1.1264367175432615e-15,0.0,0.0,0.0
n_79019,0,-1,2,1.347281182661152e-15,0.0,0.0,0.0
n_79103,0,-1,2,2.3076864194110066e-15,0.0,0.0,0.0
n_79104,0,-1,12,9.836234474494554e-15,0.0,0.0,0.0
n_79167,0,-1,1,6.215945989469763e-16,0.0,0.0,0.0
n_79168,0,-1,1,7.836667830471206e-16,0.0,0.0,0.0
n_79175,0,-1,1,1.1821568741542544e-15,0.0,0.0,0.0
n_79176,0,-1,1,7.560793964110808e-16,0.0,0.0,0.0
n_79177,0,-1,1,6.918567760151085e-16,0.0,0.0,0.0
n_79178,0,-1,22,1.6625420387172268e-14,0.0,0.0,0.0
n_79179,0,-1,1,6.316952021451878e-16,0.0,0.0,0.0
n_79192,0,-1,4,4.710434075942942e-15,0.0,0.0,0.0
n_79193,0,-1,6,5.101044590118684e-15,0.0,0.0,0.0
n_79194,0,-1,7,6.006878141054904e-15,0.0,0.0,0.0
n_79195,0,-1,2,1.1407083756715493e-15,0.0,0.0,0.0
n_79196,0,-1,2,1.2204840562263274e-15,0.0,0.0,0.0
n_79197,0,-1,2,1.5106802968127293e-15,0.0,0.0,0.0
n_79198,0,-1,6,4.214639010377162e-15,0.0,0.0,0.0
n_79199,0,-1,1,6.632126098982507e-16,0.0,0.0,0.0
n_79200,0,-1,1,1.2782936313599598e-15,0.0,0.0,0.0
n_79201,0,-1,1,1.1452236965551251e-15,0.0,0.0,0.0
n_79202,0,-1,1,1.2133370039756324e-15,0.0,0.0,0.0
n_79203,0,-1,3,2.2188993670886267e-15,0.0,0.0,0.0
n_79204,0,-1,2,1.5058958312101633e-15,0.0,0.0,0.0
n_79205,0,-1,1,7.75166119207154e-16,0.0,0.0,0.0
n_79206,0,-1,1,6.873962475753082e-16,0.0,0.0,0.0
n_79207,0,-1,1,6.191492148282531e-16,0.0,0.0,0.0
n_79208,0,-1,1,7.559705526773586e-16,0.0,0.0,0.0
n_7927,0,-1,1,6.203414137015135e-16,0.0,0.0,0.0
n_79305,0,-1,12,7.519478238042585e-15,0.0,0.0,0.0
n_79306,0,-1,12,7.953940071414155e-15,0.0,0.0,0.0
n_79307,0,-1,1,5.598481734931835e-16,0.0,0.0,0.0
n_79308,0,-1,1,7.503212134960869e-16,0.0,0.0,0.0
n_79326,0,-1,2,3.467058530800594e-15,0.0,0.0,0.0
n_79327,0,-1,1,6.00865743963973e-16,0.0,0.0,0.0
n_7939,0,-1,1,7.144996078215513e-16,0.0,0.0,0.0
n_7941,0,-1,1,9.32231968012111e-16,0.0,0.0,0.0
n_7942,0,-1,1,8.598104392636315e-16,0.0,0.0,0.0
n_798,0,-1,1,1.2527485999784278e-15,0.0,0.0,0.0
n_7990,0,-1,2,3.455492931180547e-15,0.0,0.0,0.0
n_7994,0,-1,1,8.328399573109889e-16,0.0,0.0,0.0
n_7995,0,-1,1,1.0083413723338173e-15,0.0,0.0,0.0
n_7997,0,-1,1,7.479535975898335e-16,0.0,0.0,0.0
n_79971,0,-1,9,1.4497714281250934e-14,0.0,0.0,0.0
n_79972,0,-1,8,1.2964613445840857e-14,0.0,0.0,0.0
n_79973,0,-1,2,1.5769973649894654e-15,0.0,0.0,0.0
n_7999,0,-1,1,8.335534766899322e-16,0.0,0.0,0.0
n_8,0,-1,2,1.6110778415013606e-15,0.0,0.0,0.0
n_80,0,-1,1,2.9790669680196304e-15,0.0,0.0,0.0
n_8005,0,-1,1,7.539773782733509e-16,0.0,0.0,0.0
n_8006,0,-1,1,8.027897165016889e-16,0.0,0.0,0.0
n_8007,0,-1,1,6.959770619079087e-16,0.0,0.0,0.0
n_8008,0,-1,1,7.887106524897831e-16,0.0,0.0,0.0
n_801,0,-1,1,7.375171987675949e-16,0.0,0.0,0.0
n_8012,0,-1,1,1.0647386259070215e-15,0.0,0.0,0.0
n_8013,0,-1,1,1.006556568034834e-15,0.0,0.0,0.0
n_805,0,-1,1,1.182454288597859e-15,0.0,0.0,0.0
n_806,0,-1,2,1.3615287003504429e-15,0.0,0.0,0.0
n_81,0,-1,1,7.902163064930868e-16,0.0,0.0,0.0
n_811,0,-1,2,1.3728782006898217e-15,0.0,0.0,0.0
n_8111,0,-1,1,1.1733917772160669e-15,0.0,0.0,0.0
n_8112,0,-1,2,1.771764862034948e-15,0.0,0.0,0.0
n_8113,0,-1,10,7.968041475920045e-15,0.0,0.0,0.0
n_8117,0,-1,1,1.028007359786694e-15,0.0,0.0,0.0
n_8118,0,-1,1,6.700648946833011e-16,0.0,0.0,0.0
n_8119,0,-1,1,7.313633455871148e-16,0.0,0.0,0.0
n_8123,0,-1,1,7.938736888802125e-16,0.0,0.0,0.0
n_8124,0,-1,1,8.902206161359554e-16,0.0,0.0,0.0
n_8128,0,-1,1,5.670322834353209e-16,0.0,0.0,0.0
n_8173,0,-1,14,1.3514498764868876e-14,0.0,0.0,0.0
n_8174,0,-1,16,1.3347459632505592e-14,0.0,0.0,0.0
n_8175,0,-1,3,1.955697431256509e-15,0.0,0.0,0.0
n_8177,0,-1,2,3.803691658654318e-15,0.0,0.0,0.0
n_8183,0,-1,1,1.2469263072572385e-15,0.0,0.0,0.0
n_8186,0,-1,7,7.130258128449762e-15,0.0,0.0,0.0
n_8189,0,-1,1,1.6620966476177368e-15,0.0,0.0,0.0
n_8191,0,-1,1,7.66502136827045e-16,0.0,0.0,0.0
n_8192,0,-1,1,6.717747365664523e-16,0.0,0.0,0.0
n_8212,0,-1,10,8.094841461091067e-15,0.0,0.0,0.0
n_8220,0,-1,1,1.6854544281712214e-15,0.0,0.0,0.0
n_8228,0,-1,1,3.076776665408387e-15,0.0,0.0,0.0
n_8232,0,-1,3,2.5096468143654543e-15,0.0,0.0,0.0
n_8234,0,-1,2,1.9784144313853957e-15,0.0,0.0,0.0
n_8235,0,-1,13,1.1516705490199723e-14,0.0,0.0,0.0
n_8236,0,-1,1,1.6948314005346818e-15,0.0,0.0,0.0
n_8238,0,-1,2,2.3090130847646436e-15,0.0,0.0,0.0
n_8242,0,-1,1,2.2516778480814736e-15,0.0,0.0,0.0
n_8246,0,-1,1,5.676569702339209e-16,0.0,0.0,0.0
n_8247,0,-1,3,2.7251546542782874e-15,0.0,0.0,0.0
n_8248,0,-1,1,1.0516517551137057e-15,0.0,0.0,0.0
n_8251,0,-1,1,1.8823206611017634e-15,0.0,0.0,0.0
n_8252,0,-1,1,1.4499483521319512e-15,0.0,0.0,0.0
n_8255,0,-1,1,2.813676161771703e-15,0.0,0.0,0.0
n_8256,0,-1,5,5.502367106461877e-15,0.0,0.0,0.0
n_8262,0,-1,2,3.4522413834542744e-15,0.0,0.0,0.0
n_8278,0,-1,1,1.4209219094580856e-15,0.0,0.0,0.0
n_8279,0,-1,1,2.9477424190807455e-15,0.0,0.0,0.0
n_8280,0,-1,1,1.639549583473893e-15,0.0,0.0,0.0
n_8296,0,-1,1,2.953998392670929e-15,0.0,0.0,0.0
n_8299,0,-1,2,2.4503098270696856e-15,0.0,0.0,0.0
n_83,0,-1,2,8.585082319863464e-16,0.0,0.0,0.0
n_8301,0,-1,2,2.8391864648023976e-15,0.0,0.0,0.0
n_8306,0,-1,22,1.5342729596024875e-14,0.0,0.0,0.0
n_8307,0,-1,1,2.9591555527702868e-15,0.0,0.0,0.0
n_8308,0,-1,2,2.353286438126442e-15,0.0,0.0,0.0
n_8309,0,-1,1,2.9130172446168714e-15,0.0,0.0,0.0
n_8311,0,-1,2,3.1923062419414797e-15,0.0,0.0,0.0
n_8313,0,-1,2,2.760000742695382e-15,0.0,0.0,0.0
n_8314,0,-1,1,1.7674170419166918e-15,0.0,0.0,0.0
n_8315,0,-1,3,2.4754889402180038e-15,0.0,0.0,0.0
n_8319,0,-1,1,1.9996287950658533e-15,0.0,0.0,0.0
n_8320,0,-1,1,2.981993678610631e-15,0.0,0.0,0.0
n_8321,0,-1,3,5.4262929598866e-15,0.0,0.0,0.0
n_8332,0,-1,1,3.800957012784108e-15,0.0,0.0,0.0
n_8333,0,-1,1,2.0360791638850476e-15,0.0,0.0,0.0
n_8334,0,-1,2,2.4567462186776343e-15,0.0,0.0,0.0
n_8336,0,-1,1,6.86654670229987e-16,0.0,0.0,0.0
n_8337,0,-1,1,1.2666609043788428e-15,0.0,0.0,0.0
n_8338,0,-1,16,1.442774597167594e-14,0.0,0.0,0.0
n_8339,0,-1,1,1.462040700366072e-15,0.0,0.0,0.0
n_8340,0,-1,8,8.128323826463082e-15,0.0,0.0,0.0
n_8341,0,-1,12,1.0184857988991373e-14,0.0,0.0,0.0
n_8351,0,-1,1,5.529418374181864e-15,0.0,0.0,0.0
n_8354,0,-1,1,6.402759635382291e-16,0.0,0.0,0.0
n_8357,0,-1,1,5.684285643093104e-16,0.0,0.0,0.0
n_8360,0,-1,1,5.466784522897145e-16,0.0,0.0,0.0
n_8363,0,-1,1,1.8458984561280653e-15,0.0,0.0,0.0
n_8366,0,-1,1,6.008615087992367e-16,0.0,0.0,0.0
n_8369,0,-1,1,6.443617328384286e-16,0.0,0.0,0.0
n_8372,0,-1,1,7.369431221875933e-16,0.0,0.0,0.0
n_8375,0,-1,1,4.972708087181343e-16,0.0,0.0,0.0
n_8378,0,-1,1,5.901786763289063e-16,0.0,0.0,0.0
n_84,0,-1,1,9.60935797012191e-16,0.0,0.0,0.0
n_842,0,-1,3,2.0858878775571526e-15,0.0,0.0,0.0
n_8443,0,-1,1,6.575192250037217e-16,0.0,0.0,0.0
n_8446,0,-1,1,6.588618251646789e-16,0.0,0.0,0.0
n_8449,0,-1,1,5.915213294294228e-16,0.0,0.0,0.0
n_8452,0,-1,1,6.454358235551062e-16,0.0,0.0,0.0
n_8464,0,-1,1,6.454358235551062e-16,0.0,0.0,0.0
n_8469,0,-1,1,6.830286280619098e-16,0.0,0.0,0.0
n_8474,0,-1,1,6.326048625909797e-16,0.0,0.0,0.0
n_8479,0,-1,1,6.661118977975837e-16,0.0,0.0,0.0
n_8484,0,-1,1,5.887781073506213e-16,0.0,0.0,0.0
n_8489,0,-1,1,6.671859355747022e-16,0.0,0.0,0.0
n_8494,0,-1,1,6.277714808357098e-16,0.0,0.0,0.0
n_8499,0,-1,1,6.733619174909293e-16,0.0,0.0,0.0
n_8504,0,-1,1,7.431191041038204e-16,0.0,0.0,0.0
n_8509,0,-1,1,6.937694293495679e-16,0.0,0.0,0.0
n_8514,0,-1,1,5.791113967796408e-16,0.0,0.0,0.0
n_8519,0,-1,1,6.516117525317742e-16,0.0,0.0,0.0
n_8524,0,-1,1,2.079231045624681e-15,0.0,0.0,0.0
n_8529,0,-1,1,2.2173967306401976e-15,0.0,0.0,0.0
n_8534,0,-1,1,6.140189480249706e-16,0.0,0.0,0.0
n_8539,0,-1,1,6.395283510831587e-16,0.0,0.0,0.0
n_8544,0,-1,1,2.2555079193107208e-15,0.0,0.0,0.0
n_8549,0,-1,1,6.03604677938479e-16,0.0,0.0,0.0
n_8554,0,-1,1,6.757786083685642e-16,0.0,0.0,0.0
n_8559,0,-1,1,6.902786477552554e-16,0.0,0.0,0.0
n_8564,0,-1,1,2.5220937517671195e-15,0.0,0.0,0.0
n_8569,0,-1,1,2.837869328569417e-15,0.0,0.0,0.0
n_8574,0,-1,1,5.383543418796912e-16,0.0,0.0,0.0
n_8579,0,-1,1,6.806119371842749e-16,0.0,0.0,0.0
n_8584,0,-1,1,6.008615087992367e-16,0.0,0.0,0.0
n_8589,0,-1,1,5.190209207377302e-16,0.0,0.0,0.0
n_8594,0,-1,1,6.105282193702172e-16,0.0,0.0,0.0
n_8599,0,-1,1,6.022620777775217e-16,0.0,0.0,0.0
n_86,0,-1,2,5.082743172743834e-15,0.0,0.0,0.0
n_8604,0,-1,1,6.309357312288559e-16,0.0,0.0,0.0
n_8609,0,-1,1,5.584353225371633e-16,0.0,0.0,0.0
n_8614,0,-1,1,6.1643569184216475e-16,0.0,0.0,0.0
n_8619,0,-1,1,5.117708481048255e-16,0.0,0.0,0.0
n_8624,0,-1,1,5.407710327573262e-16,0.0,0.0,0.0
n_8634,0,-1,1,5.383246957265373e-16,0.0,0.0,0.0
n_8638,0,-1,1,6.612785160423139e-16,0.0,0.0,0.0
n_8643,0,-1,1,3.1447163310747072e-15,0.0,0.0,0.0
n_8648,0,-1,1,6.902786477552554e-16,0.0,0.0,0.0
n_8653,0,-1,1,6.757786083685642e-16,0.0,0.0,0.0
n_8658,0,-1,1,2.3898820730960902e-15,0.0,0.0,0.0
n_8664,0,-1,1,5.117708481048255e-16,0.0,0.0,0.0
n_8668,0,-1,1,1.9862759559270996e-15,0.0,0.0,0.0
n_8674,0,-1,1,6.430191326774713e-16,0.0,0.0,0.0
n_8678,0,-1,1,1.9065466504261837e-15,0.0,0.0,0.0
n_8683,0,-1,1,6.757786083685642e-16,0.0,0.0,0.0
n_8688,0,-1,1,1.6921848460909857e-15,0.0,0.0,0.0
n_88,0,-1,1,4.716096279437101e-16,0.0,0.0,0.0
n_89,0,-1,1,7.5802190765693095e-16,0.0,0.0,0.0
n_9,0,-1,1,7.399609417599827e-16,0.0,0.0,0.0
n_90,0,-1,1,5.135480820468426e-16,0.0,0.0,0.0
n_908,0,-1,1,6.224074858785444e-16,0.0,0.0,0.0
n_9294,0,-1,15,1.3661404771108873e-14,0.0,0.0,0.0
n_9295,0,-1,15,1.4411738743038728e-14,0.0,0.0,0.0
n_9296,0,-1,16,1.3893022542403773e-14,0.0,0.0,0.0
n_9297,0,-1,16,1.475583232533363e-14,0.0,0.0,0.0
n_9298,0,-1,16,1.4248500247509774e-14,0.0,0.0,0.0
n_9299,0,-1,15,1.3852293810167997e-14,0.0,0.0,0.0
n_93,0,-1,1,7.917681767315751e-16,0.0,0.0,0.0
n_9300,0,-1,15,1.342583305001619e-14,0.0,0.0,0.0
n_9301,0,-1,15,1.3695128540870856e-14,0.0,0.0,0.0
n_933,0,-1,2,1.3564576199743498e-15,0.0,0.0,0.0
n_9344,0,-1,12,1.2539280933574794e-14,0.0,0.0,0.0
n_9345,0,-1,12,1.2908763481430698e-14,0.0,0.0,0.0
n_9346,0,-1,11,1.257684430368668e-14,0.0,0.0,0.0
n_9347,0,-1,11,1.1285046214290408e-14,0.0,0.0,0.0
n_9348,0,-1,11,1.1618851734407961e-14,0.0,0.0,0.0
n_9349,0,-1,11,1.2074849380463472e-14,0.0,0.0,0.0
n_9350,0,-1,11,1.2110533184465401e-14,0.0,0.0,0.0
n_9351,0,-1,11,1.1851201342169288e-14,0.0,0.0,0.0
n_9394,0,-1,13,1.0947535772061565e-14,0.0,0.0,0.0
n_9395,0,-1,16,1.4672956927708376e-14,0.0,0.0,0.0
n_9396,0,-1,16,1.5367401971712498e-14,0.0,0.0,0.0
n_9397,0,-1,8,1.007400170498652e-14,0.0,0.0,0.0
n_9398,0,-1,16,1.3584128261264969e-14,0.0,0.0,0.0
n_94,0,-1,1,6.823572485720924e-16,0.0,0.0,0.0
n_9466,0,-1,10,1.1029761495416276e-14,0.0,0.0,0.0
n_9467,0,-1,10,1.0446664861559363e-14,0.0,0.0,0.0
n_9468,0,-1,10,1.1415395267510425e-14,0.0,0.0,0.0
n_9476,0,-1,17,1.5067086440263486e-14,0.0,0.0,0.0
n_95,0,-1,1,6.726905380011119e-16,0.0,0.0,0.0
n_9555,0,-1,1,3.3103142368782383e-15,0.0,0.0,0.0
n_9629,0,-1,16,1.5000186084023447e-14,0.0,0.0,0.0
n_9630,0,-1,16,1.474005379559218e-14,0.0,0.0,0.0
n_9650,0,-1,1,7.125197212469036e-16,0.0,0.0,0.0
n_9654,0,-1,1,6.942023690647333e-16,0.0,0.0,0.0
n_9663,0,-1,1,6.869522964318285e-16,0.0,0.0,0.0
n_9665,0,-1,1,7.101030303692686e-16,0.0,0.0,0.0
n_9682,0,-1,1,7.328692113486553e-16,0.0,0.0,0.0
n_9686,0,-1,1,7.691194156945016e-16,0.0,0.0,0.0
n_97,0,-1,1,7.84588037256378e-16,0.0,0.0,0.0
n_9701,0,-1,1,7.041956108368803e-16,0.0,0.0,0.0
n_9703,0,-1,1,6.545194048814614e-16,0.0,0.0,0.0
n_9711,0,-1,1,7.46978980304899e-16,0.0,0.0,0.0
n_9713,0,-1,1,8.024631323609631e-16,0.0,0.0,0.0
n_9717,0,-1,1,7.472060380743224e-16,0.0,0.0,0.0
n_9721,0,-1,1,8.678129947910533e-16,0.0,0.0,0.0
n_9722,0,-1,1,7.428932110046995e-16,0.0,0.0,0.0
n_9723,0,-1,1,8.167361669177901e-16,0.0,0.0,0.0
n_9726,0,-1,1,9.085699967514437e-16,0.0,0.0,0.0
n_9727,0,-1,1,8.312362592440405e-16,0.0,0.0,0.0
n_9731,0,-1,1,7.807358902309431e-16,0.0,0.0,0.0
n_9735,0,-1,1,1.4737975176739616e-15,0.0,0.0,0.0
n_9738,0,-1,1,7.9521311266761755e-16,0.0,0.0,0.0
n_9742,0,-1,1,8.387133896463686e-16,0.0,0.0,0.0
n_9745,0,-1,1,7.431202687741229e-16,0.0,0.0,0.0
n_9747,0,-1,1,7.624536369765247e-16,0.0,0.0,0.0
n_9751,0,-1,1,8.9671375895137e-16,0.0,0.0,0.0
n_9752,0,-1,1,7.213701038149677e-16,0.0,0.0,0.0
n_9755,0,-1,1,8.169632246872135e-16,0.0,0.0,0.0
n_9756,0,-1,1,8.505696803860015e-16,0.0,0.0,0.0
n_9757,0,-1,1,7.262034855702376e-16,0.0,0.0,0.0
n_9760,0,-1,1,8.242361142701349e-16,0.0,0.0,0.0
n_9767,0,-1,1,7.107287759590528e-16,0.0,0.0,0.0
n_9772,0,-1,1,8.459634093397142e-16,0.0,0.0,0.0
n_9774,0,-1,1,6.599784792869561e-16,0.0,0.0,0.0
n_9776,0,-1,1,7.479535975898335e-16,0.0,0.0,0.0
n_9780,0,-1,1,8.384863318769452e-16,0.0,0.0,0.0
n_9781,0,-1,1,6.865619730618219e-16,0.0,0.0,0.0
n_9784,0,-1,1,7.399560183809768e-16,0.0,0.0,0.0
n_9785,0,-1,1,7.332264474941598e-16,0.0,0.0,0.0
n_9786,0,-1,1,8.384863318769452e-16,0.0,0.0,0.0
n_9790,0,-1,1,7.641456382282243e-16,0.0,0.0,0.0
n_9793,0,-1,1,2.137374987014242e-15,0.0,0.0,0.0
n_9800,0,-1,1,7.128189356355211e-16,0.0,0.0,0.0
n_9802,0,-1,1,7.549765595137557e-16,0.0,0.0,0.0
n_9804,0,-1,1,8.652968304816752e-16,0.0,0.0,0.0
n_9808,0,-1,1,8.580468107883296e-16,0.0,0.0,0.0
n_9810,0,-1,1,7.624536369765247e-16,0.0,0.0,0.0
n_9811,0,-1,1,7.622266321466605e-16,0.0,0.0,0.0
n_9814,0,-1,1,8.239862395506949e-16,0.0,0.0,0.0
n_9815,0,-1,1,8.025626587322655e-16,0.0,0.0,0.0
n_9817,0,-1,1,7.641456911677835e-16,0.0,0.0,0.0
n_9822,0,-1,1,2.1504745633017667e-15,0.0,0.0,0.0
n_9828,0,-1,1,7.399559654414176e-16,0.0,0.0,0.0
n_9832,0,-1,1,8.433196606926559e-16,0.0,0.0,0.0
n_9834,0,-1,1,7.479535975898335e-16,0.0,0.0,0.0
n_9838,0,-1,1,8.098126784256111e-16,0.0,0.0,0.0
n_9840,0,-1,1,7.332264474941598e-16,0.0,0.0,0.0
n_9841,0,-1,1,7.012891231574956e-16,0.0,0.0,0.0
n_9843,0,-1,1,6.940390505245908e-16,0.0,0.0,0.0
n_9844,0,-1,1,6.588629368954222e-16,0.0,0.0,0.0
n_9849,0,-1,1,6.790248091993571e-16,0.0,0.0,0.0
n_9851,0,-1,1,2.097307575752035e-15,0.0,0.0,0.0
n_9857,0,-1,1,6.709463912835968e-16,0.0,0.0,0.0
n_9860,0,-1,1,8.314633170134638e-16,0.0,0.0,0.0
n_9863,0,-1,1,7.689561500939183e-16,0.0,0.0,0.0
n_9867,0,-1,1,7.998193837139048e-16,0.0,0.0,0.0
n_9869,0,-1,1,8.433196606926559e-16,0.0,0.0,0.0
n_9870,0,-1,1,8.649702992805086e-16,0.0,0.0,0.0
n_9873,0,-1,1,7.762062227268231e-16,0.0,0.0,0.0
n_9874,0,-1,1,7.216966350161343e-16,0.0,0.0,0.0
n_9877,0,-1,1,8.091990030553253e-16,0.0,0.0,0.0
n_9880,0,-1,2,4.011676787204349e-15,0.0,0.0,0.0
n_9886,0,-1,1,9.037367208752922e-16,0.0,0.0,0.0
n_9889,0,-1,1,7.358701961412181e-16,0.0,0.0,0.0
n_9892,0,-1,1,8.4439375140933355e-16,0.0,0.0,0.0
n_9896,0,-1,1,8.459634093397142e-16,0.0,0.0,0.0
n_9898,0,-1,1,7.767266715333516e-16,0.0,0.0,0.0
n_9899,0,-1,1,7.514858308590023e-16,0.0,0.0,0.0
n_99,0,-1,1,1.4572511525658225e-15,0.0,0.0,0.0
n_9902,0,-1,1,8.602364438965412e-16,0.0,0.0,0.0
n_9903,0,-1,1,7.224856462065016e-16,0.0,0.0,0.0
n_9907,0,-1,1,8.532362989226356e-16,0.0,0.0,0.0
n_9909,0,-1,2,4.634716953754933e-15,0.0,0.0,0.0
n_9914,0,-1,1,7.68729092324495e-16,0.0,0.0,0.0
n_9922,0,-1,1,7.442358111656568e-16,0.0,0.0,0.0
n_9926,0,-1,1,8.167361669177901e-16,0.0,0.0,0.0
n_9930,0,-1,1,7.273190279617715e-16,0.0,0.0,0.0
n_9936,0,-1,1,8.357824968301911e-16,0.0,0.0,0.0
n_9938,0,-1,1,1.5087051218588506e-15,0.0,0.0,0.0
n_9941,0,-1,1,8.011205851395651e-16,0.0,0.0,0.0
n_9942,0,-1,12,1.6478260271048095e-14,0.0,0.0,0.0
n_9944,0,-1,1,7.458634379133651e-16,0.0,0.0,0.0
n_9949,0,-1,1,8.532134290330597e-16,0.0,0.0,0.0
n_9954,0,-1,1,8.314633170134638e-16,0.0,0.0,0.0
n_9957,0,-1,1,8.578197530189062e-16,0.0,0.0,0.0
n_9958,0,-1,1,8.494541909340268e-16,0.0,0.0,0.0
n_9959,0,-1,1,7.372127963021754e-16,0.0,0.0,0.0
n_9960,0,-1,1,7.938705125066603e-16,0.0,0.0,0.0
n_9963,0,-1,1,7.342819564255571e-16,0.0,0.0,0.0
n_9967,0,-1,2,5.811150002768117e-15,0.0,0.0,0.0
n_9996,0,-1,1,1.4137070945716102e-15,0.0,0.0,0.0
o3_empty,0,-1,1,7.877109947933454e-16,0.0,0.0,0.0
o3_status[0],0,-1,2,1.9706903379393837e-15,0.0,0.0,0.0
o3_status[1],0,-1,2,1.8731879518644676e-15,0.0,0.0,0.0
o3_we,0,-1,9,9.449388598252884e-15,0.0,0.0,0.0
o4_empty,0,-1,1,8.63375653878184e-16,0.0,0.0,0.0
o4_status[0],0,-1,2,2.0497686986203347e-15,0.0,0.0,0.0
o4_status[1],0,-1,2,1.9972736199560127e-15,0.0,0.0,0.0
o4_we,0,-1,8,9.117264438535631e-15,0.0,0.0,0.0
o6_empty,0,-1,1,8.202019081005995e-16,0.0,0.0,0.0
o6_status[0],0,-1,2,1.318438652015959e-15,0.0,0.0,0.0
o6_status[1],0,-1,2,1.4477498781173526e-15,0.0,0.0,0.0
o6_we,0,-1,8,8.490978441731169e-15,0.0,0.0,0.0
o7_empty,0,-1,1,7.898011015302546e-16,0.0,0.0,0.0
o7_status[0],0,-1,2,1.2553339562916847e-15,0.0,0.0,0.0
o7_status[1],0,-1,2,1.2129129581064132e-15,0.0,0.0,0.0
o7_we,0,-1,8,9.15019962062372e-15,0.0,0.0,0.0
o8_empty,0,-1,1,9.009684054454284e-16,0.0,0.0,0.0
o8_status[0],0,-1,2,1.5158928316910138e-15,0.0,0.0,0.0
o8_status[1],0,-1,2,1.4882984040936e-15,0.0,0.0,0.0
o8_we,0,-1,10,1.049185406929538e-14,0.0,0.0,0.0
o9_empty,0,-1,2,1.344297085587975e-15,0.0,0.0,0.0
o9_status[0],0,-1,2,1.5521064548014506e-15,0.0,0.0,0.0
o9_status[1],0,-1,2,1.625596939129365e-15,0.0,0.0,0.0
o9_we,0,-1,9,7.971933592312679e-15,0.0,0.0,0.0
oc0_cfg[0],0,-1,1,1.4882975570606528e-15,0.0,0.0,0.0
oc0_cfg[1],0,-1,3,2.113574843504054e-15,0.0,0.0,0.0
oc0_cfg[2],0,-1,1,8.360446005878071e-16,0.0,0.0,0.0
oc0_cfg[3],0,-1,3,2.888275835744047e-15,0.0,0.0,0.0
oc0_cfg[4],0,-1,3,2.0966415960972564e-15,0.0,0.0,0.0
oc0_cfg[5],0,-1,3,1.8789621754659e-15,0.0,0.0,0.0
oc0_cfg[6],0,-1,1,7.331322150787778e-16,0.0,0.0,0.0
oc0_int_set[0],0,-1,1,1.3278342591042588e-15,0.0,0.0,0.0
oc0_int_set[1],0,-1,2,1.6965933349440891e-15,0.0,0.0,0.0
oc0_int_set[2],0,-1,2,3.1973678990760345e-15,0.0,0.0,0.0
oc1_cfg[0],0,-1,2,1.278727312228954e-15,0.0,0.0,0.0
oc1_cfg[1],0,-1,1,8.840516751811023e-16,0.0,0.0,0.0
oc1_cfg[2],0,-1,1,6.91043783204422e-16,0.0,0.0,0.0
oc1_cfg[3],0,-1,2,1.6201155771694456e-15,0.0,0.0,0.0
oc1_cfg[4],0,-1,4,2.4532930771099153e-15,0.0,0.0,0.0
oc1_cfg[5],0,-1,2,1.3714024575374678e-15,0.0,0.0,0.0
oc1_cfg[6],0,-1,1,6.90974538260984e-16,0.0,0.0,0.0
oc1_int_set[0],0,-1,1,2.6265640426243863e-15,0.0,0.0,0.0
oc1_int_set[1],0,-1,2,2.231701846569902e-15,0.0,0.0,0.0
oc1_int_set[2],0,-1,2,2.9532968376323656e-15,0.0,0.0,0.0
oc2_cfg[0],0,-1,1,9.131301045021056e-16,0.0,0.0,0.0
oc2_cfg[1],0,-1,3,2.683006930097624e-15,0.0,0.0,0.0
oc2_cfg[2],0,-1,2,1.5288428007842296e-15,0.0,0.0,0.0
oc2_cfg[3],0,-1,2,1.6469245934665178e-15,0.0,0.0,0.0
oc2_cfg[4],0,-1,4,3.5500811004004346e-15,0.0,0.0,0.0
oc2_cfg[5],0,-1,3,3.5851109949670834e-15,0.0,0.0,0.0
oc2_cfg[6],0,-1,3,2.777463809210687e-15,0.0,0.0,0.0
oc2_int_set[0],0,-1,1,1.4268708336048893e-15,0.0,0.0,0.0
oc2_int_set[1],0,-1,2,1.8022790122015474e-15,0.0,0.0,0.0
oc2_int_set[2],0,-1,2,2.111810897391397e-15,0.0,0.0,0.0
oc3_cfg[0],0,-1,5,4.922660721976349e-15,0.0,0.0,0.0
oc3_cfg[1],0,-1,3,3.3810052773154773e-15,0.0,0.0,0.0
oc3_cfg[2],0,-1,4,2.971915892362436e-15,0.0,0.0,0.0
oc3_cfg[3],0,-1,2,1.5005811229826162e-15,0.0,0.0,0.0
oc3_cfg[4],0,-1,4,2.8188691090130823e-15,0.0,0.0,0.0
oc3_cfg[5],0,-1,3,2.0178772728815e-15,0.0,0.0,0.0
oc3_cfg[6],0,-1,2,1.3516660604708506e-15,0.0,0.0,0.0
oc3_int_set[0],0,-1,1,1.333270516559737e-15,0.0,0.0,0.0
oc3_int_set[1],0,-1,2,1.4547910512496408e-15,0.0,0.0,0.0
oc3_int_set[2],0,-1,2,1.7081548052785183e-15,0.0,0.0,0.0
oc4_cfg[0],0,-1,2,1.993906663990677e-15,0.0,0.0,0.0
oc4_cfg[1],0,-1,3,2.1853496625973048e-15,0.0,0.0,0.0
oc4_cfg[2],0,-1,2,1.2945730752105954e-15,0.0,0.0,0.0
oc4_cfg[3],0,-1,1,1.3557067252666088e-15,0.0,0.0,0.0
oc4_cfg[4],0,-1,3,1.955317960496139e-15,0.0,0.0,0.0
oc4_cfg[5],0,-1,3,2.1991393589786048e-15,0.0,0.0,0.0
oc4_cfg[6],0,-1,3,2.0314333999275945e-15,0.0,0.0,0.0
oc4_int_set[0],0,-1,1,9.345424621339839e-16,0.0,0.0,0.0
oc4_int_set[1],0,-1,2,1.801722935071675e-15,0.0,0.0,0.0
oc4_int_set[2],0,-1,2,2.1396668464112754e-15,0.0,0.0,0.0
oc5_cfg[0],0,-1,2,1.2499846255924186e-15,0.0,0.0,0.0
oc5_cfg[1],0,-1,3,1.6604400629311442e-15,0.0,0.0,0.0
oc5_cfg[2],0,-1,1,1.444274184297413e-15,0.0,0.0,0.0
oc5_cfg[3],0,-1,1,7.812084816759518e-16,0.0,0.0,0.0
oc5_cfg[4],0,-1,3,1.850194607236539e-15,0.0,0.0,0.0
oc5_cfg[5],0,-1,3,2.48774042476709e-15,0.0,0.0,0.0
oc5_cfg[6],0,-1,2,1.4459404039837806e-15,0.0,0.0,0.0
oc5_int_set[0],0,-1,1,7.527282164343876e-16,0.0,0.0,0.0
oc5_int_set[1],0,-1,2,1.9036082931321585e-15,0.0,0.0,0.0
oc5_int_set[2],0,-1,2,2.332436933888014e-15,0.0,0.0,0.0
out_le[0],0,-1,5,2.1350172708055597e-15,0.0,0.0,0.0
out_le[1],0,-1,7,3.2689949109199895e-15,0.0,0.0,0.0
out_le[2],0,-1,10,5.8440398685935275e-15,0.0,0.0,0.0
out_le[3],0,-1,12,7.845260662083745e-15,0.0,0.0,0.0
out_le[4],0,-1,12,7.0365792490987514e-15,0.0,0.0,0.0
out_le[5],0,-1,12,6.361584199145957e-15,0.0,0.0,0.0
out_slt0[11],0,-1,2,1.4493701462663317e-15,0.0,0.0,0.0
out_slt0[12],0,-1,3,2.1497581851866263e-15,0.0,0.0,0.0
out_slt0[13],0,-1,3,1.944314578994832e-15,0.0,0.0,0.0
out_slt0[14],0,-1,3,1.6961277844604545e-15,0.0,0.0,0.0
out_slt0[6],0,-1,3,2.7232746646518565e-15,0.0,0.0,0.0
out_slt0[7],0,-1,3,1.8079869554748574e-15,0.0,0.0,0.0
out_slt0[8],0,-1,4,2.855431497939551e-15,0.0,0.0,0.0
out_slt0[9],0,-1,2,2.0364099302509504e-15,0.0,0.0,0.0
out_slt3[0],0,-1,2,1.2968731931788644e-15,0.0,0.0,0.0
out_slt3[10],0,-1,2,1.2280921061585655e-15,0.0,0.0,0.0
out_slt3[11],0,-1,2,1.3061732973023614e-15,0.0,0.0,0.0
out_slt3[12],0,-1,2,1.562584464117223e-15,0.0,0.0,0.0
out_slt3[13],0,-1,2,1.2570921849319478e-15,0.0,0.0,0.0
out_slt3[14],0,-1,2,1.3161665920140677e-15,0.0,0.0,0.0
out_slt3[15],0,-1,2,1.284749716483932e-15,0.0,0.0,0.0
out_slt3[16],0,-1,2,1.4978615119472195e-15,0.0,0.0,0.0
out_slt3[17],0,-1,2,1.24766851987727e-15,0.0,0.0,0.0
out_slt3[18],0,-1,2,1.4234330445093393e-15,0.0,0.0,0.0
out_slt3[19],0,-1,2,1.2100756094913481e-15,0.0,0.0,0.0
out_slt3[1],0,-1,2,1.1975678974757175e-15,0.0,0.0,0.0
out_slt3[2],0,-1,2,1.300284300736576e-15,0.0,0.0,0.0
out_slt3[3],0,-1,2,1.1605780745482406e-15,0.0,0.0,0.0
out_slt3[4],0,-1,2,1.7317816246718745e-15,0.0,0.0,0.0
out_slt3[5],0,-1,2,1.084818388954632e-15,0.0,0.0,0.0
out_slt3[6],0,-1,2,1.3897639083724545e-15,0.0,0.0,0.0
out_slt3[7],0,-1,2,1.1255753909150223e-15,0.0,0.0,0.0
out_slt3[8],0,-1,2,1.1486965316388677e-15,0.0,0.0,0.0
out_slt3[9],0,-1,2,1.4150865936053323e-15,0.0,0.0,0.0
out_slt4[0],0,-1,2,9.299694371308763e-16,0.0,0.0,0.0
out_slt4[10],0,-1,2,1.1773955960786195e-15,0.0,0.0,0.0
out_slt4[11],0,-1,2,1.3872664317274752e-15,0.0,0.0,0.0
out_slt4[12],0,-1,2,1.3180753807607052e-15,0.0,0.0,0.0
out_slt4[13],0,-1,2,1.1690756149542142e-15,0.0,0.0,0.0
out_slt4[14],0,-1,2,1.3987547395910853e-15,0.0,0.0,0.0
out_slt4[15],0,-1,2,1.5022629068993897e-15,0.0,0.0,0.0
out_slt4[16],0,-1,2,1.1715730915991935e-15,0.0,0.0,0.0
out_slt4[17],0,-1,2,1.370481097449092e-15,0.0,0.0,0.0
out_slt4[18],0,-1,2,1.8346255063912947e-15,0.0,0.0,0.0
out_slt4[19],0,-1,2,1.465021197549223e-15,0.0,0.0,0.0
out_slt4[1],0,-1,2,1.1540675675574073e-15,0.0,0.0,0.0
out_slt4[2],0,-1,2,1.2456089592660213e-15,0.0,0.0,0.0
out_slt4[3],0,-1,2,1.2288671413053032e-15,0.0,0.0,0.0
out_slt4[4],0,-1,2,1.5011879162102055e-15,0.0,0.0,0.0
out_slt4[5],0,-1,2,1.229166143935684e-15,0.0,0.0,0.0
out_slt4[6],0,-1,2,1.4681855008819283e-15,0.0,0.0,0.0
out_slt4[7],0,-1,2,1.2581663285881847e-15,0.0,0.0,0.0
out_slt4[8],0,-1,2,1.1420191591574253e-15,0.0,0.0,0.0
out_slt4[9],0,-1,2,1.3556038107635174e-15,0.0,0.0,0.0
out_slt6[0],0,-1,2,1.3032996321496828e-15,0.0,0.0,0.0
out_slt6[10],0,-1,2,1.2717391845349876e-15,0.0,0.0,0.0
out_slt6[11],0,-1,2,1.42810421945521e-15,0.0,0.0,0.0
out_slt6[12],0,-1,2,1.2971595961941548e-15,0.0,0.0,0.0
out_slt6[13],0,-1,2,1.2235852556044622e-15,0.0,0.0,0.0
out_slt6[14],0,-1,2,1.251098473918058e-15,0.0,0.0,0.0
out_slt6[15],0,-1,2,1.1662375251853202e-15,0.0,0.0,0.0
out_slt6[16],0,-1,2,1.4435679705776397e-15,0.0,0.0,0.0
out_slt6[17],0,-1,2,1.174205987636615e-15,0.0,0.0,0.0
out_slt6[18],0,-1,2,1.2777966347781583e-15,0.0,0.0,0.0
out_slt6[19],0,-1,2,1.4242024680628015e-15,0.0,0.0,0.0
out_slt6[1],0,-1,2,1.1143847092532537e-15,0.0,0.0,0.0
out_slt6[2],0,-1,2,1.1258490884361039e-15,0.0,0.0,0.0
out_slt6[3],0,-1,2,1.2359424075137184e-15,0.0,0.0,0.0
out_slt6[4],0,-1,2,1.3888718767998774e-15,0.0,0.0,0.0
out_slt6[5],0,-1,2,1.0304431089056421e-15,0.0,0.0,0.0
out_slt6[6],0,-1,2,1.1270647924736506e-15,0.0,0.0,0.0
out_slt6[7],0,-1,2,1.1832492290188572e-15,0.0,0.0,0.0
out_slt6[8],0,-1,2,1.2560465227585624e-15,0.0,0.0,0.0
out_slt6[9],0,-1,2,1.2294630289836966e-15,0.0,0.0,0.0
out_slt7[0],0,-1,2,1.3707162549710735e-15,0.0,0.0,0.0
out_slt7[10],0,-1,2,2.100003046348435e-15,0.0,0.0,0.0
out_slt7[11],0,-1,2,2.1739617281379443e-15,0.0,0.0,0.0
out_slt7[12],0,-1,2,1.992259608424741e-15,0.0,0.0,0.0
out_slt7[13],0,-1,2,2.4132392183748644e-15,0.0,0.0,0.0
out_slt7[14],0,-1,2,2.200512399386104e-15,0.0,0.0,0.0
out_slt7[15],0,-1,2,2.1437863911502467e-15,0.0,0.0,0.0
out_slt7[16],0,-1,2,1.8468503094025424e-15,0.0,0.0,0.0
out_slt7[17],0,-1,2,1.9542028416210788e-15,0.0,0.0,0.0
out_slt7[18],0,-1,2,1.8871654778018212e-15,0.0,0.0,0.0
out_slt7[19],0,-1,2,1.6147071659221085e-15,0.0,0.0,0.0
out_slt7[1],0,-1,2,1.2963252687411093e-15,0.0,0.0,0.0
out_slt7[2],0,-1,2,1.464063626802352e-15,0.0,0.0,0.0
out_slt7[3],0,-1,2,1.4590772497209844e-15,0.0,0.0,0.0
out_slt7[4],0,-1,2,1.2853192402618422e-15,0.0,0.0,0.0
out_slt7[5],0,-1,2,1.265428259682351e-15,0.0,0.0,0.0
out_slt7[6],0,-1,2,1.3889099932825038e-15,0.0,0.0,0.0
out_slt7[7],0,-1,2,1.3571665865512016e-15,0.0,0.0,0.0
out_slt7[8],0,-1,2,1.4633238494020438e-15,0.0,0.0,0.0
out_slt7[9],0,-1,2,1.6377024163741682e-15,0.0,0.0,0.0
out_slt8[0],0,-1,2,1.4428901324615995e-15,0.0,0.0,0.0
out_slt8[10],0,-1,2,1.3231020977861859e-15,0.0,0.0,0.0
out_slt8[11],0,-1,2,1.131832211538153e-15,0.0,0.0,0.0
out_slt8[12],0,-1,2,1.416605006042404e-15,0.0,0.0,0.0
out_slt8[13],0,-1,2,1.418177099192508e-15,0.0,0.0,0.0
out_slt8[14],0,-1,2,1.618626599127291e-15,0.0,0.0,0.0
out_slt8[15],0,-1,2,1.3522217140842494e-15,0.0,0.0,0.0
out_slt8[16],0,-1,2,1.5289517503970702e-15,0.0,0.0,0.0
out_slt8[17],0,-1,2,1.4567778729065442e-15,0.0,0.0,0.0
out_slt8[18],0,-1,2,1.241877249737774e-15,0.0,0.0,0.0
out_slt8[19],0,-1,2,1.4374951678623e-15,0.0,0.0,0.0
out_slt8[1],0,-1,2,1.304322847949966e-15,0.0,0.0,0.0
out_slt8[2],0,-1,2,1.190499301651762e-15,0.0,0.0,0.0
out_slt8[3],0,-1,2,1.2427844220242834e-15,0.0,0.0,0.0
out_slt8[4],0,-1,2,1.49672839362203e-15,0.0,0.0,0.0
out_slt8[5],0,-1,2,1.433099808019879e-15,0.0,0.0,0.0
out_slt8[6],0,-1,2,1.4007642193793277e-15,0.0,0.0,0.0
out_slt8[7],0,-1,2,1.3899261151818537e-15,0.0,0.0,0.0
out_slt8[8],0,-1,2,1.372520646906962e-15,0.0,0.0,0.0
out_slt8[9],0,-1,2,1.3680137963528586e-15,0.0,0.0,0.0
out_slt9[0],0,-1,2,9.831060373736251e-16,0.0,0.0,0.0
out_slt9[10],0,-1,2,1.4724026661680706e-15,0.0,0.0,0.0
out_slt9[11],0,-1,2,1.460645848860181e-15,0.0,0.0,0.0
out_slt9[12],0,-1,2,1.3934168438366071e-15,0.0,0.0,0.0
out_slt9[13],0,-1,2,1.5783745346825825e-15,0.0,0.0,0.0
out_slt9[14],0,-1,2,1.7138342670689768e-15,0.0,0.0,0.0
out_slt9[15],0,-1,2,1.7683583072793281e-15,0.0,0.0,0.0
out_slt9[16],0,-1,2,1.2546754940543129e-15,0.0,0.0,0.0
out_slt9[17],0,-1,2,1.267085479643654e-15,0.0,0.0,0.0
out_slt9[18],0,-1,2,1.5439406336734455e-15,0.0,0.0,0.0
out_slt9[19],0,-1,2,1.6529062342609093e-15,0.0,0.0,0.0
out_slt9[1],0,-1,2,1.1841418958661448e-15,0.0,0.0,0.0
out_slt9[2],0,-1,2,1.2747565276513442e-15,0.0,0.0,0.0
out_slt9[3],0,-1,2,1.5081948903872483e-15,0.0,0.0,0.0
out_slt9[4],0,-1,2,1.226665914433626e-15,0.0,0.0,0.0
out_slt9[5],0,-1,2,1.360925930529353e-15,0.0,0.0,0.0
out_slt9[6],0,-1,2,1.3741416562097698e-15,0.0,0.0,0.0
out_slt9[7],0,-1,2,1.1901109370454459e-15,0.0,0.0,0.0
out_slt9[8],0,-1,2,1.482353291595059e-15,0.0,0.0,0.0
out_slt9[9],0,-1,2,1.3609477416277448e-15,0.0,0.0,0.0
resume_req,0,-1,1,8.561189638003788e-16,0.0,0.0,0.0
rf_we,0,-1,16,2.1025356748607255e-14,0.0,0.0,0.0
u0_slt0_r[0],0,-1,1,4.3732001370318187e-16,0.0,0.0,0.0
u0_slt0_r[10],0,-1,1,5.319436788975155e-16,0.0,0.0,0.0
u0_slt0_r[11],0,-1,1,6.827938940564019e-16,0.0,0.0,0.0
u0_slt0_r[12],0,-1,1,7.663616352369192e-16,0.0,0.0,0.0
u0_slt0_r[13],0,-1,1,4.3452888132330134e-16,0.0,0.0,0.0
u0_slt0_r[14],0,-1,1,5.767865030976646e-16,0.0,0.0,0.0
u0_slt0_r[15],0,-1,1,3.462571797278988e-15,0.0,0.0,0.0
u0_slt0_r[1],0,-1,1,4.411373000288814e-16,0.0,0.0,0.0
u0_slt0_r[2],0,-1,1,5.170704685579996e-16,0.0,0.0,0.0
u0_slt0_r[3],0,-1,1,4.601441899696758e-16,0.0,0.0,0.0
u0_slt0_r[4],0,-1,1,4.3281316314907855e-16,0.0,0.0,0.0
u0_slt0_r[5],0,-1,1,1.0125413852027777e-15,0.0,0.0,0.0
u0_slt0_r[6],0,-1,1,6.08203325688241e-16,0.0,0.0,0.0
u0_slt0_r[7],0,-1,1,5.816198319133752e-16,0.0,0.0,0.0
u0_slt0_r[8],0,-1,1,5.937032863015499e-16,0.0,0.0,0.0
u0_slt0_r[9],0,-1,1,3.60312754457386e-16,0.0,0.0,0.0
u0_slt1_r[0],0,-1,1,4.121371418461603e-16,0.0,0.0,0.0
u0_slt1_r[10],0,-1,1,4.953203035988445e-16,0.0,0.0,0.0
u0_slt1_r[11],0,-1,1,2.5792892280139925e-15,0.0,0.0,0.0
u0_slt1_r[12],0,-1,1,4.970360747126265e-16,0.0,0.0,0.0
u0_slt1_r[13],0,-1,1,6.61043782036806e-16,0.0,0.0,0.0
u0_slt1_r[14],0,-1,1,5.198602245093408e-16,0.0,0.0,0.0
u0_slt1_r[15],0,-1,1,5.7436975928047045e-16,0.0,0.0,0.0
u0_slt1_r[16],0,-1,1,5.996107058339382e-16,0.0,0.0,0.0
u0_slt1_r[17],0,-1,1,7.8703765653983745e-16,0.0,0.0,0.0
u0_slt1_r[18],0,-1,1,5.767864501581054e-16,0.0,0.0,0.0
u0_slt1_r[19],0,-1,1,3.893129126401071e-16,0.0,0.0,0.0
u0_slt1_r[1],0,-1,1,5.170704156184404e-16,0.0,0.0,0.0
u0_slt1_r[2],0,-1,1,5.678207652300962e-16,0.0,0.0,0.0
u0_slt1_r[3],0,-1,1,4.977369944764794e-16,0.0,0.0,0.0
u0_slt1_r[4],0,-1,1,4.618133213317996e-16,0.0,0.0,0.0
u0_slt1_r[5],0,-1,1,4.183130972926078e-16,0.0,0.0,0.0
u0_slt1_r[6],0,-1,1,4.832369550897882e-16,0.0,0.0,0.0
u0_slt1_r[7],0,-1,1,4.504774793986953e-16,0.0,0.0,0.0
u0_slt1_r[8],0,-1,1,4.048870956830351e-16,0.0,0.0,0.0
u0_slt1_r[9],0,-1,1,6.993955280643494e-16,0.0,0.0,0.0
u0_slt2_r[0],0,-1,1,3.7481284678363635e-16,0.0,0.0,0.0
u0_slt2_r[10],0,-1,1,4.87369364141646e-16,0.0,0.0,0.0
u0_slt2_r[11],0,-1,1,5.671197925266841e-16,0.0,0.0,0.0
u0_slt2_r[12],0,-1,1,5.215294088110238e-16,0.0,0.0,0.0
u0_slt2_r[13],0,-1,1,4.659457303836574e-16,0.0,0.0,0.0
u0_slt2_r[14],0,-1,1,5.005268033673798e-16,0.0,0.0,0.0
u0_slt2_r[15],0,-1,1,5.029434942450148e-16,0.0,0.0,0.0
u0_slt2_r[16],0,-1,1,5.343603697751504e-16,0.0,0.0,0.0
u0_slt2_r[17],0,-1,1,4.9569342161211e-16,0.0,0.0,0.0
u0_slt2_r[18],0,-1,1,5.464437182842066e-16,0.0,0.0,0.0
u0_slt2_r[19],0,-1,1,4.735701915792485e-16,0.0,0.0,0.0
u0_slt2_r[1],0,-1,1,4.673942626025806e-16,0.0,0.0,0.0
u0_slt2_r[2],0,-1,1,5.533206729038459e-16,0.0,0.0,0.0
u0_slt2_r[3],0,-1,1,1.18235719744628e-15,0.0,0.0,0.0
u0_slt2_r[4],0,-1,1,5.187861867322224e-16,0.0,0.0,0.0
u0_slt2_r[5],0,-1,1,5.070292635452143e-16,0.0,0.0,0.0
u0_slt2_r[6],0,-1,1,4.659457303836574e-16,0.0,0.0,0.0
u0_slt2_r[7],0,-1,1,4.162695244282384e-16,0.0,0.0,0.0
u0_slt2_r[8],0,-1,1,4.728692718153956e-16,0.0,0.0,0.0
u0_slt2_r[9],0,-1,1,4.970360747126265e-16,0.0,0.0,0.0
u0_slt3_r[0],0,-1,1,6.009533059948954e-16,0.0,0.0,0.0
u0_slt3_r[10],0,-1,1,5.85110666447247e-16,0.0,0.0,0.0
u0_slt3_r[11],0,-1,1,6.524511621825032e-16,0.0,0.0,0.0
u0_slt3_r[12],0,-1,1,1.017696321840649e-15,0.0,0.0,0.0
u0_slt3_r[13],0,-1,1,4.51445638057407e-16,0.0,0.0,0.0
u0_slt3_r[14],0,-1,1,4.162695244282384e-16,0.0,0.0,0.0
u0_slt3_r[15],0,-1,1,4.925292241585231e-16,0.0,0.0,0.0
u0_slt3_r[16],0,-1,1,9.347816430624648e-16,0.0,0.0,0.0
u0_slt3_r[17],0,-1,1,7.27694740013438e-16,0.0,0.0,0.0
u0_slt3_r[18],0,-1,1,4.2486214428254124e-16,0.0,0.0,0.0
u0_slt3_r[19],0,-1,1,5.847374954944223e-16,0.0,0.0,0.0
u0_slt3_r[1],0,-1,1,4.932767836740343e-16,0.0,0.0,0.0
u0_slt3_r[2],0,-1,1,4.3318628116234407e-16,0.0,0.0,0.0
u0_slt3_r[3],0,-1,1,4.787766913477839e-16,0.0,0.0,0.0
u0_slt3_r[4],0,-1,1,5.101935668779195e-16,0.0,0.0,0.0
u0_slt3_r[5],0,-1,1,3.9586198609982014e-16,0.0,0.0,0.0
u0_slt3_r[6],0,-1,1,4.259362349992189e-16,0.0,0.0,0.0
u0_slt3_r[7],0,-1,1,5.032700254461813e-16,0.0,0.0,0.0
u0_slt3_r[8],0,-1,1,4.4285299173332457e-16,0.0,0.0,0.0
u0_slt3_r[9],0,-1,1,4.031120322629453e-16,0.0,0.0,0.0
u0_slt4_r[0],0,-1,1,4.200288154668306e-16,0.0,0.0,0.0
u0_slt4_r[10],0,-1,1,4.884434548583236e-16,0.0,0.0,0.0
u0_slt4_r[11],0,-1,1,8.812882301906851e-16,0.0,0.0,0.0
u0_slt4_r[12],0,-1,1,6.154533983211458e-16,0.0,0.0,0.0
u0_slt4_r[13],0,-1,1,4.3694557220093626e-16,0.0,0.0,0.0
u0_slt4_r[14],0,-1,1,4.476863470188148e-16,0.0,0.0,0.0
u0_slt4_r[15],0,-1,1,9.476126040265914e-16,0.0,0.0,0.0
u0_slt4_r[16],0,-1,1,5.526197002004337e-16,0.0,0.0,0.0
u0_slt4_r[17],0,-1,1,5.070292635452143e-16,0.0,0.0,0.0
u0_slt4_r[18],0,-1,1,4.811933822254188e-16,0.0,0.0,0.0
u0_slt4_r[19],0,-1,1,2.9916447720116464e-15,0.0,0.0,0.0
u0_slt4_r[1],0,-1,1,5.053601851226497e-16,0.0,0.0,0.0
u0_slt4_r[2],0,-1,1,4.3318628116234407e-16,0.0,0.0,0.0
u0_slt4_r[3],0,-1,1,4.884434548583236e-16,0.0,0.0,0.0
u0_slt4_r[4],0,-1,1,5.440270803461309e-16,0.0,0.0,0.0
u0_slt4_r[5],0,-1,1,5.69536483404319e-16,0.0,0.0,0.0
u0_slt4_r[6],0,-1,1,5.126102048159953e-16,0.0,0.0,0.0
u0_slt4_r[7],0,-1,1,5.246936062646107e-16,0.0,0.0,0.0
u0_slt4_r[8],0,-1,1,4.946193838349915e-16,0.0,0.0,0.0
u0_slt4_r[9],0,-1,1,4.739433095925141e-16,0.0,0.0,0.0
u0_slt5_r[0],0,-1,1,4.4322743323557017e-16,0.0,0.0,0.0
u0_slt5_r[10],0,-1,1,4.701374846813821e-16,0.0,0.0,0.0
u0_slt5_r[11],0,-1,1,4.1938716153950585e-16,0.0,0.0,0.0
u0_slt5_r[12],0,-1,1,5.2572105722963015e-16,0.0,0.0,0.0
u0_slt5_r[13],0,-1,1,1.160459489935625e-15,0.0,0.0,0.0
u0_slt5_r[14],0,-1,1,4.846375240680732e-16,0.0,0.0,0.0
u0_slt5_r[15],0,-1,1,5.906449679663698e-16,0.0,0.0,0.0
u0_slt5_r[16],0,-1,1,5.519780198033294e-16,0.0,0.0,0.0
u0_slt5_r[17],0,-1,1,5.519780198033294e-16,0.0,0.0,0.0
u0_slt5_r[18],0,-1,1,4.3872058268146685e-16,0.0,0.0,0.0
u0_slt5_r[19],0,-1,1,1.3019739197081114e-15,0.0,0.0,0.0
u0_slt5_r[1],0,-1,1,6.109944051285623e-16,0.0,0.0,0.0
u0_slt5_r[2],0,-1,1,7.91229357898003e-16,0.0,0.0,0.0
u0_slt5_r[3],0,-1,1,4.687368098239787e-16,0.0,0.0,0.0
u0_slt5_r[4],0,-1,1,5.533206729038459e-16,0.0,0.0,0.0
u0_slt5_r[5],0,-1,1,4.714800319027801e-16,0.0,0.0,0.0
u0_slt5_r[6],0,-1,1,6.534786131475226e-16,0.0,0.0,0.0
u0_slt5_r[7],0,-1,1,4.4322743323557017e-16,0.0,0.0,0.0
u0_slt5_r[8],0,-1,1,5.543947106809643e-16,0.0,0.0,0.0
u0_slt5_r[9],0,-1,1,5.471446380480595e-16,0.0,0.0,0.0
u0_slt6_r[0],0,-1,1,4.20028788997051e-16,0.0,0.0,0.0
u0_slt6_r[10],0,-1,1,5.287794814439286e-16,0.0,0.0,0.0
u0_slt6_r[11],0,-1,1,7.625443753809993e-16,0.0,0.0,0.0
u0_slt6_r[12],0,-1,1,5.142793361781191e-16,0.0,0.0,0.0
u0_slt6_r[13],0,-1,1,5.198602245093408e-16,0.0,0.0,0.0
u0_slt6_r[14],0,-1,1,4.0176945857176764e-16,0.0,0.0,0.0
u0_slt6_r[15],0,-1,1,6.531042245848362e-16,0.0,0.0,0.0
u0_slt6_r[16],0,-1,1,6.855371161352034e-16,0.0,0.0,0.0
u0_slt6_r[17],0,-1,1,5.070293164847735e-16,0.0,0.0,0.0
u0_slt6_r[18],0,-1,1,4.787766913477839e-16,0.0,0.0,0.0
u0_slt6_r[19],0,-1,1,4.963944472550813e-16,0.0,0.0,0.0
u0_slt6_r[1],0,-1,1,4.825360353259353e-16,0.0,0.0,0.0
u0_slt6_r[2],0,-1,1,4.3694557220093626e-16,0.0,0.0,0.0
u0_slt6_r[3],0,-1,1,4.887699331199309e-16,0.0,0.0,0.0
u0_slt6_r[4],0,-1,1,5.826939755696121e-16,0.0,0.0,0.0
u0_slt6_r[5],0,-1,1,5.443535586077382e-16,0.0,0.0,0.0
u0_slt6_r[6],0,-1,1,4.2486214428254124e-16,0.0,0.0,0.0
u0_slt6_r[7],0,-1,1,6.08203325688241e-16,0.0,0.0,0.0
u0_slt6_r[8],0,-1,1,5.985366680568197e-16,0.0,0.0,0.0
u0_slt6_r[9],0,-1,1,5.029434942450148e-16,0.0,0.0,0.0
u0_slt7_r[0],0,-1,1,5.091194232216827e-16,0.0,0.0,0.0
u0_slt7_r[10],0,-1,1,4.393622366087916e-16,0.0,0.0,0.0
u0_slt7_r[11],0,-1,1,5.681938303038025e-16,0.0,0.0,0.0
u0_slt7_r[12],0,-1,1,4.1143616914274814e-16,0.0,0.0,0.0
u0_slt7_r[13],0,-1,1,5.743698122200297e-16,0.0,0.0,0.0
u0_slt7_r[14],0,-1,1,5.198602774489e-16,0.0,0.0,0.0
u0_slt7_r[15],0,-1,1,5.557839505935798e-16,0.0,0.0,0.0
u0_slt7_r[16],0,-1,1,6.372035103407417e-16,0.0,0.0,0.0
u0_slt7_r[17],0,-1,1,4.2486214428254124e-16,0.0,0.0,0.0
u0_slt7_r[18],0,-1,1,6.227034180144914e-16,0.0,0.0,0.0
u0_slt7_r[19],0,-1,1,1.4162895921486702e-15,0.0,0.0,0.0
u0_slt7_r[1],0,-1,1,5.284528973032029e-16,0.0,0.0,0.0
u0_slt7_r[2],0,-1,1,5.582006414712147e-16,0.0,0.0,0.0
u0_slt7_r[3],0,-1,1,6.127101762423443e-16,0.0,0.0,0.0
u0_slt7_r[4],0,-1,1,4.3318628116234407e-16,0.0,0.0,0.0
u0_slt7_r[5],0,-1,1,5.142793361781191e-16,0.0,0.0,0.0
u0_slt7_r[6],0,-1,1,4.787766913477839e-16,0.0,0.0,0.0
u0_slt7_r[7],0,-1,1,5.647031016490492e-16,0.0,0.0,0.0
u0_slt7_r[8],0,-1,1,5.912865954239149e-16,0.0,0.0,0.0
u0_slt7_r[9],0,-1,1,6.351133506642733e-16,0.0,0.0,0.0
u0_slt8_r[0],0,-1,1,5.650296328502157e-16,0.0,0.0,0.0
u0_slt8_r[10],0,-1,1,4.925292241585231e-16,0.0,0.0,0.0
u0_slt8_r[11],0,-1,1,5.070293164847735e-16,0.0,0.0,0.0
u0_slt8_r[12],0,-1,1,5.367770606527853e-16,0.0,0.0,0.0
u0_slt8_r[13],0,-1,1,6.154533983211458e-16,0.0,0.0,0.0
u0_slt8_r[14],0,-1,1,9.61038605636164e-16,0.0,0.0,0.0
u0_slt8_r[15],0,-1,1,5.912865954239149e-16,0.0,0.0,0.0
u0_slt8_r[16],0,-1,1,7.435374325006456e-16,0.0,0.0,0.0
u0_slt8_r[17],0,-1,1,5.7436975928047045e-16,0.0,0.0,0.0
u0_slt8_r[18],0,-1,1,6.592801535615042e-16,0.0,0.0,0.0
u0_slt8_r[19],0,-1,1,4.562790198126769e-16,0.0,0.0,0.0
u0_slt8_r[1],0,-1,1,5.381196078741834e-16,0.0,0.0,0.0
u0_slt8_r[2],0,-1,1,5.937032863015499e-16,0.0,0.0,0.0
u0_slt8_r[3],0,-1,1,4.4043632732546924e-16,0.0,0.0,0.0
u0_slt8_r[4],0,-1,1,4.811933822254188e-16,0.0,0.0,0.0
u0_slt8_r[5],0,-1,1,5.142793361781191e-16,0.0,0.0,0.0
u0_slt8_r[6],0,-1,1,5.767865030976646e-16,0.0,0.0,0.0
u0_slt8_r[7],0,-1,1,5.443535586077382e-16,0.0,0.0,0.0
u0_slt8_r[8],0,-1,1,5.453696805070882e-16,0.0,0.0,0.0
u0_slt8_r[9],0,-1,1,4.1143616914274814e-16,0.0,0.0,0.0
u0_slt9_r[0],0,-1,1,5.174435865712651e-16,0.0,0.0,0.0
u0_slt9_r[10],0,-1,1,5.671197925266841e-16,0.0,0.0,0.0
u0_slt9_r[11],0,-1,1,5.60943810610457e-16,0.0,0.0,0.0
u0_slt9_r[12],0,-1,1,4.997792438518687e-16,0.0,0.0,0.0
u0_slt9_r[13],0,-1,1,5.453696805070882e-16,0.0,0.0,0.0
u0_slt9_r[14],0,-1,1,5.101935668779195e-16,0.0,0.0,0.0
u0_slt9_r[15],0,-1,1,4.2727883516017616e-16,0.0,0.0,0.0
u0_slt9_r[16],0,-1,1,3.9586198609982014e-16,0.0,0.0,0.0
u0_slt9_r[17],0,-1,1,5.937032863015499e-16,0.0,0.0,0.0
u0_slt9_r[18],0,-1,1,7.177014982412909e-16,0.0,0.0,0.0
u0_slt9_r[19],0,-1,1,5.7436975928047045e-16,0.0,0.0,0.0
u0_slt9_r[1],0,-1,1,5.070292635452143e-16,0.0,0.0,0.0
u0_slt9_r[2],0,-1,1,5.142793361781191e-16,0.0,0.0,0.0
u0_slt9_r[3],0,-1,1,4.103620784260705e-16,0.0,0.0,0.0
u0_slt9_r[4],0,-1,1,4.3694557220093626e-16,0.0,0.0,0.0
u0_slt9_r[5],0,-1,1,4.897860020797217e-16,0.0,0.0,0.0
u0_slt9_r[6],0,-1,1,3.9586198609982014e-16,0.0,0.0,0.0
u0_slt9_r[7],0,-1,1,5.816198319133752e-16,0.0,0.0,0.0
u0_slt9_r[8],0,-1,1,5.029434942450148e-16,0.0,0.0,0.0
u0_slt9_r[9],0,-1,1,4.925292241585231e-16,0.0,0.0,0.0
u10_din_tmp1[0],0,-1,2,1.3171347506727793e-15,0.0,0.0,0.0
u10_din_tmp1[10],0,-1,2,1.1381431363907896e-15,0.0,0.0,0.0
u10_din_tmp1[11],0,-1,2,1.2979471250768645e-15,0.0,0.0,0.0
u10_din_tmp1[12],0,-1,2,1.2887035604025967e-15,0.0,0.0,0.0
u10_din_tmp1[13],0,-1,2,1.2445423330271913e-15,0.0,0.0,0.0
u10_din_tmp1[14],0,-1,2,1.2327854098401832e-15,0.0,0.0,0.0
u10_din_tmp1[15],0,-1,2,1.1457849617617995e-15,0.0,0.0,0.0
u10_din_tmp1[1],0,-1,2,1.2372500146260422e-15,0.0,0.0,0.0
u10_din_tmp1[2],0,-1,2,1.3061959554337005e-15,0.0,0.0,0.0
u10_din_tmp1[3],0,-1,2,1.4705301939590466e-15,0.0,0.0,0.0
u10_din_tmp1[4],0,-1,2,1.206810085721446e-15,0.0,0.0,0.0
u10_din_tmp1[5],0,-1,2,1.2350626579188764e-15,0.0,0.0,0.0
u10_din_tmp1[6],0,-1,2,1.1289922159451278e-15,0.0,0.0,0.0
u10_din_tmp1[7],0,-1,2,1.22916042646329e-15,0.0,0.0,0.0
u10_din_tmp1[8],0,-1,2,1.1234416090417703e-15,0.0,0.0,0.0
u10_din_tmp1[9],0,-1,2,1.1881892310463627e-15,0.0,0.0,0.0
u10_mem\[0\][0],0,-1,2,1.430808266260201e-15,0.0,0.0,0.0
u10_mem\[0\][10],0,-1,2,1.4356360364221952e-15,0.0,0.0,0.0
u10_mem\[0\][11],0,-1,2,1.4912253264428373e-15,0.0,0.0,0.0
u10_mem\[0\][12],0,-1,2,1.5260692972775638e-15,0.0,0.0,0.0
u10_mem\[0\][13],0,-1,2,1.2331038942283508e-15,0.0,0.0,0.0
u10_mem\[0\][14],0,-1,2,1.3811891820891624e-15,0.0,0.0,0.0
u10_mem\[0\][15],0,-1,2,1.1961788693213389e-15,0.0,0.0,0.0
u10_mem\[0\][16],0,-1,2,1.3945580089747955e-15,0.0,0.0,0.0
u10_mem\[0\][17],0,-1,2,1.387308042221009e-15,0.0,0.0,0.0
u10_mem\[0\][18],0,-1,2,1.4596741961905618e-15,0.0,0.0,0.0
u10_mem\[0\][19],0,-1,2,1.4042191608920596e-15,0.0,0.0,0.0
u10_mem\[0\][1],0,-1,2,1.471757544699618e-15,0.0,0.0,0.0
u10_mem\[0\][20],0,-1,2,1.4622250359112182e-15,0.0,0.0,0.0
u10_mem\[0\][21],0,-1,2,1.437924084170966e-15,0.0,0.0,0.0
u10_mem\[0\][22],0,-1,2,1.4332249571378359e-15,0.0,0.0,0.0
u10_mem\[0\][23],0,-1,2,1.3179250324125676e-15,0.0,0.0,0.0
u10_mem\[0\][24],0,-1,2,1.4935077625983324e-15,0.0,0.0,0.0
u10_mem\[0\][25],0,-1,2,1.4862576899654276e-15,0.0,0.0,0.0
u10_mem\[0\][26],0,-1,2,1.4824983459872762e-15,0.0,0.0,0.0
u10_mem\[0\][27],0,-1,2,1.5809291860515015e-15,0.0,0.0,0.0
u10_mem\[0\][28],0,-1,2,1.471757544699618e-15,0.0,0.0,0.0
u10_mem\[0\][29],0,-1,2,1.4898246515854339e-15,0.0,0.0,0.0
u10_mem\[0\][2],0,-1,2,1.482171920665228e-15,0.0,0.0,0.0
u10_mem\[0\][30],0,-1,2,1.457257505312927e-15,0.0,0.0,0.0
u10_mem\[0\][31],0,-1,2,1.4860654134864009e-15,0.0,0.0,0.0
u10_mem\[0\][3],0,-1,2,1.4559148522124104e-15,0.0,0.0,0.0
u10_mem\[0\][4],0,-1,2,1.3441343493829838e-15,0.0,0.0,0.0
u10_mem\[0\][5],0,-1,2,1.3993913907300653e-15,0.0,0.0,0.0
u10_mem\[0\][6],0,-1,2,1.4088467136411467e-15,0.0,0.0,0.0
u10_mem\[0\][7],0,-1,2,1.1554218673609485e-15,0.0,0.0,0.0
u10_mem\[0\][8],0,-1,2,1.3336030828706527e-15,0.0,0.0,0.0
u10_mem\[0\][9],0,-1,2,1.5070680189300449e-15,0.0,0.0,0.0
u10_mem\[1\][0],0,-1,2,1.4531532071670062e-15,0.0,0.0,0.0
u10_mem\[1\][10],0,-1,2,1.5559963477325975e-15,0.0,0.0,0.0
u10_mem\[1\][11],0,-1,2,1.4955270891445866e-15,0.0,0.0,0.0
u10_mem\[1\][12],0,-1,2,1.4786103588802606e-15,0.0,0.0,0.0
u10_mem\[1\][13],0,-1,2,1.181901705478894e-15,0.0,0.0,0.0
u10_mem\[1\][14],0,-1,2,1.3472521717827085e-15,0.0,0.0,0.0
u10_mem\[1\][15],0,-1,2,1.4557980675448078e-15,0.0,0.0,0.0
u10_mem\[1\][16],0,-1,2,1.4161031390211559e-15,0.0,0.0,0.0
u10_mem\[1\][17],0,-1,2,1.4161032449002743e-15,0.0,0.0,0.0
u10_mem\[1\][18],0,-1,2,1.4378532510407518e-15,0.0,0.0,0.0
u10_mem\[1\][19],0,-1,2,1.4689435953697209e-15,0.0,0.0,0.0
u10_mem\[1\][1],0,-1,2,1.5318294389562483e-15,0.0,0.0,0.0
u10_mem\[1\][20],0,-1,2,1.3713125661659405e-15,0.0,0.0,0.0
u10_mem\[1\][21],0,-1,2,1.407510519166853e-15,0.0,0.0,0.0
u10_mem\[1\][22],0,-1,2,1.3581550740006474e-15,0.0,0.0,0.0
u10_mem\[1\][23],0,-1,2,1.4144414721368797e-15,0.0,0.0,0.0
u10_mem\[1\][24],0,-1,2,1.6064201132035276e-15,0.0,0.0,0.0
u10_mem\[1\][25],0,-1,2,1.5777464597521934e-15,0.0,0.0,0.0
u10_mem\[1\][26],0,-1,2,1.4917678510455537e-15,0.0,0.0,0.0
u10_mem\[1\][27],0,-1,2,1.4761936680026256e-15,0.0,0.0,0.0
u10_mem\[1\][28],0,-1,2,1.461745827021309e-15,0.0,0.0,0.0
u10_mem\[1\][29],0,-1,2,1.5073362107369693e-15,0.0,0.0,0.0
u10_mem\[1\][2],0,-1,2,1.5100794328157707e-15,0.0,0.0,0.0
u10_mem\[1\][30],0,-1,2,1.534941543883579e-15,0.0,0.0,0.0
u10_mem\[1\][31],0,-1,2,1.464857720190403e-15,0.0,0.0,0.0
u10_mem\[1\][3],0,-1,2,1.5173295054486755e-15,0.0,0.0,0.0
u10_mem\[1\][4],0,-1,2,1.4386530619011966e-15,0.0,0.0,0.0
u10_mem\[1\][5],0,-1,2,1.445903028654983e-15,0.0,0.0,0.0
u10_mem\[1\][6],0,-1,2,1.5619037672649858e-15,0.0,0.0,0.0
u10_mem\[1\][7],0,-1,2,1.5459508546155167e-15,0.0,0.0,0.0
u10_mem\[1\][8],0,-1,2,1.5666848447357627e-15,0.0,0.0,0.0
u10_mem\[1\][9],0,-1,2,1.496653431206198e-15,0.0,0.0,0.0
u10_mem\[2\][0],0,-1,2,1.1947931234196308e-15,0.0,0.0,0.0
u10_mem\[2\][10],0,-1,2,1.1574669225329756e-15,0.0,0.0,0.0
u10_mem\[2\][11],0,-1,2,1.3663774345778817e-15,0.0,0.0,0.0
u10_mem\[2\][12],0,-1,2,1.169878813946448e-15,0.0,0.0,0.0
u10_mem\[2\][13],0,-1,2,1.3491045269592352e-15,0.0,0.0,0.0
u10_mem\[2\][14],0,-1,2,1.2292417416262264e-15,0.0,0.0,0.0
u10_mem\[2\][15],0,-1,2,1.3017107042197522e-15,0.0,0.0,0.0
u10_mem\[2\][16],0,-1,2,1.3290531395153578e-15,0.0,0.0,0.0
u10_mem\[2\][17],0,-1,2,1.4451741568038707e-15,0.0,0.0,0.0
u10_mem\[2\][18],0,-1,2,1.1795886702581793e-15,0.0,0.0,0.0
u10_mem\[2\][19],0,-1,2,1.448801787158724e-15,0.0,0.0,0.0
u10_mem\[2\][1],0,-1,2,1.3454768966043818e-15,0.0,0.0,0.0
u10_mem\[2\][20],0,-1,2,1.393483971197677e-15,0.0,0.0,0.0
u10_mem\[2\][21],0,-1,2,1.4418176828712571e-15,0.0,0.0,0.0
u10_mem\[2\][22],0,-1,2,1.2531200239257988e-15,0.0,0.0,0.0
u10_mem\[2\][23],0,-1,2,1.2993611407031871e-15,0.0,0.0,0.0
u10_mem\[2\][24],0,-1,3,1.5497103044727865e-15,0.0,0.0,0.0
u10_mem\[2\][25],0,-1,2,1.3800579695881043e-15,0.0,0.0,0.0
u10_mem\[2\][26],0,-1,2,1.1947932292987492e-15,0.0,0.0,0.0
u10_mem\[2\][27],0,-1,2,1.4669242688234666e-15,0.0,0.0,0.0
u10_mem\[2\][28],0,-1,2,1.5236582179932044e-15,0.0,0.0,0.0
u10_mem\[2\][29],0,-1,2,1.2299693429279179e-15,0.0,0.0,0.0
u10_mem\[2\][2],0,-1,2,1.3408100627023659e-15,0.0,0.0,0.0
u10_mem\[2\][30],0,-1,2,1.453900925501195e-15,0.0,0.0,0.0
u10_mem\[2\][31],0,-1,2,1.3024697516196104e-15,0.0,0.0,0.0
u10_mem\[2\][3],0,-1,2,1.1913025006439959e-15,0.0,0.0,0.0
u10_mem\[2\][4],0,-1,2,1.2155122904632999e-15,0.0,0.0,0.0
u10_mem\[2\][5],0,-1,2,1.2034289419542436e-15,0.0,0.0,0.0
u10_mem\[2\][6],0,-1,2,1.4454392781163613e-15,0.0,0.0,0.0
u10_mem\[2\][7],0,-1,2,1.2862708817780824e-15,0.0,0.0,0.0
u10_mem\[2\][8],0,-1,2,1.315300712583737e-15,0.0,0.0,0.0
u10_mem\[2\][9],0,-1,2,1.4462481945809891e-15,0.0,0.0,0.0
u10_mem\[3\][0],0,-1,2,1.2545166753767027e-15,0.0,0.0,0.0
u10_mem\[3\][10],0,-1,2,1.1810001447856602e-15,0.0,0.0,0.0
u10_mem\[3\][11],0,-1,2,1.3833482690717137e-15,0.0,0.0,0.0
u10_mem\[3\][12],0,-1,2,1.3899982188614888e-15,0.0,0.0,0.0
u10_mem\[3\][13],0,-1,2,1.3319978495564874e-15,0.0,0.0,0.0
u10_mem\[3\][14],0,-1,2,1.1668456948414488e-15,0.0,0.0,0.0
u10_mem\[3\][15],0,-1,2,1.3279120802562878e-15,0.0,0.0,0.0
u10_mem\[3\][16],0,-1,2,1.423831679390141e-15,0.0,0.0,0.0
u10_mem\[3\][17],0,-1,2,1.5272243325802634e-15,0.0,0.0,0.0
u10_mem\[3\][18],0,-1,2,1.4861407994187065e-15,0.0,0.0,0.0
u10_mem\[3\][19],0,-1,2,1.5766876685681256e-15,0.0,0.0,0.0
u10_mem\[3\][1],0,-1,2,1.5945648283155196e-15,0.0,0.0,0.0
u10_mem\[3\][20],0,-1,2,1.447193483350125e-15,0.0,0.0,0.0
u10_mem\[3\][21],0,-1,2,1.427860062208164e-15,0.0,0.0,0.0
u10_mem\[3\][22],0,-1,2,1.446182020131985e-15,0.0,0.0,0.0
u10_mem\[3\][23],0,-1,2,1.3015441563664983e-15,0.0,0.0,0.0
u10_mem\[3\][24],0,-1,2,1.5027771617774914e-15,0.0,0.0,0.0
u10_mem\[3\][25],0,-1,2,1.4088531722673695e-15,0.0,0.0,0.0
u10_mem\[3\][26],0,-1,2,1.2462505867235664e-15,0.0,0.0,0.0
u10_mem\[3\][27],0,-1,2,1.4906937073893168e-15,0.0,0.0,0.0
u10_mem\[3\][28],0,-1,2,1.5314508152288256e-15,0.0,0.0,0.0
u10_mem\[3\][29],0,-1,2,1.1823427978861767e-15,0.0,0.0,0.0
u10_mem\[3\][2],0,-1,2,1.2472667086229163e-15,0.0,0.0,0.0
u10_mem\[3\][30],0,-1,2,1.5245272737970873e-15,0.0,0.0,0.0
u10_mem\[3\][31],0,-1,2,1.242759858068813e-15,0.0,0.0,0.0
u10_mem\[3\][3],0,-1,2,1.1229998813597772e-15,0.0,0.0,0.0
u10_mem\[3\][4],0,-1,2,1.4375267198395852e-15,0.0,0.0,0.0
u10_mem\[3\][5],0,-1,2,1.376374117421377e-15,0.0,0.0,0.0
u10_mem\[3\][6],0,-1,2,1.5801109522244538e-15,0.0,0.0,0.0
u10_mem\[3\][7],0,-1,2,1.2222311675591578e-15,0.0,0.0,0.0
u10_mem\[3\][8],0,-1,2,1.3567647752968479e-15,0.0,0.0,0.0
u10_mem\[3\][9],0,-1,2,1.4931103982669517e-15,0.0,0.0,0.0
u10_rp[0],0,-1,6,6.926013497394806e-15,0.0,0.0,0.0
u10_rp[1],0,-1,4,5.295529707555376e-15,0.0,0.0,0.0
u10_rp[2],0,-1,2,1.326842383523024e-15,0.0,0.0,0.0
u10_wp[0],0,-1,1,8.274519277939451e-16,0.0,0.0,0.0
u10_wp[1],0,-1,7,8.235484505719065e-15,0.0,0.0,0.0
u10_wp[2],0,-1,5,5.025559978474696e-15,0.0,0.0,0.0
u10_wp[3],0,-1,4,2.3367184736781477e-15,0.0,0.0,0.0
u11_din_tmp1[0],0,-1,2,1.2266607263568242e-15,0.0,0.0,0.0
u11_din_tmp1[10],0,-1,2,1.3592003126575592e-15,0.0,0.0,0.0
u11_din_tmp1[11],0,-1,2,1.249444642088544e-15,0.0,0.0,0.0
u11_din_tmp1[12],0,-1,2,1.2417417244662133e-15,0.0,0.0,0.0
u11_din_tmp1[13],0,-1,2,1.3379194568907422e-15,0.0,0.0,0.0
u11_din_tmp1[14],0,-1,2,1.2106514860163627e-15,0.0,0.0,0.0
u11_din_tmp1[15],0,-1,2,1.1406940819905643e-15,0.0,0.0,0.0
u11_din_tmp1[1],0,-1,2,1.1006130123220829e-15,0.0,0.0,0.0
u11_din_tmp1[2],0,-1,2,1.2627363889759768e-15,0.0,0.0,0.0
u11_din_tmp1[3],0,-1,2,1.0743598613966463e-15,0.0,0.0,0.0
u11_din_tmp1[4],0,-1,2,1.3293183667069668e-15,0.0,0.0,0.0
u11_din_tmp1[5],0,-1,2,1.1542433268939625e-15,0.0,0.0,0.0
u11_din_tmp1[6],0,-1,2,1.1421598725057879e-15,0.0,0.0,0.0
u11_din_tmp1[7],0,-1,2,1.2118519434608588e-15,0.0,0.0,0.0
u11_din_tmp1[8],0,-1,2,1.2350678459956783e-15,0.0,0.0,0.0
u11_din_tmp1[9],0,-1,2,1.2565103791763025e-15,0.0,0.0,0.0
u11_mem\[0\][0],0,-1,2,1.3562930838243456e-15,0.0,0.0,0.0
u11_mem\[0\][10],0,-1,2,1.426111786205031e-15,0.0,0.0,0.0
u11_mem\[0\][11],0,-1,2,1.4493940749470916e-15,0.0,0.0,0.0
u11_mem\[0\][12],0,-1,2,1.6465060533114558e-15,0.0,0.0,0.0
u11_mem\[0\][13],0,-1,2,1.0434620053049407e-15,0.0,0.0,0.0
u11_mem\[0\][14],0,-1,2,1.286209366010288e-15,0.0,0.0,0.0
u11_mem\[0\][15],0,-1,2,1.2079356866292286e-15,0.0,0.0,0.0
u11_mem\[0\][16],0,-1,2,1.2807196396000145e-15,0.0,0.0,0.0
u11_mem\[0\][17],0,-1,2,1.4377317018128208e-15,0.0,0.0,0.0
u11_mem\[0\][18],0,-1,2,1.1747552885029095e-15,0.0,0.0,0.0
u11_mem\[0\][19],0,-1,2,1.4217548604825918e-15,0.0,0.0,0.0
u11_mem\[0\][1],0,-1,2,1.315134164730483e-15,0.0,0.0,0.0
u11_mem\[0\][20],0,-1,2,1.4825745789525291e-15,0.0,0.0,0.0
u11_mem\[0\][21],0,-1,2,1.4365814310704494e-15,0.0,0.0,0.0
u11_mem\[0\][22],0,-1,2,1.5076811649047386e-15,0.0,0.0,0.0
u11_mem\[0\][23],0,-1,2,1.5055911111073886e-15,0.0,0.0,0.0
u11_mem\[0\][24],0,-1,2,1.4994914150959736e-15,0.0,0.0,0.0
u11_mem\[0\][25],0,-1,2,1.4210072480275214e-15,0.0,0.0,0.0
u11_mem\[0\][26],0,-1,2,1.3577268988458104e-15,0.0,0.0,0.0
u11_mem\[0\][27],0,-1,2,1.4273175376054476e-15,0.0,0.0,0.0
u11_mem\[0\][28],0,-1,2,1.3100463554536817e-15,0.0,0.0,0.0
u11_mem\[0\][29],0,-1,2,1.474174235577253e-15,0.0,0.0,0.0
u11_mem\[0\][2],0,-1,2,1.4539010313803133e-15,0.0,0.0,0.0
u11_mem\[0\][30],0,-1,2,1.3713310950116617e-15,0.0,0.0,0.0
u11_mem\[0\][31],0,-1,2,1.4669242688234666e-15,0.0,0.0,0.0
u11_mem\[0\][3],0,-1,2,1.375551119034001e-15,0.0,0.0,0.0
u11_mem\[0\][4],0,-1,2,1.3715224185786227e-15,0.0,0.0,0.0
u11_mem\[0\][5],0,-1,2,1.4238873718064229e-15,0.0,0.0,0.0
u11_mem\[0\][6],0,-1,2,1.4418175769921387e-15,0.0,0.0,0.0
u11_mem\[0\][7],0,-1,2,1.380786417922743e-15,0.0,0.0,0.0
u11_mem\[0\][8],0,-1,2,1.2621040788808515e-15,0.0,0.0,0.0
u11_mem\[0\][9],0,-1,2,1.3270279896175912e-15,0.0,0.0,0.0
u11_mem\[1\][0],0,-1,2,1.1815610923549794e-15,0.0,0.0,0.0
u11_mem\[1\][10],0,-1,2,1.133975099015588e-15,0.0,0.0,0.0
u11_mem\[1\][11],0,-1,2,1.2126515425630669e-15,0.0,0.0,0.0
u11_mem\[1\][12],0,-1,2,1.3115372393199677e-15,0.0,0.0,0.0
u11_mem\[1\][13],0,-1,2,1.3348860201483877e-15,0.0,0.0,0.0
u11_mem\[1\][14],0,-1,2,1.3643775897894143e-15,0.0,0.0,0.0
u11_mem\[1\][15],0,-1,2,1.1388084807708579e-15,0.0,0.0,0.0
u11_mem\[1\][16],0,-1,2,1.3788777350552239e-15,0.0,0.0,0.0
u11_mem\[1\][17],0,-1,2,1.232113289196537e-15,0.0,0.0,0.0
u11_mem\[1\][18],0,-1,2,1.3284539695842938e-15,0.0,0.0,0.0
u11_mem\[1\][19],0,-1,2,1.2860277833222204e-15,0.0,0.0,0.0
u11_mem\[1\][1],0,-1,2,1.189885308644121e-15,0.0,0.0,0.0
u11_mem\[1\][20],0,-1,2,1.4572855632793047e-15,0.0,0.0,0.0
u11_mem\[1\][21],0,-1,2,1.094560750155714e-15,0.0,0.0,0.0
u11_mem\[1\][22],0,-1,2,1.3498775504027232e-15,0.0,0.0,0.0
u11_mem\[1\][23],0,-1,2,1.234728079904711e-15,0.0,0.0,0.0
u11_mem\[1\][24],0,-1,2,1.4154544176626775e-15,0.0,0.0,0.0
u11_mem\[1\][25],0,-1,2,1.3029446194656649e-15,0.0,0.0,0.0
u11_mem\[1\][26],0,-1,2,1.3982111561971849e-15,0.0,0.0,0.0
u11_mem\[1\][27],0,-1,2,1.4372046355613918e-15,0.0,0.0,0.0
u11_mem\[1\][28],0,-1,2,1.2618609804249895e-15,0.0,0.0,0.0
u11_mem\[1\][29],0,-1,2,1.2521943227935682e-15,0.0,0.0,0.0
u11_mem\[1\][2],0,-1,2,1.4331187603820739e-15,0.0,0.0,0.0
u11_mem\[1\][30],0,-1,2,1.2449442501606635e-15,0.0,0.0,0.0
u11_mem\[1\][31],0,-1,2,1.4199612682167808e-15,0.0,0.0,0.0
u11_mem\[1\][3],0,-1,2,1.2715277439355292e-15,0.0,0.0,0.0
u11_mem\[1\][4],0,-1,2,1.196943104797999e-15,0.0,0.0,0.0
u11_mem\[1\][5],0,-1,2,1.2150681275615834e-15,0.0,0.0,0.0
u11_mem\[1\][6],0,-1,2,1.1040931530649956e-15,0.0,0.0,0.0
u11_mem\[1\][7],0,-1,2,1.2406354994370992e-15,0.0,0.0,0.0
u11_mem\[1\][8],0,-1,2,1.1957348122987408e-15,0.0,0.0,0.0
u11_mem\[1\][9],0,-1,2,1.3985376873983514e-15,0.0,0.0,0.0
u11_mem\[2\][0],0,-1,2,1.373729151164457e-15,0.0,0.0,0.0
u11_mem\[2\][10],0,-1,2,1.2444089253379987e-15,0.0,0.0,0.0
u11_mem\[2\][11],0,-1,2,1.3061685327420331e-15,0.0,0.0,0.0
u11_mem\[2\][12],0,-1,2,1.3185718479469147e-15,0.0,0.0,0.0
u11_mem\[2\][13],0,-1,2,1.2151793006359105e-15,0.0,0.0,0.0
u11_mem\[2\][14],0,-1,2,1.4220106644326626e-15,0.0,0.0,0.0
u11_mem\[2\][15],0,-1,2,1.2782424917457693e-15,0.0,0.0,0.0
u11_mem\[2\][16],0,-1,2,1.3446814267877917e-15,0.0,0.0,0.0
u11_mem\[2\][17],0,-1,2,1.408853066388251e-15,0.0,0.0,0.0
u11_mem\[2\][18],0,-1,2,1.4531010087616317e-15,0.0,0.0,0.0
u11_mem\[2\][19],0,-1,2,1.4737768712458723e-15,0.0,0.0,0.0
u11_mem\[2\][1],0,-1,2,1.4544435559830297e-15,0.0,0.0,0.0
u11_mem\[2\][20],0,-1,2,1.539079511589153e-15,0.0,0.0,0.0
u11_mem\[2\][21],0,-1,2,1.4700176331468393e-15,0.0,0.0,0.0
u11_mem\[2\][22],0,-1,2,1.4786102530011422e-15,0.0,0.0,0.0
u11_mem\[2\][23],0,-1,2,1.5183513448204194e-15,0.0,0.0,0.0
u11_mem\[2\][24],0,-1,2,1.466526904492086e-15,0.0,0.0,0.0
u11_mem\[2\][25],0,-1,2,1.5124961236934057e-15,0.0,0.0,0.0
u11_mem\[2\][26],0,-1,2,1.240343167191178e-15,0.0,0.0,0.0
u11_mem\[2\][27],0,-1,2,1.4496101742277599e-15,0.0,0.0,0.0
u11_mem\[2\][28],0,-1,2,1.3101003538040692e-15,0.0,0.0,0.0
u11_mem\[2\][29],0,-1,2,1.5293606555523572e-15,0.0,0.0,0.0
u11_mem\[2\][2],0,-1,2,1.442360101594855e-15,0.0,0.0,0.0
u11_mem\[2\][30],0,-1,2,1.4265175149867659e-15,0.0,0.0,0.0
u11_mem\[2\][31],0,-1,2,1.3557383831230125e-15,0.0,0.0,0.0
u11_mem\[2\][3],0,-1,2,1.496653431206198e-15,0.0,0.0,0.0
u11_mem\[2\][4],0,-1,2,1.4041717270470134e-15,0.0,0.0,0.0
u11_mem\[2\][5],0,-1,2,1.3593355202917647e-15,0.0,0.0,0.0
u11_mem\[2\][6],0,-1,2,1.558034203124573e-15,0.0,0.0,0.0
u11_mem\[2\][7],0,-1,2,1.290652371455992e-15,0.0,0.0,0.0
u11_mem\[2\][8],0,-1,2,1.3255019538839941e-15,0.0,0.0,0.0
u11_mem\[2\][9],0,-1,2,1.5027771617774914e-15,0.0,0.0,0.0
u11_mem\[3\][0],0,-1,2,1.2329140529690474e-15,0.0,0.0,0.0
u11_mem\[3\][10],0,-1,2,1.1616857818850124e-15,0.0,0.0,0.0
u11_mem\[3\][11],0,-1,2,1.2189385387349435e-15,0.0,0.0,0.0
u11_mem\[3\][12],0,-1,2,1.1616857818850124e-15,0.0,0.0,0.0
u11_mem\[3\][13],0,-1,2,1.2296793400226017e-15,0.0,0.0,0.0
u11_mem\[3\][14],0,-1,2,1.2222311675591578e-15,0.0,0.0,0.0
u11_mem\[3\][15],0,-1,2,1.1668456948414488e-15,0.0,0.0,0.0
u11_mem\[3\][16],0,-1,2,1.054930831410764e-15,0.0,0.0,0.0
u11_mem\[3\][17],0,-1,2,1.1378455101889481e-15,0.0,0.0,0.0
u11_mem\[3\][18],0,-1,2,1.1716790765967187e-15,0.0,0.0,0.0
u11_mem\[3\][19],0,-1,2,1.2027694209256878e-15,0.0,0.0,0.0
u11_mem\[3\][1],0,-1,2,1.178929043350505e-15,0.0,0.0,0.0
u11_mem\[3\][20],0,-1,2,1.101595358782661e-15,0.0,0.0,0.0
u11_mem\[3\][21],0,-1,2,1.3727548515168777e-15,0.0,0.0,0.0
u11_mem\[3\][22],0,-1,2,1.1174380512698687e-15,0.0,0.0,0.0
u11_mem\[3\][23],0,-1,2,1.1706049329404818e-15,0.0,0.0,0.0
u11_mem\[3\][24],0,-1,2,1.380331455350949e-15,0.0,0.0,0.0
u11_mem\[3\][25],0,-1,2,1.3427386508441455e-15,0.0,0.0,0.0
u11_mem\[3\][26],0,-1,2,1.2237719204902134e-15,0.0,0.0,0.0
u11_mem\[3\][27],0,-1,2,1.3440811980655436e-15,0.0,0.0,0.0
u11_mem\[3\][28],0,-1,2,1.236731206945849e-15,0.0,0.0,0.0
u11_mem\[3\][29],0,-1,2,1.3883290345598058e-15,0.0,0.0,0.0
u11_mem\[3\][2],0,-1,2,1.2841888747937313e-15,0.0,0.0,0.0
u11_mem\[3\][30],0,-1,2,1.3738289951731146e-15,0.0,0.0,0.0
u11_mem\[3\][31],0,-1,2,1.4753294826381894e-15,0.0,0.0,0.0
u11_mem\[3\][3],0,-1,2,1.0535881783102475e-15,0.0,0.0,0.0
u11_mem\[3\][4],0,-1,2,1.0839309101841462e-15,0.0,0.0,0.0
u11_mem\[3\][5],0,-1,2,1.1716789707176003e-15,0.0,0.0,0.0
u11_mem\[3\][6],0,-1,2,1.2308877384009783e-15,0.0,0.0,0.0
u11_mem\[3\][7],0,-1,2,1.1221370724238803e-15,0.0,0.0,0.0
u11_mem\[3\][8],0,-1,2,1.033180719391168e-15,0.0,0.0,0.0
u11_mem\[3\][9],0,-1,2,1.2524455739415475e-15,0.0,0.0,0.0
u11_rp[0],0,-1,5,5.748633465546592e-15,0.0,0.0,0.0
u11_rp[1],0,-1,4,4.180472665900239e-15,0.0,0.0,0.0
u11_rp[2],0,-1,2,1.3497539894715424e-15,0.0,0.0,0.0
u11_wp[0],0,-1,2,1.2680126630835423e-15,0.0,0.0,0.0
u11_wp[1],0,-1,6,8.029449670530087e-15,0.0,0.0,0.0
u11_wp[2],0,-1,5,4.491580667646692e-15,0.0,0.0,0.0
u11_wp[3],0,-1,4,2.586446868176528e-15,0.0,0.0,0.0
u12_re1,0,-1,2,2.1504533874780853e-15,0.0,0.0,0.0
u12_re2,0,-1,3,1.6577056288191705e-15,0.0,0.0,0.0
u12_wb_ack_o_745,0,-1,2,1.1355156401884068e-15,0.0,0.0,0.0
u12_wb_data_o\[0\]_713,0,-1,1,1.7627445964214002e-15,0.0,0.0,0.0
u12_wb_data_o\[10\]_723,0,-1,1,2.157424892150462e-15,0.0,0.0,0.0
u12_wb_data_o\[11\]_724,0,-1,1,8.602120916993076e-16,0.0,0.0,0.0
u12_wb_data_o\[12\]_725,0,-1,1,6.23072406742139e-16,0.0,0.0,0.0
u12_wb_data_o\[13\]_726,0,-1,1,5.014328109835867e-16,0.0,0.0,0.0
u12_wb_data_o\[14\]_727,0,-1,1,6.4932936931583825e-16,0.0,0.0,0.0
u12_wb_data_o\[15\]_728,0,-1,1,1.7354218546418183e-15,0.0,0.0,0.0
u12_wb_data_o\[16\]_729,0,-1,1,5.362698996756168e-16,0.0,0.0,0.0
u12_wb_data_o\[17\]_730,0,-1,1,6.203291846633375e-16,0.0,0.0,0.0
u12_wb_data_o\[18\]_731,0,-1,1,5.71190050536037e-16,0.0,0.0,0.0
u12_wb_data_o\[19\]_732,0,-1,1,6.855795736616845e-16,0.0,0.0,0.0
u12_wb_data_o\[1\]_714,0,-1,1,5.594331802885881e-16,0.0,0.0,0.0
u12_wb_data_o\[20\]_733,0,-1,1,5.362698996756168e-16,0.0,0.0,0.0
u12_wb_data_o\[21\]_734,0,-1,1,4.568460024917452e-16,0.0,0.0,0.0
u12_wb_data_o\[22\]_735,0,-1,1,4.772535143503839e-16,0.0,0.0,0.0
u12_wb_data_o\[23\]_736,0,-1,1,6.203291846633375e-16,0.0,0.0,0.0
u12_wb_data_o\[24\]_737,0,-1,1,7.04433944732414e-16,0.0,0.0,0.0
u12_wb_data_o\[25\]_738,0,-1,1,2.0347205230376517e-15,0.0,0.0,0.0
u12_wb_data_o\[26\]_739,0,-1,1,4.156281616684893e-16,0.0,0.0,0.0
u12_wb_data_o\[27\]_740,0,-1,1,5.349273524542187e-16,0.0,0.0,0.0
u12_wb_data_o\[28\]_741,0,-1,1,5.603024478507078e-16,0.0,0.0,0.0
u12_wb_data_o\[29\]_742,0,-1,1,4.334267591100255e-16,0.0,0.0,0.0
u12_wb_data_o\[2\]_715,0,-1,1,6.436904592277296e-16,0.0,0.0,0.0
u12_wb_data_o\[30\]_743,0,-1,1,5.421773192080051e-16,0.0,0.0,0.0
u12_wb_data_o\[31\]_744,0,-1,1,5.666831999819337e-16,0.0,0.0,0.0
u12_wb_data_o\[3\]_716,0,-1,1,6.058291452766464e-16,0.0,0.0,0.0
u12_wb_data_o\[4\]_717,0,-1,1,2.7687397933704415e-15,0.0,0.0,0.0
u12_wb_data_o\[5\]_718,0,-1,1,5.784400702293826e-16,0.0,0.0,0.0
u12_wb_data_o\[6\]_719,0,-1,1,5.449330879623378e-16,0.0,0.0,0.0
u12_wb_data_o\[7\]_720,0,-1,1,6.291903669014792e-16,0.0,0.0,0.0
u12_wb_data_o\[8\]_721,0,-1,1,5.360719586637553e-16,0.0,0.0,0.0
u12_wb_data_o\[9\]_722,0,-1,1,5.433219783571009e-16,0.0,0.0,0.0
u12_we1,0,-1,1,1.2015773279315457e-15,0.0,0.0,0.0
u12_we2,0,-1,3,2.297393698552446e-15,0.0,0.0,0.0
u13_csr[1],0,-1,2,3.2902656022914395e-15,0.0,0.0,0.0
u13_icc_r[15],0,-1,1,8.670656999733382e-16,0.0,0.0,0.0
u13_icc_r[23],0,-1,2,1.037071671113499e-15,0.0,0.0,0.0
u13_icc_r[7],0,-1,1,7.307155242011428e-16,0.0,0.0,0.0
u13_int_1643,0,-1,1,4.72420132595114e-16,0.0,0.0,0.0
u13_intm_r[0],0,-1,3,2.1121590279327184e-15,0.0,0.0,0.0
u13_intm_r[10],0,-1,3,2.2293475184930085e-15,0.0,0.0,0.0
u13_intm_r[11],0,-1,2,1.1610291195926535e-15,0.0,0.0,0.0
u13_intm_r[12],0,-1,3,1.9612061100289773e-15,0.0,0.0,0.0
u13_intm_r[13],0,-1,3,1.7469403380541743e-15,0.0,0.0,0.0
u13_intm_r[14],0,-1,3,2.1890111742700483e-15,0.0,0.0,0.0
u13_intm_r[15],0,-1,3,2.391711028987449e-15,0.0,0.0,0.0
u13_intm_r[16],0,-1,3,2.0959679931459524e-15,0.0,0.0,0.0
u13_intm_r[17],0,-1,3,1.981735435813343e-15,0.0,0.0,0.0
u13_intm_r[18],0,-1,2,9.680864491529119e-16,0.0,0.0,0.0
u13_intm_r[19],0,-1,2,1.062258513437461e-15,0.0,0.0,0.0
u13_intm_r[1],0,-1,3,2.1417134897700786e-15,0.0,0.0,0.0
u13_intm_r[20],0,-1,3,1.9007160991337587e-15,0.0,0.0,0.0
u13_intm_r[21],0,-1,3,1.7540923666234344e-15,0.0,0.0,0.0
u13_intm_r[22],0,-1,3,1.8850669536749987e-15,0.0,0.0,0.0
u13_intm_r[23],0,-1,2,9.269479647289018e-16,0.0,0.0,0.0
u13_intm_r[24],0,-1,2,9.81512556641603e-16,0.0,0.0,0.0
u13_intm_r[25],0,-1,3,1.843491823766679e-15,0.0,0.0,0.0
u13_intm_r[26],0,-1,3,1.767521756364796e-15,0.0,0.0,0.0
u13_intm_r[27],0,-1,3,2.2247995868409634e-15,0.0,0.0,0.0
u13_intm_r[28],0,-1,3,2.6574079003657044e-15,0.0,0.0,0.0
u13_intm_r[2],0,-1,3,2.2940750234651036e-15,0.0,0.0,0.0
u13_intm_r[3],0,-1,2,1.2715039211338877e-15,0.0,0.0,0.0
u13_intm_r[4],0,-1,2,1.2838018866159545e-15,0.0,0.0,0.0
u13_intm_r[5],0,-1,3,2.0548722838857787e-15,0.0,0.0,0.0
u13_intm_r[6],0,-1,3,1.7408972873711069e-15,0.0,0.0,0.0
u13_intm_r[7],0,-1,3,2.180565196994739e-15,0.0,0.0,0.0
u13_intm_r[8],0,-1,2,9.511697188885858e-16,0.0,0.0,0.0
u13_intm_r[9],0,-1,3,1.85062320590785e-15,0.0,0.0,0.0
u13_ints_r[0],0,-1,3,1.816603186372565e-15,0.0,0.0,0.0
u13_ints_r[10],0,-1,2,1.2281349872015203e-15,0.0,0.0,0.0
u13_ints_r[11],0,-1,2,9.132347130710915e-16,0.0,0.0,0.0
u13_ints_r[12],0,-1,3,2.1320719254897197e-15,0.0,0.0,0.0
u13_ints_r[13],0,-1,3,2.198338489326976e-15,0.0,0.0,0.0
u13_ints_r[14],0,-1,2,1.5467175253119003e-15,0.0,0.0,0.0
u13_ints_r[15],0,-1,3,2.508426239888461e-15,0.0,0.0,0.0
u13_ints_r[16],0,-1,3,2.9881448318735916e-15,0.0,0.0,0.0
u13_ints_r[17],0,-1,3,2.668331025495259e-15,0.0,0.0,0.0
u13_ints_r[18],0,-1,2,1.1970446428725512e-15,0.0,0.0,0.0
u13_ints_r[19],0,-1,3,1.897243264050016e-15,0.0,0.0,0.0
u13_ints_r[1],0,-1,2,1.3933560692226416e-15,0.0,0.0,0.0
u13_ints_r[20],0,-1,3,2.4261348714803375e-15,0.0,0.0,0.0
u13_ints_r[21],0,-1,3,2.5402191980471774e-15,0.0,0.0,0.0
u13_ints_r[22],0,-1,3,2.3701707693805354e-15,0.0,0.0,0.0
u13_ints_r[23],0,-1,2,1.1571805195176852e-15,0.0,0.0,0.0
u13_ints_r[24],0,-1,2,1.2516231049497636e-15,0.0,0.0,0.0
u13_ints_r[25],0,-1,3,1.7102410474276056e-15,0.0,0.0,0.0
u13_ints_r[26],0,-1,2,1.4081996863485628e-15,0.0,0.0,0.0
u13_ints_r[27],0,-1,3,1.8693076939330956e-15,0.0,0.0,0.0
u13_ints_r[28],0,-1,3,2.928854431389922e-15,0.0,0.0,0.0
u13_ints_r[2],0,-1,2,1.2860570059589006e-15,0.0,0.0,0.0
u13_ints_r[3],0,-1,2,1.1718454126917357e-15,0.0,0.0,0.0
u13_ints_r[4],0,-1,2,1.3572003619899734e-15,0.0,0.0,0.0
u13_ints_r[5],0,-1,2,1.1800856668399808e-15,0.0,0.0,0.0
u13_ints_r[6],0,-1,2,1.5662382466143229e-15,0.0,0.0,0.0
u13_ints_r[7],0,-1,3,2.996449778163183e-15,0.0,0.0,0.0
u13_ints_r[8],0,-1,2,1.1908795135659607e-15,0.0,0.0,0.0
u13_ints_r[9],0,-1,2,1.1777112217305902e-15,0.0,0.0,0.0
u13_occ0_r[15],0,-1,2,1.7079831752275809e-15,0.0,0.0,0.0
u13_occ0_r[23],0,-1,2,1.2178408899144203e-15,0.0,0.0,0.0
u13_occ0_r[31],0,-1,2,1.42594439131883e-15,0.0,0.0,0.0
u13_occ0_r[7],0,-1,2,1.6282326939029835e-15,0.0,0.0,0.0
u13_occ1_r[15],0,-1,2,1.278842085193307e-15,0.0,0.0,0.0
u13_occ1_r[7],0,-1,2,1.3571306935300617e-15,0.0,0.0,0.0
u14_u0_en_out_l2,0,-1,2,1.2745512280407535e-15,0.0,0.0,0.0
u14_u0_full_empty_r,0,-1,2,1.1111599489439382e-15,0.0,0.0,0.0
u14_u1_en_out_l2,0,-1,2,1.766311663920525e-15,0.0,0.0,0.0
u14_u1_full_empty_r,0,-1,2,1.320537599659255e-15,0.0,0.0,0.0
u14_u2_en_out_l2,0,-1,1,1.401297108982269e-15,0.0,0.0,0.0
u14_u2_full_empty_r,0,-1,2,1.2321644288107274e-15,0.0,0.0,0.0
u14_u3_en_out_l2,0,-1,1,8.094611068129413e-16,0.0,0.0,0.0
u14_u3_full_empty_r,0,-1,2,1.3583989136103382e-15,0.0,0.0,0.0
u14_u4_en_out_l2,0,-1,2,1.2562919505550293e-15,0.0,0.0,0.0
u14_u4_full_empty_r,0,-1,2,1.1111599489439382e-15,0.0,0.0,0.0
u14_u5_en_out_l2,0,-1,1,7.055438225911132e-16,0.0,0.0,0.0
u14_u5_full_empty_r,0,-1,2,1.0430576529517452e-15,0.0,0.0,0.0
u14_u6_en_out_l2,0,-1,2,1.4619383152585726e-15,0.0,0.0,0.0
u14_u6_en_out_l_44,0,-1,3,1.9285932239773186e-15,0.0,0.0,0.0
u14_u6_full_empty_r,0,-1,2,1.3076224647959951e-15,0.0,0.0,0.0
u14_u7_en_out_l2,0,-1,3,1.742486850575748e-15,0.0,0.0,0.0
u14_u7_en_out_l_44,0,-1,3,2.078713296735672e-15,0.0,0.0,0.0
u14_u7_full_empty_r,0,-1,2,1.4895205667573696e-15,0.0,0.0,0.0
u14_u8_en_out_l2,0,-1,2,1.4995069793263794e-15,0.0,0.0,0.0
u14_u8_en_out_l_44,0,-1,4,2.8145284886748776e-15,0.0,0.0,0.0
u14_u8_full_empty_r,0,-1,2,1.3614493968907562e-15,0.0,0.0,0.0
u15_crac_rd,0,-1,4,2.4824003055511253e-15,0.0,0.0,0.0
u15_crac_we_r,0,-1,2,1.2769332964466694e-15,0.0,0.0,0.0
u15_rdd1,0,-1,3,1.2834572500855404e-15,0.0,0.0,0.0
u15_rdd2,0,-1,2,1.046173146010865e-15,0.0,0.0,0.0
u15_rdd3,0,-1,3,1.6551224959674002e-15,0.0,0.0,0.0
u15_valid_r,0,-1,3,1.8755952195005643e-15,0.0,0.0,0.0
u16_u0_dma_req_52,0,-1,1,5.646113044533905e-16,0.0,0.0,0.0
u16_u0_dma_req_r1,0,-1,1,6.625118489530753e-16,0.0,0.0,0.0
u16_u1_dma_req_52,0,-1,1,4.658539331879987e-16,0.0,0.0,0.0
u16_u1_dma_req_r1,0,-1,1,7.025213443375138e-16,0.0,0.0,0.0
u16_u2_dma_req_52,0,-1,1,5.611785446159648e-16,0.0,0.0,0.0
u16_u2_dma_req_r1,0,-1,1,6.431783748715551e-16,0.0,0.0,0.0
u16_u3_dma_req_52,0,-1,1,6.167621701037721e-16,0.0,0.0,0.0
u16_u3_dma_req_r1,0,-1,1,6.91487046133632e-16,0.0,0.0,0.0
u16_u4_dma_req_52,0,-1,1,6.326048625909797e-16,0.0,0.0,0.0
u16_u4_dma_req_r1,0,-1,1,6.431783748715551e-16,0.0,0.0,0.0
u16_u5_dma_req_52,0,-1,1,6.081115284925823e-16,0.0,0.0,0.0
u16_u5_dma_req_r1,0,-1,1,7.30178875889498e-16,0.0,0.0,0.0
u16_u6_dma_req_52,0,-1,1,5.887781073506213e-16,0.0,0.0,0.0
u16_u6_dma_req_r1,0,-1,1,6.117615522809787e-16,0.0,0.0,0.0
u16_u7_dma_req_52,0,-1,1,5.670279953310254e-16,0.0,0.0,0.0
u16_u7_dma_req_r1,0,-1,1,7.035953821146323e-16,0.0,0.0,0.0
u16_u8_dma_req_52,0,-1,1,5.87435507189664e-16,0.0,0.0,0.0
u16_u8_dma_req_r1,0,-1,1,5.768539480960897e-16,0.0,0.0,0.0
u1_sdata_in_r,0,-1,1,4.0958024054597517e-16,0.0,0.0,0.0
u1_sr[0],0,-1,4,4.2158049512290574e-15,0.0,0.0,0.0
u1_sr[10],0,-1,6,7.238424235814136e-15,0.0,0.0,0.0
u1_sr[11],0,-1,7,7.224459203612754e-15,0.0,0.0,0.0
u1_sr[12],0,-1,6,6.742740555080919e-15,0.0,0.0,0.0
u1_sr[13],0,-1,5,5.356235711852144e-15,0.0,0.0,0.0
u1_sr[14],0,-1,5,4.903945105490292e-15,0.0,0.0,0.0
u1_sr[15],0,-1,6,6.531385505950237e-15,0.0,0.0,0.0
u1_sr[16],0,-1,5,4.853988372810654e-15,0.0,0.0,0.0
u1_sr[17],0,-1,5,5.521877239852459e-15,0.0,0.0,0.0
u1_sr[18],0,-1,5,6.90129411137861e-15,0.0,0.0,0.0
u1_sr[19],0,-1,4,4.496763662250941e-15,0.0,0.0,0.0
u1_sr[1],0,-1,4,4.433594062627083e-15,0.0,0.0,0.0
u1_sr[2],0,-1,4,4.1387766220386986e-15,0.0,0.0,0.0
u1_sr[3],0,-1,4,3.9431992556165224e-15,0.0,0.0,0.0
u1_sr[4],0,-1,5,6.0370071029887395e-15,0.0,0.0,0.0
u1_sr[5],0,-1,6,5.891425009245301e-15,0.0,0.0,0.0
u1_sr[6],0,-1,6,8.183690982093306e-15,0.0,0.0,0.0
u1_sr[7],0,-1,6,6.2427725817004905e-15,0.0,0.0,0.0
u1_sr[8],0,-1,6,7.161880409469606e-15,0.0,0.0,0.0
u1_sr[9],0,-1,6,6.933690580512245e-15,0.0,0.0,0.0
u26_ac97_rst_104,0,-1,2,1.2984137343516832e-15,0.0,0.0,0.0
u26_cnt[0],0,-1,1,8.045585330537927e-16,0.0,0.0,0.0
u26_cnt[1],0,-1,3,1.6448308339000236e-15,0.0,0.0,0.0
u26_cnt[2],0,-1,3,1.986565429436824e-15,0.0,0.0,0.0
u26_ps_cnt[0],0,-1,3,1.868631338124713e-15,0.0,0.0,0.0
u26_ps_cnt[1],0,-1,2,1.4430088229533335e-15,0.0,0.0,0.0
u26_ps_cnt[2],0,-1,2,9.784678967126974e-16,0.0,0.0,0.0
u26_ps_cnt[3],0,-1,2,9.67380341312257e-16,0.0,0.0,0.0
u26_ps_cnt[4],0,-1,3,1.7077447354529288e-15,0.0,0.0,0.0
u26_ps_cnt[5],0,-1,2,1.217118264931294e-15,0.0,0.0,0.0
u2_bit_clk_e,0,-1,2,1.3488988038321708e-15,0.0,0.0,0.0
u2_bit_clk_r,0,-1,2,1.1236018041479198e-15,0.0,0.0,0.0
u2_bit_clk_r1,0,-1,1,1.3418802888312217e-15,0.0,0.0,0.0
u2_cnt[0],0,-1,2,8.203934963653566e-16,0.0,0.0,0.0
u2_cnt[1],0,-1,5,2.483534059151025e-15,0.0,0.0,0.0
u2_cnt[2],0,-1,5,2.4659560079131303e-15,0.0,0.0,0.0
u2_cnt[3],0,-1,6,3.280527264496857e-15,0.0,0.0,0.0
u2_cnt[4],0,-1,8,4.6420044017166356e-15,0.0,0.0,0.0
u2_cnt[5],0,-1,7,4.047917091852624e-15,0.0,0.0,0.0
u2_cnt[6],0,-1,8,4.5939619634977925e-15,0.0,0.0,0.0
u2_cnt[7],0,-1,6,3.280931510970934e-15,0.0,0.0,0.0
u2_res_cnt[0],0,-1,5,3.2324943553986704e-15,0.0,0.0,0.0
u2_res_cnt[1],0,-1,2,1.994727650674803e-15,0.0,0.0,0.0
u2_res_cnt[2],0,-1,5,3.056733960052219e-15,0.0,0.0,0.0
u2_res_cnt[3],0,-1,3,2.1691531220963817e-15,0.0,0.0,0.0
u2_sync_beat,0,-1,1,6.124586074570098e-16,0.0,0.0,0.0
u2_sync_resume,0,-1,6,5.366154044148018e-15,0.0,0.0,0.0
u2_to_cnt[0],0,-1,3,2.0886655103494363e-15,0.0,0.0,0.0
u2_to_cnt[1],0,-1,3,1.8262295040598732e-15,0.0,0.0,0.0
u2_to_cnt[2],0,-1,4,2.238671657176384e-15,0.0,0.0,0.0
u2_to_cnt[3],0,-1,2,1.1989296088175472e-15,0.0,0.0,0.0
u2_to_cnt[4],0,-1,3,1.881829381992356e-15,0.0,0.0,0.0
u2_to_cnt[5],0,-1,1,9.275518992202941e-16,0.0,0.0,0.0
u3_mem\[0\][0],0,-1,2,1.4184563024277467e-15,0.0,0.0,0.0
u3_mem\[0\][10],0,-1,2,1.4129545057979748e-15,0.0,0.0,0.0
u3_mem\[0\][11],0,-1,2,1.4384638559166037e-15,0.0,0.0,0.0
u3_mem\[0\][12],0,-1,2,1.2830019698763912e-15,0.0,0.0,0.0
u3_mem\[0\][13],0,-1,2,1.4557832444682308e-15,0.0,0.0,0.0
u3_mem\[0\][14],0,-1,2,1.4337066012474683e-15,0.0,0.0,0.0
u3_mem\[0\][15],0,-1,2,1.409790308344388e-15,0.0,0.0,0.0
u3_mem\[0\][16],0,-1,2,1.3370185314722188e-15,0.0,0.0,0.0
u3_mem\[0\][17],0,-1,2,1.1570241360597984e-15,0.0,0.0,0.0
u3_mem\[0\][18],0,-1,2,1.3300398270197906e-15,0.0,0.0,0.0
u3_mem\[0\][19],0,-1,2,1.196017509544887e-15,0.0,0.0,0.0
u3_mem\[0\][1],0,-1,2,1.4057045390441884e-15,0.0,0.0,0.0
u3_mem\[0\][20],0,-1,2,1.310874118401386e-15,0.0,0.0,0.0
u3_mem\[0\][21],0,-1,2,1.3391720068614945e-15,0.0,0.0,0.0
u3_mem\[0\][22],0,-1,2,1.2163670525861979e-15,0.0,0.0,0.0
u3_mem\[0\][23],0,-1,2,1.3637844549680995e-15,0.0,0.0,0.0
u3_mem\[0\][24],0,-1,2,1.7475439549082114e-15,0.0,0.0,0.0
u3_mem\[0\][25],0,-1,2,1.0482157659631687e-15,0.0,0.0,0.0
u3_mem\[0\][26],0,-1,2,1.2208161990207695e-15,0.0,0.0,0.0
u3_mem\[0\][27],0,-1,2,1.2788164624466525e-15,0.0,0.0,0.0
u3_mem\[0\][28],0,-1,2,1.3499490188076477e-15,0.0,0.0,0.0
u3_mem\[0\][29],0,-1,2,1.3206521608653712e-15,0.0,0.0,0.0
u3_mem\[0\][2],0,-1,2,1.2508915861206911e-15,0.0,0.0,0.0
u3_mem\[0\][30],0,-1,2,1.3853213264432241e-15,0.0,0.0,0.0
u3_mem\[0\][31],0,-1,2,1.3569024181507767e-15,0.0,0.0,0.0
u3_mem\[0\][3],0,-1,2,1.3123417088616225e-15,0.0,0.0,0.0
u3_mem\[0\][4],0,-1,2,1.2357004737281589e-15,0.0,0.0,0.0
u3_mem\[0\][5],0,-1,2,1.2232328898984044e-15,0.0,0.0,0.0
u3_mem\[0\][6],0,-1,2,1.4461165868368095e-15,0.0,0.0,0.0
u3_mem\[0\][7],0,-1,2,1.3359473524312973e-15,0.0,0.0,0.0
u3_mem\[0\][8],0,-1,2,1.4584657978121852e-15,0.0,0.0,0.0
u3_mem\[0\][9],0,-1,2,1.443965758425494e-15,0.0,0.0,0.0
u3_mem\[1\][0],0,-1,2,1.4614241662595892e-15,0.0,0.0,0.0
u3_mem\[1\][10],0,-1,2,1.337758308872527e-15,0.0,0.0,0.0
u3_mem\[1\][11],0,-1,2,1.421496197796324e-15,0.0,0.0,0.0
u3_mem\[1\][12],0,-1,2,1.1326669625076721e-15,0.0,0.0,0.0
u3_mem\[1\][13],0,-1,2,1.3462768133439451e-15,0.0,0.0,0.0
u3_mem\[1\][14],0,-1,2,1.2303502959959455e-15,0.0,0.0,0.0
u3_mem\[1\][15],0,-1,2,1.3230114652608297e-15,0.0,0.0,0.0
u3_mem\[1\][16],0,-1,2,1.3202683490611466e-15,0.0,0.0,0.0
u3_mem\[1\][17],0,-1,2,1.2621934408567868e-15,0.0,0.0,0.0
u3_mem\[1\][18],0,-1,2,1.0800808278015202e-15,0.0,0.0,0.0
u3_mem\[1\][19],0,-1,2,1.2464318517742788e-15,0.0,0.0,0.0
u3_mem\[1\][1],0,-1,2,1.458068539359923e-15,0.0,0.0,0.0
u3_mem\[1\][20],0,-1,2,1.3425044462342297e-15,0.0,0.0,0.0
u3_mem\[1\][21],0,-1,2,1.1535632653164357e-15,0.0,0.0,0.0
u3_mem\[1\][22],0,-1,2,1.4721412506247243e-15,0.0,0.0,0.0
u3_mem\[1\][23],0,-1,2,1.376087290889613e-15,0.0,0.0,0.0
u3_mem\[1\][24],0,-1,2,1.003295491187905e-15,0.0,0.0,0.0
u3_mem\[1\][25],0,-1,2,1.2185623502272442e-15,0.0,0.0,0.0
u3_mem\[1\][26],0,-1,2,1.2281140231360757e-15,0.0,0.0,0.0
u3_mem\[1\][27],0,-1,2,1.3855868712721884e-15,0.0,0.0,0.0
u3_mem\[1\][28],0,-1,2,1.302886597708778e-15,0.0,0.0,0.0
u3_mem\[1\][29],0,-1,2,1.3255609285529467e-15,0.0,0.0,0.0
u3_mem\[1\][2],0,-1,2,1.1535239841635068e-15,0.0,0.0,0.0
u3_mem\[1\][30],0,-1,2,1.3726412432228273e-15,0.0,0.0,0.0
u3_mem\[1\][31],0,-1,2,1.5264015459511243e-15,0.0,0.0,0.0
u3_mem\[1\][3],0,-1,2,1.4274747680962816e-15,0.0,0.0,0.0
u3_mem\[1\][4],0,-1,2,1.104247630698751e-15,0.0,0.0,0.0
u3_mem\[1\][5],0,-1,2,1.1872074139813765e-15,0.0,0.0,0.0
u3_mem\[1\][6],0,-1,2,1.389241394923117e-15,0.0,0.0,0.0
u3_mem\[1\][7],0,-1,2,1.2765509669501024e-15,0.0,0.0,0.0
u3_mem\[1\][8],0,-1,2,1.4924336189420955e-15,0.0,0.0,0.0
u3_mem\[1\][9],0,-1,2,1.27333531224497e-15,0.0,0.0,0.0
u3_mem\[2\][0],0,-1,2,1.4508184667270181e-15,0.0,0.0,0.0
u3_mem\[2\][10],0,-1,2,1.3738355596784558e-15,0.0,0.0,0.0
u3_mem\[2\][11],0,-1,2,1.457257505312927e-15,0.0,0.0,0.0
u3_mem\[2\][12],0,-1,2,1.2700908584196307e-15,0.0,0.0,0.0
u3_mem\[2\][13],0,-1,2,1.4094637771432214e-15,0.0,0.0,0.0
u3_mem\[2\][14],0,-1,2,1.54957583799241e-15,0.0,0.0,0.0
u3_mem\[2\][15],0,-1,2,1.419678676849753e-15,0.0,0.0,0.0
u3_mem\[2\][16],0,-1,2,1.2650112018349467e-15,0.0,0.0,0.0
u3_mem\[2\][17],0,-1,2,1.0599180555250789e-15,0.0,0.0,0.0
u3_mem\[2\][18],0,-1,2,1.4699568585328738e-15,0.0,0.0,0.0
u3_mem\[2\][19],0,-1,2,1.2943919160390014e-15,0.0,0.0,0.0
u3_mem\[2\][1],0,-1,2,1.4861233293641694e-15,0.0,0.0,0.0
u3_mem\[2\][20],0,-1,2,1.1804733961715864e-15,0.0,0.0,0.0
u3_mem\[2\][21],0,-1,2,1.12596364964222e-15,0.0,0.0,0.0
u3_mem\[2\][22],0,-1,2,1.3744219182361926e-15,0.0,0.0,0.0
u3_mem\[2\][23],0,-1,2,1.4769965493575043e-15,0.0,0.0,0.0
u3_mem\[2\][24],0,-1,2,1.1647348887368911e-15,0.0,0.0,0.0
u3_mem\[2\][25],0,-1,2,1.50674138184976e-15,0.0,0.0,0.0
u3_mem\[2\][26],0,-1,2,1.3851627195238508e-15,0.0,0.0,0.0
u3_mem\[2\][27],0,-1,2,1.471089129825116e-15,0.0,0.0,0.0
u3_mem\[2\][28],0,-1,2,1.221986057400046e-15,0.0,0.0,0.0
u3_mem\[2\][29],0,-1,2,1.169568270492161e-15,0.0,0.0,0.0
u3_mem\[2\][2],0,-1,2,1.5264830728722975e-15,0.0,0.0,0.0
u3_mem\[2\][30],0,-1,2,1.4407462920720988e-15,0.0,0.0,0.0
u3_mem\[2\][31],0,-1,2,1.2505569022274073e-15,0.0,0.0,0.0
u3_mem\[2\][3],0,-1,2,1.4606166262235007e-15,0.0,0.0,0.0
u3_mem\[2\][4],0,-1,2,1.1968428372728678e-15,0.0,0.0,0.0
u3_mem\[2\][5],0,-1,2,1.2240173482866803e-15,0.0,0.0,0.0
u3_mem\[2\][6],0,-1,2,1.3102456199545233e-15,0.0,0.0,0.0
u3_mem\[2\][7],0,-1,2,1.5413097493392736e-15,0.0,0.0,0.0
u3_mem\[2\][8],0,-1,2,1.4388665142039047e-15,0.0,0.0,0.0
u3_mem\[2\][9],0,-1,2,1.430005596663559e-15,0.0,0.0,0.0
u3_mem\[3\][0],0,-1,2,1.4923784559214056e-15,0.0,0.0,0.0
u3_mem\[3\][10],0,-1,2,1.214331950051301e-15,0.0,0.0,0.0
u3_mem\[3\][11],0,-1,2,1.4592984311993362e-15,0.0,0.0,0.0
u3_mem\[3\][12],0,-1,2,1.43768257390188e-15,0.0,0.0,0.0
u3_mem\[3\][13],0,-1,2,1.3603487834549176e-15,0.0,0.0,0.0
u3_mem\[3\][14],0,-1,2,1.3289039558375226e-15,0.0,0.0,0.0
u3_mem\[3\][15],0,-1,2,1.0774338498413505e-15,0.0,0.0,0.0
u3_mem\[3\][16],0,-1,2,1.1036908124150498e-15,0.0,0.0,0.0
u3_mem\[3\][17],0,-1,2,8.864909183109579e-16,0.0,0.0,0.0
u3_mem\[3\][18],0,-1,2,1.1889812068520455e-15,0.0,0.0,0.0
u3_mem\[3\][19],0,-1,2,1.3318504658236651e-15,0.0,0.0,0.0
u3_mem\[3\][1],0,-1,2,1.5196910333056205e-15,0.0,0.0,0.0
u3_mem\[3\][20],0,-1,2,9.113642525653172e-16,0.0,0.0,0.0
u3_mem\[3\][21],0,-1,1,4.80354025514249e-16,0.0,0.0,0.0
u3_mem\[3\][22],0,-1,2,1.5754089664551268e-15,0.0,0.0,0.0
u3_mem\[3\][23],0,-1,2,1.344808269971643e-15,0.0,0.0,0.0
u3_mem\[3\][24],0,-1,2,1.3653744416892142e-15,0.0,0.0,0.0
u3_mem\[3\][25],0,-1,2,1.5001653356846328e-15,0.0,0.0,0.0
u3_mem\[3\][26],0,-1,2,1.3879820686887867e-15,0.0,0.0,0.0
u3_mem\[3\][27],0,-1,2,1.4242322200950738e-15,0.0,0.0,0.0
u3_mem\[3\][28],0,-1,2,1.394719262872129e-15,0.0,0.0,0.0
u3_mem\[3\][29],0,-1,2,1.3557076781786745e-15,0.0,0.0,0.0
u3_mem\[3\][2],0,-1,2,1.457257505312927e-15,0.0,0.0,0.0
u3_mem\[3\][30],0,-1,2,1.4819060581989086e-15,0.0,0.0,0.0
u3_mem\[3\][31],0,-1,2,1.1297229936203714e-15,0.0,0.0,0.0
u3_mem\[3\][3],0,-1,2,1.3380375121077657e-15,0.0,0.0,0.0
u3_mem\[3\][4],0,-1,2,1.135066712726362e-15,0.0,0.0,0.0
u3_mem\[3\][5],0,-1,2,1.2229245699056038e-15,0.0,0.0,0.0
u3_mem\[3\][6],0,-1,2,1.3954541698329905e-15,0.0,0.0,0.0
u3_mem\[3\][7],0,-1,2,1.2819989769877237e-15,0.0,0.0,0.0
u3_mem\[3\][8],0,-1,2,1.3839544270245925e-15,0.0,0.0,0.0
u3_mem\[3\][9],0,-1,2,1.4010814332180745e-15,0.0,0.0,0.0
u3_rp[0],0,-1,5,4.064468539158447e-15,0.0,0.0,0.0
u3_rp[1],0,-1,6,7.665032379698764e-15,0.0,0.0,0.0
u3_rp[2],0,-1,5,5.865101766343479e-15,0.0,0.0,0.0
u3_rp[3],0,-1,3,2.5033332425348576e-15,0.0,0.0,0.0
u3_wp[0],0,-1,6,7.410452392236748e-15,0.0,0.0,0.0
u3_wp[1],0,-1,4,3.278286015318422e-15,0.0,0.0,0.0
u3_wp[2],0,-1,5,3.8461203860152334e-15,0.0,0.0,0.0
u4_mem\[0\][0],0,-1,2,1.385025606065514e-15,0.0,0.0,0.0
u4_mem\[0\][10],0,-1,2,1.4552464373379084e-15,0.0,0.0,0.0
u4_mem\[0\][11],0,-1,2,1.3922755728193003e-15,0.0,0.0,0.0
u4_mem\[0\][12],0,-1,2,1.2479602168484808e-15,0.0,0.0,0.0
u4_mem\[0\][13],0,-1,2,1.3290531395153578e-15,0.0,0.0,0.0
u4_mem\[0\][14],0,-1,2,1.3046030040972704e-15,0.0,0.0,0.0
u4_mem\[0\][15],0,-1,2,1.5173479284152783e-15,0.0,0.0,0.0
u4_mem\[0\][16],0,-1,2,1.5766909508207962e-15,0.0,0.0,0.0
u4_mem\[0\][17],0,-1,2,1.45618336165669e-15,0.0,0.0,0.0
u4_mem\[0\][18],0,-1,2,1.6529804555229124e-15,0.0,0.0,0.0
u4_mem\[0\][19],0,-1,2,1.5945685340846638e-15,0.0,0.0,0.0
u4_mem\[0\][1],0,-1,2,1.5694988999447783e-15,0.0,0.0,0.0
u4_mem\[0\][20],0,-1,2,1.1522206122159193e-15,0.0,0.0,0.0
u4_mem\[0\][21],0,-1,2,1.104213537622624e-15,0.0,0.0,0.0
u4_mem\[0\][22],0,-1,2,1.2151587600869396e-15,0.0,0.0,0.0
u4_mem\[0\][23],0,-1,2,1.354709873366809e-15,0.0,0.0,0.0
u4_mem\[0\][24],0,-1,2,1.0860585510685306e-15,0.0,0.0,0.0
u4_mem\[0\][25],0,-1,2,1.1587230723937537e-15,0.0,0.0,0.0
u4_mem\[0\][26],0,-1,2,1.4159081096850505e-15,0.0,0.0,0.0
u4_mem\[0\][27],0,-1,2,1.1823992314562875e-15,0.0,0.0,0.0
u4_mem\[0\][28],0,-1,2,1.0983061180902358e-15,0.0,0.0,0.0
u4_mem\[0\][29],0,-1,2,1.25973302190325e-15,0.0,0.0,0.0
u4_mem\[0\][2],0,-1,2,1.510158630396339e-15,0.0,0.0,0.0
u4_mem\[0\][30],0,-1,2,1.2648929348596863e-15,0.0,0.0,0.0
u4_mem\[0\][31],0,-1,2,1.4565889845593065e-15,0.0,0.0,0.0
u4_mem\[0\][3],0,-1,2,1.430808266260201e-15,0.0,0.0,0.0
u4_mem\[0\][4],0,-1,2,1.4457139285495085e-15,0.0,0.0,0.0
u4_mem\[0\][5],0,-1,2,1.4647209243694214e-15,0.0,0.0,0.0
u4_mem\[0\][6],0,-1,2,1.4729659430779947e-15,0.0,0.0,0.0
u4_mem\[0\][7],0,-1,2,1.3080184526988365e-15,0.0,0.0,0.0
u4_mem\[0\][8],0,-1,2,1.4573917600350667e-15,0.0,0.0,0.0
u4_mem\[0\][9],0,-1,2,1.5007577293521188e-15,0.0,0.0,0.0
u4_mem\[1\][0],0,-1,2,1.5096218232660166e-15,0.0,0.0,0.0
u4_mem\[1\][10],0,-1,2,1.4192257259812088e-15,0.0,0.0,0.0
u4_mem\[1\][11],0,-1,2,1.3828802833683556e-15,0.0,0.0,0.0
u4_mem\[1\][12],0,-1,2,1.3936210846560138e-15,0.0,0.0,0.0
u4_mem\[1\][13],0,-1,2,1.3585813433313531e-15,0.0,0.0,0.0
u4_mem\[1\][14],0,-1,2,1.3746141947152193e-15,0.0,0.0,0.0
u4_mem\[1\][15],0,-1,2,1.5196938920418175e-15,0.0,0.0,0.0
u4_mem\[1\][16],0,-1,2,1.5642073792441623e-15,0.0,0.0,0.0
u4_mem\[1\][17],0,-1,2,1.44947591950562e-15,0.0,0.0,0.0
u4_mem\[1\][18],0,-1,2,1.2214916019170864e-15,0.0,0.0,0.0
u4_mem\[1\][19],0,-1,2,1.4161002802849589e-15,0.0,0.0,0.0
u4_mem\[1\][1],0,-1,2,1.3902255413287081e-15,0.0,0.0,0.0
u4_mem\[1\][20],0,-1,2,1.1142068323343303e-15,0.0,0.0,0.0
u4_mem\[1\][21],0,-1,2,1.0983061180902358e-15,0.0,0.0,0.0
u4_mem\[1\][22],0,-1,2,1.3545021385364948e-15,0.0,0.0,0.0
u4_mem\[1\][23],0,-1,2,1.2833840876147213e-15,0.0,0.0,0.0
u4_mem\[1\][24],0,-1,2,1.3314094792955008e-15,0.0,0.0,0.0
u4_mem\[1\][25],0,-1,2,1.3427543209536697e-15,0.0,0.0,0.0
u4_mem\[1\][26],0,-1,2,1.3278123421267486e-15,0.0,0.0,0.0
u4_mem\[1\][27],0,-1,2,1.3665855929246695e-15,0.0,0.0,0.0
u4_mem\[1\][28],0,-1,2,1.1925567446806427e-15,0.0,0.0,0.0
u4_mem\[1\][29],0,-1,2,1.3976758313745201e-15,0.0,0.0,0.0
u4_mem\[1\][2],0,-1,2,1.3356207153510124e-15,0.0,0.0,0.0
u4_mem\[1\][30],0,-1,2,1.2975759128877303e-15,0.0,0.0,0.0
u4_mem\[1\][31],0,-1,2,1.5269438587956039e-15,0.0,0.0,0.0
u4_mem\[1\][3],0,-1,2,1.4298712360623009e-15,0.0,0.0,0.0
u4_mem\[1\][4],0,-1,2,1.4316165474501184e-15,0.0,0.0,0.0
u4_mem\[1\][5],0,-1,2,1.373616178145117e-15,0.0,0.0,0.0
u4_mem\[1\][6],0,-1,2,1.4751167714893102e-15,0.0,0.0,0.0
u4_mem\[1\][7],0,-1,2,1.331190097762162e-15,0.0,0.0,0.0
u4_mem\[1\][8],0,-1,2,1.4050329477961342e-15,0.0,0.0,0.0
u4_mem\[1\][9],0,-1,2,1.556417323107383e-15,0.0,0.0,0.0
u4_mem\[2\][0],0,-1,2,1.3832829416556567e-15,0.0,0.0,0.0
u4_mem\[2\][10],0,-1,2,1.4436998959591746e-15,0.0,0.0,0.0
u4_mem\[2\][11],0,-1,2,1.314599792819884e-15,0.0,0.0,0.0
u4_mem\[2\][12],0,-1,2,1.3553812528566264e-15,0.0,0.0,0.0
u4_mem\[2\][13],0,-1,2,1.5057253658295284e-15,0.0,0.0,0.0
u4_mem\[2\][14],0,-1,2,1.4219497839395787e-15,0.0,0.0,0.0
u4_mem\[2\][15],0,-1,2,1.5099636010602337e-15,0.0,0.0,0.0
u4_mem\[2\][16],0,-1,2,1.3767042485125693e-15,0.0,0.0,0.0
u4_mem\[2\][17],0,-1,2,1.3780469016130858e-15,0.0,0.0,0.0
u4_mem\[2\][18],0,-1,2,1.3775766924482413e-15,0.0,0.0,0.0
u4_mem\[2\][19],0,-1,2,1.6024716691199017e-15,0.0,0.0,0.0
u4_mem\[2\][1],0,-1,2,1.4062413461745108e-15,0.0,0.0,0.0
u4_mem\[2\][20],0,-1,2,1.2067302528661673e-15,0.0,0.0,0.0
u4_mem\[2\][21],0,-1,2,1.2723070142470032e-15,0.0,0.0,0.0
u4_mem\[2\][22],0,-1,2,1.2413579126619887e-15,0.0,0.0,0.0
u4_mem\[2\][23],0,-1,2,1.362255454619187e-15,0.0,0.0,0.0
u4_mem\[2\][24],0,-1,2,1.7754121859058251e-15,0.0,0.0,0.0
u4_mem\[2\][25],0,-1,2,1.1930244127466454e-15,0.0,0.0,0.0
u4_mem\[2\][26],0,-1,2,1.269073254212623e-15,0.0,0.0,0.0
u4_mem\[2\][27],0,-1,2,1.2593487865825517e-15,0.0,0.0,0.0
u4_mem\[2\][28],0,-1,2,9.258643978311267e-16,0.0,0.0,0.0
u4_mem\[2\][29],0,-1,2,1.1377672655204455e-15,0.0,0.0,0.0
u4_mem\[2\][2],0,-1,2,1.415831982598916e-15,0.0,0.0,0.0
u4_mem\[2\][30],0,-1,2,1.1087670808679448e-15,0.0,0.0,0.0
u4_mem\[2\][31],0,-1,2,1.1640241222150263e-15,0.0,0.0,0.0
u4_mem\[2\][3],0,-1,2,1.4822325894000752e-15,0.0,0.0,0.0
u4_mem\[2\][4],0,-1,2,1.2937008430331603e-15,0.0,0.0,0.0
u4_mem\[2\][5],0,-1,2,1.3154509550527562e-15,0.0,0.0,0.0
u4_mem\[2\][6],0,-1,2,1.4647759815109929e-15,0.0,0.0,0.0
u4_mem\[2\][7],0,-1,2,1.3822823839867125e-15,0.0,0.0,0.0
u4_mem\[2\][8],0,-1,2,1.3336891625939174e-15,0.0,0.0,0.0
u4_mem\[2\][9],0,-1,2,1.5270754665397835e-15,0.0,0.0,0.0
u4_mem\[3\][0],0,-1,2,1.3472493130465115e-15,0.0,0.0,0.0
u4_mem\[3\][10],0,-1,2,1.5134570825720657e-15,0.0,0.0,0.0
u4_mem\[3\][11],0,-1,2,1.182167462066095e-15,0.0,0.0,0.0
u4_mem\[3\][12],0,-1,2,1.3967669650221163e-15,0.0,0.0,0.0
u4_mem\[3\][13],0,-1,2,1.4882770165116819e-15,0.0,0.0,0.0
u4_mem\[3\][14],0,-1,2,1.2760915574553354e-15,0.0,0.0,0.0
u4_mem\[3\][15],0,-1,2,1.3904231117636552e-15,0.0,0.0,0.0
u4_mem\[3\][16],0,-1,2,1.297380883551625e-15,0.0,0.0,0.0
u4_mem\[3\][17],0,-1,2,1.2881749059643916e-15,0.0,0.0,0.0
u4_mem\[3\][18],0,-1,2,1.1866084558085493e-15,0.0,0.0,0.0
u4_mem\[3\][19],0,-1,2,1.4497659224109363e-15,0.0,0.0,0.0
u4_mem\[3\][1],0,-1,2,1.4436998959591746e-15,0.0,0.0,0.0
u4_mem\[3\][20],0,-1,2,1.0937992675361325e-15,0.0,0.0,0.0
u4_mem\[3\][21],0,-1,2,1.0332724107077083e-15,0.0,0.0,0.0
u4_mem\[3\][22],0,-1,2,1.26454512195572e-15,0.0,0.0,0.0
u4_mem\[3\][23],0,-1,2,1.2584546374276064e-15,0.0,0.0,0.0
u4_mem\[3\][24],0,-1,2,1.3038833437294594e-15,0.0,0.0,0.0
u4_mem\[3\][25],0,-1,2,1.283225480695348e-15,0.0,0.0,0.0
u4_mem\[3\][26],0,-1,2,1.4061314436496046e-15,0.0,0.0,0.0
u4_mem\[3\][27],0,-1,2,1.1463273804853975e-15,0.0,0.0,0.0
u4_mem\[3\][28],0,-1,2,8.979382509557445e-16,0.0,0.0,0.0
u4_mem\[3\][29],0,-1,2,1.3348284219079744e-15,0.0,0.0,0.0
u4_mem\[3\][2],0,-1,2,1.5607745664671774e-15,0.0,0.0,0.0
u4_mem\[3\][30],0,-1,2,1.562203405170077e-15,0.0,0.0,0.0
u4_mem\[3\][31],0,-1,2,1.1691515302821118e-15,0.0,0.0,0.0
u4_mem\[3\][3],0,-1,2,1.4968668835089061e-15,0.0,0.0,0.0
u4_mem\[3\][4],0,-1,2,1.2653917313865007e-15,0.0,0.0,0.0
u4_mem\[3\][5],0,-1,2,1.2978416694749313e-15,0.0,0.0,0.0
u4_mem\[3\][6],0,-1,2,1.3276992632282902e-15,0.0,0.0,0.0
u4_mem\[3\][7],0,-1,2,1.3988571246985847e-15,0.0,0.0,0.0
u4_mem\[3\][8],0,-1,2,1.3510086570246629e-15,0.0,0.0,0.0
u4_mem\[3\][9],0,-1,2,1.4340939070626004e-15,0.0,0.0,0.0
u4_rp[0],0,-1,2,2.168819814631637e-15,0.0,0.0,0.0
u4_rp[1],0,-1,4,4.6166912456044144e-15,0.0,0.0,0.0
u4_rp[2],0,-1,4,4.284212179082262e-15,0.0,0.0,0.0
u4_rp[3],0,-1,2,2.3948319218816076e-15,0.0,0.0,0.0
u4_wp[0],0,-1,6,7.267851007434697e-15,0.0,0.0,0.0
u4_wp[1],0,-1,1,1.5100476690802487e-15,0.0,0.0,0.0
u4_wp[2],0,-1,5,3.548755070321508e-15,0.0,0.0,0.0
u5_mem\[0\][0],0,-1,2,1.2039359970522938e-15,0.0,0.0,0.0
u5_mem\[0\][10],0,-1,2,1.5059412533519599e-15,0.0,0.0,0.0
u5_mem\[0\][11],0,-1,2,1.4960034392982988e-15,0.0,0.0,0.0
u5_mem\[0\][12],0,-1,2,1.212934239809213e-15,0.0,0.0,0.0
u5_mem\[0\][13],0,-1,2,1.2311776354271761e-15,0.0,0.0,0.0
u5_mem\[0\][14],0,-1,2,1.4073154898307477e-15,0.0,0.0,0.0
u5_mem\[0\][15],0,-1,2,1.4073154898307477e-15,0.0,0.0,0.0
u5_mem\[0\][16],0,-1,2,1.3527269692372866e-15,0.0,0.0,0.0
u5_mem\[0\][17],0,-1,2,1.4161738662722516e-15,0.0,0.0,0.0
u5_mem\[0\][18],0,-1,2,1.3997970136326817e-15,0.0,0.0,0.0
u5_mem\[0\][19],0,-1,2,1.4279914581941068e-15,0.0,0.0,0.0
u5_mem\[0\][1],0,-1,2,1.1740540511017013e-15,0.0,0.0,0.0
u5_mem\[0\][20],0,-1,2,1.1449706454621329e-15,0.0,0.0,0.0
u5_mem\[0\][21],0,-1,2,1.1345563753756413e-15,0.0,0.0,0.0
u5_mem\[0\][22],0,-1,2,1.2283161463731143e-15,0.0,0.0,0.0
u5_mem\[0\][23],0,-1,2,1.4216346876832e-15,0.0,0.0,0.0
u5_mem\[0\][24],0,-1,2,1.297163831358891e-15,0.0,0.0,0.0
u5_mem\[0\][25],0,-1,2,1.1200562301098317e-15,0.0,0.0,0.0
u5_mem\[0\][26],0,-1,2,1.1780565994148331e-15,0.0,0.0,0.0
u5_mem\[0\][27],0,-1,2,1.2531200239257988e-15,0.0,0.0,0.0
u5_mem\[0\][28],0,-1,2,1.3793310035611233e-15,0.0,0.0,0.0
u5_mem\[0\][29],0,-1,2,9.12438396221554e-16,0.0,0.0,0.0
u5_mem\[0\][2],0,-1,2,1.382876471720093e-15,0.0,0.0,0.0
u5_mem\[0\][30],0,-1,2,1.370573741677698e-15,0.0,0.0,0.0
u5_mem\[0\][31],0,-1,2,1.3862338985647722e-15,0.0,0.0,0.0
u5_mem\[0\][3],0,-1,2,1.0389576958496792e-15,0.0,0.0,0.0
u5_mem\[0\][4],0,-1,2,1.4833093800342722e-15,0.0,0.0,0.0
u5_mem\[0\][5],0,-1,2,1.4884821043640358e-15,0.0,0.0,0.0
u5_mem\[0\][6],0,-1,2,1.5477487879251824e-15,0.0,0.0,0.0
u5_mem\[0\][7],0,-1,2,1.4297342284830825e-15,0.0,0.0,0.0
u5_mem\[0\][8],0,-1,2,1.4575260147572065e-15,0.0,0.0,0.0
u5_mem\[0\][9],0,-1,2,1.4518107658247265e-15,0.0,0.0,0.0
u5_mem\[1\][0],0,-1,2,1.3454768966043818e-15,0.0,0.0,0.0
u5_mem\[1\][10],0,-1,2,1.4297342284830825e-15,0.0,0.0,0.0
u5_mem\[1\][11],0,-1,2,1.461693522736816e-15,0.0,0.0,0.0
u5_mem\[1\][12],0,-1,2,1.224691162996221e-15,0.0,0.0,0.0
u5_mem\[1\][13],0,-1,2,1.3910591276279248e-15,0.0,0.0,0.0
u5_mem\[1\][14],0,-1,2,1.481232031731131e-15,0.0,0.0,0.0
u5_mem\[1\][15],0,-1,2,1.3912044996574973e-15,0.0,0.0,0.0
u5_mem\[1\][16],0,-1,2,1.465657848688203e-15,0.0,0.0,0.0
u5_mem\[1\][17],0,-1,2,1.4197989555282632e-15,0.0,0.0,0.0
u5_mem\[1\][18],0,-1,2,1.1764918119238992e-15,0.0,0.0,0.0
u5_mem\[1\][19],0,-1,2,1.432422287541194e-15,0.0,0.0,0.0
u5_mem\[1\][1],0,-1,2,1.3276956633382644e-15,0.0,0.0,0.0
u5_mem\[1\][20],0,-1,2,1.1211302678869502e-15,0.0,0.0,0.0
u5_mem\[1\][21],0,-1,2,1.2644045144864758e-15,0.0,0.0,0.0
u5_mem\[1\][22],0,-1,2,1.3412076387919834e-15,0.0,0.0,0.0
u5_mem\[1\][23],0,-1,2,1.40449825824818e-15,0.0,0.0,0.0
u5_mem\[1\][24],0,-1,2,1.3659050019515506e-15,0.0,0.0,0.0
u5_mem\[1\][25],0,-1,2,1.1200562301098317e-15,0.0,0.0,0.0
u5_mem\[1\][26],0,-1,2,1.104213537622624e-15,0.0,0.0,0.0
u5_mem\[1\][27],0,-1,2,1.2676331923231724e-15,0.0,0.0,0.0
u5_mem\[1\][28],0,-1,2,1.1635564541490236e-15,0.0,0.0,0.0
u5_mem\[1\][29],0,-1,2,1.3296547446661451e-15,0.0,0.0,0.0
u5_mem\[1\][2],0,-1,2,1.4127411593743851e-15,0.0,0.0,0.0
u5_mem\[1\][30],0,-1,2,1.3253069245478888e-15,0.0,0.0,0.0
u5_mem\[1\][31],0,-1,2,1.5315822112147684e-15,0.0,0.0,0.0
u5_mem\[1\][3],0,-1,2,1.239962637639624e-15,0.0,0.0,0.0
u5_mem\[1\][4],0,-1,2,1.429331464316663e-15,0.0,0.0,0.0
u5_mem\[1\][5],0,-1,2,1.5145339790853811e-15,0.0,0.0,0.0
u5_mem\[1\][6],0,-1,2,1.4016030996344647e-15,0.0,0.0,0.0
u5_mem\[1\][7],0,-1,2,1.427860062208164e-15,0.0,0.0,0.0
u5_mem\[1\][8],0,-1,2,1.4678666988564054e-15,0.0,0.0,0.0
u5_mem\[1\][9],0,-1,2,1.5787682991239373e-15,0.0,0.0,0.0
u5_mem\[2\][0],0,-1,2,1.4291998565724834e-15,0.0,0.0,0.0
u5_mem\[2\][10],0,-1,2,1.3773122064104611e-15,0.0,0.0,0.0
u5_mem\[2\][11],0,-1,2,1.3326782287713694e-15,0.0,0.0,0.0
u5_mem\[2\][12],0,-1,2,1.305459248527826e-15,0.0,0.0,0.0
u5_mem\[2\][13],0,-1,2,1.1687233551272748e-15,0.0,0.0,0.0
u5_mem\[2\][14],0,-1,2,1.566771347975501e-15,0.0,0.0,0.0
u5_mem\[2\][15],0,-1,2,1.323027453007709e-15,0.0,0.0,0.0
u5_mem\[2\][16],0,-1,2,1.476651595189735e-15,0.0,0.0,0.0
u5_mem\[2\][17],0,-1,2,1.4520240063691978e-15,0.0,0.0,0.0
u5_mem\[2\][18],0,-1,2,1.4872001199983664e-15,0.0,0.0,0.0
u5_mem\[2\][19],0,-1,2,1.2671173492582945e-15,0.0,0.0,0.0
u5_mem\[2\][1],0,-1,2,1.3606509624588506e-15,0.0,0.0,0.0
u5_mem\[2\][20],0,-1,2,1.1742397630753868e-15,0.0,0.0,0.0
u5_mem\[2\][21],0,-1,2,1.3994120371581546e-15,0.0,0.0,0.0
u5_mem\[2\][22],0,-1,2,1.1997066556675346e-15,0.0,0.0,0.0
u5_mem\[2\][23],0,-1,2,1.1766138905474222e-15,0.0,0.0,0.0
u5_mem\[2\][24],0,-1,2,1.1930244127466454e-15,0.0,0.0,0.0
u5_mem\[2\][25],0,-1,2,1.6907137616198418e-15,0.0,0.0,0.0
u5_mem\[2\][26],0,-1,2,1.3691154685798812e-15,0.0,0.0,0.0
u5_mem\[2\][27],0,-1,2,1.324820515877928e-15,0.0,0.0,0.0
u5_mem\[2\][28],0,-1,2,1.210681767444227e-15,0.0,0.0,0.0
u5_mem\[2\][29],0,-1,2,1.4673891840323908e-15,0.0,0.0,0.0
u5_mem\[2\][2],0,-1,2,1.416982147462169e-15,0.0,0.0,0.0
u5_mem\[2\][30],0,-1,2,1.1352039320638172e-15,0.0,0.0,0.0
u5_mem\[2\][31],0,-1,2,1.2002743795004318e-15,0.0,0.0,0.0
u5_mem\[2\][3],0,-1,2,1.4016076524365562e-15,0.0,0.0,0.0
u5_mem\[2\][4],0,-1,2,1.2381171646057938e-15,0.0,0.0,0.0
u5_mem\[2\][5],0,-1,2,1.1863348641665862e-15,0.0,0.0,0.0
u5_mem\[2\][6],0,-1,2,1.269533934256811e-15,0.0,0.0,0.0
u5_mem\[2\][7],0,-1,2,1.4892141525887003e-15,0.0,0.0,0.0
u5_mem\[2\][8],0,-1,2,1.299281731364382e-15,0.0,0.0,0.0
u5_mem\[2\][9],0,-1,2,1.4328248399493766e-15,0.0,0.0,0.0
u5_mem\[3\][0],0,-1,2,1.5267488294594986e-15,0.0,0.0,0.0
u5_mem\[3\][10],0,-1,2,1.4292876303616427e-15,0.0,0.0,0.0
u5_mem\[3\][11],0,-1,2,1.3430519471555112e-15,0.0,0.0,0.0
u5_mem\[3\][12],0,-1,2,1.2975561134925882e-15,0.0,0.0,0.0
u5_mem\[3\][13],0,-1,2,1.3931844391717042e-15,0.0,0.0,0.0
u5_mem\[3\][14],0,-1,2,1.483123244544113e-15,0.0,0.0,0.0
u5_mem\[3\][15],0,-1,2,1.3762494976990122e-15,0.0,0.0,0.0
u5_mem\[3\][16],0,-1,2,1.650747147278358e-15,0.0,0.0,0.0
u5_mem\[3\][17],0,-1,2,1.5355337257928281e-15,0.0,0.0,0.0
u5_mem\[3\][18],0,-1,2,1.3473835677686513e-15,0.0,0.0,0.0
u5_mem\[3\][19],0,-1,2,1.0673996857899393e-15,0.0,0.0,0.0
u5_mem\[3\][1],0,-1,2,1.4819060581989086e-15,0.0,0.0,0.0
u5_mem\[3\][20],0,-1,2,1.3406528322115318e-15,0.0,0.0,0.0
u5_mem\[3\][21],0,-1,2,1.3684971345283856e-15,0.0,0.0,0.0
u5_mem\[3\][22],0,-1,2,1.3472025144761757e-15,0.0,0.0,0.0
u5_mem\[3\][23],0,-1,2,1.2094517697256954e-15,0.0,0.0,0.0
u5_mem\[3\][24],0,-1,2,1.319475632101635e-15,0.0,0.0,0.0
u5_mem\[3\][25],0,-1,2,1.2215351182347516e-15,0.0,0.0,0.0
u5_mem\[3\][26],0,-1,2,1.2231350575929965e-15,0.0,0.0,0.0
u5_mem\[3\][27],0,-1,2,1.414164068846654e-15,0.0,0.0,0.0
u5_mem\[3\][28],0,-1,2,1.4808919480028084e-15,0.0,0.0,0.0
u5_mem\[3\][29],0,-1,2,1.3552052817618343e-15,0.0,0.0,0.0
u5_mem\[3\][2],0,-1,2,1.3810585272570485e-15,0.0,0.0,0.0
u5_mem\[3\][30],0,-1,2,1.2564427224196406e-15,0.0,0.0,0.0
u5_mem\[3\][31],0,-1,2,1.0469339933557361e-15,0.0,0.0,0.0
u5_mem\[3\][3],0,-1,2,1.3805106028192933e-15,0.0,0.0,0.0
u5_mem\[3\][4],0,-1,2,1.4079758578922508e-15,0.0,0.0,0.0
u5_mem\[3\][5],0,-1,2,1.2943919160390014e-15,0.0,0.0,0.0
u5_mem\[3\][6],0,-1,2,1.3738158661624322e-15,0.0,0.0,0.0
u5_mem\[3\][7],0,-1,2,1.4206072367181806e-15,0.0,0.0,0.0
u5_mem\[3\][8],0,-1,2,1.2660983686227476e-15,0.0,0.0,0.0
u5_mem\[3\][9],0,-1,2,1.4445056360502502e-15,0.0,0.0,0.0
u5_rp[0],0,-1,5,4.403332116520529e-15,0.0,0.0,0.0
u5_rp[1],0,-1,4,5.0558503001849834e-15,0.0,0.0,0.0
u5_rp[2],0,-1,4,5.159646141057999e-15,0.0,0.0,0.0
u5_rp[3],0,-1,4,4.373634717873319e-15,0.0,0.0,0.0
u5_wp[0],0,-1,6,7.300009460310154e-15,0.0,0.0,0.0
u5_wp[1],0,-1,1,1.3194565738603218e-15,0.0,0.0,0.0
u5_wp[2],0,-1,5,3.729158265010097e-15,0.0,0.0,0.0
u6_mem\[0\][0],0,-1,2,1.3140600210742462e-15,0.0,0.0,0.0
u6_mem\[0\][10],0,-1,2,1.40677571808511e-15,0.0,0.0,0.0
u6_mem\[0\][11],0,-1,2,1.4849150368649111e-15,0.0,0.0,0.0
u6_mem\[0\][12],0,-1,2,1.4403406691694824e-15,0.0,0.0,0.0
u6_mem\[0\][13],0,-1,2,1.5011633522547352e-15,0.0,0.0,0.0
u6_mem\[0\][14],0,-1,2,1.2828528920776744e-15,0.0,0.0,0.0
u6_mem\[0\][15],0,-1,2,1.4522319529577487e-15,0.0,0.0,0.0
u6_mem\[0\][16],0,-1,2,1.3023354968974706e-15,0.0,0.0,0.0
u6_mem\[0\][17],0,-1,2,1.5660080654109065e-15,0.0,0.0,0.0
u6_mem\[0\][18],0,-1,2,1.3800028065674144e-15,0.0,0.0,0.0
u6_mem\[0\][19],0,-1,2,1.3875794104014857e-15,0.0,0.0,0.0
u6_mem\[0\][1],0,-1,2,1.393483971197677e-15,0.0,0.0,0.0
u6_mem\[0\][20],0,-1,2,1.2880224400338858e-15,0.0,0.0,0.0
u6_mem\[0\][21],0,-1,2,1.3766920724139525e-15,0.0,0.0,0.0
u6_mem\[0\][22],0,-1,2,1.1725783079493475e-15,0.0,0.0,0.0
u6_mem\[0\][23],0,-1,2,1.388127652476596e-15,0.0,0.0,0.0
u6_mem\[0\][24],0,-1,2,1.2175754509645745e-15,0.0,0.0,0.0
u6_mem\[0\][25],0,-1,2,1.2911497915542671e-15,0.0,0.0,0.0
u6_mem\[0\][26],0,-1,2,1.2909956315578668e-15,0.0,0.0,0.0
u6_mem\[0\][27],0,-1,2,1.1143479691991666e-15,0.0,0.0,0.0
u6_mem\[0\][28],0,-1,2,1.2120640193350276e-15,0.0,0.0,0.0
u6_mem\[0\][29],0,-1,2,1.367409544224111e-15,0.0,0.0,0.0
u6_mem\[0\][2],0,-1,2,1.4094637771432214e-15,0.0,0.0,0.0
u6_mem\[0\][30],0,-1,2,1.422666691450311e-15,0.0,0.0,0.0
u6_mem\[0\][31],0,-1,2,1.2203025794173782e-15,0.0,0.0,0.0
u6_mem\[0\][3],0,-1,2,1.473505820702751e-15,0.0,0.0,0.0
u6_mem\[0\][4],0,-1,2,1.2814671461759664e-15,0.0,0.0,0.0
u6_mem\[0\][5],0,-1,2,1.2969781193852056e-15,0.0,0.0,0.0
u6_mem\[0\][6],0,-1,2,1.5180801883981796e-15,0.0,0.0,0.0
u6_mem\[0\][7],0,-1,2,1.4478041941050953e-15,0.0,0.0,0.0
u6_mem\[0\][8],0,-1,2,1.4884821043640358e-15,0.0,0.0,0.0
u6_mem\[0\][9],0,-1,2,1.4145926675179646e-15,0.0,0.0,0.0
u6_mem\[1\][0],0,-1,2,1.5196478346253105e-15,0.0,0.0,0.0
u6_mem\[1\][10],0,-1,2,1.4872001199983664e-15,0.0,0.0,0.0
u6_mem\[1\][11],0,-1,2,1.6791486913953868e-15,0.0,0.0,0.0
u6_mem\[1\][12],0,-1,2,1.4569124452660392e-15,0.0,0.0,0.0
u6_mem\[1\][13],0,-1,2,1.5440069140015681e-15,0.0,0.0,0.0
u6_mem\[1\][14],0,-1,2,1.4026771374115832e-15,0.0,0.0,0.0
u6_mem\[1\][15],0,-1,2,1.4440411443577997e-15,0.0,0.0,0.0
u6_mem\[1\][16],0,-1,2,1.3185587189362322e-15,0.0,0.0,0.0
u6_mem\[1\][17],0,-1,2,1.49901781779934e-15,0.0,0.0,0.0
u6_mem\[1\][18],0,-1,2,1.4792209637561125e-15,0.0,0.0,0.0
u6_mem\[1\][19],0,-1,2,1.3660213631026797e-15,0.0,0.0,0.0
u6_mem\[1\][1],0,-1,2,1.28384339123037e-15,0.0,0.0,0.0
u6_mem\[1\][20],0,-1,2,1.235566219006019e-15,0.0,0.0,0.0
u6_mem\[1\][21],0,-1,2,1.3116944698108018e-15,0.0,0.0,0.0
u6_mem\[1\][22],0,-1,2,1.3245026667644709e-15,0.0,0.0,0.0
u6_mem\[1\][23],0,-1,2,1.2512197055086337e-15,0.0,0.0,0.0
u6_mem\[1\][24],0,-1,2,1.2374671726978945e-15,0.0,0.0,0.0
u6_mem\[1\][25],0,-1,2,1.277476668082333e-15,0.0,0.0,0.0
u6_mem\[1\][26],0,-1,2,1.3921347535918193e-15,0.0,0.0,0.0
u6_mem\[1\][27],0,-1,2,1.4356990344976473e-15,0.0,0.0,0.0
u6_mem\[1\][28],0,-1,2,1.2291431681669897e-15,0.0,0.0,0.0
u6_mem\[1\][29],0,-1,2,1.3061503215336672e-15,0.0,0.0,0.0
u6_mem\[1\][2],0,-1,2,1.516068802785806e-15,0.0,0.0,0.0
u6_mem\[1\][30],0,-1,2,1.4208084070431535e-15,0.0,0.0,0.0
u6_mem\[1\][31],0,-1,2,1.2664673573503952e-15,0.0,0.0,0.0
u6_mem\[1\][3],0,-1,2,1.5162150218483257e-15,0.0,0.0,0.0
u6_mem\[1\][4],0,-1,2,1.4267038622351618e-15,0.0,0.0,0.0
u6_mem\[1\][5],0,-1,2,1.1541704820604987e-15,0.0,0.0,0.0
u6_mem\[1\][6],0,-1,2,1.4692240691543804e-15,0.0,0.0,0.0
u6_mem\[1\][7],0,-1,2,1.402765334717216e-15,0.0,0.0,0.0
u6_mem\[1\][8],0,-1,2,1.3860407750527983e-15,0.0,0.0,0.0
u6_mem\[1\][9],0,-1,2,1.4236892719758838e-15,0.0,0.0,0.0
u6_mem\[2\][0],0,-1,2,1.4016529686992343e-15,0.0,0.0,0.0
u6_mem\[2\][10],0,-1,2,1.4349341637462766e-15,0.0,0.0,0.0
u6_mem\[2\][11],0,-1,2,1.4506426015113445e-15,0.0,0.0,0.0
u6_mem\[2\][12],0,-1,2,1.5063992864181876e-15,0.0,0.0,0.0
u6_mem\[2\][13],0,-1,2,1.3914338338279664e-15,0.0,0.0,0.0
u6_mem\[2\][14],0,-1,2,1.3418919355342464e-15,0.0,0.0,0.0
u6_mem\[2\][15],0,-1,2,1.4149447155866672e-15,0.0,0.0,0.0
u6_mem\[2\][16],0,-1,2,1.2593504806484462e-15,0.0,0.0,0.0
u6_mem\[2\][17],0,-1,2,1.2327669868735804e-15,0.0,0.0,0.0
u6_mem\[2\][18],0,-1,2,1.368569344087139e-15,0.0,0.0,0.0
u6_mem\[2\][19],0,-1,2,1.4399956091225947e-15,0.0,0.0,0.0
u6_mem\[2\][1],0,-1,2,1.1719146576351738e-15,0.0,0.0,0.0
u6_mem\[2\][20],0,-1,2,1.3032302813271264e-15,0.0,0.0,0.0
u6_mem\[2\][21],0,-1,2,1.2928161171197531e-15,0.0,0.0,0.0
u6_mem\[2\][22],0,-1,2,1.2106489449175209e-15,0.0,0.0,0.0
u6_mem\[2\][23],0,-1,2,1.3214715593627213e-15,0.0,0.0,0.0
u6_mem\[2\][24],0,-1,2,1.2482599606326904e-15,0.0,0.0,0.0
u6_mem\[2\][25],0,-1,2,1.2313829350377669e-15,0.0,0.0,0.0
u6_mem\[2\][26],0,-1,2,1.28347588481038e-15,0.0,0.0,0.0
u6_mem\[2\][27],0,-1,2,1.1927923257190978e-15,0.0,0.0,0.0
u6_mem\[2\][28],0,-1,2,1.339466244931547e-15,0.0,0.0,0.0
u6_mem\[2\][29],0,-1,2,1.3445643244828337e-15,0.0,0.0,0.0
u6_mem\[2\][2],0,-1,2,1.2073918914770913e-15,0.0,0.0,0.0
u6_mem\[2\][30],0,-1,2,1.2666170704238224e-15,0.0,0.0,0.0
u6_mem\[2\][31],0,-1,2,1.3049573815065779e-15,0.0,0.0,0.0
u6_mem\[2\][3],0,-1,2,1.2282313371992704e-15,0.0,0.0,0.0
u6_mem\[2\][4],0,-1,2,1.2358500809224677e-15,0.0,0.0,0.0
u6_mem\[2\][5],0,-1,2,1.477320010064237e-15,0.0,0.0,0.0
u6_mem\[2\][6],0,-1,2,1.599496465892671e-15,0.0,0.0,0.0
u6_mem\[2\][7],0,-1,2,1.5192883750183195e-15,0.0,0.0,0.0
u6_mem\[2\][8],0,-1,2,1.4433925288784397e-15,0.0,0.0,0.0
u6_mem\[2\][9],0,-1,2,1.475788256858246e-15,0.0,0.0,0.0
u6_mem\[3\][0],0,-1,2,1.3746110183416671e-15,0.0,0.0,0.0
u6_mem\[3\][10],0,-1,2,1.4324221816620756e-15,0.0,0.0,0.0
u6_mem\[3\][11],0,-1,2,1.3891142341019105e-15,0.0,0.0,0.0
u6_mem\[3\][12],0,-1,2,1.4369291380952973e-15,0.0,0.0,0.0
u6_mem\[3\][13],0,-1,2,1.3575051879718665e-15,0.0,0.0,0.0
u6_mem\[3\][14],0,-1,2,1.520631028118836e-15,0.0,0.0,0.0
u6_mem\[3\][15],0,-1,2,1.4106720696424797e-15,0.0,0.0,0.0
u6_mem\[3\][16],0,-1,2,1.3244661384686205e-15,0.0,0.0,0.0
u6_mem\[3\][17],0,-1,2,1.2508916919998095e-15,0.0,0.0,0.0
u6_mem\[3\][18],0,-1,2,1.274748904354819e-15,0.0,0.0,0.0
u6_mem\[3\][19],0,-1,2,1.3710652325453422e-15,0.0,0.0,0.0
u6_mem\[3\][1],0,-1,2,1.3099660990819294e-15,0.0,0.0,0.0
u6_mem\[3\][20],0,-1,2,1.4558075966654644e-15,0.0,0.0,0.0
u6_mem\[3\][21],0,-1,2,1.1908254093364549e-15,0.0,0.0,0.0
u6_mem\[3\][22],0,-1,2,1.3077188147937453e-15,0.0,0.0,0.0
u6_mem\[3\][23],0,-1,2,1.3036330454935458e-15,0.0,0.0,0.0
u6_mem\[3\][24],0,-1,2,1.1872113315087576e-15,0.0,0.0,0.0
u6_mem\[3\][25],0,-1,2,1.334302308568611e-15,0.0,0.0,0.0
u6_mem\[3\][26],0,-1,2,1.2145424377386937e-15,0.0,0.0,0.0
u6_mem\[3\][27],0,-1,2,1.4267367906409863e-15,0.0,0.0,0.0
u6_mem\[3\][28],0,-1,2,1.1012849212074923e-15,0.0,0.0,0.0
u6_mem\[3\][29],0,-1,2,1.4773074104491466e-15,0.0,0.0,0.0
u6_mem\[3\][2],0,-1,2,1.2302691925912459e-15,0.0,0.0,0.0
u6_mem\[3\][30],0,-1,2,1.3025590077164273e-15,0.0,0.0,0.0
u6_mem\[3\][31],0,-1,2,1.2759754080624431e-15,0.0,0.0,0.0
u6_mem\[3\][3],0,-1,2,1.367180739449234e-15,0.0,0.0,0.0
u6_mem\[3\][4],0,-1,2,1.3431973191850837e-15,0.0,0.0,0.0
u6_mem\[3\][5],0,-1,2,1.2918945452731405e-15,0.0,0.0,0.0
u6_mem\[3\][6],0,-1,2,1.3527670974231628e-15,0.0,0.0,0.0
u6_mem\[3\][7],0,-1,2,1.3612253566762074e-15,0.0,0.0,0.0
u6_mem\[3\][8],0,-1,2,1.3490468228397035e-15,0.0,0.0,0.0
u6_mem\[3\][9],0,-1,2,1.5373165183885616e-15,0.0,0.0,0.0
u6_rp[0],0,-1,6,5.223864367470557e-15,0.0,0.0,0.0
u6_rp[1],0,-1,3,5.343291354352204e-15,0.0,0.0,0.0
u6_rp[2],0,-1,3,5.0662412768654255e-15,0.0,0.0,0.0
u6_rp[3],0,-1,3,2.579009283624925e-15,0.0,0.0,0.0
u6_wp[0],0,-1,6,7.30973763370937e-15,0.0,0.0,0.0
u6_wp[1],0,-1,2,1.4523257618566572e-15,0.0,0.0,0.0
u6_wp[2],0,-1,5,3.608016459926734e-15,0.0,0.0,0.0
u7_mem\[0\][0],0,-1,2,1.3891142341019105e-15,0.0,0.0,0.0
u7_mem\[0\][10],0,-1,2,1.4298713419414193e-15,0.0,0.0,0.0
u7_mem\[0\][11],0,-1,2,1.3846369238218427e-15,0.0,0.0,0.0
u7_mem\[0\][12],0,-1,2,1.4640467920225254e-15,0.0,0.0,0.0
u7_mem\[0\][13],0,-1,2,1.374208571812603e-15,0.0,0.0,0.0
u7_mem\[0\][14],0,-1,2,1.244469382314609e-15,0.0,0.0,0.0
u7_mem\[0\][15],0,-1,2,1.4461901728241022e-15,0.0,0.0,0.0
u7_mem\[0\][16],0,-1,2,1.0886094966683054e-15,0.0,0.0,0.0
u7_mem\[0\][17],0,-1,2,1.211533670830928e-15,0.0,0.0,0.0
u7_mem\[0\][18],0,-1,2,1.4153711966756097e-15,0.0,0.0,0.0
u7_mem\[0\][19],0,-1,2,1.2664673573503952e-15,0.0,0.0,0.0
u7_mem\[0\][1],0,-1,2,1.2734695669671097e-15,0.0,0.0,0.0
u7_mem\[0\][20],0,-1,2,1.2451201153763371e-15,0.0,0.0,0.0
u7_mem\[0\][21],0,-1,2,1.35523281033262e-15,0.0,0.0,0.0
u7_mem\[0\][22],0,-1,2,1.2606941925401467e-15,0.0,0.0,0.0
u7_mem\[0\][23],0,-1,2,1.1705295470081762e-15,0.0,0.0,0.0
u7_mem\[0\][24],0,-1,2,1.0751134030823474e-15,0.0,0.0,0.0
u7_mem\[0\][25],0,-1,2,1.3060161726906458e-15,0.0,0.0,0.0
u7_mem\[0\][26],0,-1,2,1.2573804937713695e-15,0.0,0.0,0.0
u7_mem\[0\][27],0,-1,2,1.2667331139375963e-15,0.0,0.0,0.0
u7_mem\[0\][28],0,-1,2,1.2673816235378378e-15,0.0,0.0,0.0
u7_mem\[0\][29],0,-1,2,1.3235475312373232e-15,0.0,0.0,0.0
u7_mem\[0\][2],0,-1,2,1.2910933579841563e-15,0.0,0.0,0.0
u7_mem\[0\][30],0,-1,2,1.2017326525982485e-15,0.0,0.0,0.0
u7_mem\[0\][31],0,-1,2,1.169931647626533e-15,0.0,0.0,0.0
u7_mem\[0\][3],0,-1,2,1.429331464316663e-15,0.0,0.0,0.0
u7_mem\[0\][4],0,-1,2,1.3019041453690814e-15,0.0,0.0,0.0
u7_mem\[0\][5],0,-1,2,1.3125170446817041e-15,0.0,0.0,0.0
u7_mem\[0\][6],0,-1,2,1.390217706273946e-15,0.0,0.0,0.0
u7_mem\[0\][7],0,-1,2,1.3452874788615521e-15,0.0,0.0,0.0
u7_mem\[0\][8],0,-1,2,1.5552121011025584e-15,0.0,0.0,0.0
u7_mem\[0\][9],0,-1,2,1.40570443316507e-15,0.0,0.0,0.0
u7_mem\[1\][0],0,-1,2,1.3357550759522706e-15,0.0,0.0,0.0
u7_mem\[1\][10],0,-1,2,1.4384639617957221e-15,0.0,0.0,0.0
u7_mem\[1\][11],0,-1,2,1.5511758832297733e-15,0.0,0.0,0.0
u7_mem\[1\][12],0,-1,2,1.501966021851377e-15,0.0,0.0,0.0
u7_mem\[1\][13],0,-1,2,1.3905330142885614e-15,0.0,0.0,0.0
u7_mem\[1\][14],0,-1,2,1.283207269486982e-15,0.0,0.0,0.0
u7_mem\[1\][15],0,-1,2,1.3691217154478672e-15,0.0,0.0,0.0
u7_mem\[1\][16],0,-1,2,1.2121707454863817e-15,0.0,0.0,0.0
u7_mem\[1\][17],0,-1,2,1.1284753140890658e-15,0.0,0.0,0.0
u7_mem\[1\][18],0,-1,2,1.395058923083978e-15,0.0,0.0,0.0
u7_mem\[1\][19],0,-1,2,1.3576185845076802e-15,0.0,0.0,0.0
u7_mem\[1\][1],0,-1,2,1.4884819984849174e-15,0.0,0.0,0.0
u7_mem\[1\][20],0,-1,2,1.332487858116474e-15,0.0,0.0,0.0
u7_mem\[1\][21],0,-1,2,1.2705210452777175e-15,0.0,0.0,0.0
u7_mem\[1\][22],0,-1,2,1.2647995494772515e-15,0.0,0.0,0.0
u7_mem\[1\][23],0,-1,2,1.313365030541024e-15,0.0,0.0,0.0
u7_mem\[1\][24],0,-1,2,1.3096097099693721e-15,0.0,0.0,0.0
u7_mem\[1\][25],0,-1,2,1.3391368549941834e-15,0.0,0.0,0.0
u7_mem\[1\][26],0,-1,2,1.2620975143755103e-15,0.0,0.0,0.0
u7_mem\[1\][27],0,-1,2,1.2776418395070476e-15,0.0,0.0,0.0
u7_mem\[1\][28],0,-1,2,1.4981089514469362e-15,0.0,0.0,0.0
u7_mem\[1\][29],0,-1,2,1.1871481216750687e-15,0.0,0.0,0.0
u7_mem\[1\][2],0,-1,2,1.2725528655599437e-15,0.0,0.0,0.0
u7_mem\[1\][30],0,-1,2,1.3005809740263517e-15,0.0,0.0,0.0
u7_mem\[1\][31],0,-1,2,1.279731999183516e-15,0.0,0.0,0.0
u7_mem\[1\][3],0,-1,2,1.535473057057981e-15,0.0,0.0,0.0
u7_mem\[1\][4],0,-1,2,1.2602506649131407e-15,0.0,0.0,0.0
u7_mem\[1\][5],0,-1,2,1.1942496459048488e-15,0.0,0.0,0.0
u7_mem\[1\][6],0,-1,2,1.4075150719689445e-15,0.0,0.0,0.0
u7_mem\[1\][7],0,-1,2,1.3521925973266876e-15,0.0,0.0,0.0
u7_mem\[1\][8],0,-1,2,1.5085476796097797e-15,0.0,0.0,0.0
u7_mem\[1\][9],0,-1,2,1.226200787466465e-15,0.0,0.0,0.0
u7_mem\[2\][0],0,-1,2,1.4243664748172136e-15,0.0,0.0,0.0
u7_mem\[2\][10],0,-1,2,1.4616907698797375e-15,0.0,0.0,0.0
u7_mem\[2\][11],0,-1,2,1.3473836736477697e-15,0.0,0.0,0.0
u7_mem\[2\][12],0,-1,2,1.4432181459704237e-15,0.0,0.0,0.0
u7_mem\[2\][13],0,-1,2,1.4851835463091908e-15,0.0,0.0,0.0
u7_mem\[2\][14],0,-1,2,1.4203388331530194e-15,0.0,0.0,0.0
u7_mem\[2\][15],0,-1,2,1.343060205726747e-15,0.0,0.0,0.0
u7_mem\[2\][16],0,-1,2,1.271299150918889e-15,0.0,0.0,0.0
u7_mem\[2\][17],0,-1,2,1.0701837772084458e-15,0.0,0.0,0.0
u7_mem\[2\][18],0,-1,2,1.4219497839395787e-15,0.0,0.0,0.0
u7_mem\[2\][19],0,-1,2,1.2799268167613845e-15,0.0,0.0,0.0
u7_mem\[2\][1],0,-1,2,1.2614572633465044e-15,0.0,0.0,0.0
u7_mem\[2\][20],0,-1,2,1.5449515674959935e-15,0.0,0.0,0.0
u7_mem\[2\][21],0,-1,2,1.12596364964222e-15,0.0,0.0,0.0
u7_mem\[2\][22],0,-1,2,1.0969635708688377e-15,0.0,0.0,0.0
u7_mem\[2\][23],0,-1,2,1.1372994915753243e-15,0.0,0.0,0.0
u7_mem\[2\][24],0,-1,2,1.2837378297493184e-15,0.0,0.0,0.0
u7_mem\[2\][25],0,-1,2,1.0839651091393916e-15,0.0,0.0,0.0
u7_mem\[2\][26],0,-1,2,1.388997767071663e-15,0.0,0.0,0.0
u7_mem\[2\][27],0,-1,2,1.2762655168468777e-15,0.0,0.0,0.0
u7_mem\[2\][28],0,-1,2,1.2605446912249563e-15,0.0,0.0,0.0
u7_mem\[2\][29],0,-1,2,1.1666207017148344e-15,0.0,0.0,0.0
u7_mem\[2\][2],0,-1,2,1.2527934927246322e-15,0.0,0.0,0.0
u7_mem\[2\][30],0,-1,2,1.3245991226413394e-15,0.0,0.0,0.0
u7_mem\[2\][31],0,-1,2,1.2486079852948935e-15,0.0,0.0,0.0
u7_mem\[2\][3],0,-1,2,1.323058157952047e-15,0.0,0.0,0.0
u7_mem\[2\][4],0,-1,2,1.445100570816578e-15,0.0,0.0,0.0
u7_mem\[2\][5],0,-1,2,1.2557250737550794e-15,0.0,0.0,0.0
u7_mem\[2\][6],0,-1,2,1.1659272993683883e-15,0.0,0.0,0.0
u7_mem\[2\][7],0,-1,2,1.2746779653454864e-15,0.0,0.0,0.0
u7_mem\[2\][8],0,-1,2,1.5980409456519329e-15,0.0,0.0,0.0
u7_mem\[2\][9],0,-1,2,1.4727000806116753e-15,0.0,0.0,0.0
u7_mem\[3\][0],0,-1,2,1.39435302700156e-15,0.0,0.0,0.0
u7_mem\[3\][10],0,-1,2,1.2650822467233976e-15,0.0,0.0,0.0
u7_mem\[3\][11],0,-1,2,1.3046309561845298e-15,0.0,0.0,0.0
u7_mem\[3\][12],0,-1,2,1.3002583603525662e-15,0.0,0.0,0.0
u7_mem\[3\][13],0,-1,2,1.1894175346989998e-15,0.0,0.0,0.0
u7_mem\[3\][14],0,-1,2,1.2845499225874984e-15,0.0,0.0,0.0
u7_mem\[3\][15],0,-1,2,1.245882974424458e-15,0.0,0.0,0.0
u7_mem\[3\][16],0,-1,2,9.56248104923849e-16,0.0,0.0,0.0
u7_mem\[3\][17],0,-1,2,1.322208054510359e-15,0.0,0.0,0.0
u7_mem\[3\][18],0,-1,2,1.2470913728028347e-15,0.0,0.0,0.0
u7_mem\[3\][19],0,-1,2,1.2636492787348802e-15,0.0,0.0,0.0
u7_mem\[3\][1],0,-1,2,1.4479409899260769e-15,0.0,0.0,0.0
u7_mem\[3\][20],0,-1,2,1.4539888051694726e-15,0.0,0.0,0.0
u7_mem\[3\][21],0,-1,2,1.3793311094402417e-15,0.0,0.0,0.0
u7_mem\[3\][22],0,-1,2,1.278904553873167e-15,0.0,0.0,0.0
u7_mem\[3\][23],0,-1,2,1.2644045144864758e-15,0.0,0.0,0.0
u7_mem\[3\][24],0,-1,2,1.278904553873167e-15,0.0,0.0,0.0
u7_mem\[3\][25],0,-1,2,1.375747101282172e-15,0.0,0.0,0.0
u7_mem\[3\][26],0,-1,2,1.278904553873167e-15,0.0,0.0,0.0
u7_mem\[3\][27],0,-1,2,1.365587576354567e-15,0.0,0.0,0.0
u7_mem\[3\][28],0,-1,2,1.3905711307711879e-15,0.0,0.0,0.0
u7_mem\[3\][29],0,-1,2,1.2777348013730087e-15,0.0,0.0,0.0
u7_mem\[3\][2],0,-1,2,1.4001996719199827e-15,0.0,0.0,0.0
u7_mem\[3\][30],0,-1,2,1.3196706614377403e-15,0.0,0.0,0.0
u7_mem\[3\][31],0,-1,2,1.3763283776422252e-15,0.0,0.0,0.0
u7_mem\[3\][3],0,-1,2,1.28924894374151e-15,0.0,0.0,0.0
u7_mem\[3\][4],0,-1,2,1.2273551874944543e-15,0.0,0.0,0.0
u7_mem\[3\][5],0,-1,2,1.1179183189509619e-15,0.0,0.0,0.0
u7_mem\[3\][6],0,-1,2,1.1353932439275285e-15,0.0,0.0,0.0
u7_mem\[3\][7],0,-1,2,1.0649829949123044e-15,0.0,0.0,0.0
u7_mem\[3\][8],0,-1,2,1.2744224790327708e-15,0.0,0.0,0.0
u7_mem\[3\][9],0,-1,2,1.0298067754040173e-15,0.0,0.0,0.0
u7_rp[0],0,-1,7,5.720418798073551e-15,0.0,0.0,0.0
u7_rp[1],0,-1,3,5.0734291984558255e-15,0.0,0.0,0.0
u7_rp[2],0,-1,5,6.428992351637875e-15,0.0,0.0,0.0
u7_rp[3],0,-1,2,1.819407500702687e-15,0.0,0.0,0.0
u7_wp[0],0,-1,8,9.260260540691102e-15,0.0,0.0,0.0
u7_wp[1],0,-1,3,3.3825055844233015e-15,0.0,0.0,0.0
u7_wp[2],0,-1,5,3.0555631487608767e-15,0.0,0.0,0.0
u8_mem\[0\][0],0,-1,2,1.2121707454863817e-15,0.0,0.0,0.0
u8_mem\[0\][10],0,-1,2,1.422755418151536e-15,0.0,0.0,0.0
u8_mem\[0\][11],0,-1,2,1.423158076438837e-15,0.0,0.0,0.0
u8_mem\[0\][12],0,-1,2,1.4796842907782606e-15,0.0,0.0,0.0
u8_mem\[0\][13],0,-1,2,1.4328248399493766e-15,0.0,0.0,0.0
u8_mem\[0\][14],0,-1,2,1.3833072938528902e-15,0.0,0.0,0.0
u8_mem\[0\][15],0,-1,2,1.5783048662226708e-15,0.0,0.0,0.0
u8_mem\[0\][16],0,-1,2,1.2674278927125816e-15,0.0,0.0,0.0
u8_mem\[0\][17],0,-1,2,1.5051303251840823e-15,0.0,0.0,0.0
u8_mem\[0\][18],0,-1,2,1.3082897150001947e-15,0.0,0.0,0.0
u8_mem\[0\][19],0,-1,2,1.2949979681127618e-15,0.0,0.0,0.0
u8_mem\[0\][1],0,-1,2,1.3097197183733968e-15,0.0,0.0,0.0
u8_mem\[0\][20],0,-1,2,1.2051077612557017e-15,0.0,0.0,0.0
u8_mem\[0\][21],0,-1,2,1.295720804854125e-15,0.0,0.0,0.0
u8_mem\[0\][22],0,-1,2,1.1812674895596374e-15,0.0,0.0,0.0
u8_mem\[0\][23],0,-1,2,1.172348338504168e-15,0.0,0.0,0.0
u8_mem\[0\][24],0,-1,2,1.265198184358053e-15,0.0,0.0,0.0
u8_mem\[0\][25],0,-1,2,1.2351819836853208e-15,0.0,0.0,0.0
u8_mem\[0\][26],0,-1,2,1.2928549747562084e-15,0.0,0.0,0.0
u8_mem\[0\][27],0,-1,2,1.2976882506323599e-15,0.0,0.0,0.0
u8_mem\[0\][28],0,-1,2,1.3881215114877284e-15,0.0,0.0,0.0
u8_mem\[0\][29],0,-1,2,1.3535984602608929e-15,0.0,0.0,0.0
u8_mem\[0\][2],0,-1,2,1.1911842336687355e-15,0.0,0.0,0.0
u8_mem\[0\][30],0,-1,2,1.2838998248004808e-15,0.0,0.0,0.0
u8_mem\[0\][31],0,-1,2,1.3069925899205932e-15,0.0,0.0,0.0
u8_mem\[0\][3],0,-1,2,1.3756302107354509e-15,0.0,0.0,0.0
u8_mem\[0\][4],0,-1,2,1.3203149358732456e-15,0.0,0.0,0.0
u8_mem\[0\][5],0,-1,2,1.377912646890946e-15,0.0,0.0,0.0
u8_mem\[0\][6],0,-1,2,1.3568944772168962e-15,0.0,0.0,0.0
u8_mem\[0\][7],0,-1,2,1.4079841164634866e-15,0.0,0.0,0.0
u8_mem\[0\][8],0,-1,2,1.3928154504440566e-15,0.0,0.0,0.0
u8_mem\[0\][9],0,-1,2,1.2866270591324028e-15,0.0,0.0,0.0
u8_mem\[1\][0],0,-1,2,1.2895585342837315e-15,0.0,0.0,0.0
u8_mem\[1\][10],0,-1,2,1.5269438587956039e-15,0.0,0.0,0.0
u8_mem\[1\][11],0,-1,2,1.5260749088708394e-15,0.0,0.0,0.0
u8_mem\[1\][12],0,-1,2,1.5062070099391609e-15,0.0,0.0,0.0
u8_mem\[1\][13],0,-1,2,1.171007379469546e-15,0.0,0.0,0.0
u8_mem\[1\][14],0,-1,2,1.3074047773285508e-15,0.0,0.0,0.0
u8_mem\[1\][15],0,-1,2,1.4810241910216985e-15,0.0,0.0,0.0
u8_mem\[1\][16],0,-1,2,1.302070904980572e-15,0.0,0.0,0.0
u8_mem\[1\][17],0,-1,2,1.5907116754384598e-15,0.0,0.0,0.0
u8_mem\[1\][18],0,-1,2,1.3259540577195911e-15,0.0,0.0,0.0
u8_mem\[1\][19],0,-1,2,1.4022137045103166e-15,0.0,0.0,0.0
u8_mem\[1\][1],0,-1,2,1.3712649205626574e-15,0.0,0.0,0.0
u8_mem\[1\][20],0,-1,2,1.1748014517985348e-15,0.0,0.0,0.0
u8_mem\[1\][21],0,-1,2,1.3790403653810967e-15,0.0,0.0,0.0
u8_mem\[1\][22],0,-1,2,1.1710421078203834e-15,0.0,0.0,0.0
u8_mem\[1\][23],0,-1,2,1.2618018998769185e-15,0.0,0.0,0.0
u8_mem\[1\][24],0,-1,2,1.3533091985094056e-15,0.0,0.0,0.0
u8_mem\[1\][25],0,-1,2,1.3222189600595549e-15,0.0,0.0,0.0
u8_mem\[1\][26],0,-1,2,1.3598510457192873e-15,0.0,0.0,0.0
u8_mem\[1\][27],0,-1,2,1.4110223177661693e-15,0.0,0.0,0.0
u8_mem\[1\][28],0,-1,2,1.4329067903870235e-15,0.0,0.0,0.0
u8_mem\[1\][29],0,-1,2,1.412230716144546e-15,0.0,0.0,0.0
u8_mem\[1\][2],0,-1,2,1.3112279664151015e-15,0.0,0.0,0.0
u8_mem\[1\][30],0,-1,2,1.224173943502804e-15,0.0,0.0,0.0
u8_mem\[1\][31],0,-1,2,1.3567238000780244e-15,0.0,0.0,0.0
u8_mem\[1\][3],0,-1,2,1.6087483950172929e-15,0.0,0.0,0.0
u8_mem\[1\][4],0,-1,2,1.4226212693085145e-15,0.0,0.0,0.0
u8_mem\[1\][5],0,-1,2,1.3632388598709493e-15,0.0,0.0,0.0
u8_mem\[1\][6],0,-1,2,1.3972461739120254e-15,0.0,0.0,0.0
u8_mem\[1\][7],0,-1,2,1.4844760620399966e-15,0.0,0.0,0.0
u8_mem\[1\][8],0,-1,2,1.4977679148065479e-15,0.0,0.0,0.0
u8_mem\[1\][9],0,-1,2,1.566502732652103e-15,0.0,0.0,0.0
u8_mem\[2\][0],0,-1,2,1.329768458839314e-15,0.0,0.0,0.0
u8_mem\[2\][10],0,-1,2,1.2856267132216955e-15,0.0,0.0,0.0
u8_mem\[2\][11],0,-1,2,1.443965758425494e-15,0.0,0.0,0.0
u8_mem\[2\][12],0,-1,2,1.412817392339638e-15,0.0,0.0,0.0
u8_mem\[2\][13],0,-1,2,1.4418176828712571e-15,0.0,0.0,0.0
u8_mem\[2\][14],0,-1,2,1.2117099595630753e-15,0.0,0.0,0.0
u8_mem\[2\][15],0,-1,2,1.552716424402592e-15,0.0,0.0,0.0
u8_mem\[2\][16],0,-1,2,1.3548089762216377e-15,0.0,0.0,0.0
u8_mem\[2\][17],0,-1,2,1.50935045508554e-15,0.0,0.0,0.0
u8_mem\[2\][18],0,-1,2,1.592130773262466e-15,0.0,0.0,0.0
u8_mem\[2\][19],0,-1,2,1.6269096284393723e-15,0.0,0.0,0.0
u8_mem\[2\][1],0,-1,2,1.4608824886898201e-15,0.0,0.0,0.0
u8_mem\[2\][20],0,-1,2,1.1188179738200643e-15,0.0,0.0,0.0
u8_mem\[2\][21],0,-1,2,1.2763232209664094e-15,0.0,0.0,0.0
u8_mem\[2\][22],0,-1,2,1.2113417119892565e-15,0.0,0.0,0.0
u8_mem\[2\][23],0,-1,2,1.169931647626533e-15,0.0,0.0,0.0
u8_mem\[2\][24],0,-1,2,1.3798562698675394e-15,0.0,0.0,0.0
u8_mem\[2\][25],0,-1,2,1.0388999917301475e-15,0.0,0.0,0.0
u8_mem\[2\][26],0,-1,2,1.2052875439987564e-15,0.0,0.0,0.0
u8_mem\[2\][27],0,-1,2,1.201796815344003e-15,0.0,0.0,0.0
u8_mem\[2\][28],0,-1,2,1.2410313814608222e-15,0.0,0.0,0.0
u8_mem\[2\][29],0,-1,2,1.3121892429311167e-15,0.0,0.0,0.0
u8_mem\[2\][2],0,-1,2,1.3216689180394316e-15,0.0,0.0,0.0
u8_mem\[2\][30],0,-1,2,1.3633237749239116e-15,0.0,0.0,0.0
u8_mem\[2\][31],0,-1,2,1.2283161463731143e-15,0.0,0.0,0.0
u8_mem\[2\][3],0,-1,2,1.329935006692568e-15,0.0,0.0,0.0
u8_mem\[2\][4],0,-1,2,1.562596428457603e-15,0.0,0.0,0.0
u8_mem\[2\][5],0,-1,2,1.6982016387526882e-15,0.0,0.0,0.0
u8_mem\[2\][6],0,-1,2,1.499683585695882e-15,0.0,0.0,0.0
u8_mem\[2\][7],0,-1,2,1.6236110703845273e-15,0.0,0.0,0.0
u8_mem\[2\][8],0,-1,2,1.4208730991845e-15,0.0,0.0,0.0
u8_mem\[2\][9],0,-1,2,1.5176082851674406e-15,0.0,0.0,0.0
u8_mem\[3\][0],0,-1,2,1.4660661185687796e-15,0.0,0.0,0.0
u8_mem\[3\][10],0,-1,2,1.1341788104394027e-15,0.0,0.0,0.0
u8_mem\[3\][11],0,-1,2,1.3964404338209497e-15,0.0,0.0,0.0
u8_mem\[3\][12],0,-1,2,1.2284293311506911e-15,0.0,0.0,0.0
u8_mem\[3\][13],0,-1,2,1.1652917070205924e-15,0.0,0.0,0.0
u8_mem\[3\][14],0,-1,2,1.3889219576228838e-15,0.0,0.0,0.0
u8_mem\[3\][15],0,-1,2,1.5663584194137146e-15,0.0,0.0,0.0
u8_mem\[3\][16],0,-1,2,1.402851732077836e-15,0.0,0.0,0.0
u8_mem\[3\][17],0,-1,2,1.4088774185854846e-15,0.0,0.0,0.0
u8_mem\[3\][18],0,-1,2,1.5958192841104032e-15,0.0,0.0,0.0
u8_mem\[3\][19],0,-1,2,1.464592492998794e-15,0.0,0.0,0.0
u8_mem\[3\][1],0,-1,2,1.3698840451003961e-15,0.0,0.0,0.0
u8_mem\[3\][20],0,-1,2,1.279716646711347e-15,0.0,0.0,0.0
u8_mem\[3\][21],0,-1,2,1.222790315183464e-15,0.0,0.0,0.0
u8_mem\[3\][22],0,-1,2,1.341226273516823e-15,0.0,0.0,0.0
u8_mem\[3\][23],0,-1,2,1.2158849849600918e-15,0.0,0.0,0.0
u8_mem\[3\][24],0,-1,2,1.2904755533282527e-15,0.0,0.0,0.0
u8_mem\[3\][25],0,-1,2,1.2818829334739499e-15,0.0,0.0,0.0
u8_mem\[3\][26],0,-1,2,1.2440328427094178e-15,0.0,0.0,0.0
u8_mem\[3\][27],0,-1,2,1.1300278196022646e-15,0.0,0.0,0.0
u8_mem\[3\][28],0,-1,2,1.2593852089992836e-15,0.0,0.0,0.0
u8_mem\[3\][29],0,-1,2,1.3101355056713802e-15,0.0,0.0,0.0
u8_mem\[3\][2],0,-1,2,1.2581417646327143e-15,0.0,0.0,0.0
u8_mem\[3\][30],0,-1,2,1.3132235760388326e-15,0.0,0.0,0.0
u8_mem\[3\][31],0,-1,2,1.154375675791971e-15,0.0,0.0,0.0
u8_mem\[3\][3],0,-1,2,1.452223694386513e-15,0.0,0.0,0.0
u8_mem\[3\][4],0,-1,2,1.332129986696259e-15,0.0,0.0,0.0
u8_mem\[3\][5],0,-1,2,1.5243410324278098e-15,0.0,0.0,0.0
u8_mem\[3\][6],0,-1,2,1.5121172882077462e-15,0.0,0.0,0.0
u8_mem\[3\][7],0,-1,2,1.4520240063691978e-15,0.0,0.0,0.0
u8_mem\[3\][8],0,-1,2,1.503103692978658e-15,0.0,0.0,0.0
u8_mem\[3\][9],0,-1,2,1.4425004973058625e-15,0.0,0.0,0.0
u8_rp[0],0,-1,6,4.9017042798283304e-15,0.0,0.0,0.0
u8_rp[1],0,-1,5,6.7020037760321446e-15,0.0,0.0,0.0
u8_rp[2],0,-1,4,5.791300632682159e-15,0.0,0.0,0.0
u8_rp[3],0,-1,4,3.533695459794037e-15,0.0,0.0,0.0
u8_wp[0],0,-1,7,6.998817249760734e-15,0.0,0.0,0.0
u8_wp[1],0,-1,2,1.585243230730986e-15,0.0,0.0,0.0
u8_wp[2],0,-1,5,3.665752766710429e-15,0.0,0.0,0.0
u9_din_tmp1[0],0,-1,2,1.1381662180386023e-15,0.0,0.0,0.0
u9_din_tmp1[10],0,-1,2,1.2274234795258267e-15,0.0,0.0,0.0
u9_din_tmp1[11],0,-1,2,1.037076329794709e-15,0.0,0.0,0.0
u9_din_tmp1[12],0,-1,2,1.1734424933137837e-15,0.0,0.0,0.0
u9_din_tmp1[13],0,-1,2,1.1289371588035562e-15,0.0,0.0,0.0
u9_din_tmp1[14],0,-1,2,1.0854369347643644e-15,0.0,0.0,0.0
u9_din_tmp1[15],0,-1,2,1.2349446027018528e-15,0.0,0.0,0.0
u9_din_tmp1[1],0,-1,2,1.1719996785672544e-15,0.0,0.0,0.0
u9_din_tmp1[2],0,-1,2,1.0470801065391375e-15,0.0,0.0,0.0
u9_din_tmp1[3],0,-1,2,1.11958051523083e-15,0.0,0.0,0.0
u9_din_tmp1[4],0,-1,2,1.1421843305821399e-15,0.0,0.0,0.0
u9_din_tmp1[5],0,-1,2,1.2000804089555106e-15,0.0,0.0,0.0
u9_din_tmp1[6],0,-1,2,1.2617855944926839e-15,0.0,0.0,0.0
u9_din_tmp1[7],0,-1,2,1.1074530151293982e-15,0.0,0.0,0.0
u9_din_tmp1[8],0,-1,2,1.1855948750080412e-15,0.0,0.0,0.0
u9_din_tmp1[9],0,-1,2,1.1551941213772555e-15,0.0,0.0,0.0
u9_mem\[0\][0],0,-1,2,1.4165997120864837e-15,0.0,0.0,0.0
u9_mem\[0\][10],0,-1,2,1.2624453272794766e-15,0.0,0.0,0.0
u9_mem\[0\][11],0,-1,2,1.4252273779289792e-15,0.0,0.0,0.0
u9_mem\[0\][12],0,-1,2,1.4631649248453152e-15,0.0,0.0,0.0
u9_mem\[0\][13],0,-1,2,1.2889525880890895e-15,0.0,0.0,0.0
u9_mem\[0\][14],0,-1,2,1.108385810162562e-15,0.0,0.0,0.0
u9_mem\[0\][15],0,-1,2,1.3265452867167746e-15,0.0,0.0,0.0
u9_mem\[0\][16],0,-1,2,1.523255453826785e-15,0.0,0.0,0.0
u9_mem\[0\][17],0,-1,2,1.5563413019003668e-15,0.0,0.0,0.0
u9_mem\[0\][18],0,-1,2,1.4704856188501973e-15,0.0,0.0,0.0
u9_mem\[0\][19],0,-1,2,1.3673935564772316e-15,0.0,0.0,0.0
u9_mem\[0\][1],0,-1,2,1.4525583782797969e-15,0.0,0.0,0.0
u9_mem\[0\][20],0,-1,2,1.4534981613347755e-15,0.0,0.0,0.0
u9_mem\[0\][21],0,-1,2,1.5563414077794852e-15,0.0,0.0,0.0
u9_mem\[0\][22],0,-1,2,1.3870535088203592e-15,0.0,0.0,0.0
u9_mem\[0\][23],0,-1,2,1.4598084509127016e-15,0.0,0.0,0.0
u9_mem\[0\][24],0,-1,2,1.429734122603964e-15,0.0,0.0,0.0
u9_mem\[0\][25],0,-1,2,1.323726784584786e-15,0.0,0.0,0.0
u9_mem\[0\][26],0,-1,2,1.4780677283984258e-15,0.0,0.0,0.0
u9_mem\[0\][27],0,-1,2,1.5563413019003668e-15,0.0,0.0,0.0
u9_mem\[0\][28],0,-1,2,1.4190513430731929e-15,0.0,0.0,0.0
u9_mem\[0\][29],0,-1,2,1.4901511827866004e-15,0.0,0.0,0.0
u9_mem\[0\][2],0,-1,2,1.4176507740949079e-15,0.0,0.0,0.0
u9_mem\[0\][30],0,-1,2,1.4475907418023872e-15,0.0,0.0,0.0
u9_mem\[0\][31],0,-1,2,1.457257505312927e-15,0.0,0.0,0.0
u9_mem\[0\][3],0,-1,2,1.4974011495403868e-15,0.0,0.0,0.0
u9_mem\[0\][4],0,-1,2,1.1374309934403855e-15,0.0,0.0,0.0
u9_mem\[0\][5],0,-1,2,1.3497723065590268e-15,0.0,0.0,0.0
u9_mem\[0\][6],0,-1,2,1.3297095900494799e-15,0.0,0.0,0.0
u9_mem\[0\][7],0,-1,2,1.2938771317653076e-15,0.0,0.0,0.0
u9_mem\[0\][8],0,-1,2,1.5595054993539537e-15,0.0,0.0,0.0
u9_mem\[0\][9],0,-1,2,1.1833479083572123e-15,0.0,0.0,0.0
u9_mem\[1\][0],0,-1,2,1.3418842063586027e-15,0.0,0.0,0.0
u9_mem\[1\][10],0,-1,2,1.3725533635545496e-15,0.0,0.0,0.0
u9_mem\[1\][11],0,-1,2,9.667500429203814e-16,0.0,0.0,0.0
u9_mem\[1\][12],0,-1,2,1.1425678247490093e-15,0.0,0.0,0.0
u9_mem\[1\][13],0,-1,2,1.1802185451335813e-15,0.0,0.0,0.0
u9_mem\[1\][14],0,-1,2,1.170225250421875e-15,0.0,0.0,0.0
u9_mem\[1\][15],0,-1,2,1.3218031727615714e-15,0.0,0.0,0.0
u9_mem\[1\][16],0,-1,2,1.2493027640698789e-15,0.0,0.0,0.0
u9_mem\[1\][17],0,-1,2,1.279376986499498e-15,0.0,0.0,0.0
u9_mem\[1\][18],0,-1,2,1.1682097355238835e-15,0.0,0.0,0.0
u9_mem\[1\][19],0,-1,2,1.3048864424972453e-15,0.0,0.0,0.0
u9_mem\[1\][1],0,-1,2,1.2191008514234611e-15,0.0,0.0,0.0
u9_mem\[1\][20],0,-1,2,1.238293453337941e-15,0.0,0.0,0.0
u9_mem\[1\][21],0,-1,2,1.3000530607419755e-15,0.0,0.0,0.0
u9_mem\[1\][22],0,-1,2,1.1657930446462485e-15,0.0,0.0,0.0
u9_mem\[1\][23],0,-1,2,1.2262101048288849e-15,0.0,0.0,0.0
u9_mem\[1\][24],0,-1,2,1.2952196789867056e-15,0.0,0.0,0.0
u9_mem\[1\][25],0,-1,2,1.2928029881090707e-15,0.0,0.0,0.0
u9_mem\[1\][26],0,-1,2,1.1771288865793528e-15,0.0,0.0,0.0
u9_mem\[1\][27],0,-1,2,1.2935504946850226e-15,0.0,0.0,0.0
u9_mem\[1\][28],0,-1,2,1.1537096961371923e-15,0.0,0.0,0.0
u9_mem\[1\][29],0,-1,2,1.3218031727615714e-15,0.0,0.0,0.0
u9_mem\[1\][2],0,-1,2,1.242052691436974e-15,0.0,0.0,0.0
u9_mem\[1\][30],0,-1,2,1.3287266083141912e-15,0.0,0.0,0.0
u9_mem\[1\][31],0,-1,2,1.2517194549475138e-15,0.0,0.0,0.0
u9_mem\[1\][3],0,-1,2,1.302469645740492e-15,0.0,0.0,0.0
u9_mem\[1\][4],0,-1,2,1.0079593604746056e-15,0.0,0.0,0.0
u9_mem\[1\][5],0,-1,2,1.2333855326833129e-15,0.0,0.0,0.0
u9_mem\[1\][6],0,-1,2,1.2758116130662678e-15,0.0,0.0,0.0
u9_mem\[1\][7],0,-1,2,1.063543038901972e-15,0.0,0.0,0.0
u9_mem\[1\][8],0,-1,2,1.0513869514385704e-15,0.0,0.0,0.0
u9_mem\[1\][9],0,-1,2,9.933866880126874e-16,0.0,0.0,0.0
u9_mem\[2\][0],0,-1,2,1.3653528423490592e-15,0.0,0.0,0.0
u9_mem\[2\][10],0,-1,2,1.2070847361545932e-15,0.0,0.0,0.0
u9_mem\[2\][11],0,-1,2,1.3617522111693996e-15,0.0,0.0,0.0
u9_mem\[2\][12],0,-1,2,1.366259061723503e-15,0.0,0.0,0.0
u9_mem\[2\][13],0,-1,2,1.3489146856999318e-15,0.0,0.0,0.0
u9_mem\[2\][14],0,-1,2,1.2495733910965266e-15,0.0,0.0,0.0
u9_mem\[2\][15],0,-1,2,1.3324254953157324e-15,0.0,0.0,0.0
u9_mem\[2\][16],0,-1,2,1.5256013115742058e-15,0.0,0.0,0.0
u9_mem\[2\][17],0,-1,2,1.6426180662044401e-15,0.0,0.0,0.0
u9_mem\[2\][18],0,-1,2,1.5176982824180864e-15,0.0,0.0,0.0
u9_mem\[2\][19],0,-1,2,1.2393461035331414e-15,0.0,0.0,0.0
u9_mem\[2\][1],0,-1,2,1.5446082015150003e-15,0.0,0.0,0.0
u9_mem\[2\][20],0,-1,2,1.4845177784126489e-15,0.0,0.0,0.0
u9_mem\[2\][21],0,-1,2,1.6340253404710189e-15,0.0,0.0,0.0
u9_mem\[2\][22],0,-1,2,1.3173503205578556e-15,0.0,0.0,0.0
u9_mem\[2\][23],0,-1,2,1.4579342846377831e-15,0.0,0.0,0.0
u9_mem\[2\][24],0,-1,2,1.3757672183146693e-15,0.0,0.0,0.0
u9_mem\[2\][25],0,-1,2,1.516950669963016e-15,0.0,0.0,0.0
u9_mem\[2\][26],0,-1,2,1.4724343240244742e-15,0.0,0.0,0.0
u9_mem\[2\][27],0,-1,2,1.5076105435327613e-15,0.0,0.0,0.0
u9_mem\[2\][28],0,-1,2,1.483443634756412e-15,0.0,0.0,0.0
u9_mem\[2\][29],0,-1,2,1.4737769771249907e-15,0.0,0.0,0.0
u9_mem\[2\][2],0,-1,2,1.3567602224947564e-15,0.0,0.0,0.0
u9_mem\[2\][30],0,-1,2,1.5051938526551263e-15,0.0,0.0,0.0
u9_mem\[2\][31],0,-1,2,1.5462773858166833e-15,0.0,0.0,0.0
u9_mem\[2\][3],0,-1,2,1.350852802962368e-15,0.0,0.0,0.0
u9_mem\[2\][4],0,-1,2,1.2730275216477614e-15,0.0,0.0,0.0
u9_mem\[2\][5],0,-1,2,1.4097592857626948e-15,0.0,0.0,0.0
u9_mem\[2\][6],0,-1,2,1.5660892746947245e-15,0.0,0.0,0.0
u9_mem\[2\][7],0,-1,2,1.3574367900613758e-15,0.0,0.0,0.0
u9_mem\[2\][8],0,-1,2,1.3130920741737714e-15,0.0,0.0,0.0
u9_mem\[2\][9],0,-1,2,1.3786689414337257e-15,0.0,0.0,0.0
u9_mem\[3\][0],0,-1,2,1.3701907769064206e-15,0.0,0.0,0.0
u9_mem\[3\][10],0,-1,2,1.19882309442443e-15,0.0,0.0,0.0
u9_mem\[3\][11],0,-1,2,1.3253478997667122e-15,0.0,0.0,0.0
u9_mem\[3\][12],0,-1,2,1.019567735258489e-15,0.0,0.0,0.0
u9_mem\[3\][13],0,-1,2,1.351931393541578e-15,0.0,0.0,0.0
u9_mem\[3\][14],0,-1,2,1.220573206444026e-15,0.0,0.0,0.0
u9_mem\[3\][15],0,-1,2,1.1367714724118297e-15,0.0,0.0,0.0
u9_mem\[3\][16],0,-1,2,1.2762667873962986e-15,0.0,0.0,0.0
u9_mem\[3\][17],0,-1,2,1.375350689862857e-15,0.0,0.0,0.0
u9_mem\[3\][18],0,-1,2,1.2794309848498855e-15,0.0,0.0,0.0
u9_mem\[3\][19],0,-1,2,1.4088576191903426e-15,0.0,0.0,0.0
u9_mem\[3\][1],0,-1,2,1.2651767967761349e-15,0.0,0.0,0.0
u9_mem\[3\][20],0,-1,2,1.258007404031456e-15,0.0,0.0,0.0
u9_mem\[3\][21],0,-1,2,1.3028502811711644e-15,0.0,0.0,0.0
u9_mem\[3\][22],0,-1,2,1.1927571738517867e-15,0.0,0.0,0.0
u9_mem\[3\][23],0,-1,2,1.1519192802449335e-15,0.0,0.0,0.0
u9_mem\[3\][24],0,-1,2,1.4232770845679261e-15,0.0,0.0,0.0
u9_mem\[3\][25],0,-1,2,1.296267141105104e-15,0.0,0.0,0.0
u9_mem\[3\][26],0,-1,2,1.3629407042735158e-15,0.0,0.0,0.0
u9_mem\[3\][27],0,-1,2,1.2445234865441149e-15,0.0,0.0,0.0
u9_mem\[3\][28],0,-1,2,1.3228505290008514e-15,0.0,0.0,0.0
u9_mem\[3\][29],0,-1,2,1.3701100970181946e-15,0.0,0.0,0.0
u9_mem\[3\][2],0,-1,2,1.3125169388025857e-15,0.0,0.0,0.0
u9_mem\[3\][30],0,-1,2,1.2882694560171289e-15,0.0,0.0,0.0
u9_mem\[3\][31],0,-1,2,1.3086770208153267e-15,0.0,0.0,0.0
u9_mem\[3\][3],0,-1,2,1.367774191907904e-15,0.0,0.0,0.0
u9_mem\[3\][4],0,-1,2,1.1352418367882068e-15,0.0,0.0,0.0
u9_mem\[3\][5],0,-1,2,1.1293924390127054e-15,0.0,0.0,0.0
u9_mem\[3\][6],0,-1,2,1.1159084156462458e-15,0.0,0.0,0.0
u9_mem\[3\][7],0,-1,2,1.185665602259137e-15,0.0,0.0,0.0
u9_mem\[3\][8],0,-1,2,1.1929156748920417e-15,0.0,0.0,0.0
u9_mem\[3\][9],0,-1,2,1.0783156111394423e-15,0.0,0.0,0.0
u9_rp[0],0,-1,5,6.008655216178244e-15,0.0,0.0,0.0
u9_rp[1],0,-1,4,4.643125026305853e-15,0.0,0.0,0.0
u9_rp[2],0,-1,2,2.4172124381721975e-15,0.0,0.0,0.0
u9_wp[0],0,-1,1,7.739584619826062e-16,0.0,0.0,0.0
u9_wp[1],0,-1,7,9.034719383759805e-15,0.0,0.0,0.0
u9_wp[2],0,-1,3,2.491274034464798e-15,0.0,0.0,0.0
u9_wp[3],0,-1,3,2.52265660516057e-15,0.0,0.0,0.0
valid,0,-1,1,3.4191321360955247e-16,0.0,0.0,0.0
valid_s,0,-1,1,1.3512167094923322e-15,0.0,0.0,0.0
valid_s1,0,-1,1,4.945850790006277e-16,0.0,0.0,0.0
wb_din[0],0,-1,1,2.788350300165273e-15,0.0,0.0,0.0
wb_din[1],0,-1,2,1.5779296306270372e-15,0.0,0.0,0.0
wb_din[29],0,-1,4,4.825285814359995e-15,0.0,0.0,0.0
wb_din[30],0,-1,4,5.317884601099311e-15,0.0,0.0,0.0
