port_name,net_name,dir,is_startpoint,is_endpoint,x0,y0,x1,y1,tran,slack,rise_arr,fall_arr
axi_mst_req_o\[ar\]\[addr\][0],axi_mst_req_o\[ar\]\[addr\][0],OUTPUT,0,1,96612,390662,96636,390996,4.3820586048681776e-10,-4.267897324439218e-08,4.556397215083052e-08,4.553995580636183e-08
axi_mst_req_o\[ar\]\[addr\][10],axi_mst_req_o\[ar\]\[addr\][10],OUTPUT,0,1,0,96148,274,96180,1.0258548177599636e-10,-4.2864254368168986e-08,4.5749253274607327e-08,4.5603680831618476e-08
axi_mst_req_o\[ar\]\[addr\][11],axi_mst_req_o\[ar\]\[addr\][11],OUTPUT,0,1,96516,0,96540,334,2.2273162481045716e-10,-4.257911356830846e-08,4.54641124747468e-08,4.535975861585939e-08
axi_mst_req_o\[ar\]\[addr\][12],axi_mst_req_o\[ar\]\[addr\][12],OUTPUT,0,1,96516,390662,96540,390996,4.691437793802322e-10,-4.286409449605344e-08,4.560053312729906e-08,4.574909340249178e-08
axi_mst_req_o\[ar\]\[addr\][13],axi_mst_req_o\[ar\]\[addr\][13],OUTPUT,0,1,391202,96184,391536,96208,4.20149137703163e-10,-4.2673217848232525e-08,4.5558216754670866e-08,4.536445175062909e-08
axi_mst_req_o\[ar\]\[addr\][14],axi_mst_req_o\[ar\]\[addr\][14],OUTPUT,0,1,0,96184,334,96208,9.480650986493089e-11,-4.2519857856859744e-08,4.5404856763298085e-08,4.531047892442075e-08
axi_mst_req_o\[ar\]\[addr\][15],axi_mst_req_o\[ar\]\[addr\][15],OUTPUT,0,1,391262,96404,391536,96436,4.419118682097434e-10,-4.285104182599753e-08,4.558933852649716e-08,4.573604073243587e-08
axi_mst_req_o\[ar\]\[addr\][16],axi_mst_req_o\[ar\]\[addr\][16],OUTPUT,0,1,0,96404,274,96436,9.326831668099445e-11,-4.2522110277332104e-08,4.536398989785084e-08,4.5407109183770444e-08
axi_mst_req_o\[ar\]\[addr\][17],axi_mst_req_o\[ar\]\[addr\][17],OUTPUT,0,1,96468,0,96500,274,2.2037834057631045e-10,-4.2570622582616124e-08,4.542307863175665e-08,4.5455621489054465e-08
axi_mst_req_o\[ar\]\[addr\][18],axi_mst_req_o\[ar\]\[addr\][18],OUTPUT,0,1,96468,390722,96500,390996,4.1873532419245407e-10,-4.301192646494201e-08,4.589692537138035e-08,4.574502909804323e-08
axi_mst_req_o\[ar\]\[addr\][19],axi_mst_req_o\[ar\]\[addr\][19],OUTPUT,0,1,96212,0,96244,274,2.0944369849562605e-10,-4.291431920933064e-08,4.579931811576898e-08,4.564639866089237e-08
axi_mst_req_o\[ar\]\[addr\][1],axi_mst_req_o\[ar\]\[addr\][1],OUTPUT,0,1,96084,0,96116,274,1.9675658324835865e-10,-4.2528917276740685e-08,4.5413916183179026e-08,4.527763408646024e-08
axi_mst_req_o\[ar\]\[addr\][20],axi_mst_req_o\[ar\]\[addr\][20],OUTPUT,0,1,96212,390722,96244,390996,4.578649126507628e-10,-4.2876578731920745e-08,4.559554511729402e-08,4.5761577638359086e-08
axi_mst_req_o\[ar\]\[addr\][21],axi_mst_req_o\[ar\]\[addr\][21],OUTPUT,0,1,96228,0,96252,334,2.3812649074805847e-10,-4.258469488149785e-08,4.5469693787936194e-08,4.546306442421155e-08
axi_mst_req_o\[ar\]\[addr\][22],axi_mst_req_o\[ar\]\[addr\][22],OUTPUT,0,1,96228,390662,96252,390996,4.863092151197179e-10,-4.2656932208728904e-08,4.5541931115167245e-08,4.546132359450894e-08
axi_mst_req_o\[ar\]\[addr\][23],axi_mst_req_o\[ar\]\[addr\][23],OUTPUT,0,1,96420,0,96444,334,2.18903187243491e-10,-4.276398968272588e-08,4.5484974009468715e-08,4.564898858916422e-08
axi_mst_req_o\[ar\]\[addr\][24],axi_mst_req_o\[ar\]\[addr\][24],OUTPUT,0,1,96420,390662,96444,390996,4.200442493829115e-10,-4.2844416014986564e-08,4.558015120892378e-08,4.5729414921424905e-08
axi_mst_req_o\[ar\]\[addr\][25],axi_mst_req_o\[ar\]\[addr\][25],OUTPUT,0,1,391202,96344,391536,96368,4.580668899745177e-10,-4.266129494112647e-08,4.553152876951572e-08,4.554629384756481e-08
axi_mst_req_o\[ar\]\[addr\][26],axi_mst_req_o\[ar\]\[addr\][26],OUTPUT,0,1,0,96344,334,96368,1.0883518392068581e-10,-4.273868725590546e-08,4.5436340911919615e-08,4.56236861623438e-08
axi_mst_req_o\[ar\]\[addr\][27],axi_mst_req_o\[ar\]\[addr\][27],OUTPUT,0,1,391262,96276,391536,96308,4.2543132905414893e-10,-4.267010211833622e-08,4.555510102477456e-08,4.536123654474977e-08
axi_mst_req_o\[ar\]\[addr\][28],axi_mst_req_o\[ar\]\[addr\][28],OUTPUT,0,1,0,96276,274,96308,1.0322539351070859e-10,-4.25259152336821e-08,4.54076527489633e-08,4.541091414012044e-08
axi_mst_req_o\[ar\]\[addr\][29],axi_mst_req_o\[ar\]\[addr\][29],OUTPUT,0,1,96340,0,96372,274,2.0572553383058079e-10,-4.2912652986615285e-08,4.5797651893053626e-08,4.566157230101453e-08
axi_mst_req_o\[ar\]\[addr\][2],axi_mst_req_o\[ar\]\[addr\][2],OUTPUT,0,1,96084,390722,96116,390996,4.489578431243757e-10,-4.285747934318351e-08,4.5592368991265175e-08,4.5742478249621854e-08
axi_mst_req_o\[ar\]\[addr\][30],axi_mst_req_o\[ar\]\[addr\][30],OUTPUT,0,1,96324,0,96348,334,2.3175036889533374e-10,-4.2581962844678856e-08,4.5466961751117196e-08,4.5460978981282096e-08
axi_mst_req_o\[ar\]\[addr\][31],axi_mst_req_o\[ar\]\[addr\][31],OUTPUT,0,1,96340,390722,96372,390996,4.096086247962205e-10,-4.266813036224448e-08,4.5553129268682824e-08,4.5360874167954535e-08
axi_mst_req_o\[ar\]\[addr\][3],axi_mst_req_o\[ar\]\[addr\][3],OUTPUT,0,1,391202,96504,391536,96528,4.221680782734438e-10,-4.285730170749957e-08,4.5577237983707164e-08,4.5742300613937914e-08
axi_mst_req_o\[ar\]\[addr\][4],axi_mst_req_o\[ar\]\[addr\][4],OUTPUT,0,1,391262,96532,391536,96564,4.2385966958491395e-10,-4.2628698793123476e-08,4.551369769956182e-08,4.5410398996637014e-08
axi_mst_req_o\[ar\]\[addr\][5],axi_mst_req_o\[ar\]\[addr\][5],OUTPUT,0,1,0,96504,334,96528,1.1060738436263762e-10,-4.2739323191653966e-08,4.543700882209123e-08,4.562432209809231e-08
axi_mst_req_o\[ar\]\[addr\][6],axi_mst_req_o\[ar\]\[addr\][6],OUTPUT,0,1,0,96532,274,96564,9.767183589692863e-11,-4.2523708998487564e-08,4.536569164770299e-08,4.5408707904925905e-08
axi_mst_req_o\[ar\]\[addr\][7],axi_mst_req_o\[ar\]\[addr\][7],OUTPUT,0,1,96132,0,96156,334,1.9613129176310196e-10,-4.2529002541868977e-08,4.541400144830732e-08,4.527742802906687e-08
axi_mst_req_o\[ar\]\[addr\][8],axi_mst_req_o\[ar\]\[addr\][8],OUTPUT,0,1,96132,390662,96156,390996,4.333306768966594e-10,-4.286489740934485e-08,4.5584965135958555e-08,4.574989631578319e-08
axi_mst_req_o\[ar\]\[addr\][9],axi_mst_req_o\[ar\]\[addr\][9],OUTPUT,0,1,391262,96148,391536,96180,4.222511507112614e-10,-4.2670624367247e-08,4.555562327368534e-08,4.5361431944002106e-08
axi_mst_req_o\[ar\]\[burst\][0],axi_mst_req_o\[ar\]\[burst\][0],OUTPUT,0,1,96612,0,96636,334,2.0152902957537577e-10,-4.275774401207855e-08,4.547793608367101e-08,4.564274291851689e-08
axi_mst_req_o\[ar\]\[cache\][1],axi_mst_req_o\[ar\]\[cache\][1],OUTPUT,0,1,96036,0,96060,334,2.423183875777113e-10,-4.277366372207325e-08,4.5495987421872996e-08,4.565866262851159e-08
axi_mst_req_o\[ar\]\[id\][1],axi_mst_req_o\[ar\]\[id\][1],OUTPUT,0,1,0,96024,334,96048,9.950066465203022e-11,-4.252354557365834e-08,4.5406341797615823e-08,4.540854448009668e-08
axi_mst_req_o\[ar\]\[len\][0],axi_mst_req_o\[ar\]\[len\][0],OUTPUT,0,1,96724,390722,96756,390996,4.905568729007825e-10,-4.302592415683648e-08,4.591092306327482e-08,4.5744577903406025e-08
axi_mst_req_o\[ar\]\[size\][1],axi_mst_req_o\[ar\]\[size\][1],OUTPUT,0,1,95844,0,95868,334,1.8983457861221353e-10,-4.276961007576574e-08,4.54719888409727e-08,4.565460898220408e-08
axi_mst_req_o\[ar\]\[size\][2],axi_mst_req_o\[ar\]\[size\][2],OUTPUT,0,1,95844,390662,95868,390996,4.296897559985524e-10,-4.3016342488044756e-08,4.59013413944831e-08,4.57487381311239e-08
axi_mst_req_o\[ar_valid\],axi_mst_req_o\[ar_valid\],OUTPUT,0,1,106068,390722,106100,390996,1.2165355389726074e-09,-4.275088372196478e-08,4.4998518688998956e-08,4.5635882628403124e-08
axi_mst_req_o\[aw\]\[addr\][10],axi_mst_req_o\[aw\]\[addr\][10],OUTPUT,0,1,0,96916,274,96948,7.284883807301412e-11,-4.6319883040268905e-08,4.9204881946707246e-08,4.896265437537295e-08
axi_mst_req_o\[aw\]\[addr\][11],axi_mst_req_o\[aw\]\[addr\][11],OUTPUT,0,1,96980,0,97012,274,1.6872349350993687e-10,-4.605196224360952e-08,4.881053428107407e-08,4.8936961150047864e-08
axi_mst_req_o\[aw\]\[addr\][12],axi_mst_req_o\[aw\]\[addr\][12],OUTPUT,0,1,96996,0,97020,334,1.6892914844746088e-10,-4.5888494781820555e-08,4.8773493688258895e-08,4.8652182726982574e-08
axi_mst_req_o\[aw\]\[addr\][13],axi_mst_req_o\[aw\]\[addr\][13],OUTPUT,0,1,96980,390722,97012,390996,4.565941236212012e-10,-4.649787399557681e-08,4.938287290201515e-08,4.9092779619286375e-08
axi_mst_req_o\[aw\]\[addr\][14],axi_mst_req_o\[aw\]\[addr\][14],OUTPUT,0,1,96996,390662,97020,390996,4.96829466456461e-10,-4.6555616250998355e-08,4.9440615157436696e-08,4.9131102741739596e-08
axi_mst_req_o\[aw\]\[addr\][15],axi_mst_req_o\[aw\]\[addr\][15],OUTPUT,0,1,95700,0,95732,274,1.6379284040191067e-10,-4.605135472957045e-08,4.877159298644074e-08,4.893635363600879e-08
axi_mst_req_o\[aw\]\[addr\][16],axi_mst_req_o\[aw\]\[addr\][16],OUTPUT,0,1,391202,95704,391536,95728,4.5492515310385784e-10,-4.601396952352843e-08,4.889896842996677e-08,4.875849768382068e-08
axi_mst_req_o\[aw\]\[addr\][17],axi_mst_req_o\[aw\]\[addr\][17],OUTPUT,0,1,95700,390722,95732,390996,4.65780525260584e-10,-4.6027199829268284e-08,4.8912198735706625e-08,4.8770090188554605e-08
axi_mst_req_o\[aw\]\[addr\][18],axi_mst_req_o\[aw\]\[addr\][18],OUTPUT,0,1,0,95704,334,95728,7.072222668602635e-11,-4.631913697039636e-08,4.92041358768347e-08,4.8962434107124864e-08
axi_mst_req_o\[aw\]\[addr\][19],axi_mst_req_o\[aw\]\[addr\][19],OUTPUT,0,1,95748,0,95772,334,1.7712611932729772e-10,-4.589169932955883e-08,4.8776698235997173e-08,4.8655319773160954e-08
axi_mst_req_o\[aw\]\[addr\][20],axi_mst_req_o\[aw\]\[addr\][20],OUTPUT,0,1,95748,390662,95772,390996,4.767994332688374e-10,-4.617053406263949e-08,4.8911331873569e-08,4.905553296907783e-08
axi_mst_req_o\[aw\]\[addr\][21],axi_mst_req_o\[aw\]\[addr\][21],OUTPUT,0,1,391262,95764,391536,95796,4.5982470608940673e-10,-4.615833404386649e-08,4.889643179240011e-08,4.904333295030483e-08
axi_mst_req_o\[aw\]\[addr\][22],axi_mst_req_o\[aw\]\[addr\][22],OUTPUT,0,1,0,95764,274,95796,6.983016942463394e-11,-4.631824879197666e-08,4.9203247698415e-08,4.896164540468817e-08
axi_mst_req_o\[aw\]\[addr\][23],axi_mst_req_o\[aw\]\[addr\][23],OUTPUT,0,1,96900,0,96924,334,1.618360306876454e-10,-4.605022141390691e-08,4.876975268075512e-08,4.893522032034525e-08
axi_mst_req_o\[aw\]\[addr\][24],axi_mst_req_o\[aw\]\[addr\][24],OUTPUT,0,1,96900,390662,96924,390996,4.397573416525802e-10,-4.616171622728871e-08,4.893898974955846e-08,4.904671513372705e-08
axi_mst_req_o\[aw\]\[addr\][25],axi_mst_req_o\[aw\]\[addr\][25],OUTPUT,0,1,391202,96824,391536,96848,4.767207184563915e-10,-4.650388163440766e-08,4.9388880540846e-08,4.911488815650955e-08
axi_mst_req_o\[aw\]\[addr\][26],axi_mst_req_o\[aw\]\[addr\][26],OUTPUT,0,1,0,96824,334,96848,7.080813713145062e-11,-4.631933592236237e-08,4.920433482880071e-08,4.894292615631457e-08
axi_mst_req_o\[aw\]\[addr\][27],axi_mst_req_o\[aw\]\[addr\][27],OUTPUT,0,1,391262,96788,391536,96820,4.162364619642034e-10,-4.6481126503294945e-08,4.9366125409733286e-08,4.909355766358203e-08
axi_mst_req_o\[aw\]\[addr\][28],axi_mst_req_o\[aw\]\[addr\][28],OUTPUT,0,1,0,96788,274,96820,7.198915769057734e-11,-4.5880792498564915e-08,4.8765791405003256e-08,4.861566793579186e-08
axi_mst_req_o\[aw\]\[addr\][29],axi_mst_req_o\[aw\]\[addr\][29],OUTPUT,0,1,96852,0,96884,274,1.676038474673902e-10,-4.636725137174835e-08,4.9252250278186693e-08,4.898267391695299e-08
axi_mst_req_o\[aw\]\[addr\][2],axi_mst_req_o\[aw\]\[addr\][2],OUTPUT,0,1,97092,390662,97116,390996,5.010872827782009e-10,-4.6515843621364183e-08,4.9400842527802524e-08,4.912602946660627e-08
axi_mst_req_o\[aw\]\[addr\][30],axi_mst_req_o\[aw\]\[addr\][30],OUTPUT,0,1,96852,390722,96884,390996,5.338873787508192e-10,-4.6568711553618414e-08,4.9453710460056755e-08,4.914350526519229e-08
axi_mst_req_o\[aw\]\[addr\][31],axi_mst_req_o\[aw\]\[addr\][31],OUTPUT,0,1,95828,0,95860,274,1.519594589050044e-10,-4.635842998368389e-08,4.924342889012223e-08,4.898990368928935e-08
axi_mst_req_o\[aw\]\[addr\][3],axi_mst_req_o\[aw\]\[addr\][3],OUTPUT,0,1,391202,96984,391536,97008,4.841920198117577e-10,-4.650653195881205e-08,4.939153086525039e-08,4.909975004352418e-08
axi_mst_req_o\[aw\]\[addr\][4],axi_mst_req_o\[aw\]\[addr\][4],OUTPUT,0,1,0,96984,334,97008,9.82027931195617e-11,-4.585785973176826e-08,4.87428586382066e-08,4.862802072125305e-08
axi_mst_req_o\[aw\]\[addr\][5],axi_mst_req_o\[aw\]\[addr\][5],OUTPUT,0,1,391262,95636,391536,95668,4.725850821785116e-10,-4.616280335767442e-08,4.890368643373222e-08,4.904780226411276e-08
axi_mst_req_o\[aw\]\[addr\][6],axi_mst_req_o\[aw\]\[addr\][6],OUTPUT,0,1,0,95636,274,95668,7.620269693031645e-11,-4.6362178096615025e-08,4.9247177003053366e-08,4.894535976518455e-08
axi_mst_req_o\[aw\]\[addr\][7],axi_mst_req_o\[aw\]\[addr\][7],OUTPUT,0,1,95652,0,95676,334,1.6584471296265946e-10,-4.63655673854646e-08,4.925056629190294e-08,4.8981593891994635e-08
axi_mst_req_o\[aw\]\[addr\][8],axi_mst_req_o\[aw\]\[addr\][8],OUTPUT,0,1,95652,390662,95676,390996,4.838400236018003e-10,-4.6171944489969974e-08,4.8910482774999764e-08,4.9056943396408315e-08
axi_mst_req_o\[aw\]\[addr\][9],axi_mst_req_o\[aw\]\[addr\][9],OUTPUT,0,1,391262,96916,391536,96948,5.042669060095761e-10,-4.654799212744365e-08,4.943299103388199e-08,4.912092776976351e-08
axi_mst_req_o\[aw\]\[atop\][0],axi_mst_req_o\[aw\]\[atop\][0],OUTPUT,0,1,0,97044,274,97076,7.57428147979411e-11,-4.6017390786801116e-08,4.876813974874494e-08,4.8902389693239456e-08
axi_mst_req_o\[aw\]\[atop\][1],axi_mst_req_o\[aw\]\[atop\][1],OUTPUT,0,1,97108,0,97140,274,1.633583129878602e-10,-4.5885446553484144e-08,4.8770445459922485e-08,4.865047031898939e-08
axi_mst_req_o\[aw\]\[atop\][2],axi_mst_req_o\[aw\]\[atop\][2],OUTPUT,0,1,97108,390722,97140,390996,4.345150905749051e-10,-4.615969473320547e-08,4.893665206395781e-08,4.904469363964381e-08
axi_mst_req_o\[aw\]\[atop\][4],axi_mst_req_o\[aw\]\[atop\][4],OUTPUT,0,1,95556,0,95580,334,1.6780798972604316e-10,-4.5925283131964534e-08,4.8810282038402875e-08,4.8653099327111704e-08
axi_mst_req_o\[aw\]\[atop\][5],axi_mst_req_o\[aw\]\[atop\][5],OUTPUT,0,1,95572,390722,95604,390996,4.4015863176483094e-10,-4.64955292045488e-08,4.938052811098714e-08,4.9090324694134324e-08
axi_mst_req_o\[aw\]\[burst\][0],axi_mst_req_o\[aw\]\[burst\][0],OUTPUT,0,1,0,95544,334,95568,9.152782698418349e-11,-4.632978445329172e-08,4.921478335973006e-08,4.895184346764836e-08
axi_mst_req_o\[aw\]\[cache\][1],axi_mst_req_o\[aw\]\[cache\][1],OUTPUT,0,1,391262,95508,391536,95540,5.740121711284019e-10,-4.652995855281006e-08,4.94149574592484e-08,4.9124793122246047e-08
axi_mst_req_o\[aw\]\[id\][1],axi_mst_req_o\[aw\]\[id\][1],OUTPUT,0,1,97188,0,97212,334,1.656490916657205e-10,-4.605141512570299e-08,4.880912030102991e-08,4.893641403214133e-08
axi_mst_req_o\[aw\]\[size\][1],axi_mst_req_o\[aw\]\[size\][1],OUTPUT,0,1,97364,390722,97396,390996,5.209785380877463e-10,-4.608624237789627e-08,4.897124128433461e-08,4.879279202896214e-08
axi_mst_req_o\[aw_valid\],axi_mst_req_o\[aw_valid\],OUTPUT,0,1,106116,0,106140,334,1.1127809784738929e-10,-4.608813597428707e-08,4.8225619053710034e-08,4.897313488072541e-08
axi_mst_req_o\[r_ready\],axi_mst_req_o\[r_ready\],OUTPUT,0,1,86612,0,86644,274,2.365981577323595e-10,-5.4317336406484173e-08,5.7202335312922514e-08,5.6203930398623925e-08
axi_mst_req_o\[w\]\[data\][0],axi_mst_req_o\[w\]\[data\][0],OUTPUT,0,1,94308,390662,94332,390996,4.764642569377031e-10,-4.675787224073247e-08,4.964287114717081e-08,4.8963613608066225e-08
axi_mst_req_o\[w\]\[data\][100],axi_mst_req_o\[w\]\[data\][100],OUTPUT,0,1,95076,390662,95100,390996,4.710012935227326e-10,-4.6485006066632195e-08,4.9370004973070536e-08,4.9017639724979745e-08
axi_mst_req_o\[w\]\[data\][101],axi_mst_req_o\[w\]\[data\][101],OUTPUT,0,1,97572,0,97596,334,1.5554316168397975e-10,-4.586807733630849e-08,4.875307624274683e-08,4.865841773948887e-08
axi_mst_req_o\[w\]\[data\][102],axi_mst_req_o\[w\]\[data\][102],OUTPUT,0,1,97572,390662,97596,390996,4.69716210371729e-10,-4.6010288912157193e-08,4.8895287818595534e-08,4.8779799755038766e-08
axi_mst_req_o\[w\]\[data\][103],axi_mst_req_o\[w\]\[data\][103],OUTPUT,0,1,391262,95124,391536,95156,3.9247927130503513e-10,-4.672282116757742e-08,4.960782007401576e-08,4.9199496032770185e-08
axi_mst_req_o\[w\]\[data\][104],axi_mst_req_o\[w\]\[data\][104],OUTPUT,0,1,0,95124,274,95156,9.928511485179925e-11,-4.597651326321284e-08,4.87430256157495e-08,4.886151216965118e-08
axi_mst_req_o\[w\]\[data\][105],axi_mst_req_o\[w\]\[data\][105],OUTPUT,0,1,391202,97464,391536,97488,3.9041289645602717e-10,-4.632905259427389e-08,4.88736411341506e-08,4.921405150071223e-08
axi_mst_req_o\[w\]\[data\][106],axi_mst_req_o\[w\]\[data\][106],OUTPUT,0,1,0,97464,334,97488,9.559261715530454e-11,-4.583365864618827e-08,4.871865755262661e-08,4.863768054974571e-08
axi_mst_req_o\[w\]\[data\][107],axi_mst_req_o\[w\]\[data\][107],OUTPUT,0,1,391262,97428,391536,97460,3.680455107346603e-10,-4.634598838038073e-08,4.923098728681907e-08,4.914460305371904e-08
axi_mst_req_o\[w\]\[data\][108],axi_mst_req_o\[w\]\[data\][108],OUTPUT,0,1,0,97428,274,97460,8.888915298266298e-11,-4.657922758610766e-08,4.9464226492546004e-08,4.8826329646090016e-08
axi_mst_req_o\[w\]\[data\][109],axi_mst_req_o\[w\]\[data\][109],OUTPUT,0,1,97492,0,97524,274,1.4468956588409299e-10,-4.6296960931613285e-08,4.912265083589773e-08,4.9181959838051625e-08
axi_mst_req_o\[w\]\[data\][10],axi_mst_req_o\[w\]\[data\][10],OUTPUT,0,1,98260,390722,98292,390996,4.258198793571921e-10,-4.610558335116366e-08,4.889477622782579e-08,4.8990582257602e-08
axi_mst_req_o\[w\]\[data\][110],axi_mst_req_o\[w\]\[data\][110],OUTPUT,0,1,97492,390722,97524,390996,4.387137042538569e-10,-4.599732150722957e-08,4.888232041366791e-08,4.876552139876367e-08
axi_mst_req_o\[w\]\[data\][111],axi_mst_req_o\[w\]\[data\][111],OUTPUT,0,1,95188,0,95220,274,1.3997389358699763e-10,-4.6322284674715775e-08,4.876311265888944e-08,4.9207283581154115e-08
axi_mst_req_o\[w\]\[data\][112],axi_mst_req_o\[w\]\[data\][112],OUTPUT,0,1,95172,0,95196,334,1.5113600648763992e-10,-4.6385135732407434e-08,4.875352388467036e-08,4.9270134638845775e-08
axi_mst_req_o\[w\]\[data\][113],axi_mst_req_o\[w\]\[data\][113],OUTPUT,0,1,95188,390722,95220,390996,4.2321238180598186e-10,-4.6056552349682534e-08,4.892195804018229e-08,4.8941551256120874e-08
axi_mst_req_o\[w\]\[data\][114],axi_mst_req_o\[w\]\[data\][114],OUTPUT,0,1,95172,390662,95196,390996,4.1729858457628666e-10,-4.672955355999875e-08,4.961455246643709e-08,4.895379390745802e-08
axi_mst_req_o\[w\]\[data\][115],axi_mst_req_o\[w\]\[data\][115],OUTPUT,0,1,97476,0,97500,334,1.7260969042975915e-10,-4.661889718704515e-08,4.950389609348349e-08,4.882857496113502e-08
axi_mst_req_o\[w\]\[data\][116],axi_mst_req_o\[w\]\[data\][116],OUTPUT,0,1,97476,390662,97500,390996,4.363504835236398e-10,-4.605048431471914e-08,4.889811577868386e-08,4.893548322115748e-08
axi_mst_req_o\[w\]\[data\][117],axi_mst_req_o\[w\]\[data\][117],OUTPUT,0,1,391202,95224,391536,95248,4.57381521545841e-10,-4.600144976052434e-08,4.888644866696268e-08,4.876584469570844e-08
axi_mst_req_o\[w\]\[data\][118],axi_mst_req_o\[w\]\[data\][118],OUTPUT,0,1,0,95224,334,95248,8.982325994111306e-11,-4.631365513318997e-08,4.919865403962831e-08,4.8811582331609316e-08
axi_mst_req_o\[w\]\[data\][119],axi_mst_req_o\[w\]\[data\][119],OUTPUT,0,1,391262,95252,391536,95284,3.8766692633807054e-10,-4.634071260056771e-08,4.9225711507006054e-08,4.919104412692832e-08
axi_mst_req_o\[w\]\[data\][11],axi_mst_req_o\[w\]\[data\][11],OUTPUT,0,1,94420,0,94452,274,1.3815321109333922e-10,-4.590562951989341e-08,4.879062842633175e-08,4.8651138229161006e-08
axi_mst_req_o\[w\]\[data\][120],axi_mst_req_o\[w\]\[data\][120],OUTPUT,0,1,0,95252,274,95284,9.385423688224037e-11,-4.5856122454779324e-08,4.8741121361217665e-08,4.8635591554102575e-08
axi_mst_req_o\[w\]\[data\][121],axi_mst_req_o\[w\]\[data\][121],OUTPUT,0,1,95268,0,95292,334,1.208083771908619e-10,-4.633011485566385e-08,4.911698781029372e-08,4.921511376210219e-08
axi_mst_req_o\[w\]\[data\][122],axi_mst_req_o\[w\]\[data\][122],OUTPUT,0,1,95268,390662,95292,390996,4.2635994734752103e-10,-4.6372040429787376e-08,4.9257039336225716e-08,4.8931863005918785e-08
axi_mst_req_o\[w\]\[data\][123],axi_mst_req_o\[w\]\[data\][123],OUTPUT,0,1,391202,97304,391536,97328,4.106599504893893e-10,-4.6362803374222494e-08,4.9247802280660835e-08,4.903438011183425e-08
axi_mst_req_o\[w\]\[data\][124],axi_mst_req_o\[w\]\[data\][124],OUTPUT,0,1,391262,97300,391536,97332,4.330245051420434e-10,-4.6469104120205884e-08,4.9354103026644225e-08,4.892255489608033e-08
axi_mst_req_o\[w\]\[data\][125],axi_mst_req_o\[w\]\[data\][125],OUTPUT,0,1,0,97304,334,97328,9.759663910369198e-11,-4.621395177650811e-08,4.909895068294645e-08,4.879894532905382e-08
axi_mst_req_o\[w\]\[data\][126],axi_mst_req_o\[w\]\[data\][126],OUTPUT,0,1,0,97300,274,97332,9.92370838281964e-11,-4.6582712798226567e-08,4.946771170466491e-08,4.881397330791515e-08
axi_mst_req_o\[w\]\[data\][127],axi_mst_req_o\[w\]\[data\][127],OUTPUT,0,1,97364,0,97396,274,1.559915113746868e-10,-4.632772387935802e-08,4.913164985964613e-08,4.921272278579636e-08
axi_mst_req_o\[w\]\[data\][12],axi_mst_req_o\[w\]\[data\][12],OUTPUT,0,1,94404,0,94428,334,1.542049127278844e-10,-4.599953840056514e-08,4.875236214729739e-08,4.8884537307003484e-08
axi_mst_req_o\[w\]\[data\][13],axi_mst_req_o\[w\]\[data\][13],OUTPUT,0,1,391202,94424,391536,94448,4.082816307260373e-10,-4.6098577399789065e-08,4.8827374143911584e-08,4.8983576306227405e-08
axi_mst_req_o\[w\]\[data\][14],axi_mst_req_o\[w\]\[data\][14],OUTPUT,0,1,94420,390722,94452,390996,4.31689795021839e-10,-4.606005177265615e-08,4.883879256567525e-08,4.894505067909449e-08
axi_mst_req_o\[w\]\[data\][15],axi_mst_req_o\[w\]\[data\][15],OUTPUT,0,1,94404,390662,94428,390996,4.2203313066480064e-10,-4.636380168676624e-08,4.924880059320458e-08,4.892403282497071e-08
axi_mst_req_o\[w\]\[data\][16],axi_mst_req_o\[w\]\[data\][16],OUTPUT,0,1,0,94424,334,94448,1.1210401357208966e-10,-4.5983451713027534e-08,4.8692573528796856e-08,4.8868450619465875e-08
axi_mst_req_o\[w\]\[data\][17],axi_mst_req_o\[w\]\[data\][17],OUTPUT,0,1,98244,0,98268,334,1.6015710979644382e-10,-4.594110336597623e-08,4.8798437290997754e-08,4.882610227241457e-08
axi_mst_req_o\[w\]\[data\][18],axi_mst_req_o\[w\]\[data\][18],OUTPUT,0,1,98244,390662,98268,390996,4.778786810710756e-10,-4.639374395765117e-08,4.927874286408951e-08,4.894624083817689e-08
axi_mst_req_o\[w\]\[data\][19],axi_mst_req_o\[w\]\[data\][19],OUTPUT,0,1,391262,94484,391536,94516,4.5344994425988716e-10,-4.6371631867714314e-08,4.9256630774152654e-08,4.923593976968732e-08
axi_mst_req_o\[w\]\[data\][1],axi_mst_req_o\[w\]\[data\][1],OUTPUT,0,1,98340,0,98364,334,1.4817744253825538e-10,-4.623821325822064e-08,4.912321216465898e-08,4.891209570700994e-08
axi_mst_req_o\[w\]\[data\][20],axi_mst_req_o\[w\]\[data\][20],OUTPUT,0,1,0,94484,274,94516,1.0160031149730742e-10,-4.622420490818513e-08,4.910920381462347e-08,4.880052983935457e-08
axi_mst_req_o\[w\]\[data\][21],axi_mst_req_o\[w\]\[data\][21],OUTPUT,0,1,94500,0,94524,334,1.46793702193726e-10,-4.6309484247331056e-08,4.876599390968295e-08,4.91944831537694e-08
axi_mst_req_o\[w\]\[data\][22],axi_mst_req_o\[w\]\[data\][22],OUTPUT,0,1,94500,390662,94524,390996,4.3205497513021385e-10,-4.6044288382063314e-08,4.879358428411251e-08,4.8929287288501655e-08
axi_mst_req_o\[w\]\[data\][23],axi_mst_req_o\[w\]\[data\][23],OUTPUT,0,1,391202,98104,391536,98128,4.3735753907370167e-10,-4.6473747516984076e-08,4.935874642342242e-08,4.892583760351954e-08
axi_mst_req_o\[w\]\[data\][24],axi_mst_req_o\[w\]\[data\][24],OUTPUT,0,1,0,98104,334,98128,9.134303036173463e-11,-4.6211955151420625e-08,4.9096954057858966e-08,4.881133719436548e-08
axi_mst_req_o\[w\]\[data\][25],axi_mst_req_o\[w\]\[data\][25],OUTPUT,0,1,391262,98068,391536,98100,4.0902284337285266e-10,-4.635937500552245e-08,4.924437391196079e-08,4.907399642206656e-08
axi_mst_req_o\[w\]\[data\][26],axi_mst_req_o\[w\]\[data\][26],OUTPUT,0,1,0,98068,274,98100,9.759857505509117e-11,-4.592853031226696e-08,4.863701974500145e-08,4.88135292187053e-08
axi_mst_req_o\[w\]\[data\][27],axi_mst_req_o\[w\]\[data\][27],OUTPUT,0,1,98132,0,98164,274,1.2515728731177234e-10,-4.634065220443517e-08,4.875566972373235e-08,4.9225651110873514e-08
axi_mst_req_o\[w\]\[data\][28],axi_mst_req_o\[w\]\[data\][28],OUTPUT,0,1,98148,0,98172,334,1.5029406885691543e-10,-4.639241169002162e-08,4.866401681624666e-08,4.927741059645996e-08
axi_mst_req_o\[w\]\[data\][29],axi_mst_req_o\[w\]\[data\][29],OUTPUT,0,1,98132,390722,98164,390996,4.358196581399909e-10,-4.6060961267357925e-08,4.887533222586171e-08,4.8945960173796266e-08
axi_mst_req_o\[w\]\[data\][2],axi_mst_req_o\[w\]\[data\][2],OUTPUT,0,1,98340,390662,98364,390996,4.4739956184258745e-10,-4.6050303126321523e-08,4.880098813941913e-08,4.8935302032759864e-08
axi_mst_req_o\[w\]\[data\][30],axi_mst_req_o\[w\]\[data\][30],OUTPUT,0,1,98148,390662,98172,390996,4.2280801082483777e-10,-4.610460635490199e-08,4.889015414732967e-08,4.898960526134033e-08
axi_mst_req_o\[w\]\[data\][31],axi_mst_req_o\[w\]\[data\][31],OUTPUT,0,1,94548,0,94580,274,1.1920178732971465e-10,-4.6596017710953674e-08,4.9481016617392015e-08,4.929932728714448e-08
axi_mst_req_o\[w\]\[data\][32],axi_mst_req_o\[w\]\[data\][32],OUTPUT,0,1,94548,390722,94580,390996,4.515436080598789e-10,-4.600378389341131e-08,4.888878279984965e-08,4.875156989214702e-08
axi_mst_req_o\[w\]\[data\][33],axi_mst_req_o\[w\]\[data\][33],OUTPUT,0,1,391202,94584,391536,94608,4.260107822062764e-10,-4.6110038454116875e-08,4.878580384115594e-08,4.8995037360555216e-08
axi_mst_req_o\[w\]\[data\][34],axi_mst_req_o\[w\]\[data\][34],OUTPUT,0,1,0,94584,334,94608,1.0597429184189266e-10,-4.658777541521886e-08,4.94727743216572e-08,4.881823301161603e-08
axi_mst_req_o\[w\]\[data\][35],axi_mst_req_o\[w\]\[data\][35],OUTPUT,0,1,94596,0,94620,334,1.4769824252525154e-10,-4.595204217139326e-08,4.879491655174206e-08,4.88370410778316e-08
axi_mst_req_o\[w\]\[data\][36],axi_mst_req_o\[w\]\[data\][36],OUTPUT,0,1,94596,390662,94620,390996,4.556757471352313e-10,-4.637715278477117e-08,4.926215169120951e-08,4.9006352753622195e-08
axi_mst_req_o\[w\]\[data\][37],axi_mst_req_o\[w\]\[data\][37],OUTPUT,0,1,391262,94612,391536,94644,4.4930939524512326e-10,-4.647548124125933e-08,4.936048014769767e-08,4.8928427531791385e-08
axi_mst_req_o\[w\]\[data\][38],axi_mst_req_o\[w\]\[data\][38],OUTPUT,0,1,0,94612,274,94644,9.414859170053802e-11,-4.583863244533859e-08,4.872363135177693e-08,4.8652150752559464e-08
axi_mst_req_o\[w\]\[data\][39],axi_mst_req_o\[w\]\[data\][39],OUTPUT,0,1,98052,0,98076,334,1.6110342226927088e-10,-4.6349409643653416e-08,4.923440855009176e-08,4.912016038360889e-08
axi_mst_req_o\[w\]\[data\][3],axi_mst_req_o\[w\]\[data\][3],OUTPUT,0,1,391202,98264,391536,98288,4.3767042767761666e-10,-4.604577341638105e-08,4.887921534191264e-08,4.8930772322819394e-08
axi_mst_req_o\[w\]\[data\][40],axi_mst_req_o\[w\]\[data\][40],OUTPUT,0,1,98052,390662,98076,390996,4.3873343846811963e-10,-4.598388159138267e-08,4.886888049782101e-08,4.878224402204978e-08
axi_mst_req_o\[w\]\[data\][41],axi_mst_req_o\[w\]\[data\][41],OUTPUT,0,1,391202,97944,391536,97968,3.8350583819735107e-10,-4.621216831424135e-08,4.887599303060597e-08,4.9097167220679694e-08
axi_mst_req_o\[w\]\[data\][42],axi_mst_req_o\[w\]\[data\][42],OUTPUT,0,1,391262,97940,391536,97972,4.457654523282173e-10,-4.604255465778806e-08,4.887593618718711e-08,4.89275535642264e-08
axi_mst_req_o\[w\]\[data\][43],axi_mst_req_o\[w\]\[data\][43],OUTPUT,0,1,0,97944,334,97968,9.190821020910178e-11,-4.5973528983722645e-08,4.87212403754711e-08,4.8858527890160985e-08
axi_mst_req_o\[w\]\[data\][44],axi_mst_req_o\[w\]\[data\][44],OUTPUT,0,1,0,97940,274,97972,8.858370981190689e-11,-4.621745475219541e-08,4.910245365863375e-08,4.886668847348119e-08
axi_mst_req_o\[w\]\[data\][45],axi_mst_req_o\[w\]\[data\][45],OUTPUT,0,1,98004,0,98036,274,1.5605935987927921e-10,-4.6326135816343594e-08,4.8799353891126884e-08,4.9211134722781935e-08
axi_mst_req_o\[w\]\[data\][46],axi_mst_req_o\[w\]\[data\][46],OUTPUT,0,1,98004,390722,98036,390996,4.512489548691434e-10,-4.606112469218715e-08,4.887291282784645e-08,4.894612359862549e-08
axi_mst_req_o\[w\]\[data\][47],axi_mst_req_o\[w\]\[data\][47],OUTPUT,0,1,94676,0,94708,274,1.4432495476501828e-10,-4.632134675830457e-08,4.874986814229487e-08,4.920634566474291e-08
axi_mst_req_o\[w\]\[data\][48],axi_mst_req_o\[w\]\[data\][48],OUTPUT,0,1,94676,390722,94708,390996,4.5705894624603616e-10,-4.6384990071146603e-08,4.9269988977584944e-08,4.893672667094506e-08
axi_mst_req_o\[w\]\[data\][49],axi_mst_req_o\[w\]\[data\][49],OUTPUT,0,1,94692,0,94716,334,1.5050938273475367e-10,-4.586396329386844e-08,4.874896220030678e-08,4.863507996333283e-08
axi_mst_req_o\[w\]\[data\][4],axi_mst_req_o\[w\]\[data\][4],OUTPUT,0,1,0,98264,334,98288,9.942848627764178e-11,-4.588513036196673e-08,4.877012926840507e-08,4.862870994770674e-08
axi_mst_req_o\[w\]\[data\][50],axi_mst_req_o\[w\]\[data\][50],OUTPUT,0,1,94692,390662,94716,390996,4.3523865067562895e-10,-4.5996248587698574e-08,4.8881247494136915e-08,4.876512704754532e-08
axi_mst_req_o\[w\]\[data\][51],axi_mst_req_o\[w\]\[data\][51],OUTPUT,0,1,97956,0,97980,334,1.5568003830512822e-10,-4.632245165225868e-08,4.9133330293216204e-08,4.920745055869702e-08
axi_mst_req_o\[w\]\[data\][52],axi_mst_req_o\[w\]\[data\][52],OUTPUT,0,1,97956,390662,97980,390996,4.817111709520816e-10,-4.601439229645621e-08,4.889939120289455e-08,4.876559600575092e-08
axi_mst_req_o\[w\]\[data\][53],axi_mst_req_o\[w\]\[data\][53],OUTPUT,0,1,391202,94744,391536,94768,4.769760697520553e-10,-4.60436204718917e-08,4.892861937833004e-08,4.874881298633227e-08
axi_mst_req_o\[w\]\[data\][54],axi_mst_req_o\[w\]\[data\][54],OUTPUT,0,1,391262,94740,391536,94772,4.663635588819659e-10,-4.635161232613427e-08,4.8883471492899844e-08,4.9236611232572614e-08
axi_mst_req_o\[w\]\[data\][55],axi_mst_req_o\[w\]\[data\][55],OUTPUT,0,1,0,94744,334,94768,9.059196448557572e-11,-4.5882540433694885e-08,4.8767539340133226e-08,4.863395730581033e-08
axi_mst_req_o\[w\]\[data\][56],axi_mst_req_o\[w\]\[data\][56],OUTPUT,0,1,0,94740,274,94772,9.572666964663412e-11,-4.59168596478321e-08,4.871796832617292e-08,4.880185855427044e-08
axi_mst_req_o\[w\]\[data\][57],axi_mst_req_o\[w\]\[data\][57],OUTPUT,0,1,97876,0,97908,274,1.5681349274654366e-10,-4.6247706109170394e-08,4.9132705015608735e-08,4.9127194756692916e-08
axi_mst_req_o\[w\]\[data\][58],axi_mst_req_o\[w\]\[data\][58],OUTPUT,0,1,97876,390722,97908,390996,4.072291948098439e-10,-4.6356966265648225e-08,4.9241965172086566e-08,4.8915726580389673e-08
axi_mst_req_o\[w\]\[data\][59],axi_mst_req_o\[w\]\[data\][59],OUTPUT,0,1,94804,0,94836,274,1.2529850768050466e-10,-4.633243477769611e-08,4.869700376275432e-08,4.921743368413445e-08
axi_mst_req_o\[w\]\[data\][5],axi_mst_req_o\[w\]\[data\][5],OUTPUT,0,1,391262,94356,391536,94388,4.2843972813955133e-10,-4.6052107904870354e-08,4.888294569127538e-08,4.8937106811308695e-08
axi_mst_req_o\[w\]\[data\][60],axi_mst_req_o\[w\]\[data\][60],OUTPUT,0,1,94788,0,94812,334,1.4314219254352167e-10,-4.638189921024605e-08,4.8746752412398564e-08,4.926689811668439e-08
axi_mst_req_o\[w\]\[data\][61],axi_mst_req_o\[w\]\[data\][61],OUTPUT,0,1,94804,390722,94836,390996,4.653086527195427e-10,-4.612086712540986e-08,4.8910980154914796e-08,4.90058660318482e-08
axi_mst_req_o\[w\]\[data\][62],axi_mst_req_o\[w\]\[data\][62],OUTPUT,0,1,94788,390662,94812,390996,4.757808591548951e-10,-4.603010950177122e-08,4.891510840820956e-08,4.87794089565341e-08
axi_mst_req_o\[w\]\[data\][63],axi_mst_req_o\[w\]\[data\][63],OUTPUT,0,1,97860,0,97884,334,1.4316331453656517e-10,-4.632577343954836e-08,4.876383385976624e-08,4.92107723459867e-08
axi_mst_req_o\[w\]\[data\][64],axi_mst_req_o\[w\]\[data\][64],OUTPUT,0,1,97860,390662,97884,390996,4.49270565194837e-10,-4.6020975474903025e-08,4.8905974381341366e-08,4.879462878193408e-08
axi_mst_req_o\[w\]\[data\][65],axi_mst_req_o\[w\]\[data\][65],OUTPUT,0,1,391202,97784,391536,97808,4.1501513337038887e-10,-4.600952507871625e-08,4.8821711118307576e-08,4.889452398515459e-08
axi_mst_req_o\[w\]\[data\][66],axi_mst_req_o\[w\]\[data\][66],OUTPUT,0,1,391262,97812,391536,97844,4.155292776530928e-10,-4.636387274103981e-08,4.9248871647478154e-08,4.90895075699882e-08
axi_mst_req_o\[w\]\[data\][67],axi_mst_req_o\[w\]\[data\][67],OUTPUT,0,1,0,97784,334,97808,9.200410572285378e-11,-4.5912187829344475e-08,4.863466784854609e-08,4.8797186735782816e-08
axi_mst_req_o\[w\]\[data\][68],axi_mst_req_o\[w\]\[data\][68],OUTPUT,0,1,0,97812,274,97844,1.0077712275791129e-10,-4.631454686432335e-08,4.919954577076169e-08,4.881461634909101e-08
axi_mst_req_o\[w\]\[data\][69],axi_mst_req_o\[w\]\[data\][69],OUTPUT,0,1,391262,94868,391536,94900,3.9707254151366556e-10,-4.6328974434572956e-08,4.8910845151795e-08,4.92139733410113e-08
axi_mst_req_o\[w\]\[data\][6],axi_mst_req_o\[w\]\[data\][6],OUTPUT,0,1,0,94356,274,94388,9.358929603520139e-11,-4.588496338442383e-08,4.876996229086217e-08,4.861306734937898e-08
axi_mst_req_o\[w\]\[data\][70],axi_mst_req_o\[w\]\[data\][70],OUTPUT,0,1,0,94868,274,94900,9.624240987493593e-11,-4.585618640362554e-08,4.8741185310063884e-08,4.863714408998021e-08
axi_mst_req_o\[w\]\[data\][71],axi_mst_req_o\[w\]\[data\][71],OUTPUT,0,1,94884,0,94908,334,1.3228051987113076e-10,-4.660116204036058e-08,4.948616094679892e-08,4.911023410159032e-08
axi_mst_req_o\[w\]\[data\][72],axi_mst_req_o\[w\]\[data\][72],OUTPUT,0,1,94884,390662,94908,390996,4.780079110311419e-10,-4.605982084626703e-08,4.888834936878084e-08,4.894481975270537e-08
axi_mst_req_o\[w\]\[data\][73],axi_mst_req_o\[w\]\[data\][73],OUTPUT,0,1,391202,94904,391536,94928,4.907834139089573e-10,-4.674933151704863e-08,4.963433042348697e-08,4.9327358198070215e-08
axi_mst_req_o\[w\]\[data\][74],axi_mst_req_o\[w\]\[data\][74],OUTPUT,0,1,0,94904,334,94928,9.540887524472907e-11,-4.621327676090914e-08,4.909827566734748e-08,4.879703041638095e-08
axi_mst_req_o\[w\]\[data\][75],axi_mst_req_o\[w\]\[data\][75],OUTPUT,0,1,391262,97684,391536,97716,4.5314194063728053e-10,-4.6046746859929044e-08,4.889233196081477e-08,4.8931745766367385e-08
axi_mst_req_o\[w\]\[data\][76],axi_mst_req_o\[w\]\[data\][76],OUTPUT,0,1,0,97684,274,97716,9.566970826657695e-11,-4.658231844700822e-08,4.946731735344656e-08,4.879771253740728e-08
axi_mst_req_o\[w\]\[data\][77],axi_mst_req_o\[w\]\[data\][77],OUTPUT,0,1,97748,0,97780,274,1.4080872579036452e-10,-4.6331319225600964e-08,4.8749033254580354e-08,4.9216318132039305e-08
axi_mst_req_o\[w\]\[data\][78],axi_mst_req_o\[w\]\[data\][78],OUTPUT,0,1,97764,0,97788,334,1.4569431772137875e-10,-4.634409478398993e-08,4.922909369042827e-08,4.8893717519149504e-08
axi_mst_req_o\[w\]\[data\][79],axi_mst_req_o\[w\]\[data\][79],OUTPUT,0,1,97748,390722,97780,390996,4.282237342501105e-10,-4.603986170081953e-08,4.892486060725787e-08,4.87840843277354e-08
axi_mst_req_o\[w\]\[data\][7],axi_mst_req_o\[w\]\[data\][7],OUTPUT,0,1,391262,98196,391536,98228,3.962761507825263e-10,-4.634382833046402e-08,4.922882723690236e-08,4.906965500595106e-08
axi_mst_req_o\[w\]\[data\][80],axi_mst_req_o\[w\]\[data\][80],OUTPUT,0,1,97764,390662,97788,390996,4.0753617147615273e-10,-4.646826567977769e-08,4.935326458621603e-08,4.894896221685485e-08
axi_mst_req_o\[w\]\[data\][81],axi_mst_req_o\[w\]\[data\][81],OUTPUT,0,1,94932,0,94964,274,1.496195251027288e-10,-4.660826746771818e-08,4.949326637415652e-08,4.921215790432143e-08
axi_mst_req_o\[w\]\[data\][82],axi_mst_req_o\[w\]\[data\][82],OUTPUT,0,1,94932,390722,94964,390996,4.1017469976090126e-10,-4.646411966291453e-08,4.934911856935287e-08,4.8917911499302136e-08
axi_mst_req_o\[w\]\[data\][83],axi_mst_req_o\[w\]\[data\][83],OUTPUT,0,1,94980,0,95004,334,1.5600981617680532e-10,-4.624265770303282e-08,4.8770477434345594e-08,4.912765660947116e-08
axi_mst_req_o\[w\]\[data\][84],axi_mst_req_o\[w\]\[data\][84],OUTPUT,0,1,94980,390662,95004,390996,4.6010129040041647e-10,-4.647575835292628e-08,4.936075725936462e-08,4.896316241342902e-08
axi_mst_req_o\[w\]\[data\][85],axi_mst_req_o\[w\]\[data\][85],OUTPUT,0,1,391202,97624,391536,97648,4.1424877417206574e-10,-4.635899486515882e-08,4.924399377159716e-08,4.8992045975637666e-08
axi_mst_req_o\[w\]\[data\][86],axi_mst_req_o\[w\]\[data\][86],OUTPUT,0,1,0,97624,334,97648,9.443276716147864e-11,-4.592981639461868e-08,4.874105385965777e-08,4.8814815301057024e-08
axi_mst_req_o\[w\]\[data\][87],axi_mst_req_o\[w\]\[data\][87],OUTPUT,0,1,391262,94996,391536,95028,4.978221723739296e-10,-4.6361414263174083e-08,4.889529492402289e-08,4.9246413169612424e-08
axi_mst_req_o\[w\]\[data\][88],axi_mst_req_o\[w\]\[data\][88],OUTPUT,0,1,0,94996,274,95028,9.079800800115834e-11,-4.583706925131992e-08,4.872206815775826e-08,4.861215785467721e-08
axi_mst_req_o\[w\]\[data\][89],axi_mst_req_o\[w\]\[data\][89],OUTPUT,0,1,97668,0,97692,334,1.3864288883613796e-10,-4.633897887629246e-08,4.92239777827308e-08,4.911999340606599e-08
axi_mst_req_o\[w\]\[data\][8],axi_mst_req_o\[w\]\[data\][8],OUTPUT,0,1,0,98196,274,98228,1.0022338514659168e-10,-4.583519341849751e-08,4.872019232493585e-08,4.86160303125871e-08
axi_mst_req_o\[w\]\[data\][90],axi_mst_req_o\[w\]\[data\][90],OUTPUT,0,1,97668,390662,97692,390996,4.4414805167036775e-10,-4.599389669124321e-08,4.887889559768155e-08,4.8766590765580986e-08
axi_mst_req_o\[w\]\[data\][91],axi_mst_req_o\[w\]\[data\][91],OUTPUT,0,1,391262,97556,391536,97588,4.5015810523629796e-10,-4.600899217166443e-08,4.889399107810277e-08,4.876827475186474e-08
axi_mst_req_o\[w\]\[data\][92],axi_mst_req_o\[w\]\[data\][92],OUTPUT,0,1,0,97556,274,97588,9.177936188820013e-11,-4.592834557115566e-08,4.8681023656627076e-08,4.8813344477594e-08
axi_mst_req_o\[w\]\[data\][93],axi_mst_req_o\[w\]\[data\][93],OUTPUT,0,1,97620,0,97652,274,1.7667550755717798e-10,-4.6257806474159224e-08,4.9142805380597565e-08,4.885442450586197e-08
axi_mst_req_o\[w\]\[data\][94],axi_mst_req_o\[w\]\[data\][94],OUTPUT,0,1,97620,390722,97652,390996,4.052725099956689e-10,-4.635473160874426e-08,4.92397305151826e-08,4.894706862046405e-08
axi_mst_req_o\[w\]\[data\][95],axi_mst_req_o\[w\]\[data\][95],OUTPUT,0,1,95060,0,95092,274,1.4586945540351337e-10,-4.632328298725952e-08,4.875010972682503e-08,4.920828189369786e-08
axi_mst_req_o\[w\]\[data\][96],axi_mst_req_o\[w\]\[data\][96],OUTPUT,0,1,391202,95064,391536,95088,4.2282946588478865e-10,-4.60524525180972e-08,4.8889837955812254e-08,4.893745142453554e-08
axi_mst_req_o\[w\]\[data\][97],axi_mst_req_o\[w\]\[data\][97],OUTPUT,0,1,95060,390722,95092,390996,4.0656758515389413e-10,-4.646713591682783e-08,4.935213482326617e-08,4.899199623764616e-08
axi_mst_req_o\[w\]\[data\][98],axi_mst_req_o\[w\]\[data\][98],OUTPUT,0,1,0,95064,334,95088,9.124768302060104e-11,-4.583649371170395e-08,4.872149261814229e-08,4.8635090621473864e-08
axi_mst_req_o\[w\]\[data\][99],axi_mst_req_o\[w\]\[data\][99],OUTPUT,0,1,95076,0,95100,334,1.522645620699592e-10,-4.595354852199307e-08,4.876794434949261e-08,4.883854742843141e-08
axi_mst_req_o\[w\]\[data\][9],axi_mst_req_o\[w\]\[data\][9],OUTPUT,0,1,98260,0,98292,274,1.3883011407145318e-10,-4.642254936015888e-08,4.8762448301431505e-08,4.930754826659722e-08
axi_mst_req_o\[w\]\[last\],axi_mst_req_o\[w\]\[last\],OUTPUT,0,1,106116,390662,106140,390996,4.3885015066358335e-10,-4.604746095537848e-08,4.879515103084486e-08,4.8932459861816824e-08
axi_mst_req_o\[w\]\[strb\][0],axi_mst_req_o\[w\]\[strb\][0],OUTPUT,0,1,0,98452,274,98484,9.367821796057996e-11,-4.6220428373544564e-08,4.9105427279982905e-08,4.886844351403852e-08
axi_mst_req_o\[w\]\[strb\][10],axi_mst_req_o\[w\]\[strb\][10],OUTPUT,0,1,0,98324,274,98356,9.595073346968519e-11,-4.6220993255019494e-08,4.9105992161457834e-08,4.879814952118977e-08
axi_mst_req_o\[w\]\[strb\][11],axi_mst_req_o\[w\]\[strb\][11],OUTPUT,0,1,98388,0,98420,274,1.2656185821580124e-10,-4.659931107653392e-08,4.948430998297226e-08,4.9197183216165286e-08
axi_mst_req_o\[w\]\[strb\][12],axi_mst_req_o\[w\]\[strb\][12],OUTPUT,0,1,98388,390722,98420,390996,4.484444204866378e-10,-4.6047428980955374e-08,4.8932427887393715e-08,4.876637405004658e-08
axi_mst_req_o\[w\]\[strb\][13],axi_mst_req_o\[w\]\[strb\][13],OUTPUT,0,1,94292,0,94324,274,1.558922435584975e-10,-4.595470670665236e-08,4.874614489835949e-08,4.88397056130907e-08
axi_mst_req_o\[w\]\[strb\][14],axi_mst_req_o\[w\]\[strb\][14],OUTPUT,0,1,94292,390722,94324,390996,4.316494106593183e-10,-4.637155726072706e-08,4.92565561671654e-08,4.894483041084641e-08
axi_mst_req_o\[w\]\[strb\][15],axi_mst_req_o\[w\]\[strb\][15],OUTPUT,0,1,94308,0,94332,334,1.2818113237500484e-10,-4.644482487492496e-08,4.912010354019003e-08,4.93298237813633e-08
axi_mst_req_o\[w\]\[strb\][1],axi_mst_req_o\[w\]\[strb\][1],OUTPUT,0,1,94212,0,94236,334,1.442239383475652e-10,-4.6305959955361686e-08,4.876435255596334e-08,4.919095886180003e-08
axi_mst_req_o\[w\]\[strb\][2],axi_mst_req_o\[w\]\[strb\][2],OUTPUT,0,1,94212,390662,94236,390996,4.177838353047747e-10,-4.599170821961707e-08,4.887670712605541e-08,4.876293857591918e-08
axi_mst_req_o\[w\]\[strb\][3],axi_mst_req_o\[w\]\[strb\][3],OUTPUT,0,1,391262,94228,391536,94260,4.3648035186194534e-10,-4.640705952851931e-08,4.8783476813696325e-08,4.929205843495765e-08
axi_mst_req_o\[w\]\[strb\][4],axi_mst_req_o\[w\]\[strb\][4],OUTPUT,0,1,0,94228,274,94260,8.978464499653782e-11,-4.621155014206124e-08,4.909654904849958e-08,4.882179283072219e-08
axi_mst_req_o\[w\]\[strb\][5],axi_mst_req_o\[w\]\[strb\][5],OUTPUT,0,1,98436,0,98460,334,1.496049534255306e-10,-4.638315687088834e-08,4.874966563761518e-08,4.926815577732668e-08
axi_mst_req_o\[w\]\[strb\][6],axi_mst_req_o\[w\]\[strb\][6],OUTPUT,0,1,98436,390662,98460,390996,4.4457992842694694e-10,-4.606364001347174e-08,4.8878550984454705e-08,4.894863891991008e-08
axi_mst_req_o\[w\]\[strb\][7],axi_mst_req_o\[w\]\[strb\][7],OUTPUT,0,1,391202,94264,391536,94288,3.8768629972985025e-10,-4.6322337965420957e-08,4.884673288074737e-08,4.92073368718593e-08
axi_mst_req_o\[w\]\[strb\][8],axi_mst_req_o\[w\]\[strb\][8],OUTPUT,0,1,0,94264,334,94288,8.820021796251964e-11,-4.631186811820953e-08,4.919686702464787e-08,4.886609161758315e-08
axi_mst_req_o\[w\]\[strb\][9],axi_mst_req_o\[w\]\[strb\][9],OUTPUT,0,1,391262,98324,391536,98356,3.88837351206206e-10,-4.602789971386301e-08,4.885129456511095e-08,4.891289862030135e-08
axi_mst_req_o\[w_valid\],axi_mst_req_o\[w_valid\],OUTPUT,0,1,0,86584,334,86608,6.287199233456775e-11,-4.5715466967521934e-08,4.783288432008703e-08,4.8600465873960275e-08
axi_mst_resp_i\[ar_ready\],axi_mst_resp_i\[ar_ready\],INPUT,1,0,86484,390722,86516,390996,5.750000128812438e-11,3.434998774309861e-08,1.1500000257624876e-10,1.1500000257624876e-10
axi_mst_resp_i\[aw_ready\],axi_mst_resp_i\[aw_ready\],INPUT,1,0,86484,0,86516,274,5.750000128812438e-11,3.419110683466897e-08,1.1500000257624876e-10,1.1500000257624876e-10
axi_mst_resp_i\[b\]\[id\][0],axi_mst_resp_i\[b\]\[id\][0],INPUT,1,0,391262,98452,391536,98484,5.750000128812438e-11,-1.1500000257624876e-10,1.1500000257624876e-10,1.1500000257624876e-10
axi_mst_resp_i\[b\]\[id\][1],axi_mst_resp_i\[b\]\[id\][1],INPUT,1,0,0,98424,334,98448,5.750000128812438e-11,-1.1500000257624876e-10,1.1500000257624876e-10,1.1500000257624876e-10
axi_mst_resp_i\[b\]\[resp\][0],axi_mst_resp_i\[b\]\[resp\][0],INPUT,1,0,94164,390722,94196,390996,5.750000128812438e-11,-1.1500000257624876e-10,1.1500000257624876e-10,1.1500000257624876e-10
axi_mst_resp_i\[b\]\[resp\][1],axi_mst_resp_i\[b\]\[resp\][1],INPUT,1,0,391202,98424,391536,98448,5.750000128812438e-11,-1.1500000257624876e-10,1.1500000257624876e-10,1.1500000257624876e-10
axi_mst_resp_i\[b\]\[user\],axi_mst_resp_i\[b\]\[user\],INPUT,1,0,0,106104,334,106128,5.750000128812438e-11,-1.1500000257624876e-10,1.1500000257624876e-10,1.1500000257624876e-10
axi_mst_resp_i\[b_valid\],axi_mst_resp_i\[b_valid\],INPUT,1,0,391262,106132,391536,106164,5.750000128812438e-11,-1.1500000257624876e-10,1.1500000257624876e-10,1.1500000257624876e-10
axi_mst_resp_i\[r\]\[data\][0],axi_mst_resp_i\[r\]\[data\][0],INPUT,1,0,93156,390662,93180,390996,5.750000128812438e-11,4.225184468964471e-08,1.1500000257624876e-10,1.1500000257624876e-10
axi_mst_resp_i\[r\]\[data\][100],axi_mst_resp_i\[r\]\[data\][100],INPUT,1,0,0,93944,334,93968,5.750000128812438e-11,4.266476238967698e-08,1.1500000257624876e-10,1.1500000257624876e-10
axi_mst_resp_i\[r\]\[data\][101],axi_mst_resp_i\[r\]\[data\][101],INPUT,1,0,98724,0,98748,334,5.750000128812438e-11,4.2273697431483015e-08,1.1500000257624876e-10,1.1500000257624876e-10
axi_mst_resp_i\[r\]\[data\][102],axi_mst_resp_i\[r\]\[data\][102],INPUT,1,0,98724,390662,98748,390996,5.750000128812438e-11,4.2273665457059906e-08,1.1500000257624876e-10,1.1500000257624876e-10
axi_mst_resp_i\[r\]\[data\][103],axi_mst_resp_i\[r\]\[data\][103],INPUT,1,0,391262,93972,391536,94004,5.750000128812438e-11,4.2426858470889783e-08,1.1500000257624876e-10,1.1500000257624876e-10
axi_mst_resp_i\[r\]\[data\][104],axi_mst_resp_i\[r\]\[data\][104],INPUT,1,0,0,93972,274,94004,5.750000128812438e-11,4.2383792475675364e-08,1.1500000257624876e-10,1.1500000257624876e-10
axi_mst_resp_i\[r\]\[data\][105],axi_mst_resp_i\[r\]\[data\][105],INPUT,1,0,391202,98584,391536,98608,5.750000128812438e-11,4.313255175247832e-08,1.1500000257624876e-10,1.1500000257624876e-10
axi_mst_resp_i\[r\]\[data\][106],axi_mst_resp_i\[r\]\[data\][106],INPUT,1,0,391262,98580,391536,98612,5.750000128812438e-11,4.324279601064518e-08,1.1500000257624876e-10,1.1500000257624876e-10
axi_mst_resp_i\[r\]\[data\][107],axi_mst_resp_i\[r\]\[data\][107],INPUT,1,0,0,98584,334,98608,5.750000128812438e-11,4.3231555224565454e-08,1.1500000257624876e-10,1.1500000257624876e-10
axi_mst_resp_i\[r\]\[data\][108],axi_mst_resp_i\[r\]\[data\][108],INPUT,1,0,0,98580,274,98612,5.750000128812438e-11,4.257148589204007e-08,1.1500000257624876e-10,1.1500000257624876e-10
axi_mst_resp_i\[r\]\[data\][109],axi_mst_resp_i\[r\]\[data\][109],INPUT,1,0,98644,0,98676,274,5.750000128812438e-11,4.256728303175805e-08,1.1500000257624876e-10,1.1500000257624876e-10
axi_mst_resp_i\[r\]\[data\][10],axi_mst_resp_i\[r\]\[data\][10],INPUT,1,0,99412,390722,99444,390996,5.750000128812438e-11,4.282066612404378e-08,1.1500000257624876e-10,1.1500000257624876e-10
axi_mst_resp_i\[r\]\[data\][110],axi_mst_resp_i\[r\]\[data\][110],INPUT,1,0,98644,390722,98676,390996,5.750000128812438e-11,4.2238426090079884e-08,1.1500000257624876e-10,1.1500000257624876e-10
axi_mst_resp_i\[r\]\[data\][111],axi_mst_resp_i\[r\]\[data\][111],INPUT,1,0,94036,0,94068,274,5.750000128812438e-11,4.2469416428048135e-08,1.1500000257624876e-10,1.1500000257624876e-10
axi_mst_resp_i\[r\]\[data\][112],axi_mst_resp_i\[r\]\[data\][112],INPUT,1,0,94020,0,94044,334,5.750000128812438e-11,4.2634535901697745e-08,1.1500000257624876e-10,1.1500000257624876e-10
axi_mst_resp_i\[r\]\[data\][113],axi_mst_resp_i\[r\]\[data\][113],INPUT,1,0,94036,390722,94068,390996,5.750000128812438e-11,4.279285903407981e-08,1.1500000257624876e-10,1.1500000257624876e-10
axi_mst_resp_i\[r\]\[data\][114],axi_mst_resp_i\[r\]\[data\][114],INPUT,1,0,94020,390662,94044,390996,5.750000128812438e-11,4.224649430284444e-08,1.1500000257624876e-10,1.1500000257624876e-10
axi_mst_resp_i\[r\]\[data\][115],axi_mst_resp_i\[r\]\[data\][115],INPUT,1,0,98628,0,98652,334,5.750000128812438e-11,4.258121677480631e-08,1.1500000257624876e-10,1.1500000257624876e-10
axi_mst_resp_i\[r\]\[data\][116],axi_mst_resp_i\[r\]\[data\][116],INPUT,1,0,98628,390662,98652,390996,5.750000128812438e-11,4.276880360976065e-08,1.1500000257624876e-10,1.1500000257624876e-10
axi_mst_resp_i\[r\]\[data\][117],axi_mst_resp_i\[r\]\[data\][117],INPUT,1,0,391202,94104,391536,94128,5.750000128812438e-11,4.245311302497612e-08,1.1500000257624876e-10,1.1500000257624876e-10
axi_mst_resp_i\[r\]\[data\][118],axi_mst_resp_i\[r\]\[data\][118],INPUT,1,0,391262,94100,391536,94132,5.750000128812438e-11,4.26485868842974e-08,1.1500000257624876e-10,1.1500000257624876e-10
axi_mst_resp_i\[r\]\[data\][119],axi_mst_resp_i\[r\]\[data\][119],INPUT,1,0,0,94104,334,94128,5.750000128812438e-11,4.2238248454395944e-08,1.1500000257624876e-10,1.1500000257624876e-10
axi_mst_resp_i\[r\]\[data\][11],axi_mst_resp_i\[r\]\[data\][11],INPUT,1,0,93268,0,93300,274,5.750000128812438e-11,4.2391373966665924e-08,1.1500000257624876e-10,1.1500000257624876e-10
axi_mst_resp_i\[r\]\[data\][120],axi_mst_resp_i\[r\]\[data\][120],INPUT,1,0,0,94100,274,94132,5.750000128812438e-11,4.2399573629836596e-08,1.1500000257624876e-10,1.1500000257624876e-10
axi_mst_resp_i\[r\]\[data\][121],axi_mst_resp_i\[r\]\[data\][121],INPUT,1,0,94116,0,94140,334,5.750000128812438e-11,4.256907004673849e-08,1.1500000257624876e-10,1.1500000257624876e-10
axi_mst_resp_i\[r\]\[data\][122],axi_mst_resp_i\[r\]\[data\][122],INPUT,1,0,94116,390662,94140,390996,5.750000128812438e-11,4.224967042887329e-08,1.1500000257624876e-10,1.1500000257624876e-10
axi_mst_resp_i\[r\]\[data\][123],axi_mst_resp_i\[r\]\[data\][123],INPUT,1,0,98516,0,98548,274,5.750000128812438e-11,4.2697624991205885e-08,1.1500000257624876e-10,1.1500000257624876e-10
axi_mst_resp_i\[r\]\[data\][124],axi_mst_resp_i\[r\]\[data\][124],INPUT,1,0,98532,0,98556,334,5.750000128812438e-11,4.2472585448649625e-08,1.1500000257624876e-10,1.1500000257624876e-10
axi_mst_resp_i\[r\]\[data\][125],axi_mst_resp_i\[r\]\[data\][125],INPUT,1,0,98516,390722,98548,390996,5.750000128812438e-11,4.2212036532873753e-08,1.1500000257624876e-10,1.1500000257624876e-10
axi_mst_resp_i\[r\]\[data\][126],axi_mst_resp_i\[r\]\[data\][126],INPUT,1,0,98532,390662,98556,390996,5.750000128812438e-11,4.253138641274745e-08,1.1500000257624876e-10,1.1500000257624876e-10
axi_mst_resp_i\[r\]\[data\][127],axi_mst_resp_i\[r\]\[data\][127],INPUT,1,0,94164,0,94196,274,5.750000128812438e-11,4.2983057113588075e-08,1.1500000257624876e-10,1.1500000257624876e-10
axi_mst_resp_i\[r\]\[data\][12],axi_mst_resp_i\[r\]\[data\][12],INPUT,1,0,93252,0,93276,334,5.750000128812438e-11,3.9343085234122555e-08,1.1500000257624876e-10,1.1500000257624876e-10
axi_mst_resp_i\[r\]\[data\][13],axi_mst_resp_i\[r\]\[data\][13],INPUT,1,0,93268,390722,93300,390996,5.750000128812438e-11,4.285700683226423e-08,1.1500000257624876e-10,1.1500000257624876e-10
axi_mst_resp_i\[r\]\[data\][14],axi_mst_resp_i\[r\]\[data\][14],INPUT,1,0,93252,390662,93276,390996,5.750000128812438e-11,4.230591343912238e-08,1.1500000257624876e-10,1.1500000257624876e-10
axi_mst_resp_i\[r\]\[data\][15],axi_mst_resp_i\[r\]\[data\][15],INPUT,1,0,99396,0,99420,334,5.750000128812438e-11,4.251556617873575e-08,1.1500000257624876e-10,1.1500000257624876e-10
axi_mst_resp_i\[r\]\[data\][16],axi_mst_resp_i\[r\]\[data\][16],INPUT,1,0,99396,390662,99420,390996,5.750000128812438e-11,4.2639783259801334e-08,1.1500000257624876e-10,1.1500000257624876e-10
axi_mst_resp_i\[r\]\[data\][17],axi_mst_resp_i\[r\]\[data\][17],INPUT,1,0,391202,93304,391536,93328,5.750000128812438e-11,4.2828393276295174e-08,1.1500000257624876e-10,1.1500000257624876e-10
axi_mst_resp_i\[r\]\[data\][18],axi_mst_resp_i\[r\]\[data\][18],INPUT,1,0,0,93304,334,93328,5.750000128812438e-11,4.291269206646575e-08,1.1500000257624876e-10,1.1500000257624876e-10
axi_mst_resp_i\[r\]\[data\][19],axi_mst_resp_i\[r\]\[data\][19],INPUT,1,0,391262,93332,391536,93364,5.750000128812438e-11,4.254143703974478e-08,1.1500000257624876e-10,1.1500000257624876e-10
axi_mst_resp_i\[r\]\[data\][1],axi_mst_resp_i\[r\]\[data\][1],INPUT,1,0,99492,0,99516,334,5.750000128812438e-11,4.24656008135571e-08,1.1500000257624876e-10,1.1500000257624876e-10
axi_mst_resp_i\[r\]\[data\][20],axi_mst_resp_i\[r\]\[data\][20],INPUT,1,0,0,93332,274,93364,5.750000128812438e-11,4.296920508295443e-08,1.1500000257624876e-10,1.1500000257624876e-10
axi_mst_resp_i\[r\]\[data\][21],axi_mst_resp_i\[r\]\[data\][21],INPUT,1,0,93348,0,93372,334,5.750000128812438e-11,4.2265430266752446e-08,1.1500000257624876e-10,1.1500000257624876e-10
axi_mst_resp_i\[r\]\[data\][22],axi_mst_resp_i\[r\]\[data\][22],INPUT,1,0,93348,390662,93372,390996,5.750000128812438e-11,4.233013584098444e-08,1.1500000257624876e-10,1.1500000257624876e-10
axi_mst_resp_i\[r\]\[data\][23],axi_mst_resp_i\[r\]\[data\][23],INPUT,1,0,391202,99224,391536,99248,5.750000128812438e-11,4.371752027054754e-08,1.1500000257624876e-10,1.1500000257624876e-10
axi_mst_resp_i\[r\]\[data\][24],axi_mst_resp_i\[r\]\[data\][24],INPUT,1,0,391262,99220,391536,99252,5.750000128812438e-11,4.289474375696045e-08,1.1500000257624876e-10,1.1500000257624876e-10
axi_mst_resp_i\[r\]\[data\][25],axi_mst_resp_i\[r\]\[data\][25],INPUT,1,0,0,99224,334,99248,5.750000128812438e-11,4.2660122545612467e-08,1.1500000257624876e-10,1.1500000257624876e-10
axi_mst_resp_i\[r\]\[data\][26],axi_mst_resp_i\[r\]\[data\][26],INPUT,1,0,0,99220,274,99252,5.750000128812438e-11,4.240527928800475e-08,1.1500000257624876e-10,1.1500000257624876e-10
axi_mst_resp_i\[r\]\[data\][27],axi_mst_resp_i\[r\]\[data\][27],INPUT,1,0,99284,0,99316,274,5.750000128812438e-11,4.248071050483304e-08,1.1500000257624876e-10,1.1500000257624876e-10
axi_mst_resp_i\[r\]\[data\][28],axi_mst_resp_i\[r\]\[data\][28],INPUT,1,0,99300,0,99324,334,5.750000128812438e-11,4.281373477965644e-08,1.1500000257624876e-10,1.1500000257624876e-10
axi_mst_resp_i\[r\]\[data\][29],axi_mst_resp_i\[r\]\[data\][29],INPUT,1,0,99284,390722,99316,390996,5.750000128812438e-11,4.217993421207211e-08,1.1500000257624876e-10,1.1500000257624876e-10
axi_mst_resp_i\[r\]\[data\][2],axi_mst_resp_i\[r\]\[data\][2],INPUT,1,0,99492,390662,99516,390996,5.750000128812438e-11,4.215096893744885e-08,1.1500000257624876e-10,1.1500000257624876e-10
axi_mst_resp_i\[r\]\[data\][30],axi_mst_resp_i\[r\]\[data\][30],INPUT,1,0,99300,390662,99324,390996,5.750000128812438e-11,4.217335813905265e-08,1.1500000257624876e-10,1.1500000257624876e-10
axi_mst_resp_i\[r\]\[data\][31],axi_mst_resp_i\[r\]\[data\][31],INPUT,1,0,93396,0,93428,274,5.750000128812438e-11,4.2719324966356e-08,1.1500000257624876e-10,1.1500000257624876e-10
axi_mst_resp_i\[r\]\[data\][32],axi_mst_resp_i\[r\]\[data\][32],INPUT,1,0,93396,390722,93428,390996,5.750000128812438e-11,4.330815173148039e-08,1.1500000257624876e-10,1.1500000257624876e-10
axi_mst_resp_i\[r\]\[data\][33],axi_mst_resp_i\[r\]\[data\][33],INPUT,1,0,93444,0,93468,334,5.750000128812438e-11,4.256691354953546e-08,1.1500000257624876e-10,1.1500000257624876e-10
axi_mst_resp_i\[r\]\[data\][34],axi_mst_resp_i\[r\]\[data\][34],INPUT,1,0,93444,390662,93468,390996,5.750000128812438e-11,4.208010295769782e-08,1.1500000257624876e-10,1.1500000257624876e-10
axi_mst_resp_i\[r\]\[data\][35],axi_mst_resp_i\[r\]\[data\][35],INPUT,1,0,391202,93464,391536,93488,5.750000128812438e-11,4.250680518680383e-08,1.1500000257624876e-10,1.1500000257624876e-10
axi_mst_resp_i\[r\]\[data\][36],axi_mst_resp_i\[r\]\[data\][36],INPUT,1,0,391262,93460,391536,93492,5.750000128812438e-11,4.285603338871624e-08,1.1500000257624876e-10,1.1500000257624876e-10
axi_mst_resp_i\[r\]\[data\][37],axi_mst_resp_i\[r\]\[data\][37],INPUT,1,0,0,93464,334,93488,5.750000128812438e-11,3.960713712558572e-08,1.1500000257624876e-10,1.1500000257624876e-10
axi_mst_resp_i\[r\]\[data\][38],axi_mst_resp_i\[r\]\[data\][38],INPUT,1,0,0,93460,274,93492,5.750000128812438e-11,4.223123895030767e-08,1.1500000257624876e-10,1.1500000257624876e-10
axi_mst_resp_i\[r\]\[data\][39],axi_mst_resp_i\[r\]\[data\][39],INPUT,1,0,99204,0,99228,334,5.750000128812438e-11,4.245432450034059e-08,1.1500000257624876e-10,1.1500000257624876e-10
axi_mst_resp_i\[r\]\[data\][3],axi_mst_resp_i\[r\]\[data\][3],INPUT,1,0,391262,93204,391536,93236,5.750000128812438e-11,4.278955145764485e-08,1.1500000257624876e-10,1.1500000257624876e-10
axi_mst_resp_i\[r\]\[data\][40],axi_mst_resp_i\[r\]\[data\][40],INPUT,1,0,99204,390662,99228,390996,5.750000128812438e-11,4.25982449314688e-08,1.1500000257624876e-10,1.1500000257624876e-10
axi_mst_resp_i\[r\]\[data\][41],axi_mst_resp_i\[r\]\[data\][41],INPUT,1,0,99156,0,99188,274,5.750000128812438e-11,4.2503149444428345e-08,1.1500000257624876e-10,1.1500000257624876e-10
axi_mst_resp_i\[r\]\[data\][42],axi_mst_resp_i\[r\]\[data\][42],INPUT,1,0,99156,390722,99188,390996,5.750000128812438e-11,4.2347835460532224e-08,1.1500000257624876e-10,1.1500000257624876e-10
axi_mst_resp_i\[r\]\[data\][43],axi_mst_resp_i\[r\]\[data\][43],INPUT,1,0,93524,0,93556,274,5.750000128812438e-11,4.2385568832514764e-08,1.1500000257624876e-10,1.1500000257624876e-10
axi_mst_resp_i\[r\]\[data\][44],axi_mst_resp_i\[r\]\[data\][44],INPUT,1,0,93524,390722,93556,390996,5.750000128812438e-11,4.2354052709470125e-08,1.1500000257624876e-10,1.1500000257624876e-10
axi_mst_resp_i\[r\]\[data\][45],axi_mst_resp_i\[r\]\[data\][45],INPUT,1,0,93540,0,93564,334,5.750000128812438e-11,4.2909096720222806e-08,1.1500000257624876e-10,1.1500000257624876e-10
axi_mst_resp_i\[r\]\[data\][46],axi_mst_resp_i\[r\]\[data\][46],INPUT,1,0,93540,390662,93564,390996,5.750000128812438e-11,4.334038905540183e-08,1.1500000257624876e-10,1.1500000257624876e-10
axi_mst_resp_i\[r\]\[data\][47],axi_mst_resp_i\[r\]\[data\][47],INPUT,1,0,391202,99064,391536,99088,5.750000128812438e-11,4.284759214101541e-08,1.1500000257624876e-10,1.1500000257624876e-10
axi_mst_resp_i\[r\]\[data\][48],axi_mst_resp_i\[r\]\[data\][48],INPUT,1,0,391262,99092,391536,99124,5.750000128812438e-11,4.259314678733972e-08,1.1500000257624876e-10,1.1500000257624876e-10
axi_mst_resp_i\[r\]\[data\][49],axi_mst_resp_i\[r\]\[data\][49],INPUT,1,0,0,99064,334,99088,5.750000128812438e-11,4.244757789706455e-08,1.1500000257624876e-10,1.1500000257624876e-10
axi_mst_resp_i\[r\]\[data\][4],axi_mst_resp_i\[r\]\[data\][4],INPUT,1,0,0,93204,274,93236,5.750000128812438e-11,4.2383724974115466e-08,1.1500000257624876e-10,1.1500000257624876e-10
axi_mst_resp_i\[r\]\[data\][50],axi_mst_resp_i\[r\]\[data\][50],INPUT,1,0,0,99092,274,99124,5.750000128812438e-11,4.239817386064715e-08,1.1500000257624876e-10,1.1500000257624876e-10
axi_mst_resp_i\[r\]\[data\][51],axi_mst_resp_i\[r\]\[data\][51],INPUT,1,0,99108,0,99132,334,5.750000128812438e-11,4.30926867522885e-08,1.1500000257624876e-10,1.1500000257624876e-10
axi_mst_resp_i\[r\]\[data\][52],axi_mst_resp_i\[r\]\[data\][52],INPUT,1,0,99108,390662,99132,390996,5.750000128812438e-11,4.225842786809153e-08,1.1500000257624876e-10,1.1500000257624876e-10
axi_mst_resp_i\[r\]\[data\][53],axi_mst_resp_i\[r\]\[data\][53],INPUT,1,0,391262,93588,391536,93620,5.750000128812438e-11,4.263345942945307e-08,1.1500000257624876e-10,1.1500000257624876e-10
axi_mst_resp_i\[r\]\[data\][54],axi_mst_resp_i\[r\]\[data\][54],INPUT,1,0,0,93588,274,93620,5.750000128812438e-11,4.237091388858971e-08,1.1500000257624876e-10,1.1500000257624876e-10
axi_mst_resp_i\[r\]\[data\][55],axi_mst_resp_i\[r\]\[data\][55],INPUT,1,0,391202,93624,391536,93648,5.750000128812438e-11,4.244990492452416e-08,1.1500000257624876e-10,1.1500000257624876e-10
axi_mst_resp_i\[r\]\[data\][56],axi_mst_resp_i\[r\]\[data\][56],INPUT,1,0,0,93624,334,93648,5.750000128812438e-11,4.23851602704417e-08,1.1500000257624876e-10,1.1500000257624876e-10
axi_mst_resp_i\[r\]\[data\][57],axi_mst_resp_i\[r\]\[data\][57],INPUT,1,0,391262,98964,391536,98996,5.750000128812438e-11,4.3038621555524514e-08,1.1500000257624876e-10,1.1500000257624876e-10
axi_mst_resp_i\[r\]\[data\][58],axi_mst_resp_i\[r\]\[data\][58],INPUT,1,0,0,98964,274,98996,5.750000128812438e-11,4.264814990051491e-08,1.1500000257624876e-10,1.1500000257624876e-10
axi_mst_resp_i\[r\]\[data\][59],axi_mst_resp_i\[r\]\[data\][59],INPUT,1,0,99028,0,99060,274,5.750000128812438e-11,4.2593281790459514e-08,1.1500000257624876e-10,1.1500000257624876e-10
axi_mst_resp_i\[r\]\[data\][5],axi_mst_resp_i\[r\]\[data\][5],INPUT,1,0,391202,99384,391536,99408,5.750000128812438e-11,4.272600762078582e-08,1.1500000257624876e-10,1.1500000257624876e-10
axi_mst_resp_i\[r\]\[data\][60],axi_mst_resp_i\[r\]\[data\][60],INPUT,1,0,99028,390722,99060,390996,5.750000128812438e-11,4.2095308572243084e-08,1.1500000257624876e-10,1.1500000257624876e-10
axi_mst_resp_i\[r\]\[data\][61],axi_mst_resp_i\[r\]\[data\][61],INPUT,1,0,93652,0,93684,274,5.750000128812438e-11,4.2336136374387934e-08,1.1500000257624876e-10,1.1500000257624876e-10
axi_mst_resp_i\[r\]\[data\][62],axi_mst_resp_i\[r\]\[data\][62],INPUT,1,0,93636,0,93660,334,5.750000128812438e-11,4.281744026002343e-08,1.1500000257624876e-10,1.1500000257624876e-10
axi_mst_resp_i\[r\]\[data\][63],axi_mst_resp_i\[r\]\[data\][63],INPUT,1,0,93652,390722,93684,390996,5.750000128812438e-11,4.2387139131960794e-08,1.1500000257624876e-10,1.1500000257624876e-10
axi_mst_resp_i\[r\]\[data\][64],axi_mst_resp_i\[r\]\[data\][64],INPUT,1,0,93636,390662,93660,390996,5.750000128812438e-11,4.244697393573915e-08,1.1500000257624876e-10,1.1500000257624876e-10
axi_mst_resp_i\[r\]\[data\][65],axi_mst_resp_i\[r\]\[data\][65],INPUT,1,0,99012,0,99036,334,5.750000128812438e-11,4.3125908177898964e-08,1.1500000257624876e-10,1.1500000257624876e-10
axi_mst_resp_i\[r\]\[data\][66],axi_mst_resp_i\[r\]\[data\][66],INPUT,1,0,99012,390662,99036,390996,5.750000128812438e-11,3.9185366063065885e-08,1.1500000257624876e-10,1.1500000257624876e-10
axi_mst_resp_i\[r\]\[data\][67],axi_mst_resp_i\[r\]\[data\][67],INPUT,1,0,391202,98904,391536,98928,5.750000128812438e-11,4.286749444304405e-08,1.1500000257624876e-10,1.1500000257624876e-10
axi_mst_resp_i\[r\]\[data\][68],axi_mst_resp_i\[r\]\[data\][68],INPUT,1,0,0,98904,334,98928,5.750000128812438e-11,4.242837903234431e-08,1.1500000257624876e-10,1.1500000257624876e-10
axi_mst_resp_i\[r\]\[data\][69],axi_mst_resp_i\[r\]\[data\][69],INPUT,1,0,391262,93716,391536,93748,5.750000128812438e-11,4.2899205965341025e-08,1.1500000257624876e-10,1.1500000257624876e-10
axi_mst_resp_i\[r\]\[data\][6],axi_mst_resp_i\[r\]\[data\][6],INPUT,1,0,0,99384,334,99408,5.750000128812438e-11,4.250802021488198e-08,1.1500000257624876e-10,1.1500000257624876e-10
axi_mst_resp_i\[r\]\[data\][70],axi_mst_resp_i\[r\]\[data\][70],INPUT,1,0,0,93716,274,93748,5.750000128812438e-11,4.252365570778238e-08,1.1500000257624876e-10,1.1500000257624876e-10
axi_mst_resp_i\[r\]\[data\][71],axi_mst_resp_i\[r\]\[data\][71],INPUT,1,0,93732,0,93756,334,5.750000128812438e-11,4.251467800031605e-08,1.1500000257624876e-10,1.1500000257624876e-10
axi_mst_resp_i\[r\]\[data\][72],axi_mst_resp_i\[r\]\[data\][72],INPUT,1,0,93732,390662,93756,390996,5.750000128812438e-11,4.253139707088849e-08,1.1500000257624876e-10,1.1500000257624876e-10
axi_mst_resp_i\[r\]\[data\][73],axi_mst_resp_i\[r\]\[data\][73],INPUT,1,0,391262,98836,391536,98868,5.750000128812438e-11,4.2896477481235706e-08,1.1500000257624876e-10,1.1500000257624876e-10
axi_mst_resp_i\[r\]\[data\][74],axi_mst_resp_i\[r\]\[data\][74],INPUT,1,0,0,98836,274,98868,5.750000128812438e-11,4.2404582956123704e-08,1.1500000257624876e-10,1.1500000257624876e-10
axi_mst_resp_i\[r\]\[data\][75],axi_mst_resp_i\[r\]\[data\][75],INPUT,1,0,98900,0,98932,274,5.750000128812438e-11,4.2426616886359625e-08,1.1500000257624876e-10,1.1500000257624876e-10
axi_mst_resp_i\[r\]\[data\][76],axi_mst_resp_i\[r\]\[data\][76],INPUT,1,0,98916,0,98940,334,5.750000128812438e-11,3.9357658465632994e-08,1.1500000257624876e-10,1.1500000257624876e-10
axi_mst_resp_i\[r\]\[data\][77],axi_mst_resp_i\[r\]\[data\][77],INPUT,1,0,98900,390722,98932,390996,5.750000128812438e-11,4.217641347281642e-08,1.1500000257624876e-10,1.1500000257624876e-10
axi_mst_resp_i\[r\]\[data\][78],axi_mst_resp_i\[r\]\[data\][78],INPUT,1,0,98916,390662,98940,390996,5.750000128812438e-11,4.247706542059859e-08,1.1500000257624876e-10,1.1500000257624876e-10
axi_mst_resp_i\[r\]\[data\][79],axi_mst_resp_i\[r\]\[data\][79],INPUT,1,0,93780,0,93812,274,5.750000128812438e-11,4.2587203097355086e-08,1.1500000257624876e-10,1.1500000257624876e-10
axi_mst_resp_i\[r\]\[data\][7],axi_mst_resp_i\[r\]\[data\][7],INPUT,1,0,391262,99348,391536,99380,5.750000128812438e-11,4.2715985415497926e-08,1.1500000257624876e-10,1.1500000257624876e-10
axi_mst_resp_i\[r\]\[data\][80],axi_mst_resp_i\[r\]\[data\][80],INPUT,1,0,391202,93784,391536,93808,5.750000128812438e-11,4.2861497462354237e-08,1.1500000257624876e-10,1.1500000257624876e-10
axi_mst_resp_i\[r\]\[data\][81],axi_mst_resp_i\[r\]\[data\][81],INPUT,1,0,93780,390722,93812,390996,5.750000128812438e-11,4.241936935045487e-08,1.1500000257624876e-10,1.1500000257624876e-10
axi_mst_resp_i\[r\]\[data\][82],axi_mst_resp_i\[r\]\[data\][82],INPUT,1,0,0,93784,334,93808,5.750000128812438e-11,4.297377742545905e-08,1.1500000257624876e-10,1.1500000257624876e-10
axi_mst_resp_i\[r\]\[data\][83],axi_mst_resp_i\[r\]\[data\][83],INPUT,1,0,93828,0,93852,334,5.750000128812438e-11,4.235531747553978e-08,1.1500000257624876e-10,1.1500000257624876e-10
axi_mst_resp_i\[r\]\[data\][84],axi_mst_resp_i\[r\]\[data\][84],INPUT,1,0,93828,390662,93852,390996,5.750000128812438e-11,4.2757989149322384e-08,1.1500000257624876e-10,1.1500000257624876e-10
axi_mst_resp_i\[r\]\[data\][85],axi_mst_resp_i\[r\]\[data\][85],INPUT,1,0,391262,93844,391536,93876,5.750000128812438e-11,4.254632557376681e-08,1.1500000257624876e-10,1.1500000257624876e-10
axi_mst_resp_i\[r\]\[data\][86],axi_mst_resp_i\[r\]\[data\][86],INPUT,1,0,0,93844,274,93876,5.750000128812438e-11,3.958843564078052e-08,1.1500000257624876e-10,1.1500000257624876e-10
axi_mst_resp_i\[r\]\[data\][87],axi_mst_resp_i\[r\]\[data\][87],INPUT,1,0,98820,0,98844,334,5.750000128812438e-11,4.252180119124205e-08,1.1500000257624876e-10,1.1500000257624876e-10
axi_mst_resp_i\[r\]\[data\][88],axi_mst_resp_i\[r\]\[data\][88],INPUT,1,0,98820,390662,98844,390996,5.750000128812438e-11,4.234690464954838e-08,1.1500000257624876e-10,1.1500000257624876e-10
axi_mst_resp_i\[r\]\[data\][89],axi_mst_resp_i\[r\]\[data\][89],INPUT,1,0,391202,98744,391536,98768,5.750000128812438e-11,4.2694665580711444e-08,1.1500000257624876e-10,1.1500000257624876e-10
axi_mst_resp_i\[r\]\[data\][8],axi_mst_resp_i\[r\]\[data\][8],INPUT,1,0,0,99348,274,99380,5.750000128812438e-11,4.251657514942053e-08,1.1500000257624876e-10,1.1500000257624876e-10
axi_mst_resp_i\[r\]\[data\][90],axi_mst_resp_i\[r\]\[data\][90],INPUT,1,0,0,98744,334,98768,5.750000128812438e-11,4.253319119129628e-08,1.1500000257624876e-10,1.1500000257624876e-10
axi_mst_resp_i\[r\]\[data\][91],axi_mst_resp_i\[r\]\[data\][91],INPUT,1,0,391262,98708,391536,98740,5.750000128812438e-11,4.321903901427504e-08,1.1500000257624876e-10,1.1500000257624876e-10
axi_mst_resp_i\[r\]\[data\][92],axi_mst_resp_i\[r\]\[data\][92],INPUT,1,0,0,98708,274,98740,5.750000128812438e-11,3.9499941095755275e-08,1.1500000257624876e-10,1.1500000257624876e-10
axi_mst_resp_i\[r\]\[data\][93],axi_mst_resp_i\[r\]\[data\][93],INPUT,1,0,98772,0,98804,274,5.750000128812438e-11,4.2835615943204175e-08,1.1500000257624876e-10,1.1500000257624876e-10
axi_mst_resp_i\[r\]\[data\][94],axi_mst_resp_i\[r\]\[data\][94],INPUT,1,0,98772,390722,98804,390996,5.750000128812438e-11,4.2423710766570366e-08,1.1500000257624876e-10,1.1500000257624876e-10
axi_mst_resp_i\[r\]\[data\][95],axi_mst_resp_i\[r\]\[data\][95],INPUT,1,0,93908,0,93940,274,5.750000128812438e-11,4.278282972336456e-08,1.1500000257624876e-10,1.1500000257624876e-10
axi_mst_resp_i\[r\]\[data\][96],axi_mst_resp_i\[r\]\[data\][96],INPUT,1,0,93908,390722,93940,390996,5.750000128812438e-11,4.2162138669255e-08,1.1500000257624876e-10,1.1500000257624876e-10
axi_mst_resp_i\[r\]\[data\][97],axi_mst_resp_i\[r\]\[data\][97],INPUT,1,0,93924,0,93948,334,5.750000128812438e-11,4.275060305758416e-08,1.1500000257624876e-10,1.1500000257624876e-10
axi_mst_resp_i\[r\]\[data\][98],axi_mst_resp_i\[r\]\[data\][98],INPUT,1,0,93924,390662,93948,390996,5.750000128812438e-11,3.945804394334118e-08,1.1500000257624876e-10,1.1500000257624876e-10
axi_mst_resp_i\[r\]\[data\][99],axi_mst_resp_i\[r\]\[data\][99],INPUT,1,0,391202,93944,391536,93968,5.750000128812438e-11,4.284745358518194e-08,1.1500000257624876e-10,1.1500000257624876e-10
axi_mst_resp_i\[r\]\[data\][9],axi_mst_resp_i\[r\]\[data\][9],INPUT,1,0,99412,0,99444,274,5.750000128812438e-11,4.233572781231487e-08,1.1500000257624876e-10,1.1500000257624876e-10
axi_mst_resp_i\[r\]\[id\][0],axi_mst_resp_i\[r\]\[id\][0],INPUT,1,0,0,93144,334,93168,5.750000128812438e-11,-1.1500000257624876e-10,1.1500000257624876e-10,1.1500000257624876e-10
axi_mst_resp_i\[r\]\[id\][1],axi_mst_resp_i\[r\]\[id\][1],INPUT,1,0,93156,0,93180,334,5.750000128812438e-11,4.250259522109445e-08,1.1500000257624876e-10,1.1500000257624876e-10
axi_mst_resp_i\[r\]\[last\],axi_mst_resp_i\[r\]\[last\],INPUT,1,0,86532,0,86556,334,5.750000128812438e-11,4.255986141288304e-08,1.1500000257624876e-10,1.1500000257624876e-10
axi_mst_resp_i\[r\]\[resp\][0],axi_mst_resp_i\[r\]\[resp\][0],INPUT,1,0,391202,93144,391536,93168,5.750000128812438e-11,-1.1500000257624876e-10,1.1500000257624876e-10,1.1500000257624876e-10
axi_mst_resp_i\[r\]\[resp\][1],axi_mst_resp_i\[r\]\[resp\][1],INPUT,1,0,93140,390722,93172,390996,5.750000128812438e-11,-1.1500000257624876e-10,1.1500000257624876e-10,1.1500000257624876e-10
axi_mst_resp_i\[r\]\[user\],axi_mst_resp_i\[r\]\[user\],INPUT,1,0,86532,390662,86556,390996,5.750000128812438e-11,-1.1500000257624876e-10,1.1500000257624876e-10,1.1500000257624876e-10
axi_mst_resp_i\[r_valid\],axi_mst_resp_i\[r_valid\],INPUT,1,0,0,106132,274,106164,5.750000128812438e-11,3.810280091443019e-08,1.1500000257624876e-10,1.1500000257624876e-10
axi_mst_resp_i\[w_ready\],axi_mst_resp_i\[w_ready\],INPUT,1,0,391202,106104,391536,106128,5.750000128812438e-11,3.586294994306627e-08,1.1500000257624876e-10,1.1500000257624876e-10
clk_i,clk_i,INPUT,1,0,96324,390662,96348,390996,5.750000128812438e-11,-7.057157347389875e-08,0.0,1.500000013088254e-09
rst_ni,rst_ni,INPUT,1,0,391202,105624,391536,105648,5.750000128812438e-11,1.0000000150474662e+30,-1.0000000150474662e+30,-1.0000000150474662e+30
scan_data_i,scan_data_i,INPUT,1,0,105732,0,105756,334,5.750000128812438e-11,-1.1500000257624876e-10,1.1500000257624876e-10,1.1500000257624876e-10
scan_enable_i,scan_enable_i,INPUT,1,0,105732,390662,105756,390996,5.750000128812438e-11,-1.1500000257624876e-10,1.1500000257624876e-10,1.1500000257624876e-10
tcdm_master_east_req_o\[be\][0],tcdm_master_east_req_o\[be\][0],OUTPUT,0,1,0,99476,274,99508,1.8392923295529329e-10,-4.4046764458016696e-08,4.693176336445504e-08,4.6670450615238224e-08
tcdm_master_east_req_o\[be\][1],tcdm_master_east_req_o\[be\][1],OUTPUT,0,1,99540,0,99572,274,2.079498795382051e-10,-4.405604414614572e-08,4.6941043052584064e-08,4.6677971710096244e-08
tcdm_master_east_req_o\[be\][2],tcdm_master_east_req_o\[be\][2],OUTPUT,0,1,99540,390722,99572,390996,5.148562687296021e-10,-4.419732846372426e-08,4.6911388551507116e-08,4.70823273701626e-08
tcdm_master_east_req_o\[be\][3],tcdm_master_east_req_o\[be\][3],OUTPUT,0,1,93140,0,93172,274,2.1304011332823336e-10,-4.4058019454951136e-08,4.694301836138948e-08,4.661179531240123e-08
tcdm_master_east_req_o\[tgt_addr\][0],tcdm_master_east_req_o\[tgt_addr\][0],OUTPUT,0,1,99684,390662,99708,390996,5.201755692851862e-10,-4.419303323288659e-08,4.707803213932493e-08,4.682299348246488e-08
tcdm_master_east_req_o\[tgt_addr\][10],tcdm_master_east_req_o\[tgt_addr\][10],OUTPUT,0,1,99588,390662,99612,390996,5.264985114550313e-10,-4.415997878481903e-08,4.704497769125737e-08,4.6723290125783024e-08
tcdm_master_east_req_o\[tgt_addr\][11],tcdm_master_east_req_o\[tgt_addr\][11],OUTPUT,0,1,391262,99476,391536,99508,2.4324656178187354e-10,-4.4046799985153484e-08,4.6931798891591825e-08,4.673755071848973e-08
tcdm_master_east_req_o\[tgt_addr\][1],tcdm_master_east_req_o\[tgt_addr\][1],OUTPUT,0,1,93012,0,93044,274,2.1952327455831977e-10,-4.406160059033937e-08,4.694659949677771e-08,4.67097862610899e-08
tcdm_master_east_req_o\[tgt_addr\][2],tcdm_master_east_req_o\[tgt_addr\][2],OUTPUT,0,1,93012,390722,93044,390996,4.500535361051661e-11,-4.473588077757995e-08,4.762087968401829e-08,4.757646010489225e-08
tcdm_master_east_req_o\[tgt_addr\][3],tcdm_master_east_req_o\[tgt_addr\][3],OUTPUT,0,1,93060,0,93084,334,1.9761756120395546e-10,-4.4023188650044176e-08,4.690818755648252e-08,4.66072584970334e-08
tcdm_master_east_req_o\[tgt_addr\][4],tcdm_master_east_req_o\[tgt_addr\][4],OUTPUT,0,1,93060,390662,93084,390996,5.40157418793541e-10,-4.420058630216772e-08,4.708558520860606e-08,4.683117538206716e-08
tcdm_master_east_req_o\[tgt_addr\][5],tcdm_master_east_req_o\[tgt_addr\][5],OUTPUT,0,1,391202,99544,391536,99568,3.040194485048886e-11,-4.441911727326442e-08,4.730411617970276e-08,4.716821777606128e-08
tcdm_master_east_req_o\[tgt_addr\][6],tcdm_master_east_req_o\[tgt_addr\][6],OUTPUT,0,1,0,99544,334,99568,2.0485355078925238e-10,-4.388791552401017e-08,4.677291443044851e-08,4.644524409513906e-08
tcdm_master_east_req_o\[tgt_addr\][7],tcdm_master_east_req_o\[tgt_addr\][7],OUTPUT,0,1,391262,93076,391536,93108,2.544686406036334e-10,-4.390793506559021e-08,4.679293397202855e-08,4.646701512456275e-08
tcdm_master_east_req_o\[tgt_addr\][8],tcdm_master_east_req_o\[tgt_addr\][8],OUTPUT,0,1,0,93076,274,93108,1.9078562341068306e-10,-4.4049432545989475e-08,4.6934431452427816e-08,4.6674085041331637e-08
tcdm_master_east_req_o\[tgt_addr\][9],tcdm_master_east_req_o\[tgt_addr\][9],OUTPUT,0,1,99588,0,99612,334,3.158951572546087e-11,-4.436388323370011e-08,4.719535695585364e-08,4.724888214013845e-08
tcdm_master_east_req_o\[wdata\]\[amo\][0],tcdm_master_east_req_o\[wdata\]\[amo\][0],OUTPUT,0,1,0,99604,274,99636,1.8524533296204737e-10,-4.404746078989774e-08,4.693245969633608e-08,4.667113984169191e-08
tcdm_master_east_req_o\[wdata\]\[amo\][1],tcdm_master_east_req_o\[wdata\]\[amo\][1],OUTPUT,0,1,99668,0,99700,274,1.9869528244953472e-10,-4.405179510058588e-08,4.693679400702422e-08,4.660686769852873e-08
tcdm_master_east_req_o\[wdata\]\[amo\][2],tcdm_master_east_req_o\[wdata\]\[amo\][2],OUTPUT,0,1,99684,0,99708,334,2.1091312030208087e-10,-4.405812958907518e-08,4.694312849551352e-08,4.670759778946376e-08
tcdm_master_east_req_o\[wdata\]\[amo\][3],tcdm_master_east_req_o\[wdata\]\[amo\][3],OUTPUT,0,1,99668,390722,99700,390996,5.34985777900232e-10,-4.4163083856574303e-08,4.7048082763012644e-08,4.679479914670992e-08
tcdm_master_east_req_o\[wdata\]\[core_id\][0],tcdm_master_east_req_o\[wdata\]\[core_id\][0],OUTPUT,0,1,0,92984,334,93008,2.488900197050725e-10,-4.4049375702570615e-08,4.6790990637646246e-08,4.6934374609008955e-08
tcdm_master_east_req_o\[wdata\]\[core_id\][1],tcdm_master_east_req_o\[wdata\]\[core_id\][1],OUTPUT,0,1,391262,99604,391536,99636,2.477184568583368e-10,-4.3903057189709216e-08,4.6788056096147557e-08,4.6743991788389394e-08
tcdm_master_east_req_o\[wdata\]\[data\][0],tcdm_master_east_req_o\[wdata\]\[data\][0],OUTPUT,0,1,391262,99860,391536,99892,2.3299676077392917e-10,-4.404218501008472e-08,4.692718391652306e-08,4.6741970294306157e-08
tcdm_master_east_req_o\[wdata\]\[data\][10],tcdm_master_east_req_o\[wdata\]\[data\][10],OUTPUT,0,1,99876,390662,99900,390996,6.287111942171464e-10,-4.423171162670769e-08,4.693543331768524e-08,4.7116710533146033e-08
tcdm_master_east_req_o\[wdata\]\[data\][11],tcdm_master_east_req_o\[wdata\]\[data\][11],OUTPUT,0,1,391202,92824,391536,92848,2.2844191815973858e-10,-4.410460263670757e-08,4.694505406632743e-08,4.698960154314591e-08
tcdm_master_east_req_o\[wdata\]\[data\][12],tcdm_master_east_req_o\[wdata\]\[data\][12],OUTPUT,0,1,391262,92820,391536,92852,2.5609669940251933e-10,-4.405421094588746e-08,4.69392098523258e-08,4.674792108971815e-08
tcdm_master_east_req_o\[wdata\]\[data\][13],tcdm_master_east_req_o\[wdata\]\[data\][13],OUTPUT,0,1,0,92824,334,92848,2.3134866244944874e-10,-4.404018483228356e-08,4.69251837387219e-08,4.6623586769101166e-08
tcdm_master_east_req_o\[wdata\]\[data\][14],tcdm_master_east_req_o\[wdata\]\[data\][14],OUTPUT,0,1,0,92820,274,92852,3.087274186297506e-11,-4.4399229182090494e-08,4.7284228088528835e-08,4.723215241142498e-08
tcdm_master_east_req_o\[wdata\]\[data\][15],tcdm_master_east_req_o\[wdata\]\[data\][15],OUTPUT,0,1,99796,0,99828,274,3.384113475557449e-11,-4.436494549509007e-08,4.724156354996012e-08,4.724994440152841e-08
tcdm_master_east_req_o\[wdata\]\[data\][16],tcdm_master_east_req_o\[wdata\]\[data\][16],OUTPUT,0,1,99796,390722,99828,390996,5.644293366025011e-10,-4.429708866382498e-08,4.692721589094617e-08,4.718208757026332e-08
tcdm_master_east_req_o\[wdata\]\[data\][17],tcdm_master_east_req_o\[wdata\]\[data\][17],OUTPUT,0,1,92884,0,92916,274,3.1101288211488054e-11,-4.449454849009271e-08,4.737954739653105e-08,4.7254879120828264e-08
tcdm_master_east_req_o\[wdata\]\[data\][18],tcdm_master_east_req_o\[wdata\]\[data\][18],OUTPUT,0,1,92868,0,92892,334,1.962302681457473e-10,-4.405256603945418e-08,4.693756494589252e-08,4.667573705319228e-08
tcdm_master_east_req_o\[wdata\]\[data\][19],tcdm_master_east_req_o\[wdata\]\[data\][19],OUTPUT,0,1,92884,390722,92916,390996,5.71044100894369e-10,-4.4218140260454675e-08,4.693136901323669e-08,4.7103139166893015e-08
tcdm_master_east_req_o\[wdata\]\[data\][1],tcdm_master_east_req_o\[wdata\]\[data\][1],OUTPUT,0,1,0,99864,334,99888,3.154385780357316e-11,-4.441096024265789e-08,4.7295959149096234e-08,4.706761913553237e-08
tcdm_master_east_req_o\[wdata\]\[data\][20],tcdm_master_east_req_o\[wdata\]\[data\][20],OUTPUT,0,1,92868,390662,92892,390996,5.570278682753838e-10,-4.420378374447864e-08,4.708878265091698e-08,4.6836341027756134e-08
tcdm_master_east_req_o\[wdata\]\[data\][21],tcdm_master_east_req_o\[wdata\]\[data\][21],OUTPUT,0,1,99780,0,99804,334,2.540058996469696e-10,-4.414521015405626e-08,4.695399624665697e-08,4.70302090604946e-08
tcdm_master_east_req_o\[wdata\]\[data\][22],tcdm_master_east_req_o\[wdata\]\[data\][22],OUTPUT,0,1,99780,390662,99804,390996,4.6388410473996444e-11,-4.460360614189085e-08,4.7178996709362764e-08,4.748860504832919e-08
tcdm_master_east_req_o\[wdata\]\[data\][23],tcdm_master_east_req_o\[wdata\]\[data\][23],OUTPUT,0,1,391202,99704,391536,99728,2.297314283250529e-10,-4.404157394333197e-08,4.692657284977031e-08,4.674313913710648e-08
tcdm_master_east_req_o\[wdata\]\[data\][24],tcdm_master_east_req_o\[wdata\]\[data\][24],OUTPUT,0,1,391262,99732,391536,99764,3.036159518243764e-11,-4.4368185569965135e-08,4.7253184476403476e-08,4.720815383052468e-08
tcdm_master_east_req_o\[wdata\]\[data\][25],tcdm_master_east_req_o\[wdata\]\[data\][25],OUTPUT,0,1,0,99704,334,99728,2.2881885275438663e-10,-4.404165920846026e-08,4.69266581148986e-08,4.673954023814986e-08
tcdm_master_east_req_o\[wdata\]\[data\][26],tcdm_master_east_req_o\[wdata\]\[data\][26],OUTPUT,0,1,0,99732,274,99764,2.1897858526465086e-10,-4.403603526270672e-08,4.692103416914506e-08,4.668813957664497e-08
tcdm_master_east_req_o\[wdata\]\[data\][27],tcdm_master_east_req_o\[wdata\]\[data\][27],OUTPUT,0,1,391262,92948,391536,92980,2.3181952191198008e-10,-4.411856835417893e-08,4.694565092222547e-08,4.7003567260617274e-08
tcdm_master_east_req_o\[wdata\]\[data\][28],tcdm_master_east_req_o\[wdata\]\[data\][28],OUTPUT,0,1,0,92948,274,92980,2.8926203099466363e-10,-4.4066730708891555e-08,4.6951729615329896e-08,4.675632681028219e-08
tcdm_master_east_req_o\[wdata\]\[data\][29],tcdm_master_east_req_o\[wdata\]\[data\][29],OUTPUT,0,1,92964,0,92988,334,2.2010218647672275e-10,-4.3892605106066185e-08,4.6777604012504526e-08,4.6449351032151753e-08
tcdm_master_east_req_o\[wdata\]\[data\][2],tcdm_master_east_req_o\[wdata\]\[data\][2],OUTPUT,0,1,0,99860,274,99892,3.165602155408287e-11,-4.44166232682619e-08,4.730162217470024e-08,4.728634905859508e-08
tcdm_master_east_req_o\[wdata\]\[data\][30],tcdm_master_east_req_o\[wdata\]\[data\][30],OUTPUT,0,1,92964,390662,92988,390996,5.860636420607079e-10,-4.418676269324351e-08,4.707176159968185e-08,4.6817202559168436e-08
tcdm_master_east_req_o\[wdata\]\[data\][31],tcdm_master_east_req_o\[wdata\]\[data\][31],OUTPUT,0,1,391202,92984,391536,93008,3.11312017831078e-11,-4.439983669612957e-08,4.723560920183445e-08,4.728483560256791e-08
tcdm_master_east_req_o\[wdata\]\[data\][3],tcdm_master_east_req_o\[wdata\]\[data\][3],OUTPUT,0,1,99924,0,99956,274,2.1683382867010437e-10,-4.403487352533375e-08,4.691987243177209e-08,4.6687265609079986e-08
tcdm_master_east_req_o\[wdata\]\[data\][4],tcdm_master_east_req_o\[wdata\]\[data\][4],OUTPUT,0,1,99924,390722,99956,390996,4.5162235062790046e-11,-4.475332104902918e-08,4.763831995546752e-08,4.74658961024943e-08
tcdm_master_east_req_o\[wdata\]\[data\][5],tcdm_master_east_req_o\[wdata\]\[data\][5],OUTPUT,0,1,92756,0,92788,274,2.266681981000218e-10,-4.403749187531503e-08,4.692249078175337e-08,4.6621039473393466e-08
tcdm_master_east_req_o\[wdata\]\[data\][6],tcdm_master_east_req_o\[wdata\]\[data\][6],OUTPUT,0,1,92756,390722,92788,390996,4.600116468300719e-11,-4.481753990148718e-08,4.770253880792552e-08,4.761751526416447e-08
tcdm_master_east_req_o\[wdata\]\[data\][7],tcdm_master_east_req_o\[wdata\]\[data\][7],OUTPUT,0,1,92772,0,92796,334,3.118844071892113e-11,-4.4502087348519126e-08,4.738708625495747e-08,4.725735180954871e-08
tcdm_master_east_req_o\[wdata\]\[data\][8],tcdm_master_east_req_o\[wdata\]\[data\][8],OUTPUT,0,1,92772,390662,92796,390996,4.767943678762876e-11,-4.4784442820855475e-08,4.7669441727293815e-08,4.755211691076511e-08
tcdm_master_east_req_o\[wdata\]\[data\][9],tcdm_master_east_req_o\[wdata\]\[data\][9],OUTPUT,0,1,99876,0,99900,334,2.2264279309069934e-10,-4.4054765169221355e-08,4.6939764075659696e-08,4.668580189104432e-08
tcdm_master_east_req_o\[wdata\]\[meta_id\][0],tcdm_master_east_req_o\[wdata\]\[meta_id\][0],OUTPUT,0,1,99972,0,99996,334,2.9979022736492666e-11,-4.442145851157875e-08,4.730645741801709e-08,4.663294106421745e-08
tcdm_master_east_req_o\[wdata\]\[meta_id\][1],tcdm_master_east_req_o\[wdata\]\[meta_id\][1],OUTPUT,0,1,99972,390662,99996,390996,5.184044304940016e-10,-4.42753496088244e-08,4.6908517958854645e-08,4.716034851526274e-08
tcdm_master_east_req_o\[wdata\]\[meta_id\][2],tcdm_master_east_req_o\[wdata\]\[meta_id\][2],OUTPUT,0,1,391202,99864,391536,99888,2.438788615499732e-10,-4.405427844744736e-08,4.678899756527244e-08,4.69392773538857e-08
tcdm_master_east_req_o\[wen\],tcdm_master_east_req_o\[wen\],OUTPUT,0,1,105812,0,105844,274,1.8731394213489239e-10,-4.4018257483458e-08,4.690325638989634e-08,4.667102260214051e-08
tcdm_master_east_req_ready_i,tcdm_master_east_req_ready_i,INPUT,1,0,391262,105748,391536,105780,5.750000128812438e-11,3.2778213920892085e-08,1.1500000257624876e-10,1.1500000257624876e-10
tcdm_master_east_req_valid_o,tcdm_master_east_req_valid_o,OUTPUT,0,1,0,105748,274,105780,1.0768142627570754e-10,-4.3520451242784475e-08,4.5689308336704926e-08,4.6405450149222816e-08
tcdm_master_east_resp_i\[rdata\]\[amo\][0],tcdm_master_east_resp_i\[rdata\]\[amo\][0],INPUT,1,0,92676,0,92700,334,5.750000128812438e-11,-1.1500000257624876e-10,1.1500000257624876e-10,1.1500000257624876e-10
tcdm_master_east_resp_i\[rdata\]\[amo\][1],tcdm_master_east_resp_i\[rdata\]\[amo\][1],INPUT,1,0,92676,390662,92700,390996,5.750000128812438e-11,-1.1500000257624876e-10,1.1500000257624876e-10,1.1500000257624876e-10
tcdm_master_east_resp_i\[rdata\]\[amo\][2],tcdm_master_east_resp_i\[rdata\]\[amo\][2],INPUT,1,0,391262,92692,391536,92724,5.750000128812438e-11,-1.1500000257624876e-10,1.1500000257624876e-10,1.1500000257624876e-10
tcdm_master_east_resp_i\[rdata\]\[amo\][3],tcdm_master_east_resp_i\[rdata\]\[amo\][3],INPUT,1,0,0,92692,274,92724,5.750000128812438e-11,-1.1500000257624876e-10,1.1500000257624876e-10,1.1500000257624876e-10
tcdm_master_east_resp_i\[rdata\]\[core_id\][0],tcdm_master_east_resp_i\[rdata\]\[core_id\][0],INPUT,1,0,391202,92664,391536,92688,5.750000128812438e-11,1.608416333453988e-08,1.1500000257624876e-10,1.1500000257624876e-10
tcdm_master_east_resp_i\[rdata\]\[core_id\][1],tcdm_master_east_resp_i\[rdata\]\[core_id\][1],INPUT,1,0,0,92664,334,92688,5.750000128812438e-11,1.6173480332781764e-08,1.1500000257624876e-10,1.1500000257624876e-10
tcdm_master_east_resp_i\[rdata\]\[data\][0],tcdm_master_east_resp_i\[rdata\]\[data\][0],INPUT,1,0,100260,0,100284,334,5.750000128812438e-11,2.028116341534769e-08,1.1500000257624876e-10,1.1500000257624876e-10
tcdm_master_east_resp_i\[rdata\]\[data\][10],tcdm_master_east_resp_i\[rdata\]\[data\][10],INPUT,1,0,92500,0,92532,274,5.750000128812438e-11,2.0814054479956212e-08,1.1500000257624876e-10,1.1500000257624876e-10
tcdm_master_east_resp_i\[rdata\]\[data\][11],tcdm_master_east_resp_i\[rdata\]\[data\][11],INPUT,1,0,92484,0,92508,334,5.750000128812438e-11,2.0438003289768858e-08,1.1500000257624876e-10,1.1500000257624876e-10
tcdm_master_east_resp_i\[rdata\]\[data\][12],tcdm_master_east_resp_i\[rdata\]\[data\][12],INPUT,1,0,391202,92504,391536,92528,5.750000128812438e-11,1.970707330656296e-08,1.1500000257624876e-10,1.1500000257624876e-10
tcdm_master_east_resp_i\[rdata\]\[data\][13],tcdm_master_east_resp_i\[rdata\]\[data\][13],INPUT,1,0,92500,390722,92532,390996,5.750000128812438e-11,1.917734948619909e-08,1.1500000257624876e-10,1.1500000257624876e-10
tcdm_master_east_resp_i\[rdata\]\[data\][14],tcdm_master_east_resp_i\[rdata\]\[data\][14],INPUT,1,0,92484,390662,92508,390996,5.750000128812438e-11,1.9621730018570815e-08,1.1500000257624876e-10,1.1500000257624876e-10
tcdm_master_east_resp_i\[rdata\]\[data\][15],tcdm_master_east_resp_i\[rdata\]\[data\][15],INPUT,1,0,0,92504,334,92528,5.750000128812438e-11,1.789310566380209e-08,1.1500000257624876e-10,1.1500000257624876e-10
tcdm_master_east_resp_i\[rdata\]\[data\][16],tcdm_master_east_resp_i\[rdata\]\[data\][16],INPUT,1,0,100164,0,100188,334,5.750000128812438e-11,1.984168918056639e-08,1.1500000257624876e-10,1.1500000257624876e-10
tcdm_master_east_resp_i\[rdata\]\[data\][17],tcdm_master_east_resp_i\[rdata\]\[data\][17],INPUT,1,0,100164,390662,100188,390996,5.750000128812438e-11,1.8612013263918925e-08,1.1500000257624876e-10,1.1500000257624876e-10
tcdm_master_east_resp_i\[rdata\]\[data\][18],tcdm_master_east_resp_i\[rdata\]\[data\][18],INPUT,1,0,391262,92564,391536,92596,5.750000128812438e-11,1.8606158391776262e-08,1.1500000257624876e-10,1.1500000257624876e-10
tcdm_master_east_resp_i\[rdata\]\[data\][19],tcdm_master_east_resp_i\[rdata\]\[data\][19],INPUT,1,0,0,92564,274,92596,5.750000128812438e-11,1.961644890968728e-08,1.1500000257624876e-10,1.1500000257624876e-10
tcdm_master_east_resp_i\[rdata\]\[data\][1],tcdm_master_east_resp_i\[rdata\]\[data\][1],INPUT,1,0,100260,390662,100284,390996,5.750000128812438e-11,2.07980939137542e-08,1.1500000257624876e-10,1.1500000257624876e-10
tcdm_master_east_resp_i\[rdata\]\[data\][20],tcdm_master_east_resp_i\[rdata\]\[data\][20],INPUT,1,0,92580,0,92604,334,5.750000128812438e-11,1.8226387510367204e-08,1.1500000257624876e-10,1.1500000257624876e-10
tcdm_master_east_resp_i\[rdata\]\[data\][21],tcdm_master_east_resp_i\[rdata\]\[data\][21],INPUT,1,0,92580,390662,92604,390996,5.750000128812438e-11,1.9191356059877762e-08,1.1500000257624876e-10,1.1500000257624876e-10
tcdm_master_east_resp_i\[rdata\]\[data\][22],tcdm_master_east_resp_i\[rdata\]\[data\][22],INPUT,1,0,391202,100024,391536,100048,5.750000128812438e-11,1.8805154766710075e-08,1.1500000257624876e-10,1.1500000257624876e-10
tcdm_master_east_resp_i\[rdata\]\[data\][23],tcdm_master_east_resp_i\[rdata\]\[data\][23],INPUT,1,0,0,100024,334,100048,5.750000128812438e-11,1.7780418914981055e-08,1.1500000257624876e-10,1.1500000257624876e-10
tcdm_master_east_resp_i\[rdata\]\[data\][24],tcdm_master_east_resp_i\[rdata\]\[data\][24],INPUT,1,0,391262,99988,391536,100020,5.750000128812438e-11,1.8848041349883715e-08,1.1500000257624876e-10,1.1500000257624876e-10
tcdm_master_east_resp_i\[rdata\]\[data\][25],tcdm_master_east_resp_i\[rdata\]\[data\][25],INPUT,1,0,0,99988,274,100020,5.750000128812438e-11,1.8707464022327258e-08,1.1500000257624876e-10,1.1500000257624876e-10
tcdm_master_east_resp_i\[rdata\]\[data\][26],tcdm_master_east_resp_i\[rdata\]\[data\][26],INPUT,1,0,100052,0,100084,274,5.750000128812438e-11,1.872887445131255e-08,1.1500000257624876e-10,1.1500000257624876e-10
tcdm_master_east_resp_i\[rdata\]\[data\][27],tcdm_master_east_resp_i\[rdata\]\[data\][27],INPUT,1,0,100068,0,100092,334,5.750000128812438e-11,1.9686032359800265e-08,1.1500000257624876e-10,1.1500000257624876e-10
tcdm_master_east_resp_i\[rdata\]\[data\][28],tcdm_master_east_resp_i\[rdata\]\[data\][28],INPUT,1,0,100052,390722,100084,390996,5.750000128812438e-11,1.8174461047237855e-08,1.1500000257624876e-10,1.1500000257624876e-10
tcdm_master_east_resp_i\[rdata\]\[data\][29],tcdm_master_east_resp_i\[rdata\]\[data\][29],INPUT,1,0,100068,390662,100092,390996,5.750000128812438e-11,1.9260454564573593e-08,1.1500000257624876e-10,1.1500000257624876e-10
tcdm_master_east_resp_i\[rdata\]\[data\][2],tcdm_master_east_resp_i\[rdata\]\[data\][2],INPUT,1,0,391202,100184,391536,100208,5.750000128812438e-11,2.0907512165990738e-08,1.1500000257624876e-10,1.1500000257624876e-10
tcdm_master_east_resp_i\[rdata\]\[data\][30],tcdm_master_east_resp_i\[rdata\]\[data\][30],INPUT,1,0,92628,0,92660,274,5.750000128812438e-11,1.8827330805493148e-08,1.1500000257624876e-10,1.1500000257624876e-10
tcdm_master_east_resp_i\[rdata\]\[data\][31],tcdm_master_east_resp_i\[rdata\]\[data\][31],INPUT,1,0,92628,390722,92660,390996,5.750000128812438e-11,1.7529965035123496e-08,1.1500000257624876e-10,1.1500000257624876e-10
tcdm_master_east_resp_i\[rdata\]\[data\][3],tcdm_master_east_resp_i\[rdata\]\[data\][3],INPUT,1,0,0,100184,334,100208,5.750000128812438e-11,2.0619864926629816e-08,1.1500000257624876e-10,1.1500000257624876e-10
tcdm_master_east_resp_i\[rdata\]\[data\][4],tcdm_master_east_resp_i\[rdata\]\[data\][4],INPUT,1,0,391262,92436,391536,92468,5.750000128812438e-11,2.0775651421445218e-08,1.1500000257624876e-10,1.1500000257624876e-10
tcdm_master_east_resp_i\[rdata\]\[data\][5],tcdm_master_east_resp_i\[rdata\]\[data\][5],INPUT,1,0,0,92436,274,92468,5.750000128812438e-11,1.9595754352508266e-08,1.1500000257624876e-10,1.1500000257624876e-10
tcdm_master_east_resp_i\[rdata\]\[data\][6],tcdm_master_east_resp_i\[rdata\]\[data\][6],INPUT,1,0,391262,100116,391536,100148,5.750000128812438e-11,2.2185192349866156e-08,1.1500000257624876e-10,1.1500000257624876e-10
tcdm_master_east_resp_i\[rdata\]\[data\][7],tcdm_master_east_resp_i\[rdata\]\[data\][7],INPUT,1,0,0,100116,274,100148,5.750000128812438e-11,1.82354629174597e-08,1.1500000257624876e-10,1.1500000257624876e-10
tcdm_master_east_resp_i\[rdata\]\[data\][8],tcdm_master_east_resp_i\[rdata\]\[data\][8],INPUT,1,0,100180,0,100212,274,5.750000128812438e-11,1.9557646169232612e-08,1.1500000257624876e-10,1.1500000257624876e-10
tcdm_master_east_resp_i\[rdata\]\[data\][9],tcdm_master_east_resp_i\[rdata\]\[data\][9],INPUT,1,0,100180,390722,100212,390996,5.750000128812438e-11,2.063163684340452e-08,1.1500000257624876e-10,1.1500000257624876e-10
tcdm_master_east_resp_i\[rdata\]\[meta_id\][0],tcdm_master_east_resp_i\[rdata\]\[meta_id\][0],INPUT,1,0,92372,390722,92404,390996,5.750000128812438e-11,1.6565621763220406e-08,1.1500000257624876e-10,1.1500000257624876e-10
tcdm_master_east_resp_i\[rdata\]\[meta_id\][1],tcdm_master_east_resp_i\[rdata\]\[meta_id\][1],INPUT,1,0,92388,0,92412,334,5.750000128812438e-11,1.6635826938227183e-08,1.1500000257624876e-10,1.1500000257624876e-10
tcdm_master_east_resp_i\[rdata\]\[meta_id\][2],tcdm_master_east_resp_i\[rdata\]\[meta_id\][2],INPUT,1,0,92388,390662,92412,390996,5.750000128812438e-11,1.653643977306274e-08,1.1500000257624876e-10,1.1500000257624876e-10
tcdm_master_east_resp_ready_o,tcdm_master_east_resp_ready_o,OUTPUT,0,1,391202,105784,391536,105808,3.015423744034962e-10,-4.5735252029999174e-08,4.8620250936437515e-08,4.780090634426415e-08
tcdm_master_east_resp_valid_i,tcdm_master_east_resp_valid_i,INPUT,1,0,0,105784,334,105808,5.750000128812438e-11,1.6054393370268372e-08,1.1500000257624876e-10,1.1500000257624876e-10
tcdm_master_local_req_ready_i,tcdm_master_local_req_ready_i,INPUT,1,0,0,86804,274,86836,5.750000128812438e-11,-1.1500000257624876e-10,1.1500000257624876e-10,1.1500000257624876e-10
tcdm_master_local_resp_i\[rdata\]\[amo\][0],tcdm_master_local_resp_i\[rdata\]\[amo\][0],INPUT,1,0,391262,91924,391536,91956,5.750000128812438e-11,-1.1500000257624876e-10,1.1500000257624876e-10,1.1500000257624876e-10
tcdm_master_local_resp_i\[rdata\]\[amo\][1],tcdm_master_local_resp_i\[rdata\]\[amo\][1],INPUT,1,0,0,91924,274,91956,5.750000128812438e-11,-1.1500000257624876e-10,1.1500000257624876e-10,1.1500000257624876e-10
tcdm_master_local_resp_i\[rdata\]\[amo\][2],tcdm_master_local_resp_i\[rdata\]\[amo\][2],INPUT,1,0,100740,0,100764,334,5.750000128812438e-11,-1.1500000257624876e-10,1.1500000257624876e-10,1.1500000257624876e-10
tcdm_master_local_resp_i\[rdata\]\[amo\][3],tcdm_master_local_resp_i\[rdata\]\[amo\][3],INPUT,1,0,100740,390662,100764,390996,5.750000128812438e-11,-1.1500000257624876e-10,1.1500000257624876e-10,1.1500000257624876e-10
tcdm_master_local_resp_i\[rdata\]\[core_id\][0],tcdm_master_local_resp_i\[rdata\]\[core_id\][0],INPUT,1,0,91908,0,91932,334,5.750000128812438e-11,1.614940892125105e-08,1.1500000257624876e-10,1.1500000257624876e-10
tcdm_master_local_resp_i\[rdata\]\[core_id\][1],tcdm_master_local_resp_i\[rdata\]\[core_id\][1],INPUT,1,0,91908,390662,91932,390996,5.750000128812438e-11,1.609965494253629e-08,1.1500000257624876e-10,1.1500000257624876e-10
tcdm_master_local_resp_i\[rdata\]\[data\][0],tcdm_master_local_resp_i\[rdata\]\[data\][0],INPUT,1,0,101028,0,101052,334,5.750000128812438e-11,2.0279784962440317e-08,1.1500000257624876e-10,1.1500000257624876e-10
tcdm_master_local_resp_i\[rdata\]\[data\][10],tcdm_master_local_resp_i\[rdata\]\[data\][10],INPUT,1,0,91732,0,91764,274,5.750000128812438e-11,2.0805671852031082e-08,1.1500000257624876e-10,1.1500000257624876e-10
tcdm_master_local_resp_i\[rdata\]\[data\][11],tcdm_master_local_resp_i\[rdata\]\[data\][11],INPUT,1,0,91716,0,91740,334,5.750000128812438e-11,2.0419772539526093e-08,1.1500000257624876e-10,1.1500000257624876e-10
tcdm_master_local_resp_i\[rdata\]\[data\][12],tcdm_master_local_resp_i\[rdata\]\[data\][12],INPUT,1,0,91732,390722,91764,390996,5.750000128812438e-11,1.9604909695658534e-08,1.1500000257624876e-10,1.1500000257624876e-10
tcdm_master_local_resp_i\[rdata\]\[data\][13],tcdm_master_local_resp_i\[rdata\]\[data\][13],INPUT,1,0,91716,390662,91740,390996,5.750000128812438e-11,1.915839753507953e-08,1.1500000257624876e-10,1.1500000257624876e-10
tcdm_master_local_resp_i\[rdata\]\[data\][14],tcdm_master_local_resp_i\[rdata\]\[data\][14],INPUT,1,0,100932,0,100956,334,5.750000128812438e-11,1.9675727713774904e-08,1.1500000257624876e-10,1.1500000257624876e-10
tcdm_master_local_resp_i\[rdata\]\[data\][15],tcdm_master_local_resp_i\[rdata\]\[data\][15],INPUT,1,0,100932,390662,100956,390996,5.750000128812438e-11,1.782350267376387e-08,1.1500000257624876e-10,1.1500000257624876e-10
tcdm_master_local_resp_i\[rdata\]\[data\][16],tcdm_master_local_resp_i\[rdata\]\[data\][16],INPUT,1,0,391202,100824,391536,100848,5.750000128812438e-11,1.979507580074369e-08,1.1500000257624876e-10,1.1500000257624876e-10
tcdm_master_local_resp_i\[rdata\]\[data\][17],tcdm_master_local_resp_i\[rdata\]\[data\][17],INPUT,1,0,0,100824,334,100848,5.750000128812438e-11,1.8668073309413558e-08,1.1500000257624876e-10,1.1500000257624876e-10
tcdm_master_local_resp_i\[rdata\]\[data\][18],tcdm_master_local_resp_i\[rdata\]\[data\][18],INPUT,1,0,391262,91796,391536,91828,5.750000128812438e-11,1.8605941676241855e-08,1.1500000257624876e-10,1.1500000257624876e-10
tcdm_master_local_resp_i\[rdata\]\[data\][19],tcdm_master_local_resp_i\[rdata\]\[data\][19],INPUT,1,0,0,91796,274,91828,5.750000128812438e-11,1.9603936252110543e-08,1.1500000257624876e-10,1.1500000257624876e-10
tcdm_master_local_resp_i\[rdata\]\[data\][1],tcdm_master_local_resp_i\[rdata\]\[data\][1],INPUT,1,0,101028,390662,101052,390996,5.750000128812438e-11,2.080209782207021e-08,1.1500000257624876e-10,1.1500000257624876e-10
tcdm_master_local_resp_i\[rdata\]\[data\][20],tcdm_master_local_resp_i\[rdata\]\[data\][20],INPUT,1,0,91812,0,91836,334,5.750000128812438e-11,1.8216097075196558e-08,1.1500000257624876e-10,1.1500000257624876e-10
tcdm_master_local_resp_i\[rdata\]\[data\][21],tcdm_master_local_resp_i\[rdata\]\[data\][21],INPUT,1,0,91812,390662,91836,390996,5.750000128812438e-11,1.918680325729838e-08,1.1500000257624876e-10,1.1500000257624876e-10
tcdm_master_local_resp_i\[rdata\]\[data\][22],tcdm_master_local_resp_i\[rdata\]\[data\][22],INPUT,1,0,391262,100756,391536,100788,5.750000128812438e-11,1.8766197484865188e-08,1.1500000257624876e-10,1.1500000257624876e-10
tcdm_master_local_resp_i\[rdata\]\[data\][23],tcdm_master_local_resp_i\[rdata\]\[data\][23],INPUT,1,0,0,100756,274,100788,5.750000128812438e-11,1.7766565107990573e-08,1.1500000257624876e-10,1.1500000257624876e-10
tcdm_master_local_resp_i\[rdata\]\[data\][24],tcdm_master_local_resp_i\[rdata\]\[data\][24],INPUT,1,0,100820,0,100852,274,5.750000128812438e-11,1.88878956919325e-08,1.1500000257624876e-10,1.1500000257624876e-10
tcdm_master_local_resp_i\[rdata\]\[data\][25],tcdm_master_local_resp_i\[rdata\]\[data\][25],INPUT,1,0,100836,0,100860,334,5.750000128812438e-11,1.871302579559142e-08,1.1500000257624876e-10,1.1500000257624876e-10
tcdm_master_local_resp_i\[rdata\]\[data\][26],tcdm_master_local_resp_i\[rdata\]\[data\][26],INPUT,1,0,100820,390722,100852,390996,5.750000128812438e-11,1.8655649469678792e-08,1.1500000257624876e-10,1.1500000257624876e-10
tcdm_master_local_resp_i\[rdata\]\[data\][27],tcdm_master_local_resp_i\[rdata\]\[data\][27],INPUT,1,0,100836,390662,100860,390996,5.750000128812438e-11,1.9571878340229887e-08,1.1500000257624876e-10,1.1500000257624876e-10
tcdm_master_local_resp_i\[rdata\]\[data\][28],tcdm_master_local_resp_i\[rdata\]\[data\][28],INPUT,1,0,91860,0,91892,274,5.750000128812438e-11,1.8245449595610808e-08,1.1500000257624876e-10,1.1500000257624876e-10
tcdm_master_local_resp_i\[rdata\]\[data\][29],tcdm_master_local_resp_i\[rdata\]\[data\][29],INPUT,1,0,391202,91864,391536,91888,5.750000128812438e-11,1.9291659825171337e-08,1.1500000257624876e-10,1.1500000257624876e-10
tcdm_master_local_resp_i\[rdata\]\[data\][2],tcdm_master_local_resp_i\[rdata\]\[data\][2],INPUT,1,0,391262,91668,391536,91700,5.750000128812438e-11,2.0894656671544e-08,1.1500000257624876e-10,1.1500000257624876e-10
tcdm_master_local_resp_i\[rdata\]\[data\][30],tcdm_master_local_resp_i\[rdata\]\[data\][30],INPUT,1,0,91860,390722,91892,390996,5.750000128812438e-11,1.8761459941174508e-08,1.1500000257624876e-10,1.1500000257624876e-10
tcdm_master_local_resp_i\[rdata\]\[data\][31],tcdm_master_local_resp_i\[rdata\]\[data\][31],INPUT,1,0,0,91864,334,91888,5.750000128812438e-11,1.7589741219126154e-08,1.1500000257624876e-10,1.1500000257624876e-10
tcdm_master_local_resp_i\[rdata\]\[data\][3],tcdm_master_local_resp_i\[rdata\]\[data\][3],INPUT,1,0,0,91668,274,91700,5.750000128812438e-11,2.0624190355533756e-08,1.1500000257624876e-10,1.1500000257624876e-10
tcdm_master_local_resp_i\[rdata\]\[data\][4],tcdm_master_local_resp_i\[rdata\]\[data\][4],INPUT,1,0,391202,91704,391536,91728,5.750000128812438e-11,2.0770562159100336e-08,1.1500000257624876e-10,1.1500000257624876e-10
tcdm_master_local_resp_i\[rdata\]\[data\][5],tcdm_master_local_resp_i\[rdata\]\[data\][5],INPUT,1,0,0,91704,334,91728,5.750000128812438e-11,1.9585153054890725e-08,1.1500000257624876e-10,1.1500000257624876e-10
tcdm_master_local_resp_i\[rdata\]\[data\][6],tcdm_master_local_resp_i\[rdata\]\[data\][6],INPUT,1,0,391262,100884,391536,100916,5.750000128812438e-11,2.2160218549061028e-08,1.1500000257624876e-10,1.1500000257624876e-10
tcdm_master_local_resp_i\[rdata\]\[data\][7],tcdm_master_local_resp_i\[rdata\]\[data\][7],INPUT,1,0,0,100884,274,100916,5.750000128812438e-11,1.8286812064616242e-08,1.1500000257624876e-10,1.1500000257624876e-10
tcdm_master_local_resp_i\[rdata\]\[data\][8],tcdm_master_local_resp_i\[rdata\]\[data\][8],INPUT,1,0,100948,0,100980,274,5.750000128812438e-11,1.955312534107634e-08,1.1500000257624876e-10,1.1500000257624876e-10
tcdm_master_local_resp_i\[rdata\]\[data\][9],tcdm_master_local_resp_i\[rdata\]\[data\][9],INPUT,1,0,100948,390722,100980,390996,5.750000128812438e-11,2.0625407159968745e-08,1.1500000257624876e-10,1.1500000257624876e-10
tcdm_master_local_resp_i\[rdata\]\[meta_id\][0],tcdm_master_local_resp_i\[rdata\]\[meta_id\][0],INPUT,1,0,391262,101012,391536,101044,5.750000128812438e-11,1.6601283903128206e-08,1.1500000257624876e-10,1.1500000257624876e-10
tcdm_master_local_resp_i\[rdata\]\[meta_id\][1],tcdm_master_local_resp_i\[rdata\]\[meta_id\][1],INPUT,1,0,0,100984,334,101008,5.750000128812438e-11,1.6636452215834652e-08,1.1500000257624876e-10,1.1500000257624876e-10
tcdm_master_local_resp_i\[rdata\]\[meta_id\][2],tcdm_master_local_resp_i\[rdata\]\[meta_id\][2],INPUT,1,0,0,101012,274,101044,5.750000128812438e-11,1.6610517405979408e-08,1.1500000257624876e-10,1.1500000257624876e-10
tcdm_master_local_resp_ready_o,tcdm_master_local_resp_ready_o,OUTPUT,0,1,105924,390662,105948,390996,1.1598513260935306e-09,-4.612204307363754e-08,4.900704198007588e-08,4.812471132709106e-08
tcdm_master_local_resp_valid_i,tcdm_master_local_resp_valid_i,INPUT,1,0,391262,86804,391536,86836,5.750000128812438e-11,1.6018459447764144e-08,1.1500000257624876e-10,1.1500000257624876e-10
tcdm_master_north_req_o\[be\][0],tcdm_master_north_req_o\[be\][0],OUTPUT,0,1,91604,390722,91636,390996,5.049323736905365e-10,-4.007808485084752e-08,4.2272219502592634e-08,4.296308375728586e-08
tcdm_master_north_req_o\[be\][1],tcdm_master_north_req_o\[be\][1],OUTPUT,0,1,91620,0,91644,334,2.1708757014238245e-10,-4.007416976037348e-08,4.223817384740869e-08,4.295916866681182e-08
tcdm_master_north_req_o\[be\][2],tcdm_master_north_req_o\[be\][2],OUTPUT,0,1,91620,390662,91644,390996,5.035266092967561e-10,-4.008458631687972e-08,4.2271981470776154e-08,4.296958522331806e-08
tcdm_master_north_req_o\[be\][3],tcdm_master_north_req_o\[be\][3],OUTPUT,0,1,391202,100984,391536,101008,2.705903834332446e-10,-4.34434248575144e-08,4.556288857315849e-08,4.632842376395274e-08
tcdm_master_north_req_o\[tgt_addr\][0],tcdm_master_north_req_o\[tgt_addr\][0],OUTPUT,0,1,91476,390722,91508,390996,5.628583155115052e-10,-4.00920647791736e-08,4.228872896305802e-08,4.297706368561194e-08
tcdm_master_north_req_o\[tgt_addr\][10],tcdm_master_north_req_o\[tgt_addr\][10],OUTPUT,0,1,101076,390722,101108,390996,5.160400995407599e-10,-4.00910593612025e-08,4.227912597798422e-08,4.297605826764084e-08
tcdm_master_north_req_o\[tgt_addr\][11],tcdm_master_north_req_o\[tgt_addr\][11],OUTPUT,0,1,91604,0,91636,274,2.0543033940612077e-10,-4.0226836972578894e-08,4.241686468731132e-08,4.3111835879017235e-08
tcdm_master_north_req_o\[tgt_addr\][1],tcdm_master_north_req_o\[tgt_addr\][1],OUTPUT,0,1,91524,0,91548,334,2.010456662260296e-10,-4.014836108012787e-08,4.231851846725476e-08,4.303335998656621e-08
tcdm_master_north_req_o\[tgt_addr\][2],tcdm_master_north_req_o\[tgt_addr\][2],OUTPUT,0,1,91524,390662,91548,390996,5.551219484090097e-10,-4.028539990486024e-08,4.246588503065141e-08,4.317039881129858e-08
tcdm_master_north_req_o\[tgt_addr\][3],tcdm_master_north_req_o\[tgt_addr\][3],OUTPUT,0,1,391202,91544,391536,91568,2.782582220195451e-10,-4.352997251544366e-08,4.5645180080100545e-08,4.6414971421882e-08
tcdm_master_north_req_o\[tgt_addr\][4],tcdm_master_north_req_o\[tgt_addr\][4],OUTPUT,0,1,391262,91540,391536,91572,2.6226432137121947e-10,-4.34421849604405e-08,4.5560089034779594e-08,4.632718386687884e-08
tcdm_master_north_req_o\[tgt_addr\][5],tcdm_master_north_req_o\[tgt_addr\][5],OUTPUT,0,1,0,91544,334,91568,1.8873265450469745e-10,-4.015060639517287e-08,4.231037920021663e-08,4.303560530161121e-08
tcdm_master_north_req_o\[tgt_addr\][6],tcdm_master_north_req_o\[tgt_addr\][6],OUTPUT,0,1,0,91540,274,91572,2.752931563265726e-11,-4.031946332361258e-08,4.241789852699185e-08,4.320446223005092e-08
tcdm_master_north_req_o\[tgt_addr\][7],tcdm_master_north_req_o\[tgt_addr\][7],OUTPUT,0,1,101124,0,101148,334,1.9043150389919106e-10,-4.0147490665276564e-08,4.23118251546839e-08,4.3032489571714905e-08
tcdm_master_north_req_o\[tgt_addr\][8],tcdm_master_north_req_o\[tgt_addr\][8],OUTPUT,0,1,101124,390662,101148,390996,5.066814745546822e-10,-4.026620459285368e-08,4.2444590064860677e-08,4.3151203499292023e-08
tcdm_master_north_req_o\[tgt_addr\][9],tcdm_master_north_req_o\[tgt_addr\][9],OUTPUT,0,1,101076,0,101108,274,1.8523289846417157e-10,-4.016582977328653e-08,4.232697037309663e-08,4.305082867972487e-08
tcdm_master_north_req_o\[wdata\]\[amo\][0],tcdm_master_north_req_o\[wdata\]\[amo\][0],OUTPUT,0,1,101220,0,101244,334,1.9609631973782626e-10,-4.013612553421808e-08,4.231111816466182e-08,4.302112444065642e-08
tcdm_master_north_req_o\[wdata\]\[amo\][1],tcdm_master_north_req_o\[wdata\]\[amo\][1],OUTPUT,0,1,101204,390722,101236,390996,5.05527564254038e-10,-4.0260299982719516e-08,4.244720841484195e-08,4.314529888915786e-08
tcdm_master_north_req_o\[wdata\]\[amo\][2],tcdm_master_north_req_o\[wdata\]\[amo\][2],OUTPUT,0,1,101220,390662,101244,390996,5.03256547546016e-10,-4.014487231529529e-08,4.233709915979489e-08,4.302987122173363e-08
tcdm_master_north_req_o\[wdata\]\[amo\][3],tcdm_master_north_req_o\[wdata\]\[amo\][3],OUTPUT,0,1,91476,0,91508,274,2.028688467214934e-10,-4.014972176946685e-08,4.2317829240801075e-08,4.303472067590519e-08
tcdm_master_north_req_o\[wdata\]\[core_id\][0],tcdm_master_north_req_o\[wdata\]\[core_id\][0],OUTPUT,0,1,0,101140,274,101172,1.789599163304345e-10,-3.9962525733017173e-08,4.213001147945761e-08,4.2847524639455514e-08
tcdm_master_north_req_o\[wdata\]\[core_id\][1],tcdm_master_north_req_o\[wdata\]\[core_id\][1],OUTPUT,0,1,101204,0,101236,274,1.9657699079633772e-10,-3.996695596697464e-08,4.213554660736918e-08,4.285195487341298e-08
tcdm_master_north_req_o\[wdata\]\[data\][0],tcdm_master_north_req_o\[wdata\]\[data\][0],OUTPUT,0,1,101460,390722,101492,390996,5.187976714893239e-10,-4.355498006702874e-08,4.568444111896497e-08,4.643997897346708e-08
tcdm_master_north_req_o\[wdata\]\[data\][10],tcdm_master_north_req_o\[wdata\]\[data\][10],OUTPUT,0,1,0,91284,274,91316,2.2083718187460022e-10,-4.343090154179663e-08,4.553927723804918e-08,4.631590044823497e-08
tcdm_master_north_req_o\[wdata\]\[data\][11],tcdm_master_north_req_o\[wdata\]\[data\][11],OUTPUT,0,1,391202,101304,391536,101328,2.7579108441422306e-10,-4.344475712514395e-08,4.5564139128373427e-08,4.632975603158229e-08
tcdm_master_north_req_o\[wdata\]\[data\][12],tcdm_master_north_req_o\[wdata\]\[data\][12],OUTPUT,0,1,0,101304,334,101328,2.1989367271491034e-10,-4.347633364432113e-08,4.558376076602144e-08,4.636133255075947e-08
tcdm_master_north_req_o\[wdata\]\[data\][13],tcdm_master_north_req_o\[wdata\]\[data\][13],OUTPUT,0,1,391262,101268,391536,101300,2.5189225705268825e-10,-4.344319393112528e-08,4.5555257344176425e-08,4.632819283756362e-08
tcdm_master_north_req_o\[wdata\]\[data\][14],tcdm_master_north_req_o\[wdata\]\[data\][14],OUTPUT,0,1,0,101268,274,101300,2.11153788898244e-10,-4.348818549715361e-08,4.560502375738906e-08,4.637318440359195e-08
tcdm_master_north_req_o\[wdata\]\[data\][15],tcdm_master_north_req_o\[wdata\]\[data\][15],OUTPUT,0,1,101332,0,101364,274,2.2969071089562476e-10,-4.3516124037523696e-08,4.5624737765592727e-08,4.6401122943962037e-08
tcdm_master_north_req_o\[wdata\]\[data\][16],tcdm_master_north_req_o\[wdata\]\[data\][16],OUTPUT,0,1,101332,390722,101364,390996,5.74757297311379e-10,-4.3553946227348206e-08,4.568253331171945e-08,4.6438945133786547e-08
tcdm_master_north_req_o\[wdata\]\[data\][17],tcdm_master_north_req_o\[wdata\]\[data\][17],OUTPUT,0,1,91348,0,91380,274,2.3265676885042552e-10,-4.349551829818665e-08,4.560585864510358e-08,4.6380517204624994e-08
tcdm_master_north_req_o\[wdata\]\[data\][18],tcdm_master_north_req_o\[wdata\]\[data\][18],OUTPUT,0,1,91332,0,91356,334,2.2731776183615438e-10,-4.3516219960793023e-08,4.563174371696732e-08,4.6401218867231364e-08
tcdm_master_north_req_o\[wdata\]\[data\][19],tcdm_master_north_req_o\[wdata\]\[data\][19],OUTPUT,0,1,91348,390722,91380,390996,5.561381355434492e-10,-4.35650910901586e-08,4.569803024878638e-08,4.6450089996596944e-08
tcdm_master_north_req_o\[wdata\]\[data\][1],tcdm_master_north_req_o\[wdata\]\[data\][1],OUTPUT,0,1,91220,0,91252,274,2.596369230722928e-10,-4.353233507004006e-08,4.564830291542421e-08,4.64173339764784e-08
tcdm_master_north_req_o\[wdata\]\[data\][20],tcdm_master_north_req_o\[wdata\]\[data\][20],OUTPUT,0,1,91332,390662,91356,390996,5.523126955786495e-10,-4.355806026978826e-08,4.5697188255644505e-08,4.64430591762266e-08
tcdm_master_north_req_o\[wdata\]\[data\][21],tcdm_master_north_req_o\[wdata\]\[data\][21],OUTPUT,0,1,101316,0,101340,334,2.1822101070601008e-10,-4.347807802673742e-08,4.559283794947078e-08,4.636307693317576e-08
tcdm_master_north_req_o\[wdata\]\[data\][22],tcdm_master_north_req_o\[wdata\]\[data\][22],OUTPUT,0,1,101316,390662,101340,390996,5.653960077900422e-10,-4.360443739415132e-08,4.5730629949503054e-08,4.648943630058966e-08
tcdm_master_north_req_o\[wdata\]\[data\][23],tcdm_master_north_req_o\[wdata\]\[data\][23],OUTPUT,0,1,391202,91384,391536,91408,2.625845652026726e-10,-4.371100104094694e-08,4.582455659374318e-08,4.659599994738528e-08
tcdm_master_north_req_o\[wdata\]\[data\][24],tcdm_master_north_req_o\[wdata\]\[data\][24],OUTPUT,0,1,0,91384,334,91408,2.324690301369614e-10,-4.2938715694162966e-08,4.505795914155897e-08,4.5823714600601306e-08
tcdm_master_north_req_o\[wdata\]\[data\][25],tcdm_master_north_req_o\[wdata\]\[data\][25],OUTPUT,0,1,391262,91412,391536,91444,2.5820953708510785e-10,-4.37114771045799e-08,4.582429014021727e-08,4.659647601101824e-08
tcdm_master_north_req_o\[wdata\]\[data\][26],tcdm_master_north_req_o\[wdata\]\[data\][26],OUTPUT,0,1,0,91412,274,91444,2.0372897813203394e-10,-4.2925453414e-08,4.5046707697338206e-08,4.5810452320438344e-08
tcdm_master_north_req_o\[wdata\]\[data\][27],tcdm_master_north_req_o\[wdata\]\[data\][27],OUTPUT,0,1,91428,0,91452,334,2.384976938163419e-10,-4.293920241593696e-08,4.506120276914771e-08,4.58242013223753e-08
tcdm_master_north_req_o\[wdata\]\[data\][28],tcdm_master_north_req_o\[wdata\]\[data\][28],OUTPUT,0,1,91428,390662,91452,390996,5.463835495156388e-10,-4.36026645900256e-08,4.573876211111383e-08,4.648766349646394e-08
tcdm_master_north_req_o\[wdata\]\[data\][29],tcdm_master_north_req_o\[wdata\]\[data\][29],OUTPUT,0,1,391202,101144,391536,101168,2.772411744622616e-10,-4.348018833866263e-08,4.559873190146391e-08,4.636518724510097e-08
tcdm_master_north_req_o\[wdata\]\[data\][2],tcdm_master_north_req_o\[wdata\]\[data\][2],OUTPUT,0,1,391202,91224,391536,91248,2.5419547022842437e-10,-4.390840047108213e-08,4.60430342741347e-08,4.679339937752047e-08
tcdm_master_north_req_o\[wdata\]\[data\][30],tcdm_master_north_req_o\[wdata\]\[data\][30],OUTPUT,0,1,391262,101140,391536,101172,2.6054433610589456e-10,-4.370744832726814e-08,4.5822122984873204e-08,4.659244723370648e-08
tcdm_master_north_req_o\[wdata\]\[data\][31],tcdm_master_north_req_o\[wdata\]\[data\][31],OUTPUT,0,1,0,101144,334,101168,2.2820385858768333e-10,-4.3430912199937666e-08,4.5545903049060144e-08,4.6315911106376007e-08
tcdm_master_north_req_o\[wdata\]\[data\][3],tcdm_master_north_req_o\[wdata\]\[data\][3],OUTPUT,0,1,91220,390722,91252,390996,6.053402779038208e-10,-4.356675731287396e-08,4.5700708994900197e-08,4.64517562193123e-08
tcdm_master_north_req_o\[wdata\]\[data\][4],tcdm_master_north_req_o\[wdata\]\[data\][4],OUTPUT,0,1,0,91224,334,91248,2.2043018799156044e-10,-4.293238475838734e-08,4.5052427566361075e-08,4.5817383664825684e-08
tcdm_master_north_req_o\[wdata\]\[data\][5],tcdm_master_north_req_o\[wdata\]\[data\][5],OUTPUT,0,1,91236,0,91260,334,2.3273456772887613e-10,-4.293399769039752e-08,4.5057255704250565e-08,4.581899659683586e-08
tcdm_master_north_req_o\[wdata\]\[data\][6],tcdm_master_north_req_o\[wdata\]\[data\][6],OUTPUT,0,1,91236,390662,91260,390996,5.383980483664175e-10,-4.354584248744686e-08,4.5684043215032943e-08,4.64308413938852e-08
tcdm_master_north_req_o\[wdata\]\[data\][7],tcdm_master_north_req_o\[wdata\]\[data\][7],OUTPUT,0,1,101412,0,101436,334,2.2868203164438938e-10,-4.3522252468619627e-08,4.563142042002255e-08,4.640725137505797e-08
tcdm_master_north_req_o\[wdata\]\[data\][8],tcdm_master_north_req_o\[wdata\]\[data\][8],OUTPUT,0,1,101412,390662,101436,390996,5.395607294289562e-10,-4.35400373532957e-08,4.567004552313847e-08,4.642503625973404e-08
tcdm_master_north_req_o\[wdata\]\[data\][9],tcdm_master_north_req_o\[wdata\]\[data\][9],OUTPUT,0,1,391262,91284,391536,91316,2.561861556227285e-10,-4.353915983301704e-08,4.566510369841126e-08,4.642415873945538e-08
tcdm_master_north_req_o\[wdata\]\[meta_id\][0],tcdm_master_north_req_o\[wdata\]\[meta_id\][0],OUTPUT,0,1,391262,101396,391536,101428,2.5246957302549333e-10,-4.3437342611696295e-08,4.555794674843128e-08,4.6322341518134635e-08
tcdm_master_north_req_o\[wdata\]\[meta_id\][1],tcdm_master_north_req_o\[wdata\]\[meta_id\][1],OUTPUT,0,1,0,101396,274,101428,2.6004726150219426e-11,-4.0250796473628725e-08,4.235746331460177e-08,4.3135795380067066e-08
tcdm_master_north_req_o\[wdata\]\[meta_id\][2],tcdm_master_north_req_o\[wdata\]\[meta_id\][2],OUTPUT,0,1,101460,0,101492,274,1.8868359652479683e-10,-4.013569210314927e-08,4.230001948712925e-08,4.302069100958761e-08
tcdm_master_north_req_o\[wen\],tcdm_master_north_req_o\[wen\],OUTPUT,0,1,391262,86932,391536,86964,2.8456814682442655e-10,-4.295249667052303e-08,4.508007123149582e-08,4.5837495576961373e-08
tcdm_master_north_req_ready_i,tcdm_master_north_req_ready_i,INPUT,1,0,86916,0,86940,334,5.750000128812438e-11,2.7223867604675434e-08,1.1500000257624876e-10,1.1500000257624876e-10
tcdm_master_north_req_valid_o,tcdm_master_north_req_valid_o,OUTPUT,0,1,86916,390662,86940,390996,1.3581124003181344e-09,-3.2444656739016864e-08,3.494281486382533e-08,3.5329655645455205e-08
tcdm_master_north_resp_i\[rdata\]\[amo\][0],tcdm_master_north_resp_i\[rdata\]\[amo\][0],INPUT,1,0,391262,91156,391536,91188,5.750000128812438e-11,-1.1500000257624876e-10,1.1500000257624876e-10,1.1500000257624876e-10
tcdm_master_north_resp_i\[rdata\]\[amo\][1],tcdm_master_north_resp_i\[rdata\]\[amo\][1],INPUT,1,0,0,91156,274,91188,5.750000128812438e-11,-1.1500000257624876e-10,1.1500000257624876e-10,1.1500000257624876e-10
tcdm_master_north_resp_i\[rdata\]\[amo\][2],tcdm_master_north_resp_i\[rdata\]\[amo\][2],INPUT,1,0,101508,0,101532,334,5.750000128812438e-11,-1.1500000257624876e-10,1.1500000257624876e-10,1.1500000257624876e-10
tcdm_master_north_resp_i\[rdata\]\[amo\][3],tcdm_master_north_resp_i\[rdata\]\[amo\][3],INPUT,1,0,101508,390662,101532,390996,5.750000128812438e-11,-1.1500000257624876e-10,1.1500000257624876e-10,1.1500000257624876e-10
tcdm_master_north_resp_i\[rdata\]\[core_id\][0],tcdm_master_north_resp_i\[rdata\]\[core_id\][0],INPUT,1,0,391202,101464,391536,101488,5.750000128812438e-11,1.608694866206406e-08,1.1500000257624876e-10,1.1500000257624876e-10
tcdm_master_north_resp_i\[rdata\]\[core_id\][1],tcdm_master_north_resp_i\[rdata\]\[core_id\][1],INPUT,1,0,0,101464,334,101488,5.750000128812438e-11,1.6149575898793955e-08,1.1500000257624876e-10,1.1500000257624876e-10
tcdm_master_north_resp_i\[rdata\]\[data\][0],tcdm_master_north_resp_i\[rdata\]\[data\][0],INPUT,1,0,391202,90904,391536,90928,5.750000128812438e-11,2.01781897857245e-08,1.1500000257624876e-10,1.1500000257624876e-10
tcdm_master_north_resp_i\[rdata\]\[data\][10],tcdm_master_north_resp_i\[rdata\]\[data\][10],INPUT,1,0,101700,0,101724,334,5.750000128812438e-11,2.0768432307249896e-08,1.1500000257624876e-10,1.1500000257624876e-10
tcdm_master_north_resp_i\[rdata\]\[data\][11],tcdm_master_north_resp_i\[rdata\]\[data\][11],INPUT,1,0,101700,390662,101724,390996,5.750000128812438e-11,2.0281810009237233e-08,1.1500000257624876e-10,1.1500000257624876e-10
tcdm_master_north_resp_i\[rdata\]\[data\][12],tcdm_master_north_resp_i\[rdata\]\[data\][12],INPUT,1,0,391202,101624,391536,101648,5.750000128812438e-11,1.963382700864713e-08,1.1500000257624876e-10,1.1500000257624876e-10
tcdm_master_north_resp_i\[rdata\]\[data\][13],tcdm_master_north_resp_i\[rdata\]\[data\][13],INPUT,1,0,391262,101652,391536,101684,5.750000128812438e-11,1.9146733976072028e-08,1.1500000257624876e-10,1.1500000257624876e-10
tcdm_master_north_resp_i\[rdata\]\[data\][14],tcdm_master_north_resp_i\[rdata\]\[data\][14],INPUT,1,0,0,101624,334,101648,5.750000128812438e-11,1.963995899245674e-08,1.1500000257624876e-10,1.1500000257624876e-10
tcdm_master_north_resp_i\[rdata\]\[data\][15],tcdm_master_north_resp_i\[rdata\]\[data\][15],INPUT,1,0,0,101652,274,101684,5.750000128812438e-11,1.7884802971934732e-08,1.1500000257624876e-10,1.1500000257624876e-10
tcdm_master_north_resp_i\[rdata\]\[data\][16],tcdm_master_north_resp_i\[rdata\]\[data\][16],INPUT,1,0,391262,91028,391536,91060,5.750000128812438e-11,1.979397978857378e-08,1.1500000257624876e-10,1.1500000257624876e-10
tcdm_master_north_resp_i\[rdata\]\[data\][17],tcdm_master_north_resp_i\[rdata\]\[data\][17],INPUT,1,0,0,91028,274,91060,5.750000128812438e-11,1.8698537829209272e-08,1.1500000257624876e-10,1.1500000257624876e-10
tcdm_master_north_resp_i\[rdata\]\[data\][18],tcdm_master_north_resp_i\[rdata\]\[data\][18],INPUT,1,0,91044,0,91068,334,5.750000128812438e-11,1.8647577704200557e-08,1.1500000257624876e-10,1.1500000257624876e-10
tcdm_master_north_resp_i\[rdata\]\[data\][19],tcdm_master_north_resp_i\[rdata\]\[data\][19],INPUT,1,0,91044,390662,91068,390996,5.750000128812438e-11,1.9530888906160726e-08,1.1500000257624876e-10,1.1500000257624876e-10
tcdm_master_north_resp_i\[rdata\]\[data\][1],tcdm_master_north_resp_i\[rdata\]\[data\][1],INPUT,1,0,391262,90900,391536,90932,5.750000128812438e-11,2.0815859258505043e-08,1.1500000257624876e-10,1.1500000257624876e-10
tcdm_master_north_resp_i\[rdata\]\[data\][20],tcdm_master_north_resp_i\[rdata\]\[data\][20],INPUT,1,0,391202,91064,391536,91088,5.750000128812438e-11,1.8197567897004774e-08,1.1500000257624876e-10,1.1500000257624876e-10
tcdm_master_north_resp_i\[rdata\]\[data\][21],tcdm_master_north_resp_i\[rdata\]\[data\][21],INPUT,1,0,0,91064,334,91088,5.750000128812438e-11,1.925326920115822e-08,1.1500000257624876e-10,1.1500000257624876e-10
tcdm_master_north_resp_i\[rdata\]\[data\][22],tcdm_master_north_resp_i\[rdata\]\[data\][22],INPUT,1,0,391262,101524,391536,101556,5.750000128812438e-11,1.8795786260739078e-08,1.1500000257624876e-10,1.1500000257624876e-10
tcdm_master_north_resp_i\[rdata\]\[data\][23],tcdm_master_north_resp_i\[rdata\]\[data\][23],INPUT,1,0,0,101524,274,101556,5.750000128812438e-11,1.7771894178508774e-08,1.1500000257624876e-10,1.1500000257624876e-10
tcdm_master_north_resp_i\[rdata\]\[data\][24],tcdm_master_north_resp_i\[rdata\]\[data\][24],INPUT,1,0,101588,0,101620,274,5.750000128812438e-11,1.885089773168147e-08,1.1500000257624876e-10,1.1500000257624876e-10
tcdm_master_north_resp_i\[rdata\]\[data\][25],tcdm_master_north_resp_i\[rdata\]\[data\][25],INPUT,1,0,101604,0,101628,334,5.750000128812438e-11,1.86832913584567e-08,1.1500000257624876e-10,1.1500000257624876e-10
tcdm_master_north_resp_i\[rdata\]\[data\][26],tcdm_master_north_resp_i\[rdata\]\[data\][26],INPUT,1,0,101588,390722,101620,390996,5.750000128812438e-11,1.8616242769553537e-08,1.1500000257624876e-10,1.1500000257624876e-10
tcdm_master_north_resp_i\[rdata\]\[data\][27],tcdm_master_north_resp_i\[rdata\]\[data\][27],INPUT,1,0,101604,390662,101628,390996,5.750000128812438e-11,1.9594635247699443e-08,1.1500000257624876e-10,1.1500000257624876e-10
tcdm_master_north_resp_i\[rdata\]\[data\][28],tcdm_master_north_resp_i\[rdata\]\[data\][28],INPUT,1,0,91092,0,91124,274,5.750000128812438e-11,1.8204664442578178e-08,1.1500000257624876e-10,1.1500000257624876e-10
tcdm_master_north_resp_i\[rdata\]\[data\][29],tcdm_master_north_resp_i\[rdata\]\[data\][29],INPUT,1,0,91092,390722,91124,390996,5.750000128812438e-11,1.9242168747268806e-08,1.1500000257624876e-10,1.1500000257624876e-10
tcdm_master_north_resp_i\[rdata\]\[data\][2],tcdm_master_north_resp_i\[rdata\]\[data\][2],INPUT,1,0,0,90904,334,90928,5.750000128812438e-11,2.0876184336771075e-08,1.1500000257624876e-10,1.1500000257624876e-10
tcdm_master_north_resp_i\[rdata\]\[data\][30],tcdm_master_north_resp_i\[rdata\]\[data\][30],INPUT,1,0,91140,0,91164,334,5.750000128812438e-11,1.8765287990163415e-08,1.1500000257624876e-10,1.1500000257624876e-10
tcdm_master_north_resp_i\[rdata\]\[data\][31],tcdm_master_north_resp_i\[rdata\]\[data\][31],INPUT,1,0,91140,390662,91164,390996,5.750000128812438e-11,1.752527722942432e-08,1.1500000257624876e-10,1.1500000257624876e-10
tcdm_master_north_resp_i\[rdata\]\[data\][3],tcdm_master_north_resp_i\[rdata\]\[data\][3],INPUT,1,0,0,90900,274,90932,5.750000128812438e-11,2.0575507519993153e-08,1.1500000257624876e-10,1.1500000257624876e-10
tcdm_master_north_resp_i\[rdata\]\[data\][4],tcdm_master_north_resp_i\[rdata\]\[data\][4],INPUT,1,0,101716,0,101748,274,5.750000128812438e-11,2.0789705956758553e-08,1.1500000257624876e-10,1.1500000257624876e-10
tcdm_master_north_resp_i\[rdata\]\[data\][5],tcdm_master_north_resp_i\[rdata\]\[data\][5],INPUT,1,0,101716,390722,101748,390996,5.750000128812438e-11,1.9511041671194107e-08,1.1500000257624876e-10,1.1500000257624876e-10
tcdm_master_north_resp_i\[rdata\]\[data\][6],tcdm_master_north_resp_i\[rdata\]\[data\][6],INPUT,1,0,90964,0,90996,274,5.750000128812438e-11,2.2158589629839298e-08,1.1500000257624876e-10,1.1500000257624876e-10
tcdm_master_north_resp_i\[rdata\]\[data\][7],tcdm_master_north_resp_i\[rdata\]\[data\][7],INPUT,1,0,90948,0,90972,334,5.750000128812438e-11,1.8246318234105274e-08,1.1500000257624876e-10,1.1500000257624876e-10
tcdm_master_north_resp_i\[rdata\]\[data\][8],tcdm_master_north_resp_i\[rdata\]\[data\][8],INPUT,1,0,90964,390722,90996,390996,5.750000128812438e-11,1.9369434056670798e-08,1.1500000257624876e-10,1.1500000257624876e-10
tcdm_master_north_resp_i\[rdata\]\[data\][9],tcdm_master_north_resp_i\[rdata\]\[data\][9],INPUT,1,0,90948,390662,90972,390996,5.750000128812438e-11,2.054142811402926e-08,1.1500000257624876e-10,1.1500000257624876e-10
tcdm_master_north_resp_i\[rdata\]\[meta_id\][0],tcdm_master_north_resp_i\[rdata\]\[meta_id\][0],INPUT,1,0,90852,390662,90876,390996,5.750000128812438e-11,1.654215253665825e-08,1.1500000257624876e-10,1.1500000257624876e-10
tcdm_master_north_resp_i\[rdata\]\[meta_id\][1],tcdm_master_north_resp_i\[rdata\]\[meta_id\][1],INPUT,1,0,101796,0,101820,334,5.750000128812438e-11,1.662623461129442e-08,1.1500000257624876e-10,1.1500000257624876e-10
tcdm_master_north_resp_i\[rdata\]\[meta_id\][2],tcdm_master_north_resp_i\[rdata\]\[meta_id\][2],INPUT,1,0,101796,390662,101820,390996,5.750000128812438e-11,1.652654368911044e-08,1.1500000257624876e-10,1.1500000257624876e-10
tcdm_master_north_resp_ready_o,tcdm_master_north_resp_ready_o,OUTPUT,0,1,391202,86904,391536,86928,3.9321379485812713e-10,-4.5843503215792225e-08,4.8728502122230566e-08,4.790208762983639e-08
tcdm_master_north_resp_valid_i,tcdm_master_north_resp_valid_i,INPUT,1,0,0,86904,334,86928,5.750000128812438e-11,1.6030845984005282e-08,1.1500000257624876e-10,1.1500000257624876e-10
tcdm_master_northeast_req_o\[be\][0],tcdm_master_northeast_req_o\[be\][0],OUTPUT,0,1,101844,390722,101876,390996,4.961175914530713e-10,-4.3820751471912445e-08,4.6705750378350785e-08,4.66296476986372e-08
tcdm_master_northeast_req_o\[be\][1],tcdm_master_northeast_req_o\[be\][1],OUTPUT,0,1,90836,0,90868,274,2.2238176577982216e-10,-4.381888984994475e-08,4.6588755964194206e-08,4.6703888756383094e-08
tcdm_master_northeast_req_o\[be\][2],tcdm_master_northeast_req_o\[be\][2],OUTPUT,0,1,90836,390722,90868,390996,5.473818620593818e-10,-4.385096730175064e-08,4.6735966208188984e-08,4.665697872496821e-08
tcdm_master_northeast_req_o\[be\][3],tcdm_master_northeast_req_o\[be\][3],OUTPUT,0,1,90852,0,90876,334,2.331868587113206e-10,-4.3822591777598063e-08,4.6593559233087944e-08,4.6707590684036404e-08
tcdm_master_northeast_req_o\[tgt_addr\][0],tcdm_master_northeast_req_o\[tgt_addr\][0],OUTPUT,0,1,0,90744,334,90768,1.950374167725144e-10,-4.367400308069591e-08,4.655900198713425e-08,4.648197915457786e-08
tcdm_master_northeast_req_o\[tgt_addr\][10],tcdm_master_northeast_req_o\[tgt_addr\][10],OUTPUT,0,1,0,101780,274,101812,1.9357754288407136e-10,-4.380910212375966e-08,4.6555708621554004e-08,4.6694101030198e-08
tcdm_master_northeast_req_o\[tgt_addr\][11],tcdm_master_northeast_req_o\[tgt_addr\][11],OUTPUT,0,1,101844,0,101876,274,1.9625394365174742e-10,-4.3808785932242245e-08,4.6577145695891886e-08,4.6693784838680585e-08
tcdm_master_northeast_req_o\[tgt_addr\][1],tcdm_master_northeast_req_o\[tgt_addr\][1],OUTPUT,0,1,90756,0,90780,334,2.1263414640149136e-10,-4.371146999915254e-08,4.659646890559088e-08,4.641002604444111e-08
tcdm_master_northeast_req_o\[tgt_addr\][2],tcdm_master_northeast_req_o\[tgt_addr\][2],OUTPUT,0,1,90756,390662,90780,390996,5.457161389443854e-10,-4.381791995911044e-08,4.670291886554878e-08,4.660397578959419e-08
tcdm_master_northeast_req_o\[tgt_addr\][3],tcdm_master_northeast_req_o\[tgt_addr\][3],OUTPUT,0,1,391262,90772,391536,90804,2.641377949696988e-10,-4.3721829712239924e-08,4.6606828618678264e-08,4.653676199950496e-08
tcdm_master_northeast_req_o\[tgt_addr\][4],tcdm_master_northeast_req_o\[tgt_addr\][4],OUTPUT,0,1,0,90772,274,90804,1.998966686622694e-10,-4.3709164287975e-08,4.659416319441334e-08,4.653209373373102e-08
tcdm_master_northeast_req_o\[tgt_addr\][5],tcdm_master_northeast_req_o\[tgt_addr\][5],OUTPUT,0,1,101892,0,101916,334,1.973647217878849e-10,-4.370295059175078e-08,4.658794949818912e-08,4.652968144114311e-08
tcdm_master_northeast_req_o\[tgt_addr\][6],tcdm_master_northeast_req_o\[tgt_addr\][6],OUTPUT,0,1,101892,390662,101916,390996,5.04342734242158e-10,-4.394578212441047e-08,4.67302321283114e-08,4.683078103084881e-08
tcdm_master_northeast_req_o\[tgt_addr\][7],tcdm_master_northeast_req_o\[tgt_addr\][7],OUTPUT,0,1,391202,101784,391536,101808,2.401082943581656e-10,-4.385360696801399e-08,4.66053649006426e-08,4.673860587445233e-08
tcdm_master_northeast_req_o\[tgt_addr\][8],tcdm_master_northeast_req_o\[tgt_addr\][8],OUTPUT,0,1,391262,101780,391536,101812,2.7079183340106283e-10,-4.383574392363698e-08,4.6610939108404636e-08,4.6720742830075324e-08
tcdm_master_northeast_req_o\[tgt_addr\][9],tcdm_master_northeast_req_o\[tgt_addr\][9],OUTPUT,0,1,0,101784,334,101808,2.0413090662252387e-10,-4.38103349154062e-08,4.656868668462266e-08,4.669533382184454e-08
tcdm_master_northeast_req_o\[wdata\]\[amo\][0],tcdm_master_northeast_req_o\[wdata\]\[amo\][0],OUTPUT,0,1,101988,390662,102012,390996,5.305068051519868e-10,-4.381316287549453e-08,4.669816178193287e-08,4.660128283262566e-08
tcdm_master_northeast_req_o\[wdata\]\[amo\][1],tcdm_master_northeast_req_o\[wdata\]\[amo\][1],OUTPUT,0,1,90708,0,90740,274,2.1260300464565063e-10,-4.371457507090781e-08,4.6599573977346154e-08,4.653668028709035e-08
tcdm_master_northeast_req_o\[wdata\]\[amo\][2],tcdm_master_northeast_req_o\[wdata\]\[amo\][2],OUTPUT,0,1,90708,390722,90740,390996,5.100008193537064e-10,-4.3930544535442095e-08,4.670970099596161e-08,4.6815543441880436e-08
tcdm_master_northeast_req_o\[wdata\]\[amo\][3],tcdm_master_northeast_req_o\[wdata\]\[amo\][3],OUTPUT,0,1,391202,90744,391536,90768,2.649710728608312e-10,-4.370489392613308e-08,4.658989283257142e-08,4.650679485962428e-08
tcdm_master_northeast_req_o\[wdata\]\[core_id\][0],tcdm_master_northeast_req_o\[wdata\]\[core_id\][0],OUTPUT,0,1,101988,0,102012,334,2.1314700004992915e-10,-4.371309714201743e-08,4.659809604845577e-08,4.641132989036123e-08
tcdm_master_northeast_req_o\[wdata\]\[core_id\][1],tcdm_master_northeast_req_o\[wdata\]\[core_id\][1],OUTPUT,0,1,101972,390722,102004,390996,5.389550472578719e-10,-4.381551832466357e-08,4.670051723110191e-08,4.6636891681828274e-08
tcdm_master_northeast_req_o\[wdata\]\[data\][0],tcdm_master_northeast_req_o\[wdata\]\[data\][0],OUTPUT,0,1,102228,390722,102260,390996,5.171194028541493e-10,-4.383827700848997e-08,4.672327591492831e-08,4.665543684723161e-08
tcdm_master_northeast_req_o\[wdata\]\[data\][10],tcdm_master_northeast_req_o\[wdata\]\[data\][10],OUTPUT,0,1,0,90516,274,90548,2.1746933420718761e-10,-4.3832059759552067e-08,4.6597374847578976e-08,4.671705866599041e-08
tcdm_master_northeast_req_o\[wdata\]\[data\][11],tcdm_master_northeast_req_o\[wdata\]\[data\][11],OUTPUT,0,1,391262,102036,391536,102068,2.5715798934733414e-10,-4.385289642527823e-08,4.660778429865786e-08,4.673789533171657e-08
tcdm_master_northeast_req_o\[wdata\]\[data\][12],tcdm_master_northeast_req_o\[wdata\]\[data\][12],OUTPUT,0,1,0,102036,274,102068,2.0486146112830284e-10,-4.3673640703900674e-08,4.6558639610339014e-08,4.648227047709952e-08
tcdm_master_northeast_req_o\[wdata\]\[data\][13],tcdm_master_northeast_req_o\[wdata\]\[data\][13],OUTPUT,0,1,102100,0,102132,274,2.224617573487464e-10,-4.383329610391229e-08,4.660287089564008e-08,4.671829501035063e-08
tcdm_master_northeast_req_o\[wdata\]\[data\][14],tcdm_master_northeast_req_o\[wdata\]\[data\][14],OUTPUT,0,1,102100,390722,102132,390996,5.493762667008184e-10,-4.382763307830828e-08,4.671263198474662e-08,4.663796460135927e-08
tcdm_master_northeast_req_o\[wdata\]\[data\][15],tcdm_master_northeast_req_o\[wdata\]\[data\][15],OUTPUT,0,1,90580,0,90612,274,2.5450530571902164e-10,-4.392631680616432e-08,4.661037067421603e-08,4.6811315712602664e-08
tcdm_master_northeast_req_o\[wdata\]\[data\][16],tcdm_master_northeast_req_o\[wdata\]\[data\][16],OUTPUT,0,1,90564,0,90588,334,2.154044720370507e-10,-4.370128081632174e-08,4.658627972276008e-08,4.648786600114363e-08
tcdm_master_northeast_req_o\[wdata\]\[data\][17],tcdm_master_northeast_req_o\[wdata\]\[data\][17],OUTPUT,0,1,391202,90584,391536,90608,2.4492993744296143e-10,-4.392122932017628e-08,4.66075427141277e-08,4.680622822661462e-08
tcdm_master_northeast_req_o\[wdata\]\[data\][18],tcdm_master_northeast_req_o\[wdata\]\[data\][18],OUTPUT,0,1,90580,390722,90612,390996,5.244887302247037e-10,-4.393348973508182e-08,4.6704599299118854e-08,4.681848864152016e-08
tcdm_master_northeast_req_o\[wdata\]\[data\][19],tcdm_master_northeast_req_o\[wdata\]\[data\][19],OUTPUT,0,1,90564,390662,90588,390996,5.660079627212156e-10,-4.3977699704100814e-08,4.674482667610391e-08,4.6862698610539155e-08
tcdm_master_northeast_req_o\[wdata\]\[data\][1],tcdm_master_northeast_req_o\[wdata\]\[data\][1],OUTPUT,0,1,90452,0,90484,274,2.2506313479553341e-10,-4.3715129294241706e-08,4.6600128200680047e-08,4.653938034948624e-08
tcdm_master_northeast_req_o\[wdata\]\[data\][20],tcdm_master_northeast_req_o\[wdata\]\[data\][20],OUTPUT,0,1,0,90584,334,90608,2.1869422939246874e-10,-4.381582741075363e-08,4.656772034650203e-08,4.670082631719197e-08
tcdm_master_northeast_req_o\[wdata\]\[data\][21],tcdm_master_northeast_req_o\[wdata\]\[data\][21],OUTPUT,0,1,102084,0,102108,334,2.0913028253577437e-10,-4.3679676764440956e-08,4.6564675670879296e-08,4.648588003419718e-08
tcdm_master_northeast_req_o\[wdata\]\[data\][22],tcdm_master_northeast_req_o\[wdata\]\[data\][22],OUTPUT,0,1,102084,390662,102108,390996,5.59784552045528e-10,-4.3939781591006977e-08,4.671767328545684e-08,4.682478049744532e-08
tcdm_master_northeast_req_o\[wdata\]\[data\][23],tcdm_master_northeast_req_o\[wdata\]\[data\][23],OUTPUT,0,1,391262,90644,391536,90676,2.528925124867243e-10,-4.3860257648020706e-08,4.66093368345355e-08,4.674525655445905e-08
tcdm_master_northeast_req_o\[wdata\]\[data\][24],tcdm_master_northeast_req_o\[wdata\]\[data\][24],OUTPUT,0,1,0,90644,274,90676,2.1393004034919727e-10,-4.3814235795025525e-08,4.658457442019426e-08,4.6699234701463865e-08
tcdm_master_northeast_req_o\[wdata\]\[data\][25],tcdm_master_northeast_req_o\[wdata\]\[data\][25],OUTPUT,0,1,90660,0,90684,334,2.366923046448477e-10,-4.3696882556787386e-08,4.658188146322573e-08,4.6525403973873836e-08
tcdm_master_northeast_req_o\[wdata\]\[data\][26],tcdm_master_northeast_req_o\[wdata\]\[data\][26],OUTPUT,0,1,90660,390662,90684,390996,6.235061911219475e-10,-4.384451557370994e-08,4.672951448014828e-08,4.6551207333322964e-08
tcdm_master_northeast_req_o\[wdata\]\[data\][27],tcdm_master_northeast_req_o\[wdata\]\[data\][27],OUTPUT,0,1,391202,101944,391536,101968,2.5230340039428256e-10,-4.386007645962309e-08,4.660840247083797e-08,4.674507536606143e-08
tcdm_master_northeast_req_o\[wdata\]\[data\][28],tcdm_master_northeast_req_o\[wdata\]\[data\][28],OUTPUT,0,1,0,101944,334,101968,2.1511663284012883e-10,-4.368698824919193e-08,4.657198715563027e-08,4.64859439830434e-08
tcdm_master_northeast_req_o\[wdata\]\[data\][29],tcdm_master_northeast_req_o\[wdata\]\[data\][29],OUTPUT,0,1,391262,101908,391536,101940,2.599488124754856e-10,-4.37209450865339e-08,4.660594399297224e-08,4.6533518371916216e-08
tcdm_master_northeast_req_o\[wdata\]\[data\][2],tcdm_master_northeast_req_o\[wdata\]\[data\][2],OUTPUT,0,1,90452,390722,90484,390996,5.486009979627227e-10,-4.383015550502023e-08,4.671515441145857e-08,4.664055452963112e-08
tcdm_master_northeast_req_o\[wdata\]\[data\][30],tcdm_master_northeast_req_o\[wdata\]\[data\][30],OUTPUT,0,1,0,101908,274,101940,2.092567924494304e-10,-4.368554940015201e-08,4.6570548306590354e-08,4.6516664298223986e-08
tcdm_master_northeast_req_o\[wdata\]\[data\][31],tcdm_master_northeast_req_o\[wdata\]\[data\][31],OUTPUT,0,1,101972,0,102004,274,2.1491049218003155e-10,-4.3680355332753606e-08,4.656535423919195e-08,4.6411461340767346e-08
tcdm_master_northeast_req_o\[wdata\]\[data\][3],tcdm_master_northeast_req_o\[wdata\]\[data\][3],OUTPUT,0,1,90468,0,90492,334,2.386252029307201e-10,-4.382438234529218e-08,4.659649732730031e-08,4.670938125173052e-08
tcdm_master_northeast_req_o\[wdata\]\[data\][4],tcdm_master_northeast_req_o\[wdata\]\[data\][4],OUTPUT,0,1,90468,390662,90492,390996,5.505894629109775e-10,-4.384677154689598e-08,4.673177045333432e-08,4.664190100811538e-08
tcdm_master_northeast_req_o\[wdata\]\[data\][5],tcdm_master_northeast_req_o\[wdata\]\[data\][5],OUTPUT,0,1,102180,0,102204,334,2.147908934047038e-10,-4.368893158357423e-08,4.657393049001257e-08,4.651966989399625e-08
tcdm_master_northeast_req_o\[wdata\]\[data\][6],tcdm_master_northeast_req_o\[wdata\]\[data\][6],OUTPUT,0,1,102180,390662,102204,390996,5.654844925651048e-10,-4.382274099157257e-08,4.6707739898010914e-08,4.664427422085282e-08
tcdm_master_northeast_req_o\[wdata\]\[data\][7],tcdm_master_northeast_req_o\[wdata\]\[data\][7],OUTPUT,0,1,391202,102104,391536,102128,2.3926055581213745e-10,-4.385481844337846e-08,4.660362051822631e-08,4.6739817349816803e-08
tcdm_master_northeast_req_o\[wdata\]\[data\][8],tcdm_master_northeast_req_o\[wdata\]\[data\][8],OUTPUT,0,1,0,102104,334,102128,2.1054813448273535e-10,-4.3830993945448427e-08,4.6594923475140604e-08,4.671599285188677e-08
tcdm_master_northeast_req_o\[wdata\]\[data\][9],tcdm_master_northeast_req_o\[wdata\]\[data\][9],OUTPUT,0,1,391262,90516,391536,90548,2.4560606326495815e-10,-4.3923023440584075e-08,4.660773100795268e-08,4.6808022347022415e-08
tcdm_master_northeast_req_o\[wdata\]\[meta_id\][0],tcdm_master_northeast_req_o\[wdata\]\[meta_id\][0],OUTPUT,0,1,391262,102164,391536,102196,2.7194441143407744e-10,-4.374034290322015e-08,4.6625341809658494e-08,4.6561599020833455e-08
tcdm_master_northeast_req_o\[wdata\]\[meta_id\][1],tcdm_master_northeast_req_o\[wdata\]\[meta_id\][1],OUTPUT,0,1,0,102164,274,102196,1.9683329965936025e-10,-4.382458129725819e-08,4.658761199038963e-08,4.670958020369653e-08
tcdm_master_northeast_req_o\[wdata\]\[meta_id\][2],tcdm_master_northeast_req_o\[wdata\]\[meta_id\][2],OUTPUT,0,1,102228,0,102260,274,2.1438480157787154e-10,-4.3814587513679726e-08,4.6572345979711827e-08,4.6699586420118067e-08
tcdm_master_northeast_req_o\[wen\],tcdm_master_northeast_req_o\[wen\],OUTPUT,0,1,86868,390722,86900,390996,5.803183489305752e-10,-4.395932862166774e-08,4.674424403106059e-08,4.684432752810608e-08
tcdm_master_northeast_req_ready_i,tcdm_master_northeast_req_ready_i,INPUT,1,0,105828,390662,105852,390996,5.750000128812438e-11,3.485211053089188e-08,1.1500000257624876e-10,1.1500000257624876e-10
tcdm_master_northeast_req_valid_o,tcdm_master_northeast_req_valid_o,OUTPUT,0,1,86868,0,86900,274,1.4246405444229282e-10,-4.360491345778428e-08,4.5776946677733577e-08,4.648991236422262e-08
tcdm_master_northeast_resp_i\[rdata\]\[amo\][0],tcdm_master_northeast_resp_i\[rdata\]\[amo\][0],INPUT,1,0,102276,0,102300,334,5.750000128812438e-11,-1.1500000257624876e-10,1.1500000257624876e-10,1.1500000257624876e-10
tcdm_master_northeast_resp_i\[rdata\]\[amo\][1],tcdm_master_northeast_resp_i\[rdata\]\[amo\][1],INPUT,1,0,102276,390662,102300,390996,5.750000128812438e-11,-1.1500000257624876e-10,1.1500000257624876e-10,1.1500000257624876e-10
tcdm_master_northeast_resp_i\[rdata\]\[amo\][2],tcdm_master_northeast_resp_i\[rdata\]\[amo\][2],INPUT,1,0,391202,90424,391536,90448,5.750000128812438e-11,-1.1500000257624876e-10,1.1500000257624876e-10,1.1500000257624876e-10
tcdm_master_northeast_resp_i\[rdata\]\[amo\][3],tcdm_master_northeast_resp_i\[rdata\]\[amo\][3],INPUT,1,0,0,90424,334,90448,5.750000128812438e-11,-1.1500000257624876e-10,1.1500000257624876e-10,1.1500000257624876e-10
tcdm_master_northeast_resp_i\[rdata\]\[core_id\][0],tcdm_master_northeast_resp_i\[rdata\]\[core_id\][0],INPUT,1,0,391262,90388,391536,90420,5.750000128812438e-11,1.6096681321187134e-08,1.1500000257624876e-10,1.1500000257624876e-10
tcdm_master_northeast_resp_i\[rdata\]\[core_id\][1],tcdm_master_northeast_resp_i\[rdata\]\[core_id\][1],INPUT,1,0,0,90388,274,90420,5.750000128812438e-11,1.61697624179169e-08,1.1500000257624876e-10,1.1500000257624876e-10
tcdm_master_northeast_resp_i\[rdata\]\[data\][0],tcdm_master_northeast_resp_i\[rdata\]\[data\][0],INPUT,1,0,391262,90132,391536,90164,5.750000128812438e-11,2.0253850152585073e-08,1.1500000257624876e-10,1.1500000257624876e-10
tcdm_master_northeast_resp_i\[rdata\]\[data\][10],tcdm_master_northeast_resp_i\[rdata\]\[data\][10],INPUT,1,0,90196,390722,90228,390996,5.750000128812438e-11,2.0791173227507898e-08,1.1500000257624876e-10,1.1500000257624876e-10
tcdm_master_northeast_resp_i\[rdata\]\[data\][11],tcdm_master_northeast_resp_i\[rdata\]\[data\][11],INPUT,1,0,90180,390662,90204,390996,5.750000128812438e-11,2.0411290435617957e-08,1.1500000257624876e-10,1.1500000257624876e-10
tcdm_master_northeast_resp_i\[rdata\]\[data\][12],tcdm_master_northeast_resp_i\[rdata\]\[data\][12],INPUT,1,0,102468,0,102492,334,5.750000128812438e-11,1.979423913667233e-08,1.1500000257624876e-10,1.1500000257624876e-10
tcdm_master_northeast_resp_i\[rdata\]\[data\][13],tcdm_master_northeast_resp_i\[rdata\]\[data\][13],INPUT,1,0,102468,390662,102492,390996,5.750000128812438e-11,1.9240518511765003e-08,1.1500000257624876e-10,1.1500000257624876e-10
tcdm_master_northeast_resp_i\[rdata\]\[data\][14],tcdm_master_northeast_resp_i\[rdata\]\[data\][14],INPUT,1,0,391202,90264,391536,90288,5.750000128812438e-11,1.9676202001051024e-08,1.1500000257624876e-10,1.1500000257624876e-10
tcdm_master_northeast_resp_i\[rdata\]\[data\][15],tcdm_master_northeast_resp_i\[rdata\]\[data\][15],INPUT,1,0,391262,90260,391536,90292,5.750000128812438e-11,1.7849616895659892e-08,1.1500000257624876e-10,1.1500000257624876e-10
tcdm_master_northeast_resp_i\[rdata\]\[data\][16],tcdm_master_northeast_resp_i\[rdata\]\[data\][16],INPUT,1,0,0,90264,334,90288,5.750000128812438e-11,1.983218744783244e-08,1.1500000257624876e-10,1.1500000257624876e-10
tcdm_master_northeast_resp_i\[rdata\]\[data\][17],tcdm_master_northeast_resp_i\[rdata\]\[data\][17],INPUT,1,0,0,90260,274,90292,5.750000128812438e-11,1.8712949412247326e-08,1.1500000257624876e-10,1.1500000257624876e-10
tcdm_master_northeast_resp_i\[rdata\]\[data\][18],tcdm_master_northeast_resp_i\[rdata\]\[data\][18],INPUT,1,0,90276,0,90300,334,5.750000128812438e-11,1.867645060826817e-08,1.1500000257624876e-10,1.1500000257624876e-10
tcdm_master_northeast_resp_i\[rdata\]\[data\][19],tcdm_master_northeast_resp_i\[rdata\]\[data\][19],INPUT,1,0,90276,390662,90300,390996,5.750000128812438e-11,1.9592224731468377e-08,1.1500000257624876e-10,1.1500000257624876e-10
tcdm_master_northeast_resp_i\[rdata\]\[data\][1],tcdm_master_northeast_resp_i\[rdata\]\[data\][1],INPUT,1,0,0,90132,274,90164,5.750000128812438e-11,2.0832386482538823e-08,1.1500000257624876e-10,1.1500000257624876e-10
tcdm_master_northeast_resp_i\[rdata\]\[data\][20],tcdm_master_northeast_resp_i\[rdata\]\[data\][20],INPUT,1,0,102356,0,102388,274,5.750000128812438e-11,1.8238358379107922e-08,1.1500000257624876e-10,1.1500000257624876e-10
tcdm_master_northeast_resp_i\[rdata\]\[data\][21],tcdm_master_northeast_resp_i\[rdata\]\[data\][21],INPUT,1,0,102372,0,102396,334,5.750000128812438e-11,1.9272411222459596e-08,1.1500000257624876e-10,1.1500000257624876e-10
tcdm_master_northeast_resp_i\[rdata\]\[data\][22],tcdm_master_northeast_resp_i\[rdata\]\[data\][22],INPUT,1,0,102356,390722,102388,390996,5.750000128812438e-11,1.8771713072851526e-08,1.1500000257624876e-10,1.1500000257624876e-10
tcdm_master_northeast_resp_i\[rdata\]\[data\][23],tcdm_master_northeast_resp_i\[rdata\]\[data\][23],INPUT,1,0,102372,390662,102396,390996,5.750000128812438e-11,1.7715668931828077e-08,1.1500000257624876e-10,1.1500000257624876e-10
tcdm_master_northeast_resp_i\[rdata\]\[data\][24],tcdm_master_northeast_resp_i\[rdata\]\[data\][24],INPUT,1,0,90324,0,90356,274,5.750000128812438e-11,1.892104073419887e-08,1.1500000257624876e-10,1.1500000257624876e-10
tcdm_master_northeast_resp_i\[rdata\]\[data\][25],tcdm_master_northeast_resp_i\[rdata\]\[data\][25],INPUT,1,0,90324,390722,90356,390996,5.750000128812438e-11,1.8684010782976657e-08,1.1500000257624876e-10,1.1500000257624876e-10
tcdm_master_northeast_resp_i\[rdata\]\[data\][26],tcdm_master_northeast_resp_i\[rdata\]\[data\][26],INPUT,1,0,391202,102264,391536,102288,5.750000128812438e-11,1.8679285673783852e-08,1.1500000257624876e-10,1.1500000257624876e-10
tcdm_master_northeast_resp_i\[rdata\]\[data\][27],tcdm_master_northeast_resp_i\[rdata\]\[data\][27],INPUT,1,0,391262,102292,391536,102324,5.750000128812438e-11,1.9683964680439203e-08,1.1500000257624876e-10,1.1500000257624876e-10
tcdm_master_northeast_resp_i\[rdata\]\[data\][28],tcdm_master_northeast_resp_i\[rdata\]\[data\][28],INPUT,1,0,0,102264,334,102288,5.750000128812438e-11,1.8252215738812083e-08,1.1500000257624876e-10,1.1500000257624876e-10
tcdm_master_northeast_resp_i\[rdata\]\[data\][29],tcdm_master_northeast_resp_i\[rdata\]\[data\][29],INPUT,1,0,0,102292,274,102324,5.750000128812438e-11,1.936590443563091e-08,1.1500000257624876e-10,1.1500000257624876e-10
tcdm_master_northeast_resp_i\[rdata\]\[data\][2],tcdm_master_northeast_resp_i\[rdata\]\[data\][2],INPUT,1,0,391202,102424,391536,102448,5.750000128812438e-11,2.089192996379552e-08,1.1500000257624876e-10,1.1500000257624876e-10
tcdm_master_northeast_resp_i\[rdata\]\[data\][30],tcdm_master_northeast_resp_i\[rdata\]\[data\][30],INPUT,1,0,90372,0,90396,334,5.750000128812438e-11,1.8889741326688636e-08,1.1500000257624876e-10,1.1500000257624876e-10
tcdm_master_northeast_resp_i\[rdata\]\[data\][31],tcdm_master_northeast_resp_i\[rdata\]\[data\][31],INPUT,1,0,90372,390662,90396,390996,5.750000128812438e-11,1.75057230933362e-08,1.1500000257624876e-10,1.1500000257624876e-10
tcdm_master_northeast_resp_i\[rdata\]\[data\][3],tcdm_master_northeast_resp_i\[rdata\]\[data\][3],INPUT,1,0,391262,102420,391536,102452,5.750000128812438e-11,2.060083481580932e-08,1.1500000257624876e-10,1.1500000257624876e-10
tcdm_master_northeast_resp_i\[rdata\]\[data\][4],tcdm_master_northeast_resp_i\[rdata\]\[data\][4],INPUT,1,0,0,102424,334,102448,5.750000128812438e-11,2.0784076681934494e-08,1.1500000257624876e-10,1.1500000257624876e-10
tcdm_master_northeast_resp_i\[rdata\]\[data\][5],tcdm_master_northeast_resp_i\[rdata\]\[data\][5],INPUT,1,0,0,102420,274,102452,5.750000128812438e-11,1.955910100548408e-08,1.1500000257624876e-10,1.1500000257624876e-10
tcdm_master_northeast_resp_i\[rdata\]\[data\][6],tcdm_master_northeast_resp_i\[rdata\]\[data\][6],INPUT,1,0,102484,0,102516,274,5.750000128812438e-11,2.2147423450746828e-08,1.1500000257624876e-10,1.1500000257624876e-10
tcdm_master_northeast_resp_i\[rdata\]\[data\][7],tcdm_master_northeast_resp_i\[rdata\]\[data\][7],INPUT,1,0,102484,390722,102516,390996,5.750000128812438e-11,1.8146298685906004e-08,1.1500000257624876e-10,1.1500000257624876e-10
tcdm_master_northeast_resp_i\[rdata\]\[data\][8],tcdm_master_northeast_resp_i\[rdata\]\[data\][8],INPUT,1,0,90196,0,90228,274,5.750000128812438e-11,1.962444251546458e-08,1.1500000257624876e-10,1.1500000257624876e-10
tcdm_master_northeast_resp_i\[rdata\]\[data\][9],tcdm_master_northeast_resp_i\[rdata\]\[data\][9],INPUT,1,0,90180,0,90204,334,5.750000128812438e-11,2.076848026888456e-08,1.1500000257624876e-10,1.1500000257624876e-10
tcdm_master_northeast_resp_i\[rdata\]\[meta_id\][0],tcdm_master_northeast_resp_i\[rdata\]\[meta_id\][0],INPUT,1,0,0,90104,334,90128,5.750000128812438e-11,1.667372018232527e-08,1.1500000257624876e-10,1.1500000257624876e-10
tcdm_master_northeast_resp_i\[rdata\]\[meta_id\][1],tcdm_master_northeast_resp_i\[rdata\]\[meta_id\][1],INPUT,1,0,102564,0,102588,334,5.750000128812438e-11,1.6649540413027353e-08,1.1500000257624876e-10,1.1500000257624876e-10
tcdm_master_northeast_resp_i\[rdata\]\[meta_id\][2],tcdm_master_northeast_resp_i\[rdata\]\[meta_id\][2],INPUT,1,0,102564,390662,102588,390996,5.750000128812438e-11,1.6661022783637236e-08,1.1500000257624876e-10,1.1500000257624876e-10
tcdm_master_northeast_resp_ready_o,tcdm_master_northeast_resp_ready_o,OUTPUT,0,1,105828,0,105852,334,6.28422452964017e-11,-4.570820166804879e-08,4.859320057448713e-08,4.7789541213205666e-08
tcdm_master_northeast_resp_valid_i,tcdm_master_northeast_resp_valid_i,INPUT,1,0,105812,390722,105844,390996,5.750000128812438e-11,1.601607024781515e-08,1.1500000257624876e-10,1.1500000257624876e-10
tcdm_slave_east_req_i\[be\][0],tcdm_slave_east_req_i\[be\][0],INPUT,1,0,90068,390722,90100,390996,5.750000128812438e-11,-1.1500000257624876e-10,1.1500000257624876e-10,1.1500000257624876e-10
tcdm_slave_east_req_i\[be\][1],tcdm_slave_east_req_i\[be\][1],INPUT,1,0,90084,0,90108,334,5.750000128812438e-11,-1.1500000257624876e-10,1.1500000257624876e-10,1.1500000257624876e-10
tcdm_slave_east_req_i\[be\][2],tcdm_slave_east_req_i\[be\][2],INPUT,1,0,90084,390662,90108,390996,5.750000128812438e-11,-1.1500000257624876e-10,1.1500000257624876e-10,1.1500000257624876e-10
tcdm_slave_east_req_i\[be\][3],tcdm_slave_east_req_i\[be\][3],INPUT,1,0,391202,90104,391536,90128,5.750000128812438e-11,-1.1500000257624876e-10,1.1500000257624876e-10,1.1500000257624876e-10
tcdm_slave_east_req_i\[ini_addr\][0],tcdm_slave_east_req_i\[ini_addr\][0],INPUT,1,0,90068,0,90100,274,5.750000128812438e-11,2.648619989997769e-08,1.1500000257624876e-10,1.1500000257624876e-10
tcdm_slave_east_req_i\[tgt_addr\][0],tcdm_slave_east_req_i\[tgt_addr\][0],INPUT,1,0,89988,0,90012,334,5.750000128812438e-11,1.751481981671077e-08,1.1500000257624876e-10,1.1500000257624876e-10
tcdm_slave_east_req_i\[tgt_addr\][10],tcdm_slave_east_req_i\[tgt_addr\][10],INPUT,1,0,102612,0,102644,274,5.750000128812438e-11,2.628530815229624e-08,1.1500000257624876e-10,1.1500000257624876e-10
tcdm_slave_east_req_i\[tgt_addr\][11],tcdm_slave_east_req_i\[tgt_addr\][11],INPUT,1,0,102612,390722,102644,390996,5.750000128812438e-11,2.6234548755610376e-08,1.1500000257624876e-10,1.1500000257624876e-10
tcdm_slave_east_req_i\[tgt_addr\][1],tcdm_slave_east_req_i\[tgt_addr\][1],INPUT,1,0,89988,390662,90012,390996,5.750000128812438e-11,1.7322040690714857e-08,1.1500000257624876e-10,1.1500000257624876e-10
tcdm_slave_east_req_i\[tgt_addr\][2],tcdm_slave_east_req_i\[tgt_addr\][2],INPUT,1,0,391262,90004,391536,90036,5.750000128812438e-11,1.74889649429133e-08,1.1500000257624876e-10,1.1500000257624876e-10
tcdm_slave_east_req_i\[tgt_addr\][3],tcdm_slave_east_req_i\[tgt_addr\][3],INPUT,1,0,0,90004,274,90036,5.750000128812438e-11,1.746757405385324e-08,1.1500000257624876e-10,1.1500000257624876e-10
tcdm_slave_east_req_i\[tgt_addr\][4],tcdm_slave_east_req_i\[tgt_addr\][4],INPUT,1,0,102660,0,102684,334,5.750000128812438e-11,2.6263689889560737e-08,1.1500000257624876e-10,1.1500000257624876e-10
tcdm_slave_east_req_i\[tgt_addr\][5],tcdm_slave_east_req_i\[tgt_addr\][5],INPUT,1,0,102660,390662,102684,390996,5.750000128812438e-11,2.6160737576219617e-08,1.1500000257624876e-10,1.1500000257624876e-10
tcdm_slave_east_req_i\[tgt_addr\][6],tcdm_slave_east_req_i\[tgt_addr\][6],INPUT,1,0,391202,102584,391536,102608,5.750000128812438e-11,2.6227025884395516e-08,1.1500000257624876e-10,1.1500000257624876e-10
tcdm_slave_east_req_i\[tgt_addr\][7],tcdm_slave_east_req_i\[tgt_addr\][7],INPUT,1,0,0,102584,334,102608,5.750000128812438e-11,2.6170065225983308e-08,1.1500000257624876e-10,1.1500000257624876e-10
tcdm_slave_east_req_i\[tgt_addr\][8],tcdm_slave_east_req_i\[tgt_addr\][8],INPUT,1,0,391262,102548,391536,102580,5.750000128812438e-11,2.646321739518953e-08,1.1500000257624876e-10,1.1500000257624876e-10
tcdm_slave_east_req_i\[tgt_addr\][9],tcdm_slave_east_req_i\[tgt_addr\][9],INPUT,1,0,0,102548,274,102580,5.750000128812438e-11,2.6322009460955087e-08,1.1500000257624876e-10,1.1500000257624876e-10
tcdm_slave_east_req_i\[wdata\]\[amo\][0],tcdm_slave_east_req_i\[wdata\]\[amo\][0],INPUT,1,0,89940,0,89972,274,5.750000128812438e-11,2.645365704267988e-08,1.1500000257624876e-10,1.1500000257624876e-10
tcdm_slave_east_req_i\[wdata\]\[amo\][1],tcdm_slave_east_req_i\[wdata\]\[amo\][1],INPUT,1,0,391202,89944,391536,89968,5.750000128812438e-11,2.6481549397772142e-08,1.1500000257624876e-10,1.1500000257624876e-10
tcdm_slave_east_req_i\[wdata\]\[amo\][2],tcdm_slave_east_req_i\[wdata\]\[amo\][2],INPUT,1,0,89940,390722,89972,390996,5.750000128812438e-11,2.6422394938663274e-08,1.1500000257624876e-10,1.1500000257624876e-10
tcdm_slave_east_req_i\[wdata\]\[amo\][3],tcdm_slave_east_req_i\[wdata\]\[amo\][3],INPUT,1,0,0,89944,334,89968,5.750000128812438e-11,2.6500114103100714e-08,1.1500000257624876e-10,1.1500000257624876e-10
tcdm_slave_east_req_i\[wdata\]\[core_id\][0],tcdm_slave_east_req_i\[wdata\]\[core_id\][0],INPUT,1,0,102740,390722,102772,390996,5.750000128812438e-11,2.6175079881340935e-08,1.1500000257624876e-10,1.1500000257624876e-10
tcdm_slave_east_req_i\[wdata\]\[core_id\][1],tcdm_slave_east_req_i\[wdata\]\[core_id\][1],INPUT,1,0,102756,390662,102780,390996,5.750000128812438e-11,2.6396129726435902e-08,1.1500000257624876e-10,1.1500000257624876e-10
tcdm_slave_east_req_i\[wdata\]\[data\][0],tcdm_slave_east_req_i\[wdata\]\[data\][0],INPUT,1,0,89700,0,89724,334,5.750000128812438e-11,2.8062066448342193e-08,1.1500000257624876e-10,1.1500000257624876e-10
tcdm_slave_east_req_i\[wdata\]\[data\][10],tcdm_slave_east_req_i\[wdata\]\[data\][10],INPUT,1,0,391202,89784,391536,89808,5.750000128812438e-11,2.8576774724342613e-08,1.1500000257624876e-10,1.1500000257624876e-10
tcdm_slave_east_req_i\[wdata\]\[data\][11],tcdm_slave_east_req_i\[wdata\]\[data\][11],INPUT,1,0,0,89784,334,89808,5.750000128812438e-11,2.7818371606258552e-08,1.1500000257624876e-10,1.1500000257624876e-10
tcdm_slave_east_req_i\[wdata\]\[data\][12],tcdm_slave_east_req_i\[wdata\]\[data\][12],INPUT,1,0,391262,102804,391536,102836,5.750000128812438e-11,2.81456902229138e-08,1.1500000257624876e-10,1.1500000257624876e-10
tcdm_slave_east_req_i\[wdata\]\[data\][13],tcdm_slave_east_req_i\[wdata\]\[data\][13],INPUT,1,0,0,102804,274,102836,5.750000128812438e-11,2.788039843437673e-08,1.1500000257624876e-10,1.1500000257624876e-10
tcdm_slave_east_req_i\[wdata\]\[data\][14],tcdm_slave_east_req_i\[wdata\]\[data\][14],INPUT,1,0,102868,0,102900,274,5.750000128812438e-11,2.7956762238545707e-08,1.1500000257624876e-10,1.1500000257624876e-10
tcdm_slave_east_req_i\[wdata\]\[data\][15],tcdm_slave_east_req_i\[wdata\]\[data\][15],INPUT,1,0,102868,390722,102900,390996,5.750000128812438e-11,2.769086826504008e-08,1.1500000257624876e-10,1.1500000257624876e-10
tcdm_slave_east_req_i\[wdata\]\[data\][16],tcdm_slave_east_req_i\[wdata\]\[data\][16],INPUT,1,0,89812,0,89844,274,5.750000128812438e-11,2.837641943642666e-08,1.1500000257624876e-10,1.1500000257624876e-10
tcdm_slave_east_req_i\[wdata\]\[data\][17],tcdm_slave_east_req_i\[wdata\]\[data\][17],INPUT,1,0,89796,0,89820,334,5.750000128812438e-11,2.813683330771255e-08,1.1500000257624876e-10,1.1500000257624876e-10
tcdm_slave_east_req_i\[wdata\]\[data\][18],tcdm_slave_east_req_i\[wdata\]\[data\][18],INPUT,1,0,89812,390722,89844,390996,5.750000128812438e-11,2.7765103993715456e-08,1.1500000257624876e-10,1.1500000257624876e-10
tcdm_slave_east_req_i\[wdata\]\[data\][19],tcdm_slave_east_req_i\[wdata\]\[data\][19],INPUT,1,0,89796,390662,89820,390996,5.750000128812438e-11,2.7882702369197432e-08,1.1500000257624876e-10,1.1500000257624876e-10
tcdm_slave_east_req_i\[wdata\]\[data\][1],tcdm_slave_east_req_i\[wdata\]\[data\][1],INPUT,1,0,89700,390662,89724,390996,5.750000128812438e-11,2.7737852903442217e-08,1.1500000257624876e-10,1.1500000257624876e-10
tcdm_slave_east_req_i\[wdata\]\[data\][20],tcdm_slave_east_req_i\[wdata\]\[data\][20],INPUT,1,0,102852,0,102876,334,5.750000128812438e-11,2.8118043005065374e-08,1.1500000257624876e-10,1.1500000257624876e-10
tcdm_slave_east_req_i\[wdata\]\[data\][21],tcdm_slave_east_req_i\[wdata\]\[data\][21],INPUT,1,0,102852,390662,102876,390996,5.750000128812438e-11,2.7766798638140244e-08,1.1500000257624876e-10,1.1500000257624876e-10
tcdm_slave_east_req_i\[wdata\]\[data\][22],tcdm_slave_east_req_i\[wdata\]\[data\][22],INPUT,1,0,391202,102744,391536,102768,5.750000128812438e-11,2.8124560458309134e-08,1.1500000257624876e-10,1.1500000257624876e-10
tcdm_slave_east_req_i\[wdata\]\[data\][23],tcdm_slave_east_req_i\[wdata\]\[data\][23],INPUT,1,0,0,102744,334,102768,5.750000128812438e-11,2.767849061058314e-08,1.1500000257624876e-10,1.1500000257624876e-10
tcdm_slave_east_req_i\[wdata\]\[data\][24],tcdm_slave_east_req_i\[wdata\]\[data\][24],INPUT,1,0,391262,89876,391536,89908,5.750000128812438e-11,2.829250966840391e-08,1.1500000257624876e-10,1.1500000257624876e-10
tcdm_slave_east_req_i\[wdata\]\[data\][25],tcdm_slave_east_req_i\[wdata\]\[data\][25],INPUT,1,0,0,89876,274,89908,5.750000128812438e-11,2.7830335369571912e-08,1.1500000257624876e-10,1.1500000257624876e-10
tcdm_slave_east_req_i\[wdata\]\[data\][26],tcdm_slave_east_req_i\[wdata\]\[data\][26],INPUT,1,0,89892,0,89916,334,5.750000128812438e-11,2.766652862362662e-08,1.1500000257624876e-10,1.1500000257624876e-10
tcdm_slave_east_req_i\[wdata\]\[data\][27],tcdm_slave_east_req_i\[wdata\]\[data\][27],INPUT,1,0,89892,390662,89916,390996,5.750000128812438e-11,2.819868072378995e-08,1.1500000257624876e-10,1.1500000257624876e-10
tcdm_slave_east_req_i\[wdata\]\[data\][28],tcdm_slave_east_req_i\[wdata\]\[data\][28],INPUT,1,0,391262,102676,391536,102708,5.750000128812438e-11,2.760097395082539e-08,1.1500000257624876e-10,1.1500000257624876e-10
tcdm_slave_east_req_i\[wdata\]\[data\][29],tcdm_slave_east_req_i\[wdata\]\[data\][29],INPUT,1,0,0,102676,274,102708,5.750000128812438e-11,2.7890580511780172e-08,1.1500000257624876e-10,1.1500000257624876e-10
tcdm_slave_east_req_i\[wdata\]\[data\][2],tcdm_slave_east_req_i\[wdata\]\[data\][2],INPUT,1,0,391202,102904,391536,102928,5.750000128812438e-11,2.7835653781949077e-08,1.1500000257624876e-10,1.1500000257624876e-10
tcdm_slave_east_req_i\[wdata\]\[data\][30],tcdm_slave_east_req_i\[wdata\]\[data\][30],INPUT,1,0,102740,0,102772,274,5.750000128812438e-11,2.7519721612634385e-08,1.1500000257624876e-10,1.1500000257624876e-10
tcdm_slave_east_req_i\[wdata\]\[data\][31],tcdm_slave_east_req_i\[wdata\]\[data\][31],INPUT,1,0,102756,0,102780,334,5.750000128812438e-11,2.84999224220428e-08,1.1500000257624876e-10,1.1500000257624876e-10
tcdm_slave_east_req_i\[wdata\]\[data\][3],tcdm_slave_east_req_i\[wdata\]\[data\][3],INPUT,1,0,391262,102932,391536,102964,5.750000128812438e-11,2.7857637974193494e-08,1.1500000257624876e-10,1.1500000257624876e-10
tcdm_slave_east_req_i\[wdata\]\[data\][4],tcdm_slave_east_req_i\[wdata\]\[data\][4],INPUT,1,0,0,102904,334,102928,5.750000128812438e-11,2.7981092998174972e-08,1.1500000257624876e-10,1.1500000257624876e-10
tcdm_slave_east_req_i\[wdata\]\[data\][5],tcdm_slave_east_req_i\[wdata\]\[data\][5],INPUT,1,0,0,102932,274,102964,5.750000128812438e-11,2.7558083814938072e-08,1.1500000257624876e-10,1.1500000257624876e-10
tcdm_slave_east_req_i\[wdata\]\[data\][6],tcdm_slave_east_req_i\[wdata\]\[data\][6],INPUT,1,0,102948,0,102972,334,5.750000128812438e-11,2.8059339740593714e-08,1.1500000257624876e-10,1.1500000257624876e-10
tcdm_slave_east_req_i\[wdata\]\[data\][7],tcdm_slave_east_req_i\[wdata\]\[data\][7],INPUT,1,0,102948,390662,102972,390996,5.750000128812438e-11,2.8074536473354783e-08,1.1500000257624876e-10,1.1500000257624876e-10
tcdm_slave_east_req_i\[wdata\]\[data\][8],tcdm_slave_east_req_i\[wdata\]\[data\][8],INPUT,1,0,391262,89748,391536,89780,5.750000128812438e-11,2.7622315101893946e-08,1.1500000257624876e-10,1.1500000257624876e-10
tcdm_slave_east_req_i\[wdata\]\[data\][9],tcdm_slave_east_req_i\[wdata\]\[data\][9],INPUT,1,0,0,89748,274,89780,5.750000128812438e-11,2.7637181432282887e-08,1.1500000257624876e-10,1.1500000257624876e-10
tcdm_slave_east_req_i\[wdata\]\[meta_id\][0],tcdm_slave_east_req_i\[wdata\]\[meta_id\][0],INPUT,1,0,102996,390722,103028,390996,5.750000128812438e-11,2.6429093580304652e-08,1.1500000257624876e-10,1.1500000257624876e-10
tcdm_slave_east_req_i\[wdata\]\[meta_id\][1],tcdm_slave_east_req_i\[wdata\]\[meta_id\][1],INPUT,1,0,89684,0,89716,274,5.750000128812438e-11,2.6711871825568778e-08,1.1500000257624876e-10,1.1500000257624876e-10
tcdm_slave_east_req_i\[wdata\]\[meta_id\][2],tcdm_slave_east_req_i\[wdata\]\[meta_id\][2],INPUT,1,0,89684,390722,89716,390996,5.750000128812438e-11,2.656753750329699e-08,1.1500000257624876e-10,1.1500000257624876e-10
tcdm_slave_east_req_i\[wen\],tcdm_slave_east_req_i\[wen\],INPUT,1,0,391262,105876,391536,105908,5.750000128812438e-11,2.6270445374620977e-08,1.1500000257624876e-10,1.1500000257624876e-10
tcdm_slave_east_req_ready_o,tcdm_slave_east_req_ready_o,OUTPUT,0,1,391262,86676,391536,86708,7.652860567475273e-10,-3.311848217890656e-08,3.60034810853449e-08,3.535733839044042e-08
tcdm_slave_east_req_valid_i,tcdm_slave_east_req_valid_i,INPUT,1,0,0,86676,274,86708,5.750000128812438e-11,1.728015242008496e-08,1.1500000257624876e-10,1.1500000257624876e-10
tcdm_slave_east_resp_o\[ini_addr\][0],tcdm_slave_east_resp_o\[ini_addr\][0],OUTPUT,0,1,102996,0,103028,274,9.681096202474038e-11,-4.673734466109636e-08,4.943712994531779e-08,4.96223435675347e-08
tcdm_slave_east_resp_o\[rdata\]\[core_id\][0],tcdm_slave_east_resp_o\[rdata\]\[core_id\][0],OUTPUT,0,1,391202,89624,391536,89648,4.31880864404377e-10,-4.675147735611063e-08,4.9570139992738405e-08,4.963647626254897e-08
tcdm_slave_east_resp_o\[rdata\]\[core_id\][1],tcdm_slave_east_resp_o\[rdata\]\[core_id\][1],OUTPUT,0,1,391262,89620,391536,89652,4.876140602405599e-10,-4.671488795793266e-08,4.9599886864371e-08,4.937748698807809e-08
tcdm_slave_east_resp_o\[rdata\]\[data\][0],tcdm_slave_east_resp_o\[rdata\]\[data\][0],OUTPUT,0,1,391262,89364,391536,89396,4.4677697652595327e-10,-4.686341625870227e-08,4.963580835237735e-08,4.9748415165140614e-08
tcdm_slave_east_resp_o\[rdata\]\[data\][10],tcdm_slave_east_resp_o\[rdata\]\[data\][10],OUTPUT,0,1,89428,390722,89460,390996,4.684634902218932e-10,-4.682583210069424e-08,4.9664325985077085e-08,4.971083100713258e-08
tcdm_slave_east_resp_o\[rdata\]\[data\][11],tcdm_slave_east_resp_o\[rdata\]\[data\][11],OUTPUT,0,1,89412,390662,89436,390996,4.968097599977739e-10,-4.687853305540557e-08,4.96562790885946e-08,4.976353196184391e-08
tcdm_slave_east_resp_o\[rdata\]\[data\][12],tcdm_slave_east_resp_o\[rdata\]\[data\][12],OUTPUT,0,1,103236,0,103260,334,9.711691173475145e-11,-4.673879416827731e-08,4.9499227827709547e-08,4.962379307471565e-08
tcdm_slave_east_resp_o\[rdata\]\[data\][13],tcdm_slave_east_resp_o\[rdata\]\[data\][13],OUTPUT,0,1,103236,390662,103260,390996,4.3845854724722244e-10,-4.680126508560534e-08,4.95988317084084e-08,4.968626399204368e-08
tcdm_slave_east_resp_o\[rdata\]\[data\][14],tcdm_slave_east_resp_o\[rdata\]\[data\][14],OUTPUT,0,1,391202,89464,391536,89488,3.56146057090001e-10,-4.667272079927898e-08,4.955771970571732e-08,4.9337817387140603e-08
tcdm_slave_east_resp_o\[rdata\]\[data\][15],tcdm_slave_east_resp_o\[rdata\]\[data\][15],OUTPUT,0,1,0,89464,334,89488,1.2803981486175786e-10,-4.675466058756683e-08,4.945284359791913e-08,4.963965949400517e-08
tcdm_slave_east_resp_o\[rdata\]\[data\][16],tcdm_slave_east_resp_o\[rdata\]\[data\][16],OUTPUT,0,1,391262,89492,391536,89524,4.225732819218564e-10,-4.679949938690697e-08,4.961620447829773e-08,4.9684498293345314e-08
tcdm_slave_east_resp_o\[rdata\]\[data\][17],tcdm_slave_east_resp_o\[rdata\]\[data\][17],OUTPUT,0,1,0,89492,274,89524,1.2921033687440797e-10,-4.6567372180561506e-08,4.945237108699985e-08,4.924873664435836e-08
tcdm_slave_east_resp_o\[rdata\]\[data\][18],tcdm_slave_east_resp_o\[rdata\]\[data\][18],OUTPUT,0,1,89508,0,89532,334,1.1756701168152972e-10,-4.678070553154612e-08,4.950828369487681e-08,4.966570443798446e-08
tcdm_slave_east_resp_o\[rdata\]\[data\][19],tcdm_slave_east_resp_o\[rdata\]\[data\][19],OUTPUT,0,1,89508,390662,89532,390996,4.5900483414129667e-10,-4.6715136647890176e-08,4.960013555432852e-08,4.937366782087338e-08
tcdm_slave_east_resp_o\[rdata\]\[data\][1],tcdm_slave_east_resp_o\[rdata\]\[data\][1],OUTPUT,0,1,0,89364,274,89396,1.1541193695174812e-10,-4.656042662531945e-08,4.944542553175779e-08,4.937783515401861e-08
tcdm_slave_east_resp_o\[rdata\]\[data\][20],tcdm_slave_east_resp_o\[rdata\]\[data\][20],OUTPUT,0,1,391202,103064,391536,103088,3.9958902853243217e-10,-4.668938657914623e-08,4.957438548558457e-08,4.935103348202574e-08
tcdm_slave_east_resp_o\[rdata\]\[data\][21],tcdm_slave_east_resp_o\[rdata\]\[data\][21],OUTPUT,0,1,391262,103060,391536,103092,4.1837533437671937e-10,-4.675933951148181e-08,4.964433841792015e-08,4.953212595637524e-08
tcdm_slave_east_resp_o\[rdata\]\[data\][22],tcdm_slave_east_resp_o\[rdata\]\[data\][22],OUTPUT,0,1,0,103064,334,103088,1.3634857132238665e-10,-4.6702201217385664e-08,4.9500059162710386e-08,4.9587200123824005e-08
tcdm_slave_east_resp_o\[rdata\]\[data\][23],tcdm_slave_east_resp_o\[rdata\]\[data\][23],OUTPUT,0,1,0,103060,274,103092,1.5931521379908276e-10,-4.676548570614614e-08,4.952832455273892e-08,4.965048461258448e-08
tcdm_slave_east_resp_o\[rdata\]\[data\][24],tcdm_slave_east_resp_o\[rdata\]\[data\][24],OUTPUT,0,1,103124,0,103156,274,9.7676575161465e-11,-4.676158837924049e-08,4.948083187628072e-08,4.9646587285678834e-08
tcdm_slave_east_resp_o\[rdata\]\[data\][25],tcdm_slave_east_resp_o\[rdata\]\[data\][25],OUTPUT,0,1,103140,0,103164,334,1.0801004535210268e-10,-4.670322795163884e-08,4.944172715681816e-08,4.958822685807718e-08
tcdm_slave_east_resp_o\[rdata\]\[data\][26],tcdm_slave_east_resp_o\[rdata\]\[data\][26],OUTPUT,0,1,103124,390722,103156,390996,4.4805095744671064e-10,-4.686087251570825e-08,4.96473475664061e-08,4.974587142214659e-08
tcdm_slave_east_resp_o\[rdata\]\[data\][27],tcdm_slave_east_resp_o\[rdata\]\[data\][27],OUTPUT,0,1,103140,390662,103164,390996,4.419950516698634e-10,-4.675347398119811e-08,4.9638472887636453e-08,4.9551296399386047e-08
tcdm_slave_east_resp_o\[rdata\]\[data\][28],tcdm_slave_east_resp_o\[rdata\]\[data\][28],OUTPUT,0,1,89556,0,89588,274,1.2595401110981896e-10,-4.6788144913989527e-08,4.951183285584193e-08,4.967314382042787e-08
tcdm_slave_east_resp_o\[rdata\]\[data\][29],tcdm_slave_east_resp_o\[rdata\]\[data\][29],OUTPUT,0,1,89556,390722,89588,390996,4.827935273787887e-10,-4.676539333559049e-08,4.965039224202883e-08,4.955551347052278e-08
tcdm_slave_east_resp_o\[rdata\]\[data\][2],tcdm_slave_east_resp_o\[rdata\]\[data\][2],OUTPUT,0,1,391202,103224,391536,103248,4.473336145949247e-10,-4.684480003902536e-08,4.963684929748524e-08,4.97297989454637e-08
tcdm_slave_east_resp_o\[rdata\]\[data\][30],tcdm_slave_east_resp_o\[rdata\]\[data\][30],OUTPUT,0,1,89604,0,89628,334,1.1963383061974753e-10,-4.669661279876891e-08,4.950905108103143e-08,4.958161170520725e-08
tcdm_slave_east_resp_o\[rdata\]\[data\][31],tcdm_slave_east_resp_o\[rdata\]\[data\][31],OUTPUT,0,1,89604,390662,89628,390996,4.4073278360201584e-10,-4.682266663280643e-08,4.966039313103465e-08,4.970766553924477e-08
tcdm_slave_east_resp_o\[rdata\]\[data\][3],tcdm_slave_east_resp_o\[rdata\]\[data\][3],OUTPUT,0,1,0,103224,334,103248,1.3470281834404574e-10,-4.656804009073312e-08,4.945303899717146e-08,4.938545927757332e-08
tcdm_slave_east_resp_o\[rdata\]\[data\][4],tcdm_slave_east_resp_o\[rdata\]\[data\][4],OUTPUT,0,1,391262,103188,391536,103220,3.984958196756594e-10,-4.675327147651842e-08,4.963827038295676e-08,4.9527404399896113e-08
tcdm_slave_east_resp_o\[rdata\]\[data\][5],tcdm_slave_east_resp_o\[rdata\]\[data\][5],OUTPUT,0,1,0,103188,274,103220,1.437957808381185e-10,-4.6705427081406015e-08,4.9502901333653426e-08,4.9590425987844355e-08
tcdm_slave_east_resp_o\[rdata\]\[data\][6],tcdm_slave_east_resp_o\[rdata\]\[data\][6],OUTPUT,0,1,103252,0,103284,274,1.0924022103564468e-10,-4.667650088663322e-08,4.944249809568646e-08,4.956149979307156e-08
tcdm_slave_east_resp_o\[rdata\]\[data\][7],tcdm_slave_east_resp_o\[rdata\]\[data\][7],OUTPUT,0,1,103252,390722,103284,390996,4.4746470417855733e-10,-4.682011578438505e-08,4.9657810308190165e-08,4.970511469082339e-08
tcdm_slave_east_resp_o\[rdata\]\[data\][8],tcdm_slave_east_resp_o\[rdata\]\[data\][8],OUTPUT,0,1,89428,0,89460,274,1.196510113210536e-10,-4.6606498216306136e-08,4.9491497122744477e-08,4.941928466450918e-08
tcdm_slave_east_resp_o\[rdata\]\[data\][9],tcdm_slave_east_resp_o\[rdata\]\[data\][9],OUTPUT,0,1,89412,0,89436,334,1.0522525212275369e-10,-4.67359804190437e-08,4.9484242481412366e-08,4.962097932548204e-08
tcdm_slave_east_resp_o\[rdata\]\[meta_id\][0],tcdm_slave_east_resp_o\[rdata\]\[meta_id\][0],OUTPUT,0,1,89316,390662,89340,390996,4.5157882988533515e-10,-4.682870624606039e-08,4.966582878296322e-08,4.971370515249873e-08
tcdm_slave_east_resp_o\[rdata\]\[meta_id\][1],tcdm_slave_east_resp_o\[rdata\]\[meta_id\][1],OUTPUT,0,1,103332,0,103356,334,1.0419564516750413e-10,-4.6730932012906123e-08,4.944084608382582e-08,4.9615930919344464e-08
tcdm_slave_east_resp_o\[rdata\]\[meta_id\][2],tcdm_slave_east_resp_o\[rdata\]\[meta_id\][2],OUTPUT,0,1,103332,390662,103356,390996,4.513354134871861e-10,-4.688034493938176e-08,4.966236133441271e-08,4.97653438458201e-08
tcdm_slave_east_resp_ready_i,tcdm_slave_east_resp_ready_i,INPUT,1,0,391202,105944,391536,105968,5.750000128812438e-11,3.683937066512044e-08,1.1500000257624876e-10,1.1500000257624876e-10
tcdm_slave_east_resp_valid_o,tcdm_slave_east_resp_valid_o,OUTPUT,0,1,0,105944,334,105968,8.25985668750917e-11,-4.641803030835945e-08,4.8536367813767356e-08,4.930302921479779e-08
tcdm_slave_local_req_i\[be\][0],tcdm_slave_local_req_i\[be\][0],INPUT,1,0,391202,89304,391536,89328,5.750000128812438e-11,-1.1500000257624876e-10,1.1500000257624876e-10,1.1500000257624876e-10
tcdm_slave_local_req_i\[be\][1],tcdm_slave_local_req_i\[be\][1],INPUT,1,0,89300,390722,89332,390996,5.750000128812438e-11,-1.1500000257624876e-10,1.1500000257624876e-10,1.1500000257624876e-10
tcdm_slave_local_req_i\[be\][2],tcdm_slave_local_req_i\[be\][2],INPUT,1,0,0,89304,334,89328,5.750000128812438e-11,-1.1500000257624876e-10,1.1500000257624876e-10,1.1500000257624876e-10
tcdm_slave_local_req_i\[be\][3],tcdm_slave_local_req_i\[be\][3],INPUT,1,0,89316,0,89340,334,5.750000128812438e-11,-1.1500000257624876e-10,1.1500000257624876e-10,1.1500000257624876e-10
tcdm_slave_local_req_i\[ini_addr\][0],tcdm_slave_local_req_i\[ini_addr\][0],INPUT,1,0,89300,0,89332,274,5.750000128812438e-11,2.6487439797051593e-08,1.1500000257624876e-10,1.1500000257624876e-10
tcdm_slave_local_req_i\[tgt_addr\][0],tcdm_slave_local_req_i\[tgt_addr\][0],INPUT,1,0,89220,0,89244,334,5.750000128812438e-11,1.7462721046968e-08,1.1500000257624876e-10,1.1500000257624876e-10
tcdm_slave_local_req_i\[tgt_addr\][10],tcdm_slave_local_req_i\[tgt_addr\][10],INPUT,1,0,103380,0,103412,274,5.750000128812438e-11,2.6349592729957294e-08,1.1500000257624876e-10,1.1500000257624876e-10
tcdm_slave_local_req_i\[tgt_addr\][11],tcdm_slave_local_req_i\[tgt_addr\][11],INPUT,1,0,103380,390722,103412,390996,5.750000128812438e-11,2.639447771457526e-08,1.1500000257624876e-10,1.1500000257624876e-10
tcdm_slave_local_req_i\[tgt_addr\][1],tcdm_slave_local_req_i\[tgt_addr\][1],INPUT,1,0,89220,390662,89244,390996,5.750000128812438e-11,1.7236336802284313e-08,1.1500000257624876e-10,1.1500000257624876e-10
tcdm_slave_local_req_i\[tgt_addr\][2],tcdm_slave_local_req_i\[tgt_addr\][2],INPUT,1,0,391202,103384,391536,103408,5.750000128812438e-11,1.7445756839151727e-08,1.1500000257624876e-10,1.1500000257624876e-10
tcdm_slave_local_req_i\[tgt_addr\][3],tcdm_slave_local_req_i\[tgt_addr\][3],INPUT,1,0,0,103384,334,103408,5.750000128812438e-11,1.7308662947357334e-08,1.1500000257624876e-10,1.1500000257624876e-10
tcdm_slave_local_req_i\[tgt_addr\][4],tcdm_slave_local_req_i\[tgt_addr\][4],INPUT,1,0,391262,89236,391536,89268,5.750000128812438e-11,2.641814589310343e-08,1.1500000257624876e-10,1.1500000257624876e-10
tcdm_slave_local_req_i\[tgt_addr\][5],tcdm_slave_local_req_i\[tgt_addr\][5],INPUT,1,0,0,89236,274,89268,5.750000128812438e-11,2.637081131240393e-08,1.1500000257624876e-10,1.1500000257624876e-10
tcdm_slave_local_req_i\[tgt_addr\][6],tcdm_slave_local_req_i\[tgt_addr\][6],INPUT,1,0,103428,0,103452,334,5.750000128812438e-11,2.644524244033164e-08,1.1500000257624876e-10,1.1500000257624876e-10
tcdm_slave_local_req_i\[tgt_addr\][7],tcdm_slave_local_req_i\[tgt_addr\][7],INPUT,1,0,103428,390662,103452,390996,5.750000128812438e-11,2.6135008823757744e-08,1.1500000257624876e-10,1.1500000257624876e-10
tcdm_slave_local_req_i\[tgt_addr\][8],tcdm_slave_local_req_i\[tgt_addr\][8],INPUT,1,0,391262,103316,391536,103348,5.750000128812438e-11,2.6442180001140514e-08,1.1500000257624876e-10,1.1500000257624876e-10
tcdm_slave_local_req_i\[tgt_addr\][9],tcdm_slave_local_req_i\[tgt_addr\][9],INPUT,1,0,0,103316,274,103348,5.750000128812438e-11,2.6280259746158663e-08,1.1500000257624876e-10,1.1500000257624876e-10
tcdm_slave_local_req_i\[wdata\]\[amo\][0],tcdm_slave_local_req_i\[wdata\]\[amo\][0],INPUT,1,0,103508,390722,103540,390996,5.750000128812438e-11,2.642999064050855e-08,1.1500000257624876e-10,1.1500000257624876e-10
tcdm_slave_local_req_i\[wdata\]\[amo\][1],tcdm_slave_local_req_i\[wdata\]\[amo\][1],INPUT,1,0,103524,390662,103548,390996,5.750000128812438e-11,2.622816630548641e-08,1.1500000257624876e-10,1.1500000257624876e-10
tcdm_slave_local_req_i\[wdata\]\[amo\][2],tcdm_slave_local_req_i\[wdata\]\[amo\][2],INPUT,1,0,89172,0,89204,274,5.750000128812438e-11,2.6468740088603226e-08,1.1500000257624876e-10,1.1500000257624876e-10
tcdm_slave_local_req_i\[wdata\]\[amo\][3],tcdm_slave_local_req_i\[wdata\]\[amo\][3],INPUT,1,0,89172,390722,89204,390996,5.750000128812438e-11,2.641508878298282e-08,1.1500000257624876e-10,1.1500000257624876e-10
tcdm_slave_local_req_i\[wdata\]\[core_id\][0],tcdm_slave_local_req_i\[wdata\]\[core_id\][0],INPUT,1,0,103508,0,103540,274,5.750000128812438e-11,2.6494419103073596e-08,1.1500000257624876e-10,1.1500000257624876e-10
tcdm_slave_local_req_i\[wdata\]\[core_id\][1],tcdm_slave_local_req_i\[wdata\]\[core_id\][1],INPUT,1,0,103524,0,103548,334,5.750000128812438e-11,2.6478094383719508e-08,1.1500000257624876e-10,1.1500000257624876e-10
tcdm_slave_local_req_i\[wdata\]\[data\][0],tcdm_slave_local_req_i\[wdata\]\[data\][0],INPUT,1,0,103764,0,103796,274,5.750000128812438e-11,2.80091505544533e-08,1.1500000257624876e-10,1.1500000257624876e-10
tcdm_slave_local_req_i\[wdata\]\[data\][10],tcdm_slave_local_req_i\[wdata\]\[data\][10],INPUT,1,0,0,88984,334,89008,5.750000128812438e-11,2.8511427885291596e-08,1.1500000257624876e-10,1.1500000257624876e-10
tcdm_slave_local_req_i\[wdata\]\[data\][11],tcdm_slave_local_req_i\[wdata\]\[data\][11],INPUT,1,0,0,88980,274,89012,5.750000128812438e-11,2.782578434334937e-08,1.1500000257624876e-10,1.1500000257624876e-10
tcdm_slave_local_req_i\[wdata\]\[data\][12],tcdm_slave_local_req_i\[wdata\]\[data\][12],INPUT,1,0,103636,0,103668,274,5.750000128812438e-11,2.8125592521632825e-08,1.1500000257624876e-10,1.1500000257624876e-10
tcdm_slave_local_req_i\[wdata\]\[data\][13],tcdm_slave_local_req_i\[wdata\]\[data\][13],INPUT,1,0,103636,390722,103668,390996,5.750000128812438e-11,2.7735969965192453e-08,1.1500000257624876e-10,1.1500000257624876e-10
tcdm_slave_local_req_i\[wdata\]\[data\][14],tcdm_slave_local_req_i\[wdata\]\[data\][14],INPUT,1,0,89044,0,89076,274,5.750000128812438e-11,2.793951914270565e-08,1.1500000257624876e-10,1.1500000257624876e-10
tcdm_slave_local_req_i\[wdata\]\[data\][15],tcdm_slave_local_req_i\[wdata\]\[data\][15],INPUT,1,0,89028,0,89052,334,5.750000128812438e-11,2.788217479121613e-08,1.1500000257624876e-10,1.1500000257624876e-10
tcdm_slave_local_req_i\[wdata\]\[data\][16],tcdm_slave_local_req_i\[wdata\]\[data\][16],INPUT,1,0,89044,390722,89076,390996,5.750000128812438e-11,2.8234090621026553e-08,1.1500000257624876e-10,1.1500000257624876e-10
tcdm_slave_local_req_i\[wdata\]\[data\][17],tcdm_slave_local_req_i\[wdata\]\[data\][17],INPUT,1,0,89028,390662,89052,390996,5.750000128812438e-11,2.791712638838817e-08,1.1500000257624876e-10,1.1500000257624876e-10
tcdm_slave_local_req_i\[wdata\]\[data\][18],tcdm_slave_local_req_i\[wdata\]\[data\][18],INPUT,1,0,103620,0,103644,334,5.750000128812438e-11,2.7958513726389356e-08,1.1500000257624876e-10,1.1500000257624876e-10
tcdm_slave_local_req_i\[wdata\]\[data\][19],tcdm_slave_local_req_i\[wdata\]\[data\][19],INPUT,1,0,103620,390662,103644,390996,5.750000128812438e-11,2.7885592501775136e-08,1.1500000257624876e-10,1.1500000257624876e-10
tcdm_slave_local_req_i\[wdata\]\[data\][1],tcdm_slave_local_req_i\[wdata\]\[data\][1],INPUT,1,0,103764,390722,103796,390996,5.750000128812438e-11,2.773097307340322e-08,1.1500000257624876e-10,1.1500000257624876e-10
tcdm_slave_local_req_i\[wdata\]\[data\][20],tcdm_slave_local_req_i\[wdata\]\[data\][20],INPUT,1,0,391202,103544,391536,103568,5.750000128812438e-11,2.8022808962191448e-08,1.1500000257624876e-10,1.1500000257624876e-10
tcdm_slave_local_req_i\[wdata\]\[data\][21],tcdm_slave_local_req_i\[wdata\]\[data\][21],INPUT,1,0,391262,103572,391536,103604,5.750000128812438e-11,2.7773964461630385e-08,1.1500000257624876e-10,1.1500000257624876e-10
tcdm_slave_local_req_i\[wdata\]\[data\][22],tcdm_slave_local_req_i\[wdata\]\[data\][22],INPUT,1,0,0,103544,334,103568,5.750000128812438e-11,2.8117593586785006e-08,1.1500000257624876e-10,1.1500000257624876e-10
tcdm_slave_local_req_i\[wdata\]\[data\][23],tcdm_slave_local_req_i\[wdata\]\[data\][23],INPUT,1,0,0,103572,274,103604,5.750000128812438e-11,2.7657614865006508e-08,1.1500000257624876e-10,1.1500000257624876e-10
tcdm_slave_local_req_i\[wdata\]\[data\][24],tcdm_slave_local_req_i\[wdata\]\[data\][24],INPUT,1,0,391262,89108,391536,89140,5.750000128812438e-11,2.8209054647732046e-08,1.1500000257624876e-10,1.1500000257624876e-10
tcdm_slave_local_req_i\[wdata\]\[data\][25],tcdm_slave_local_req_i\[wdata\]\[data\][25],INPUT,1,0,0,89108,274,89140,5.750000128812438e-11,2.781209751390179e-08,1.1500000257624876e-10,1.1500000257624876e-10
tcdm_slave_local_req_i\[wdata\]\[data\][26],tcdm_slave_local_req_i\[wdata\]\[data\][26],INPUT,1,0,89124,0,89148,334,5.750000128812438e-11,2.7650282063973464e-08,1.1500000257624876e-10,1.1500000257624876e-10
tcdm_slave_local_req_i\[wdata\]\[data\][27],tcdm_slave_local_req_i\[wdata\]\[data\][27],INPUT,1,0,89124,390662,89148,390996,5.750000128812438e-11,2.8171234234264375e-08,1.1500000257624876e-10,1.1500000257624876e-10
tcdm_slave_local_req_i\[wdata\]\[data\][28],tcdm_slave_local_req_i\[wdata\]\[data\][28],INPUT,1,0,391202,89144,391536,89168,5.750000128812438e-11,2.7578899164382165e-08,1.1500000257624876e-10,1.1500000257624876e-10
tcdm_slave_local_req_i\[wdata\]\[data\][29],tcdm_slave_local_req_i\[wdata\]\[data\][29],INPUT,1,0,0,89144,334,89168,5.750000128812438e-11,2.7836049909524263e-08,1.1500000257624876e-10,1.1500000257624876e-10
tcdm_slave_local_req_i\[wdata\]\[data\][2],tcdm_slave_local_req_i\[wdata\]\[data\][2],INPUT,1,0,88916,0,88948,274,5.750000128812438e-11,2.781423269482275e-08,1.1500000257624876e-10,1.1500000257624876e-10
tcdm_slave_local_req_i\[wdata\]\[data\][30],tcdm_slave_local_req_i\[wdata\]\[data\][30],INPUT,1,0,391262,103444,391536,103476,5.750000128812438e-11,2.750281957730749e-08,1.1500000257624876e-10,1.1500000257624876e-10
tcdm_slave_local_req_i\[wdata\]\[data\][31],tcdm_slave_local_req_i\[wdata\]\[data\][31],INPUT,1,0,0,103444,274,103476,5.750000128812438e-11,2.849729163756365e-08,1.1500000257624876e-10,1.1500000257624876e-10
tcdm_slave_local_req_i\[wdata\]\[data\][3],tcdm_slave_local_req_i\[wdata\]\[data\][3],INPUT,1,0,88916,390722,88948,390996,5.750000128812438e-11,2.7692800941281348e-08,1.1500000257624876e-10,1.1500000257624876e-10
tcdm_slave_local_req_i\[wdata\]\[data\][4],tcdm_slave_local_req_i\[wdata\]\[data\][4],INPUT,1,0,88932,0,88956,334,5.750000128812438e-11,2.7955612935670615e-08,1.1500000257624876e-10,1.1500000257624876e-10
tcdm_slave_local_req_i\[wdata\]\[data\][5],tcdm_slave_local_req_i\[wdata\]\[data\][5],INPUT,1,0,88932,390662,88956,390996,5.750000128812438e-11,2.749280980651747e-08,1.1500000257624876e-10,1.1500000257624876e-10
tcdm_slave_local_req_i\[wdata\]\[data\][6],tcdm_slave_local_req_i\[wdata\]\[data\][6],INPUT,1,0,103716,0,103740,334,5.750000128812438e-11,2.7999575991088932e-08,1.1500000257624876e-10,1.1500000257624876e-10
tcdm_slave_local_req_i\[wdata\]\[data\][7],tcdm_slave_local_req_i\[wdata\]\[data\][7],INPUT,1,0,103716,390662,103740,390996,5.750000128812438e-11,2.8021903020203354e-08,1.1500000257624876e-10,1.1500000257624876e-10
tcdm_slave_local_req_i\[wdata\]\[data\][8],tcdm_slave_local_req_i\[wdata\]\[data\][8],INPUT,1,0,391202,88984,391536,89008,5.750000128812438e-11,2.7629333487766417e-08,1.1500000257624876e-10,1.1500000257624876e-10
tcdm_slave_local_req_i\[wdata\]\[data\][9],tcdm_slave_local_req_i\[wdata\]\[data\][9],INPUT,1,0,391262,88980,391536,89012,5.750000128812438e-11,2.7655605805421146e-08,1.1500000257624876e-10,1.1500000257624876e-10
tcdm_slave_local_req_i\[wdata\]\[meta_id\][0],tcdm_slave_local_req_i\[wdata\]\[meta_id\][0],INPUT,1,0,391262,103700,391536,103732,5.750000128812438e-11,2.666098453119048e-08,1.1500000257624876e-10,1.1500000257624876e-10
tcdm_slave_local_req_i\[wdata\]\[meta_id\][1],tcdm_slave_local_req_i\[wdata\]\[meta_id\][1],INPUT,1,0,0,103704,334,103728,5.750000128812438e-11,2.6774788608463496e-08,1.1500000257624876e-10,1.1500000257624876e-10
tcdm_slave_local_req_i\[wdata\]\[meta_id\][2],tcdm_slave_local_req_i\[wdata\]\[meta_id\][2],INPUT,1,0,0,103700,274,103732,5.750000128812438e-11,2.6616385540023657e-08,1.1500000257624876e-10,1.1500000257624876e-10
tcdm_slave_local_req_i\[wen\],tcdm_slave_local_req_i\[wen\],INPUT,1,0,106020,390662,106044,390996,5.750000128812438e-11,2.6218762272378626e-08,1.1500000257624876e-10,1.1500000257624876e-10
tcdm_slave_local_req_ready_o,tcdm_slave_local_req_ready_o,OUTPUT,0,1,86628,390662,86652,390996,1.6226370247451882e-09,-3.3461422077607494e-08,3.6346420984045835e-08,3.56921425748169e-08
tcdm_slave_local_req_valid_i,tcdm_slave_local_req_valid_i,INPUT,1,0,106020,0,106044,334,5.750000128812438e-11,1.7041644539972367e-08,1.1500000257624876e-10,1.1500000257624876e-10
tcdm_slave_local_resp_o\[ini_addr\][0],tcdm_slave_local_resp_o\[ini_addr\][0],OUTPUT,0,1,391202,103704,391536,103728,4.334663739058442e-10,-4.67785135072063e-08,4.966351241364464e-08,4.9535575641357354e-08
tcdm_slave_local_resp_o\[rdata\]\[core_id\][0],tcdm_slave_local_resp_o\[rdata\]\[core_id\][0],OUTPUT,0,1,88836,0,88860,334,1.1956785561650918e-10,-4.6640327155955674e-08,4.9525326062394015e-08,4.941713882544718e-08
tcdm_slave_local_resp_o\[rdata\]\[core_id\][1],tcdm_slave_local_resp_o\[rdata\]\[core_id\][1],OUTPUT,0,1,88836,390662,88860,390996,4.6504644579670185e-10,-4.6750919580063055e-08,4.9635918486501396e-08,4.953406929075754e-08
tcdm_slave_local_resp_o\[rdata\]\[data\][0],tcdm_slave_local_resp_o\[rdata\]\[data\][0],OUTPUT,0,1,391202,104024,391536,104048,4.505486816963611e-10,-4.678185661077805e-08,4.966685551721639e-08,4.95402936451228e-08
tcdm_slave_local_resp_o\[rdata\]\[data\][10],tcdm_slave_local_resp_o\[rdata\]\[data\][10],OUTPUT,0,1,391202,88664,391536,88688,5.274626291296158e-10,-4.675914411222948e-08,4.964414301866782e-08,4.954467769380244e-08
tcdm_slave_local_resp_o\[rdata\]\[data\][11],tcdm_slave_local_resp_o\[rdata\]\[data\][11],OUTPUT,0,1,88660,390722,88692,390996,4.73229677666609e-10,-4.682115317677926e-08,4.97061520832176e-08,4.955774102199939e-08
tcdm_slave_local_resp_o\[rdata\]\[data\][12],tcdm_slave_local_resp_o\[rdata\]\[data\][12],OUTPUT,0,1,88644,390662,88668,390996,5.090243226923974e-10,-4.675514730934083e-08,4.964014621577917e-08,4.944725873201605e-08
tcdm_slave_local_resp_o\[rdata\]\[data\][13],tcdm_slave_local_resp_o\[rdata\]\[data\][13],OUTPUT,0,1,0,88664,334,88688,1.395328574904653e-10,-4.65505145541556e-08,4.943551346059394e-08,4.940467945857563e-08
tcdm_slave_local_resp_o\[rdata\]\[data\][14],tcdm_slave_local_resp_o\[rdata\]\[data\][14],OUTPUT,0,1,104004,0,104028,334,1.3593723369176303e-10,-4.654745211496447e-08,4.943245102140281e-08,4.931298391852579e-08
tcdm_slave_local_resp_o\[rdata\]\[data\][15],tcdm_slave_local_resp_o\[rdata\]\[data\][15],OUTPUT,0,1,104004,390662,104028,390996,5.161398530795225e-10,-4.6717861579281816e-08,4.960286048572016e-08,4.954744170504455e-08
tcdm_slave_local_resp_o\[rdata\]\[data\][16],tcdm_slave_local_resp_o\[rdata\]\[data\][16],OUTPUT,0,1,391262,88724,391536,88756,5.541397896102751e-10,-4.676930487335085e-08,4.965430377978919e-08,4.950780407853017e-08
tcdm_slave_local_resp_o\[rdata\]\[data\][17],tcdm_slave_local_resp_o\[rdata\]\[data\][17],OUTPUT,0,1,0,88724,274,88756,1.1189604104400175e-10,-4.658685881508973e-08,4.947185772152807e-08,4.930489794219284e-08
tcdm_slave_local_resp_o\[rdata\]\[data\][18],tcdm_slave_local_resp_o\[rdata\]\[data\][18],OUTPUT,0,1,88740,0,88764,334,1.0441499748159444e-10,-4.65323140019791e-08,4.9417312908417443e-08,4.9302837368259134e-08
tcdm_slave_local_resp_o\[rdata\]\[data\][19],tcdm_slave_local_resp_o\[rdata\]\[data\][19],OUTPUT,0,1,88740,390662,88764,390996,4.614869320018755e-10,-4.67941490001067e-08,4.967914790654504e-08,4.955033716669277e-08
tcdm_slave_local_resp_o\[rdata\]\[data\][1],tcdm_slave_local_resp_o\[rdata\]\[data\][1],OUTPUT,0,1,0,104024,334,104048,1.4960881145054117e-10,-4.6652850471673446e-08,4.953784937811179e-08,4.943247944311224e-08
tcdm_slave_local_resp_o\[rdata\]\[data\][20],tcdm_slave_local_resp_o\[rdata\]\[data\][20],OUTPUT,0,1,391202,103864,391536,103888,4.598997571658714e-10,-4.669157860348605e-08,4.957657750992439e-08,4.9477879571213634e-08
tcdm_slave_local_resp_o\[rdata\]\[data\][21],tcdm_slave_local_resp_o\[rdata\]\[data\][21],OUTPUT,0,1,0,103864,334,103888,1.483446004924005e-10,-4.655504781680975e-08,4.944004672324809e-08,4.941018616477777e-08
tcdm_slave_local_resp_o\[rdata\]\[data\][22],tcdm_slave_local_resp_o\[rdata\]\[data\][22],OUTPUT,0,1,391262,103828,391536,103860,4.974163303472778e-10,-4.67452139218949e-08,4.963021282833324e-08,4.953241372618322e-08
tcdm_slave_local_resp_o\[rdata\]\[data\][23],tcdm_slave_local_resp_o\[rdata\]\[data\][23],OUTPUT,0,1,0,103828,274,103860,1.3261867992664378e-10,-4.6546908549771615e-08,4.9431907456209956e-08,4.9357630871327274e-08
tcdm_slave_local_resp_o\[rdata\]\[data\][24],tcdm_slave_local_resp_o\[rdata\]\[data\][24],OUTPUT,0,1,103892,0,103924,274,1.16668910643547e-10,-4.663892028133887e-08,4.952391918777721e-08,4.941773212863154e-08
tcdm_slave_local_resp_o\[rdata\]\[data\][25],tcdm_slave_local_resp_o\[rdata\]\[data\][25],OUTPUT,0,1,103908,0,103932,334,1.123402829095177e-10,-4.663689878725563e-08,4.952189769369397e-08,4.941598419350157e-08
tcdm_slave_local_resp_o\[rdata\]\[data\][26],tcdm_slave_local_resp_o\[rdata\]\[data\][26],OUTPUT,0,1,103892,390722,103924,390996,4.951413168363672e-10,-4.6712386847502785e-08,4.9597385753941126e-08,4.954231158649236e-08
tcdm_slave_local_resp_o\[rdata\]\[data\][27],tcdm_slave_local_resp_o\[rdata\]\[data\][27],OUTPUT,0,1,103908,390662,103932,390996,4.881874904327788e-10,-4.6810011866682544e-08,4.9695010773120885e-08,4.956392629651418e-08
tcdm_slave_local_resp_o\[rdata\]\[data\][28],tcdm_slave_local_resp_o\[rdata\]\[data\][28],OUTPUT,0,1,88788,0,88820,274,1.0732727206974602e-10,-4.663489150402711e-08,4.951989041046545e-08,4.941427178550839e-08
tcdm_slave_local_resp_o\[rdata\]\[data\][29],tcdm_slave_local_resp_o\[rdata\]\[data\][29],OUTPUT,0,1,88788,390722,88820,390996,4.558086130757033e-10,-4.674065934295868e-08,4.962565824939702e-08,4.9523464440426324e-08
tcdm_slave_local_resp_o\[rdata\]\[data\][2],tcdm_slave_local_resp_o\[rdata\]\[data\][2],OUTPUT,0,1,391262,88596,391536,88628,4.821692489720419e-10,-4.673668030363842e-08,4.9621679210076763e-08,4.943175468952177e-08
tcdm_slave_local_resp_o\[rdata\]\[data\][30],tcdm_slave_local_resp_o\[rdata\]\[data\][30],OUTPUT,0,1,391202,88824,391536,88848,3.9521844130696593e-10,-4.671504072462085e-08,4.960003963105919e-08,4.9501597487733306e-08
tcdm_slave_local_resp_o\[rdata\]\[data\][31],tcdm_slave_local_resp_o\[rdata\]\[data\][31],OUTPUT,0,1,0,88824,334,88848,1.3672149523635824e-10,-4.659709418319835e-08,4.948209308963669e-08,4.940393338870308e-08
tcdm_slave_local_resp_o\[rdata\]\[data\][3],tcdm_slave_local_resp_o\[rdata\]\[data\][3],OUTPUT,0,1,0,88596,274,88628,1.1125267374012537e-10,-4.65864111731662e-08,4.947141007960454e-08,4.930454622353864e-08
tcdm_slave_local_resp_o\[rdata\]\[data\][4],tcdm_slave_local_resp_o\[rdata\]\[data\][4],OUTPUT,0,1,391262,103956,391536,103988,4.722287560987581e-10,-4.6786521323838315e-08,4.9671520230276656e-08,4.95467631367319e-08
tcdm_slave_local_resp_o\[rdata\]\[data\][5],tcdm_slave_local_resp_o\[rdata\]\[data\][5],OUTPUT,0,1,0,103956,274,103988,1.570327201605437e-10,-4.6673200415625615e-08,4.9558199322063956e-08,4.943273168578344e-08
tcdm_slave_local_resp_o\[rdata\]\[data\][6],tcdm_slave_local_resp_o\[rdata\]\[data\][6],OUTPUT,0,1,104020,0,104052,274,1.3187322067675922e-10,-4.66471270499369e-08,4.953212595637524e-08,4.942486597769857e-08
tcdm_slave_local_resp_o\[rdata\]\[data\][7],tcdm_slave_local_resp_o\[rdata\]\[data\][7],OUTPUT,0,1,104020,390722,104052,390996,4.741009806963348e-10,-4.675596443348695e-08,4.964096333992529e-08,4.95376291098637e-08
tcdm_slave_local_resp_o\[rdata\]\[data\][8],tcdm_slave_local_resp_o\[rdata\]\[data\][8],OUTPUT,0,1,88660,0,88692,274,1.0058963384462771e-10,-4.663039376850975e-08,4.951539267494809e-08,4.941042774930793e-08
tcdm_slave_local_resp_o\[rdata\]\[data\][9],tcdm_slave_local_resp_o\[rdata\]\[data\][9],OUTPUT,0,1,88644,0,88668,334,8.973841808534999e-11,-4.66271004029295e-08,4.951209930936784e-08,4.940772768691204e-08
tcdm_slave_local_resp_o\[rdata\]\[meta_id\][0],tcdm_slave_local_resp_o\[rdata\]\[meta_id\][0],OUTPUT,0,1,88548,390662,88572,390996,4.574791656608568e-10,-4.67450966823435e-08,4.963009558878184e-08,4.9528143364341304e-08
tcdm_slave_local_resp_o\[rdata\]\[meta_id\][1],tcdm_slave_local_resp_o\[rdata\]\[meta_id\][1],OUTPUT,0,1,104100,0,104124,334,1.4113626933820456e-10,-4.659818841901142e-08,4.948318732544976e-08,4.93601568507529e-08
tcdm_slave_local_resp_o\[rdata\]\[meta_id\][2],tcdm_slave_local_resp_o\[rdata\]\[meta_id\][2],OUTPUT,0,1,104100,390662,104124,390996,5.561482385729732e-10,-4.683552390361001e-08,4.972052281004835e-08,4.958739552307634e-08
tcdm_slave_local_resp_ready_i,tcdm_slave_local_resp_ready_i,INPUT,1,0,86612,390722,86644,390996,5.750000128812438e-11,3.7153398579903296e-08,1.1500000257624876e-10,1.1500000257624876e-10
tcdm_slave_local_resp_valid_o,tcdm_slave_local_resp_valid_o,OUTPUT,0,1,86628,0,86652,334,6.167377719634715e-11,-4.6488771943131724e-08,4.860796565253622e-08,4.9373770849570064e-08
tcdm_slave_north_req_i\[be\][0],tcdm_slave_north_req_i\[be\][0],INPUT,1,0,104148,390722,104180,390996,5.750000128812438e-11,-1.1500000257624876e-10,1.1500000257624876e-10,1.1500000257624876e-10
tcdm_slave_north_req_i\[be\][1],tcdm_slave_north_req_i\[be\][1],INPUT,1,0,88532,0,88564,274,5.750000128812438e-11,-1.1500000257624876e-10,1.1500000257624876e-10,1.1500000257624876e-10
tcdm_slave_north_req_i\[be\][2],tcdm_slave_north_req_i\[be\][2],INPUT,1,0,88532,390722,88564,390996,5.750000128812438e-11,-1.1500000257624876e-10,1.1500000257624876e-10,1.1500000257624876e-10
tcdm_slave_north_req_i\[be\][3],tcdm_slave_north_req_i\[be\][3],INPUT,1,0,88548,0,88572,334,5.750000128812438e-11,-1.1500000257624876e-10,1.1500000257624876e-10,1.1500000257624876e-10
tcdm_slave_north_req_i\[ini_addr\][0],tcdm_slave_north_req_i\[ini_addr\][0],INPUT,1,0,104148,0,104180,274,5.750000128812438e-11,2.650948793814223e-08,1.1500000257624876e-10,1.1500000257624876e-10
tcdm_slave_north_req_i\[tgt_addr\][0],tcdm_slave_north_req_i\[tgt_addr\][0],INPUT,1,0,0,104184,334,104208,5.750000128812438e-11,1.7384456540980864e-08,1.1500000257624876e-10,1.1500000257624876e-10
tcdm_slave_north_req_i\[tgt_addr\][10],tcdm_slave_north_req_i\[tgt_addr\][10],INPUT,1,0,391262,104084,391536,104116,5.750000128812438e-11,2.6606267411466433e-08,1.1500000257624876e-10,1.1500000257624876e-10
tcdm_slave_north_req_i\[tgt_addr\][11],tcdm_slave_north_req_i\[tgt_addr\][11],INPUT,1,0,0,104084,274,104116,5.750000128812438e-11,2.645987429161778e-08,1.1500000257624876e-10,1.1500000257624876e-10
tcdm_slave_north_req_i\[tgt_addr\][1],tcdm_slave_north_req_i\[tgt_addr\][1],INPUT,1,0,0,104212,274,104244,5.750000128812438e-11,1.7140516561653385e-08,1.1500000257624876e-10,1.1500000257624876e-10
tcdm_slave_north_req_i\[tgt_addr\][2],tcdm_slave_north_req_i\[tgt_addr\][2],INPUT,1,0,88452,0,88476,334,5.750000128812438e-11,1.7463595014532984e-08,1.1500000257624876e-10,1.1500000257624876e-10
tcdm_slave_north_req_i\[tgt_addr\][3],tcdm_slave_north_req_i\[tgt_addr\][3],INPUT,1,0,88452,390662,88476,390996,5.750000128812438e-11,1.715330100182655e-08,1.1500000257624876e-10,1.1500000257624876e-10
tcdm_slave_north_req_i\[tgt_addr\][4],tcdm_slave_north_req_i\[tgt_addr\][4],INPUT,1,0,391262,88468,391536,88500,5.750000128812438e-11,2.652823205551158e-08,1.1500000257624876e-10,1.1500000257624876e-10
tcdm_slave_north_req_i\[tgt_addr\][5],tcdm_slave_north_req_i\[tgt_addr\][5],INPUT,1,0,0,88468,274,88500,5.750000128812438e-11,2.655408692930905e-08,1.1500000257624876e-10,1.1500000257624876e-10
tcdm_slave_north_req_i\[tgt_addr\][6],tcdm_slave_north_req_i\[tgt_addr\][6],INPUT,1,0,104196,0,104220,334,5.750000128812438e-11,2.6460538649075716e-08,1.1500000257624876e-10,1.1500000257624876e-10
tcdm_slave_north_req_i\[tgt_addr\][7],tcdm_slave_north_req_i\[tgt_addr\][7],INPUT,1,0,104196,390662,104220,390996,5.750000128812438e-11,2.6278039300109413e-08,1.1500000257624876e-10,1.1500000257624876e-10
tcdm_slave_north_req_i\[tgt_addr\][8],tcdm_slave_north_req_i\[tgt_addr\][8],INPUT,1,0,391202,88504,391536,88528,5.750000128812438e-11,2.6473896852508005e-08,1.1500000257624876e-10,1.1500000257624876e-10
tcdm_slave_north_req_i\[tgt_addr\][9],tcdm_slave_north_req_i\[tgt_addr\][9],INPUT,1,0,0,88504,334,88528,5.750000128812438e-11,2.6459890278829334e-08,1.1500000257624876e-10,1.1500000257624876e-10
tcdm_slave_north_req_i\[wdata\]\[amo\][0],tcdm_slave_north_req_i\[wdata\]\[amo\][0],INPUT,1,0,88404,0,88436,274,5.750000128812438e-11,2.65104649344039e-08,1.1500000257624876e-10,1.1500000257624876e-10
tcdm_slave_north_req_i\[wdata\]\[amo\][1],tcdm_slave_north_req_i\[wdata\]\[amo\][1],INPUT,1,0,88404,390722,88436,390996,5.750000128812438e-11,2.637365525970381e-08,1.1500000257624876e-10,1.1500000257624876e-10
tcdm_slave_north_req_i\[wdata\]\[amo\][2],tcdm_slave_north_req_i\[wdata\]\[amo\][2],INPUT,1,0,391202,104184,391536,104208,5.750000128812438e-11,2.6465466262948212e-08,1.1500000257624876e-10,1.1500000257624876e-10
tcdm_slave_north_req_i\[wdata\]\[amo\][3],tcdm_slave_north_req_i\[wdata\]\[amo\][3],INPUT,1,0,391262,104212,391536,104244,5.750000128812438e-11,2.6499186844830547e-08,1.1500000257624876e-10,1.1500000257624876e-10
tcdm_slave_north_req_i\[wdata\]\[core_id\][0],tcdm_slave_north_req_i\[wdata\]\[core_id\][0],INPUT,1,0,104276,390722,104308,390996,5.750000128812438e-11,2.645872321238585e-08,1.1500000257624876e-10,1.1500000257624876e-10
tcdm_slave_north_req_i\[wdata\]\[core_id\][1],tcdm_slave_north_req_i\[wdata\]\[core_id\][1],INPUT,1,0,104292,390662,104316,390996,5.750000128812438e-11,2.635962026431571e-08,1.1500000257624876e-10,1.1500000257624876e-10
tcdm_slave_north_req_i\[wdata\]\[data\][0],tcdm_slave_north_req_i\[wdata\]\[data\][0],INPUT,1,0,104532,0,104564,274,5.750000128812438e-11,2.8086281744776898e-08,1.1500000257624876e-10,1.1500000257624876e-10
tcdm_slave_north_req_i\[wdata\]\[data\][10],tcdm_slave_north_req_i\[wdata\]\[data\][10],INPUT,1,0,391262,88212,391536,88244,5.750000128812438e-11,2.856804925954748e-08,1.1500000257624876e-10,1.1500000257624876e-10
tcdm_slave_north_req_i\[wdata\]\[data\][11],tcdm_slave_north_req_i\[wdata\]\[data\][11],INPUT,1,0,0,88212,274,88244,5.750000128812438e-11,2.7824057724501472e-08,1.1500000257624876e-10,1.1500000257624876e-10
tcdm_slave_north_req_i\[wdata\]\[data\][12],tcdm_slave_north_req_i\[wdata\]\[data\][12],INPUT,1,0,391202,104344,391536,104368,5.750000128812438e-11,2.8194907741863062e-08,1.1500000257624876e-10,1.1500000257624876e-10
tcdm_slave_north_req_i\[wdata\]\[data\][13],tcdm_slave_north_req_i\[wdata\]\[data\][13],INPUT,1,0,391262,104340,391536,104372,5.750000128812438e-11,2.779870733604639e-08,1.1500000257624876e-10,1.1500000257624876e-10
tcdm_slave_north_req_i\[wdata\]\[data\][14],tcdm_slave_north_req_i\[wdata\]\[data\][14],INPUT,1,0,0,104344,334,104368,5.750000128812438e-11,2.7913879208085746e-08,1.1500000257624876e-10,1.1500000257624876e-10
tcdm_slave_north_req_i\[wdata\]\[data\][15],tcdm_slave_north_req_i\[wdata\]\[data\][15],INPUT,1,0,0,104340,274,104372,5.750000128812438e-11,2.784411634593198e-08,1.1500000257624876e-10,1.1500000257624876e-10
tcdm_slave_north_req_i\[wdata\]\[data\][16],tcdm_slave_north_req_i\[wdata\]\[data\][16],INPUT,1,0,104404,0,104436,274,5.750000128812438e-11,2.834925538763855e-08,1.1500000257624876e-10,1.1500000257624876e-10
tcdm_slave_north_req_i\[wdata\]\[data\][17],tcdm_slave_north_req_i\[wdata\]\[data\][17],INPUT,1,0,104404,390722,104436,390996,5.750000128812438e-11,2.7956703618770007e-08,1.1500000257624876e-10,1.1500000257624876e-10
tcdm_slave_north_req_i\[wdata\]\[data\][18],tcdm_slave_north_req_i\[wdata\]\[data\][18],INPUT,1,0,88276,0,88308,274,5.750000128812438e-11,2.796155129658473e-08,1.1500000257624876e-10,1.1500000257624876e-10
tcdm_slave_north_req_i\[wdata\]\[data\][19],tcdm_slave_north_req_i\[wdata\]\[data\][19],INPUT,1,0,88260,0,88284,334,5.750000128812438e-11,2.8004516039459304e-08,1.1500000257624876e-10,1.1500000257624876e-10
tcdm_slave_north_req_i\[wdata\]\[data\][1],tcdm_slave_north_req_i\[wdata\]\[data\][1],INPUT,1,0,104532,390722,104564,390996,5.750000128812438e-11,2.7749491593453968e-08,1.1500000257624876e-10,1.1500000257624876e-10
tcdm_slave_north_req_i\[wdata\]\[data\][20],tcdm_slave_north_req_i\[wdata\]\[data\][20],INPUT,1,0,88276,390722,88308,390996,5.750000128812438e-11,2.796987175202048e-08,1.1500000257624876e-10,1.1500000257624876e-10
tcdm_slave_north_req_i\[wdata\]\[data\][21],tcdm_slave_north_req_i\[wdata\]\[data\][21],INPUT,1,0,88260,390662,88284,390996,5.750000128812438e-11,2.7670779445543303e-08,1.1500000257624876e-10,1.1500000257624876e-10
tcdm_slave_north_req_i\[wdata\]\[data\][22],tcdm_slave_north_req_i\[wdata\]\[data\][22],INPUT,1,0,104388,0,104412,334,5.750000128812438e-11,2.816038424668932e-08,1.1500000257624876e-10,1.1500000257624876e-10
tcdm_slave_north_req_i\[wdata\]\[data\][23],tcdm_slave_north_req_i\[wdata\]\[data\][23],INPUT,1,0,104388,390662,104412,390996,5.750000128812438e-11,2.762212147899845e-08,1.1500000257624876e-10,1.1500000257624876e-10
tcdm_slave_north_req_i\[wdata\]\[data\][24],tcdm_slave_north_req_i\[wdata\]\[data\][24],INPUT,1,0,391202,88344,391536,88368,5.750000128812438e-11,2.8215072944703934e-08,1.1500000257624876e-10,1.1500000257624876e-10
tcdm_slave_north_req_i\[wdata\]\[data\][25],tcdm_slave_north_req_i\[wdata\]\[data\][25],INPUT,1,0,391262,88340,391536,88372,5.750000128812438e-11,2.7860648899036278e-08,1.1500000257624876e-10,1.1500000257624876e-10
tcdm_slave_north_req_i\[wdata\]\[data\][26],tcdm_slave_north_req_i\[wdata\]\[data\][26],INPUT,1,0,0,88344,334,88368,5.750000128812438e-11,2.7676748004523688e-08,1.1500000257624876e-10,1.1500000257624876e-10
tcdm_slave_north_req_i\[wdata\]\[data\][27],tcdm_slave_north_req_i\[wdata\]\[data\][27],INPUT,1,0,0,88340,274,88372,5.750000128812438e-11,2.8251523787048427e-08,1.1500000257624876e-10,1.1500000257624876e-10
tcdm_slave_north_req_i\[wdata\]\[data\][28],tcdm_slave_north_req_i\[wdata\]\[data\][28],INPUT,1,0,88356,0,88380,334,5.750000128812438e-11,2.7640650657190236e-08,1.1500000257624876e-10,1.1500000257624876e-10
tcdm_slave_north_req_i\[wdata\]\[data\][29],tcdm_slave_north_req_i\[wdata\]\[data\][29],INPUT,1,0,88356,390662,88380,390996,5.750000128812438e-11,2.7743602970531356e-08,1.1500000257624876e-10,1.1500000257624876e-10
tcdm_slave_north_req_i\[wdata\]\[data\][2],tcdm_slave_north_req_i\[wdata\]\[data\][2],INPUT,1,0,88148,0,88180,274,5.750000128812438e-11,2.782302743753462e-08,1.1500000257624876e-10,1.1500000257624876e-10
tcdm_slave_north_req_i\[wdata\]\[data\][30],tcdm_slave_north_req_i\[wdata\]\[data\][30],INPUT,1,0,104276,0,104308,274,5.750000128812438e-11,2.7413262770892288e-08,1.1500000257624876e-10,1.1500000257624876e-10
tcdm_slave_north_req_i\[wdata\]\[data\][31],tcdm_slave_north_req_i\[wdata\]\[data\][31],INPUT,1,0,104292,0,104316,334,5.750000128812438e-11,2.8524322459588802e-08,1.1500000257624876e-10,1.1500000257624876e-10
tcdm_slave_north_req_i\[wdata\]\[data\][3],tcdm_slave_north_req_i\[wdata\]\[data\][3],INPUT,1,0,88148,390722,88180,390996,5.750000128812438e-11,2.7785571177219026e-08,1.1500000257624876e-10,1.1500000257624876e-10
tcdm_slave_north_req_i\[wdata\]\[data\][4],tcdm_slave_north_req_i\[wdata\]\[data\][4],INPUT,1,0,88164,0,88188,334,5.750000128812438e-11,2.7969980109787684e-08,1.1500000257624876e-10,1.1500000257624876e-10
tcdm_slave_north_req_i\[wdata\]\[data\][5],tcdm_slave_north_req_i\[wdata\]\[data\][5],INPUT,1,0,88164,390662,88188,390996,5.750000128812438e-11,2.745152372085613e-08,1.1500000257624876e-10,1.1500000257624876e-10
tcdm_slave_north_req_i\[wdata\]\[data\][6],tcdm_slave_north_req_i\[wdata\]\[data\][6],INPUT,1,0,391202,88184,391536,88208,5.750000128812438e-11,2.7939639934970728e-08,1.1500000257624876e-10,1.1500000257624876e-10
tcdm_slave_north_req_i\[wdata\]\[data\][7],tcdm_slave_north_req_i\[wdata\]\[data\][7],INPUT,1,0,0,88184,334,88208,5.750000128812438e-11,2.8206507352024346e-08,1.1500000257624876e-10,1.1500000257624876e-10
tcdm_slave_north_req_i\[wdata\]\[data\][8],tcdm_slave_north_req_i\[wdata\]\[data\][8],INPUT,1,0,104484,0,104508,334,5.750000128812438e-11,2.765585982444918e-08,1.1500000257624876e-10,1.1500000257624876e-10
tcdm_slave_north_req_i\[wdata\]\[data\][9],tcdm_slave_north_req_i\[wdata\]\[data\][9],INPUT,1,0,104484,390662,104508,390996,5.750000128812438e-11,2.7548926695430964e-08,1.1500000257624876e-10,1.1500000257624876e-10
tcdm_slave_north_req_i\[wdata\]\[meta_id\][0],tcdm_slave_north_req_i\[wdata\]\[meta_id\][0],INPUT,1,0,0,104504,334,104528,5.750000128812438e-11,2.66382986779945e-08,1.1500000257624876e-10,1.1500000257624876e-10
tcdm_slave_north_req_i\[wdata\]\[meta_id\][1],tcdm_slave_north_req_i\[wdata\]\[meta_id\][1],INPUT,1,0,391262,104468,391536,104500,5.750000128812438e-11,2.6719435552990944e-08,1.1500000257624876e-10,1.1500000257624876e-10
tcdm_slave_north_req_i\[wdata\]\[meta_id\][2],tcdm_slave_north_req_i\[wdata\]\[meta_id\][2],INPUT,1,0,0,104468,274,104500,5.750000128812438e-11,2.6626736371326842e-08,1.1500000257624876e-10,1.1500000257624876e-10
tcdm_slave_north_req_i\[wen\],tcdm_slave_north_req_i\[wen\],INPUT,1,0,105924,0,105948,334,5.750000128812438e-11,2.626601869337719e-08,1.1500000257624876e-10,1.1500000257624876e-10
tcdm_slave_north_req_ready_o,tcdm_slave_north_req_ready_o,OUTPUT,0,1,86724,390662,86748,390996,6.653577688808809e-10,-3.3042557134876915e-08,3.5927556041315256e-08,3.5321775726515625e-08
tcdm_slave_north_req_valid_i,tcdm_slave_north_req_valid_i,INPUT,1,0,0,86744,334,86768,5.750000128812438e-11,1.703570795541509e-08,1.1500000257624876e-10,1.1500000257624876e-10
tcdm_slave_north_resp_o\[ini_addr\][0],tcdm_slave_north_resp_o\[ini_addr\][0],OUTPUT,0,1,391202,104504,391536,104528,4.176275714140587e-10,-4.69264911373557e-08,4.9614651942420096e-08,4.981149004379404e-08
tcdm_slave_north_resp_o\[rdata\]\[core_id\][0],tcdm_slave_north_resp_o\[rdata\]\[core_id\][0],OUTPUT,0,1,88068,0,88092,334,1.180734537920003e-10,-4.698210886999732e-08,4.9556781789306115e-08,4.986710777643566e-08
tcdm_slave_north_resp_o\[rdata\]\[core_id\][1],tcdm_slave_north_resp_o\[rdata\]\[core_id\][1],OUTPUT,0,1,88068,390662,88092,390996,4.4984763136746153e-10,-4.71027057358242e-08,4.969445299707331e-08,4.998770464226254e-08
tcdm_slave_north_resp_o\[rdata\]\[data\][0],tcdm_slave_north_resp_o\[rdata\]\[data\][0],OUTPUT,0,1,104868,0,104892,334,1.166271523800333e-10,-4.659440122622982e-08,4.947940013266816e-08,4.925954399936927e-08
tcdm_slave_north_resp_o\[rdata\]\[data\][10],tcdm_slave_north_resp_o\[rdata\]\[data\][10],OUTPUT,0,1,87892,0,87924,274,1.20416052129535e-10,-4.6781668316953073e-08,4.955828103447857e-08,4.9666667223391414e-08
tcdm_slave_north_resp_o\[rdata\]\[data\][11],tcdm_slave_north_resp_o\[rdata\]\[data\][11],OUTPUT,0,1,87876,0,87900,334,1.022356990731943e-10,-4.675849396562626e-08,4.953534826768191e-08,4.96434928720646e-08
tcdm_slave_north_resp_o\[rdata\]\[data\][12],tcdm_slave_north_resp_o\[rdata\]\[data\][12],OUTPUT,0,1,87892,390722,87924,390996,5.154217608271949e-10,-4.69094310062701e-08,4.97138614719006e-08,4.979442991270844e-08
tcdm_slave_north_resp_o\[rdata\]\[data\][13],tcdm_slave_north_resp_o\[rdata\]\[data\][13],OUTPUT,0,1,87876,390662,87900,390996,4.6558185085032733e-10,-4.6895401339952514e-08,4.9637250754130946e-08,4.9780400246390855e-08
tcdm_slave_north_resp_o\[rdata\]\[data\][14],tcdm_slave_north_resp_o\[rdata\]\[data\][14],OUTPUT,0,1,104772,0,104796,334,1.1560502555241214e-10,-4.6881563520173586e-08,4.9544425451131247e-08,4.9766562426611927e-08
tcdm_slave_north_resp_o\[rdata\]\[data\][15],tcdm_slave_north_resp_o\[rdata\]\[data\][15],OUTPUT,0,1,104772,390662,104796,390996,4.4762277218168833e-10,-4.700432754134454e-08,4.9634408583187906e-08,4.988932644778288e-08
tcdm_slave_north_resp_o\[rdata\]\[data\][16],tcdm_slave_north_resp_o\[rdata\]\[data\][16],OUTPUT,0,1,391202,104664,391536,104688,4.50345705171884e-10,-4.705358236378743e-08,4.968827482798588e-08,4.993858127022577e-08
tcdm_slave_north_resp_o\[rdata\]\[data\][17],tcdm_slave_north_resp_o\[rdata\]\[data\][17],OUTPUT,0,1,0,104664,334,104688,1.4558454441981894e-10,-4.677410103681723e-08,4.949316689817351e-08,4.965909994325557e-08
tcdm_slave_north_resp_o\[rdata\]\[data\][18],tcdm_slave_north_resp_o\[rdata\]\[data\][18],OUTPUT,0,1,391262,87956,391536,87988,4.310507506488648e-10,-4.6810836096256025e-08,4.9695835002694366e-08,4.960064003967091e-08
tcdm_slave_north_resp_o\[rdata\]\[data\][19],tcdm_slave_north_resp_o\[rdata\]\[data\][19],OUTPUT,0,1,0,87956,274,87988,1.1722586790163803e-10,-4.667241171318892e-08,4.955741061962726e-08,4.9364970777787676e-08
tcdm_slave_north_resp_o\[rdata\]\[data\][1],tcdm_slave_north_resp_o\[rdata\]\[data\][1],OUTPUT,0,1,104868,390662,104892,390996,4.5971484952112007e-10,-4.701331945966558e-08,4.97032033308642e-08,4.989831836610392e-08
tcdm_slave_north_resp_o\[rdata\]\[data\][20],tcdm_slave_north_resp_o\[rdata\]\[data\][20],OUTPUT,0,1,87972,0,87996,334,1.2949535888040486e-10,-4.667763775501044e-08,4.956263666144878e-08,4.936794084642315e-08
tcdm_slave_north_resp_o\[rdata\]\[data\][21],tcdm_slave_north_resp_o\[rdata\]\[data\][21],OUTPUT,0,1,87972,390662,87996,390996,4.764540428858766e-10,-4.6893617877685756e-08,4.971644429474509e-08,4.97786167841241e-08
tcdm_slave_north_resp_o\[rdata\]\[data\][22],tcdm_slave_north_resp_o\[rdata\]\[data\][22],OUTPUT,0,1,391262,104596,391536,104628,4.2900166752346536e-10,-4.672460462984418e-08,4.960960353628252e-08,4.9457142381470476e-08
tcdm_slave_north_resp_o\[rdata\]\[data\][23],tcdm_slave_north_resp_o\[rdata\]\[data\][23],OUTPUT,0,1,0,104596,274,104628,1.3276463262101856e-10,-4.6665149966429453e-08,4.9550148872867794e-08,4.937025721574173e-08
tcdm_slave_north_resp_o\[rdata\]\[data\][24],tcdm_slave_north_resp_o\[rdata\]\[data\][24],OUTPUT,0,1,104660,0,104692,274,9.85423409538555e-11,-4.6875111792132884e-08,4.9471655216848376e-08,4.9760110698571225e-08
tcdm_slave_north_resp_o\[rdata\]\[data\][25],tcdm_slave_north_resp_o\[rdata\]\[data\][25],OUTPUT,0,1,104676,0,104700,334,9.888934116020209e-11,-4.6897735472839486e-08,4.954974386350841e-08,4.9782734379277827e-08
tcdm_slave_north_resp_o\[rdata\]\[data\][26],tcdm_slave_north_resp_o\[rdata\]\[data\][26],OUTPUT,0,1,104660,390722,104692,390996,4.5790321534511236e-10,-4.706833323098181e-08,4.971275657794649e-08,4.995333213742015e-08
tcdm_slave_north_resp_o\[rdata\]\[data\][27],tcdm_slave_north_resp_o\[rdata\]\[data\][27],OUTPUT,0,1,104676,390662,104700,390996,4.3975287300490606e-10,-4.680601506379389e-08,4.9691013970232234e-08,4.948685727867996e-08
tcdm_slave_north_resp_o\[rdata\]\[data\][28],tcdm_slave_north_resp_o\[rdata\]\[data\][28],OUTPUT,0,1,88020,0,88052,274,1.06473024841236e-10,-4.65885392486598e-08,4.947353815509814e-08,4.9253966238893554e-08
tcdm_slave_north_resp_o\[rdata\]\[data\][29],tcdm_slave_north_resp_o\[rdata\]\[data\][29],OUTPUT,0,1,391202,88024,391536,88048,5.216669873853164e-10,-4.707510825596728e-08,4.964342892321838e-08,4.996010716240562e-08
tcdm_slave_north_resp_o\[rdata\]\[data\][2],tcdm_slave_north_resp_o\[rdata\]\[data\][2],OUTPUT,0,1,391262,87828,391536,87860,4.954102683640826e-10,-4.70478553893372e-08,4.9634735432846355e-08,4.993285429577554e-08
tcdm_slave_north_resp_o\[rdata\]\[data\][30],tcdm_slave_north_resp_o\[rdata\]\[data\][30],OUTPUT,0,1,88020,390722,88052,390996,4.4510992114332737e-10,-4.688261512342251e-08,4.9689706571598435e-08,4.976761402986085e-08
tcdm_slave_north_resp_o\[rdata\]\[data\][31],tcdm_slave_north_resp_o\[rdata\]\[data\][31],OUTPUT,0,1,0,88024,334,88048,1.2967807383468255e-10,-4.696113364843768e-08,4.956367405384299e-08,4.984613255487602e-08
tcdm_slave_north_resp_o\[rdata\]\[data\][3],tcdm_slave_north_resp_o\[rdata\]\[data\][3],OUTPUT,0,1,0,87828,274,87860,1.0967087654689678e-10,-4.6655397767381146e-08,4.954039667381949e-08,4.936226005725075e-08
tcdm_slave_north_resp_o\[rdata\]\[data\][4],tcdm_slave_north_resp_o\[rdata\]\[data\][4],OUTPUT,0,1,391202,87864,391536,87888,4.1684625196047875e-10,-4.67147636129539e-08,4.959976251939224e-08,4.9448406258534305e-08
tcdm_slave_north_resp_o\[rdata\]\[data\][5],tcdm_slave_north_resp_o\[rdata\]\[data\][5],OUTPUT,0,1,0,87864,334,87888,1.1358654988802286e-10,-4.6657621766144075e-08,4.9542620672582416e-08,4.948355325495868e-08
tcdm_slave_north_resp_o\[rdata\]\[data\][6],tcdm_slave_north_resp_o\[rdata\]\[data\][6],OUTPUT,0,1,391262,104724,391536,104756,3.873155962619279e-10,-4.6792624885938494e-08,4.9677623792376835e-08,4.958587851433549e-08
tcdm_slave_north_resp_o\[rdata\]\[data\][7],tcdm_slave_north_resp_o\[rdata\]\[data\][7],OUTPUT,0,1,0,104724,274,104756,1.3391221465042236e-10,-4.666569708433599e-08,4.955069599077433e-08,4.937070841037894e-08
tcdm_slave_north_resp_o\[rdata\]\[data\][8],tcdm_slave_north_resp_o\[rdata\]\[data\][8],OUTPUT,0,1,104788,0,104820,274,1.0566113262111543e-10,-4.684274657051901e-08,4.947510490183049e-08,4.972774547695735e-08
tcdm_slave_north_resp_o\[rdata\]\[data\][9],tcdm_slave_north_resp_o\[rdata\]\[data\][9],OUTPUT,0,1,104788,390722,104820,390996,4.596840408321867e-10,-4.694011224160022e-08,4.971353462224215e-08,4.982511114803856e-08
tcdm_slave_north_resp_o\[rdata\]\[meta_id\][0],tcdm_slave_north_resp_o\[rdata\]\[meta_id\][0],OUTPUT,0,1,391262,104852,391536,104884,3.8931360912819457e-10,-4.702632949715735e-08,4.9683929859156706e-08,4.991132840359569e-08
tcdm_slave_north_resp_o\[rdata\]\[meta_id\][1],tcdm_slave_north_resp_o\[rdata\]\[meta_id\][1],OUTPUT,0,1,0,104824,334,104848,1.4889028898679157e-10,-4.6899717887072256e-08,4.949460574721343e-08,4.97847167935106e-08
tcdm_slave_north_resp_o\[rdata\]\[meta_id\][2],tcdm_slave_north_resp_o\[rdata\]\[meta_id\][2],OUTPUT,0,1,0,104852,274,104884,1.434498492214331e-10,-4.660556029989493e-08,4.9490559206333273e-08,4.9356053466453886e-08
tcdm_slave_north_resp_ready_i,tcdm_slave_north_resp_ready_i,INPUT,1,0,391202,86744,391536,86768,5.750000128812438e-11,3.6447509899062425e-08,1.1500000257624876e-10,1.1500000257624876e-10
tcdm_slave_north_resp_valid_o,tcdm_slave_north_resp_valid_o,OUTPUT,0,1,86740,390722,86772,390996,3.143909854674831e-10,-4.65292480100743e-08,4.866116753987626e-08,4.941424691651264e-08
tcdm_slave_northeast_req_i\[be\][0],tcdm_slave_northeast_req_i\[be\][0],INPUT,1,0,87764,390722,87796,390996,5.750000128812438e-11,-1.1500000257624876e-10,1.1500000257624876e-10,1.1500000257624876e-10
tcdm_slave_northeast_req_i\[be\][1],tcdm_slave_northeast_req_i\[be\][1],INPUT,1,0,87780,0,87804,334,5.750000128812438e-11,-1.1500000257624876e-10,1.1500000257624876e-10,1.1500000257624876e-10
tcdm_slave_northeast_req_i\[be\][2],tcdm_slave_northeast_req_i\[be\][2],INPUT,1,0,87780,390662,87804,390996,5.750000128812438e-11,-1.1500000257624876e-10,1.1500000257624876e-10,1.1500000257624876e-10
tcdm_slave_northeast_req_i\[be\][3],tcdm_slave_northeast_req_i\[be\][3],INPUT,1,0,391202,104824,391536,104848,5.750000128812438e-11,-1.1500000257624876e-10,1.1500000257624876e-10,1.1500000257624876e-10
tcdm_slave_northeast_req_i\[ini_addr\][0],tcdm_slave_northeast_req_i\[ini_addr\][0],INPUT,1,0,87764,0,87796,274,5.750000128812438e-11,2.6438476297130364e-08,1.1500000257624876e-10,1.1500000257624876e-10
tcdm_slave_northeast_req_i\[tgt_addr\][0],tcdm_slave_northeast_req_i\[tgt_addr\][0],INPUT,1,0,87636,0,87668,274,5.750000128812438e-11,1.7518411610240037e-08,1.1500000257624876e-10,1.1500000257624876e-10
tcdm_slave_northeast_req_i\[tgt_addr\][10],tcdm_slave_northeast_req_i\[tgt_addr\][10],INPUT,1,0,104916,0,104948,274,5.750000128812438e-11,2.638437734958643e-08,1.1500000257624876e-10,1.1500000257624876e-10
tcdm_slave_northeast_req_i\[tgt_addr\][11],tcdm_slave_northeast_req_i\[tgt_addr\][11],INPUT,1,0,104916,390722,104948,390996,5.750000128812438e-11,2.6142489062408458e-08,1.1500000257624876e-10,1.1500000257624876e-10
tcdm_slave_northeast_req_i\[tgt_addr\][1],tcdm_slave_northeast_req_i\[tgt_addr\][1],INPUT,1,0,87636,390722,87668,390996,5.750000128812438e-11,1.7368451565857868e-08,1.1500000257624876e-10,1.1500000257624876e-10
tcdm_slave_northeast_req_i\[tgt_addr\][2],tcdm_slave_northeast_req_i\[tgt_addr\][2],INPUT,1,0,87684,0,87708,334,5.750000128812438e-11,1.7413558595080758e-08,1.1500000257624876e-10,1.1500000257624876e-10
tcdm_slave_northeast_req_i\[tgt_addr\][3],tcdm_slave_northeast_req_i\[tgt_addr\][3],INPUT,1,0,87684,390662,87708,390996,5.750000128812438e-11,1.7410876296253264e-08,1.1500000257624876e-10,1.1500000257624876e-10
tcdm_slave_northeast_req_i\[tgt_addr\][4],tcdm_slave_northeast_req_i\[tgt_addr\][4],INPUT,1,0,391202,87704,391536,87728,5.750000128812438e-11,2.6465690083909976e-08,1.1500000257624876e-10,1.1500000257624876e-10
tcdm_slave_northeast_req_i\[tgt_addr\][5],tcdm_slave_northeast_req_i\[tgt_addr\][5],INPUT,1,0,391262,87700,391536,87732,5.750000128812438e-11,2.6423014887200225e-08,1.1500000257624876e-10,1.1500000257624876e-10
tcdm_slave_northeast_req_i\[tgt_addr\][6],tcdm_slave_northeast_req_i\[tgt_addr\][6],INPUT,1,0,0,87704,334,87728,5.750000128812438e-11,2.6462931401738388e-08,1.1500000257624876e-10,1.1500000257624876e-10
tcdm_slave_northeast_req_i\[tgt_addr\][7],tcdm_slave_northeast_req_i\[tgt_addr\][7],INPUT,1,0,0,87700,274,87732,5.750000128812438e-11,2.648922325931835e-08,1.1500000257624876e-10,1.1500000257624876e-10
tcdm_slave_northeast_req_i\[tgt_addr\][8],tcdm_slave_northeast_req_i\[tgt_addr\][8],INPUT,1,0,104964,0,104988,334,5.750000128812438e-11,2.6537747999100247e-08,1.1500000257624876e-10,1.1500000257624876e-10
tcdm_slave_northeast_req_i\[tgt_addr\][9],tcdm_slave_northeast_req_i\[tgt_addr\][9],INPUT,1,0,104964,390662,104988,390996,5.750000128812438e-11,2.6203370140365223e-08,1.1500000257624876e-10,1.1500000257624876e-10
tcdm_slave_northeast_req_i\[wdata\]\[amo\][0],tcdm_slave_northeast_req_i\[wdata\]\[amo\][0],INPUT,1,0,105044,0,105076,274,5.750000128812438e-11,2.6565478705720125e-08,1.1500000257624876e-10,1.1500000257624876e-10
tcdm_slave_northeast_req_i\[wdata\]\[amo\][1],tcdm_slave_northeast_req_i\[wdata\]\[amo\][1],INPUT,1,0,105060,0,105084,334,5.750000128812438e-11,2.6457584567651793e-08,1.1500000257624876e-10,1.1500000257624876e-10
tcdm_slave_northeast_req_i\[wdata\]\[amo\][2],tcdm_slave_northeast_req_i\[wdata\]\[amo\][2],INPUT,1,0,105044,390722,105076,390996,5.750000128812438e-11,2.6416758558411857e-08,1.1500000257624876e-10,1.1500000257624876e-10
tcdm_slave_northeast_req_i\[wdata\]\[amo\][3],tcdm_slave_northeast_req_i\[wdata\]\[amo\][3],INPUT,1,0,105060,390662,105084,390996,5.750000128812438e-11,2.627402118093869e-08,1.1500000257624876e-10,1.1500000257624876e-10
tcdm_slave_northeast_req_i\[wdata\]\[core_id\][0],tcdm_slave_northeast_req_i\[wdata\]\[core_id\][0],INPUT,1,0,0,104984,334,105008,5.750000128812438e-11,2.6371242967115904e-08,1.1500000257624876e-10,1.1500000257624876e-10
tcdm_slave_northeast_req_i\[wdata\]\[core_id\][1],tcdm_slave_northeast_req_i\[wdata\]\[core_id\][1],INPUT,1,0,0,104980,274,105012,5.750000128812438e-11,2.6413616183162958e-08,1.1500000257624876e-10,1.1500000257624876e-10
tcdm_slave_northeast_req_i\[wdata\]\[data\][0],tcdm_slave_northeast_req_i\[wdata\]\[data\][0],INPUT,1,0,105300,0,105332,274,5.750000128812438e-11,2.8060558321385543e-08,1.1500000257624876e-10,1.1500000257624876e-10
tcdm_slave_northeast_req_i\[wdata\]\[data\][10],tcdm_slave_northeast_req_i\[wdata\]\[data\][10],INPUT,1,0,391262,87444,391536,87476,5.750000128812438e-11,2.8564960175003762e-08,1.1500000257624876e-10,1.1500000257624876e-10
tcdm_slave_northeast_req_i\[wdata\]\[data\][11],tcdm_slave_northeast_req_i\[wdata\]\[data\][11],INPUT,1,0,0,87444,274,87476,5.750000128812438e-11,2.7842263605748485e-08,1.1500000257624876e-10,1.1500000257624876e-10
tcdm_slave_northeast_req_i\[wdata\]\[data\][12],tcdm_slave_northeast_req_i\[wdata\]\[data\][12],INPUT,1,0,391202,105144,391536,105168,5.750000128812438e-11,2.8130248352908893e-08,1.1500000257624876e-10,1.1500000257624876e-10
tcdm_slave_northeast_req_i\[wdata\]\[data\][13],tcdm_slave_northeast_req_i\[wdata\]\[data\][13],INPUT,1,0,0,105144,334,105168,5.750000128812438e-11,2.7791459800141638e-08,1.1500000257624876e-10,1.1500000257624876e-10
tcdm_slave_northeast_req_i\[wdata\]\[data\][14],tcdm_slave_northeast_req_i\[wdata\]\[data\][14],INPUT,1,0,391262,105108,391536,105140,5.750000128812438e-11,2.7917499423324443e-08,1.1500000257624876e-10,1.1500000257624876e-10
tcdm_slave_northeast_req_i\[wdata\]\[data\][15],tcdm_slave_northeast_req_i\[wdata\]\[data\][15],INPUT,1,0,0,105108,274,105140,5.750000128812438e-11,2.7876255970227248e-08,1.1500000257624876e-10,1.1500000257624876e-10
tcdm_slave_northeast_req_i\[wdata\]\[data\][16],tcdm_slave_northeast_req_i\[wdata\]\[data\][16],INPUT,1,0,105172,0,105204,274,5.750000128812438e-11,2.836654999782695e-08,1.1500000257624876e-10,1.1500000257624876e-10
tcdm_slave_northeast_req_i\[wdata\]\[data\][17],tcdm_slave_northeast_req_i\[wdata\]\[data\][17],INPUT,1,0,105172,390722,105204,390996,5.750000128812438e-11,2.8037835164695935e-08,1.1500000257624876e-10,1.1500000257624876e-10
tcdm_slave_northeast_req_i\[wdata\]\[data\][18],tcdm_slave_northeast_req_i\[wdata\]\[data\][18],INPUT,1,0,87508,0,87540,274,5.750000128812438e-11,2.789703934524823e-08,1.1500000257624876e-10,1.1500000257624876e-10
tcdm_slave_northeast_req_i\[wdata\]\[data\][19],tcdm_slave_northeast_req_i\[wdata\]\[data\][19],INPUT,1,0,87492,0,87516,334,5.750000128812438e-11,2.796217302147852e-08,1.1500000257624876e-10,1.1500000257624876e-10
tcdm_slave_northeast_req_i\[wdata\]\[data\][1],tcdm_slave_northeast_req_i\[wdata\]\[data\][1],INPUT,1,0,105300,390722,105332,390996,5.750000128812438e-11,2.7719920581148472e-08,1.1500000257624876e-10,1.1500000257624876e-10
tcdm_slave_northeast_req_i\[wdata\]\[data\][20],tcdm_slave_northeast_req_i\[wdata\]\[data\][20],INPUT,1,0,87508,390722,87540,390996,5.750000128812438e-11,2.8017932862667294e-08,1.1500000257624876e-10,1.1500000257624876e-10
tcdm_slave_northeast_req_i\[wdata\]\[data\][21],tcdm_slave_northeast_req_i\[wdata\]\[data\][21],INPUT,1,0,87492,390662,87516,390996,5.750000128812438e-11,2.7642379052394972e-08,1.1500000257624876e-10,1.1500000257624876e-10
tcdm_slave_northeast_req_i\[wdata\]\[data\][22],tcdm_slave_northeast_req_i\[wdata\]\[data\][22],INPUT,1,0,105156,0,105180,334,5.750000128812438e-11,2.814133459594359e-08,1.1500000257624876e-10,1.1500000257624876e-10
tcdm_slave_northeast_req_i\[wdata\]\[data\][23],tcdm_slave_northeast_req_i\[wdata\]\[data\][23],INPUT,1,0,105156,390662,105180,390996,5.750000128812438e-11,2.750264904705091e-08,1.1500000257624876e-10,1.1500000257624876e-10
tcdm_slave_northeast_req_i\[wdata\]\[data\][24],tcdm_slave_northeast_req_i\[wdata\]\[data\][24],INPUT,1,0,391202,87544,391536,87568,5.750000128812438e-11,2.827781386827155e-08,1.1500000257624876e-10,1.1500000257624876e-10
tcdm_slave_northeast_req_i\[wdata\]\[data\][25],tcdm_slave_northeast_req_i\[wdata\]\[data\][25],INPUT,1,0,0,87544,334,87568,5.750000128812438e-11,2.781079544433851e-08,1.1500000257624876e-10,1.1500000257624876e-10
tcdm_slave_northeast_req_i\[wdata\]\[data\][26],tcdm_slave_northeast_req_i\[wdata\]\[data\][26],INPUT,1,0,391262,87572,391536,87604,5.750000128812438e-11,2.7582991890540143e-08,1.1500000257624876e-10,1.1500000257624876e-10
tcdm_slave_northeast_req_i\[wdata\]\[data\][27],tcdm_slave_northeast_req_i\[wdata\]\[data\][27],INPUT,1,0,0,87572,274,87604,5.750000128812438e-11,2.8210884295276628e-08,1.1500000257624876e-10,1.1500000257624876e-10
tcdm_slave_northeast_req_i\[wdata\]\[data\][28],tcdm_slave_northeast_req_i\[wdata\]\[data\][28],INPUT,1,0,87588,0,87612,334,5.750000128812438e-11,2.7529759805133835e-08,1.1500000257624876e-10,1.1500000257624876e-10
tcdm_slave_northeast_req_i\[wdata\]\[data\][29],tcdm_slave_northeast_req_i\[wdata\]\[data\][29],INPUT,1,0,87588,390662,87612,390996,5.750000128812438e-11,2.7687736547932218e-08,1.1500000257624876e-10,1.1500000257624876e-10
tcdm_slave_northeast_req_i\[wdata\]\[data\][2],tcdm_slave_northeast_req_i\[wdata\]\[data\][2],INPUT,1,0,87380,0,87412,274,5.750000128812438e-11,2.7828662041429197e-08,1.1500000257624876e-10,1.1500000257624876e-10
tcdm_slave_northeast_req_i\[wdata\]\[data\][30],tcdm_slave_northeast_req_i\[wdata\]\[data\][30],INPUT,1,0,391202,104984,391536,105008,5.750000128812438e-11,2.7509623024002394e-08,1.1500000257624876e-10,1.1500000257624876e-10
tcdm_slave_northeast_req_i\[wdata\]\[data\][31],tcdm_slave_northeast_req_i\[wdata\]\[data\][31],INPUT,1,0,391262,104980,391536,105012,5.750000128812438e-11,2.8415886532684453e-08,1.1500000257624876e-10,1.1500000257624876e-10
tcdm_slave_northeast_req_i\[wdata\]\[data\][3],tcdm_slave_northeast_req_i\[wdata\]\[data\][3],INPUT,1,0,391202,87384,391536,87408,5.750000128812438e-11,2.796818243666621e-08,1.1500000257624876e-10,1.1500000257624876e-10
tcdm_slave_northeast_req_i\[wdata\]\[data\][4],tcdm_slave_northeast_req_i\[wdata\]\[data\][4],INPUT,1,0,87380,390722,87412,390996,5.750000128812438e-11,2.7849724304473966e-08,1.1500000257624876e-10,1.1500000257624876e-10
tcdm_slave_northeast_req_i\[wdata\]\[data\][5],tcdm_slave_northeast_req_i\[wdata\]\[data\][5],INPUT,1,0,0,87384,334,87408,5.750000128812438e-11,2.7612994557557613e-08,1.1500000257624876e-10,1.1500000257624876e-10
tcdm_slave_northeast_req_i\[wdata\]\[data\][6],tcdm_slave_northeast_req_i\[wdata\]\[data\][6],INPUT,1,0,87396,0,87420,334,5.750000128812438e-11,2.8002023810813625e-08,1.1500000257624876e-10,1.1500000257624876e-10
tcdm_slave_northeast_req_i\[wdata\]\[data\][7],tcdm_slave_northeast_req_i\[wdata\]\[data\][7],INPUT,1,0,87396,390662,87420,390996,5.750000128812438e-11,2.806995880177965e-08,1.1500000257624876e-10,1.1500000257624876e-10
tcdm_slave_northeast_req_i\[wdata\]\[data\][8],tcdm_slave_northeast_req_i\[wdata\]\[data\][8],INPUT,1,0,105252,0,105276,334,5.750000128812438e-11,2.7708384919833406e-08,1.1500000257624876e-10,1.1500000257624876e-10
tcdm_slave_northeast_req_i\[wdata\]\[data\][9],tcdm_slave_northeast_req_i\[wdata\]\[data\][9],INPUT,1,0,105252,390662,105276,390996,5.750000128812438e-11,2.7560028925677216e-08,1.1500000257624876e-10,1.1500000257624876e-10
tcdm_slave_northeast_req_i\[wdata\]\[meta_id\][0],tcdm_slave_northeast_req_i\[wdata\]\[meta_id\][0],INPUT,1,0,105348,390662,105372,390996,5.750000128812438e-11,2.6441160372314698e-08,1.1500000257624876e-10,1.1500000257624876e-10
tcdm_slave_northeast_req_i\[wdata\]\[meta_id\][1],tcdm_slave_northeast_req_i\[wdata\]\[meta_id\][1],INPUT,1,0,391262,105236,391536,105268,5.750000128812438e-11,2.6635236238803373e-08,1.1500000257624876e-10,1.1500000257624876e-10
tcdm_slave_northeast_req_i\[wdata\]\[meta_id\][2],tcdm_slave_northeast_req_i\[wdata\]\[meta_id\][2],INPUT,1,0,0,105236,274,105268,5.750000128812438e-11,2.668550180828788e-08,1.1500000257624876e-10,1.1500000257624876e-10
tcdm_slave_northeast_req_i\[wen\],tcdm_slave_northeast_req_i\[wen\],INPUT,1,0,86724,0,86748,334,5.750000128812438e-11,2.624028638820164e-08,1.1500000257624876e-10,1.1500000257624876e-10
tcdm_slave_northeast_req_ready_o,tcdm_slave_northeast_req_ready_o,OUTPUT,0,1,105940,390722,105972,390996,1.2198622112435942e-09,-3.334814024924526e-08,3.62331391556836e-08,3.576008822392396e-08
tcdm_slave_northeast_req_valid_i,tcdm_slave_northeast_req_valid_i,INPUT,1,0,86740,0,86772,274,5.750000128812438e-11,1.7306705402120315e-08,1.1500000257624876e-10,1.1500000257624876e-10
tcdm_slave_northeast_resp_o\[ini_addr\][0],tcdm_slave_northeast_resp_o\[ini_addr\][0],OUTPUT,0,1,105348,0,105372,334,8.637193738003646e-11,-4.7195399588417786e-08,4.998928559984961e-08,5.0080398494856126e-08
tcdm_slave_northeast_resp_o\[rdata\]\[core_id\][0],tcdm_slave_northeast_resp_o\[rdata\]\[core_id\][0],OUTPUT,0,1,87300,0,87324,334,9.18512418901507e-11,-4.7099916855586343e-08,4.9984915762024684e-08,4.9761677445303576e-08
tcdm_slave_northeast_resp_o\[rdata\]\[core_id\][1],tcdm_slave_northeast_resp_o\[rdata\]\[core_id\][1],OUTPUT,0,1,87300,390662,87324,390996,5.352556176063672e-10,-4.729965041860851e-08,5.018464932504685e-08,5.003710867867994e-08
tcdm_slave_northeast_resp_o\[rdata\]\[data\][0],tcdm_slave_northeast_resp_o\[rdata\]\[data\][0],OUTPUT,0,1,105636,0,105660,334,9.075971918459658e-11,-4.709945145009442e-08,4.998445035653276e-08,4.976142520263238e-08
tcdm_slave_northeast_resp_o\[rdata\]\[data\][10],tcdm_slave_northeast_resp_o\[rdata\]\[data\][10],OUTPUT,0,1,87124,390722,87156,390996,4.691633748166169e-10,-4.727419877781358e-08,5.015919768425192e-08,4.991023416778262e-08
tcdm_slave_northeast_resp_o\[rdata\]\[data\][11],tcdm_slave_northeast_resp_o\[rdata\]\[data\][11],OUTPUT,0,1,87108,390662,87132,390996,5.569857353115992e-10,-4.7573120554034176e-08,5.045811946047252e-08,5.0264507223118926e-08
tcdm_slave_northeast_resp_o\[rdata\]\[data\][12],tcdm_slave_northeast_resp_o\[rdata\]\[data\][12],OUTPUT,0,1,105540,0,105564,334,9.424307167993362e-11,-4.736300596164256e-08,5.02480048680809e-08,5.008262959904641e-08
tcdm_slave_northeast_resp_o\[rdata\]\[data\][13],tcdm_slave_northeast_resp_o\[rdata\]\[data\][13],OUTPUT,0,1,105540,390662,105564,390996,4.783177742773148e-10,-4.727100133550266e-08,5.0156000241941e-08,4.990852175978944e-08
tcdm_slave_northeast_resp_o\[rdata\]\[data\][14],tcdm_slave_northeast_resp_o\[rdata\]\[data\][14],OUTPUT,0,1,391202,105464,391536,105488,4.3930192816787894e-10,-4.7510038569953394e-08,5.0395037476391735e-08,5.020626403506867e-08
tcdm_slave_northeast_resp_o\[rdata\]\[data\][15],tcdm_slave_northeast_resp_o\[rdata\]\[data\][15],OUTPUT,0,1,391262,105492,391536,105524,4.245514773071335e-10,-4.725337632294213e-08,5.013837522938047e-08,4.9892090459024985e-08
tcdm_slave_northeast_resp_o\[rdata\]\[data\][16],tcdm_slave_northeast_resp_o\[rdata\]\[data\][16],OUTPUT,0,1,0,105464,334,105488,1.424079187906102e-10,-4.7387501922457886e-08,5.027250082889623e-08,5.010153714124499e-08
tcdm_slave_northeast_resp_o\[rdata\]\[data\][17],tcdm_slave_northeast_resp_o\[rdata\]\[data\][17],OUTPUT,0,1,0,105492,274,105524,1.4694860606123683e-10,-4.713493595431828e-08,5.001993486075662e-08,4.9894488540758175e-08
tcdm_slave_northeast_resp_o\[rdata\]\[data\][18],tcdm_slave_northeast_resp_o\[rdata\]\[data\][18],OUTPUT,0,1,391262,87188,391536,87220,4.784463936147176e-10,-4.752609683578157e-08,5.0411095742219914e-08,5.022133819920782e-08
tcdm_slave_northeast_resp_o\[rdata\]\[data\][19],tcdm_slave_northeast_resp_o\[rdata\]\[data\][19],OUTPUT,0,1,0,87188,274,87220,1.4278996041117153e-10,-4.712815737661913e-08,5.001315628305747e-08,4.978775791641965e-08
tcdm_slave_northeast_resp_o\[rdata\]\[data\][1],tcdm_slave_northeast_resp_o\[rdata\]\[data\][1],OUTPUT,0,1,105636,390662,105660,390996,4.4890788308826757e-10,-4.7336268238495904e-08,5.015897031057648e-08,5.0221267144934245e-08
tcdm_slave_northeast_resp_o\[rdata\]\[data\][20],tcdm_slave_northeast_resp_o\[rdata\]\[data\][20],OUTPUT,0,1,87204,0,87228,334,9.067832595910374e-11,-4.7099561584218463e-08,4.9984560490656804e-08,4.9761680998017255e-08
tcdm_slave_northeast_resp_o\[rdata\]\[data\][21],tcdm_slave_northeast_resp_o\[rdata\]\[data\][21],OUTPUT,0,1,87204,390662,87228,390996,4.539876252707131e-10,-4.727336389009906e-08,5.0158362796537403e-08,4.9909978372397745e-08
tcdm_slave_northeast_resp_o\[rdata\]\[data\][22],tcdm_slave_northeast_resp_o\[rdata\]\[data\][22],OUTPUT,0,1,391202,87224,391536,87248,3.878268539647678e-10,-4.749806592485584e-08,5.038306483129418e-08,5.019344229140188e-08
tcdm_slave_northeast_resp_o\[rdata\]\[data\][23],tcdm_slave_northeast_resp_o\[rdata\]\[data\][23],OUTPUT,0,1,0,87224,334,87248,1.3377740581965725e-10,-4.721352198089335e-08,5.001341207844234e-08,5.009852088733169e-08
tcdm_slave_northeast_resp_o\[rdata\]\[data\][24],tcdm_slave_northeast_resp_o\[rdata\]\[data\][24],OUTPUT,0,1,391262,105364,391536,105396,4.504334683019806e-10,-4.726289049017396e-08,5.01478893966123e-08,5.0004288709715183e-08
tcdm_slave_northeast_resp_o\[rdata\]\[data\][25],tcdm_slave_northeast_resp_o\[rdata\]\[data\][25],OUTPUT,0,1,0,105364,274,105396,1.6631264421196335e-10,-4.713604084827239e-08,5.002103975471073e-08,4.9793197121061894e-08
tcdm_slave_northeast_resp_o\[rdata\]\[data\][26],tcdm_slave_northeast_resp_o\[rdata\]\[data\][26],OUTPUT,0,1,105428,0,105460,274,1.0472203659794843e-10,-4.7368551747695165e-08,5.0253550654133505e-08,4.987595758620955e-08
tcdm_slave_northeast_resp_o\[rdata\]\[data\][27],tcdm_slave_northeast_resp_o\[rdata\]\[data\][27],OUTPUT,0,1,105444,0,105468,334,1.0023643720602493e-10,-4.7367013422672244e-08,5.0252012329110585e-08,4.987440149761824e-08
tcdm_slave_northeast_resp_o\[rdata\]\[data\][28],tcdm_slave_northeast_resp_o\[rdata\]\[data\][28],OUTPUT,0,1,105428,390722,105460,390996,4.5252290803432516e-10,-4.726978275471083e-08,5.015478166114917e-08,4.990689106421087e-08
tcdm_slave_northeast_resp_o\[rdata\]\[data\][29],tcdm_slave_northeast_resp_o\[rdata\]\[data\][29],OUTPUT,0,1,105444,390662,105468,390996,4.754623916802814e-10,-4.734102176939814e-08,5.016622495190859e-08,5.022602067583648e-08
tcdm_slave_northeast_resp_o\[rdata\]\[data\][2],tcdm_slave_northeast_resp_o\[rdata\]\[data\][2],OUTPUT,0,1,391202,87064,391536,87088,4.5022963135465943e-10,-4.75209134265242e-08,5.0405912332962544e-08,5.000492109275001e-08
tcdm_slave_northeast_resp_o\[rdata\]\[data\][30],tcdm_slave_northeast_resp_o\[rdata\]\[data\][30],OUTPUT,0,1,87252,0,87284,274,9.688067015289903e-11,-4.7109157463864904e-08,4.9994156370303244e-08,4.987255408650526e-08
tcdm_slave_northeast_resp_o\[rdata\]\[data\][31],tcdm_slave_northeast_resp_o\[rdata\]\[data\][31],OUTPUT,0,1,87252,390722,87284,390996,4.626348193426111e-10,-4.728232028128332e-08,5.016731918772166e-08,5.001873049081951e-08
tcdm_slave_northeast_resp_o\[rdata\]\[data\][3],tcdm_slave_northeast_resp_o\[rdata\]\[data\][3],OUTPUT,0,1,391262,87060,391536,87092,4.6449755153332717e-10,-4.7525823276828305e-08,5.0410822183266646e-08,5.0219167491150074e-08
tcdm_slave_northeast_resp_o\[rdata\]\[data\][4],tcdm_slave_northeast_resp_o\[rdata\]\[data\][4],OUTPUT,0,1,0,87064,334,87088,1.3878156956970145e-10,-4.738482317634407e-08,5.026982208278241e-08,4.989068358440818e-08
tcdm_slave_northeast_resp_o\[rdata\]\[data\][5],tcdm_slave_northeast_resp_o\[rdata\]\[data\][5],OUTPUT,0,1,0,87060,274,87092,1.415542127958247e-10,-4.7217142196132045e-08,5.0015682262483097e-08,5.0102141102570386e-08
tcdm_slave_northeast_resp_o\[rdata\]\[data\][6],tcdm_slave_northeast_resp_o\[rdata\]\[data\][6],OUTPUT,0,1,105556,0,105588,274,9.043845533573958e-11,-4.709883683062799e-08,4.998383573706633e-08,4.97607857141702e-08
tcdm_slave_northeast_resp_o\[rdata\]\[data\][7],tcdm_slave_northeast_resp_o\[rdata\]\[data\][7],OUTPUT,0,1,105556,390722,105588,390996,5.113034995396504e-10,-4.7283045034873794e-08,5.0168043941312135e-08,4.991719038116571e-08
tcdm_slave_northeast_resp_o\[rdata\]\[data\][8],tcdm_slave_northeast_resp_o\[rdata\]\[data\][8],OUTPUT,0,1,87124,0,87156,274,9.061408567934137e-11,-4.736000747129765e-08,5.024500637773599e-08,4.986944901474999e-08
tcdm_slave_northeast_resp_o\[rdata\]\[data\][9],tcdm_slave_northeast_resp_o\[rdata\]\[data\][9],OUTPUT,0,1,87108,0,87132,334,9.16569528608413e-11,-4.710664924800767e-08,4.999164815444601e-08,4.987045798543477e-08
tcdm_slave_northeast_resp_o\[rdata\]\[meta_id\][0],tcdm_slave_northeast_resp_o\[rdata\]\[meta_id\][0],OUTPUT,0,1,86996,390722,87028,390996,5.113628409603166e-10,-4.728082814153822e-08,5.0165827047976563e-08,4.991697721834498e-08
tcdm_slave_northeast_resp_o\[rdata\]\[meta_id\][1],tcdm_slave_northeast_resp_o\[rdata\]\[meta_id\][1],OUTPUT,0,1,87012,0,87036,334,9.376670967453649e-11,-4.736202541266721e-08,5.024702431910555e-08,4.9871292873149287e-08
tcdm_slave_northeast_resp_o\[rdata\]\[meta_id\][2],tcdm_slave_northeast_resp_o\[rdata\]\[meta_id\][2],OUTPUT,0,1,87012,390662,87036,390996,4.757900184948483e-10,-4.7346457421326704e-08,5.0170083198963766e-08,5.0231456327765045e-08
tcdm_slave_northeast_resp_ready_i,tcdm_slave_northeast_resp_ready_i,INPUT,1,0,0,105876,274,105908,5.750000128812438e-11,3.616653998506081e-08,1.1500000257624876e-10,1.1500000257624876e-10
tcdm_slave_northeast_resp_valid_o,tcdm_slave_northeast_resp_valid_o,OUTPUT,0,1,105940,0,105972,274,5.656983562141171e-11,-4.697112387930247e-08,4.906098638457479e-08,4.985612278574081e-08
tile_id_i[0],tile_id_i[0],INPUT,1,0,105684,390722,105716,390996,5.750000128812438e-11,1.7246074790477905e-08,1.1500000257624876e-10,1.1500000257624876e-10
tile_id_i[1],tile_id_i[1],INPUT,1,0,86996,0,87028,274,5.750000128812438e-11,1.7153556797211422e-08,1.1500000257624876e-10,1.1500000257624876e-10
wake_up_i[0],wake_up_i[0],INPUT,1,0,391262,105620,391536,105652,5.750000128812438e-11,2.963667178335072e-08,1.1500000257624876e-10,1.1500000257624876e-10
wake_up_i[1],wake_up_i[1],INPUT,1,0,0,105624,334,105648,5.750000128812438e-11,3.039241391888936e-08,1.1500000257624876e-10,1.1500000257624876e-10
wake_up_i[2],wake_up_i[2],INPUT,1,0,0,105620,274,105652,5.750000128812438e-11,3.189201436271105e-08,1.1500000257624876e-10,1.1500000257624876e-10
wake_up_i[3],wake_up_i[3],INPUT,1,0,105684,0,105716,274,5.750000128812438e-11,3.3984335345849104e-08,1.1500000257624876e-10,1.1500000257624876e-10
